{
"type": "FeatureCollection",
"name": "ground_truth_train",
"crs": { "type": "name", "properties": { "name": "urn:ogc:def:crs:EPSG::32645" } },
"features": [
{ "type": "Feature", "properties": { "cell_id": "4_988", "label": 0, "block_id": "58_306" }, "geometry": { "type": "Polygon", "coordinates": [ [ [ 588746.000872823991813, 3063400.504423519130796 ], [ 588746.000872823991813, 3063500.504423519130796 ], [ 588646.000872823991813, 3063500.504423519130796 ], [ 588646.000872823991813, 3063400.504423519130796 ], [ 588746.000872823991813, 3063400.504423519130796 ] ] ] } },
{ "type": "Feature", "properties": { "cell_id": "10_680", "label": 0, "block_id": "58_303" }, "geometry": { "type": "Polygon", "coordinates": [ [ [ 589346.000872823991813, 3032600.504423519130796 ], [ 589346.000872823991813, 3032700.504423519130796 ], [ 589246.000872823991813, 3032700.504423519130796 ], [ 589246.000872823991813, 3032600.504423519130796 ], [ 589346.000872823991813, 3032600.504423519130796 ] ] ] } },
{ "type": "Feature", "properties": { "cell_id": "12_491", "label": 0, "block_id": "58_301" }, "geometry": { "type": "Polygon", "coordinates": [ [ [ 589546.000872823991813, 3013700.504423519130796 ], [ 589546.000872823991813, 3013800.504423519130796 ], [ 589446.000872823991813, 3013800.504423519130796 ], [ 589446.000872823991813, 3013700.504423519130796 ], [ 589546.000872823991813, 3013700.504423519130796 ] ] ] } },
{ "type": "Feature", "properties": { "cell_id": "13_1255", "label": 0, "block_id": "58_309" }, "geometry": { "type": "Polygon", "coordinates": [ [ [ 589646.000872823991813, 3090100.504423519130796 ], [ 589646.000872823991813, 3090200.504423519130796 ], [ 589546.000872823991813, 3090200.504423519130796 ], [ 589546.000872823991813, 3090100.504423519130796 ], [ 589646.000872823991813, 3090100.504423519130796 ] ] ] } },
{ "type": "Feature", "properties": { "cell_id": "15_1456", "label": 0, "block_id": "58_311" }, "geometry": { "type": "Polygon", "coordinates": [ [ [ 589846.000872823991813, 3110200.504423519130796 ], [ 589846.000872823991813, 3110300.504423519130796 ], [ 589746.000872823991813, 3110300.504423519130796 ], [ 589746.000872823991813, 3110200.504423519130796 ], [ 589846.000872823991813, 3110200.504423519130796 ] ] ] } },
{ "type": "Feature", "properties": { "cell_id": "16_317", "label": 0, "block_id": "58_299" }, "geometry": { "type": "Polygon", "coordinates": [ [ [ 589946.000872823991813, 2996300.504423519130796 ], [ 589946.000872823991813, 2996400.504423519130796 ], [ 589846.000872823991813, 2996400.504423519130796 ], [ 589846.000872823991813, 2996300.504423519130796 ], [ 589946.000872823991813, 2996300.504423519130796 ] ] ] } },
{ "type": "Feature", "properties": { "cell_id": "17_355", "label": 0, "block_id": "58_300" }, "geometry": { "type": "Polygon", "coordinates": [ [ [ 590046.000872823991813, 3000100.504423519130796 ], [ 590046.000872823991813, 3000200.504423519130796 ], [ 589946.000872823991813, 3000200.504423519130796 ], [ 589946.000872823991813, 3000100.504423519130796 ], [ 590046.000872823991813, 3000100.504423519130796 ] ] ] } },
{ "type": "Feature", "properties": { "cell_id": "20_1290", "label": 0, "block_id": "59_309" }, "geometry": { "type": "Polygon", "coordinates": [ [ [ 590346.000872823991813, 3093600.504423519130796 ], [ 590346.000872823991813, 3093700.504423519130796 ], [ 590246.000872823991813, 3093700.504423519130796 ], [ 590246.000872823991813, 3093600.504423519130796 ], [ 590346.000872823991813, 3093600.504423519130796 ] ] ] } },
{ "type": "Feature", "properties": { "cell_id": "20_1453", "label": 0, "block_id": "59_310" }, "geometry": { "type": "Polygon", "coordinates": [ [ [ 590346.000872823991813, 3109900.504423519130796 ], [ 590346.000872823991813, 3110000.504423519130796 ], [ 590246.000872823991813, 3110000.504423519130796 ], [ 590246.000872823991813, 3109900.504423519130796 ], [ 590346.000872823991813, 3109900.504423519130796 ] ] ] } },
{ "type": "Feature", "properties": { "cell_id": "23_244", "label": 0, "block_id": "59_298" }, "geometry": { "type": "Polygon", "coordinates": [ [ [ 590646.000872823991813, 2989000.504423519130796 ], [ 590646.000872823991813, 2989100.504423519130796 ], [ 590546.000872823991813, 2989100.504423519130796 ], [ 590546.000872823991813, 2989000.504423519130796 ], [ 590646.000872823991813, 2989000.504423519130796 ] ] ] } },
{ "type": "Feature", "properties": { "cell_id": "27_1200", "label": 0, "block_id": "59_308" }, "geometry": { "type": "Polygon", "coordinates": [ [ [ 591046.000872823991813, 3084600.504423519130796 ], [ 591046.000872823991813, 3084700.504423519130796 ], [ 590946.000872823991813, 3084700.504423519130796 ], [ 590946.000872823991813, 3084600.504423519130796 ], [ 591046.000872823991813, 3084600.504423519130796 ] ] ] } },
{ "type": "Feature", "properties": { "cell_id": "29_729", "label": 0, "block_id": "59_303" }, "geometry": { "type": "Polygon", "coordinates": [ [ [ 591246.000872823991813, 3037500.504423519130796 ], [ 591246.000872823991813, 3037600.504423519130796 ], [ 591146.000872823991813, 3037600.504423519130796 ], [ 591146.000872823991813, 3037500.504423519130796 ], [ 591246.000872823991813, 3037500.504423519130796 ] ] ] } },
{ "type": "Feature", "properties": { "cell_id": "31_874", "label": 0, "block_id": "59_305" }, "geometry": { "type": "Polygon", "coordinates": [ [ [ 591446.000872823991813, 3052000.504423519130796 ], [ 591446.000872823991813, 3052100.504423519130796 ], [ 591346.000872823991813, 3052100.504423519130796 ], [ 591346.000872823991813, 3052000.504423519130796 ], [ 591446.000872823991813, 3052000.504423519130796 ] ] ] } },
{ "type": "Feature", "properties": { "cell_id": "31_1025", "label": 0, "block_id": "59_306" }, "geometry": { "type": "Polygon", "coordinates": [ [ [ 591446.000872823991813, 3067100.504423519130796 ], [ 591446.000872823991813, 3067200.504423519130796 ], [ 591346.000872823991813, 3067200.504423519130796 ], [ 591346.000872823991813, 3067100.504423519130796 ], [ 591446.000872823991813, 3067100.504423519130796 ] ] ] } },
{ "type": "Feature", "properties": { "cell_id": "32_1418", "label": 0, "block_id": "59_310" }, "geometry": { "type": "Polygon", "coordinates": [ [ [ 591546.000872823991813, 3106400.504423519130796 ], [ 591546.000872823991813, 3106500.504423519130796 ], [ 591446.000872823991813, 3106500.504423519130796 ], [ 591446.000872823991813, 3106400.504423519130796 ], [ 591546.000872823991813, 3106400.504423519130796 ] ] ] } },
{ "type": "Feature", "properties": { "cell_id": "33_13", "label": 0, "block_id": "59_296" }, "geometry": { "type": "Polygon", "coordinates": [ [ [ 591646.000872823991813, 2965900.504423519130796 ], [ 591646.000872823991813, 2966000.504423519130796 ], [ 591546.000872823991813, 2966000.504423519130796 ], [ 591546.000872823991813, 2965900.504423519130796 ], [ 591646.000872823991813, 2965900.504423519130796 ] ] ] } },
{ "type": "Feature", "properties": { "cell_id": "33_708", "label": 0, "block_id": "59_303" }, "geometry": { "type": "Polygon", "coordinates": [ [ [ 591646.000872823991813, 3035400.504423519130796 ], [ 591646.000872823991813, 3035500.504423519130796 ], [ 591546.000872823991813, 3035500.504423519130796 ], [ 591546.000872823991813, 3035400.504423519130796 ], [ 591646.000872823991813, 3035400.504423519130796 ] ] ] } },
{ "type": "Feature", "properties": { "cell_id": "39_194", "label": 0, "block_id": "59_298" }, "geometry": { "type": "Polygon", "coordinates": [ [ [ 592246.000872823991813, 2984000.504423519130796 ], [ 592246.000872823991813, 2984100.504423519130796 ], [ 592146.000872823991813, 2984100.504423519130796 ], [ 592146.000872823991813, 2984000.504423519130796 ], [ 592246.000872823991813, 2984000.504423519130796 ] ] ] } },
{ "type": "Feature", "properties": { "cell_id": "40_15", "label": 0, "block_id": "59_296" }, "geometry": { "type": "Polygon", "coordinates": [ [ [ 592346.000872823991813, 2966100.504423519130796 ], [ 592346.000872823991813, 2966200.504423519130796 ], [ 592246.000872823991813, 2966200.504423519130796 ], [ 592246.000872823991813, 2966100.504423519130796 ], [ 592346.000872823991813, 2966100.504423519130796 ] ] ] } },
{ "type": "Feature", "properties": { "cell_id": "41_966", "label": 0, "block_id": "59_306" }, "geometry": { "type": "Polygon", "coordinates": [ [ [ 592446.000872823991813, 3061200.504423519130796 ], [ 592446.000872823991813, 3061300.504423519130796 ], [ 592346.000872823991813, 3061300.504423519130796 ], [ 592346.000872823991813, 3061200.504423519130796 ], [ 592446.000872823991813, 3061200.504423519130796 ] ] ] } },
{ "type": "Feature", "properties": { "cell_id": "44_642", "label": 0, "block_id": "59_302" }, "geometry": { "type": "Polygon", "coordinates": [ [ [ 592746.000872823991813, 3028800.504423519130796 ], [ 592746.000872823991813, 3028900.504423519130796 ], [ 592646.000872823991813, 3028900.504423519130796 ], [ 592646.000872823991813, 3028800.504423519130796 ], [ 592746.000872823991813, 3028800.504423519130796 ] ] ] } },
{ "type": "Feature", "properties": { "cell_id": "44_777", "label": 0, "block_id": "59_304" }, "geometry": { "type": "Polygon", "coordinates": [ [ [ 592746.000872823991813, 3042300.504423519130796 ], [ 592746.000872823991813, 3042400.504423519130796 ], [ 592646.000872823991813, 3042400.504423519130796 ], [ 592646.000872823991813, 3042300.504423519130796 ], [ 592746.000872823991813, 3042300.504423519130796 ] ] ] } },
{ "type": "Feature", "properties": { "cell_id": "44_843", "label": 0, "block_id": "59_304" }, "geometry": { "type": "Polygon", "coordinates": [ [ [ 592746.000872823991813, 3048900.504423519130796 ], [ 592746.000872823991813, 3049000.504423519130796 ], [ 592646.000872823991813, 3049000.504423519130796 ], [ 592646.000872823991813, 3048900.504423519130796 ], [ 592746.000872823991813, 3048900.504423519130796 ] ] ] } },
{ "type": "Feature", "properties": { "cell_id": "44_1523", "label": 0, "block_id": "59_311" }, "geometry": { "type": "Polygon", "coordinates": [ [ [ 592746.000872823991813, 3116900.504423519130796 ], [ 592746.000872823991813, 3117000.504423519130796 ], [ 592646.000872823991813, 3117000.504423519130796 ], [ 592646.000872823991813, 3116900.504423519130796 ], [ 592746.000872823991813, 3116900.504423519130796 ] ] ] } },
{ "type": "Feature", "properties": { "cell_id": "47_1039", "label": 0, "block_id": "59_306" }, "geometry": { "type": "Polygon", "coordinates": [ [ [ 593046.000872823991813, 3068500.504423519130796 ], [ 593046.000872823991813, 3068600.504423519130796 ], [ 592946.000872823991813, 3068600.504423519130796 ], [ 592946.000872823991813, 3068500.504423519130796 ], [ 593046.000872823991813, 3068500.504423519130796 ] ] ] } },
{ "type": "Feature", "properties": { "cell_id": "51_586", "label": 0, "block_id": "59_302" }, "geometry": { "type": "Polygon", "coordinates": [ [ [ 593446.000872823991813, 3023200.504423519130796 ], [ 593446.000872823991813, 3023300.504423519130796 ], [ 593346.000872823991813, 3023300.504423519130796 ], [ 593346.000872823991813, 3023200.504423519130796 ], [ 593446.000872823991813, 3023200.504423519130796 ] ] ] } },
{ "type": "Feature", "properties": { "cell_id": "51_1520", "label": 0, "block_id": "59_311" }, "geometry": { "type": "Polygon", "coordinates": [ [ [ 593446.000872823991813, 3116600.504423519130796 ], [ 593446.000872823991813, 3116700.504423519130796 ], [ 593346.000872823991813, 3116700.504423519130796 ], [ 593346.000872823991813, 3116600.504423519130796 ], [ 593446.000872823991813, 3116600.504423519130796 ] ] ] } },
{ "type": "Feature", "properties": { "cell_id": "52_235", "label": 0, "block_id": "59_298" }, "geometry": { "type": "Polygon", "coordinates": [ [ [ 593546.000872823991813, 2988100.504423519130796 ], [ 593546.000872823991813, 2988200.504423519130796 ], [ 593446.000872823991813, 2988200.504423519130796 ], [ 593446.000872823991813, 2988100.504423519130796 ], [ 593546.000872823991813, 2988100.504423519130796 ] ] ] } },
{ "type": "Feature", "properties": { "cell_id": "53_566", "label": 0, "block_id": "59_302" }, "geometry": { "type": "Polygon", "coordinates": [ [ [ 593646.000872823991813, 3021200.504423519130796 ], [ 593646.000872823991813, 3021300.504423519130796 ], [ 593546.000872823991813, 3021300.504423519130796 ], [ 593546.000872823991813, 3021200.504423519130796 ], [ 593646.000872823991813, 3021200.504423519130796 ] ] ] } },
{ "type": "Feature", "properties": { "cell_id": "53_801", "label": 0, "block_id": "59_304" }, "geometry": { "type": "Polygon", "coordinates": [ [ [ 593646.000872823991813, 3044700.504423519130796 ], [ 593646.000872823991813, 3044800.504423519130796 ], [ 593546.000872823991813, 3044800.504423519130796 ], [ 593546.000872823991813, 3044700.504423519130796 ], [ 593646.000872823991813, 3044700.504423519130796 ] ] ] } },
{ "type": "Feature", "properties": { "cell_id": "59_1544", "label": 0, "block_id": "59_311" }, "geometry": { "type": "Polygon", "coordinates": [ [ [ 594246.000872823991813, 3119000.504423519130796 ], [ 594246.000872823991813, 3119100.504423519130796 ], [ 594146.000872823991813, 3119100.504423519130796 ], [ 594146.000872823991813, 3119000.504423519130796 ], [ 594246.000872823991813, 3119000.504423519130796 ] ] ] } },
{ "type": "Feature", "properties": { "cell_id": "61_1203", "label": 0, "block_id": "59_308" }, "geometry": { "type": "Polygon", "coordinates": [ [ [ 594446.000872823991813, 3084900.504423519130796 ], [ 594446.000872823991813, 3085000.504423519130796 ], [ 594346.000872823991813, 3085000.504423519130796 ], [ 594346.000872823991813, 3084900.504423519130796 ], [ 594446.000872823991813, 3084900.504423519130796 ] ] ] } },
{ "type": "Feature", "properties": { "cell_id": "62_218", "label": 0, "block_id": "59_298" }, "geometry": { "type": "Polygon", "coordinates": [ [ [ 594546.000872823991813, 2986400.504423519130796 ], [ 594546.000872823991813, 2986500.504423519130796 ], [ 594446.000872823991813, 2986500.504423519130796 ], [ 594446.000872823991813, 2986400.504423519130796 ], [ 594546.000872823991813, 2986400.504423519130796 ] ] ] } },
{ "type": "Feature", "properties": { "cell_id": "62_993", "label": 0, "block_id": "59_306" }, "geometry": { "type": "Polygon", "coordinates": [ [ [ 594546.000872823991813, 3063900.504423519130796 ], [ 594546.000872823991813, 3064000.504423519130796 ], [ 594446.000872823991813, 3064000.504423519130796 ], [ 594446.000872823991813, 3063900.504423519130796 ], [ 594546.000872823991813, 3063900.504423519130796 ] ] ] } },
{ "type": "Feature", "properties": { "cell_id": "62_1076", "label": 0, "block_id": "59_307" }, "geometry": { "type": "Polygon", "coordinates": [ [ [ 594546.000872823991813, 3072200.504423519130796 ], [ 594546.000872823991813, 3072300.504423519130796 ], [ 594446.000872823991813, 3072300.504423519130796 ], [ 594446.000872823991813, 3072200.504423519130796 ], [ 594546.000872823991813, 3072200.504423519130796 ] ] ] } },
{ "type": "Feature", "properties": { "cell_id": "67_1132", "label": 0, "block_id": "59_307" }, "geometry": { "type": "Polygon", "coordinates": [ [ [ 595046.000872823991813, 3077800.504423519130796 ], [ 595046.000872823991813, 3077900.504423519130796 ], [ 594946.000872823991813, 3077900.504423519130796 ], [ 594946.000872823991813, 3077800.504423519130796 ], [ 595046.000872823991813, 3077800.504423519130796 ] ] ] } },
{ "type": "Feature", "properties": { "cell_id": "69_27", "label": 0, "block_id": "59_296" }, "geometry": { "type": "Polygon", "coordinates": [ [ [ 595246.000872823991813, 2967300.504423519130796 ], [ 595246.000872823991813, 2967400.504423519130796 ], [ 595146.000872823991813, 2967400.504423519130796 ], [ 595146.000872823991813, 2967300.504423519130796 ], [ 595246.000872823991813, 2967300.504423519130796 ] ] ] } },
{ "type": "Feature", "properties": { "cell_id": "70_593", "label": 0, "block_id": "59_302" }, "geometry": { "type": "Polygon", "coordinates": [ [ [ 595346.000872823991813, 3023900.504423519130796 ], [ 595346.000872823991813, 3024000.504423519130796 ], [ 595246.000872823991813, 3024000.504423519130796 ], [ 595246.000872823991813, 3023900.504423519130796 ], [ 595346.000872823991813, 3023900.504423519130796 ] ] ] } },
{ "type": "Feature", "properties": { "cell_id": "80_1256", "label": 0, "block_id": "59_309" }, "geometry": { "type": "Polygon", "coordinates": [ [ [ 596346.000872823991813, 3090200.504423519130796 ], [ 596346.000872823991813, 3090300.504423519130796 ], [ 596246.000872823991813, 3090300.504423519130796 ], [ 596246.000872823991813, 3090200.504423519130796 ], [ 596346.000872823991813, 3090200.504423519130796 ] ] ] } },
{ "type": "Feature", "properties": { "cell_id": "84_1435", "label": 0, "block_id": "59_310" }, "geometry": { "type": "Polygon", "coordinates": [ [ [ 596746.000872823991813, 3108100.504423519130796 ], [ 596746.000872823991813, 3108200.504423519130796 ], [ 596646.000872823991813, 3108200.504423519130796 ], [ 596646.000872823991813, 3108100.504423519130796 ], [ 596746.000872823991813, 3108100.504423519130796 ] ] ] } },
{ "type": "Feature", "properties": { "cell_id": "85_1002", "label": 0, "block_id": "59_306" }, "geometry": { "type": "Polygon", "coordinates": [ [ [ 596846.000872823991813, 3064800.504423519130796 ], [ 596846.000872823991813, 3064900.504423519130796 ], [ 596746.000872823991813, 3064900.504423519130796 ], [ 596746.000872823991813, 3064800.504423519130796 ], [ 596846.000872823991813, 3064800.504423519130796 ] ] ] } },
{ "type": "Feature", "properties": { "cell_id": "87_1024", "label": 0, "block_id": "59_306" }, "geometry": { "type": "Polygon", "coordinates": [ [ [ 597046.000872823991813, 3067000.504423519130796 ], [ 597046.000872823991813, 3067100.504423519130796 ], [ 596946.000872823991813, 3067100.504423519130796 ], [ 596946.000872823991813, 3067000.504423519130796 ], [ 597046.000872823991813, 3067000.504423519130796 ] ] ] } },
{ "type": "Feature", "properties": { "cell_id": "92_891", "label": 0, "block_id": "59_305" }, "geometry": { "type": "Polygon", "coordinates": [ [ [ 597546.000872823991813, 3053700.504423519130796 ], [ 597546.000872823991813, 3053800.504423519130796 ], [ 597446.000872823991813, 3053800.504423519130796 ], [ 597446.000872823991813, 3053700.504423519130796 ], [ 597546.000872823991813, 3053700.504423519130796 ] ] ] } },
{ "type": "Feature", "properties": { "cell_id": "93_93", "label": 0, "block_id": "59_297" }, "geometry": { "type": "Polygon", "coordinates": [ [ [ 597646.000872823991813, 2973900.504423519130796 ], [ 597646.000872823991813, 2974000.504423519130796 ], [ 597546.000872823991813, 2974000.504423519130796 ], [ 597546.000872823991813, 2973900.504423519130796 ], [ 597646.000872823991813, 2973900.504423519130796 ] ] ] } },
{ "type": "Feature", "properties": { "cell_id": "93_428", "label": 0, "block_id": "59_300" }, "geometry": { "type": "Polygon", "coordinates": [ [ [ 597646.000872823991813, 3007400.504423519130796 ], [ 597646.000872823991813, 3007500.504423519130796 ], [ 597546.000872823991813, 3007500.504423519130796 ], [ 597546.000872823991813, 3007400.504423519130796 ], [ 597646.000872823991813, 3007400.504423519130796 ] ] ] } },
{ "type": "Feature", "properties": { "cell_id": "94_580", "label": 0, "block_id": "59_302" }, "geometry": { "type": "Polygon", "coordinates": [ [ [ 597746.000872823991813, 3022600.504423519130796 ], [ 597746.000872823991813, 3022700.504423519130796 ], [ 597646.000872823991813, 3022700.504423519130796 ], [ 597646.000872823991813, 3022600.504423519130796 ], [ 597746.000872823991813, 3022600.504423519130796 ] ] ] } },
{ "type": "Feature", "properties": { "cell_id": "96_631", "label": 0, "block_id": "59_302" }, "geometry": { "type": "Polygon", "coordinates": [ [ [ 597946.000872823991813, 3027700.504423519130796 ], [ 597946.000872823991813, 3027800.504423519130796 ], [ 597846.000872823991813, 3027800.504423519130796 ], [ 597846.000872823991813, 3027700.504423519130796 ], [ 597946.000872823991813, 3027700.504423519130796 ] ] ] } },
{ "type": "Feature", "properties": { "cell_id": "97_1012", "label": 0, "block_id": "59_306" }, "geometry": { "type": "Polygon", "coordinates": [ [ [ 598046.000872823991813, 3065800.504423519130796 ], [ 598046.000872823991813, 3065900.504423519130796 ], [ 597946.000872823991813, 3065900.504423519130796 ], [ 597946.000872823991813, 3065800.504423519130796 ], [ 598046.000872823991813, 3065800.504423519130796 ] ] ] } },
{ "type": "Feature", "properties": { "cell_id": "101_401", "label": 0, "block_id": "59_300" }, "geometry": { "type": "Polygon", "coordinates": [ [ [ 598446.000872823991813, 3004700.504423519130796 ], [ 598446.000872823991813, 3004800.504423519130796 ], [ 598346.000872823991813, 3004800.504423519130796 ], [ 598346.000872823991813, 3004700.504423519130796 ], [ 598446.000872823991813, 3004700.504423519130796 ] ] ] } },
{ "type": "Feature", "properties": { "cell_id": "102_554", "label": 0, "block_id": "59_302" }, "geometry": { "type": "Polygon", "coordinates": [ [ [ 598546.000872823991813, 3020000.504423519130796 ], [ 598546.000872823991813, 3020100.504423519130796 ], [ 598446.000872823991813, 3020100.504423519130796 ], [ 598446.000872823991813, 3020000.504423519130796 ], [ 598546.000872823991813, 3020000.504423519130796 ] ] ] } },
{ "type": "Feature", "properties": { "cell_id": "102_1442", "label": 0, "block_id": "59_310" }, "geometry": { "type": "Polygon", "coordinates": [ [ [ 598546.000872823991813, 3108800.504423519130796 ], [ 598546.000872823991813, 3108900.504423519130796 ], [ 598446.000872823991813, 3108900.504423519130796 ], [ 598446.000872823991813, 3108800.504423519130796 ], [ 598546.000872823991813, 3108800.504423519130796 ] ] ] } },
{ "type": "Feature", "properties": { "cell_id": "104_1297", "label": 0, "block_id": "59_309" }, "geometry": { "type": "Polygon", "coordinates": [ [ [ 598746.000872823991813, 3094300.504423519130796 ], [ 598746.000872823991813, 3094400.504423519130796 ], [ 598646.000872823991813, 3094400.504423519130796 ], [ 598646.000872823991813, 3094300.504423519130796 ], [ 598746.000872823991813, 3094300.504423519130796 ] ] ] } },
{ "type": "Feature", "properties": { "cell_id": "105_74", "label": 0, "block_id": "59_297" }, "geometry": { "type": "Polygon", "coordinates": [ [ [ 598846.000872823991813, 2972000.504423519130796 ], [ 598846.000872823991813, 2972100.504423519130796 ], [ 598746.000872823991813, 2972100.504423519130796 ], [ 598746.000872823991813, 2972000.504423519130796 ], [ 598846.000872823991813, 2972000.504423519130796 ] ] ] } },
{ "type": "Feature", "properties": { "cell_id": "107_1391", "label": 0, "block_id": "59_310" }, "geometry": { "type": "Polygon", "coordinates": [ [ [ 599046.000872823991813, 3103700.504423519130796 ], [ 599046.000872823991813, 3103800.504423519130796 ], [ 598946.000872823991813, 3103800.504423519130796 ], [ 598946.000872823991813, 3103700.504423519130796 ], [ 599046.000872823991813, 3103700.504423519130796 ] ] ] } },
{ "type": "Feature", "properties": { "cell_id": "110_97", "label": 0, "block_id": "59_297" }, "geometry": { "type": "Polygon", "coordinates": [ [ [ 599346.000872823991813, 2974300.504423519130796 ], [ 599346.000872823991813, 2974400.504423519130796 ], [ 599246.000872823991813, 2974400.504423519130796 ], [ 599246.000872823991813, 2974300.504423519130796 ], [ 599346.000872823991813, 2974300.504423519130796 ] ] ] } },
{ "type": "Feature", "properties": { "cell_id": "110_951", "label": 0, "block_id": "59_305" }, "geometry": { "type": "Polygon", "coordinates": [ [ [ 599346.000872823991813, 3059700.504423519130796 ], [ 599346.000872823991813, 3059800.504423519130796 ], [ 599246.000872823991813, 3059800.504423519130796 ], [ 599246.000872823991813, 3059700.504423519130796 ], [ 599346.000872823991813, 3059700.504423519130796 ] ] ] } },
{ "type": "Feature", "properties": { "cell_id": "111_1425", "label": 0, "block_id": "59_310" }, "geometry": { "type": "Polygon", "coordinates": [ [ [ 599446.000872823991813, 3107100.504423519130796 ], [ 599446.000872823991813, 3107200.504423519130796 ], [ 599346.000872823991813, 3107200.504423519130796 ], [ 599346.000872823991813, 3107100.504423519130796 ], [ 599446.000872823991813, 3107100.504423519130796 ] ] ] } },
{ "type": "Feature", "properties": { "cell_id": "112_1345", "label": 0, "block_id": "59_309" }, "geometry": { "type": "Polygon", "coordinates": [ [ [ 599546.000872823991813, 3099100.504423519130796 ], [ 599546.000872823991813, 3099200.504423519130796 ], [ 599446.000872823991813, 3099200.504423519130796 ], [ 599446.000872823991813, 3099100.504423519130796 ], [ 599546.000872823991813, 3099100.504423519130796 ] ] ] } },
{ "type": "Feature", "properties": { "cell_id": "114_1106", "label": 0, "block_id": "59_307" }, "geometry": { "type": "Polygon", "coordinates": [ [ [ 599746.000872823991813, 3075200.504423519130796 ], [ 599746.000872823991813, 3075300.504423519130796 ], [ 599646.000872823991813, 3075300.504423519130796 ], [ 599646.000872823991813, 3075200.504423519130796 ], [ 599746.000872823991813, 3075200.504423519130796 ] ] ] } },
{ "type": "Feature", "properties": { "cell_id": "118_1383", "label": 0, "block_id": "60_310" }, "geometry": { "type": "Polygon", "coordinates": [ [ [ 600146.000872823991813, 3102900.504423519130796 ], [ 600146.000872823991813, 3103000.504423519130796 ], [ 600046.000872823991813, 3103000.504423519130796 ], [ 600046.000872823991813, 3102900.504423519130796 ], [ 600146.000872823991813, 3102900.504423519130796 ] ] ] } },
{ "type": "Feature", "properties": { "cell_id": "122_433", "label": 0, "block_id": "60_300" }, "geometry": { "type": "Polygon", "coordinates": [ [ [ 600546.000872823991813, 3007900.504423519130796 ], [ 600546.000872823991813, 3008000.504423519130796 ], [ 600446.000872823991813, 3008000.504423519130796 ], [ 600446.000872823991813, 3007900.504423519130796 ], [ 600546.000872823991813, 3007900.504423519130796 ] ] ] } },
{ "type": "Feature", "properties": { "cell_id": "125_958", "label": 0, "block_id": "60_306" }, "geometry": { "type": "Polygon", "coordinates": [ [ [ 600846.000872823991813, 3060400.504423519130796 ], [ 600846.000872823991813, 3060500.504423519130796 ], [ 600746.000872823991813, 3060500.504423519130796 ], [ 600746.000872823991813, 3060400.504423519130796 ], [ 600846.000872823991813, 3060400.504423519130796 ] ] ] } },
{ "type": "Feature", "properties": { "cell_id": "130_1126", "label": 0, "block_id": "60_307" }, "geometry": { "type": "Polygon", "coordinates": [ [ [ 601346.000872823991813, 3077200.504423519130796 ], [ 601346.000872823991813, 3077300.504423519130796 ], [ 601246.000872823991813, 3077300.504423519130796 ], [ 601246.000872823991813, 3077200.504423519130796 ], [ 601346.000872823991813, 3077200.504423519130796 ] ] ] } },
{ "type": "Feature", "properties": { "cell_id": "132_516", "label": 0, "block_id": "60_301" }, "geometry": { "type": "Polygon", "coordinates": [ [ [ 601546.000872823991813, 3016200.504423519130796 ], [ 601546.000872823991813, 3016300.504423519130796 ], [ 601446.000872823991813, 3016300.504423519130796 ], [ 601446.000872823991813, 3016200.504423519130796 ], [ 601546.000872823991813, 3016200.504423519130796 ] ] ] } },
{ "type": "Feature", "properties": { "cell_id": "134_1295", "label": 0, "block_id": "60_309" }, "geometry": { "type": "Polygon", "coordinates": [ [ [ 601746.000872823991813, 3094100.504423519130796 ], [ 601746.000872823991813, 3094200.504423519130796 ], [ 601646.000872823991813, 3094200.504423519130796 ], [ 601646.000872823991813, 3094100.504423519130796 ], [ 601746.000872823991813, 3094100.504423519130796 ] ] ] } },
{ "type": "Feature", "properties": { "cell_id": "141_1564", "label": 0, "block_id": "60_312" }, "geometry": { "type": "Polygon", "coordinates": [ [ [ 602446.000872823991813, 3121000.504423519130796 ], [ 602446.000872823991813, 3121100.504423519130796 ], [ 602346.000872823991813, 3121100.504423519130796 ], [ 602346.000872823991813, 3121000.504423519130796 ], [ 602446.000872823991813, 3121000.504423519130796 ] ] ] } },
{ "type": "Feature", "properties": { "cell_id": "150_1110", "label": 0, "block_id": "60_307" }, "geometry": { "type": "Polygon", "coordinates": [ [ [ 603346.000872823991813, 3075600.504423519130796 ], [ 603346.000872823991813, 3075700.504423519130796 ], [ 603246.000872823991813, 3075700.504423519130796 ], [ 603246.000872823991813, 3075600.504423519130796 ], [ 603346.000872823991813, 3075600.504423519130796 ] ] ] } },
{ "type": "Feature", "properties": { "cell_id": "154_105", "label": 0, "block_id": "60_297" }, "geometry": { "type": "Polygon", "coordinates": [ [ [ 603746.000872823991813, 2975100.504423519130796 ], [ 603746.000872823991813, 2975200.504423519130796 ], [ 603646.000872823991813, 2975200.504423519130796 ], [ 603646.000872823991813, 2975100.504423519130796 ], [ 603746.000872823991813, 2975100.504423519130796 ] ] ] } },
{ "type": "Feature", "properties": { "cell_id": "156_103", "label": 0, "block_id": "60_297" }, "geometry": { "type": "Polygon", "coordinates": [ [ [ 603946.000872823991813, 2974900.504423519130796 ], [ 603946.000872823991813, 2975000.504423519130796 ], [ 603846.000872823991813, 2975000.504423519130796 ], [ 603846.000872823991813, 2974900.504423519130796 ], [ 603946.000872823991813, 2974900.504423519130796 ] ] ] } },
{ "type": "Feature", "properties": { "cell_id": "159_757", "label": 0, "block_id": "60_304" }, "geometry": { "type": "Polygon", "coordinates": [ [ [ 604246.000872823991813, 3040300.504423519130796 ], [ 604246.000872823991813, 3040400.504423519130796 ], [ 604146.000872823991813, 3040400.504423519130796 ], [ 604146.000872823991813, 3040300.504423519130796 ], [ 604246.000872823991813, 3040300.504423519130796 ] ] ] } },
{ "type": "Feature", "properties": { "cell_id": "162_836", "label": 0, "block_id": "60_304" }, "geometry": { "type": "Polygon", "coordinates": [ [ [ 604546.000872823991813, 3048200.504423519130796 ], [ 604546.000872823991813, 3048300.504423519130796 ], [ 604446.000872823991813, 3048300.504423519130796 ], [ 604446.000872823991813, 3048200.504423519130796 ], [ 604546.000872823991813, 3048200.504423519130796 ] ] ] } },
{ "type": "Feature", "properties": { "cell_id": "163_823", "label": 0, "block_id": "60_304" }, "geometry": { "type": "Polygon", "coordinates": [ [ [ 604646.000872823991813, 3046900.504423519130796 ], [ 604646.000872823991813, 3047000.504423519130796 ], [ 604546.000872823991813, 3047000.504423519130796 ], [ 604546.000872823991813, 3046900.504423519130796 ], [ 604646.000872823991813, 3046900.504423519130796 ] ] ] } },
{ "type": "Feature", "properties": { "cell_id": "165_1205", "label": 0, "block_id": "60_308" }, "geometry": { "type": "Polygon", "coordinates": [ [ [ 604846.000872823991813, 3085100.504423519130796 ], [ 604846.000872823991813, 3085200.504423519130796 ], [ 604746.000872823991813, 3085200.504423519130796 ], [ 604746.000872823991813, 3085100.504423519130796 ], [ 604846.000872823991813, 3085100.504423519130796 ] ] ] } },
{ "type": "Feature", "properties": { "cell_id": "167_997", "label": 0, "block_id": "60_306" }, "geometry": { "type": "Polygon", "coordinates": [ [ [ 605046.000872823991813, 3064300.504423519130796 ], [ 605046.000872823991813, 3064400.504423519130796 ], [ 604946.000872823991813, 3064400.504423519130796 ], [ 604946.000872823991813, 3064300.504423519130796 ], [ 605046.000872823991813, 3064300.504423519130796 ] ] ] } },
{ "type": "Feature", "properties": { "cell_id": "169_250", "label": 0, "block_id": "60_298" }, "geometry": { "type": "Polygon", "coordinates": [ [ [ 605246.000872823991813, 2989600.504423519130796 ], [ 605246.000872823991813, 2989700.504423519130796 ], [ 605146.000872823991813, 2989700.504423519130796 ], [ 605146.000872823991813, 2989600.504423519130796 ], [ 605246.000872823991813, 2989600.504423519130796 ] ] ] } },
{ "type": "Feature", "properties": { "cell_id": "173_1302", "label": 0, "block_id": "60_309" }, "geometry": { "type": "Polygon", "coordinates": [ [ [ 605646.000872823991813, 3094800.504423519130796 ], [ 605646.000872823991813, 3094900.504423519130796 ], [ 605546.000872823991813, 3094900.504423519130796 ], [ 605546.000872823991813, 3094800.504423519130796 ], [ 605646.000872823991813, 3094800.504423519130796 ] ] ] } },
{ "type": "Feature", "properties": { "cell_id": "175_1422", "label": 0, "block_id": "60_310" }, "geometry": { "type": "Polygon", "coordinates": [ [ [ 605846.000872823991813, 3106800.504423519130796 ], [ 605846.000872823991813, 3106900.504423519130796 ], [ 605746.000872823991813, 3106900.504423519130796 ], [ 605746.000872823991813, 3106800.504423519130796 ], [ 605846.000872823991813, 3106800.504423519130796 ] ] ] } },
{ "type": "Feature", "properties": { "cell_id": "176_65", "label": 0, "block_id": "60_297" }, "geometry": { "type": "Polygon", "coordinates": [ [ [ 605946.000872823991813, 2971100.504423519130796 ], [ 605946.000872823991813, 2971200.504423519130796 ], [ 605846.000872823991813, 2971200.504423519130796 ], [ 605846.000872823991813, 2971100.504423519130796 ], [ 605946.000872823991813, 2971100.504423519130796 ] ] ] } },
{ "type": "Feature", "properties": { "cell_id": "177_441", "label": 0, "block_id": "60_300" }, "geometry": { "type": "Polygon", "coordinates": [ [ [ 606046.000872823991813, 3008700.504423519130796 ], [ 606046.000872823991813, 3008800.504423519130796 ], [ 605946.000872823991813, 3008800.504423519130796 ], [ 605946.000872823991813, 3008700.504423519130796 ], [ 606046.000872823991813, 3008700.504423519130796 ] ] ] } },
{ "type": "Feature", "properties": { "cell_id": "179_140", "label": 0, "block_id": "60_297" }, "geometry": { "type": "Polygon", "coordinates": [ [ [ 606246.000872823991813, 2978600.504423519130796 ], [ 606246.000872823991813, 2978700.504423519130796 ], [ 606146.000872823991813, 2978700.504423519130796 ], [ 606146.000872823991813, 2978600.504423519130796 ], [ 606246.000872823991813, 2978600.504423519130796 ] ] ] } },
{ "type": "Feature", "properties": { "cell_id": "179_393", "label": 0, "block_id": "60_300" }, "geometry": { "type": "Polygon", "coordinates": [ [ [ 606246.000872823991813, 3003900.504423519130796 ], [ 606246.000872823991813, 3004000.504423519130796 ], [ 606146.000872823991813, 3004000.504423519130796 ], [ 606146.000872823991813, 3003900.504423519130796 ], [ 606246.000872823991813, 3003900.504423519130796 ] ] ] } },
{ "type": "Feature", "properties": { "cell_id": "181_409", "label": 0, "block_id": "60_300" }, "geometry": { "type": "Polygon", "coordinates": [ [ [ 606446.000872823991813, 3005500.504423519130796 ], [ 606446.000872823991813, 3005600.504423519130796 ], [ 606346.000872823991813, 3005600.504423519130796 ], [ 606346.000872823991813, 3005500.504423519130796 ], [ 606446.000872823991813, 3005500.504423519130796 ] ] ] } },
{ "type": "Feature", "properties": { "cell_id": "182_1213", "label": 0, "block_id": "60_308" }, "geometry": { "type": "Polygon", "coordinates": [ [ [ 606546.000872823991813, 3085900.504423519130796 ], [ 606546.000872823991813, 3086000.504423519130796 ], [ 606446.000872823991813, 3086000.504423519130796 ], [ 606446.000872823991813, 3085900.504423519130796 ], [ 606546.000872823991813, 3085900.504423519130796 ] ] ] } },
{ "type": "Feature", "properties": { "cell_id": "183_57", "label": 0, "block_id": "60_297" }, "geometry": { "type": "Polygon", "coordinates": [ [ [ 606646.000872823991813, 2970300.504423519130796 ], [ 606646.000872823991813, 2970400.504423519130796 ], [ 606546.000872823991813, 2970400.504423519130796 ], [ 606546.000872823991813, 2970300.504423519130796 ], [ 606646.000872823991813, 2970300.504423519130796 ] ] ] } },
{ "type": "Feature", "properties": { "cell_id": "183_521", "label": 1, "block_id": "60_301" }, "geometry": { "type": "Polygon", "coordinates": [ [ [ 606646.000872823991813, 3016700.504423519130796 ], [ 606646.000872823991813, 3016800.504423519130796 ], [ 606546.000872823991813, 3016800.504423519130796 ], [ 606546.000872823991813, 3016700.504423519130796 ], [ 606646.000872823991813, 3016700.504423519130796 ] ] ] } },
{ "type": "Feature", "properties": { "cell_id": "186_549", "label": 1, "block_id": "60_301" }, "geometry": { "type": "Polygon", "coordinates": [ [ [ 606946.000872823991813, 3019500.504423519130796 ], [ 606946.000872823991813, 3019600.504423519130796 ], [ 606846.000872823991813, 3019600.504423519130796 ], [ 606846.000872823991813, 3019500.504423519130796 ], [ 606946.000872823991813, 3019500.504423519130796 ] ] ] } },
{ "type": "Feature", "properties": { "cell_id": "186_772", "label": 0, "block_id": "60_304" }, "geometry": { "type": "Polygon", "coordinates": [ [ [ 606946.000872823991813, 3041800.504423519130796 ], [ 606946.000872823991813, 3041900.504423519130796 ], [ 606846.000872823991813, 3041900.504423519130796 ], [ 606846.000872823991813, 3041800.504423519130796 ], [ 606946.000872823991813, 3041800.504423519130796 ] ] ] } },
{ "type": "Feature", "properties": { "cell_id": "188_63", "label": 0, "block_id": "60_297" }, "geometry": { "type": "Polygon", "coordinates": [ [ [ 607146.000872823991813, 2970900.504423519130796 ], [ 607146.000872823991813, 2971000.504423519130796 ], [ 607046.000872823991813, 2971000.504423519130796 ], [ 607046.000872823991813, 2970900.504423519130796 ], [ 607146.000872823991813, 2970900.504423519130796 ] ] ] } },
{ "type": "Feature", "properties": { "cell_id": "189_1397", "label": 0, "block_id": "60_310" }, "geometry": { "type": "Polygon", "coordinates": [ [ [ 607246.000872823991813, 3104300.504423519130796 ], [ 607246.000872823991813, 3104400.504423519130796 ], [ 607146.000872823991813, 3104400.504423519130796 ], [ 607146.000872823991813, 3104300.504423519130796 ], [ 607246.000872823991813, 3104300.504423519130796 ] ] ] } },
{ "type": "Feature", "properties": { "cell_id": "190_534", "label": 1, "block_id": "60_301" }, "geometry": { "type": "Polygon", "coordinates": [ [ [ 607346.000872823991813, 3018000.504423519130796 ], [ 607346.000872823991813, 3018100.504423519130796 ], [ 607246.000872823991813, 3018100.504423519130796 ], [ 607246.000872823991813, 3018000.504423519130796 ], [ 607346.000872823991813, 3018000.504423519130796 ] ] ] } },
{ "type": "Feature", "properties": { "cell_id": "190_544", "label": 1, "block_id": "60_301" }, "geometry": { "type": "Polygon", "coordinates": [ [ [ 607346.000872823991813, 3019000.504423519130796 ], [ 607346.000872823991813, 3019100.504423519130796 ], [ 607246.000872823991813, 3019100.504423519130796 ], [ 607246.000872823991813, 3019000.504423519130796 ], [ 607346.000872823991813, 3019000.504423519130796 ] ] ] } },
{ "type": "Feature", "properties": { "cell_id": "191_528", "label": 1, "block_id": "60_301" }, "geometry": { "type": "Polygon", "coordinates": [ [ [ 607446.000872823991813, 3017400.504423519130796 ], [ 607446.000872823991813, 3017500.504423519130796 ], [ 607346.000872823991813, 3017500.504423519130796 ], [ 607346.000872823991813, 3017400.504423519130796 ], [ 607446.000872823991813, 3017400.504423519130796 ] ] ] } },
{ "type": "Feature", "properties": { "cell_id": "191_1609", "label": 0, "block_id": "60_312" }, "geometry": { "type": "Polygon", "coordinates": [ [ [ 607446.000872823991813, 3125500.504423519130796 ], [ 607446.000872823991813, 3125600.504423519130796 ], [ 607346.000872823991813, 3125600.504423519130796 ], [ 607346.000872823991813, 3125500.504423519130796 ], [ 607446.000872823991813, 3125500.504423519130796 ] ] ] } },
{ "type": "Feature", "properties": { "cell_id": "193_412", "label": 1, "block_id": "60_300" }, "geometry": { "type": "Polygon", "coordinates": [ [ [ 607646.000872823991813, 3005800.504423519130796 ], [ 607646.000872823991813, 3005900.504423519130796 ], [ 607546.000872823991813, 3005900.504423519130796 ], [ 607546.000872823991813, 3005800.504423519130796 ], [ 607646.000872823991813, 3005800.504423519130796 ] ] ] } },
{ "type": "Feature", "properties": { "cell_id": "194_1163", "label": 0, "block_id": "60_308" }, "geometry": { "type": "Polygon", "coordinates": [ [ [ 607746.000872823991813, 3080900.504423519130796 ], [ 607746.000872823991813, 3081000.504423519130796 ], [ 607646.000872823991813, 3081000.504423519130796 ], [ 607646.000872823991813, 3080900.504423519130796 ], [ 607746.000872823991813, 3080900.504423519130796 ] ] ] } },
{ "type": "Feature", "properties": { "cell_id": "196_414", "label": 1, "block_id": "60_300" }, "geometry": { "type": "Polygon", "coordinates": [ [ [ 607946.000872823991813, 3006000.504423519130796 ], [ 607946.000872823991813, 3006100.504423519130796 ], [ 607846.000872823991813, 3006100.504423519130796 ], [ 607846.000872823991813, 3006000.504423519130796 ], [ 607946.000872823991813, 3006000.504423519130796 ] ] ] } },
{ "type": "Feature", "properties": { "cell_id": "197_397", "label": 1, "block_id": "60_300" }, "geometry": { "type": "Polygon", "coordinates": [ [ [ 608046.000872823991813, 3004300.504423519130796 ], [ 608046.000872823991813, 3004400.504423519130796 ], [ 607946.000872823991813, 3004400.504423519130796 ], [ 607946.000872823991813, 3004300.504423519130796 ], [ 608046.000872823991813, 3004300.504423519130796 ] ] ] } },
{ "type": "Feature", "properties": { "cell_id": "197_413", "label": 1, "block_id": "60_300" }, "geometry": { "type": "Polygon", "coordinates": [ [ [ 608046.000872823991813, 3005900.504423519130796 ], [ 608046.000872823991813, 3006000.504423519130796 ], [ 607946.000872823991813, 3006000.504423519130796 ], [ 607946.000872823991813, 3005900.504423519130796 ], [ 608046.000872823991813, 3005900.504423519130796 ] ] ] } },
{ "type": "Feature", "properties": { "cell_id": "198_373", "label": 0, "block_id": "60_300" }, "geometry": { "type": "Polygon", "coordinates": [ [ [ 608146.000872823991813, 3001900.504423519130796 ], [ 608146.000872823991813, 3002000.504423519130796 ], [ 608046.000872823991813, 3002000.504423519130796 ], [ 608046.000872823991813, 3001900.504423519130796 ], [ 608146.000872823991813, 3001900.504423519130796 ] ] ] } },
{ "type": "Feature", "properties": { "cell_id": "198_399", "label": 1, "block_id": "60_300" }, "geometry": { "type": "Polygon", "coordinates": [ [ [ 608146.000872823991813, 3004500.504423519130796 ], [ 608146.000872823991813, 3004600.504423519130796 ], [ 608046.000872823991813, 3004600.504423519130796 ], [ 608046.000872823991813, 3004500.504423519130796 ], [ 608146.000872823991813, 3004500.504423519130796 ] ] ] } },
{ "type": "Feature", "properties": { "cell_id": "199_399", "label": 1, "block_id": "60_300" }, "geometry": { "type": "Polygon", "coordinates": [ [ [ 608246.000872823991813, 3004500.504423519130796 ], [ 608246.000872823991813, 3004600.504423519130796 ], [ 608146.000872823991813, 3004600.504423519130796 ], [ 608146.000872823991813, 3004500.504423519130796 ], [ 608246.000872823991813, 3004500.504423519130796 ] ] ] } },
{ "type": "Feature", "properties": { "cell_id": "199_400", "label": 1, "block_id": "60_300" }, "geometry": { "type": "Polygon", "coordinates": [ [ [ 608246.000872823991813, 3004600.504423519130796 ], [ 608246.000872823991813, 3004700.504423519130796 ], [ 608146.000872823991813, 3004700.504423519130796 ], [ 608146.000872823991813, 3004600.504423519130796 ], [ 608246.000872823991813, 3004600.504423519130796 ] ] ] } },
{ "type": "Feature", "properties": { "cell_id": "199_415", "label": 1, "block_id": "60_300" }, "geometry": { "type": "Polygon", "coordinates": [ [ [ 608246.000872823991813, 3006100.504423519130796 ], [ 608246.000872823991813, 3006200.504423519130796 ], [ 608146.000872823991813, 3006200.504423519130796 ], [ 608146.000872823991813, 3006100.504423519130796 ], [ 608246.000872823991813, 3006100.504423519130796 ] ] ] } },
{ "type": "Feature", "properties": { "cell_id": "199_995", "label": 0, "block_id": "60_306" }, "geometry": { "type": "Polygon", "coordinates": [ [ [ 608246.000872823991813, 3064100.504423519130796 ], [ 608246.000872823991813, 3064200.504423519130796 ], [ 608146.000872823991813, 3064200.504423519130796 ], [ 608146.000872823991813, 3064100.504423519130796 ], [ 608246.000872823991813, 3064100.504423519130796 ] ] ] } },
{ "type": "Feature", "properties": { "cell_id": "200_397", "label": 1, "block_id": "60_300" }, "geometry": { "type": "Polygon", "coordinates": [ [ [ 608346.000872823991813, 3004300.504423519130796 ], [ 608346.000872823991813, 3004400.504423519130796 ], [ 608246.000872823991813, 3004400.504423519130796 ], [ 608246.000872823991813, 3004300.504423519130796 ], [ 608346.000872823991813, 3004300.504423519130796 ] ] ] } },
{ "type": "Feature", "properties": { "cell_id": "200_550", "label": 1, "block_id": "60_301" }, "geometry": { "type": "Polygon", "coordinates": [ [ [ 608346.000872823991813, 3019600.504423519130796 ], [ 608346.000872823991813, 3019700.504423519130796 ], [ 608246.000872823991813, 3019700.504423519130796 ], [ 608246.000872823991813, 3019600.504423519130796 ], [ 608346.000872823991813, 3019600.504423519130796 ] ] ] } },
{ "type": "Feature", "properties": { "cell_id": "201_401", "label": 1, "block_id": "60_300" }, "geometry": { "type": "Polygon", "coordinates": [ [ [ 608446.000872823991813, 3004700.504423519130796 ], [ 608446.000872823991813, 3004800.504423519130796 ], [ 608346.000872823991813, 3004800.504423519130796 ], [ 608346.000872823991813, 3004700.504423519130796 ], [ 608446.000872823991813, 3004700.504423519130796 ] ] ] } },
{ "type": "Feature", "properties": { "cell_id": "202_1166", "label": 0, "block_id": "60_308" }, "geometry": { "type": "Polygon", "coordinates": [ [ [ 608546.000872823991813, 3081200.504423519130796 ], [ 608546.000872823991813, 3081300.504423519130796 ], [ 608446.000872823991813, 3081300.504423519130796 ], [ 608446.000872823991813, 3081200.504423519130796 ], [ 608546.000872823991813, 3081200.504423519130796 ] ] ] } },
{ "type": "Feature", "properties": { "cell_id": "202_1269", "label": 0, "block_id": "60_309" }, "geometry": { "type": "Polygon", "coordinates": [ [ [ 608546.000872823991813, 3091500.504423519130796 ], [ 608546.000872823991813, 3091600.504423519130796 ], [ 608446.000872823991813, 3091600.504423519130796 ], [ 608446.000872823991813, 3091500.504423519130796 ], [ 608546.000872823991813, 3091500.504423519130796 ] ] ] } },
{ "type": "Feature", "properties": { "cell_id": "203_393", "label": 1, "block_id": "60_300" }, "geometry": { "type": "Polygon", "coordinates": [ [ [ 608646.000872823991813, 3003900.504423519130796 ], [ 608646.000872823991813, 3004000.504423519130796 ], [ 608546.000872823991813, 3004000.504423519130796 ], [ 608546.000872823991813, 3003900.504423519130796 ], [ 608646.000872823991813, 3003900.504423519130796 ] ] ] } },
{ "type": "Feature", "properties": { "cell_id": "204_389", "label": 1, "block_id": "60_300" }, "geometry": { "type": "Polygon", "coordinates": [ [ [ 608746.000872823991813, 3003500.504423519130796 ], [ 608746.000872823991813, 3003600.504423519130796 ], [ 608646.000872823991813, 3003600.504423519130796 ], [ 608646.000872823991813, 3003500.504423519130796 ], [ 608746.000872823991813, 3003500.504423519130796 ] ] ] } },
{ "type": "Feature", "properties": { "cell_id": "204_786", "label": 0, "block_id": "60_304" }, "geometry": { "type": "Polygon", "coordinates": [ [ [ 608746.000872823991813, 3043200.504423519130796 ], [ 608746.000872823991813, 3043300.504423519130796 ], [ 608646.000872823991813, 3043300.504423519130796 ], [ 608646.000872823991813, 3043200.504423519130796 ], [ 608746.000872823991813, 3043200.504423519130796 ] ] ] } },
{ "type": "Feature", "properties": { "cell_id": "206_1313", "label": 0, "block_id": "60_309" }, "geometry": { "type": "Polygon", "coordinates": [ [ [ 608946.000872823991813, 3095900.504423519130796 ], [ 608946.000872823991813, 3096000.504423519130796 ], [ 608846.000872823991813, 3096000.504423519130796 ], [ 608846.000872823991813, 3095900.504423519130796 ], [ 608946.000872823991813, 3095900.504423519130796 ] ] ] } },
{ "type": "Feature", "properties": { "cell_id": "207_398", "label": 1, "block_id": "60_300" }, "geometry": { "type": "Polygon", "coordinates": [ [ [ 609046.000872823991813, 3004400.504423519130796 ], [ 609046.000872823991813, 3004500.504423519130796 ], [ 608946.000872823991813, 3004500.504423519130796 ], [ 608946.000872823991813, 3004400.504423519130796 ], [ 609046.000872823991813, 3004400.504423519130796 ] ] ] } },
{ "type": "Feature", "properties": { "cell_id": "207_551", "label": 1, "block_id": "60_301" }, "geometry": { "type": "Polygon", "coordinates": [ [ [ 609046.000872823991813, 3019700.504423519130796 ], [ 609046.000872823991813, 3019800.504423519130796 ], [ 608946.000872823991813, 3019800.504423519130796 ], [ 608946.000872823991813, 3019700.504423519130796 ], [ 609046.000872823991813, 3019700.504423519130796 ] ] ] } },
{ "type": "Feature", "properties": { "cell_id": "208_541", "label": 1, "block_id": "60_301" }, "geometry": { "type": "Polygon", "coordinates": [ [ [ 609146.000872823991813, 3018700.504423519130796 ], [ 609146.000872823991813, 3018800.504423519130796 ], [ 609046.000872823991813, 3018800.504423519130796 ], [ 609046.000872823991813, 3018700.504423519130796 ], [ 609146.000872823991813, 3018700.504423519130796 ] ] ] } },
{ "type": "Feature", "properties": { "cell_id": "208_542", "label": 1, "block_id": "60_301" }, "geometry": { "type": "Polygon", "coordinates": [ [ [ 609146.000872823991813, 3018800.504423519130796 ], [ 609146.000872823991813, 3018900.504423519130796 ], [ 609046.000872823991813, 3018900.504423519130796 ], [ 609046.000872823991813, 3018800.504423519130796 ], [ 609146.000872823991813, 3018800.504423519130796 ] ] ] } },
{ "type": "Feature", "properties": { "cell_id": "208_550", "label": 1, "block_id": "60_301" }, "geometry": { "type": "Polygon", "coordinates": [ [ [ 609146.000872823991813, 3019600.504423519130796 ], [ 609146.000872823991813, 3019700.504423519130796 ], [ 609046.000872823991813, 3019700.504423519130796 ], [ 609046.000872823991813, 3019600.504423519130796 ], [ 609146.000872823991813, 3019600.504423519130796 ] ] ] } },
{ "type": "Feature", "properties": { "cell_id": "209_1184", "label": 0, "block_id": "60_308" }, "geometry": { "type": "Polygon", "coordinates": [ [ [ 609246.000872823991813, 3083000.504423519130796 ], [ 609246.000872823991813, 3083100.504423519130796 ], [ 609146.000872823991813, 3083100.504423519130796 ], [ 609146.000872823991813, 3083000.504423519130796 ], [ 609246.000872823991813, 3083000.504423519130796 ] ] ] } },
{ "type": "Feature", "properties": { "cell_id": "209_1258", "label": 0, "block_id": "60_309" }, "geometry": { "type": "Polygon", "coordinates": [ [ [ 609246.000872823991813, 3090400.504423519130796 ], [ 609246.000872823991813, 3090500.504423519130796 ], [ 609146.000872823991813, 3090500.504423519130796 ], [ 609146.000872823991813, 3090400.504423519130796 ], [ 609246.000872823991813, 3090400.504423519130796 ] ] ] } },
{ "type": "Feature", "properties": { "cell_id": "209_1337", "label": 0, "block_id": "60_309" }, "geometry": { "type": "Polygon", "coordinates": [ [ [ 609246.000872823991813, 3098300.504423519130796 ], [ 609246.000872823991813, 3098400.504423519130796 ], [ 609146.000872823991813, 3098400.504423519130796 ], [ 609146.000872823991813, 3098300.504423519130796 ], [ 609246.000872823991813, 3098300.504423519130796 ] ] ] } },
{ "type": "Feature", "properties": { "cell_id": "212_536", "label": 1, "block_id": "60_301" }, "geometry": { "type": "Polygon", "coordinates": [ [ [ 609546.000872823991813, 3018200.504423519130796 ], [ 609546.000872823991813, 3018300.504423519130796 ], [ 609446.000872823991813, 3018300.504423519130796 ], [ 609446.000872823991813, 3018200.504423519130796 ], [ 609546.000872823991813, 3018200.504423519130796 ] ] ] } },
{ "type": "Feature", "properties": { "cell_id": "212_538", "label": 1, "block_id": "60_301" }, "geometry": { "type": "Polygon", "coordinates": [ [ [ 609546.000872823991813, 3018400.504423519130796 ], [ 609546.000872823991813, 3018500.504423519130796 ], [ 609446.000872823991813, 3018500.504423519130796 ], [ 609446.000872823991813, 3018400.504423519130796 ], [ 609546.000872823991813, 3018400.504423519130796 ] ] ] } },
{ "type": "Feature", "properties": { "cell_id": "214_536", "label": 1, "block_id": "60_301" }, "geometry": { "type": "Polygon", "coordinates": [ [ [ 609746.000872823991813, 3018200.504423519130796 ], [ 609746.000872823991813, 3018300.504423519130796 ], [ 609646.000872823991813, 3018300.504423519130796 ], [ 609646.000872823991813, 3018200.504423519130796 ], [ 609746.000872823991813, 3018200.504423519130796 ] ] ] } },
{ "type": "Feature", "properties": { "cell_id": "218_793", "label": 0, "block_id": "61_304" }, "geometry": { "type": "Polygon", "coordinates": [ [ [ 610146.000872823991813, 3043900.504423519130796 ], [ 610146.000872823991813, 3044000.504423519130796 ], [ 610046.000872823991813, 3044000.504423519130796 ], [ 610046.000872823991813, 3043900.504423519130796 ], [ 610146.000872823991813, 3043900.504423519130796 ] ] ] } },
{ "type": "Feature", "properties": { "cell_id": "221_1601", "label": 0, "block_id": "61_312" }, "geometry": { "type": "Polygon", "coordinates": [ [ [ 610446.000872823991813, 3124700.504423519130796 ], [ 610446.000872823991813, 3124800.504423519130796 ], [ 610346.000872823991813, 3124800.504423519130796 ], [ 610346.000872823991813, 3124700.504423519130796 ], [ 610446.000872823991813, 3124700.504423519130796 ] ] ] } },
{ "type": "Feature", "properties": { "cell_id": "223_498", "label": 1, "block_id": "61_301" }, "geometry": { "type": "Polygon", "coordinates": [ [ [ 610646.000872823991813, 3014400.504423519130796 ], [ 610646.000872823991813, 3014500.504423519130796 ], [ 610546.000872823991813, 3014500.504423519130796 ], [ 610546.000872823991813, 3014400.504423519130796 ], [ 610646.000872823991813, 3014400.504423519130796 ] ] ] } },
{ "type": "Feature", "properties": { "cell_id": "224_1401", "label": 0, "block_id": "61_310" }, "geometry": { "type": "Polygon", "coordinates": [ [ [ 610746.000872823991813, 3104700.504423519130796 ], [ 610746.000872823991813, 3104800.504423519130796 ], [ 610646.000872823991813, 3104800.504423519130796 ], [ 610646.000872823991813, 3104700.504423519130796 ], [ 610746.000872823991813, 3104700.504423519130796 ] ] ] } },
{ "type": "Feature", "properties": { "cell_id": "225_41", "label": 0, "block_id": "61_296" }, "geometry": { "type": "Polygon", "coordinates": [ [ [ 610846.000872823991813, 2968700.504423519130796 ], [ 610846.000872823991813, 2968800.504423519130796 ], [ 610746.000872823991813, 2968800.504423519130796 ], [ 610746.000872823991813, 2968700.504423519130796 ], [ 610846.000872823991813, 2968700.504423519130796 ] ] ] } },
{ "type": "Feature", "properties": { "cell_id": "226_699", "label": 0, "block_id": "61_303" }, "geometry": { "type": "Polygon", "coordinates": [ [ [ 610946.000872823991813, 3034500.504423519130796 ], [ 610946.000872823991813, 3034600.504423519130796 ], [ 610846.000872823991813, 3034600.504423519130796 ], [ 610846.000872823991813, 3034500.504423519130796 ], [ 610946.000872823991813, 3034500.504423519130796 ] ] ] } },
{ "type": "Feature", "properties": { "cell_id": "227_1644", "label": 0, "block_id": "61_312" }, "geometry": { "type": "Polygon", "coordinates": [ [ [ 611046.000872823991813, 3129000.504423519130796 ], [ 611046.000872823991813, 3129100.504423519130796 ], [ 610946.000872823991813, 3129100.504423519130796 ], [ 610946.000872823991813, 3129000.504423519130796 ], [ 611046.000872823991813, 3129000.504423519130796 ] ] ] } },
{ "type": "Feature", "properties": { "cell_id": "228_721", "label": 0, "block_id": "61_303" }, "geometry": { "type": "Polygon", "coordinates": [ [ [ 611146.000872823991813, 3036700.504423519130796 ], [ 611146.000872823991813, 3036800.504423519130796 ], [ 611046.000872823991813, 3036800.504423519130796 ], [ 611046.000872823991813, 3036700.504423519130796 ], [ 611146.000872823991813, 3036700.504423519130796 ] ] ] } },
{ "type": "Feature", "properties": { "cell_id": "231_1310", "label": 0, "block_id": "61_309" }, "geometry": { "type": "Polygon", "coordinates": [ [ [ 611446.000872823991813, 3095600.504423519130796 ], [ 611446.000872823991813, 3095700.504423519130796 ], [ 611346.000872823991813, 3095700.504423519130796 ], [ 611346.000872823991813, 3095600.504423519130796 ], [ 611446.000872823991813, 3095600.504423519130796 ] ] ] } },
{ "type": "Feature", "properties": { "cell_id": "234_382", "label": 1, "block_id": "61_300" }, "geometry": { "type": "Polygon", "coordinates": [ [ [ 611746.000872823991813, 3002800.504423519130796 ], [ 611746.000872823991813, 3002900.504423519130796 ], [ 611646.000872823991813, 3002900.504423519130796 ], [ 611646.000872823991813, 3002800.504423519130796 ], [ 611746.000872823991813, 3002800.504423519130796 ] ] ] } },
{ "type": "Feature", "properties": { "cell_id": "236_1344", "label": 0, "block_id": "61_309" }, "geometry": { "type": "Polygon", "coordinates": [ [ [ 611946.000872823991813, 3099000.504423519130796 ], [ 611946.000872823991813, 3099100.504423519130796 ], [ 611846.000872823991813, 3099100.504423519130796 ], [ 611846.000872823991813, 3099000.504423519130796 ], [ 611946.000872823991813, 3099000.504423519130796 ] ] ] } },
{ "type": "Feature", "properties": { "cell_id": "237_46", "label": 0, "block_id": "61_296" }, "geometry": { "type": "Polygon", "coordinates": [ [ [ 612046.000872823991813, 2969200.504423519130796 ], [ 612046.000872823991813, 2969300.504423519130796 ], [ 611946.000872823991813, 2969300.504423519130796 ], [ 611946.000872823991813, 2969200.504423519130796 ], [ 612046.000872823991813, 2969200.504423519130796 ] ] ] } },
{ "type": "Feature", "properties": { "cell_id": "243_522", "label": 1, "block_id": "61_301" }, "geometry": { "type": "Polygon", "coordinates": [ [ [ 612646.000872823991813, 3016800.504423519130796 ], [ 612646.000872823991813, 3016900.504423519130796 ], [ 612546.000872823991813, 3016900.504423519130796 ], [ 612546.000872823991813, 3016800.504423519130796 ], [ 612646.000872823991813, 3016800.504423519130796 ] ] ] } },
{ "type": "Feature", "properties": { "cell_id": "244_467", "label": 0, "block_id": "61_301" }, "geometry": { "type": "Polygon", "coordinates": [ [ [ 612746.000872823991813, 3011300.504423519130796 ], [ 612746.000872823991813, 3011400.504423519130796 ], [ 612646.000872823991813, 3011400.504423519130796 ], [ 612646.000872823991813, 3011300.504423519130796 ], [ 612746.000872823991813, 3011300.504423519130796 ] ] ] } },
{ "type": "Feature", "properties": { "cell_id": "244_1230", "label": 0, "block_id": "61_308" }, "geometry": { "type": "Polygon", "coordinates": [ [ [ 612746.000872823991813, 3087600.504423519130796 ], [ 612746.000872823991813, 3087700.504423519130796 ], [ 612646.000872823991813, 3087700.504423519130796 ], [ 612646.000872823991813, 3087600.504423519130796 ], [ 612746.000872823991813, 3087600.504423519130796 ] ] ] } },
{ "type": "Feature", "properties": { "cell_id": "245_766", "label": 0, "block_id": "61_304" }, "geometry": { "type": "Polygon", "coordinates": [ [ [ 612846.000872823991813, 3041200.504423519130796 ], [ 612846.000872823991813, 3041300.504423519130796 ], [ 612746.000872823991813, 3041300.504423519130796 ], [ 612746.000872823991813, 3041200.504423519130796 ], [ 612846.000872823991813, 3041200.504423519130796 ] ] ] } },
{ "type": "Feature", "properties": { "cell_id": "246_43", "label": 0, "block_id": "61_296" }, "geometry": { "type": "Polygon", "coordinates": [ [ [ 612946.000872823991813, 2968900.504423519130796 ], [ 612946.000872823991813, 2969000.504423519130796 ], [ 612846.000872823991813, 2969000.504423519130796 ], [ 612846.000872823991813, 2968900.504423519130796 ], [ 612946.000872823991813, 2968900.504423519130796 ] ] ] } },
{ "type": "Feature", "properties": { "cell_id": "246_358", "label": 1, "block_id": "61_300" }, "geometry": { "type": "Polygon", "coordinates": [ [ [ 612946.000872823991813, 3000400.504423519130796 ], [ 612946.000872823991813, 3000500.504423519130796 ], [ 612846.000872823991813, 3000500.504423519130796 ], [ 612846.000872823991813, 3000400.504423519130796 ], [ 612946.000872823991813, 3000400.504423519130796 ] ] ] } },
{ "type": "Feature", "properties": { "cell_id": "247_358", "label": 1, "block_id": "61_300" }, "geometry": { "type": "Polygon", "coordinates": [ [ [ 613046.000872823991813, 3000400.504423519130796 ], [ 613046.000872823991813, 3000500.504423519130796 ], [ 612946.000872823991813, 3000500.504423519130796 ], [ 612946.000872823991813, 3000400.504423519130796 ], [ 613046.000872823991813, 3000400.504423519130796 ] ] ] } },
{ "type": "Feature", "properties": { "cell_id": "247_361", "label": 1, "block_id": "61_300" }, "geometry": { "type": "Polygon", "coordinates": [ [ [ 613046.000872823991813, 3000700.504423519130796 ], [ 613046.000872823991813, 3000800.504423519130796 ], [ 612946.000872823991813, 3000800.504423519130796 ], [ 612946.000872823991813, 3000700.504423519130796 ], [ 613046.000872823991813, 3000700.504423519130796 ] ] ] } },
{ "type": "Feature", "properties": { "cell_id": "247_523", "label": 1, "block_id": "61_301" }, "geometry": { "type": "Polygon", "coordinates": [ [ [ 613046.000872823991813, 3016900.504423519130796 ], [ 613046.000872823991813, 3017000.504423519130796 ], [ 612946.000872823991813, 3017000.504423519130796 ], [ 612946.000872823991813, 3016900.504423519130796 ], [ 613046.000872823991813, 3016900.504423519130796 ] ] ] } },
{ "type": "Feature", "properties": { "cell_id": "248_366", "label": 1, "block_id": "61_300" }, "geometry": { "type": "Polygon", "coordinates": [ [ [ 613146.000872823991813, 3001200.504423519130796 ], [ 613146.000872823991813, 3001300.504423519130796 ], [ 613046.000872823991813, 3001300.504423519130796 ], [ 613046.000872823991813, 3001200.504423519130796 ], [ 613146.000872823991813, 3001200.504423519130796 ] ] ] } },
{ "type": "Feature", "properties": { "cell_id": "248_398", "label": 1, "block_id": "61_300" }, "geometry": { "type": "Polygon", "coordinates": [ [ [ 613146.000872823991813, 3004400.504423519130796 ], [ 613146.000872823991813, 3004500.504423519130796 ], [ 613046.000872823991813, 3004500.504423519130796 ], [ 613046.000872823991813, 3004400.504423519130796 ], [ 613146.000872823991813, 3004400.504423519130796 ] ] ] } },
{ "type": "Feature", "properties": { "cell_id": "248_404", "label": 1, "block_id": "61_300" }, "geometry": { "type": "Polygon", "coordinates": [ [ [ 613146.000872823991813, 3005000.504423519130796 ], [ 613146.000872823991813, 3005100.504423519130796 ], [ 613046.000872823991813, 3005100.504423519130796 ], [ 613046.000872823991813, 3005000.504423519130796 ], [ 613146.000872823991813, 3005000.504423519130796 ] ] ] } },
{ "type": "Feature", "properties": { "cell_id": "249_358", "label": 1, "block_id": "61_300" }, "geometry": { "type": "Polygon", "coordinates": [ [ [ 613246.000872823991813, 3000400.504423519130796 ], [ 613246.000872823991813, 3000500.504423519130796 ], [ 613146.000872823991813, 3000500.504423519130796 ], [ 613146.000872823991813, 3000400.504423519130796 ], [ 613246.000872823991813, 3000400.504423519130796 ] ] ] } },
{ "type": "Feature", "properties": { "cell_id": "250_362", "label": 1, "block_id": "61_300" }, "geometry": { "type": "Polygon", "coordinates": [ [ [ 613346.000872823991813, 3000800.504423519130796 ], [ 613346.000872823991813, 3000900.504423519130796 ], [ 613246.000872823991813, 3000900.504423519130796 ], [ 613246.000872823991813, 3000800.504423519130796 ], [ 613346.000872823991813, 3000800.504423519130796 ] ] ] } },
{ "type": "Feature", "properties": { "cell_id": "250_404", "label": 1, "block_id": "61_300" }, "geometry": { "type": "Polygon", "coordinates": [ [ [ 613346.000872823991813, 3005000.504423519130796 ], [ 613346.000872823991813, 3005100.504423519130796 ], [ 613246.000872823991813, 3005100.504423519130796 ], [ 613246.000872823991813, 3005000.504423519130796 ], [ 613346.000872823991813, 3005000.504423519130796 ] ] ] } },
{ "type": "Feature", "properties": { "cell_id": "250_522", "label": 1, "block_id": "61_301" }, "geometry": { "type": "Polygon", "coordinates": [ [ [ 613346.000872823991813, 3016800.504423519130796 ], [ 613346.000872823991813, 3016900.504423519130796 ], [ 613246.000872823991813, 3016900.504423519130796 ], [ 613246.000872823991813, 3016800.504423519130796 ], [ 613346.000872823991813, 3016800.504423519130796 ] ] ] } },
{ "type": "Feature", "properties": { "cell_id": "250_1510", "label": 0, "block_id": "61_311" }, "geometry": { "type": "Polygon", "coordinates": [ [ [ 613346.000872823991813, 3115600.504423519130796 ], [ 613346.000872823991813, 3115700.504423519130796 ], [ 613246.000872823991813, 3115700.504423519130796 ], [ 613246.000872823991813, 3115600.504423519130796 ], [ 613346.000872823991813, 3115600.504423519130796 ] ] ] } },
{ "type": "Feature", "properties": { "cell_id": "251_407", "label": 1, "block_id": "61_300" }, "geometry": { "type": "Polygon", "coordinates": [ [ [ 613446.000872823991813, 3005300.504423519130796 ], [ 613446.000872823991813, 3005400.504423519130796 ], [ 613346.000872823991813, 3005400.504423519130796 ], [ 613346.000872823991813, 3005300.504423519130796 ], [ 613446.000872823991813, 3005300.504423519130796 ] ] ] } },
{ "type": "Feature", "properties": { "cell_id": "251_505", "label": 1, "block_id": "61_301" }, "geometry": { "type": "Polygon", "coordinates": [ [ [ 613446.000872823991813, 3015100.504423519130796 ], [ 613446.000872823991813, 3015200.504423519130796 ], [ 613346.000872823991813, 3015200.504423519130796 ], [ 613346.000872823991813, 3015100.504423519130796 ], [ 613446.000872823991813, 3015100.504423519130796 ] ] ] } },
{ "type": "Feature", "properties": { "cell_id": "251_510", "label": 1, "block_id": "61_301" }, "geometry": { "type": "Polygon", "coordinates": [ [ [ 613446.000872823991813, 3015600.504423519130796 ], [ 613446.000872823991813, 3015700.504423519130796 ], [ 613346.000872823991813, 3015700.504423519130796 ], [ 613346.000872823991813, 3015600.504423519130796 ], [ 613446.000872823991813, 3015600.504423519130796 ] ] ] } },
{ "type": "Feature", "properties": { "cell_id": "252_358", "label": 1, "block_id": "61_300" }, "geometry": { "type": "Polygon", "coordinates": [ [ [ 613546.000872823991813, 3000400.504423519130796 ], [ 613546.000872823991813, 3000500.504423519130796 ], [ 613446.000872823991813, 3000500.504423519130796 ], [ 613446.000872823991813, 3000400.504423519130796 ], [ 613546.000872823991813, 3000400.504423519130796 ] ] ] } },
{ "type": "Feature", "properties": { "cell_id": "252_509", "label": 1, "block_id": "61_301" }, "geometry": { "type": "Polygon", "coordinates": [ [ [ 613546.000872823991813, 3015500.504423519130796 ], [ 613546.000872823991813, 3015600.504423519130796 ], [ 613446.000872823991813, 3015600.504423519130796 ], [ 613446.000872823991813, 3015500.504423519130796 ], [ 613546.000872823991813, 3015500.504423519130796 ] ] ] } },
{ "type": "Feature", "properties": { "cell_id": "254_507", "label": 1, "block_id": "61_301" }, "geometry": { "type": "Polygon", "coordinates": [ [ [ 613746.000872823991813, 3015300.504423519130796 ], [ 613746.000872823991813, 3015400.504423519130796 ], [ 613646.000872823991813, 3015400.504423519130796 ], [ 613646.000872823991813, 3015300.504423519130796 ], [ 613746.000872823991813, 3015300.504423519130796 ] ] ] } },
{ "type": "Feature", "properties": { "cell_id": "256_365", "label": 1, "block_id": "61_300" }, "geometry": { "type": "Polygon", "coordinates": [ [ [ 613946.000872823991813, 3001100.504423519130796 ], [ 613946.000872823991813, 3001200.504423519130796 ], [ 613846.000872823991813, 3001200.504423519130796 ], [ 613846.000872823991813, 3001100.504423519130796 ], [ 613946.000872823991813, 3001100.504423519130796 ] ] ] } },
{ "type": "Feature", "properties": { "cell_id": "256_1265", "label": 0, "block_id": "61_309" }, "geometry": { "type": "Polygon", "coordinates": [ [ [ 613946.000872823991813, 3091100.504423519130796 ], [ 613946.000872823991813, 3091200.504423519130796 ], [ 613846.000872823991813, 3091200.504423519130796 ], [ 613846.000872823991813, 3091100.504423519130796 ], [ 613946.000872823991813, 3091100.504423519130796 ] ] ] } },
{ "type": "Feature", "properties": { "cell_id": "258_206", "label": 0, "block_id": "61_298" }, "geometry": { "type": "Polygon", "coordinates": [ [ [ 614146.000872823991813, 2985200.504423519130796 ], [ 614146.000872823991813, 2985300.504423519130796 ], [ 614046.000872823991813, 2985300.504423519130796 ], [ 614046.000872823991813, 2985200.504423519130796 ], [ 614146.000872823991813, 2985200.504423519130796 ] ] ] } },
{ "type": "Feature", "properties": { "cell_id": "258_678", "label": 0, "block_id": "61_303" }, "geometry": { "type": "Polygon", "coordinates": [ [ [ 614146.000872823991813, 3032400.504423519130796 ], [ 614146.000872823991813, 3032500.504423519130796 ], [ 614046.000872823991813, 3032500.504423519130796 ], [ 614046.000872823991813, 3032400.504423519130796 ], [ 614146.000872823991813, 3032400.504423519130796 ] ] ] } },
{ "type": "Feature", "properties": { "cell_id": "258_1217", "label": 0, "block_id": "61_308" }, "geometry": { "type": "Polygon", "coordinates": [ [ [ 614146.000872823991813, 3086300.504423519130796 ], [ 614146.000872823991813, 3086400.504423519130796 ], [ 614046.000872823991813, 3086400.504423519130796 ], [ 614046.000872823991813, 3086300.504423519130796 ], [ 614146.000872823991813, 3086300.504423519130796 ] ] ] } },
{ "type": "Feature", "properties": { "cell_id": "260_357", "label": 1, "block_id": "61_300" }, "geometry": { "type": "Polygon", "coordinates": [ [ [ 614346.000872823991813, 3000300.504423519130796 ], [ 614346.000872823991813, 3000400.504423519130796 ], [ 614246.000872823991813, 3000400.504423519130796 ], [ 614246.000872823991813, 3000300.504423519130796 ], [ 614346.000872823991813, 3000300.504423519130796 ] ] ] } },
{ "type": "Feature", "properties": { "cell_id": "260_358", "label": 1, "block_id": "61_300" }, "geometry": { "type": "Polygon", "coordinates": [ [ [ 614346.000872823991813, 3000400.504423519130796 ], [ 614346.000872823991813, 3000500.504423519130796 ], [ 614246.000872823991813, 3000500.504423519130796 ], [ 614246.000872823991813, 3000400.504423519130796 ], [ 614346.000872823991813, 3000400.504423519130796 ] ] ] } },
{ "type": "Feature", "properties": { "cell_id": "262_507", "label": 1, "block_id": "61_301" }, "geometry": { "type": "Polygon", "coordinates": [ [ [ 614546.000872823991813, 3015300.504423519130796 ], [ 614546.000872823991813, 3015400.504423519130796 ], [ 614446.000872823991813, 3015400.504423519130796 ], [ 614446.000872823991813, 3015300.504423519130796 ], [ 614546.000872823991813, 3015300.504423519130796 ] ] ] } },
{ "type": "Feature", "properties": { "cell_id": "262_1643", "label": 0, "block_id": "61_312" }, "geometry": { "type": "Polygon", "coordinates": [ [ [ 614546.000872823991813, 3128900.504423519130796 ], [ 614546.000872823991813, 3129000.504423519130796 ], [ 614446.000872823991813, 3129000.504423519130796 ], [ 614446.000872823991813, 3128900.504423519130796 ], [ 614546.000872823991813, 3128900.504423519130796 ] ] ] } },
{ "type": "Feature", "properties": { "cell_id": "264_1413", "label": 0, "block_id": "61_310" }, "geometry": { "type": "Polygon", "coordinates": [ [ [ 614746.000872823991813, 3105900.504423519130796 ], [ 614746.000872823991813, 3106000.504423519130796 ], [ 614646.000872823991813, 3106000.504423519130796 ], [ 614646.000872823991813, 3105900.504423519130796 ], [ 614746.000872823991813, 3105900.504423519130796 ] ] ] } },
{ "type": "Feature", "properties": { "cell_id": "266_413", "label": 1, "block_id": "61_300" }, "geometry": { "type": "Polygon", "coordinates": [ [ [ 614946.000872823991813, 3005900.504423519130796 ], [ 614946.000872823991813, 3006000.504423519130796 ], [ 614846.000872823991813, 3006000.504423519130796 ], [ 614846.000872823991813, 3005900.504423519130796 ], [ 614946.000872823991813, 3005900.504423519130796 ] ] ] } },
{ "type": "Feature", "properties": { "cell_id": "266_545", "label": 0, "block_id": "61_301" }, "geometry": { "type": "Polygon", "coordinates": [ [ [ 614946.000872823991813, 3019100.504423519130796 ], [ 614946.000872823991813, 3019200.504423519130796 ], [ 614846.000872823991813, 3019200.504423519130796 ], [ 614846.000872823991813, 3019100.504423519130796 ], [ 614946.000872823991813, 3019100.504423519130796 ] ] ] } },
{ "type": "Feature", "properties": { "cell_id": "267_413", "label": 1, "block_id": "61_300" }, "geometry": { "type": "Polygon", "coordinates": [ [ [ 615046.000872823991813, 3005900.504423519130796 ], [ 615046.000872823991813, 3006000.504423519130796 ], [ 614946.000872823991813, 3006000.504423519130796 ], [ 614946.000872823991813, 3005900.504423519130796 ], [ 615046.000872823991813, 3005900.504423519130796 ] ] ] } },
{ "type": "Feature", "properties": { "cell_id": "268_406", "label": 1, "block_id": "61_300" }, "geometry": { "type": "Polygon", "coordinates": [ [ [ 615146.000872823991813, 3005200.504423519130796 ], [ 615146.000872823991813, 3005300.504423519130796 ], [ 615046.000872823991813, 3005300.504423519130796 ], [ 615046.000872823991813, 3005200.504423519130796 ], [ 615146.000872823991813, 3005200.504423519130796 ] ] ] } },
{ "type": "Feature", "properties": { "cell_id": "271_508", "label": 1, "block_id": "61_301" }, "geometry": { "type": "Polygon", "coordinates": [ [ [ 615446.000872823991813, 3015400.504423519130796 ], [ 615446.000872823991813, 3015500.504423519130796 ], [ 615346.000872823991813, 3015500.504423519130796 ], [ 615346.000872823991813, 3015400.504423519130796 ], [ 615446.000872823991813, 3015400.504423519130796 ] ] ] } },
{ "type": "Feature", "properties": { "cell_id": "272_1254", "label": 0, "block_id": "61_309" }, "geometry": { "type": "Polygon", "coordinates": [ [ [ 615546.000872823991813, 3090000.504423519130796 ], [ 615546.000872823991813, 3090100.504423519130796 ], [ 615446.000872823991813, 3090100.504423519130796 ], [ 615446.000872823991813, 3090000.504423519130796 ], [ 615546.000872823991813, 3090000.504423519130796 ] ] ] } },
{ "type": "Feature", "properties": { "cell_id": "273_523", "label": 1, "block_id": "61_301" }, "geometry": { "type": "Polygon", "coordinates": [ [ [ 615646.000872823991813, 3016900.504423519130796 ], [ 615646.000872823991813, 3017000.504423519130796 ], [ 615546.000872823991813, 3017000.504423519130796 ], [ 615546.000872823991813, 3016900.504423519130796 ], [ 615646.000872823991813, 3016900.504423519130796 ] ] ] } },
{ "type": "Feature", "properties": { "cell_id": "275_1336", "label": 0, "block_id": "61_309" }, "geometry": { "type": "Polygon", "coordinates": [ [ [ 615846.000872823991813, 3098200.504423519130796 ], [ 615846.000872823991813, 3098300.504423519130796 ], [ 615746.000872823991813, 3098300.504423519130796 ], [ 615746.000872823991813, 3098200.504423519130796 ], [ 615846.000872823991813, 3098200.504423519130796 ] ] ] } },
{ "type": "Feature", "properties": { "cell_id": "277_511", "label": 1, "block_id": "61_301" }, "geometry": { "type": "Polygon", "coordinates": [ [ [ 616046.000872823991813, 3015700.504423519130796 ], [ 616046.000872823991813, 3015800.504423519130796 ], [ 615946.000872823991813, 3015800.504423519130796 ], [ 615946.000872823991813, 3015700.504423519130796 ], [ 616046.000872823991813, 3015700.504423519130796 ] ] ] } },
{ "type": "Feature", "properties": { "cell_id": "278_398", "label": 1, "block_id": "61_300" }, "geometry": { "type": "Polygon", "coordinates": [ [ [ 616146.000872823991813, 3004400.504423519130796 ], [ 616146.000872823991813, 3004500.504423519130796 ], [ 616046.000872823991813, 3004500.504423519130796 ], [ 616046.000872823991813, 3004400.504423519130796 ], [ 616146.000872823991813, 3004400.504423519130796 ] ] ] } },
{ "type": "Feature", "properties": { "cell_id": "278_421", "label": 0, "block_id": "61_300" }, "geometry": { "type": "Polygon", "coordinates": [ [ [ 616146.000872823991813, 3006700.504423519130796 ], [ 616146.000872823991813, 3006800.504423519130796 ], [ 616046.000872823991813, 3006800.504423519130796 ], [ 616046.000872823991813, 3006700.504423519130796 ], [ 616146.000872823991813, 3006700.504423519130796 ] ] ] } },
{ "type": "Feature", "properties": { "cell_id": "279_381", "label": 1, "block_id": "61_300" }, "geometry": { "type": "Polygon", "coordinates": [ [ [ 616246.000872823991813, 3002700.504423519130796 ], [ 616246.000872823991813, 3002800.504423519130796 ], [ 616146.000872823991813, 3002800.504423519130796 ], [ 616146.000872823991813, 3002700.504423519130796 ], [ 616246.000872823991813, 3002700.504423519130796 ] ] ] } },
{ "type": "Feature", "properties": { "cell_id": "280_522", "label": 1, "block_id": "61_301" }, "geometry": { "type": "Polygon", "coordinates": [ [ [ 616346.000872823991813, 3016800.504423519130796 ], [ 616346.000872823991813, 3016900.504423519130796 ], [ 616246.000872823991813, 3016900.504423519130796 ], [ 616246.000872823991813, 3016800.504423519130796 ], [ 616346.000872823991813, 3016800.504423519130796 ] ] ] } },
{ "type": "Feature", "properties": { "cell_id": "282_49", "label": 0, "block_id": "61_296" }, "geometry": { "type": "Polygon", "coordinates": [ [ [ 616546.000872823991813, 2969500.504423519130796 ], [ 616546.000872823991813, 2969600.504423519130796 ], [ 616446.000872823991813, 2969600.504423519130796 ], [ 616446.000872823991813, 2969500.504423519130796 ], [ 616546.000872823991813, 2969500.504423519130796 ] ] ] } },
{ "type": "Feature", "properties": { "cell_id": "282_503", "label": 1, "block_id": "61_301" }, "geometry": { "type": "Polygon", "coordinates": [ [ [ 616546.000872823991813, 3014900.504423519130796 ], [ 616546.000872823991813, 3015000.504423519130796 ], [ 616446.000872823991813, 3015000.504423519130796 ], [ 616446.000872823991813, 3014900.504423519130796 ], [ 616546.000872823991813, 3014900.504423519130796 ] ] ] } },
{ "type": "Feature", "properties": { "cell_id": "282_1317", "label": 0, "block_id": "61_309" }, "geometry": { "type": "Polygon", "coordinates": [ [ [ 616546.000872823991813, 3096300.504423519130796 ], [ 616546.000872823991813, 3096400.504423519130796 ], [ 616446.000872823991813, 3096400.504423519130796 ], [ 616446.000872823991813, 3096300.504423519130796 ], [ 616546.000872823991813, 3096300.504423519130796 ] ] ] } },
{ "type": "Feature", "properties": { "cell_id": "283_447", "label": 0, "block_id": "61_300" }, "geometry": { "type": "Polygon", "coordinates": [ [ [ 616646.000872823991813, 3009300.504423519130796 ], [ 616646.000872823991813, 3009400.504423519130796 ], [ 616546.000872823991813, 3009400.504423519130796 ], [ 616546.000872823991813, 3009300.504423519130796 ], [ 616646.000872823991813, 3009300.504423519130796 ] ] ] } },
{ "type": "Feature", "properties": { "cell_id": "283_522", "label": 1, "block_id": "61_301" }, "geometry": { "type": "Polygon", "coordinates": [ [ [ 616646.000872823991813, 3016800.504423519130796 ], [ 616646.000872823991813, 3016900.504423519130796 ], [ 616546.000872823991813, 3016900.504423519130796 ], [ 616546.000872823991813, 3016800.504423519130796 ], [ 616646.000872823991813, 3016800.504423519130796 ] ] ] } },
{ "type": "Feature", "properties": { "cell_id": "283_1342", "label": 0, "block_id": "61_309" }, "geometry": { "type": "Polygon", "coordinates": [ [ [ 616646.000872823991813, 3098800.504423519130796 ], [ 616646.000872823991813, 3098900.504423519130796 ], [ 616546.000872823991813, 3098900.504423519130796 ], [ 616546.000872823991813, 3098800.504423519130796 ], [ 616646.000872823991813, 3098800.504423519130796 ] ] ] } },
{ "type": "Feature", "properties": { "cell_id": "287_381", "label": 1, "block_id": "61_300" }, "geometry": { "type": "Polygon", "coordinates": [ [ [ 617046.000872823991813, 3002700.504423519130796 ], [ 617046.000872823991813, 3002800.504423519130796 ], [ 616946.000872823991813, 3002800.504423519130796 ], [ 616946.000872823991813, 3002700.504423519130796 ], [ 617046.000872823991813, 3002700.504423519130796 ] ] ] } },
{ "type": "Feature", "properties": { "cell_id": "288_502", "label": 1, "block_id": "61_301" }, "geometry": { "type": "Polygon", "coordinates": [ [ [ 617146.000872823991813, 3014800.504423519130796 ], [ 617146.000872823991813, 3014900.504423519130796 ], [ 617046.000872823991813, 3014900.504423519130796 ], [ 617046.000872823991813, 3014800.504423519130796 ], [ 617146.000872823991813, 3014800.504423519130796 ] ] ] } },
{ "type": "Feature", "properties": { "cell_id": "289_1159", "label": 0, "block_id": "61_308" }, "geometry": { "type": "Polygon", "coordinates": [ [ [ 617246.000872823991813, 3080500.504423519130796 ], [ 617246.000872823991813, 3080600.504423519130796 ], [ 617146.000872823991813, 3080600.504423519130796 ], [ 617146.000872823991813, 3080500.504423519130796 ], [ 617246.000872823991813, 3080500.504423519130796 ] ] ] } },
{ "type": "Feature", "properties": { "cell_id": "290_389", "label": 1, "block_id": "61_300" }, "geometry": { "type": "Polygon", "coordinates": [ [ [ 617346.000872823991813, 3003500.504423519130796 ], [ 617346.000872823991813, 3003600.504423519130796 ], [ 617246.000872823991813, 3003600.504423519130796 ], [ 617246.000872823991813, 3003500.504423519130796 ], [ 617346.000872823991813, 3003500.504423519130796 ] ] ] } },
{ "type": "Feature", "properties": { "cell_id": "290_496", "label": 1, "block_id": "61_301" }, "geometry": { "type": "Polygon", "coordinates": [ [ [ 617346.000872823991813, 3014200.504423519130796 ], [ 617346.000872823991813, 3014300.504423519130796 ], [ 617246.000872823991813, 3014300.504423519130796 ], [ 617246.000872823991813, 3014200.504423519130796 ], [ 617346.000872823991813, 3014200.504423519130796 ] ] ] } },
{ "type": "Feature", "properties": { "cell_id": "290_497", "label": 1, "block_id": "61_301" }, "geometry": { "type": "Polygon", "coordinates": [ [ [ 617346.000872823991813, 3014300.504423519130796 ], [ 617346.000872823991813, 3014400.504423519130796 ], [ 617246.000872823991813, 3014400.504423519130796 ], [ 617246.000872823991813, 3014300.504423519130796 ], [ 617346.000872823991813, 3014300.504423519130796 ] ] ] } },
{ "type": "Feature", "properties": { "cell_id": "292_192", "label": 0, "block_id": "61_298" }, "geometry": { "type": "Polygon", "coordinates": [ [ [ 617546.000872823991813, 2983800.504423519130796 ], [ 617546.000872823991813, 2983900.504423519130796 ], [ 617446.000872823991813, 2983900.504423519130796 ], [ 617446.000872823991813, 2983800.504423519130796 ], [ 617546.000872823991813, 2983800.504423519130796 ] ] ] } },
{ "type": "Feature", "properties": { "cell_id": "292_534", "label": 1, "block_id": "61_301" }, "geometry": { "type": "Polygon", "coordinates": [ [ [ 617546.000872823991813, 3018000.504423519130796 ], [ 617546.000872823991813, 3018100.504423519130796 ], [ 617446.000872823991813, 3018100.504423519130796 ], [ 617446.000872823991813, 3018000.504423519130796 ], [ 617546.000872823991813, 3018000.504423519130796 ] ] ] } },
{ "type": "Feature", "properties": { "cell_id": "293_535", "label": 1, "block_id": "61_301" }, "geometry": { "type": "Polygon", "coordinates": [ [ [ 617646.000872823991813, 3018100.504423519130796 ], [ 617646.000872823991813, 3018200.504423519130796 ], [ 617546.000872823991813, 3018200.504423519130796 ], [ 617546.000872823991813, 3018100.504423519130796 ], [ 617646.000872823991813, 3018100.504423519130796 ] ] ] } },
{ "type": "Feature", "properties": { "cell_id": "294_537", "label": 1, "block_id": "61_301" }, "geometry": { "type": "Polygon", "coordinates": [ [ [ 617746.000872823991813, 3018300.504423519130796 ], [ 617746.000872823991813, 3018400.504423519130796 ], [ 617646.000872823991813, 3018400.504423519130796 ], [ 617646.000872823991813, 3018300.504423519130796 ], [ 617746.000872823991813, 3018300.504423519130796 ] ] ] } },
{ "type": "Feature", "properties": { "cell_id": "295_538", "label": 1, "block_id": "61_301" }, "geometry": { "type": "Polygon", "coordinates": [ [ [ 617846.000872823991813, 3018400.504423519130796 ], [ 617846.000872823991813, 3018500.504423519130796 ], [ 617746.000872823991813, 3018500.504423519130796 ], [ 617746.000872823991813, 3018400.504423519130796 ], [ 617846.000872823991813, 3018400.504423519130796 ] ] ] } },
{ "type": "Feature", "properties": { "cell_id": "295_704", "label": 0, "block_id": "61_303" }, "geometry": { "type": "Polygon", "coordinates": [ [ [ 617846.000872823991813, 3035000.504423519130796 ], [ 617846.000872823991813, 3035100.504423519130796 ], [ 617746.000872823991813, 3035100.504423519130796 ], [ 617746.000872823991813, 3035000.504423519130796 ], [ 617846.000872823991813, 3035000.504423519130796 ] ] ] } },
{ "type": "Feature", "properties": { "cell_id": "296_534", "label": 1, "block_id": "61_301" }, "geometry": { "type": "Polygon", "coordinates": [ [ [ 617946.000872823991813, 3018000.504423519130796 ], [ 617946.000872823991813, 3018100.504423519130796 ], [ 617846.000872823991813, 3018100.504423519130796 ], [ 617846.000872823991813, 3018000.504423519130796 ], [ 617946.000872823991813, 3018000.504423519130796 ] ] ] } },
{ "type": "Feature", "properties": { "cell_id": "297_393", "label": 1, "block_id": "61_300" }, "geometry": { "type": "Polygon", "coordinates": [ [ [ 618046.000872823991813, 3003900.504423519130796 ], [ 618046.000872823991813, 3004000.504423519130796 ], [ 617946.000872823991813, 3004000.504423519130796 ], [ 617946.000872823991813, 3003900.504423519130796 ], [ 618046.000872823991813, 3003900.504423519130796 ] ] ] } },
{ "type": "Feature", "properties": { "cell_id": "297_422", "label": 1, "block_id": "61_300" }, "geometry": { "type": "Polygon", "coordinates": [ [ [ 618046.000872823991813, 3006800.504423519130796 ], [ 618046.000872823991813, 3006900.504423519130796 ], [ 617946.000872823991813, 3006900.504423519130796 ], [ 617946.000872823991813, 3006800.504423519130796 ], [ 618046.000872823991813, 3006800.504423519130796 ] ] ] } },
{ "type": "Feature", "properties": { "cell_id": "297_537", "label": 1, "block_id": "61_301" }, "geometry": { "type": "Polygon", "coordinates": [ [ [ 618046.000872823991813, 3018300.504423519130796 ], [ 618046.000872823991813, 3018400.504423519130796 ], [ 617946.000872823991813, 3018400.504423519130796 ], [ 617946.000872823991813, 3018300.504423519130796 ], [ 618046.000872823991813, 3018300.504423519130796 ] ] ] } },
{ "type": "Feature", "properties": { "cell_id": "298_424", "label": 1, "block_id": "61_300" }, "geometry": { "type": "Polygon", "coordinates": [ [ [ 618146.000872823991813, 3007000.504423519130796 ], [ 618146.000872823991813, 3007100.504423519130796 ], [ 618046.000872823991813, 3007100.504423519130796 ], [ 618046.000872823991813, 3007000.504423519130796 ], [ 618146.000872823991813, 3007000.504423519130796 ] ] ] } },
{ "type": "Feature", "properties": { "cell_id": "300_218", "label": 0, "block_id": "61_298" }, "geometry": { "type": "Polygon", "coordinates": [ [ [ 618346.000872823991813, 2986400.504423519130796 ], [ 618346.000872823991813, 2986500.504423519130796 ], [ 618246.000872823991813, 2986500.504423519130796 ], [ 618246.000872823991813, 2986400.504423519130796 ], [ 618346.000872823991813, 2986400.504423519130796 ] ] ] } },
{ "type": "Feature", "properties": { "cell_id": "300_539", "label": 1, "block_id": "61_301" }, "geometry": { "type": "Polygon", "coordinates": [ [ [ 618346.000872823991813, 3018500.504423519130796 ], [ 618346.000872823991813, 3018600.504423519130796 ], [ 618246.000872823991813, 3018600.504423519130796 ], [ 618246.000872823991813, 3018500.504423519130796 ], [ 618346.000872823991813, 3018500.504423519130796 ] ] ] } },
{ "type": "Feature", "properties": { "cell_id": "301_14", "label": 0, "block_id": "61_296" }, "geometry": { "type": "Polygon", "coordinates": [ [ [ 618446.000872823991813, 2966000.504423519130796 ], [ 618446.000872823991813, 2966100.504423519130796 ], [ 618346.000872823991813, 2966100.504423519130796 ], [ 618346.000872823991813, 2966000.504423519130796 ], [ 618446.000872823991813, 2966000.504423519130796 ] ] ] } },
{ "type": "Feature", "properties": { "cell_id": "302_513", "label": 1, "block_id": "61_301" }, "geometry": { "type": "Polygon", "coordinates": [ [ [ 618546.000872823991813, 3015900.504423519130796 ], [ 618546.000872823991813, 3016000.504423519130796 ], [ 618446.000872823991813, 3016000.504423519130796 ], [ 618446.000872823991813, 3015900.504423519130796 ], [ 618546.000872823991813, 3015900.504423519130796 ] ] ] } },
{ "type": "Feature", "properties": { "cell_id": "302_539", "label": 1, "block_id": "61_301" }, "geometry": { "type": "Polygon", "coordinates": [ [ [ 618546.000872823991813, 3018500.504423519130796 ], [ 618546.000872823991813, 3018600.504423519130796 ], [ 618446.000872823991813, 3018600.504423519130796 ], [ 618446.000872823991813, 3018500.504423519130796 ], [ 618546.000872823991813, 3018500.504423519130796 ] ] ] } },
{ "type": "Feature", "properties": { "cell_id": "302_1466", "label": 0, "block_id": "61_311" }, "geometry": { "type": "Polygon", "coordinates": [ [ [ 618546.000872823991813, 3111200.504423519130796 ], [ 618546.000872823991813, 3111300.504423519130796 ], [ 618446.000872823991813, 3111300.504423519130796 ], [ 618446.000872823991813, 3111200.504423519130796 ], [ 618546.000872823991813, 3111200.504423519130796 ] ] ] } },
{ "type": "Feature", "properties": { "cell_id": "304_429", "label": 1, "block_id": "61_300" }, "geometry": { "type": "Polygon", "coordinates": [ [ [ 618746.000872823991813, 3007500.504423519130796 ], [ 618746.000872823991813, 3007600.504423519130796 ], [ 618646.000872823991813, 3007600.504423519130796 ], [ 618646.000872823991813, 3007500.504423519130796 ], [ 618746.000872823991813, 3007500.504423519130796 ] ] ] } },
{ "type": "Feature", "properties": { "cell_id": "305_463", "label": 1, "block_id": "61_301" }, "geometry": { "type": "Polygon", "coordinates": [ [ [ 618846.000872823991813, 3010900.504423519130796 ], [ 618846.000872823991813, 3011000.504423519130796 ], [ 618746.000872823991813, 3011000.504423519130796 ], [ 618746.000872823991813, 3010900.504423519130796 ], [ 618846.000872823991813, 3010900.504423519130796 ] ] ] } },
{ "type": "Feature", "properties": { "cell_id": "308_510", "label": 1, "block_id": "61_301" }, "geometry": { "type": "Polygon", "coordinates": [ [ [ 619146.000872823991813, 3015600.504423519130796 ], [ 619146.000872823991813, 3015700.504423519130796 ], [ 619046.000872823991813, 3015700.504423519130796 ], [ 619046.000872823991813, 3015600.504423519130796 ], [ 619146.000872823991813, 3015600.504423519130796 ] ] ] } },
{ "type": "Feature", "properties": { "cell_id": "311_430", "label": 1, "block_id": "61_300" }, "geometry": { "type": "Polygon", "coordinates": [ [ [ 619446.000872823991813, 3007600.504423519130796 ], [ 619446.000872823991813, 3007700.504423519130796 ], [ 619346.000872823991813, 3007700.504423519130796 ], [ 619346.000872823991813, 3007600.504423519130796 ], [ 619446.000872823991813, 3007600.504423519130796 ] ] ] } },
{ "type": "Feature", "properties": { "cell_id": "312_430", "label": 1, "block_id": "61_300" }, "geometry": { "type": "Polygon", "coordinates": [ [ [ 619546.000872823991813, 3007600.504423519130796 ], [ 619546.000872823991813, 3007700.504423519130796 ], [ 619446.000872823991813, 3007700.504423519130796 ], [ 619446.000872823991813, 3007600.504423519130796 ], [ 619546.000872823991813, 3007600.504423519130796 ] ] ] } },
{ "type": "Feature", "properties": { "cell_id": "313_1582", "label": 0, "block_id": "61_312" }, "geometry": { "type": "Polygon", "coordinates": [ [ [ 619646.000872823991813, 3122800.504423519130796 ], [ 619646.000872823991813, 3122900.504423519130796 ], [ 619546.000872823991813, 3122900.504423519130796 ], [ 619546.000872823991813, 3122800.504423519130796 ], [ 619646.000872823991813, 3122800.504423519130796 ] ] ] } },
{ "type": "Feature", "properties": { "cell_id": "314_442", "label": 1, "block_id": "61_300" }, "geometry": { "type": "Polygon", "coordinates": [ [ [ 619746.000872823991813, 3008800.504423519130796 ], [ 619746.000872823991813, 3008900.504423519130796 ], [ 619646.000872823991813, 3008900.504423519130796 ], [ 619646.000872823991813, 3008800.504423519130796 ], [ 619746.000872823991813, 3008800.504423519130796 ] ] ] } },
{ "type": "Feature", "properties": { "cell_id": "314_1575", "label": 0, "block_id": "61_312" }, "geometry": { "type": "Polygon", "coordinates": [ [ [ 619746.000872823991813, 3122100.504423519130796 ], [ 619746.000872823991813, 3122200.504423519130796 ], [ 619646.000872823991813, 3122200.504423519130796 ], [ 619646.000872823991813, 3122100.504423519130796 ], [ 619746.000872823991813, 3122100.504423519130796 ] ] ] } },
{ "type": "Feature", "properties": { "cell_id": "315_467", "label": 1, "block_id": "61_301" }, "geometry": { "type": "Polygon", "coordinates": [ [ [ 619846.000872823991813, 3011300.504423519130796 ], [ 619846.000872823991813, 3011400.504423519130796 ], [ 619746.000872823991813, 3011400.504423519130796 ], [ 619746.000872823991813, 3011300.504423519130796 ], [ 619846.000872823991813, 3011300.504423519130796 ] ] ] } },
{ "type": "Feature", "properties": { "cell_id": "315_505", "label": 1, "block_id": "61_301" }, "geometry": { "type": "Polygon", "coordinates": [ [ [ 619846.000872823991813, 3015100.504423519130796 ], [ 619846.000872823991813, 3015200.504423519130796 ], [ 619746.000872823991813, 3015200.504423519130796 ], [ 619746.000872823991813, 3015100.504423519130796 ], [ 619846.000872823991813, 3015100.504423519130796 ] ] ] } },
{ "type": "Feature", "properties": { "cell_id": "315_1482", "label": 0, "block_id": "61_311" }, "geometry": { "type": "Polygon", "coordinates": [ [ [ 619846.000872823991813, 3112800.504423519130796 ], [ 619846.000872823991813, 3112900.504423519130796 ], [ 619746.000872823991813, 3112900.504423519130796 ], [ 619746.000872823991813, 3112800.504423519130796 ], [ 619846.000872823991813, 3112800.504423519130796 ] ] ] } },
{ "type": "Feature", "properties": { "cell_id": "316_50", "label": 0, "block_id": "61_296" }, "geometry": { "type": "Polygon", "coordinates": [ [ [ 619946.000872823991813, 2969600.504423519130796 ], [ 619946.000872823991813, 2969700.504423519130796 ], [ 619846.000872823991813, 2969700.504423519130796 ], [ 619846.000872823991813, 2969600.504423519130796 ], [ 619946.000872823991813, 2969600.504423519130796 ] ] ] } },
{ "type": "Feature", "properties": { "cell_id": "317_380", "label": 1, "block_id": "61_300" }, "geometry": { "type": "Polygon", "coordinates": [ [ [ 620046.000872823991813, 3002600.504423519130796 ], [ 620046.000872823991813, 3002700.504423519130796 ], [ 619946.000872823991813, 3002700.504423519130796 ], [ 619946.000872823991813, 3002600.504423519130796 ], [ 620046.000872823991813, 3002600.504423519130796 ] ] ] } },
{ "type": "Feature", "properties": { "cell_id": "318_584", "label": 1, "block_id": "62_302" }, "geometry": { "type": "Polygon", "coordinates": [ [ [ 620146.000872823991813, 3023000.504423519130796 ], [ 620146.000872823991813, 3023100.504423519130796 ], [ 620046.000872823991813, 3023100.504423519130796 ], [ 620046.000872823991813, 3023000.504423519130796 ], [ 620146.000872823991813, 3023000.504423519130796 ] ] ] } },
{ "type": "Feature", "properties": { "cell_id": "318_593", "label": 1, "block_id": "62_302" }, "geometry": { "type": "Polygon", "coordinates": [ [ [ 620146.000872823991813, 3023900.504423519130796 ], [ 620146.000872823991813, 3024000.504423519130796 ], [ 620046.000872823991813, 3024000.504423519130796 ], [ 620046.000872823991813, 3023900.504423519130796 ], [ 620146.000872823991813, 3023900.504423519130796 ] ] ] } },
{ "type": "Feature", "properties": { "cell_id": "320_406", "label": 1, "block_id": "62_300" }, "geometry": { "type": "Polygon", "coordinates": [ [ [ 620346.000872823991813, 3005200.504423519130796 ], [ 620346.000872823991813, 3005300.504423519130796 ], [ 620246.000872823991813, 3005300.504423519130796 ], [ 620246.000872823991813, 3005200.504423519130796 ], [ 620346.000872823991813, 3005200.504423519130796 ] ] ] } },
{ "type": "Feature", "properties": { "cell_id": "320_590", "label": 1, "block_id": "62_302" }, "geometry": { "type": "Polygon", "coordinates": [ [ [ 620346.000872823991813, 3023600.504423519130796 ], [ 620346.000872823991813, 3023700.504423519130796 ], [ 620246.000872823991813, 3023700.504423519130796 ], [ 620246.000872823991813, 3023600.504423519130796 ], [ 620346.000872823991813, 3023600.504423519130796 ] ] ] } },
{ "type": "Feature", "properties": { "cell_id": "321_1016", "label": 0, "block_id": "62_306" }, "geometry": { "type": "Polygon", "coordinates": [ [ [ 620446.000872823991813, 3066200.504423519130796 ], [ 620446.000872823991813, 3066300.504423519130796 ], [ 620346.000872823991813, 3066300.504423519130796 ], [ 620346.000872823991813, 3066200.504423519130796 ], [ 620446.000872823991813, 3066200.504423519130796 ] ] ] } },
{ "type": "Feature", "properties": { "cell_id": "323_558", "label": 1, "block_id": "62_302" }, "geometry": { "type": "Polygon", "coordinates": [ [ [ 620646.000872823991813, 3020400.504423519130796 ], [ 620646.000872823991813, 3020500.504423519130796 ], [ 620546.000872823991813, 3020500.504423519130796 ], [ 620546.000872823991813, 3020400.504423519130796 ], [ 620646.000872823991813, 3020400.504423519130796 ] ] ] } },
{ "type": "Feature", "properties": { "cell_id": "323_585", "label": 1, "block_id": "62_302" }, "geometry": { "type": "Polygon", "coordinates": [ [ [ 620646.000872823991813, 3023100.504423519130796 ], [ 620646.000872823991813, 3023200.504423519130796 ], [ 620546.000872823991813, 3023200.504423519130796 ], [ 620546.000872823991813, 3023100.504423519130796 ], [ 620646.000872823991813, 3023100.504423519130796 ] ] ] } },
{ "type": "Feature", "properties": { "cell_id": "324_579", "label": 1, "block_id": "62_302" }, "geometry": { "type": "Polygon", "coordinates": [ [ [ 620746.000872823991813, 3022500.504423519130796 ], [ 620746.000872823991813, 3022600.504423519130796 ], [ 620646.000872823991813, 3022600.504423519130796 ], [ 620646.000872823991813, 3022500.504423519130796 ], [ 620746.000872823991813, 3022500.504423519130796 ] ] ] } },
{ "type": "Feature", "properties": { "cell_id": "328_603", "label": 1, "block_id": "62_302" }, "geometry": { "type": "Polygon", "coordinates": [ [ [ 621146.000872823991813, 3024900.504423519130796 ], [ 621146.000872823991813, 3025000.504423519130796 ], [ 621046.000872823991813, 3025000.504423519130796 ], [ 621046.000872823991813, 3024900.504423519130796 ], [ 621146.000872823991813, 3024900.504423519130796 ] ] ] } },
{ "type": "Feature", "properties": { "cell_id": "328_1011", "label": 0, "block_id": "62_306" }, "geometry": { "type": "Polygon", "coordinates": [ [ [ 621146.000872823991813, 3065700.504423519130796 ], [ 621146.000872823991813, 3065800.504423519130796 ], [ 621046.000872823991813, 3065800.504423519130796 ], [ 621046.000872823991813, 3065700.504423519130796 ], [ 621146.000872823991813, 3065700.504423519130796 ] ] ] } },
{ "type": "Feature", "properties": { "cell_id": "330_410", "label": 1, "block_id": "62_300" }, "geometry": { "type": "Polygon", "coordinates": [ [ [ 621346.000872823991813, 3005600.504423519130796 ], [ 621346.000872823991813, 3005700.504423519130796 ], [ 621246.000872823991813, 3005700.504423519130796 ], [ 621246.000872823991813, 3005600.504423519130796 ], [ 621346.000872823991813, 3005600.504423519130796 ] ] ] } },
{ "type": "Feature", "properties": { "cell_id": "331_361", "label": 1, "block_id": "62_300" }, "geometry": { "type": "Polygon", "coordinates": [ [ [ 621446.000872823991813, 3000700.504423519130796 ], [ 621446.000872823991813, 3000800.504423519130796 ], [ 621346.000872823991813, 3000800.504423519130796 ], [ 621346.000872823991813, 3000700.504423519130796 ], [ 621446.000872823991813, 3000700.504423519130796 ] ] ] } },
{ "type": "Feature", "properties": { "cell_id": "331_600", "label": 1, "block_id": "62_302" }, "geometry": { "type": "Polygon", "coordinates": [ [ [ 621446.000872823991813, 3024600.504423519130796 ], [ 621446.000872823991813, 3024700.504423519130796 ], [ 621346.000872823991813, 3024700.504423519130796 ], [ 621346.000872823991813, 3024600.504423519130796 ], [ 621446.000872823991813, 3024600.504423519130796 ] ] ] } },
{ "type": "Feature", "properties": { "cell_id": "331_1374", "label": 0, "block_id": "62_310" }, "geometry": { "type": "Polygon", "coordinates": [ [ [ 621446.000872823991813, 3102000.504423519130796 ], [ 621446.000872823991813, 3102100.504423519130796 ], [ 621346.000872823991813, 3102100.504423519130796 ], [ 621346.000872823991813, 3102000.504423519130796 ], [ 621446.000872823991813, 3102000.504423519130796 ] ] ] } },
{ "type": "Feature", "properties": { "cell_id": "333_646", "label": 0, "block_id": "62_302" }, "geometry": { "type": "Polygon", "coordinates": [ [ [ 621646.000872823991813, 3029200.504423519130796 ], [ 621646.000872823991813, 3029300.504423519130796 ], [ 621546.000872823991813, 3029300.504423519130796 ], [ 621546.000872823991813, 3029200.504423519130796 ], [ 621646.000872823991813, 3029200.504423519130796 ] ] ] } },
{ "type": "Feature", "properties": { "cell_id": "334_359", "label": 1, "block_id": "62_300" }, "geometry": { "type": "Polygon", "coordinates": [ [ [ 621746.000872823991813, 3000500.504423519130796 ], [ 621746.000872823991813, 3000600.504423519130796 ], [ 621646.000872823991813, 3000600.504423519130796 ], [ 621646.000872823991813, 3000500.504423519130796 ], [ 621746.000872823991813, 3000500.504423519130796 ] ] ] } },
{ "type": "Feature", "properties": { "cell_id": "334_406", "label": 1, "block_id": "62_300" }, "geometry": { "type": "Polygon", "coordinates": [ [ [ 621746.000872823991813, 3005200.504423519130796 ], [ 621746.000872823991813, 3005300.504423519130796 ], [ 621646.000872823991813, 3005300.504423519130796 ], [ 621646.000872823991813, 3005200.504423519130796 ], [ 621746.000872823991813, 3005200.504423519130796 ] ] ] } },
{ "type": "Feature", "properties": { "cell_id": "334_764", "label": 0, "block_id": "62_304" }, "geometry": { "type": "Polygon", "coordinates": [ [ [ 621746.000872823991813, 3041000.504423519130796 ], [ 621746.000872823991813, 3041100.504423519130796 ], [ 621646.000872823991813, 3041100.504423519130796 ], [ 621646.000872823991813, 3041000.504423519130796 ], [ 621746.000872823991813, 3041000.504423519130796 ] ] ] } },
{ "type": "Feature", "properties": { "cell_id": "335_896", "label": 0, "block_id": "62_305" }, "geometry": { "type": "Polygon", "coordinates": [ [ [ 621846.000872823991813, 3054200.504423519130796 ], [ 621846.000872823991813, 3054300.504423519130796 ], [ 621746.000872823991813, 3054300.504423519130796 ], [ 621746.000872823991813, 3054200.504423519130796 ], [ 621846.000872823991813, 3054200.504423519130796 ] ] ] } },
{ "type": "Feature", "properties": { "cell_id": "336_399", "label": 1, "block_id": "62_300" }, "geometry": { "type": "Polygon", "coordinates": [ [ [ 621946.000872823991813, 3004500.504423519130796 ], [ 621946.000872823991813, 3004600.504423519130796 ], [ 621846.000872823991813, 3004600.504423519130796 ], [ 621846.000872823991813, 3004500.504423519130796 ], [ 621946.000872823991813, 3004500.504423519130796 ] ] ] } },
{ "type": "Feature", "properties": { "cell_id": "337_398", "label": 1, "block_id": "62_300" }, "geometry": { "type": "Polygon", "coordinates": [ [ [ 622046.000872823991813, 3004400.504423519130796 ], [ 622046.000872823991813, 3004500.504423519130796 ], [ 621946.000872823991813, 3004500.504423519130796 ], [ 621946.000872823991813, 3004400.504423519130796 ], [ 622046.000872823991813, 3004400.504423519130796 ] ] ] } },
{ "type": "Feature", "properties": { "cell_id": "337_820", "label": 0, "block_id": "62_304" }, "geometry": { "type": "Polygon", "coordinates": [ [ [ 622046.000872823991813, 3046600.504423519130796 ], [ 622046.000872823991813, 3046700.504423519130796 ], [ 621946.000872823991813, 3046700.504423519130796 ], [ 621946.000872823991813, 3046600.504423519130796 ], [ 622046.000872823991813, 3046600.504423519130796 ] ] ] } },
{ "type": "Feature", "properties": { "cell_id": "338_294", "label": 0, "block_id": "62_299" }, "geometry": { "type": "Polygon", "coordinates": [ [ [ 622146.000872823991813, 2994000.504423519130796 ], [ 622146.000872823991813, 2994100.504423519130796 ], [ 622046.000872823991813, 2994100.504423519130796 ], [ 622046.000872823991813, 2994000.504423519130796 ], [ 622146.000872823991813, 2994000.504423519130796 ] ] ] } },
{ "type": "Feature", "properties": { "cell_id": "338_924", "label": 0, "block_id": "62_305" }, "geometry": { "type": "Polygon", "coordinates": [ [ [ 622146.000872823991813, 3057000.504423519130796 ], [ 622146.000872823991813, 3057100.504423519130796 ], [ 622046.000872823991813, 3057100.504423519130796 ], [ 622046.000872823991813, 3057000.504423519130796 ], [ 622146.000872823991813, 3057000.504423519130796 ] ] ] } },
{ "type": "Feature", "properties": { "cell_id": "338_1072", "label": 0, "block_id": "62_307" }, "geometry": { "type": "Polygon", "coordinates": [ [ [ 622146.000872823991813, 3071800.504423519130796 ], [ 622146.000872823991813, 3071900.504423519130796 ], [ 622046.000872823991813, 3071900.504423519130796 ], [ 622046.000872823991813, 3071800.504423519130796 ], [ 622146.000872823991813, 3071800.504423519130796 ] ] ] } },
{ "type": "Feature", "properties": { "cell_id": "338_1406", "label": 0, "block_id": "62_310" }, "geometry": { "type": "Polygon", "coordinates": [ [ [ 622146.000872823991813, 3105200.504423519130796 ], [ 622146.000872823991813, 3105300.504423519130796 ], [ 622046.000872823991813, 3105300.504423519130796 ], [ 622046.000872823991813, 3105200.504423519130796 ], [ 622146.000872823991813, 3105200.504423519130796 ] ] ] } },
{ "type": "Feature", "properties": { "cell_id": "338_1654", "label": 0, "block_id": "62_313" }, "geometry": { "type": "Polygon", "coordinates": [ [ [ 622146.000872823991813, 3130000.504423519130796 ], [ 622146.000872823991813, 3130100.504423519130796 ], [ 622046.000872823991813, 3130100.504423519130796 ], [ 622046.000872823991813, 3130000.504423519130796 ], [ 622146.000872823991813, 3130000.504423519130796 ] ] ] } },
{ "type": "Feature", "properties": { "cell_id": "343_359", "label": 1, "block_id": "62_300" }, "geometry": { "type": "Polygon", "coordinates": [ [ [ 622646.000872823991813, 3000500.504423519130796 ], [ 622646.000872823991813, 3000600.504423519130796 ], [ 622546.000872823991813, 3000600.504423519130796 ], [ 622546.000872823991813, 3000500.504423519130796 ], [ 622646.000872823991813, 3000500.504423519130796 ] ] ] } },
{ "type": "Feature", "properties": { "cell_id": "346_836", "label": 0, "block_id": "62_304" }, "geometry": { "type": "Polygon", "coordinates": [ [ [ 622946.000872823991813, 3048200.504423519130796 ], [ 622946.000872823991813, 3048300.504423519130796 ], [ 622846.000872823991813, 3048300.504423519130796 ], [ 622846.000872823991813, 3048200.504423519130796 ], [ 622946.000872823991813, 3048200.504423519130796 ] ] ] } },
{ "type": "Feature", "properties": { "cell_id": "350_606", "label": 1, "block_id": "62_302" }, "geometry": { "type": "Polygon", "coordinates": [ [ [ 623346.000872823991813, 3025200.504423519130796 ], [ 623346.000872823991813, 3025300.504423519130796 ], [ 623246.000872823991813, 3025300.504423519130796 ], [ 623246.000872823991813, 3025200.504423519130796 ], [ 623346.000872823991813, 3025200.504423519130796 ] ] ] } },
{ "type": "Feature", "properties": { "cell_id": "351_413", "label": 1, "block_id": "62_300" }, "geometry": { "type": "Polygon", "coordinates": [ [ [ 623446.000872823991813, 3005900.504423519130796 ], [ 623446.000872823991813, 3006000.504423519130796 ], [ 623346.000872823991813, 3006000.504423519130796 ], [ 623346.000872823991813, 3005900.504423519130796 ], [ 623446.000872823991813, 3005900.504423519130796 ] ] ] } },
{ "type": "Feature", "properties": { "cell_id": "355_106", "label": 0, "block_id": "62_297" }, "geometry": { "type": "Polygon", "coordinates": [ [ [ 623846.000872823991813, 2975200.504423519130796 ], [ 623846.000872823991813, 2975300.504423519130796 ], [ 623746.000872823991813, 2975300.504423519130796 ], [ 623746.000872823991813, 2975200.504423519130796 ], [ 623846.000872823991813, 2975200.504423519130796 ] ] ] } },
{ "type": "Feature", "properties": { "cell_id": "355_852", "label": 0, "block_id": "62_304" }, "geometry": { "type": "Polygon", "coordinates": [ [ [ 623846.000872823991813, 3049800.504423519130796 ], [ 623846.000872823991813, 3049900.504423519130796 ], [ 623746.000872823991813, 3049900.504423519130796 ], [ 623746.000872823991813, 3049800.504423519130796 ], [ 623846.000872823991813, 3049800.504423519130796 ] ] ] } },
{ "type": "Feature", "properties": { "cell_id": "356_608", "label": 0, "block_id": "62_302" }, "geometry": { "type": "Polygon", "coordinates": [ [ [ 623946.000872823991813, 3025400.504423519130796 ], [ 623946.000872823991813, 3025500.504423519130796 ], [ 623846.000872823991813, 3025500.504423519130796 ], [ 623846.000872823991813, 3025400.504423519130796 ], [ 623946.000872823991813, 3025400.504423519130796 ] ] ] } },
{ "type": "Feature", "properties": { "cell_id": "358_1363", "label": 0, "block_id": "62_310" }, "geometry": { "type": "Polygon", "coordinates": [ [ [ 624146.000872823991813, 3100900.504423519130796 ], [ 624146.000872823991813, 3101000.504423519130796 ], [ 624046.000872823991813, 3101000.504423519130796 ], [ 624046.000872823991813, 3100900.504423519130796 ], [ 624146.000872823991813, 3100900.504423519130796 ] ] ] } },
{ "type": "Feature", "properties": { "cell_id": "360_264", "label": 0, "block_id": "62_299" }, "geometry": { "type": "Polygon", "coordinates": [ [ [ 624346.000872823991813, 2991000.504423519130796 ], [ 624346.000872823991813, 2991100.504423519130796 ], [ 624246.000872823991813, 2991100.504423519130796 ], [ 624246.000872823991813, 2991000.504423519130796 ], [ 624346.000872823991813, 2991000.504423519130796 ] ] ] } },
{ "type": "Feature", "properties": { "cell_id": "360_1070", "label": 0, "block_id": "62_307" }, "geometry": { "type": "Polygon", "coordinates": [ [ [ 624346.000872823991813, 3071600.504423519130796 ], [ 624346.000872823991813, 3071700.504423519130796 ], [ 624246.000872823991813, 3071700.504423519130796 ], [ 624246.000872823991813, 3071600.504423519130796 ], [ 624346.000872823991813, 3071600.504423519130796 ] ] ] } },
{ "type": "Feature", "properties": { "cell_id": "363_189", "label": 0, "block_id": "62_298" }, "geometry": { "type": "Polygon", "coordinates": [ [ [ 624646.000872823991813, 2983500.504423519130796 ], [ 624646.000872823991813, 2983600.504423519130796 ], [ 624546.000872823991813, 2983600.504423519130796 ], [ 624546.000872823991813, 2983500.504423519130796 ], [ 624646.000872823991813, 2983500.504423519130796 ] ] ] } },
{ "type": "Feature", "properties": { "cell_id": "363_966", "label": 0, "block_id": "62_306" }, "geometry": { "type": "Polygon", "coordinates": [ [ [ 624646.000872823991813, 3061200.504423519130796 ], [ 624646.000872823991813, 3061300.504423519130796 ], [ 624546.000872823991813, 3061300.504423519130796 ], [ 624546.000872823991813, 3061200.504423519130796 ], [ 624646.000872823991813, 3061200.504423519130796 ] ] ] } },
{ "type": "Feature", "properties": { "cell_id": "368_367", "label": 1, "block_id": "62_300" }, "geometry": { "type": "Polygon", "coordinates": [ [ [ 625146.000872823991813, 3001300.504423519130796 ], [ 625146.000872823991813, 3001400.504423519130796 ], [ 625046.000872823991813, 3001400.504423519130796 ], [ 625046.000872823991813, 3001300.504423519130796 ], [ 625146.000872823991813, 3001300.504423519130796 ] ] ] } },
{ "type": "Feature", "properties": { "cell_id": "368_829", "label": 0, "block_id": "62_304" }, "geometry": { "type": "Polygon", "coordinates": [ [ [ 625146.000872823991813, 3047500.504423519130796 ], [ 625146.000872823991813, 3047600.504423519130796 ], [ 625046.000872823991813, 3047600.504423519130796 ], [ 625046.000872823991813, 3047500.504423519130796 ], [ 625146.000872823991813, 3047500.504423519130796 ] ] ] } },
{ "type": "Feature", "properties": { "cell_id": "372_119", "label": 0, "block_id": "62_297" }, "geometry": { "type": "Polygon", "coordinates": [ [ [ 625546.000872823991813, 2976500.504423519130796 ], [ 625546.000872823991813, 2976600.504423519130796 ], [ 625446.000872823991813, 2976600.504423519130796 ], [ 625446.000872823991813, 2976500.504423519130796 ], [ 625546.000872823991813, 2976500.504423519130796 ] ] ] } },
{ "type": "Feature", "properties": { "cell_id": "372_368", "label": 1, "block_id": "62_300" }, "geometry": { "type": "Polygon", "coordinates": [ [ [ 625546.000872823991813, 3001400.504423519130796 ], [ 625546.000872823991813, 3001500.504423519130796 ], [ 625446.000872823991813, 3001500.504423519130796 ], [ 625446.000872823991813, 3001400.504423519130796 ], [ 625546.000872823991813, 3001400.504423519130796 ] ] ] } },
{ "type": "Feature", "properties": { "cell_id": "373_448", "label": 1, "block_id": "62_300" }, "geometry": { "type": "Polygon", "coordinates": [ [ [ 625646.000872823991813, 3009400.504423519130796 ], [ 625646.000872823991813, 3009500.504423519130796 ], [ 625546.000872823991813, 3009500.504423519130796 ], [ 625546.000872823991813, 3009400.504423519130796 ], [ 625646.000872823991813, 3009400.504423519130796 ] ] ] } },
{ "type": "Feature", "properties": { "cell_id": "373_717", "label": 0, "block_id": "62_303" }, "geometry": { "type": "Polygon", "coordinates": [ [ [ 625646.000872823991813, 3036300.504423519130796 ], [ 625646.000872823991813, 3036400.504423519130796 ], [ 625546.000872823991813, 3036400.504423519130796 ], [ 625546.000872823991813, 3036300.504423519130796 ], [ 625646.000872823991813, 3036300.504423519130796 ] ] ] } },
{ "type": "Feature", "properties": { "cell_id": "376_613", "label": 1, "block_id": "62_302" }, "geometry": { "type": "Polygon", "coordinates": [ [ [ 625946.000872823991813, 3025900.504423519130796 ], [ 625946.000872823991813, 3026000.504423519130796 ], [ 625846.000872823991813, 3026000.504423519130796 ], [ 625846.000872823991813, 3025900.504423519130796 ], [ 625946.000872823991813, 3025900.504423519130796 ] ] ] } },
{ "type": "Feature", "properties": { "cell_id": "376_614", "label": 1, "block_id": "62_302" }, "geometry": { "type": "Polygon", "coordinates": [ [ [ 625946.000872823991813, 3026000.504423519130796 ], [ 625946.000872823991813, 3026100.504423519130796 ], [ 625846.000872823991813, 3026100.504423519130796 ], [ 625846.000872823991813, 3026000.504423519130796 ], [ 625946.000872823991813, 3026000.504423519130796 ] ] ] } },
{ "type": "Feature", "properties": { "cell_id": "381_395", "label": 1, "block_id": "62_300" }, "geometry": { "type": "Polygon", "coordinates": [ [ [ 626446.000872823991813, 3004100.504423519130796 ], [ 626446.000872823991813, 3004200.504423519130796 ], [ 626346.000872823991813, 3004200.504423519130796 ], [ 626346.000872823991813, 3004100.504423519130796 ], [ 626446.000872823991813, 3004100.504423519130796 ] ] ] } },
{ "type": "Feature", "properties": { "cell_id": "382_638", "label": 0, "block_id": "62_302" }, "geometry": { "type": "Polygon", "coordinates": [ [ [ 626546.000872823991813, 3028400.504423519130796 ], [ 626546.000872823991813, 3028500.504423519130796 ], [ 626446.000872823991813, 3028500.504423519130796 ], [ 626446.000872823991813, 3028400.504423519130796 ], [ 626546.000872823991813, 3028400.504423519130796 ] ] ] } },
{ "type": "Feature", "properties": { "cell_id": "383_922", "label": 0, "block_id": "62_305" }, "geometry": { "type": "Polygon", "coordinates": [ [ [ 626646.000872823991813, 3056800.504423519130796 ], [ 626646.000872823991813, 3056900.504423519130796 ], [ 626546.000872823991813, 3056900.504423519130796 ], [ 626546.000872823991813, 3056800.504423519130796 ], [ 626646.000872823991813, 3056800.504423519130796 ] ] ] } },
{ "type": "Feature", "properties": { "cell_id": "384_1393", "label": 0, "block_id": "62_310" }, "geometry": { "type": "Polygon", "coordinates": [ [ [ 626746.000872823991813, 3103900.504423519130796 ], [ 626746.000872823991813, 3104000.504423519130796 ], [ 626646.000872823991813, 3104000.504423519130796 ], [ 626646.000872823991813, 3103900.504423519130796 ], [ 626746.000872823991813, 3103900.504423519130796 ] ] ] } },
{ "type": "Feature", "properties": { "cell_id": "386_685", "label": 0, "block_id": "62_303" }, "geometry": { "type": "Polygon", "coordinates": [ [ [ 626946.000872823991813, 3033100.504423519130796 ], [ 626946.000872823991813, 3033200.504423519130796 ], [ 626846.000872823991813, 3033200.504423519130796 ], [ 626846.000872823991813, 3033100.504423519130796 ], [ 626946.000872823991813, 3033100.504423519130796 ] ] ] } },
{ "type": "Feature", "properties": { "cell_id": "388_927", "label": 0, "block_id": "62_305" }, "geometry": { "type": "Polygon", "coordinates": [ [ [ 627146.000872823991813, 3057300.504423519130796 ], [ 627146.000872823991813, 3057400.504423519130796 ], [ 627046.000872823991813, 3057400.504423519130796 ], [ 627046.000872823991813, 3057300.504423519130796 ], [ 627146.000872823991813, 3057300.504423519130796 ] ] ] } },
{ "type": "Feature", "properties": { "cell_id": "391_315", "label": 0, "block_id": "62_299" }, "geometry": { "type": "Polygon", "coordinates": [ [ [ 627446.000872823991813, 2996100.504423519130796 ], [ 627446.000872823991813, 2996200.504423519130796 ], [ 627346.000872823991813, 2996200.504423519130796 ], [ 627346.000872823991813, 2996100.504423519130796 ], [ 627446.000872823991813, 2996100.504423519130796 ] ] ] } },
{ "type": "Feature", "properties": { "cell_id": "393_437", "label": 1, "block_id": "62_300" }, "geometry": { "type": "Polygon", "coordinates": [ [ [ 627646.000872823991813, 3008300.504423519130796 ], [ 627646.000872823991813, 3008400.504423519130796 ], [ 627546.000872823991813, 3008400.504423519130796 ], [ 627546.000872823991813, 3008300.504423519130796 ], [ 627646.000872823991813, 3008300.504423519130796 ] ] ] } },
{ "type": "Feature", "properties": { "cell_id": "394_671", "label": 0, "block_id": "62_303" }, "geometry": { "type": "Polygon", "coordinates": [ [ [ 627746.000872823991813, 3031700.504423519130796 ], [ 627746.000872823991813, 3031800.504423519130796 ], [ 627646.000872823991813, 3031800.504423519130796 ], [ 627646.000872823991813, 3031700.504423519130796 ], [ 627746.000872823991813, 3031700.504423519130796 ] ] ] } },
{ "type": "Feature", "properties": { "cell_id": "394_1503", "label": 0, "block_id": "62_311" }, "geometry": { "type": "Polygon", "coordinates": [ [ [ 627746.000872823991813, 3114900.504423519130796 ], [ 627746.000872823991813, 3115000.504423519130796 ], [ 627646.000872823991813, 3115000.504423519130796 ], [ 627646.000872823991813, 3114900.504423519130796 ], [ 627746.000872823991813, 3114900.504423519130796 ] ] ] } },
{ "type": "Feature", "properties": { "cell_id": "395_1491", "label": 0, "block_id": "62_311" }, "geometry": { "type": "Polygon", "coordinates": [ [ [ 627846.000872823991813, 3113700.504423519130796 ], [ 627846.000872823991813, 3113800.504423519130796 ], [ 627746.000872823991813, 3113800.504423519130796 ], [ 627746.000872823991813, 3113700.504423519130796 ], [ 627846.000872823991813, 3113700.504423519130796 ] ] ] } },
{ "type": "Feature", "properties": { "cell_id": "396_198", "label": 0, "block_id": "62_298" }, "geometry": { "type": "Polygon", "coordinates": [ [ [ 627946.000872823991813, 2984400.504423519130796 ], [ 627946.000872823991813, 2984500.504423519130796 ], [ 627846.000872823991813, 2984500.504423519130796 ], [ 627846.000872823991813, 2984400.504423519130796 ], [ 627946.000872823991813, 2984400.504423519130796 ] ] ] } },
{ "type": "Feature", "properties": { "cell_id": "396_1560", "label": 0, "block_id": "62_312" }, "geometry": { "type": "Polygon", "coordinates": [ [ [ 627946.000872823991813, 3120600.504423519130796 ], [ 627946.000872823991813, 3120700.504423519130796 ], [ 627846.000872823991813, 3120700.504423519130796 ], [ 627846.000872823991813, 3120600.504423519130796 ], [ 627946.000872823991813, 3120600.504423519130796 ] ] ] } },
{ "type": "Feature", "properties": { "cell_id": "397_969", "label": 0, "block_id": "62_306" }, "geometry": { "type": "Polygon", "coordinates": [ [ [ 628046.000872823991813, 3061500.504423519130796 ], [ 628046.000872823991813, 3061600.504423519130796 ], [ 627946.000872823991813, 3061600.504423519130796 ], [ 627946.000872823991813, 3061500.504423519130796 ], [ 628046.000872823991813, 3061500.504423519130796 ] ] ] } },
{ "type": "Feature", "properties": { "cell_id": "398_366", "label": 1, "block_id": "62_300" }, "geometry": { "type": "Polygon", "coordinates": [ [ [ 628146.000872823991813, 3001200.504423519130796 ], [ 628146.000872823991813, 3001300.504423519130796 ], [ 628046.000872823991813, 3001300.504423519130796 ], [ 628046.000872823991813, 3001200.504423519130796 ], [ 628146.000872823991813, 3001200.504423519130796 ] ] ] } },
{ "type": "Feature", "properties": { "cell_id": "398_393", "label": 0, "block_id": "62_300" }, "geometry": { "type": "Polygon", "coordinates": [ [ [ 628146.000872823991813, 3003900.504423519130796 ], [ 628146.000872823991813, 3004000.504423519130796 ], [ 628046.000872823991813, 3004000.504423519130796 ], [ 628046.000872823991813, 3003900.504423519130796 ], [ 628146.000872823991813, 3003900.504423519130796 ] ] ] } },
{ "type": "Feature", "properties": { "cell_id": "398_612", "label": 0, "block_id": "62_302" }, "geometry": { "type": "Polygon", "coordinates": [ [ [ 628146.000872823991813, 3025800.504423519130796 ], [ 628146.000872823991813, 3025900.504423519130796 ], [ 628046.000872823991813, 3025900.504423519130796 ], [ 628046.000872823991813, 3025800.504423519130796 ], [ 628146.000872823991813, 3025800.504423519130796 ] ] ] } },
{ "type": "Feature", "properties": { "cell_id": "398_636", "label": 0, "block_id": "62_302" }, "geometry": { "type": "Polygon", "coordinates": [ [ [ 628146.000872823991813, 3028200.504423519130796 ], [ 628146.000872823991813, 3028300.504423519130796 ], [ 628046.000872823991813, 3028300.504423519130796 ], [ 628046.000872823991813, 3028200.504423519130796 ], [ 628146.000872823991813, 3028200.504423519130796 ] ] ] } },
{ "type": "Feature", "properties": { "cell_id": "398_724", "label": 0, "block_id": "62_303" }, "geometry": { "type": "Polygon", "coordinates": [ [ [ 628146.000872823991813, 3037000.504423519130796 ], [ 628146.000872823991813, 3037100.504423519130796 ], [ 628046.000872823991813, 3037100.504423519130796 ], [ 628046.000872823991813, 3037000.504423519130796 ], [ 628146.000872823991813, 3037000.504423519130796 ] ] ] } },
{ "type": "Feature", "properties": { "cell_id": "399_176", "label": 0, "block_id": "62_298" }, "geometry": { "type": "Polygon", "coordinates": [ [ [ 628246.000872823991813, 2982200.504423519130796 ], [ 628246.000872823991813, 2982300.504423519130796 ], [ 628146.000872823991813, 2982300.504423519130796 ], [ 628146.000872823991813, 2982200.504423519130796 ], [ 628246.000872823991813, 2982200.504423519130796 ] ] ] } },
{ "type": "Feature", "properties": { "cell_id": "400_148", "label": 0, "block_id": "62_297" }, "geometry": { "type": "Polygon", "coordinates": [ [ [ 628346.000872823991813, 2979400.504423519130796 ], [ 628346.000872823991813, 2979500.504423519130796 ], [ 628246.000872823991813, 2979500.504423519130796 ], [ 628246.000872823991813, 2979400.504423519130796 ], [ 628346.000872823991813, 2979400.504423519130796 ] ] ] } },
{ "type": "Feature", "properties": { "cell_id": "405_401", "label": 1, "block_id": "62_300" }, "geometry": { "type": "Polygon", "coordinates": [ [ [ 628846.000872823991813, 3004700.504423519130796 ], [ 628846.000872823991813, 3004800.504423519130796 ], [ 628746.000872823991813, 3004800.504423519130796 ], [ 628746.000872823991813, 3004700.504423519130796 ], [ 628846.000872823991813, 3004700.504423519130796 ] ] ] } },
{ "type": "Feature", "properties": { "cell_id": "406_394", "label": 0, "block_id": "62_300" }, "geometry": { "type": "Polygon", "coordinates": [ [ [ 628946.000872823991813, 3004000.504423519130796 ], [ 628946.000872823991813, 3004100.504423519130796 ], [ 628846.000872823991813, 3004100.504423519130796 ], [ 628846.000872823991813, 3004000.504423519130796 ], [ 628946.000872823991813, 3004000.504423519130796 ] ] ] } },
{ "type": "Feature", "properties": { "cell_id": "408_650", "label": 1, "block_id": "62_302" }, "geometry": { "type": "Polygon", "coordinates": [ [ [ 629146.000872823991813, 3029600.504423519130796 ], [ 629146.000872823991813, 3029700.504423519130796 ], [ 629046.000872823991813, 3029700.504423519130796 ], [ 629046.000872823991813, 3029600.504423519130796 ], [ 629146.000872823991813, 3029600.504423519130796 ] ] ] } },
{ "type": "Feature", "properties": { "cell_id": "409_663", "label": 1, "block_id": "62_303" }, "geometry": { "type": "Polygon", "coordinates": [ [ [ 629246.000872823991813, 3030900.504423519130796 ], [ 629246.000872823991813, 3031000.504423519130796 ], [ 629146.000872823991813, 3031000.504423519130796 ], [ 629146.000872823991813, 3030900.504423519130796 ], [ 629246.000872823991813, 3030900.504423519130796 ] ] ] } },
{ "type": "Feature", "properties": { "cell_id": "410_662", "label": 1, "block_id": "62_303" }, "geometry": { "type": "Polygon", "coordinates": [ [ [ 629346.000872823991813, 3030800.504423519130796 ], [ 629346.000872823991813, 3030900.504423519130796 ], [ 629246.000872823991813, 3030900.504423519130796 ], [ 629246.000872823991813, 3030800.504423519130796 ], [ 629346.000872823991813, 3030800.504423519130796 ] ] ] } },
{ "type": "Feature", "properties": { "cell_id": "410_712", "label": 0, "block_id": "62_303" }, "geometry": { "type": "Polygon", "coordinates": [ [ [ 629346.000872823991813, 3035800.504423519130796 ], [ 629346.000872823991813, 3035900.504423519130796 ], [ 629246.000872823991813, 3035900.504423519130796 ], [ 629246.000872823991813, 3035800.504423519130796 ], [ 629346.000872823991813, 3035800.504423519130796 ] ] ] } },
{ "type": "Feature", "properties": { "cell_id": "411_386", "label": 1, "block_id": "62_300" }, "geometry": { "type": "Polygon", "coordinates": [ [ [ 629446.000872823991813, 3003200.504423519130796 ], [ 629446.000872823991813, 3003300.504423519130796 ], [ 629346.000872823991813, 3003300.504423519130796 ], [ 629346.000872823991813, 3003200.504423519130796 ], [ 629446.000872823991813, 3003200.504423519130796 ] ] ] } },
{ "type": "Feature", "properties": { "cell_id": "412_399", "label": 1, "block_id": "62_300" }, "geometry": { "type": "Polygon", "coordinates": [ [ [ 629546.000872823991813, 3004500.504423519130796 ], [ 629546.000872823991813, 3004600.504423519130796 ], [ 629446.000872823991813, 3004600.504423519130796 ], [ 629446.000872823991813, 3004500.504423519130796 ], [ 629546.000872823991813, 3004500.504423519130796 ] ] ] } },
{ "type": "Feature", "properties": { "cell_id": "412_660", "label": 1, "block_id": "62_303" }, "geometry": { "type": "Polygon", "coordinates": [ [ [ 629546.000872823991813, 3030600.504423519130796 ], [ 629546.000872823991813, 3030700.504423519130796 ], [ 629446.000872823991813, 3030700.504423519130796 ], [ 629446.000872823991813, 3030600.504423519130796 ], [ 629546.000872823991813, 3030600.504423519130796 ] ] ] } },
{ "type": "Feature", "properties": { "cell_id": "413_231", "label": 0, "block_id": "62_298" }, "geometry": { "type": "Polygon", "coordinates": [ [ [ 629646.000872823991813, 2987700.504423519130796 ], [ 629646.000872823991813, 2987800.504423519130796 ], [ 629546.000872823991813, 2987800.504423519130796 ], [ 629546.000872823991813, 2987700.504423519130796 ], [ 629646.000872823991813, 2987700.504423519130796 ] ] ] } },
{ "type": "Feature", "properties": { "cell_id": "413_656", "label": 1, "block_id": "62_303" }, "geometry": { "type": "Polygon", "coordinates": [ [ [ 629646.000872823991813, 3030200.504423519130796 ], [ 629646.000872823991813, 3030300.504423519130796 ], [ 629546.000872823991813, 3030300.504423519130796 ], [ 629546.000872823991813, 3030200.504423519130796 ], [ 629646.000872823991813, 3030200.504423519130796 ] ] ] } },
{ "type": "Feature", "properties": { "cell_id": "413_847", "label": 0, "block_id": "62_304" }, "geometry": { "type": "Polygon", "coordinates": [ [ [ 629646.000872823991813, 3049300.504423519130796 ], [ 629646.000872823991813, 3049400.504423519130796 ], [ 629546.000872823991813, 3049400.504423519130796 ], [ 629546.000872823991813, 3049300.504423519130796 ], [ 629646.000872823991813, 3049300.504423519130796 ] ] ] } },
{ "type": "Feature", "properties": { "cell_id": "414_365", "label": 1, "block_id": "62_300" }, "geometry": { "type": "Polygon", "coordinates": [ [ [ 629746.000872823991813, 3001100.504423519130796 ], [ 629746.000872823991813, 3001200.504423519130796 ], [ 629646.000872823991813, 3001200.504423519130796 ], [ 629646.000872823991813, 3001100.504423519130796 ], [ 629746.000872823991813, 3001100.504423519130796 ] ] ] } },
{ "type": "Feature", "properties": { "cell_id": "414_425", "label": 1, "block_id": "62_300" }, "geometry": { "type": "Polygon", "coordinates": [ [ [ 629746.000872823991813, 3007100.504423519130796 ], [ 629746.000872823991813, 3007200.504423519130796 ], [ 629646.000872823991813, 3007200.504423519130796 ], [ 629646.000872823991813, 3007100.504423519130796 ], [ 629746.000872823991813, 3007100.504423519130796 ] ] ] } },
{ "type": "Feature", "properties": { "cell_id": "415_392", "label": 1, "block_id": "62_300" }, "geometry": { "type": "Polygon", "coordinates": [ [ [ 629846.000872823991813, 3003800.504423519130796 ], [ 629846.000872823991813, 3003900.504423519130796 ], [ 629746.000872823991813, 3003900.504423519130796 ], [ 629746.000872823991813, 3003800.504423519130796 ], [ 629846.000872823991813, 3003800.504423519130796 ] ] ] } },
{ "type": "Feature", "properties": { "cell_id": "416_384", "label": 1, "block_id": "62_300" }, "geometry": { "type": "Polygon", "coordinates": [ [ [ 629946.000872823991813, 3003000.504423519130796 ], [ 629946.000872823991813, 3003100.504423519130796 ], [ 629846.000872823991813, 3003100.504423519130796 ], [ 629846.000872823991813, 3003000.504423519130796 ], [ 629946.000872823991813, 3003000.504423519130796 ] ] ] } },
{ "type": "Feature", "properties": { "cell_id": "419_394", "label": 1, "block_id": "63_300" }, "geometry": { "type": "Polygon", "coordinates": [ [ [ 630246.000872823991813, 3004000.504423519130796 ], [ 630246.000872823991813, 3004100.504423519130796 ], [ 630146.000872823991813, 3004100.504423519130796 ], [ 630146.000872823991813, 3004000.504423519130796 ], [ 630246.000872823991813, 3004000.504423519130796 ] ] ] } },
{ "type": "Feature", "properties": { "cell_id": "419_1157", "label": 0, "block_id": "63_308" }, "geometry": { "type": "Polygon", "coordinates": [ [ [ 630246.000872823991813, 3080300.504423519130796 ], [ 630246.000872823991813, 3080400.504423519130796 ], [ 630146.000872823991813, 3080400.504423519130796 ], [ 630146.000872823991813, 3080300.504423519130796 ], [ 630246.000872823991813, 3080300.504423519130796 ] ] ] } },
{ "type": "Feature", "properties": { "cell_id": "420_476", "label": 0, "block_id": "63_301" }, "geometry": { "type": "Polygon", "coordinates": [ [ [ 630346.000872823991813, 3012200.504423519130796 ], [ 630346.000872823991813, 3012300.504423519130796 ], [ 630246.000872823991813, 3012300.504423519130796 ], [ 630246.000872823991813, 3012200.504423519130796 ], [ 630346.000872823991813, 3012200.504423519130796 ] ] ] } },
{ "type": "Feature", "properties": { "cell_id": "422_365", "label": 1, "block_id": "63_300" }, "geometry": { "type": "Polygon", "coordinates": [ [ [ 630546.000872823991813, 3001100.504423519130796 ], [ 630546.000872823991813, 3001200.504423519130796 ], [ 630446.000872823991813, 3001200.504423519130796 ], [ 630446.000872823991813, 3001100.504423519130796 ], [ 630546.000872823991813, 3001100.504423519130796 ] ] ] } },
{ "type": "Feature", "properties": { "cell_id": "424_174", "label": 0, "block_id": "63_298" }, "geometry": { "type": "Polygon", "coordinates": [ [ [ 630746.000872823991813, 2982000.504423519130796 ], [ 630746.000872823991813, 2982100.504423519130796 ], [ 630646.000872823991813, 2982100.504423519130796 ], [ 630646.000872823991813, 2982000.504423519130796 ], [ 630746.000872823991813, 2982000.504423519130796 ] ] ] } },
{ "type": "Feature", "properties": { "cell_id": "424_402", "label": 1, "block_id": "63_300" }, "geometry": { "type": "Polygon", "coordinates": [ [ [ 630746.000872823991813, 3004800.504423519130796 ], [ 630746.000872823991813, 3004900.504423519130796 ], [ 630646.000872823991813, 3004900.504423519130796 ], [ 630646.000872823991813, 3004800.504423519130796 ], [ 630746.000872823991813, 3004800.504423519130796 ] ] ] } },
{ "type": "Feature", "properties": { "cell_id": "425_362", "label": 1, "block_id": "63_300" }, "geometry": { "type": "Polygon", "coordinates": [ [ [ 630846.000872823991813, 3000800.504423519130796 ], [ 630846.000872823991813, 3000900.504423519130796 ], [ 630746.000872823991813, 3000900.504423519130796 ], [ 630746.000872823991813, 3000800.504423519130796 ], [ 630846.000872823991813, 3000800.504423519130796 ] ] ] } },
{ "type": "Feature", "properties": { "cell_id": "425_396", "label": 1, "block_id": "63_300" }, "geometry": { "type": "Polygon", "coordinates": [ [ [ 630846.000872823991813, 3004200.504423519130796 ], [ 630846.000872823991813, 3004300.504423519130796 ], [ 630746.000872823991813, 3004300.504423519130796 ], [ 630746.000872823991813, 3004200.504423519130796 ], [ 630846.000872823991813, 3004200.504423519130796 ] ] ] } },
{ "type": "Feature", "properties": { "cell_id": "425_431", "label": 1, "block_id": "63_300" }, "geometry": { "type": "Polygon", "coordinates": [ [ [ 630846.000872823991813, 3007700.504423519130796 ], [ 630846.000872823991813, 3007800.504423519130796 ], [ 630746.000872823991813, 3007800.504423519130796 ], [ 630746.000872823991813, 3007700.504423519130796 ], [ 630846.000872823991813, 3007700.504423519130796 ] ] ] } },
{ "type": "Feature", "properties": { "cell_id": "426_225", "label": 0, "block_id": "63_298" }, "geometry": { "type": "Polygon", "coordinates": [ [ [ 630946.000872823991813, 2987100.504423519130796 ], [ 630946.000872823991813, 2987200.504423519130796 ], [ 630846.000872823991813, 2987200.504423519130796 ], [ 630846.000872823991813, 2987100.504423519130796 ], [ 630946.000872823991813, 2987100.504423519130796 ] ] ] } },
{ "type": "Feature", "properties": { "cell_id": "426_461", "label": 1, "block_id": "63_301" }, "geometry": { "type": "Polygon", "coordinates": [ [ [ 630946.000872823991813, 3010700.504423519130796 ], [ 630946.000872823991813, 3010800.504423519130796 ], [ 630846.000872823991813, 3010800.504423519130796 ], [ 630846.000872823991813, 3010700.504423519130796 ], [ 630946.000872823991813, 3010700.504423519130796 ] ] ] } },
{ "type": "Feature", "properties": { "cell_id": "426_780", "label": 0, "block_id": "63_304" }, "geometry": { "type": "Polygon", "coordinates": [ [ [ 630946.000872823991813, 3042600.504423519130796 ], [ 630946.000872823991813, 3042700.504423519130796 ], [ 630846.000872823991813, 3042700.504423519130796 ], [ 630846.000872823991813, 3042600.504423519130796 ], [ 630946.000872823991813, 3042600.504423519130796 ] ] ] } },
{ "type": "Feature", "properties": { "cell_id": "427_810", "label": 0, "block_id": "63_304" }, "geometry": { "type": "Polygon", "coordinates": [ [ [ 631046.000872823991813, 3045600.504423519130796 ], [ 631046.000872823991813, 3045700.504423519130796 ], [ 630946.000872823991813, 3045700.504423519130796 ], [ 630946.000872823991813, 3045600.504423519130796 ], [ 631046.000872823991813, 3045600.504423519130796 ] ] ] } },
{ "type": "Feature", "properties": { "cell_id": "428_451", "label": 1, "block_id": "63_300" }, "geometry": { "type": "Polygon", "coordinates": [ [ [ 631146.000872823991813, 3009700.504423519130796 ], [ 631146.000872823991813, 3009800.504423519130796 ], [ 631046.000872823991813, 3009800.504423519130796 ], [ 631046.000872823991813, 3009700.504423519130796 ], [ 631146.000872823991813, 3009700.504423519130796 ] ] ] } },
{ "type": "Feature", "properties": { "cell_id": "428_454", "label": 1, "block_id": "63_301" }, "geometry": { "type": "Polygon", "coordinates": [ [ [ 631146.000872823991813, 3010000.504423519130796 ], [ 631146.000872823991813, 3010100.504423519130796 ], [ 631046.000872823991813, 3010100.504423519130796 ], [ 631046.000872823991813, 3010000.504423519130796 ], [ 631146.000872823991813, 3010000.504423519130796 ] ] ] } },
{ "type": "Feature", "properties": { "cell_id": "430_437", "label": 1, "block_id": "63_300" }, "geometry": { "type": "Polygon", "coordinates": [ [ [ 631346.000872823991813, 3008300.504423519130796 ], [ 631346.000872823991813, 3008400.504423519130796 ], [ 631246.000872823991813, 3008400.504423519130796 ], [ 631246.000872823991813, 3008300.504423519130796 ], [ 631346.000872823991813, 3008300.504423519130796 ] ] ] } },
{ "type": "Feature", "properties": { "cell_id": "431_493", "label": 1, "block_id": "63_301" }, "geometry": { "type": "Polygon", "coordinates": [ [ [ 631446.000872823991813, 3013900.504423519130796 ], [ 631446.000872823991813, 3014000.504423519130796 ], [ 631346.000872823991813, 3014000.504423519130796 ], [ 631346.000872823991813, 3013900.504423519130796 ], [ 631446.000872823991813, 3013900.504423519130796 ] ] ] } },
{ "type": "Feature", "properties": { "cell_id": "435_1590", "label": 0, "block_id": "63_312" }, "geometry": { "type": "Polygon", "coordinates": [ [ [ 631846.000872823991813, 3123600.504423519130796 ], [ 631846.000872823991813, 3123700.504423519130796 ], [ 631746.000872823991813, 3123700.504423519130796 ], [ 631746.000872823991813, 3123600.504423519130796 ], [ 631846.000872823991813, 3123600.504423519130796 ] ] ] } },
{ "type": "Feature", "properties": { "cell_id": "437_491", "label": 1, "block_id": "63_301" }, "geometry": { "type": "Polygon", "coordinates": [ [ [ 632046.000872823991813, 3013700.504423519130796 ], [ 632046.000872823991813, 3013800.504423519130796 ], [ 631946.000872823991813, 3013800.504423519130796 ], [ 631946.000872823991813, 3013700.504423519130796 ], [ 632046.000872823991813, 3013700.504423519130796 ] ] ] } },
{ "type": "Feature", "properties": { "cell_id": "441_401", "label": 0, "block_id": "63_300" }, "geometry": { "type": "Polygon", "coordinates": [ [ [ 632446.000872823991813, 3004700.504423519130796 ], [ 632446.000872823991813, 3004800.504423519130796 ], [ 632346.000872823991813, 3004800.504423519130796 ], [ 632346.000872823991813, 3004700.504423519130796 ], [ 632446.000872823991813, 3004700.504423519130796 ] ] ] } },
{ "type": "Feature", "properties": { "cell_id": "445_369", "label": 1, "block_id": "63_300" }, "geometry": { "type": "Polygon", "coordinates": [ [ [ 632846.000872823991813, 3001500.504423519130796 ], [ 632846.000872823991813, 3001600.504423519130796 ], [ 632746.000872823991813, 3001600.504423519130796 ], [ 632746.000872823991813, 3001500.504423519130796 ], [ 632846.000872823991813, 3001500.504423519130796 ] ] ] } },
{ "type": "Feature", "properties": { "cell_id": "445_447", "label": 1, "block_id": "63_300" }, "geometry": { "type": "Polygon", "coordinates": [ [ [ 632846.000872823991813, 3009300.504423519130796 ], [ 632846.000872823991813, 3009400.504423519130796 ], [ 632746.000872823991813, 3009400.504423519130796 ], [ 632746.000872823991813, 3009300.504423519130796 ], [ 632846.000872823991813, 3009300.504423519130796 ] ] ] } },
{ "type": "Feature", "properties": { "cell_id": "446_365", "label": 1, "block_id": "63_300" }, "geometry": { "type": "Polygon", "coordinates": [ [ [ 632946.000872823991813, 3001100.504423519130796 ], [ 632946.000872823991813, 3001200.504423519130796 ], [ 632846.000872823991813, 3001200.504423519130796 ], [ 632846.000872823991813, 3001100.504423519130796 ], [ 632946.000872823991813, 3001100.504423519130796 ] ] ] } },
{ "type": "Feature", "properties": { "cell_id": "447_1052", "label": 0, "block_id": "63_306" }, "geometry": { "type": "Polygon", "coordinates": [ [ [ 633046.000872823991813, 3069800.504423519130796 ], [ 633046.000872823991813, 3069900.504423519130796 ], [ 632946.000872823991813, 3069900.504423519130796 ], [ 632946.000872823991813, 3069800.504423519130796 ], [ 633046.000872823991813, 3069800.504423519130796 ] ] ] } },
{ "type": "Feature", "properties": { "cell_id": "448_373", "label": 1, "block_id": "63_300" }, "geometry": { "type": "Polygon", "coordinates": [ [ [ 633146.000872823991813, 3001900.504423519130796 ], [ 633146.000872823991813, 3002000.504423519130796 ], [ 633046.000872823991813, 3002000.504423519130796 ], [ 633046.000872823991813, 3001900.504423519130796 ], [ 633146.000872823991813, 3001900.504423519130796 ] ] ] } },
{ "type": "Feature", "properties": { "cell_id": "448_377", "label": 1, "block_id": "63_300" }, "geometry": { "type": "Polygon", "coordinates": [ [ [ 633146.000872823991813, 3002300.504423519130796 ], [ 633146.000872823991813, 3002400.504423519130796 ], [ 633046.000872823991813, 3002400.504423519130796 ], [ 633046.000872823991813, 3002300.504423519130796 ], [ 633146.000872823991813, 3002300.504423519130796 ] ] ] } },
{ "type": "Feature", "properties": { "cell_id": "448_400", "label": 1, "block_id": "63_300" }, "geometry": { "type": "Polygon", "coordinates": [ [ [ 633146.000872823991813, 3004600.504423519130796 ], [ 633146.000872823991813, 3004700.504423519130796 ], [ 633046.000872823991813, 3004700.504423519130796 ], [ 633046.000872823991813, 3004600.504423519130796 ], [ 633146.000872823991813, 3004600.504423519130796 ] ] ] } },
{ "type": "Feature", "properties": { "cell_id": "449_361", "label": 1, "block_id": "63_300" }, "geometry": { "type": "Polygon", "coordinates": [ [ [ 633246.000872823991813, 3000700.504423519130796 ], [ 633246.000872823991813, 3000800.504423519130796 ], [ 633146.000872823991813, 3000800.504423519130796 ], [ 633146.000872823991813, 3000700.504423519130796 ], [ 633246.000872823991813, 3000700.504423519130796 ] ] ] } },
{ "type": "Feature", "properties": { "cell_id": "449_400", "label": 1, "block_id": "63_300" }, "geometry": { "type": "Polygon", "coordinates": [ [ [ 633246.000872823991813, 3004600.504423519130796 ], [ 633246.000872823991813, 3004700.504423519130796 ], [ 633146.000872823991813, 3004700.504423519130796 ], [ 633146.000872823991813, 3004600.504423519130796 ], [ 633246.000872823991813, 3004600.504423519130796 ] ] ] } },
{ "type": "Feature", "properties": { "cell_id": "450_489", "label": 1, "block_id": "63_301" }, "geometry": { "type": "Polygon", "coordinates": [ [ [ 633346.000872823991813, 3013500.504423519130796 ], [ 633346.000872823991813, 3013600.504423519130796 ], [ 633246.000872823991813, 3013600.504423519130796 ], [ 633246.000872823991813, 3013500.504423519130796 ], [ 633346.000872823991813, 3013500.504423519130796 ] ] ] } },
{ "type": "Feature", "properties": { "cell_id": "450_532", "label": 0, "block_id": "63_301" }, "geometry": { "type": "Polygon", "coordinates": [ [ [ 633346.000872823991813, 3017800.504423519130796 ], [ 633346.000872823991813, 3017900.504423519130796 ], [ 633246.000872823991813, 3017900.504423519130796 ], [ 633246.000872823991813, 3017800.504423519130796 ], [ 633346.000872823991813, 3017800.504423519130796 ] ] ] } },
{ "type": "Feature", "properties": { "cell_id": "452_484", "label": 1, "block_id": "63_301" }, "geometry": { "type": "Polygon", "coordinates": [ [ [ 633546.000872823991813, 3013000.504423519130796 ], [ 633546.000872823991813, 3013100.504423519130796 ], [ 633446.000872823991813, 3013100.504423519130796 ], [ 633446.000872823991813, 3013000.504423519130796 ], [ 633546.000872823991813, 3013000.504423519130796 ] ] ] } },
{ "type": "Feature", "properties": { "cell_id": "452_495", "label": 1, "block_id": "63_301" }, "geometry": { "type": "Polygon", "coordinates": [ [ [ 633546.000872823991813, 3014100.504423519130796 ], [ 633546.000872823991813, 3014200.504423519130796 ], [ 633446.000872823991813, 3014200.504423519130796 ], [ 633446.000872823991813, 3014100.504423519130796 ], [ 633546.000872823991813, 3014100.504423519130796 ] ] ] } },
{ "type": "Feature", "properties": { "cell_id": "452_529", "label": 0, "block_id": "63_301" }, "geometry": { "type": "Polygon", "coordinates": [ [ [ 633546.000872823991813, 3017500.504423519130796 ], [ 633546.000872823991813, 3017600.504423519130796 ], [ 633446.000872823991813, 3017600.504423519130796 ], [ 633446.000872823991813, 3017500.504423519130796 ], [ 633546.000872823991813, 3017500.504423519130796 ] ] ] } },
{ "type": "Feature", "properties": { "cell_id": "452_784", "label": 0, "block_id": "63_304" }, "geometry": { "type": "Polygon", "coordinates": [ [ [ 633546.000872823991813, 3043000.504423519130796 ], [ 633546.000872823991813, 3043100.504423519130796 ], [ 633446.000872823991813, 3043100.504423519130796 ], [ 633446.000872823991813, 3043000.504423519130796 ], [ 633546.000872823991813, 3043000.504423519130796 ] ] ] } },
{ "type": "Feature", "properties": { "cell_id": "453_391", "label": 1, "block_id": "63_300" }, "geometry": { "type": "Polygon", "coordinates": [ [ [ 633646.000872823991813, 3003700.504423519130796 ], [ 633646.000872823991813, 3003800.504423519130796 ], [ 633546.000872823991813, 3003800.504423519130796 ], [ 633546.000872823991813, 3003700.504423519130796 ], [ 633646.000872823991813, 3003700.504423519130796 ] ] ] } },
{ "type": "Feature", "properties": { "cell_id": "453_400", "label": 1, "block_id": "63_300" }, "geometry": { "type": "Polygon", "coordinates": [ [ [ 633646.000872823991813, 3004600.504423519130796 ], [ 633646.000872823991813, 3004700.504423519130796 ], [ 633546.000872823991813, 3004700.504423519130796 ], [ 633546.000872823991813, 3004600.504423519130796 ], [ 633646.000872823991813, 3004600.504423519130796 ] ] ] } },
{ "type": "Feature", "properties": { "cell_id": "453_407", "label": 1, "block_id": "63_300" }, "geometry": { "type": "Polygon", "coordinates": [ [ [ 633646.000872823991813, 3005300.504423519130796 ], [ 633646.000872823991813, 3005400.504423519130796 ], [ 633546.000872823991813, 3005400.504423519130796 ], [ 633546.000872823991813, 3005300.504423519130796 ], [ 633646.000872823991813, 3005300.504423519130796 ] ] ] } },
{ "type": "Feature", "properties": { "cell_id": "453_408", "label": 1, "block_id": "63_300" }, "geometry": { "type": "Polygon", "coordinates": [ [ [ 633646.000872823991813, 3005400.504423519130796 ], [ 633646.000872823991813, 3005500.504423519130796 ], [ 633546.000872823991813, 3005500.504423519130796 ], [ 633546.000872823991813, 3005400.504423519130796 ], [ 633646.000872823991813, 3005400.504423519130796 ] ] ] } },
{ "type": "Feature", "properties": { "cell_id": "453_411", "label": 1, "block_id": "63_300" }, "geometry": { "type": "Polygon", "coordinates": [ [ [ 633646.000872823991813, 3005700.504423519130796 ], [ 633646.000872823991813, 3005800.504423519130796 ], [ 633546.000872823991813, 3005800.504423519130796 ], [ 633546.000872823991813, 3005700.504423519130796 ], [ 633646.000872823991813, 3005700.504423519130796 ] ] ] } },
{ "type": "Feature", "properties": { "cell_id": "453_1353", "label": 0, "block_id": "63_309" }, "geometry": { "type": "Polygon", "coordinates": [ [ [ 633646.000872823991813, 3099900.504423519130796 ], [ 633646.000872823991813, 3100000.504423519130796 ], [ 633546.000872823991813, 3100000.504423519130796 ], [ 633546.000872823991813, 3099900.504423519130796 ], [ 633646.000872823991813, 3099900.504423519130796 ] ] ] } },
{ "type": "Feature", "properties": { "cell_id": "454_496", "label": 1, "block_id": "63_301" }, "geometry": { "type": "Polygon", "coordinates": [ [ [ 633746.000872823991813, 3014200.504423519130796 ], [ 633746.000872823991813, 3014300.504423519130796 ], [ 633646.000872823991813, 3014300.504423519130796 ], [ 633646.000872823991813, 3014200.504423519130796 ], [ 633746.000872823991813, 3014200.504423519130796 ] ] ] } },
{ "type": "Feature", "properties": { "cell_id": "455_445", "label": 1, "block_id": "63_300" }, "geometry": { "type": "Polygon", "coordinates": [ [ [ 633846.000872823991813, 3009100.504423519130796 ], [ 633846.000872823991813, 3009200.504423519130796 ], [ 633746.000872823991813, 3009200.504423519130796 ], [ 633746.000872823991813, 3009100.504423519130796 ], [ 633846.000872823991813, 3009100.504423519130796 ] ] ] } },
{ "type": "Feature", "properties": { "cell_id": "457_503", "label": 0, "block_id": "63_301" }, "geometry": { "type": "Polygon", "coordinates": [ [ [ 634046.000872823991813, 3014900.504423519130796 ], [ 634046.000872823991813, 3015000.504423519130796 ], [ 633946.000872823991813, 3015000.504423519130796 ], [ 633946.000872823991813, 3014900.504423519130796 ], [ 634046.000872823991813, 3014900.504423519130796 ] ] ] } },
{ "type": "Feature", "properties": { "cell_id": "457_1000", "label": 0, "block_id": "63_306" }, "geometry": { "type": "Polygon", "coordinates": [ [ [ 634046.000872823991813, 3064600.504423519130796 ], [ 634046.000872823991813, 3064700.504423519130796 ], [ 633946.000872823991813, 3064700.504423519130796 ], [ 633946.000872823991813, 3064600.504423519130796 ], [ 634046.000872823991813, 3064600.504423519130796 ] ] ] } },
{ "type": "Feature", "properties": { "cell_id": "458_197", "label": 0, "block_id": "63_298" }, "geometry": { "type": "Polygon", "coordinates": [ [ [ 634146.000872823991813, 2984300.504423519130796 ], [ 634146.000872823991813, 2984400.504423519130796 ], [ 634046.000872823991813, 2984400.504423519130796 ], [ 634046.000872823991813, 2984300.504423519130796 ], [ 634146.000872823991813, 2984300.504423519130796 ] ] ] } },
{ "type": "Feature", "properties": { "cell_id": "458_494", "label": 1, "block_id": "63_301" }, "geometry": { "type": "Polygon", "coordinates": [ [ [ 634146.000872823991813, 3014000.504423519130796 ], [ 634146.000872823991813, 3014100.504423519130796 ], [ 634046.000872823991813, 3014100.504423519130796 ], [ 634046.000872823991813, 3014000.504423519130796 ], [ 634146.000872823991813, 3014000.504423519130796 ] ] ] } },
{ "type": "Feature", "properties": { "cell_id": "459_415", "label": 1, "block_id": "63_300" }, "geometry": { "type": "Polygon", "coordinates": [ [ [ 634246.000872823991813, 3006100.504423519130796 ], [ 634246.000872823991813, 3006200.504423519130796 ], [ 634146.000872823991813, 3006200.504423519130796 ], [ 634146.000872823991813, 3006100.504423519130796 ], [ 634246.000872823991813, 3006100.504423519130796 ] ] ] } },
{ "type": "Feature", "properties": { "cell_id": "459_447", "label": 1, "block_id": "63_300" }, "geometry": { "type": "Polygon", "coordinates": [ [ [ 634246.000872823991813, 3009300.504423519130796 ], [ 634246.000872823991813, 3009400.504423519130796 ], [ 634146.000872823991813, 3009400.504423519130796 ], [ 634146.000872823991813, 3009300.504423519130796 ], [ 634246.000872823991813, 3009300.504423519130796 ] ] ] } },
{ "type": "Feature", "properties": { "cell_id": "459_1218", "label": 0, "block_id": "63_308" }, "geometry": { "type": "Polygon", "coordinates": [ [ [ 634246.000872823991813, 3086400.504423519130796 ], [ 634246.000872823991813, 3086500.504423519130796 ], [ 634146.000872823991813, 3086500.504423519130796 ], [ 634146.000872823991813, 3086400.504423519130796 ], [ 634246.000872823991813, 3086400.504423519130796 ] ] ] } },
{ "type": "Feature", "properties": { "cell_id": "460_1285", "label": 0, "block_id": "63_309" }, "geometry": { "type": "Polygon", "coordinates": [ [ [ 634346.000872823991813, 3093100.504423519130796 ], [ 634346.000872823991813, 3093200.504423519130796 ], [ 634246.000872823991813, 3093200.504423519130796 ], [ 634246.000872823991813, 3093100.504423519130796 ], [ 634346.000872823991813, 3093100.504423519130796 ] ] ] } },
{ "type": "Feature", "properties": { "cell_id": "463_1201", "label": 0, "block_id": "63_308" }, "geometry": { "type": "Polygon", "coordinates": [ [ [ 634646.000872823991813, 3084700.504423519130796 ], [ 634646.000872823991813, 3084800.504423519130796 ], [ 634546.000872823991813, 3084800.504423519130796 ], [ 634546.000872823991813, 3084700.504423519130796 ], [ 634646.000872823991813, 3084700.504423519130796 ] ] ] } },
{ "type": "Feature", "properties": { "cell_id": "464_214", "label": 0, "block_id": "63_298" }, "geometry": { "type": "Polygon", "coordinates": [ [ [ 634746.000872823991813, 2986000.504423519130796 ], [ 634746.000872823991813, 2986100.504423519130796 ], [ 634646.000872823991813, 2986100.504423519130796 ], [ 634646.000872823991813, 2986000.504423519130796 ], [ 634746.000872823991813, 2986000.504423519130796 ] ] ] } },
{ "type": "Feature", "properties": { "cell_id": "466_1167", "label": 0, "block_id": "63_308" }, "geometry": { "type": "Polygon", "coordinates": [ [ [ 634946.000872823991813, 3081300.504423519130796 ], [ 634946.000872823991813, 3081400.504423519130796 ], [ 634846.000872823991813, 3081400.504423519130796 ], [ 634846.000872823991813, 3081300.504423519130796 ], [ 634946.000872823991813, 3081300.504423519130796 ] ] ] } },
{ "type": "Feature", "properties": { "cell_id": "468_413", "label": 1, "block_id": "63_300" }, "geometry": { "type": "Polygon", "coordinates": [ [ [ 635146.000872823991813, 3005900.504423519130796 ], [ 635146.000872823991813, 3006000.504423519130796 ], [ 635046.000872823991813, 3006000.504423519130796 ], [ 635046.000872823991813, 3005900.504423519130796 ], [ 635146.000872823991813, 3005900.504423519130796 ] ] ] } },
{ "type": "Feature", "properties": { "cell_id": "472_104", "label": 0, "block_id": "63_297" }, "geometry": { "type": "Polygon", "coordinates": [ [ [ 635546.000872823991813, 2975000.504423519130796 ], [ 635546.000872823991813, 2975100.504423519130796 ], [ 635446.000872823991813, 2975100.504423519130796 ], [ 635446.000872823991813, 2975000.504423519130796 ], [ 635546.000872823991813, 2975000.504423519130796 ] ] ] } },
{ "type": "Feature", "properties": { "cell_id": "472_500", "label": 0, "block_id": "63_301" }, "geometry": { "type": "Polygon", "coordinates": [ [ [ 635546.000872823991813, 3014600.504423519130796 ], [ 635546.000872823991813, 3014700.504423519130796 ], [ 635446.000872823991813, 3014700.504423519130796 ], [ 635446.000872823991813, 3014600.504423519130796 ], [ 635546.000872823991813, 3014600.504423519130796 ] ] ] } },
{ "type": "Feature", "properties": { "cell_id": "472_543", "label": 1, "block_id": "63_301" }, "geometry": { "type": "Polygon", "coordinates": [ [ [ 635546.000872823991813, 3018900.504423519130796 ], [ 635546.000872823991813, 3019000.504423519130796 ], [ 635446.000872823991813, 3019000.504423519130796 ], [ 635446.000872823991813, 3018900.504423519130796 ], [ 635546.000872823991813, 3018900.504423519130796 ] ] ] } },
{ "type": "Feature", "properties": { "cell_id": "472_912", "label": 0, "block_id": "63_305" }, "geometry": { "type": "Polygon", "coordinates": [ [ [ 635546.000872823991813, 3055800.504423519130796 ], [ 635546.000872823991813, 3055900.504423519130796 ], [ 635446.000872823991813, 3055900.504423519130796 ], [ 635446.000872823991813, 3055800.504423519130796 ], [ 635546.000872823991813, 3055800.504423519130796 ] ] ] } },
{ "type": "Feature", "properties": { "cell_id": "473_380", "label": 1, "block_id": "63_300" }, "geometry": { "type": "Polygon", "coordinates": [ [ [ 635646.000872823991813, 3002600.504423519130796 ], [ 635646.000872823991813, 3002700.504423519130796 ], [ 635546.000872823991813, 3002700.504423519130796 ], [ 635546.000872823991813, 3002600.504423519130796 ], [ 635646.000872823991813, 3002600.504423519130796 ] ] ] } },
{ "type": "Feature", "properties": { "cell_id": "473_381", "label": 1, "block_id": "63_300" }, "geometry": { "type": "Polygon", "coordinates": [ [ [ 635646.000872823991813, 3002700.504423519130796 ], [ 635646.000872823991813, 3002800.504423519130796 ], [ 635546.000872823991813, 3002800.504423519130796 ], [ 635546.000872823991813, 3002700.504423519130796 ], [ 635646.000872823991813, 3002700.504423519130796 ] ] ] } },
{ "type": "Feature", "properties": { "cell_id": "473_540", "label": 1, "block_id": "63_301" }, "geometry": { "type": "Polygon", "coordinates": [ [ [ 635646.000872823991813, 3018600.504423519130796 ], [ 635646.000872823991813, 3018700.504423519130796 ], [ 635546.000872823991813, 3018700.504423519130796 ], [ 635546.000872823991813, 3018600.504423519130796 ], [ 635646.000872823991813, 3018600.504423519130796 ] ] ] } },
{ "type": "Feature", "properties": { "cell_id": "474_421", "label": 1, "block_id": "63_300" }, "geometry": { "type": "Polygon", "coordinates": [ [ [ 635746.000872823991813, 3006700.504423519130796 ], [ 635746.000872823991813, 3006800.504423519130796 ], [ 635646.000872823991813, 3006800.504423519130796 ], [ 635646.000872823991813, 3006700.504423519130796 ], [ 635746.000872823991813, 3006700.504423519130796 ] ] ] } },
{ "type": "Feature", "properties": { "cell_id": "474_471", "label": 1, "block_id": "63_301" }, "geometry": { "type": "Polygon", "coordinates": [ [ [ 635746.000872823991813, 3011700.504423519130796 ], [ 635746.000872823991813, 3011800.504423519130796 ], [ 635646.000872823991813, 3011800.504423519130796 ], [ 635646.000872823991813, 3011700.504423519130796 ], [ 635746.000872823991813, 3011700.504423519130796 ] ] ] } },
{ "type": "Feature", "properties": { "cell_id": "475_374", "label": 1, "block_id": "63_300" }, "geometry": { "type": "Polygon", "coordinates": [ [ [ 635846.000872823991813, 3002000.504423519130796 ], [ 635846.000872823991813, 3002100.504423519130796 ], [ 635746.000872823991813, 3002100.504423519130796 ], [ 635746.000872823991813, 3002000.504423519130796 ], [ 635846.000872823991813, 3002000.504423519130796 ] ] ] } },
{ "type": "Feature", "properties": { "cell_id": "475_386", "label": 1, "block_id": "63_300" }, "geometry": { "type": "Polygon", "coordinates": [ [ [ 635846.000872823991813, 3003200.504423519130796 ], [ 635846.000872823991813, 3003300.504423519130796 ], [ 635746.000872823991813, 3003300.504423519130796 ], [ 635746.000872823991813, 3003200.504423519130796 ], [ 635846.000872823991813, 3003200.504423519130796 ] ] ] } },
{ "type": "Feature", "properties": { "cell_id": "475_1305", "label": 0, "block_id": "63_309" }, "geometry": { "type": "Polygon", "coordinates": [ [ [ 635846.000872823991813, 3095100.504423519130796 ], [ 635846.000872823991813, 3095200.504423519130796 ], [ 635746.000872823991813, 3095200.504423519130796 ], [ 635746.000872823991813, 3095100.504423519130796 ], [ 635846.000872823991813, 3095100.504423519130796 ] ] ] } },
{ "type": "Feature", "properties": { "cell_id": "476_163", "label": 0, "block_id": "63_298" }, "geometry": { "type": "Polygon", "coordinates": [ [ [ 635946.000872823991813, 2980900.504423519130796 ], [ 635946.000872823991813, 2981000.504423519130796 ], [ 635846.000872823991813, 2981000.504423519130796 ], [ 635846.000872823991813, 2980900.504423519130796 ], [ 635946.000872823991813, 2980900.504423519130796 ] ] ] } },
{ "type": "Feature", "properties": { "cell_id": "476_416", "label": 1, "block_id": "63_300" }, "geometry": { "type": "Polygon", "coordinates": [ [ [ 635946.000872823991813, 3006200.504423519130796 ], [ 635946.000872823991813, 3006300.504423519130796 ], [ 635846.000872823991813, 3006300.504423519130796 ], [ 635846.000872823991813, 3006200.504423519130796 ], [ 635946.000872823991813, 3006200.504423519130796 ] ] ] } },
{ "type": "Feature", "properties": { "cell_id": "476_474", "label": 1, "block_id": "63_301" }, "geometry": { "type": "Polygon", "coordinates": [ [ [ 635946.000872823991813, 3012000.504423519130796 ], [ 635946.000872823991813, 3012100.504423519130796 ], [ 635846.000872823991813, 3012100.504423519130796 ], [ 635846.000872823991813, 3012000.504423519130796 ], [ 635946.000872823991813, 3012000.504423519130796 ] ] ] } },
{ "type": "Feature", "properties": { "cell_id": "477_475", "label": 1, "block_id": "63_301" }, "geometry": { "type": "Polygon", "coordinates": [ [ [ 636046.000872823991813, 3012100.504423519130796 ], [ 636046.000872823991813, 3012200.504423519130796 ], [ 635946.000872823991813, 3012200.504423519130796 ], [ 635946.000872823991813, 3012100.504423519130796 ], [ 636046.000872823991813, 3012100.504423519130796 ] ] ] } },
{ "type": "Feature", "properties": { "cell_id": "477_1226", "label": 0, "block_id": "63_308" }, "geometry": { "type": "Polygon", "coordinates": [ [ [ 636046.000872823991813, 3087200.504423519130796 ], [ 636046.000872823991813, 3087300.504423519130796 ], [ 635946.000872823991813, 3087300.504423519130796 ], [ 635946.000872823991813, 3087200.504423519130796 ], [ 636046.000872823991813, 3087200.504423519130796 ] ] ] } },
{ "type": "Feature", "properties": { "cell_id": "478_384", "label": 1, "block_id": "63_300" }, "geometry": { "type": "Polygon", "coordinates": [ [ [ 636146.000872823991813, 3003000.504423519130796 ], [ 636146.000872823991813, 3003100.504423519130796 ], [ 636046.000872823991813, 3003100.504423519130796 ], [ 636046.000872823991813, 3003000.504423519130796 ], [ 636146.000872823991813, 3003000.504423519130796 ] ] ] } },
{ "type": "Feature", "properties": { "cell_id": "480_471", "label": 1, "block_id": "63_301" }, "geometry": { "type": "Polygon", "coordinates": [ [ [ 636346.000872823991813, 3011700.504423519130796 ], [ 636346.000872823991813, 3011800.504423519130796 ], [ 636246.000872823991813, 3011800.504423519130796 ], [ 636246.000872823991813, 3011700.504423519130796 ], [ 636346.000872823991813, 3011700.504423519130796 ] ] ] } },
{ "type": "Feature", "properties": { "cell_id": "480_517", "label": 1, "block_id": "63_301" }, "geometry": { "type": "Polygon", "coordinates": [ [ [ 636346.000872823991813, 3016300.504423519130796 ], [ 636346.000872823991813, 3016400.504423519130796 ], [ 636246.000872823991813, 3016400.504423519130796 ], [ 636246.000872823991813, 3016300.504423519130796 ], [ 636346.000872823991813, 3016300.504423519130796 ] ] ] } },
{ "type": "Feature", "properties": { "cell_id": "482_479", "label": 1, "block_id": "63_301" }, "geometry": { "type": "Polygon", "coordinates": [ [ [ 636546.000872823991813, 3012500.504423519130796 ], [ 636546.000872823991813, 3012600.504423519130796 ], [ 636446.000872823991813, 3012600.504423519130796 ], [ 636446.000872823991813, 3012500.504423519130796 ], [ 636546.000872823991813, 3012500.504423519130796 ] ] ] } },
{ "type": "Feature", "properties": { "cell_id": "482_483", "label": 1, "block_id": "63_301" }, "geometry": { "type": "Polygon", "coordinates": [ [ [ 636546.000872823991813, 3012900.504423519130796 ], [ 636546.000872823991813, 3013000.504423519130796 ], [ 636446.000872823991813, 3013000.504423519130796 ], [ 636446.000872823991813, 3012900.504423519130796 ], [ 636546.000872823991813, 3012900.504423519130796 ] ] ] } },
{ "type": "Feature", "properties": { "cell_id": "483_365", "label": 1, "block_id": "63_300" }, "geometry": { "type": "Polygon", "coordinates": [ [ [ 636646.000872823991813, 3001100.504423519130796 ], [ 636646.000872823991813, 3001200.504423519130796 ], [ 636546.000872823991813, 3001200.504423519130796 ], [ 636546.000872823991813, 3001100.504423519130796 ], [ 636646.000872823991813, 3001100.504423519130796 ] ] ] } },
{ "type": "Feature", "properties": { "cell_id": "483_403", "label": 1, "block_id": "63_300" }, "geometry": { "type": "Polygon", "coordinates": [ [ [ 636646.000872823991813, 3004900.504423519130796 ], [ 636646.000872823991813, 3005000.504423519130796 ], [ 636546.000872823991813, 3005000.504423519130796 ], [ 636546.000872823991813, 3004900.504423519130796 ], [ 636646.000872823991813, 3004900.504423519130796 ] ] ] } },
{ "type": "Feature", "properties": { "cell_id": "486_416", "label": 1, "block_id": "63_300" }, "geometry": { "type": "Polygon", "coordinates": [ [ [ 636946.000872823991813, 3006200.504423519130796 ], [ 636946.000872823991813, 3006300.504423519130796 ], [ 636846.000872823991813, 3006300.504423519130796 ], [ 636846.000872823991813, 3006200.504423519130796 ], [ 636946.000872823991813, 3006200.504423519130796 ] ] ] } },
{ "type": "Feature", "properties": { "cell_id": "488_406", "label": 1, "block_id": "63_300" }, "geometry": { "type": "Polygon", "coordinates": [ [ [ 637146.000872823991813, 3005200.504423519130796 ], [ 637146.000872823991813, 3005300.504423519130796 ], [ 637046.000872823991813, 3005300.504423519130796 ], [ 637046.000872823991813, 3005200.504423519130796 ], [ 637146.000872823991813, 3005200.504423519130796 ] ] ] } },
{ "type": "Feature", "properties": { "cell_id": "488_504", "label": 1, "block_id": "63_301" }, "geometry": { "type": "Polygon", "coordinates": [ [ [ 637146.000872823991813, 3015000.504423519130796 ], [ 637146.000872823991813, 3015100.504423519130796 ], [ 637046.000872823991813, 3015100.504423519130796 ], [ 637046.000872823991813, 3015000.504423519130796 ], [ 637146.000872823991813, 3015000.504423519130796 ] ] ] } },
{ "type": "Feature", "properties": { "cell_id": "489_364", "label": 1, "block_id": "63_300" }, "geometry": { "type": "Polygon", "coordinates": [ [ [ 637246.000872823991813, 3001000.504423519130796 ], [ 637246.000872823991813, 3001100.504423519130796 ], [ 637146.000872823991813, 3001100.504423519130796 ], [ 637146.000872823991813, 3001000.504423519130796 ], [ 637246.000872823991813, 3001000.504423519130796 ] ] ] } },
{ "type": "Feature", "properties": { "cell_id": "489_371", "label": 1, "block_id": "63_300" }, "geometry": { "type": "Polygon", "coordinates": [ [ [ 637246.000872823991813, 3001700.504423519130796 ], [ 637246.000872823991813, 3001800.504423519130796 ], [ 637146.000872823991813, 3001800.504423519130796 ], [ 637146.000872823991813, 3001700.504423519130796 ], [ 637246.000872823991813, 3001700.504423519130796 ] ] ] } },
{ "type": "Feature", "properties": { "cell_id": "489_412", "label": 1, "block_id": "63_300" }, "geometry": { "type": "Polygon", "coordinates": [ [ [ 637246.000872823991813, 3005800.504423519130796 ], [ 637246.000872823991813, 3005900.504423519130796 ], [ 637146.000872823991813, 3005900.504423519130796 ], [ 637146.000872823991813, 3005800.504423519130796 ], [ 637246.000872823991813, 3005800.504423519130796 ] ] ] } },
{ "type": "Feature", "properties": { "cell_id": "489_418", "label": 1, "block_id": "63_300" }, "geometry": { "type": "Polygon", "coordinates": [ [ [ 637246.000872823991813, 3006400.504423519130796 ], [ 637246.000872823991813, 3006500.504423519130796 ], [ 637146.000872823991813, 3006500.504423519130796 ], [ 637146.000872823991813, 3006400.504423519130796 ], [ 637246.000872823991813, 3006400.504423519130796 ] ] ] } },
{ "type": "Feature", "properties": { "cell_id": "489_419", "label": 1, "block_id": "63_300" }, "geometry": { "type": "Polygon", "coordinates": [ [ [ 637246.000872823991813, 3006500.504423519130796 ], [ 637246.000872823991813, 3006600.504423519130796 ], [ 637146.000872823991813, 3006600.504423519130796 ], [ 637146.000872823991813, 3006500.504423519130796 ], [ 637246.000872823991813, 3006500.504423519130796 ] ] ] } },
{ "type": "Feature", "properties": { "cell_id": "489_470", "label": 1, "block_id": "63_301" }, "geometry": { "type": "Polygon", "coordinates": [ [ [ 637246.000872823991813, 3011600.504423519130796 ], [ 637246.000872823991813, 3011700.504423519130796 ], [ 637146.000872823991813, 3011700.504423519130796 ], [ 637146.000872823991813, 3011600.504423519130796 ], [ 637246.000872823991813, 3011600.504423519130796 ] ] ] } },
{ "type": "Feature", "properties": { "cell_id": "491_371", "label": 1, "block_id": "63_300" }, "geometry": { "type": "Polygon", "coordinates": [ [ [ 637446.000872823991813, 3001700.504423519130796 ], [ 637446.000872823991813, 3001800.504423519130796 ], [ 637346.000872823991813, 3001800.504423519130796 ], [ 637346.000872823991813, 3001700.504423519130796 ], [ 637446.000872823991813, 3001700.504423519130796 ] ] ] } },
{ "type": "Feature", "properties": { "cell_id": "491_416", "label": 1, "block_id": "63_300" }, "geometry": { "type": "Polygon", "coordinates": [ [ [ 637446.000872823991813, 3006200.504423519130796 ], [ 637446.000872823991813, 3006300.504423519130796 ], [ 637346.000872823991813, 3006300.504423519130796 ], [ 637346.000872823991813, 3006200.504423519130796 ], [ 637446.000872823991813, 3006200.504423519130796 ] ] ] } },
{ "type": "Feature", "properties": { "cell_id": "491_442", "label": 1, "block_id": "63_300" }, "geometry": { "type": "Polygon", "coordinates": [ [ [ 637446.000872823991813, 3008800.504423519130796 ], [ 637446.000872823991813, 3008900.504423519130796 ], [ 637346.000872823991813, 3008900.504423519130796 ], [ 637346.000872823991813, 3008800.504423519130796 ], [ 637446.000872823991813, 3008800.504423519130796 ] ] ] } },
{ "type": "Feature", "properties": { "cell_id": "491_456", "label": 1, "block_id": "63_301" }, "geometry": { "type": "Polygon", "coordinates": [ [ [ 637446.000872823991813, 3010200.504423519130796 ], [ 637446.000872823991813, 3010300.504423519130796 ], [ 637346.000872823991813, 3010300.504423519130796 ], [ 637346.000872823991813, 3010200.504423519130796 ], [ 637446.000872823991813, 3010200.504423519130796 ] ] ] } },
{ "type": "Feature", "properties": { "cell_id": "491_1386", "label": 0, "block_id": "63_310" }, "geometry": { "type": "Polygon", "coordinates": [ [ [ 637446.000872823991813, 3103200.504423519130796 ], [ 637446.000872823991813, 3103300.504423519130796 ], [ 637346.000872823991813, 3103300.504423519130796 ], [ 637346.000872823991813, 3103200.504423519130796 ], [ 637446.000872823991813, 3103200.504423519130796 ] ] ] } },
{ "type": "Feature", "properties": { "cell_id": "492_508", "label": 1, "block_id": "63_301" }, "geometry": { "type": "Polygon", "coordinates": [ [ [ 637546.000872823991813, 3015400.504423519130796 ], [ 637546.000872823991813, 3015500.504423519130796 ], [ 637446.000872823991813, 3015500.504423519130796 ], [ 637446.000872823991813, 3015400.504423519130796 ], [ 637546.000872823991813, 3015400.504423519130796 ] ] ] } },
{ "type": "Feature", "properties": { "cell_id": "492_528", "label": 1, "block_id": "63_301" }, "geometry": { "type": "Polygon", "coordinates": [ [ [ 637546.000872823991813, 3017400.504423519130796 ], [ 637546.000872823991813, 3017500.504423519130796 ], [ 637446.000872823991813, 3017500.504423519130796 ], [ 637446.000872823991813, 3017400.504423519130796 ], [ 637546.000872823991813, 3017400.504423519130796 ] ] ] } },
{ "type": "Feature", "properties": { "cell_id": "492_909", "label": 0, "block_id": "63_305" }, "geometry": { "type": "Polygon", "coordinates": [ [ [ 637546.000872823991813, 3055500.504423519130796 ], [ 637546.000872823991813, 3055600.504423519130796 ], [ 637446.000872823991813, 3055600.504423519130796 ], [ 637446.000872823991813, 3055500.504423519130796 ], [ 637546.000872823991813, 3055500.504423519130796 ] ] ] } },
{ "type": "Feature", "properties": { "cell_id": "493_355", "label": 0, "block_id": "63_300" }, "geometry": { "type": "Polygon", "coordinates": [ [ [ 637646.000872823991813, 3000100.504423519130796 ], [ 637646.000872823991813, 3000200.504423519130796 ], [ 637546.000872823991813, 3000200.504423519130796 ], [ 637546.000872823991813, 3000100.504423519130796 ], [ 637646.000872823991813, 3000100.504423519130796 ] ] ] } },
{ "type": "Feature", "properties": { "cell_id": "493_441", "label": 1, "block_id": "63_300" }, "geometry": { "type": "Polygon", "coordinates": [ [ [ 637646.000872823991813, 3008700.504423519130796 ], [ 637646.000872823991813, 3008800.504423519130796 ], [ 637546.000872823991813, 3008800.504423519130796 ], [ 637546.000872823991813, 3008700.504423519130796 ], [ 637646.000872823991813, 3008700.504423519130796 ] ] ] } },
{ "type": "Feature", "properties": { "cell_id": "494_471", "label": 1, "block_id": "63_301" }, "geometry": { "type": "Polygon", "coordinates": [ [ [ 637746.000872823991813, 3011700.504423519130796 ], [ 637746.000872823991813, 3011800.504423519130796 ], [ 637646.000872823991813, 3011800.504423519130796 ], [ 637646.000872823991813, 3011700.504423519130796 ], [ 637746.000872823991813, 3011700.504423519130796 ] ] ] } },
{ "type": "Feature", "properties": { "cell_id": "494_508", "label": 1, "block_id": "63_301" }, "geometry": { "type": "Polygon", "coordinates": [ [ [ 637746.000872823991813, 3015400.504423519130796 ], [ 637746.000872823991813, 3015500.504423519130796 ], [ 637646.000872823991813, 3015500.504423519130796 ], [ 637646.000872823991813, 3015400.504423519130796 ], [ 637746.000872823991813, 3015400.504423519130796 ] ] ] } },
{ "type": "Feature", "properties": { "cell_id": "495_374", "label": 1, "block_id": "63_300" }, "geometry": { "type": "Polygon", "coordinates": [ [ [ 637846.000872823991813, 3002000.504423519130796 ], [ 637846.000872823991813, 3002100.504423519130796 ], [ 637746.000872823991813, 3002100.504423519130796 ], [ 637746.000872823991813, 3002000.504423519130796 ], [ 637846.000872823991813, 3002000.504423519130796 ] ] ] } },
{ "type": "Feature", "properties": { "cell_id": "495_395", "label": 1, "block_id": "63_300" }, "geometry": { "type": "Polygon", "coordinates": [ [ [ 637846.000872823991813, 3004100.504423519130796 ], [ 637846.000872823991813, 3004200.504423519130796 ], [ 637746.000872823991813, 3004200.504423519130796 ], [ 637746.000872823991813, 3004100.504423519130796 ], [ 637846.000872823991813, 3004100.504423519130796 ] ] ] } },
{ "type": "Feature", "properties": { "cell_id": "495_397", "label": 1, "block_id": "63_300" }, "geometry": { "type": "Polygon", "coordinates": [ [ [ 637846.000872823991813, 3004300.504423519130796 ], [ 637846.000872823991813, 3004400.504423519130796 ], [ 637746.000872823991813, 3004400.504423519130796 ], [ 637746.000872823991813, 3004300.504423519130796 ], [ 637846.000872823991813, 3004300.504423519130796 ] ] ] } },
{ "type": "Feature", "properties": { "cell_id": "495_435", "label": 1, "block_id": "63_300" }, "geometry": { "type": "Polygon", "coordinates": [ [ [ 637846.000872823991813, 3008100.504423519130796 ], [ 637846.000872823991813, 3008200.504423519130796 ], [ 637746.000872823991813, 3008200.504423519130796 ], [ 637746.000872823991813, 3008100.504423519130796 ], [ 637846.000872823991813, 3008100.504423519130796 ] ] ] } },
{ "type": "Feature", "properties": { "cell_id": "495_450", "label": 1, "block_id": "63_300" }, "geometry": { "type": "Polygon", "coordinates": [ [ [ 637846.000872823991813, 3009600.504423519130796 ], [ 637846.000872823991813, 3009700.504423519130796 ], [ 637746.000872823991813, 3009700.504423519130796 ], [ 637746.000872823991813, 3009600.504423519130796 ], [ 637846.000872823991813, 3009600.504423519130796 ] ] ] } },
{ "type": "Feature", "properties": { "cell_id": "495_461", "label": 1, "block_id": "63_301" }, "geometry": { "type": "Polygon", "coordinates": [ [ [ 637846.000872823991813, 3010700.504423519130796 ], [ 637846.000872823991813, 3010800.504423519130796 ], [ 637746.000872823991813, 3010800.504423519130796 ], [ 637746.000872823991813, 3010700.504423519130796 ], [ 637846.000872823991813, 3010700.504423519130796 ] ] ] } },
{ "type": "Feature", "properties": { "cell_id": "495_469", "label": 1, "block_id": "63_301" }, "geometry": { "type": "Polygon", "coordinates": [ [ [ 637846.000872823991813, 3011500.504423519130796 ], [ 637846.000872823991813, 3011600.504423519130796 ], [ 637746.000872823991813, 3011600.504423519130796 ], [ 637746.000872823991813, 3011500.504423519130796 ], [ 637846.000872823991813, 3011500.504423519130796 ] ] ] } },
{ "type": "Feature", "properties": { "cell_id": "495_1418", "label": 0, "block_id": "63_310" }, "geometry": { "type": "Polygon", "coordinates": [ [ [ 637846.000872823991813, 3106400.504423519130796 ], [ 637846.000872823991813, 3106500.504423519130796 ], [ 637746.000872823991813, 3106500.504423519130796 ], [ 637746.000872823991813, 3106400.504423519130796 ], [ 637846.000872823991813, 3106400.504423519130796 ] ] ] } },
{ "type": "Feature", "properties": { "cell_id": "496_376", "label": 1, "block_id": "63_300" }, "geometry": { "type": "Polygon", "coordinates": [ [ [ 637946.000872823991813, 3002200.504423519130796 ], [ 637946.000872823991813, 3002300.504423519130796 ], [ 637846.000872823991813, 3002300.504423519130796 ], [ 637846.000872823991813, 3002200.504423519130796 ], [ 637946.000872823991813, 3002200.504423519130796 ] ] ] } },
{ "type": "Feature", "properties": { "cell_id": "496_463", "label": 1, "block_id": "63_301" }, "geometry": { "type": "Polygon", "coordinates": [ [ [ 637946.000872823991813, 3010900.504423519130796 ], [ 637946.000872823991813, 3011000.504423519130796 ], [ 637846.000872823991813, 3011000.504423519130796 ], [ 637846.000872823991813, 3010900.504423519130796 ], [ 637946.000872823991813, 3010900.504423519130796 ] ] ] } },
{ "type": "Feature", "properties": { "cell_id": "496_465", "label": 1, "block_id": "63_301" }, "geometry": { "type": "Polygon", "coordinates": [ [ [ 637946.000872823991813, 3011100.504423519130796 ], [ 637946.000872823991813, 3011200.504423519130796 ], [ 637846.000872823991813, 3011200.504423519130796 ], [ 637846.000872823991813, 3011100.504423519130796 ], [ 637946.000872823991813, 3011100.504423519130796 ] ] ] } },
{ "type": "Feature", "properties": { "cell_id": "497_464", "label": 1, "block_id": "63_301" }, "geometry": { "type": "Polygon", "coordinates": [ [ [ 638046.000872823991813, 3011000.504423519130796 ], [ 638046.000872823991813, 3011100.504423519130796 ], [ 637946.000872823991813, 3011100.504423519130796 ], [ 637946.000872823991813, 3011000.504423519130796 ], [ 638046.000872823991813, 3011000.504423519130796 ] ] ] } },
{ "type": "Feature", "properties": { "cell_id": "497_527", "label": 1, "block_id": "63_301" }, "geometry": { "type": "Polygon", "coordinates": [ [ [ 638046.000872823991813, 3017300.504423519130796 ], [ 638046.000872823991813, 3017400.504423519130796 ], [ 637946.000872823991813, 3017400.504423519130796 ], [ 637946.000872823991813, 3017300.504423519130796 ], [ 638046.000872823991813, 3017300.504423519130796 ] ] ] } },
{ "type": "Feature", "properties": { "cell_id": "497_916", "label": 0, "block_id": "63_305" }, "geometry": { "type": "Polygon", "coordinates": [ [ [ 638046.000872823991813, 3056200.504423519130796 ], [ 638046.000872823991813, 3056300.504423519130796 ], [ 637946.000872823991813, 3056300.504423519130796 ], [ 637946.000872823991813, 3056200.504423519130796 ], [ 638046.000872823991813, 3056200.504423519130796 ] ] ] } },
{ "type": "Feature", "properties": { "cell_id": "499_373", "label": 1, "block_id": "63_300" }, "geometry": { "type": "Polygon", "coordinates": [ [ [ 638246.000872823991813, 3001900.504423519130796 ], [ 638246.000872823991813, 3002000.504423519130796 ], [ 638146.000872823991813, 3002000.504423519130796 ], [ 638146.000872823991813, 3001900.504423519130796 ], [ 638246.000872823991813, 3001900.504423519130796 ] ] ] } },
{ "type": "Feature", "properties": { "cell_id": "499_1383", "label": 0, "block_id": "63_310" }, "geometry": { "type": "Polygon", "coordinates": [ [ [ 638246.000872823991813, 3102900.504423519130796 ], [ 638246.000872823991813, 3103000.504423519130796 ], [ 638146.000872823991813, 3103000.504423519130796 ], [ 638146.000872823991813, 3102900.504423519130796 ], [ 638246.000872823991813, 3102900.504423519130796 ] ] ] } },
{ "type": "Feature", "properties": { "cell_id": "500_427", "label": 1, "block_id": "63_300" }, "geometry": { "type": "Polygon", "coordinates": [ [ [ 638346.000872823991813, 3007300.504423519130796 ], [ 638346.000872823991813, 3007400.504423519130796 ], [ 638246.000872823991813, 3007400.504423519130796 ], [ 638246.000872823991813, 3007300.504423519130796 ], [ 638346.000872823991813, 3007300.504423519130796 ] ] ] } },
{ "type": "Feature", "properties": { "cell_id": "500_508", "label": 1, "block_id": "63_301" }, "geometry": { "type": "Polygon", "coordinates": [ [ [ 638346.000872823991813, 3015400.504423519130796 ], [ 638346.000872823991813, 3015500.504423519130796 ], [ 638246.000872823991813, 3015500.504423519130796 ], [ 638246.000872823991813, 3015400.504423519130796 ], [ 638346.000872823991813, 3015400.504423519130796 ] ] ] } },
{ "type": "Feature", "properties": { "cell_id": "501_470", "label": 1, "block_id": "63_301" }, "geometry": { "type": "Polygon", "coordinates": [ [ [ 638446.000872823991813, 3011600.504423519130796 ], [ 638446.000872823991813, 3011700.504423519130796 ], [ 638346.000872823991813, 3011700.504423519130796 ], [ 638346.000872823991813, 3011600.504423519130796 ], [ 638446.000872823991813, 3011600.504423519130796 ] ] ] } },
{ "type": "Feature", "properties": { "cell_id": "501_529", "label": 1, "block_id": "63_301" }, "geometry": { "type": "Polygon", "coordinates": [ [ [ 638446.000872823991813, 3017500.504423519130796 ], [ 638446.000872823991813, 3017600.504423519130796 ], [ 638346.000872823991813, 3017600.504423519130796 ], [ 638346.000872823991813, 3017500.504423519130796 ], [ 638446.000872823991813, 3017500.504423519130796 ] ] ] } },
{ "type": "Feature", "properties": { "cell_id": "501_531", "label": 1, "block_id": "63_301" }, "geometry": { "type": "Polygon", "coordinates": [ [ [ 638446.000872823991813, 3017700.504423519130796 ], [ 638446.000872823991813, 3017800.504423519130796 ], [ 638346.000872823991813, 3017800.504423519130796 ], [ 638346.000872823991813, 3017700.504423519130796 ], [ 638446.000872823991813, 3017700.504423519130796 ] ] ] } },
{ "type": "Feature", "properties": { "cell_id": "503_461", "label": 1, "block_id": "63_301" }, "geometry": { "type": "Polygon", "coordinates": [ [ [ 638646.000872823991813, 3010700.504423519130796 ], [ 638646.000872823991813, 3010800.504423519130796 ], [ 638546.000872823991813, 3010800.504423519130796 ], [ 638546.000872823991813, 3010700.504423519130796 ], [ 638646.000872823991813, 3010700.504423519130796 ] ] ] } },
{ "type": "Feature", "properties": { "cell_id": "505_410", "label": 1, "block_id": "63_300" }, "geometry": { "type": "Polygon", "coordinates": [ [ [ 638846.000872823991813, 3005600.504423519130796 ], [ 638846.000872823991813, 3005700.504423519130796 ], [ 638746.000872823991813, 3005700.504423519130796 ], [ 638746.000872823991813, 3005600.504423519130796 ], [ 638846.000872823991813, 3005600.504423519130796 ] ] ] } },
{ "type": "Feature", "properties": { "cell_id": "506_378", "label": 1, "block_id": "63_300" }, "geometry": { "type": "Polygon", "coordinates": [ [ [ 638946.000872823991813, 3002400.504423519130796 ], [ 638946.000872823991813, 3002500.504423519130796 ], [ 638846.000872823991813, 3002500.504423519130796 ], [ 638846.000872823991813, 3002400.504423519130796 ], [ 638946.000872823991813, 3002400.504423519130796 ] ] ] } },
{ "type": "Feature", "properties": { "cell_id": "506_420", "label": 1, "block_id": "63_300" }, "geometry": { "type": "Polygon", "coordinates": [ [ [ 638946.000872823991813, 3006600.504423519130796 ], [ 638946.000872823991813, 3006700.504423519130796 ], [ 638846.000872823991813, 3006700.504423519130796 ], [ 638846.000872823991813, 3006600.504423519130796 ], [ 638946.000872823991813, 3006600.504423519130796 ] ] ] } },
{ "type": "Feature", "properties": { "cell_id": "506_422", "label": 1, "block_id": "63_300" }, "geometry": { "type": "Polygon", "coordinates": [ [ [ 638946.000872823991813, 3006800.504423519130796 ], [ 638946.000872823991813, 3006900.504423519130796 ], [ 638846.000872823991813, 3006900.504423519130796 ], [ 638846.000872823991813, 3006800.504423519130796 ], [ 638946.000872823991813, 3006800.504423519130796 ] ] ] } },
{ "type": "Feature", "properties": { "cell_id": "506_464", "label": 1, "block_id": "63_301" }, "geometry": { "type": "Polygon", "coordinates": [ [ [ 638946.000872823991813, 3011000.504423519130796 ], [ 638946.000872823991813, 3011100.504423519130796 ], [ 638846.000872823991813, 3011100.504423519130796 ], [ 638846.000872823991813, 3011000.504423519130796 ], [ 638946.000872823991813, 3011000.504423519130796 ] ] ] } },
{ "type": "Feature", "properties": { "cell_id": "507_422", "label": 1, "block_id": "63_300" }, "geometry": { "type": "Polygon", "coordinates": [ [ [ 639046.000872823991813, 3006800.504423519130796 ], [ 639046.000872823991813, 3006900.504423519130796 ], [ 638946.000872823991813, 3006900.504423519130796 ], [ 638946.000872823991813, 3006800.504423519130796 ], [ 639046.000872823991813, 3006800.504423519130796 ] ] ] } },
{ "type": "Feature", "properties": { "cell_id": "508_1254", "label": 0, "block_id": "63_309" }, "geometry": { "type": "Polygon", "coordinates": [ [ [ 639146.000872823991813, 3090000.504423519130796 ], [ 639146.000872823991813, 3090100.504423519130796 ], [ 639046.000872823991813, 3090100.504423519130796 ], [ 639046.000872823991813, 3090000.504423519130796 ], [ 639146.000872823991813, 3090000.504423519130796 ] ] ] } },
{ "type": "Feature", "properties": { "cell_id": "509_374", "label": 1, "block_id": "63_300" }, "geometry": { "type": "Polygon", "coordinates": [ [ [ 639246.000872823991813, 3002000.504423519130796 ], [ 639246.000872823991813, 3002100.504423519130796 ], [ 639146.000872823991813, 3002100.504423519130796 ], [ 639146.000872823991813, 3002000.504423519130796 ], [ 639246.000872823991813, 3002000.504423519130796 ] ] ] } },
{ "type": "Feature", "properties": { "cell_id": "510_407", "label": 1, "block_id": "63_300" }, "geometry": { "type": "Polygon", "coordinates": [ [ [ 639346.000872823991813, 3005300.504423519130796 ], [ 639346.000872823991813, 3005400.504423519130796 ], [ 639246.000872823991813, 3005400.504423519130796 ], [ 639246.000872823991813, 3005300.504423519130796 ], [ 639346.000872823991813, 3005300.504423519130796 ] ] ] } },
{ "type": "Feature", "properties": { "cell_id": "512_511", "label": 0, "block_id": "63_301" }, "geometry": { "type": "Polygon", "coordinates": [ [ [ 639546.000872823991813, 3015700.504423519130796 ], [ 639546.000872823991813, 3015800.504423519130796 ], [ 639446.000872823991813, 3015800.504423519130796 ], [ 639446.000872823991813, 3015700.504423519130796 ], [ 639546.000872823991813, 3015700.504423519130796 ] ] ] } },
{ "type": "Feature", "properties": { "cell_id": "515_405", "label": 1, "block_id": "63_300" }, "geometry": { "type": "Polygon", "coordinates": [ [ [ 639846.000872823991813, 3005100.504423519130796 ], [ 639846.000872823991813, 3005200.504423519130796 ], [ 639746.000872823991813, 3005200.504423519130796 ], [ 639746.000872823991813, 3005100.504423519130796 ], [ 639846.000872823991813, 3005100.504423519130796 ] ] ] } },
{ "type": "Feature", "properties": { "cell_id": "516_395", "label": 1, "block_id": "63_300" }, "geometry": { "type": "Polygon", "coordinates": [ [ [ 639946.000872823991813, 3004100.504423519130796 ], [ 639946.000872823991813, 3004200.504423519130796 ], [ 639846.000872823991813, 3004200.504423519130796 ], [ 639846.000872823991813, 3004100.504423519130796 ], [ 639946.000872823991813, 3004100.504423519130796 ] ] ] } },
{ "type": "Feature", "properties": { "cell_id": "517_370", "label": 1, "block_id": "63_300" }, "geometry": { "type": "Polygon", "coordinates": [ [ [ 640046.000872823991813, 3001600.504423519130796 ], [ 640046.000872823991813, 3001700.504423519130796 ], [ 639946.000872823991813, 3001700.504423519130796 ], [ 639946.000872823991813, 3001600.504423519130796 ], [ 640046.000872823991813, 3001600.504423519130796 ] ] ] } },
{ "type": "Feature", "properties": { "cell_id": "517_406", "label": 1, "block_id": "63_300" }, "geometry": { "type": "Polygon", "coordinates": [ [ [ 640046.000872823991813, 3005200.504423519130796 ], [ 640046.000872823991813, 3005300.504423519130796 ], [ 639946.000872823991813, 3005300.504423519130796 ], [ 639946.000872823991813, 3005200.504423519130796 ], [ 640046.000872823991813, 3005200.504423519130796 ] ] ] } },
{ "type": "Feature", "properties": { "cell_id": "518_538", "label": 1, "block_id": "64_301" }, "geometry": { "type": "Polygon", "coordinates": [ [ [ 640146.000872823991813, 3018400.504423519130796 ], [ 640146.000872823991813, 3018500.504423519130796 ], [ 640046.000872823991813, 3018500.504423519130796 ], [ 640046.000872823991813, 3018400.504423519130796 ], [ 640146.000872823991813, 3018400.504423519130796 ] ] ] } },
{ "type": "Feature", "properties": { "cell_id": "519_403", "label": 1, "block_id": "64_300" }, "geometry": { "type": "Polygon", "coordinates": [ [ [ 640246.000872823991813, 3004900.504423519130796 ], [ 640246.000872823991813, 3005000.504423519130796 ], [ 640146.000872823991813, 3005000.504423519130796 ], [ 640146.000872823991813, 3004900.504423519130796 ], [ 640246.000872823991813, 3004900.504423519130796 ] ] ] } },
{ "type": "Feature", "properties": { "cell_id": "520_446", "label": 0, "block_id": "64_300" }, "geometry": { "type": "Polygon", "coordinates": [ [ [ 640346.000872823991813, 3009200.504423519130796 ], [ 640346.000872823991813, 3009300.504423519130796 ], [ 640246.000872823991813, 3009300.504423519130796 ], [ 640246.000872823991813, 3009200.504423519130796 ], [ 640346.000872823991813, 3009200.504423519130796 ] ] ] } },
{ "type": "Feature", "properties": { "cell_id": "520_574", "label": 1, "block_id": "64_302" }, "geometry": { "type": "Polygon", "coordinates": [ [ [ 640346.000872823991813, 3022000.504423519130796 ], [ 640346.000872823991813, 3022100.504423519130796 ], [ 640246.000872823991813, 3022100.504423519130796 ], [ 640246.000872823991813, 3022000.504423519130796 ], [ 640346.000872823991813, 3022000.504423519130796 ] ] ] } },
{ "type": "Feature", "properties": { "cell_id": "521_410", "label": 1, "block_id": "64_300" }, "geometry": { "type": "Polygon", "coordinates": [ [ [ 640446.000872823991813, 3005600.504423519130796 ], [ 640446.000872823991813, 3005700.504423519130796 ], [ 640346.000872823991813, 3005700.504423519130796 ], [ 640346.000872823991813, 3005600.504423519130796 ], [ 640446.000872823991813, 3005600.504423519130796 ] ] ] } },
{ "type": "Feature", "properties": { "cell_id": "521_571", "label": 1, "block_id": "64_302" }, "geometry": { "type": "Polygon", "coordinates": [ [ [ 640446.000872823991813, 3021700.504423519130796 ], [ 640446.000872823991813, 3021800.504423519130796 ], [ 640346.000872823991813, 3021800.504423519130796 ], [ 640346.000872823991813, 3021700.504423519130796 ], [ 640446.000872823991813, 3021700.504423519130796 ] ] ] } },
{ "type": "Feature", "properties": { "cell_id": "521_736", "label": 0, "block_id": "64_303" }, "geometry": { "type": "Polygon", "coordinates": [ [ [ 640446.000872823991813, 3038200.504423519130796 ], [ 640446.000872823991813, 3038300.504423519130796 ], [ 640346.000872823991813, 3038300.504423519130796 ], [ 640346.000872823991813, 3038200.504423519130796 ], [ 640446.000872823991813, 3038200.504423519130796 ] ] ] } },
{ "type": "Feature", "properties": { "cell_id": "522_511", "label": 1, "block_id": "64_301" }, "geometry": { "type": "Polygon", "coordinates": [ [ [ 640546.000872823991813, 3015700.504423519130796 ], [ 640546.000872823991813, 3015800.504423519130796 ], [ 640446.000872823991813, 3015800.504423519130796 ], [ 640446.000872823991813, 3015700.504423519130796 ], [ 640546.000872823991813, 3015700.504423519130796 ] ] ] } },
{ "type": "Feature", "properties": { "cell_id": "522_558", "label": 1, "block_id": "64_302" }, "geometry": { "type": "Polygon", "coordinates": [ [ [ 640546.000872823991813, 3020400.504423519130796 ], [ 640546.000872823991813, 3020500.504423519130796 ], [ 640446.000872823991813, 3020500.504423519130796 ], [ 640446.000872823991813, 3020400.504423519130796 ], [ 640546.000872823991813, 3020400.504423519130796 ] ] ] } },
{ "type": "Feature", "properties": { "cell_id": "524_401", "label": 1, "block_id": "64_300" }, "geometry": { "type": "Polygon", "coordinates": [ [ [ 640746.000872823991813, 3004700.504423519130796 ], [ 640746.000872823991813, 3004800.504423519130796 ], [ 640646.000872823991813, 3004800.504423519130796 ], [ 640646.000872823991813, 3004700.504423519130796 ], [ 640746.000872823991813, 3004700.504423519130796 ] ] ] } },
{ "type": "Feature", "properties": { "cell_id": "524_1025", "label": 0, "block_id": "64_306" }, "geometry": { "type": "Polygon", "coordinates": [ [ [ 640746.000872823991813, 3067100.504423519130796 ], [ 640746.000872823991813, 3067200.504423519130796 ], [ 640646.000872823991813, 3067200.504423519130796 ], [ 640646.000872823991813, 3067100.504423519130796 ], [ 640746.000872823991813, 3067100.504423519130796 ] ] ] } },
{ "type": "Feature", "properties": { "cell_id": "526_513", "label": 1, "block_id": "64_301" }, "geometry": { "type": "Polygon", "coordinates": [ [ [ 640946.000872823991813, 3015900.504423519130796 ], [ 640946.000872823991813, 3016000.504423519130796 ], [ 640846.000872823991813, 3016000.504423519130796 ], [ 640846.000872823991813, 3015900.504423519130796 ], [ 640946.000872823991813, 3015900.504423519130796 ] ] ] } },
{ "type": "Feature", "properties": { "cell_id": "527_361", "label": 0, "block_id": "64_300" }, "geometry": { "type": "Polygon", "coordinates": [ [ [ 641046.000872823991813, 3000700.504423519130796 ], [ 641046.000872823991813, 3000800.504423519130796 ], [ 640946.000872823991813, 3000800.504423519130796 ], [ 640946.000872823991813, 3000700.504423519130796 ], [ 641046.000872823991813, 3000700.504423519130796 ] ] ] } },
{ "type": "Feature", "properties": { "cell_id": "527_403", "label": 1, "block_id": "64_300" }, "geometry": { "type": "Polygon", "coordinates": [ [ [ 641046.000872823991813, 3004900.504423519130796 ], [ 641046.000872823991813, 3005000.504423519130796 ], [ 640946.000872823991813, 3005000.504423519130796 ], [ 640946.000872823991813, 3004900.504423519130796 ], [ 641046.000872823991813, 3004900.504423519130796 ] ] ] } },
{ "type": "Feature", "properties": { "cell_id": "527_479", "label": 0, "block_id": "64_301" }, "geometry": { "type": "Polygon", "coordinates": [ [ [ 641046.000872823991813, 3012500.504423519130796 ], [ 641046.000872823991813, 3012600.504423519130796 ], [ 640946.000872823991813, 3012600.504423519130796 ], [ 640946.000872823991813, 3012500.504423519130796 ], [ 641046.000872823991813, 3012500.504423519130796 ] ] ] } },
{ "type": "Feature", "properties": { "cell_id": "531_402", "label": 1, "block_id": "64_300" }, "geometry": { "type": "Polygon", "coordinates": [ [ [ 641446.000872823991813, 3004800.504423519130796 ], [ 641446.000872823991813, 3004900.504423519130796 ], [ 641346.000872823991813, 3004900.504423519130796 ], [ 641346.000872823991813, 3004800.504423519130796 ], [ 641446.000872823991813, 3004800.504423519130796 ] ] ] } },
{ "type": "Feature", "properties": { "cell_id": "533_95", "label": 0, "block_id": "64_297" }, "geometry": { "type": "Polygon", "coordinates": [ [ [ 641646.000872823991813, 2974100.504423519130796 ], [ 641646.000872823991813, 2974200.504423519130796 ], [ 641546.000872823991813, 2974200.504423519130796 ], [ 641546.000872823991813, 2974100.504423519130796 ], [ 641646.000872823991813, 2974100.504423519130796 ] ] ] } },
{ "type": "Feature", "properties": { "cell_id": "533_421", "label": 1, "block_id": "64_300" }, "geometry": { "type": "Polygon", "coordinates": [ [ [ 641646.000872823991813, 3006700.504423519130796 ], [ 641646.000872823991813, 3006800.504423519130796 ], [ 641546.000872823991813, 3006800.504423519130796 ], [ 641546.000872823991813, 3006700.504423519130796 ], [ 641646.000872823991813, 3006700.504423519130796 ] ] ] } },
{ "type": "Feature", "properties": { "cell_id": "533_516", "label": 1, "block_id": "64_301" }, "geometry": { "type": "Polygon", "coordinates": [ [ [ 641646.000872823991813, 3016200.504423519130796 ], [ 641646.000872823991813, 3016300.504423519130796 ], [ 641546.000872823991813, 3016300.504423519130796 ], [ 641546.000872823991813, 3016200.504423519130796 ], [ 641646.000872823991813, 3016200.504423519130796 ] ] ] } },
{ "type": "Feature", "properties": { "cell_id": "533_525", "label": 1, "block_id": "64_301" }, "geometry": { "type": "Polygon", "coordinates": [ [ [ 641646.000872823991813, 3017100.504423519130796 ], [ 641646.000872823991813, 3017200.504423519130796 ], [ 641546.000872823991813, 3017200.504423519130796 ], [ 641546.000872823991813, 3017100.504423519130796 ], [ 641646.000872823991813, 3017100.504423519130796 ] ] ] } },
{ "type": "Feature", "properties": { "cell_id": "533_527", "label": 1, "block_id": "64_301" }, "geometry": { "type": "Polygon", "coordinates": [ [ [ 641646.000872823991813, 3017300.504423519130796 ], [ 641646.000872823991813, 3017400.504423519130796 ], [ 641546.000872823991813, 3017400.504423519130796 ], [ 641546.000872823991813, 3017300.504423519130796 ], [ 641646.000872823991813, 3017300.504423519130796 ] ] ] } },
{ "type": "Feature", "properties": { "cell_id": "534_423", "label": 1, "block_id": "64_300" }, "geometry": { "type": "Polygon", "coordinates": [ [ [ 641746.000872823991813, 3006900.504423519130796 ], [ 641746.000872823991813, 3007000.504423519130796 ], [ 641646.000872823991813, 3007000.504423519130796 ], [ 641646.000872823991813, 3006900.504423519130796 ], [ 641746.000872823991813, 3006900.504423519130796 ] ] ] } },
{ "type": "Feature", "properties": { "cell_id": "535_399", "label": 1, "block_id": "64_300" }, "geometry": { "type": "Polygon", "coordinates": [ [ [ 641846.000872823991813, 3004500.504423519130796 ], [ 641846.000872823991813, 3004600.504423519130796 ], [ 641746.000872823991813, 3004600.504423519130796 ], [ 641746.000872823991813, 3004500.504423519130796 ], [ 641846.000872823991813, 3004500.504423519130796 ] ] ] } },
{ "type": "Feature", "properties": { "cell_id": "535_562", "label": 1, "block_id": "64_302" }, "geometry": { "type": "Polygon", "coordinates": [ [ [ 641846.000872823991813, 3020800.504423519130796 ], [ 641846.000872823991813, 3020900.504423519130796 ], [ 641746.000872823991813, 3020900.504423519130796 ], [ 641746.000872823991813, 3020800.504423519130796 ], [ 641846.000872823991813, 3020800.504423519130796 ] ] ] } },
{ "type": "Feature", "properties": { "cell_id": "535_1002", "label": 0, "block_id": "64_306" }, "geometry": { "type": "Polygon", "coordinates": [ [ [ 641846.000872823991813, 3064800.504423519130796 ], [ 641846.000872823991813, 3064900.504423519130796 ], [ 641746.000872823991813, 3064900.504423519130796 ], [ 641746.000872823991813, 3064800.504423519130796 ], [ 641846.000872823991813, 3064800.504423519130796 ] ] ] } },
{ "type": "Feature", "properties": { "cell_id": "536_487", "label": 1, "block_id": "64_301" }, "geometry": { "type": "Polygon", "coordinates": [ [ [ 641946.000872823991813, 3013300.504423519130796 ], [ 641946.000872823991813, 3013400.504423519130796 ], [ 641846.000872823991813, 3013400.504423519130796 ], [ 641846.000872823991813, 3013300.504423519130796 ], [ 641946.000872823991813, 3013300.504423519130796 ] ] ] } },
{ "type": "Feature", "properties": { "cell_id": "539_87", "label": 0, "block_id": "64_297" }, "geometry": { "type": "Polygon", "coordinates": [ [ [ 642246.000872823991813, 2973300.504423519130796 ], [ 642246.000872823991813, 2973400.504423519130796 ], [ 642146.000872823991813, 2973400.504423519130796 ], [ 642146.000872823991813, 2973300.504423519130796 ], [ 642246.000872823991813, 2973300.504423519130796 ] ] ] } },
{ "type": "Feature", "properties": { "cell_id": "539_536", "label": 1, "block_id": "64_301" }, "geometry": { "type": "Polygon", "coordinates": [ [ [ 642246.000872823991813, 3018200.504423519130796 ], [ 642246.000872823991813, 3018300.504423519130796 ], [ 642146.000872823991813, 3018300.504423519130796 ], [ 642146.000872823991813, 3018200.504423519130796 ], [ 642246.000872823991813, 3018200.504423519130796 ] ] ] } },
{ "type": "Feature", "properties": { "cell_id": "539_999", "label": 0, "block_id": "64_306" }, "geometry": { "type": "Polygon", "coordinates": [ [ [ 642246.000872823991813, 3064500.504423519130796 ], [ 642246.000872823991813, 3064600.504423519130796 ], [ 642146.000872823991813, 3064600.504423519130796 ], [ 642146.000872823991813, 3064500.504423519130796 ], [ 642246.000872823991813, 3064500.504423519130796 ] ] ] } },
{ "type": "Feature", "properties": { "cell_id": "540_410", "label": 1, "block_id": "64_300" }, "geometry": { "type": "Polygon", "coordinates": [ [ [ 642346.000872823991813, 3005600.504423519130796 ], [ 642346.000872823991813, 3005700.504423519130796 ], [ 642246.000872823991813, 3005700.504423519130796 ], [ 642246.000872823991813, 3005600.504423519130796 ], [ 642346.000872823991813, 3005600.504423519130796 ] ] ] } },
{ "type": "Feature", "properties": { "cell_id": "540_1507", "label": 0, "block_id": "64_311" }, "geometry": { "type": "Polygon", "coordinates": [ [ [ 642346.000872823991813, 3115300.504423519130796 ], [ 642346.000872823991813, 3115400.504423519130796 ], [ 642246.000872823991813, 3115400.504423519130796 ], [ 642246.000872823991813, 3115300.504423519130796 ], [ 642346.000872823991813, 3115300.504423519130796 ] ] ] } },
{ "type": "Feature", "properties": { "cell_id": "542_393", "label": 1, "block_id": "64_300" }, "geometry": { "type": "Polygon", "coordinates": [ [ [ 642546.000872823991813, 3003900.504423519130796 ], [ 642546.000872823991813, 3004000.504423519130796 ], [ 642446.000872823991813, 3004000.504423519130796 ], [ 642446.000872823991813, 3003900.504423519130796 ], [ 642546.000872823991813, 3003900.504423519130796 ] ] ] } },
{ "type": "Feature", "properties": { "cell_id": "542_1519", "label": 0, "block_id": "64_311" }, "geometry": { "type": "Polygon", "coordinates": [ [ [ 642546.000872823991813, 3116500.504423519130796 ], [ 642546.000872823991813, 3116600.504423519130796 ], [ 642446.000872823991813, 3116600.504423519130796 ], [ 642446.000872823991813, 3116500.504423519130796 ], [ 642546.000872823991813, 3116500.504423519130796 ] ] ] } },
{ "type": "Feature", "properties": { "cell_id": "545_453", "label": 1, "block_id": "64_300" }, "geometry": { "type": "Polygon", "coordinates": [ [ [ 642846.000872823991813, 3009900.504423519130796 ], [ 642846.000872823991813, 3010000.504423519130796 ], [ 642746.000872823991813, 3010000.504423519130796 ], [ 642746.000872823991813, 3009900.504423519130796 ], [ 642846.000872823991813, 3009900.504423519130796 ] ] ] } },
{ "type": "Feature", "properties": { "cell_id": "546_369", "label": 1, "block_id": "64_300" }, "geometry": { "type": "Polygon", "coordinates": [ [ [ 642946.000872823991813, 3001500.504423519130796 ], [ 642946.000872823991813, 3001600.504423519130796 ], [ 642846.000872823991813, 3001600.504423519130796 ], [ 642846.000872823991813, 3001500.504423519130796 ], [ 642946.000872823991813, 3001500.504423519130796 ] ] ] } },
{ "type": "Feature", "properties": { "cell_id": "546_455", "label": 1, "block_id": "64_301" }, "geometry": { "type": "Polygon", "coordinates": [ [ [ 642946.000872823991813, 3010100.504423519130796 ], [ 642946.000872823991813, 3010200.504423519130796 ], [ 642846.000872823991813, 3010200.504423519130796 ], [ 642846.000872823991813, 3010100.504423519130796 ], [ 642946.000872823991813, 3010100.504423519130796 ] ] ] } },
{ "type": "Feature", "properties": { "cell_id": "547_369", "label": 1, "block_id": "64_300" }, "geometry": { "type": "Polygon", "coordinates": [ [ [ 643046.000872823991813, 3001500.504423519130796 ], [ 643046.000872823991813, 3001600.504423519130796 ], [ 642946.000872823991813, 3001600.504423519130796 ], [ 642946.000872823991813, 3001500.504423519130796 ], [ 643046.000872823991813, 3001500.504423519130796 ] ] ] } },
{ "type": "Feature", "properties": { "cell_id": "547_397", "label": 1, "block_id": "64_300" }, "geometry": { "type": "Polygon", "coordinates": [ [ [ 643046.000872823991813, 3004300.504423519130796 ], [ 643046.000872823991813, 3004400.504423519130796 ], [ 642946.000872823991813, 3004400.504423519130796 ], [ 642946.000872823991813, 3004300.504423519130796 ], [ 643046.000872823991813, 3004300.504423519130796 ] ] ] } },
{ "type": "Feature", "properties": { "cell_id": "548_402", "label": 1, "block_id": "64_300" }, "geometry": { "type": "Polygon", "coordinates": [ [ [ 643146.000872823991813, 3004800.504423519130796 ], [ 643146.000872823991813, 3004900.504423519130796 ], [ 643046.000872823991813, 3004900.504423519130796 ], [ 643046.000872823991813, 3004800.504423519130796 ], [ 643146.000872823991813, 3004800.504423519130796 ] ] ] } },
{ "type": "Feature", "properties": { "cell_id": "548_409", "label": 1, "block_id": "64_300" }, "geometry": { "type": "Polygon", "coordinates": [ [ [ 643146.000872823991813, 3005500.504423519130796 ], [ 643146.000872823991813, 3005600.504423519130796 ], [ 643046.000872823991813, 3005600.504423519130796 ], [ 643046.000872823991813, 3005500.504423519130796 ], [ 643146.000872823991813, 3005500.504423519130796 ] ] ] } },
{ "type": "Feature", "properties": { "cell_id": "549_364", "label": 1, "block_id": "64_300" }, "geometry": { "type": "Polygon", "coordinates": [ [ [ 643246.000872823991813, 3001000.504423519130796 ], [ 643246.000872823991813, 3001100.504423519130796 ], [ 643146.000872823991813, 3001100.504423519130796 ], [ 643146.000872823991813, 3001000.504423519130796 ], [ 643246.000872823991813, 3001000.504423519130796 ] ] ] } },
{ "type": "Feature", "properties": { "cell_id": "549_640", "label": 0, "block_id": "64_302" }, "geometry": { "type": "Polygon", "coordinates": [ [ [ 643246.000872823991813, 3028600.504423519130796 ], [ 643246.000872823991813, 3028700.504423519130796 ], [ 643146.000872823991813, 3028700.504423519130796 ], [ 643146.000872823991813, 3028600.504423519130796 ], [ 643246.000872823991813, 3028600.504423519130796 ] ] ] } },
{ "type": "Feature", "properties": { "cell_id": "550_455", "label": 1, "block_id": "64_301" }, "geometry": { "type": "Polygon", "coordinates": [ [ [ 643346.000872823991813, 3010100.504423519130796 ], [ 643346.000872823991813, 3010200.504423519130796 ], [ 643246.000872823991813, 3010200.504423519130796 ], [ 643246.000872823991813, 3010100.504423519130796 ], [ 643346.000872823991813, 3010100.504423519130796 ] ] ] } },
{ "type": "Feature", "properties": { "cell_id": "551_633", "label": 1, "block_id": "64_302" }, "geometry": { "type": "Polygon", "coordinates": [ [ [ 643446.000872823991813, 3027900.504423519130796 ], [ 643446.000872823991813, 3028000.504423519130796 ], [ 643346.000872823991813, 3028000.504423519130796 ], [ 643346.000872823991813, 3027900.504423519130796 ], [ 643446.000872823991813, 3027900.504423519130796 ] ] ] } },
{ "type": "Feature", "properties": { "cell_id": "552_593", "label": 1, "block_id": "64_302" }, "geometry": { "type": "Polygon", "coordinates": [ [ [ 643546.000872823991813, 3023900.504423519130796 ], [ 643546.000872823991813, 3024000.504423519130796 ], [ 643446.000872823991813, 3024000.504423519130796 ], [ 643446.000872823991813, 3023900.504423519130796 ], [ 643546.000872823991813, 3023900.504423519130796 ] ] ] } },
{ "type": "Feature", "properties": { "cell_id": "553_61", "label": 0, "block_id": "64_297" }, "geometry": { "type": "Polygon", "coordinates": [ [ [ 643646.000872823991813, 2970700.504423519130796 ], [ 643646.000872823991813, 2970800.504423519130796 ], [ 643546.000872823991813, 2970800.504423519130796 ], [ 643546.000872823991813, 2970700.504423519130796 ], [ 643646.000872823991813, 2970700.504423519130796 ] ] ] } },
{ "type": "Feature", "properties": { "cell_id": "556_419", "label": 1, "block_id": "64_300" }, "geometry": { "type": "Polygon", "coordinates": [ [ [ 643946.000872823991813, 3006500.504423519130796 ], [ 643946.000872823991813, 3006600.504423519130796 ], [ 643846.000872823991813, 3006600.504423519130796 ], [ 643846.000872823991813, 3006500.504423519130796 ], [ 643946.000872823991813, 3006500.504423519130796 ] ] ] } },
{ "type": "Feature", "properties": { "cell_id": "558_636", "label": 1, "block_id": "64_302" }, "geometry": { "type": "Polygon", "coordinates": [ [ [ 644146.000872823991813, 3028200.504423519130796 ], [ 644146.000872823991813, 3028300.504423519130796 ], [ 644046.000872823991813, 3028300.504423519130796 ], [ 644046.000872823991813, 3028200.504423519130796 ], [ 644146.000872823991813, 3028200.504423519130796 ] ] ] } },
{ "type": "Feature", "properties": { "cell_id": "559_21", "label": 0, "block_id": "64_296" }, "geometry": { "type": "Polygon", "coordinates": [ [ [ 644246.000872823991813, 2966700.504423519130796 ], [ 644246.000872823991813, 2966800.504423519130796 ], [ 644146.000872823991813, 2966800.504423519130796 ], [ 644146.000872823991813, 2966700.504423519130796 ], [ 644246.000872823991813, 2966700.504423519130796 ] ] ] } },
{ "type": "Feature", "properties": { "cell_id": "562_407", "label": 1, "block_id": "64_300" }, "geometry": { "type": "Polygon", "coordinates": [ [ [ 644546.000872823991813, 3005300.504423519130796 ], [ 644546.000872823991813, 3005400.504423519130796 ], [ 644446.000872823991813, 3005400.504423519130796 ], [ 644446.000872823991813, 3005300.504423519130796 ], [ 644546.000872823991813, 3005300.504423519130796 ] ] ] } },
{ "type": "Feature", "properties": { "cell_id": "562_504", "label": 1, "block_id": "64_301" }, "geometry": { "type": "Polygon", "coordinates": [ [ [ 644546.000872823991813, 3015000.504423519130796 ], [ 644546.000872823991813, 3015100.504423519130796 ], [ 644446.000872823991813, 3015100.504423519130796 ], [ 644446.000872823991813, 3015000.504423519130796 ], [ 644546.000872823991813, 3015000.504423519130796 ] ] ] } },
{ "type": "Feature", "properties": { "cell_id": "564_748", "label": 0, "block_id": "64_303" }, "geometry": { "type": "Polygon", "coordinates": [ [ [ 644746.000872823991813, 3039400.504423519130796 ], [ 644746.000872823991813, 3039500.504423519130796 ], [ 644646.000872823991813, 3039500.504423519130796 ], [ 644646.000872823991813, 3039400.504423519130796 ], [ 644746.000872823991813, 3039400.504423519130796 ] ] ] } },
{ "type": "Feature", "properties": { "cell_id": "566_408", "label": 1, "block_id": "64_300" }, "geometry": { "type": "Polygon", "coordinates": [ [ [ 644946.000872823991813, 3005400.504423519130796 ], [ 644946.000872823991813, 3005500.504423519130796 ], [ 644846.000872823991813, 3005500.504423519130796 ], [ 644846.000872823991813, 3005400.504423519130796 ], [ 644946.000872823991813, 3005400.504423519130796 ] ] ] } },
{ "type": "Feature", "properties": { "cell_id": "566_414", "label": 1, "block_id": "64_300" }, "geometry": { "type": "Polygon", "coordinates": [ [ [ 644946.000872823991813, 3006000.504423519130796 ], [ 644946.000872823991813, 3006100.504423519130796 ], [ 644846.000872823991813, 3006100.504423519130796 ], [ 644846.000872823991813, 3006000.504423519130796 ], [ 644946.000872823991813, 3006000.504423519130796 ] ] ] } },
{ "type": "Feature", "properties": { "cell_id": "566_970", "label": 0, "block_id": "64_306" }, "geometry": { "type": "Polygon", "coordinates": [ [ [ 644946.000872823991813, 3061600.504423519130796 ], [ 644946.000872823991813, 3061700.504423519130796 ], [ 644846.000872823991813, 3061700.504423519130796 ], [ 644846.000872823991813, 3061600.504423519130796 ], [ 644946.000872823991813, 3061600.504423519130796 ] ] ] } },
{ "type": "Feature", "properties": { "cell_id": "570_402", "label": 1, "block_id": "64_300" }, "geometry": { "type": "Polygon", "coordinates": [ [ [ 645346.000872823991813, 3004800.504423519130796 ], [ 645346.000872823991813, 3004900.504423519130796 ], [ 645246.000872823991813, 3004900.504423519130796 ], [ 645246.000872823991813, 3004800.504423519130796 ], [ 645346.000872823991813, 3004800.504423519130796 ] ] ] } },
{ "type": "Feature", "properties": { "cell_id": "583_493", "label": 1, "block_id": "64_301" }, "geometry": { "type": "Polygon", "coordinates": [ [ [ 646646.000872823991813, 3013900.504423519130796 ], [ 646646.000872823991813, 3014000.504423519130796 ], [ 646546.000872823991813, 3014000.504423519130796 ], [ 646546.000872823991813, 3013900.504423519130796 ], [ 646646.000872823991813, 3013900.504423519130796 ] ] ] } },
{ "type": "Feature", "properties": { "cell_id": "587_470", "label": 0, "block_id": "64_301" }, "geometry": { "type": "Polygon", "coordinates": [ [ [ 647046.000872823991813, 3011600.504423519130796 ], [ 647046.000872823991813, 3011700.504423519130796 ], [ 646946.000872823991813, 3011700.504423519130796 ], [ 646946.000872823991813, 3011600.504423519130796 ], [ 647046.000872823991813, 3011600.504423519130796 ] ] ] } },
{ "type": "Feature", "properties": { "cell_id": "587_492", "label": 1, "block_id": "64_301" }, "geometry": { "type": "Polygon", "coordinates": [ [ [ 647046.000872823991813, 3013800.504423519130796 ], [ 647046.000872823991813, 3013900.504423519130796 ], [ 646946.000872823991813, 3013900.504423519130796 ], [ 646946.000872823991813, 3013800.504423519130796 ], [ 647046.000872823991813, 3013800.504423519130796 ] ] ] } },
{ "type": "Feature", "properties": { "cell_id": "588_407", "label": 1, "block_id": "64_300" }, "geometry": { "type": "Polygon", "coordinates": [ [ [ 647146.000872823991813, 3005300.504423519130796 ], [ 647146.000872823991813, 3005400.504423519130796 ], [ 647046.000872823991813, 3005400.504423519130796 ], [ 647046.000872823991813, 3005300.504423519130796 ], [ 647146.000872823991813, 3005300.504423519130796 ] ] ] } },
{ "type": "Feature", "properties": { "cell_id": "589_492", "label": 1, "block_id": "64_301" }, "geometry": { "type": "Polygon", "coordinates": [ [ [ 647246.000872823991813, 3013800.504423519130796 ], [ 647246.000872823991813, 3013900.504423519130796 ], [ 647146.000872823991813, 3013900.504423519130796 ], [ 647146.000872823991813, 3013800.504423519130796 ], [ 647246.000872823991813, 3013800.504423519130796 ] ] ] } },
{ "type": "Feature", "properties": { "cell_id": "589_493", "label": 1, "block_id": "64_301" }, "geometry": { "type": "Polygon", "coordinates": [ [ [ 647246.000872823991813, 3013900.504423519130796 ], [ 647246.000872823991813, 3014000.504423519130796 ], [ 647146.000872823991813, 3014000.504423519130796 ], [ 647146.000872823991813, 3013900.504423519130796 ], [ 647246.000872823991813, 3013900.504423519130796 ] ] ] } },
{ "type": "Feature", "properties": { "cell_id": "589_500", "label": 0, "block_id": "64_301" }, "geometry": { "type": "Polygon", "coordinates": [ [ [ 647246.000872823991813, 3014600.504423519130796 ], [ 647246.000872823991813, 3014700.504423519130796 ], [ 647146.000872823991813, 3014700.504423519130796 ], [ 647146.000872823991813, 3014600.504423519130796 ], [ 647246.000872823991813, 3014600.504423519130796 ] ] ] } },
{ "type": "Feature", "properties": { "cell_id": "590_414", "label": 1, "block_id": "64_300" }, "geometry": { "type": "Polygon", "coordinates": [ [ [ 647346.000872823991813, 3006000.504423519130796 ], [ 647346.000872823991813, 3006100.504423519130796 ], [ 647246.000872823991813, 3006100.504423519130796 ], [ 647246.000872823991813, 3006000.504423519130796 ], [ 647346.000872823991813, 3006000.504423519130796 ] ] ] } },
{ "type": "Feature", "properties": { "cell_id": "592_410", "label": 1, "block_id": "64_300" }, "geometry": { "type": "Polygon", "coordinates": [ [ [ 647546.000872823991813, 3005600.504423519130796 ], [ 647546.000872823991813, 3005700.504423519130796 ], [ 647446.000872823991813, 3005700.504423519130796 ], [ 647446.000872823991813, 3005600.504423519130796 ], [ 647546.000872823991813, 3005600.504423519130796 ] ] ] } },
{ "type": "Feature", "properties": { "cell_id": "592_748", "label": 0, "block_id": "64_303" }, "geometry": { "type": "Polygon", "coordinates": [ [ [ 647546.000872823991813, 3039400.504423519130796 ], [ 647546.000872823991813, 3039500.504423519130796 ], [ 647446.000872823991813, 3039500.504423519130796 ], [ 647446.000872823991813, 3039400.504423519130796 ], [ 647546.000872823991813, 3039400.504423519130796 ] ] ] } },
{ "type": "Feature", "properties": { "cell_id": "593_445", "label": 1, "block_id": "64_300" }, "geometry": { "type": "Polygon", "coordinates": [ [ [ 647646.000872823991813, 3009100.504423519130796 ], [ 647646.000872823991813, 3009200.504423519130796 ], [ 647546.000872823991813, 3009200.504423519130796 ], [ 647546.000872823991813, 3009100.504423519130796 ], [ 647646.000872823991813, 3009100.504423519130796 ] ] ] } },
{ "type": "Feature", "properties": { "cell_id": "593_593", "label": 1, "block_id": "64_302" }, "geometry": { "type": "Polygon", "coordinates": [ [ [ 647646.000872823991813, 3023900.504423519130796 ], [ 647646.000872823991813, 3024000.504423519130796 ], [ 647546.000872823991813, 3024000.504423519130796 ], [ 647546.000872823991813, 3023900.504423519130796 ], [ 647646.000872823991813, 3023900.504423519130796 ] ] ] } },
{ "type": "Feature", "properties": { "cell_id": "593_607", "label": 0, "block_id": "64_302" }, "geometry": { "type": "Polygon", "coordinates": [ [ [ 647646.000872823991813, 3025300.504423519130796 ], [ 647646.000872823991813, 3025400.504423519130796 ], [ 647546.000872823991813, 3025400.504423519130796 ], [ 647546.000872823991813, 3025300.504423519130796 ], [ 647646.000872823991813, 3025300.504423519130796 ] ] ] } },
{ "type": "Feature", "properties": { "cell_id": "594_452", "label": 0, "block_id": "64_300" }, "geometry": { "type": "Polygon", "coordinates": [ [ [ 647746.000872823991813, 3009800.504423519130796 ], [ 647746.000872823991813, 3009900.504423519130796 ], [ 647646.000872823991813, 3009900.504423519130796 ], [ 647646.000872823991813, 3009800.504423519130796 ], [ 647746.000872823991813, 3009800.504423519130796 ] ] ] } },
{ "type": "Feature", "properties": { "cell_id": "594_475", "label": 1, "block_id": "64_301" }, "geometry": { "type": "Polygon", "coordinates": [ [ [ 647746.000872823991813, 3012100.504423519130796 ], [ 647746.000872823991813, 3012200.504423519130796 ], [ 647646.000872823991813, 3012200.504423519130796 ], [ 647646.000872823991813, 3012100.504423519130796 ], [ 647746.000872823991813, 3012100.504423519130796 ] ] ] } },
{ "type": "Feature", "properties": { "cell_id": "595_402", "label": 1, "block_id": "64_300" }, "geometry": { "type": "Polygon", "coordinates": [ [ [ 647846.000872823991813, 3004800.504423519130796 ], [ 647846.000872823991813, 3004900.504423519130796 ], [ 647746.000872823991813, 3004900.504423519130796 ], [ 647746.000872823991813, 3004800.504423519130796 ], [ 647846.000872823991813, 3004800.504423519130796 ] ] ] } },
{ "type": "Feature", "properties": { "cell_id": "595_406", "label": 1, "block_id": "64_300" }, "geometry": { "type": "Polygon", "coordinates": [ [ [ 647846.000872823991813, 3005200.504423519130796 ], [ 647846.000872823991813, 3005300.504423519130796 ], [ 647746.000872823991813, 3005300.504423519130796 ], [ 647746.000872823991813, 3005200.504423519130796 ], [ 647846.000872823991813, 3005200.504423519130796 ] ] ] } },
{ "type": "Feature", "properties": { "cell_id": "596_477", "label": 1, "block_id": "64_301" }, "geometry": { "type": "Polygon", "coordinates": [ [ [ 647946.000872823991813, 3012300.504423519130796 ], [ 647946.000872823991813, 3012400.504423519130796 ], [ 647846.000872823991813, 3012400.504423519130796 ], [ 647846.000872823991813, 3012300.504423519130796 ], [ 647946.000872823991813, 3012300.504423519130796 ] ] ] } },
{ "type": "Feature", "properties": { "cell_id": "596_480", "label": 1, "block_id": "64_301" }, "geometry": { "type": "Polygon", "coordinates": [ [ [ 647946.000872823991813, 3012600.504423519130796 ], [ 647946.000872823991813, 3012700.504423519130796 ], [ 647846.000872823991813, 3012700.504423519130796 ], [ 647846.000872823991813, 3012600.504423519130796 ], [ 647946.000872823991813, 3012600.504423519130796 ] ] ] } },
{ "type": "Feature", "properties": { "cell_id": "597_398", "label": 1, "block_id": "64_300" }, "geometry": { "type": "Polygon", "coordinates": [ [ [ 648046.000872823991813, 3004400.504423519130796 ], [ 648046.000872823991813, 3004500.504423519130796 ], [ 647946.000872823991813, 3004500.504423519130796 ], [ 647946.000872823991813, 3004400.504423519130796 ], [ 648046.000872823991813, 3004400.504423519130796 ] ] ] } },
{ "type": "Feature", "properties": { "cell_id": "598_397", "label": 1, "block_id": "64_300" }, "geometry": { "type": "Polygon", "coordinates": [ [ [ 648146.000872823991813, 3004300.504423519130796 ], [ 648146.000872823991813, 3004400.504423519130796 ], [ 648046.000872823991813, 3004400.504423519130796 ], [ 648046.000872823991813, 3004300.504423519130796 ], [ 648146.000872823991813, 3004300.504423519130796 ] ] ] } },
{ "type": "Feature", "properties": { "cell_id": "600_410", "label": 1, "block_id": "64_300" }, "geometry": { "type": "Polygon", "coordinates": [ [ [ 648346.000872823991813, 3005600.504423519130796 ], [ 648346.000872823991813, 3005700.504423519130796 ], [ 648246.000872823991813, 3005700.504423519130796 ], [ 648246.000872823991813, 3005600.504423519130796 ], [ 648346.000872823991813, 3005600.504423519130796 ] ] ] } },
{ "type": "Feature", "properties": { "cell_id": "600_634", "label": 0, "block_id": "64_302" }, "geometry": { "type": "Polygon", "coordinates": [ [ [ 648346.000872823991813, 3028000.504423519130796 ], [ 648346.000872823991813, 3028100.504423519130796 ], [ 648246.000872823991813, 3028100.504423519130796 ], [ 648246.000872823991813, 3028000.504423519130796 ], [ 648346.000872823991813, 3028000.504423519130796 ] ] ] } },
{ "type": "Feature", "properties": { "cell_id": "601_1652", "label": 0, "block_id": "64_312" }, "geometry": { "type": "Polygon", "coordinates": [ [ [ 648446.000872823991813, 3129800.504423519130796 ], [ 648446.000872823991813, 3129900.504423519130796 ], [ 648346.000872823991813, 3129900.504423519130796 ], [ 648346.000872823991813, 3129800.504423519130796 ], [ 648446.000872823991813, 3129800.504423519130796 ] ] ] } },
{ "type": "Feature", "properties": { "cell_id": "604_398", "label": 1, "block_id": "64_300" }, "geometry": { "type": "Polygon", "coordinates": [ [ [ 648746.000872823991813, 3004400.504423519130796 ], [ 648746.000872823991813, 3004500.504423519130796 ], [ 648646.000872823991813, 3004500.504423519130796 ], [ 648646.000872823991813, 3004400.504423519130796 ], [ 648746.000872823991813, 3004400.504423519130796 ] ] ] } },
{ "type": "Feature", "properties": { "cell_id": "604_436", "label": 1, "block_id": "64_300" }, "geometry": { "type": "Polygon", "coordinates": [ [ [ 648746.000872823991813, 3008200.504423519130796 ], [ 648746.000872823991813, 3008300.504423519130796 ], [ 648646.000872823991813, 3008300.504423519130796 ], [ 648646.000872823991813, 3008200.504423519130796 ], [ 648746.000872823991813, 3008200.504423519130796 ] ] ] } },
{ "type": "Feature", "properties": { "cell_id": "604_485", "label": 1, "block_id": "64_301" }, "geometry": { "type": "Polygon", "coordinates": [ [ [ 648746.000872823991813, 3013100.504423519130796 ], [ 648746.000872823991813, 3013200.504423519130796 ], [ 648646.000872823991813, 3013200.504423519130796 ], [ 648646.000872823991813, 3013100.504423519130796 ], [ 648746.000872823991813, 3013100.504423519130796 ] ] ] } },
{ "type": "Feature", "properties": { "cell_id": "607_142", "label": 0, "block_id": "64_297" }, "geometry": { "type": "Polygon", "coordinates": [ [ [ 649046.000872823991813, 2978800.504423519130796 ], [ 649046.000872823991813, 2978900.504423519130796 ], [ 648946.000872823991813, 2978900.504423519130796 ], [ 648946.000872823991813, 2978800.504423519130796 ], [ 649046.000872823991813, 2978800.504423519130796 ] ] ] } },
{ "type": "Feature", "properties": { "cell_id": "607_576", "label": 1, "block_id": "64_302" }, "geometry": { "type": "Polygon", "coordinates": [ [ [ 649046.000872823991813, 3022200.504423519130796 ], [ 649046.000872823991813, 3022300.504423519130796 ], [ 648946.000872823991813, 3022300.504423519130796 ], [ 648946.000872823991813, 3022200.504423519130796 ], [ 649046.000872823991813, 3022200.504423519130796 ] ] ] } },
{ "type": "Feature", "properties": { "cell_id": "608_488", "label": 1, "block_id": "64_301" }, "geometry": { "type": "Polygon", "coordinates": [ [ [ 649146.000872823991813, 3013400.504423519130796 ], [ 649146.000872823991813, 3013500.504423519130796 ], [ 649046.000872823991813, 3013500.504423519130796 ], [ 649046.000872823991813, 3013400.504423519130796 ], [ 649146.000872823991813, 3013400.504423519130796 ] ] ] } },
{ "type": "Feature", "properties": { "cell_id": "609_405", "label": 1, "block_id": "64_300" }, "geometry": { "type": "Polygon", "coordinates": [ [ [ 649246.000872823991813, 3005100.504423519130796 ], [ 649246.000872823991813, 3005200.504423519130796 ], [ 649146.000872823991813, 3005200.504423519130796 ], [ 649146.000872823991813, 3005100.504423519130796 ], [ 649246.000872823991813, 3005100.504423519130796 ] ] ] } },
{ "type": "Feature", "properties": { "cell_id": "609_488", "label": 1, "block_id": "64_301" }, "geometry": { "type": "Polygon", "coordinates": [ [ [ 649246.000872823991813, 3013400.504423519130796 ], [ 649246.000872823991813, 3013500.504423519130796 ], [ 649146.000872823991813, 3013500.504423519130796 ], [ 649146.000872823991813, 3013400.504423519130796 ], [ 649246.000872823991813, 3013400.504423519130796 ] ] ] } },
{ "type": "Feature", "properties": { "cell_id": "610_488", "label": 1, "block_id": "64_301" }, "geometry": { "type": "Polygon", "coordinates": [ [ [ 649346.000872823991813, 3013400.504423519130796 ], [ 649346.000872823991813, 3013500.504423519130796 ], [ 649246.000872823991813, 3013500.504423519130796 ], [ 649246.000872823991813, 3013400.504423519130796 ], [ 649346.000872823991813, 3013400.504423519130796 ] ] ] } },
{ "type": "Feature", "properties": { "cell_id": "610_595", "label": 1, "block_id": "64_302" }, "geometry": { "type": "Polygon", "coordinates": [ [ [ 649346.000872823991813, 3024100.504423519130796 ], [ 649346.000872823991813, 3024200.504423519130796 ], [ 649246.000872823991813, 3024200.504423519130796 ], [ 649246.000872823991813, 3024100.504423519130796 ], [ 649346.000872823991813, 3024100.504423519130796 ] ] ] } },
{ "type": "Feature", "properties": { "cell_id": "610_1049", "label": 0, "block_id": "64_306" }, "geometry": { "type": "Polygon", "coordinates": [ [ [ 649346.000872823991813, 3069500.504423519130796 ], [ 649346.000872823991813, 3069600.504423519130796 ], [ 649246.000872823991813, 3069600.504423519130796 ], [ 649246.000872823991813, 3069500.504423519130796 ], [ 649346.000872823991813, 3069500.504423519130796 ] ] ] } },
{ "type": "Feature", "properties": { "cell_id": "611_429", "label": 1, "block_id": "64_300" }, "geometry": { "type": "Polygon", "coordinates": [ [ [ 649446.000872823991813, 3007500.504423519130796 ], [ 649446.000872823991813, 3007600.504423519130796 ], [ 649346.000872823991813, 3007600.504423519130796 ], [ 649346.000872823991813, 3007500.504423519130796 ], [ 649446.000872823991813, 3007500.504423519130796 ] ] ] } },
{ "type": "Feature", "properties": { "cell_id": "611_489", "label": 1, "block_id": "64_301" }, "geometry": { "type": "Polygon", "coordinates": [ [ [ 649446.000872823991813, 3013500.504423519130796 ], [ 649446.000872823991813, 3013600.504423519130796 ], [ 649346.000872823991813, 3013600.504423519130796 ], [ 649346.000872823991813, 3013500.504423519130796 ], [ 649446.000872823991813, 3013500.504423519130796 ] ] ] } },
{ "type": "Feature", "properties": { "cell_id": "611_737", "label": 0, "block_id": "64_303" }, "geometry": { "type": "Polygon", "coordinates": [ [ [ 649446.000872823991813, 3038300.504423519130796 ], [ 649446.000872823991813, 3038400.504423519130796 ], [ 649346.000872823991813, 3038400.504423519130796 ], [ 649346.000872823991813, 3038300.504423519130796 ], [ 649446.000872823991813, 3038300.504423519130796 ] ] ] } },
{ "type": "Feature", "properties": { "cell_id": "612_489", "label": 1, "block_id": "64_301" }, "geometry": { "type": "Polygon", "coordinates": [ [ [ 649546.000872823991813, 3013500.504423519130796 ], [ 649546.000872823991813, 3013600.504423519130796 ], [ 649446.000872823991813, 3013600.504423519130796 ], [ 649446.000872823991813, 3013500.504423519130796 ], [ 649546.000872823991813, 3013500.504423519130796 ] ] ] } },
{ "type": "Feature", "properties": { "cell_id": "613_406", "label": 1, "block_id": "64_300" }, "geometry": { "type": "Polygon", "coordinates": [ [ [ 649646.000872823991813, 3005200.504423519130796 ], [ 649646.000872823991813, 3005300.504423519130796 ], [ 649546.000872823991813, 3005300.504423519130796 ], [ 649546.000872823991813, 3005200.504423519130796 ], [ 649646.000872823991813, 3005200.504423519130796 ] ] ] } },
{ "type": "Feature", "properties": { "cell_id": "613_427", "label": 1, "block_id": "64_300" }, "geometry": { "type": "Polygon", "coordinates": [ [ [ 649646.000872823991813, 3007300.504423519130796 ], [ 649646.000872823991813, 3007400.504423519130796 ], [ 649546.000872823991813, 3007400.504423519130796 ], [ 649546.000872823991813, 3007300.504423519130796 ], [ 649646.000872823991813, 3007300.504423519130796 ] ] ] } },
{ "type": "Feature", "properties": { "cell_id": "613_715", "label": 1, "block_id": "64_303" }, "geometry": { "type": "Polygon", "coordinates": [ [ [ 649646.000872823991813, 3036100.504423519130796 ], [ 649646.000872823991813, 3036200.504423519130796 ], [ 649546.000872823991813, 3036200.504423519130796 ], [ 649546.000872823991813, 3036100.504423519130796 ], [ 649646.000872823991813, 3036100.504423519130796 ] ] ] } },
{ "type": "Feature", "properties": { "cell_id": "614_407", "label": 1, "block_id": "64_300" }, "geometry": { "type": "Polygon", "coordinates": [ [ [ 649746.000872823991813, 3005300.504423519130796 ], [ 649746.000872823991813, 3005400.504423519130796 ], [ 649646.000872823991813, 3005400.504423519130796 ], [ 649646.000872823991813, 3005300.504423519130796 ], [ 649746.000872823991813, 3005300.504423519130796 ] ] ] } },
{ "type": "Feature", "properties": { "cell_id": "614_699", "label": 1, "block_id": "64_303" }, "geometry": { "type": "Polygon", "coordinates": [ [ [ 649746.000872823991813, 3034500.504423519130796 ], [ 649746.000872823991813, 3034600.504423519130796 ], [ 649646.000872823991813, 3034600.504423519130796 ], [ 649646.000872823991813, 3034500.504423519130796 ], [ 649746.000872823991813, 3034500.504423519130796 ] ] ] } },
{ "type": "Feature", "properties": { "cell_id": "614_707", "label": 1, "block_id": "64_303" }, "geometry": { "type": "Polygon", "coordinates": [ [ [ 649746.000872823991813, 3035300.504423519130796 ], [ 649746.000872823991813, 3035400.504423519130796 ], [ 649646.000872823991813, 3035400.504423519130796 ], [ 649646.000872823991813, 3035300.504423519130796 ], [ 649746.000872823991813, 3035300.504423519130796 ] ] ] } },
{ "type": "Feature", "properties": { "cell_id": "614_713", "label": 1, "block_id": "64_303" }, "geometry": { "type": "Polygon", "coordinates": [ [ [ 649746.000872823991813, 3035900.504423519130796 ], [ 649746.000872823991813, 3036000.504423519130796 ], [ 649646.000872823991813, 3036000.504423519130796 ], [ 649646.000872823991813, 3035900.504423519130796 ], [ 649746.000872823991813, 3035900.504423519130796 ] ] ] } },
{ "type": "Feature", "properties": { "cell_id": "614_1649", "label": 0, "block_id": "64_312" }, "geometry": { "type": "Polygon", "coordinates": [ [ [ 649746.000872823991813, 3129500.504423519130796 ], [ 649746.000872823991813, 3129600.504423519130796 ], [ 649646.000872823991813, 3129600.504423519130796 ], [ 649646.000872823991813, 3129500.504423519130796 ], [ 649746.000872823991813, 3129500.504423519130796 ] ] ] } },
{ "type": "Feature", "properties": { "cell_id": "615_710", "label": 1, "block_id": "64_303" }, "geometry": { "type": "Polygon", "coordinates": [ [ [ 649846.000872823991813, 3035600.504423519130796 ], [ 649846.000872823991813, 3035700.504423519130796 ], [ 649746.000872823991813, 3035700.504423519130796 ], [ 649746.000872823991813, 3035600.504423519130796 ], [ 649846.000872823991813, 3035600.504423519130796 ] ] ] } },
{ "type": "Feature", "properties": { "cell_id": "616_401", "label": 1, "block_id": "64_300" }, "geometry": { "type": "Polygon", "coordinates": [ [ [ 649946.000872823991813, 3004700.504423519130796 ], [ 649946.000872823991813, 3004800.504423519130796 ], [ 649846.000872823991813, 3004800.504423519130796 ], [ 649846.000872823991813, 3004700.504423519130796 ], [ 649946.000872823991813, 3004700.504423519130796 ] ] ] } },
{ "type": "Feature", "properties": { "cell_id": "616_402", "label": 1, "block_id": "64_300" }, "geometry": { "type": "Polygon", "coordinates": [ [ [ 649946.000872823991813, 3004800.504423519130796 ], [ 649946.000872823991813, 3004900.504423519130796 ], [ 649846.000872823991813, 3004900.504423519130796 ], [ 649846.000872823991813, 3004800.504423519130796 ], [ 649946.000872823991813, 3004800.504423519130796 ] ] ] } },
{ "type": "Feature", "properties": { "cell_id": "616_405", "label": 1, "block_id": "64_300" }, "geometry": { "type": "Polygon", "coordinates": [ [ [ 649946.000872823991813, 3005100.504423519130796 ], [ 649946.000872823991813, 3005200.504423519130796 ], [ 649846.000872823991813, 3005200.504423519130796 ], [ 649846.000872823991813, 3005100.504423519130796 ], [ 649946.000872823991813, 3005100.504423519130796 ] ] ] } },
{ "type": "Feature", "properties": { "cell_id": "616_406", "label": 1, "block_id": "64_300" }, "geometry": { "type": "Polygon", "coordinates": [ [ [ 649946.000872823991813, 3005200.504423519130796 ], [ 649946.000872823991813, 3005300.504423519130796 ], [ 649846.000872823991813, 3005300.504423519130796 ], [ 649846.000872823991813, 3005200.504423519130796 ], [ 649946.000872823991813, 3005200.504423519130796 ] ] ] } },
{ "type": "Feature", "properties": { "cell_id": "616_490", "label": 1, "block_id": "64_301" }, "geometry": { "type": "Polygon", "coordinates": [ [ [ 649946.000872823991813, 3013600.504423519130796 ], [ 649946.000872823991813, 3013700.504423519130796 ], [ 649846.000872823991813, 3013700.504423519130796 ], [ 649846.000872823991813, 3013600.504423519130796 ], [ 649946.000872823991813, 3013600.504423519130796 ] ] ] } },
{ "type": "Feature", "properties": { "cell_id": "616_683", "label": 1, "block_id": "64_303" }, "geometry": { "type": "Polygon", "coordinates": [ [ [ 649946.000872823991813, 3032900.504423519130796 ], [ 649946.000872823991813, 3033000.504423519130796 ], [ 649846.000872823991813, 3033000.504423519130796 ], [ 649846.000872823991813, 3032900.504423519130796 ], [ 649946.000872823991813, 3032900.504423519130796 ] ] ] } },
{ "type": "Feature", "properties": { "cell_id": "616_692", "label": 1, "block_id": "64_303" }, "geometry": { "type": "Polygon", "coordinates": [ [ [ 649946.000872823991813, 3033800.504423519130796 ], [ 649946.000872823991813, 3033900.504423519130796 ], [ 649846.000872823991813, 3033900.504423519130796 ], [ 649846.000872823991813, 3033800.504423519130796 ], [ 649946.000872823991813, 3033800.504423519130796 ] ] ] } },
{ "type": "Feature", "properties": { "cell_id": "617_665", "label": 1, "block_id": "64_303" }, "geometry": { "type": "Polygon", "coordinates": [ [ [ 650046.000872823991813, 3031100.504423519130796 ], [ 650046.000872823991813, 3031200.504423519130796 ], [ 649946.000872823991813, 3031200.504423519130796 ], [ 649946.000872823991813, 3031100.504423519130796 ], [ 650046.000872823991813, 3031100.504423519130796 ] ] ] } },
{ "type": "Feature", "properties": { "cell_id": "617_1559", "label": 0, "block_id": "64_312" }, "geometry": { "type": "Polygon", "coordinates": [ [ [ 650046.000872823991813, 3120500.504423519130796 ], [ 650046.000872823991813, 3120600.504423519130796 ], [ 649946.000872823991813, 3120600.504423519130796 ], [ 649946.000872823991813, 3120500.504423519130796 ], [ 650046.000872823991813, 3120500.504423519130796 ] ] ] } },
{ "type": "Feature", "properties": { "cell_id": "618_403", "label": 1, "block_id": "65_300" }, "geometry": { "type": "Polygon", "coordinates": [ [ [ 650146.000872823991813, 3004900.504423519130796 ], [ 650146.000872823991813, 3005000.504423519130796 ], [ 650046.000872823991813, 3005000.504423519130796 ], [ 650046.000872823991813, 3004900.504423519130796 ], [ 650146.000872823991813, 3004900.504423519130796 ] ] ] } },
{ "type": "Feature", "properties": { "cell_id": "619_667", "label": 1, "block_id": "65_303" }, "geometry": { "type": "Polygon", "coordinates": [ [ [ 650246.000872823991813, 3031300.504423519130796 ], [ 650246.000872823991813, 3031400.504423519130796 ], [ 650146.000872823991813, 3031400.504423519130796 ], [ 650146.000872823991813, 3031300.504423519130796 ], [ 650246.000872823991813, 3031300.504423519130796 ] ] ] } },
{ "type": "Feature", "properties": { "cell_id": "619_724", "label": 1, "block_id": "65_303" }, "geometry": { "type": "Polygon", "coordinates": [ [ [ 650246.000872823991813, 3037000.504423519130796 ], [ 650246.000872823991813, 3037100.504423519130796 ], [ 650146.000872823991813, 3037100.504423519130796 ], [ 650146.000872823991813, 3037000.504423519130796 ], [ 650246.000872823991813, 3037000.504423519130796 ] ] ] } },
{ "type": "Feature", "properties": { "cell_id": "620_413", "label": 0, "block_id": "65_300" }, "geometry": { "type": "Polygon", "coordinates": [ [ [ 650346.000872823991813, 3005900.504423519130796 ], [ 650346.000872823991813, 3006000.504423519130796 ], [ 650246.000872823991813, 3006000.504423519130796 ], [ 650246.000872823991813, 3005900.504423519130796 ], [ 650346.000872823991813, 3005900.504423519130796 ] ] ] } },
{ "type": "Feature", "properties": { "cell_id": "621_427", "label": 1, "block_id": "65_300" }, "geometry": { "type": "Polygon", "coordinates": [ [ [ 650446.000872823991813, 3007300.504423519130796 ], [ 650446.000872823991813, 3007400.504423519130796 ], [ 650346.000872823991813, 3007400.504423519130796 ], [ 650346.000872823991813, 3007300.504423519130796 ], [ 650446.000872823991813, 3007300.504423519130796 ] ] ] } },
{ "type": "Feature", "properties": { "cell_id": "622_738", "label": 1, "block_id": "65_303" }, "geometry": { "type": "Polygon", "coordinates": [ [ [ 650546.000872823991813, 3038400.504423519130796 ], [ 650546.000872823991813, 3038500.504423519130796 ], [ 650446.000872823991813, 3038500.504423519130796 ], [ 650446.000872823991813, 3038400.504423519130796 ], [ 650546.000872823991813, 3038400.504423519130796 ] ] ] } },
{ "type": "Feature", "properties": { "cell_id": "623_426", "label": 1, "block_id": "65_300" }, "geometry": { "type": "Polygon", "coordinates": [ [ [ 650646.000872823991813, 3007200.504423519130796 ], [ 650646.000872823991813, 3007300.504423519130796 ], [ 650546.000872823991813, 3007300.504423519130796 ], [ 650546.000872823991813, 3007200.504423519130796 ], [ 650646.000872823991813, 3007200.504423519130796 ] ] ] } },
{ "type": "Feature", "properties": { "cell_id": "623_1379", "label": 0, "block_id": "65_310" }, "geometry": { "type": "Polygon", "coordinates": [ [ [ 650646.000872823991813, 3102500.504423519130796 ], [ 650646.000872823991813, 3102600.504423519130796 ], [ 650546.000872823991813, 3102600.504423519130796 ], [ 650546.000872823991813, 3102500.504423519130796 ], [ 650646.000872823991813, 3102500.504423519130796 ] ] ] } },
{ "type": "Feature", "properties": { "cell_id": "624_377", "label": 0, "block_id": "65_300" }, "geometry": { "type": "Polygon", "coordinates": [ [ [ 650746.000872823991813, 3002300.504423519130796 ], [ 650746.000872823991813, 3002400.504423519130796 ], [ 650646.000872823991813, 3002400.504423519130796 ], [ 650646.000872823991813, 3002300.504423519130796 ], [ 650746.000872823991813, 3002300.504423519130796 ] ] ] } },
{ "type": "Feature", "properties": { "cell_id": "625_402", "label": 1, "block_id": "65_300" }, "geometry": { "type": "Polygon", "coordinates": [ [ [ 650846.000872823991813, 3004800.504423519130796 ], [ 650846.000872823991813, 3004900.504423519130796 ], [ 650746.000872823991813, 3004900.504423519130796 ], [ 650746.000872823991813, 3004800.504423519130796 ], [ 650846.000872823991813, 3004800.504423519130796 ] ] ] } },
{ "type": "Feature", "properties": { "cell_id": "626_401", "label": 1, "block_id": "65_300" }, "geometry": { "type": "Polygon", "coordinates": [ [ [ 650946.000872823991813, 3004700.504423519130796 ], [ 650946.000872823991813, 3004800.504423519130796 ], [ 650846.000872823991813, 3004800.504423519130796 ], [ 650846.000872823991813, 3004700.504423519130796 ], [ 650946.000872823991813, 3004700.504423519130796 ] ] ] } },
{ "type": "Feature", "properties": { "cell_id": "626_498", "label": 1, "block_id": "65_301" }, "geometry": { "type": "Polygon", "coordinates": [ [ [ 650946.000872823991813, 3014400.504423519130796 ], [ 650946.000872823991813, 3014500.504423519130796 ], [ 650846.000872823991813, 3014500.504423519130796 ], [ 650846.000872823991813, 3014400.504423519130796 ], [ 650946.000872823991813, 3014400.504423519130796 ] ] ] } },
{ "type": "Feature", "properties": { "cell_id": "626_499", "label": 1, "block_id": "65_301" }, "geometry": { "type": "Polygon", "coordinates": [ [ [ 650946.000872823991813, 3014500.504423519130796 ], [ 650946.000872823991813, 3014600.504423519130796 ], [ 650846.000872823991813, 3014600.504423519130796 ], [ 650846.000872823991813, 3014500.504423519130796 ], [ 650946.000872823991813, 3014500.504423519130796 ] ] ] } },
{ "type": "Feature", "properties": { "cell_id": "626_533", "label": 0, "block_id": "65_301" }, "geometry": { "type": "Polygon", "coordinates": [ [ [ 650946.000872823991813, 3017900.504423519130796 ], [ 650946.000872823991813, 3018000.504423519130796 ], [ 650846.000872823991813, 3018000.504423519130796 ], [ 650846.000872823991813, 3017900.504423519130796 ], [ 650946.000872823991813, 3017900.504423519130796 ] ] ] } },
{ "type": "Feature", "properties": { "cell_id": "626_711", "label": 1, "block_id": "65_303" }, "geometry": { "type": "Polygon", "coordinates": [ [ [ 650946.000872823991813, 3035700.504423519130796 ], [ 650946.000872823991813, 3035800.504423519130796 ], [ 650846.000872823991813, 3035800.504423519130796 ], [ 650846.000872823991813, 3035700.504423519130796 ], [ 650946.000872823991813, 3035700.504423519130796 ] ] ] } },
{ "type": "Feature", "properties": { "cell_id": "626_712", "label": 1, "block_id": "65_303" }, "geometry": { "type": "Polygon", "coordinates": [ [ [ 650946.000872823991813, 3035800.504423519130796 ], [ 650946.000872823991813, 3035900.504423519130796 ], [ 650846.000872823991813, 3035900.504423519130796 ], [ 650846.000872823991813, 3035800.504423519130796 ], [ 650946.000872823991813, 3035800.504423519130796 ] ] ] } },
{ "type": "Feature", "properties": { "cell_id": "627_713", "label": 1, "block_id": "65_303" }, "geometry": { "type": "Polygon", "coordinates": [ [ [ 651046.000872823991813, 3035900.504423519130796 ], [ 651046.000872823991813, 3036000.504423519130796 ], [ 650946.000872823991813, 3036000.504423519130796 ], [ 650946.000872823991813, 3035900.504423519130796 ], [ 651046.000872823991813, 3035900.504423519130796 ] ] ] } },
{ "type": "Feature", "properties": { "cell_id": "627_758", "label": 1, "block_id": "65_304" }, "geometry": { "type": "Polygon", "coordinates": [ [ [ 651046.000872823991813, 3040400.504423519130796 ], [ 651046.000872823991813, 3040500.504423519130796 ], [ 650946.000872823991813, 3040500.504423519130796 ], [ 650946.000872823991813, 3040400.504423519130796 ], [ 651046.000872823991813, 3040400.504423519130796 ] ] ] } },
{ "type": "Feature", "properties": { "cell_id": "627_762", "label": 1, "block_id": "65_304" }, "geometry": { "type": "Polygon", "coordinates": [ [ [ 651046.000872823991813, 3040800.504423519130796 ], [ 651046.000872823991813, 3040900.504423519130796 ], [ 650946.000872823991813, 3040900.504423519130796 ], [ 650946.000872823991813, 3040800.504423519130796 ], [ 651046.000872823991813, 3040800.504423519130796 ] ] ] } },
{ "type": "Feature", "properties": { "cell_id": "628_762", "label": 1, "block_id": "65_304" }, "geometry": { "type": "Polygon", "coordinates": [ [ [ 651146.000872823991813, 3040800.504423519130796 ], [ 651146.000872823991813, 3040900.504423519130796 ], [ 651046.000872823991813, 3040900.504423519130796 ], [ 651046.000872823991813, 3040800.504423519130796 ], [ 651146.000872823991813, 3040800.504423519130796 ] ] ] } },
{ "type": "Feature", "properties": { "cell_id": "628_1374", "label": 0, "block_id": "65_310" }, "geometry": { "type": "Polygon", "coordinates": [ [ [ 651146.000872823991813, 3102000.504423519130796 ], [ 651146.000872823991813, 3102100.504423519130796 ], [ 651046.000872823991813, 3102100.504423519130796 ], [ 651046.000872823991813, 3102000.504423519130796 ], [ 651146.000872823991813, 3102000.504423519130796 ] ] ] } },
{ "type": "Feature", "properties": { "cell_id": "629_760", "label": 1, "block_id": "65_304" }, "geometry": { "type": "Polygon", "coordinates": [ [ [ 651246.000872823991813, 3040600.504423519130796 ], [ 651246.000872823991813, 3040700.504423519130796 ], [ 651146.000872823991813, 3040700.504423519130796 ], [ 651146.000872823991813, 3040600.504423519130796 ], [ 651246.000872823991813, 3040600.504423519130796 ] ] ] } },
{ "type": "Feature", "properties": { "cell_id": "630_759", "label": 1, "block_id": "65_304" }, "geometry": { "type": "Polygon", "coordinates": [ [ [ 651346.000872823991813, 3040500.504423519130796 ], [ 651346.000872823991813, 3040600.504423519130796 ], [ 651246.000872823991813, 3040600.504423519130796 ], [ 651246.000872823991813, 3040500.504423519130796 ], [ 651346.000872823991813, 3040500.504423519130796 ] ] ] } },
{ "type": "Feature", "properties": { "cell_id": "631_766", "label": 1, "block_id": "65_304" }, "geometry": { "type": "Polygon", "coordinates": [ [ [ 651446.000872823991813, 3041200.504423519130796 ], [ 651446.000872823991813, 3041300.504423519130796 ], [ 651346.000872823991813, 3041300.504423519130796 ], [ 651346.000872823991813, 3041200.504423519130796 ], [ 651446.000872823991813, 3041200.504423519130796 ] ] ] } },
{ "type": "Feature", "properties": { "cell_id": "633_506", "label": 1, "block_id": "65_301" }, "geometry": { "type": "Polygon", "coordinates": [ [ [ 651646.000872823991813, 3015200.504423519130796 ], [ 651646.000872823991813, 3015300.504423519130796 ], [ 651546.000872823991813, 3015300.504423519130796 ], [ 651546.000872823991813, 3015200.504423519130796 ], [ 651646.000872823991813, 3015200.504423519130796 ] ] ] } },
{ "type": "Feature", "properties": { "cell_id": "634_1356", "label": 0, "block_id": "65_310" }, "geometry": { "type": "Polygon", "coordinates": [ [ [ 651746.000872823991813, 3100200.504423519130796 ], [ 651746.000872823991813, 3100300.504423519130796 ], [ 651646.000872823991813, 3100300.504423519130796 ], [ 651646.000872823991813, 3100200.504423519130796 ], [ 651746.000872823991813, 3100200.504423519130796 ] ] ] } },
{ "type": "Feature", "properties": { "cell_id": "635_505", "label": 1, "block_id": "65_301" }, "geometry": { "type": "Polygon", "coordinates": [ [ [ 651846.000872823991813, 3015100.504423519130796 ], [ 651846.000872823991813, 3015200.504423519130796 ], [ 651746.000872823991813, 3015200.504423519130796 ], [ 651746.000872823991813, 3015100.504423519130796 ], [ 651846.000872823991813, 3015100.504423519130796 ] ] ] } },
{ "type": "Feature", "properties": { "cell_id": "636_425", "label": 1, "block_id": "65_300" }, "geometry": { "type": "Polygon", "coordinates": [ [ [ 651946.000872823991813, 3007100.504423519130796 ], [ 651946.000872823991813, 3007200.504423519130796 ], [ 651846.000872823991813, 3007200.504423519130796 ], [ 651846.000872823991813, 3007100.504423519130796 ], [ 651946.000872823991813, 3007100.504423519130796 ] ] ] } },
{ "type": "Feature", "properties": { "cell_id": "636_522", "label": 1, "block_id": "65_301" }, "geometry": { "type": "Polygon", "coordinates": [ [ [ 651946.000872823991813, 3016800.504423519130796 ], [ 651946.000872823991813, 3016900.504423519130796 ], [ 651846.000872823991813, 3016900.504423519130796 ], [ 651846.000872823991813, 3016800.504423519130796 ], [ 651946.000872823991813, 3016800.504423519130796 ] ] ] } },
{ "type": "Feature", "properties": { "cell_id": "636_783", "label": 1, "block_id": "65_304" }, "geometry": { "type": "Polygon", "coordinates": [ [ [ 651946.000872823991813, 3042900.504423519130796 ], [ 651946.000872823991813, 3043000.504423519130796 ], [ 651846.000872823991813, 3043000.504423519130796 ], [ 651846.000872823991813, 3042900.504423519130796 ], [ 651946.000872823991813, 3042900.504423519130796 ] ] ] } },
{ "type": "Feature", "properties": { "cell_id": "637_791", "label": 1, "block_id": "65_304" }, "geometry": { "type": "Polygon", "coordinates": [ [ [ 652046.000872823991813, 3043700.504423519130796 ], [ 652046.000872823991813, 3043800.504423519130796 ], [ 651946.000872823991813, 3043800.504423519130796 ], [ 651946.000872823991813, 3043700.504423519130796 ], [ 652046.000872823991813, 3043700.504423519130796 ] ] ] } },
{ "type": "Feature", "properties": { "cell_id": "638_800", "label": 1, "block_id": "65_304" }, "geometry": { "type": "Polygon", "coordinates": [ [ [ 652146.000872823991813, 3044600.504423519130796 ], [ 652146.000872823991813, 3044700.504423519130796 ], [ 652046.000872823991813, 3044700.504423519130796 ], [ 652046.000872823991813, 3044600.504423519130796 ], [ 652146.000872823991813, 3044600.504423519130796 ] ] ] } },
{ "type": "Feature", "properties": { "cell_id": "638_1057", "label": 1, "block_id": "65_307" }, "geometry": { "type": "Polygon", "coordinates": [ [ [ 652146.000872823991813, 3070300.504423519130796 ], [ 652146.000872823991813, 3070400.504423519130796 ], [ 652046.000872823991813, 3070400.504423519130796 ], [ 652046.000872823991813, 3070300.504423519130796 ], [ 652146.000872823991813, 3070300.504423519130796 ] ] ] } },
{ "type": "Feature", "properties": { "cell_id": "639_392", "label": 0, "block_id": "65_300" }, "geometry": { "type": "Polygon", "coordinates": [ [ [ 652246.000872823991813, 3003800.504423519130796 ], [ 652246.000872823991813, 3003900.504423519130796 ], [ 652146.000872823991813, 3003900.504423519130796 ], [ 652146.000872823991813, 3003800.504423519130796 ], [ 652246.000872823991813, 3003800.504423519130796 ] ] ] } },
{ "type": "Feature", "properties": { "cell_id": "639_1151", "label": 0, "block_id": "65_307" }, "geometry": { "type": "Polygon", "coordinates": [ [ [ 652246.000872823991813, 3079700.504423519130796 ], [ 652246.000872823991813, 3079800.504423519130796 ], [ 652146.000872823991813, 3079800.504423519130796 ], [ 652146.000872823991813, 3079700.504423519130796 ], [ 652246.000872823991813, 3079700.504423519130796 ] ] ] } },
{ "type": "Feature", "properties": { "cell_id": "641_800", "label": 1, "block_id": "65_304" }, "geometry": { "type": "Polygon", "coordinates": [ [ [ 652446.000872823991813, 3044600.504423519130796 ], [ 652446.000872823991813, 3044700.504423519130796 ], [ 652346.000872823991813, 3044700.504423519130796 ], [ 652346.000872823991813, 3044600.504423519130796 ], [ 652446.000872823991813, 3044600.504423519130796 ] ] ] } },
{ "type": "Feature", "properties": { "cell_id": "641_823", "label": 0, "block_id": "65_304" }, "geometry": { "type": "Polygon", "coordinates": [ [ [ 652446.000872823991813, 3046900.504423519130796 ], [ 652446.000872823991813, 3047000.504423519130796 ], [ 652346.000872823991813, 3047000.504423519130796 ], [ 652346.000872823991813, 3046900.504423519130796 ], [ 652446.000872823991813, 3046900.504423519130796 ] ] ] } },
{ "type": "Feature", "properties": { "cell_id": "642_642", "label": 1, "block_id": "65_302" }, "geometry": { "type": "Polygon", "coordinates": [ [ [ 652546.000872823991813, 3028800.504423519130796 ], [ 652546.000872823991813, 3028900.504423519130796 ], [ 652446.000872823991813, 3028900.504423519130796 ], [ 652446.000872823991813, 3028800.504423519130796 ], [ 652546.000872823991813, 3028800.504423519130796 ] ] ] } },
{ "type": "Feature", "properties": { "cell_id": "642_646", "label": 1, "block_id": "65_302" }, "geometry": { "type": "Polygon", "coordinates": [ [ [ 652546.000872823991813, 3029200.504423519130796 ], [ 652546.000872823991813, 3029300.504423519130796 ], [ 652446.000872823991813, 3029300.504423519130796 ], [ 652446.000872823991813, 3029200.504423519130796 ], [ 652546.000872823991813, 3029200.504423519130796 ] ] ] } },
{ "type": "Feature", "properties": { "cell_id": "643_643", "label": 1, "block_id": "65_302" }, "geometry": { "type": "Polygon", "coordinates": [ [ [ 652646.000872823991813, 3028900.504423519130796 ], [ 652646.000872823991813, 3029000.504423519130796 ], [ 652546.000872823991813, 3029000.504423519130796 ], [ 652546.000872823991813, 3028900.504423519130796 ], [ 652646.000872823991813, 3028900.504423519130796 ] ] ] } },
{ "type": "Feature", "properties": { "cell_id": "643_681", "label": 1, "block_id": "65_303" }, "geometry": { "type": "Polygon", "coordinates": [ [ [ 652646.000872823991813, 3032700.504423519130796 ], [ 652646.000872823991813, 3032800.504423519130796 ], [ 652546.000872823991813, 3032800.504423519130796 ], [ 652546.000872823991813, 3032700.504423519130796 ], [ 652646.000872823991813, 3032700.504423519130796 ] ] ] } },
{ "type": "Feature", "properties": { "cell_id": "644_509", "label": 1, "block_id": "65_301" }, "geometry": { "type": "Polygon", "coordinates": [ [ [ 652746.000872823991813, 3015500.504423519130796 ], [ 652746.000872823991813, 3015600.504423519130796 ], [ 652646.000872823991813, 3015600.504423519130796 ], [ 652646.000872823991813, 3015500.504423519130796 ], [ 652746.000872823991813, 3015500.504423519130796 ] ] ] } },
{ "type": "Feature", "properties": { "cell_id": "645_138", "label": 0, "block_id": "65_297" }, "geometry": { "type": "Polygon", "coordinates": [ [ [ 652846.000872823991813, 2978400.504423519130796 ], [ 652846.000872823991813, 2978500.504423519130796 ], [ 652746.000872823991813, 2978500.504423519130796 ], [ 652746.000872823991813, 2978400.504423519130796 ], [ 652846.000872823991813, 2978400.504423519130796 ] ] ] } },
{ "type": "Feature", "properties": { "cell_id": "645_173", "label": 0, "block_id": "65_298" }, "geometry": { "type": "Polygon", "coordinates": [ [ [ 652846.000872823991813, 2981900.504423519130796 ], [ 652846.000872823991813, 2982000.504423519130796 ], [ 652746.000872823991813, 2982000.504423519130796 ], [ 652746.000872823991813, 2981900.504423519130796 ], [ 652846.000872823991813, 2981900.504423519130796 ] ] ] } },
{ "type": "Feature", "properties": { "cell_id": "645_510", "label": 1, "block_id": "65_301" }, "geometry": { "type": "Polygon", "coordinates": [ [ [ 652846.000872823991813, 3015600.504423519130796 ], [ 652846.000872823991813, 3015700.504423519130796 ], [ 652746.000872823991813, 3015700.504423519130796 ], [ 652746.000872823991813, 3015600.504423519130796 ], [ 652846.000872823991813, 3015600.504423519130796 ] ] ] } },
{ "type": "Feature", "properties": { "cell_id": "645_637", "label": 1, "block_id": "65_302" }, "geometry": { "type": "Polygon", "coordinates": [ [ [ 652846.000872823991813, 3028300.504423519130796 ], [ 652846.000872823991813, 3028400.504423519130796 ], [ 652746.000872823991813, 3028400.504423519130796 ], [ 652746.000872823991813, 3028300.504423519130796 ], [ 652846.000872823991813, 3028300.504423519130796 ] ] ] } },
{ "type": "Feature", "properties": { "cell_id": "645_642", "label": 1, "block_id": "65_302" }, "geometry": { "type": "Polygon", "coordinates": [ [ [ 652846.000872823991813, 3028800.504423519130796 ], [ 652846.000872823991813, 3028900.504423519130796 ], [ 652746.000872823991813, 3028900.504423519130796 ], [ 652746.000872823991813, 3028800.504423519130796 ], [ 652846.000872823991813, 3028800.504423519130796 ] ] ] } },
{ "type": "Feature", "properties": { "cell_id": "647_542", "label": 1, "block_id": "65_301" }, "geometry": { "type": "Polygon", "coordinates": [ [ [ 653046.000872823991813, 3018800.504423519130796 ], [ 653046.000872823991813, 3018900.504423519130796 ], [ 652946.000872823991813, 3018900.504423519130796 ], [ 652946.000872823991813, 3018800.504423519130796 ], [ 653046.000872823991813, 3018800.504423519130796 ] ] ] } },
{ "type": "Feature", "properties": { "cell_id": "649_1368", "label": 0, "block_id": "65_310" }, "geometry": { "type": "Polygon", "coordinates": [ [ [ 653246.000872823991813, 3101400.504423519130796 ], [ 653246.000872823991813, 3101500.504423519130796 ], [ 653146.000872823991813, 3101500.504423519130796 ], [ 653146.000872823991813, 3101400.504423519130796 ], [ 653246.000872823991813, 3101400.504423519130796 ] ] ] } },
{ "type": "Feature", "properties": { "cell_id": "650_513", "label": 1, "block_id": "65_301" }, "geometry": { "type": "Polygon", "coordinates": [ [ [ 653346.000872823991813, 3015900.504423519130796 ], [ 653346.000872823991813, 3016000.504423519130796 ], [ 653246.000872823991813, 3016000.504423519130796 ], [ 653246.000872823991813, 3015900.504423519130796 ], [ 653346.000872823991813, 3015900.504423519130796 ] ] ] } },
{ "type": "Feature", "properties": { "cell_id": "651_1624", "label": 0, "block_id": "65_312" }, "geometry": { "type": "Polygon", "coordinates": [ [ [ 653446.000872823991813, 3127000.504423519130796 ], [ 653446.000872823991813, 3127100.504423519130796 ], [ 653346.000872823991813, 3127100.504423519130796 ], [ 653346.000872823991813, 3127000.504423519130796 ], [ 653446.000872823991813, 3127000.504423519130796 ] ] ] } },
{ "type": "Feature", "properties": { "cell_id": "652_418", "label": 0, "block_id": "65_300" }, "geometry": { "type": "Polygon", "coordinates": [ [ [ 653546.000872823991813, 3006400.504423519130796 ], [ 653546.000872823991813, 3006500.504423519130796 ], [ 653446.000872823991813, 3006500.504423519130796 ], [ 653446.000872823991813, 3006400.504423519130796 ], [ 653546.000872823991813, 3006400.504423519130796 ] ] ] } },
{ "type": "Feature", "properties": { "cell_id": "652_515", "label": 1, "block_id": "65_301" }, "geometry": { "type": "Polygon", "coordinates": [ [ [ 653546.000872823991813, 3016100.504423519130796 ], [ 653546.000872823991813, 3016200.504423519130796 ], [ 653446.000872823991813, 3016200.504423519130796 ], [ 653446.000872823991813, 3016100.504423519130796 ], [ 653546.000872823991813, 3016100.504423519130796 ] ] ] } },
{ "type": "Feature", "properties": { "cell_id": "654_952", "label": 0, "block_id": "65_305" }, "geometry": { "type": "Polygon", "coordinates": [ [ [ 653746.000872823991813, 3059800.504423519130796 ], [ 653746.000872823991813, 3059900.504423519130796 ], [ 653646.000872823991813, 3059900.504423519130796 ], [ 653646.000872823991813, 3059800.504423519130796 ], [ 653746.000872823991813, 3059800.504423519130796 ] ] ] } },
{ "type": "Feature", "properties": { "cell_id": "655_512", "label": 1, "block_id": "65_301" }, "geometry": { "type": "Polygon", "coordinates": [ [ [ 653846.000872823991813, 3015800.504423519130796 ], [ 653846.000872823991813, 3015900.504423519130796 ], [ 653746.000872823991813, 3015900.504423519130796 ], [ 653746.000872823991813, 3015800.504423519130796 ], [ 653846.000872823991813, 3015800.504423519130796 ] ] ] } },
{ "type": "Feature", "properties": { "cell_id": "655_1178", "label": 0, "block_id": "65_308" }, "geometry": { "type": "Polygon", "coordinates": [ [ [ 653846.000872823991813, 3082400.504423519130796 ], [ 653846.000872823991813, 3082500.504423519130796 ], [ 653746.000872823991813, 3082500.504423519130796 ], [ 653746.000872823991813, 3082400.504423519130796 ], [ 653846.000872823991813, 3082400.504423519130796 ] ] ] } },
{ "type": "Feature", "properties": { "cell_id": "656_324", "label": 0, "block_id": "65_299" }, "geometry": { "type": "Polygon", "coordinates": [ [ [ 653946.000872823991813, 2997000.504423519130796 ], [ 653946.000872823991813, 2997100.504423519130796 ], [ 653846.000872823991813, 2997100.504423519130796 ], [ 653846.000872823991813, 2997000.504423519130796 ], [ 653946.000872823991813, 2997000.504423519130796 ] ] ] } },
{ "type": "Feature", "properties": { "cell_id": "657_85", "label": 0, "block_id": "65_297" }, "geometry": { "type": "Polygon", "coordinates": [ [ [ 654046.000872823991813, 2973100.504423519130796 ], [ 654046.000872823991813, 2973200.504423519130796 ], [ 653946.000872823991813, 2973200.504423519130796 ], [ 653946.000872823991813, 2973100.504423519130796 ], [ 654046.000872823991813, 2973100.504423519130796 ] ] ] } },
{ "type": "Feature", "properties": { "cell_id": "658_575", "label": 1, "block_id": "65_302" }, "geometry": { "type": "Polygon", "coordinates": [ [ [ 654146.000872823991813, 3022100.504423519130796 ], [ 654146.000872823991813, 3022200.504423519130796 ], [ 654046.000872823991813, 3022200.504423519130796 ], [ 654046.000872823991813, 3022100.504423519130796 ], [ 654146.000872823991813, 3022100.504423519130796 ] ] ] } },
{ "type": "Feature", "properties": { "cell_id": "659_576", "label": 1, "block_id": "65_302" }, "geometry": { "type": "Polygon", "coordinates": [ [ [ 654246.000872823991813, 3022200.504423519130796 ], [ 654246.000872823991813, 3022300.504423519130796 ], [ 654146.000872823991813, 3022300.504423519130796 ], [ 654146.000872823991813, 3022200.504423519130796 ], [ 654246.000872823991813, 3022200.504423519130796 ] ] ] } },
{ "type": "Feature", "properties": { "cell_id": "660_520", "label": 1, "block_id": "65_301" }, "geometry": { "type": "Polygon", "coordinates": [ [ [ 654346.000872823991813, 3016600.504423519130796 ], [ 654346.000872823991813, 3016700.504423519130796 ], [ 654246.000872823991813, 3016700.504423519130796 ], [ 654246.000872823991813, 3016600.504423519130796 ], [ 654346.000872823991813, 3016600.504423519130796 ] ] ] } },
{ "type": "Feature", "properties": { "cell_id": "660_577", "label": 1, "block_id": "65_302" }, "geometry": { "type": "Polygon", "coordinates": [ [ [ 654346.000872823991813, 3022300.504423519130796 ], [ 654346.000872823991813, 3022400.504423519130796 ], [ 654246.000872823991813, 3022400.504423519130796 ], [ 654246.000872823991813, 3022300.504423519130796 ], [ 654346.000872823991813, 3022300.504423519130796 ] ] ] } },
{ "type": "Feature", "properties": { "cell_id": "660_681", "label": 0, "block_id": "65_303" }, "geometry": { "type": "Polygon", "coordinates": [ [ [ 654346.000872823991813, 3032700.504423519130796 ], [ 654346.000872823991813, 3032800.504423519130796 ], [ 654246.000872823991813, 3032800.504423519130796 ], [ 654246.000872823991813, 3032700.504423519130796 ], [ 654346.000872823991813, 3032700.504423519130796 ] ] ] } },
{ "type": "Feature", "properties": { "cell_id": "661_579", "label": 1, "block_id": "65_302" }, "geometry": { "type": "Polygon", "coordinates": [ [ [ 654446.000872823991813, 3022500.504423519130796 ], [ 654446.000872823991813, 3022600.504423519130796 ], [ 654346.000872823991813, 3022600.504423519130796 ], [ 654346.000872823991813, 3022500.504423519130796 ], [ 654446.000872823991813, 3022500.504423519130796 ] ] ] } },
{ "type": "Feature", "properties": { "cell_id": "661_798", "label": 1, "block_id": "65_304" }, "geometry": { "type": "Polygon", "coordinates": [ [ [ 654446.000872823991813, 3044400.504423519130796 ], [ 654446.000872823991813, 3044500.504423519130796 ], [ 654346.000872823991813, 3044500.504423519130796 ], [ 654346.000872823991813, 3044400.504423519130796 ], [ 654446.000872823991813, 3044400.504423519130796 ] ] ] } },
{ "type": "Feature", "properties": { "cell_id": "662_496", "label": 0, "block_id": "65_301" }, "geometry": { "type": "Polygon", "coordinates": [ [ [ 654546.000872823991813, 3014200.504423519130796 ], [ 654546.000872823991813, 3014300.504423519130796 ], [ 654446.000872823991813, 3014300.504423519130796 ], [ 654446.000872823991813, 3014200.504423519130796 ], [ 654546.000872823991813, 3014200.504423519130796 ] ] ] } },
{ "type": "Feature", "properties": { "cell_id": "662_798", "label": 1, "block_id": "65_304" }, "geometry": { "type": "Polygon", "coordinates": [ [ [ 654546.000872823991813, 3044400.504423519130796 ], [ 654546.000872823991813, 3044500.504423519130796 ], [ 654446.000872823991813, 3044500.504423519130796 ], [ 654446.000872823991813, 3044400.504423519130796 ], [ 654546.000872823991813, 3044400.504423519130796 ] ] ] } },
{ "type": "Feature", "properties": { "cell_id": "663_192", "label": 0, "block_id": "65_298" }, "geometry": { "type": "Polygon", "coordinates": [ [ [ 654646.000872823991813, 2983800.504423519130796 ], [ 654646.000872823991813, 2983900.504423519130796 ], [ 654546.000872823991813, 2983900.504423519130796 ], [ 654546.000872823991813, 2983800.504423519130796 ], [ 654646.000872823991813, 2983800.504423519130796 ] ] ] } },
{ "type": "Feature", "properties": { "cell_id": "663_798", "label": 1, "block_id": "65_304" }, "geometry": { "type": "Polygon", "coordinates": [ [ [ 654646.000872823991813, 3044400.504423519130796 ], [ 654646.000872823991813, 3044500.504423519130796 ], [ 654546.000872823991813, 3044500.504423519130796 ], [ 654546.000872823991813, 3044400.504423519130796 ], [ 654646.000872823991813, 3044400.504423519130796 ] ] ] } },
{ "type": "Feature", "properties": { "cell_id": "664_436", "label": 1, "block_id": "65_300" }, "geometry": { "type": "Polygon", "coordinates": [ [ [ 654746.000872823991813, 3008200.504423519130796 ], [ 654746.000872823991813, 3008300.504423519130796 ], [ 654646.000872823991813, 3008300.504423519130796 ], [ 654646.000872823991813, 3008200.504423519130796 ], [ 654746.000872823991813, 3008200.504423519130796 ] ] ] } },
{ "type": "Feature", "properties": { "cell_id": "664_518", "label": 1, "block_id": "65_301" }, "geometry": { "type": "Polygon", "coordinates": [ [ [ 654746.000872823991813, 3016400.504423519130796 ], [ 654746.000872823991813, 3016500.504423519130796 ], [ 654646.000872823991813, 3016500.504423519130796 ], [ 654646.000872823991813, 3016400.504423519130796 ], [ 654746.000872823991813, 3016400.504423519130796 ] ] ] } },
{ "type": "Feature", "properties": { "cell_id": "664_552", "label": 0, "block_id": "65_301" }, "geometry": { "type": "Polygon", "coordinates": [ [ [ 654746.000872823991813, 3019800.504423519130796 ], [ 654746.000872823991813, 3019900.504423519130796 ], [ 654646.000872823991813, 3019900.504423519130796 ], [ 654646.000872823991813, 3019800.504423519130796 ], [ 654746.000872823991813, 3019800.504423519130796 ] ] ] } },
{ "type": "Feature", "properties": { "cell_id": "665_191", "label": 0, "block_id": "65_298" }, "geometry": { "type": "Polygon", "coordinates": [ [ [ 654846.000872823991813, 2983700.504423519130796 ], [ 654846.000872823991813, 2983800.504423519130796 ], [ 654746.000872823991813, 2983800.504423519130796 ], [ 654746.000872823991813, 2983700.504423519130796 ], [ 654846.000872823991813, 2983700.504423519130796 ] ] ] } },
{ "type": "Feature", "properties": { "cell_id": "665_436", "label": 1, "block_id": "65_300" }, "geometry": { "type": "Polygon", "coordinates": [ [ [ 654846.000872823991813, 3008200.504423519130796 ], [ 654846.000872823991813, 3008300.504423519130796 ], [ 654746.000872823991813, 3008300.504423519130796 ], [ 654746.000872823991813, 3008200.504423519130796 ], [ 654846.000872823991813, 3008200.504423519130796 ] ] ] } },
{ "type": "Feature", "properties": { "cell_id": "665_797", "label": 1, "block_id": "65_304" }, "geometry": { "type": "Polygon", "coordinates": [ [ [ 654846.000872823991813, 3044300.504423519130796 ], [ 654846.000872823991813, 3044400.504423519130796 ], [ 654746.000872823991813, 3044400.504423519130796 ], [ 654746.000872823991813, 3044300.504423519130796 ], [ 654846.000872823991813, 3044300.504423519130796 ] ] ] } },
{ "type": "Feature", "properties": { "cell_id": "666_786", "label": 0, "block_id": "65_304" }, "geometry": { "type": "Polygon", "coordinates": [ [ [ 654946.000872823991813, 3043200.504423519130796 ], [ 654946.000872823991813, 3043300.504423519130796 ], [ 654846.000872823991813, 3043300.504423519130796 ], [ 654846.000872823991813, 3043200.504423519130796 ], [ 654946.000872823991813, 3043200.504423519130796 ] ] ] } },
{ "type": "Feature", "properties": { "cell_id": "666_1210", "label": 0, "block_id": "65_308" }, "geometry": { "type": "Polygon", "coordinates": [ [ [ 654946.000872823991813, 3085600.504423519130796 ], [ 654946.000872823991813, 3085700.504423519130796 ], [ 654846.000872823991813, 3085700.504423519130796 ], [ 654846.000872823991813, 3085600.504423519130796 ], [ 654946.000872823991813, 3085600.504423519130796 ] ] ] } },
{ "type": "Feature", "properties": { "cell_id": "667_826", "label": 1, "block_id": "65_304" }, "geometry": { "type": "Polygon", "coordinates": [ [ [ 655046.000872823991813, 3047200.504423519130796 ], [ 655046.000872823991813, 3047300.504423519130796 ], [ 654946.000872823991813, 3047300.504423519130796 ], [ 654946.000872823991813, 3047200.504423519130796 ], [ 655046.000872823991813, 3047200.504423519130796 ] ] ] } },
{ "type": "Feature", "properties": { "cell_id": "668_1439", "label": 0, "block_id": "65_310" }, "geometry": { "type": "Polygon", "coordinates": [ [ [ 655146.000872823991813, 3108500.504423519130796 ], [ 655146.000872823991813, 3108600.504423519130796 ], [ 655046.000872823991813, 3108600.504423519130796 ], [ 655046.000872823991813, 3108500.504423519130796 ], [ 655146.000872823991813, 3108500.504423519130796 ] ] ] } },
{ "type": "Feature", "properties": { "cell_id": "670_680", "label": 1, "block_id": "65_303" }, "geometry": { "type": "Polygon", "coordinates": [ [ [ 655346.000872823991813, 3032600.504423519130796 ], [ 655346.000872823991813, 3032700.504423519130796 ], [ 655246.000872823991813, 3032700.504423519130796 ], [ 655246.000872823991813, 3032600.504423519130796 ], [ 655346.000872823991813, 3032600.504423519130796 ] ] ] } },
{ "type": "Feature", "properties": { "cell_id": "670_1073", "label": 0, "block_id": "65_307" }, "geometry": { "type": "Polygon", "coordinates": [ [ [ 655346.000872823991813, 3071900.504423519130796 ], [ 655346.000872823991813, 3072000.504423519130796 ], [ 655246.000872823991813, 3072000.504423519130796 ], [ 655246.000872823991813, 3071900.504423519130796 ], [ 655346.000872823991813, 3071900.504423519130796 ] ] ] } },
{ "type": "Feature", "properties": { "cell_id": "674_841", "label": 1, "block_id": "65_304" }, "geometry": { "type": "Polygon", "coordinates": [ [ [ 655746.000872823991813, 3048700.504423519130796 ], [ 655746.000872823991813, 3048800.504423519130796 ], [ 655646.000872823991813, 3048800.504423519130796 ], [ 655646.000872823991813, 3048700.504423519130796 ], [ 655746.000872823991813, 3048700.504423519130796 ] ] ] } },
{ "type": "Feature", "properties": { "cell_id": "675_428", "label": 0, "block_id": "65_300" }, "geometry": { "type": "Polygon", "coordinates": [ [ [ 655846.000872823991813, 3007400.504423519130796 ], [ 655846.000872823991813, 3007500.504423519130796 ], [ 655746.000872823991813, 3007500.504423519130796 ], [ 655746.000872823991813, 3007400.504423519130796 ], [ 655846.000872823991813, 3007400.504423519130796 ] ] ] } },
{ "type": "Feature", "properties": { "cell_id": "676_677", "label": 0, "block_id": "65_303" }, "geometry": { "type": "Polygon", "coordinates": [ [ [ 655946.000872823991813, 3032300.504423519130796 ], [ 655946.000872823991813, 3032400.504423519130796 ], [ 655846.000872823991813, 3032400.504423519130796 ], [ 655846.000872823991813, 3032300.504423519130796 ], [ 655946.000872823991813, 3032300.504423519130796 ] ] ] } },
{ "type": "Feature", "properties": { "cell_id": "677_766", "label": 0, "block_id": "65_304" }, "geometry": { "type": "Polygon", "coordinates": [ [ [ 656046.000872823991813, 3041200.504423519130796 ], [ 656046.000872823991813, 3041300.504423519130796 ], [ 655946.000872823991813, 3041300.504423519130796 ], [ 655946.000872823991813, 3041200.504423519130796 ], [ 656046.000872823991813, 3041200.504423519130796 ] ] ] } },
{ "type": "Feature", "properties": { "cell_id": "677_822", "label": 0, "block_id": "65_304" }, "geometry": { "type": "Polygon", "coordinates": [ [ [ 656046.000872823991813, 3046800.504423519130796 ], [ 656046.000872823991813, 3046900.504423519130796 ], [ 655946.000872823991813, 3046900.504423519130796 ], [ 655946.000872823991813, 3046800.504423519130796 ], [ 656046.000872823991813, 3046800.504423519130796 ] ] ] } },
{ "type": "Feature", "properties": { "cell_id": "678_841", "label": 1, "block_id": "65_304" }, "geometry": { "type": "Polygon", "coordinates": [ [ [ 656146.000872823991813, 3048700.504423519130796 ], [ 656146.000872823991813, 3048800.504423519130796 ], [ 656046.000872823991813, 3048800.504423519130796 ], [ 656046.000872823991813, 3048700.504423519130796 ], [ 656146.000872823991813, 3048700.504423519130796 ] ] ] } },
{ "type": "Feature", "properties": { "cell_id": "678_1443", "label": 0, "block_id": "65_310" }, "geometry": { "type": "Polygon", "coordinates": [ [ [ 656146.000872823991813, 3108900.504423519130796 ], [ 656146.000872823991813, 3109000.504423519130796 ], [ 656046.000872823991813, 3109000.504423519130796 ], [ 656046.000872823991813, 3108900.504423519130796 ], [ 656146.000872823991813, 3108900.504423519130796 ] ] ] } },
{ "type": "Feature", "properties": { "cell_id": "679_840", "label": 1, "block_id": "65_304" }, "geometry": { "type": "Polygon", "coordinates": [ [ [ 656246.000872823991813, 3048600.504423519130796 ], [ 656246.000872823991813, 3048700.504423519130796 ], [ 656146.000872823991813, 3048700.504423519130796 ], [ 656146.000872823991813, 3048600.504423519130796 ], [ 656246.000872823991813, 3048600.504423519130796 ] ] ] } },
{ "type": "Feature", "properties": { "cell_id": "681_836", "label": 1, "block_id": "65_304" }, "geometry": { "type": "Polygon", "coordinates": [ [ [ 656446.000872823991813, 3048200.504423519130796 ], [ 656446.000872823991813, 3048300.504423519130796 ], [ 656346.000872823991813, 3048300.504423519130796 ], [ 656346.000872823991813, 3048200.504423519130796 ], [ 656446.000872823991813, 3048200.504423519130796 ] ] ] } },
{ "type": "Feature", "properties": { "cell_id": "681_945", "label": 0, "block_id": "65_305" }, "geometry": { "type": "Polygon", "coordinates": [ [ [ 656446.000872823991813, 3059100.504423519130796 ], [ 656446.000872823991813, 3059200.504423519130796 ], [ 656346.000872823991813, 3059200.504423519130796 ], [ 656346.000872823991813, 3059100.504423519130796 ], [ 656446.000872823991813, 3059100.504423519130796 ] ] ] } },
{ "type": "Feature", "properties": { "cell_id": "682_700", "label": 1, "block_id": "65_303" }, "geometry": { "type": "Polygon", "coordinates": [ [ [ 656546.000872823991813, 3034600.504423519130796 ], [ 656546.000872823991813, 3034700.504423519130796 ], [ 656446.000872823991813, 3034700.504423519130796 ], [ 656446.000872823991813, 3034600.504423519130796 ], [ 656546.000872823991813, 3034600.504423519130796 ] ] ] } },
{ "type": "Feature", "properties": { "cell_id": "682_830", "label": 1, "block_id": "65_304" }, "geometry": { "type": "Polygon", "coordinates": [ [ [ 656546.000872823991813, 3047600.504423519130796 ], [ 656546.000872823991813, 3047700.504423519130796 ], [ 656446.000872823991813, 3047700.504423519130796 ], [ 656446.000872823991813, 3047600.504423519130796 ], [ 656546.000872823991813, 3047600.504423519130796 ] ] ] } },
{ "type": "Feature", "properties": { "cell_id": "682_832", "label": 1, "block_id": "65_304" }, "geometry": { "type": "Polygon", "coordinates": [ [ [ 656546.000872823991813, 3047800.504423519130796 ], [ 656546.000872823991813, 3047900.504423519130796 ], [ 656446.000872823991813, 3047900.504423519130796 ], [ 656446.000872823991813, 3047800.504423519130796 ], [ 656546.000872823991813, 3047800.504423519130796 ] ] ] } },
{ "type": "Feature", "properties": { "cell_id": "682_889", "label": 0, "block_id": "65_305" }, "geometry": { "type": "Polygon", "coordinates": [ [ [ 656546.000872823991813, 3053500.504423519130796 ], [ 656546.000872823991813, 3053600.504423519130796 ], [ 656446.000872823991813, 3053600.504423519130796 ], [ 656446.000872823991813, 3053500.504423519130796 ], [ 656546.000872823991813, 3053500.504423519130796 ] ] ] } },
{ "type": "Feature", "properties": { "cell_id": "683_833", "label": 1, "block_id": "65_304" }, "geometry": { "type": "Polygon", "coordinates": [ [ [ 656646.000872823991813, 3047900.504423519130796 ], [ 656646.000872823991813, 3048000.504423519130796 ], [ 656546.000872823991813, 3048000.504423519130796 ], [ 656546.000872823991813, 3047900.504423519130796 ], [ 656646.000872823991813, 3047900.504423519130796 ] ] ] } },
{ "type": "Feature", "properties": { "cell_id": "683_1168", "label": 0, "block_id": "65_308" }, "geometry": { "type": "Polygon", "coordinates": [ [ [ 656646.000872823991813, 3081400.504423519130796 ], [ 656646.000872823991813, 3081500.504423519130796 ], [ 656546.000872823991813, 3081500.504423519130796 ], [ 656546.000872823991813, 3081400.504423519130796 ], [ 656646.000872823991813, 3081400.504423519130796 ] ] ] } },
{ "type": "Feature", "properties": { "cell_id": "684_539", "label": 0, "block_id": "65_301" }, "geometry": { "type": "Polygon", "coordinates": [ [ [ 656746.000872823991813, 3018500.504423519130796 ], [ 656746.000872823991813, 3018600.504423519130796 ], [ 656646.000872823991813, 3018600.504423519130796 ], [ 656646.000872823991813, 3018500.504423519130796 ], [ 656746.000872823991813, 3018500.504423519130796 ] ] ] } },
{ "type": "Feature", "properties": { "cell_id": "685_800", "label": 1, "block_id": "65_304" }, "geometry": { "type": "Polygon", "coordinates": [ [ [ 656846.000872823991813, 3044600.504423519130796 ], [ 656846.000872823991813, 3044700.504423519130796 ], [ 656746.000872823991813, 3044700.504423519130796 ], [ 656746.000872823991813, 3044600.504423519130796 ], [ 656846.000872823991813, 3044600.504423519130796 ] ] ] } },
{ "type": "Feature", "properties": { "cell_id": "686_1225", "label": 0, "block_id": "65_308" }, "geometry": { "type": "Polygon", "coordinates": [ [ [ 656946.000872823991813, 3087100.504423519130796 ], [ 656946.000872823991813, 3087200.504423519130796 ], [ 656846.000872823991813, 3087200.504423519130796 ], [ 656846.000872823991813, 3087100.504423519130796 ], [ 656946.000872823991813, 3087100.504423519130796 ] ] ] } },
{ "type": "Feature", "properties": { "cell_id": "688_812", "label": 1, "block_id": "65_304" }, "geometry": { "type": "Polygon", "coordinates": [ [ [ 657146.000872823991813, 3045800.504423519130796 ], [ 657146.000872823991813, 3045900.504423519130796 ], [ 657046.000872823991813, 3045900.504423519130796 ], [ 657046.000872823991813, 3045800.504423519130796 ], [ 657146.000872823991813, 3045800.504423519130796 ] ] ] } },
{ "type": "Feature", "properties": { "cell_id": "688_1556", "label": 0, "block_id": "65_312" }, "geometry": { "type": "Polygon", "coordinates": [ [ [ 657146.000872823991813, 3120200.504423519130796 ], [ 657146.000872823991813, 3120300.504423519130796 ], [ 657046.000872823991813, 3120300.504423519130796 ], [ 657046.000872823991813, 3120200.504423519130796 ], [ 657146.000872823991813, 3120200.504423519130796 ] ] ] } },
{ "type": "Feature", "properties": { "cell_id": "688_1616", "label": 0, "block_id": "65_312" }, "geometry": { "type": "Polygon", "coordinates": [ [ [ 657146.000872823991813, 3126200.504423519130796 ], [ 657146.000872823991813, 3126300.504423519130796 ], [ 657046.000872823991813, 3126300.504423519130796 ], [ 657046.000872823991813, 3126200.504423519130796 ], [ 657146.000872823991813, 3126200.504423519130796 ] ] ] } },
{ "type": "Feature", "properties": { "cell_id": "689_462", "label": 1, "block_id": "65_301" }, "geometry": { "type": "Polygon", "coordinates": [ [ [ 657246.000872823991813, 3010800.504423519130796 ], [ 657246.000872823991813, 3010900.504423519130796 ], [ 657146.000872823991813, 3010900.504423519130796 ], [ 657146.000872823991813, 3010800.504423519130796 ], [ 657246.000872823991813, 3010800.504423519130796 ] ] ] } },
{ "type": "Feature", "properties": { "cell_id": "690_463", "label": 1, "block_id": "65_301" }, "geometry": { "type": "Polygon", "coordinates": [ [ [ 657346.000872823991813, 3010900.504423519130796 ], [ 657346.000872823991813, 3011000.504423519130796 ], [ 657246.000872823991813, 3011000.504423519130796 ], [ 657246.000872823991813, 3010900.504423519130796 ], [ 657346.000872823991813, 3010900.504423519130796 ] ] ] } },
{ "type": "Feature", "properties": { "cell_id": "690_466", "label": 1, "block_id": "65_301" }, "geometry": { "type": "Polygon", "coordinates": [ [ [ 657346.000872823991813, 3011200.504423519130796 ], [ 657346.000872823991813, 3011300.504423519130796 ], [ 657246.000872823991813, 3011300.504423519130796 ], [ 657246.000872823991813, 3011200.504423519130796 ], [ 657346.000872823991813, 3011200.504423519130796 ] ] ] } },
{ "type": "Feature", "properties": { "cell_id": "690_552", "label": 1, "block_id": "65_301" }, "geometry": { "type": "Polygon", "coordinates": [ [ [ 657346.000872823991813, 3019800.504423519130796 ], [ 657346.000872823991813, 3019900.504423519130796 ], [ 657246.000872823991813, 3019900.504423519130796 ], [ 657246.000872823991813, 3019800.504423519130796 ], [ 657346.000872823991813, 3019800.504423519130796 ] ] ] } },
{ "type": "Feature", "properties": { "cell_id": "691_75", "label": 0, "block_id": "65_297" }, "geometry": { "type": "Polygon", "coordinates": [ [ [ 657446.000872823991813, 2972100.504423519130796 ], [ 657446.000872823991813, 2972200.504423519130796 ], [ 657346.000872823991813, 2972200.504423519130796 ], [ 657346.000872823991813, 2972100.504423519130796 ], [ 657446.000872823991813, 2972100.504423519130796 ] ] ] } },
{ "type": "Feature", "properties": { "cell_id": "691_421", "label": 0, "block_id": "65_300" }, "geometry": { "type": "Polygon", "coordinates": [ [ [ 657446.000872823991813, 3006700.504423519130796 ], [ 657446.000872823991813, 3006800.504423519130796 ], [ 657346.000872823991813, 3006800.504423519130796 ], [ 657346.000872823991813, 3006700.504423519130796 ], [ 657446.000872823991813, 3006700.504423519130796 ] ] ] } },
{ "type": "Feature", "properties": { "cell_id": "691_453", "label": 1, "block_id": "65_300" }, "geometry": { "type": "Polygon", "coordinates": [ [ [ 657446.000872823991813, 3009900.504423519130796 ], [ 657446.000872823991813, 3010000.504423519130796 ], [ 657346.000872823991813, 3010000.504423519130796 ], [ 657346.000872823991813, 3009900.504423519130796 ], [ 657446.000872823991813, 3009900.504423519130796 ] ] ] } },
{ "type": "Feature", "properties": { "cell_id": "693_857", "label": 0, "block_id": "65_305" }, "geometry": { "type": "Polygon", "coordinates": [ [ [ 657646.000872823991813, 3050300.504423519130796 ], [ 657646.000872823991813, 3050400.504423519130796 ], [ 657546.000872823991813, 3050400.504423519130796 ], [ 657546.000872823991813, 3050300.504423519130796 ], [ 657646.000872823991813, 3050300.504423519130796 ] ] ] } },
{ "type": "Feature", "properties": { "cell_id": "694_455", "label": 1, "block_id": "65_301" }, "geometry": { "type": "Polygon", "coordinates": [ [ [ 657746.000872823991813, 3010100.504423519130796 ], [ 657746.000872823991813, 3010200.504423519130796 ], [ 657646.000872823991813, 3010200.504423519130796 ], [ 657646.000872823991813, 3010100.504423519130796 ], [ 657746.000872823991813, 3010100.504423519130796 ] ] ] } },
{ "type": "Feature", "properties": { "cell_id": "694_1647", "label": 0, "block_id": "65_312" }, "geometry": { "type": "Polygon", "coordinates": [ [ [ 657746.000872823991813, 3129300.504423519130796 ], [ 657746.000872823991813, 3129400.504423519130796 ], [ 657646.000872823991813, 3129400.504423519130796 ], [ 657646.000872823991813, 3129300.504423519130796 ], [ 657746.000872823991813, 3129300.504423519130796 ] ] ] } },
{ "type": "Feature", "properties": { "cell_id": "695_815", "label": 1, "block_id": "65_304" }, "geometry": { "type": "Polygon", "coordinates": [ [ [ 657846.000872823991813, 3046100.504423519130796 ], [ 657846.000872823991813, 3046200.504423519130796 ], [ 657746.000872823991813, 3046200.504423519130796 ], [ 657746.000872823991813, 3046100.504423519130796 ], [ 657846.000872823991813, 3046100.504423519130796 ] ] ] } },
{ "type": "Feature", "properties": { "cell_id": "697_813", "label": 1, "block_id": "65_304" }, "geometry": { "type": "Polygon", "coordinates": [ [ [ 658046.000872823991813, 3045900.504423519130796 ], [ 658046.000872823991813, 3046000.504423519130796 ], [ 657946.000872823991813, 3046000.504423519130796 ], [ 657946.000872823991813, 3045900.504423519130796 ], [ 658046.000872823991813, 3045900.504423519130796 ] ] ] } },
{ "type": "Feature", "properties": { "cell_id": "698_299", "label": 0, "block_id": "65_299" }, "geometry": { "type": "Polygon", "coordinates": [ [ [ 658146.000872823991813, 2994500.504423519130796 ], [ 658146.000872823991813, 2994600.504423519130796 ], [ 658046.000872823991813, 2994600.504423519130796 ], [ 658046.000872823991813, 2994500.504423519130796 ], [ 658146.000872823991813, 2994500.504423519130796 ] ] ] } },
{ "type": "Feature", "properties": { "cell_id": "698_438", "label": 1, "block_id": "65_300" }, "geometry": { "type": "Polygon", "coordinates": [ [ [ 658146.000872823991813, 3008400.504423519130796 ], [ 658146.000872823991813, 3008500.504423519130796 ], [ 658046.000872823991813, 3008500.504423519130796 ], [ 658046.000872823991813, 3008400.504423519130796 ], [ 658146.000872823991813, 3008400.504423519130796 ] ] ] } },
{ "type": "Feature", "properties": { "cell_id": "698_814", "label": 1, "block_id": "65_304" }, "geometry": { "type": "Polygon", "coordinates": [ [ [ 658146.000872823991813, 3046000.504423519130796 ], [ 658146.000872823991813, 3046100.504423519130796 ], [ 658046.000872823991813, 3046100.504423519130796 ], [ 658046.000872823991813, 3046000.504423519130796 ], [ 658146.000872823991813, 3046000.504423519130796 ] ] ] } },
{ "type": "Feature", "properties": { "cell_id": "699_342", "label": 0, "block_id": "65_299" }, "geometry": { "type": "Polygon", "coordinates": [ [ [ 658246.000872823991813, 2998800.504423519130796 ], [ 658246.000872823991813, 2998900.504423519130796 ], [ 658146.000872823991813, 2998900.504423519130796 ], [ 658146.000872823991813, 2998800.504423519130796 ], [ 658246.000872823991813, 2998800.504423519130796 ] ] ] } },
{ "type": "Feature", "properties": { "cell_id": "699_439", "label": 1, "block_id": "65_300" }, "geometry": { "type": "Polygon", "coordinates": [ [ [ 658246.000872823991813, 3008500.504423519130796 ], [ 658246.000872823991813, 3008600.504423519130796 ], [ 658146.000872823991813, 3008600.504423519130796 ], [ 658146.000872823991813, 3008500.504423519130796 ], [ 658246.000872823991813, 3008500.504423519130796 ] ] ] } },
{ "type": "Feature", "properties": { "cell_id": "699_780", "label": 0, "block_id": "65_304" }, "geometry": { "type": "Polygon", "coordinates": [ [ [ 658246.000872823991813, 3042600.504423519130796 ], [ 658246.000872823991813, 3042700.504423519130796 ], [ 658146.000872823991813, 3042700.504423519130796 ], [ 658146.000872823991813, 3042600.504423519130796 ], [ 658246.000872823991813, 3042600.504423519130796 ] ] ] } },
{ "type": "Feature", "properties": { "cell_id": "699_813", "label": 1, "block_id": "65_304" }, "geometry": { "type": "Polygon", "coordinates": [ [ [ 658246.000872823991813, 3045900.504423519130796 ], [ 658246.000872823991813, 3046000.504423519130796 ], [ 658146.000872823991813, 3046000.504423519130796 ], [ 658146.000872823991813, 3045900.504423519130796 ], [ 658246.000872823991813, 3045900.504423519130796 ] ] ] } },
{ "type": "Feature", "properties": { "cell_id": "699_834", "label": 1, "block_id": "65_304" }, "geometry": { "type": "Polygon", "coordinates": [ [ [ 658246.000872823991813, 3048000.504423519130796 ], [ 658246.000872823991813, 3048100.504423519130796 ], [ 658146.000872823991813, 3048100.504423519130796 ], [ 658146.000872823991813, 3048000.504423519130796 ], [ 658246.000872823991813, 3048000.504423519130796 ] ] ] } },
{ "type": "Feature", "properties": { "cell_id": "700_491", "label": 1, "block_id": "65_301" }, "geometry": { "type": "Polygon", "coordinates": [ [ [ 658346.000872823991813, 3013700.504423519130796 ], [ 658346.000872823991813, 3013800.504423519130796 ], [ 658246.000872823991813, 3013800.504423519130796 ], [ 658246.000872823991813, 3013700.504423519130796 ], [ 658346.000872823991813, 3013700.504423519130796 ] ] ] } },
{ "type": "Feature", "properties": { "cell_id": "700_541", "label": 1, "block_id": "65_301" }, "geometry": { "type": "Polygon", "coordinates": [ [ [ 658346.000872823991813, 3018700.504423519130796 ], [ 658346.000872823991813, 3018800.504423519130796 ], [ 658246.000872823991813, 3018800.504423519130796 ], [ 658246.000872823991813, 3018700.504423519130796 ], [ 658346.000872823991813, 3018700.504423519130796 ] ] ] } },
{ "type": "Feature", "properties": { "cell_id": "700_614", "label": 1, "block_id": "65_302" }, "geometry": { "type": "Polygon", "coordinates": [ [ [ 658346.000872823991813, 3026000.504423519130796 ], [ 658346.000872823991813, 3026100.504423519130796 ], [ 658246.000872823991813, 3026100.504423519130796 ], [ 658246.000872823991813, 3026000.504423519130796 ], [ 658346.000872823991813, 3026000.504423519130796 ] ] ] } },
{ "type": "Feature", "properties": { "cell_id": "700_713", "label": 1, "block_id": "65_303" }, "geometry": { "type": "Polygon", "coordinates": [ [ [ 658346.000872823991813, 3035900.504423519130796 ], [ 658346.000872823991813, 3036000.504423519130796 ], [ 658246.000872823991813, 3036000.504423519130796 ], [ 658246.000872823991813, 3035900.504423519130796 ], [ 658346.000872823991813, 3035900.504423519130796 ] ] ] } },
{ "type": "Feature", "properties": { "cell_id": "700_812", "label": 1, "block_id": "65_304" }, "geometry": { "type": "Polygon", "coordinates": [ [ [ 658346.000872823991813, 3045800.504423519130796 ], [ 658346.000872823991813, 3045900.504423519130796 ], [ 658246.000872823991813, 3045900.504423519130796 ], [ 658246.000872823991813, 3045800.504423519130796 ], [ 658346.000872823991813, 3045800.504423519130796 ] ] ] } },
{ "type": "Feature", "properties": { "cell_id": "702_453", "label": 1, "block_id": "65_300" }, "geometry": { "type": "Polygon", "coordinates": [ [ [ 658546.000872823991813, 3009900.504423519130796 ], [ 658546.000872823991813, 3010000.504423519130796 ], [ 658446.000872823991813, 3010000.504423519130796 ], [ 658446.000872823991813, 3009900.504423519130796 ], [ 658546.000872823991813, 3009900.504423519130796 ] ] ] } },
{ "type": "Feature", "properties": { "cell_id": "702_951", "label": 1, "block_id": "65_305" }, "geometry": { "type": "Polygon", "coordinates": [ [ [ 658546.000872823991813, 3059700.504423519130796 ], [ 658546.000872823991813, 3059800.504423519130796 ], [ 658446.000872823991813, 3059800.504423519130796 ], [ 658446.000872823991813, 3059700.504423519130796 ], [ 658546.000872823991813, 3059700.504423519130796 ] ] ] } },
{ "type": "Feature", "properties": { "cell_id": "702_1183", "label": 0, "block_id": "65_308" }, "geometry": { "type": "Polygon", "coordinates": [ [ [ 658546.000872823991813, 3082900.504423519130796 ], [ 658546.000872823991813, 3083000.504423519130796 ], [ 658446.000872823991813, 3083000.504423519130796 ], [ 658446.000872823991813, 3082900.504423519130796 ], [ 658546.000872823991813, 3082900.504423519130796 ] ] ] } },
{ "type": "Feature", "properties": { "cell_id": "703_492", "label": 1, "block_id": "65_301" }, "geometry": { "type": "Polygon", "coordinates": [ [ [ 658646.000872823991813, 3013800.504423519130796 ], [ 658646.000872823991813, 3013900.504423519130796 ], [ 658546.000872823991813, 3013900.504423519130796 ], [ 658546.000872823991813, 3013800.504423519130796 ], [ 658646.000872823991813, 3013800.504423519130796 ] ] ] } },
{ "type": "Feature", "properties": { "cell_id": "703_654", "label": 0, "block_id": "65_303" }, "geometry": { "type": "Polygon", "coordinates": [ [ [ 658646.000872823991813, 3030000.504423519130796 ], [ 658646.000872823991813, 3030100.504423519130796 ], [ 658546.000872823991813, 3030100.504423519130796 ], [ 658546.000872823991813, 3030000.504423519130796 ], [ 658646.000872823991813, 3030000.504423519130796 ] ] ] } },
{ "type": "Feature", "properties": { "cell_id": "703_817", "label": 1, "block_id": "65_304" }, "geometry": { "type": "Polygon", "coordinates": [ [ [ 658646.000872823991813, 3046300.504423519130796 ], [ 658646.000872823991813, 3046400.504423519130796 ], [ 658546.000872823991813, 3046400.504423519130796 ], [ 658546.000872823991813, 3046300.504423519130796 ], [ 658646.000872823991813, 3046300.504423519130796 ] ] ] } },
{ "type": "Feature", "properties": { "cell_id": "703_1649", "label": 0, "block_id": "65_312" }, "geometry": { "type": "Polygon", "coordinates": [ [ [ 658646.000872823991813, 3129500.504423519130796 ], [ 658646.000872823991813, 3129600.504423519130796 ], [ 658546.000872823991813, 3129600.504423519130796 ], [ 658546.000872823991813, 3129500.504423519130796 ], [ 658646.000872823991813, 3129500.504423519130796 ] ] ] } },
{ "type": "Feature", "properties": { "cell_id": "704_489", "label": 1, "block_id": "65_301" }, "geometry": { "type": "Polygon", "coordinates": [ [ [ 658746.000872823991813, 3013500.504423519130796 ], [ 658746.000872823991813, 3013600.504423519130796 ], [ 658646.000872823991813, 3013600.504423519130796 ], [ 658646.000872823991813, 3013500.504423519130796 ], [ 658746.000872823991813, 3013500.504423519130796 ] ] ] } },
{ "type": "Feature", "properties": { "cell_id": "705_442", "label": 1, "block_id": "65_300" }, "geometry": { "type": "Polygon", "coordinates": [ [ [ 658846.000872823991813, 3008800.504423519130796 ], [ 658846.000872823991813, 3008900.504423519130796 ], [ 658746.000872823991813, 3008900.504423519130796 ], [ 658746.000872823991813, 3008800.504423519130796 ], [ 658846.000872823991813, 3008800.504423519130796 ] ] ] } },
{ "type": "Feature", "properties": { "cell_id": "705_813", "label": 1, "block_id": "65_304" }, "geometry": { "type": "Polygon", "coordinates": [ [ [ 658846.000872823991813, 3045900.504423519130796 ], [ 658846.000872823991813, 3046000.504423519130796 ], [ 658746.000872823991813, 3046000.504423519130796 ], [ 658746.000872823991813, 3045900.504423519130796 ], [ 658846.000872823991813, 3045900.504423519130796 ] ] ] } },
{ "type": "Feature", "properties": { "cell_id": "705_835", "label": 1, "block_id": "65_304" }, "geometry": { "type": "Polygon", "coordinates": [ [ [ 658846.000872823991813, 3048100.504423519130796 ], [ 658846.000872823991813, 3048200.504423519130796 ], [ 658746.000872823991813, 3048200.504423519130796 ], [ 658746.000872823991813, 3048100.504423519130796 ], [ 658846.000872823991813, 3048100.504423519130796 ] ] ] } },
{ "type": "Feature", "properties": { "cell_id": "706_75", "label": 0, "block_id": "65_297" }, "geometry": { "type": "Polygon", "coordinates": [ [ [ 658946.000872823991813, 2972100.504423519130796 ], [ 658946.000872823991813, 2972200.504423519130796 ], [ 658846.000872823991813, 2972200.504423519130796 ], [ 658846.000872823991813, 2972100.504423519130796 ], [ 658946.000872823991813, 2972100.504423519130796 ] ] ] } },
{ "type": "Feature", "properties": { "cell_id": "706_819", "label": 1, "block_id": "65_304" }, "geometry": { "type": "Polygon", "coordinates": [ [ [ 658946.000872823991813, 3046500.504423519130796 ], [ 658946.000872823991813, 3046600.504423519130796 ], [ 658846.000872823991813, 3046600.504423519130796 ], [ 658846.000872823991813, 3046500.504423519130796 ], [ 658946.000872823991813, 3046500.504423519130796 ] ] ] } },
{ "type": "Feature", "properties": { "cell_id": "707_586", "label": 0, "block_id": "65_302" }, "geometry": { "type": "Polygon", "coordinates": [ [ [ 659046.000872823991813, 3023200.504423519130796 ], [ 659046.000872823991813, 3023300.504423519130796 ], [ 658946.000872823991813, 3023300.504423519130796 ], [ 658946.000872823991813, 3023200.504423519130796 ], [ 659046.000872823991813, 3023200.504423519130796 ] ] ] } },
{ "type": "Feature", "properties": { "cell_id": "707_821", "label": 1, "block_id": "65_304" }, "geometry": { "type": "Polygon", "coordinates": [ [ [ 659046.000872823991813, 3046700.504423519130796 ], [ 659046.000872823991813, 3046800.504423519130796 ], [ 658946.000872823991813, 3046800.504423519130796 ], [ 658946.000872823991813, 3046700.504423519130796 ], [ 659046.000872823991813, 3046700.504423519130796 ] ] ] } },
{ "type": "Feature", "properties": { "cell_id": "707_938", "label": 1, "block_id": "65_305" }, "geometry": { "type": "Polygon", "coordinates": [ [ [ 659046.000872823991813, 3058400.504423519130796 ], [ 659046.000872823991813, 3058500.504423519130796 ], [ 658946.000872823991813, 3058500.504423519130796 ], [ 658946.000872823991813, 3058400.504423519130796 ], [ 659046.000872823991813, 3058400.504423519130796 ] ] ] } },
{ "type": "Feature", "properties": { "cell_id": "708_495", "label": 1, "block_id": "65_301" }, "geometry": { "type": "Polygon", "coordinates": [ [ [ 659146.000872823991813, 3014100.504423519130796 ], [ 659146.000872823991813, 3014200.504423519130796 ], [ 659046.000872823991813, 3014200.504423519130796 ], [ 659046.000872823991813, 3014100.504423519130796 ], [ 659146.000872823991813, 3014100.504423519130796 ] ] ] } },
{ "type": "Feature", "properties": { "cell_id": "709_331", "label": 0, "block_id": "65_299" }, "geometry": { "type": "Polygon", "coordinates": [ [ [ 659246.000872823991813, 2997700.504423519130796 ], [ 659246.000872823991813, 2997800.504423519130796 ], [ 659146.000872823991813, 2997800.504423519130796 ], [ 659146.000872823991813, 2997700.504423519130796 ], [ 659246.000872823991813, 2997700.504423519130796 ] ] ] } },
{ "type": "Feature", "properties": { "cell_id": "710_465", "label": 1, "block_id": "65_301" }, "geometry": { "type": "Polygon", "coordinates": [ [ [ 659346.000872823991813, 3011100.504423519130796 ], [ 659346.000872823991813, 3011200.504423519130796 ], [ 659246.000872823991813, 3011200.504423519130796 ], [ 659246.000872823991813, 3011100.504423519130796 ], [ 659346.000872823991813, 3011100.504423519130796 ] ] ] } },
{ "type": "Feature", "properties": { "cell_id": "710_704", "label": 1, "block_id": "65_303" }, "geometry": { "type": "Polygon", "coordinates": [ [ [ 659346.000872823991813, 3035000.504423519130796 ], [ 659346.000872823991813, 3035100.504423519130796 ], [ 659246.000872823991813, 3035100.504423519130796 ], [ 659246.000872823991813, 3035000.504423519130796 ], [ 659346.000872823991813, 3035000.504423519130796 ] ] ] } },
{ "type": "Feature", "properties": { "cell_id": "712_482", "label": 0, "block_id": "65_301" }, "geometry": { "type": "Polygon", "coordinates": [ [ [ 659546.000872823991813, 3012800.504423519130796 ], [ 659546.000872823991813, 3012900.504423519130796 ], [ 659446.000872823991813, 3012900.504423519130796 ], [ 659446.000872823991813, 3012800.504423519130796 ], [ 659546.000872823991813, 3012800.504423519130796 ] ] ] } },
{ "type": "Feature", "properties": { "cell_id": "712_713", "label": 1, "block_id": "65_303" }, "geometry": { "type": "Polygon", "coordinates": [ [ [ 659546.000872823991813, 3035900.504423519130796 ], [ 659546.000872823991813, 3036000.504423519130796 ], [ 659446.000872823991813, 3036000.504423519130796 ], [ 659446.000872823991813, 3035900.504423519130796 ], [ 659546.000872823991813, 3035900.504423519130796 ] ] ] } },
{ "type": "Feature", "properties": { "cell_id": "713_669", "label": 1, "block_id": "65_303" }, "geometry": { "type": "Polygon", "coordinates": [ [ [ 659646.000872823991813, 3031500.504423519130796 ], [ 659646.000872823991813, 3031600.504423519130796 ], [ 659546.000872823991813, 3031600.504423519130796 ], [ 659546.000872823991813, 3031500.504423519130796 ], [ 659646.000872823991813, 3031500.504423519130796 ] ] ] } },
{ "type": "Feature", "properties": { "cell_id": "714_190", "label": 0, "block_id": "65_298" }, "geometry": { "type": "Polygon", "coordinates": [ [ [ 659746.000872823991813, 2983600.504423519130796 ], [ 659746.000872823991813, 2983700.504423519130796 ], [ 659646.000872823991813, 2983700.504423519130796 ], [ 659646.000872823991813, 2983600.504423519130796 ], [ 659746.000872823991813, 2983600.504423519130796 ] ] ] } },
{ "type": "Feature", "properties": { "cell_id": "714_915", "label": 1, "block_id": "65_305" }, "geometry": { "type": "Polygon", "coordinates": [ [ [ 659746.000872823991813, 3056100.504423519130796 ], [ 659746.000872823991813, 3056200.504423519130796 ], [ 659646.000872823991813, 3056200.504423519130796 ], [ 659646.000872823991813, 3056100.504423519130796 ], [ 659746.000872823991813, 3056100.504423519130796 ] ] ] } },
{ "type": "Feature", "properties": { "cell_id": "714_917", "label": 1, "block_id": "65_305" }, "geometry": { "type": "Polygon", "coordinates": [ [ [ 659746.000872823991813, 3056300.504423519130796 ], [ 659746.000872823991813, 3056400.504423519130796 ], [ 659646.000872823991813, 3056400.504423519130796 ], [ 659646.000872823991813, 3056300.504423519130796 ], [ 659746.000872823991813, 3056300.504423519130796 ] ] ] } },
{ "type": "Feature", "properties": { "cell_id": "715_692", "label": 1, "block_id": "65_303" }, "geometry": { "type": "Polygon", "coordinates": [ [ [ 659846.000872823991813, 3033800.504423519130796 ], [ 659846.000872823991813, 3033900.504423519130796 ], [ 659746.000872823991813, 3033900.504423519130796 ], [ 659746.000872823991813, 3033800.504423519130796 ], [ 659846.000872823991813, 3033800.504423519130796 ] ] ] } },
{ "type": "Feature", "properties": { "cell_id": "715_926", "label": 1, "block_id": "65_305" }, "geometry": { "type": "Polygon", "coordinates": [ [ [ 659846.000872823991813, 3057200.504423519130796 ], [ 659846.000872823991813, 3057300.504423519130796 ], [ 659746.000872823991813, 3057300.504423519130796 ], [ 659746.000872823991813, 3057200.504423519130796 ], [ 659846.000872823991813, 3057200.504423519130796 ] ] ] } },
{ "type": "Feature", "properties": { "cell_id": "716_753", "label": 0, "block_id": "65_303" }, "geometry": { "type": "Polygon", "coordinates": [ [ [ 659946.000872823991813, 3039900.504423519130796 ], [ 659946.000872823991813, 3040000.504423519130796 ], [ 659846.000872823991813, 3040000.504423519130796 ], [ 659846.000872823991813, 3039900.504423519130796 ], [ 659946.000872823991813, 3039900.504423519130796 ] ] ] } },
{ "type": "Feature", "properties": { "cell_id": "717_222", "label": 0, "block_id": "65_298" }, "geometry": { "type": "Polygon", "coordinates": [ [ [ 660046.000872823991813, 2986800.504423519130796 ], [ 660046.000872823991813, 2986900.504423519130796 ], [ 659946.000872823991813, 2986900.504423519130796 ], [ 659946.000872823991813, 2986800.504423519130796 ], [ 660046.000872823991813, 2986800.504423519130796 ] ] ] } },
{ "type": "Feature", "properties": { "cell_id": "717_641", "label": 1, "block_id": "65_302" }, "geometry": { "type": "Polygon", "coordinates": [ [ [ 660046.000872823991813, 3028700.504423519130796 ], [ 660046.000872823991813, 3028800.504423519130796 ], [ 659946.000872823991813, 3028800.504423519130796 ], [ 659946.000872823991813, 3028700.504423519130796 ], [ 660046.000872823991813, 3028700.504423519130796 ] ] ] } },
{ "type": "Feature", "properties": { "cell_id": "718_841", "label": 1, "block_id": "66_304" }, "geometry": { "type": "Polygon", "coordinates": [ [ [ 660146.000872823991813, 3048700.504423519130796 ], [ 660146.000872823991813, 3048800.504423519130796 ], [ 660046.000872823991813, 3048800.504423519130796 ], [ 660046.000872823991813, 3048700.504423519130796 ], [ 660146.000872823991813, 3048700.504423519130796 ] ] ] } },
{ "type": "Feature", "properties": { "cell_id": "719_841", "label": 1, "block_id": "66_304" }, "geometry": { "type": "Polygon", "coordinates": [ [ [ 660246.000872823991813, 3048700.504423519130796 ], [ 660246.000872823991813, 3048800.504423519130796 ], [ 660146.000872823991813, 3048800.504423519130796 ], [ 660146.000872823991813, 3048700.504423519130796 ], [ 660246.000872823991813, 3048700.504423519130796 ] ] ] } },
{ "type": "Feature", "properties": { "cell_id": "719_913", "label": 1, "block_id": "66_305" }, "geometry": { "type": "Polygon", "coordinates": [ [ [ 660246.000872823991813, 3055900.504423519130796 ], [ 660246.000872823991813, 3056000.504423519130796 ], [ 660146.000872823991813, 3056000.504423519130796 ], [ 660146.000872823991813, 3055900.504423519130796 ], [ 660246.000872823991813, 3055900.504423519130796 ] ] ] } },
{ "type": "Feature", "properties": { "cell_id": "720_667", "label": 1, "block_id": "66_303" }, "geometry": { "type": "Polygon", "coordinates": [ [ [ 660346.000872823991813, 3031300.504423519130796 ], [ 660346.000872823991813, 3031400.504423519130796 ], [ 660246.000872823991813, 3031400.504423519130796 ], [ 660246.000872823991813, 3031300.504423519130796 ], [ 660346.000872823991813, 3031300.504423519130796 ] ] ] } },
{ "type": "Feature", "properties": { "cell_id": "720_691", "label": 1, "block_id": "66_303" }, "geometry": { "type": "Polygon", "coordinates": [ [ [ 660346.000872823991813, 3033700.504423519130796 ], [ 660346.000872823991813, 3033800.504423519130796 ], [ 660246.000872823991813, 3033800.504423519130796 ], [ 660246.000872823991813, 3033700.504423519130796 ], [ 660346.000872823991813, 3033700.504423519130796 ] ] ] } },
{ "type": "Feature", "properties": { "cell_id": "721_691", "label": 1, "block_id": "66_303" }, "geometry": { "type": "Polygon", "coordinates": [ [ [ 660446.000872823991813, 3033700.504423519130796 ], [ 660446.000872823991813, 3033800.504423519130796 ], [ 660346.000872823991813, 3033800.504423519130796 ], [ 660346.000872823991813, 3033700.504423519130796 ], [ 660446.000872823991813, 3033700.504423519130796 ] ] ] } },
{ "type": "Feature", "properties": { "cell_id": "721_1282", "label": 0, "block_id": "66_309" }, "geometry": { "type": "Polygon", "coordinates": [ [ [ 660446.000872823991813, 3092800.504423519130796 ], [ 660446.000872823991813, 3092900.504423519130796 ], [ 660346.000872823991813, 3092900.504423519130796 ], [ 660346.000872823991813, 3092800.504423519130796 ], [ 660446.000872823991813, 3092800.504423519130796 ] ] ] } },
{ "type": "Feature", "properties": { "cell_id": "722_666", "label": 1, "block_id": "66_303" }, "geometry": { "type": "Polygon", "coordinates": [ [ [ 660546.000872823991813, 3031200.504423519130796 ], [ 660546.000872823991813, 3031300.504423519130796 ], [ 660446.000872823991813, 3031300.504423519130796 ], [ 660446.000872823991813, 3031200.504423519130796 ], [ 660546.000872823991813, 3031200.504423519130796 ] ] ] } },
{ "type": "Feature", "properties": { "cell_id": "722_691", "label": 1, "block_id": "66_303" }, "geometry": { "type": "Polygon", "coordinates": [ [ [ 660546.000872823991813, 3033700.504423519130796 ], [ 660546.000872823991813, 3033800.504423519130796 ], [ 660446.000872823991813, 3033800.504423519130796 ], [ 660446.000872823991813, 3033700.504423519130796 ], [ 660546.000872823991813, 3033700.504423519130796 ] ] ] } },
{ "type": "Feature", "properties": { "cell_id": "723_1336", "label": 0, "block_id": "66_309" }, "geometry": { "type": "Polygon", "coordinates": [ [ [ 660646.000872823991813, 3098200.504423519130796 ], [ 660646.000872823991813, 3098300.504423519130796 ], [ 660546.000872823991813, 3098300.504423519130796 ], [ 660546.000872823991813, 3098200.504423519130796 ], [ 660646.000872823991813, 3098200.504423519130796 ] ] ] } },
{ "type": "Feature", "properties": { "cell_id": "724_665", "label": 1, "block_id": "66_303" }, "geometry": { "type": "Polygon", "coordinates": [ [ [ 660746.000872823991813, 3031100.504423519130796 ], [ 660746.000872823991813, 3031200.504423519130796 ], [ 660646.000872823991813, 3031200.504423519130796 ], [ 660646.000872823991813, 3031100.504423519130796 ], [ 660746.000872823991813, 3031100.504423519130796 ] ] ] } },
{ "type": "Feature", "properties": { "cell_id": "725_685", "label": 1, "block_id": "66_303" }, "geometry": { "type": "Polygon", "coordinates": [ [ [ 660846.000872823991813, 3033100.504423519130796 ], [ 660846.000872823991813, 3033200.504423519130796 ], [ 660746.000872823991813, 3033200.504423519130796 ], [ 660746.000872823991813, 3033100.504423519130796 ], [ 660846.000872823991813, 3033100.504423519130796 ] ] ] } },
{ "type": "Feature", "properties": { "cell_id": "725_830", "label": 1, "block_id": "66_304" }, "geometry": { "type": "Polygon", "coordinates": [ [ [ 660846.000872823991813, 3047600.504423519130796 ], [ 660846.000872823991813, 3047700.504423519130796 ], [ 660746.000872823991813, 3047700.504423519130796 ], [ 660746.000872823991813, 3047600.504423519130796 ], [ 660846.000872823991813, 3047600.504423519130796 ] ] ] } },
{ "type": "Feature", "properties": { "cell_id": "726_685", "label": 1, "block_id": "66_303" }, "geometry": { "type": "Polygon", "coordinates": [ [ [ 660946.000872823991813, 3033100.504423519130796 ], [ 660946.000872823991813, 3033200.504423519130796 ], [ 660846.000872823991813, 3033200.504423519130796 ], [ 660846.000872823991813, 3033100.504423519130796 ], [ 660946.000872823991813, 3033100.504423519130796 ] ] ] } },
{ "type": "Feature", "properties": { "cell_id": "727_445", "label": 1, "block_id": "66_300" }, "geometry": { "type": "Polygon", "coordinates": [ [ [ 661046.000872823991813, 3009100.504423519130796 ], [ 661046.000872823991813, 3009200.504423519130796 ], [ 660946.000872823991813, 3009200.504423519130796 ], [ 660946.000872823991813, 3009100.504423519130796 ], [ 661046.000872823991813, 3009100.504423519130796 ] ] ] } },
{ "type": "Feature", "properties": { "cell_id": "728_350", "label": 0, "block_id": "66_299" }, "geometry": { "type": "Polygon", "coordinates": [ [ [ 661146.000872823991813, 2999600.504423519130796 ], [ 661146.000872823991813, 2999700.504423519130796 ], [ 661046.000872823991813, 2999700.504423519130796 ], [ 661046.000872823991813, 2999600.504423519130796 ], [ 661146.000872823991813, 2999600.504423519130796 ] ] ] } },
{ "type": "Feature", "properties": { "cell_id": "732_654", "label": 1, "block_id": "66_303" }, "geometry": { "type": "Polygon", "coordinates": [ [ [ 661546.000872823991813, 3030000.504423519130796 ], [ 661546.000872823991813, 3030100.504423519130796 ], [ 661446.000872823991813, 3030100.504423519130796 ], [ 661446.000872823991813, 3030000.504423519130796 ], [ 661546.000872823991813, 3030000.504423519130796 ] ] ] } },
{ "type": "Feature", "properties": { "cell_id": "732_689", "label": 0, "block_id": "66_303" }, "geometry": { "type": "Polygon", "coordinates": [ [ [ 661546.000872823991813, 3033500.504423519130796 ], [ 661546.000872823991813, 3033600.504423519130796 ], [ 661446.000872823991813, 3033600.504423519130796 ], [ 661446.000872823991813, 3033500.504423519130796 ], [ 661546.000872823991813, 3033500.504423519130796 ] ] ] } },
{ "type": "Feature", "properties": { "cell_id": "732_833", "label": 1, "block_id": "66_304" }, "geometry": { "type": "Polygon", "coordinates": [ [ [ 661546.000872823991813, 3047900.504423519130796 ], [ 661546.000872823991813, 3048000.504423519130796 ], [ 661446.000872823991813, 3048000.504423519130796 ], [ 661446.000872823991813, 3047900.504423519130796 ], [ 661546.000872823991813, 3047900.504423519130796 ] ] ] } },
{ "type": "Feature", "properties": { "cell_id": "734_444", "label": 1, "block_id": "66_300" }, "geometry": { "type": "Polygon", "coordinates": [ [ [ 661746.000872823991813, 3009000.504423519130796 ], [ 661746.000872823991813, 3009100.504423519130796 ], [ 661646.000872823991813, 3009100.504423519130796 ], [ 661646.000872823991813, 3009000.504423519130796 ], [ 661746.000872823991813, 3009000.504423519130796 ] ] ] } },
{ "type": "Feature", "properties": { "cell_id": "734_749", "label": 0, "block_id": "66_303" }, "geometry": { "type": "Polygon", "coordinates": [ [ [ 661746.000872823991813, 3039500.504423519130796 ], [ 661746.000872823991813, 3039600.504423519130796 ], [ 661646.000872823991813, 3039600.504423519130796 ], [ 661646.000872823991813, 3039500.504423519130796 ], [ 661746.000872823991813, 3039500.504423519130796 ] ] ] } },
{ "type": "Feature", "properties": { "cell_id": "736_445", "label": 1, "block_id": "66_300" }, "geometry": { "type": "Polygon", "coordinates": [ [ [ 661946.000872823991813, 3009100.504423519130796 ], [ 661946.000872823991813, 3009200.504423519130796 ], [ 661846.000872823991813, 3009200.504423519130796 ], [ 661846.000872823991813, 3009100.504423519130796 ], [ 661946.000872823991813, 3009100.504423519130796 ] ] ] } },
{ "type": "Feature", "properties": { "cell_id": "738_654", "label": 1, "block_id": "66_303" }, "geometry": { "type": "Polygon", "coordinates": [ [ [ 662146.000872823991813, 3030000.504423519130796 ], [ 662146.000872823991813, 3030100.504423519130796 ], [ 662046.000872823991813, 3030100.504423519130796 ], [ 662046.000872823991813, 3030000.504423519130796 ], [ 662146.000872823991813, 3030000.504423519130796 ] ] ] } },
{ "type": "Feature", "properties": { "cell_id": "738_836", "label": 1, "block_id": "66_304" }, "geometry": { "type": "Polygon", "coordinates": [ [ [ 662146.000872823991813, 3048200.504423519130796 ], [ 662146.000872823991813, 3048300.504423519130796 ], [ 662046.000872823991813, 3048300.504423519130796 ], [ 662046.000872823991813, 3048200.504423519130796 ], [ 662146.000872823991813, 3048200.504423519130796 ] ] ] } },
{ "type": "Feature", "properties": { "cell_id": "739_864", "label": 0, "block_id": "66_305" }, "geometry": { "type": "Polygon", "coordinates": [ [ [ 662246.000872823991813, 3051000.504423519130796 ], [ 662246.000872823991813, 3051100.504423519130796 ], [ 662146.000872823991813, 3051100.504423519130796 ], [ 662146.000872823991813, 3051000.504423519130796 ], [ 662246.000872823991813, 3051000.504423519130796 ] ] ] } },
{ "type": "Feature", "properties": { "cell_id": "740_137", "label": 0, "block_id": "66_297" }, "geometry": { "type": "Polygon", "coordinates": [ [ [ 662346.000872823991813, 2978300.504423519130796 ], [ 662346.000872823991813, 2978400.504423519130796 ], [ 662246.000872823991813, 2978400.504423519130796 ], [ 662246.000872823991813, 2978300.504423519130796 ], [ 662346.000872823991813, 2978300.504423519130796 ] ] ] } },
{ "type": "Feature", "properties": { "cell_id": "740_449", "label": 1, "block_id": "66_300" }, "geometry": { "type": "Polygon", "coordinates": [ [ [ 662346.000872823991813, 3009500.504423519130796 ], [ 662346.000872823991813, 3009600.504423519130796 ], [ 662246.000872823991813, 3009600.504423519130796 ], [ 662246.000872823991813, 3009500.504423519130796 ], [ 662346.000872823991813, 3009500.504423519130796 ] ] ] } },
{ "type": "Feature", "properties": { "cell_id": "740_937", "label": 0, "block_id": "66_305" }, "geometry": { "type": "Polygon", "coordinates": [ [ [ 662346.000872823991813, 3058300.504423519130796 ], [ 662346.000872823991813, 3058400.504423519130796 ], [ 662246.000872823991813, 3058400.504423519130796 ], [ 662246.000872823991813, 3058300.504423519130796 ], [ 662346.000872823991813, 3058300.504423519130796 ] ] ] } },
{ "type": "Feature", "properties": { "cell_id": "741_64", "label": 0, "block_id": "66_297" }, "geometry": { "type": "Polygon", "coordinates": [ [ [ 662446.000872823991813, 2971000.504423519130796 ], [ 662446.000872823991813, 2971100.504423519130796 ], [ 662346.000872823991813, 2971100.504423519130796 ], [ 662346.000872823991813, 2971000.504423519130796 ], [ 662446.000872823991813, 2971000.504423519130796 ] ] ] } },
{ "type": "Feature", "properties": { "cell_id": "741_276", "label": 0, "block_id": "66_299" }, "geometry": { "type": "Polygon", "coordinates": [ [ [ 662446.000872823991813, 2992200.504423519130796 ], [ 662446.000872823991813, 2992300.504423519130796 ], [ 662346.000872823991813, 2992300.504423519130796 ], [ 662346.000872823991813, 2992200.504423519130796 ], [ 662446.000872823991813, 2992200.504423519130796 ] ] ] } },
{ "type": "Feature", "properties": { "cell_id": "741_837", "label": 1, "block_id": "66_304" }, "geometry": { "type": "Polygon", "coordinates": [ [ [ 662446.000872823991813, 3048300.504423519130796 ], [ 662446.000872823991813, 3048400.504423519130796 ], [ 662346.000872823991813, 3048400.504423519130796 ], [ 662346.000872823991813, 3048300.504423519130796 ], [ 662446.000872823991813, 3048300.504423519130796 ] ] ] } },
{ "type": "Feature", "properties": { "cell_id": "742_839", "label": 1, "block_id": "66_304" }, "geometry": { "type": "Polygon", "coordinates": [ [ [ 662546.000872823991813, 3048500.504423519130796 ], [ 662546.000872823991813, 3048600.504423519130796 ], [ 662446.000872823991813, 3048600.504423519130796 ], [ 662446.000872823991813, 3048500.504423519130796 ], [ 662546.000872823991813, 3048500.504423519130796 ] ] ] } },
{ "type": "Feature", "properties": { "cell_id": "743_450", "label": 1, "block_id": "66_300" }, "geometry": { "type": "Polygon", "coordinates": [ [ [ 662646.000872823991813, 3009600.504423519130796 ], [ 662646.000872823991813, 3009700.504423519130796 ], [ 662546.000872823991813, 3009700.504423519130796 ], [ 662546.000872823991813, 3009600.504423519130796 ], [ 662646.000872823991813, 3009600.504423519130796 ] ] ] } },
{ "type": "Feature", "properties": { "cell_id": "744_844", "label": 1, "block_id": "66_304" }, "geometry": { "type": "Polygon", "coordinates": [ [ [ 662746.000872823991813, 3049000.504423519130796 ], [ 662746.000872823991813, 3049100.504423519130796 ], [ 662646.000872823991813, 3049100.504423519130796 ], [ 662646.000872823991813, 3049000.504423519130796 ], [ 662746.000872823991813, 3049000.504423519130796 ] ] ] } },
{ "type": "Feature", "properties": { "cell_id": "747_866", "label": 1, "block_id": "66_305" }, "geometry": { "type": "Polygon", "coordinates": [ [ [ 663046.000872823991813, 3051200.504423519130796 ], [ 663046.000872823991813, 3051300.504423519130796 ], [ 662946.000872823991813, 3051300.504423519130796 ], [ 662946.000872823991813, 3051200.504423519130796 ], [ 663046.000872823991813, 3051200.504423519130796 ] ] ] } },
{ "type": "Feature", "properties": { "cell_id": "747_903", "label": 1, "block_id": "66_305" }, "geometry": { "type": "Polygon", "coordinates": [ [ [ 663046.000872823991813, 3054900.504423519130796 ], [ 663046.000872823991813, 3055000.504423519130796 ], [ 662946.000872823991813, 3055000.504423519130796 ], [ 662946.000872823991813, 3054900.504423519130796 ], [ 663046.000872823991813, 3054900.504423519130796 ] ] ] } },
{ "type": "Feature", "properties": { "cell_id": "749_859", "label": 1, "block_id": "66_305" }, "geometry": { "type": "Polygon", "coordinates": [ [ [ 663246.000872823991813, 3050500.504423519130796 ], [ 663246.000872823991813, 3050600.504423519130796 ], [ 663146.000872823991813, 3050600.504423519130796 ], [ 663146.000872823991813, 3050500.504423519130796 ], [ 663246.000872823991813, 3050500.504423519130796 ] ] ] } },
{ "type": "Feature", "properties": { "cell_id": "749_883", "label": 1, "block_id": "66_305" }, "geometry": { "type": "Polygon", "coordinates": [ [ [ 663246.000872823991813, 3052900.504423519130796 ], [ 663246.000872823991813, 3053000.504423519130796 ], [ 663146.000872823991813, 3053000.504423519130796 ], [ 663146.000872823991813, 3052900.504423519130796 ], [ 663246.000872823991813, 3052900.504423519130796 ] ] ] } },
{ "type": "Feature", "properties": { "cell_id": "750_433", "label": 0, "block_id": "66_300" }, "geometry": { "type": "Polygon", "coordinates": [ [ [ 663346.000872823991813, 3007900.504423519130796 ], [ 663346.000872823991813, 3008000.504423519130796 ], [ 663246.000872823991813, 3008000.504423519130796 ], [ 663246.000872823991813, 3007900.504423519130796 ], [ 663346.000872823991813, 3007900.504423519130796 ] ] ] } },
{ "type": "Feature", "properties": { "cell_id": "750_841", "label": 1, "block_id": "66_304" }, "geometry": { "type": "Polygon", "coordinates": [ [ [ 663346.000872823991813, 3048700.504423519130796 ], [ 663346.000872823991813, 3048800.504423519130796 ], [ 663246.000872823991813, 3048800.504423519130796 ], [ 663246.000872823991813, 3048700.504423519130796 ], [ 663346.000872823991813, 3048700.504423519130796 ] ] ] } },
{ "type": "Feature", "properties": { "cell_id": "750_843", "label": 1, "block_id": "66_304" }, "geometry": { "type": "Polygon", "coordinates": [ [ [ 663346.000872823991813, 3048900.504423519130796 ], [ 663346.000872823991813, 3049000.504423519130796 ], [ 663246.000872823991813, 3049000.504423519130796 ], [ 663246.000872823991813, 3048900.504423519130796 ], [ 663346.000872823991813, 3048900.504423519130796 ] ] ] } },
{ "type": "Feature", "properties": { "cell_id": "750_850", "label": 1, "block_id": "66_304" }, "geometry": { "type": "Polygon", "coordinates": [ [ [ 663346.000872823991813, 3049600.504423519130796 ], [ 663346.000872823991813, 3049700.504423519130796 ], [ 663246.000872823991813, 3049700.504423519130796 ], [ 663246.000872823991813, 3049600.504423519130796 ], [ 663346.000872823991813, 3049600.504423519130796 ] ] ] } },
{ "type": "Feature", "properties": { "cell_id": "750_866", "label": 1, "block_id": "66_305" }, "geometry": { "type": "Polygon", "coordinates": [ [ [ 663346.000872823991813, 3051200.504423519130796 ], [ 663346.000872823991813, 3051300.504423519130796 ], [ 663246.000872823991813, 3051300.504423519130796 ], [ 663246.000872823991813, 3051200.504423519130796 ], [ 663346.000872823991813, 3051200.504423519130796 ] ] ] } },
{ "type": "Feature", "properties": { "cell_id": "750_906", "label": 1, "block_id": "66_305" }, "geometry": { "type": "Polygon", "coordinates": [ [ [ 663346.000872823991813, 3055200.504423519130796 ], [ 663346.000872823991813, 3055300.504423519130796 ], [ 663246.000872823991813, 3055300.504423519130796 ], [ 663246.000872823991813, 3055200.504423519130796 ], [ 663346.000872823991813, 3055200.504423519130796 ] ] ] } },
{ "type": "Feature", "properties": { "cell_id": "751_60", "label": 0, "block_id": "66_297" }, "geometry": { "type": "Polygon", "coordinates": [ [ [ 663446.000872823991813, 2970600.504423519130796 ], [ 663446.000872823991813, 2970700.504423519130796 ], [ 663346.000872823991813, 2970700.504423519130796 ], [ 663346.000872823991813, 2970600.504423519130796 ], [ 663446.000872823991813, 2970600.504423519130796 ] ] ] } },
{ "type": "Feature", "properties": { "cell_id": "751_145", "label": 0, "block_id": "66_297" }, "geometry": { "type": "Polygon", "coordinates": [ [ [ 663446.000872823991813, 2979100.504423519130796 ], [ 663446.000872823991813, 2979200.504423519130796 ], [ 663346.000872823991813, 2979200.504423519130796 ], [ 663346.000872823991813, 2979100.504423519130796 ], [ 663446.000872823991813, 2979100.504423519130796 ] ] ] } },
{ "type": "Feature", "properties": { "cell_id": "752_443", "label": 1, "block_id": "66_300" }, "geometry": { "type": "Polygon", "coordinates": [ [ [ 663546.000872823991813, 3008900.504423519130796 ], [ 663546.000872823991813, 3009000.504423519130796 ], [ 663446.000872823991813, 3009000.504423519130796 ], [ 663446.000872823991813, 3008900.504423519130796 ], [ 663546.000872823991813, 3008900.504423519130796 ] ] ] } },
{ "type": "Feature", "properties": { "cell_id": "752_908", "label": 1, "block_id": "66_305" }, "geometry": { "type": "Polygon", "coordinates": [ [ [ 663546.000872823991813, 3055400.504423519130796 ], [ 663546.000872823991813, 3055500.504423519130796 ], [ 663446.000872823991813, 3055500.504423519130796 ], [ 663446.000872823991813, 3055400.504423519130796 ], [ 663546.000872823991813, 3055400.504423519130796 ] ] ] } },
{ "type": "Feature", "properties": { "cell_id": "758_453", "label": 1, "block_id": "66_300" }, "geometry": { "type": "Polygon", "coordinates": [ [ [ 664146.000872823991813, 3009900.504423519130796 ], [ 664146.000872823991813, 3010000.504423519130796 ], [ 664046.000872823991813, 3010000.504423519130796 ], [ 664046.000872823991813, 3009900.504423519130796 ], [ 664146.000872823991813, 3009900.504423519130796 ] ] ] } },
{ "type": "Feature", "properties": { "cell_id": "762_449", "label": 1, "block_id": "66_300" }, "geometry": { "type": "Polygon", "coordinates": [ [ [ 664546.000872823991813, 3009500.504423519130796 ], [ 664546.000872823991813, 3009600.504423519130796 ], [ 664446.000872823991813, 3009600.504423519130796 ], [ 664446.000872823991813, 3009500.504423519130796 ], [ 664546.000872823991813, 3009500.504423519130796 ] ] ] } },
{ "type": "Feature", "properties": { "cell_id": "765_413", "label": 0, "block_id": "66_300" }, "geometry": { "type": "Polygon", "coordinates": [ [ [ 664846.000872823991813, 3005900.504423519130796 ], [ 664846.000872823991813, 3006000.504423519130796 ], [ 664746.000872823991813, 3006000.504423519130796 ], [ 664746.000872823991813, 3005900.504423519130796 ], [ 664846.000872823991813, 3005900.504423519130796 ] ] ] } },
{ "type": "Feature", "properties": { "cell_id": "766_129", "label": 0, "block_id": "66_297" }, "geometry": { "type": "Polygon", "coordinates": [ [ [ 664946.000872823991813, 2977500.504423519130796 ], [ 664946.000872823991813, 2977600.504423519130796 ], [ 664846.000872823991813, 2977600.504423519130796 ], [ 664846.000872823991813, 2977500.504423519130796 ], [ 664946.000872823991813, 2977500.504423519130796 ] ] ] } },
{ "type": "Feature", "properties": { "cell_id": "767_452", "label": 1, "block_id": "66_300" }, "geometry": { "type": "Polygon", "coordinates": [ [ [ 665046.000872823991813, 3009800.504423519130796 ], [ 665046.000872823991813, 3009900.504423519130796 ], [ 664946.000872823991813, 3009900.504423519130796 ], [ 664946.000872823991813, 3009800.504423519130796 ], [ 665046.000872823991813, 3009800.504423519130796 ] ] ] } },
{ "type": "Feature", "properties": { "cell_id": "768_452", "label": 1, "block_id": "66_300" }, "geometry": { "type": "Polygon", "coordinates": [ [ [ 665146.000872823991813, 3009800.504423519130796 ], [ 665146.000872823991813, 3009900.504423519130796 ], [ 665046.000872823991813, 3009900.504423519130796 ], [ 665046.000872823991813, 3009800.504423519130796 ], [ 665146.000872823991813, 3009800.504423519130796 ] ] ] } },
{ "type": "Feature", "properties": { "cell_id": "780_730", "label": 0, "block_id": "66_303" }, "geometry": { "type": "Polygon", "coordinates": [ [ [ 666346.000872823991813, 3037600.504423519130796 ], [ 666346.000872823991813, 3037700.504423519130796 ], [ 666246.000872823991813, 3037700.504423519130796 ], [ 666246.000872823991813, 3037600.504423519130796 ], [ 666346.000872823991813, 3037600.504423519130796 ] ] ] } },
{ "type": "Feature", "properties": { "cell_id": "780_925", "label": 1, "block_id": "66_305" }, "geometry": { "type": "Polygon", "coordinates": [ [ [ 666346.000872823991813, 3057100.504423519130796 ], [ 666346.000872823991813, 3057200.504423519130796 ], [ 666246.000872823991813, 3057200.504423519130796 ], [ 666246.000872823991813, 3057100.504423519130796 ], [ 666346.000872823991813, 3057100.504423519130796 ] ] ] } },
{ "type": "Feature", "properties": { "cell_id": "780_1405", "label": 0, "block_id": "66_310" }, "geometry": { "type": "Polygon", "coordinates": [ [ [ 666346.000872823991813, 3105100.504423519130796 ], [ 666346.000872823991813, 3105200.504423519130796 ], [ 666246.000872823991813, 3105200.504423519130796 ], [ 666246.000872823991813, 3105100.504423519130796 ], [ 666346.000872823991813, 3105100.504423519130796 ] ] ] } },
{ "type": "Feature", "properties": { "cell_id": "784_1298", "label": 0, "block_id": "66_309" }, "geometry": { "type": "Polygon", "coordinates": [ [ [ 666746.000872823991813, 3094400.504423519130796 ], [ 666746.000872823991813, 3094500.504423519130796 ], [ 666646.000872823991813, 3094500.504423519130796 ], [ 666646.000872823991813, 3094400.504423519130796 ], [ 666746.000872823991813, 3094400.504423519130796 ] ] ] } },
{ "type": "Feature", "properties": { "cell_id": "787_927", "label": 1, "block_id": "66_305" }, "geometry": { "type": "Polygon", "coordinates": [ [ [ 667046.000872823991813, 3057300.504423519130796 ], [ 667046.000872823991813, 3057400.504423519130796 ], [ 666946.000872823991813, 3057400.504423519130796 ], [ 666946.000872823991813, 3057300.504423519130796 ], [ 667046.000872823991813, 3057300.504423519130796 ] ] ] } },
{ "type": "Feature", "properties": { "cell_id": "788_1433", "label": 0, "block_id": "66_310" }, "geometry": { "type": "Polygon", "coordinates": [ [ [ 667146.000872823991813, 3107900.504423519130796 ], [ 667146.000872823991813, 3108000.504423519130796 ], [ 667046.000872823991813, 3108000.504423519130796 ], [ 667046.000872823991813, 3107900.504423519130796 ], [ 667146.000872823991813, 3107900.504423519130796 ] ] ] } },
{ "type": "Feature", "properties": { "cell_id": "790_926", "label": 1, "block_id": "66_305" }, "geometry": { "type": "Polygon", "coordinates": [ [ [ 667346.000872823991813, 3057200.504423519130796 ], [ 667346.000872823991813, 3057300.504423519130796 ], [ 667246.000872823991813, 3057300.504423519130796 ], [ 667246.000872823991813, 3057200.504423519130796 ], [ 667346.000872823991813, 3057200.504423519130796 ] ] ] } },
{ "type": "Feature", "properties": { "cell_id": "792_684", "label": 0, "block_id": "66_303" }, "geometry": { "type": "Polygon", "coordinates": [ [ [ 667546.000872823991813, 3033000.504423519130796 ], [ 667546.000872823991813, 3033100.504423519130796 ], [ 667446.000872823991813, 3033100.504423519130796 ], [ 667446.000872823991813, 3033000.504423519130796 ], [ 667546.000872823991813, 3033000.504423519130796 ] ] ] } },
{ "type": "Feature", "properties": { "cell_id": "799_786", "label": 0, "block_id": "66_304" }, "geometry": { "type": "Polygon", "coordinates": [ [ [ 668246.000872823991813, 3043200.504423519130796 ], [ 668246.000872823991813, 3043300.504423519130796 ], [ 668146.000872823991813, 3043300.504423519130796 ], [ 668146.000872823991813, 3043200.504423519130796 ], [ 668246.000872823991813, 3043200.504423519130796 ] ] ] } },
{ "type": "Feature", "properties": { "cell_id": "801_438", "label": 0, "block_id": "66_300" }, "geometry": { "type": "Polygon", "coordinates": [ [ [ 668446.000872823991813, 3008400.504423519130796 ], [ 668446.000872823991813, 3008500.504423519130796 ], [ 668346.000872823991813, 3008500.504423519130796 ], [ 668346.000872823991813, 3008400.504423519130796 ], [ 668446.000872823991813, 3008400.504423519130796 ] ] ] } },
{ "type": "Feature", "properties": { "cell_id": "801_654", "label": 1, "block_id": "66_303" }, "geometry": { "type": "Polygon", "coordinates": [ [ [ 668446.000872823991813, 3030000.504423519130796 ], [ 668446.000872823991813, 3030100.504423519130796 ], [ 668346.000872823991813, 3030100.504423519130796 ], [ 668346.000872823991813, 3030000.504423519130796 ], [ 668446.000872823991813, 3030000.504423519130796 ] ] ] } },
{ "type": "Feature", "properties": { "cell_id": "802_101", "label": 0, "block_id": "66_297" }, "geometry": { "type": "Polygon", "coordinates": [ [ [ 668546.000872823991813, 2974700.504423519130796 ], [ 668546.000872823991813, 2974800.504423519130796 ], [ 668446.000872823991813, 2974800.504423519130796 ], [ 668446.000872823991813, 2974700.504423519130796 ], [ 668546.000872823991813, 2974700.504423519130796 ] ] ] } },
{ "type": "Feature", "properties": { "cell_id": "806_935", "label": 1, "block_id": "66_305" }, "geometry": { "type": "Polygon", "coordinates": [ [ [ 668946.000872823991813, 3058100.504423519130796 ], [ 668946.000872823991813, 3058200.504423519130796 ], [ 668846.000872823991813, 3058200.504423519130796 ], [ 668846.000872823991813, 3058100.504423519130796 ], [ 668946.000872823991813, 3058100.504423519130796 ] ] ] } },
{ "type": "Feature", "properties": { "cell_id": "806_937", "label": 1, "block_id": "66_305" }, "geometry": { "type": "Polygon", "coordinates": [ [ [ 668946.000872823991813, 3058300.504423519130796 ], [ 668946.000872823991813, 3058400.504423519130796 ], [ 668846.000872823991813, 3058400.504423519130796 ], [ 668846.000872823991813, 3058300.504423519130796 ], [ 668946.000872823991813, 3058300.504423519130796 ] ] ] } },
{ "type": "Feature", "properties": { "cell_id": "807_722", "label": 0, "block_id": "66_303" }, "geometry": { "type": "Polygon", "coordinates": [ [ [ 669046.000872823991813, 3036800.504423519130796 ], [ 669046.000872823991813, 3036900.504423519130796 ], [ 668946.000872823991813, 3036900.504423519130796 ], [ 668946.000872823991813, 3036800.504423519130796 ], [ 669046.000872823991813, 3036800.504423519130796 ] ] ] } },
{ "type": "Feature", "properties": { "cell_id": "814_1297", "label": 0, "block_id": "66_309" }, "geometry": { "type": "Polygon", "coordinates": [ [ [ 669746.000872823991813, 3094300.504423519130796 ], [ 669746.000872823991813, 3094400.504423519130796 ], [ 669646.000872823991813, 3094400.504423519130796 ], [ 669646.000872823991813, 3094300.504423519130796 ], [ 669746.000872823991813, 3094300.504423519130796 ] ] ] } },
{ "type": "Feature", "properties": { "cell_id": "814_1408", "label": 0, "block_id": "66_310" }, "geometry": { "type": "Polygon", "coordinates": [ [ [ 669746.000872823991813, 3105400.504423519130796 ], [ 669746.000872823991813, 3105500.504423519130796 ], [ 669646.000872823991813, 3105500.504423519130796 ], [ 669646.000872823991813, 3105400.504423519130796 ], [ 669746.000872823991813, 3105400.504423519130796 ] ] ] } },
{ "type": "Feature", "properties": { "cell_id": "815_14", "label": 0, "block_id": "66_296" }, "geometry": { "type": "Polygon", "coordinates": [ [ [ 669846.000872823991813, 2966000.504423519130796 ], [ 669846.000872823991813, 2966100.504423519130796 ], [ 669746.000872823991813, 2966100.504423519130796 ], [ 669746.000872823991813, 2966000.504423519130796 ], [ 669846.000872823991813, 2966000.504423519130796 ] ] ] } },
{ "type": "Feature", "properties": { "cell_id": "816_878", "label": 0, "block_id": "66_305" }, "geometry": { "type": "Polygon", "coordinates": [ [ [ 669946.000872823991813, 3052400.504423519130796 ], [ 669946.000872823991813, 3052500.504423519130796 ], [ 669846.000872823991813, 3052500.504423519130796 ], [ 669846.000872823991813, 3052400.504423519130796 ], [ 669946.000872823991813, 3052400.504423519130796 ] ] ] } },
{ "type": "Feature", "properties": { "cell_id": "820_1220", "label": 0, "block_id": "67_308" }, "geometry": { "type": "Polygon", "coordinates": [ [ [ 670346.000872823991813, 3086600.504423519130796 ], [ 670346.000872823991813, 3086700.504423519130796 ], [ 670246.000872823991813, 3086700.504423519130796 ], [ 670246.000872823991813, 3086600.504423519130796 ], [ 670346.000872823991813, 3086600.504423519130796 ] ] ] } },
{ "type": "Feature", "properties": { "cell_id": "821_178", "label": 0, "block_id": "67_298" }, "geometry": { "type": "Polygon", "coordinates": [ [ [ 670446.000872823991813, 2982400.504423519130796 ], [ 670446.000872823991813, 2982500.504423519130796 ], [ 670346.000872823991813, 2982500.504423519130796 ], [ 670346.000872823991813, 2982400.504423519130796 ], [ 670446.000872823991813, 2982400.504423519130796 ] ] ] } },
{ "type": "Feature", "properties": { "cell_id": "822_524", "label": 1, "block_id": "67_301" }, "geometry": { "type": "Polygon", "coordinates": [ [ [ 670546.000872823991813, 3017000.504423519130796 ], [ 670546.000872823991813, 3017100.504423519130796 ], [ 670446.000872823991813, 3017100.504423519130796 ], [ 670446.000872823991813, 3017000.504423519130796 ], [ 670546.000872823991813, 3017000.504423519130796 ] ] ] } },
{ "type": "Feature", "properties": { "cell_id": "825_466", "label": 0, "block_id": "67_301" }, "geometry": { "type": "Polygon", "coordinates": [ [ [ 670846.000872823991813, 3011200.504423519130796 ], [ 670846.000872823991813, 3011300.504423519130796 ], [ 670746.000872823991813, 3011300.504423519130796 ], [ 670746.000872823991813, 3011200.504423519130796 ], [ 670846.000872823991813, 3011200.504423519130796 ] ] ] } },
{ "type": "Feature", "properties": { "cell_id": "826_1489", "label": 0, "block_id": "67_311" }, "geometry": { "type": "Polygon", "coordinates": [ [ [ 670946.000872823991813, 3113500.504423519130796 ], [ 670946.000872823991813, 3113600.504423519130796 ], [ 670846.000872823991813, 3113600.504423519130796 ], [ 670846.000872823991813, 3113500.504423519130796 ], [ 670946.000872823991813, 3113500.504423519130796 ] ] ] } },
{ "type": "Feature", "properties": { "cell_id": "827_524", "label": 1, "block_id": "67_301" }, "geometry": { "type": "Polygon", "coordinates": [ [ [ 671046.000872823991813, 3017000.504423519130796 ], [ 671046.000872823991813, 3017100.504423519130796 ], [ 670946.000872823991813, 3017100.504423519130796 ], [ 670946.000872823991813, 3017000.504423519130796 ], [ 671046.000872823991813, 3017000.504423519130796 ] ] ] } },
{ "type": "Feature", "properties": { "cell_id": "827_978", "label": 1, "block_id": "67_306" }, "geometry": { "type": "Polygon", "coordinates": [ [ [ 671046.000872823991813, 3062400.504423519130796 ], [ 671046.000872823991813, 3062500.504423519130796 ], [ 670946.000872823991813, 3062500.504423519130796 ], [ 670946.000872823991813, 3062400.504423519130796 ], [ 671046.000872823991813, 3062400.504423519130796 ] ] ] } },
{ "type": "Feature", "properties": { "cell_id": "828_97", "label": 0, "block_id": "67_297" }, "geometry": { "type": "Polygon", "coordinates": [ [ [ 671146.000872823991813, 2974300.504423519130796 ], [ 671146.000872823991813, 2974400.504423519130796 ], [ 671046.000872823991813, 2974400.504423519130796 ], [ 671046.000872823991813, 2974300.504423519130796 ], [ 671146.000872823991813, 2974300.504423519130796 ] ] ] } },
{ "type": "Feature", "properties": { "cell_id": "832_990", "label": 1, "block_id": "67_306" }, "geometry": { "type": "Polygon", "coordinates": [ [ [ 671546.000872823991813, 3063600.504423519130796 ], [ 671546.000872823991813, 3063700.504423519130796 ], [ 671446.000872823991813, 3063700.504423519130796 ], [ 671446.000872823991813, 3063600.504423519130796 ], [ 671546.000872823991813, 3063600.504423519130796 ] ] ] } },
{ "type": "Feature", "properties": { "cell_id": "840_198", "label": 0, "block_id": "67_298" }, "geometry": { "type": "Polygon", "coordinates": [ [ [ 672346.000872823991813, 2984400.504423519130796 ], [ 672346.000872823991813, 2984500.504423519130796 ], [ 672246.000872823991813, 2984500.504423519130796 ], [ 672246.000872823991813, 2984400.504423519130796 ], [ 672346.000872823991813, 2984400.504423519130796 ] ] ] } },
{ "type": "Feature", "properties": { "cell_id": "842_1240", "label": 0, "block_id": "67_308" }, "geometry": { "type": "Polygon", "coordinates": [ [ [ 672546.000872823991813, 3088600.504423519130796 ], [ 672546.000872823991813, 3088700.504423519130796 ], [ 672446.000872823991813, 3088700.504423519130796 ], [ 672446.000872823991813, 3088600.504423519130796 ], [ 672546.000872823991813, 3088600.504423519130796 ] ] ] } },
{ "type": "Feature", "properties": { "cell_id": "848_85", "label": 0, "block_id": "67_297" }, "geometry": { "type": "Polygon", "coordinates": [ [ [ 673146.000872823991813, 2973100.504423519130796 ], [ 673146.000872823991813, 2973200.504423519130796 ], [ 673046.000872823991813, 2973200.504423519130796 ], [ 673046.000872823991813, 2973100.504423519130796 ], [ 673146.000872823991813, 2973100.504423519130796 ] ] ] } },
{ "type": "Feature", "properties": { "cell_id": "851_953", "label": 0, "block_id": "67_305" }, "geometry": { "type": "Polygon", "coordinates": [ [ [ 673446.000872823991813, 3059900.504423519130796 ], [ 673446.000872823991813, 3060000.504423519130796 ], [ 673346.000872823991813, 3060000.504423519130796 ], [ 673346.000872823991813, 3059900.504423519130796 ], [ 673446.000872823991813, 3059900.504423519130796 ] ] ] } },
{ "type": "Feature", "properties": { "cell_id": "854_110", "label": 0, "block_id": "67_297" }, "geometry": { "type": "Polygon", "coordinates": [ [ [ 673746.000872823991813, 2975600.504423519130796 ], [ 673746.000872823991813, 2975700.504423519130796 ], [ 673646.000872823991813, 2975700.504423519130796 ], [ 673646.000872823991813, 2975600.504423519130796 ], [ 673746.000872823991813, 2975600.504423519130796 ] ] ] } },
{ "type": "Feature", "properties": { "cell_id": "854_858", "label": 0, "block_id": "67_305" }, "geometry": { "type": "Polygon", "coordinates": [ [ [ 673746.000872823991813, 3050400.504423519130796 ], [ 673746.000872823991813, 3050500.504423519130796 ], [ 673646.000872823991813, 3050500.504423519130796 ], [ 673646.000872823991813, 3050400.504423519130796 ], [ 673746.000872823991813, 3050400.504423519130796 ] ] ] } },
{ "type": "Feature", "properties": { "cell_id": "856_147", "label": 0, "block_id": "67_297" }, "geometry": { "type": "Polygon", "coordinates": [ [ [ 673946.000872823991813, 2979300.504423519130796 ], [ 673946.000872823991813, 2979400.504423519130796 ], [ 673846.000872823991813, 2979400.504423519130796 ], [ 673846.000872823991813, 2979300.504423519130796 ], [ 673946.000872823991813, 2979300.504423519130796 ] ] ] } },
{ "type": "Feature", "properties": { "cell_id": "856_1234", "label": 0, "block_id": "67_308" }, "geometry": { "type": "Polygon", "coordinates": [ [ [ 673946.000872823991813, 3088000.504423519130796 ], [ 673946.000872823991813, 3088100.504423519130796 ], [ 673846.000872823991813, 3088100.504423519130796 ], [ 673846.000872823991813, 3088000.504423519130796 ], [ 673946.000872823991813, 3088000.504423519130796 ] ] ] } },
{ "type": "Feature", "properties": { "cell_id": "857_241", "label": 0, "block_id": "67_298" }, "geometry": { "type": "Polygon", "coordinates": [ [ [ 674046.000872823991813, 2988700.504423519130796 ], [ 674046.000872823991813, 2988800.504423519130796 ], [ 673946.000872823991813, 2988800.504423519130796 ], [ 673946.000872823991813, 2988700.504423519130796 ], [ 674046.000872823991813, 2988700.504423519130796 ] ] ] } },
{ "type": "Feature", "properties": { "cell_id": "860_711", "label": 0, "block_id": "67_303" }, "geometry": { "type": "Polygon", "coordinates": [ [ [ 674346.000872823991813, 3035700.504423519130796 ], [ 674346.000872823991813, 3035800.504423519130796 ], [ 674246.000872823991813, 3035800.504423519130796 ], [ 674246.000872823991813, 3035700.504423519130796 ], [ 674346.000872823991813, 3035700.504423519130796 ] ] ] } },
{ "type": "Feature", "properties": { "cell_id": "860_1568", "label": 0, "block_id": "67_312" }, "geometry": { "type": "Polygon", "coordinates": [ [ [ 674346.000872823991813, 3121400.504423519130796 ], [ 674346.000872823991813, 3121500.504423519130796 ], [ 674246.000872823991813, 3121500.504423519130796 ], [ 674246.000872823991813, 3121400.504423519130796 ], [ 674346.000872823991813, 3121400.504423519130796 ] ] ] } },
{ "type": "Feature", "properties": { "cell_id": "869_1488", "label": 0, "block_id": "67_311" }, "geometry": { "type": "Polygon", "coordinates": [ [ [ 675246.000872823991813, 3113400.504423519130796 ], [ 675246.000872823991813, 3113500.504423519130796 ], [ 675146.000872823991813, 3113500.504423519130796 ], [ 675146.000872823991813, 3113400.504423519130796 ], [ 675246.000872823991813, 3113400.504423519130796 ] ] ] } },
{ "type": "Feature", "properties": { "cell_id": "870_1206", "label": 0, "block_id": "67_308" }, "geometry": { "type": "Polygon", "coordinates": [ [ [ 675346.000872823991813, 3085200.504423519130796 ], [ 675346.000872823991813, 3085300.504423519130796 ], [ 675246.000872823991813, 3085300.504423519130796 ], [ 675246.000872823991813, 3085200.504423519130796 ], [ 675346.000872823991813, 3085200.504423519130796 ] ] ] } },
{ "type": "Feature", "properties": { "cell_id": "870_1438", "label": 0, "block_id": "67_310" }, "geometry": { "type": "Polygon", "coordinates": [ [ [ 675346.000872823991813, 3108400.504423519130796 ], [ 675346.000872823991813, 3108500.504423519130796 ], [ 675246.000872823991813, 3108500.504423519130796 ], [ 675246.000872823991813, 3108400.504423519130796 ], [ 675346.000872823991813, 3108400.504423519130796 ] ] ] } },
{ "type": "Feature", "properties": { "cell_id": "872_911", "label": 0, "block_id": "67_305" }, "geometry": { "type": "Polygon", "coordinates": [ [ [ 675546.000872823991813, 3055700.504423519130796 ], [ 675546.000872823991813, 3055800.504423519130796 ], [ 675446.000872823991813, 3055800.504423519130796 ], [ 675446.000872823991813, 3055700.504423519130796 ], [ 675546.000872823991813, 3055700.504423519130796 ] ] ] } },
{ "type": "Feature", "properties": { "cell_id": "875_463", "label": 0, "block_id": "67_301" }, "geometry": { "type": "Polygon", "coordinates": [ [ [ 675846.000872823991813, 3010900.504423519130796 ], [ 675846.000872823991813, 3011000.504423519130796 ], [ 675746.000872823991813, 3011000.504423519130796 ], [ 675746.000872823991813, 3010900.504423519130796 ], [ 675846.000872823991813, 3010900.504423519130796 ] ] ] } },
{ "type": "Feature", "properties": { "cell_id": "875_1630", "label": 0, "block_id": "67_312" }, "geometry": { "type": "Polygon", "coordinates": [ [ [ 675846.000872823991813, 3127600.504423519130796 ], [ 675846.000872823991813, 3127700.504423519130796 ], [ 675746.000872823991813, 3127700.504423519130796 ], [ 675746.000872823991813, 3127600.504423519130796 ], [ 675846.000872823991813, 3127600.504423519130796 ] ] ] } },
{ "type": "Feature", "properties": { "cell_id": "877_1645", "label": 0, "block_id": "67_312" }, "geometry": { "type": "Polygon", "coordinates": [ [ [ 676046.000872823991813, 3129100.504423519130796 ], [ 676046.000872823991813, 3129200.504423519130796 ], [ 675946.000872823991813, 3129200.504423519130796 ], [ 675946.000872823991813, 3129100.504423519130796 ], [ 676046.000872823991813, 3129100.504423519130796 ] ] ] } },
{ "type": "Feature", "properties": { "cell_id": "878_1496", "label": 0, "block_id": "67_311" }, "geometry": { "type": "Polygon", "coordinates": [ [ [ 676146.000872823991813, 3114200.504423519130796 ], [ 676146.000872823991813, 3114300.504423519130796 ], [ 676046.000872823991813, 3114300.504423519130796 ], [ 676046.000872823991813, 3114200.504423519130796 ], [ 676146.000872823991813, 3114200.504423519130796 ] ] ] } },
{ "type": "Feature", "properties": { "cell_id": "885_511", "label": 1, "block_id": "67_301" }, "geometry": { "type": "Polygon", "coordinates": [ [ [ 676846.000872823991813, 3015700.504423519130796 ], [ 676846.000872823991813, 3015800.504423519130796 ], [ 676746.000872823991813, 3015800.504423519130796 ], [ 676746.000872823991813, 3015700.504423519130796 ], [ 676846.000872823991813, 3015700.504423519130796 ] ] ] } },
{ "type": "Feature", "properties": { "cell_id": "886_522", "label": 1, "block_id": "67_301" }, "geometry": { "type": "Polygon", "coordinates": [ [ [ 676946.000872823991813, 3016800.504423519130796 ], [ 676946.000872823991813, 3016900.504423519130796 ], [ 676846.000872823991813, 3016900.504423519130796 ], [ 676846.000872823991813, 3016800.504423519130796 ], [ 676946.000872823991813, 3016800.504423519130796 ] ] ] } },
{ "type": "Feature", "properties": { "cell_id": "887_524", "label": 1, "block_id": "67_301" }, "geometry": { "type": "Polygon", "coordinates": [ [ [ 677046.000872823991813, 3017000.504423519130796 ], [ 677046.000872823991813, 3017100.504423519130796 ], [ 676946.000872823991813, 3017100.504423519130796 ], [ 676946.000872823991813, 3017000.504423519130796 ], [ 677046.000872823991813, 3017000.504423519130796 ] ] ] } },
{ "type": "Feature", "properties": { "cell_id": "887_1019", "label": 0, "block_id": "67_306" }, "geometry": { "type": "Polygon", "coordinates": [ [ [ 677046.000872823991813, 3066500.504423519130796 ], [ 677046.000872823991813, 3066600.504423519130796 ], [ 676946.000872823991813, 3066600.504423519130796 ], [ 676946.000872823991813, 3066500.504423519130796 ], [ 677046.000872823991813, 3066500.504423519130796 ] ] ] } },
{ "type": "Feature", "properties": { "cell_id": "888_520", "label": 1, "block_id": "67_301" }, "geometry": { "type": "Polygon", "coordinates": [ [ [ 677146.000872823991813, 3016600.504423519130796 ], [ 677146.000872823991813, 3016700.504423519130796 ], [ 677046.000872823991813, 3016700.504423519130796 ], [ 677046.000872823991813, 3016600.504423519130796 ], [ 677146.000872823991813, 3016600.504423519130796 ] ] ] } },
{ "type": "Feature", "properties": { "cell_id": "889_524", "label": 1, "block_id": "67_301" }, "geometry": { "type": "Polygon", "coordinates": [ [ [ 677246.000872823991813, 3017000.504423519130796 ], [ 677246.000872823991813, 3017100.504423519130796 ], [ 677146.000872823991813, 3017100.504423519130796 ], [ 677146.000872823991813, 3017000.504423519130796 ], [ 677246.000872823991813, 3017000.504423519130796 ] ] ] } },
{ "type": "Feature", "properties": { "cell_id": "892_524", "label": 1, "block_id": "67_301" }, "geometry": { "type": "Polygon", "coordinates": [ [ [ 677546.000872823991813, 3017000.504423519130796 ], [ 677546.000872823991813, 3017100.504423519130796 ], [ 677446.000872823991813, 3017100.504423519130796 ], [ 677446.000872823991813, 3017000.504423519130796 ], [ 677546.000872823991813, 3017000.504423519130796 ] ] ] } },
{ "type": "Feature", "properties": { "cell_id": "894_251", "label": 0, "block_id": "67_298" }, "geometry": { "type": "Polygon", "coordinates": [ [ [ 677746.000872823991813, 2989700.504423519130796 ], [ 677746.000872823991813, 2989800.504423519130796 ], [ 677646.000872823991813, 2989800.504423519130796 ], [ 677646.000872823991813, 2989700.504423519130796 ], [ 677746.000872823991813, 2989700.504423519130796 ] ] ] } },
{ "type": "Feature", "properties": { "cell_id": "898_1638", "label": 0, "block_id": "67_312" }, "geometry": { "type": "Polygon", "coordinates": [ [ [ 678146.000872823991813, 3128400.504423519130796 ], [ 678146.000872823991813, 3128500.504423519130796 ], [ 678046.000872823991813, 3128500.504423519130796 ], [ 678046.000872823991813, 3128400.504423519130796 ], [ 678146.000872823991813, 3128400.504423519130796 ] ] ] } },
{ "type": "Feature", "properties": { "cell_id": "899_1425", "label": 0, "block_id": "67_310" }, "geometry": { "type": "Polygon", "coordinates": [ [ [ 678246.000872823991813, 3107100.504423519130796 ], [ 678246.000872823991813, 3107200.504423519130796 ], [ 678146.000872823991813, 3107200.504423519130796 ], [ 678146.000872823991813, 3107100.504423519130796 ], [ 678246.000872823991813, 3107100.504423519130796 ] ] ] } },
{ "type": "Feature", "properties": { "cell_id": "903_541", "label": 1, "block_id": "67_301" }, "geometry": { "type": "Polygon", "coordinates": [ [ [ 678646.000872823991813, 3018700.504423519130796 ], [ 678646.000872823991813, 3018800.504423519130796 ], [ 678546.000872823991813, 3018800.504423519130796 ], [ 678546.000872823991813, 3018700.504423519130796 ], [ 678646.000872823991813, 3018700.504423519130796 ] ] ] } },
{ "type": "Feature", "properties": { "cell_id": "906_656", "label": 1, "block_id": "67_303" }, "geometry": { "type": "Polygon", "coordinates": [ [ [ 678946.000872823991813, 3030200.504423519130796 ], [ 678946.000872823991813, 3030300.504423519130796 ], [ 678846.000872823991813, 3030300.504423519130796 ], [ 678846.000872823991813, 3030200.504423519130796 ], [ 678946.000872823991813, 3030200.504423519130796 ] ] ] } },
{ "type": "Feature", "properties": { "cell_id": "909_849", "label": 0, "block_id": "67_304" }, "geometry": { "type": "Polygon", "coordinates": [ [ [ 679246.000872823991813, 3049500.504423519130796 ], [ 679246.000872823991813, 3049600.504423519130796 ], [ 679146.000872823991813, 3049600.504423519130796 ], [ 679146.000872823991813, 3049500.504423519130796 ], [ 679246.000872823991813, 3049500.504423519130796 ] ] ] } },
{ "type": "Feature", "properties": { "cell_id": "910_140", "label": 0, "block_id": "67_297" }, "geometry": { "type": "Polygon", "coordinates": [ [ [ 679346.000872823991813, 2978600.504423519130796 ], [ 679346.000872823991813, 2978700.504423519130796 ], [ 679246.000872823991813, 2978700.504423519130796 ], [ 679246.000872823991813, 2978600.504423519130796 ], [ 679346.000872823991813, 2978600.504423519130796 ] ] ] } },
{ "type": "Feature", "properties": { "cell_id": "911_877", "label": 0, "block_id": "67_305" }, "geometry": { "type": "Polygon", "coordinates": [ [ [ 679446.000872823991813, 3052300.504423519130796 ], [ 679446.000872823991813, 3052400.504423519130796 ], [ 679346.000872823991813, 3052400.504423519130796 ], [ 679346.000872823991813, 3052300.504423519130796 ], [ 679446.000872823991813, 3052300.504423519130796 ] ] ] } },
{ "type": "Feature", "properties": { "cell_id": "912_1617", "label": 0, "block_id": "67_312" }, "geometry": { "type": "Polygon", "coordinates": [ [ [ 679546.000872823991813, 3126300.504423519130796 ], [ 679546.000872823991813, 3126400.504423519130796 ], [ 679446.000872823991813, 3126400.504423519130796 ], [ 679446.000872823991813, 3126300.504423519130796 ], [ 679546.000872823991813, 3126300.504423519130796 ] ] ] } },
{ "type": "Feature", "properties": { "cell_id": "914_551", "label": 1, "block_id": "67_301" }, "geometry": { "type": "Polygon", "coordinates": [ [ [ 679746.000872823991813, 3019700.504423519130796 ], [ 679746.000872823991813, 3019800.504423519130796 ], [ 679646.000872823991813, 3019800.504423519130796 ], [ 679646.000872823991813, 3019700.504423519130796 ], [ 679746.000872823991813, 3019700.504423519130796 ] ] ] } },
{ "type": "Feature", "properties": { "cell_id": "914_1536", "label": 0, "block_id": "67_311" }, "geometry": { "type": "Polygon", "coordinates": [ [ [ 679746.000872823991813, 3118200.504423519130796 ], [ 679746.000872823991813, 3118300.504423519130796 ], [ 679646.000872823991813, 3118300.504423519130796 ], [ 679646.000872823991813, 3118200.504423519130796 ], [ 679746.000872823991813, 3118200.504423519130796 ] ] ] } },
{ "type": "Feature", "properties": { "cell_id": "915_1203", "label": 0, "block_id": "67_308" }, "geometry": { "type": "Polygon", "coordinates": [ [ [ 679846.000872823991813, 3084900.504423519130796 ], [ 679846.000872823991813, 3085000.504423519130796 ], [ 679746.000872823991813, 3085000.504423519130796 ], [ 679746.000872823991813, 3084900.504423519130796 ], [ 679846.000872823991813, 3084900.504423519130796 ] ] ] } },
{ "type": "Feature", "properties": { "cell_id": "919_189", "label": 0, "block_id": "68_298" }, "geometry": { "type": "Polygon", "coordinates": [ [ [ 680246.000872823991813, 2983500.504423519130796 ], [ 680246.000872823991813, 2983600.504423519130796 ], [ 680146.000872823991813, 2983600.504423519130796 ], [ 680146.000872823991813, 2983500.504423519130796 ], [ 680246.000872823991813, 2983500.504423519130796 ] ] ] } },
{ "type": "Feature", "properties": { "cell_id": "919_555", "label": 1, "block_id": "68_302" }, "geometry": { "type": "Polygon", "coordinates": [ [ [ 680246.000872823991813, 3020100.504423519130796 ], [ 680246.000872823991813, 3020200.504423519130796 ], [ 680146.000872823991813, 3020200.504423519130796 ], [ 680146.000872823991813, 3020100.504423519130796 ], [ 680246.000872823991813, 3020100.504423519130796 ] ] ] } },
{ "type": "Feature", "properties": { "cell_id": "919_1247", "label": 0, "block_id": "68_308" }, "geometry": { "type": "Polygon", "coordinates": [ [ [ 680246.000872823991813, 3089300.504423519130796 ], [ 680246.000872823991813, 3089400.504423519130796 ], [ 680146.000872823991813, 3089400.504423519130796 ], [ 680146.000872823991813, 3089300.504423519130796 ], [ 680246.000872823991813, 3089300.504423519130796 ] ] ] } },
{ "type": "Feature", "properties": { "cell_id": "925_829", "label": 0, "block_id": "68_304" }, "geometry": { "type": "Polygon", "coordinates": [ [ [ 680846.000872823991813, 3047500.504423519130796 ], [ 680846.000872823991813, 3047600.504423519130796 ], [ 680746.000872823991813, 3047600.504423519130796 ], [ 680746.000872823991813, 3047500.504423519130796 ], [ 680846.000872823991813, 3047500.504423519130796 ] ] ] } },
{ "type": "Feature", "properties": { "cell_id": "927_907", "label": 0, "block_id": "68_305" }, "geometry": { "type": "Polygon", "coordinates": [ [ [ 681046.000872823991813, 3055300.504423519130796 ], [ 681046.000872823991813, 3055400.504423519130796 ], [ 680946.000872823991813, 3055400.504423519130796 ], [ 680946.000872823991813, 3055300.504423519130796 ], [ 681046.000872823991813, 3055300.504423519130796 ] ] ] } },
{ "type": "Feature", "properties": { "cell_id": "927_1239", "label": 0, "block_id": "68_308" }, "geometry": { "type": "Polygon", "coordinates": [ [ [ 681046.000872823991813, 3088500.504423519130796 ], [ 681046.000872823991813, 3088600.504423519130796 ], [ 680946.000872823991813, 3088600.504423519130796 ], [ 680946.000872823991813, 3088500.504423519130796 ], [ 681046.000872823991813, 3088500.504423519130796 ] ] ] } },
{ "type": "Feature", "properties": { "cell_id": "931_659", "label": 0, "block_id": "68_303" }, "geometry": { "type": "Polygon", "coordinates": [ [ [ 681446.000872823991813, 3030500.504423519130796 ], [ 681446.000872823991813, 3030600.504423519130796 ], [ 681346.000872823991813, 3030600.504423519130796 ], [ 681346.000872823991813, 3030500.504423519130796 ], [ 681446.000872823991813, 3030500.504423519130796 ] ] ] } },
{ "type": "Feature", "properties": { "cell_id": "932_635", "label": 1, "block_id": "68_302" }, "geometry": { "type": "Polygon", "coordinates": [ [ [ 681546.000872823991813, 3028100.504423519130796 ], [ 681546.000872823991813, 3028200.504423519130796 ], [ 681446.000872823991813, 3028200.504423519130796 ], [ 681446.000872823991813, 3028100.504423519130796 ], [ 681546.000872823991813, 3028100.504423519130796 ] ] ] } },
{ "type": "Feature", "properties": { "cell_id": "932_842", "label": 0, "block_id": "68_304" }, "geometry": { "type": "Polygon", "coordinates": [ [ [ 681546.000872823991813, 3048800.504423519130796 ], [ 681546.000872823991813, 3048900.504423519130796 ], [ 681446.000872823991813, 3048900.504423519130796 ], [ 681446.000872823991813, 3048800.504423519130796 ], [ 681546.000872823991813, 3048800.504423519130796 ] ] ] } },
{ "type": "Feature", "properties": { "cell_id": "934_580", "label": 1, "block_id": "68_302" }, "geometry": { "type": "Polygon", "coordinates": [ [ [ 681746.000872823991813, 3022600.504423519130796 ], [ 681746.000872823991813, 3022700.504423519130796 ], [ 681646.000872823991813, 3022700.504423519130796 ], [ 681646.000872823991813, 3022600.504423519130796 ], [ 681746.000872823991813, 3022600.504423519130796 ] ] ] } },
{ "type": "Feature", "properties": { "cell_id": "936_632", "label": 1, "block_id": "68_302" }, "geometry": { "type": "Polygon", "coordinates": [ [ [ 681946.000872823991813, 3027800.504423519130796 ], [ 681946.000872823991813, 3027900.504423519130796 ], [ 681846.000872823991813, 3027900.504423519130796 ], [ 681846.000872823991813, 3027800.504423519130796 ], [ 681946.000872823991813, 3027800.504423519130796 ] ] ] } },
{ "type": "Feature", "properties": { "cell_id": "937_628", "label": 1, "block_id": "68_302" }, "geometry": { "type": "Polygon", "coordinates": [ [ [ 682046.000872823991813, 3027400.504423519130796 ], [ 682046.000872823991813, 3027500.504423519130796 ], [ 681946.000872823991813, 3027500.504423519130796 ], [ 681946.000872823991813, 3027400.504423519130796 ], [ 682046.000872823991813, 3027400.504423519130796 ] ] ] } },
{ "type": "Feature", "properties": { "cell_id": "938_1524", "label": 0, "block_id": "68_311" }, "geometry": { "type": "Polygon", "coordinates": [ [ [ 682146.000872823991813, 3117000.504423519130796 ], [ 682146.000872823991813, 3117100.504423519130796 ], [ 682046.000872823991813, 3117100.504423519130796 ], [ 682046.000872823991813, 3117000.504423519130796 ], [ 682146.000872823991813, 3117000.504423519130796 ] ] ] } },
{ "type": "Feature", "properties": { "cell_id": "939_320", "label": 0, "block_id": "68_299" }, "geometry": { "type": "Polygon", "coordinates": [ [ [ 682246.000872823991813, 2996600.504423519130796 ], [ 682246.000872823991813, 2996700.504423519130796 ], [ 682146.000872823991813, 2996700.504423519130796 ], [ 682146.000872823991813, 2996600.504423519130796 ], [ 682246.000872823991813, 2996600.504423519130796 ] ] ] } },
{ "type": "Feature", "properties": { "cell_id": "940_32", "label": 0, "block_id": "68_296" }, "geometry": { "type": "Polygon", "coordinates": [ [ [ 682346.000872823991813, 2967800.504423519130796 ], [ 682346.000872823991813, 2967900.504423519130796 ], [ 682246.000872823991813, 2967900.504423519130796 ], [ 682246.000872823991813, 2967800.504423519130796 ], [ 682346.000872823991813, 2967800.504423519130796 ] ] ] } },
{ "type": "Feature", "properties": { "cell_id": "942_891", "label": 0, "block_id": "68_305" }, "geometry": { "type": "Polygon", "coordinates": [ [ [ 682546.000872823991813, 3053700.504423519130796 ], [ 682546.000872823991813, 3053800.504423519130796 ], [ 682446.000872823991813, 3053800.504423519130796 ], [ 682446.000872823991813, 3053700.504423519130796 ], [ 682546.000872823991813, 3053700.504423519130796 ] ] ] } },
{ "type": "Feature", "properties": { "cell_id": "944_107", "label": 0, "block_id": "68_297" }, "geometry": { "type": "Polygon", "coordinates": [ [ [ 682746.000872823991813, 2975300.504423519130796 ], [ 682746.000872823991813, 2975400.504423519130796 ], [ 682646.000872823991813, 2975400.504423519130796 ], [ 682646.000872823991813, 2975300.504423519130796 ], [ 682746.000872823991813, 2975300.504423519130796 ] ] ] } },
{ "type": "Feature", "properties": { "cell_id": "945_33", "label": 0, "block_id": "68_296" }, "geometry": { "type": "Polygon", "coordinates": [ [ [ 682846.000872823991813, 2967900.504423519130796 ], [ 682846.000872823991813, 2968000.504423519130796 ], [ 682746.000872823991813, 2968000.504423519130796 ], [ 682746.000872823991813, 2967900.504423519130796 ], [ 682846.000872823991813, 2967900.504423519130796 ] ] ] } },
{ "type": "Feature", "properties": { "cell_id": "945_584", "label": 0, "block_id": "68_302" }, "geometry": { "type": "Polygon", "coordinates": [ [ [ 682846.000872823991813, 3023000.504423519130796 ], [ 682846.000872823991813, 3023100.504423519130796 ], [ 682746.000872823991813, 3023100.504423519130796 ], [ 682746.000872823991813, 3023000.504423519130796 ], [ 682846.000872823991813, 3023000.504423519130796 ] ] ] } },
{ "type": "Feature", "properties": { "cell_id": "946_1451", "label": 0, "block_id": "68_310" }, "geometry": { "type": "Polygon", "coordinates": [ [ [ 682946.000872823991813, 3109700.504423519130796 ], [ 682946.000872823991813, 3109800.504423519130796 ], [ 682846.000872823991813, 3109800.504423519130796 ], [ 682846.000872823991813, 3109700.504423519130796 ], [ 682946.000872823991813, 3109700.504423519130796 ] ] ] } },
{ "type": "Feature", "properties": { "cell_id": "947_1256", "label": 0, "block_id": "68_309" }, "geometry": { "type": "Polygon", "coordinates": [ [ [ 683046.000872823991813, 3090200.504423519130796 ], [ 683046.000872823991813, 3090300.504423519130796 ], [ 682946.000872823991813, 3090300.504423519130796 ], [ 682946.000872823991813, 3090200.504423519130796 ], [ 683046.000872823991813, 3090200.504423519130796 ] ] ] } },
{ "type": "Feature", "properties": { "cell_id": "948_1238", "label": 0, "block_id": "68_308" }, "geometry": { "type": "Polygon", "coordinates": [ [ [ 683146.000872823991813, 3088400.504423519130796 ], [ 683146.000872823991813, 3088500.504423519130796 ], [ 683046.000872823991813, 3088500.504423519130796 ], [ 683046.000872823991813, 3088400.504423519130796 ], [ 683146.000872823991813, 3088400.504423519130796 ] ] ] } },
{ "type": "Feature", "properties": { "cell_id": "949_926", "label": 0, "block_id": "68_305" }, "geometry": { "type": "Polygon", "coordinates": [ [ [ 683246.000872823991813, 3057200.504423519130796 ], [ 683246.000872823991813, 3057300.504423519130796 ], [ 683146.000872823991813, 3057300.504423519130796 ], [ 683146.000872823991813, 3057200.504423519130796 ], [ 683246.000872823991813, 3057200.504423519130796 ] ] ] } },
{ "type": "Feature", "properties": { "cell_id": "954_842", "label": 0, "block_id": "68_304" }, "geometry": { "type": "Polygon", "coordinates": [ [ [ 683746.000872823991813, 3048800.504423519130796 ], [ 683746.000872823991813, 3048900.504423519130796 ], [ 683646.000872823991813, 3048900.504423519130796 ], [ 683646.000872823991813, 3048800.504423519130796 ], [ 683746.000872823991813, 3048800.504423519130796 ] ] ] } },
{ "type": "Feature", "properties": { "cell_id": "957_127", "label": 0, "block_id": "68_297" }, "geometry": { "type": "Polygon", "coordinates": [ [ [ 684046.000872823991813, 2977300.504423519130796 ], [ 684046.000872823991813, 2977400.504423519130796 ], [ 683946.000872823991813, 2977400.504423519130796 ], [ 683946.000872823991813, 2977300.504423519130796 ], [ 684046.000872823991813, 2977300.504423519130796 ] ] ] } },
{ "type": "Feature", "properties": { "cell_id": "957_226", "label": 0, "block_id": "68_298" }, "geometry": { "type": "Polygon", "coordinates": [ [ [ 684046.000872823991813, 2987200.504423519130796 ], [ 684046.000872823991813, 2987300.504423519130796 ], [ 683946.000872823991813, 2987300.504423519130796 ], [ 683946.000872823991813, 2987200.504423519130796 ], [ 684046.000872823991813, 2987200.504423519130796 ] ] ] } },
{ "type": "Feature", "properties": { "cell_id": "958_779", "label": 0, "block_id": "68_304" }, "geometry": { "type": "Polygon", "coordinates": [ [ [ 684146.000872823991813, 3042500.504423519130796 ], [ 684146.000872823991813, 3042600.504423519130796 ], [ 684046.000872823991813, 3042600.504423519130796 ], [ 684046.000872823991813, 3042500.504423519130796 ], [ 684146.000872823991813, 3042500.504423519130796 ] ] ] } },
{ "type": "Feature", "properties": { "cell_id": "964_258", "label": 0, "block_id": "68_299" }, "geometry": { "type": "Polygon", "coordinates": [ [ [ 684746.000872823991813, 2990400.504423519130796 ], [ 684746.000872823991813, 2990500.504423519130796 ], [ 684646.000872823991813, 2990500.504423519130796 ], [ 684646.000872823991813, 2990400.504423519130796 ], [ 684746.000872823991813, 2990400.504423519130796 ] ] ] } },
{ "type": "Feature", "properties": { "cell_id": "964_1058", "label": 0, "block_id": "68_307" }, "geometry": { "type": "Polygon", "coordinates": [ [ [ 684746.000872823991813, 3070400.504423519130796 ], [ 684746.000872823991813, 3070500.504423519130796 ], [ 684646.000872823991813, 3070500.504423519130796 ], [ 684646.000872823991813, 3070400.504423519130796 ], [ 684746.000872823991813, 3070400.504423519130796 ] ] ] } },
{ "type": "Feature", "properties": { "cell_id": "966_677", "label": 0, "block_id": "68_303" }, "geometry": { "type": "Polygon", "coordinates": [ [ [ 684946.000872823991813, 3032300.504423519130796 ], [ 684946.000872823991813, 3032400.504423519130796 ], [ 684846.000872823991813, 3032400.504423519130796 ], [ 684846.000872823991813, 3032300.504423519130796 ], [ 684946.000872823991813, 3032300.504423519130796 ] ] ] } },
{ "type": "Feature", "properties": { "cell_id": "970_131", "label": 0, "block_id": "68_297" }, "geometry": { "type": "Polygon", "coordinates": [ [ [ 685346.000872823991813, 2977700.504423519130796 ], [ 685346.000872823991813, 2977800.504423519130796 ], [ 685246.000872823991813, 2977800.504423519130796 ], [ 685246.000872823991813, 2977700.504423519130796 ], [ 685346.000872823991813, 2977700.504423519130796 ] ] ] } },
{ "type": "Feature", "properties": { "cell_id": "974_800", "label": 0, "block_id": "68_304" }, "geometry": { "type": "Polygon", "coordinates": [ [ [ 685746.000872823991813, 3044600.504423519130796 ], [ 685746.000872823991813, 3044700.504423519130796 ], [ 685646.000872823991813, 3044700.504423519130796 ], [ 685646.000872823991813, 3044600.504423519130796 ], [ 685746.000872823991813, 3044600.504423519130796 ] ] ] } },
{ "type": "Feature", "properties": { "cell_id": "975_590", "label": 0, "block_id": "68_302" }, "geometry": { "type": "Polygon", "coordinates": [ [ [ 685846.000872823991813, 3023600.504423519130796 ], [ 685846.000872823991813, 3023700.504423519130796 ], [ 685746.000872823991813, 3023700.504423519130796 ], [ 685746.000872823991813, 3023600.504423519130796 ], [ 685846.000872823991813, 3023600.504423519130796 ] ] ] } },
{ "type": "Feature", "properties": { "cell_id": "987_224", "label": 0, "block_id": "68_298" }, "geometry": { "type": "Polygon", "coordinates": [ [ [ 687046.000872823991813, 2987000.504423519130796 ], [ 687046.000872823991813, 2987100.504423519130796 ], [ 686946.000872823991813, 2987100.504423519130796 ], [ 686946.000872823991813, 2987000.504423519130796 ], [ 687046.000872823991813, 2987000.504423519130796 ] ] ] } },
{ "type": "Feature", "properties": { "cell_id": "988_92", "label": 0, "block_id": "68_297" }, "geometry": { "type": "Polygon", "coordinates": [ [ [ 687146.000872823991813, 2973800.504423519130796 ], [ 687146.000872823991813, 2973900.504423519130796 ], [ 687046.000872823991813, 2973900.504423519130796 ], [ 687046.000872823991813, 2973800.504423519130796 ], [ 687146.000872823991813, 2973800.504423519130796 ] ] ] } },
{ "type": "Feature", "properties": { "cell_id": "992_1158", "label": 0, "block_id": "68_308" }, "geometry": { "type": "Polygon", "coordinates": [ [ [ 687546.000872823991813, 3080400.504423519130796 ], [ 687546.000872823991813, 3080500.504423519130796 ], [ 687446.000872823991813, 3080500.504423519130796 ], [ 687446.000872823991813, 3080400.504423519130796 ], [ 687546.000872823991813, 3080400.504423519130796 ] ] ] } },
{ "type": "Feature", "properties": { "cell_id": "993_19", "label": 0, "block_id": "68_296" }, "geometry": { "type": "Polygon", "coordinates": [ [ [ 687646.000872823991813, 2966500.504423519130796 ], [ 687646.000872823991813, 2966600.504423519130796 ], [ 687546.000872823991813, 2966600.504423519130796 ], [ 687546.000872823991813, 2966500.504423519130796 ], [ 687646.000872823991813, 2966500.504423519130796 ] ] ] } },
{ "type": "Feature", "properties": { "cell_id": "997_899", "label": 0, "block_id": "68_305" }, "geometry": { "type": "Polygon", "coordinates": [ [ [ 688046.000872823991813, 3054500.504423519130796 ], [ 688046.000872823991813, 3054600.504423519130796 ], [ 687946.000872823991813, 3054600.504423519130796 ], [ 687946.000872823991813, 3054500.504423519130796 ], [ 688046.000872823991813, 3054500.504423519130796 ] ] ] } },
{ "type": "Feature", "properties": { "cell_id": "999_1162", "label": 0, "block_id": "68_308" }, "geometry": { "type": "Polygon", "coordinates": [ [ [ 688246.000872823991813, 3080800.504423519130796 ], [ 688246.000872823991813, 3080900.504423519130796 ], [ 688146.000872823991813, 3080900.504423519130796 ], [ 688146.000872823991813, 3080800.504423519130796 ], [ 688246.000872823991813, 3080800.504423519130796 ] ] ] } },
{ "type": "Feature", "properties": { "cell_id": "1001_1328", "label": 0, "block_id": "68_309" }, "geometry": { "type": "Polygon", "coordinates": [ [ [ 688446.000872823991813, 3097400.504423519130796 ], [ 688446.000872823991813, 3097500.504423519130796 ], [ 688346.000872823991813, 3097500.504423519130796 ], [ 688346.000872823991813, 3097400.504423519130796 ], [ 688446.000872823991813, 3097400.504423519130796 ] ] ] } },
{ "type": "Feature", "properties": { "cell_id": "1003_1062", "label": 0, "block_id": "68_307" }, "geometry": { "type": "Polygon", "coordinates": [ [ [ 688646.000872823991813, 3070800.504423519130796 ], [ 688646.000872823991813, 3070900.504423519130796 ], [ 688546.000872823991813, 3070900.504423519130796 ], [ 688546.000872823991813, 3070800.504423519130796 ], [ 688646.000872823991813, 3070800.504423519130796 ] ] ] } },
{ "type": "Feature", "properties": { "cell_id": "1007_87", "label": 0, "block_id": "68_297" }, "geometry": { "type": "Polygon", "coordinates": [ [ [ 689046.000872823991813, 2973300.504423519130796 ], [ 689046.000872823991813, 2973400.504423519130796 ], [ 688946.000872823991813, 2973400.504423519130796 ], [ 688946.000872823991813, 2973300.504423519130796 ], [ 689046.000872823991813, 2973300.504423519130796 ] ] ] } },
{ "type": "Feature", "properties": { "cell_id": "1008_81", "label": 0, "block_id": "68_297" }, "geometry": { "type": "Polygon", "coordinates": [ [ [ 689146.000872823991813, 2972700.504423519130796 ], [ 689146.000872823991813, 2972800.504423519130796 ], [ 689046.000872823991813, 2972800.504423519130796 ], [ 689046.000872823991813, 2972700.504423519130796 ], [ 689146.000872823991813, 2972700.504423519130796 ] ] ] } },
{ "type": "Feature", "properties": { "cell_id": "1009_1179", "label": 0, "block_id": "68_308" }, "geometry": { "type": "Polygon", "coordinates": [ [ [ 689246.000872823991813, 3082500.504423519130796 ], [ 689246.000872823991813, 3082600.504423519130796 ], [ 689146.000872823991813, 3082600.504423519130796 ], [ 689146.000872823991813, 3082500.504423519130796 ], [ 689246.000872823991813, 3082500.504423519130796 ] ] ] } },
{ "type": "Feature", "properties": { "cell_id": "1011_1108", "label": 0, "block_id": "68_307" }, "geometry": { "type": "Polygon", "coordinates": [ [ [ 689446.000872823991813, 3075400.504423519130796 ], [ 689446.000872823991813, 3075500.504423519130796 ], [ 689346.000872823991813, 3075500.504423519130796 ], [ 689346.000872823991813, 3075400.504423519130796 ], [ 689446.000872823991813, 3075400.504423519130796 ] ] ] } },
{ "type": "Feature", "properties": { "cell_id": "1014_1107", "label": 0, "block_id": "68_307" }, "geometry": { "type": "Polygon", "coordinates": [ [ [ 689746.000872823991813, 3075300.504423519130796 ], [ 689746.000872823991813, 3075400.504423519130796 ], [ 689646.000872823991813, 3075400.504423519130796 ], [ 689646.000872823991813, 3075300.504423519130796 ], [ 689746.000872823991813, 3075300.504423519130796 ] ] ] } },
{ "type": "Feature", "properties": { "cell_id": "1016_619", "label": 0, "block_id": "68_302" }, "geometry": { "type": "Polygon", "coordinates": [ [ [ 689946.000872823991813, 3026500.504423519130796 ], [ 689946.000872823991813, 3026600.504423519130796 ], [ 689846.000872823991813, 3026600.504423519130796 ], [ 689846.000872823991813, 3026500.504423519130796 ], [ 689946.000872823991813, 3026500.504423519130796 ] ] ] } },
{ "type": "Feature", "properties": { "cell_id": "1016_1253", "label": 0, "block_id": "68_308" }, "geometry": { "type": "Polygon", "coordinates": [ [ [ 689946.000872823991813, 3089900.504423519130796 ], [ 689946.000872823991813, 3090000.504423519130796 ], [ 689846.000872823991813, 3090000.504423519130796 ], [ 689846.000872823991813, 3089900.504423519130796 ], [ 689946.000872823991813, 3089900.504423519130796 ] ] ] } },
{ "type": "Feature", "properties": { "cell_id": "1016_1530", "label": 0, "block_id": "68_311" }, "geometry": { "type": "Polygon", "coordinates": [ [ [ 689946.000872823991813, 3117600.504423519130796 ], [ 689946.000872823991813, 3117700.504423519130796 ], [ 689846.000872823991813, 3117700.504423519130796 ], [ 689846.000872823991813, 3117600.504423519130796 ], [ 689946.000872823991813, 3117600.504423519130796 ] ] ] } },
{ "type": "Feature", "properties": { "cell_id": "1020_1076", "label": 0, "block_id": "69_307" }, "geometry": { "type": "Polygon", "coordinates": [ [ [ 690346.000872823991813, 3072200.504423519130796 ], [ 690346.000872823991813, 3072300.504423519130796 ], [ 690246.000872823991813, 3072300.504423519130796 ], [ 690246.000872823991813, 3072200.504423519130796 ], [ 690346.000872823991813, 3072200.504423519130796 ] ] ] } },
{ "type": "Feature", "properties": { "cell_id": "1025_201", "label": 0, "block_id": "69_298" }, "geometry": { "type": "Polygon", "coordinates": [ [ [ 690846.000872823991813, 2984700.504423519130796 ], [ 690846.000872823991813, 2984800.504423519130796 ], [ 690746.000872823991813, 2984800.504423519130796 ], [ 690746.000872823991813, 2984700.504423519130796 ], [ 690846.000872823991813, 2984700.504423519130796 ] ] ] } },
{ "type": "Feature", "properties": { "cell_id": "1026_1098", "label": 0, "block_id": "69_307" }, "geometry": { "type": "Polygon", "coordinates": [ [ [ 690946.000872823991813, 3074400.504423519130796 ], [ 690946.000872823991813, 3074500.504423519130796 ], [ 690846.000872823991813, 3074500.504423519130796 ], [ 690846.000872823991813, 3074400.504423519130796 ], [ 690946.000872823991813, 3074400.504423519130796 ] ] ] } },
{ "type": "Feature", "properties": { "cell_id": "1026_1319", "label": 0, "block_id": "69_309" }, "geometry": { "type": "Polygon", "coordinates": [ [ [ 690946.000872823991813, 3096500.504423519130796 ], [ 690946.000872823991813, 3096600.504423519130796 ], [ 690846.000872823991813, 3096600.504423519130796 ], [ 690846.000872823991813, 3096500.504423519130796 ], [ 690946.000872823991813, 3096500.504423519130796 ] ] ] } },
{ "type": "Feature", "properties": { "cell_id": "1032_360", "label": 0, "block_id": "69_300" }, "geometry": { "type": "Polygon", "coordinates": [ [ [ 691546.000872823991813, 3000600.504423519130796 ], [ 691546.000872823991813, 3000700.504423519130796 ], [ 691446.000872823991813, 3000700.504423519130796 ], [ 691446.000872823991813, 3000600.504423519130796 ], [ 691546.000872823991813, 3000600.504423519130796 ] ] ] } },
{ "type": "Feature", "properties": { "cell_id": "1034_1025", "label": 0, "block_id": "69_306" }, "geometry": { "type": "Polygon", "coordinates": [ [ [ 691746.000872823991813, 3067100.504423519130796 ], [ 691746.000872823991813, 3067200.504423519130796 ], [ 691646.000872823991813, 3067200.504423519130796 ], [ 691646.000872823991813, 3067100.504423519130796 ], [ 691746.000872823991813, 3067100.504423519130796 ] ] ] } },
{ "type": "Feature", "properties": { "cell_id": "1036_471", "label": 0, "block_id": "69_301" }, "geometry": { "type": "Polygon", "coordinates": [ [ [ 691946.000872823991813, 3011700.504423519130796 ], [ 691946.000872823991813, 3011800.504423519130796 ], [ 691846.000872823991813, 3011800.504423519130796 ], [ 691846.000872823991813, 3011700.504423519130796 ], [ 691946.000872823991813, 3011700.504423519130796 ] ] ] } },
{ "type": "Feature", "properties": { "cell_id": "1039_973", "label": 0, "block_id": "69_306" }, "geometry": { "type": "Polygon", "coordinates": [ [ [ 692246.000872823991813, 3061900.504423519130796 ], [ 692246.000872823991813, 3062000.504423519130796 ], [ 692146.000872823991813, 3062000.504423519130796 ], [ 692146.000872823991813, 3061900.504423519130796 ], [ 692246.000872823991813, 3061900.504423519130796 ] ] ] } },
{ "type": "Feature", "properties": { "cell_id": "1041_497", "label": 0, "block_id": "69_301" }, "geometry": { "type": "Polygon", "coordinates": [ [ [ 692446.000872823991813, 3014300.504423519130796 ], [ 692446.000872823991813, 3014400.504423519130796 ], [ 692346.000872823991813, 3014400.504423519130796 ], [ 692346.000872823991813, 3014300.504423519130796 ], [ 692446.000872823991813, 3014300.504423519130796 ] ] ] } },
{ "type": "Feature", "properties": { "cell_id": "1043_279", "label": 0, "block_id": "69_299" }, "geometry": { "type": "Polygon", "coordinates": [ [ [ 692646.000872823991813, 2992500.504423519130796 ], [ 692646.000872823991813, 2992600.504423519130796 ], [ 692546.000872823991813, 2992600.504423519130796 ], [ 692546.000872823991813, 2992500.504423519130796 ], [ 692646.000872823991813, 2992500.504423519130796 ] ] ] } },
{ "type": "Feature", "properties": { "cell_id": "1045_181", "label": 0, "block_id": "69_298" }, "geometry": { "type": "Polygon", "coordinates": [ [ [ 692846.000872823991813, 2982700.504423519130796 ], [ 692846.000872823991813, 2982800.504423519130796 ], [ 692746.000872823991813, 2982800.504423519130796 ], [ 692746.000872823991813, 2982700.504423519130796 ], [ 692846.000872823991813, 2982700.504423519130796 ] ] ] } },
{ "type": "Feature", "properties": { "cell_id": "1046_339", "label": 0, "block_id": "69_299" }, "geometry": { "type": "Polygon", "coordinates": [ [ [ 692946.000872823991813, 2998500.504423519130796 ], [ 692946.000872823991813, 2998600.504423519130796 ], [ 692846.000872823991813, 2998600.504423519130796 ], [ 692846.000872823991813, 2998500.504423519130796 ], [ 692946.000872823991813, 2998500.504423519130796 ] ] ] } },
{ "type": "Feature", "properties": { "cell_id": "1050_433", "label": 0, "block_id": "69_300" }, "geometry": { "type": "Polygon", "coordinates": [ [ [ 693346.000872823991813, 3007900.504423519130796 ], [ 693346.000872823991813, 3008000.504423519130796 ], [ 693246.000872823991813, 3008000.504423519130796 ], [ 693246.000872823991813, 3007900.504423519130796 ], [ 693346.000872823991813, 3007900.504423519130796 ] ] ] } },
{ "type": "Feature", "properties": { "cell_id": "1050_1505", "label": 0, "block_id": "69_311" }, "geometry": { "type": "Polygon", "coordinates": [ [ [ 693346.000872823991813, 3115100.504423519130796 ], [ 693346.000872823991813, 3115200.504423519130796 ], [ 693246.000872823991813, 3115200.504423519130796 ], [ 693246.000872823991813, 3115100.504423519130796 ], [ 693346.000872823991813, 3115100.504423519130796 ] ] ] } },
{ "type": "Feature", "properties": { "cell_id": "1051_1104", "label": 0, "block_id": "69_307" }, "geometry": { "type": "Polygon", "coordinates": [ [ [ 693446.000872823991813, 3075000.504423519130796 ], [ 693446.000872823991813, 3075100.504423519130796 ], [ 693346.000872823991813, 3075100.504423519130796 ], [ 693346.000872823991813, 3075000.504423519130796 ], [ 693446.000872823991813, 3075000.504423519130796 ] ] ] } },
{ "type": "Feature", "properties": { "cell_id": "1057_120", "label": 0, "block_id": "69_297" }, "geometry": { "type": "Polygon", "coordinates": [ [ [ 694046.000872823991813, 2976600.504423519130796 ], [ 694046.000872823991813, 2976700.504423519130796 ], [ 693946.000872823991813, 2976700.504423519130796 ], [ 693946.000872823991813, 2976600.504423519130796 ], [ 694046.000872823991813, 2976600.504423519130796 ] ] ] } },
{ "type": "Feature", "properties": { "cell_id": "1058_278", "label": 0, "block_id": "69_299" }, "geometry": { "type": "Polygon", "coordinates": [ [ [ 694146.000872823991813, 2992400.504423519130796 ], [ 694146.000872823991813, 2992500.504423519130796 ], [ 694046.000872823991813, 2992500.504423519130796 ], [ 694046.000872823991813, 2992400.504423519130796 ], [ 694146.000872823991813, 2992400.504423519130796 ] ] ] } },
{ "type": "Feature", "properties": { "cell_id": "1059_152", "label": 0, "block_id": "69_297" }, "geometry": { "type": "Polygon", "coordinates": [ [ [ 694246.000872823991813, 2979800.504423519130796 ], [ 694246.000872823991813, 2979900.504423519130796 ], [ 694146.000872823991813, 2979900.504423519130796 ], [ 694146.000872823991813, 2979800.504423519130796 ], [ 694246.000872823991813, 2979800.504423519130796 ] ] ] } },
{ "type": "Feature", "properties": { "cell_id": "1066_289", "label": 0, "block_id": "69_299" }, "geometry": { "type": "Polygon", "coordinates": [ [ [ 694946.000872823991813, 2993500.504423519130796 ], [ 694946.000872823991813, 2993600.504423519130796 ], [ 694846.000872823991813, 2993600.504423519130796 ], [ 694846.000872823991813, 2993500.504423519130796 ], [ 694946.000872823991813, 2993500.504423519130796 ] ] ] } },
{ "type": "Feature", "properties": { "cell_id": "1068_486", "label": 0, "block_id": "69_301" }, "geometry": { "type": "Polygon", "coordinates": [ [ [ 695146.000872823991813, 3013200.504423519130796 ], [ 695146.000872823991813, 3013300.504423519130796 ], [ 695046.000872823991813, 3013300.504423519130796 ], [ 695046.000872823991813, 3013200.504423519130796 ], [ 695146.000872823991813, 3013200.504423519130796 ] ] ] } },
{ "type": "Feature", "properties": { "cell_id": "1068_1321", "label": 0, "block_id": "69_309" }, "geometry": { "type": "Polygon", "coordinates": [ [ [ 695146.000872823991813, 3096700.504423519130796 ], [ 695146.000872823991813, 3096800.504423519130796 ], [ 695046.000872823991813, 3096800.504423519130796 ], [ 695046.000872823991813, 3096700.504423519130796 ], [ 695146.000872823991813, 3096700.504423519130796 ] ] ] } },
{ "type": "Feature", "properties": { "cell_id": "1077_1335", "label": 0, "block_id": "69_309" }, "geometry": { "type": "Polygon", "coordinates": [ [ [ 696046.000872823991813, 3098100.504423519130796 ], [ 696046.000872823991813, 3098200.504423519130796 ], [ 695946.000872823991813, 3098200.504423519130796 ], [ 695946.000872823991813, 3098100.504423519130796 ], [ 696046.000872823991813, 3098100.504423519130796 ] ] ] } },
{ "type": "Feature", "properties": { "cell_id": "1078_1103", "label": 0, "block_id": "69_307" }, "geometry": { "type": "Polygon", "coordinates": [ [ [ 696146.000872823991813, 3074900.504423519130796 ], [ 696146.000872823991813, 3075000.504423519130796 ], [ 696046.000872823991813, 3075000.504423519130796 ], [ 696046.000872823991813, 3074900.504423519130796 ], [ 696146.000872823991813, 3074900.504423519130796 ] ] ] } },
{ "type": "Feature", "properties": { "cell_id": "1083_787", "label": 0, "block_id": "69_304" }, "geometry": { "type": "Polygon", "coordinates": [ [ [ 696646.000872823991813, 3043300.504423519130796 ], [ 696646.000872823991813, 3043400.504423519130796 ], [ 696546.000872823991813, 3043400.504423519130796 ], [ 696546.000872823991813, 3043300.504423519130796 ], [ 696646.000872823991813, 3043300.504423519130796 ] ] ] } },
{ "type": "Feature", "properties": { "cell_id": "1083_1321", "label": 0, "block_id": "69_309" }, "geometry": { "type": "Polygon", "coordinates": [ [ [ 696646.000872823991813, 3096700.504423519130796 ], [ 696646.000872823991813, 3096800.504423519130796 ], [ 696546.000872823991813, 3096800.504423519130796 ], [ 696546.000872823991813, 3096700.504423519130796 ], [ 696646.000872823991813, 3096700.504423519130796 ] ] ] } },
{ "type": "Feature", "properties": { "cell_id": "1086_1067", "label": 0, "block_id": "69_307" }, "geometry": { "type": "Polygon", "coordinates": [ [ [ 696946.000872823991813, 3071300.504423519130796 ], [ 696946.000872823991813, 3071400.504423519130796 ], [ 696846.000872823991813, 3071400.504423519130796 ], [ 696846.000872823991813, 3071300.504423519130796 ], [ 696946.000872823991813, 3071300.504423519130796 ] ] ] } },
{ "type": "Feature", "properties": { "cell_id": "1087_302", "label": 0, "block_id": "69_299" }, "geometry": { "type": "Polygon", "coordinates": [ [ [ 697046.000872823991813, 2994800.504423519130796 ], [ 697046.000872823991813, 2994900.504423519130796 ], [ 696946.000872823991813, 2994900.504423519130796 ], [ 696946.000872823991813, 2994800.504423519130796 ], [ 697046.000872823991813, 2994800.504423519130796 ] ] ] } },
{ "type": "Feature", "properties": { "cell_id": "1087_1067", "label": 0, "block_id": "69_307" }, "geometry": { "type": "Polygon", "coordinates": [ [ [ 697046.000872823991813, 3071300.504423519130796 ], [ 697046.000872823991813, 3071400.504423519130796 ], [ 696946.000872823991813, 3071400.504423519130796 ], [ 696946.000872823991813, 3071300.504423519130796 ], [ 697046.000872823991813, 3071300.504423519130796 ] ] ] } },
{ "type": "Feature", "properties": { "cell_id": "1091_321", "label": 0, "block_id": "69_299" }, "geometry": { "type": "Polygon", "coordinates": [ [ [ 697446.000872823991813, 2996700.504423519130796 ], [ 697446.000872823991813, 2996800.504423519130796 ], [ 697346.000872823991813, 2996800.504423519130796 ], [ 697346.000872823991813, 2996700.504423519130796 ], [ 697446.000872823991813, 2996700.504423519130796 ] ] ] } },
{ "type": "Feature", "properties": { "cell_id": "1092_1117", "label": 0, "block_id": "69_307" }, "geometry": { "type": "Polygon", "coordinates": [ [ [ 697546.000872823991813, 3076300.504423519130796 ], [ 697546.000872823991813, 3076400.504423519130796 ], [ 697446.000872823991813, 3076400.504423519130796 ], [ 697446.000872823991813, 3076300.504423519130796 ], [ 697546.000872823991813, 3076300.504423519130796 ] ] ] } },
{ "type": "Feature", "properties": { "cell_id": "1094_201", "label": 0, "block_id": "69_298" }, "geometry": { "type": "Polygon", "coordinates": [ [ [ 697746.000872823991813, 2984700.504423519130796 ], [ 697746.000872823991813, 2984800.504423519130796 ], [ 697646.000872823991813, 2984800.504423519130796 ], [ 697646.000872823991813, 2984700.504423519130796 ], [ 697746.000872823991813, 2984700.504423519130796 ] ] ] } },
{ "type": "Feature", "properties": { "cell_id": "1097_795", "label": 0, "block_id": "69_304" }, "geometry": { "type": "Polygon", "coordinates": [ [ [ 698046.000872823991813, 3044100.504423519130796 ], [ 698046.000872823991813, 3044200.504423519130796 ], [ 697946.000872823991813, 3044200.504423519130796 ], [ 697946.000872823991813, 3044100.504423519130796 ], [ 698046.000872823991813, 3044100.504423519130796 ] ] ] } },
{ "type": "Feature", "properties": { "cell_id": "1101_1475", "label": 0, "block_id": "69_311" }, "geometry": { "type": "Polygon", "coordinates": [ [ [ 698446.000872823991813, 3112100.504423519130796 ], [ 698446.000872823991813, 3112200.504423519130796 ], [ 698346.000872823991813, 3112200.504423519130796 ], [ 698346.000872823991813, 3112100.504423519130796 ], [ 698446.000872823991813, 3112100.504423519130796 ] ] ] } },
{ "type": "Feature", "properties": { "cell_id": "1103_337", "label": 0, "block_id": "69_299" }, "geometry": { "type": "Polygon", "coordinates": [ [ [ 698646.000872823991813, 2998300.504423519130796 ], [ 698646.000872823991813, 2998400.504423519130796 ], [ 698546.000872823991813, 2998400.504423519130796 ], [ 698546.000872823991813, 2998300.504423519130796 ], [ 698646.000872823991813, 2998300.504423519130796 ] ] ] } },
{ "type": "Feature", "properties": { "cell_id": "1104_399", "label": 0, "block_id": "69_300" }, "geometry": { "type": "Polygon", "coordinates": [ [ [ 698746.000872823991813, 3004500.504423519130796 ], [ 698746.000872823991813, 3004600.504423519130796 ], [ 698646.000872823991813, 3004600.504423519130796 ], [ 698646.000872823991813, 3004500.504423519130796 ], [ 698746.000872823991813, 3004500.504423519130796 ] ] ] } },
{ "type": "Feature", "properties": { "cell_id": "1107_88", "label": 0, "block_id": "69_297" }, "geometry": { "type": "Polygon", "coordinates": [ [ [ 699046.000872823991813, 2973400.504423519130796 ], [ 699046.000872823991813, 2973500.504423519130796 ], [ 698946.000872823991813, 2973500.504423519130796 ], [ 698946.000872823991813, 2973400.504423519130796 ], [ 699046.000872823991813, 2973400.504423519130796 ] ] ] } },
{ "type": "Feature", "properties": { "cell_id": "1107_435", "label": 0, "block_id": "69_300" }, "geometry": { "type": "Polygon", "coordinates": [ [ [ 699046.000872823991813, 3008100.504423519130796 ], [ 699046.000872823991813, 3008200.504423519130796 ], [ 698946.000872823991813, 3008200.504423519130796 ], [ 698946.000872823991813, 3008100.504423519130796 ], [ 699046.000872823991813, 3008100.504423519130796 ] ] ] } },
{ "type": "Feature", "properties": { "cell_id": "1107_500", "label": 0, "block_id": "69_301" }, "geometry": { "type": "Polygon", "coordinates": [ [ [ 699046.000872823991813, 3014600.504423519130796 ], [ 699046.000872823991813, 3014700.504423519130796 ], [ 698946.000872823991813, 3014700.504423519130796 ], [ 698946.000872823991813, 3014600.504423519130796 ], [ 699046.000872823991813, 3014600.504423519130796 ] ] ] } },
{ "type": "Feature", "properties": { "cell_id": "1109_795", "label": 0, "block_id": "69_304" }, "geometry": { "type": "Polygon", "coordinates": [ [ [ 699246.000872823991813, 3044100.504423519130796 ], [ 699246.000872823991813, 3044200.504423519130796 ], [ 699146.000872823991813, 3044200.504423519130796 ], [ 699146.000872823991813, 3044100.504423519130796 ], [ 699246.000872823991813, 3044100.504423519130796 ] ] ] } },
{ "type": "Feature", "properties": { "cell_id": "1109_1267", "label": 0, "block_id": "69_309" }, "geometry": { "type": "Polygon", "coordinates": [ [ [ 699246.000872823991813, 3091300.504423519130796 ], [ 699246.000872823991813, 3091400.504423519130796 ], [ 699146.000872823991813, 3091400.504423519130796 ], [ 699146.000872823991813, 3091300.504423519130796 ], [ 699246.000872823991813, 3091300.504423519130796 ] ] ] } },
{ "type": "Feature", "properties": { "cell_id": "1110_199", "label": 0, "block_id": "69_298" }, "geometry": { "type": "Polygon", "coordinates": [ [ [ 699346.000872823991813, 2984500.504423519130796 ], [ 699346.000872823991813, 2984600.504423519130796 ], [ 699246.000872823991813, 2984600.504423519130796 ], [ 699246.000872823991813, 2984500.504423519130796 ], [ 699346.000872823991813, 2984500.504423519130796 ] ] ] } },
{ "type": "Feature", "properties": { "cell_id": "1111_515", "label": 0, "block_id": "69_301" }, "geometry": { "type": "Polygon", "coordinates": [ [ [ 699446.000872823991813, 3016100.504423519130796 ], [ 699446.000872823991813, 3016200.504423519130796 ], [ 699346.000872823991813, 3016200.504423519130796 ], [ 699346.000872823991813, 3016100.504423519130796 ], [ 699446.000872823991813, 3016100.504423519130796 ] ] ] } },
{ "type": "Feature", "properties": { "cell_id": "1111_1100", "label": 0, "block_id": "69_307" }, "geometry": { "type": "Polygon", "coordinates": [ [ [ 699446.000872823991813, 3074600.504423519130796 ], [ 699446.000872823991813, 3074700.504423519130796 ], [ 699346.000872823991813, 3074700.504423519130796 ], [ 699346.000872823991813, 3074600.504423519130796 ], [ 699446.000872823991813, 3074600.504423519130796 ] ] ] } },
{ "type": "Feature", "properties": { "cell_id": "1121_1124", "label": 0, "block_id": "70_307" }, "geometry": { "type": "Polygon", "coordinates": [ [ [ 700446.000872823991813, 3077000.504423519130796 ], [ 700446.000872823991813, 3077100.504423519130796 ], [ 700346.000872823991813, 3077100.504423519130796 ], [ 700346.000872823991813, 3077000.504423519130796 ], [ 700446.000872823991813, 3077000.504423519130796 ] ] ] } },
{ "type": "Feature", "properties": { "cell_id": "1123_1591", "label": 0, "block_id": "70_312" }, "geometry": { "type": "Polygon", "coordinates": [ [ [ 700646.000872823991813, 3123700.504423519130796 ], [ 700646.000872823991813, 3123800.504423519130796 ], [ 700546.000872823991813, 3123800.504423519130796 ], [ 700546.000872823991813, 3123700.504423519130796 ], [ 700646.000872823991813, 3123700.504423519130796 ] ] ] } },
{ "type": "Feature", "properties": { "cell_id": "1146_1185", "label": 0, "block_id": "70_308" }, "geometry": { "type": "Polygon", "coordinates": [ [ [ 702946.000872823991813, 3083100.504423519130796 ], [ 702946.000872823991813, 3083200.504423519130796 ], [ 702846.000872823991813, 3083200.504423519130796 ], [ 702846.000872823991813, 3083100.504423519130796 ], [ 702946.000872823991813, 3083100.504423519130796 ] ] ] } },
{ "type": "Feature", "properties": { "cell_id": "1148_459", "label": 0, "block_id": "70_301" }, "geometry": { "type": "Polygon", "coordinates": [ [ [ 703146.000872823991813, 3010500.504423519130796 ], [ 703146.000872823991813, 3010600.504423519130796 ], [ 703046.000872823991813, 3010600.504423519130796 ], [ 703046.000872823991813, 3010500.504423519130796 ], [ 703146.000872823991813, 3010500.504423519130796 ] ] ] } },
{ "type": "Feature", "properties": { "cell_id": "1151_1077", "label": 0, "block_id": "70_307" }, "geometry": { "type": "Polygon", "coordinates": [ [ [ 703446.000872823991813, 3072300.504423519130796 ], [ 703446.000872823991813, 3072400.504423519130796 ], [ 703346.000872823991813, 3072400.504423519130796 ], [ 703346.000872823991813, 3072300.504423519130796 ], [ 703446.000872823991813, 3072300.504423519130796 ] ] ] } },
{ "type": "Feature", "properties": { "cell_id": "1152_1100", "label": 0, "block_id": "70_307" }, "geometry": { "type": "Polygon", "coordinates": [ [ [ 703546.000872823991813, 3074600.504423519130796 ], [ 703546.000872823991813, 3074700.504423519130796 ], [ 703446.000872823991813, 3074700.504423519130796 ], [ 703446.000872823991813, 3074600.504423519130796 ], [ 703546.000872823991813, 3074600.504423519130796 ] ] ] } },
{ "type": "Feature", "properties": { "cell_id": "1162_368", "label": 0, "block_id": "70_300" }, "geometry": { "type": "Polygon", "coordinates": [ [ [ 704546.000872823991813, 3001400.504423519130796 ], [ 704546.000872823991813, 3001500.504423519130796 ], [ 704446.000872823991813, 3001500.504423519130796 ], [ 704446.000872823991813, 3001400.504423519130796 ], [ 704546.000872823991813, 3001400.504423519130796 ] ] ] } },
{ "type": "Feature", "properties": { "cell_id": "1163_290", "label": 0, "block_id": "70_299" }, "geometry": { "type": "Polygon", "coordinates": [ [ [ 704646.000872823991813, 2993600.504423519130796 ], [ 704646.000872823991813, 2993700.504423519130796 ], [ 704546.000872823991813, 2993700.504423519130796 ], [ 704546.000872823991813, 2993600.504423519130796 ], [ 704646.000872823991813, 2993600.504423519130796 ] ] ] } },
{ "type": "Feature", "properties": { "cell_id": "1165_587", "label": 0, "block_id": "70_302" }, "geometry": { "type": "Polygon", "coordinates": [ [ [ 704846.000872823991813, 3023300.504423519130796 ], [ 704846.000872823991813, 3023400.504423519130796 ], [ 704746.000872823991813, 3023400.504423519130796 ], [ 704746.000872823991813, 3023300.504423519130796 ], [ 704846.000872823991813, 3023300.504423519130796 ] ] ] } },
{ "type": "Feature", "properties": { "cell_id": "1166_1096", "label": 0, "block_id": "70_307" }, "geometry": { "type": "Polygon", "coordinates": [ [ [ 704946.000872823991813, 3074200.504423519130796 ], [ 704946.000872823991813, 3074300.504423519130796 ], [ 704846.000872823991813, 3074300.504423519130796 ], [ 704846.000872823991813, 3074200.504423519130796 ], [ 704946.000872823991813, 3074200.504423519130796 ] ] ] } },
{ "type": "Feature", "properties": { "cell_id": "1166_1256", "label": 0, "block_id": "70_309" }, "geometry": { "type": "Polygon", "coordinates": [ [ [ 704946.000872823991813, 3090200.504423519130796 ], [ 704946.000872823991813, 3090300.504423519130796 ], [ 704846.000872823991813, 3090300.504423519130796 ], [ 704846.000872823991813, 3090200.504423519130796 ], [ 704946.000872823991813, 3090200.504423519130796 ] ] ] } },
{ "type": "Feature", "properties": { "cell_id": "1167_1345", "label": 0, "block_id": "70_309" }, "geometry": { "type": "Polygon", "coordinates": [ [ [ 705046.000872823991813, 3099100.504423519130796 ], [ 705046.000872823991813, 3099200.504423519130796 ], [ 704946.000872823991813, 3099200.504423519130796 ], [ 704946.000872823991813, 3099100.504423519130796 ], [ 705046.000872823991813, 3099100.504423519130796 ] ] ] } },
{ "type": "Feature", "properties": { "cell_id": "1172_572", "label": 0, "block_id": "70_302" }, "geometry": { "type": "Polygon", "coordinates": [ [ [ 705546.000872823991813, 3021800.504423519130796 ], [ 705546.000872823991813, 3021900.504423519130796 ], [ 705446.000872823991813, 3021900.504423519130796 ], [ 705446.000872823991813, 3021800.504423519130796 ], [ 705546.000872823991813, 3021800.504423519130796 ] ] ] } },
{ "type": "Feature", "properties": { "cell_id": "1180_41", "label": 0, "block_id": "70_296" }, "geometry": { "type": "Polygon", "coordinates": [ [ [ 706346.000872823991813, 2968700.504423519130796 ], [ 706346.000872823991813, 2968800.504423519130796 ], [ 706246.000872823991813, 2968800.504423519130796 ], [ 706246.000872823991813, 2968700.504423519130796 ], [ 706346.000872823991813, 2968700.504423519130796 ] ] ] } },
{ "type": "Feature", "properties": { "cell_id": "1181_470", "label": 0, "block_id": "70_301" }, "geometry": { "type": "Polygon", "coordinates": [ [ [ 706446.000872823991813, 3011600.504423519130796 ], [ 706446.000872823991813, 3011700.504423519130796 ], [ 706346.000872823991813, 3011700.504423519130796 ], [ 706346.000872823991813, 3011600.504423519130796 ], [ 706446.000872823991813, 3011600.504423519130796 ] ] ] } },
{ "type": "Feature", "properties": { "cell_id": "1182_108", "label": 0, "block_id": "70_297" }, "geometry": { "type": "Polygon", "coordinates": [ [ [ 706546.000872823991813, 2975400.504423519130796 ], [ 706546.000872823991813, 2975500.504423519130796 ], [ 706446.000872823991813, 2975500.504423519130796 ], [ 706446.000872823991813, 2975400.504423519130796 ], [ 706546.000872823991813, 2975400.504423519130796 ] ] ] } },
{ "type": "Feature", "properties": { "cell_id": "1192_259", "label": 0, "block_id": "70_299" }, "geometry": { "type": "Polygon", "coordinates": [ [ [ 707546.000872823991813, 2990500.504423519130796 ], [ 707546.000872823991813, 2990600.504423519130796 ], [ 707446.000872823991813, 2990600.504423519130796 ], [ 707446.000872823991813, 2990500.504423519130796 ], [ 707546.000872823991813, 2990500.504423519130796 ] ] ] } },
{ "type": "Feature", "properties": { "cell_id": "1193_167", "label": 0, "block_id": "70_298" }, "geometry": { "type": "Polygon", "coordinates": [ [ [ 707646.000872823991813, 2981300.504423519130796 ], [ 707646.000872823991813, 2981400.504423519130796 ], [ 707546.000872823991813, 2981400.504423519130796 ], [ 707546.000872823991813, 2981300.504423519130796 ], [ 707646.000872823991813, 2981300.504423519130796 ] ] ] } },
{ "type": "Feature", "properties": { "cell_id": "1196_88", "label": 0, "block_id": "70_297" }, "geometry": { "type": "Polygon", "coordinates": [ [ [ 707946.000872823991813, 2973400.504423519130796 ], [ 707946.000872823991813, 2973500.504423519130796 ], [ 707846.000872823991813, 2973500.504423519130796 ], [ 707846.000872823991813, 2973400.504423519130796 ], [ 707946.000872823991813, 2973400.504423519130796 ] ] ] } },
{ "type": "Feature", "properties": { "cell_id": "1200_189", "label": 0, "block_id": "70_298" }, "geometry": { "type": "Polygon", "coordinates": [ [ [ 708346.000872823991813, 2983500.504423519130796 ], [ 708346.000872823991813, 2983600.504423519130796 ], [ 708246.000872823991813, 2983600.504423519130796 ], [ 708246.000872823991813, 2983500.504423519130796 ], [ 708346.000872823991813, 2983500.504423519130796 ] ] ] } }
]
}
