cell_id,label,elevation_m,slope_deg,aspect_deg,elevation_std_m,aspect_sin,aspect_cos,terrain_imputed
3_1656,0,4376.0,10.724231719970703,259.6951599121094,4.597369194030762,-0.9838699300218869,-0.17888532862906123,0
4_988,0,4950.0,35.91403579711914,280.7843017578125,32.235103607177734,-0.9823385537179964,0.18711217458849422,1
5_1571,0,4778.0,20.91554832458496,102.80426025390625,9.202791213989258,0.9751328782699789,-0.22162100468346102,0
10_680,0,2343.0,52.60748291015625,221.3255157470703,33.377010345458984,-0.6603361658128766,-0.7509701379679149,0
12_491,0,2666.0,21.879323959350586,207.64598083496094,9.635326385498047,-0.46400707925935497,-0.8858314909717325,0
13_1255,0,5413.0,33.99567413330078,295.2777099609375,15.637877464294434,-0.9042487382245789,0.42700611168841246,0
15_652,0,1600.0,36.591949462890625,152.850341796875,18.1597843170166,0.456316282718452,-0.8898176499294751,0
15_1456,0,5109.0,10.597708702087402,84.80557250976562,4.570436477661133,0.9958932087075624,0.09053572140407108,0
16_317,0,2950.0,12.974687576293945,287.10272216796875,6.026689529418945,-0.9557790436303166,0.2940857353853079,0
17_355,0,2721.0,45.818851470947266,20.224853515625,23.90619468688965,0.34570526194745904,0.9383431525096982,0
20_1290,0,5332.0,33.64849090576172,165.25640869140625,16.88815689086914,0.25449377985017846,-0.9670744107965885,0
20_1453,0,4975.0,3.876335859298706,0.0,1.9436506032943726,0.0,1.0,0
23_244,0,2099.0,13.536701202392578,129.28939819335938,5.981452941894531,0.7739573950153897,-0.633237673153605,0
27_1200,0,5434.0,25.375341415405273,270.0,35.3162841796875,-1.0,-1.8369701987210297e-16,1
29_729,0,1869.0,33.82723617553711,343.85565185546875,17.126977920532227,-0.2780582335327524,0.9605642189695832,0
31_874,0,3754.0,18.737674713134766,267.1376037597656,8.46926212310791,-0.998752346709706,-0.049937460306419684,0
31_1025,0,5151.0,9.614384651184082,180.0,4.175176620483398,1.2246467991473532e-16,-1.0,0
32_1418,0,5801.0,26.810009002685547,320.4403381347656,12.600215911865234,-0.6368813648651844,0.7709618194745184,0
33_13,0,403.0,29.603940963745117,296.5650634765625,12.95099925994873,-0.8944270949981173,0.4472137875035034,0
33_708,0,2977.0,34.020790100097656,17.52557373046875,16.865480422973633,0.3011314570902598,0.9535826369805068,0
39_194,0,1574.0,9.614384651184082,90.0,4.499657154083252,1.0,6.123233995736766e-17,0
40_15,0,392.0,23.406394958496094,120.5792236328125,10.13001823425293,0.8609265569794068,-0.5087292634472528,0
41_966,0,3881.0,38.31543731689453,120.9637451171875,19.813716888427734,0.8574930282141505,-0.5144955845914774,1
44_642,0,1585.0,24.988758087158203,340.906494140625,10.629565238952637,-0.3271107924594602,0.944985994317664,0
44_777,0,3463.0,44.49834060668945,324.11785888671875,20.488479614257812,-0.5861198412133811,0.8102243712305875,0
44_843,0,4407.0,29.025177001953125,211.2637481689453,12.062337875366211,-0.5189783800234574,-0.854787365997081,0
44_1523,0,4416.0,0.9704723954200745,270.0,0.6849349141120911,-1.0,-1.8369701987210297e-16,0
47_1039,0,5124.0,7.952031135559082,194.0362548828125,3.0594115257263184,-0.24253581831524254,-0.970142451825584,1
51_586,0,3022.0,48.66741180419922,123.45330810546875,39.660911560058594,0.8343353336365625,-0.5512572457986977,1
51_1520,0,4428.0,1.9403883218765259,0.0,0.916245698928833,0.0,1.0,0
52_235,0,1826.0,21.450366973876953,97.431396484375,9.03627872467041,0.9916004371164366,-0.1293389852692984,0
53_566,0,2572.0,13.27562141418457,201.0375213623047,5.933790683746338,-0.35897924769620865,-0.9333455414386808,0
53_801,0,3772.0,34.652565002441406,306.0273742675781,16.815629959106445,-0.8087360752441175,0.5881717101312687,0
59_1544,0,4397.0,2.169212579727173,63.4349365234375,0.916245698928833,0.8944270949981175,0.4472137875035032,0
61_1203,0,6076.0,21.00910186767578,318.57635498046875,9.46468448638916,-0.6616213674201266,0.7498380933062296,0
62_218,0,1455.0,32.99371337890625,187.49586486816406,15.725264549255371,-0.13045463765323717,-0.9914542790843976,0
62_993,0,3699.0,7.3510026931762695,293.1986083984375,3.9440531730651855,-0.9191449070567108,0.39391958548885386,0
62_1076,0,5002.0,17.274070739746094,240.6422576904297,6.646265029907227,-0.8715756332435292,-0.4902610687543333,0
67_1132,0,5475.0,10.029293060302734,286.6992492675781,4.4081854820251465,-0.9578262599768824,0.2873479697138953,0
69_27,0,1113.0,18.650480270385742,107.52557373046875,7.733205318450928,0.9535826369805068,-0.30113145709025974,0
70_593,0,2955.0,16.300086975097656,79.99200439453125,7.350149154663086,0.9847835108822887,0.1737856055441683,0
80_1256,0,6223.0,53.72871780395508,34.875335693359375,33.212371826171875,0.5717927669124441,0.8203980934318481,0
83_532,0,2095.0,32.385841369628906,325.8855285644531,15.84648609161377,-0.5608481233531262,0.8279187052671757,0
84_1435,0,4667.0,0.9704723954200745,90.0,0.8164966106414795,1.0,6.123233995736766e-17,0
85_1002,0,5031.0,46.574222564697266,41.0994873046875,27.184555053710938,0.6573685027158078,0.7535692746106206,0
87_1024,0,4334.0,49.31068420410156,257.38067626953125,28.394052505493164,-0.9758431348537183,-0.21847236932588898,0
92_891,0,5138.0,27.717409133911133,110.77224731445312,11.79244327545166,0.9349975719223206,-0.3546541138903719,0
93_93,0,1232.0,32.22797393798828,6.170166015625,14.392212867736816,0.10748168543256906,0.9942070645980012,0
93_428,0,2680.0,18.024797439575195,141.34017944335938,9.741092681884766,0.6246952152225709,-0.7808686753084835,0
94_580,0,2001.0,29.383731842041016,158.8387451171875,14.476886749267578,0.3609940222497763,-0.9325681293610285,0
96_631,0,2909.0,41.169097900390625,248.40469360351562,20.928449630737305,-0.9298066391030331,-0.36804838524292144,0
97_1012,0,4407.0,14.821044921875,230.19442749023438,6.218252658843994,-0.7682212637591816,-0.6401844186703125,0
101_401,0,2652.0,31.61968231201172,172.09283447265625,15.993053436279297,0.13756842010082876,-0.9904922663963419,0
102_554,0,2222.0,34.095909118652344,328.298583984375,16.14134979248047,-0.5254926779723359,0.8507981225869407,0
102_1442,0,4764.0,7.030324935913086,254.0546112060547,3.3035707473754883,-0.9615239817172679,-0.27472100862979326,0
104_1297,0,5265.0,20.971752166748047,225.0,9.46468448638916,-0.7071067811865475,-0.7071067811865477,0
105_74,0,1484.0,22.41640281677246,289.17901611328125,11.053182601928711,-0.9444967503344817,0.3285207582598149,0
107_1391,0,5274.0,8.235328674316406,69.44393920898438,3.265986442565918,0.936329082143223,0.3511236960571441,0
110_97,0,1109.0,10.72423267364502,63.4349365234375,5.333333492279053,0.8944270949981175,0.4472137875035032,0
110_951,0,5248.0,22.193424224853516,175.236328125,10.321976661682129,0.0830460048489429,-0.9965457144951402,0
111_1425,0,4982.0,23.97199821472168,17.744659423828125,11.096657752990723,0.30477552428351606,0.9524242121017861,0
112_1345,0,6215.0,58.499725341796875,355.2363586425781,58.11037826538086,-0.08304547405657665,0.9965457587279766,1
114_1106,0,5332.0,34.87635803222656,244.05770874023438,16.642946243286133,-0.899235121043572,-0.43746565245942737,0
118_1383,0,5697.0,41.48539352416992,106.69921875,21.008522033691406,0.9578264130275329,-0.28734745954472946,0
122_433,0,3351.0,13.471976280212402,135.0,5.557777404785156,0.7071067811865476,-0.7071067811865475,0
125_958,0,5229.0,28.331172943115234,223.7269744873047,20.94112205505371,-0.6912227028163663,-0.7226418027703886,1
126_1544,0,4369.0,0.9704723954200745,90.0,0.566557765007019,1.0,6.123233995736766e-17,0
130_1126,0,5314.0,52.71131134033203,96.66665649414062,31.60090446472168,0.9932383783535361,-0.1160927377816453,0
132_516,0,3017.0,36.65605926513672,258.17852783203125,17.9119930267334,-0.9787906830786898,-0.2048628778435758,0
134_1295,0,5748.0,39.07185745239258,203.35557556152344,21.12981605529785,-0.3964361877839183,-0.9180622794861761,0
138_675,0,3653.0,40.11621856689453,120.17352294921875,19.756542205810547,0.86450716107257,-0.5026205014265192,0
140_27,0,655.0,32.41354751586914,136.0809326171875,14.843213081359863,0.6936415810776223,-0.7203203155542236,0
141_1564,0,4372.0,3.4950809478759766,213.69007873535156,1.3698698282241821,-0.5547003590079079,-0.8320501858160348,0
142_942,0,5707.0,24.637191772460938,184.2364044189453,8.55212688446045,-0.07387185295526262,-0.9972677420537356,1
149_687,0,3819.0,9.129532814025879,161.5650634765625,4.966554641723633,0.31622756236630656,-0.9486833659339999,0
150_686,0,3892.0,35.002872467041016,302.15228271484375,17.416467666625977,-0.8466366646295563,0.5321713615978787,0
150_1110,0,5406.0,26.99041748046875,176.1859130859375,12.407683372497559,0.06651922088861029,-0.9977851438322642,0
154_105,0,1724.0,6.830390453338623,225.0,2.024540662765503,-0.7071067811865475,-0.7071067811865477,0
156_103,0,1725.0,10.029293060302734,163.30078125,5.166368007659912,0.2873474595447296,-0.9578264130275329,0
156_878,0,4552.0,8.615472793579102,153.4349365234375,4.139541149139404,0.44721378750350327,-0.8944270949981175,0
158_1490,0,4535.0,3.9952552318573,345.9637451171875,1.699673056602478,-0.2425358183152429,0.970142451825584,0
159_757,0,4421.0,23.45430564880371,218.65982055664062,11.129983901977539,-0.6246952152225708,-0.7808686753084836,0
160_1535,0,4370.0,2.743075370788574,315.0,1.227262258529663,-0.7071067811865477,0.7071067811865474,0
162_836,0,5433.0,19.906658172607422,259.2156982421875,8.547616004943848,-0.9823385537179965,-0.18711217458849372,0
163_823,0,5191.0,7.030324935913086,195.94540405273438,3.265986442565918,-0.2747212646991093,-0.9615239085546037,0
165_1205,0,6577.0,26.575096130371094,331.6992492675781,16.129474639892578,-0.47409974568332053,0.8804711415730846,1
167_997,0,4998.0,5.641021251678467,329.0362548828125,3.616129159927368,-0.5144955845914776,0.8574930282141504,1
169_250,0,2855.0,16.48015022277832,156.37060546875,7.42534875869751,0.4008191026605363,-0.9161572173717798,0
171_726,0,4595.0,20.380712509155273,155.772216796875,10.208928108215332,0.41036528031032904,-0.9119212338331777,0
173_1302,0,5771.0,7.776834964752197,209.74488830566406,4.055175304412842,-0.4961390445649091,-0.8682430814341219,0
175_1422,0,5088.0,18.047624588012695,62.10272216796875,8.0,0.883787860808174,0.46788782532580575,0
176_65,0,1185.0,31.217876434326172,206.56504821777344,14.981470108032227,-0.44721354930314333,-0.8944272140983217,0
177_441,0,2634.0,26.73207664489746,160.34619140625,13.59738540649414,0.33633614281916796,-0.9417420023730089,0
179_140,0,1322.0,18.931962966918945,212.90524291992188,8.033879280090332,-0.5432512781123471,-0.8395701571812217,0
179_393,0,2581.0,23.97199821472168,107.74465942382812,10.478667259216309,0.9524242121017861,-0.304775524283516,0
181_409,0,2407.0,30.035755157470703,31.82745361328125,15.401619911193848,0.5273629661241301,0.8496401014316353,0
182_1213,0,6561.0,10.72423267364502,243.43496704101562,63.732635498046875,-0.894427333198462,-0.44721331110275253,1
183_57,0,1254.0,22.19342613220215,221.633544921875,9.53486156463623,-0.6643639116888406,-0.7474092539201681,0
183_521,1,2019.0,34.00405502319336,151.50433349609375,16.620677947998047,0.4770922906391575,-0.8788531994666012,0
185_39,0,1384.0,24.828571319580078,293.74951171875,11.344221115112305,-0.9153149113400126,0.40273888945397956,0
186_549,1,2069.0,30.289533615112305,16.8583984375,13.524555206298828,0.29000738976682583,0.9570244061050023,0
186_772,0,4916.0,33.75937271118164,188.7461700439453,16.470699310302734,-0.15205731848556758,-0.9883716769995884,0
188_63,0,1603.0,25.614105224609375,237.99462890625,12.233327865600586,-0.8479984160653979,-0.5299987607066419,0
189_1397,0,5326.0,27.997037887573242,300.6506652832031,11.97012710571289,-0.860291557425367,0.509802350154093,0
190_534,1,2403.0,16.981739044189453,123.6900634765625,7.542471885681152,0.8320503335416467,-0.5547001374195202,0
190_544,1,2073.0,32.41354751586914,46.0809326171875,15.84648609161377,0.7203203155542236,0.6936415810776224,0
191_528,1,2068.0,47.15036392211914,135.0,24.507495880126953,0.7071067811865476,-0.7071067811865475,0
191_1609,0,4445.0,4.110692024230957,225.0,2.0,-0.7071067811865475,-0.7071067811865477,0
193_412,1,2375.0,19.745235443115234,199.29005432128906,8.5606050491333,-0.3303505581975337,-0.9438583096517071,0
194_1163,0,5648.0,11.214726448059082,250.01690673828125,5.5865797996521,-0.9397935025793149,-0.34174284558671175,0
196_414,1,2363.0,31.99302101135254,167.47119140625,15.154349327087402,0.2169304728901607,-0.9761870568347294,0
197_397,1,2169.0,29.305959701538086,275.1944274902344,13.790316581726074,-0.9958932087075624,0.09053572140407083,0
197_413,1,2326.0,17.65447235107422,205.20114135742188,8.056896209716797,-0.4257973160380829,-0.9048185705735515,0
198_373,0,1932.0,32.4871940612793,61.3895263671875,15.173075675964355,0.8778954561857852,0.4788523446829429,0
198_399,1,2175.0,37.12541961669922,319.53778076171875,17.523176193237305,-0.6489464964798972,0.7608340454438581,0
199_37,0,1806.0,12.974687576293945,17.10272216796875,5.782049179077148,0.2940857353853083,0.9557790436303165,0
199_399,1,2233.0,20.971752166748047,315.0,9.814325332641602,-0.7071067811865477,0.7071067811865474,0
199_400,1,2163.0,39.5526008605957,334.48614501953125,19.183326721191406,-0.4307293429040921,0.9024811539092709,0
199_415,1,2335.0,16.064945220947266,90.0,7.180219650268555,1.0,6.123233995736766e-17,0
199_995,0,5979.0,41.31224822998047,152.4471435546875,33.430259704589844,0.4625667009836454,-0.8865844839275651,1
200_397,1,2259.0,24.637191772460938,355.76361083984375,10.318387985229492,-0.07387158736679551,0.9972677617269646,0
200_550,1,2094.0,39.59986877441406,190.61965942382812,19.477115631103516,-0.1842886062008429,-0.9828721735935709,0
201_401,1,2147.0,31.217876434326172,296.5650634765625,14.103672981262207,-0.8944270949981173,0.4472137875035034,0
202_1166,0,5671.0,5.212227821350098,248.19859313964844,2.9855618476867676,-0.9284767079069659,-0.3713906337998345,0
202_1269,0,6453.0,10.931544303894043,344.744873046875,7.211102485656738,-0.2631175447092559,0.9647637833512267,0
203_393,1,2315.0,31.46404266357422,221.633544921875,14.366456985473633,-0.6643639116888406,-0.7474092539201681,0
204_389,1,2318.0,30.611669540405273,203.62937927246094,14.392212867736816,-0.40081885867309675,-0.9161573241163311,0
204_786,0,4478.0,15.277241706848145,119.744873046875,7.731608867645264,0.868243213563911,-0.49613881333777227,0
206_941,0,5665.0,37.9329833984375,271.245361328125,22.100780487060547,-0.9997637899386299,0.02173394413232895,1
206_1313,0,6230.0,18.115882873535156,248.74951171875,8.35921859741211,-0.9320047805101348,-0.36244598094923813,0
207_398,1,2419.0,27.55723762512207,305.75390625,12.320815086364746,-0.8115341477339115,0.5843049948971804,0
207_551,1,2010.0,25.161712646484375,115.6409912109375,10.918327331542969,0.9015231678369013,-0.4327308376500549,0
208_541,1,1695.0,42.76017379760742,261.5730285644531,22.096309661865234,-0.989203456179276,-0.1465487027679712,0
208_542,1,1726.0,45.75273132324219,232.373779296875,25.28992462158203,-0.7920103350299589,-0.6105076815288504,0
208_550,1,1965.0,27.74191665649414,104.931396484375,13.144025802612305,0.9662350326623085,-0.2576623015810961,0
209_1184,0,6741.0,9.471722602844238,246.03750610351562,3.7843081951141357,-0.9138115137315508,-0.4061385445530278,0
209_1258,0,6005.0,39.80498504638672,206.56504821777344,20.650531768798828,-0.44721354930314333,-0.8944272140983217,0
209_1337,0,6054.0,1.372323989868164,45.0,2.108185052871704,0.7071067811865476,0.7071067811865476,0
212_536,1,1582.0,20.840290069580078,212.27565002441406,9.55684757232666,-0.5339930756455523,-0.8454888498156575,0
212_538,1,1622.0,34.25336837768555,264.2894287109375,16.384275436401367,-0.9950372281533878,-0.09950333958628137,0
213_922,0,5876.0,38.031097412109375,274.9697265625,16.908248901367188,-0.9962406096136591,0.0866293700577629,1
214_536,1,1620.0,21.737655639648438,192.26478576660156,9.558138847351074,-0.21242984965056083,-0.9771763192881007,0
214_923,0,6216.0,38.75123977661133,315.8551025390625,25.95842933654785,-0.6964753127595334,0.7175807541430511,1
216_668,0,3155.0,33.869510650634766,259.8244934082031,15.66312026977539,-0.9842712201020449,-0.17666398976257677,0
218_793,0,4510.0,16.064945220947266,118.07247924804688,6.831300735473633,0.882353004318829,-0.47058811690217645,0
221_1601,0,4380.0,5.212227821350098,201.80142211914062,2.199887752532959,-0.37139088106812496,-0.9284766089996247,0
222_1036,0,5707.0,24.15616798400879,10.885528564453125,6.880911350250244,0.1888474195268615,0.9820064420043514,1
223_498,1,2034.0,21.932119369506836,75.37911987304688,10.327956199645996,0.9676172453538909,0.25242200081163296,0
223_591,0,2672.0,37.48716354370117,149.47027587890625,18.878429412841797,0.5079852938751892,-0.8613657418347549,0
224_1401,0,5254.0,4.936678409576416,348.6900634765625,2.249828338623047,-0.19611620444137426,0.9805806618302796,0
225_41,0,1254.0,22.70327377319336,121.75949096679688,10.063992500305176,0.8502650467191825,-0.5263547761041278,0
225_934,0,6946.0,30.99817657470703,158.49853515625,16.839303970336914,0.36652501398241494,-0.9304081975806052,1
226_699,0,4203.0,36.245628356933594,130.3140869140625,16.58945083618164,0.7625092849500116,-0.6469772719076166,0
227_1644,0,4383.0,0.9704723954200745,90.0,1.314684271812439,1.0,6.123233995736766e-17,0
228_721,0,3745.0,24.518278121948242,195.06849670410156,11.085525512695312,-0.2599736174516603,-0.9656157197504076,0
231_1310,0,6183.0,18.206384658813477,11.888671875,8.038487434387207,0.20601071734298756,0.9785497352407938,0
234_382,1,2292.0,27.900314331054688,172.6475830078125,13.324997901916504,0.12797198903726617,-0.9917777825812826,0
236_1344,0,5816.0,8.290763854980469,125.53765869140625,4.570436477661133,0.8137336649727893,-0.5812379224465247,0
237_46,0,948.0,35.19081115722656,24.10223388671875,17.66212272644043,0.40836605026915185,0.9128182562742556,0
240_1004,0,8027.0,38.68256759643555,353.92755126953125,21.725561141967773,-0.10578592136094882,0.9943889273527814,1
243_522,1,1553.0,25.87687110900879,155.224853515625,11.343132972717285,0.4190582712046504,-0.9079593412344903,0
244_467,0,2500.0,33.100250244140625,65.43283081054688,16.125282287597656,0.9094744910502136,0.41575972643938824,0
244_1007,0,7982.0,38.68256759643555,353.92755126953125,29.310123443603516,-0.10578592136094882,0.9943889273527814,1
244_1230,0,5805.0,42.17873001098633,200.80679321289062,20.575666427612305,-0.3552177965196119,-0.9347835669478533,0
245_766,0,3953.0,33.85261154174805,225.0,15.844927787780762,-0.7071067811865475,-0.7071067811865477,0
246_43,0,989.0,17.298154830932617,337.619873046875,8.225225448608398,-0.380749674549813,0.9246781522941977,0
246_358,1,1232.0,30.917552947998047,261.8699035644531,14.637175559997559,-0.9899495082698765,-0.14142125397630217,0
246_1003,0,8050.0,36.33291244506836,7.9434814453125,15.023947715759277,0.13819619845559464,0.990404872126759,1
247_358,1,1291.0,34.28632354736328,243.43496704101562,16.47894287109375,-0.894427333198462,-0.44721331110275253,0
247_361,1,1399.0,31.99302101135254,229.39871215820312,15.271210670471191,-0.7592566796391993,-0.6507912833030712,0
247_523,1,1536.0,47.15036392211914,135.0,25.2679443359375,0.7071067811865476,-0.7071067811865475,0
248_366,1,1584.0,33.528236389160156,212.47120666503906,15.715841293334961,-0.5368757038483657,-0.8436613530423934,0
248_398,1,2029.0,34.07090759277344,112.06790161132812,16.598379135131836,0.9267392547880531,-0.3757051418797512,0
248_404,1,2135.0,27.257366180419922,99.46231079101562,11.71998405456543,0.9863939565909922,-0.16439879075214567,0
249_358,1,1301.0,37.07009506225586,160.34619140625,18.090991973876953,0.33633614281916796,-0.9417420023730089,0
250_362,1,1521.0,28.87726593017578,169.38037109375,13.080945014953613,0.18428808269143127,-0.9828722717514805,0
250_404,1,2045.0,33.528236389160156,94.398681640625,17.548521041870117,0.997054517245705,-0.07669608621001496,0
250_522,1,1476.0,37.64830780029297,171.158203125,18.04794692993164,0.15370670128506775,-0.9881165163987813,0
250_1510,0,4476.0,3.4950809478759766,303.6900634765625,1.2862040996551514,-0.8320503335416465,0.5547001374195204,0
251_407,1,2018.0,42.66402816772461,143.97262573242188,21.705093383789062,0.5881717101312689,-0.8087360752441173,0
251_505,1,1492.0,27.00322723388672,248.55227661132812,12.11161994934082,-0.9307515760113072,-0.36565216224229796,0
251_510,1,1534.0,25.876869201660156,257.9052429199219,12.01953125,-0.9778024140661971,-0.20952908878319826,0
252_358,1,1165.0,46.1562385559082,158.0255126953125,25.60574722290039,0.37419369936992064,-0.9273505676667554,0
252_509,1,1554.0,35.291709899902344,248.96249389648438,15.626030921936035,-0.933345637040604,-0.3589789991312431,0
252_875,0,5657.0,30.580766677856445,152.700439453125,15.329307556152344,0.4586427388620111,-0.888620750426836,1
254_507,1,1598.0,24.232284545898438,19.79888916015625,10.877545356750488,0.3387196785614737,0.9408873361647567,0
256_365,1,1529.0,37.269737243652344,73.1785888671875,17.23332977294922,0.9572114210216183,0.28938952203867746,0
256_1265,0,5652.0,6.115067958831787,108.4349365234375,2.9855618476867676,0.948683365934,-0.31622756236630634,0
258_206,0,2190.0,13.536701202392578,129.28939819335938,5.811865329742432,0.7739573950153897,-0.633237673153605,0
258_678,0,3330.0,18.931962966918945,20.224853515625,9.138171195983887,0.34570526194745904,0.9383431525096982,0
258_1217,0,5678.0,11.834027290344238,345.9637451171875,5.579946517944336,-0.2425358183152429,0.970142451825584,0
260_357,1,1268.0,26.323421478271484,231.9529571533203,11.962905883789062,-0.787504997620829,-0.6163082659856333,0
260_358,1,1319.0,18.45233917236328,156.0374755859375,9.464683532714844,0.40613903127842343,-0.9138112974089475,0
262_507,1,1510.0,32.66988754272461,347.7995300292969,15.9544095993042,-0.21133281373749302,0.977414160853931,0
262_1643,0,4385.0,5.641021251678467,239.0362548828125,2.7261874675750732,-0.8574930282141504,-0.5144955845914776,0
263_1026,0,6224.0,30.205371856689453,351.6341247558594,16.74486541748047,-0.14549380262548525,0.98935916299268,1
264_864,0,4954.0,21.157608032226562,113.19857788085938,9.579143524169922,0.919145116870843,-0.3939190959226073,1
264_1413,0,5085.0,2.169212579727173,333.4349365234375,1.196703314781189,-0.447213787503503,0.8944270949981176,0
266_413,1,1382.0,23.35834312438965,131.82015991210938,10.749676704406738,0.745241429530644,-0.6667947298165472,0
266_545,0,2453.0,27.9366512298584,26.5650634765625,14.129908561706543,0.4472137875035031,0.8944270949981176,0
267_413,1,1346.0,25.204666137695312,120.25643920898438,11.554487228393555,0.8637788829102745,-0.5038710563609288,0
267_576,1,1422.0,10.207858085632324,48.8140869140625,5.8647308349609375,0.7525768335405708,0.6585044492014067,0
268_406,1,1209.0,20.302736282348633,254.0546112060547,8.844332695007324,-0.9615239817172679,-0.27472100862979326,0
270_329,0,995.0,12.735011100769043,282.99462890625,5.762801170349121,-0.974391148151427,0.22485971271916144,0
271_508,1,1523.0,33.1796989440918,323.4269714355469,15.273635864257812,-0.595846890336212,0.8030980533388599,0
272_1254,0,5498.0,10.597708702087402,95.19442749023438,5.079612731933594,0.9958932087075624,-0.09053572140407118,0
273_523,1,1380.0,27.7541561126709,213.17852783203125,12.38976001739502,-0.5472495992305707,-0.8369694595037382,0
273_611,0,2289.0,35.16743469238281,152.81884765625,17.46601676940918,0.45680532556322845,-0.889566689201587,0
274_964,0,6407.0,40.3876953125,12.652557373046875,18.259510040283203,0.21903835716473583,0.9757162487580975,1
275_1336,0,5419.0,18.474489212036133,300.4655456542969,8.521577835083008,-0.8619342086550714,0.5070201376179804,0
277_511,1,1357.0,33.58847427368164,37.746795654296875,15.046430587768555,0.6121730586691883,0.7907238116052979,0
278_398,1,1468.0,32.66988754272461,257.7995300292969,15.28575611114502,-0.977414160853931,-0.21133281373749294,0
278_421,0,1633.0,21.120616912841797,232.12503051757812,9.225568771362305,-0.7893523691977087,-0.6139404183159504,0
279_381,1,802.0,24.81393051147461,208.44293212890625,10.614455223083496,-0.47628320232335913,-0.8792919374045267,0
279_1125,0,6468.0,41.296409606933594,219.5226287841797,37.28568649291992,-0.6363829213131887,-0.7713733061630353,1
280_522,1,1320.0,25.50218391418457,196.50437927246094,11.49879264831543,-0.28408862907772364,-0.9587980240012698,0
282_49,0,695.0,31.725841522216797,260.5376892089844,14.720439910888672,-0.9863939565909923,-0.16439879075214545,0
282_503,1,1301.0,30.826383590698242,83.48019409179688,13.792107582092285,0.9935326644191169,0.1135466632369723,0
282_578,1,1712.0,21.157608032226562,113.19857788085938,9.451631546020508,0.919145116870843,-0.3939190959226073,0
282_1317,0,6169.0,32.31174087524414,200.37643432617188,15.647348403930664,-0.34818651508040827,-0.9374252774041036,0
283_447,0,2658.0,46.919189453125,229.4971466064453,24.08831214904785,-0.7603736214218406,-0.6494859165877543,0
283_522,1,1321.0,42.32252883911133,136.5074462890625,20.858131408691406,0.6882602985873295,-0.7254638250033423,0
283_560,1,1631.0,25.72525978088379,10.124664306640625,10.914934158325195,0.17579051222096645,0.9844275980553827,0
283_573,1,1529.0,33.17089080810547,148.78158569335938,15.399214744567871,0.5183018883738244,-0.8551977271415819,0
283_574,1,1578.0,26.810009002685547,140.4403076171875,12.174654960632324,0.6368817755041978,-0.7709614802508752,0
283_575,1,1622.0,16.981739044189453,123.6900634765625,9.262961387634277,0.8320503335416467,-0.5547001374195202,0
283_1089,0,6279.0,43.138668060302734,347.47119140625,27.051061630249023,-0.2169304728901604,0.9761870568347295,1
283_1342,0,5564.0,26.69297218322754,302.6192626953125,11.813363075256348,-0.8422712160326057,0.5390539849059236,0
286_916,0,5921.0,52.183135986328125,92.260498046875,37.29557418823242,0.9992218260692108,-0.03944289932182743,1
287_381,1,860.0,28.47232437133789,218.65982055664062,13.422847747802734,-0.6246952152225708,-0.7808686753084836,0
287_575,1,1394.0,24.81393051147461,98.42697143554688,13.403518676757812,0.9892034561792761,-0.14654870276797094,0
287_915,0,5921.0,54.73582458496094,124.2611083984375,37.29557418823242,0.8264806180271942,-0.5629651747891579,1
288_502,1,1436.0,25.218955993652344,322.3057556152344,11.508450508117676,-0.6114475551864711,0.7912849595793461,0
289_1159,0,6316.0,23.406394958496094,210.57923889160156,10.29563045501709,-0.5087294927258452,-0.8609264214965784,0
290_389,1,1073.0,29.025177001953125,148.73626708984375,13.067724227905273,0.5189781523797937,-0.8547875042093536,0
290_496,1,1694.0,31.55177116394043,294.4439697265625,14.94764518737793,-0.9103663695181623,0.41380318177887526,0
290_497,1,1645.0,37.18054962158203,336.29736328125,17.932659149169922,-0.40198991449511634,0.9156440949649646,0
292_192,0,1538.0,27.143489837646484,187.5946502685547,11.637529373168945,-0.1321638394616955,-0.991227884766537,0
292_534,1,1746.0,28.6470890045166,119.744873046875,14.242173194885254,0.868243213563911,-0.49613881333777227,0
293_535,1,1724.0,28.69338035583496,111.8013916015625,13.714909553527832,0.9284768068142416,-0.37139038653151685,0
294_537,1,1762.0,36.44855880737305,126.6070556640625,17.034460067749023,0.8027440472489645,-0.5963237330564264,0
294_571,1,1293.0,41.35966491699219,11.093719482421875,21.375537872314453,0.19241440027694875,0.9813137615289322,0
295_538,1,1759.0,40.7861213684082,136.59112548828125,18.89803695678711,0.6872000413125471,-0.7264682396499063,0
295_704,0,2465.0,42.37179183959961,238.6713104248047,24.643131256103516,-0.8541985854941585,-0.5199468978076307,0
296_126,0,1026.0,29.294816970825195,151.1134033203125,13.416407585144043,0.4830775708041,-0.8755775582928161,0
296_534,1,1540.0,32.385841369628906,145.88552856445312,16.210041046142578,0.5608481233531264,-0.8279187052671755,0
296_640,0,2526.0,11.174756050109863,30.9637451171875,6.303046703338623,0.5144955845914775,0.8574930282141504,0
297_393,1,1050.0,19.6025333404541,87.273681640625,8.761588096618652,0.9988681316098494,0.04756527782162664,0
297_422,1,1958.0,26.939071655273438,126.86990356445312,11.813363075256348,0.7999999380204661,-0.6000000826393697,0
297_537,1,1669.0,35.80197525024414,189.4623260498047,16.4256649017334,-0.1643990534447404,-0.986393912808911,0
298_424,1,1950.0,23.723094940185547,117.55279541015625,10.914934158325195,0.886584976682918,-0.46256575653646237,0
300_218,0,1714.0,39.78750991821289,184.6668701171875,19.223827362060547,-0.0813622137772294,-0.9966845991432136,0
300_539,1,1755.0,29.483186721801758,171.38433837890625,13.644515991210938,0.14980561130022957,-0.988715469092582,0
301_14,0,561.0,21.286378860473633,180.0,8.819170951843262,1.2246467991473532e-16,-1.0,0
301_608,1,1847.0,45.544586181640625,68.55224609375,16.81517219543457,0.9307513812530531,0.365652657990522,1
301_865,0,4836.0,29.383731842041016,248.8387451171875,13.552618980407715,-0.9325681293610285,-0.36099402224977634,1
302_513,1,1382.0,32.08740234375,1.54815673828125,16.654069900512695,0.027017144586714698,0.9996349703258588,0
302_539,1,1762.0,29.9395751953125,180.0,13.649944305419922,1.2246467991473532e-16,-1.0,0
302_874,0,4946.0,17.817691802978516,251.5650634765625,10.38910961151123,-0.948683365934,-0.31622756236630617,1
302_1466,0,4770.0,3.0662660598754883,341.5650634765625,1.3425606489181519,-0.3162275623663062,0.948683365934,0
304_429,1,1737.0,18.206384658813477,78.111328125,9.417608261108398,0.9785497352407938,0.2060107173429877,0
304_563,1,1623.0,26.04067039489746,33.6900634765625,11.682000160217285,0.5547001374195203,0.8320503335416466,0
305_463,1,1928.0,35.19081115722656,155.89776611328125,16.769311904907227,0.40836605026915196,-0.9128182562742555,0
306_907,0,4930.0,19.7655086517334,225.0,7.5762786865234375,-0.7071067811865475,-0.7071067811865477,1
308_510,1,1238.0,34.13749313354492,77.00537109375,15.979926109313965,0.9743911481514269,0.2248597127191619,0
311_430,1,1731.0,22.12417221069336,90.0,9.938079833984375,1.0,6.123233995736766e-17,0
311_595,1,1441.0,29.19422149658203,75.9637451171875,13.411805152893066,0.970142451825584,0.24253581831524249,0
312_430,1,1666.0,32.53306198120117,100.71310424804688,15.154349327087402,0.9825703066102016,-0.1858913461351398,0
312_903,0,4928.0,34.32742691040039,226.00509643554688,17.410085678100586,-0.7194015870634309,-0.6945943827375922,1
313_1582,0,4432.0,1.9403883218765259,180.0,0.8314794301986694,1.2246467991473532e-16,-1.0,0
314_442,1,1867.0,32.778541564941406,144.63751220703125,15.173890113830566,0.5787473746671099,-0.8155068830585845,0
314_1575,0,4446.0,1.372323989868164,315.0,0.7370277643203735,-0.7071067811865477,0.7071067811865474,0
315_269,0,1113.0,24.592700958251953,92.12109375,11.324614524841309,0.9993148354764441,-0.03701161434857348,0
315_467,1,1808.0,34.327430725097656,66.61477661132812,15.092308044433594,0.9178570198091839,0.396911188034557,0
315_505,1,1387.0,35.89168930053711,20.5560302734375,17.243356704711914,0.35112319733805836,0.9363292691628832,0
315_1482,0,4667.0,4.3322248458862305,26.5650634765625,1.749779462814331,0.4472137875035031,0.8944270949981176,0
316_50,0,1140.0,27.7541561126709,93.69137573242188,12.806248664855957,0.997925320490718,-0.06438209940268969,0
316_298,0,1038.0,24.443510055541992,63.4349365234375,11.066576957702637,0.8944270949981175,0.4472137875035032,0
317_380,1,674.0,27.81521224975586,227.60256958007812,12.953859329223633,-0.7384855807490878,-0.674269268931695,0
317_593,1,1390.0,32.913352966308594,6.009002685546875,15.231546401977539,0.10468472772555615,0.9945054588995609,0
318_526,0,962.0,28.612281799316406,205.7693328857422,12.175668716430664,-0.4347491485277626,-0.9005515964420836,0
318_584,1,1600.0,48.39663314819336,96.91122436523438,26.27208137512207,0.9927337878171585,-0.1203313198057635,0
318_593,1,1382.0,16.981739044189453,33.6900634765625,8.110349655151367,0.5547001374195203,0.8320503335416466,0
320_406,1,1408.0,36.099098205566406,149.26449584960938,18.25741958618164,0.5110756396326639,-0.8595357413011186,0
320_590,1,1471.0,35.183021545410156,35.21759033203125,17.203214645385742,0.5766831600102107,0.8169678897977801,0
321_1016,0,5136.0,10.207858085632324,41.1859130859375,4.331908702850342,0.6585044492014066,0.7525768335405708,0
323_558,1,1818.0,36.04010772705078,24.775146484375,17.44833755493164,0.41905827120465033,0.9079593412344904,0
323_585,1,1286.0,35.065757751464844,70.253173828125,17.511899948120117,0.9411947322868025,0.3378645822153813,0
324_579,1,1203.0,37.48716354370117,149.47027587890625,21.721012115478516,0.5079852938751892,-0.8613657418347549,0
325_476,1,1792.0,29.950288772583008,155.6954345703125,14.36817455291748,0.411586979533853,-0.9113704835456323,0
328_603,1,1186.0,23.910137176513672,6.581939697265625,10.822929382324219,0.11462402202357219,0.9934089457897687,0
328_1011,0,5175.0,13.471976280212402,278.1300964355469,8.256684303283691,-0.9899495082698765,0.1414212539763018,0
330_410,1,1466.0,33.415771484375,60.802520751953125,17.00834846496582,0.8729435400161842,0.4878212540921239,0
330_497,1,1690.0,34.93183135986328,67.16635131835938,16.7117919921875,0.9216354123636429,0.3880569116473741,0
331_361,1,446.0,40.60478973388672,209.60446166992188,20.239919662475586,-0.4940095733786434,-0.8694564632057494,0
331_600,1,1191.0,27.00322723388672,105.42214965820312,13.055437088012695,0.9639926723265242,-0.26592880193910295,0
331_1374,0,5024.0,12.454672813415527,327.52880859375,5.101439952850342,-0.5368754791677376,0.843661496021012,0
332_495,1,1748.0,18.737674713134766,357.1376037597656,8.098162651062012,-0.04993746030641975,0.998752346709706,0
332_535,1,1283.0,24.518278121948242,164.9315185546875,10.728984832763672,0.2599733602926299,-0.9656157889855356,0
333_646,0,2120.0,22.81989288330078,220.10092163085938,11.15546703338623,-0.6441359338158825,-0.7649110397733457,0
334_359,1,444.0,29.294816970825195,208.8865966796875,14.06949234008789,-0.4830775708040998,-0.8755775582928162,0
334_406,1,1427.0,30.785696029663086,75.17352294921875,14.197026252746582,0.9667052409008197,0.2558925110566706,0
334_536,1,1290.0,39.433799743652344,122.38067626953125,18.97431755065918,0.8445085918816307,-0.5355420041771749,0
334_764,0,4752.0,45.85759735107422,279.46234130859375,18.363611221313477,-0.9863938690267597,0.16439931613732303,1
335_896,0,4946.0,17.817691802978516,251.5650634765625,9.639328956604004,-0.948683365934,-0.31622756236630617,1
336_399,1,1503.0,14.994051933288574,161.5650634765625,6.854754447937012,0.31622756236630656,-0.9486833659339999,0
337_398,1,1508.0,23.017824172973633,246.50143432617188,10.443262100219727,-0.917070056268016,-0.3987261113804538,0
337_820,0,5826.0,28.4254093170166,339.86370849609375,16.160865783691406,-0.34425445376039066,0.9388763875325309,1
338_294,0,1316.0,31.217876434326172,296.5650634765625,13.704103469848633,-0.8944270949981173,0.4472137875035034,0
338_466,1,1255.0,37.985389709472656,176.26861572265625,19.14531707763672,0.06507891577870345,-0.9978801204158084,0
338_513,1,1156.0,19.906658172607422,10.7843017578125,8.730534553527832,0.18711217458849405,0.9823385537179964,0
338_924,0,5296.0,26.73207664489746,70.34616088867188,14.586873054504395,0.9417418232294095,0.33633664442125205,1
338_1072,0,5222.0,48.49283218383789,102.99459838867188,44.99977493286133,0.9743912679188163,-0.22485919372701155,1
338_1406,0,4883.0,16.169965744018555,276.7098388671875,6.531972885131836,-0.9931506001231519,0.11684128326504754,0
338_1654,0,4456.0,10.383092880249023,236.3099365234375,4.594682693481445,-0.8320503335416463,-0.5547001374195207,0
339_465,1,1205.0,26.951923370361328,178.0908203125,13.199326515197754,0.03331530564941181,-0.9994448911318153,0
339_466,1,1254.0,28.888689041137695,162.12127685546875,13.422846794128418,0.30700322090838256,-0.951708475507011,0
339_467,1,1308.0,33.869510650634766,132.95458984375,15.986104965209961,0.7318939942612899,-0.6814185066200176,0
339_490,1,1625.0,31.028308868408203,80.27239990234375,14.639705657958984,0.985622191273833,0.1689641857571235,0
339_491,1,1621.0,39.978668212890625,81.86990356445312,20.7459659576416,0.9899495082698765,0.14142125397630226,0
340_465,1,1190.0,21.450366973876953,187.43141174316406,9.885767936706543,-0.1293392493484638,-0.9916004026713462,0
341_486,1,1559.0,35.28396987915039,47.91082763671875,16.786237716674805,0.7421025235477977,0.6702863899438735,0
342_465,1,1184.0,18.474489212036133,149.534423828125,8.26565170288086,0.5070205967118375,-0.8619339385996888,0
342_468,1,1282.0,22.467409133911133,145.00796508789062,9.787873268127441,0.5734625547419887,-0.819231773253938,0
343_359,1,500.0,37.85405349731445,163.53997802734375,20.162918090820312,0.28334626087191317,-0.9590176726473323,0
345_474,1,1601.0,33.64849090576172,165.25640869140625,16.759740829467773,0.25449377985017846,-0.9670744107965885,0
346_836,0,5561.0,36.48452377319336,290.0952453613281,17.688695907592773,-0.9391227671515181,0.34358176351150466,1
348_1302,0,5691.0,7.536587238311768,50.194427490234375,3.6345393657684326,0.7682212637591818,0.6401844186703123,0
350_510,1,1141.0,31.415102005004883,3.179840087890625,14.483707427978516,0.05547019332954265,0.9984603435550072,0
350_606,1,1655.0,36.33291244506836,218.45372009277344,18.142099380493164,-0.621882292254172,-0.7831107294506292,0
351_413,1,1123.0,35.46869659423828,251.995849609375,16.158933639526367,-0.9510341292325839,-0.3090858861786167,0
351_482,1,1541.0,23.099565505981445,6.8427734375,10.414851188659668,0.11914522104938584,0.9928768384352075,0
351_510,1,1140.0,29.907392501831055,346.3730163574219,13.333333015441895,-0.23559983535360712,0.9718501518142358,0
353_512,1,1120.0,28.176877975463867,18.4349365234375,12.899420738220215,0.31622756236630645,0.948683365934,0
355_106,0,688.0,27.11807632446289,34.2156982421875,12.454360961914062,0.5623099652608955,0.8269265402490662,0
355_852,0,5504.0,30.539478302001953,309.17364501953125,16.13071632385254,-0.7752351282981427,0.6316727759311479,1
356_608,0,1819.0,35.89168930053711,159.4439697265625,17.316944122314453,0.35112319733805847,-0.9363292691628832,0
358_530,1,1105.0,17.72465705871582,212.00540161132812,8.157402038574219,-0.5299992123778435,-0.8479981337708624,0
358_1363,0,5324.0,12.239652633666992,38.659820556640625,5.237565517425537,0.6246952152225709,0.7808686753084835,0
360_264,0,1948.0,16.505674362182617,300.9637451171875,7.583282947540283,-0.8574930282141506,0.5144955845914773,0
360_519,0,690.0,20.61224365234375,82.23483276367188,9.386094093322754,0.9908301651722765,0.13511322579480947,0
360_1070,0,5160.0,32.33029556274414,164.47589111328125,15.95827865600586,0.2676438283025561,-0.9635179194864784,0
363_189,0,1389.0,33.45045852661133,270.0,16.027753829956055,-1.0,-1.8369701987210297e-16,0
363_966,0,5253.0,27.00322723388672,201.44773864746094,19.109516143798828,-0.36565241011642263,-0.9307514786322133,1
364_545,0,1525.0,25.71140480041504,140.7105712890625,11.962905883789062,0.6332380853881592,-0.7739570577324936,0
367_468,1,1582.0,43.7963981628418,147.99459838867188,22.131479263305664,0.5299992123778438,-0.8479981337708623,0
368_367,1,417.0,38.29621124267578,144.60519409179688,18.85618019104004,0.5792072753644186,-0.8151803065364904,0
368_829,0,5762.0,25.218955993652344,37.694244384765625,13.572848320007324,0.6114475551864709,0.7912849595793463,1
369_539,1,1049.0,34.004051208496094,128.88449096679688,16.56636619567871,0.7784130993727741,-0.627752376916943,0
370_476,0,1819.0,15.277241706848145,262.875,5.8584113121032715,-0.992277912105967,-0.12403445145048533,0
372_119,0,898.0,25.389484405517578,214.8245086669922,11.519172668457031,-0.5710647677285718,-0.8209050073297838,0
372_368,1,382.0,45.88079833984375,137.66299438476562,23.827051162719727,0.6734900785114859,-0.739196262265031,0
373_448,1,1120.0,33.485069274902344,13.32452392578125,15.483165740966797,0.2304662592867254,0.973080316998748,0
373_717,0,2562.0,35.28396987915039,101.04095458984375,21.13187599182129,0.9814905438620443,-0.19151060625821348,1
376_613,1,1499.0,28.14106559753418,190.95407104492188,12.810103416442871,-0.19002205052840873,-0.9817798227265515,0
376_614,1,1564.0,35.67402267456055,160.7099609375,17.326921463012695,0.33035030683285,-0.9438583976293488,0
377_494,1,1623.0,28.945693969726562,62.650115966796875,13.589211463928223,0.8882175769786644,0.4594230468164939,0
377_504,1,1466.0,22.753360748291016,316.6365661621094,9.787873268127441,-0.6866236710113057,0.7270130221715139,0
379_464,1,1258.0,36.705745697021484,158.68206787109375,17.218278884887695,0.36354280845176173,-0.9315774935146328,0
381_395,1,742.0,20.458284378051758,219.47247314453125,9.660918235778809,-0.6357074319969486,-0.7719300880933746,0
381_468,1,1541.0,35.77946853637695,156.44775390625,17.155784606933594,0.39958513925879596,-0.9166960873067631,0
382_638,0,2189.0,20.380712509155273,136.84759521484375,9.393982887268066,0.6839413205249943,-0.7295370244741023,0
383_922,0,4927.0,11.174756050109863,120.9637451171875,5.711154460906982,0.8574930282141505,-0.5144955845914774,1
384_469,1,1548.0,26.323421478271484,141.95294189453125,12.896549224853516,0.6163084757108782,-0.7875048334879817,0
384_549,0,1094.0,39.26593780517578,145.98065185546875,20.278308868408203,0.5594728283067664,-0.8288486920942975,0
384_1393,0,4978.0,4.936678409576416,258.6900634765625,2.165954351425171,-0.9805806618302796,-0.1961162044413742,0
386_469,1,1445.0,26.323421478271484,141.95294189453125,11.982497215270996,0.6163084757108782,-0.7875048334879817,0
386_471,1,1512.0,32.52389907836914,129.61068725585938,14.910431861877441,0.7703943320761635,-0.6375677008011948,0
386_685,0,2489.0,35.94379425048828,217.40536499023438,32.70049285888672,-0.607450223458886,-0.7943577443568794,1
388_927,0,4333.0,50.21036911010742,73.61044311523438,43.216121673583984,0.9593654200633268,0.282166601118411,1
391_315,0,1590.0,9.129532814025879,341.5650634765625,4.944132328033447,-0.3162275623663062,0.948683365934,0
391_522,1,647.0,44.395835876464844,52.73358154296875,23.599016189575195,0.7958285191506569,0.6055220624440306,0
393_437,1,1260.0,34.294551849365234,194.38140869140625,16.088489532470703,-0.2483755886529032,-0.9686638049196036,0
394_671,0,1824.0,50.985652923583984,226.66835021972656,28.378395080566406,-0.7273938054704209,-0.6862202647570672,0
394_1262,0,5104.0,12.454672813415527,94.398681640625,5.356431484222412,0.997054517245705,-0.07669608621001496,0
394_1503,0,4657.0,1.9403883218765259,180.0,0.9428090453147888,1.2246467991473532e-16,-1.0,0
395_1491,0,4664.0,1.372323989868164,315.0,0.9428090453147888,-0.7071067811865477,0.7071067811865474,0
396_198,0,2388.0,8.87646484375,192.52880859375,3.858612298965454,-0.21693047289016046,-0.9761870568347295,0
396_1282,0,5071.0,48.929710388183594,211.10882568359375,9.309493064880371,-0.5166652197543369,-0.8561875090750873,1
396_1560,0,4513.0,5.212227821350098,111.8013916015625,2.309401035308838,0.9284768068142416,-0.37139038653151685,0
397_969,0,4076.0,37.534332275390625,75.9637451171875,34.81508255004883,0.970142451825584,0.24253581831524249,1
398_366,1,339.0,34.45011520385742,200.22486877441406,17.619434356689453,-0.34570551184334414,-0.9383430604427847,0
398_393,0,460.0,27.295150756835938,293.1986083984375,12.719188690185547,-0.9191449070567108,0.39391958548885386,0
398_514,1,636.0,41.9578857421875,42.709381103515625,21.978666305541992,0.6782799891847915,0.7348035494412634,0
398_612,0,1977.0,31.725841522216797,170.53765869140625,14.552586555480957,0.16439931613732334,-0.9863938690267597,0
398_636,0,1768.0,23.017824172973633,156.50146484375,10.614456176757812,0.39872562291933916,-0.9170702686422589,0
398_724,0,3207.0,20.612245559692383,144.162353515625,25.480249404907227,0.5854904623015528,-0.8106792945141217,1
399_176,0,2030.0,36.6418342590332,149.931396484375,17.38098907470703,0.5010365831113972,-0.8654261045196499,0
399_549,1,773.0,38.75123977661133,7.274993896484375,18.82669448852539,0.12663169525415968,0.9919498040511211,0
400_148,0,1566.0,29.126808166503906,160.46331787109375,13.787630081176758,0.3344102924173429,-0.9424275867807284,0
404_506,1,579.0,14.762840270996094,45.0,7.023768901824951,0.7071067811865476,0.7071067811865476,0
405_401,1,639.0,27.717409133911133,271.8476257324219,12.147244453430176,-0.9994801056364457,0.0322415638106984,0
406_394,0,779.0,27.30772590637207,311.00909423828125,11.747340202331543,-0.7546054381399688,0.6561788115518403,0
406_456,0,908.0,21.304685592651367,325.6196594238281,9.944289207458496,-0.564683855847542,0.8253073021276089,0
406_513,1,555.0,34.90015411376953,240.94540405273438,17.222579956054688,-0.8741573452168387,-0.4856428068070694,0
407_527,1,1277.0,39.5526008605957,154.48614501953125,20.22649574279785,0.430729342904092,-0.9024811539092709,0
407_1330,0,5398.0,18.540739059448242,45.0,7.258881568908691,0.7071067811865476,0.7071067811865476,0
408_650,1,1604.0,29.383731842041016,43.7811279296875,13.703203201293945,0.6919054031157212,0.7219881668969867,0
409_488,1,853.0,37.042362213134766,260.96051025390625,17.60050392150879,-0.9875802872969028,-0.1571151684038392,0
409_509,1,651.0,37.85405349731445,290.4098815917969,17.15938377380371,-0.9372218586171018,0.34873369170515356,0
409_663,1,1625.0,39.33810043334961,251.93954467773438,19.82142448425293,-0.9507299293774434,-0.31002032414982345,0
410_480,1,722.0,27.395484924316406,168.6900634765625,13.704103469848633,0.19611620444137456,-0.9805806618302795,0
410_491,1,950.0,48.24128341674805,266.5317687988281,26.66018295288086,-0.998168494580484,-0.0604950942385444,0
410_662,1,1599.0,41.99828338623047,184.3160400390625,21.35126495361328,-0.07525788735224805,-0.9971641040426978,0
410_712,0,3295.0,36.81169891357422,95.19442749023438,17.869901657104492,0.9958932087075624,-0.09053572140407118,0
411_386,1,1142.0,17.817691802978516,288.4349365234375,8.416621208190918,-0.9486833659339999,0.31622756236630667,0
412_399,1,856.0,26.216283798217773,296.5650634765625,11.62160587310791,-0.8944270949981173,0.4472137875035034,0
412_530,1,1583.0,38.99844741821289,217.34934997558594,20.29291534423828,-0.6066733322666075,-0.7949512361878119,0
412_660,1,1501.0,28.670249938964844,253.810791015625,13.59284496307373,-0.9603462134819222,-0.27881024057759124,0
413_231,0,1717.0,11.214726448059082,19.98309326171875,5.849976062774658,0.3417428455867115,0.939793502579315,0
413_476,1,660.0,44.13197708129883,245.22486877441406,23.24639892578125,-0.9079594528364262,-0.41905802940043696,0
413_656,1,1431.0,43.38877487182617,233.7461700439453,23.373510360717773,-0.8064050761693163,-0.5913635541089416,0
413_847,0,3740.0,36.53474426269531,349.4608154296875,24.51504898071289,-0.1829079306253317,0.9831300467966376,1
414_365,1,330.0,32.587928771972656,237.99462890625,15.297865867614746,-0.8479984160653979,-0.5299987607066419,0
414_425,1,470.0,45.06583786010742,120.46554565429688,23.252241134643555,0.8619342086550716,-0.5070201376179801,0
415_392,1,1208.0,23.533832550048828,346.5042724609375,10.594664573669434,-0.23337285503029992,0.9723873253673181,0
416_384,1,1142.0,29.305959701538086,185.19444274902344,14.484559059143066,-0.09053598662647216,-0.9958931845964061,0
418_645,1,1517.0,38.626163482666016,32.00537109375,18.962600708007812,0.5299987607066415,0.8479984160653982,0
419_394,1,1255.0,35.183021545410156,305.21759033203125,15.628401756286621,-0.81696788979778,0.5766831600102108,0
419_1157,0,5364.0,42.46984100341797,182.12110900878906,21.17359161376953,-0.03701188048221092,-0.9993148256196195,0
420_476,0,1196.0,38.75123977661133,225.8551025390625,19.46379852294922,-0.7175807541430512,-0.6964753127595333,0
422_365,1,369.0,38.238399505615234,205.46336364746094,18.23305892944336,-0.42993387326197385,-0.9028603793621454,0
424_174,0,1774.0,28.4254093170166,110.13629150390625,12.882182121276855,0.938876387532531,-0.3442544537603904,0
424_402,1,1331.0,27.40798568725586,321.63250732421875,12.47219181060791,-0.6207030441358217,0.7840457454769614,0
425_362,1,409.0,29.9395751953125,331.9275207519531,14.242173194885254,-0.4705881169021767,0.8823530043188289,0
425_396,1,1443.0,1.9403883218765259,270.0,4.121608257293701,-1.0,-1.8369701987210297e-16,0
425_431,1,448.0,32.16252136230469,184.63548278808594,15.307547569274902,-0.0808162055771375,-0.9967290208056119,0
426_225,0,1730.0,28.612281799316406,64.23065185546875,13.191842079162598,0.90055148066135,0.4347493883591444,0
426_461,1,484.0,29.821256637573242,71.02960205078125,14.2811279296875,0.9456866552435015,0.3250796057804283,0
426_780,0,3100.0,23.723094940185547,242.4471893310547,11.978731155395508,-0.8865848534941742,-0.4625659926483072,1
427_810,0,4775.0,11.834027290344238,14.0362548828125,5.978549480438232,0.24253581831524254,0.970142451825584,1
427_1149,0,5021.0,29.428009033203125,41.3477783203125,13.261845588684082,0.6606279093127977,0.7507135042324748,0
428_451,1,447.0,31.879045486450195,119.35772705078125,15.25422477722168,0.8715757638079185,-0.4902608366396846,0
428_454,1,437.0,16.300086975097656,100.00796508789062,8.107305526733398,0.9847836034459615,-0.173785081016718,0
429_1090,0,5216.0,37.69499588012695,206.00335693359375,19.77902603149414,-0.4384238059699476,-0.8987683607909358,0
430_437,1,494.0,21.737655639648438,102.2647705078125,9.741092681884766,0.977176375861557,-0.21242958941275802,0
431_493,1,1327.0,27.4578857421875,19.025604248046875,12.284688949584961,0.32599065379252473,0.9453729918079542,0
431_668,1,1934.0,23.832468032836914,274.3987121582031,10.764596939086914,-0.9970544763947572,0.0766966172733626,0
435_1590,0,4438.0,0.9704723954200745,270.0,0.8314794301986694,-1.0,-1.8369701987210297e-16,0
437_491,1,1298.0,23.406394958496094,329.4207763671875,10.055401802062988,-0.508729263447253,0.8609265569794066,0
441_401,0,1352.0,28.945697784423828,310.0302734375,15.396809577941895,-0.7657047057690016,0.643192275733475,0
443_1108,0,4987.0,34.327430725097656,66.61477661132812,16.529062271118164,0.9178570198091839,0.396911188034557,0
445_369,1,1128.0,38.4430046081543,230.19442749023438,18.791250228881836,-0.7682212637591816,-0.6401844186703125,0
445_447,1,974.0,29.603940963745117,206.56504821777344,14.389638900756836,-0.44721354930314333,-0.8944272140983217,0
446_347,1,288.0,26.951923370361328,178.0908203125,13.236687660217285,0.03331530564941181,-0.9994448911318153,0
446_365,1,1071.0,26.73207664489746,222.27369689941406,11.991765975952148,-0.6726728959337275,-0.7399399807255536,0
447_1052,0,4802.0,21.57671546936035,260.13421630859375,9.545214653015137,-0.9852118243529844,-0.17134077493423544,0
448_373,1,1196.0,18.931962966918945,57.094757080078125,9.55684757232666,0.8395701571812217,0.5432512781123471,0
448_377,1,1191.0,29.025177001953125,121.26373291015625,13.617344856262207,0.8547875042093537,-0.5189781523797935,0
448_400,1,1370.0,42.238399505615234,8.5836181640625,21.85191535949707,0.1492526351022991,0.9887990953247379,0
449_361,1,922.0,26.73207664489746,199.65383911132812,12.6442289352417,-0.3363366444212519,-0.9417418232294095,0
449_400,1,1366.0,34.41748809814453,8.53076171875,16.999637603759766,0.14834038576740396,0.9889363629427212,0
449_1054,0,4859.0,11.567610740661621,335.5560302734375,4.85340690612793,-0.41380318177887565,0.9103663695181621,0
450_489,1,1560.0,28.00908851623535,322.7651672363281,12.684198379516602,-0.6050832506100051,0.7961622069850023,0
450_532,0,2000.0,26.69297218322754,302.6192626953125,10.96458911895752,-0.8422712160326057,0.5390539849059236,0
450_1086,0,4839.0,27.40798568725586,218.36749267578125,13.581031799316406,-0.6207030441358218,-0.7840457454769614,0
451_746,0,3557.0,42.238399505615234,104.0362548828125,22.311487197875977,0.970142451825584,-0.2425358183152426,0
452_484,1,1900.0,35.52980422973633,292.30621337890625,17.288402557373047,-0.9251685632323399,0.3795564906658928,0
452_495,1,1547.0,44.000431060791016,201.6147918701172,23.496782302856445,-0.3683645778678557,-0.9296814173534053,0
452_529,0,2095.0,21.359477996826172,342.3498840332031,9.62763500213623,-0.3032035200133705,0.9529258236880254,0
452_784,0,3631.0,38.62615966796875,201.12472534179688,25.064361572265625,-0.3603993800710235,-0.9327980954335305,1
453_391,1,1428.0,40.93289566040039,77.59259033203125,20.049938201904297,0.9766444999283518,0.21486163166023778,0
453_400,1,1400.0,33.100250244140625,294.5671691894531,16.103830337524414,-0.9094744910502135,0.4157597264393884,0
453_407,1,1098.0,27.345394134521484,301.6075134277344,13.15810775756836,-0.8516582144249568,0.5240975918686273,0
453_408,1,1073.0,32.73335647583008,288.4349365234375,15.078396797180176,-0.9486833659339999,0.31622756236630667,0
453_411,1,1087.0,33.725337982177734,234.29330444335938,16.658517837524414,-0.8120153290077702,-0.5836361070533614,0
453_1353,0,5275.0,35.560272216796875,256.29302978515625,16.9669246673584,-0.971520300690478,-0.23695633637082408,0
454_496,1,1610.0,47.81803512573242,197.8787078857422,26.040328979492188,-0.3070029674530736,-0.9517085572668804,0
455_445,1,1107.0,31.188087463378906,162.07208251953125,14.735528945922852,0.30782024752780046,-0.9514445308119248,0
456_342,0,410.0,23.770061492919922,270.0,11.457921981811523,-1.0,-1.8369701987210297e-16,0
457_503,0,1767.0,35.71929931640625,223.0908660888672,17.85400390625,-0.6831573648487215,-0.7302711926763583,0
457_1000,0,4724.0,23.35834312438965,64.44003295898438,13.900439262390137,0.9021342075600354,0.431455526734827,1
458_197,0,1553.0,25.204666137695312,30.256439208984375,10.873003959655762,0.503871056360929,0.8637788829102744,0
458_494,1,1581.0,24.15616798400879,259.1144714355469,10.78178596496582,-0.9820064420043515,-0.18884741952686127,0
458_665,1,1588.0,33.337459564208984,101.88864135742188,16.05545997619629,0.9785498449686003,-0.20601019613584237,0
459_415,1,1254.0,25.50218391418457,196.50437927246094,11.842588424682617,-0.28408862907772364,-0.9587980240012698,0
459_447,1,1100.0,41.563446044921875,173.41802978515625,20.307512283325195,0.1146245511451662,-0.9934088847371807,0
459_669,1,1577.0,26.175922393798828,271.9749450683594,11.926730155944824,-0.9994059927027154,0.034462468714530195,0
459_1218,0,4579.0,5.641021251678467,120.9637451171875,2.309401035308838,0.8574930282141505,-0.5144955845914774,0
460_1285,0,5092.0,28.945697784423828,310.0302734375,13.606461524963379,-0.7657047057690016,0.643192275733475,0
463_1201,0,4535.0,0.9704723954200745,90.0,0.8164966106414795,1.0,6.123233995736766e-17,0
464_214,0,1026.0,14.527268409729004,78.6900634765625,6.261778831481934,0.9805806618302796,0.1961162044413743,0
464_647,0,1781.0,30.035755157470703,238.1725616455078,14.414498329162598,-0.8496402418768585,-0.5273627398512654,0
466_1167,0,5262.0,11.567610740661621,245.55604553222656,5.152009963989258,-0.9103664797205829,-0.4138029393336319,0
467_337,1,398.0,34.64451599121094,281.3099365234375,17.670509338378906,-0.9805806618302797,0.19611620444137384,0
468_344,1,486.0,29.9395751953125,270.0,14.543251991271973,-1.0,-1.8369701987210297e-16,0
468_413,1,1503.0,35.711761474609375,304.4389953613281,17.297683715820312,-0.8247287921055482,0.5655284426729779,0
471_565,1,1952.0,26.04067039489746,123.6900634765625,11.239261627197266,0.8320503335416467,-0.5547001374195202,0
472_104,0,534.0,32.47800827026367,25.20111083984375,15.322057723999023,0.42579683410250047,0.9048187973667919,0
472_500,0,2357.0,6.115067958831787,288.4349365234375,2.6666667461395264,-0.9486833659339999,0.31622756236630667,0
472_543,1,1975.0,28.888689041137695,72.12130737304688,13.565569877624512,0.9517086390266825,0.30700271399774287,0
472_912,0,1646.0,27.81521224975586,5.52752685546875,10.433320045471191,0.09632396387702555,0.9953500359084826,1
473_380,1,1186.0,31.91712760925293,247.619873046875,17.866443634033203,-0.9246781522941977,-0.38074967454981296,0
473_381,1,1218.0,31.54204750061035,219.4006805419922,15.56348991394043,-0.6347396914538709,-0.7727260343052024,0
473_540,1,1935.0,34.327430725097656,97.125,15.76760196685791,0.992277912105967,-0.1240344514504853,0
474_421,1,1599.0,34.13749313354492,282.99462890625,16.508882522583008,-0.974391148151427,0.22485971271916144,0
474_471,1,1812.0,29.896648406982422,135.0,14.298406600952148,0.7071067811865476,-0.7071067811865475,0
475_374,1,1114.0,23.197101593017578,161.5650634765625,11.411495208740234,0.31622756236630656,-0.9486833659339999,0
475_386,1,1264.0,33.485069274902344,346.67547607421875,17.361799240112305,-0.23046625928672537,0.973080316998748,0
475_1305,0,5353.0,26.95192527770996,240.01837158203125,12.701704978942871,-0.8661856815599985,-0.4997222879364506,0
476_163,0,575.0,5.803462505340576,90.0,2.499382734298706,1.0,6.123233995736766e-17,0
476_416,1,1662.0,21.57671546936035,170.1341552734375,9.390039443969727,0.17134182444525636,-0.9852116418291914,0
476_474,1,2014.0,37.985389709472656,155.65887451171875,19.079431533813477,0.412168435190798,-0.9111076670912001,0
477_475,1,2027.0,36.6418342590332,149.931396484375,17.351131439208984,0.5010365831113972,-0.8654261045196499,0
477_561,1,1743.0,32.385841369628906,55.885528564453125,15.360684394836426,0.8279187052671756,0.5608481233531264,0
477_1226,0,5199.0,33.58847427368164,217.74681091308594,16.234394073486328,-0.6121732692516554,-0.7907236485737227,0
478_384,1,1294.0,30.45658302307129,281.6336364746094,13.375858306884766,-0.9794570345435156,0.2016529629914287,0
478_565,1,1607.0,36.48452377319336,69.90475463867188,17.959487915039062,0.9391227671515181,0.34358176351150466,0
480_471,1,1638.0,39.920989990234375,148.24050903320312,19.696460723876953,0.526354776104128,-0.8502650467191823,0
480_517,1,1575.0,27.345394134521484,31.607513427734375,12.523557662963867,0.5240975918686277,0.8516582144249566,0
480_1139,0,5024.0,19.41701316833496,144.78240966796875,8.460511207580566,0.5766831600102107,-0.8169678897977801,0
482_479,1,2002.0,37.48716354370117,120.52972412109375,19.02629852294922,0.861365741834755,-0.5079852938751891,0
482_483,1,2119.0,22.002229690551758,56.97613525390625,9.619937896728516,0.8384436430260835,0.5449883094793404,0
483_365,1,1079.0,35.89168930053711,212.57406616210938,18.32423973083496,-0.5383894098776203,-0.842696174983385,0
483_403,1,1232.0,28.79706573486328,236.3099365234375,13.510854721069336,-0.8320503335416463,-0.5547001374195207,0
484_334,1,306.0,30.611669540405273,166.75946044921875,13.968217849731445,0.2290396673212108,-0.9734170898404183,0
486_416,1,1587.0,30.035755157470703,174.95751953125,13.865312576293945,0.08789432142995018,-0.9961298049252258,0
488_406,1,1540.0,32.82360076904297,336.8014221191406,15.606266975402832,-0.3939190959226076,0.9191451168708429,0
488_504,1,2038.0,27.143489837646484,82.40536499023438,11.77358341217041,0.9912279199638614,0.1321635754817374,0
489_364,1,1324.0,17.177316665649414,170.53765869140625,7.833135604858398,0.16439931613732334,-0.9863938690267597,0
489_371,1,1603.0,22.12417221069336,180.0,10.041887283325195,1.2246467991473532e-16,-1.0,0
489_412,1,1559.0,28.00908851623535,260.837646484375,13.411805152893066,-0.9872411027319362,-0.1592325503049878,0
489_418,1,1675.0,41.553062438964844,225.0,22.978248596191406,-0.7071067811865475,-0.7071067811865477,0
489_419,1,1748.0,15.852359771728516,252.64598083496094,10.241527557373047,-0.9544800065175557,-0.2982749019918483,0
489_470,1,1598.0,33.58847427368164,232.25320434570312,16.227548599243164,-0.790723811605298,-0.6121730586691881,0
491_371,1,1544.0,34.42565155029297,140.01312255859375,16.5760498046875,0.6426121442503118,-0.7661916418638463,0
491_416,1,1762.0,26.283327102661133,275.9061584472656,12.488018989562988,-0.9946917626967794,0.10289945200618816,0
491_442,1,1678.0,31.464040756225586,265.2363586425781,14.95259952545166,-0.9965457587279766,-0.0830454740565766,0
491_456,1,1586.0,24.945226669311523,303.111328125,10.778349876403809,-0.8376107287473976,0.5462675782867343,0
491_555,1,1520.0,26.939071655273438,233.13009643554688,12.692955017089844,-0.7999999380204659,-0.6000000826393699,0
491_1386,0,5302.0,10.931544303894043,105.255126953125,4.97648811340332,0.9647637833512268,-0.26311754470925564,0
492_301,0,1233.0,14.134594917297363,317.726318359375,6.07565450668335,-0.672672698875767,0.7399401598691557,0
492_508,1,1861.0,24.518278121948242,58.671295166015625,10.816082954406738,0.8541984470238934,0.5199471252944561,0
492_528,1,1241.0,34.004051208496094,141.115478515625,16.762685775756836,0.6277527915247496,-0.7784127650115228,0
492_909,0,1411.0,6.830390453338623,8.130096435546875,9.361564636230469,0.14142125397630217,0.9899495082698765,1
493_355,0,889.0,23.470243453979492,69.44393920898438,10.293231964111328,0.936329082143223,0.3511236960571441,0
493_441,1,1778.0,27.21949577331543,252.758544921875,12.867798805236816,-0.9550641591634248,-0.29639914284872765,0
494_471,1,1578.0,19.250118255615234,230.90615844726562,9.62635326385498,-0.7761141908872482,-0.6305923902993376,0
494_508,1,1797.0,29.383731842041016,68.8387451171875,13.2086763381958,0.9325681293610285,0.3609940222497762,0
495_374,1,1689.0,32.31174087524414,200.37643432617188,15.399214744567871,-0.34818651508040827,-0.9374252774041036,0
495_395,1,1259.0,35.711761474609375,235.56101989746094,15.807483673095703,-0.8247289427148529,-0.5655282230343954,0
495_397,1,1258.0,38.8258171081543,319.26788330078125,20.22710418701172,-0.6525232676089865,0.7577686884722085,0
495_435,1,1890.0,29.821256637573242,288.97039794921875,13.830543518066406,-0.9456866552435017,0.3250796057804279,0
495_450,1,1644.0,24.988758087158203,250.90652465820312,11.798723220825195,-0.9449861685472769,-0.3271102891294273,0
495_461,1,1562.0,37.433082580566406,335.13629150390625,18.343093872070312,-0.4204612016125389,0.9073105190278243,0
495_469,1,1601.0,33.1796989440918,253.44293212890625,16.323883056640625,-0.9585363737094897,-0.2849702094533065,0
495_1418,0,5010.0,17.274070739746094,60.642242431640625,7.445273399353027,0.8715755026790779,0.4902613008689475,0
496_376,1,1805.0,30.236982345581055,144.46231079101562,13.936363220214844,0.5812383558672092,-0.81373335538663,0
496_463,1,1551.0,26.21628189086914,273.9451904296875,11.786160469055176,-0.9976303233787432,0.06880216475681727,0
496_465,1,1544.0,40.94911575317383,218.65982055664062,20.39849853515625,-0.6246952152225708,-0.7808686753084836,0
496_1659,0,4433.0,2.743075370788574,315.0,1.165343165397644,-0.7071067811865477,0.7071067811865474,0
497_464,1,1551.0,28.507427215576172,273.57635498046875,12.613924980163574,-0.9980525560495139,0.062378645088138375,0
497_527,1,1034.0,27.790813446044922,135.0,13.002373695373535,0.7071067811865476,-0.7071067811865475,0
497_916,0,3817.0,25.73910140991211,251.5650634765625,11.174049377441406,-0.948683365934,-0.31622756236630617,1
499_373,1,1634.0,31.38566780090332,181.59115600585938,14.760641098022461,-0.027767341756171158,-0.9996144130272412,0
499_1383,0,5127.0,7.952031135559082,75.9637451171875,3.5901098251342773,0.970142451825584,0.24253581831524249,0
500_338,1,659.0,42.04359817504883,275.3893127441406,20.188005447387695,-0.9955795011007769,0.09392261169669568,0
500_339,1,653.0,33.197303771972656,248.74951171875,16.53279685974121,-0.9320047805101348,-0.36244598094923813,0
500_427,1,1907.0,36.33291244506836,208.92642211914062,20.14944076538086,-0.48368605492335,-0.8752415668103785,0
500_508,1,1578.0,23.35834312438965,115.55996704101562,11.002805709838867,0.9021342075600354,-0.4314555267348269,0
501_470,1,2014.0,34.80475997924805,226.97494506835938,16.636268615722656,-0.7310553999230366,-0.68231810927409,0
501_529,1,986.0,32.99371337890625,82.504150390625,16.060840606689453,0.9914543138265339,0.13045437361298648,0
501_531,1,933.0,44.7514762878418,56.852996826171875,22.24498748779297,0.8372704344998386,0.5467890082220486,0
503_461,1,2013.0,38.31543731689453,329.0362548828125,18.873849868774414,-0.5144955845914776,0.8574930282141504,0
505_335,1,698.0,22.467409133911133,214.99203491210938,10.360179901123047,-0.5734625547419885,-0.8192317732539381,0
505_338,1,792.0,19.7655086517334,225.0,9.067646980285645,-0.7071067811865475,-0.7071067811865477,0
505_410,1,1507.0,11.644421577453613,260.5376892089844,5.606433868408203,-0.9863939565909923,-0.16439879075214545,0
505_647,0,2951.0,20.302736282348633,15.945404052734375,8.419553756713867,0.27472126469910935,0.9615239085546037,0
506_339,1,846.0,29.9395751953125,208.07249450683594,13.668925285339355,-0.47058835188697873,-0.8823528789936015,0
506_378,1,1821.0,40.16179656982422,231.51980590820312,20.980295181274414,-0.7828232998970645,-0.6222440687851277,0
506_420,1,1911.0,27.7541561126709,236.82150268554688,13.557376861572266,-0.8369697509863874,-0.5472491534335935,0
506_422,1,1942.0,36.27477264404297,251.1468505859375,19.14531898498535,-0.946349908803285,-0.3231436988524058,0
506_464,1,2041.0,24.592700958251953,272.12109375,13.039352416992188,-0.9993148354764441,0.0370116143485738,0
507_422,1,2013.0,40.42688751220703,252.64598083496094,19.714630126953125,-0.9544800065175557,-0.2982749019918483,0
508_338,1,830.0,27.395484924316406,191.3099365234375,12.631529808044434,-0.19611620444137434,-0.9805806618302796,0
508_340,1,940.0,24.232284545898438,199.79888916015625,11.344221115112305,-0.3387196785614735,-0.9408873361647568,0
508_349,0,1111.0,28.945693969726562,242.65013122558594,13.833221435546875,-0.8882176993303913,-0.4594228102698283,0
508_1254,0,5001.0,23.35834312438965,115.55996704101562,10.79208755493164,0.9021342075600354,-0.4314555267348269,0
509_340,1,939.0,26.376728057861328,172.14666748046875,11.528815269470215,0.13663772940083507,-0.9906210834139278,0
509_374,1,1828.0,37.9329833984375,268.754638671875,20.116943359375,-0.9997637899386299,-0.021733944132328428,0
509_731,0,3454.0,23.326223373413086,315.0,10.84002685546875,-0.7071067811865477,0.7071067811865474,0
510_407,1,1549.0,13.242568969726562,239.74356079101562,6.106058597564697,-0.8637788829102744,-0.503871056360929,0
512_326,1,275.0,27.7541561126709,176.30859375,13.316656112670898,0.0643826309298577,-0.997925286198596,0
512_511,0,1221.0,28.00908851623535,142.76513671875,12.50876235961914,0.6050836746715613,-0.7961618846980557,0
515_405,1,1585.0,38.4430046081543,140.19439697265625,18.495912551879883,0.6401848278496172,-0.7682209227762259,0
516_395,1,1576.0,37.741554260253906,113.19857788085938,18.48122215270996,0.919145116870843,-0.3939190959226073,0
517_370,1,1758.0,29.250185012817383,93.46823120117188,14.307038307189941,0.998168494580484,-0.0604950942385446,0
517_406,1,1560.0,37.042362213134766,134.09060668945312,17.325496673583984,0.7182403789763007,-0.6957950546015543,0
518_325,1,281.0,14.287118911743164,176.1859130859375,6.190394878387451,0.06651922088861029,-0.9977851438322642,0
518_538,1,1353.0,44.35720443725586,165.9637451171875,23.237899780273438,0.24253581831524276,-0.970142451825584,0
519_403,1,1534.0,30.06769371032715,200.55606079101562,13.532767295837402,-0.3511236960571441,-0.9363290821432229,0
520_446,0,1736.0,56.043495178222656,159.29095458984375,35.17399215698242,0.3536225199709327,-0.9353882153252773,0
520_574,1,1201.0,16.48015022277832,113.62936401367188,8.629549980163574,0.9161574308608174,-0.40081861468562885,0
521_323,1,260.0,35.46869659423828,208.39303588867188,16.275407791137695,-0.4755172872005044,-0.8797063769084961,0
521_410,1,1815.0,26.21628189086914,86.0548095703125,11.564099311828613,0.9976303233787432,0.0688021647568173,0
521_571,1,1218.0,21.79093360900879,53.61566162109375,10.208928108215332,0.8050559764695915,0.5931988492492147,0
521_736,0,3000.0,33.20610046386719,79.56253051757812,15.161680221557617,0.9834532071451865,0.18116232874371818,0
522_511,1,841.0,34.85253143310547,131.0548095703125,16.41814613342285,0.7540816440382971,-0.6567806895185782,0
522_558,1,1334.0,26.482824325561523,125.31121826171875,11.860298156738281,0.8160244324549788,-0.5780174094579935,0
523_1106,0,4249.0,7.776834964752197,352.8749694824219,3.675074577331543,-0.12403497996965332,0.9922778460410813,0
524_401,1,1567.0,41.937652587890625,224.23609924316406,19.692073822021484,-0.6976166544448602,-0.7164712160590685,0
524_1025,0,4540.0,26.64068603515625,168.31060791015625,13.23108959197998,0.20260599567332396,-0.9792603384785994,0
526_513,1,806.0,38.21907424926758,161.17529296875,18.905874252319336,0.3226738784439012,-0.9465102050004376,0
527_361,0,1361.0,18.8243465423584,63.4349365234375,8.229726791381836,0.8944270949981175,0.4472137875035032,0
527_403,1,1552.0,39.04742431640625,151.29403686523438,19.49232292175293,0.48031478500049035,-0.8770961790533195,0
527_479,0,1577.0,21.450366973876953,82.568603515625,9.073091506958008,0.9916004371164366,0.12933898526929852,0
527_1427,0,5153.0,3.9952552318573,345.9637451171875,1.7916128635406494,-0.2425358183152429,0.970142451825584,0
531_260,0,465.0,31.859975814819336,107.44717407226562,14.71960163116455,0.9539937919995399,-0.2998263577912032,0
531_402,1,1596.0,40.16179656982422,231.51980590820312,19.93941307067871,-0.7828232998970645,-0.6222440687851277,0
533_95,0,380.0,36.03272247314453,27.758544921875,17.00617218017578,0.46574649956647013,0.8849181872589014,0
533_421,1,1604.0,36.48452377319336,249.90478515625,16.261747360229492,-0.9391229501541016,-0.3435812633044135,0
533_516,1,651.0,27.21949577331543,107.241455078125,13.080945014953613,0.9550641591634247,-0.29639914284872787,0
533_525,1,493.0,38.34103775024414,350.1341857910156,17.72004508972168,-0.17134129968976985,0.9852117330912277,0
533_527,1,505.0,35.711761474609375,145.56100463867188,17.78749656677246,0.5655284426729781,-0.824728792105548,0
534_423,1,1628.0,27.55723762512207,346.865966796875,12.673486709594727,-0.2272298008152292,0.9738411665263855,0
535_207,0,526.0,20.91554832458496,192.8042755126953,9.150322914123535,-0.22162126437704693,-0.9751328192487007,0
535_399,1,1460.0,36.44855880737305,216.60708618164062,18.142099380493164,-0.5963241606236841,-0.8027437296276182,0
535_562,1,904.0,25.72525978088379,100.12466430664062,11.767291069030762,0.9844275980553828,-0.17579051222096634,0
535_1002,0,4044.0,42.32252883911133,136.5074462890625,20.265522003173828,0.6882602985873295,-0.7254638250033423,0
535_1337,0,5007.0,22.27956199645996,150.255126953125,9.768935203552246,0.49613881333777243,-0.8682432135639109,0
536_487,1,1202.0,22.41640281677246,70.82098388671875,9.818099021911621,0.9444967503344815,0.32852075825981536,0
536_1256,0,4880.0,27.00322723388672,291.44775390625,12.696845054626465,-0.9307513812530533,0.36565265799052155,0
538_333,1,904.0,23.358341217041016,168.6900634765625,10.809232711791992,0.19611620444137456,-0.9805806618302795,0
538_344,1,851.0,17.05540657043457,96.34017944335938,7.238443374633789,0.9938837583854547,-0.1104313126681154,0
539_87,0,487.0,19.7655086517334,351.8699035644531,8.83176040649414,-0.14142125397630223,0.9899495082698765,0
539_536,1,552.0,27.81521224975586,137.6025390625,14.62114143371582,0.6742696622728125,-0.7384852216114466,0
539_999,0,3677.0,36.33291244506836,218.45372009277344,108.45378112792969,-0.621882292254172,-0.7831107294506292,1
540_318,1,330.0,25.849409103393555,126.46923828125,11.512741088867188,0.8041761010987188,-0.5943911156987991,0
540_410,1,1576.0,42.51862716674805,154.855224609375,21.59732437133789,0.4249069752275122,-0.9052370200135467,0
540_1507,0,4739.0,2.743075370788574,315.0,1.0999438762664795,-0.7071067811865477,0.7071067811865474,0
542_393,1,1216.0,35.042205810546875,127.14666748046875,17.468137741088867,0.7970923506936158,-0.60385742064309,0
542_1302,0,4998.0,16.505674362182617,120.9637451171875,7.480014801025391,0.8574930282141505,-0.5144955845914774,0
542_1519,0,4865.0,19.7655086517334,225.0,8.7022066116333,-0.7071067811865475,-0.7071067811865477,0
544_1333,0,4845.0,12.419127464294434,180.0,5.513171672821045,1.2246467991473532e-16,-1.0,0
545_453,1,1314.0,36.591949462890625,124.77783203125,17.473791122436523,0.821369959054165,-0.5703958190268924,0
546_369,1,635.0,7.717507839202881,90.0,4.786813259124756,1.0,6.123233995736766e-17,0
546_455,1,1325.0,37.042362213134766,80.96051025390625,18.74454689025879,0.9875802872969028,0.1571151684038393,0
547_369,1,676.0,32.913352966308594,222.87890625,14.950122833251953,-0.6804511332171749,-0.7327934601942504,0
547_397,1,1349.0,32.560516357421875,158.1986083984375,15.129891395568848,0.371390386531517,-0.9284768068142415,0
548_402,1,1342.0,38.44935607910156,11.0701904296875,18.561874389648438,0.19201139830391803,0.9813926955716423,0
548_409,1,1388.0,34.80475997924805,43.025054931640625,16.466203689575195,0.6823181092740899,0.7310553999230367,0
548_1170,0,4278.0,21.157608032226562,66.8013916015625,9.165151596069336,0.9191449070567109,0.3939195854888537,0
549_320,1,291.0,34.85253143310547,221.05482482910156,16.234394073486328,-0.656780890342644,-0.7540814691269929,0
549_343,1,774.0,30.99817657470703,201.50143432617188,13.848384857177734,-0.3665245184169809,-0.9304083928035045,0
549_364,1,660.0,46.4634895324707,3.691375732421875,25.666425704956055,0.06438209940268973,0.997925320490718,0
549_640,0,1636.0,22.736682891845703,14.0362548828125,10.545609474182129,0.24253581831524254,0.970142451825584,0
550_455,1,1273.0,51.352439880371094,188.56915283203125,29.61606216430664,-0.14900299054325594,-0.9888367452765732,0
551_319,1,238.0,31.375844955444336,180.0,14.712889671325684,1.2246467991473532e-16,-1.0,0
551_633,1,1694.0,26.588233947753906,113.96249389648438,12.090195655822754,0.9138115137315508,-0.4061385445530278,0
552_593,1,1133.0,24.095012664794922,142.696044921875,11.548073768615723,0.6060433096685542,-0.795431648104339,0
553_61,0,188.0,2.743075370788574,45.0,0.9428090453147888,0.7071067811865476,0.7071067811865476,0
554_344,1,765.0,31.217876434326172,206.56504821777344,14.399073600769043,-0.44721354930314333,-0.8944272140983217,0
556_419,1,1552.0,20.380712509155273,24.227752685546875,9.178611755371094,0.4103647945916415,0.9119214524068177,0
558_636,1,1510.0,25.389484405517578,145.17547607421875,10.942047119140625,0.5710649863487789,-0.8209048552460078,0
558_1664,0,4475.0,3.9952552318573,255.96376037597656,1.987615942955017,-0.9701425164167451,-0.2425355599506707,0
559_21,0,174.0,2.169212579727173,63.4349365234375,0.916245698928833,0.8944270949981175,0.4472137875035032,0
559_258,0,936.0,34.58805465698242,207.8240966796875,17.96910858154297,-0.46675862411827607,-0.8843847504402221,0
559_826,0,1329.0,52.382991790771484,125.97238159179688,30.133447647094727,0.809300231767599,-0.5873952118130606,0
561_186,0,729.0,50.43552017211914,316.70135498046875,26.592025756835938,-0.6858011417319151,0.7277889762830994,0
562_330,1,305.0,22.952119827270508,106.26019287109375,9.604525566101074,0.9600000578475405,-0.2799998016654993,0
562_407,1,1458.0,28.47232437133789,165.5296630859375,13.655369758605957,0.24987874256228917,-0.9682771369889352,0
562_504,1,370.0,17.48932456970215,233.7461700439453,10.739336013793945,-0.8064050761693163,-0.5913635541089416,0
563_339,1,429.0,26.95192527770996,119.98162841796875,11.6661376953125,0.8661856815599986,-0.4997222879364504,0
564_748,0,2279.0,35.042205810546875,52.853302001953125,17.086563110351562,0.7970920290595853,0.6038578452000711,0
566_408,1,1507.0,22.55205535888672,101.76828002929688,10.242733001708984,0.978980451428381,-0.20395410199621747,0
566_414,1,1647.0,27.00322723388672,111.44772338867188,12.587471961975098,0.9307515760113074,-0.3656521622422975,0
566_970,0,4100.0,25.104265213012695,319.3987121582031,17.16505241394043,-0.6507912833030712,0.7592566796391992,1
568_890,0,2908.0,34.58805465698242,332.1759033203125,16.725082397460938,-0.4667586241182764,0.8843847504402219,0
570_402,1,1185.0,32.33029556274414,105.52410888671875,14.94764518737793,0.9635179194864785,-0.26764382830255573,0
577_896,0,2723.0,26.69297218322754,327.3807678222656,12.039934158325195,-0.5390535362850613,0.8422715031500058,1
583_493,1,376.0,38.44935607910156,11.0701904296875,18.48389434814453,0.19201139830391803,0.9813926955716423,0
587_470,0,482.0,34.07090759277344,112.06790161132812,14.787382125854492,0.9267392547880531,-0.3757051418797512,0
587_492,1,349.0,11.52899169921875,41.633544921875,5.180685997009277,0.6643639116888408,0.747409253920168,0
588_407,1,1175.0,25.55824089050293,157.06787109375,11.932940483093262,0.38964044843935575,-0.9209670574673003,0
589_492,1,374.0,33.869510650634766,222.95460510253906,15.408831596374512,-0.6814187015351543,-0.7318938127885385,0
589_493,1,422.0,34.80475997924805,226.97494506835938,17.183828353881836,-0.7310553999230366,-0.68231810927409,0
589_500,0,724.0,29.658536911010742,210.37913513183594,13.849276542663574,-0.5057196370385647,-0.8626978895961102,0
590_414,1,1240.0,34.41748809814453,8.53076171875,16.852298736572266,0.14834038576740396,0.9889363629427212,0
590_952,0,3977.0,50.78614044189453,229.484619140625,27.635635375976562,-0.7602315960582782,-0.6496521533518402,0
590_1117,0,4296.0,36.825775146484375,217.6476287841797,58.1180305480957,-0.6108035668364349,-0.7917821687433285,1
592_410,1,1248.0,27.257366180419922,189.4623260498047,12.603154182434082,-0.1643990534447404,-0.986393912808911,0
592_748,0,1939.0,35.55266189575195,31.4295654296875,16.679994583129883,0.5214500066965991,0.853281835337022,0
593_445,1,338.0,30.236982345581055,234.46234130859375,15.183649063110352,-0.8137336649727892,-0.581237922446525,0
593_593,1,863.0,26.21628189086914,273.9451904296875,11.39200496673584,-0.9976303233787432,0.06880216475681727,0
593_607,0,997.0,29.950288772583008,245.69546508789062,13.668925285339355,-0.9113707027699888,-0.41158649410851267,0
594_452,0,609.0,16.169965744018555,186.7098388671875,7.241853713989258,-0.11684128326504761,-0.9931506001231519,0
594_475,1,337.0,14.134594917297363,312.273681640625,6.454016208648682,-0.7399401598691554,0.6726726988757673,0
594_1271,0,4410.0,16.505674362182617,59.0362548828125,7.1024250984191895,0.8574930282141505,0.5144955845914775,0
595_402,1,1114.0,42.51862716674805,244.855224609375,25.02344512939453,-0.9052370200135469,-0.42490697522751186,0
595_406,1,1140.0,31.38566780090332,271.59112548828125,15.881505966186523,-0.9996144278168803,0.027766809329324873,0
596_477,1,396.0,42.16377639770508,277.5238342285156,23.03191566467285,-0.9913904785559419,0.13093860786116704,0
596_480,1,349.0,14.467668533325195,293.1986083984375,7.258881568908691,-0.9191449070567108,0.39391958548885386,0
596_820,1,885.0,37.042362213134766,9.03948974609375,18.618986129760742,0.15711516840383918,0.9875802872969028,0
597_398,1,1123.0,32.385841369628906,235.88552856445312,14.855684280395508,-0.8279187052671757,-0.5608481233531262,0
597_790,0,1998.0,18.047624588012695,152.10272216796875,8.894442558288574,0.4678878253258056,-0.8837878608081741,0
597_841,0,1919.0,37.283416748046875,57.724365234375,25.52123260498047,0.8454889920265857,0.5339928504782328,1
598_397,1,1122.0,24.518278121948242,195.06849670410156,10.730134963989258,-0.2599736174516603,-0.9656157197504076,0
600_410,1,1251.0,32.52389907836914,50.389312744140625,15.154350280761719,0.7703943320761636,0.6375677008011947,0
600_634,0,1374.0,11.6826171875,325.00799560546875,5.499719142913818,-0.573462118392671,0.8192320786984542,0
601_1438,0,5211.0,4.936678409576416,348.6900634765625,2.2333056926727295,-0.19611620444137426,0.9805806618302796,0
601_1652,0,4867.0,22.619441986083984,153.4349365234375,10.159225463867188,0.44721378750350327,-0.8944270949981175,0
603_1213,0,4348.0,25.375341415405273,0.0,11.477298736572266,0.0,1.0,0
604_398,1,969.0,34.12918472290039,91.43209838867188,16.179548263549805,0.9996876454465248,-0.02499222962409441,0
604_436,1,411.0,29.21662712097168,144.86578369140625,13.888444900512695,0.5754937380554097,-0.8178061857549205,0
604_485,1,385.0,19.906658172607422,190.78431701660156,9.064924240112305,-0.1871124362010687,-0.9823385038869753,0
604_932,0,3842.0,31.725841522216797,279.46234130859375,14.858177185058594,-0.9863938690267597,0.16439931613732303,0
607_142,0,530.0,30.539478302001953,230.82635498046875,13.488907814025879,-0.7752351282981426,-0.6316727759311482,0
607_576,1,1491.0,31.38566780090332,91.59112548828125,13.67885684967041,0.9996144278168803,-0.027766809329324994,0
608_488,1,440.0,33.82723617553711,163.85565185546875,15.993825912475586,0.2780582335327527,-0.9605642189695831,0
609_405,1,1055.0,26.323421478271484,141.95294189453125,12.769562721252441,0.6163084757108782,-0.7875048334879817,0
609_488,1,401.0,33.091392517089844,152.10272216796875,15.933504104614258,0.4678878253258056,-0.8837878608081741,0
610_488,1,395.0,24.518278121948242,158.1986083984375,11.314799308776855,0.371390386531517,-0.9284768068142415,0
610_595,1,1536.0,19.250118255615234,284.0362548828125,8.94565200805664,-0.970142451825584,0.24253581831524249,0
610_1049,0,4086.0,33.33745574951172,55.491485595703125,16.12987518310547,0.8240420090699615,0.5665286994389088,0
611_429,1,445.0,45.942474365234375,269.0608215332031,25.79884147644043,-0.9998656581673301,-0.01639102246999364,0
611_489,1,432.0,32.33029556274414,164.47589111328125,15.919550895690918,0.2676438283025561,-0.9635179194864784,0
611_737,0,794.0,39.88628005981445,197.700439453125,17.480146408081055,-0.30404036773859533,-0.9526591493211933,1
612_489,1,418.0,29.907392501831055,166.37298583984375,13.825187683105469,0.23560035299227539,-0.9718500263260351,0
613_406,1,1013.0,25.204666137695312,149.74356079101562,11.209563255310059,0.503871056360929,-0.8637788829102744,0
613_427,1,416.0,37.90671920776367,135.88140869140625,18.26215171813965,0.6961457772488903,-0.7179004504933386,0
613_715,1,790.0,33.66559600830078,262.6942443847656,16.58647346496582,-0.9918816733817681,-0.1271642481571897,0
614_407,1,995.0,27.717409133911133,91.84759521484375,12.018503189086914,0.9994801228091996,-0.03224103145538832,0
614_699,1,706.0,30.652780532836914,239.0362548828125,15.210458755493164,-0.8574930282141504,-0.5144955845914776,0
614_707,1,746.0,47.090274810791016,262.7630920410156,25.876249313354492,-0.9920337601484407,-0.12597229348450434,0
614_713,1,787.0,28.47232437133789,271.7899169921875,13.39522647857666,-0.9995120726068716,0.03123486374415287,0
614_1649,0,4708.0,24.988758087158203,160.906494140625,11.14328670501709,0.3271107924594597,-0.9449859943176641,0
615_710,1,820.0,49.31969451904297,253.9400177001953,26.310115814208984,-0.9609726076190072,-0.2766435385219139,0
616_401,1,745.0,27.900314331054688,172.6475830078125,13.334259033203125,0.12797198903726617,-0.9917777825812826,0
616_402,1,807.0,24.15616798400879,169.11444091796875,10.436166763305664,0.18884794257510404,-0.9820063414179921,0
616_405,1,903.0,18.650480270385742,107.52557373046875,8.841540336608887,0.9535826369805068,-0.30113145709025974,0
616_406,1,893.0,31.65836524963379,74.05459594726562,13.921295166015625,0.9615239085546037,0.2747212646991093,0
616_490,1,415.0,32.52389907836914,129.61068725585938,14.61185073852539,0.7703943320761635,-0.6375677008011948,0
616_683,1,608.0,56.202972412109375,240.8192138671875,36.528358459472656,-0.8730856296005496,-0.48756690144534215,0
616_692,1,739.0,42.16377639770508,277.5238342285156,22.344663619995117,-0.9913904785559419,0.13093860786116704,0
617_665,1,710.0,36.705745697021484,291.31793212890625,17.26553726196289,-0.9315774935146327,0.36354280845176185,0
617_1559,0,4707.0,8.668338775634766,180.0,4.055174827575684,1.2246467991473532e-16,-1.0,0
618_403,1,822.0,28.47232437133789,165.5296630859375,13.00522232055664,0.24987874256228917,-0.9682771369889352,0
619_667,1,757.0,30.937742233276367,317.2906188964844,15.7346830368042,-0.6782799891847915,0.7348035494412634,0
619_724,1,876.0,29.28367042541504,244.98312377929688,13.915973663330078,-0.9061832673676483,-0.42288519239019606,0
620_413,0,515.0,48.929710388183594,8.48895263671875,32.573944091796875,0.1476187134031619,0.9890443445332444,0
621_427,1,317.0,28.283851623535156,208.17860412597656,15.07348346710205,-0.4722216281480166,-0.8814798545112851,0
622_738,1,906.0,29.950288772583008,268.3153076171875,14.540704727172852,-0.999567750326152,-0.02939919230039183,0
623_426,1,357.0,40.604793548583984,217.77569580078125,20.82970428466797,-0.6125718240109013,-0.7904149292795256,0
623_1379,0,5926.0,25.26175880432129,338.9624938964844,11.438509941101074,-0.35897899913124315,0.933345637040604,0
624_377,0,566.0,46.3966178894043,280.22216796875,26.297443389892578,-0.9841270195044873,0.17746551631574625,0
625_402,1,611.0,36.33291244506836,61.073577880859375,17.85123634338379,0.8752415668103785,0.48368605492334993,0
626_401,1,584.0,36.726993560791016,50.52752685546875,17.291259765625,0.7719300880933744,0.6357074319969488,0
626_498,1,484.0,39.605770111083984,112.89056396484375,19.55492401123047,0.9212494778502457,-0.3889722349482667,0
626_499,1,503.0,29.025177001953125,121.26373291015625,14.080018043518066,0.8547875042093537,-0.5189781523797935,0
626_533,0,1290.0,7.776834964752197,172.875,3.3333332538604736,0.12403445145048526,-0.992277912105967,0
626_711,1,1279.0,26.99041748046875,273.8140869140625,12.849556922912598,-0.9977851438322642,0.06651922088860998,0
626_712,1,1268.0,32.82360076904297,293.1986083984375,15.231546401977539,-0.9191449070567108,0.39391958548885386,0
627_713,1,1300.0,24.637191772460938,274.23638916015625,9.986411094665527,-0.9972677617269646,0.07387158736679508,0
627_758,1,883.0,27.345394134521484,238.3925018310547,11.97012710571289,-0.8516583540005578,-0.5240973650583074,0
627_762,1,900.0,26.64068603515625,281.6893615722656,12.148261070251465,-0.9792604463929414,0.20260547408768895,0
627_1306,0,5617.0,11.644421577453613,170.53765869140625,4.9913506507873535,0.16439931613732334,-0.9863938690267597,0
628_762,1,955.0,28.00908851623535,307.2348327636719,13.112994194030762,-0.7961622069850026,0.6050832506100048,0
628_1374,0,6305.0,42.70737075805664,317.2311706542969,23.990737915039062,-0.6790420322744583,0.7340993927286507,0
629_760,1,1014.0,37.90671920776367,225.88140869140625,17.29982566833496,-0.7179004504933385,-0.6961457772488903,0
629_1017,0,3509.0,21.932117462158203,67.7509765625,10.446808815002441,0.9255469576576217,0.37863284217130533,0
630_759,1,968.0,34.327430725097656,187.12503051757812,15.570627212524414,-0.12403497996965296,-0.9922778460410813,0
631_766,1,1057.0,16.7833251953125,231.8427734375,7.4833149909973145,-0.7863183390905859,-0.6178215515906048,0
633_506,1,528.0,19.582035064697266,90.0,8.313309669494629,1.0,6.123233995736766e-17,0
634_1356,0,5979.0,47.09381866455078,123.43984985351562,189.55319213867188,0.8344647958786531,-0.5510612528922696,1
635_505,1,528.0,34.68472671508789,201.54098510742188,16.216894149780273,-0.36716668391086893,-0.9301551624465114,0
636_425,1,351.0,42.13882064819336,128.1572265625,20.97087860107422,0.7863183390905863,-0.6178215515906043,0
636_522,1,1188.0,45.43338394165039,205.70997619628906,22.765037536621094,-0.4338159712662456,-0.9010015000399966,0
636_783,1,1247.0,22.952119827270508,343.73980712890625,10.055401802062988,-0.27999980166549915,0.9600000578475405,0
637_791,1,1246.0,24.50335121154785,311.9872131347656,11.618417739868164,-0.7432941387870301,0.6689647399114899,0
638_800,1,1335.0,30.289533615112305,330.4612121582031,15.3317232131958,-0.49301265674578765,0.8700221378151594,0
638_1057,1,2808.0,37.433082580566406,65.13629150390625,18.26958656311035,0.9073105190278243,0.42046120161253875,0
638_1523,0,4789.0,4.3322248458862305,26.5650634765625,2.0061633586883545,0.4472137875035031,0.8944270949981176,0
639_392,0,419.0,34.120872497558594,270.0,16.131404876708984,-1.0,-1.8369701987210297e-16,0
639_1053,1,2796.0,31.306921005249023,77.125,15.14946174621582,0.9748585126372411,0.22282477496612915,0
639_1151,0,3630.0,30.45658302307129,131.4964599609375,13.990297317504883,0.7489966595626079,-0.6625737724691907,0
640_1048,1,2768.0,27.7541561126709,93.69137573242188,13.11864185333252,0.997925320490718,-0.06438209940268969,0
641_800,1,1326.0,32.22797393798828,30.69970703125,17.185264587402344,0.5105385212487148,0.8598548821290576,0
641_823,0,1689.0,30.508438110351562,198.43495178222656,21.587032318115234,-0.3162278150159579,-0.9486832817174724,1
642_642,1,1843.0,39.717411041259766,110.28253173828125,21.059585571289062,0.9379946643054463,-0.34664969311181154,0
642_646,1,1802.0,29.907392501831055,346.3730163574219,13.101691246032715,-0.23559983535360712,0.9718501518142358,0
643_643,1,1801.0,42.238399505615234,126.65609741210938,23.027088165283203,0.8022333359320439,-0.5970106152484597,0
643_681,1,1506.0,38.31543731689453,210.96376037597656,18.797819137573242,-0.5144958129556659,-0.8574928911956579,0
644_509,1,605.0,36.33291244506836,151.07357788085938,18.708946228027344,0.48368605492335015,-0.8752415668103782,0
644_1042,1,2744.0,40.86783218383789,66.94869995117188,20.74060821533203,0.9201546415580001,0.3915551501631263,0
645_138,0,467.0,6.115067958831787,341.5650634765625,3.6345393657684326,-0.3162275623663062,0.948683365934,0
645_173,0,617.0,26.216283798217773,220.81509399414062,11.195236206054688,-0.6536200040119144,-0.7568228923304744,0
645_510,1,635.0,41.16377258300781,144.46231079101562,21.0718936920166,0.5812383558672092,-0.81373335538663,0
645_637,1,1704.0,33.33745574951172,55.491485595703125,16.18031120300293,0.8240420090699615,0.5665286994389088,0
645_642,1,1624.0,32.958045959472656,123.27487182617188,15.249366760253906,0.8360480655701468,-0.5486562057030027,0
645_1029,1,2737.0,25.999876022338867,110.3231201171875,12.293729782104492,0.9377488620309973,-0.34731408229377875,0
645_1032,1,2682.0,34.41748809814453,8.53076171875,16.511125564575195,0.14834038576740396,0.9889363629427212,0
647_542,1,1535.0,23.770061492919922,112.619873046875,10.712862968444824,0.9230768687110181,-0.3846155150935305,0
647_1034,1,2635.0,27.257366180419922,133.66778564453125,12.212118148803711,0.7233554778819261,-0.6904758160994564,0
648_1030,1,2675.0,27.55723762512207,103.134033203125,13.880441665649414,0.9738411665263854,-0.22722980081522956,0
649_1368,0,5825.0,41.553062438964844,135.0,39.16736602783203,0.7071067811865476,-0.7071067811865475,1
650_513,1,647.0,36.311134338378906,154.02557373046875,19.458091735839844,0.43796993018878705,-0.8989896218813813,0
650_1051,0,3118.0,31.26740264892578,247.01129150390625,15.340578079223633,-0.9205818384920159,-0.3905497134023529,0
651_1624,0,4846.0,19.165952682495117,136.97491455078125,8.247708320617676,0.6823184986576523,-0.731055036498325,0
652_418,0,687.0,46.50788497924805,315.0,24.927053451538086,-0.7071067811865477,0.7071067811865474,0
652_515,1,629.0,35.83941650390625,140.7105712890625,17.468137741088867,0.6332380853881592,-0.7739570577324936,0
652_1018,1,2612.0,38.44935607910156,123.6900634765625,19.726526260375977,0.8320503335416467,-0.5547001374195202,0
654_952,0,3368.0,26.95192527770996,119.98162841796875,11.065462112426758,0.8661856815599986,-0.4997222879364504,0
655_512,1,689.0,37.90671920776367,315.88140869140625,17.907167434692383,-0.6961457772488904,0.7179004504933385,0
655_1178,0,4499.0,18.931962966918945,57.094757080078125,8.225224494934082,0.8395701571812217,0.5432512781123471,0
656_324,0,1092.0,25.204666137695312,149.74356079101562,11.35727310180664,0.503871056360929,-0.8637788829102744,0
656_1008,1,2508.0,36.705745697021484,88.69805908203125,18.455820083618164,0.999741840206369,0.022721200249608883,0
657_85,0,178.0,2.169212579727173,296.5650634765625,0.9938079714775085,-0.8944270949981173,0.4472137875035034,0
657_1007,1,2450.0,35.221920013427734,30.256439208984375,17.3532657623291,0.503871056360929,0.8637788829102744,0
658_575,1,1279.0,23.35834312438965,64.44003295898438,11.789301872253418,0.9021342075600354,0.431455526734827,0
659_576,1,1225.0,14.134594917297363,137.726318359375,5.69600248336792,0.6726726988757672,-0.7399401598691555,0
659_1047,0,3512.0,23.148408889770508,213.69007873535156,10.870732307434082,-0.5547003590079079,-0.8320501858160348,0
660_520,1,605.0,4.110692024230957,135.0,4.653420448303223,0.7071067811865476,-0.7071067811865475,0
660_577,1,1248.0,28.877262115478516,132.51043701171875,13.219887733459473,0.7371542589186321,-0.6757244990068974,0
660_681,0,1564.0,19.663860321044922,148.5704345703125,7.557189464569092,0.5214500066965992,-0.8532818353370218,0
660_1004,1,2437.0,42.64955139160156,32.228759765625,21.715330123901367,0.5333009577838478,0.8459255809034448,0
661_579,1,1290.0,22.12417221069336,180.0,10.268013000488281,1.2246467991473532e-16,-1.0,0
661_798,1,1421.0,28.14106559753418,349.0459289550781,12.844751358032227,-0.1900220505284091,0.9817798227265514,0
661_1004,1,2391.0,29.059127807617188,37.568603515625,13.551911354064941,0.6097109197568691,0.792623866868285,0
661_1267,0,4707.0,30.99817657470703,310.42608642578125,14.563611030578613,-0.7612431435011173,0.6484665577133005,0
662_496,0,1731.0,33.89481735229492,326.3099365234375,16.113792419433594,-0.5547001374195201,0.8320503335416467,0
662_798,1,1423.0,26.73207664489746,19.65380859375,12.398724555969238,0.33633614281916807,0.9417420023730089,0
663_192,0,1039.0,39.55851745605469,331.8583984375,20.530614852905273,-0.4716522554195429,0.8817846392162081,0
663_798,1,1398.0,23.785686492919922,357.7973937988281,10.863916397094727,-0.0384332623116421,0.9992611692385952,0
664_436,1,455.0,29.907392501831055,193.62701416015625,13.668925285339355,-0.23560035299227558,-0.9718500263260351,0
664_518,1,660.0,23.470243453979492,249.4439697265625,10.69902515411377,-0.9363292691628832,-0.3511231973380585,0
664_552,0,1621.0,20.125797271728516,123.6900634765625,9.368979454040527,0.8320503335416467,-0.5547001374195202,0
665_191,0,1117.0,18.584735870361328,319.08563232421875,8.28802490234375,-0.6549303334007033,0.7556892604712889,0
665_436,1,469.0,18.047624588012695,188.97262573242188,8.432740211486816,-0.15596255825940067,-0.987762967731218,0
665_797,1,1484.0,25.50218391418457,6.115509033203125,11.659786224365234,0.10653321850698273,0.9943091437548703,0
665_1000,1,2335.0,31.26740264892578,22.98870849609375,15.246129035949707,0.39054971340235295,0.9205818384920158,0
666_786,0,1917.0,30.99817657470703,310.42608642578125,14.672557830810547,-0.7612431435011173,0.6484665577133005,0
666_1210,0,4718.0,21.558727264404297,149.0362548828125,10.466878890991211,0.5144955845914775,-0.8574930282141504,0
667_826,1,2014.0,42.745792388916016,243.90457153320312,24.93596839904785,-0.8980626749032982,-0.4398675163563831,0
668_1439,0,5532.0,33.528236389160156,57.52880859375,15.42805004119873,0.8436614960210119,0.5368754791677378,0
670_680,1,1669.0,26.256542205810547,105.94537353515625,10.678234100341797,0.9615240548798639,-0.27472075256045825,0
670_1073,0,4202.0,26.73207664489746,227.726318359375,11.525601387023926,-0.7399401598691555,-0.6726726988757672,0
674_841,1,1936.0,33.091392517089844,81.02737426757812,49.78238296508789,0.9877629677312179,0.15596255825940084,1
675_428,0,558.0,20.840290069580078,327.724365234375,9.416297912597656,-0.5339928504782325,0.8454889920265858,0
675_1528,0,4847.0,1.9403883218765259,270.0,0.9938080310821533,-1.0,-1.8369701987210297e-16,0
676_677,0,1415.0,55.69976806640625,202.41615295410156,33.64337158203125,-0.38133101128536045,-0.9244385646607807,0
677_766,0,2451.0,47.17502975463867,202.135498046875,25.929153442382812,-0.37679822893192155,-0.9262953603866141,0
677_822,0,1425.0,33.1796989440918,106.55706787109375,16.194040298461914,0.9585363737094897,-0.2849702094533065,0
678_841,1,1837.0,28.79706573486328,236.3099365234375,14.788217544555664,-0.8320503335416463,-0.5547001374195207,0
678_1443,0,5556.0,18.024797439575195,38.659820556640625,7.902179718017578,0.6246952152225709,0.7808686753084835,0
679_840,1,1858.0,33.75087356567383,239.53445434570312,15.311578750610352,-0.8619342086550718,-0.5070201376179799,0
679_1526,0,4880.0,9.661434173583984,354.2893981933594,4.422166347503662,-0.09950386957515346,0.9950371751545621,0
681_836,1,1817.0,49.028289794921875,206.18812561035156,26.63655662536621,-0.4413198890301996,-0.8973498512544438,0
681_945,0,2652.0,28.565763473510742,5.3558349609375,13.384161949157715,0.09334088104051926,0.9956342099016986,0
681_1322,0,4636.0,5.473633289337158,135.0,2.054804801940918,0.7071067811865476,-0.7071067811865475,0
682_700,1,1649.0,17.65447235107422,154.798828125,7.62711238861084,0.4257977979735448,-0.9048183437800542,0
682_830,1,1646.0,8.290763854980469,215.53768920898438,28.85550308227539,-0.581238355867209,-0.8137333553866302,1
682_832,1,1638.0,19.47911262512207,253.30076599121094,16.93415069580078,-0.9578263365022415,-0.28734771462932307,0
682_889,0,3849.0,54.28141784667969,235.92282104492188,32.01874542236328,-0.8282835727745906,-0.5603091317047755,1
683_833,1,1748.0,35.35348892211914,236.68936157226562,16.253395080566406,-0.8357054068251346,-0.5491779975592942,0
683_1168,0,4625.0,32.895442962646484,135.0,17.224014282226562,0.7071067811865476,-0.7071067811865475,1
684_539,0,1221.0,20.516202926635742,95.19442749023438,11.435272216796875,0.9958932087075624,-0.09053572140407118,0
685_800,1,1466.0,21.157608032226562,293.1986083984375,8.931840896606445,-0.9191449070567108,0.39391958548885386,0
685_1307,0,4785.0,8.615472793579102,206.56504821777344,4.027682304382324,-0.44721354930314333,-0.8944272140983217,0
686_1225,0,5021.0,44.27531433105469,7.98931884765625,86.9988784790039,0.13898849150554138,0.9902939963611888,1
688_812,1,1520.0,38.41757583618164,250.01690673828125,18.457826614379883,-0.9397935025793149,-0.34174284558671175,0
688_1274,0,4818.0,12.560628890991211,171.25384521484375,5.328701496124268,0.152057055266263,-0.9883717174948667,0
688_1556,0,4754.0,5.212227821350098,291.8014221191406,2.2166595458984375,-0.9284766089996247,0.3713908810681249,0
688_1616,0,5071.0,25.71140480041504,219.28941345214844,11.775680541992188,-0.6332378792709042,-0.7739572263739694,0
689_462,1,1382.0,26.81000518798828,283.5704345703125,12.558996200561523,-0.9720822078150472,0.23464053624517514,0
690_463,1,1438.0,43.0167121887207,273.12213134765625,22.900753021240234,-0.9985157070891647,0.054464508592527404,0
690_466,1,1458.0,25.614105224609375,237.99462890625,11.897712707519531,-0.8479984160653979,-0.5299987607066419,0
690_552,1,863.0,23.148408889770508,56.3099365234375,9.589088439941406,0.8320503335416465,0.5547001374195204,0
690_1038,0,3786.0,44.69700622558594,321.9529724121094,22.113065719604492,-0.6163080562603449,0.7875051617536203,0
691_75,0,172.0,2.743075370788574,225.0,0.7856742143630981,-0.7071067811865475,-0.7071067811865477,0
691_421,0,1163.0,25.73910140991211,341.5650634765625,11.22607135772705,-0.3162275623663062,0.948683365934,0
691_453,1,1274.0,28.37835693359375,138.8140869140625,13.3370361328125,0.6585044492014067,-0.7525768335405707,0
692_978,1,2198.0,30.25802230834961,244.17901611328125,15.036580085754395,-0.9001593128962312,-0.43556080104410794,0
693_857,0,3081.0,31.028308868408203,260.2724304199219,13.97616958618164,-0.9856222812694623,-0.16896366078296526,0
694_455,1,1179.0,42.97426223754883,126.86990356445312,23.13246726989746,0.7999999380204661,-0.6000000826393697,0
694_1647,0,5099.0,27.9366512298584,26.5650634765625,12.909944534301758,0.4472137875035031,0.8944270949981176,0
695_815,1,1453.0,29.821256637573242,325.8403015136719,13.549179077148438,-0.5615014752489527,0.82747573577311,0
697_813,1,1579.0,37.64830780029297,8.841827392578125,18.547237396240234,0.15370722758773772,0.9881164345294998,0
698_299,0,1757.0,18.540739059448242,135.0,7.656192779541016,0.7071067811865476,-0.7071067811865475,0
698_438,1,473.0,42.64955139160156,147.771240234375,19.843833923339844,0.5333009577838477,-0.8459255809034449,0
698_814,1,1465.0,48.79296112060547,32.275634765625,26.800128936767578,0.5339928504782328,0.8454889920265856,0
698_962,1,2077.0,28.00908851623535,189.16236877441406,13.155292510986328,-0.1592328132231907,-0.9872410603257081,0
699_342,0,1699.0,14.256766319274902,270.0,6.291283130645752,-1.0,-1.8369701987210297e-16,0
699_439,1,442.0,28.945697784423828,130.0302734375,13.851950645446777,0.7657047057690015,-0.6431922757334751,0
699_780,0,2683.0,13.728771209716797,33.6900634765625,5.915036201477051,0.5547001374195203,0.8320503335416466,0
699_813,1,1483.0,43.01200485229492,29.357757568359375,21.674358367919922,0.4902613008689474,0.8715755026790779,0
699_834,1,1752.0,32.913352966308594,83.99099731445312,15.214210510253906,0.9945054588995609,0.10468472772555623,1
700_491,1,1213.0,18.715927124023438,126.86990356445312,8.464887619018555,0.7999999380204661,-0.6000000826393697,0
700_541,1,838.0,15.609001159667969,284.0362548828125,7.248669147491455,-0.970142451825584,0.24253581831524249,0
700_614,1,1254.0,23.45430564880371,321.3401794433594,11.288582801818848,-0.624695215222571,0.7808686753084834,0
700_713,1,1793.0,21.63054847717285,70.01687622070312,10.93188762664795,0.9397933205559319,0.3417433461509608,0
700_812,1,1495.0,57.1783447265625,33.863677978515625,36.2862434387207,0.5572188198953754,0.8303656945914886,0
702_453,1,980.0,32.21863555908203,143.74615478515625,15.14212417602539,0.5913637688675829,-0.8064049186796469,0
702_951,1,1936.0,17.93312644958496,83.99099731445312,4.0757293701171875,0.9945054588995609,0.10468472772555623,1
702_1183,0,4626.0,27.00322723388672,344.5778503417969,11.803954124450684,-0.26592880193910284,0.9639926723265242,0
703_492,1,1229.0,20.086191177368164,193.3925018310547,9.130061149597168,-0.231620596533237,-0.9728061982026982,0
703_654,0,1459.0,17.93312644958496,42.87890625,9.162457466125488,0.680451133217175,0.7327934601942504,0
703_817,1,1415.0,46.122100830078125,257.7748718261719,23.343385696411133,-0.9773231197069808,-0.21175344078955252,0
703_1649,0,4937.0,9.614384651184082,36.869903564453125,4.163331985473633,0.6000000826393695,0.7999999380204662,0
704_489,1,1232.0,36.613346099853516,223.15240478515625,17.027936935424805,-0.6839413205249945,-0.7295370244741022,0
705_442,1,487.0,28.295692443847656,155.85443115234375,13.800161361694336,0.40905633230681804,-0.9125091325568715,0
705_813,1,1536.0,43.8187141418457,249.32559204101562,23.564462661743164,-0.9356018224841383,-0.35305697807062103,0
705_835,1,1753.0,42.52836227416992,184.2364044189453,21.312490463256836,-0.07387185295526262,-0.9972677420537356,0
706_75,0,151.0,3.876335859298706,0.0,1.8257418870925903,0.0,1.0,0
706_819,1,1488.0,68.5366439819336,311.76031494140625,52.90896224975586,-0.7459374845025305,0.6660159676869895,0
707_586,0,1405.0,30.11017608642578,276.7098388671875,14.62114143371582,-0.9931506001231519,0.11684128326504754,0
707_821,1,1409.0,26.81000518798828,283.5704345703125,15.611802101135254,-0.9720822078150472,0.23464053624517514,0
707_938,1,1870.0,13.242568969726562,239.74356079101562,5.377134799957275,-0.8637788829102744,-0.503871056360929,0
708_52,0,139.0,2.169212579727173,116.56503295898438,1.0304020643234253,0.8944273331984621,-0.4472133111027523,0
708_495,1,1373.0,17.274070739746094,150.64224243164062,8.075263023376465,0.49026130086894737,-0.871575502679078,0
709_331,0,1579.0,33.485069274902344,219.8055877685547,16.12068748474121,-0.6401846232599875,-0.768221093267731,0
710_465,1,808.0,24.443510055541992,63.4349365234375,10.908145904541016,0.8944270949981175,0.4472137875035032,0
710_704,1,1520.0,30.32098388671875,259.9920349121094,13.942562103271484,-0.9847836034459614,-0.17378508101671844,0
712_482,0,920.0,15.852359771728516,107.35400390625,7.071067810058594,0.9544800859529333,-0.2982746477984361,0
712_713,1,1577.0,28.390134811401367,212.19573974609375,12.965290069580078,-0.5328133555176073,-0.8462327860477091,0
713_669,1,1615.0,40.959922790527344,174.400634765625,20.238088607788086,0.09757187387746939,-0.9952284810173185,0
713_1038,0,3934.0,42.57210159301758,157.21759033203125,20.82436752319336,0.38723254771564963,-0.9219820789959244,0
714_190,0,347.0,14.850044250488281,243.43496704101562,7.211102485656738,-0.894427333198462,-0.44721331110275253,0
714_915,1,1793.0,35.438053131103516,38.23382568359375,17.2159481048584,0.61887223354249,0.7854916667604627,1
714_917,1,1842.0,62.36484146118164,83.37921142578125,61.25130081176758,0.9933309976760002,0.11529756743315102,1
715_692,1,1405.0,25.600154876708984,188.13011169433594,12.901334762573242,-0.14142151761579816,-0.9899494706070833,0
715_926,1,1863.0,45.00022888183594,243.86900329589844,23.991252899169922,-0.8977894396665619,-0.44042493347130207,0
716_753,0,3293.0,23.197101593017578,198.43495178222656,11.333333015441895,-0.3162278150159579,-0.9486832817174724,0
717_222,0,747.0,20.458284378051758,309.47247314453125,9.882019996643066,-0.7719300880933746,0.6357074319969486,0
717_641,1,1883.0,32.66988754272461,347.7995300292969,14.86316204071045,-0.21133281373749302,0.977414160853931,0
718_841,1,1747.0,38.83201217651367,171.52880859375,18.74454689025879,0.14731211052948767,-0.9890900576243541,0
719_841,1,1770.0,33.691226959228516,207.21612548828125,15.312385559082031,-0.4573482288433938,-0.8892876911179028,0
719_913,1,1739.0,11.644421577453613,80.53765869140625,5.04302453994751,0.9863938690267597,0.16439931613732325,0
719_1244,0,4924.0,7.3510026931762695,113.19857788085938,2.8674418926239014,0.919145116870843,-0.3939190959226073,0
720_667,1,1609.0,30.74491310119629,199.9831085205078,13.811785697937012,-0.3417430958688484,-0.9397934115676567,0
720_691,1,1426.0,44.00043487548828,164.744873046875,23.088130950927734,0.2631175447092558,-0.9647637833512267,0
721_483,1,1231.0,40.84608459472656,235.3758544921875,20.91664695739746,-0.8228969955273863,-0.5681905796051188,0
721_602,1,1795.0,14.467668533325195,113.19857788085938,6.124228477478027,0.919145116870843,-0.3939190959226073,0
721_691,1,1416.0,30.826383590698242,173.48016357421875,14.452988624572754,0.11354719242446305,-0.9935326039403649,0
721_1282,0,4912.0,10.383092880249023,146.3099365234375,4.613453388214111,0.5547001374195203,-0.8320503335416466,0
722_666,1,1588.0,26.73207664489746,227.726318359375,11.832159996032715,-0.7399401598691555,-0.6726726988757672,0
722_691,1,1372.0,32.77854537963867,91.5074462890625,13.497140884399414,0.9996539145179728,-0.026306865812815338,0
723_1336,0,5449.0,50.3359375,259.4792175292969,26.70829963684082,-0.9831887419503701,-0.18259216221417773,0
724_645,1,1820.0,38.92469787597656,9.659881591796875,18.97236442565918,0.1677991504111442,0.9858212034244842,0
724_665,1,1619.0,38.83201217651367,188.47116088867188,18.710926055908203,-0.14731158370823544,-0.9890901360873899,0
725_685,1,1391.0,22.81989288330078,319.89910888671875,10.477489471435547,-0.6441355263995279,0.7649113828607881,0
725_830,1,1313.0,36.65605926513672,41.308624267578125,17.25623893737793,0.6601147421620771,0.7511647803114138,0
726_607,1,2005.0,26.283327102661133,202.16635131835938,11.512741088867188,-0.37729697615182467,-0.9260923235761591,0
726_685,1,1413.0,19.663860321044922,354.5596618652344,8.261168479919434,-0.09480919867883554,0.9954954624938664,0
727_445,1,573.0,36.15787124633789,315.939208984375,17.932659149169922,-0.6954212012758855,0.7186023607086219,0
727_501,1,1478.0,30.035755157470703,238.1725616455078,14.016745567321777,-0.8496402418768585,-0.5273627398512654,0
728_350,0,1779.0,35.55266189575195,328.5704345703125,16.642946243286133,-0.5214500066965994,0.8532818353370218,0
728_606,1,1989.0,28.979808807373047,156.5712890625,13.666214942932129,0.39760772795480515,-0.9175554995043176,0
729_645,1,1854.0,39.463584899902344,323.36590576171875,20.35123634338379,-0.5967024913067523,0.8024625454613536,0
730_648,1,1827.0,47.115047454833984,257.275634765625,25.333820343017578,-0.97544096535887,-0.2202610340022848,0
731_651,1,1736.0,33.20610046386719,280.4374694824219,16.475194931030273,-0.9834532071451865,0.18116232874371774,0
732_654,1,1747.0,12.974687576293945,17.10272216796875,7.19739294052124,0.2940857353853083,0.9557790436303165,0
732_689,0,1556.0,40.51609802246094,346.2392272949219,21.024383544921875,-0.23786851905648201,0.971297363139567,0
732_833,1,1354.0,27.295150756835938,336.8014221191406,13.2581205368042,-0.3939190959226076,0.9191451168708429,0
733_1560,0,4984.0,8.290763854980469,324.4623107910156,3.359159231185913,-0.5812383558672088,0.8137333553866303,0
734_444,1,596.0,31.415102005004883,3.179840087890625,14.835725784301758,0.05547019332954265,0.9984603435550072,0
734_749,0,2721.0,47.56034469604492,196.18922424316406,30.863094329833984,-0.2788104963332481,-0.9603461392302297,1
736_445,1,575.0,31.473814010620117,345.5792236328125,14.21267032623291,-0.24904109457213522,0.9684929185153152,0
736_487,1,1498.0,35.77946853637695,150.42214965820312,17.96292495727539,0.49360569645227276,-0.8696858147801807,0
736_1158,0,5435.0,34.46640396118164,105.75115966796875,16.223743438720703,0.9624497422952115,-0.27145992992683254,0
738_651,1,1706.0,33.17089080810547,31.218414306640625,14.988884925842285,0.5183018883738245,0.8551977271415819,0
738_654,1,1655.0,24.15616798400879,280.8855285644531,10.32556438446045,-0.9820064420043514,0.18884741952686177,0
738_836,1,1330.0,40.604793548583984,322.22430419921875,20.19350814819336,-0.6125718240109012,0.7904149292795256,0
739_651,1,1681.0,16.091279983520508,310.2363586425781,8.53460693359375,-0.7633862816115021,0.6459422459069885,0
739_652,1,1657.0,39.903648376464844,263.0189514160156,20.602048873901367,-0.9925864074112437,-0.12154103760640077,0
739_864,0,2025.0,33.869510650634766,137.04541015625,14.885571479797363,0.6814185066200178,-0.7318939942612898,0
740_137,0,203.0,2.169212579727173,116.56503295898438,1.0304020643234253,0.8944273331984621,-0.4472133111027523,0
740_449,1,582.0,31.54204750061035,309.4006652832031,14.692737579345703,-0.7727262033465796,0.6347394856644578,0
740_937,0,3687.0,35.065757751464844,109.746826171875,38.56538391113281,0.9411947322868025,-0.3378645822153812,1
741_64,0,151.0,1.9403883218765259,90.0,0.6666666865348816,1.0,6.123233995736766e-17,0
741_276,0,1362.0,20.971752166748047,135.0,9.370296478271484,0.7071067811865476,-0.7071067811865475,0
741_837,1,1326.0,30.826383590698242,353.4801940917969,15.070206642150879,-0.1135466632369727,0.9935326644191169,0
742_554,1,1475.0,25.876869201660156,192.0947723388672,12.081002235412598,-0.20952934918772453,-0.9778023582651908,0
742_839,1,1369.0,36.17985534667969,193.3925018310547,18.080751419067383,-0.231620596533237,-0.9728061982026982,0
743_450,1,614.0,42.29783248901367,294.1791076660156,21.60761260986328,-0.912269529871953,0.4095904111026111,0
744_844,1,1766.0,51.4545783996582,211.75949096679688,29.635231018066406,-0.5263547761041277,-0.8502650467191825,0
745_561,0,1802.0,33.75087356567383,239.53445434570312,15.477581977844238,-0.8619342086550718,-0.5070201376179799,0
745_976,0,3316.0,51.352439880371094,351.43084716796875,30.04441261291504,-0.14900299054325633,0.9888367452765731,0
746_490,1,1474.0,42.860469818115234,158.5870361328125,21.01322364807129,0.3650874377017301,-0.9309732342191076,0
747_866,1,1627.0,38.34103775024414,136.73568725585938,20.559459686279297,0.6853649192993834,-0.7281997853568414,0
747_903,1,1650.0,27.717409133911133,178.15234375,13.508113861083984,0.032242096165999524,-0.9994800884634083,0
748_455,1,640.0,37.45338439941406,324.9041748046875,19.97220230102539,-0.5749456367843926,0.8181916124860907,0
748_594,1,1388.0,18.8243465423584,26.5650634765625,8.305880546569824,0.4472137875035031,0.8944270949981176,0
749_593,1,1404.0,24.592700958251953,2.12109375,10.952197074890137,0.03701161434857352,0.9993148354764441,0
749_859,1,1477.0,16.981739044189453,93.1798095703125,7.529366493225098,0.9984603731000777,-0.05546966151738733,0
749_883,1,1698.0,35.19081115722656,65.89776611328125,15.641824722290039,0.9128182562742555,0.4083660502691519,0
750_433,0,1242.0,22.296733856201172,231.70985412597656,9.933110237121582,-0.7848829528270438,-0.6196440513403647,0
750_841,1,1382.0,44.22335433959961,121.47683715820312,23.39093589782715,0.8528513240469849,-0.5221538270196865,0
750_843,1,1503.0,53.02430725097656,84.14398193359375,30.06946563720703,0.9947814306315954,0.10202894329824445,0
750_850,1,1379.0,34.28632354736328,243.43496704101562,15.25665283203125,-0.894427333198462,-0.44721331110275253,0
750_866,1,1432.0,21.57671546936035,99.86578369140625,6.533566951751709,0.9852118243529844,-0.171340774934235,1
750_906,1,1691.0,38.94316482543945,146.97613525390625,19.148542404174805,0.5449883094793404,-0.8384436430260835,0
751_60,0,147.0,0.9704723954200745,90.0,0.6285393834114075,1.0,6.123233995736766e-17,0
751_145,0,216.0,0.0,0.0,0.31426969170570374,0.0,1.0,0
752_443,1,1127.0,36.13585662841797,273.99090576171875,17.990394592285156,-0.9975751097482537,0.06959813510978233,0
752_908,1,1749.0,34.652565002441406,143.97262573242188,16.2305908203125,0.5881717101312689,-0.8087360752441173,0
753_473,1,997.0,19.6025333404541,244.65383911132812,8.761588096618652,-0.9037379513642944,-0.42808610730070223,0
754_633,1,2329.0,32.77854537963867,206.56504821777344,16.50663948059082,-0.44721354930314333,-0.8944272140983217,0
758_453,1,764.0,44.583213806152344,335.6375427246094,22.99167823791504,-0.41250762103966865,0.9109541495510041,0
758_473,1,1199.0,38.24483108520508,331.78265380859375,18.435739517211914,-0.4728175562009158,0.881160347807477,0
760_455,1,706.0,24.095012664794922,24.623565673828125,11.713661193847656,0.4166547245770534,0.9090648164391909,0
760_507,1,1416.0,22.55205535888672,258.2317199707031,10.913804054260254,-0.9789804514283809,-0.20395410199621772,0
760_513,1,1638.0,20.840290069580078,147.724365234375,8.881941795349121,0.5339928504782328,-0.8454889920265856,0
760_1007,0,4449.0,19.906658172607422,169.2156982421875,8.869422912597656,0.18711217458849408,-0.9823385537179964,0
761_541,0,1930.0,32.99371337890625,285.1240234375,15.383974075317383,-0.9653633195803909,0.26090929689976183,0
762_449,1,1042.0,39.717411041259766,339.7174377441406,20.192285537719727,-0.34665019271794084,0.9379944796685183,0
765_413,0,963.0,5.473633289337158,135.0,2.6988794803619385,0.7071067811865476,-0.7071067811865475,0
765_1047,0,4414.0,25.218955993652344,322.3057556152344,10.984837532043457,-0.6114475551864711,0.7912849595793461,0
766_129,0,212.0,3.4950809478759766,326.3099365234375,1.49071204662323,-0.5547001374195201,0.8320503335416467,0
767_452,1,1016.0,31.65836524963379,339.07550048828125,14.197026252746582,-0.3571374298603006,0.9340518487711369,0
768_452,1,1020.0,30.205371856689453,351.6341247558594,14.482003211975098,-0.14549380262548525,0.98935916299268,0
770_182,0,296.0,2.743075370788574,135.0,1.4229165315628052,0.7071067811865476,-0.7071067811865475,0
771_992,0,3647.0,23.017824172973633,336.5014343261719,10.228259086608887,-0.39872611138045383,0.917070056268016,0
772_208,0,606.0,18.024797439575195,141.34017944335938,7.861454486846924,0.6246952152225709,-0.7808686753084835,0
774_458,1,768.0,27.717409133911133,358.15240478515625,12.875472068786621,-0.032241031455388404,0.9994801228091996,0
776_641,1,2580.0,25.046615600585938,223.5312042236328,11.73787784576416,-0.6887495243985372,-0.7249993742347567,0
777_459,1,706.0,29.19422149658203,345.9637451171875,14.643921852111816,-0.2425358183152429,0.970142451825584,0
778_639,1,2602.0,43.21321487426758,244.3590087890625,21.70566177368164,-0.9015231678369012,-0.4327308376500551,0
778_640,1,2637.0,28.37835693359375,228.8140869140625,13.466923713684082,-0.7525768335405707,-0.6585044492014067,0
780_730,0,2207.0,39.33209991455078,172.875,16.457738876342773,0.12403445145048526,-0.992277912105967,1
780_925,1,2061.0,39.49925231933594,170.53765869140625,20.931062698364258,0.16439931613732334,-0.9863938690267597,0
780_1405,0,5116.0,7.030324935913086,285.9454040527344,3.4029760360717773,-0.9615239085546037,0.27472126469910924,0
781_458,1,753.0,31.61968231201172,352.09283447265625,14.974051475524902,-0.13756842010082845,0.9904922663963419,0
782_640,1,2716.0,39.74665832519531,176.4964599609375,18.09303855895996,0.06111020951347464,-0.9981310246121093,0
784_1110,0,4288.0,50.28306579589844,357.58050537109375,29.05870246887207,-0.04221559830652281,0.9991085242653184,1
784_1298,0,5503.0,24.15616798400879,259.1144714355469,6.999117851257324,-0.9820064420043515,-0.18884741952686127,1
785_639,1,2734.0,39.26593780517578,235.98065185546875,22.493345260620117,-0.8288486920942972,-0.5594728283067667,0
787_642,1,2998.0,38.01152801513672,209.89891052246094,18.34511375427246,-0.49847125564787964,-0.8669062275083887,0
787_927,1,2105.0,32.16252136230469,184.63548278808594,17.13994598388672,-0.0808162055771375,-0.9967290208056119,0
788_1433,0,5329.0,9.614384651184082,270.0,3.9721250534057617,-1.0,-1.8369701987210297e-16,0
789_652,1,3110.0,37.28341293334961,159.1455078125,18.11077117919922,0.35599588454069503,-0.934487522757842,0
790_456,1,744.0,4.936678409576416,258.6900634765625,2.298684597015381,-0.9805806618302796,-0.1961162044413742,0
790_638,1,2790.0,37.283416748046875,122.275634765625,17.900962829589844,0.8454889920265857,-0.5339928504782326,0
790_652,1,3103.0,35.291709899902344,201.0375213623047,18.055471420288086,-0.35897924769620865,-0.9333455414386808,0
790_926,1,2051.0,30.70403480529785,176.7294921875,14.33720874786377,0.05705013710720193,-0.9983713146199912,0
792_684,0,3392.0,33.415771484375,138.12213134765625,15.828556060791016,0.6675450042442599,-0.7445694509637977,0
792_1040,0,4828.0,34.45011520385742,302.9052429199219,44.73845672607422,-0.839570157181222,0.5432512781123466,1
794_509,1,1475.0,29.059127807617188,37.568603515625,12.913768768310547,0.6097109197568691,0.792623866868285,0
795_648,1,3014.0,40.404502868652344,211.15931701660156,20.912517547607422,-0.5174195257242638,-0.8557318706226139,0
797_514,1,1397.0,24.277780532836914,145.713134765625,10.716320037841797,0.5633366553052819,-0.8262274582640413,0
798_514,1,1383.0,22.968570709228516,177.7093505859375,10.43498420715332,0.0399687249607718,-0.9992009312570771,0
798_649,1,3088.0,43.34278106689453,111.03750610351562,19.881750106811523,0.9333456370406041,-0.35897899913124287,0
798_1474,0,5098.0,1.9403883218765259,270.0,1.054092526435852,-1.0,-1.8369701987210297e-16,0
799_786,0,3800.0,29.383731842041016,15.708648681640625,13.682465553283691,0.27074575925787964,0.962650888870869,0
800_474,1,1098.0,44.395835876464844,322.73358154296875,22.705848693847656,-0.605522062444031,0.7958285191506567,0
801_438,0,1562.0,32.99371337890625,262.504150390625,15.705625534057617,-0.991454313826534,-0.1304543736129864,0
801_654,1,3168.0,39.83407211303711,209.16761779785156,20.194120407104492,-0.48736622659940065,-0.8731976644324363,0
802_101,0,199.0,7.776834964752197,97.125,3.2998316287994385,0.992277912105967,-0.1240344514504853,0
805_515,1,1201.0,24.81393051147461,98.42697143554688,10.075027465820312,0.9892034561792761,-0.14654870276797094,0
806_513,1,1166.0,24.81393051147461,61.55706787109375,11.224971771240234,0.8792919374045267,0.47628320232335913,0
806_645,1,3145.0,30.289533615112305,286.8583984375,15.448840141296387,-0.9570244061050024,0.29000738976682566,0
806_935,1,2233.0,30.978057861328125,163.6104736328125,14.375905990600586,0.2821660901294394,-0.9593655703542133,0
806_937,1,2279.0,16.038558959960938,135.0,8.0,0.7071067811865476,-0.7071067811865475,0
807_217,0,584.0,23.97199821472168,130.36453247070312,11.897712707519531,0.76193936413127,-0.6476483655404652,0
807_722,0,2717.0,46.53741455078125,264.47247314453125,22.84461784362793,-0.9953500359084825,-0.09632396387702584,0
808_640,1,3127.0,41.79521560668945,242.9494171142578,20.90424919128418,-0.8906053769939543,-0.4547769370465664,0
808_641,1,3147.0,43.08719253540039,234.58294677734375,23.361886978149414,-0.8149553453422292,-0.5795237571473043,0
809_637,1,3147.0,33.485069274902344,267.0643310546875,16.642946243286133,-0.9986876674999737,-0.05121467351708805,0
811_512,1,1044.0,46.58525085449219,248.36911010742188,24.510515213012695,-0.9295778836607828,-0.36862576986523904,0
811_613,0,3169.0,10.597708702087402,275.1944274902344,5.258737564086914,-0.9958932087075624,0.09053572140407083,0
812_517,1,1176.0,25.876869201660156,257.9052429199219,13.3370361328125,-0.9778024140661971,-0.20952908878319826,0
813_639,1,3212.0,19.250118255615234,129.09384155273438,8.692270278930664,0.7761141908872481,-0.6305923902993377,0
813_1458,0,5126.0,3.0662660598754883,108.4349365234375,1.165343165397644,0.948683365934,-0.31622756236630634,0
813_1533,0,4925.0,2.169212579727173,63.4349365234375,1.054092526435852,0.8944270949981175,0.4472137875035032,0
814_518,1,1271.0,41.7542724609375,213.38851928710938,21.257389068603516,-0.5503134453588774,-0.8349581497639519,0
814_1297,0,5400.0,35.438053131103516,91.36392211914062,17.086563110351562,0.999716675992668,-0.023802683507765716,0
814_1408,0,5236.0,21.57671546936035,170.1341552734375,9.294894218444824,0.17134182444525636,-0.9852116418291914,0
815_14,0,116.0,4.84127140045166,323.1300964355469,1.8121672868728638,-0.6000000826393699,0.7999999380204659,0
815_507,1,1203.0,10.931544303894043,285.255126953125,6.036923408508301,-0.9647637833512268,0.2631175447092555,0
816_878,0,3753.0,33.38970947265625,205.90650939941406,15.661543846130371,-0.43690398471446845,-0.8995081479011847,0
817_215,0,736.0,14.850044250488281,116.56503295898438,6.789607048034668,0.8944273331984621,-0.4472133111027523,0
818_643,1,3275.0,28.390134811401367,122.19573974609375,13.283239364624023,0.846232786047709,-0.5328133555176073,0
820_643,1,3250.0,29.74552345275879,168.02386474609375,13.370318412780762,0.2075042563262624,-0.9782341149267311,0
820_1220,0,5204.0,16.14379119873047,339.4439697265625,7.192245960235596,-0.3511231973380586,0.9363292691628831,0
821_178,0,364.0,6.115067958831787,161.5650634765625,2.948110580444336,0.31622756236630656,-0.9486833659339999,0
822_524,1,1680.0,13.633127212524414,257.9052429199219,14.191116333007812,-0.9778024140661971,-0.20952908878319826,1
824_651,1,3550.0,33.82723617553711,159.2744140625,15.916448593139648,0.3538925393334441,-0.9352860902441171,0
825_466,0,1206.0,26.16244888305664,90.0,11.939146041870117,1.0,6.123233995736766e-17,0
825_646,1,3318.0,14.497506141662598,148.39248657226562,7.104163646697998,0.5240975918686279,-0.8516582144249565,0
826_645,1,3363.0,30.32098388671875,280.00799560546875,13.022298812866211,-0.9847835108822888,0.17378560554416783,0
826_1489,0,5024.0,5.882956504821777,350.5376892089844,2.393406629562378,-0.16439879075214553,0.9863939565909923,0
827_524,1,1970.0,25.890583038330078,240.7511749267578,27.927764892578125,-0.8725060267228513,-0.48860334969410824,1
827_978,1,2573.0,31.46404266357422,138.366455078125,14.634645462036133,0.6643639116888408,-0.747409253920168,0
828_97,0,176.0,4.110692024230957,225.0,1.6178022623062134,-0.7071067811865475,-0.7071067811865477,0
830_286,0,1842.0,30.937742233276367,227.29061889648438,15.507067680358887,-0.7348035494412634,-0.6782799891847915,0
830_643,1,3398.0,9.519532203674316,225.0,4.331908702850342,-0.7071067811865475,-0.7071067811865477,0
831_375,0,2684.0,32.41354751586914,223.91908264160156,15.15190601348877,-0.6936417729105013,-0.7203201308262712,0
832_990,1,2619.0,45.098533630371094,111.8013916015625,21.978666305541992,0.9284768068142416,-0.37139038653151685,0
837_643,1,3496.0,37.208045959472656,218.65982055664062,18.720821380615234,-0.6246952152225708,-0.7808686753084836,0
840_198,0,381.0,5.882956504821777,170.53765869140625,2.249828577041626,0.16439931613732334,-0.9863938690267597,0
842_1240,0,5015.0,21.504642486572266,205.46336364746094,9.776515007019043,-0.42993387326197385,-0.9028603793621454,0
846_1668,0,4794.0,4.936678409576416,101.3099365234375,1.7916128635406494,0.9805806618302796,-0.1961162044413744,0
848_85,0,155.0,1.372323989868164,45.0,0.6849348545074463,0.7071067811865476,0.7071067811865476,0
851_953,0,3797.0,24.095012664794922,335.3764343261719,10.614455223083496,-0.41665472457705344,0.9090648164391909,0
854_110,0,176.0,3.0662660598754883,288.4349365234375,1.196703314781189,-0.9486833659339999,0.31622756236630667,0
854_858,0,4785.0,34.59613037109375,294.6768798828125,29.748905181884766,-0.9086767221835998,0.4175004366005727,1
856_147,0,232.0,3.0662660598754883,161.5650634765625,1.0304020643234253,0.31622756236630656,-0.9486833659339999,0
856_1234,0,5073.0,5.803462505340576,270.0,2.748737096786499,-1.0,-1.8369701987210297e-16,0
856_1274,0,5189.0,13.374212265014648,274.08563232421875,5.7176361083984375,-0.9974586805014993,0.07124732059669196,0
857_241,0,765.0,17.863981246948242,183.01280212402344,7.6851630210876465,-0.05255908793442705,-0.9986178159213369,0
858_291,0,1477.0,28.283851623535156,241.82142639160156,12.959576606750488,-0.8814801060316131,-0.47222115864337993,0
860_566,0,3074.0,43.51225662231445,195.5241241455078,21.93931007385254,-0.26764408490288943,-0.9635178482085814,0
860_711,0,4205.0,40.465980529785156,83.1572265625,22.793760299682617,0.9928768384352075,0.11914522104938581,0
860_1568,0,4777.0,3.0662660598754883,251.5650634765625,1.7708196640014648,-0.948683365934,-0.31622756236630617,0
864_648,1,3792.0,28.751068115234375,171.11932373046875,13.104517936706543,0.15437717547490784,-0.9880119876258534,0
867_649,1,3814.0,23.406394958496094,149.4207763671875,11.015141487121582,0.5087292634472526,-0.8609265569794069,0
869_1488,0,4993.0,0.9704723954200745,270.0,0.6849349141120911,-1.0,-1.8369701987210297e-16,0
870_1206,0,5193.0,25.71140480041504,219.28941345214844,12.211105346679688,-0.6332378792709042,-0.7739572263739694,0
870_1438,0,5232.0,7.717507839202881,270.0,3.197221040725708,-1.0,-1.8369701987210297e-16,0
871_353,0,2389.0,39.83407211303711,66.03750610351562,20.186782836914062,0.9138115137315509,0.40613854455302767,0
872_911,0,4474.0,18.910505294799805,81.46923828125,8.603759765625,0.9889363629427212,0.14834038576740405,0
874_637,1,3891.0,29.91812515258789,132.61404418945312,14.061593055725098,0.7359311509663597,-0.6770563795115804,0
875_51,0,132.0,1.372323989868164,45.0,0.8314793705940247,0.7071067811865476,0.7071067811865476,0
875_463,0,2310.0,28.877262115478516,42.51043701171875,13.952300071716309,0.6757244990068975,0.7371542589186318,0
875_1630,0,4695.0,2.169212579727173,333.4349365234375,1.0304020643234253,-0.447213787503503,0.8944270949981176,0
877_266,0,1217.0,34.46640396118164,254.24884033203125,16.61176109313965,-0.9624497422952114,-0.271459929926833,0
877_1645,0,4769.0,5.212227821350098,68.19857788085938,2.0,0.9284766089996246,0.3713908810681251,0
878_1496,0,4975.0,0.0,0.0,0.8314794301986694,0.0,1.0,0
880_646,1,3907.0,26.376728057861328,97.85330200195312,11.916375160217285,0.9906211561914442,-0.13663720176411054,0
882_411,0,1860.0,28.612285614013672,216.15818786621094,13.936363220214844,-0.5900166235342855,-0.8073910972714532,0
885_511,1,3083.0,53.55217742919922,226.52078247070312,26.898069381713867,-0.7256240050093545,-0.6880914207822855,0
885_634,1,3855.0,27.21949577331543,162.758544921875,13.880441665649414,0.29639914284872804,-0.9550641591634247,0
886_522,1,3392.0,40.80249786376953,254.0546112060547,21.41016387939453,-0.9615239817172679,-0.27472100862979326,0
887_524,1,3503.0,22.968570709228516,177.7093505859375,10.187137603759766,0.0399687249607718,-0.9992009312570771,0
887_1019,0,5017.0,27.717409133911133,290.77227783203125,17.726720809936523,-0.9349973830219807,0.35465461190015235,1
888_520,1,3358.0,42.2036247253418,212.79954528808594,21.207963943481445,-0.5417015393441499,-0.8405709025847722,0
888_1672,0,4804.0,16.064945220947266,90.0,20.328094482421875,1.0,6.123233995736766e-17,1
889_524,1,3585.0,38.90003204345703,230.96449279785156,19.236026763916016,-0.7767558113371807,-0.629801881192743,0
890_1332,0,5303.0,9.801128387451172,258.6900634765625,3.7712361812591553,-0.9805806618302796,-0.1961162044413742,0
892_524,1,3609.0,40.84608459472656,177.7542724609375,19.944366455078125,0.039185304629083484,-0.9992319610086168,0
892_639,1,3885.0,35.19081115722656,114.10223388671875,17.403703689575195,0.9128182562742556,-0.4083660502691518,0
894_251,0,899.0,19.41701316833496,54.78240966796875,8.781293869018555,0.81696788979778,0.5766831600102107,0
897_647,1,3912.0,38.0701789855957,111.5712890625,19.545452117919922,0.9299608365035315,-0.3676585951254941,0
898_1638,0,4731.0,1.372323989868164,45.0,0.6666666865348816,0.7071067811865476,0.7071067811865476,0
899_269,0,1031.0,16.981739044189453,93.1798095703125,8.366600036621094,0.9984603731000777,-0.05546966151738733,0
899_1425,0,5161.0,10.931544303894043,74.744873046875,4.9690399169921875,0.9647637833512268,0.26311754470925575,0
903_541,1,3695.0,27.30772590637207,138.99090576171875,12.355835914611816,0.6561788115518402,-0.7546054381399689,0
906_656,1,3925.0,12.419127464294434,90.0,6.091888427734375,1.0,6.123233995736766e-17,0
909_653,1,3963.0,29.821256637573242,235.84030151367188,15.93582820892334,-0.8274757357731101,-0.5615014752489527,0
909_849,0,4304.0,38.37935256958008,311.5317687988281,18.724777221679688,-0.7485882026492219,0.6630352199200338,0
910_140,0,240.0,4.936678409576416,258.6900634765625,2.249828577041626,-0.9805806618302796,-0.1961162044413742,0
911_877,0,4484.0,18.8243465423584,333.4349365234375,8.44298267364502,-0.447213787503503,0.8944270949981176,0
912_1617,0,4883.0,6.482940673828125,296.5650634765625,2.7888667583465576,-0.8944270949981173,0.4472137875035034,0
913_280,0,1472.0,22.81989288330078,220.10092163085938,11.0799560546875,-0.6441359338158825,-0.7649110397733457,0
914_551,1,3778.0,7.776834964752197,187.12503051757812,4.4721360206604,-0.12403497996965296,-0.9922778460410813,0
914_1536,0,4869.0,5.641021251678467,239.0362548828125,2.4494898319244385,-0.8574930282141504,-0.5144955845914776,0
915_1203,0,4681.0,33.45045852661133,67.380126953125,15.874507904052734,0.9230768687110181,0.3846155150935306,0
917_1139,0,4739.0,25.876869201660156,282.0947570800781,18.097612380981445,-0.9778024140661971,0.2095290887831979,1
918_987,0,4749.0,31.53231430053711,173.6597900390625,14.429906845092773,0.11043184204261047,-0.9938836995660387,0
919_189,0,366.0,3.4950809478759766,123.6900634765625,1.5947444438934326,0.8320503335416467,-0.5547001374195202,0
919_555,1,3784.0,4.3322248458862305,116.56503295898438,2.403700828552246,0.8944273331984621,-0.4472133111027523,0
919_1247,0,5630.0,7.030324935913086,285.9454040527344,3.620926856994629,-0.9615239085546037,0.27472126469910924,0
919_1636,0,4742.0,0.9704723954200745,0.0,0.6666666865348816,0.0,1.0,0
924_413,0,1864.0,16.858070373535156,63.4349365234375,7.733205795288086,0.8944270949981175,0.4472137875035032,0
925_376,0,1519.0,41.38069152832031,181.10171508789062,21.674928665161133,-0.019227370805276225,-0.9998151370187973,0
925_829,0,3914.0,44.56203842163086,356.0548095703125,22.98308563232422,-0.0688021647568177,0.9976303233787432,0
927_907,0,4346.0,26.951923370361328,178.0908203125,12.292725563049316,0.03331530564941181,-0.9994448911318153,0
927_1239,0,5553.0,10.029293060302734,196.69924926757812,4.268749237060547,-0.28734796971389537,-0.9578262599768824,0
931_659,0,4217.0,22.19342613220215,41.633544921875,9.919427871704102,0.6643639116888408,0.747409253920168,0
932_635,1,3850.0,33.415771484375,138.12213134765625,14.86067008972168,0.6675450042442599,-0.7445694509637977,0
932_842,0,3709.0,23.017822265625,94.57391357421875,10.58767032623291,0.9968152892331766,-0.07974508856963114,0
934_580,1,4120.0,26.939071655273438,180.0,11.480525016784668,1.2246467991473532e-16,-1.0,0
936_632,1,3819.0,39.74665832519531,273.5035400390625,19.200695037841797,-0.9981310246121093,0.06111020951347434,0
937_490,0,1711.0,17.65447235107422,64.79888916015625,7.302967548370361,0.9048187973667919,0.42579683410250047,0
937_628,1,3806.0,13.63312816619873,294.775146484375,7.4601826667785645,-0.9079593412344905,0.4190582712046501,0
938_1524,0,4959.0,8.87646484375,319.3987121582031,3.4569666385650635,-0.6507912833030712,0.7592566796391992,0
938_1636,0,4770.0,3.0662660598754883,341.5650634765625,1.196703314781189,-0.3162275623663062,0.948683365934,0
939_320,0,1949.0,18.474489212036133,59.534454345703125,7.8740081787109375,0.8619342086550715,0.5070201376179803,0
940_32,0,137.0,3.9952552318573,75.9637451171875,1.49071204662323,0.970142451825584,0.24253581831524249,0
940_1007,0,4977.0,19.165952682495117,43.025054931640625,8.495460510253906,0.6823181092740899,0.7310553999230367,0
942_891,0,4736.0,24.637191772460938,4.23638916015625,11.085525512695312,0.07387158736679557,0.9972677617269646,0
944_107,0,216.0,7.952031135559082,194.0362548828125,3.1894888877868652,-0.24253581831524254,-0.970142451825584,0
945_33,0,142.0,5.212227821350098,248.19859313964844,2.1602468490600586,-0.9284767079069659,-0.3713906337998345,0
945_584,0,3994.0,11.174756050109863,30.9637451171875,5.077181816101074,0.5144955845914775,0.8574930282141504,0
946_1451,0,5068.0,6.115067958831787,71.5650634765625,2.309401035308838,0.948683365934,0.3162275623663065,0
947_1256,0,6435.0,50.43552017211914,186.4287567138672,72.60828399658203,-0.11196768960749155,-0.9937118478130169,1
948_1238,0,5874.0,17.65447235107422,295.20111083984375,7.509665012359619,-0.9048187973667919,0.4257968341025004,0
949_926,0,4655.0,25.614105224609375,237.99462890625,10.914935111999512,-0.8479984160653979,-0.5299987607066419,0
953_463,0,1903.0,34.68472671508789,248.45904541015625,19.065837860107422,-0.9301553580111848,-0.3671661884802096,0
954_842,0,3974.0,39.5526008605957,115.51385498046875,19.44793701171875,0.902481153909271,-0.4307293429040918,0
955_518,0,2494.0,31.936132431030273,317.2026062011719,14.286314010620117,-0.6794079285413251,0.7337607693486927,0
957_127,0,229.0,0.9704723954200745,270.0,0.6849348545074463,-1.0,-1.8369701987210297e-16,0
957_226,0,367.0,11.214726448059082,109.98309326171875,4.216370105743408,0.939793502579315,-0.34174284558671153,0
958_779,0,4389.0,32.99371337890625,7.495849609375,15.875286102294922,0.13045437361298656,0.9914543138265339,0
964_258,0,650.0,31.725841522216797,350.5376892089844,14.1430082321167,-0.16439879075214553,0.9863939565909923,0
964_1058,0,5039.0,54.908897399902344,1.363922119140625,31.292329788208008,0.023802683507765685,0.999716675992668,0
965_975,0,4446.0,36.311134338378906,115.97439575195312,18.708948135375977,0.8989898551581492,-0.4379694513578886,0
966_677,0,4163.0,42.4942512512207,340.5599670410156,20.49932289123535,-0.3328200869714433,0.9429903444406633,0
969_529,0,3033.0,46.70231628417969,241.38955688476562,30.17423439025879,-0.8778957112378469,-0.47885187708747134,1
970_131,0,229.0,3.0662660598754883,161.5650634765625,1.7069212198257446,0.31622756236630656,-0.9486833659339999,0
974_800,0,3314.0,8.290763854980469,35.537689208984375,3.7548325061798096,0.5812383558672091,0.8137333553866302,0
975_590,0,4286.0,20.840290069580078,237.724365234375,9.577494621276855,-0.8454889920265858,-0.5339928504782324,0
980_1051,0,4322.0,13.728771209716797,56.3099365234375,6.196375370025635,0.8320503335416465,0.5547001374195204,0
982_1047,0,4274.0,16.708166122436523,73.61044311523438,7.1922454833984375,0.9593654200633268,0.282166601118411,0
987_224,0,357.0,2.169212579727173,116.56503295898438,0.7856742143630981,0.8944273331984621,-0.4472133111027523,0
988_92,0,173.0,6.830390453338623,315.0,2.748737096786499,-0.7071067811865477,0.7071067811865474,0
991_998,0,4092.0,19.060060501098633,78.6900634765625,8.130114555358887,0.9805806618302796,0.1961162044413743,0
992_1158,0,5181.0,31.850431442260742,205.86636352539062,14.689375877380371,-0.43627361223247907,-0.8998140559413509,0
993_19,0,119.0,2.169212579727173,206.56504821777344,0.6666666865348816,-0.44721354930314333,-0.8944272140983217,0
993_1052,0,4823.0,21.286378860473633,270.0,8.770038604736328,-1.0,-1.8369701987210297e-16,0
997_899,0,3894.0,37.208045959472656,141.34017944335938,17.77638816833496,0.6246952152225709,-0.7808686753084835,0
999_1162,0,5075.0,4.936678409576416,168.6900634765625,3.6038386821746826,0.19611620444137456,-0.9805806618302795,0
1001_1328,0,5636.0,10.383092880249023,123.6900634765625,4.348974704742432,0.8320503335416467,-0.5547001374195202,0
1003_1062,0,4898.0,7.717507839202881,180.0,3.3333332538604736,1.2246467991473532e-16,-1.0,0
1007_87,0,158.0,2.9091930389404297,180.0,0.9428090453147888,1.2246467991473532e-16,-1.0,0
1008_81,0,151.0,3.0662660598754883,71.5650634765625,1.1967031955718994,0.948683365934,0.3162275623663065,0
1009_1179,0,4852.0,24.15616798400879,169.11444091796875,10.66087818145752,0.18884794257510404,-0.9820063414179921,0
1010_457,0,1930.0,30.41497802734375,133.83087158203125,15.080851554870605,0.7213871891629399,-0.6925319655521995,0
1011_1108,0,4647.0,25.600154876708984,135.0,11.612041473388672,0.7071067811865476,-0.7071067811865475,0
1014_1107,0,4593.0,12.419127464294434,0.0,5.431958198547363,0.0,1.0,0
1016_443,0,2335.0,21.64845085144043,320.1944274902344,8.748897552490234,-0.6401844186703125,0.7682212637591815,0
1016_619,0,4079.0,8.87646484375,40.601287841796875,4.3716254234313965,0.6507912833030708,0.7592566796391996,0
1016_1253,0,5062.0,25.43183708190918,175.91436767578125,6.724747180938721,0.07124732059669227,-0.9974586805014993,1
1016_1530,0,5419.0,30.035755157470703,328.17254638671875,13.597384452819824,-0.5273629661241305,0.8496401014316352,0
1020_1076,0,4959.0,6.964343070983887,326.3099365234375,3.2998316287994385,-0.5547001374195201,0.8320503335416467,0
1025_201,0,350.0,2.743075370788574,225.0,1.196703314781189,-0.7071067811865475,-0.7071067811865477,0
1026_880,0,4172.0,29.982391357421875,176.633544921875,14.606781005859375,0.058721924637729246,-0.9982743788993289,0
1026_1098,0,4561.0,33.725337982177734,54.293304443359375,14.700298309326172,0.8120153290077703,0.5836361070533612,0
1026_1319,0,5333.0,4.84127140045166,126.86990356445312,1.6629588603973389,0.7999999380204661,-0.6000000826393697,0
1029_1610,0,4947.0,13.374212265014648,184.08563232421875,6.146363258361816,-0.07124732059669202,-0.9974586805014993,0
1032_360,0,2213.0,19.926713943481445,37.405364990234375,9.266960144042969,0.607450223458886,0.7943577443568794,0
1034_1025,0,4413.0,28.854393005371094,135.0,13.222689628601074,0.7071067811865476,-0.7071067811865475,0
1036_471,0,2711.0,25.161712646484375,244.3590087890625,14.391355514526367,-0.9015231678369012,-0.4327308376500551,0
1039_973,0,3874.0,19.2291202545166,150.94537353515625,9.888264656066895,0.48564327241136607,-0.8741570865477095,0
1041_497,0,3115.0,25.890583038330078,209.24884033203125,12.22020149230957,-0.4886035820565009,-0.8725058965998775,0
1043_279,0,955.0,8.720865249633789,6.340179443359375,3.83293080329895,0.11043131266811534,0.9938837583854547,0
1045_181,0,415.0,6.115067958831787,251.5650634765625,2.393406629562378,-0.948683365934,-0.31622756236630617,0
1045_618,0,4234.0,31.54204750061035,50.599334716796875,14.809906005859375,0.7727262033465798,0.6347394856644576,0
1046_339,0,2019.0,17.346195220947266,319.3987121582031,7.675518035888672,-0.6507912833030712,0.7592566796391992,0
1046_1566,0,4961.0,8.87646484375,139.398681640625,3.774508237838745,0.6507916877075478,-0.7592563330066873,0
1050_433,0,2009.0,45.2447395324707,150.8519287109375,31.663780212402344,0.4870683060441544,-0.8733638790603135,1
1050_1505,0,4937.0,19.80597686767578,138.8140869140625,8.727705955505371,0.6585044492014067,-0.7525768335405707,0
1050_1612,0,4759.0,5.212227821350098,111.8013916015625,2.309401035308838,0.9284768068142416,-0.37139038653151685,0
1051_1104,0,4780.0,8.87646484375,347.47119140625,3.3333332538604736,-0.2169304728901604,0.9761870568347295,0
1052_1614,0,4767.0,16.981739044189453,183.17984008789062,7.375300884246826,-0.055470193329542394,-0.9984603435550073,0
1057_120,0,231.0,1.372323989868164,135.0,0.9558138847351074,0.7071067811865476,-0.7071067811865475,0
1057_918,0,4717.0,19.80597686767578,318.8140869140625,8.653836250305176,-0.6585044492014068,0.7525768335405707,0
1058_278,0,565.0,16.7833251953125,38.1572265625,6.778688430786133,0.6178215515906044,0.7863183390905862,0
1059_152,0,353.0,0.9704723954200745,90.0,0.566557765007019,1.0,6.123233995736766e-17,0
1066_289,0,666.0,28.283851623535156,151.8214111328125,11.813363075256348,0.4722213933957149,-0.8814799802714803,0
1068_486,0,3521.0,36.33291244506836,118.92642211914062,17.90992546081543,0.8752415668103783,-0.48368605492335004,0
1068_1321,0,4921.0,0.0,0.0,0.4714045524597168,0.0,1.0,0
1074_637,0,2617.0,27.948745727539062,73.30075073242188,12.409673690795898,0.9578262599768823,0.28734796971389553,0
1077_1335,0,5008.0,26.575096130371094,151.69921875,11.380077362060547,0.4741002146505501,-0.8804708890521608,0
1078_1103,0,4116.0,8.720865249633789,96.34017944335938,3.5311663150787354,0.9938837583854547,-0.1104313126681154,0
1082_1562,0,5124.0,16.858070373535156,26.5650634765625,7.10416316986084,0.4472137875035031,0.8944270949981176,0
1082_1567,0,5015.0,7.030324935913086,15.945404052734375,3.399346351623535,0.27472126469910935,0.9615239085546037,0
1083_787,0,4301.0,18.474489212036133,300.4655456542969,7.931807994842529,-0.8619342086550714,0.5070201376179804,0
1083_1321,0,4995.0,26.496036529541016,350.21759033203125,13.155291557312012,-0.16990696184836743,0.9854601079269811,0
1086_1067,0,4810.0,30.06769371032715,249.4439697265625,14.740554809570312,-0.9363292691628832,-0.3511231973380585,0
1087_302,0,1048.0,25.50218391418457,343.4956359863281,12.609030723571777,-0.28408837373435425,0.9587980996586142,0
1087_1067,0,4861.0,26.256542205810547,254.0546112060547,12.290716171264648,-0.9615239817172679,-0.27472100862979326,0
1088_1411,0,5003.0,4.84127140045166,36.869903564453125,2.357022523880005,0.6000000826393695,0.7999999380204662,0
1091_321,0,1122.0,48.929710388183594,301.10882568359375,23.153806686401367,-0.8561875090750871,0.5166652197543372,0
1092_1117,0,4520.0,29.658536911010742,337.2490234375,13.666214942932129,-0.3867266797870167,0.9221943803455486,0
1094_201,0,624.0,37.68833541870117,195.255126953125,19.12596321105957,-0.2631175447092556,-0.9647637833512268,0
1097_795,0,4418.0,4.84127140045166,216.86990356445312,4.314774990081787,-0.6000000826393697,-0.7999999380204661,0
1100_1252,0,4778.0,3.876335859298706,90.0,1.9436506032943726,1.0,6.123233995736766e-17,0
1101_1475,0,5068.0,19.250118255615234,247.16635131835938,8.193644523620605,-0.9216354123636429,-0.3880569116473742,0
1103_337,0,1708.0,47.115047454833984,347.275634765625,27.303956985473633,-0.22026103400228486,0.97544096535887,0
1104_399,0,2472.0,26.216283798217773,49.184906005859375,12.084068298339844,0.7568228923304743,0.6536200040119147,0
1107_88,0,200.0,1.372323989868164,135.0,0.8314794301986694,0.7071067811865476,-0.7071067811865475,0
1107_435,0,2439.0,29.126808166503906,70.46334838867188,13.775985717773438,0.9424277648982904,0.3344097904499997,0
1107_500,0,2324.0,38.37935256958008,131.53173828125,19.100772857666016,0.7485885558030356,-0.6630348211977448,0
1109_795,0,4384.0,26.575096130371094,151.69921875,11.1255464553833,0.4741002146505501,-0.8804708890521608,0
1109_1267,0,4810.0,7.776834964752197,119.744873046875,2.948110580444336,0.868243213563911,-0.49613881333777227,0
1110_199,0,738.0,18.115882873535156,248.74951171875,10.133674621582031,-0.9320047805101348,-0.36244598094923813,0
1111_515,0,2391.0,40.86783218383789,23.051300048828125,20.305686950683594,0.3915551501631263,0.9201546415580001,0
1111_1100,0,4686.0,12.838351249694824,48.012786865234375,5.639367580413818,0.74329413878703,0.66896473991149,0
1121_1124,0,4696.0,31.91712760925293,337.619873046875,14.82490348815918,-0.380749674549813,0.9246781522941977,0
1123_788,0,4334.0,29.025177001953125,148.73626708984375,13.928387641906738,0.5189781523797937,-0.8547875042093536,0
1123_1591,0,4573.0,2.169212579727173,63.4349365234375,1.396644949913025,0.8944270949981175,0.4472137875035032,0
1124_781,0,3829.0,53.798187255859375,162.6883544921875,29.871742248535156,0.297568925409799,-0.9547003376088528,0
1135_1482,0,4951.0,23.910137176513672,46.54815673828125,10.593498229980469,0.7259526723741914,0.6877446600830646,0
1138_1485,0,4823.0,10.029293060302734,343.3007507324219,4.5215535163879395,-0.2873479697138957,0.9578262599768823,0
1139_1010,0,4274.0,19.906658172607422,79.2156982421875,8.524474143981934,0.9823385537179964,0.18711217458849402,0
1140_819,0,4205.0,5.212227821350098,21.801422119140625,4.166296482086182,0.3713908810681252,0.9284766089996246,0
1146_1185,0,4701.0,3.4950809478759766,146.3099365234375,1.3425606489181519,0.5547001374195203,-0.8320503335416466,0
1148_459,0,2874.0,32.52389907836914,253.00918579101562,15.278484344482422,-0.9563516173762309,-0.29221838399023975,0
1151_1077,0,4610.0,9.519532203674316,225.0,4.320494174957275,-0.7071067811865475,-0.7071067811865477,0
1152_1100,0,4633.0,6.762380599975586,90.0,2.58198881149292,1.0,6.123233995736766e-17,0
1162_368,0,1983.0,34.120872497558594,233.13009643554688,15.809826850891113,-0.7999999380204659,-0.6000000826393699,0
1163_290,0,2571.0,17.298154830932617,315.0,7.689980506896973,-0.7071067811865477,0.7071067811865474,0
1165_587,0,3265.0,44.600128173828125,175.0728759765625,23.113248825073242,0.0858885869140604,-0.9963047478748186,0
1166_1096,0,4568.0,9.893075942993164,209.0546112060547,4.003085136413574,-0.48564303960923494,-0.8741572158823052,0
1166_1256,0,4799.0,9.801128387451172,11.3099365234375,4.294699668884277,0.19611620444137434,0.9805806618302796,0
1167_1345,0,4946.0,8.290763854980469,35.537689208984375,3.664982795715332,0.5812383558672091,0.8137333553866302,0
1167_1471,0,4931.0,5.473633289337158,135.0,3.0951972007751465,0.7071067811865476,-0.7071067811865475,0
1169_1408,0,4823.0,8.235328674316406,20.5560302734375,3.675074577331543,0.35112319733805836,0.9363292691628832,0
1170_1438,0,4855.0,15.609001159667969,104.0362548828125,6.582805633544922,0.970142451825584,-0.2425358183152426,0
1172_572,0,3688.0,24.277780532836914,235.713134765625,10.615618705749512,-0.8262274582640414,-0.5633366553052815,0
1177_1024,0,4242.0,2.169212579727173,116.56503295898438,1.2862040996551514,0.8944273331984621,-0.4472133111027523,0
1180_41,0,206.0,4.110692024230957,135.0,1.5234788656234741,0.7071067811865476,-0.7071067811865475,0
1181_470,0,2368.0,27.40798568725586,231.6325225830078,13.14966106414795,-0.7840459107801531,-0.6207028353317877,0
1182_108,0,289.0,3.0662660598754883,198.43495178222656,1.3425606489181519,-0.3162278150159579,-0.9486832817174724,0
1192_259,0,1586.0,44.62124252319336,129.42779541015625,23.43996810913086,0.7724255612102625,-0.6351053081096166,0
1193_167,0,686.0,42.238399505615234,171.4163818359375,22.216665267944336,0.14925263510229936,-0.9887990953247378,0
1196_88,0,272.0,4.936678409576416,191.3099365234375,1.8856180906295776,-0.19611620444137434,-0.9805806618302796,0
1200_189,0,986.0,23.83246612548828,237.52880859375,11.083298683166504,-0.843661496021012,-0.5368754791677376,0
