cell_id,susceptibility_probability,model_margin,model_certainty,terrain_quality,osm_quality,confidence_score,uncertainty_score,confidence_category,confidence_explanation
3_1656,0.0100098936032178,0.4399901063967822,79.9982011630513,100.0,100.0,82.36207366889643,17.63792633110357,HIGH,SAR is not spatially georeferenced
4_988,0.016950869485096,0.433049130514904,78.73620554816436,70.0,100.0,75.7941756421973,24.205824357802697,MODERATE,terrain fallback sampling used; SAR is not spatially georeferenced
5_1571,0.0141702832136074,0.4358297167863926,79.241766688435,100.0,100.0,82.0216781553191,17.978321844680906,HIGH,SAR is not spatially georeferenced
10_680,0.028521037330115,0.421478962669885,76.63253866725182,100.0,100.0,80.84752554578665,19.152474454213348,HIGH,SAR is not spatially georeferenced
12_491,0.0007432595523372,0.4492567404476628,81.68304371775686,100.0,100.0,83.12025281851393,16.879747181486067,HIGH,SAR is not spatially georeferenced
13_1255,0.0012717983651226,0.4487282016348774,81.5869457517959,100.0,100.0,83.07700873383149,16.92299126616851,HIGH,SAR is not spatially georeferenced
15_652,0.2646531801531802,0.18534681984681983,33.699421790330874,100.0,100.0,61.52762295117223,38.47237704882777,MODERATE,prediction near decision threshold; SAR is not spatially georeferenced
15_1456,0.0052932269365511,0.4447067730634489,80.85577692062706,100.0,100.0,82.74798275980552,17.252017240194476,HIGH,SAR is not spatially georeferenced
16_317,0.0220009300177836,0.42799906998221643,77.81801272403935,100.0,100.0,81.38098887134105,18.619011128658954,HIGH,SAR is not spatially georeferenced
17_355,0.1212580213903743,0.32874197860962573,59.77126883811377,100.0,100.0,73.25995412267454,26.740045877325457,MODERATE,SAR is not spatially georeferenced
20_1290,2.1798365122615804e-05,0.4499782016348774,81.81421847906861,100.0,100.0,83.17928146110421,16.82071853889579,HIGH,SAR is not spatially georeferenced
20_1453,0.0030122024055266,0.44698779759447343,81.27050865354062,100.0,100.0,82.93461203961661,17.06538796038339,HIGH,SAR is not spatially georeferenced
23_244,0.1526538406038406,0.2973461593961594,54.06293807202898,100.0,100.0,70.69120527793638,29.308794722063624,MODERATE,SAR is not spatially georeferenced
27_1200,0.0099023539206781,0.4400976460793219,80.01775383260397,70.0,100.0,76.37087237019513,23.62912762980487,MODERATE,terrain fallback sampling used; SAR is not spatially georeferenced
29_729,0.0211548351491634,0.4288451648508366,77.97184815469757,100.0,100.0,81.45021481513726,18.549785184862742,HIGH,SAR is not spatially georeferenced
31_874,0.01915013636699,0.43084986363301003,78.33633884236545,100.0,100.0,81.61423562458779,18.385764375412208,HIGH,SAR is not spatially georeferenced
31_1025,0.002457848943546,0.447542151056454,81.37130019208254,100.0,100.0,82.97996823196048,17.020031768039516,HIGH,SAR is not spatially georeferenced
32_1418,6.220240552665621e-05,0.44993779759447333,81.80687228990423,100.0,100.0,83.17597567598025,16.824024324019746,HIGH,SAR is not spatially georeferenced
33_13,0.4260781725964528,0.023921827403547202,4.349423164281309,100.0,100.0,48.32012356944993,51.67987643055007,LOW,prediction near decision threshold; SAR is not spatially georeferenced
33_708,0.0023055357388599,0.4476944642611401,81.39899350202548,100.0,100.0,82.9924302214348,17.0075697785652,HIGH,SAR is not spatially georeferenced
39_194,0.1300831612831613,0.31991683871683874,58.16669794851613,100.0,100.0,72.5378972223556,27.462102777644404,MODERATE,SAR is not spatially georeferenced
40_15,0.0928772099880795,0.3571227900119205,64.93141636580371,100.0,100.0,75.58202051013501,24.41797948986499,MODERATE,SAR is not spatially georeferenced
41_966,0.0448966596305199,0.4051033403694801,73.65515279445091,70.0,100.0,73.50770190302626,26.49229809697374,MODERATE,terrain fallback sampling used; SAR is not spatially georeferenced
44_642,0.04196158579991,0.40803841420009,74.18880258183455,100.0,100.0,79.74784430734888,20.252155692651115,MODERATE,SAR is not spatially georeferenced
44_777,0.0154936309769552,0.4345063690230448,79.00115800418995,100.0,100.0,81.91340424740882,18.08659575259118,HIGH,SAR is not spatially georeferenced
44_843,0.0023868492959269,0.4476131507040731,81.38420921892238,100.0,100.0,82.98577729403841,17.014222705961586,HIGH,SAR is not spatially georeferenced
44_1523,0.0986740981240981,0.3513259018759019,63.87743670470943,100.0,100.0,75.10772966264258,24.892270337357417,MODERATE,SAR is not spatially georeferenced
47_1039,7.659288567056101e-05,0.44992340711432943,81.80425583896897,70.0,100.0,77.17479827305938,22.82520172694062,MODERATE,terrain fallback sampling used; SAR is not spatially georeferenced
51_586,0.00637540240948,0.44362459759052003,80.65901774373091,70.0,100.0,76.65944113020225,23.340558869797746,MODERATE,terrain fallback sampling used; SAR is not spatially georeferenced
51_1520,0.0140601257382325,0.4359398742617675,79.26179532032135,100.0,100.0,82.03069103966794,17.969308960332057,HIGH,SAR is not spatially georeferenced
52_235,0.3170483753834816,0.13295162461651844,24.173022657548803,100.0,100.0,57.2407433414203,42.7592566585797,LOW,prediction near decision threshold; SAR is not spatially georeferenced
53_566,0.3586772402235446,0.09132275977645543,16.604138141173713,100.0,100.0,53.83474530905151,46.16525469094849,LOW,prediction near decision threshold; SAR is not spatially georeferenced
53_801,0.0006665180522151,0.4493334819477849,81.69699671777906,100.0,100.0,83.12653166852391,16.87346833147609,HIGH,SAR is not spatially georeferenced
59_1544,0.0123489023345994,0.4376510976654006,79.57292684825465,100.0,100.0,82.17070022723794,17.829299772762056,HIGH,SAR is not spatially georeferenced
61_1203,6.220240552665621e-05,0.44993779759447333,81.80687228990423,100.0,100.0,83.17597567598025,16.824024324019746,HIGH,SAR is not spatially georeferenced
62_218,0.7532799020424019,0.3032799020424019,55.141800371345795,100.0,100.0,71.17669331262896,28.823306687371044,MODERATE,SAR is not spatially georeferenced
62_993,0.126005266955267,0.32399473304473303,58.90813328086054,100.0,100.0,72.87154312191058,27.128456878089423,MODERATE,SAR is not spatially georeferenced
62_1076,0.0058813547904324,0.4441186452095676,80.74884458355774,100.0,100.0,82.69986320812433,17.300136791875673,HIGH,SAR is not spatially georeferenced
67_1132,2.1798365122615804e-05,0.4499782016348774,81.81421847906861,100.0,100.0,83.17928146110421,16.82071853889579,HIGH,SAR is not spatially georeferenced
69_27,0.4316771766880461,0.018322823311953895,3.331422420355253,100.0,100.0,47.86202323468321,52.13797676531679,LOW,prediction near decision threshold; SAR is not spatially georeferenced
70_593,0.0077376713809956,0.4422623286190044,80.41133247618261,100.0,100.0,82.5479827598055,17.452017240194493,HIGH,SAR is not spatially georeferenced
80_1256,0.0018538690721933,0.4481461309278067,81.48111471414666,100.0,100.0,83.02938476688934,16.970615233110664,HIGH,SAR is not spatially georeferenced
83_532,0.0999959750054757,0.3500040249945243,63.637095453549875,100.0,100.0,74.99957609962078,25.000423900379218,MODERATE,SAR is not spatially georeferenced
84_1435,0.0279374458874458,0.4220625541125542,76.73864620228258,100.0,100.0,80.8952739365505,19.104726063449505,HIGH,SAR is not spatially georeferenced
85_1002,0.020893154786479,0.429106845213521,78.01942640245836,100.0,100.0,81.4716250266296,18.528374973370404,HIGH,SAR is not spatially georeferenced
87_1024,0.1951306794654621,0.2548693205345379,46.339876460825074,100.0,100.0,67.21582755289462,32.78417244710538,MODERATE,SAR is not spatially georeferenced
92_891,0.00014438949584,0.44985561050416,81.79192918257453,100.0,100.0,83.16925127768188,16.83074872231812,HIGH,SAR is not spatially georeferenced
93_93,0.6908721354125281,0.2408721354125281,43.79493371136874,100.0,100.0,66.07060331563927,33.929396684360725,MODERATE,SAR is not spatially georeferenced
93_428,0.0016535159625936,0.4483464840374064,81.5175425522557,100.0,100.0,83.0457772940384,16.954222705961598,HIGH,SAR is not spatially georeferenced
94_580,0.0238975061227602,0.4261024938772398,77.47318070495268,100.0,100.0,81.22581446275206,18.774185537247945,HIGH,SAR is not spatially georeferenced
96_631,0.0066060301151077,0.4433939698848923,80.61708543361678,100.0,100.0,82.6405715906509,17.359428409349107,HIGH,SAR is not spatially georeferenced
97_1012,0.0818039398196932,0.3681960601803068,66.94473821460123,100.0,100.0,76.48801534209389,23.511984657906112,MODERATE,SAR is not spatially georeferenced
101_401,0.1135609575846148,0.3364390424153852,61.170734984615486,100.0,100.0,73.88971388860031,26.110286111399688,MODERATE,SAR is not spatially georeferenced
102_554,0.0124385979380986,0.4375614020619014,79.55661855670935,100.0,100.0,82.16336149604254,17.83663850395746,HIGH,SAR is not spatially georeferenced
102_1442,0.0015932269365511,0.4484067730634489,81.52850419335434,100.0,100.0,83.05071003253279,16.94928996746721,HIGH,SAR is not spatially georeferenced
104_1297,0.0125535159625936,0.43744648403740644,79.53572437043753,100.0,100.0,82.15395911222024,17.846040887779765,HIGH,SAR is not spatially georeferenced
105_74,0.2038334733893556,0.24616652661064442,44.75755029284444,100.0,100.0,66.50378077730335,33.49621922269665,MODERATE,SAR is not spatially georeferenced
107_1391,2.1798365122615804e-05,0.4499782016348774,81.81421847906861,100.0,100.0,83.17928146110421,16.82071853889579,HIGH,SAR is not spatially georeferenced
110_97,0.272133116883117,0.17786688311688303,32.33943329397873,100.0,100.0,60.915628127813775,39.084371872186225,MODERATE,prediction near decision threshold; SAR is not spatially georeferenced
110_951,2.1798365122615804e-05,0.4499782016348774,81.81421847906861,100.0,100.0,83.17928146110421,16.82071853889579,HIGH,SAR is not spatially georeferenced
111_1425,6.220240552665621e-05,0.44993779759447333,81.80687228990423,100.0,100.0,83.17597567598025,16.824024324019746,HIGH,SAR is not spatially georeferenced
112_1345,0.0046649801833044,0.4453350198166956,80.97000360303555,70.0,100.0,76.79938476688935,23.200615233110653,MODERATE,terrain fallback sampling used; SAR is not spatially georeferenced
114_1106,0.0111932595523372,0.4388067404476628,79.78304371775687,100.0,100.0,82.26525281851394,17.734747181486057,HIGH,SAR is not spatially georeferenced
118_1383,2.1798365122615804e-05,0.4499782016348774,81.81421847906861,100.0,100.0,83.17928146110421,16.82071853889579,HIGH,SAR is not spatially georeferenced
122_433,0.359889707756012,0.09011029224398803,16.383689498906914,100.0,100.0,53.73554342003146,46.26445657996854,LOW,prediction near decision threshold; SAR is not spatially georeferenced
125_958,0.0022217983651226,0.4477782016348774,81.41421847906861,70.0,100.0,76.99928146110422,23.000718538895782,MODERATE,terrain fallback sampling used; SAR is not spatially georeferenced
126_1544,0.0191353015286257,0.4308646984713743,78.33903608570442,100.0,100.0,81.61544938409034,18.38455061590966,HIGH,SAR is not spatially georeferenced
130_1126,0.0142587031270273,0.4357412968729727,79.2256903405405,100.0,100.0,82.01444379876656,17.985556201233436,HIGH,SAR is not spatially georeferenced
132_516,0.075386444829769,0.374613555170231,68.11155548549654,100.0,100.0,77.01308311399679,22.986916886003215,MODERATE,SAR is not spatially georeferenced
134_1295,0.0005765928856705,0.4494234071143295,81.7133467480599,100.0,100.0,83.1338891821503,16.8661108178497,HIGH,SAR is not spatially georeferenced
138_675,0.0629670364603607,0.38703296353963934,70.36962973447987,100.0,100.0,78.02921652603928,21.970783473960722,MODERATE,SAR is not spatially georeferenced
140_27,0.0299422937248946,0.4200577062751054,76.37412841365553,100.0,100.0,80.73124093166834,19.26875906833166,HIGH,SAR is not spatially georeferenced
141_1564,7.659288567056101e-05,0.44992340711432943,81.80425583896897,100.0,100.0,83.17479827305938,16.82520172694062,HIGH,SAR is not spatially georeferenced
142_942,0.0041991187848159,0.44580088121518413,81.05470567548801,70.0,100.0,76.83750069949295,23.16249930050705,MODERATE,terrain fallback sampling used; SAR is not spatially georeferenced
149_687,0.1174324210757453,0.3325675789242547,60.46683253168267,100.0,100.0,73.57295778478054,26.42704221521946,MODERATE,SAR is not spatially georeferenced
150_686,0.1580890755323997,0.2919109244676003,53.07471353956369,100.0,100.0,70.246504238327,29.753495761672994,MODERATE,SAR is not spatially georeferenced
150_1110,0.0116832173346678,0.4383167826653322,79.69396048460585,100.0,100.0,82.22516536359598,17.774834636404023,HIGH,SAR is not spatially georeferenced
154_105,0.1493187978687979,0.3006812021312021,54.66930947840037,100.0,100.0,70.96407241080351,29.03592758919649,MODERATE,SAR is not spatially georeferenced
156_103,0.3337698688284899,0.1162301311715101,21.132751122092746,100.0,100.0,55.87262115046508,44.12737884953492,LOW,prediction near decision threshold; SAR is not spatially georeferenced
156_878,0.0158654207244984,0.4341345792755016,78.93355986827301,100.0,100.0,81.8829850862462,18.117014913753806,HIGH,SAR is not spatially georeferenced
158_1490,0.0028645833579076,0.4471354166420924,81.29734848038042,100.0,100.0,82.94668996169453,17.05331003830547,HIGH,SAR is not spatially georeferenced
159_757,0.0028991187848159,0.4471008812151841,81.29106931185164,100.0,100.0,82.94386433585657,17.056135664143426,HIGH,SAR is not spatially georeferenced
160_1535,6.220240552665621e-05,0.44993779759447333,81.80687228990423,100.0,100.0,83.17597567598025,16.824024324019746,HIGH,SAR is not spatially georeferenced
162_836,0.0034717983651226,0.4465282016348774,81.18694575179588,100.0,100.0,82.89700873383148,17.102991266168516,HIGH,SAR is not spatially georeferenced
163_823,2.1798365122615804e-05,0.4499782016348774,81.81421847906861,100.0,100.0,83.17928146110421,16.82071853889579,HIGH,SAR is not spatially georeferenced
165_1205,0.0028955357388599,0.4471044642611401,81.29172077475275,70.0,100.0,76.94415749416208,23.055842505837916,MODERATE,terrain fallback sampling used; SAR is not spatially georeferenced
167_997,6.220240552665621e-05,0.44993779759447333,81.80687228990423,70.0,100.0,77.17597567598025,22.824024324019746,MODERATE,terrain fallback sampling used; SAR is not spatially georeferenced
169_250,0.0911606631930161,0.3588393368069839,65.24351578308797,100.0,100.0,75.72246524791294,24.277534752087064,MODERATE,SAR is not spatially georeferenced
171_726,0.0028099262190038,0.44719007378099623,81.30728614199931,100.0,100.0,82.95116190942304,17.048838090576965,HIGH,SAR is not spatially georeferenced
173_1302,2.1798365122615804e-05,0.4499782016348774,81.81421847906861,100.0,100.0,83.17928146110421,16.82071853889579,HIGH,SAR is not spatially georeferenced
175_1422,2.1798365122615804e-05,0.4499782016348774,81.81421847906861,100.0,100.0,83.17928146110421,16.82071853889579,HIGH,SAR is not spatially georeferenced
176_65,0.1560743867243867,0.2939256132756133,53.441020595566044,100.0,100.0,70.41134241352806,29.58865758647194,MODERATE,SAR is not spatially georeferenced
177_441,0.0070864431803034,0.44291355681969663,80.5297376035812,100.0,100.0,82.60126506713488,17.398734932865125,HIGH,SAR is not spatially georeferenced
179_140,0.1249192346301042,0.32508076536989583,59.10559370361742,100.0,100.0,72.96040031215118,27.03959968784882,MODERATE,SAR is not spatially georeferenced
179_393,0.0312525326463929,0.41874746735360713,76.13590315520129,100.0,100.0,80.62403956536392,19.375960434636085,HIGH,SAR is not spatially georeferenced
181_409,0.0672457882641125,0.38275421173588753,69.59167486107046,100.0,100.0,77.67913683300505,22.320863166994954,MODERATE,SAR is not spatially georeferenced
182_1213,0.0170154491587734,0.4329845508412266,78.72446378931393,70.0,100.0,75.7888918507146,24.211108149285394,MODERATE,terrain fallback sampling used; SAR is not spatially georeferenced
183_57,0.0520562092440987,0.3979437907559013,72.35341650107296,100.0,100.0,78.92192057100618,21.078079428993817,MODERATE,SAR is not spatially georeferenced
183_521,0.6647050316350318,0.2147050316350318,39.037278479096685,100.0,100.0,63.92965846111686,36.07034153888314,MODERATE,prediction near decision threshold; SAR is not spatially georeferenced
185_39,0.7379189114806763,0.28791891148067633,52.348892996486605,100.0,100.0,69.91988499394232,30.08011500605768,MODERATE,SAR is not spatially georeferenced
186_549,0.8318299940064043,0.3818299940064043,69.42363527389169,100.0,100.0,77.6035190187746,22.396480981225395,MODERATE,SAR is not spatially georeferenced
186_772,0.0005217983651226,0.4494782016348774,81.72330938815952,100.0,100.0,83.13837237019513,16.86162762980487,HIGH,SAR is not spatially georeferenced
188_63,0.716601564818437,0.26660156481843694,48.47301178517035,100.0,100.0,68.17573844885,31.824261551150002,MODERATE,SAR is not spatially georeferenced
189_1397,0.0012217983651226,0.4487782016348774,81.5960366608868,100.0,100.0,83.0810996429224,16.918900357077604,HIGH,SAR is not spatially georeferenced
190_534,0.7198054390553639,0.26980543905536386,49.055534373702514,100.0,100.0,68.43787361368948,31.562126386310524,MODERATE,SAR is not spatially georeferenced
190_544,0.9086839068025796,0.4586839068025796,83.39707396410537,100.0,100.0,83.89156642937076,16.108433570629245,HIGH,SAR is not spatially georeferenced
191_528,0.8439483245313933,0.39394832453139333,71.62696809661696,100.0,100.0,78.59501878900097,21.404981210999026,MODERATE,SAR is not spatially georeferenced
191_1609,0.0171528640441683,0.4328471359558317,78.69947926469666,100.0,100.0,81.77764881463685,18.222351185363152,HIGH,SAR is not spatially georeferenced
193_412,0.9118066859066865,0.46180668590668644,83.9648519830339,100.0,100.0,84.1470665378886,15.852933462111395,HIGH,SAR is not spatially georeferenced
194_1163,0.0006884650317892,0.4493115349682108,81.6930063578565,100.0,100.0,83.12473600655878,16.875263993441223,HIGH,SAR is not spatially georeferenced
196_414,0.9583068586443588,0.5083068586443589,92.41942884442888,100.0,100.0,87.95162612551633,12.048373874483673,HIGH,SAR is not spatially georeferenced
197_397,0.9303940767409482,0.4803940767409482,87.3443775892633,100.0,100.0,85.66785306069183,14.332146939308174,HIGH,SAR is not spatially georeferenced
197_413,0.9292019255370324,0.4792019255370324,87.12762282491498,100.0,100.0,85.57031341673508,14.429686583264925,HIGH,SAR is not spatially georeferenced
198_373,0.1033490178065174,0.3466509821934826,63.02745130790592,100.0,100.0,74.72523623408101,25.27476376591899,MODERATE,SAR is not spatially georeferenced
198_399,0.9959666666666668,0.5459666666666667,99.26666666666667,100.0,100.0,91.03288314552334,8.967116854476657,HIGH,SAR is not spatially georeferenced
199_37,0.0581358758335478,0.3918641241664522,71.24802257571858,100.0,100.0,78.4244933045967,21.575506695403305,MODERATE,SAR is not spatially georeferenced
199_399,0.9347888774739838,0.48478887747398375,88.14343226799704,100.0,100.0,86.02742766612201,13.972572333877991,HIGH,SAR is not spatially georeferenced
199_400,0.9955194444444444,0.5455194444444444,99.18535353535353,100.0,100.0,90.99629223643242,9.003707763567576,HIGH,SAR is not spatially georeferenced
199_415,0.8926431938431935,0.44264319384319345,80.48058069876244,100.0,100.0,82.57914445996644,17.420855540033557,HIGH,SAR is not spatially georeferenced
199_995,2.1798365122615804e-05,0.4499782016348774,81.81421847906861,70.0,100.0,77.17928146110421,22.82071853889579,MODERATE,terrain fallback sampling used; SAR is not spatially georeferenced
200_397,0.9216723889749324,0.4716723889749324,85.75861617726042,100.0,100.0,84.95426042529053,15.045739574709472,HIGH,SAR is not spatially georeferenced
200_550,0.8970103923888393,0.4470103923888393,81.27461679797076,100.0,100.0,82.93646070461018,17.063539295389816,HIGH,SAR is not spatially georeferenced
201_401,0.960836517656708,0.510836517656708,92.87936684667417,100.0,100.0,88.15859822652672,11.84140177347328,HIGH,SAR is not spatially georeferenced
202_1166,0.0006884650317892,0.4493115349682108,81.6930063578565,100.0,100.0,83.12473600655878,16.875263993441223,HIGH,SAR is not spatially georeferenced
202_1269,0.0018122024055266,0.4481877975944734,81.48869047172244,100.0,100.0,83.03279385779844,16.96720614220156,HIGH,SAR is not spatially georeferenced
203_393,0.9721830135627628,0.5221830135627628,94.94236610232049,100.0,100.0,89.08694789156756,10.913052108432439,HIGH,SAR is not spatially georeferenced
204_389,0.9751711698509192,0.5251711698509192,95.48566724562166,100.0,100.0,89.3314334060531,10.668566593946906,HIGH,SAR is not spatially georeferenced
204_786,0.0077163871097113,0.4422836128902887,80.41520234368885,100.0,100.0,82.54972420018332,17.45027579981668,HIGH,SAR is not spatially georeferenced
206_941,0.0012217983651226,0.4487782016348774,81.5960366608868,70.0,100.0,77.0810996429224,22.918900357077604,MODERATE,terrain fallback sampling used; SAR is not spatially georeferenced
206_1313,0.0006884650317892,0.4493115349682108,81.6930063578565,100.0,100.0,83.12473600655878,16.875263993441223,HIGH,SAR is not spatially georeferenced
207_398,0.930032690263682,0.48003269026368195,87.27867095703307,100.0,100.0,85.63828507618823,14.361714923811775,HIGH,SAR is not spatially georeferenced
207_551,0.9497190121862924,0.4997190121862924,90.85800221568951,100.0,100.0,87.24898414258362,12.751015857416377,HIGH,SAR is not spatially georeferenced
208_541,0.9723897574682052,0.5223897574682053,94.97995590331004,100.0,100.0,89.10386330201285,10.896136697987146,HIGH,SAR is not spatially georeferenced
208_542,0.9752540431824904,0.5252540431824904,95.50073512408915,100.0,100.0,89.33821395136346,10.661786048636543,HIGH,SAR is not spatially georeferenced
208_550,0.9671664480202272,0.5171664480202272,94.03026327640492,100.0,100.0,88.67650161990557,11.323498380094435,HIGH,SAR is not spatially georeferenced
209_1184,2.1798365122615804e-05,0.4499782016348774,81.81421847906861,100.0,100.0,83.17928146110421,16.82071853889579,HIGH,SAR is not spatially georeferenced
209_1258,2.1798365122615804e-05,0.4499782016348774,81.81421847906861,100.0,100.0,83.17928146110421,16.82071853889579,HIGH,SAR is not spatially georeferenced
209_1337,6.220240552665621e-05,0.44993779759447333,81.80687228990423,100.0,100.0,83.17597567598025,16.824024324019746,HIGH,SAR is not spatially georeferenced
212_536,0.8797771307981845,0.4297771307981845,78.14129650876082,100.0,100.0,81.5264665744657,18.4735334255343,HIGH,SAR is not spatially georeferenced
212_538,0.9818262654047124,0.5318262654047123,96.6956846190386,100.0,100.0,89.87594122409071,10.12405877590929,HIGH,SAR is not spatially georeferenced
213_922,0.0012217983651226,0.4487782016348774,81.5960366608868,70.0,100.0,77.0810996429224,22.918900357077604,MODERATE,terrain fallback sampling used; SAR is not spatially georeferenced
214_536,0.8519708522067992,0.40197085220679923,73.08560949214531,100.0,100.0,79.25140741698874,20.74859258301126,MODERATE,SAR is not spatially georeferenced
214_923,6.220240552665621e-05,0.44993779759447333,81.80687228990423,70.0,100.0,77.17597567598025,22.824024324019746,MODERATE,terrain fallback sampling used; SAR is not spatially georeferenced
216_668,0.0155551316984559,0.4344448683015441,78.9899760548262,100.0,100.0,81.90837237019514,18.09162762980486,HIGH,SAR is not spatially georeferenced
218_793,0.0008201826292603,0.4491798173707397,81.66905770377085,100.0,100.0,83.11395911222021,16.886040887779785,HIGH,SAR is not spatially georeferenced
221_1601,7.659288567056101e-05,0.44992340711432943,81.80425583896897,100.0,100.0,83.17479827305938,16.82520172694062,HIGH,SAR is not spatially georeferenced
222_1036,0.0035622024055266,0.4464377975944734,81.17050865354061,70.0,100.0,76.88961203961662,23.110387960383378,MODERATE,terrain fallback sampling used; SAR is not spatially georeferenced
223_498,0.9461307780371888,0.4961307780371888,90.2055960067616,100.0,100.0,86.95540134856606,13.044598651433944,HIGH,SAR is not spatially georeferenced
223_591,0.0115480214570991,0.4384519785429009,79.71854155325471,100.0,100.0,82.23622684448796,17.76377315551204,HIGH,SAR is not spatially georeferenced
224_1401,6.220240552665621e-05,0.44993779759447333,81.80687228990423,100.0,100.0,83.17597567598025,16.824024324019746,HIGH,SAR is not spatially georeferenced
225_41,0.1555020668873609,0.2944979331126391,53.54507874775256,100.0,100.0,70.458168582012,29.541831417988007,MODERATE,SAR is not spatially georeferenced
225_934,0.0010217983651226,0.4489782016348774,81.63240029725043,70.0,100.0,77.09746327928603,22.902536720713968,MODERATE,terrain fallback sampling used; SAR is not spatially georeferenced
226_699,7.659288567056101e-05,0.44992340711432943,81.80425583896897,100.0,100.0,83.17479827305938,16.82520172694062,HIGH,SAR is not spatially georeferenced
227_1644,0.0110131403564646,0.4389868596435354,79.81579266246098,100.0,100.0,82.27998984363077,17.720010156369227,HIGH,SAR is not spatially georeferenced
228_721,0.00114438949584,0.44885561050416,81.61011100075636,100.0,100.0,83.0874330958637,16.9125669041363,HIGH,SAR is not spatially georeferenced
231_1310,6.220240552665621e-05,0.44993779759447333,81.80687228990423,100.0,100.0,83.17597567598025,16.824024324019746,HIGH,SAR is not spatially georeferenced
234_382,0.93871240981241,0.48871240981241,88.85680178407453,100.0,100.0,86.34844394835687,13.651556051643126,HIGH,SAR is not spatially georeferenced
236_1344,0.0008789412222654,0.4491210587777346,81.65837432322446,100.0,100.0,83.10915159097435,16.89084840902565,HIGH,SAR is not spatially georeferenced
237_46,0.0419939607188798,0.4080060392811202,74.18291623293094,100.0,100.0,79.74519545034227,20.254804549657734,MODERATE,SAR is not spatially georeferenced
240_1004,0.0019733135166377,0.4480266864833623,81.4593975424295,70.0,100.0,77.01961203961662,22.980387960383382,MODERATE,terrain fallback sampling used; SAR is not spatially georeferenced
243_522,0.932701219598091,0.48270121959809104,87.76385810874382,100.0,100.0,85.85661929445806,14.143380705541944,HIGH,SAR is not spatially georeferenced
244_467,0.0008217983651226,0.4491782016348774,81.66876393361407,100.0,100.0,83.11382691564967,16.886173084350332,HIGH,SAR is not spatially georeferenced
244_1007,0.0030983135166377,0.4469016864833623,81.25485208788406,70.0,100.0,76.92756658507116,23.072433414928838,MODERATE,terrain fallback sampling used; SAR is not spatially georeferenced
244_1230,2.1798365122615804e-05,0.4499782016348774,81.81421847906861,100.0,100.0,83.17928146110421,16.82071853889579,HIGH,SAR is not spatially georeferenced
245_766,0.1213520202020202,0.32864797979797983,59.75417814508723,100.0,100.0,73.2522633108126,26.747736689187406,MODERATE,SAR is not spatially georeferenced
246_43,0.0734460777784307,0.3765539222215693,68.46434949483078,100.0,100.0,77.17184041819719,22.828159581802808,MODERATE,SAR is not spatially georeferenced
246_358,0.9733938285091674,0.5233938285091675,95.16251427439408,100.0,100.0,89.18601456900069,10.81398543099931,HIGH,SAR is not spatially georeferenced
246_1003,0.0031733135166377,0.4468266864833623,81.24121572424768,70.0,100.0,76.9214302214348,23.078569778565196,MODERATE,terrain fallback sampling used; SAR is not spatially georeferenced
247_358,0.996582622139765,0.5465826221397649,99.37865857086634,100.0,100.0,91.08327950241319,8.916720497586809,HIGH,SAR is not spatially georeferenced
247_361,0.9612636739737804,0.5112636739737804,92.95703163159642,100.0,100.0,88.19354737974173,11.80645262025827,HIGH,SAR is not spatially georeferenced
247_523,0.9877476190476192,0.5377476190476191,97.77229437229438,100.0,100.0,90.3604156130558,9.639584386944193,HIGH,SAR is not spatially georeferenced
248_366,0.981536507936508,0.531536507936508,96.64300144300144,100.0,100.0,89.852233794874,10.147766205126004,HIGH,SAR is not spatially georeferenced
248_398,0.9888934704184702,0.5388934704184702,97.9806309851764,100.0,100.0,90.45416708885273,9.545832911147272,HIGH,SAR is not spatially georeferenced
248_404,0.896082554602955,0.44608255460295504,81.10591901871909,100.0,100.0,82.86054670394694,17.139453296053063,HIGH,SAR is not spatially georeferenced
249_358,0.9840799603174604,0.5340799603174604,97.10544733044733,100.0,100.0,90.06033444422465,9.939665555775349,HIGH,SAR is not spatially georeferenced
250_362,0.9595857426303852,0.5095857426303851,92.65195320552456,100.0,100.0,88.05626208800939,11.94373791199061,HIGH,SAR is not spatially georeferenced
250_404,0.9541158966033968,0.5041158966033967,91.65743574607212,100.0,100.0,87.60872923125581,12.391270768744192,HIGH,SAR is not spatially georeferenced
250_522,0.993112925170068,0.5431129251700679,98.74780457637597,100.0,100.0,90.79939520489253,9.200604795107466,HIGH,SAR is not spatially georeferenced
250_1510,2.1798365122615804e-05,0.4499782016348774,81.81421847906861,100.0,100.0,83.17928146110421,16.82071853889579,HIGH,SAR is not spatially georeferenced
251_407,0.9608540239953284,0.5108540239953283,92.88254981733242,100.0,100.0,88.16003056332292,11.83996943667708,HIGH,SAR is not spatially georeferenced
251_505,0.9215285226705202,0.4715285226705202,85.73245866736731,100.0,100.0,84.94248954583864,15.05751045416136,HIGH,SAR is not spatially georeferenced
251_510,0.9169410245364704,0.4669410245364704,84.89836809754007,100.0,100.0,84.56714878941636,15.432851210583635,HIGH,SAR is not spatially georeferenced
252_358,0.9877928571428573,0.5377928571428572,97.78051948051947,100.0,100.0,90.36411691175711,9.635883088242892,HIGH,SAR is not spatially georeferenced
252_509,0.9532034547152192,0.5032034547152191,91.49153722094891,100.0,100.0,87.53407489495035,12.46592510504965,HIGH,SAR is not spatially georeferenced
252_875,0.0017432595523372,0.44825674044766284,81.50122553593869,70.0,100.0,77.03843463669575,22.961565363304246,MODERATE,terrain fallback sampling used; SAR is not spatially georeferenced
254_507,0.966933257157106,0.5169332571571059,93.98786493765562,100.0,100.0,88.65742236746837,11.34257763253163,HIGH,SAR is not spatially georeferenced
256_365,0.9961,0.5461,99.29090909090908,100.0,100.0,91.04379223643244,8.956207763567562,HIGH,SAR is not spatially georeferenced
256_1265,2.1798365122615804e-05,0.4499782016348774,81.81421847906861,100.0,100.0,83.17928146110421,16.82071853889579,HIGH,SAR is not spatially georeferenced
258_206,0.0944180819180819,0.3555819180819181,64.65125783307602,100.0,100.0,75.45594917040755,24.54405082959245,MODERATE,SAR is not spatially georeferenced
258_678,0.0007288690721933,0.4492711309278067,81.68566016869212,100.0,100.0,83.12143022143479,16.878569778565208,HIGH,SAR is not spatially georeferenced
258_1217,0.0013955357388599,0.4486044642611401,81.56444804748001,100.0,100.0,83.06688476688934,16.933115233110655,HIGH,SAR is not spatially georeferenced
260_357,0.9772920230877205,0.5272920230877205,95.87127692504008,100.0,100.0,89.50495776179137,10.495042238208626,HIGH,SAR is not spatially georeferenced
260_358,0.9519036811887877,0.5019036811887876,91.25521476159774,100.0,100.0,87.42772978824232,12.572270211757683,HIGH,SAR is not spatially georeferenced
262_507,0.9847492346938778,0.5347492346938778,97.22713358070504,100.0,100.0,90.11509325684061,9.88490674315939,HIGH,SAR is not spatially georeferenced
262_1643,2.1798365122615804e-05,0.4499782016348774,81.81421847906861,100.0,100.0,83.17928146110421,16.82071853889579,HIGH,SAR is not spatially georeferenced
263_1026,0.0010622024055266,0.4489377975944734,81.62505410808606,70.0,100.0,77.09415749416206,22.90584250583794,MODERATE,terrain fallback sampling used; SAR is not spatially georeferenced
264_864,0.0052432595523372,0.44475674044766283,80.86486189957506,70.0,100.0,76.75207100033212,23.247928999667877,MODERATE,terrain fallback sampling used; SAR is not spatially georeferenced
264_1413,6.220240552665621e-05,0.44993779759447333,81.80687228990423,100.0,100.0,83.17597567598025,16.824024324019746,HIGH,SAR is not spatially georeferenced
266_413,0.9517215449675211,0.5017215449675212,91.22209908500385,100.0,100.0,87.41282773377507,12.587172266224925,HIGH,SAR is not spatially georeferenced
266_545,0.0238764881198123,0.4261235118801877,77.47700216003412,100.0,100.0,81.2275341175387,18.772465882461304,HIGH,SAR is not spatially georeferenced
267_413,0.9645329430982824,0.5145329430982823,93.5514441996877,100.0,100.0,88.4610330353828,11.538966964617202,HIGH,SAR is not spatially georeferenced
267_576,0.0599114430682456,0.3900885569317544,70.92519216940988,100.0,100.0,78.27921962175779,21.72078037824221,MODERATE,SAR is not spatially georeferenced
268_406,0.9199433507479472,0.4699433507479472,85.44424559053584,100.0,100.0,84.81279366126446,15.187206338735535,HIGH,SAR is not spatially georeferenced
270_329,0.1212406462250452,0.3287593537749548,59.774427959082686,100.0,100.0,73.26137572711055,26.738624272889453,MODERATE,SAR is not spatially georeferenced
271_508,0.9948079365079364,0.5448079365079364,99.05598845598843,100.0,100.0,90.93807795071814,9.061922049281861,HIGH,SAR is not spatially georeferenced
272_1254,0.0044098936032178,0.4455901063967822,81.01638298123312,100.0,100.0,82.82025548707824,17.179744512921758,HIGH,SAR is not spatially georeferenced
273_523,0.95994175643478,0.5099417564347799,92.7166829881418,100.0,100.0,88.08539049018715,11.914609509812848,HIGH,SAR is not spatially georeferenced
273_611,0.1956066642095434,0.25439333579045664,46.253333780083025,100.0,100.0,67.1768833465607,32.8231166534393,MODERATE,SAR is not spatially georeferenced
274_964,6.220240552665621e-05,0.44993779759447333,81.80687228990423,70.0,100.0,77.17597567598025,22.824024324019746,MODERATE,terrain fallback sampling used; SAR is not spatially georeferenced
275_1336,2.1798365122615804e-05,0.4499782016348774,81.81421847906861,100.0,100.0,83.17928146110421,16.82071853889579,HIGH,SAR is not spatially georeferenced
277_511,0.930057553619319,0.48005755361931896,87.2831915671489,100.0,100.0,85.64031935074036,14.359680649259644,HIGH,SAR is not spatially georeferenced
278_398,0.992749248536624,0.5427492485366241,98.68168155211346,100.0,100.0,90.7696398439744,9.230360156025597,HIGH,SAR is not spatially georeferenced
278_421,0.6625715520152793,0.21257155201527927,38.64937309368714,100.0,100.0,63.75510103768255,36.24489896231745,MODERATE,prediction near decision threshold; SAR is not spatially georeferenced
279_381,0.913585364950578,0.46358536495057795,84.28824817283235,100.0,100.0,84.2925948232979,15.707405176702096,HIGH,SAR is not spatially georeferenced
279_1125,0.0020217983651226,0.4479782016348774,81.45058211543224,70.0,100.0,77.01564509746785,22.984354902532147,MODERATE,terrain fallback sampling used; SAR is not spatially georeferenced
280_522,0.921705042016807,0.471705042016807,85.7645530939649,100.0,100.0,84.95693203780755,15.043067962192453,HIGH,SAR is not spatially georeferenced
282_49,0.1380020881079705,0.3119979118920295,56.7268930712781,100.0,100.0,71.88998502759848,28.110014972401515,MODERATE,SAR is not spatially georeferenced
282_503,0.9742312352818682,0.5242312352818681,95.31477005124874,100.0,100.0,89.25452966858528,10.745470331414722,HIGH,SAR is not spatially georeferenced
282_578,0.8911859082210146,0.4411859082210146,80.2156196765481,100.0,100.0,82.45991199996999,17.54008800003001,HIGH,SAR is not spatially georeferenced
282_1317,0.0010217983651226,0.4489782016348774,81.63240029725043,100.0,100.0,83.09746327928603,16.902536720713968,HIGH,SAR is not spatially georeferenced
283_447,0.0058312937403714,0.4441687062596286,80.75794659265975,100.0,100.0,82.70395911222023,17.296040887779768,HIGH,SAR is not spatially georeferenced
283_522,0.9684201213818864,0.5184201213818864,94.25820388761571,100.0,100.0,88.77907489495041,11.220925105049588,HIGH,SAR is not spatially georeferenced
283_560,0.9145758816550162,0.46457588165501623,84.46834211909385,100.0,100.0,84.37363709911557,15.62636290088443,HIGH,SAR is not spatially georeferenced
283_573,0.9735652736770384,0.5235652736770384,95.19368612309789,100.0,100.0,89.2000419009174,10.799958099082602,HIGH,SAR is not spatially georeferenced
283_574,0.9512974662592312,0.5012974662592311,91.14499386531475,100.0,100.0,87.37813038491498,12.621869615085018,HIGH,SAR is not spatially georeferenced
283_575,0.8030531437235294,0.3530531437235294,64.19148067700534,100.0,100.0,75.24904945017575,24.750950549824253,MODERATE,SAR is not spatially georeferenced
283_1089,6.220240552665621e-05,0.44993779759447333,81.80687228990423,70.0,100.0,77.17597567598025,22.824024324019746,MODERATE,terrain fallback sampling used; SAR is not spatially georeferenced
283_1342,2.1798365122615804e-05,0.4499782016348774,81.81421847906861,100.0,100.0,83.17928146110421,16.82071853889579,HIGH,SAR is not spatially georeferenced
286_916,0.0048467983651226,0.4451532016348774,80.93694575179589,70.0,100.0,76.7845087338315,23.2154912661685,MODERATE,terrain fallback sampling used; SAR is not spatially georeferenced
287_381,0.967474508657706,0.517474508657706,94.08627430140108,100.0,100.0,88.70170658115383,11.298293418846171,HIGH,SAR is not spatially georeferenced
287_575,0.9095131464231008,0.45951314642310076,83.54784480420014,100.0,100.0,83.9594133074134,16.0405866925866,HIGH,SAR is not spatially georeferenced
287_915,0.0026706078889321,0.4473293921110679,81.33261674746689,70.0,100.0,76.96256068188345,23.037439318116554,MODERATE,terrain fallback sampling used; SAR is not spatially georeferenced
288_502,0.985561485421592,0.535561485421592,97.37481553119854,100.0,100.0,90.18155013456268,9.818449865437316,HIGH,SAR is not spatially georeferenced
289_1159,2.1798365122615804e-05,0.4499782016348774,81.81421847906861,100.0,100.0,83.17928146110421,16.82071853889579,HIGH,SAR is not spatially georeferenced
290_389,0.9730592025352572,0.5230592025352572,95.10167318822856,100.0,100.0,89.15863608022619,10.841363919773812,HIGH,SAR is not spatially georeferenced
290_496,0.9772243381372612,0.5272243381372612,95.85897057041112,100.0,100.0,89.49941990220834,10.500580097791655,HIGH,SAR is not spatially georeferenced
290_497,0.9958462585034016,0.5458462585034016,99.24477427334574,100.0,100.0,91.02303156852892,8.976968431471079,HIGH,SAR is not spatially georeferenced
292_192,0.16308371260737,0.28691628739263,52.1665977077509,100.0,100.0,69.83785211401126,30.162147885988745,MODERATE,SAR is not spatially georeferenced
292_534,0.9846765124918516,0.5346765124918516,97.21391136215482,100.0,100.0,90.10914325849302,9.89085674150698,HIGH,SAR is not spatially georeferenced
293_535,0.9538859821888214,0.5038859821888213,91.61563312524022,100.0,100.0,87.58991805188144,12.41008194811856,HIGH,SAR is not spatially georeferenced
294_537,0.9929699633699636,0.5429699633699636,98.72181152181156,100.0,100.0,90.78769833033854,9.212301669661457,HIGH,SAR is not spatially georeferenced
294_571,0.8960453905571558,0.4460453905571558,81.09916191948287,100.0,100.0,82.85750600929063,17.14249399070937,HIGH,SAR is not spatially georeferenced
295_538,0.9911380952380952,0.5411380952380951,98.38874458874454,100.0,100.0,90.63781821045839,9.362181789541609,HIGH,SAR is not spatially georeferenced
295_704,0.0029408459841702,0.4470591540158298,81.28348254833269,100.0,100.0,82.94045029227306,17.059549707726944,HIGH,SAR is not spatially georeferenced
296_126,0.1872241171099183,0.2627758828900817,47.77743325274212,100.0,100.0,67.8627281092573,32.137271890742696,MODERATE,SAR is not spatially georeferenced
296_534,0.6895419358419356,0.23954193584193556,43.55307924398828,100.0,100.0,65.96176880531807,34.03823119468193,MODERATE,SAR is not spatially georeferenced
296_640,0.0092399801833044,0.4407600198166956,80.13818542121737,100.0,100.0,82.42506658507116,17.574933414928836,HIGH,SAR is not spatially georeferenced
297_393,0.8930097497652418,0.4430097497652418,80.54722723004396,100.0,100.0,82.60913539904313,17.390864600956874,HIGH,SAR is not spatially georeferenced
297_422,0.9683542483660132,0.5183542483660133,94.24622697563876,100.0,100.0,88.77368528456078,11.226314715439216,HIGH,SAR is not spatially georeferenced
297_537,0.9691501504447936,0.5191501504447935,94.3909364445079,100.0,100.0,88.8388045455519,11.161195454448105,HIGH,SAR is not spatially georeferenced
298_424,0.965708938120703,0.515708938120703,93.76526147649143,100.0,100.0,88.55725080994449,11.442749190055508,HIGH,SAR is not spatially georeferenced
300_218,0.6347898050315699,0.1847898050315699,33.598146369376344,100.0,100.0,61.4820490117427,38.5179509882573,MODERATE,prediction near decision threshold; SAR is not spatially georeferenced
300_539,0.9731989865561294,0.5231989865561293,95.12708846475077,100.0,100.0,89.17007295466118,10.82992704533882,HIGH,SAR is not spatially georeferenced
301_14,0.0164104694042284,0.4335895305957716,78.8344601083221,100.0,100.0,81.8383901942683,18.1616098057317,HIGH,SAR is not spatially georeferenced
301_608,0.9589627340682576,0.5089627340682576,92.53867892150139,70.0,100.0,82.00528866019897,17.99471133980103,HIGH,terrain fallback sampling used; SAR is not spatially georeferenced
301_865,0.0218792335783112,0.42812076642168884,77.84013934939796,70.0,100.0,75.39094585275242,24.609054147247576,MODERATE,terrain fallback sampling used; SAR is not spatially georeferenced
302_513,0.9404491280038776,0.4904491280038776,89.17256872797773,100.0,100.0,86.49053907311333,13.509460926886675,HIGH,SAR is not spatially georeferenced
302_539,0.9712682783754214,0.5212682783754214,94.77605061371298,100.0,100.0,89.01210592169419,10.987894078305814,HIGH,SAR is not spatially georeferenced
302_874,0.0248930431021207,0.4251069568978793,77.2921739814326,70.0,100.0,75.14436143716802,24.855638562831984,MODERATE,terrain fallback sampling used; SAR is not spatially georeferenced
302_1466,6.220240552665621e-05,0.44993779759447333,81.80687228990423,100.0,100.0,83.17597567598025,16.824024324019746,HIGH,SAR is not spatially georeferenced
304_429,0.8360817541935189,0.3860817541935189,70.1966825806398,100.0,100.0,77.95139030681125,22.04860969318875,MODERATE,SAR is not spatially georeferenced
304_563,0.9842318877204425,0.5342318877204424,97.13307049462588,100.0,100.0,90.072764868105,9.927235131895003,HIGH,SAR is not spatially georeferenced
305_463,0.9583711603429254,0.5083711603429253,92.43112006235005,100.0,100.0,87.95688717358087,12.043112826419133,HIGH,SAR is not spatially georeferenced
306_907,0.0010217983651226,0.4489782016348774,81.63240029725043,70.0,100.0,77.09746327928603,22.902536720713968,MODERATE,terrain fallback sampling used; SAR is not spatially georeferenced
308_510,0.995377435064935,0.545377435064935,99.15953364816998,100.0,100.0,90.98467328719983,9.015326712800174,HIGH,SAR is not spatially georeferenced
311_430,0.9055127287744934,0.4555127287744934,82.82049614081697,100.0,100.0,83.63210640889098,16.367893591109024,HIGH,SAR is not spatially georeferenced
311_595,0.9450576460056476,0.49505764600564756,90.01048109193592,100.0,100.0,86.86759963689451,13.13240036310549,HIGH,SAR is not spatially georeferenced
312_430,0.958510644662642,0.508510644662642,92.45648084775307,100.0,100.0,87.96829952701222,12.03170047298778,HIGH,SAR is not spatially georeferenced
312_903,0.0009250777341554,0.4490749222658446,81.6499858665172,70.0,100.0,77.10537678545609,22.894623214543913,MODERATE,terrain fallback sampling used; SAR is not spatially georeferenced
313_1582,0.0030448468539245,0.44695515314607553,81.26457329928645,100.0,100.0,82.93194113020225,17.068058869797753,HIGH,SAR is not spatially georeferenced
314_442,0.9882483268983268,0.5382483268983267,97.86333216333212,100.0,100.0,90.4013826190228,9.598617380977203,HIGH,SAR is not spatially georeferenced
314_1575,0.0028891254824497,0.4471108745175503,81.29288627591824,100.0,100.0,82.94468196968654,17.055318030313458,HIGH,SAR is not spatially georeferenced
315_269,0.5998713565366959,0.14987135653669587,27.24933755212652,100.0,100.0,58.62508504398028,41.37491495601972,LOW,prediction near decision threshold; SAR is not spatially georeferenced
315_467,0.9062769900687552,0.45627699006875516,82.95945273977365,100.0,100.0,83.69463687842148,16.305363121578523,HIGH,SAR is not spatially georeferenced
315_505,0.9940257936507938,0.5440257936507937,98.91378066378067,100.0,100.0,90.87408444422465,9.12591555577535,HIGH,SAR is not spatially georeferenced
315_1482,0.0004622024055266,0.44953779759447343,81.73414501717698,100.0,100.0,83.14324840325298,16.856751596747017,HIGH,SAR is not spatially georeferenced
316_50,0.5113534633188022,0.06135346331880215,11.155175148873116,100.0,100.0,51.38271196251624,48.61728803748376,LOW,prediction near decision threshold; SAR is not spatially georeferenced
316_298,0.528459966236175,0.07845996623617496,14.265448406577264,100.0,100.0,52.78233492848311,47.21766507151689,LOW,prediction near decision threshold; SAR is not spatially georeferenced
317_380,0.9251392544492548,0.4751392544492548,86.38895535440996,100.0,100.0,85.23791305500782,14.762086944992177,HIGH,SAR is not spatially georeferenced
317_593,0.9103067787639222,0.4603067787639222,83.69214159344038,100.0,100.0,84.02434686257152,15.97565313742848,HIGH,SAR is not spatially georeferenced
318_526,0.8061313212930866,0.3561313212930866,64.75114932601575,100.0,100.0,75.50090034223044,24.499099657769563,MODERATE,SAR is not spatially georeferenced
318_584,0.972290476190476,0.5222904761904761,94.96190476190473,100.0,100.0,89.09574028838047,10.904259711619531,HIGH,SAR is not spatially georeferenced
318_593,0.9038558551018308,0.45385585510183074,82.51924638215104,100.0,100.0,83.49654401749132,16.503455982508683,HIGH,SAR is not spatially georeferenced
320_406,0.9989642857142856,0.5489642857142856,99.81168831168827,100.0,100.0,91.27814288578307,8.721857114216931,HIGH,SAR is not spatially georeferenced
320_590,0.992902976190476,0.542902976190476,98.709632034632,100.0,100.0,90.78221756110774,9.217782438892257,HIGH,SAR is not spatially georeferenced
321_1016,6.220240552665621e-05,0.44993779759447333,81.80687228990423,100.0,100.0,83.17597567598025,16.824024324019746,HIGH,SAR is not spatially georeferenced
323_558,0.9872716265646498,0.5372716265646498,97.68575028448177,100.0,100.0,90.32147077354014,9.678529226459858,HIGH,SAR is not spatially georeferenced
323_585,0.9961333333333332,0.5461333333333331,99.29696969696965,100.0,100.0,91.04651950915968,8.95348049084032,HIGH,SAR is not spatially georeferenced
324_579,0.9897261904761906,0.5397261904761905,98.13203463203463,100.0,100.0,90.52229872993892,9.477701270061075,HIGH,SAR is not spatially georeferenced
325_476,0.9517067039631149,0.5017067039631149,91.21940072056634,100.0,100.0,87.41161346977819,12.588386530221811,HIGH,SAR is not spatially georeferenced
328_603,0.913143519305444,0.463143519305444,84.20791260098981,100.0,100.0,84.25644381596877,15.743556184031235,HIGH,SAR is not spatially georeferenced
328_1011,0.0075598936032178,0.4424401063967822,80.44365570850586,100.0,100.0,82.56252821435098,17.437471785649024,HIGH,SAR is not spatially georeferenced
330_410,0.6611975117905355,0.21119751179053553,38.399547598279185,100.0,100.0,63.642679564748974,36.357320435251026,MODERATE,prediction near decision threshold; SAR is not spatially georeferenced
330_497,0.9918833333333332,0.5418833333333333,98.5242424242424,100.0,100.0,90.69879223643242,9.301207763567575,HIGH,SAR is not spatially georeferenced
331_361,0.9970557823129252,0.5470557823129252,99.46468769325911,100.0,100.0,91.12199260748994,8.878007392510057,HIGH,SAR is not spatially georeferenced
331_600,0.9120028266134595,0.46200282661345954,84.00051392971992,100.0,100.0,84.1631144138973,15.836885586102696,HIGH,SAR is not spatially georeferenced
331_1374,0.0475604617604617,0.4024395382395383,73.17082513446151,100.0,100.0,79.28975445603102,20.71024554396898,MODERATE,SAR is not spatially georeferenced
332_495,0.8469123967083725,0.3969123967083725,72.16589031061316,100.0,100.0,78.83753378529926,21.162466214700743,MODERATE,SAR is not spatially georeferenced
332_535,0.8859106060606062,0.4359106060606062,79.25647382920113,100.0,100.0,82.02829636866386,17.97170363133614,HIGH,SAR is not spatially georeferenced
333_646,0.0504019193707796,0.3995980806292204,72.65419647804006,100.0,100.0,79.05727156064137,20.942728439358632,MODERATE,SAR is not spatially georeferenced
334_359,0.9868896222318716,0.5368896222318715,97.61629495124936,100.0,100.0,90.29021587358555,9.709784126414448,HIGH,SAR is not spatially georeferenced
334_406,0.9578325863678804,0.5078325863678803,92.33319752143278,100.0,100.0,87.91282203016809,12.087177969831913,HIGH,SAR is not spatially georeferenced
334_536,0.9778497831303066,0.5278497831303066,95.97268784187392,100.0,100.0,89.55059267436661,10.449407325633388,HIGH,SAR is not spatially georeferenced
334_764,0.0021551316984559,0.44784486830154413,81.42633969118982,70.0,100.0,77.00473600655877,22.995263993441228,MODERATE,terrain fallback sampling used; SAR is not spatially georeferenced
335_896,0.0032932269365511,0.4467067730634489,81.21941328426342,70.0,100.0,76.91161912344188,23.08838087655812,MODERATE,terrain fallback sampling used; SAR is not spatially georeferenced
336_399,0.8654599343185548,0.4154599343185548,75.53816987610087,100.0,100.0,80.35505958976873,19.64494041023127,HIGH,SAR is not spatially georeferenced
337_398,0.9214503603308836,0.47145036033088356,85.71824733288791,100.0,100.0,84.93609444532291,15.063905554677092,HIGH,SAR is not spatially georeferenced
337_820,0.0010622024055266,0.4489377975944734,81.62505410808606,70.0,100.0,77.09415749416206,22.90584250583794,MODERATE,terrain fallback sampling used; SAR is not spatially georeferenced
338_294,0.616845311013591,0.16684531101359096,30.335511093380173,100.0,100.0,60.01386313754442,39.98613686245558,MODERATE,prediction near decision threshold; SAR is not spatially georeferenced
338_466,0.9398256235827664,0.48982562358276643,89.0592042877757,100.0,100.0,86.4395250750224,13.560474924977598,HIGH,SAR is not spatially georeferenced
338_513,0.8762137821988886,0.42621378219888856,77.49341494525245,100.0,100.0,81.23491987088696,18.765080129113045,HIGH,SAR is not spatially georeferenced
338_924,0.0027995761429003,0.44720042385709974,81.30916797401812,70.0,100.0,76.95200873383149,23.04799126616851,MODERATE,terrain fallback sampling used; SAR is not spatially georeferenced
338_1072,0.0039134650317892,0.4460865349682108,81.10664272149288,70.0,100.0,76.86087237019514,23.13912762980486,MODERATE,terrain fallback sampling used; SAR is not spatially georeferenced
338_1406,0.2779641774891775,0.1720358225108225,31.27924045651318,100.0,100.0,60.43854135095428,39.56145864904572,MODERATE,prediction near decision threshold; SAR is not spatially georeferenced
338_1654,0.0142437430870673,0.43575625691293274,79.22841034780595,100.0,100.0,82.01566780203602,17.98433219796398,HIGH,SAR is not spatially georeferenced
339_465,0.965255425262568,0.5152554252625681,93.68280459319419,100.0,100.0,88.52014521246073,11.479854787539267,HIGH,SAR is not spatially georeferenced
339_466,0.9797985673057102,0.5297985673057102,96.32701223740185,100.0,100.0,89.71003865235417,10.289961347645828,HIGH,SAR is not spatially georeferenced
339_467,0.992595238095238,0.5425952380952379,98.65367965367962,100.0,100.0,90.75703898967916,9.24296101032084,HIGH,SAR is not spatially georeferenced
339_490,0.976298446113785,0.526298446113785,95.69062656614271,100.0,100.0,89.42366510028756,10.576334899712435,HIGH,SAR is not spatially georeferenced
339_491,0.9865330447330446,0.5365330447330445,97.55146267873536,100.0,100.0,90.26104135095426,9.738958649045742,HIGH,SAR is not spatially georeferenced
340_465,0.9350853397924822,0.4850853397924822,88.19733450772402,100.0,100.0,86.05168367399915,13.94831632600085,HIGH,SAR is not spatially georeferenced
341_486,0.992222619047619,0.5422226190476189,98.5859307359307,100.0,100.0,90.72655197669215,9.27344802330785,HIGH,SAR is not spatially georeferenced
342_465,0.8126013139200411,0.3626013139200411,65.92751162182564,100.0,100.0,76.03026337534487,23.969736624655127,MODERATE,SAR is not spatially georeferenced
342_468,0.9432338399189464,0.49323383991894637,89.67887998526297,100.0,100.0,86.71837913889168,13.281620861108323,HIGH,SAR is not spatially georeferenced
343_359,0.9144244439290868,0.4644244439290868,84.4408079871067,100.0,100.0,84.36124673972135,15.638753260278648,HIGH,SAR is not spatially georeferenced
345_474,0.96556304727019,0.51556304727019,93.73873586730727,100.0,100.0,88.54531428581161,11.454685714188386,HIGH,SAR is not spatially georeferenced
346_836,0.0006884650317892,0.4493115349682108,81.6930063578565,70.0,100.0,77.12473600655878,22.875263993441223,MODERATE,terrain fallback sampling used; SAR is not spatially georeferenced
348_1302,0.0005622024055266,0.4494377975944734,81.71596319899515,100.0,100.0,83.13506658507117,16.864933414928828,HIGH,SAR is not spatially georeferenced
350_510,0.9357853517276016,0.48578535172760157,88.32460940501846,100.0,100.0,86.10895737778165,13.89104262221835,HIGH,SAR is not spatially georeferenced
350_606,0.99317934662237,0.54317934662237,98.75988120406727,100.0,100.0,90.80482968735362,9.195170312646383,HIGH,SAR is not spatially georeferenced
351_413,0.9899768398268396,0.5399768398268396,98.17760724124356,100.0,100.0,90.54280640408294,9.457193595917062,HIGH,SAR is not spatially georeferenced
351_482,0.9374376847902284,0.48743768479022836,88.62503359822334,100.0,100.0,86.24414826472385,13.755851735276153,HIGH,SAR is not spatially georeferenced
351_510,0.97057153246723,0.52057153246723,94.64936953949635,100.0,100.0,88.9550994382967,11.044900561703301,HIGH,SAR is not spatially georeferenced
353_512,0.953669416065114,0.5036694160651141,91.57625746638438,100.0,100.0,87.57219900539631,12.427800994603686,HIGH,SAR is not spatially georeferenced
355_106,0.0378020512040711,0.4121979487959289,74.9450815992598,100.0,100.0,80.08816986519025,19.911830134809748,HIGH,SAR is not spatially georeferenced
355_852,0.0010217983651226,0.4489782016348774,81.63240029725043,70.0,100.0,77.09746327928603,22.902536720713968,MODERATE,terrain fallback sampling used; SAR is not spatially georeferenced
356_608,0.4653155844155846,0.015315584415584615,2.7846517119244756,100.0,100.0,47.615976415889364,52.384023584110636,LOW,prediction near decision threshold; SAR is not spatially georeferenced
358_530,0.9262548853486128,0.47625488534861277,86.59179733611141,100.0,100.0,85.32919194677348,14.670808053226523,HIGH,SAR is not spatially georeferenced
358_1363,0.0042442847299818,0.4457557152700182,81.04649368545786,100.0,100.0,82.83380530397937,17.166194696020625,HIGH,SAR is not spatially georeferenced
360_264,0.5113533686619894,0.06135336866198943,11.15515793854353,100.0,100.0,51.382704217867925,48.617295782132075,LOW,prediction near decision threshold; SAR is not spatially georeferenced
360_519,0.8926428142779207,0.4426428142779207,80.48051168689466,100.0,100.0,82.57911340462593,17.42088659537407,HIGH,SAR is not spatially georeferenced
360_1070,0.0222803120736363,0.4277196879263637,77.76721598661157,100.0,100.0,81.35813033949856,18.641869660501442,HIGH,SAR is not spatially georeferenced
363_189,0.1574280021485515,0.2925719978514485,53.194908700263355,100.0,100.0,70.30059206064185,29.699407939358153,MODERATE,SAR is not spatially georeferenced
363_966,0.0022217983651226,0.4477782016348774,81.41421847906861,70.0,100.0,76.99928146110422,23.000718538895782,MODERATE,terrain fallback sampling used; SAR is not spatially georeferenced
364_545,0.7484782188399836,0.29847821883998354,54.26876706181518,100.0,100.0,70.78382832334017,29.216171676659826,MODERATE,SAR is not spatially georeferenced
367_468,0.0672695072786764,0.38273049272132365,69.58736231296793,100.0,100.0,77.67719618635891,22.322803813641087,MODERATE,SAR is not spatially georeferenced
368_367,0.9950622222222224,0.5450622222222223,99.10222222222224,100.0,100.0,90.95888314552334,9.041116854476655,HIGH,SAR is not spatially georeferenced
368_829,6.220240552665621e-05,0.44993779759447333,81.80687228990423,70.0,100.0,77.17597567598025,22.824024324019746,MODERATE,terrain fallback sampling used; SAR is not spatially georeferenced
369_539,0.9612759655377304,0.5112759655377304,92.9592664614055,100.0,100.0,88.19455305315583,11.805446946844171,HIGH,SAR is not spatially georeferenced
370_476,0.157538771470018,0.292461228529982,53.17476882363309,100.0,100.0,70.29152911615823,29.70847088384177,MODERATE,SAR is not spatially georeferenced
372_119,0.0346443715321448,0.41535562846785523,75.51920517597367,100.0,100.0,80.34652547471148,19.653474525288516,HIGH,SAR is not spatially georeferenced
372_368,0.9786853535353536,0.5286853535353535,96.12460973370062,100.0,100.0,89.61895752568861,10.381042474311386,HIGH,SAR is not spatially georeferenced
373_448,0.8864971058971061,0.43649710589710605,79.36311016311018,100.0,100.0,82.07628271892293,17.923717281077074,HIGH,SAR is not spatially georeferenced
373_717,0.0026884650317892,0.4473115349682108,81.32936999422013,70.0,100.0,76.96109964292239,23.03890035707761,MODERATE,terrain fallback sampling used; SAR is not spatially georeferenced
376_613,0.9450858044733044,0.49508580447330436,90.01560081332805,100.0,100.0,86.86990351152096,13.13009648847904,HIGH,SAR is not spatially georeferenced
376_614,0.983265003052503,0.533265003052503,96.95727328227328,100.0,100.0,89.99365612254633,10.006343877453673,HIGH,SAR is not spatially georeferenced
377_494,0.8505763748183722,0.4005763748183722,72.83206814879493,100.0,100.0,79.13731381248107,20.862686187518932,MODERATE,SAR is not spatially georeferenced
377_504,0.9399769094544528,0.48997690945445277,89.0867108099005,100.0,100.0,86.45190300997857,13.548096990021435,HIGH,SAR is not spatially georeferenced
379_464,0.9913277777777778,0.5413277777777779,98.42323232323233,100.0,100.0,90.65333769097789,9.346662309022108,HIGH,SAR is not spatially georeferenced
381_395,0.938739660024766,0.48873966002476604,88.86175636813928,100.0,100.0,86.35067351118602,13.649326488813983,HIGH,SAR is not spatially georeferenced
381_468,0.9963905982905984,0.5463905982905983,99.34374514374514,100.0,100.0,91.06756846020866,8.932431539791338,HIGH,SAR is not spatially georeferenced
382_638,0.0064723565423037,0.4435276434576963,80.64138971958114,100.0,100.0,82.65150851933485,17.348491480665146,HIGH,SAR is not spatially georeferenced
383_922,2.1798365122615804e-05,0.4499782016348774,81.81421847906861,70.0,100.0,77.17928146110421,22.82071853889579,MODERATE,terrain fallback sampling used; SAR is not spatially georeferenced
384_469,0.94753463356974,0.49753463356974,90.46084246722545,100.0,100.0,87.0702622557748,12.929737744225207,HIGH,SAR is not spatially georeferenced
384_549,0.0745249453188971,0.3754750546811029,68.26819176020052,100.0,100.0,77.08356943761358,22.916430562386424,MODERATE,SAR is not spatially georeferenced
384_1393,0.0150666666666666,0.4349333333333334,79.07878787878788,100.0,100.0,81.9483376909779,18.051662309022106,HIGH,SAR is not spatially georeferenced
386_469,0.9940729933580996,0.5440729933580997,98.92236242874539,100.0,100.0,90.87794623845878,9.122053761541224,HIGH,SAR is not spatially georeferenced
386_471,0.9947126126126126,0.5447126126126125,99.03865683865682,100.0,100.0,90.93027872291891,9.069721277081086,HIGH,SAR is not spatially georeferenced
386_685,0.0032884650317892,0.4467115349682108,81.22027908512923,70.0,100.0,76.9120087338315,23.0879912661685,MODERATE,terrain fallback sampling used; SAR is not spatially georeferenced
388_927,0.0012134650317892,0.4487865349682108,81.59755181240196,70.0,100.0,77.08178146110421,22.918218538895786,MODERATE,terrain fallback sampling used; SAR is not spatially georeferenced
391_315,0.1404023809523809,0.3095976190476191,56.2904761904762,100.0,100.0,71.69359743123763,28.306402568762365,MODERATE,SAR is not spatially georeferenced
391_522,0.9644786172161176,0.5144786172161175,93.54156676656682,100.0,100.0,88.45658819047841,11.543411809521587,HIGH,SAR is not spatially georeferenced
393_437,0.9842256235827664,0.5342256235827665,97.13193156050299,100.0,100.0,90.0722523477497,9.927747652250304,HIGH,SAR is not spatially georeferenced
394_671,0.0358970766815774,0.41410292331842263,75.29144060334957,100.0,100.0,80.24403141703064,19.75596858296936,HIGH,SAR is not spatially georeferenced
394_1262,0.0070765602698845,0.4429234397301155,80.53153449638462,100.0,100.0,82.60207366889642,17.397926331103577,HIGH,SAR is not spatially georeferenced
394_1503,0.0280388888888888,0.42196111111111123,76.72020202020204,100.0,100.0,80.88697405461426,19.113025945385743,HIGH,SAR is not spatially georeferenced
395_1491,6.220240552665621e-05,0.44993779759447333,81.80687228990423,100.0,100.0,83.17597567598025,16.824024324019746,HIGH,SAR is not spatially georeferenced
396_198,0.0216931985022761,0.42830680149772393,77.87396390867707,100.0,100.0,81.40616690442803,18.593833095571966,HIGH,SAR is not spatially georeferenced
396_1282,0.0030551316984559,0.4469448683015441,81.26270332755347,70.0,100.0,76.9310996429224,23.068900357077595,MODERATE,terrain fallback sampling used; SAR is not spatially georeferenced
396_1560,0.0332272096205338,0.41677279037946624,75.77687097808476,100.0,100.0,80.46247508566148,19.53752491433852,HIGH,SAR is not spatially georeferenced
397_969,0.0018134650317892,0.4481865349682108,81.48846090331105,70.0,100.0,77.03269055201332,22.96730944798668,MODERATE,terrain fallback sampling used; SAR is not spatially georeferenced
398_366,0.9696499815430047,0.5196499815430047,94.48181482600084,100.0,100.0,88.87969981722372,11.120300182776276,HIGH,SAR is not spatially georeferenced
398_393,0.5222474451904688,0.07224744519046883,13.135899125539785,100.0,100.0,52.27403775201624,47.72596224798376,LOW,prediction near decision threshold; SAR is not spatially georeferenced
398_514,0.9746569902319904,0.5246569902319904,95.39218004218006,100.0,100.0,89.28936416450438,10.710635835495623,HIGH,SAR is not spatially georeferenced
398_612,0.1291596808420338,0.3208403191579662,58.33460348326658,100.0,100.0,72.6134547129933,27.386545287006697,MODERATE,SAR is not spatially georeferenced
398_636,0.1797190570299267,0.2702809429700733,49.14198963092242,100.0,100.0,68.47677847943844,31.523221520561563,MODERATE,SAR is not spatially georeferenced
398_724,0.0027884650317892,0.4472115349682108,81.31118817603831,70.0,100.0,76.95291782474058,23.04708217525942,MODERATE,terrain fallback sampling used; SAR is not spatially georeferenced
399_176,0.1978131440454968,0.2521868559545032,45.85215562809148,100.0,100.0,66.99635317816451,33.00364682183549,MODERATE,SAR is not spatially georeferenced
399_549,0.9145399267399272,0.4645399267399272,84.46180486180495,100.0,100.0,84.37069533333556,15.629304666664439,HIGH,SAR is not spatially georeferenced
400_148,0.6996757908757913,0.24967579087579134,45.39559834105297,100.0,100.0,66.79090239899718,33.209097601002824,MODERATE,SAR is not spatially georeferenced
404_506,0.8026797389406084,0.3526797389406084,64.12358889829243,100.0,100.0,75.21849814975494,24.781501850245064,MODERATE,SAR is not spatially georeferenced
405_401,0.8950329541259777,0.4450329541259777,80.91508256835958,100.0,100.0,82.77467030128516,17.225329698714845,HIGH,SAR is not spatially georeferenced
406_394,0.6975130686916433,0.2475130686916433,45.00237612575332,100.0,100.0,66.61395240211233,33.38604759788767,MODERATE,SAR is not spatially georeferenced
406_456,0.9268661811887878,0.4768661811887878,86.70294203432505,100.0,100.0,85.3792070609696,14.620792939030395,HIGH,SAR is not spatially georeferenced
406_513,0.9804149350649356,0.5304149350649356,96.43907910271557,100.0,100.0,89.76046874174534,10.239531258254658,HIGH,SAR is not spatially georeferenced
407_527,0.989468253968254,0.539468253968254,98.08513708513709,100.0,100.0,90.50119483383503,9.49880516616497,HIGH,SAR is not spatially georeferenced
407_1330,6.220240552665621e-05,0.44993779759447333,81.80687228990423,100.0,100.0,83.17597567598025,16.824024324019746,HIGH,SAR is not spatially georeferenced
408_650,0.7694379055230122,0.31943790552301216,58.079619186002205,100.0,100.0,72.49871177922434,27.501288220775663,MODERATE,SAR is not spatially georeferenced
409_488,0.9823366337796572,0.5323366337796571,96.78847886902857,100.0,100.0,89.9176986365862,10.082301363413805,HIGH,SAR is not spatially georeferenced
409_509,0.9644715284715286,0.5144715284715287,93.54027790391429,100.0,100.0,88.45600820228478,11.543991797715222,HIGH,SAR is not spatially georeferenced
409_663,0.9178297313797312,0.4678297313797312,85.05995115995113,100.0,100.0,84.63986116750135,15.360138832498649,HIGH,SAR is not spatially georeferenced
410_480,0.91864205500382,0.46864205500382,85.2076463643309,100.0,100.0,84.70632400947224,15.29367599052776,HIGH,SAR is not spatially georeferenced
410_491,0.9351501438806678,0.48515014388066774,88.20911706921231,100.0,100.0,86.05698582666889,13.943014173331107,HIGH,SAR is not spatially georeferenced
410_662,0.9098061660561664,0.45980616605616637,83.60112110112115,100.0,100.0,83.98338764102786,16.01661235897214,HIGH,SAR is not spatially georeferenced
410_712,0.0025217983651226,0.4474782016348774,81.35967302452316,100.0,100.0,82.97473600655877,17.02526399344123,HIGH,SAR is not spatially georeferenced
411_386,0.939573860817588,0.48957386081758797,89.01342923956143,100.0,100.0,86.41892630332599,13.58107369667401,HIGH,SAR is not spatially georeferenced
412_399,0.941414677757958,0.49141467775795794,89.34812322871963,100.0,100.0,86.56953859844717,13.430461401552833,HIGH,SAR is not spatially georeferenced
412_530,0.6059922448352686,0.15599224483526858,28.362226333685193,100.0,100.0,59.12588499568169,40.87411500431831,LOW,prediction near decision threshold; SAR is not spatially georeferenced
412_660,0.7799751083404473,0.32997510834044724,59.99547424371767,100.0,100.0,73.36084655519629,26.63915344480371,MODERATE,SAR is not spatially georeferenced
413_231,0.034496483583286,0.415503516416714,75.546093893948,100.0,100.0,80.35862539779994,19.64137460220006,HIGH,SAR is not spatially georeferenced
413_476,0.90737091503268,0.45737091503267996,83.15834818775998,100.0,100.0,83.78413983001533,16.215860169984666,HIGH,SAR is not spatially georeferenced
413_656,0.8911963980463978,0.4411963980463978,80.21752691752687,100.0,100.0,82.46077025841043,17.539229741589565,HIGH,SAR is not spatially georeferenced
413_847,6.220240552665621e-05,0.44993779759447333,81.80687228990423,70.0,100.0,77.17597567598025,22.824024324019746,MODERATE,terrain fallback sampling used; SAR is not spatially georeferenced
414_365,0.9627665109567438,0.5127665109567439,93.23027471940797,100.0,100.0,88.31650676925693,11.683493230743068,HIGH,SAR is not spatially georeferenced
414_425,0.9853988095238096,0.5353988095238096,97.3452380952381,100.0,100.0,90.16824028838049,9.831759711619512,HIGH,SAR is not spatially georeferenced
415_392,0.9864543425644487,0.5364543425644488,97.53715319353614,100.0,100.0,90.25460208261461,9.74539791738539,HIGH,SAR is not spatially georeferenced
416_384,0.9596771250842676,0.5096771250842675,92.66856819713955,100.0,100.0,88.06373883423615,11.936261165763852,HIGH,SAR is not spatially georeferenced
418_645,0.8449511599511602,0.3949511599511602,71.80930180930186,100.0,100.0,78.67706895970917,21.322931040290825,MODERATE,SAR is not spatially georeferenced
419_394,0.9764887605042016,0.5264887605042017,95.72522918258211,100.0,100.0,89.4392362776853,10.560763722314704,HIGH,SAR is not spatially georeferenced
419_1157,0.0037400523333765,0.4462599476666235,81.13817230302244,100.0,100.0,82.87506068188344,17.12493931811656,HIGH,SAR is not spatially georeferenced
420_476,0.0622253212587467,0.3877746787412533,70.50448704386424,100.0,100.0,78.08990231526225,21.91009768473775,MODERATE,SAR is not spatially georeferenced
422_365,0.9797979974160208,0.5297979974160207,96.32690862109467,100.0,100.0,89.70999202501594,10.290007974984064,HIGH,SAR is not spatially georeferenced
424_174,0.7264452494411777,0.2764452494411777,50.262772625668674,100.0,100.0,68.98113082707425,31.018869172925747,MODERATE,SAR is not spatially georeferenced
424_402,0.954893231453338,0.5048932314533381,91.79876935515237,100.0,100.0,87.6723293553419,12.327670644658099,HIGH,SAR is not spatially georeferenced
425_362,0.8973909003464239,0.44739090034642387,81.34380006298615,100.0,100.0,82.9675931738671,17.0324068261329,HIGH,SAR is not spatially georeferenced
425_396,0.5739506882006883,0.12395068820068827,22.536488763761504,100.0,100.0,56.50430308921602,43.49569691078398,LOW,prediction near decision threshold; SAR is not spatially georeferenced
425_431,0.9297824899574902,0.47978248995749023,87.23317999227095,100.0,100.0,85.61781414204526,14.382185857954738,HIGH,SAR is not spatially georeferenced
426_225,0.0404168364188563,0.4095831635811437,74.4696661056625,100.0,100.0,79.87423289307146,20.125767106928535,MODERATE,SAR is not spatially georeferenced
426_461,0.9787394159900492,0.5287394159900491,96.13443927091801,100.0,100.0,89.62338081743644,10.376619182563559,HIGH,SAR is not spatially georeferenced
426_780,0.0056217983651226,0.4443782016348774,80.7960366608868,70.0,100.0,76.72109964292241,23.27890035707759,MODERATE,terrain fallback sampling used; SAR is not spatially georeferenced
427_810,0.0013955357388599,0.4486044642611401,81.56444804748001,70.0,100.0,77.06688476688934,22.933115233110655,MODERATE,terrain fallback sampling used; SAR is not spatially georeferenced
427_1149,6.220240552665621e-05,0.44993779759447333,81.80687228990423,100.0,100.0,83.17597567598025,16.824024324019746,HIGH,SAR is not spatially georeferenced
428_451,0.988978013993353,0.5389780139933529,97.99600254424597,100.0,100.0,90.46108429043403,9.53891570956597,HIGH,SAR is not spatially georeferenced
428_454,0.9358014942952212,0.4858014942952212,88.32754441731294,100.0,100.0,86.11027813331415,13.889721866685846,HIGH,SAR is not spatially georeferenced
429_1090,2.1798365122615804e-05,0.4499782016348774,81.81421847906861,100.0,100.0,83.17928146110421,16.82071853889579,HIGH,SAR is not spatially georeferenced
430_437,0.860498456944433,0.41049845694443304,74.636083080806,100.0,100.0,79.94912053188605,20.050879468113948,MODERATE,SAR is not spatially georeferenced
431_493,0.9674848458734008,0.5174848458734007,94.08815379516375,100.0,100.0,88.70255235334703,11.29744764665297,HIGH,SAR is not spatially georeferenced
431_668,0.6687956685450929,0.21879566854509286,39.781030644562335,100.0,100.0,64.2643469355764,35.7356530644236,MODERATE,prediction near decision threshold; SAR is not spatially georeferenced
435_1590,0.1168833333333333,0.3331166666666667,60.56666666666667,100.0,100.0,73.61788314552334,26.382116854476664,MODERATE,SAR is not spatially georeferenced
437_491,0.9716939984399746,0.5216939984399747,94.85345426181357,100.0,100.0,89.04693756333944,10.95306243666056,HIGH,SAR is not spatially georeferenced
441_401,0.6312118665648082,0.1812118665648082,32.947612102692396,100.0,100.0,61.18930859173493,38.81069140826507,MODERATE,prediction near decision threshold; SAR is not spatially georeferenced
443_1108,2.1798365122615804e-05,0.4499782016348774,81.81421847906861,100.0,100.0,83.17928146110421,16.82071853889579,HIGH,SAR is not spatially georeferenced
445_369,0.9793625,0.5293625,96.24772727272726,100.0,100.0,89.67436041825061,10.325639581749385,HIGH,SAR is not spatially georeferenced
445_447,0.9080366385092448,0.45803663850924475,83.27938881986267,100.0,100.0,83.83860811446155,16.16139188553845,HIGH,SAR is not spatially georeferenced
446_347,0.8587774170274173,0.40877741702741727,74.32316673225769,100.0,100.0,79.8083081750393,20.1916918249607,MODERATE,SAR is not spatially georeferenced
446_365,0.9490832806672524,0.49908328066725244,90.74241466677316,100.0,100.0,87.19696974557127,12.803030254428734,HIGH,SAR is not spatially georeferenced
447_1052,0.0041051316984559,0.4458948683015441,81.07179423664438,100.0,100.0,82.84519055201332,17.15480944798668,HIGH,SAR is not spatially georeferenced
448_373,0.9487420409771478,0.49874204097714775,90.68037108675414,100.0,100.0,87.1690501345627,12.830949865437304,HIGH,SAR is not spatially georeferenced
448_377,0.9812937743966134,0.5312937743966133,96.5988680721115,100.0,100.0,89.83237377797352,10.167626222026485,HIGH,SAR is not spatially georeferenced
448_400,0.963721861471862,0.5137218614718619,93.4039748130658,100.0,100.0,88.39467181140296,11.605328188597042,HIGH,SAR is not spatially georeferenced
449_361,0.9441066389222688,0.49410663892226875,89.83757071313977,100.0,100.0,86.78978996643625,13.210210033563754,HIGH,SAR is not spatially georeferenced
449_400,0.9575456709956714,0.5075456709956714,92.28103109012207,100.0,100.0,87.88934713607827,12.110652863921729,HIGH,SAR is not spatially georeferenced
449_1054,0.0013955357388599,0.4486044642611401,81.56444804748001,100.0,100.0,83.06688476688934,16.933115233110655,HIGH,SAR is not spatially georeferenced
450_489,0.8378530943890174,0.38785309438901744,70.5187444343668,100.0,100.0,78.0963181409884,21.9036818590116,MODERATE,SAR is not spatially georeferenced
450_532,0.0313834960876899,0.4186165039123101,76.11209162042,100.0,100.0,80.61332437471233,19.386675625287666,HIGH,SAR is not spatially georeferenced
450_1086,0.0006884650317892,0.4493115349682108,81.6930063578565,100.0,100.0,83.12473600655878,16.875263993441223,HIGH,SAR is not spatially georeferenced
451_746,0.0024884650317892,0.44751153496821083,81.36573363058378,100.0,100.0,82.97746327928604,17.02253672071396,HIGH,SAR is not spatially georeferenced
452_484,0.9657817515817516,0.5157817515817515,93.77850028759119,100.0,100.0,88.56320827493937,11.43679172506063,HIGH,SAR is not spatially georeferenced
452_495,0.9613717948717948,0.5113717948717948,92.97668997668997,100.0,100.0,88.20239363503383,11.797606364966171,HIGH,SAR is not spatially georeferenced
452_529,0.0173714581256519,0.4326285418743481,78.6597348862451,100.0,100.0,81.75976384433363,18.240236155666366,HIGH,SAR is not spatially georeferenced
452_784,2.1798365122615804e-05,0.4499782016348774,81.81421847906861,70.0,100.0,77.17928146110421,22.82071853889579,MODERATE,terrain fallback sampling used; SAR is not spatially georeferenced
453_391,0.973505392798416,0.5235053927984159,95.18279869062106,100.0,100.0,89.19514255630281,10.804857443697188,HIGH,SAR is not spatially georeferenced
453_400,0.9000757730717377,0.4500757730717377,81.83195874031594,100.0,100.0,83.18726457866552,16.81273542133448,HIGH,SAR is not spatially georeferenced
453_407,0.882109595540119,0.432109595540119,78.56538100729436,100.0,100.0,81.71730459880581,18.28269540119419,HIGH,SAR is not spatially georeferenced
453_408,0.9719458874458876,0.5219458874458875,94.89925226288864,100.0,100.0,89.06754666382324,10.932453336176764,HIGH,SAR is not spatially georeferenced
453_411,0.973631601731602,0.5236316017316021,95.20574576938219,100.0,100.0,89.20546874174534,10.794531258254665,HIGH,SAR is not spatially georeferenced
453_1353,0.0026884650317892,0.4473115349682108,81.32936999422013,100.0,100.0,82.96109964292239,17.03890035707761,HIGH,SAR is not spatially georeferenced
454_496,0.947336784049284,0.497336784049284,90.42486982714254,100.0,100.0,87.05407456773749,12.945925432262513,HIGH,SAR is not spatially georeferenced
455_445,0.9407807944307948,0.49078079443079475,89.23287171468995,100.0,100.0,86.51767541713382,13.482324582866184,HIGH,SAR is not spatially georeferenced
456_342,0.8560244201397593,0.4060244201397593,73.8226218435926,100.0,100.0,79.58306297514001,20.41693702485999,MODERATE,SAR is not spatially georeferenced
457_503,0.1161597266331424,0.3338402733668576,60.69823152124684,100.0,100.0,73.67708733008442,26.32291266991558,MODERATE,SAR is not spatially georeferenced
457_1000,2.1798365122615804e-05,0.4499782016348774,81.81421847906861,70.0,100.0,77.17928146110421,22.82071853889579,MODERATE,terrain fallback sampling used; SAR is not spatially georeferenced
458_197,0.126801781495004,0.32319821850499597,58.76331245545381,100.0,100.0,72.80637375047755,27.193626249522453,MODERATE,SAR is not spatially georeferenced
458_494,0.950542028303828,0.500542028303828,91.0076415097869,100.0,100.0,87.31632182492744,12.683678175072558,HIGH,SAR is not spatially georeferenced
458_665,0.1554197776931935,0.29458022230680647,53.56004041941935,100.0,100.0,70.46490133426205,29.535098665737948,MODERATE,SAR is not spatially georeferenced
459_415,0.9454656561461798,0.4954656561461798,90.08466475385087,100.0,100.0,86.90098228475622,13.099017715243775,HIGH,SAR is not spatially georeferenced
459_447,0.955881673881674,0.505881673881674,91.97848616030436,100.0,100.0,87.7532019176603,12.246798082339694,HIGH,SAR is not spatially georeferenced
459_669,0.076022059178478,0.373977940821522,67.99598924027673,100.0,100.0,76.96107830364787,23.038921696352133,MODERATE,SAR is not spatially georeferenced
459_1218,0.0025749119182361,0.4474250880817639,81.35001601486616,100.0,100.0,82.97039035221312,17.029609647786884,HIGH,SAR is not spatially georeferenced
460_1285,6.220240552665621e-05,0.44993779759447333,81.80687228990423,100.0,100.0,83.17597567598025,16.824024324019746,HIGH,SAR is not spatially georeferenced
463_1201,0.010050369793694,0.439949630206306,79.990841855692,100.0,100.0,82.35876198058475,17.641238019415255,HIGH,SAR is not spatially georeferenced
464_214,0.4776560837005739,0.027656083700573875,5.0283788546497945,100.0,100.0,48.62565363011575,51.37434636988425,LOW,prediction near decision threshold; SAR is not spatially georeferenced
464_647,0.7796880634731701,0.3296880634731701,59.94328426784911,100.0,100.0,73.33736106605544,26.662638933944564,MODERATE,SAR is not spatially georeferenced
466_1167,0.0006884650317892,0.4493115349682108,81.6930063578565,100.0,100.0,83.12473600655878,16.875263993441223,HIGH,SAR is not spatially georeferenced
467_337,0.8523422159539807,0.40234221595398073,73.15313017345103,100.0,100.0,79.2817917235763,20.718208276423695,MODERATE,SAR is not spatially georeferenced
468_344,0.8399647420067391,0.3899647420067391,70.90268036486165,100.0,100.0,78.26908930971109,21.73091069028891,MODERATE,SAR is not spatially georeferenced
468_413,0.7883281169810583,0.3383281169810583,61.514203087465134,100.0,100.0,74.04427453488265,25.955725465117354,MODERATE,SAR is not spatially georeferenced
471_565,0.8450619129236778,0.3950619129236778,71.82943871339596,100.0,100.0,78.68613056655153,21.313869433448474,MODERATE,SAR is not spatially georeferenced
472_104,0.0722973048385283,0.3777026951614717,68.67321730208576,100.0,100.0,77.26583093146193,22.734169068538066,MODERATE,SAR is not spatially georeferenced
472_500,0.0606902319902319,0.38930976800976813,70.7835941835942,100.0,100.0,78.21550052814074,21.784499471859263,MODERATE,SAR is not spatially georeferenced
472_543,0.967843861351762,0.517843861351762,94.15342933668398,100.0,100.0,88.73192634703113,11.268073652968866,HIGH,SAR is not spatially georeferenced
472_912,0.0176824119926098,0.43231758800739023,78.60319781952549,70.0,100.0,75.73432216430982,24.265677835690184,MODERATE,terrain fallback sampling used; SAR is not spatially georeferenced
473_380,0.9843313568538388,0.5343313568538388,97.15115579160705,100.0,100.0,90.08090325174652,9.91909674825348,HIGH,SAR is not spatially georeferenced
473_381,0.9914848603271096,0.5414848603271096,98.45179278674719,100.0,100.0,90.66618989955958,9.333810100440417,HIGH,SAR is not spatially georeferenced
473_540,0.9783780094380092,0.5283780094380093,96.06872898872895,100.0,100.0,89.59381119045136,10.406188809548638,HIGH,SAR is not spatially georeferenced
474_421,0.7476859344789578,0.2976859344789578,54.1247153598105,100.0,100.0,70.71900505743807,29.280994942561932,MODERATE,SAR is not spatially georeferenced
474_471,0.9906702620553686,0.5406702620553685,98.30368401006699,100.0,100.0,90.5995409500535,9.400459049946505,HIGH,SAR is not spatially georeferenced
475_374,0.9773327664399092,0.5273327664399092,95.87868480725622,100.0,100.0,89.50829130878864,10.491708691211358,HIGH,SAR is not spatially georeferenced
475_386,0.9962795918367346,0.5462795918367347,99.32356215213358,100.0,100.0,91.05848611398345,8.941513886016551,HIGH,SAR is not spatially georeferenced
475_1305,0.0006884650317892,0.4493115349682108,81.6930063578565,100.0,100.0,83.12473600655878,16.875263993441223,HIGH,SAR is not spatially georeferenced
476_163,0.0302564935064935,0.4197435064935065,76.31700118063755,100.0,100.0,80.70553367681023,19.294466323189766,HIGH,SAR is not spatially georeferenced
476_416,0.6688483793983796,0.2188483793983796,39.79061443606901,100.0,100.0,64.2686596417544,35.7313403582456,MODERATE,prediction near decision threshold; SAR is not spatially georeferenced
476_474,0.9922063492063492,0.5422063492063491,98.58297258297256,100.0,100.0,90.72522080786099,9.274779192139007,HIGH,SAR is not spatially georeferenced
477_475,0.9873301587301588,0.5373301587301589,97.69639249639252,100.0,100.0,90.32625976889997,9.673740231100027,HIGH,SAR is not spatially georeferenced
477_561,0.893690498196022,0.44369049819602197,80.67099967200399,100.0,100.0,82.66483299792515,17.335167002074854,HIGH,SAR is not spatially georeferenced
477_1226,2.1798365122615804e-05,0.4499782016348774,81.81421847906861,100.0,100.0,83.17928146110421,16.82071853889579,HIGH,SAR is not spatially georeferenced
478_384,0.972566585992516,0.5225665859925159,95.0121065440938,100.0,100.0,89.11833109036556,10.881668909634442,HIGH,SAR is not spatially georeferenced
478_565,0.9820071428571432,0.5320071428571431,96.72857142857147,100.0,100.0,89.8907402883805,10.1092597116195,HIGH,SAR is not spatially georeferenced
480_471,0.9928498015873016,0.5428498015873016,98.69996392496391,100.0,100.0,90.7778669117571,9.222133088242899,HIGH,SAR is not spatially georeferenced
480_517,0.9484731547867096,0.49847315478670956,90.63148268849264,100.0,100.0,87.14705035534503,12.85294964465497,HIGH,SAR is not spatially georeferenced
480_1139,2.1798365122615804e-05,0.4499782016348774,81.81421847906861,100.0,100.0,83.17928146110421,16.82071853889579,HIGH,SAR is not spatially georeferenced
482_479,0.8974921922521921,0.4474921922521921,81.36221677312582,100.0,100.0,82.97588069342996,17.024119306570043,HIGH,SAR is not spatially georeferenced
482_483,0.6246043493973732,0.17460434939737318,31.74624534497694,100.0,100.0,60.64869355076297,39.35130644923703,MODERATE,prediction near decision threshold; SAR is not spatially georeferenced
483_365,0.9962682823129252,0.5462682823129252,99.3215058750773,100.0,100.0,91.05756078930813,8.942439210691873,HIGH,SAR is not spatially georeferenced
483_403,0.952010625633232,0.502010625633232,91.27465920604216,100.0,100.0,87.43647978824231,12.563520211757691,HIGH,SAR is not spatially georeferenced
484_334,0.8618685036660038,0.41186850366600375,74.88518248472795,100.0,100.0,80.06121526365092,19.938784736349078,HIGH,SAR is not spatially georeferenced
486_416,0.9480674603174608,0.4980674603174608,90.55772005772013,100.0,100.0,87.1138571714974,12.8861428285026,HIGH,SAR is not spatially georeferenced
488_406,0.9777339285714288,0.5277339285714289,95.95162337662342,100.0,100.0,89.54111366500388,10.458886334996123,HIGH,SAR is not spatially georeferenced
488_504,0.978127152597553,0.528127152597553,96.02311865410054,100.0,100.0,89.57328653986858,10.426713460131424,HIGH,SAR is not spatially georeferenced
489_364,0.9270922077922078,0.4770922077922078,86.74403778040141,100.0,100.0,85.39770014670398,14.602299853296017,HIGH,SAR is not spatially georeferenced
489_371,0.9583993369064796,0.5083993369064796,92.43624307390539,100.0,100.0,87.95919252878076,12.040807471219239,HIGH,SAR is not spatially georeferenced
489_412,0.963666700082039,0.513666700082039,93.39394546946163,100.0,100.0,88.39015860678107,11.609841393218929,HIGH,SAR is not spatially georeferenced
489_418,0.967023592654116,0.517023592654116,94.00428957347563,100.0,100.0,88.66481345358739,11.335186546412615,HIGH,SAR is not spatially georeferenced
489_419,0.9010617364117368,0.4510617364117368,82.01122480213395,100.0,100.0,83.26793430648362,16.732065693516375,HIGH,SAR is not spatially georeferenced
489_470,0.9590125788100792,0.5090125788100792,92.54774160183258,100.0,100.0,88.009366866348,11.990633133651997,HIGH,SAR is not spatially georeferenced
491_371,0.9966794871794872,0.5466794871794871,99.39627039627038,100.0,100.0,91.091204823845,8.908795176154996,HIGH,SAR is not spatially georeferenced
491_416,0.970576676695464,0.520576676695464,94.65030485372073,100.0,100.0,88.95552032969766,11.044479670302337,HIGH,SAR is not spatially georeferenced
491_442,0.9630881669686904,0.5130881669686904,93.28875763067099,100.0,100.0,88.34282407932528,11.657175920674717,HIGH,SAR is not spatially georeferenced
491_456,0.9658139160356444,0.5158139160356443,93.78434837011714,100.0,100.0,88.56583991207606,11.434160087923942,HIGH,SAR is not spatially georeferenced
491_555,0.9689166441517506,0.5189166441517505,94.34848075486373,100.0,100.0,88.81969948521203,11.180300514787973,HIGH,SAR is not spatially georeferenced
491_1386,0.0018217983651226,0.4481782016348774,81.48694575179589,100.0,100.0,83.03200873383149,16.96799126616851,HIGH,SAR is not spatially georeferenced
492_301,0.7140058062002969,0.26400580620029684,48.00105567278124,100.0,100.0,67.9633581982749,32.0366418017251,MODERATE,SAR is not spatially georeferenced
492_508,0.9812729933581,0.5312729933581,96.59508970147272,100.0,100.0,89.83067351118606,10.169326488813937,HIGH,SAR is not spatially georeferenced
492_528,0.9978095238095236,0.5478095238095235,99.60173160173154,100.0,100.0,91.18366236630254,8.816337633697458,HIGH,SAR is not spatially georeferenced
492_909,0.0166911624493142,0.43330883755068583,78.7834250092156,70.0,100.0,75.81542439967036,24.184575600329637,MODERATE,terrain fallback sampling used; SAR is not spatially georeferenced
493_355,0.1011751209574738,0.34882487904252624,63.42270528045931,100.0,100.0,74.90310052173004,25.09689947826996,MODERATE,SAR is not spatially georeferenced
493_441,0.8892918618848854,0.4392918618848854,79.8712476154337,100.0,100.0,82.30494457246851,17.695055427531486,HIGH,SAR is not spatially georeferenced
494_471,0.8739502801120449,0.4239502801120449,77.08186911128088,100.0,100.0,81.04972424559975,18.950275754400252,HIGH,SAR is not spatially georeferenced
494_508,0.9747697608022358,0.5247697608022357,95.41268378222466,100.0,100.0,89.29859084752444,10.701409152475563,HIGH,SAR is not spatially georeferenced
495_374,0.9653256416202844,0.5153256416202845,93.69557120368808,100.0,100.0,88.52589018718297,11.474109812817034,HIGH,SAR is not spatially georeferenced
495_395,0.9960367346938778,0.5460367346938777,99.27940630797775,100.0,100.0,91.03861598411333,8.961384015886665,HIGH,SAR is not spatially georeferenced
495_397,0.991386475231118,0.5413864752311179,98.43390458747598,100.0,100.0,90.65814020988753,9.341859790112466,HIGH,SAR is not spatially georeferenced
495_435,0.9706817460317464,0.5206817460317463,94.66940836940842,100.0,100.0,88.96411691175713,11.03588308824287,HIGH,SAR is not spatially georeferenced
495_450,0.9635898282863,0.5135898282863001,93.37996877932729,100.0,100.0,88.38386909622062,11.616130903779379,HIGH,SAR is not spatially georeferenced
495_461,0.9974444444444444,0.5474444444444444,99.53535353535352,100.0,100.0,91.15379223643242,8.846207763567577,HIGH,SAR is not spatially georeferenced
495_469,0.9777906090808416,0.5277906090808415,95.96192892378936,100.0,100.0,89.54575116122855,10.454248838771449,HIGH,SAR is not spatially georeferenced
495_1418,2.1798365122615804e-05,0.4499782016348774,81.81421847906861,100.0,100.0,83.17928146110421,16.82071853889579,HIGH,SAR is not spatially georeferenced
496_376,0.983911387596494,0.533911387596494,97.07479774481709,100.0,100.0,90.04654213069102,9.953457869308977,HIGH,SAR is not spatially georeferenced
496_463,0.9868125112312984,0.5368125112312985,97.602274769327,100.0,100.0,90.28390679172048,9.716093208279517,HIGH,SAR is not spatially georeferenced
496_465,0.9934241269841272,0.5434241269841271,98.80438672438675,100.0,100.0,90.82485717149737,9.17514282850263,HIGH,SAR is not spatially georeferenced
496_1659,0.0357035244948288,0.41429647550517124,75.32663191003113,100.0,100.0,80.25986750503735,19.74013249496265,HIGH,SAR is not spatially georeferenced
497_464,0.95939007255886,0.50939007255886,92.61637682888365,100.0,100.0,88.04025271852097,11.959747281479025,HIGH,SAR is not spatially georeferenced
497_527,0.9663494243345306,0.5163494243345306,93.88171351536919,100.0,100.0,88.60965422743948,11.390345772560522,HIGH,SAR is not spatially georeferenced
497_916,0.0024384650317892,0.44756153496821083,81.37482453967468,70.0,100.0,76.98155418837695,23.018445811623053,MODERATE,terrain fallback sampling used; SAR is not spatially georeferenced
499_373,0.9346277203223629,0.48462772032236284,88.11413096770234,100.0,100.0,86.01424208098939,13.98575791901061,HIGH,SAR is not spatially georeferenced
499_1383,2.1798365122615804e-05,0.4499782016348774,81.81421847906861,100.0,100.0,83.17928146110421,16.82071853889579,HIGH,SAR is not spatially georeferenced
500_338,0.9874196969696968,0.5374196969696967,97.71267217630849,100.0,100.0,90.33358562486217,9.666414375137833,HIGH,SAR is not spatially georeferenced
500_339,0.978739353669586,0.5287393536695859,96.1344279399247,100.0,100.0,89.62337571848946,10.376624281510544,HIGH,SAR is not spatially georeferenced
500_427,0.9718918466223702,0.5218918466223701,94.88942665861273,100.0,100.0,89.06312514189906,10.936874858100936,HIGH,SAR is not spatially georeferenced
500_508,0.980224396089735,0.530224396089735,96.40443565267908,100.0,100.0,89.74487918922893,10.255120810771075,HIGH,SAR is not spatially georeferenced
501_470,0.9888028205128208,0.5388028205128208,97.96414918414924,100.0,100.0,90.4467502783905,9.553249721609504,HIGH,SAR is not spatially georeferenced
501_529,0.98093444746468,0.53093444746468,96.53353590266907,100.0,100.0,89.80297430172442,10.197025698275581,HIGH,SAR is not spatially georeferenced
501_531,0.9817434523809524,0.5317434523809523,96.68062770562769,100.0,100.0,89.8691656130558,10.130834386944201,HIGH,SAR is not spatially georeferenced
503_461,0.9899611111111112,0.5399611111111111,98.17474747474748,100.0,100.0,90.54151950915971,9.458480490840287,HIGH,SAR is not spatially georeferenced
505_335,0.9127878081729146,0.4627878081729146,84.14323784962083,100.0,100.0,84.22734017785271,15.77265982214729,HIGH,SAR is not spatially georeferenced
505_338,0.8442871290738796,0.3942871290738796,71.68856892252356,100.0,100.0,78.62273916065894,21.377260839341062,MODERATE,SAR is not spatially georeferenced
505_410,0.7915765021709924,0.3415765021709924,62.10481857654406,100.0,100.0,74.31005150496817,25.689948495031828,MODERATE,SAR is not spatially georeferenced
505_647,0.0015622024055266,0.4484377975944734,81.53414501717697,100.0,100.0,83.05324840325298,16.94675159674702,HIGH,SAR is not spatially georeferenced
506_339,0.9609193362193365,0.5109193362193365,92.89442476715209,100.0,100.0,88.16537429074178,11.83462570925822,HIGH,SAR is not spatially georeferenced
506_378,0.9953367346938776,0.5453367346938776,99.152133580705,100.0,100.0,90.98134325684059,9.018656743159411,HIGH,SAR is not spatially georeferenced
506_420,0.9216906533711768,0.4716906533711768,85.7619369765776,100.0,100.0,84.95575478498327,15.04424521501673,HIGH,SAR is not spatially georeferenced
506_422,0.9753880767811,0.5253880767810999,95.52510486929087,100.0,100.0,89.34918033670424,10.650819663295763,HIGH,SAR is not spatially georeferenced
506_464,0.9651863850749398,0.5151863850749399,93.67025183180724,100.0,100.0,88.5144964698366,11.485503530163399,HIGH,SAR is not spatially georeferenced
507_422,0.9434850645155878,0.49348506451558777,89.72455718465231,100.0,100.0,86.73893387861688,13.261066121383124,HIGH,SAR is not spatially georeferenced
508_338,0.9208585132890368,0.4708585132890368,85.61063877982487,100.0,100.0,84.88767059644454,15.112329403555464,HIGH,SAR is not spatially georeferenced
508_340,0.947960100590624,0.49796010059062396,90.53820010738617,100.0,100.0,87.10507319384712,12.894926806152881,HIGH,SAR is not spatially georeferenced
508_349,0.9561103896103896,0.5061103896103896,92.02007083825265,100.0,100.0,87.77191502273703,12.228084977262967,HIGH,SAR is not spatially georeferenced
508_1254,2.1798365122615804e-05,0.4499782016348774,81.81421847906861,100.0,100.0,83.17928146110421,16.82071853889579,HIGH,SAR is not spatially georeferenced
509_340,0.9367069259874494,0.4867069259874494,88.49216836135443,100.0,100.0,86.18435890813284,13.815641091867164,HIGH,SAR is not spatially georeferenced
509_374,0.9851379251700682,0.5351379251700681,97.29780457637601,100.0,100.0,90.14689520489254,9.853104795107456,HIGH,SAR is not spatially georeferenced
509_731,6.220240552665621e-05,0.44993779759447333,81.80687228990423,100.0,100.0,83.17597567598025,16.824024324019746,HIGH,SAR is not spatially georeferenced
510_407,0.7828883458828361,0.33288834588283606,60.52515379687928,100.0,100.0,73.59920235411902,26.400797645880985,MODERATE,SAR is not spatially georeferenced
512_326,0.7061318650793652,0.2561318650793652,46.56943001443003,100.0,100.0,67.31912665201686,32.68087334798314,MODERATE,SAR is not spatially georeferenced
512_511,0.7091497128461843,0.2591497128461843,47.11812960839715,100.0,100.0,67.56604146930206,32.433958530697936,MODERATE,SAR is not spatially georeferenced
515_405,0.9953333333333334,0.5453333333333334,99.15151515151517,100.0,100.0,90.98106496370517,9.018935036294835,HIGH,SAR is not spatially georeferenced
516_395,0.999,0.5489999999999999,99.8181818181818,100.0,100.0,91.28106496370515,8.718935036294852,HIGH,SAR is not spatially georeferenced
517_370,0.9418056941563272,0.4918056941563272,89.4192171193322,100.0,100.0,86.60153084922283,13.398469150777174,HIGH,SAR is not spatially georeferenced
517_406,0.9983461538461538,0.5483461538461538,99.6993006993007,100.0,100.0,91.22756846020866,8.772431539791341,HIGH,SAR is not spatially georeferenced
518_325,0.5426971500721501,0.09269715007215013,16.854027285845476,100.0,100.0,53.947195424153804,46.052804575846196,LOW,prediction near decision threshold; SAR is not spatially georeferenced
518_538,0.9777140873015872,0.5277140873015871,95.94801587301582,100.0,100.0,89.53949028838046,10.460509711619537,HIGH,SAR is not spatially georeferenced
519_403,0.955908698710948,0.505908698710948,91.9833997656269,100.0,100.0,87.75541304005544,12.244586959944556,HIGH,SAR is not spatially georeferenced
520_446,0.2232557997557998,0.22674420024420022,41.22621822621822,100.0,100.0,64.91468134732155,35.08531865267845,MODERATE,SAR is not spatially georeferenced
520_574,0.8917697482634758,0.44176974826347576,80.32177241154103,100.0,100.0,82.5076807307168,17.4923192692832,HIGH,SAR is not spatially georeferenced
521_323,0.7557944836116264,0.30579448361162637,55.598997020295705,100.0,100.0,71.3824318046564,28.617568195343594,MODERATE,SAR is not spatially georeferenced
521_410,0.9689688539245483,0.5189688539245483,94.35797344082695,100.0,100.0,88.82397119389547,11.176028806104526,HIGH,SAR is not spatially georeferenced
521_571,0.944052356902357,0.494052356902357,89.82770125497399,100.0,100.0,86.78534871026164,13.214651289738356,HIGH,SAR is not spatially georeferenced
521_736,0.0048329094762337,0.4451670905237663,80.93947100432113,100.0,100.0,82.78564509746785,17.21435490253215,HIGH,SAR is not spatially georeferenced
522_511,0.9881912513842748,0.5381912513842748,97.85295479714087,100.0,100.0,90.39671280423673,9.603287195763272,HIGH,SAR is not spatially georeferenced
522_558,0.9206399626517277,0.47063996265172764,85.57090230031412,100.0,100.0,84.8697891806647,15.130210819335304,HIGH,SAR is not spatially georeferenced
523_1106,6.220240552665621e-05,0.44993779759447333,81.80687228990423,100.0,100.0,83.17597567598025,16.824024324019746,HIGH,SAR is not spatially georeferenced
524_401,0.9909636577708004,0.5409636577708004,98.35702868560006,100.0,100.0,90.62354605404337,9.376453945956627,HIGH,SAR is not spatially georeferenced
524_1025,2.1798365122615804e-05,0.4499782016348774,81.81421847906861,100.0,100.0,83.17928146110421,16.82071853889579,HIGH,SAR is not spatially georeferenced
526_513,0.984304761904762,0.5343047619047621,97.14632034632037,100.0,100.0,90.07872730136751,9.921272698632492,HIGH,SAR is not spatially georeferenced
527_361,0.2856982905415129,0.1643017094584871,29.873038083361287,100.0,100.0,59.80575028303592,40.19424971696408,LOW,prediction near decision threshold; SAR is not spatially georeferenced
527_403,0.9957863095238094,0.5457863095238094,99.23387445887441,100.0,100.0,91.01812665201683,8.981873347983168,HIGH,SAR is not spatially georeferenced
527_479,0.6253707374325019,0.17537073743250192,31.885588624091255,100.0,100.0,60.71139802636441,39.28860197363559,MODERATE,prediction near decision threshold; SAR is not spatially georeferenced
527_1427,0.021515873015873,0.428484126984127,77.9062049062049,100.0,100.0,81.42067535331554,18.579324646684455,HIGH,SAR is not spatially georeferenced
531_260,0.2407370257193787,0.20926297428062132,38.04781350556751,100.0,100.0,63.48439922302872,36.51560077697128,MODERATE,prediction near decision threshold; SAR is not spatially georeferenced
531_402,0.995665306122449,0.545665306122449,99.21187384044526,100.0,100.0,91.00822637372372,8.991773626276284,HIGH,SAR is not spatially georeferenced
533_95,0.0163920643726806,0.4336079356273194,78.83780647769444,100.0,100.0,81.83989606048584,18.16010393951416,HIGH,SAR is not spatially georeferenced
533_421,0.9886202844774272,0.5386202844774273,97.93096081407768,100.0,100.0,90.4318155118583,9.568184488141696,HIGH,SAR is not spatially georeferenced
533_516,0.969119608720242,0.5191196087202421,94.38538340368038,100.0,100.0,88.83630567717951,11.16369432282049,HIGH,SAR is not spatially georeferenced
533_525,0.9812802328623758,0.5312802328623758,96.5964059749774,100.0,100.0,89.83126583426318,10.168734165736822,HIGH,SAR is not spatially georeferenced
533_527,0.9956333333333336,0.5456333333333336,99.20606060606065,100.0,100.0,91.00561041825063,8.994389581749374,HIGH,SAR is not spatially georeferenced
534_423,0.6969173944483862,0.24691739444838617,44.89407171788839,100.0,100.0,66.56521541857312,33.43478458142688,MODERATE,SAR is not spatially georeferenced
535_207,0.0313390387276253,0.41866096127237473,76.12017477679541,100.0,100.0,80.61696179508127,19.383038204918734,HIGH,SAR is not spatially georeferenced
535_399,0.9615661531279178,0.5115661531279179,93.0120278414396,100.0,100.0,88.21829567417117,11.781704325828827,HIGH,SAR is not spatially georeferenced
535_562,0.978956188806822,0.5289561888068219,96.17385251033124,100.0,100.0,89.6411167751724,10.358883224827593,HIGH,SAR is not spatially georeferenced
535_1002,2.1798365122615804e-05,0.4499782016348774,81.81421847906861,100.0,100.0,83.17928146110421,16.82071853889579,HIGH,SAR is not spatially georeferenced
535_1337,2.1798365122615804e-05,0.4499782016348774,81.81421847906861,100.0,100.0,83.17928146110421,16.82071853889579,HIGH,SAR is not spatially georeferenced
536_487,0.9633488936988938,0.5133488936988937,93.33616249070793,100.0,100.0,88.36415626634192,11.635843733658078,HIGH,SAR is not spatially georeferenced
536_1256,0.0067027507460749,0.4432972492539251,80.59949986435001,100.0,100.0,82.63265808448085,17.367341915519148,HIGH,SAR is not spatially georeferenced
538_333,0.9740619047619048,0.5240619047619048,95.2839826839827,100.0,100.0,89.24067535331557,10.759324646684433,HIGH,SAR is not spatially georeferenced
538_344,0.8790947828034034,0.42909478280340335,78.01723323698242,100.0,100.0,81.47063810216542,18.529361897834576,HIGH,SAR is not spatially georeferenced
539_87,0.0127653101962696,0.4372346898037304,79.49721632795098,100.0,100.0,82.13663049310128,17.86336950689872,HIGH,SAR is not spatially georeferenced
539_536,0.977144662429769,0.5271446624297691,95.84448407813983,100.0,100.0,89.49290098068627,10.507099019313728,HIGH,SAR is not spatially georeferenced
539_999,0.0014217983651226,0.44857820163487744,81.55967302452316,70.0,100.0,77.06473600655877,22.935263993441225,MODERATE,terrain fallback sampling used; SAR is not spatially georeferenced
540_318,0.9304626799557034,0.4804626799557034,87.35685090103698,100.0,100.0,85.67346605098999,14.326533949010013,HIGH,SAR is not spatially georeferenced
540_410,0.9793034920634922,0.5293034920634923,96.23699855699859,100.0,100.0,89.6695324961727,10.330467503827293,HIGH,SAR is not spatially georeferenced
540_1507,6.220240552665621e-05,0.44993779759447333,81.80687228990423,100.0,100.0,83.17597567598025,16.824024324019746,HIGH,SAR is not spatially georeferenced
542_393,0.91598110484287,0.46598110484287,84.72383724415818,100.0,100.0,84.48860990539453,15.511390094605474,HIGH,SAR is not spatially georeferenced
542_1302,0.0023487214420456,0.4476512785579544,81.3911415559917,100.0,100.0,82.98889684571961,17.01110315428039,HIGH,SAR is not spatially georeferenced
542_1519,2.1798365122615804e-05,0.4499782016348774,81.81421847906861,100.0,100.0,83.17928146110421,16.82071853889579,HIGH,SAR is not spatially georeferenced
544_1333,0.0040907849341091,0.44590921506589093,81.07440273925289,100.0,100.0,82.84636437818713,17.153635621812867,HIGH,SAR is not spatially georeferenced
545_453,0.9957666666666668,0.5457666666666667,99.23030303030303,100.0,100.0,91.0165195091597,8.983480490840293,HIGH,SAR is not spatially georeferenced
546_369,0.7174367715617715,0.26743677156177154,48.62486755668573,100.0,100.0,68.24407354603193,31.755926453968073,MODERATE,SAR is not spatially georeferenced
546_455,0.9987727272727271,0.5487727272727272,99.7768595041322,100.0,100.0,91.26246992238283,8.737530077617166,HIGH,SAR is not spatially georeferenced
547_369,0.9768973595848596,0.5268973595848596,95.79951992451993,100.0,100.0,89.47266711155731,10.527332888442686,HIGH,SAR is not spatially georeferenced
547_397,0.9466581308198958,0.4966581308198958,90.30147833089013,100.0,100.0,86.99854839442389,13.001451605576108,HIGH,SAR is not spatially georeferenced
548_402,0.9689189309056956,0.5189189309056956,94.34889652830829,100.0,100.0,88.81988658326208,11.180113416737925,HIGH,SAR is not spatially georeferenced
548_409,0.995075,0.545075,99.10454545454544,100.0,100.0,90.95992860006879,9.040071399931207,HIGH,SAR is not spatially georeferenced
548_1170,0.0013551316984559,0.4486448683015441,81.57179423664438,100.0,100.0,83.07019055201332,16.929809447986685,HIGH,SAR is not spatially georeferenced
549_320,0.9317069259874492,0.4817069259874492,87.58307745226348,100.0,100.0,85.77526799904192,14.224732000958085,HIGH,SAR is not spatially georeferenced
549_343,0.9493563687789748,0.49935636877897477,90.79206705072268,100.0,100.0,87.21931331834855,12.780686681651446,HIGH,SAR is not spatially georeferenced
549_364,0.8931956626706636,0.4431956626706636,80.58102957648428,100.0,100.0,82.62434645494127,17.375653545058725,HIGH,SAR is not spatially georeferenced
549_640,0.0250414769580436,0.4249585230419564,77.26518600762843,100.0,100.0,81.13221684895613,18.867783151043866,HIGH,SAR is not spatially georeferenced
550_455,0.9304028022012496,0.4804028022012496,87.34596403659083,100.0,100.0,85.66856696198921,14.331433038010786,HIGH,SAR is not spatially georeferenced
551_319,0.7121449490754724,0.2621449490754724,47.662718013722255,100.0,100.0,67.81110625169836,32.18889374830164,MODERATE,SAR is not spatially georeferenced
551_633,0.9729055934672368,0.5229055934672369,95.07374426677033,100.0,100.0,89.14606806556999,10.853931934430008,HIGH,SAR is not spatially georeferenced
552_593,0.9872401891252954,0.5372401891252954,97.68003438641733,100.0,100.0,90.31889861941114,9.681101380588856,HIGH,SAR is not spatially georeferenced
553_61,0.0023996628001875,0.4476003371998125,81.381879490875,100.0,100.0,82.98472891641708,17.015271083582917,HIGH,SAR is not spatially georeferenced
554_344,0.9671465383316448,0.5171465383316447,94.0266433330263,100.0,100.0,88.67487264538518,11.325127354614821,HIGH,SAR is not spatially georeferenced
556_419,0.929896492322903,0.47989649232290293,87.25390769507325,100.0,100.0,85.6271416083063,14.372858391693697,HIGH,SAR is not spatially georeferenced
558_636,0.9754558870303114,0.5254558870303114,95.53743400551116,100.0,100.0,89.35472844800336,10.645271551996643,HIGH,SAR is not spatially georeferenced
558_1664,0.0093146555079797,0.4406853444920203,80.12460808945822,100.0,100.0,82.41895678577954,17.581043214220458,HIGH,SAR is not spatially georeferenced
559_21,0.0390404761904761,0.41095952380952394,74.71991341991344,100.0,100.0,79.9868441844844,20.013155815515603,MODERATE,SAR is not spatially georeferenced
559_258,0.0519104132991926,0.3980895867008074,72.37992485469225,100.0,100.0,78.93384933013485,21.066150669865152,MODERATE,SAR is not spatially georeferenced
559_826,0.1507498214089907,0.29925017859100933,54.40912338018351,100.0,100.0,70.84698866660592,29.153011333394076,MODERATE,SAR is not spatially georeferenced
561_186,0.1391608200536993,0.3108391799463007,56.516214535691034,100.0,100.0,71.7951796865843,28.204820313415695,MODERATE,SAR is not spatially georeferenced
562_330,0.7947068624186272,0.3447068624186272,62.673974985204936,100.0,100.0,74.56617188886557,25.43382811113443,MODERATE,SAR is not spatially georeferenced
562_407,0.9665256235827664,0.5165256235827664,93.91374974232116,100.0,100.0,88.62407052956786,11.37592947043214,HIGH,SAR is not spatially georeferenced
562_504,0.8606751381048874,0.41067513810488737,74.66820692816133,100.0,100.0,79.96357626319593,20.036423736804068,MODERATE,SAR is not spatially georeferenced
563_339,0.9557217505870894,0.5057217505870895,91.94940919765261,100.0,100.0,87.74011728446702,12.259882715532981,HIGH,SAR is not spatially georeferenced
564_748,0.0134073531612037,0.4365926468387963,79.3804812434175,100.0,100.0,82.08409970506122,17.91590029493878,HIGH,SAR is not spatially georeferenced
566_408,0.9603194099045168,0.5103194099045167,92.78534725536667,100.0,100.0,88.11628941043836,11.883710589561645,HIGH,SAR is not spatially georeferenced
566_414,0.9815152691056084,0.5315152691056084,96.63913983738334,100.0,100.0,89.85049607234585,10.149503927654152,HIGH,SAR is not spatially georeferenced
566_970,0.0096299990156961,0.4403700009843039,80.06727290623706,70.0,100.0,76.39315595333002,23.606844046669977,MODERATE,terrain fallback sampling used; SAR is not spatially georeferenced
568_890,0.0148050595483837,0.43519494045161633,79.12635280938478,100.0,100.0,81.96974190974649,18.03025809025351,HIGH,SAR is not spatially georeferenced
570_402,0.983587031217264,0.5335870312172639,97.01582385768434,100.0,100.0,90.0200038814813,9.979996118518699,HIGH,SAR is not spatially georeferenced
577_896,0.0083622024055266,0.4416377975944734,80.29778138081333,70.0,100.0,76.49688476688934,23.503115233110663,MODERATE,terrain fallback sampling used; SAR is not spatially georeferenced
583_493,0.9753179570429572,0.5253179570429571,95.5123558259922,100.0,100.0,89.34344326721984,10.65655673278016,HIGH,SAR is not spatially georeferenced
587_470,0.2291925548925549,0.2208074451074451,40.14680820135365,100.0,100.0,64.42894683613248,35.57105316386752,MODERATE,SAR is not spatially georeferenced
587_492,0.573838486322107,0.12383848632210698,22.516088422201268,100.0,100.0,56.49512293551392,43.50487706448608,LOW,prediction near decision threshold; SAR is not spatially georeferenced
588_407,0.9829015647866712,0.5329015647866713,96.89119359757659,100.0,100.0,89.9639202644328,10.0360797355672,HIGH,SAR is not spatially georeferenced
589_492,0.9844045565545566,0.5344045565545565,97.16446482810119,100.0,100.0,90.08689231816888,9.913107681831121,HIGH,SAR is not spatially georeferenced
589_493,0.9751315476190476,0.5251315476190477,95.4784632034632,100.0,100.0,89.32819158708179,10.67180841291821,HIGH,SAR is not spatially georeferenced
589_500,0.2025267415590944,0.24747325844090562,44.99513789834647,100.0,100.0,66.61069519977926,33.38930480022074,MODERATE,SAR is not spatially georeferenced
590_414,0.971661507936508,0.5216615079365079,94.84754689754689,100.0,100.0,89.04427924941945,10.955720750580554,HIGH,SAR is not spatially georeferenced
590_952,0.0310074754437086,0.41899252455629143,76.1804590102348,100.0,100.0,80.644089700129,19.355910299871,HIGH,SAR is not spatially georeferenced
590_1117,0.0033217983651226,0.4466782016348774,81.2142184790686,70.0,100.0,76.90928146110421,23.090718538895786,MODERATE,terrain fallback sampling used; SAR is not spatially georeferenced
592_410,0.967342554799698,0.5173425547996979,94.06228269085416,100.0,100.0,88.69091035640771,11.309089643592287,HIGH,SAR is not spatially georeferenced
592_748,0.0379118639103246,0.4120881360896754,74.92511565266825,100.0,100.0,80.07918518922406,19.920814810775937,HIGH,SAR is not spatially georeferenced
593_445,0.939387465460072,0.489387465460072,88.97953917455854,100.0,100.0,86.40367577407469,13.596324225925315,HIGH,SAR is not spatially georeferenced
593_593,0.9732230492883884,0.5232230492883885,95.13146350697971,100.0,100.0,89.17204172366422,10.827958276335778,HIGH,SAR is not spatially georeferenced
593_607,0.6401917261337232,0.1901917261337232,34.58031384249512,100.0,100.0,61.92402437464615,38.07597562535385,MODERATE,prediction near decision threshold; SAR is not spatially georeferenced
594_452,0.0449131678651877,0.40508683213481234,73.6521512972386,100.0,100.0,79.50635122928071,20.49364877071929,MODERATE,SAR is not spatially georeferenced
594_475,0.7161852207967833,0.26618522079678325,48.39731287214241,100.0,100.0,68.14167393798742,31.85832606201258,MODERATE,SAR is not spatially georeferenced
594_1271,2.1798365122615804e-05,0.4499782016348774,81.81421847906861,100.0,100.0,83.17928146110421,16.82071853889579,HIGH,SAR is not spatially georeferenced
595_402,0.993071511028654,0.5430715110286539,98.74027473248252,100.0,100.0,90.79600677514048,9.203993224859516,HIGH,SAR is not spatially georeferenced
595_406,0.978933882106364,0.528933882106364,96.16979674661164,100.0,100.0,89.63929168149858,10.360708318501423,HIGH,SAR is not spatially georeferenced
596_477,0.8731157923775572,0.4231157923775572,76.93014406864675,100.0,100.0,80.98144797641439,19.018552023585613,HIGH,SAR is not spatially georeferenced
596_480,0.7504183600713018,0.3004183600713018,54.621520012963956,100.0,100.0,70.94256715135712,29.057432848642875,MODERATE,SAR is not spatially georeferenced
596_820,0.965596031746032,0.515596031746032,93.74473304473308,100.0,100.0,88.54801301565323,11.451986984346775,HIGH,SAR is not spatially georeferenced
597_398,0.9771214569160994,0.5271214569160994,95.84026489383623,100.0,100.0,89.49100234774966,10.508997652250343,HIGH,SAR is not spatially georeferenced
597_790,0.026345258278249,0.423654741721751,77.02813485850018,100.0,100.0,81.02554383184842,18.974456168151576,HIGH,SAR is not spatially georeferenced
597_841,0.0756074895948184,0.3743925104051816,68.07136552821483,70.0,100.0,70.99499763322001,29.00500236677999,MODERATE,terrain fallback sampling used; SAR is not spatially georeferenced
598_397,0.9623926784481912,0.5123926784481911,93.16230517239839,100.0,100.0,88.28592047310262,11.714079526897379,HIGH,SAR is not spatially georeferenced
600_410,0.2910662069585807,0.1589337930414193,28.89705328025805,100.0,100.0,59.36655712163946,40.63344287836054,LOW,prediction near decision threshold; SAR is not spatially georeferenced
600_634,0.4843695108531316,0.03436951085313161,6.249001973296656,100.0,100.0,49.174934033506844,50.825065966493156,LOW,prediction near decision threshold; SAR is not spatially georeferenced
601_1438,6.220240552665621e-05,0.44993779759447333,81.80687228990423,100.0,100.0,83.17597567598025,16.824024324019746,HIGH,SAR is not spatially georeferenced
601_1652,0.0023201826292603,0.4476798173707397,81.39633043104357,100.0,100.0,82.99123183949294,17.00876816050706,HIGH,SAR is not spatially georeferenced
603_1213,0.0231098214531457,0.4268901785468543,77.61639609942804,100.0,100.0,81.29026139026595,18.709738609734046,HIGH,SAR is not spatially georeferenced
604_398,0.9739877525252524,0.5239877525252523,95.27050045913677,100.0,100.0,89.2346083521349,10.765391647865101,HIGH,SAR is not spatially georeferenced
604_436,0.7909692640692646,0.3409692640692646,61.99441164895719,100.0,100.0,74.26036838755408,25.73963161244592,MODERATE,SAR is not spatially georeferenced
604_485,0.8334987649605301,0.3834987649605301,69.72704817464182,100.0,100.0,77.74005482411216,22.259945175887836,MODERATE,SAR is not spatially georeferenced
604_932,0.0161187266279531,0.4338812733720469,78.88750424946306,100.0,100.0,81.86226005778173,18.137739942218275,HIGH,SAR is not spatially georeferenced
607_142,0.4598745658596721,0.009874565859672113,1.795375610849475,100.0,100.0,47.17080217040561,52.82919782959439,LOW,prediction near decision threshold; SAR is not spatially georeferenced
607_576,0.947020412771046,0.49702041277104597,90.36734777655381,100.0,100.0,87.02818964497256,12.971810355027444,HIGH,SAR is not spatially georeferenced
608_488,0.9175057923775572,0.46750579237755724,85.00105315955585,100.0,100.0,84.61335706732348,15.386642932676523,HIGH,SAR is not spatially georeferenced
609_405,0.9804147922998986,0.5304147922998985,96.43905314543608,100.0,100.0,89.76045706096957,10.239542939030429,HIGH,SAR is not spatially georeferenced
609_488,0.979965854558878,0.5299658545588779,96.35742810161415,100.0,100.0,89.7237257912497,10.276274208750294,HIGH,SAR is not spatially georeferenced
610_488,0.9474640688445922,0.4974640688445922,90.44801251719858,100.0,100.0,87.0644887782627,12.9355112217373,HIGH,SAR is not spatially georeferenced
610_595,0.5664906870906873,0.11649068709068727,21.180124925579502,100.0,100.0,55.89393936203412,44.10606063796588,LOW,prediction near decision threshold; SAR is not spatially georeferenced
610_1049,0.0054298902732145,0.4445701097267855,80.83092904123373,100.0,100.0,82.73680121407853,17.263198785921475,HIGH,SAR is not spatially georeferenced
611_429,0.827450865800866,0.377450865800866,68.627430145612,100.0,100.0,77.24522671104874,22.754773288951256,MODERATE,SAR is not spatially georeferenced
611_489,0.9684450212255448,0.5184450212255447,94.2627311319172,100.0,100.0,88.78111215488609,11.218887845113912,HIGH,SAR is not spatially georeferenced
611_737,0.0590423203552098,0.3909576796447902,71.08321448087095,70.0,100.0,72.35032966191527,27.649670338084732,MODERATE,terrain fallback sampling used; SAR is not spatially georeferenced
612_489,0.9792467395967396,0.5292467395967395,96.2266799266799,100.0,100.0,89.6648891125293,10.335110887470705,HIGH,SAR is not spatially georeferenced
613_406,0.977824480313035,0.527824480313035,95.96808732964271,100.0,100.0,89.54852244386257,10.451477556137434,HIGH,SAR is not spatially georeferenced
613_427,0.913651319073084,0.46365131907308393,84.30023983146981,100.0,100.0,84.29799106968476,15.702008930315245,HIGH,SAR is not spatially georeferenced
613_715,0.9763453823953824,0.5263453823953823,95.69916043552405,100.0,100.0,89.42750534150917,10.572494658490825,HIGH,SAR is not spatially georeferenced
614_407,0.9405693187052456,0.4905693187052456,89.19442158277192,100.0,100.0,86.50037285777071,13.499627142229286,HIGH,SAR is not spatially georeferenced
614_699,0.9651080601108988,0.5151080601108988,93.65601092925434,100.0,100.0,88.5080880636878,11.491911936312206,HIGH,SAR is not spatially georeferenced
614_707,0.9765585858585858,0.5265585858585857,95.73792470156103,100.0,100.0,89.4449492612258,10.555050738774199,HIGH,SAR is not spatially georeferenced
614_713,0.9521776146464018,0.5021776146464019,91.30502084480034,100.0,100.0,87.4501425256835,12.549857474316497,HIGH,SAR is not spatially georeferenced
614_1649,0.0794452882865926,0.3705547117134074,67.37358394789226,100.0,100.0,76.68099592207486,23.319004077925143,MODERATE,SAR is not spatially georeferenced
615_710,0.9477360028860032,0.4977360028860032,90.4974550701824,100.0,100.0,87.08673792710542,12.913262072894582,HIGH,SAR is not spatially georeferenced
616_401,0.98065806706521,0.5306580670652099,96.48328492094724,100.0,100.0,89.78036135994961,10.219638640050391,HIGH,SAR is not spatially georeferenced
616_402,0.9807750223321654,0.5307750223321654,96.50454951493916,100.0,100.0,89.78993042724596,10.210069572754037,HIGH,SAR is not spatially georeferenced
616_405,0.9503166441517508,0.5003166441517508,90.9666625730456,100.0,100.0,87.29788130339386,12.702118696606135,HIGH,SAR is not spatially georeferenced
616_406,0.9912455209961542,0.5412455209961542,98.4082765447553,100.0,100.0,90.64660759066322,9.353392409336777,HIGH,SAR is not spatially georeferenced
616_490,0.9860894524394525,0.5360894524394524,97.47080953444588,100.0,100.0,90.22474743602399,9.77525256397601,HIGH,SAR is not spatially georeferenced
616_683,0.903351731601732,0.453351731601732,82.42758756395126,100.0,100.0,83.4552975493014,16.544702450698594,HIGH,SAR is not spatially georeferenced
616_692,0.9850037254412256,0.5350037254412257,97.27340462567739,100.0,100.0,90.13591522707816,9.864084772921842,HIGH,SAR is not spatially georeferenced
617_665,0.9384502801120448,0.4884502801120448,88.80914183855359,100.0,100.0,86.32699697287245,13.67300302712755,HIGH,SAR is not spatially georeferenced
617_1559,0.0100130397721174,0.43998696022788264,79.9976291323423,100.0,100.0,82.36181625507737,17.638183744922628,HIGH,SAR is not spatially georeferenced
618_403,0.9815068405139832,0.5315068405139831,96.63760736617874,100.0,100.0,89.84980646030377,10.150193539696232,HIGH,SAR is not spatially georeferenced
619_667,0.9463145047762695,0.49631450477626954,90.23900086841263,100.0,100.0,86.97043353630903,13.02956646369097,HIGH,SAR is not spatially georeferenced
619_724,0.9710644634298023,0.5210644634298023,94.73899335087313,100.0,100.0,88.99543015341625,11.004569846583749,HIGH,SAR is not spatially georeferenced
620_413,0.7214203740703746,0.2714203740703746,49.349158921886286,100.0,100.0,68.57000466037218,31.429995339627823,MODERATE,SAR is not spatially georeferenced
621_427,0.9557007751937984,0.5057007751937983,91.94559548978151,100.0,100.0,87.73840111592503,12.26159888407497,HIGH,SAR is not spatially georeferenced
622_738,0.9378175320480552,0.48781753204805517,88.69409673601002,100.0,100.0,86.27522667672785,13.724773323272146,HIGH,SAR is not spatially georeferenced
623_426,0.97474184662237,0.5247418466223699,95.40760847679451,100.0,100.0,89.29630696008087,10.70369303991913,HIGH,SAR is not spatially georeferenced
623_1379,6.220240552665621e-05,0.44993779759447333,81.80687228990423,100.0,100.0,83.17597567598025,16.824024324019746,HIGH,SAR is not spatially georeferenced
624_377,0.0586636176200364,0.3913363823799636,71.15206952362973,100.0,100.0,78.38131443115672,21.618685568843276,MODERATE,SAR is not spatially georeferenced
625_402,0.9937089743589744,0.5437089743589745,98.85617715617717,100.0,100.0,90.84816286580306,9.151837134196938,HIGH,SAR is not spatially georeferenced
626_401,0.988340521978022,0.538340521978022,97.8800949050949,100.0,100.0,90.40892585281605,9.591074147183946,HIGH,SAR is not spatially georeferenced
626_498,0.9894666666666664,0.5394666666666663,98.08484848484841,100.0,100.0,90.50106496370512,9.498935036294881,HIGH,SAR is not spatially georeferenced
626_499,0.9847445680474072,0.5347445680474072,97.22628509952858,100.0,100.0,90.1147114403112,9.885288559688803,HIGH,SAR is not spatially georeferenced
626_533,0.0708681902930178,0.37913180970698224,68.9330563103604,100.0,100.0,77.38275848518552,22.61724151481448,MODERATE,SAR is not spatially georeferenced
626_711,0.9878729351988654,0.5378729351988654,97.79507912706642,100.0,100.0,90.37066875270324,9.629331247296761,HIGH,SAR is not spatially georeferenced
626_712,0.9890547298200464,0.5390547298200463,98.00995087637206,100.0,100.0,90.46736103989076,9.532638960109239,HIGH,SAR is not spatially georeferenced
627_713,0.7078641462866283,0.2578641462866283,46.88439023393241,100.0,100.0,67.46085875079292,32.53914124920708,MODERATE,SAR is not spatially georeferenced
627_758,0.8794931168885624,0.42949311688856234,78.08965761610224,100.0,100.0,81.50322907276936,18.496770927230642,HIGH,SAR is not spatially georeferenced
627_762,0.9181663173315304,0.4681663173315304,85.1211486057328,100.0,100.0,84.66740001810311,15.332599981896891,HIGH,SAR is not spatially georeferenced
627_1306,0.0006884650317892,0.4493115349682108,81.6930063578565,100.0,100.0,83.12473600655878,16.875263993441223,HIGH,SAR is not spatially georeferenced
628_762,0.898625959976467,0.448625959976467,81.56835635935764,100.0,100.0,83.06864350723427,16.93135649276573,HIGH,SAR is not spatially georeferenced
628_1374,0.0004622024055266,0.44953779759447343,81.73414501717698,100.0,100.0,83.14324840325298,16.856751596747017,HIGH,SAR is not spatially georeferenced
629_760,0.978960554282319,0.528960554282319,96.1746462331489,100.0,100.0,89.64147395044034,10.358526049559657,HIGH,SAR is not spatially georeferenced
629_1017,0.0070608426541669,0.4429391573458331,80.53439224469693,100.0,100.0,82.60335965563696,17.396640344363036,HIGH,SAR is not spatially georeferenced
630_759,0.944100303810304,0.49410030381030395,89.83641887460071,100.0,100.0,86.78927163909367,13.21072836090633,HIGH,SAR is not spatially georeferenced
631_766,0.8311498556998559,0.3811498556998559,69.29997376361015,100.0,100.0,77.54787133914792,22.452128660852082,MODERATE,SAR is not spatially georeferenced
633_506,0.9025320859258128,0.4525320859258128,82.27856107742049,100.0,100.0,83.38823563036257,16.611764369637427,HIGH,SAR is not spatially georeferenced
634_1356,0.0010467983651226,0.4489532016348774,81.62785484270498,70.0,100.0,77.09541782474058,22.90458217525942,MODERATE,terrain fallback sampling used; SAR is not spatially georeferenced
635_505,0.9807557823129252,0.5307557823129252,96.50105132962275,100.0,100.0,89.78835624385358,10.211643756146415,HIGH,SAR is not spatially georeferenced
636_425,0.95627091503268,0.5062709150326801,92.04925727866909,100.0,100.0,87.78504892092442,12.214951079075576,HIGH,SAR is not spatially georeferenced
636_522,0.9696307029478456,0.5196307029478455,94.478309626881,100.0,100.0,88.8781224776198,11.121877522380203,HIGH,SAR is not spatially georeferenced
636_783,0.7971090269207918,0.34710902692079176,63.110732167416685,100.0,100.0,74.76271262086085,25.237287379139147,MODERATE,SAR is not spatially georeferenced
637_791,0.8846607655733473,0.43466076557334726,79.02923010424495,100.0,100.0,81.92603669243357,18.07396330756643,HIGH,SAR is not spatially georeferenced
638_800,0.9580521598112932,0.5080521598112933,92.37311996568968,100.0,100.0,87.9307871300837,12.0692128699163,HIGH,SAR is not spatially georeferenced
638_1057,0.8778471861471859,0.4278471861471859,77.79039748130653,100.0,100.0,81.36856201211128,18.631437987888717,HIGH,SAR is not spatially georeferenced
638_1523,0.0004622024055266,0.44953779759447343,81.73414501717698,100.0,100.0,83.14324840325298,16.856751596747017,HIGH,SAR is not spatially georeferenced
639_392,0.2360948603683899,0.21390513963161012,38.89184356938365,100.0,100.0,63.86421275174598,36.13578724825402,MODERATE,prediction near decision threshold; SAR is not spatially georeferenced
639_1053,0.8579909128882806,0.40799091288828054,74.18016597968736,100.0,100.0,79.74395783638266,20.256042163617337,MODERATE,SAR is not spatially georeferenced
639_1151,0.1002211901624944,0.34977880983750564,63.59614724318284,100.0,100.0,74.98114940495562,25.018850595044384,MODERATE,SAR is not spatially georeferenced
640_1048,0.8392068336021273,0.3892068336021273,70.76487883675041,100.0,100.0,78.20707862206103,21.792921377938967,MODERATE,SAR is not spatially georeferenced
641_800,0.965615651874785,0.515615651874785,93.74830034086999,100.0,100.0,88.54961829891484,11.450381701085163,HIGH,SAR is not spatially georeferenced
641_823,0.7146956537941016,0.2646956537941016,48.12648250801847,70.0,100.0,62.019800274131654,37.980199725868346,MODERATE,terrain fallback sampling used; SAR is not spatially georeferenced
642_642,0.991331746031746,0.5413317460317459,98.42395382395381,100.0,100.0,90.65366236630256,9.346337633697445,HIGH,SAR is not spatially georeferenced
642_646,0.9527779158826652,0.5027779158826653,91.41416652412096,100.0,100.0,87.49925808137777,12.500741918622225,HIGH,SAR is not spatially georeferenced
643_643,0.9817180555555558,0.5317180555555558,96.67601010101015,100.0,100.0,89.86708769097791,10.132912309022089,HIGH,SAR is not spatially georeferenced
643_681,0.995712925170068,0.5457129251700681,99.22053184910328,100.0,100.0,91.01212247761981,8.987877522380188,HIGH,SAR is not spatially georeferenced
644_509,0.9817396825396826,0.5317396825396825,96.67994227994227,100.0,100.0,89.86885717149735,10.131142828502647,HIGH,SAR is not spatially georeferenced
644_1042,0.8276129870129866,0.37761298701298657,68.65690672963392,100.0,100.0,77.2584911738586,22.7415088261414,MODERATE,SAR is not spatially georeferenced
645_138,0.006129485237637,0.443870514762363,80.70372995679327,100.0,100.0,82.67956162608031,17.320438373919686,HIGH,SAR is not spatially georeferenced
645_173,0.0717632850241545,0.37823671497584554,68.7703118137901,100.0,100.0,77.30952346172889,22.690476538271113,MODERATE,SAR is not spatially georeferenced
645_510,0.9816955555555557,0.5316955555555556,96.67191919191919,100.0,100.0,89.86524678188698,10.134753218113019,HIGH,SAR is not spatially georeferenced
645_637,0.5876225971654765,0.13762259716547648,25.022290393722997,100.0,100.0,57.62291382269869,42.37708617730131,LOW,prediction near decision threshold; SAR is not spatially georeferenced
645_642,0.6106157459086252,0.1606157459086252,29.20286289247731,100.0,100.0,59.504171447138134,40.495828552861866,LOW,prediction near decision threshold; SAR is not spatially georeferenced
645_1029,0.8623609328579911,0.4123609328579911,74.97471506508928,100.0,100.0,80.10150492481353,19.898495075186474,HIGH,SAR is not spatially georeferenced
645_1032,0.8685547534165182,0.4185547534165182,76.10086425754876,100.0,100.0,80.60827206142028,19.39172793857972,HIGH,SAR is not spatially georeferenced
647_542,0.983301668817008,0.533301668817008,96.96393978491055,100.0,100.0,89.99665604873309,10.003343951266913,HIGH,SAR is not spatially georeferenced
647_1034,0.7497029663147308,0.29970296631473076,54.49144842086013,100.0,100.0,70.8840349349104,29.115965065089597,MODERATE,SAR is not spatially georeferenced
648_1030,0.8705778881249464,0.4205778881249464,76.46870693180843,100.0,100.0,80.77380126483713,19.226198735162868,HIGH,SAR is not spatially georeferenced
649_1368,0.0004217983651226,0.4495782016348774,81.74149120634134,70.0,100.0,77.14655418837694,22.85344581162306,MODERATE,terrain fallback sampling used; SAR is not spatially georeferenced
650_513,0.99425,0.5442499999999999,98.95454545454542,100.0,100.0,90.89242860006878,9.107571399931217,HIGH,SAR is not spatially georeferenced
650_1051,0.0550428797502694,0.3949571202497306,71.81038549995101,100.0,100.0,78.67755662050129,21.322443379498708,MODERATE,SAR is not spatially georeferenced
651_1624,2.1798365122615804e-05,0.4499782016348774,81.81421847906861,100.0,100.0,83.17928146110421,16.82071853889579,HIGH,SAR is not spatially georeferenced
652_418,0.2822350236279028,0.1677649763720972,30.502722976744945,100.0,100.0,60.089108485058574,39.910891514941426,MODERATE,prediction near decision threshold; SAR is not spatially georeferenced
652_515,0.9935583333333332,0.5435583333333331,98.82878787878784,100.0,100.0,90.83583769097787,9.164162309022132,HIGH,SAR is not spatially georeferenced
652_1018,0.8569548422166068,0.40695484221660677,73.9917894939285,100.0,100.0,79.65918841779117,20.34081158220883,MODERATE,SAR is not spatially georeferenced
654_952,0.0006884650317892,0.4493115349682108,81.6930063578565,100.0,100.0,83.12473600655878,16.875263993441223,HIGH,SAR is not spatially georeferenced
655_512,0.9824889019710448,0.5324889019710448,96.81616399473542,100.0,100.0,89.93015694315429,10.069843056845713,HIGH,SAR is not spatially georeferenced
655_1178,0.0061702832136074,0.4438297167863926,80.69631214298046,100.0,100.0,82.67622360986455,17.32377639013545,HIGH,SAR is not spatially georeferenced
656_324,0.4112890735741796,0.03871092642582041,7.038350259240074,100.0,100.0,49.530140762181375,50.469859237818625,LOW,prediction near decision threshold; SAR is not spatially georeferenced
656_1008,0.916316883116883,0.46631688311688296,84.78488783943325,100.0,100.0,84.5160826732683,15.4839173267317,HIGH,SAR is not spatially georeferenced
657_85,0.0453717171717171,0.4046282828282829,73.56877869605142,100.0,100.0,79.46883355874648,20.531166441253518,MODERATE,SAR is not spatially georeferenced
657_1007,0.8912031926406927,0.4412031926406927,80.21876229830775,100.0,100.0,82.46132617976184,17.53867382023816,HIGH,SAR is not spatially georeferenced
658_575,0.9418474488632664,0.4918474488632664,89.42680888423024,100.0,100.0,86.60494714342695,13.395052856573045,HIGH,SAR is not spatially georeferenced
659_576,0.7803795952132161,0.3303795952132161,60.06901731149383,100.0,100.0,73.39394093569557,26.606059064304432,MODERATE,SAR is not spatially georeferenced
659_1047,0.0216900238991015,0.4283099761008985,77.87454110925427,100.0,100.0,81.40642664468777,18.59357335531223,HIGH,SAR is not spatially georeferenced
660_520,0.5832368934705146,0.13323689347051454,24.224889721911733,100.0,100.0,57.26408352038362,42.73591647961638,LOW,prediction near decision threshold; SAR is not spatially georeferenced
660_577,0.9700613756613756,0.5200613756613757,94.55661375661376,100.0,100.0,88.91335933599953,11.08664066400047,HIGH,SAR is not spatially georeferenced
660_681,0.062731233133253,0.387268766866747,70.41250306668127,100.0,100.0,78.04850952552991,21.95149047447009,MODERATE,SAR is not spatially georeferenced
660_1004,0.8916674783549784,0.4416674783549784,80.30317788272333,100.0,100.0,82.49931319274884,17.500686807251157,HIGH,SAR is not spatially georeferenced
661_579,0.9070363271418505,0.45703632714185044,83.09751402579099,100.0,100.0,83.7567644571293,16.243235542870707,HIGH,SAR is not spatially georeferenced
661_798,0.9432456991115594,0.4932456991115594,89.68103620210171,100.0,100.0,86.71934943646912,13.280650563530884,HIGH,SAR is not spatially georeferenced
661_1004,0.9296314589665656,0.4796314589665656,87.20571981210283,100.0,100.0,85.60545706096961,14.394542939030387,HIGH,SAR is not spatially georeferenced
661_1267,0.0043002365935608,0.4456997634064392,81.03632061935258,100.0,100.0,82.829227424232,17.170772575767998,HIGH,SAR is not spatially georeferenced
662_496,0.018709450821997,0.431290549178003,78.41646348690963,100.0,100.0,81.65029171463269,18.349708285367313,HIGH,SAR is not spatially georeferenced
662_798,0.9580248193960368,0.5080248193960368,92.36814898109759,100.0,100.0,87.92855018701727,12.071449812982735,HIGH,SAR is not spatially georeferenced
663_192,0.1982892496392496,0.2517107503607504,45.76559097468189,100.0,100.0,66.95739908413019,33.04260091586981,MODERATE,SAR is not spatially georeferenced
663_798,0.9033411912747452,0.4533411912747452,82.42567114086276,100.0,100.0,83.4544351589116,16.545564841088407,HIGH,SAR is not spatially georeferenced
664_436,0.9533429756751186,0.5033429756751187,91.51690466820338,100.0,100.0,87.54549024621485,12.454509753785146,HIGH,SAR is not spatially georeferenced
664_518,0.8896079716038232,0.4396079716038232,79.92872210978604,100.0,100.0,82.33080809492705,17.66919190507295,HIGH,SAR is not spatially georeferenced
664_552,0.5265509768009766,0.07655097680097661,13.918359418359383,100.0,100.0,52.62614488378506,47.37385511621494,LOW,prediction near decision threshold; SAR is not spatially georeferenced
665_191,0.5461340191599953,0.09613401915999525,17.478912574544587,100.0,100.0,54.2283938040684,45.7716061959316,LOW,prediction near decision threshold; SAR is not spatially georeferenced
665_436,0.8988075971934665,0.44880759719346647,81.60138130790298,100.0,100.0,83.08350473407968,16.916495265920318,HIGH,SAR is not spatially georeferenced
665_797,0.4808568345834327,0.03085683458343269,5.610333560624125,100.0,100.0,48.8875332478042,51.1124667521958,LOW,prediction near decision threshold; SAR is not spatially georeferenced
665_1000,0.9571714339039088,0.5071714339039088,92.21298798252887,100.0,100.0,87.85872773766133,12.141272262338674,HIGH,SAR is not spatially georeferenced
666_786,0.0351980730372934,0.4148019269627066,75.41853217503757,100.0,100.0,80.30122262429025,19.698777375709753,HIGH,SAR is not spatially georeferenced
666_1210,0.0033201826292603,0.4466798173707397,81.2145122492254,100.0,100.0,82.90941365767478,17.090586342325224,HIGH,SAR is not spatially georeferenced
667_826,0.98733658286503,0.53733658286503,97.69756052091455,100.0,100.0,90.32678537993489,9.67321462006511,HIGH,SAR is not spatially georeferenced
668_1439,0.006757988841313,0.443242011158687,80.58945657430672,100.0,100.0,82.62813860396136,17.37186139603864,HIGH,SAR is not spatially georeferenced
670_680,0.841540278114938,0.391540278114938,71.18914147544328,100.0,100.0,78.39799680947282,21.602003190527185,MODERATE,SAR is not spatially georeferenced
670_1073,8.959497529210732e-05,0.4499104050247079,81.80189182267415,100.0,100.0,83.17373446572671,16.82626553427329,HIGH,SAR is not spatially georeferenced
674_841,0.8723540964590963,0.42235409645909633,76.79165390165387,70.0,100.0,74.91912740126759,25.080872598732412,MODERATE,terrain fallback sampling used; SAR is not spatially georeferenced
675_428,0.0127558660172603,0.4372441339827397,79.49893345140721,100.0,100.0,82.13740319865659,17.862596801343415,HIGH,SAR is not spatially georeferenced
675_1528,0.0135049152482395,0.4364950847517605,79.36274268213826,100.0,100.0,82.07611735248557,17.923882647514432,HIGH,SAR is not spatially georeferenced
676_677,0.1679576882182145,0.2820423117817855,51.280420323960996,100.0,100.0,69.43907229130579,30.56092770869421,MODERATE,SAR is not spatially georeferenced
677_766,0.008594356880054,0.441405643119946,80.25557147635382,100.0,100.0,82.47789030988255,17.522109690117446,HIGH,SAR is not spatially georeferenced
677_822,0.0379426103165155,0.4120573896834845,74.91952539699717,100.0,100.0,80.07666957417207,19.923330425827928,HIGH,SAR is not spatially georeferenced
678_841,0.920355011211422,0.47035501121142204,85.51909294753128,100.0,100.0,84.84647497191241,15.153525028087586,HIGH,SAR is not spatially georeferenced
678_1443,0.0026241071674314,0.4473758928325686,81.34107142410339,100.0,100.0,82.96636528636986,17.033634713630136,HIGH,SAR is not spatially georeferenced
679_840,0.9618002866215908,0.5118002866215907,93.05459756756194,100.0,100.0,88.23745205092621,11.762547949073792,HIGH,SAR is not spatially georeferenced
679_1526,0.0072557921491163,0.4427442078508837,80.49894688197885,100.0,100.0,82.58740924241383,17.412590757586173,HIGH,SAR is not spatially georeferenced
681_836,0.9280963849676892,0.4780963849676892,86.92661544867076,100.0,100.0,85.47986009742519,14.520139902574812,HIGH,SAR is not spatially georeferenced
681_945,0.0019733135166377,0.4480266864833623,81.4593975424295,100.0,100.0,83.01961203961662,16.980387960383382,HIGH,SAR is not spatially georeferenced
681_1322,0.1491619047619048,0.30083809523809524,54.69783549783549,100.0,100.0,70.97690911954932,29.02309088045068,MODERATE,SAR is not spatially georeferenced
682_700,0.7372021922521924,0.2872021922521924,52.218580409489526,100.0,100.0,69.86124432979364,30.138755670206365,MODERATE,SAR is not spatially georeferenced
682_830,0.8071810288445828,0.35718102884458275,64.94200524446958,70.0,100.0,69.58678550553465,30.41321449446535,MODERATE,terrain fallback sampling used; SAR is not spatially georeferenced
682_832,0.8878673183883723,0.4378673183883723,79.61223970697677,100.0,100.0,82.18839101366288,17.81160898633712,HIGH,SAR is not spatially georeferenced
682_889,0.0024801316984559,0.4475198683015441,81.36724878209893,70.0,100.0,76.97814509746786,23.02185490253214,MODERATE,terrain fallback sampling used; SAR is not spatially georeferenced
683_833,0.974682614611062,0.5246826146110619,95.39683902019307,100.0,100.0,89.29146070461022,10.708539295389784,HIGH,SAR is not spatially georeferenced
683_1168,0.0015432595523372,0.4484567404476628,81.53758917230233,70.0,100.0,77.05479827305939,22.94520172694061,MODERATE,terrain fallback sampling used; SAR is not spatially georeferenced
684_539,0.1376798828622358,0.3123201171377642,56.78547584322985,100.0,100.0,71.91634727497677,28.083652725023228,MODERATE,SAR is not spatially georeferenced
685_800,0.8234409794782599,0.3734409794782599,67.89835990513815,100.0,100.0,76.9171451028355,23.082854897164495,MODERATE,SAR is not spatially georeferenced
685_1307,2.1798365122615804e-05,0.4499782016348774,81.81421847906861,100.0,100.0,83.17928146110421,16.82071853889579,HIGH,SAR is not spatially georeferenced
686_1225,0.0045372024055266,0.44546279759447344,80.99323592626789,70.0,100.0,76.80983931234388,23.190160687656117,MODERATE,terrain fallback sampling used; SAR is not spatially georeferenced
688_812,0.9013692080176552,0.4513692080176552,82.06712873048275,100.0,100.0,83.29309107424058,16.70690892575942,HIGH,SAR is not spatially georeferenced
688_1274,0.0071623071713848,0.44283769282861524,80.51594415065732,100.0,100.0,82.59505801331913,17.404941986680868,HIGH,SAR is not spatially georeferenced
688_1556,0.0206001533434775,0.42939984665652253,78.072699392095,100.0,100.0,81.49559787196608,18.504402128033917,HIGH,SAR is not spatially georeferenced
688_1616,0.0002717983651226,0.4497282016348774,81.76876393361408,100.0,100.0,83.15882691564968,16.841173084350316,HIGH,SAR is not spatially georeferenced
689_462,0.9713334569362958,0.5213334569362957,94.78790126114467,100.0,100.0,89.01743871303844,10.982561286961555,HIGH,SAR is not spatially georeferenced
690_463,0.9937587301587304,0.5437587301587303,98.8652236652237,100.0,100.0,90.852233794874,9.147766205126004,HIGH,SAR is not spatially georeferenced
690_466,0.9297209569362956,0.47972095693629563,87.22199217023557,100.0,100.0,85.61277962212935,14.387220377870648,HIGH,SAR is not spatially georeferenced
690_552,0.811287886949652,0.361287886949652,65.68870671811855,100.0,100.0,75.9228011686767,24.0771988313233,MODERATE,SAR is not spatially georeferenced
690_1038,0.0070451505308476,0.4429548494691524,80.5372453580277,100.0,100.0,82.6046435566358,17.395356443364193,HIGH,SAR is not spatially georeferenced
691_75,0.0650570818070818,0.3849429181929182,69.98962148962148,100.0,100.0,77.85821281585301,22.14178718414699,MODERATE,SAR is not spatially georeferenced
691_421,0.0168439355216525,0.43315606447834754,78.75564808697227,100.0,100.0,81.80292478466086,18.19707521533914,HIGH,SAR is not spatially georeferenced
691_453,0.9850132049983114,0.5350132049983114,97.27512818151115,100.0,100.0,90.13669082720335,9.863309172796647,HIGH,SAR is not spatially georeferenced
692_978,0.7835802856953923,0.3335802856953923,60.65096103552586,100.0,100.0,73.65581561150998,26.34418438849002,MODERATE,SAR is not spatially georeferenced
693_857,0.0043036165469407,0.4456963834530593,81.03570608237442,100.0,100.0,82.82895088259184,17.17104911740816,HIGH,SAR is not spatially georeferenced
694_455,0.9947166666666668,0.5447166666666667,99.03939393939395,100.0,100.0,90.93061041825061,9.069389581749391,HIGH,SAR is not spatially georeferenced
694_1647,6.220240552665621e-05,0.44993779759447333,81.80687228990423,100.0,100.0,83.17597567598025,16.824024324019746,HIGH,SAR is not spatially georeferenced
695_815,0.9507397628006848,0.5007397628006849,91.04359323648815,100.0,100.0,87.33250010194301,12.667499898056988,HIGH,SAR is not spatially georeferenced
697_813,0.9397469705329176,0.48974697053291755,89.04490373325773,100.0,100.0,86.43308982548932,13.566910174510681,HIGH,SAR is not spatially georeferenced
698_299,0.4403008861203765,0.009699113879623522,1.7634752508406404,100.0,100.0,47.15644700840163,52.84355299159837,LOW,prediction near decision threshold; SAR is not spatially georeferenced
698_438,0.9900904761904762,0.5400904761904761,98.19826839826837,100.0,100.0,90.5521039247441,9.447896075255898,HIGH,SAR is not spatially georeferenced
698_814,0.9548657211870256,0.5048657211870256,91.79376748855009,100.0,100.0,87.67007851537088,12.329921484629125,HIGH,SAR is not spatially georeferenced
698_962,0.740798393828394,0.29079839382839395,52.87243524152617,100.0,100.0,70.15547900421012,29.84452099578988,MODERATE,SAR is not spatially georeferenced
699_342,0.213651404151404,0.23634859584859602,42.972471972472,100.0,100.0,65.70049553313574,34.29950446686426,MODERATE,SAR is not spatially georeferenced
699_439,0.9783671732522796,0.5283671732522797,96.06675877314174,100.0,100.0,89.59292459343712,10.407075406562882,HIGH,SAR is not spatially georeferenced
699_780,0.0040288690721933,0.4459711309278067,81.08566016869212,100.0,100.0,82.8514302214348,17.148569778565204,HIGH,SAR is not spatially georeferenced
699_813,0.9701322291235338,0.5201322291235337,94.56949620427886,100.0,100.0,88.91915643744883,11.080843562551166,HIGH,SAR is not spatially georeferenced
699_834,0.9560564897751628,0.5060564897751627,92.01027086821139,70.0,100.0,81.76750503621847,18.232494963781534,HIGH,terrain fallback sampling used; SAR is not spatially georeferenced
700_491,0.9226949410067056,0.47269494100670556,85.94453472849192,100.0,100.0,85.0379237733447,14.962076226655299,HIGH,SAR is not spatially georeferenced
700_541,0.8678361247947458,0.4178361247947458,75.9702045081356,100.0,100.0,80.54947517418435,19.45052482581565,HIGH,SAR is not spatially georeferenced
700_614,0.9463494708994712,0.4963494708994712,90.24535834535838,100.0,100.0,86.9732944009346,13.026705599065394,HIGH,SAR is not spatially georeferenced
700_713,0.9688256613756614,0.5188256613756614,94.33193843193844,100.0,100.0,88.81225543989564,11.187744560104363,HIGH,SAR is not spatially georeferenced
700_812,0.926050750047055,0.47605075004705494,86.55468182673725,100.0,100.0,85.31248996755511,14.68751003244489,HIGH,SAR is not spatially georeferenced
702_453,0.996841690626797,0.546841690626797,99.4257619321449,100.0,100.0,91.10447601498853,8.895523985011465,HIGH,SAR is not spatially georeferenced
702_951,0.5877794827153525,0.1377794827153525,25.050815039155,70.0,100.0,51.6357499131431,48.3642500868569,LOW,prediction near decision threshold; terrain fallback sampling used; SAR is not spatially georeferenced
702_1183,6.220240552665621e-05,0.44993779759447333,81.80687228990423,100.0,100.0,83.17597567598025,16.824024324019746,HIGH,SAR is not spatially georeferenced
703_492,0.925244147355912,0.47524414735591197,86.40802679198399,100.0,100.0,85.24649520191613,14.753504798083867,HIGH,SAR is not spatially georeferenced
703_654,0.068644457946088,0.381355542053912,69.33737128252945,100.0,100.0,77.5647002226616,22.4352997773384,MODERATE,SAR is not spatially georeferenced
703_817,0.956044360642808,0.506044360642808,92.00806557141962,100.0,100.0,87.76651265266217,12.233487347337828,HIGH,SAR is not spatially georeferenced
703_1649,6.220240552665621e-05,0.44993779759447333,81.80687228990423,100.0,100.0,83.17597567598025,16.824024324019746,HIGH,SAR is not spatially georeferenced
704_489,0.9764064850182496,0.5264064850182495,95.71027000331807,100.0,100.0,89.43250464701647,10.567495352983528,HIGH,SAR is not spatially georeferenced
705_442,0.9516675239792888,0.5016675239792887,91.21227708714339,100.0,100.0,87.40840783473786,12.591592165262142,HIGH,SAR is not spatially georeferenced
705_813,0.7097668659153132,0.2597668659153132,47.230339257329675,100.0,100.0,67.6165358113217,32.3834641886783,MODERATE,SAR is not spatially georeferenced
705_835,0.9296915889700362,0.4796915889700362,87.21665254000658,100.0,100.0,85.61037678852631,14.38962321147369,HIGH,SAR is not spatially georeferenced
706_75,0.0263194962042788,0.4236805037957212,77.0328188719493,100.0,100.0,81.02765163790053,18.972348362099467,HIGH,SAR is not spatially georeferenced
706_819,0.9212462148996624,0.4712462148996624,85.68112998175678,100.0,100.0,84.9193916373139,15.080608362686107,HIGH,SAR is not spatially georeferenced
707_586,0.5560602675102677,0.1060602675102677,19.283685001866854,100.0,100.0,55.04054139636342,44.95945860363658,LOW,prediction near decision threshold; SAR is not spatially georeferenced
707_821,0.9592545497681036,0.5092545497681036,92.59173632147338,100.0,100.0,88.02916449018636,11.97083550981364,HIGH,SAR is not spatially georeferenced
707_938,0.5904843665288579,0.14048436652885793,25.542612096155988,100.0,100.0,57.857058588793535,42.142941411206465,LOW,prediction near decision threshold; SAR is not spatially georeferenced
708_52,0.0409893214217761,0.40901067857822393,74.36557792331342,100.0,100.0,79.82739321101438,20.172606788985618,MODERATE,SAR is not spatially georeferenced
708_495,0.8936522779226637,0.44365227792266365,80.66405053139339,100.0,100.0,82.66170588465036,17.33829411534964,HIGH,SAR is not spatially georeferenced
709_331,0.0582521893984128,0.3917478106015872,71.22687465483402,100.0,100.0,78.41497674019865,21.585023259801346,MODERATE,SAR is not spatially georeferenced
710_465,0.9738906659310048,0.5238906659310048,95.25284835109177,100.0,100.0,89.22666490351463,10.773335096485368,HIGH,SAR is not spatially georeferenced
710_704,0.9148149987267636,0.46481499872676363,84.51181795032066,100.0,100.0,84.39320122316764,15.606798776832363,HIGH,SAR is not spatially georeferenced
712_482,0.0882123292449301,0.3617876707550699,65.7795765009218,100.0,100.0,75.96369257093815,24.03630742906185,MODERATE,SAR is not spatially georeferenced
712_713,0.9539064949529668,0.5039064949529668,91.61936271872123,100.0,100.0,87.5915963689479,12.408403631052096,HIGH,SAR is not spatially georeferenced
713_669,0.8865268313385959,0.4365268313385959,79.36851478883561,100.0,100.0,82.07871480049937,17.92128519950063,HIGH,SAR is not spatially georeferenced
713_1038,2.1798365122615804e-05,0.4499782016348774,81.81421847906861,100.0,100.0,83.17928146110421,16.82071853889579,HIGH,SAR is not spatially georeferenced
714_190,0.0392570060260274,0.4107429939739726,74.68054435890411,100.0,100.0,79.9691281070302,20.0308718929698,MODERATE,SAR is not spatially georeferenced
714_915,0.9356149267399269,0.48561492673992684,88.29362304362306,70.0,100.0,80.09501351515371,19.90498648484629,HIGH,terrain fallback sampling used; SAR is not spatially georeferenced
714_917,0.8986680375180376,0.4486680375180376,81.57600682146136,70.0,100.0,77.07208621518095,22.927913784819054,MODERATE,terrain fallback sampling used; SAR is not spatially georeferenced
715_692,0.9249010426610432,0.4749010426610432,86.34564412018968,100.0,100.0,85.21842299960869,14.781577000391309,HIGH,SAR is not spatially georeferenced
715_926,0.9795299783549783,0.5295299783549783,96.27817788272331,100.0,100.0,89.68806319274884,10.311936807251158,HIGH,SAR is not spatially georeferenced
716_753,0.0036372140229111,0.4463627859770889,81.15687017765252,100.0,100.0,82.88347472546698,17.116525274533018,HIGH,SAR is not spatially georeferenced
717_222,0.0049343585585523,0.4450656414414477,80.92102571662684,100.0,100.0,82.77734471800542,17.222655281994577,HIGH,SAR is not spatially georeferenced
717_641,0.9649964646464648,0.5149964646464649,93.63572084481179,100.0,100.0,88.49895752568864,11.501042474311362,HIGH,SAR is not spatially georeferenced
718_841,0.9961908472479902,0.5461908472479902,99.30742677236184,100.0,100.0,91.05122519308617,8.948774806913832,HIGH,SAR is not spatially georeferenced
719_841,0.9876159013605446,0.5376159013605446,97.74834570191719,100.0,100.0,90.34963871138608,9.650361288613922,HIGH,SAR is not spatially georeferenced
719_913,0.6727729685065894,0.2227729685065894,40.50417609210716,100.0,100.0,64.58976238697157,35.41023761302843,MODERATE,SAR is not spatially georeferenced
719_1244,7.659288567056101e-05,0.44992340711432943,81.80425583896897,100.0,100.0,83.17479827305938,16.82520172694062,HIGH,SAR is not spatially georeferenced
720_667,0.9697854272205336,0.5197854272205336,94.50644131282428,100.0,100.0,88.89078173629426,11.109218263705742,HIGH,SAR is not spatially georeferenced
720_691,0.9063807203907204,0.45638072039072036,82.97831279831279,100.0,100.0,83.7031239047641,16.296876095235902,HIGH,SAR is not spatially georeferenced
721_483,0.9810444727891158,0.5310444727891157,96.55354050711193,100.0,100.0,89.81197637372371,10.18802362627629,HIGH,SAR is not spatially georeferenced
721_602,0.6543338383838389,0.20433383838383884,37.151606978879784,100.0,100.0,63.08110628601925,36.91889371398075,MODERATE,prediction near decision threshold; SAR is not spatially georeferenced
721_691,0.8626883726858731,0.41268837268587305,75.03424957924963,100.0,100.0,80.12829545618567,19.87170454381433,HIGH,SAR is not spatially georeferenced
721_1282,7.659288567056101e-05,0.44992340711432943,81.80425583896897,100.0,100.0,83.17479827305938,16.82520172694062,HIGH,SAR is not spatially georeferenced
722_666,0.9789713057098604,0.5289713057098604,96.17660103815643,100.0,100.0,89.64235361269374,10.35764638730626,HIGH,SAR is not spatially georeferenced
722_691,0.8806165717420988,0.43061657174209883,78.29392213492706,100.0,100.0,81.59514810624052,18.404851893759485,HIGH,SAR is not spatially georeferenced
723_1336,0.0051106872540115,0.44488931274598853,80.8889659538161,100.0,100.0,82.76291782474058,17.237082175259417,HIGH,SAR is not spatially georeferenced
724_645,0.9750873015873018,0.5250873015873019,95.47041847041852,100.0,100.0,89.32457145721168,10.675428542788325,HIGH,SAR is not spatially georeferenced
724_665,0.9844404761904764,0.5344404761904764,97.17099567099571,100.0,100.0,90.08983119747141,9.910168802528588,HIGH,SAR is not spatially georeferenced
725_685,0.8948047657251663,0.4448047657251663,80.87359376821205,100.0,100.0,82.75600034121877,17.243999658781235,HIGH,SAR is not spatially georeferenced
725_830,0.9781328197945848,0.5281328197945847,96.02414905356085,100.0,100.0,89.57375021962572,10.426249780374278,HIGH,SAR is not spatially georeferenced
726_607,0.8346823228128463,0.38468232281284626,69.94224051142659,100.0,100.0,77.8368913756653,22.163108624334697,MODERATE,SAR is not spatially georeferenced
726_685,0.8424904814255881,0.3924904814255881,71.36190571374328,100.0,100.0,78.47574071670782,21.52425928329218,MODERATE,SAR is not spatially georeferenced
727_445,0.9835692307692308,0.5335692307692308,97.01258741258741,100.0,100.0,90.01854748118768,9.981452518812318,HIGH,SAR is not spatially georeferenced
727_501,0.946377244299726,0.496377244299726,90.25040805449564,100.0,100.0,86.97556677004638,13.024433229953615,HIGH,SAR is not spatially georeferenced
728_350,0.0183013547924058,0.4316986452075942,78.49066276501713,100.0,100.0,81.68368138978104,18.316318610218957,HIGH,SAR is not spatially georeferenced
728_606,0.8723670995670997,0.42236709956709967,76.79401810310902,100.0,100.0,80.92019129192241,19.079808708077593,HIGH,SAR is not spatially georeferenced
729_645,0.9798339285714288,0.5298339285714289,96.3334415584416,100.0,100.0,89.71293184682207,10.287068153177927,HIGH,SAR is not spatially georeferenced
730_648,0.978384523809524,0.5283845238095239,96.06991341991343,100.0,100.0,89.59434418448438,10.405655815515615,HIGH,SAR is not spatially georeferenced
731_651,0.9753703601630928,0.5253703601630928,95.52188366601686,100.0,100.0,89.34773079523093,10.65226920476907,HIGH,SAR is not spatially georeferenced
732_654,0.838173532023532,0.38817353202353194,70.57700582246035,100.0,100.0,78.1225357656305,21.877464234369498,MODERATE,SAR is not spatially georeferenced
732_689,0.0595620781946244,0.3904379218053756,70.98871305552284,100.0,100.0,78.30780402050863,21.692195979491373,MODERATE,SAR is not spatially georeferenced
732_833,0.9844615540899144,0.5344615540899145,97.17482801634809,100.0,100.0,90.09155575287998,9.908444247120016,HIGH,SAR is not spatially georeferenced
733_1560,6.220240552665621e-05,0.44993779759447333,81.80687228990423,100.0,100.0,83.17597567598025,16.824024324019746,HIGH,SAR is not spatially georeferenced
734_444,0.9226296152022222,0.4726296152022222,85.93265730949493,100.0,100.0,85.03257893479605,14.96742106520395,HIGH,SAR is not spatially georeferenced
734_749,0.0113681664038635,0.4386318335961365,79.75124247202481,70.0,100.0,76.25094225793451,23.74905774206549,MODERATE,terrain fallback sampling used; SAR is not spatially georeferenced
736_445,0.9730666238017306,0.5230666238017305,95.10302250940555,100.0,100.0,89.15924327475584,10.840756725244162,HIGH,SAR is not spatially georeferenced
736_487,0.9942666666666666,0.5442666666666667,98.95757575757575,100.0,100.0,90.89379223643243,9.106207763567568,HIGH,SAR is not spatially georeferenced
736_1158,0.0102324521181492,0.4397675478818508,79.95773597851831,100.0,100.0,82.34386433585658,17.65613566414342,HIGH,SAR is not spatially georeferenced
738_651,0.969984438009438,0.519984438009438,94.54262509262509,100.0,100.0,88.90706443720464,11.092935562795361,HIGH,SAR is not spatially georeferenced
738_654,0.9754762755380753,0.5254762755380753,95.54114100692277,100.0,100.0,89.35639659863858,10.643603401361418,HIGH,SAR is not spatially georeferenced
738_836,0.9969333333333332,0.5469333333333333,99.44242424242422,100.0,100.0,91.11197405461425,8.888025945385749,HIGH,SAR is not spatially georeferenced
739_651,0.8057239767949529,0.3557239767949529,64.67708668999143,100.0,100.0,75.46757215601949,24.532427843980514,MODERATE,SAR is not spatially georeferenced
739_652,0.984557622139765,0.534557622139765,97.19229493450273,100.0,100.0,90.09941586604957,9.900584133950431,HIGH,SAR is not spatially georeferenced
739_864,0.0357633383865464,0.4142366616134536,75.31575665699157,100.0,100.0,80.25497364116956,19.745026358830444,HIGH,SAR is not spatially georeferenced
740_137,0.1099661616161616,0.3400338383838384,61.82433425160697,100.0,100.0,74.18383355874647,25.81616644125353,MODERATE,SAR is not spatially georeferenced
740_449,0.959273056878837,0.5092730568788371,92.59510125069764,100.0,100.0,88.03067870833728,11.969321291662723,HIGH,SAR is not spatially georeferenced
740_937,0.0164370657461434,0.4335629342538566,78.8296244097921,70.0,100.0,75.83621412992979,24.163785870070214,MODERATE,terrain fallback sampling used; SAR is not spatially georeferenced
741_64,0.0296769841269841,0.4203230158730159,76.42236652236653,100.0,100.0,80.75294808058828,19.247051919411717,HIGH,SAR is not spatially georeferenced
741_276,0.0142507366249304,0.4357492633750696,79.22713879546718,100.0,100.0,82.01509560348357,17.984904396516427,HIGH,SAR is not spatially georeferenced
741_837,0.9364289922140993,0.48642899221409924,88.44163494801803,100.0,100.0,86.16161887213146,13.838381127868544,HIGH,SAR is not spatially georeferenced
742_554,0.9221340301003343,0.47213403010033433,85.8425509273335,100.0,100.0,84.99203106282343,15.007968937176571,HIGH,SAR is not spatially georeferenced
742_839,0.9825619047619047,0.5325619047619048,96.82943722943723,100.0,100.0,89.9361298987701,10.063870101229895,HIGH,SAR is not spatially georeferenced
743_450,0.9864667124542126,0.5364667124542126,97.53940226440228,100.0,100.0,90.25561416450438,9.74438583549562,HIGH,SAR is not spatially georeferenced
744_844,0.9208126619181856,0.47081266191818555,85.60230216694282,100.0,100.0,84.88391912064762,15.116080879352381,HIGH,SAR is not spatially georeferenced
745_561,0.0534570932172394,0.3965429067827606,72.09871032413828,100.0,100.0,78.80730279138557,21.192697208614433,MODERATE,SAR is not spatially georeferenced
745_976,0.0109633323490294,0.4390366676509706,79.82484866381283,100.0,100.0,82.28406504423911,17.715934955760886,HIGH,SAR is not spatially georeferenced
746_490,0.9152675886006576,0.4652675886006576,84.59410701830137,100.0,100.0,84.43023130375896,15.569768696241042,HIGH,SAR is not spatially georeferenced
747_866,0.9978666666666668,0.5478666666666667,99.61212121212122,100.0,100.0,91.1883376909779,8.811662309022097,HIGH,SAR is not spatially georeferenced
747_903,0.916697899159664,0.46669789915966403,84.85416348357528,100.0,100.0,84.54725671313221,15.452743286867786,HIGH,SAR is not spatially georeferenced
748_455,0.9891552328623758,0.5391552328623759,98.0282241567956,100.0,100.0,90.47558401608137,9.52441598391863,HIGH,SAR is not spatially georeferenced
748_594,0.8221322592440241,0.3721322592440241,67.66041077164074,100.0,100.0,76.81006799276167,23.189932007238326,MODERATE,SAR is not spatially georeferenced
749_593,0.8606704082182842,0.4106704082182842,74.66734694877894,100.0,100.0,79.96318927247387,20.03681072752613,MODERATE,SAR is not spatially georeferenced
749_859,0.8228622042708248,0.3728622042708248,67.79312804924086,100.0,100.0,76.86979076768174,23.130209232318265,MODERATE,SAR is not spatially georeferenced
749_883,0.641246253746254,0.19124625374625398,34.77204613568254,100.0,100.0,62.01030390658049,37.98969609341951,MODERATE,prediction near decision threshold; SAR is not spatially georeferenced
750_433,0.0582339870218764,0.39176601297812363,71.23018417784066,100.0,100.0,78.41646602555164,21.583533974448358,MODERATE,SAR is not spatially georeferenced
750_841,0.9822198228128464,0.5322198228128463,96.76724051142659,100.0,100.0,89.90814137566531,10.09185862433469,HIGH,SAR is not spatially georeferenced
750_843,0.857193415886439,0.40719341588643904,74.0351665248071,100.0,100.0,79.67870808168654,20.321291918313463,MODERATE,SAR is not spatially georeferenced
750_850,0.555857954790308,0.10585795479030796,19.246900870965085,100.0,100.0,55.023988537457626,44.976011462542374,LOW,prediction near decision threshold; SAR is not spatially georeferenced
750_866,0.2935126918194944,0.1564873081805056,28.452237851001016,70.0,100.0,53.166390178473804,46.833609821526196,LOW,prediction near decision threshold; terrain fallback sampling used; SAR is not spatially georeferenced
750_906,0.9966571428571428,0.5466571428571427,99.39220779220777,100.0,100.0,91.08937665201684,8.910623347983162,HIGH,SAR is not spatially georeferenced
751_60,0.055594661781899,0.39440533821810103,71.71006149420019,100.0,100.0,78.63241081791342,21.367589182086576,MODERATE,SAR is not spatially georeferenced
751_145,0.0360595238095238,0.4139404761904762,75.26190476190476,100.0,100.0,80.23074028838047,19.769259711619526,HIGH,SAR is not spatially georeferenced
752_443,0.993912554112554,0.543912554112554,98.893191656828,100.0,100.0,90.86481939109595,9.13518060890405,HIGH,SAR is not spatially georeferenced
752_908,0.9980461538461538,0.5480461538461538,99.64475524475523,100.0,100.0,91.2030230056632,8.796976994336802,HIGH,SAR is not spatially georeferenced
753_473,0.8528638319575588,0.40286383195755876,73.24796944682886,100.0,100.0,79.32446939659633,20.675530603403672,MODERATE,SAR is not spatially georeferenced
754_633,0.9775638409209838,0.5275638409209837,95.92069834926976,100.0,100.0,89.52719740269472,10.472802597305275,HIGH,SAR is not spatially georeferenced
758_453,0.9856496773068204,0.5356496773068204,97.3908504194219,100.0,100.0,90.1887658342632,9.811234165736806,HIGH,SAR is not spatially georeferenced
758_473,0.8890063187593875,0.4390063187593875,79.819330683525,100.0,100.0,82.2815819531096,17.718418046890406,HIGH,SAR is not spatially georeferenced
760_455,0.9550379006458014,0.5050379006458015,91.82507284469116,100.0,100.0,87.68416592563437,12.315834074365625,HIGH,SAR is not spatially georeferenced
760_507,0.7598383398301051,0.30983833983010506,56.334243605473645,100.0,100.0,71.71329276798647,28.286707232013526,MODERATE,SAR is not spatially georeferenced
760_513,0.6394210702414554,0.18942107024145544,34.440194589355535,100.0,100.0,61.86097071073334,38.13902928926666,MODERATE,prediction near decision threshold; SAR is not spatially georeferenced
760_1007,2.1798365122615804e-05,0.4499782016348774,81.81421847906861,100.0,100.0,83.17928146110421,16.82071853889579,HIGH,SAR is not spatially georeferenced
761_541,0.0793709472554479,0.3706290527445521,67.38710049900946,100.0,100.0,76.6870783700776,23.3129216299224,MODERATE,SAR is not spatially georeferenced
762_449,0.9960914965986396,0.5460914965986396,99.28936301793448,100.0,100.0,91.04309650359386,8.956903496406142,HIGH,SAR is not spatially georeferenced
765_413,0.0666624815949362,0.3833375184050638,69.6977306191025,100.0,100.0,77.72686192411948,22.273138075880524,MODERATE,SAR is not spatially georeferenced
765_1047,6.220240552665621e-05,0.44993779759447333,81.80687228990423,100.0,100.0,83.17597567598025,16.824024324019746,HIGH,SAR is not spatially georeferenced
766_129,0.0209261904761904,0.42907380952380964,78.01341991341992,100.0,100.0,81.4689221065623,18.531077893437697,HIGH,SAR is not spatially georeferenced
767_452,0.9827170031842528,0.5327170031842527,96.8576369425914,100.0,100.0,89.94881976968946,10.051180230310536,HIGH,SAR is not spatially georeferenced
768_452,0.9525858523906018,0.5025858523906017,91.3792458892003,100.0,100.0,87.48354379566348,12.51645620433652,HIGH,SAR is not spatially georeferenced
770_182,0.0321047619047619,0.4178952380952381,75.98095238095237,100.0,100.0,80.5543117169519,19.4456882830481,HIGH,SAR is not spatially georeferenced
771_992,0.0042728561585532,0.4457271438414468,81.04129888026304,100.0,100.0,82.83146764164171,17.16853235835829,HIGH,SAR is not spatially georeferenced
772_208,0.0105483084830833,0.4394516915169167,79.90030754853031,100.0,100.0,82.31802154236198,17.681978457638024,HIGH,SAR is not spatially georeferenced
774_458,0.9186470379370816,0.46864703793708157,85.20855235219665,100.0,100.0,84.70673170401184,15.293268295988156,HIGH,SAR is not spatially georeferenced
776_641,0.8277443326828875,0.3777443326828875,68.68078776052499,100.0,100.0,77.26923763775959,22.730762362240412,MODERATE,SAR is not spatially georeferenced
777_459,0.9715950251622748,0.5215950251622747,94.83545912041357,100.0,100.0,89.03883974970945,10.961160250290547,HIGH,SAR is not spatially georeferenced
778_639,0.9043510101010104,0.45435101010101037,82.60927456382005,100.0,100.0,83.53705669924236,16.462943300757644,HIGH,SAR is not spatially georeferenced
778_640,0.8210683261183259,0.3710683261183259,67.46696838515017,100.0,100.0,76.72301891884092,23.27698108115908,MODERATE,SAR is not spatially georeferenced
780_730,0.0108100081945089,0.4391899918054911,79.85272578281656,70.0,100.0,76.2966097477908,23.703390252209203,MODERATE,terrain fallback sampling used; SAR is not spatially georeferenced
780_925,0.8750027472527472,0.42500274725274717,77.27322677322675,100.0,100.0,81.13583519347537,18.864164806524627,HIGH,SAR is not spatially georeferenced
780_1405,0.1469357142857142,0.3030642857142858,55.10259740259741,100.0,100.0,71.15905197669218,28.840948023307817,MODERATE,SAR is not spatially georeferenced
781_458,0.9429360682461752,0.49293606824617514,89.62473968112275,100.0,100.0,86.69401600202858,13.305983997971424,HIGH,SAR is not spatially georeferenced
782_640,0.8956469696969697,0.44564696969696965,81.02672176308539,100.0,100.0,82.82490793891176,17.175092061088236,HIGH,SAR is not spatially georeferenced
784_1110,0.0370909049590118,0.4129090950409882,75.0743809165433,70.0,100.0,74.14635455796784,25.85364544203216,MODERATE,terrain fallback sampling used; SAR is not spatially georeferenced
784_1298,0.0066884650317892,0.4433115349682108,80.60209726694741,70.0,100.0,76.63382691564968,23.366173084350322,MODERATE,terrain fallback sampling used; SAR is not spatially georeferenced
785_639,0.9096858585858584,0.45968585858585836,83.5792470156106,100.0,100.0,83.9735443025481,16.026455697451894,HIGH,SAR is not spatially georeferenced
787_642,0.5125848540348547,0.06258485403485464,11.379064369973571,100.0,100.0,51.48346211201145,48.51653788798855,LOW,prediction near decision threshold; SAR is not spatially georeferenced
787_927,0.8244372349872353,0.3744372349872353,68.0794972704064,100.0,100.0,76.99865691720623,23.001343082793767,MODERATE,SAR is not spatially georeferenced
788_1433,0.0067813221746464,0.4432186778253536,80.58521415006429,100.0,100.0,82.62622951305227,17.373770486947734,HIGH,SAR is not spatially georeferenced
789_652,0.840075468975469,0.390075468975469,70.92281254099436,100.0,100.0,78.27814878897081,21.72185121102919,MODERATE,SAR is not spatially georeferenced
790_456,0.147419597069597,0.302580402930403,55.01461871461872,100.0,100.0,71.11946156710177,28.880538432898234,MODERATE,SAR is not spatially georeferenced
790_638,0.9199472871572868,0.4699472871572868,85.44496130132487,100.0,100.0,84.81311573111952,15.186884268880476,HIGH,SAR is not spatially georeferenced
790_652,0.8339953102453103,0.38399531024531025,69.81732913551096,100.0,100.0,77.78068125650327,22.21931874349673,MODERATE,SAR is not spatially georeferenced
790_926,0.8718863555363557,0.42188635553635573,76.70661009751922,100.0,100.0,80.88085768940698,19.11914231059302,HIGH,SAR is not spatially georeferenced
792_684,0.0057337031270273,0.4442662968729727,80.77569034054048,100.0,100.0,82.71194379876655,17.288056201233445,HIGH,SAR is not spatially georeferenced
792_1040,0.0032967983651226,0.4467032016348774,81.21876393361407,70.0,100.0,76.91132691564968,23.08867308435032,MODERATE,terrain fallback sampling used; SAR is not spatially georeferenced
794_509,0.7771534310038686,0.32715343100386857,59.48244200070337,100.0,100.0,73.12998204583985,26.870017954160147,MODERATE,SAR is not spatially georeferenced
795_648,0.8751764538239536,0.4251764538239536,77.30480978617337,100.0,100.0,81.15004754930135,18.84995245069865,HIGH,SAR is not spatially georeferenced
797_514,0.7683808528726179,0.3183808528726179,57.88742779502143,100.0,100.0,72.41222565328299,27.587774346717012,MODERATE,SAR is not spatially georeferenced
798_514,0.7183318907236558,0.26833189072365576,48.78761649521014,100.0,100.0,68.3173105683679,31.6826894316321,MODERATE,SAR is not spatially georeferenced
798_649,0.9179774458874452,0.4679774458874452,85.08680834317185,100.0,100.0,84.65194689995067,15.348053100049327,HIGH,SAR is not spatially georeferenced
798_1474,0.0159168200101442,0.4340831799898558,78.92421454361013,100.0,100.0,81.8787796901479,18.121220309852106,HIGH,SAR is not spatially georeferenced
799_786,0.0005622024055266,0.4494377975944734,81.71596319899515,100.0,100.0,83.13506658507117,16.864933414928828,HIGH,SAR is not spatially georeferenced
800_474,0.0803604054229516,0.3696395945770484,67.20719901400881,100.0,100.0,76.6061227018273,23.393877298172697,MODERATE,SAR is not spatially georeferenced
801_438,0.1418452862354458,0.3081547137645542,56.02812977537349,100.0,100.0,71.57554154444142,28.42445845555858,MODERATE,SAR is not spatially georeferenced
801_654,0.9237790331890332,0.4737790331890332,86.14164239800603,100.0,100.0,85.12662222462606,14.873377775373939,HIGH,SAR is not spatially georeferenced
802_101,0.050347619047619,0.399652380952381,72.66406926406927,100.0,100.0,79.0617143143545,20.938285685645496,MODERATE,SAR is not spatially georeferenced
805_515,0.7093820982938631,0.2593820982938631,47.16038150797511,100.0,100.0,67.58505482411215,32.41494517588785,MODERATE,SAR is not spatially georeferenced
806_513,0.8193837721755372,0.36938377217553714,67.16068585009765,100.0,100.0,76.58519177806728,23.414808221932716,MODERATE,SAR is not spatially georeferenced
806_645,0.8707674603174607,0.42076746031746065,76.50317460317466,100.0,100.0,80.78931171695194,19.210688283048057,HIGH,SAR is not spatially georeferenced
806_935,0.8442517956517962,0.3942517956517962,71.68214466396293,100.0,100.0,78.61984824430667,21.380151755693333,MODERATE,SAR is not spatially georeferenced
806_937,0.675294749540726,0.22529474954072598,40.962681734677446,100.0,100.0,64.79608992612819,35.20391007387181,MODERATE,SAR is not spatially georeferenced
807_217,0.3163547922998987,0.1336452077001013,24.299128672745688,100.0,100.0,57.297491048258905,42.702508951741095,LOW,prediction near decision threshold; SAR is not spatially georeferenced
807_722,0.0043551316984559,0.4456448683015441,81.02633969118983,100.0,100.0,82.82473600655877,17.175263993441234,HIGH,SAR is not spatially georeferenced
808_640,0.8671937144554795,0.41719371445547954,75.853402628269,100.0,100.0,80.49691432824439,19.503085671755613,HIGH,SAR is not spatially georeferenced
808_641,0.8920168746286395,0.44201687462863953,80.36670447793446,100.0,100.0,82.52790016059384,17.472099839406155,HIGH,SAR is not spatially georeferenced
809_637,0.7619779302396953,0.3119779302396953,56.72326004358096,100.0,100.0,71.88835016513477,28.111649834865233,MODERATE,SAR is not spatially georeferenced
811_512,0.8923058585858588,0.44230585858585875,80.41924701561068,100.0,100.0,82.55154430254814,17.448455697451863,HIGH,SAR is not spatially georeferenced
811_613,0.4401820096570098,0.00981799034299019,1.7850891532709436,100.0,100.0,47.16617326449527,52.83382673550473,LOW,prediction near decision threshold; SAR is not spatially georeferenced
812_517,0.8872351613021633,0.4372351613021633,79.49730205493877,100.0,100.0,82.13666907024579,17.863330929754213,HIGH,SAR is not spatially georeferenced
813_639,0.7349575839193488,0.28495758391934883,51.81046980351797,100.0,100.0,69.67759455710643,30.32240544289357,MODERATE,SAR is not spatially georeferenced
813_1458,0.0171834866768109,0.4328165133231891,78.6939115133071,100.0,100.0,81.77514332651154,18.22485667348846,HIGH,SAR is not spatially georeferenced
813_1533,0.0020217983651226,0.4479782016348774,81.45058211543224,100.0,100.0,83.01564509746785,16.984354902532147,HIGH,SAR is not spatially georeferenced
814_518,0.8812896112255584,0.43128961122555837,78.41629295010152,100.0,100.0,81.65021497306903,18.349785026930974,HIGH,SAR is not spatially georeferenced
814_1297,0.0043884650317892,0.4456115349682108,81.02027908512923,100.0,100.0,82.8220087338315,17.177991266168505,HIGH,SAR is not spatially georeferenced
814_1408,0.0028987214420456,0.4471012785579544,81.2911415559917,100.0,100.0,82.9438968457196,17.056103154280393,HIGH,SAR is not spatially georeferenced
815_14,0.0631340548340548,0.3868659451659452,70.33926275744457,100.0,100.0,78.0155513863734,21.984448613626597,MODERATE,SAR is not spatially georeferenced
815_507,0.5207085886835139,0.07070858868351387,12.856107033366158,100.0,100.0,52.14813131053812,47.85186868946188,LOW,prediction near decision threshold; SAR is not spatially georeferenced
816_878,2.1798365122615804e-05,0.4499782016348774,81.81421847906861,100.0,100.0,83.17928146110421,16.82071853889579,HIGH,SAR is not spatially georeferenced
817_215,0.1112599335447161,0.33874006645528393,61.5891029918698,100.0,100.0,74.07797949186475,25.922020508135247,MODERATE,SAR is not spatially georeferenced
818_643,0.7732903607503607,0.3232903607503607,58.78006559097467,100.0,100.0,72.81391266146194,27.18608733853806,MODERATE,SAR is not spatially georeferenced
820_643,0.8177918037518037,0.3677918037518037,66.87123704578248,100.0,100.0,76.45493981612546,23.54506018387454,MODERATE,SAR is not spatially georeferenced
820_1220,0.0003955357388599,0.4496044642611401,81.74626622929819,100.0,100.0,83.14870294870752,16.851297051292477,HIGH,SAR is not spatially georeferenced
821_178,0.0152858676291918,0.4347141323708082,79.03893315832876,100.0,100.0,81.93040306677128,18.069596933228723,HIGH,SAR is not spatially georeferenced
822_524,0.3164946349848655,0.1335053650151345,24.273702730024453,70.0,100.0,51.28604937403435,48.71395062596565,LOW,prediction near decision threshold; terrain fallback sampling used; SAR is not spatially georeferenced
824_651,0.0532614524705301,0.3967385475294699,72.13428136899452,100.0,100.0,78.82330976157087,21.17669023842913,MODERATE,SAR is not spatially georeferenced
825_466,0.2628303879127407,0.1871696120872593,34.03083856131987,100.0,100.0,61.67676049811729,38.32323950188271,MODERATE,prediction near decision threshold; SAR is not spatially georeferenced
825_646,0.6715238816738817,0.22152388167388165,40.27706939525121,100.0,100.0,64.48756437338639,35.51243562661361,MODERATE,SAR is not spatially georeferenced
826_645,0.8583438149972631,0.4083438149972631,74.24432999950237,100.0,100.0,79.7728316452994,20.227168354700595,MODERATE,SAR is not spatially georeferenced
826_1489,0.0024622024055266,0.44753779759447343,81.37050865354063,100.0,100.0,82.97961203961663,17.020387960383374,HIGH,SAR is not spatially georeferenced
827_524,0.2842266517276356,0.1657733482723644,30.140608776793528,70.0,100.0,53.92615709508043,46.07384290491957,LOW,prediction near decision threshold; terrain fallback sampling used; SAR is not spatially georeferenced
827_978,0.8839013888888885,0.43390138888888846,78.89116161616153,100.0,100.0,81.86390587279604,18.13609412720396,HIGH,SAR is not spatially georeferenced
828_97,0.0725864468864468,0.3774135531135532,68.62064602064602,100.0,100.0,77.24217385481406,22.757826145185945,MODERATE,SAR is not spatially georeferenced
830_286,0.0319662735345169,0.4180337264654831,76.00613208463328,100.0,100.0,80.56564258360831,19.43435741639169,HIGH,SAR is not spatially georeferenced
830_643,0.4805507575757576,0.030550757575757592,5.554683195592289,100.0,100.0,48.862490583539866,51.137509416460134,LOW,prediction near decision threshold; SAR is not spatially georeferenced
831_375,0.002466242809567,0.44753375719043303,81.36977403462417,100.0,100.0,82.97928146110422,17.02071853889578,HIGH,SAR is not spatially georeferenced
832_990,0.9114270477888124,0.46142704778881244,83.89582687069317,100.0,100.0,84.11600523733526,15.883994762664742,HIGH,SAR is not spatially georeferenced
837_643,0.9477310245310248,0.49773102453102475,90.49654991473176,100.0,100.0,87.08633060715263,12.913669392847368,HIGH,SAR is not spatially georeferenced
840_198,0.0072589550828603,0.4427410449171397,80.49837180311631,100.0,100.0,82.58715045692568,17.412849543074316,HIGH,SAR is not spatially georeferenced
842_1240,7.659288567056101e-05,0.44992340711432943,81.80425583896897,100.0,100.0,83.17479827305938,16.82520172694062,HIGH,SAR is not spatially georeferenced
846_1668,0.0032598936032178,0.4467401063967822,81.22547389032403,100.0,100.0,82.91434639616915,17.08565360383085,HIGH,SAR is not spatially georeferenced
848_85,0.1630200577200576,0.2869799422799424,52.17817132362589,100.0,100.0,69.84306024115499,30.156939758845013,MODERATE,SAR is not spatially georeferenced
851_953,0.0030622024055266,0.4469377975944734,81.2614177444497,100.0,100.0,82.9305211305257,17.069478869474295,HIGH,SAR is not spatially georeferenced
854_110,0.0600380952380952,0.3899619047619048,70.9021645021645,100.0,100.0,78.26885717149736,21.73114282850264,MODERATE,SAR is not spatially georeferenced
854_858,0.0056856872540115,0.44431431274598854,80.78442049927064,70.0,100.0,76.71587237019513,23.28412762980487,MODERATE,terrain fallback sampling used; SAR is not spatially georeferenced
856_147,0.0108295667320214,0.4391704332679786,79.84916968508702,100.0,100.0,82.29500950381251,17.70499049618749,HIGH,SAR is not spatially georeferenced
856_1234,0.0028765602698845,0.44712343973011553,81.295170860021,100.0,100.0,82.94571003253279,17.054289967467213,HIGH,SAR is not spatially georeferenced
856_1274,0.0069765602698845,0.4430234397301155,80.54971631456644,100.0,100.0,82.61025548707823,17.389744512921766,HIGH,SAR is not spatially georeferenced
857_241,0.0158415019186496,0.43415849808135043,78.93790874206371,100.0,100.0,81.884942079452,18.115057920547997,HIGH,SAR is not spatially georeferenced
858_291,0.0757370221451739,0.3742629778548261,68.04781415542293,100.0,100.0,76.98439951546365,23.01560048453635,MODERATE,SAR is not spatially georeferenced
860_566,0.0010884650317892,0.4489115349682108,81.62027908512923,100.0,100.0,83.09200873383149,16.90799126616851,HIGH,SAR is not spatially georeferenced
860_711,0.0035217983651226,0.4464782016348774,81.17785484270497,100.0,100.0,82.89291782474058,17.10708217525942,HIGH,SAR is not spatially georeferenced
860_1568,0.142177481648786,0.307822518351214,55.96773060931163,100.0,100.0,71.54836191971357,28.45163808028643,MODERATE,SAR is not spatially georeferenced
864_648,0.7658296840414492,0.31582968404144923,57.42357891662713,100.0,100.0,72.20349365800556,27.796506341994444,MODERATE,SAR is not spatially georeferenced
867_649,0.7713347345464996,0.3213347345464996,58.42449719027265,100.0,100.0,72.65390688114604,27.346093118853958,MODERATE,SAR is not spatially georeferenced
869_1488,0.0028765602698845,0.44712343973011553,81.295170860021,100.0,100.0,82.94571003253279,17.054289967467213,HIGH,SAR is not spatially georeferenced
870_1206,0.0002717983651226,0.4497282016348774,81.76876393361408,100.0,100.0,83.15882691564968,16.841173084350316,HIGH,SAR is not spatially georeferenced
870_1438,0.0028765602698845,0.44712343973011553,81.295170860021,100.0,100.0,82.94571003253279,17.054289967467213,HIGH,SAR is not spatially georeferenced
871_353,0.0054376713809956,0.4445623286190044,80.82951429436443,100.0,100.0,82.73616457798734,17.26383542201266,HIGH,SAR is not spatially georeferenced
872_911,0.0068265602698845,0.4431734397301155,80.57698904183917,100.0,100.0,82.62252821435098,17.37747178564902,HIGH,SAR is not spatially georeferenced
874_637,0.8551258897609961,0.4051258897609961,73.65925268381747,100.0,100.0,79.5095468532412,20.490453146758796,MODERATE,SAR is not spatially georeferenced
875_51,0.1132008658008658,0.3367991341991342,61.23620621802439,100.0,100.0,73.91917594363431,26.080824056365685,MODERATE,SAR is not spatially georeferenced
875_463,0.0050433618258165,0.4449566381741835,80.90120694076063,100.0,100.0,82.76842626886562,17.231573731134375,HIGH,SAR is not spatially georeferenced
875_1630,0.1557637806637807,0.29423621933621935,53.497494424767154,100.0,100.0,70.43675563666856,29.563244363331435,MODERATE,SAR is not spatially georeferenced
877_266,0.0596692631628824,0.3903307368371176,70.96922487947592,100.0,100.0,78.29903434128751,21.70096565871249,MODERATE,SAR is not spatially georeferenced
877_1645,2.1798365122615804e-05,0.4499782016348774,81.81421847906861,100.0,100.0,83.17928146110421,16.82071853889579,HIGH,SAR is not spatially georeferenced
878_1496,0.0026122024055266,0.4473877975944734,81.34323592626788,100.0,100.0,82.96733931234388,17.03266068765612,HIGH,SAR is not spatially georeferenced
880_646,0.7357035624506212,0.2857035624506212,51.9461022637493,100.0,100.0,69.73862916421054,30.261370835789464,MODERATE,SAR is not spatially georeferenced
882_411,0.0365397811848629,0.4134602188151371,75.17458523911583,100.0,100.0,80.19144650312546,19.808553496874538,HIGH,SAR is not spatially georeferenced
885_511,0.907055619217384,0.45705561921738397,83.10102167588799,100.0,100.0,83.75834289967294,16.24165710032706,HIGH,SAR is not spatially georeferenced
885_634,0.8725347943722948,0.42253479437229474,76.82450806768995,100.0,100.0,80.93391177598382,19.066088224016184,HIGH,SAR is not spatially georeferenced
886_522,0.9703996495567924,0.5203996495567924,94.61811810123497,100.0,100.0,88.94103629107909,11.058963708920913,HIGH,SAR is not spatially georeferenced
887_524,0.9334656705728136,0.4834656705728136,87.90284919505702,100.0,100.0,85.91916528329901,14.080834716700991,HIGH,SAR is not spatially georeferenced
887_1019,0.0072202832136074,0.4427797167863926,80.50540305207137,70.0,100.0,76.59031451895547,23.409685481044534,MODERATE,terrain fallback sampling used; SAR is not spatially georeferenced
888_520,0.976628220985364,0.5266282209853639,95.75058563370251,100.0,100.0,89.45064668068947,10.549353319310526,HIGH,SAR is not spatially georeferenced
888_1672,0.0101170364603607,0.4398829635396393,79.97872064357078,70.0,100.0,76.35330743513019,23.64669256486981,MODERATE,terrain fallback sampling used; SAR is not spatially georeferenced
889_524,0.9613836322407752,0.5113836322407752,92.97884222559549,100.0,100.0,88.2033621470413,11.796637852958696,HIGH,SAR is not spatially georeferenced
890_1332,0.0048765602698845,0.44512343973011553,80.93153449638464,100.0,100.0,82.78207366889643,17.21792633110357,HIGH,SAR is not spatially georeferenced
892_524,0.9359212004696476,0.48592120046964754,88.34930917629956,100.0,100.0,86.12007227485815,13.879927725141854,HIGH,SAR is not spatially georeferenced
892_639,0.8704422799422799,0.42044227994227984,76.44405089859633,100.0,100.0,80.76270604989169,19.23729395010831,HIGH,SAR is not spatially georeferenced
894_251,0.0885343988776213,0.3614656011223787,65.72101838588704,100.0,100.0,75.93734141917251,24.062658580827488,MODERATE,SAR is not spatially georeferenced
897_647,0.8736033910533907,0.4236033910533907,77.01879837334376,100.0,100.0,81.02134241352803,18.978657586471968,HIGH,SAR is not spatially georeferenced
898_1638,0.0029430104863347,0.4470569895136653,81.28308900248459,100.0,100.0,82.94027319664141,17.059726803358586,HIGH,SAR is not spatially georeferenced
899_269,0.0440421744807611,0.4059578255192389,73.81051373077071,100.0,100.0,79.57761432437016,20.42238567562984,MODERATE,SAR is not spatially georeferenced
899_1425,2.1798365122615804e-05,0.4499782016348774,81.81421847906861,100.0,100.0,83.17928146110421,16.82071853889579,HIGH,SAR is not spatially georeferenced
903_541,0.8473577981495628,0.3973577981495628,72.2468723908296,100.0,100.0,78.87397572139666,21.12602427860334,MODERATE,SAR is not spatially georeferenced
906_656,0.6743781163281161,0.22437811632811605,40.79602115056655,100.0,100.0,64.7210926632783,35.2789073367217,MODERATE,SAR is not spatially georeferenced
909_653,0.7420000581118231,0.2920000581118231,53.090919656695114,100.0,100.0,70.25379699103614,29.74620300896386,MODERATE,SAR is not spatially georeferenced
909_849,0.0118269643102885,0.4381730356897115,79.66782467085663,100.0,100.0,82.21340424740882,17.786595752591182,HIGH,SAR is not spatially georeferenced
910_140,0.0988795815295815,0.3511204184704185,63.84007608553064,100.0,100.0,75.09091738401213,24.90908261598787,MODERATE,SAR is not spatially georeferenced
911_877,0.0038955357388599,0.4461044642611401,81.10990259293456,100.0,100.0,82.86233931234389,17.13766068765611,HIGH,SAR is not spatially georeferenced
912_1617,0.0071092442525685,0.44289075574743153,80.52559195407845,100.0,100.0,82.59939952485865,17.400600475141346,HIGH,SAR is not spatially georeferenced
913_280,0.0447981411731149,0.4052018588268851,73.67306524125182,100.0,100.0,79.51576250408667,20.484237495913334,MODERATE,SAR is not spatially georeferenced
914_551,0.6384732412032416,0.18847324120324155,34.267862036953005,100.0,100.0,61.7834210621522,38.2165789378478,MODERATE,prediction near decision threshold; SAR is not spatially georeferenced
914_1536,2.1798365122615804e-05,0.4499782016348774,81.81421847906861,100.0,100.0,83.17928146110421,16.82071853889579,HIGH,SAR is not spatially georeferenced
915_1203,2.1798365122615804e-05,0.4499782016348774,81.81421847906861,100.0,100.0,83.17928146110421,16.82071853889579,HIGH,SAR is not spatially georeferenced
917_1139,0.0464125342958585,0.4035874657041415,73.37953921893481,70.0,100.0,73.38367579404401,26.61632420595599,MODERATE,terrain fallback sampling used; SAR is not spatially georeferenced
918_987,0.0889667168580212,0.3610332831419788,65.64241511672341,100.0,100.0,75.90196994804887,24.098030051951127,MODERATE,SAR is not spatially georeferenced
919_189,0.0137435354117435,0.4362564645882565,79.31935719786482,100.0,100.0,82.05659388456252,17.943406115437483,HIGH,SAR is not spatially georeferenced
919_555,0.4598388336301378,0.009838833630137767,1.7888788418432302,100.0,100.0,47.167878624352795,52.832121375647205,LOW,prediction near decision threshold; SAR is not spatially georeferenced
919_1247,0.0005932269365511,0.4494067730634489,81.71032237517252,100.0,100.0,83.13252821435097,16.86747178564903,HIGH,SAR is not spatially georeferenced
919_1636,0.170597113997114,0.279402886002886,50.800524727797445,100.0,100.0,69.2231192730322,30.776880726967804,MODERATE,SAR is not spatially georeferenced
924_413,0.0708552283757081,0.37914477162429194,68.93541302259852,100.0,100.0,77.38381900569269,22.616180994307314,MODERATE,SAR is not spatially georeferenced
925_376,0.4159475150580413,0.03405248494195873,6.19136089853795,100.0,100.0,49.14899554986542,50.85100445013458,LOW,prediction near decision threshold; SAR is not spatially georeferenced
925_829,0.0395414231847474,0.4104585768152526,74.62883214822774,100.0,100.0,79.94585761222584,20.054142387774164,MODERATE,SAR is not spatially georeferenced
927_907,0.1294259240759241,0.32057407592407594,58.286195622559255,100.0,100.0,72.591671175675,27.408328824324997,MODERATE,SAR is not spatially georeferenced
927_1239,2.1798365122615804e-05,0.4499782016348774,81.81421847906861,100.0,100.0,83.17928146110421,16.82071853889579,HIGH,SAR is not spatially georeferenced
931_659,0.3204783938283937,0.1295216061716063,23.549382940292052,100.0,100.0,56.960105468654774,43.039894531345226,LOW,prediction near decision threshold; SAR is not spatially georeferenced
932_635,0.92269204984205,0.47269204984205,85.9440090621909,100.0,100.0,85.03768722350924,14.962312776490762,HIGH,SAR is not spatially georeferenced
932_842,0.1447371572871573,0.3052628427128427,55.50233503869867,100.0,100.0,71.33893391293775,28.661066087062252,MODERATE,SAR is not spatially georeferenced
934_580,0.7705519405232446,0.3205519405232446,58.28217100422628,100.0,100.0,72.58986009742517,27.410139902574826,MODERATE,SAR is not spatially georeferenced
936_632,0.9243631416202848,0.47436314162028476,86.24784393096085,100.0,100.0,85.17441291445573,14.82558708554427,HIGH,SAR is not spatially georeferenced
937_490,0.0482158133539651,0.40178418664603494,73.05167029927907,100.0,100.0,79.23613478019892,20.763865219801076,MODERATE,SAR is not spatially georeferenced
937_628,0.7505270562770563,0.3005270562770563,54.641282959464775,100.0,100.0,70.9514604772825,29.048539522717505,MODERATE,SAR is not spatially georeferenced
938_1524,6.220240552665621e-05,0.44993779759447333,81.80687228990423,100.0,100.0,83.17597567598025,16.824024324019746,HIGH,SAR is not spatially georeferenced
938_1636,0.0001391254824497,0.4498608745175503,81.79288627591824,100.0,100.0,83.16968196968655,16.83031803031345,HIGH,SAR is not spatially georeferenced
939_320,0.0267491466872985,0.4232508533127015,76.95470060230936,100.0,100.0,80.99249841656255,19.007501583437445,HIGH,SAR is not spatially georeferenced
940_32,0.0409438859683237,0.4090561140316763,74.37383891485024,100.0,100.0,79.83111065720595,20.168889342794046,MODERATE,SAR is not spatially georeferenced
940_1007,0.0018891254824497,0.44811087451755033,81.47470445773641,100.0,100.0,83.02650015150473,16.973499848495265,HIGH,SAR is not spatially georeferenced
942_891,0.0107833135166377,0.4392166864833623,79.85757936061133,100.0,100.0,82.29879385779844,17.701206142201556,HIGH,SAR is not spatially georeferenced
944_107,0.0065724145305663,0.4434275854694337,80.62319735807885,100.0,100.0,82.64332195665882,17.356678043341176,HIGH,SAR is not spatially georeferenced
945_33,0.0676791924037825,0.3823208075962175,69.51287410840318,100.0,100.0,77.64367649430477,22.35632350569523,MODERATE,SAR is not spatially georeferenced
945_584,0.007005647848972,0.442994352151028,80.54442766382327,100.0,100.0,82.60787559424381,17.392124405756192,HIGH,SAR is not spatially georeferenced
946_1451,2.1798365122615804e-05,0.4499782016348774,81.81421847906861,100.0,100.0,83.17928146110421,16.82071853889579,HIGH,SAR is not spatially georeferenced
947_1256,0.0009217983651226,0.44907820163487744,81.65058211543226,70.0,100.0,77.10564509746786,22.894354902532143,MODERATE,terrain fallback sampling used; SAR is not spatially georeferenced
948_1238,0.0011884650317892,0.4488115349682108,81.60209726694741,100.0,100.0,83.08382691564967,16.916173084350334,HIGH,SAR is not spatially georeferenced
949_926,0.0114699262190038,0.43853007378099623,79.73274068745386,100.0,100.0,82.24261645487758,17.757383545122423,HIGH,SAR is not spatially georeferenced
953_463,0.0945614694965512,0.3554385305034488,64.62518736426341,100.0,100.0,75.44421745944187,24.555782540558127,MODERATE,SAR is not spatially georeferenced
954_842,0.0137794500285277,0.4362205499714723,79.31282726754041,100.0,100.0,82.05365541591652,17.946344584083477,HIGH,SAR is not spatially georeferenced
955_518,0.0025066468499711,0.4474933531500289,81.36242784545979,100.0,100.0,82.97597567598025,17.02402432401975,HIGH,SAR is not spatially georeferenced
957_127,0.0235431133523398,0.42645688664766024,77.53761575412004,100.0,100.0,81.25481023487737,18.745189765122632,HIGH,SAR is not spatially georeferenced
957_226,0.0928068542568543,0.3571931457431457,64.94420831693559,100.0,100.0,75.58777688814436,24.41222311185564,MODERATE,SAR is not spatially georeferenced
958_779,0.0104912412517209,0.4395087587482791,79.91068340877801,100.0,100.0,82.32269067947345,17.677309320526547,HIGH,SAR is not spatially georeferenced
964_258,0.1719723792547322,0.2780276207452678,50.5504764991396,100.0,100.0,69.11059757013616,30.889402429863836,MODERATE,SAR is not spatially georeferenced
964_1058,0.0105030754213996,0.4394969245786004,79.9085317415637,100.0,100.0,82.32172242922701,17.67827757077299,HIGH,SAR is not spatially georeferenced
965_975,0.0007432595523372,0.4492567404476628,81.68304371775686,100.0,100.0,83.12025281851393,16.879747181486067,HIGH,SAR is not spatially georeferenced
966_677,0.2782183866168338,0.17178161338316622,31.233020615121127,100.0,100.0,60.41774242232785,39.58225757767215,MODERATE,prediction near decision threshold; SAR is not spatially georeferenced
969_529,0.0658748684989461,0.38412513150105393,69.84093300019161,70.0,100.0,71.79130299560957,28.20869700439043,MODERATE,terrain fallback sampling used; SAR is not spatially georeferenced
970_131,0.0060825753379839,0.4439174246620161,80.71225902945747,100.0,100.0,82.6833997087792,17.316600291220794,HIGH,SAR is not spatially georeferenced
974_800,0.0336836487184313,0.41631635128156874,75.69388205119431,100.0,100.0,80.42513006856078,19.574869931439224,HIGH,SAR is not spatially georeferenced
975_590,0.0511953823953824,0.3988046176046176,72.50993047356683,100.0,100.0,78.99235185862841,21.00764814137159,MODERATE,SAR is not spatially georeferenced
980_1051,0.0215120581053823,0.4284879418946177,77.90689852629413,100.0,100.0,81.4209874823557,18.5790125176443,HIGH,SAR is not spatially georeferenced
982_1047,0.1258157067570111,0.3241842932429889,58.94259877145252,100.0,100.0,72.88705259267698,27.11294740732302,MODERATE,SAR is not spatially georeferenced
987_224,0.1222182317682317,0.3277817682317683,59.59668513304878,100.0,100.0,73.1813914553953,26.8186085446047,MODERATE,SAR is not spatially georeferenced
988_92,0.0554069931703174,0.3945930068296826,71.74418305994229,100.0,100.0,78.64776552249737,21.352234477502634,MODERATE,SAR is not spatially georeferenced
991_998,0.4975418552036196,0.04754185520361959,8.643973673385378,100.0,100.0,50.25267129854676,49.74732870145324,LOW,prediction near decision threshold; SAR is not spatially georeferenced
992_1158,0.0012098325531568,0.4487901674468432,81.59821226306238,100.0,100.0,83.08207866390141,16.917921336098587,HIGH,SAR is not spatially georeferenced
993_19,0.0160668915907968,0.4339331084092032,78.89692880167331,100.0,100.0,81.86650110627633,18.13349889372367,HIGH,SAR is not spatially georeferenced
993_1052,0.0098765602698845,0.44012343973011553,80.02244358729372,100.0,100.0,82.37298275980552,17.627017240194476,HIGH,SAR is not spatially georeferenced
997_899,0.0186039034977637,0.4313960965022363,78.4356539094975,100.0,100.0,81.65892740479723,18.341072595202775,HIGH,SAR is not spatially georeferenced
999_1162,2.1798365122615804e-05,0.4499782016348774,81.81421847906861,100.0,100.0,83.17928146110421,16.82071853889579,HIGH,SAR is not spatially georeferenced
1001_1328,0.0008789412222654,0.4491210587777346,81.65837432322446,100.0,100.0,83.10915159097435,16.89084840902565,HIGH,SAR is not spatially georeferenced
1003_1062,0.0019900523333765,0.4480099476666235,81.45635412120427,100.0,100.0,83.01824250006527,16.98175749993473,HIGH,SAR is not spatially georeferenced
1007_87,0.0768388888888888,0.3731611111111112,67.84747474747476,100.0,100.0,76.89424678188698,23.105753218113023,MODERATE,SAR is not spatially georeferenced
1008_81,0.0849843434343434,0.3650156565656566,66.36648301193756,100.0,100.0,76.22780050089524,23.772199499104758,MODERATE,SAR is not spatially georeferenced
1009_1179,2.1798365122615804e-05,0.4499782016348774,81.81421847906861,100.0,100.0,83.17928146110421,16.82071853889579,HIGH,SAR is not spatially georeferenced
1010_457,0.0453112097562914,0.40468879024370863,73.57978004431065,100.0,100.0,79.47378416546314,20.526215834536856,MODERATE,SAR is not spatially georeferenced
1011_1108,0.0002717983651226,0.4497282016348774,81.76876393361408,100.0,100.0,83.15882691564968,16.841173084350316,HIGH,SAR is not spatially georeferenced
1014_1107,0.0048455357388599,0.44515446426114014,80.93717532020729,100.0,100.0,82.78461203961662,17.21538796038338,HIGH,SAR is not spatially georeferenced
1016_443,0.0136238629671872,0.4363761370328128,79.34111582414778,100.0,100.0,82.06638526638984,17.933614733610156,HIGH,SAR is not spatially georeferenced
1016_619,0.0357825396825397,0.4142174603174603,75.31226551226551,100.0,100.0,80.25340262604283,19.746597373957172,HIGH,SAR is not spatially georeferenced
1016_1253,0.0034884650317892,0.44651153496821083,81.1839154487656,70.0,100.0,76.89564509746786,23.104354902532137,MODERATE,terrain fallback sampling used; SAR is not spatially georeferenced
1016_1530,6.220240552665621e-05,0.44993779759447333,81.80687228990423,100.0,100.0,83.17597567598025,16.824024324019746,HIGH,SAR is not spatially georeferenced
1020_1076,6.220240552665621e-05,0.44993779759447333,81.80687228990423,100.0,100.0,83.17597567598025,16.824024324019746,HIGH,SAR is not spatially georeferenced
1025_201,0.1166791597291597,0.3333208402708403,60.60378914015278,100.0,100.0,73.63458825859209,26.36541174140791,MODERATE,SAR is not spatially georeferenced
1026_880,0.0018324236838742,0.4481675763161258,81.48501387565923,100.0,100.0,83.03113938957,16.96886061043,HIGH,SAR is not spatially georeferenced
1026_1098,0.0075717373150615,0.4424282626849385,80.44150230635245,100.0,100.0,82.56155918338195,17.438440816618055,HIGH,SAR is not spatially georeferenced
1026_1319,0.0008789412222654,0.4491210587777346,81.65837432322446,100.0,100.0,83.10915159097435,16.89084840902565,HIGH,SAR is not spatially georeferenced
1029_1610,0.0028384650317892,0.4471615349682108,81.30209726694741,100.0,100.0,82.94882691564968,17.051173084350324,HIGH,SAR is not spatially georeferenced
1032_360,0.0112915471869174,0.4387084528130826,79.76517323874229,100.0,100.0,82.25721110295737,17.74278889704263,HIGH,SAR is not spatially georeferenced
1034_1025,0.0143519809382141,0.4356480190617859,79.20873073850653,100.0,100.0,82.00681197785127,17.99318802214873,HIGH,SAR is not spatially georeferenced
1036_471,0.0179377039967816,0.43206229600321844,78.55678109149426,100.0,100.0,81.71343463669575,18.28656536330425,HIGH,SAR is not spatially georeferenced
1039_973,0.0635066468499711,0.3864933531500289,70.27151875455071,100.0,100.0,77.98506658507117,22.014933414928834,MODERATE,SAR is not spatially georeferenced
1041_497,0.0217955794546571,0.4282044205453429,77.85534919006234,100.0,100.0,81.39779028105139,18.602209718948615,HIGH,SAR is not spatially georeferenced
1043_279,0.2600461593961595,0.18995384060384052,34.537061927971,100.0,100.0,61.904561013110296,38.095438986889704,MODERATE,prediction near decision threshold; SAR is not spatially georeferenced
1045_181,0.1765084138084139,0.2734915861915861,49.725742943924736,100.0,100.0,68.73946747028947,31.26053252971053,MODERATE,SAR is not spatially georeferenced
1045_618,0.0616380865214107,0.3883619134785893,70.61125699610714,100.0,100.0,78.13794879377156,21.862051206228443,MODERATE,SAR is not spatially georeferenced
1046_339,0.0073294592748295,0.44267054072517054,80.48555285912191,100.0,100.0,82.58138193212821,17.41861806787179,HIGH,SAR is not spatially georeferenced
1046_1566,2.1798365122615804e-05,0.4499782016348774,81.81421847906861,100.0,100.0,83.17928146110421,16.82071853889579,HIGH,SAR is not spatially georeferenced
1050_433,0.0293170116172657,0.4206829883827343,76.48781606958805,70.0,100.0,74.78240037683796,25.217599623162045,MODERATE,terrain fallback sampling used; SAR is not spatially georeferenced
1050_1505,2.1798365122615804e-05,0.4499782016348774,81.81421847906861,100.0,100.0,83.17928146110421,16.82071853889579,HIGH,SAR is not spatially georeferenced
1050_1612,2.1798365122615804e-05,0.4499782016348774,81.81421847906861,100.0,100.0,83.17928146110421,16.82071853889579,HIGH,SAR is not spatially georeferenced
1051_1104,0.0082169643102885,0.4417830356897115,80.32418830722027,100.0,100.0,82.50876788377246,17.491232116227536,HIGH,SAR is not spatially georeferenced
1052_1614,0.0024900523333765,0.4475099476666235,81.36544503029516,100.0,100.0,82.97733340915616,17.02266659084384,HIGH,SAR is not spatially georeferenced
1057_120,0.0152880952380952,0.4347119047619048,79.03852813852814,100.0,100.0,81.930220807861,18.069779192138995,HIGH,SAR is not spatially georeferenced
1057_918,0.0044550595483837,0.4455449404516163,81.00817099120296,100.0,100.0,82.81656009156467,17.183439908435332,HIGH,SAR is not spatially georeferenced
1058_278,0.3966679653679652,0.053332034632034786,9.69673356946087,100.0,100.0,50.72641325178074,49.27358674821926,LOW,prediction near decision threshold; SAR is not spatially georeferenced
1059_152,0.0216284715284715,0.4283715284715285,77.8857324493688,100.0,100.0,81.41146274773931,18.588537252260693,HIGH,SAR is not spatially georeferenced
1066_289,0.0843831390831391,0.3656168609168609,66.4757928939747,100.0,100.0,76.27698994781196,23.723010052188044,MODERATE,SAR is not spatially georeferenced
1068_486,0.0092207198697975,0.4407792801302025,80.14168729640045,100.0,100.0,82.42664242890353,17.573357571096466,HIGH,SAR is not spatially georeferenced
1068_1321,0.0026122024055266,0.4473877975944734,81.34323592626788,100.0,100.0,82.96733931234388,17.03266068765612,HIGH,SAR is not spatially georeferenced
1074_637,0.8279510700315069,0.3779510700315069,68.71837636936489,100.0,100.0,77.28615251173754,22.71384748826246,MODERATE,SAR is not spatially georeferenced
1077_1335,0.0002432595523372,0.4497567404476628,81.77395280866595,100.0,100.0,83.16116190942302,16.838838090576985,HIGH,SAR is not spatially georeferenced
1078_1103,0.2618212343212343,0.18817876567876574,34.21432103250286,100.0,100.0,61.759327610149626,38.240672389850374,MODERATE,prediction near decision threshold; SAR is not spatially georeferenced
1082_1562,0.0005622024055266,0.4494377975944734,81.71596319899515,100.0,100.0,83.13506658507117,16.864933414928828,HIGH,SAR is not spatially georeferenced
1082_1567,6.220240552665621e-05,0.44993779759447333,81.80687228990423,100.0,100.0,83.17597567598025,16.824024324019746,HIGH,SAR is not spatially georeferenced
1083_787,0.019644469172576,0.430355530827424,78.24646015044073,100.0,100.0,81.57379021322167,18.42620978677833,HIGH,SAR is not spatially georeferenced
1083_1321,0.0037222024055266,0.4462777975944734,81.14141774444971,100.0,100.0,82.8765211305257,17.123478869474297,HIGH,SAR is not spatially georeferenced
1086_1067,0.0239654470380541,0.4260345529619459,77.46082781126289,100.0,100.0,81.22025566059165,18.779744339408353,HIGH,SAR is not spatially georeferenced
1087_302,0.0379418200101442,0.41205817998985583,74.91966908906468,100.0,100.0,80.07673423560246,19.92326576439754,HIGH,SAR is not spatially georeferenced
1087_1067,0.0252106851332922,0.4247893148667078,77.23442088485596,100.0,100.0,81.11837254370852,18.881627456291483,HIGH,SAR is not spatially georeferenced
1088_1411,6.220240552665621e-05,0.44993779759447333,81.80687228990423,100.0,100.0,83.17597567598025,16.824024324019746,HIGH,SAR is not spatially georeferenced
1091_321,0.5210005361305357,0.07100053613053564,12.909188387370115,100.0,100.0,52.17201791983989,47.82798208016011,LOW,prediction near decision threshold; SAR is not spatially georeferenced
1092_1117,0.0245375992309234,0.4254624007690766,77.3568001398321,100.0,100.0,81.1734432084478,18.826556791552207,HIGH,SAR is not spatially georeferenced
1094_201,0.1166169095197887,0.3333830904802113,60.61510736003841,100.0,100.0,73.63968145754063,26.360318542459368,MODERATE,SAR is not spatially georeferenced
1097_795,0.0611821067821067,0.3888178932178933,70.69416240325332,100.0,100.0,78.17525622698733,21.82474377301267,MODERATE,SAR is not spatially georeferenced
1100_1252,0.1179082251082251,0.3320917748917749,60.380322707595425,100.0,100.0,73.53402836394127,26.465971636058725,MODERATE,SAR is not spatially georeferenced
1101_1475,0.0019765928856705,0.44802340711432953,81.45880129351445,100.0,100.0,83.01934372760485,16.98065627239515,HIGH,SAR is not spatially georeferenced
1103_337,0.0597396052641059,0.39026039473589413,70.9564354065262,100.0,100.0,78.29327907846013,21.70672092153987,MODERATE,SAR is not spatially georeferenced
1104_399,0.0083455357388599,0.44165446426114013,80.30081168384365,100.0,100.0,82.49824840325299,17.501751596747013,HIGH,SAR is not spatially georeferenced
1107_88,0.0073297925931168,0.44267020740688323,80.48549225579694,100.0,100.0,82.58135466063197,17.418645339368027,HIGH,SAR is not spatially georeferenced
1107_435,0.0036101077958049,0.4463898922041951,81.16179858258093,100.0,100.0,82.88569250768475,17.11430749231525,HIGH,SAR is not spatially georeferenced
1107_500,0.0535833271871777,0.39641667281282233,72.07575869324042,100.0,100.0,78.79697455748152,21.20302544251848,MODERATE,SAR is not spatially georeferenced
1109_795,0.0767780885780886,0.3732219114219114,67.85852934943844,100.0,100.0,76.89922135277064,23.10077864722936,MODERATE,SAR is not spatially georeferenced
1109_1267,0.0495368777302019,0.40046312226979813,72.81147677632693,100.0,100.0,79.12804769487046,20.87195230512954,MODERATE,SAR is not spatially georeferenced
1110_199,0.6295236567354209,0.17952365673542087,32.64066486098561,100.0,100.0,61.051182332966874,38.948817667033126,MODERATE,prediction near decision threshold; SAR is not spatially georeferenced
1111_515,0.0249220828759334,0.4250779171240666,77.28689402255756,100.0,100.0,81.14198545567425,18.858014544325755,HIGH,SAR is not spatially georeferenced
1111_1100,0.0101571065352133,0.4398428934647867,79.97143517541576,100.0,100.0,82.35002897446043,17.64997102553957,HIGH,SAR is not spatially georeferenced
1121_1124,0.0176899990156961,0.4323100009843039,78.60181836078252,100.0,100.0,81.73370140787547,18.266298592124528,HIGH,SAR is not spatially georeferenced
1123_788,0.0152035159625936,0.4347964840374064,79.05390618861934,100.0,100.0,81.93714093040205,18.06285906959795,HIGH,SAR is not spatially georeferenced
1123_1591,0.0038192009625252,0.4461807990374748,81.12378164317722,100.0,100.0,82.8685848849531,17.131415115046906,HIGH,SAR is not spatially georeferenced
1124_781,0.6940805833836522,0.24408058338365218,44.37828788793676,100.0,100.0,66.33311269509488,33.66688730490512,MODERATE,SAR is not spatially georeferenced
1135_1482,6.220240552665621e-05,0.44993779759447333,81.80687228990423,100.0,100.0,83.17597567598025,16.824024324019746,HIGH,SAR is not spatially georeferenced
1138_1485,6.220240552665621e-05,0.44993779759447333,81.80687228990423,100.0,100.0,83.17597567598025,16.824024324019746,HIGH,SAR is not spatially georeferenced
1139_1010,0.4726927774640816,0.022692777464081604,4.125959538923928,100.0,100.0,48.21956493803911,51.78043506196089,LOW,prediction near decision threshold; SAR is not spatially georeferenced
1140_819,0.3162812076812079,0.13371879231879213,24.31250769432584,100.0,100.0,57.303511607969966,42.696488392030034,LOW,prediction near decision threshold; SAR is not spatially georeferenced
1146_1185,2.1798365122615804e-05,0.4499782016348774,81.81421847906861,100.0,100.0,83.17928146110421,16.82071853889579,HIGH,SAR is not spatially georeferenced
1148_459,0.0154615553365353,0.4345384446634647,79.00698993881176,100.0,100.0,81.91602861798863,18.08397138201137,HIGH,SAR is not spatially georeferenced
1151_1077,7.659288567056101e-05,0.44992340711432943,81.80425583896897,100.0,100.0,83.17479827305938,16.82520172694062,HIGH,SAR is not spatially georeferenced
1152_1100,0.0230549152482395,0.4269450847517605,77.62637904577463,100.0,100.0,81.29475371612193,18.70524628387807,HIGH,SAR is not spatially georeferenced
1162_368,0.0316955631792976,0.4183044368207024,76.0553521492186,100.0,100.0,80.58779161267171,19.412208387328292,HIGH,SAR is not spatially georeferenced
1163_290,6.220240552665621e-05,0.44993779759447333,81.80687228990423,100.0,100.0,83.17597567598025,16.824024324019746,HIGH,SAR is not spatially georeferenced
1165_587,0.0032551316984559,0.4467448683015441,81.22633969118984,100.0,100.0,82.91473600655877,17.08526399344123,HIGH,SAR is not spatially georeferenced
1166_1096,0.055709934751239,0.39429006524876103,71.689102772502,100.0,100.0,78.62297939314925,21.37702060685075,MODERATE,SAR is not spatially georeferenced
1166_1256,0.0202944444444444,0.4297055555555556,78.12828282828283,100.0,100.0,81.52061041825061,18.479389581749388,HIGH,SAR is not spatially georeferenced
1167_1345,0.0018891254824497,0.44811087451755033,81.47470445773641,100.0,100.0,83.02650015150473,16.973499848495265,HIGH,SAR is not spatially georeferenced
1167_1471,2.1798365122615804e-05,0.4499782016348774,81.81421847906861,100.0,100.0,83.17928146110421,16.82071853889579,HIGH,SAR is not spatially georeferenced
1169_1408,0.001472458815783,0.448527541184217,81.550462033494,100.0,100.0,83.06059106059564,16.93940893940436,HIGH,SAR is not spatially georeferenced
1170_1438,0.1306349206349206,0.3193650793650794,58.066378066378064,100.0,100.0,72.49275327539347,27.50724672460653,MODERATE,SAR is not spatially georeferenced
1172_572,2.1798365122615804e-05,0.4499782016348774,81.81421847906861,100.0,100.0,83.17928146110421,16.82071853889579,HIGH,SAR is not spatially georeferenced
1177_1024,0.1295839826839827,0.3204160173160173,58.25745769382132,100.0,100.0,72.57873910774293,27.421260892257067,MODERATE,SAR is not spatially georeferenced
1180_41,0.0086719282352524,0.4413280717647476,80.24146759359047,100.0,100.0,82.47154356263906,17.528456437360944,HIGH,SAR is not spatially georeferenced
1181_470,0.0067218309809086,0.4432781690190914,80.59603073074388,100.0,100.0,82.63109697435809,17.368903025641913,HIGH,SAR is not spatially georeferenced
1182_108,0.0255566824096731,0.4244433175903269,77.17151228915033,100.0,100.0,81.09006367564099,18.90993632435901,HIGH,SAR is not spatially georeferenced
1192_259,0.0320809192442434,0.4179190807557566,75.98528741013756,100.0,100.0,80.55626248008525,19.443737519914748,HIGH,SAR is not spatially georeferenced
1193_167,0.0244266273672998,0.42557337263270023,77.37697684230913,100.0,100.0,81.18252272456246,18.81747727543754,HIGH,SAR is not spatially georeferenced
1196_88,0.0463468253968253,0.40365317460317474,73.3914862914863,100.0,100.0,79.38905197669217,20.610948023307827,MODERATE,SAR is not spatially georeferenced
1200_189,0.0212532209222423,0.4287467790777577,77.95395983231957,100.0,100.0,81.44216507006715,18.557834929932852,HIGH,SAR is not spatially georeferenced
