cell_id,scenario,rainfall_change_percent,risk_score,baseline_risk_score,risk_score_change,risk_category,rainfall_trigger_score,susceptibility_probability,exposure_score,baseline_category,category_change,escalates
3_1656,BASELINE,0.0,6.983213461421144,6.983213461421144,0.0,LOW,16.95064681906787,0.010009893603217855,11.840426961964926,LOW,0,0
4_988,BASELINE,0.0,7.803407246863594,7.803407246863594,0.0,LOW,16.95064681906787,0.01695086948509603,16.22482808135644,LOW,0,0
5_1571,BASELINE,0.0,8.553053884597087,8.553053884597087,0.0,LOW,16.95064681906787,0.014170283213607467,25.250616908010066,LOW,0,0
10_680,BASELINE,0.0,8.8928537724846,8.8928537724846,0.0,LOW,16.95064681906787,0.028521037330115004,20.755701022806043,LOW,0,0
12_491,BASELINE,0.0,7.260659880568964,7.260659880568964,0.0,LOW,16.95064681906787,0.0007432595523372276,19.711539881427463,LOW,0,0
13_1255,BASELINE,0.0,6.021376747315074,6.021376747315074,0.0,LOW,16.95064681906787,0.001271798365122616,7.028012201856597,LOW,0,0
15_652,BASELINE,0.0,25.658654184098417,25.658654184098417,0.0,MODERATE,16.95064681906787,0.2646531801531802,58.54102658625838,MODERATE,0,0
15_1456,BASELINE,0.0,6.658712049971395,6.658712049971395,0.0,LOW,16.95064681906787,0.005293226936551187,11.1895795141341,LOW,0,0
16_317,BASELINE,0.0,9.594691018474375,9.594691018474375,0.0,LOW,16.95064681906787,0.02200093001778368,31.36013250448603,LOW,0,0
17_355,BASELINE,0.0,16.225748021276203,16.225748021276203,0.0,LOW,16.95064681906787,0.12125802139037431,43.07930227757947,LOW,0,0
20_1290,BASELINE,0.0,6.202952868618606,6.202952868618606,0.0,LOW,16.95064681906787,2.1798365122615804e-05,9.53127341489193,LOW,0,0
20_1453,BASELINE,0.0,6.567329410569526,6.567329410569526,0.0,LOW,16.95064681906787,0.0030122024055266564,11.530316612178892,LOW,0,0
23_244,BASELINE,0.0,19.888856044519116,19.888856044519116,0.0,LOW,16.95064681906787,0.15265384060384068,62.442681942602064,LOW,0,0
27_1200,BASELINE,0.0,6.357853457730437,6.357853457730437,0.0,LOW,16.95064681906787,0.009902353920678173,5.645973750454671,LOW,0,0
29_729,BASELINE,0.0,10.339148523893527,10.339148523893527,0.0,LOW,16.95064681906787,0.021154835149163456,39.27005973641868,LOW,0,0
31_874,BASELINE,0.0,8.716427133002103,8.716427133002103,0.0,LOW,16.95064681906787,0.019150136366990034,24.145430157699817,LOW,0,0
31_1025,BASELINE,0.0,6.87814071948617,6.87814071948617,0.0,LOW,16.95064681906787,0.002457848943546076,14.943324105434662,LOW,0,0
32_1418,BASELINE,0.0,6.28772571878,6.28772571878,0.0,LOW,16.95064681906787,6.220240552665621e-05,10.356779694283638,LOW,0,0
33_13,BASELINE,0.0,34.22150436078686,34.22150436078686,0.0,MODERATE,16.95064681906787,0.42607817259645286,55.3857825093428,MODERATE,0,0
33_708,BASELINE,0.0,7.834327914376811,7.834327914376811,0.0,LOW,16.95064681906787,0.002305535738859989,24.58896831691842,LOW,0,0
39_194,BASELINE,0.0,18.060659905208745,18.060659905208745,0.0,LOW,16.95064681906787,0.13008316128316136,56.574594175871994,LOW,0,0
40_15,BASELINE,0.0,15.361519438998823,15.361519438998823,0.0,LOW,16.95064681906787,0.09287720998807955,50.04646272606777,LOW,0,0
41_966,BASELINE,0.0,11.959818057561776,11.959818057561776,0.0,LOW,16.95064681906787,0.0448966596305199,42.418751608355116,LOW,0,0
44_642,BASELINE,0.0,12.641332045752296,12.641332045752296,0.0,LOW,16.95064681906787,0.041961585799910044,50.84818209709573,LOW,0,0
44_777,BASELINE,0.0,8.279033812788654,8.279033812788654,0.0,LOW,16.95064681906787,0.015493630976955228,21.782574920084475,LOW,0,0
44_843,BASELINE,0.0,8.383998944291571,8.383998944291571,0.0,LOW,16.95064681906787,0.002386849295926971,30.040956159679183,LOW,0,0
44_1523,BASELINE,0.0,16.7735833645178,16.7735833645178,0.0,LOW,16.95064681906787,0.09867409812409811,60.97881350644736,LOW,0,0
47_1039,BASELINE,0.0,7.547562754582336,7.547562754582336,0.0,LOW,16.95064681906787,7.659288567056101e-05,22.94723528822786,LOW,0,0
51_586,BASELINE,0.0,7.854941331366061,7.854941331366061,0.0,LOW,16.95064681906787,0.006375402409480087,22.556675817969865,LOW,0,0
51_1520,BASELINE,0.0,10.680420023406677,10.680420023406677,0.0,LOW,16.95064681906787,0.014060125738232598,46.58486490756214,LOW,0,0
52_235,BASELINE,0.0,28.82738447883811,28.82738447883811,0.0,MODERATE,16.95064681906787,0.3170483753834817,61.41097215698944,MODERATE,0,0
53_566,BASELINE,0.0,31.08006668845885,31.08006668845885,0.0,MODERATE,16.95064681906787,0.35867724022354464,61.041918591162236,MODERATE,0,0
53_801,BASELINE,0.0,7.190596464576519,7.190596464576519,0.0,LOW,16.95064681906787,0.0006665180522151843,19.05311354657014,LOW,0,0
59_1544,BASELINE,0.0,10.252349966639342,10.252349966639342,0.0,LOW,16.95064681906787,0.012348902334599466,43.24533721188701,LOW,0,0
61_1203,BASELINE,0.0,5.889721672889307,5.889721672889307,0.0,LOW,16.95064681906787,6.220240552665621e-05,6.376739235376712,LOW,0,0
62_218,BASELINE,0.0,52.64710949709553,52.64710949709553,0.0,HIGH,16.95064681906787,0.7532799020424019,59.68088267715756,HIGH,0,0
62_993,BASELINE,0.0,17.910278769114967,17.910278769114967,0.0,LOW,16.95064681906787,0.12600526695526706,57.3136246952761,LOW,0,0
62_1076,BASELINE,0.0,7.980962930929969,7.980962930929969,0.0,LOW,16.95064681906787,0.005881354790432465,24.088618004085134,LOW,0,0
67_1132,BASELINE,0.0,6.263779798198166,6.263779798198166,0.0,LOW,16.95064681906787,2.1798365122615804e-05,10.13954271068752,LOW,0,0
69_27,BASELINE,0.0,35.41058326137993,35.41058326137993,0.0,MODERATE,16.95064681906787,0.4316771766880461,64.19711926489717,MODERATE,0,0
70_593,BASELINE,0.0,8.060191510701522,8.060191510701522,0.0,LOW,16.95064681906787,0.0077376713809956315,23.859929676990923,LOW,0,0
80_1256,BASELINE,0.0,6.5584443268141985,6.5584443268141985,0.0,LOW,16.95064681906787,0.001853869072193323,12.078549107958953,LOW,0,0
83_532,BASELINE,0.0,15.922301948677251,15.922301948677251,0.0,LOW,16.95064681906787,0.09999597500547575,51.73896706328416,LOW,0,0
84_1435,BASELINE,0.0,11.111754504571497,11.111754504571497,0.0,LOW,16.95064681906787,0.027937445887445886,43.26568363714304,LOW,0,0
85_1002,BASELINE,0.0,8.93944437198147,8.93944437198147,0.0,LOW,16.95064681906787,0.020893154786479042,25.416942416774525,LOW,0,0
87_1024,BASELINE,0.0,21.842903673317657,21.842903673317657,0.0,LOW,16.95064681906787,0.19513067946546214,58.620896856695715,LOW,0,0
92_891,BASELINE,0.0,7.152759785190327,7.152759785190327,0.0,LOW,16.95064681906787,0.00014438949584005253,18.96191745871454,LOW,0,0
93_93,BASELINE,0.0,49.87180878225767,49.87180878225767,0.0,MODERATE,16.95064681906787,0.6908721354125282,66.25214717520944,MODERATE,0,0
93_428,BASELINE,0.0,8.55420784813782,8.55420784813782,0.0,LOW,16.95064681906787,0.0016535159625936378,32.146378531474994,LOW,0,0
94_580,BASELINE,0.0,9.88081376599413,9.88081376599413,0.0,LOW,16.95064681906787,0.023897506122760263,33.17824312194645,LOW,0,0
96_631,BASELINE,0.0,8.040243450239469,8.040243450239469,0.0,LOW,16.95064681906787,0.006606030115107789,24.282851768608708,LOW,0,0
97_1012,BASELINE,0.0,15.656027960290773,15.656027960290773,0.0,LOW,16.95064681906787,0.08180393981969322,59.08184653159976,LOW,0,0
101_401,BASELINE,0.0,16.066176844957283,16.066176844957283,0.0,LOW,16.95064681906787,0.1135609575846149,45.71697560755793,LOW,0,0
102_554,BASELINE,0.0,10.434376829238147,10.434376829238147,0.0,LOW,16.95064681906787,0.01243859793809866,45.01627325595051,LOW,0,0
102_1442,BASELINE,0.0,7.078725882361703,7.078725882361703,0.0,LOW,16.95064681906787,0.0015932269365511874,17.424717838037182,LOW,0,0
104_1297,BASELINE,0.0,10.129956207306968,10.129956207306968,0.0,LOW,16.95064681906787,0.01255351596259364,41.90886212316647,LOW,0,0
105_74,BASELINE,0.0,22.00236975140593,22.00236975140593,0.0,LOW,16.95064681906787,0.20383347338935567,55.42902097943696,LOW,0,0
107_1391,BASELINE,0.0,6.334109818200445,6.334109818200445,0.0,LOW,16.95064681906787,2.1798365122615804e-05,10.842842910710315,LOW,0,0
110_97,BASELINE,0.0,27.95257843283575,27.95257843283575,0.0,MODERATE,16.95064681906787,0.272133116883117,77.36630387216645,MODERATE,0,0
110_951,BASELINE,0.0,6.394206710296848,6.394206710296848,0.0,LOW,16.95064681906787,2.1798365122615804e-05,11.44381183167434,LOW,0,0
111_1425,BASELINE,0.0,6.561775658110536,6.561775658110536,0.0,LOW,16.95064681906787,6.220240552665621e-05,13.097279087588992,LOW,0,0
112_1345,BASELINE,0.0,6.545197806124402,6.545197806124402,0.0,LOW,16.95064681906787,0.004664980183304434,10.399972789949882,LOW,0,0
114_1106,BASELINE,0.0,8.003311871246865,8.003311871246865,0.0,LOW,16.95064681906787,0.011193259552337229,21.39055978820647,LOW,0,0
118_1383,BASELINE,0.0,6.1704404057764,6.1704404057764,0.0,LOW,16.95064681906787,2.1798365122615804e-05,9.206148786469862,LOW,0,0
122_433,BASELINE,0.0,30.987939167563347,30.987939167563347,0.0,MODERATE,16.95064681906787,0.359889707756012,59.45378623935016,MODERATE,0,0
125_958,BASELINE,0.0,6.43083800086116,6.43083800086116,0.0,LOW,16.95064681906787,0.002221798365122616,10.600124737317461,LOW,0,0
126_1544,BASELINE,0.0,9.50262689597269,9.50262689597269,0.0,LOW,16.95064681906787,0.019135301528625782,32.015586948506005,LOW,0,0
130_1126,BASELINE,0.0,8.046053022653279,8.046053022653279,0.0,LOW,16.95064681906787,0.014258703127027378,20.13197733619104,LOW,0,0
132_516,BASELINE,0.0,13.56264660308759,13.56264660308759,0.0,LOW,16.95064681906787,0.07538644482976907,41.6776552040262,LOW,0,0
134_1295,BASELINE,0.0,8.090855027940423,8.090855027940423,0.0,LOW,16.95064681906787,0.000576592885670561,28.10515802180872,LOW,0,0
138_675,BASELINE,0.0,12.454594364242848,12.454594364242848,0.0,LOW,16.95064681906787,0.06296703646036071,37.42780741875339,LOW,0,0
140_27,BASELINE,0.0,10.280658455517091,10.280658455517091,0.0,LOW,16.95064681906787,0.02994229372489464,33.85205683600217,LOW,0,0
141_1564,BASELINE,0.0,7.37222090581165,7.37222090581165,0.0,LOW,16.95064681906787,7.659288567056101e-05,21.193816800520995,LOW,0,0
142_942,BASELINE,0.0,6.698887479088065,6.698887479088065,0.0,LOW,16.95064681906787,0.004199118784815916,12.193093288755206,LOW,0,0
149_687,BASELINE,0.0,16.34778487616891,16.34778487616891,0.0,LOW,16.95064681906787,0.11743242107574534,46.403750999552464,LOW,0,0
150_686,BASELINE,0.0,19.016406903106585,19.016406903106585,0.0,LOW,16.95064681906787,0.1580890755323997,50.728811317769306,LOW,0,0
150_1110,BASELINE,0.0,8.857278885728668,8.857278885728668,0.0,LOW,16.95064681906787,0.011683217334667893,29.660753152742654,LOW,0,0
154_105,BASELINE,0.0,21.57147384974234,21.57147384974234,0.0,LOW,16.95064681906787,0.1493187978687979,81.10313349910784,LOW,0,0
156_103,BASELINE,0.0,31.117061878565295,31.117061878565295,0.0,MODERATE,16.95064681906787,0.33376986882848986,75.11092475950682,MODERATE,0,0
156_878,BASELINE,0.0,9.74725003903345,9.74725003903345,0.0,LOW,16.95064681906787,0.0158654207244984,36.26025282138368,LOW,0,0
158_1490,BASELINE,0.0,7.566287695392604,7.566287695392604,0.0,LOW,16.95064681906787,0.0028645833579076085,21.601089936600157,LOW,0,0
159_757,BASELINE,0.0,6.557668287197224,6.557668287197224,0.0,LOW,16.95064681906787,0.0028991187848159163,11.49590136984678,LOW,0,0
160_1535,BASELINE,0.0,7.160263049097097,7.160263049097097,0.0,LOW,16.95064681906787,6.220240552665621e-05,19.082152997454603,LOW,0,0
162_836,BASELINE,0.0,6.6933199116310895,6.6933199116310895,0.0,LOW,16.95064681906787,0.003471798365122616,12.53744384501676,LOW,0,0
163_823,BASELINE,0.0,6.311160726227996,6.311160726227996,0.0,LOW,16.95064681906787,2.1798365122615804e-05,10.61335199098583,LOW,0,0
165_1205,BASELINE,0.0,6.216910803029707,6.216910803029707,0.0,LOW,16.95064681906787,0.0028955357388599895,8.090297203447383,LOW,0,0
167_997,BASELINE,0.0,6.18543506288054,6.18543506288054,0.0,LOW,16.95064681906787,6.220240552665621e-05,9.333873135289041,LOW,0,0
169_250,BASELINE,0.0,16.07571030683528,16.07571030683528,0.0,LOW,16.95064681906787,0.09116066319301615,58.132472141717216,LOW,0,0
171_726,BASELINE,0.0,7.556056343617584,7.556056343617584,0.0,LOW,16.95064681906787,0.0028099262190038944,21.528837845246997,LOW,0,0
173_1302,BASELINE,0.0,6.543149196830242,6.543149196830242,0.0,LOW,16.95064681906787,2.1798365122615804e-05,12.933236697008288,LOW,0,0
175_1422,BASELINE,0.0,6.201540408138481,6.201540408138481,0.0,LOW,16.95064681906787,2.1798365122615804e-05,9.517148810090678,LOW,0,0
176_65,BASELINE,0.0,19.462005999005008,19.462005999005008,0.0,LOW,16.95064681906787,0.15607438672438673,56.29288112116069,LOW,0,0
177_441,BASELINE,0.0,9.587362522540904,9.587362522540904,0.0,LOW,16.95064681906787,0.0070864431803034636,39.48981530576543,LOW,0,0
179_140,BASELINE,0.0,17.299010121052433,17.299010121052433,0.0,LOW,16.95064681906787,0.12491923463010422,51.798255993490294,LOW,0,0
179_393,BASELINE,0.0,11.57525246287218,11.57525246287218,0.0,LOW,16.95064681906787,0.03125253264639294,46.077365502728995,LOW,0,0
181_409,BASELINE,0.0,14.636610022922707,14.636610022922707,0.0,LOW,16.95064681906787,0.06724578826411252,56.894650513488486,LOW,0,0
182_1213,BASELINE,0.0,7.013213047416758,7.013213047416758,0.0,LOW,16.95064681906787,0.01701544915877341,8.287367266365512,LOW,0,0
183_57,BASELINE,0.0,13.074395222698568,13.074395222698568,0.0,LOW,16.95064681906787,0.0520562092440987,49.62677097225469,LOW,0,0
183_521,BASELINE,0.0,49.17888646737169,49.17888646737169,0.0,MODERATE,16.95064681906787,0.6647050316350317,73.71483110397273,MODERATE,0,0
185_39,BASELINE,0.0,53.461900134947875,53.461900134947875,0.0,HIGH,16.95064681906787,0.7379189114806765,76.27733386462998,HIGH,0,0
186_549,BASELINE,0.0,56.93658342118146,56.93658342118146,0.0,HIGH,16.95064681906787,0.8318299940064042,59.373071337815674,HIGH,0,0
186_772,BASELINE,0.0,6.678933872471456,6.678933872471456,0.0,LOW,16.95064681906787,0.0005217983651226158,14.016083453420425,LOW,0,0
188_63,BASELINE,0.0,51.885171443907446,51.885171443907446,0.0,HIGH,16.95064681906787,0.7166015648184371,72.2345876184574,HIGH,0,0
189_1397,BASELINE,0.0,6.146631669205735,6.146631669205735,0.0,LOW,16.95064681906787,0.0012217983651226158,8.308061420763211,LOW,0,0
190_534,BASELINE,0.0,50.75529507399381,50.75529507399381,0.0,HIGH,16.95064681906787,0.719805439055364,59.17369308901117,HIGH,0,0
190_544,BASELINE,0.0,61.138071455881246,61.138071455881246,0.0,HIGH,16.95064681906787,0.9086839068025796,59.1182996469169,HIGH,0,0
191_528,BASELINE,0.0,58.2354942556887,58.2354942556887,0.0,HIGH,16.95064681906787,0.8439483245313933,65.69709789414394,HIGH,0,0
191_1609,BASELINE,0.0,10.596846010351365,10.596846010351365,0.0,LOW,16.95064681906787,0.017152864044168395,44.04811870874434,LOW,0,0
193_412,BASELINE,0.0,62.568793752149844,62.568793752149844,0.0,HIGH,16.95064681906787,0.9118066859066865,71.7079941023442,HIGH,0,0
194_1163,BASELINE,0.0,6.281171645927909,6.281171645927909,0.0,LOW,16.95064681906787,0.0006884650317892824,9.946794521318283,LOW,0,0
196_414,BASELINE,0.0,64.54261017835438,64.54261017835438,0.0,HIGH,16.95064681906787,0.9583068586443587,65.87106335866983,HIGH,0,0
197_397,BASELINE,0.0,63.402540373385534,63.402540373385534,0.0,HIGH,16.95064681906787,0.9303940767409482,69.82239535585722,HIGH,0,0
197_413,BASELINE,0.0,63.12642665883388,63.12642665883388,0.0,HIGH,16.95064681906787,0.9292019255370325,67.71694137249429,HIGH,0,0
198_373,BASELINE,0.0,15.51475975243489,15.51475975243489,0.0,LOW,16.95064681906787,0.10334901780651744,45.81937156028759,LOW,0,0
198_399,BASELINE,0.0,67.00255173565354,67.00255173565354,0.0,HIGH,16.95064681906787,0.9959666666666667,69.75758451939203,HIGH,0,0
199_37,BASELINE,0.0,13.778576617644479,13.778576617644479,0.0,LOW,16.95064681906787,0.05813587583354788,53.32476829751675,LOW,0,0
199_399,BASELINE,0.0,63.59732309429221,63.59732309429221,0.0,HIGH,16.95064681906787,0.9347888774739838,69.3530821617543,HIGH,0,0
199_400,BASELINE,0.0,66.9318402698124,66.9318402698124,0.0,HIGH,16.95064681906787,0.9955194444444445,69.29644208320282,HIGH,0,0
199_415,BASELINE,0.0,61.04956686024339,61.04956686024339,0.0,HIGH,16.95064681906787,0.8926431938431935,67.05564581820072,HIGH,0,0
199_995,BASELINE,0.0,5.968739263331388,5.968739263331388,0.0,LOW,16.95064681906787,2.1798365122615804e-05,7.18913736201975,LOW,0,0
200_397,BASELINE,0.0,62.56106814699899,62.56106814699899,0.0,HIGH,16.95064681906787,0.9216723889749325,66.20460136330041,HIGH,0,0
200_550,BASELINE,0.0,60.48620053946034,60.48620053946034,0.0,HIGH,16.95064681906787,0.8970103923888394,59.02002341026504,HIGH,0,0
201_401,BASELINE,0.0,64.69448040906079,64.69448040906079,0.0,HIGH,16.95064681906787,0.9608365176567081,65.99845320894174,HIGH,0,0
202_1166,BASELINE,0.0,6.242637932664531,6.242637932664531,0.0,LOW,16.95064681906787,0.0006884650317892824,9.561457388684504,LOW,0,0
202_1269,BASELINE,0.0,6.355271331526222,6.355271331526222,0.0,LOW,16.95064681906787,0.0018122024055266563,10.069735821745866,LOW,0,0
203_393,BASELINE,0.0,64.83321186957666,64.83321186957666,0.0,HIGH,16.95064681906787,0.9721830135627629,61.145195065770196,HIGH,0,0
204_389,BASELINE,0.0,65.17020358936848,65.17020358936848,0.0,HIGH,16.95064681906787,0.9751711698509193,62.871626305202625,HIGH,0,0
204_786,BASELINE,0.0,9.288401740379776,9.288401740379776,0.0,LOW,16.95064681906787,0.00771638710971136,36.15373832297981,LOW,0,0
206_941,BASELINE,0.0,6.249319699766023,6.249319699766023,0.0,LOW,16.95064681906787,0.0012217983651226158,9.334941726366097,LOW,0,0
206_1313,BASELINE,0.0,6.09785879823744,6.09785879823744,0.0,LOW,16.95064681906787,0.0006884650317892824,8.113666044413598,LOW,0,0
207_398,BASELINE,0.0,62.78049536108029,62.78049536108029,0.0,HIGH,16.95064681906787,0.9300326902636821,63.8007077953011,HIGH,0,0
207_551,BASELINE,0.0,63.1880749722798,63.1880749722798,0.0,HIGH,16.95064681906787,0.9497190121862925,57.049026849860454,HIGH,0,0
208_541,BASELINE,0.0,64.45776065926329,64.45776065926329,0.0,HIGH,16.95064681906787,0.9723897574682051,57.27697381464336,HIGH,0,0
208_542,BASELINE,0.0,64.75289121180175,64.75289121180175,0.0,HIGH,16.95064681906787,0.9752540431824903,58.65292219717105,HIGH,0,0
208_550,BASELINE,0.0,64.12876994585024,64.12876994585024,0.0,HIGH,16.95064681906787,0.9671664480202271,56.8598868769009,HIGH,0,0
209_1184,BASELINE,0.0,6.024420653657203,6.024420653657203,0.0,LOW,16.95064681906787,2.1798365122615804e-05,7.745951265277894,LOW,0,0
209_1258,BASELINE,0.0,6.142729095371245,6.142729095371245,0.0,LOW,16.95064681906787,2.1798365122615804e-05,8.929035682418315,LOW,0,0
209_1337,BASELINE,0.0,5.9466243744425995,5.9466243744425995,0.0,LOW,16.95064681906787,6.220240552665621e-05,6.945766250909635,LOW,0,0
212_536,BASELINE,0.0,59.218528849456675,59.218528849456675,0.0,HIGH,16.95064681906787,0.8797771307981845,55.82160038508862,HIGH,0,0
212_538,BASELINE,0.0,65.1282279225652,65.1282279225652,0.0,HIGH,16.95064681906787,0.9818262654047125,58.7915670825835,HIGH,0,0
213_922,BASELINE,0.0,6.3163338601948125,6.3163338601948125,0.0,LOW,16.95064681906787,0.0012217983651226158,10.005083330653994,LOW,0,0
214_536,BASELINE,0.0,57.546475731322374,57.546475731322374,0.0,HIGH,16.95064681906787,0.8519708522067992,54.39452242900741,HIGH,0,0
214_923,BASELINE,0.0,6.234306895391543,6.234306895391543,0.0,LOW,16.95064681906787,6.220240552665621e-05,9.822591460399071,LOW,0,0
216_668,BASELINE,0.0,7.782727245501755,7.782727245501755,0.0,LOW,16.95064681906787,0.015555131698455954,16.78568385039008,LOW,0,0
218_793,BASELINE,0.0,8.332499735902875,8.332499735902875,0.0,LOW,16.95064681906787,0.0008201826292603046,30.387630742458892,LOW,0,0
221_1601,BASELINE,0.0,6.944683646337974,6.944683646337974,0.0,LOW,16.95064681906787,7.659288567056101e-05,16.91844420578423,LOW,0,0
222_1036,BASELINE,0.0,6.4959905495000285,6.4959905495000285,0.0,LOW,16.95064681906787,0.003562202405526656,10.514428001483928,LOW,0,0
223_498,BASELINE,0.0,63.81519997177286,63.81519997177286,0.0,HIGH,16.95064681906787,0.9461307780371888,65.29380562679813,HIGH,0,0
223_591,BASELINE,0.0,8.070799214230705,8.070799214230705,0.0,LOW,16.95064681906787,0.011548021457099131,21.870314170425825,LOW,0,0
224_1401,BASELINE,0.0,6.254394792129789,6.254394792129789,0.0,LOW,16.95064681906787,6.220240552665621e-05,10.023470427781529,LOW,0,0
225_41,BASELINE,0.0,19.08695091030466,19.08695091030466,0.0,LOW,16.95064681906787,0.15550206688736098,52.85710614452136,LOW,0,0
225_934,BASELINE,0.0,6.146717811004834,6.146717811004834,0.0,LOW,16.95064681906787,0.001021798365122616,8.418922838754202,LOW,0,0
226_699,BASELINE,0.0,7.055364271993976,7.055364271993976,0.0,LOW,16.95064681906787,7.659288567056101e-05,18.025250462344253,LOW,0,0
227_1644,BASELINE,0.0,8.752431784485399,8.752431784485399,0.0,LOW,16.95064681906787,0.011013140356464609,28.980824478321747,LOW,0,0
228_721,BASELINE,0.0,7.129413354513913,7.129413354513913,0.0,LOW,16.95064681906787,0.0011443894958400526,18.178453151950396,LOW,0,0
231_1310,BASELINE,0.0,5.927417468977435,5.927417468977435,0.0,LOW,16.95064681906787,6.220240552665621e-05,6.7536971962579875,LOW,0,0
234_382,BASELINE,0.0,63.193728373006365,63.193728373006365,0.0,HIGH,16.95064681906787,0.9387124098124099,63.1591921627614,HIGH,0,0
236_1344,BASELINE,0.0,5.969411598527756,5.969411598527756,0.0,LOW,16.95064681906787,0.0008789412222654729,6.724432142554859,LOW,0,0
237_46,BASELINE,0.0,11.6627314443314,11.6627314443314,0.0,LOW,16.95064681906787,0.04199396071887981,41.04436987745339,LOW,0,0
240_1004,BASELINE,0.0,6.056258837860132,6.056258837860132,0.0,LOW,16.95064681906787,0.0019733135166377673,6.990999773973855,LOW,0,0
243_522,BASELINE,0.0,63.05833993416383,63.05833993416383,0.0,HIGH,16.95064681906787,0.9327012195980912,65.11146239221155,HIGH,0,0
244_467,BASELINE,0.0,7.116195309027602,7.116195309027602,0.0,LOW,16.95064681906787,0.0008217983651226158,18.223697818981883,LOW,0,0
244_1007,BASELINE,0.0,6.126614042473763,6.126614042473763,0.0,LOW,16.95064681906787,0.0030983135166377674,7.075801820110163,LOW,0,0
244_1230,BASELINE,0.0,5.857680430712927,5.857680430712927,0.0,LOW,16.95064681906787,2.1798365122615804e-05,6.078549035835132,LOW,0,0
245_766,BASELINE,0.0,17.190311067072532,17.190311067072532,0.0,LOW,16.95064681906787,0.12135202020202025,52.673233389137486,LOW,0,0
246_43,BASELINE,0.0,14.04706939321403,14.04706939321403,0.0,LOW,16.95064681906787,0.07344607777843074,47.58908498352671,LOW,0,0
246_358,BASELINE,0.0,65.16158838273465,65.16158838273465,0.0,HIGH,16.95064681906787,0.9733938285091674,63.76301197682768,HIGH,0,0
246_1003,BASELINE,0.0,6.102129265893672,6.102129265893672,0.0,LOW,16.95064681906787,0.0031733135166377665,6.789704054309246,LOW,0,0
247_358,BASELINE,0.0,66.2415799519577,66.2415799519577,0.0,HIGH,16.95064681906787,0.996582622139765,61.80909117222948,HIGH,0,0
247_361,BASELINE,0.0,64.26273157384513,64.26273157384513,0.0,HIGH,16.95064681906787,0.9612636739737805,61.44602888239532,HIGH,0,0
247_523,BASELINE,0.0,66.44196260944928,66.44196260944928,0.0,HIGH,16.95064681906787,0.9877476190476191,68.67216944782558,HIGH,0,0
248_366,BASELINE,0.0,65.43029840770075,65.43029840770075,0.0,HIGH,16.95064681906787,0.9815365079365079,61.97163854145138,HIGH,0,0
248_398,BASELINE,0.0,65.63901405001678,65.63901405001678,0.0,HIGH,16.95064681906787,0.9888934704184702,60.0124655995326,HIGH,0,0
248_404,BASELINE,0.0,60.423809935871944,60.423809935871944,0.0,HIGH,16.95064681906787,0.8960825546029552,58.90642815661734,HIGH,0,0
249_358,BASELINE,0.0,65.28553796159903,65.28553796159903,0.0,HIGH,16.95064681906787,0.9840799603174603,59.12513527091047,HIGH,0,0
250_362,BASELINE,0.0,64.01252368736394,64.01252368736394,0.0,HIGH,16.95064681906787,0.9595857426303852,59.86681225645081,HIGH,0,0
250_404,BASELINE,0.0,63.32884338474485,63.32884338474485,0.0,HIGH,16.95064681906787,0.9541158966033966,56.038424545103794,HIGH,0,0
250_522,BASELINE,0.0,66.60586904606238,66.60586904606238,0.0,HIGH,16.95064681906787,0.993112925170068,67.3603154466097,HIGH,0,0
250_1510,BASELINE,0.0,8.066069071764796,8.066069071764796,0.0,LOW,16.95064681906787,2.1798365122615804e-05,28.16243544635382,LOW,0,0
251_407,BASELINE,0.0,63.785816460216544,63.785816460216544,0.0,HIGH,16.95064681906787,0.9608540239953282,56.9021852342582,HIGH,0,0
251_505,BASELINE,0.0,62.88044782495913,62.88044782495913,0.0,HIGH,16.95064681906787,0.9215285226705202,69.47752461032842,HIGH,0,0
251_510,BASELINE,0.0,62.979081988069154,62.979081988069154,0.0,HIGH,16.95064681906787,0.9169410245364703,72.98699021515614,HIGH,0,0
252_358,BASELINE,0.0,65.5883422552146,65.5883422552146,0.0,HIGH,16.95064681906787,0.9877928571428571,60.11108495309777,HIGH,0,0
252_509,BASELINE,0.0,64.6435433884051,64.6435433884051,0.0,HIGH,16.95064681906787,0.9532034547152192,69.68726762020388,HIGH,0,0
252_875,BASELINE,0.0,6.716169768061577,6.716169768061577,0.0,LOW,16.95064681906787,0.0017432595523372276,13.716638756353595,LOW,0,0
254_507,BASELINE,0.0,65.15872310181072,65.15872310181072,0.0,HIGH,16.95064681906787,0.9669332571571061,67.28767341122204,HIGH,0,0
256_365,BASELINE,0.0,66.23455148282177,66.23455148282177,0.0,HIGH,16.95064681906787,0.9961,62.0042486577411,HIGH,0,0
256_1265,BASELINE,0.0,5.845155272631581,5.845155272631581,0.0,LOW,16.95064681906787,2.1798365122615804e-05,5.953297455021684,LOW,0,0
258_206,BASELINE,0.0,15.908960393915262,15.908960393915262,0.0,LOW,16.95064681906787,0.09441808191808193,54.67339271373084,LOW,0,0
258_678,BASELINE,0.0,6.58448240128562,6.58448240128562,0.0,LOW,16.95064681906787,0.0007288690721933229,12.957679852673182,LOW,0,0
258_1217,BASELINE,0.0,5.902389752147353,5.902389752147353,0.0,LOW,16.95064681906787,0.0013955357388599895,5.770086694623838,LOW,0,0
260_357,BASELINE,0.0,65.10615475066636,65.10615475066636,0.0,HIGH,16.95064681906787,0.9772920230877203,61.06466863794087,HIGH,0,0
260_358,BASELINE,0.0,63.74835764576872,63.74835764576872,0.0,HIGH,16.95064681906787,0.9519036811887877,61.45028563337729,HIGH,0,0
262_507,BASELINE,0.0,65.74362715773941,65.74362715773941,0.0,HIGH,16.95064681906787,0.9847492346938778,63.337926325284755,HIGH,0,0
262_1643,BASELINE,0.0,6.675904388527922,6.675904388527922,0.0,LOW,16.95064681906787,2.1798365122615804e-05,14.260788613985085,LOW,0,0
263_1026,BASELINE,0.0,6.060753546816869,6.060753546816869,0.0,LOW,16.95064681906787,0.0010622024055266562,7.537057974652331,LOW,0,0
264_864,BASELINE,0.0,7.4238419370738775,7.4238419370738775,0.0,LOW,16.95064681906787,0.005243259552337227,18.868360446476608,LOW,0,0
264_1413,BASELINE,0.0,6.193767616717372,6.193767616717372,0.0,LOW,16.95064681906787,6.220240552665621e-05,9.417198673657355,LOW,0,0
266_413,BASELINE,0.0,63.439066805089766,63.439066805089766,0.0,HIGH,16.95064681906787,0.9517215449675213,58.457552148284265,HIGH,0,0
266_545,BASELINE,0.0,10.291720735243176,10.291720735243176,0.0,LOW,16.95064681906787,0.023876488119812377,37.29887271605825,LOW,0,0
267_413,BASELINE,0.0,64.21318825927419,64.21318825927419,0.0,HIGH,16.95064681906787,0.9645329430982823,59.15249771821001,HIGH,0,0
267_576,BASELINE,0.0,13.33553412819294,13.33553412819294,0.0,LOW,16.95064681906787,0.0599114430682456,47.917781423917624,LOW,0,0
268_406,BASELINE,0.0,61.665599297211315,61.665599297211315,0.0,HIGH,16.95064681906787,0.9199433507479473,58.20088389026547,HIGH,0,0
270_329,BASELINE,0.0,16.233226528855,16.233226528855,0.0,LOW,16.95064681906787,0.12124064622504521,43.163643694298415,LOW,0,0
271_508,BASELINE,0.0,66.66894078050245,66.66894078050245,0.0,HIGH,16.95064681906787,0.9948079365079364,67.05877655518286,HIGH,0,0
272_1254,BASELINE,0.0,6.065877349080211,6.065877349080211,0.0,LOW,16.95064681906787,0.004409893603217854,5.74706583855559,LOW,0,0
273_523,BASELINE,0.0,65.22614343225285,65.22614343225285,0.0,HIGH,16.95064681906787,0.9599417564347799,71.80720211292297,HIGH,0,0
273_611,BASELINE,0.0,21.06785064244322,21.06785064244322,0.0,LOW,16.95064681906787,0.19560666420954348,50.60857493870658,LOW,0,0
274_964,BASELINE,0.0,5.909556375826372,5.909556375826372,0.0,LOW,16.95064681906787,6.220240552665621e-05,6.575086264747361,LOW,0,0
275_1336,BASELINE,0.0,6.237503036832777,6.237503036832777,0.0,LOW,16.95064681906787,2.1798365122615804e-05,9.876775097033637,LOW,0,0
277_511,BASELINE,0.0,63.72484039102932,63.72484039102932,0.0,HIGH,16.95064681906787,0.9300575536193189,73.23048324919115,HIGH,0,0
278_398,BASELINE,0.0,65.91247625395512,65.91247625395512,0.0,HIGH,16.95064681906787,0.9927492485366239,60.62640967393139,HIGH,0,0
278_421,BASELINE,0.0,47.582867614840886,47.582867614840886,0.0,MODERATE,16.95064681906787,0.6625715520152793,58.928056369528505,MODERATE,0,0
279_381,BASELINE,0.0,62.330612881037446,62.330612881037446,0.0,HIGH,16.95064681906787,0.913585364950578,68.34791191707983,HIGH,0,0
279_1125,BASELINE,0.0,6.214154373561861,6.214154373561861,0.0,LOW,16.95064681906787,0.0020217983651226157,8.543288464324474,LOW,0,0
280_522,BASELINE,0.0,64.17133169270224,64.17133169270224,0.0,HIGH,16.95064681906787,0.921705042016807,82.2892776473018,HIGH,0,0
282_49,BASELINE,0.0,17.874590384716544,17.874590384716544,0.0,LOW,16.95064681906787,0.13800208810797052,50.35848921730495,LOW,0,0
282_503,BASELINE,0.0,65.84675742257298,65.84675742257298,0.0,HIGH,16.95064681906787,0.9742312352818682,70.15412865022557,HIGH,0,0
282_578,BASELINE,0.0,61.460442164996394,61.460442164996394,0.0,HIGH,16.95064681906787,0.8911859082210146,71.96590595792924,HIGH,0,0
282_1317,BASELINE,0.0,6.38076172828951,6.38076172828951,0.0,LOW,16.95064681906787,0.001021798365122616,10.759362011600969,LOW,0,0
283_447,BASELINE,0.0,8.191481731992972,8.191481731992972,0.0,LOW,16.95064681906787,0.0058312937403714165,26.221339592248754,LOW,0,0
283_522,BASELINE,0.0,66.65041883047915,66.65041883047915,0.0,HIGH,16.95064681906787,0.9684201213818864,81.38685537427729,HIGH,0,0
283_560,BASELINE,0.0,62.63632863163722,62.63632863163722,0.0,HIGH,16.95064681906787,0.9145758816550161,70.86028523563662,HIGH,0,0
283_573,BASELINE,0.0,66.32086150727311,66.32086150727311,0.0,HIGH,16.95064681906787,0.9735652736770385,75.2614483798833,HIGH,0,0
283_574,BASELINE,0.0,64.90952452905015,64.90952452905015,0.0,HIGH,16.95064681906787,0.951297466259231,73.39537267744774,HIGH,0,0
283_575,BASELINE,0.0,56.523119330806296,56.523119330806296,0.0,HIGH,16.95064681906787,0.8030531437235294,71.06569808964508,HIGH,0,0
283_1089,BASELINE,0.0,6.121082833502835,6.121082833502835,0.0,LOW,16.95064681906787,6.220240552665621e-05,8.690350841511988,LOW,0,0
283_1342,BASELINE,0.0,6.369700581722572,6.369700581722572,0.0,LOW,16.95064681906787,2.1798365122615804e-05,11.198750545931583,LOW,0,0
286_916,BASELINE,0.0,6.621513239983094,6.621513239983094,0.0,LOW,16.95064681906787,0.0048467983651226156,11.063127128536799,LOW,0,0
287_381,BASELINE,0.0,64.88727597164024,64.88727597164024,0.0,HIGH,16.95064681906787,0.9674745086577061,64.27551378418734,HIGH,0,0
287_575,BASELINE,0.0,62.935673973229434,62.935673973229434,0.0,HIGH,16.95064681906787,0.9095131464231007,76.63824302911229,HIGH,0,0
287_915,BASELINE,0.0,6.519450370838406,6.519450370838406,0.0,LOW,16.95064681906787,0.0026706078889321395,11.239403198994683,LOW,0,0
288_502,BASELINE,0.0,66.27233534772154,66.27233534772154,0.0,HIGH,16.95064681906787,0.9855614854215919,68.17827032486299,HIGH,0,0
289_1159,BASELINE,0.0,5.90882283495512,5.90882283495512,0.0,LOW,16.95064681906787,2.1798365122615804e-05,6.589973078257066,LOW,0,0
290_389,BASELINE,0.0,65.1045225184789,65.1045225184789,0.0,HIGH,16.95064681906787,0.9730592025352572,63.376397619920844,HIGH,0,0
290_496,BASELINE,0.0,65.09225873553768,65.09225873553768,0.0,HIGH,16.95064681906787,0.9772243381372613,60.962935209406346,HIGH,0,0
290_497,BASELINE,0.0,66.493488998688,66.493488998688,0.0,HIGH,16.95064681906787,0.9958462585034015,64.73318163953232,HIGH,0,0
292_192,BASELINE,0.0,19.140120238421968,19.140120238421968,0.0,LOW,16.95064681906787,0.16308371260737003,49.21889427968946,LOW,0,0
292_534,BASELINE,0.0,66.05287528588096,66.05287528588096,0.0,HIGH,16.95064681906787,0.9846765124918515,66.47040481781453,HIGH,0,0
293_535,BASELINE,0.0,63.79537016080464,63.79537016080464,0.0,HIGH,16.95064681906787,0.9538859821888214,60.830145233718014,HIGH,0,0
294_537,BASELINE,0.0,66.18175607339089,66.18175607339089,0.0,HIGH,16.95064681906787,0.9929699633699635,63.197814709952226,HIGH,0,0
294_571,BASELINE,0.0,62.5009415658195,62.5009415658195,0.0,HIGH,16.95064681906787,0.8960453905571558,79.69818468128265,HIGH,0,0
295_538,BASELINE,0.0,66.24730392796172,66.24730392796172,0.0,HIGH,16.95064681906787,0.9911380952380953,64.8608207281881,HIGH,0,0
295_704,BASELINE,0.0,8.252395953016395,8.252395953016395,0.0,LOW,16.95064681906787,0.002940845984170235,28.42022806839361,LOW,0,0
296_126,BASELINE,0.0,20.74293952082747,20.74293952082747,0.0,LOW,16.95064681906787,0.18722411710991832,51.9698646273429,LOW,0,0
296_534,BASELINE,0.0,48.645210526919485,48.645210526919485,0.0,MODERATE,16.95064681906787,0.6895419358419355,54.71777438565367,MODERATE,0,0
296_640,BASELINE,0.0,8.44532129924359,8.44532129924359,0.0,LOW,16.95064681906787,0.009239980183304434,26.884957721141767,LOW,0,0
297_393,BASELINE,0.0,61.18870861431476,61.18870861431476,0.0,HIGH,16.95064681906787,0.8930097497652418,68.24545760178795,HIGH,0,0
297_422,BASELINE,0.0,66.25452394071564,66.25452394071564,0.0,HIGH,16.95064681906787,0.9683542483660131,77.46413663537253,HIGH,0,0
297_537,BASELINE,0.0,64.63256603943847,64.63256603943847,0.0,HIGH,16.95064681906787,0.9691501504447935,60.80681147927155,HIGH,0,0
298_424,BASELINE,0.0,66.26423165468134,66.26423165468134,0.0,HIGH,16.95064681906787,0.965708938120703,79.01613440995014,HIGH,0,0
300_218,BASELINE,0.0,47.644442577991946,47.644442577991946,0.0,MODERATE,16.95064681906787,0.6347898050315699,74.82376684207925,MODERATE,0,0
300_539,BASELINE,0.0,65.14482998511757,65.14482998511757,0.0,HIGH,16.95064681906787,0.9731989865561295,63.70259107482785,HIGH,0,0
301_14,BASELINE,0.0,9.808971194655394,9.808971194655394,0.0,LOW,16.95064681906787,0.01641046940422844,36.5776876037516,LOW,0,0
301_608,BASELINE,0.0,64.61312892299087,64.61312892299087,0.0,HIGH,16.95064681906787,0.9589627340682574,66.2155193218904,HIGH,0,0
301_865,BASELINE,0.0,9.710853380557788,9.710853380557788,0.0,LOW,16.95064681906787,0.021879233578311248,32.58868916703,LOW,0,0
302_513,BASELINE,0.0,63.22103767374323,63.22103767374323,0.0,HIGH,16.95064681906787,0.9404491280038775,62.47709016482297,HIGH,0,0
302_539,BASELINE,0.0,65.12086715628013,65.12086715628013,0.0,HIGH,16.95064681906787,0.9712682783754214,64.52485228584277,HIGH,0,0
302_874,BASELINE,0.0,9.383747555024273,9.383747555024273,0.0,LOW,16.95064681906787,0.024893043102120774,27.660035673599616,LOW,0,0
302_1466,BASELINE,0.0,6.4463427986023865,6.4463427986023865,0.0,LOW,16.95064681906787,6.220240552665621e-05,11.942950492507503,LOW,0,0
304_429,BASELINE,0.0,59.12609551931972,59.12609551931972,0.0,HIGH,16.95064681906787,0.8360817541935189,78.92972421628515,HIGH,0,0
304_563,BASELINE,0.0,66.2479246745743,66.2479246745743,0.0,HIGH,16.95064681906787,0.9842318877204423,68.66544232902307,HIGH,0,0
305_463,BASELINE,0.0,65.01680045864649,65.01680045864649,0.0,HIGH,16.95064681906787,0.9583711603429254,70.5776002273793,HIGH,0,0
306_907,BASELINE,0.0,6.515171596278696,6.515171596278696,0.0,LOW,16.95064681906787,0.0010217983651226157,12.103460691492826,LOW,0,0
308_510,BASELINE,0.0,66.02214602017094,66.02214602017094,0.0,HIGH,16.95064681906787,0.995377435064935,60.27760474551837,HIGH,0,0
311_430,BASELINE,0.0,62.69746248404529,62.69746248404529,0.0,HIGH,16.95064681906787,0.9055127287744934,76.45635784400481,HIGH,0,0
311_595,BASELINE,0.0,63.32565221409031,63.32565221409031,0.0,HIGH,16.95064681906787,0.9450576460056476,60.9885506673203,HIGH,0,0
312_430,BASELINE,0.0,65.46999195640866,65.46999195640866,0.0,HIGH,16.95064681906787,0.9585106446626419,75.03279882915697,HIGH,0,0
312_903,BASELINE,0.0,6.527766321831785,6.527766321831785,0.0,LOW,16.95064681906787,0.0009250777341554095,12.282604294055673,LOW,0,0
313_1582,BASELINE,0.0,7.748368653626269,7.748368653626269,0.0,LOW,16.95064681906787,0.0030448468539245295,23.322754596127496,LOW,0,0
314_442,BASELINE,0.0,66.19026113773384,66.19026113773384,0.0,HIGH,16.95064681906787,0.9882483268983269,65.87976541278195,HIGH,0,0
314_1575,BASELINE,0.0,8.359076828281495,8.359076828281495,0.0,LOW,16.95064681906787,0.002889125482449733,29.51548309699091,LOW,0,0
315_269,BASELINE,0.0,43.63178657798139,43.63178657798139,0.0,MODERATE,16.95064681906787,0.5998713565366959,53.902353514154434,MODERATE,0,0
315_467,BASELINE,0.0,62.42248502417771,62.42248502417771,0.0,HIGH,16.95064681906787,0.906276990068755,73.28623953348516,HIGH,0,0
315_505,BASELINE,0.0,66.13965330363622,66.13965330363622,0.0,HIGH,16.95064681906787,0.9940257936507938,62.196080357948894,HIGH,0,0
315_1482,BASELINE,0.0,7.155907863223551,7.155907863223551,0.0,LOW,16.95064681906787,0.0004622024055266562,18.818601138719156,LOW,0,0
316_50,BASELINE,0.0,39.23747858285723,39.23747858285723,0.0,MODERATE,16.95064681906787,0.5113534633188022,58.64411483275437,MODERATE,0,0
316_298,BASELINE,0.0,40.44862014891581,40.44862014891581,0.0,MODERATE,16.95064681906787,0.528459966236175,61.34695388878516,MODERATE,0,0
317_380,BASELINE,0.0,63.57960612108219,63.57960612108219,0.0,HIGH,16.95064681906787,0.9251392544492548,74.48320509325515,HIGH,0,0
317_593,BASELINE,0.0,61.510613442373135,61.510613442373135,0.0,HIGH,16.95064681906787,0.9103067787639222,61.95113993309741,HIGH,0,0
318_526,BASELINE,0.0,57.140507582832996,57.140507582832996,0.0,HIGH,16.95064681906787,0.8061313212930866,75.54658294665558,HIGH,0,0
318_584,BASELINE,0.0,64.9238087391737,64.9238087391737,0.0,HIGH,16.95064681906787,0.9722904761904761,61.99205931649831,HIGH,0,0
318_593,BASELINE,0.0,60.9834003860868,60.9834003860868,0.0,HIGH,16.95064681906787,0.9038558551018308,60.22701738438442,HIGH,0,0
320_406,BASELINE,0.0,67.12199123507894,67.12199123507894,0.0,HIGH,16.95064681906787,0.9989642857142857,69.3032890374556,HIGH,0,0
320_590,BASELINE,0.0,65.69111501523071,65.69111501523071,0.0,HIGH,16.95064681906787,0.9929029761904761,58.32824707706862,HIGH,0,0
321_1016,BASELINE,0.0,5.925836532152674,5.925836532152674,0.0,LOW,16.95064681906787,6.220240552665621e-05,6.737887828010377,LOW,0,0
323_558,BASELINE,0.0,66.70192418602282,66.70192418602282,0.0,HIGH,16.95064681906787,0.9872716265646498,71.53358107919419,HIGH,0,0
323_585,BASELINE,0.0,66.11581743132705,66.11581743132705,0.0,HIGH,16.95064681906787,0.9961333333333333,60.79857480946045,HIGH,0,0
324_579,BASELINE,0.0,65.872202597903,65.872202597903,0.0,HIGH,16.95064681906787,0.9897261904761906,61.88635504664837,HIGH,0,0
325_476,BASELINE,0.0,63.95098721663431,63.95098721663431,0.0,HIGH,16.95064681906787,0.9517067039631149,63.58491881615331,HIGH,0,0
328_603,BASELINE,0.0,61.4815530172499,61.4815530172499,0.0,HIGH,16.95064681906787,0.9131435193054438,60.10032838402828,HIGH,0,0
328_1011,BASELINE,0.0,6.3211398408764765,6.3211398408764765,0.0,LOW,16.95064681906787,0.007559893603217853,6.567190756518249,LOW,0,0
330_410,BASELINE,0.0,47.331506092483046,47.331506092483046,0.0,MODERATE,16.95064681906787,0.6611975117905353,57.170163269559325,MODERATE,0,0
330_497,BASELINE,0.0,65.81209598921082,65.81209598921082,0.0,HIGH,16.95064681906787,0.9918833333333332,60.098860388298235,HIGH,0,0
331_361,BASELINE,0.0,66.54158027334535,66.54158027334535,0.0,HIGH,16.95064681906787,0.9970557823129251,64.54885629086786,HIGH,0,0
331_600,BASELINE,0.0,61.9072726723613,61.9072726723613,0.0,HIGH,16.95064681906787,0.9120028266134597,64.98490591573342,HIGH,0,0
331_1374,BASELINE,0.0,12.112472958972798,12.112472958972798,0.0,LOW,16.95064681906787,0.04756046176046176,42.48020945099731,LOW,0,0
332_495,BASELINE,0.0,57.8164870235422,57.8164870235422,0.0,HIGH,16.95064681906787,0.8469123967083725,59.87678587534041,HIGH,0,0
332_535,BASELINE,0.0,61.96886445048133,61.96886445048133,0.0,HIGH,16.95064681906787,0.8859106060606062,79.95154500100318,HIGH,0,0
333_646,BASELINE,0.0,12.46905704135697,12.46905704135697,0.0,LOW,16.95064681906787,0.050401919370779646,44.4832485891642,LOW,0,0
334_359,BASELINE,0.0,65.85133286066868,65.85133286066868,0.0,HIGH,16.95064681906787,0.9868896222318715,63.237770208680764,HIGH,0,0
334_406,BASELINE,0.0,64.90149389883769,64.90149389883769,0.0,HIGH,16.95064681906787,0.9578325863678806,69.72075031556591,HIGH,0,0
334_536,BASELINE,0.0,66.27294330545512,66.27294330545512,0.0,HIGH,16.95064681906787,0.9778497831303066,72.4257861624059,HIGH,0,0
334_764,BASELINE,0.0,7.424386509996552,7.424386509996552,0.0,LOW,16.95064681906787,0.002155131698455949,20.572276495338045,LOW,0,0
335_896,BASELINE,0.0,6.44980569087835,6.44980569087835,0.0,LOW,16.95064681906787,0.0032932269365511875,10.200515923203648,LOW,0,0
336_399,BASELINE,0.0,59.92678502208151,59.92678502208151,0.0,HIGH,16.95064681906787,0.8654599343185548,70.77862017513333,HIGH,0,0
337_398,BASELINE,0.0,62.67397591288689,62.67397591288689,0.0,HIGH,16.95064681906787,0.9214503603308835,67.45579477640632,HIGH,0,0
337_820,BASELINE,0.0,6.502109790633364,6.502109790633364,0.0,LOW,16.95064681906787,0.0010622024055266562,11.950620412817287,LOW,0,0
338_294,BASELINE,0.0,45.397556681715564,45.397556681715564,0.0,MODERATE,16.95064681906787,0.616845311013591,62.22437958920389,MODERATE,0,0
338_466,BASELINE,0.0,62.8685641052965,62.8685641052965,0.0,HIGH,16.95064681906787,0.9398256235827664,59.29528191196677,HIGH,0,0
338_513,BASELINE,0.0,59.721747891520984,59.721747891520984,0.0,HIGH,16.95064681906787,0.8762137821988886,62.813632535344425,HIGH,0,0
338_924,BASELINE,0.0,6.178652759662868,6.178652759662868,0.0,LOW,16.95064681906787,0.0027995761429003927,7.76049454755677,LOW,0,0
338_1072,BASELINE,0.0,6.617138354885407,6.617138354885407,0.0,LOW,16.95064681906787,0.003913465031789283,11.532711610893264,LOW,0,0
338_1406,BASELINE,0.0,26.261019266070242,26.261019266070242,0.0,MODERATE,16.95064681906787,0.27796417748917757,57.243628871178075,MODERATE,0,0
338_1654,BASELINE,0.0,10.21229439035113,10.21229439035113,0.0,LOW,16.95064681906787,0.01424374308706734,41.80261903514755,LOW,0,0
339_465,BASELINE,0.0,64.51397981959167,64.51397981959167,0.0,HIGH,16.95064681906787,0.9652554252625682,61.763048131027496,HIGH,0,0
339_466,BASELINE,0.0,65.30770056325144,65.30770056325144,0.0,HIGH,16.95064681906787,0.9797985673057102,61.70152744389712,HIGH,0,0
339_467,BASELINE,0.0,65.94084626742675,65.94084626742675,0.0,HIGH,16.95064681906787,0.9925952380952381,60.994815551409786,HIGH,0,0
339_490,BASELINE,0.0,64.83823296050997,64.83823296050997,0.0,HIGH,16.95064681906787,0.976298446113785,58.93191807204116,HIGH,0,0
339_491,BASELINE,0.0,65.58047240187042,65.58047240187042,0.0,HIGH,16.95064681906787,0.9865330447330446,60.725283245052985,HIGH,0,0
340_465,BASELINE,0.0,62.88477001514941,62.88477001514941,0.0,HIGH,16.95064681906787,0.9350853397924822,62.06449709515203,HIGH,0,0
341_486,BASELINE,0.0,65.85663865116068,65.85663865116068,0.0,HIGH,16.95064681906787,0.992222619047619,60.35767986493963,HIGH,0,0
342_465,BASELINE,0.0,55.68934168144784,55.68934168144784,0.0,HIGH,16.95064681906787,0.812601313920041,57.47642798797929,HIGH,0,0
342_468,BASELINE,0.0,63.04080313544246,63.04080313544246,0.0,HIGH,16.95064681906787,0.9432338399189463,59.1431532285274,HIGH,0,0
343_359,BASELINE,0.0,61.68474473158835,61.68474473158835,0.0,HIGH,16.95064681906787,0.9144244439290868,61.42773698440907,HIGH,0,0
345_474,BASELINE,0.0,64.38644067686445,64.38644067686445,0.0,HIGH,16.95064681906787,0.9655630472701899,60.31846459956337,HIGH,0,0
346_836,BASELINE,0.0,6.2827926149829345,6.2827926149829345,0.0,LOW,16.95064681906787,0.0006884650317892824,9.963004211868535,LOW,0,0
348_1302,BASELINE,0.0,6.090295484483319,6.090295484483319,0.0,LOW,16.95064681906787,0.0005622024055266562,8.107477351316826,LOW,0,0
350_510,BASELINE,0.0,62.84486328216039,62.84486328216039,0.0,HIGH,16.95064681906787,0.9357853517276015,61.28042320094635,HIGH,0,0
350_606,BASELINE,0.0,67.21036757429431,67.21036757429431,0.0,HIGH,16.95064681906787,0.99317934662237,73.36876893016293,HIGH,0,0
351_413,BASELINE,0.0,66.21028699201253,66.21028699201253,0.0,HIGH,16.95064681906787,0.9899768398268397,65.12934184488675,HIGH,0,0
351_482,BASELINE,0.0,63.00500815794026,63.00500815794026,0.0,HIGH,16.95064681906787,0.9374376847902284,61.97308877430024,HIGH,0,0
351_510,BASELINE,0.0,64.65716762156741,64.65716762156741,0.0,HIGH,16.95064681906787,0.9705715324672299,60.27106718822098,HIGH,0,0
353_512,BASELINE,0.0,63.94711003460776,63.94711003460776,0.0,HIGH,16.95064681906787,0.953669416065114,62.46665533978813,HIGH,0,0
355_106,BASELINE,0.0,11.583463394658153,11.583463394658153,0.0,LOW,16.95064681906787,0.037802051204071103,42.55723961386572,LOW,0,0
355_852,BASELINE,0.0,6.2002390956854665,6.2002390956854665,0.0,LOW,16.95064681906787,0.001021798365122616,8.954135685560535,LOW,0,0
356_608,BASELINE,0.0,38.38331402452462,38.38331402452462,0.0,MODERATE,16.95064681906787,0.4653155844155846,75.42330264619795,MODERATE,0,0
358_530,BASELINE,0.0,62.93038230025377,62.93038230025377,0.0,HIGH,16.95064681906787,0.9262548853486126,67.37736989032398,HIGH,0,0
358_1363,BASELINE,0.0,7.959280283700194,7.959280283700194,0.0,LOW,16.95064681906787,0.004244284729981863,24.772180065035222,LOW,0,0
360_264,BASELINE,0.0,40.649582984999434,40.649582984999434,0.0,MODERATE,16.95064681906787,0.5113533686619894,72.76521091542342,MODERATE,0,0
360_519,BASELINE,0.0,60.30938047438483,60.30938047438483,0.0,HIGH,16.95064681906787,0.8926428142779206,59.65399072051532,HIGH,0,0
360_1070,BASELINE,0.0,9.510813721932255,9.510813721932255,0.0,LOW,16.95064681906787,0.022280312073636323,30.36769940834588,LOW,0,0
363_189,BASELINE,0.0,18.68780812986604,18.68780812986604,0.0,LOW,16.95064681906787,0.15742800214855154,47.80641394648033,LOW,0,0
363_966,BASELINE,0.0,5.926866065106696,5.926866065106696,0.0,LOW,16.95064681906787,0.002221798365122616,5.560405379772816,LOW,0,0
364_545,BASELINE,0.0,54.99025250024424,54.99025250024424,0.0,HIGH,16.95064681906787,0.7484782188399836,85.75323846997473,HIGH,0,0
367_468,BASELINE,0.0,13.736913474252532,13.736913474252532,0.0,LOW,16.95064681906787,0.06726950727867645,47.88463956877659,LOW,0,0
368_367,BASELINE,0.0,67.184374018872,67.184374018872,0.0,HIGH,16.95064681906787,0.9950622222222223,72.07325179602101,HIGH,0,0
368_829,BASELINE,0.0,6.0354547439609725,6.0354547439609725,0.0,LOW,16.95064681906787,6.220240552665621e-05,7.834069946093367,LOW,0,0
369_539,BASELINE,0.0,65.65089112618051,65.65089112618051,0.0,HIGH,16.95064681906787,0.9612759655377305,75.32086404557666,HIGH,0,0
370_476,BASELINE,0.0,18.42844657613509,18.42844657613509,0.0,LOW,16.95064681906787,0.157538771470018,45.15187528236431,LOW,0,0
372_119,BASELINE,0.0,11.167184870130278,11.167184870130278,0.0,LOW,16.95064681906787,0.03464437153214485,40.131178188146414,LOW,0,0
372_368,BASELINE,0.0,66.72504721668696,66.72504721668696,0.0,HIGH,16.95064681906787,0.9786853535353536,76.4872615519484,HIGH,0,0
373_448,BASELINE,0.0,59.91867318504811,59.91867318504811,0.0,HIGH,16.95064681906787,0.8864971058971062,59.12705743659603,HIGH,0,0
373_717,BASELINE,0.0,6.366230713630784,6.366230713630784,0.0,LOW,16.95064681906787,0.0026884650317892823,9.697385198347039,LOW,0,0
376_613,BASELINE,0.0,63.63506640344136,63.63506640344136,0.0,HIGH,16.95064681906787,0.9450858044733045,64.06720540361948,HIGH,0,0
376_614,BASELINE,0.0,65.69474996364858,65.69474996364858,0.0,HIGH,16.95064681906787,0.9832650030525031,63.66548178713233,HIGH,0,0
377_494,BASELINE,0.0,60.17438277489161,60.17438277489161,0.0,HIGH,16.95064681906787,0.8505763748183721,81.44055542833473,HIGH,0,0
377_504,BASELINE,0.0,63.70167031792782,63.70167031792782,0.0,HIGH,16.95064681906787,0.9399769094544529,67.54313680885248,HIGH,0,0
379_464,BASELINE,0.0,66.34708963394088,66.34708963394088,0.0,HIGH,16.95064681906787,0.9913277777777778,65.75435239115427,HIGH,0,0
381_395,BASELINE,0.0,63.80353629717883,63.80353629717883,0.0,HIGH,16.95064681906787,0.938739660024766,69.24228378769021,HIGH,0,0
381_468,BASELINE,0.0,66.70266779993278,66.70266779993278,0.0,HIGH,16.95064681906787,0.9963905982905983,66.52558276902202,HIGH,0,0
382_638,BASELINE,0.0,8.778026334809866,8.778026334809866,0.0,LOW,16.95064681906787,0.006472356542303785,31.734201079354875,LOW,0,0
383_922,BASELINE,0.0,5.83661469277281,5.83661469277281,0.0,LOW,16.95064681906787,2.1798365122615804e-05,5.867891656433961,LOW,0,0
384_469,BASELINE,0.0,63.801556960546115,63.801556960546115,0.0,HIGH,16.95064681906787,0.9475346335697401,64.3852549716275,HIGH,0,0
384_549,BASELINE,0.0,13.879482947143893,13.879482947143893,0.0,LOW,16.95064681906787,0.07452494531889713,45.319843375568816,LOW,0,0
384_1393,BASELINE,0.0,10.408897509870606,10.408897509870606,0.0,LOW,16.95064681906787,0.015066666666666667,43.31604226156268,LOW,0,0
386_469,BASELINE,0.0,66.52651111602793,66.52651111602793,0.0,HIGH,16.95064681906787,0.9940729933580997,66.03869864284768,HIGH,0,0
386_471,BASELINE,0.0,66.52226929737748,66.52226929737748,0.0,HIGH,16.95064681906787,0.9947126126126126,65.64448986636124,HIGH,0,0
386_685,BASELINE,0.0,7.1421347534740045,7.1421347534740045,0.0,LOW,16.95064681906787,0.003288465031789282,17.12642559677924,LOW,0,0
388_927,BASELINE,0.0,5.8778249250629315,5.8778249250629315,0.0,LOW,16.95064681906787,0.0012134650317892825,5.624577312668519,LOW,0,0
391_315,BASELINE,0.0,18.029604675597668,18.029604675597668,0.0,LOW,16.95064681906787,0.14040238095238092,50.588471061690484,LOW,0,0
391_522,BASELINE,0.0,65.03984272952695,65.03984272952695,0.0,HIGH,16.95064681906787,0.9644786172161176,67.4489216559282,HIGH,0,0
393_437,BASELINE,0.0,65.44977787606392,65.44977787606392,0.0,HIGH,16.95064681906787,0.9842256235827663,60.687419619640934,HIGH,0,0
394_671,BASELINE,0.0,10.433340635946795,10.433340635946795,0.0,LOW,16.95064681906787,0.035897076681577406,32.10374801412368,LOW,0,0
394_1262,BASELINE,0.0,6.456546324384298,6.456546324384298,0.0,LOW,16.95064681906787,0.00707656026988452,8.187088924929798,LOW,0,0
394_1503,BASELINE,0.0,11.665284487873848,11.665284487873848,0.0,LOW,16.95064681906787,0.028038888888888884,48.745189819372875,LOW,0,0
395_1491,BASELINE,0.0,7.5185202866690535,7.5185202866690535,0.0,LOW,16.95064681906787,6.220240552665621e-05,22.66472537317418,LOW,0,0
396_198,BASELINE,0.0,10.452758086661657,10.452758086661657,0.0,LOW,16.95064681906787,0.021693198502276172,40.11005551988798,LOW,0,0
396_1282,BASELINE,0.0,6.2830619615970615,6.2830619615970615,0.0,LOW,16.95064681906787,0.003055131698455949,8.664031011343138,LOW,0,0
396_1560,BASELINE,0.0,12.636478660248068,12.636478660248068,0.0,LOW,16.95064681906787,0.033227209620533875,55.60355514071035,LOW,0,0
397_969,BASELINE,0.0,5.887133953018529,5.887133953018529,0.0,LOW,16.95064681906787,0.0018134650317892826,5.387667592224489,LOW,0,0
398_366,BASELINE,0.0,66.02815592026506,66.02815592026506,0.0,HIGH,16.95064681906787,0.9696499815430049,74.48780318352125,HIGH,0,0
398_393,BASELINE,0.0,40.34469987731046,40.34469987731046,0.0,MODERATE,16.95064681906787,0.5222474451904688,63.72463774787005,MODERATE,0,0
398_514,BASELINE,0.0,65.04937602206068,65.04937602206068,0.0,HIGH,16.95064681906787,0.9746569902319903,61.94614942253551,HIGH,0,0
398_612,BASELINE,0.0,17.56145913995105,17.56145913995105,0.0,LOW,16.95064681906787,0.1291596808420338,52.090500765915195,LOW,0,0
398_636,BASELINE,0.0,20.12156985288499,20.12156985288499,0.0,LOW,16.95064681906787,0.1797190570299267,49.88395099191349,LOW,0,0
398_724,BASELINE,0.0,6.361382880329458,6.361382880329458,0.0,LOW,16.95064681906787,0.0027884650317892825,9.593906865333777,LOW,0,0
399_176,BASELINE,0.0,22.04358329881517,22.04358329881517,0.0,LOW,16.95064681906787,0.19781314404549685,59.152337592651726,LOW,0,0
399_549,BASELINE,0.0,62.14665720783886,62.14665720783886,0.0,HIGH,16.95064681906787,0.9145399267399273,65.98334620095174,HIGH,0,0
400_148,BASELINE,0.0,49.844901519758295,49.844901519758295,0.0,MODERATE,16.95064681906787,0.6996757908757913,61.141064045421004,MODERATE,0,0
404_506,BASELINE,0.0,55.87821490036844,55.87821490036844,0.0,HIGH,16.95064681906787,0.8026797389406083,64.82202641587314,HIGH,0,0
405_401,BASELINE,0.0,61.192463185989325,61.192463185989325,0.0,HIGH,16.95064681906787,0.8950329541259777,67.17024092012875,HIGH,0,0
406_394,BASELINE,0.0,50.145880898914214,50.145880898914214,0.0,HIGH,16.95064681906787,0.6975130686916433,65.3403550382616,HIGH,0,0
406_456,BASELINE,0.0,62.879050736568644,62.879050736568644,0.0,HIGH,16.95064681906787,0.9268661811887878,66.52784154137636,HIGH,0,0
406_513,BASELINE,0.0,65.44561202693187,65.44561202693187,0.0,HIGH,16.95064681906787,0.9804149350649355,62.74163981312753,HIGH,0,0
407_527,BASELINE,0.0,66.56944753243086,66.56944753243086,0.0,HIGH,16.95064681906787,0.989468253968254,69.00066947129224,HIGH,0,0
407_1330,BASELINE,0.0,6.156091117585996,6.156091117585996,0.0,LOW,16.95064681906787,6.220240552665621e-05,9.040433682343599,LOW,0,0
408_650,BASELINE,0.0,52.807136748712765,52.807136748712765,0.0,HIGH,16.95064681906787,0.7694379055230121,52.394253278994285,HIGH,0,0
409_488,BASELINE,0.0,66.27397387552223,66.27397387552223,0.0,HIGH,16.95064681906787,0.9823366337796573,69.96832400593411,HIGH,0,0
409_509,BASELINE,0.0,64.56124034404988,64.56124034404988,0.0,HIGH,16.95064681906787,0.9644715284715286,62.666796610681445,HIGH,0,0
409_663,BASELINE,0.0,61.423653358077495,61.423653358077495,0.0,HIGH,16.95064681906787,0.9178297313797311,56.94391515144609,HIGH,0,0
410_480,BASELINE,0.0,63.06300163652709,63.06300163652709,0.0,HIGH,16.95064681906787,0.9186420550038201,72.89061994269314,HIGH,0,0
410_491,BASELINE,0.0,63.29046688802161,63.29046688802161,0.0,HIGH,16.95064681906787,0.9351501438806678,66.08582357537215,HIGH,0,0
410_662,BASELINE,0.0,61.06487133358259,61.06487133358259,0.0,HIGH,16.95064681906787,0.9098061660561664,57.769055834457696,HIGH,0,0
410_712,BASELINE,0.0,6.592157606479277,6.592157606479277,0.0,LOW,16.95064681906787,0.0025217983651226157,12.048320793498632,LOW,0,0
411_386,BASELINE,0.0,63.17673648408282,63.17673648408282,0.0,HIGH,16.95064681906787,0.939573860817588,62.51547522067803,HIGH,0,0
412_399,BASELINE,0.0,63.47991666234378,63.47991666234378,0.0,HIGH,16.95064681906787,0.941414677757958,64.53482768608427,HIGH,0,0
412_530,BASELINE,0.0,44.95538848847508,44.95538848847508,0.0,MODERATE,16.95064681906787,0.6059922448352686,63.77188405487642,MODERATE,0,0
412_660,BASELINE,0.0,53.741057240607375,53.741057240607375,0.0,HIGH,16.95064681906787,0.7799751083404473,55.93799664835103,HIGH,0,0
413_231,BASELINE,0.0,12.258995392644657,12.258995392644657,0.0,LOW,16.95064681906787,0.03449648358328609,51.13062178516253,LOW,0,0
413_476,BASELINE,0.0,63.06240850825013,63.06240850825013,0.0,HIGH,16.95064681906787,0.90737091503268,79.08381564405057,HIGH,0,0
413_656,BASELINE,0.0,60.079461926098816,60.079461926098816,0.0,HIGH,16.95064681906787,0.8911963980463978,58.15033416499262,HIGH,0,0
413_847,BASELINE,0.0,5.921123134495321,5.921123134495321,0.0,LOW,16.95064681906787,6.220240552665621e-05,6.690753851436856,LOW,0,0
414_365,BASELINE,0.0,64.81382993854261,64.81382993854261,0.0,HIGH,16.95064681906787,0.9627665109567437,66.13045218874039,HIGH,0,0
414_425,BASELINE,0.0,65.8099714751447,65.8099714751447,0.0,HIGH,16.95064681906787,0.9853988095238096,63.64410334287501,HIGH,0,0
415_392,BASELINE,0.0,66.13181828277878,66.13181828277878,0.0,HIGH,16.95064681906787,0.9864543425644489,66.28202824686427,HIGH,0,0
416_384,BASELINE,0.0,64.29185608738246,64.29185608738246,0.0,HIGH,16.95064681906787,0.9596771250842677,62.60987590700064,HIGH,0,0
418_645,BASELINE,0.0,57.654339631881726,57.654339631881726,0.0,HIGH,16.95064681906787,0.8449511599511602,59.333992175202454,HIGH,0,0
419_394,BASELINE,0.0,65.55576596667262,65.55576596667262,0.0,HIGH,16.95064681906787,0.9764887605042016,66.0025752189387,HIGH,0,0
419_1157,BASELINE,0.0,6.359159726993741,6.359159726993741,0.0,LOW,16.95064681906787,0.003740052333376584,9.048302316103591,LOW,0,0
420_476,BASELINE,0.0,13.528102877015634,13.528102877015634,0.0,LOW,16.95064681906787,0.06222532125874672,48.570835907368945,LOW,0,0
422_365,BASELINE,0.0,65.82726438445302,65.82726438445302,0.0,HIGH,16.95064681906787,0.9797979974160207,66.89747909524213,HIGH,0,0
424_174,BASELINE,0.0,51.67278487264778,51.67278487264778,0.0,HIGH,16.95064681906787,0.7264452494411777,64.69669536335329,HIGH,0,0
424_402,BASELINE,0.0,65.10527272420656,65.10527272420656,0.0,HIGH,16.95064681906787,0.954893231453338,73.37518377225291,HIGH,0,0
425_362,BASELINE,0.0,61.437306589074694,61.437306589074694,0.0,HIGH,16.95064681906787,0.8973909003464239,68.32180452973715,HIGH,0,0
425_396,BASELINE,0.0,44.30755089864016,44.30755089864016,0.0,MODERATE,16.95064681906787,0.5739506882006883,74.91636430554635,MODERATE,0,0
425_431,BASELINE,0.0,62.609428365943586,62.609428365943586,0.0,HIGH,16.95064681906787,0.9297824899574902,62.227648012339486,HIGH,0,0
426_225,BASELINE,0.0,11.119168095979544,11.119168095979544,0.0,LOW,16.95064681906787,0.04041683641885632,36.476154758947764,LOW,0,0
426_461,BASELINE,0.0,65.86432830362023,65.86432830362023,0.0,HIGH,16.95064681906787,0.9787394159900492,67.85033807119846,HIGH,0,0
426_780,BASELINE,0.0,6.196806527160819,6.196806527160819,0.0,LOW,16.95064681906787,0.005621798365122615,6.38981000031405,LOW,0,0
427_810,BASELINE,0.0,6.0083589034534315,6.0083589034534315,0.0,LOW,16.95064681906787,0.0013955357388599895,6.82977820768462,LOW,0,0
427_1149,BASELINE,0.0,6.0863595201811345,6.0863595201811345,0.0,LOW,16.95064681906787,6.220240552665621e-05,8.343117708294985,LOW,0,0
428_451,BASELINE,0.0,65.91540179989273,65.91540179989273,0.0,HIGH,16.95064681906787,0.988978013993353,62.72984413210646,HIGH,0,0
428_454,BASELINE,0.0,62.923600332285545,62.923600332285545,0.0,HIGH,16.95064681906787,0.9358014942952212,62.058915290007064,HIGH,0,0
429_1090,BASELINE,0.0,6.843480995583744,6.843480995583744,0.0,LOW,16.95064681906787,2.1798365122615804e-05,15.936554684543305,LOW,0,0
430_437,BASELINE,0.0,58.636909898671234,58.636909898671234,0.0,HIGH,16.95064681906787,0.860498456944433,60.60868149679752,HIGH,0,0
431_493,BASELINE,0.0,64.92303143748713,64.92303143748713,0.0,HIGH,16.95064681906787,0.9674848458734008,64.62738297402406,HIGH,0,0
431_668,BASELINE,0.0,47.73483919406412,47.73483919406412,0.0,MODERATE,16.95064681906787,0.668795668545093,57.02450807036339,MODERATE,0,0
435_1590,BASELINE,0.0,17.470069220327844,17.470069220327844,0.0,LOW,16.95064681906787,0.11688333333333335,57.92859269946836,LOW,0,0
437_491,BASELINE,0.0,64.96457682407222,64.96457682407222,0.0,HIGH,16.95064681906787,0.9716939984399746,62.727802928259614,HIGH,0,0
441_401,BASELINE,0.0,47.39941537935989,47.39941537935989,0.0,MODERATE,16.95064681906787,0.6312118665648082,74.34136101247766,MODERATE,0,0
443_1108,BASELINE,0.0,6.1606229298699295,6.1606229298699295,0.0,LOW,16.95064681906787,2.1798365122615804e-05,9.107974027405161,LOW,0,0
445_369,BASELINE,0.0,65.42392297466469,65.42392297466469,0.0,HIGH,16.95064681906787,0.9793624999999999,63.10358857617031,HIGH,0,0
445_447,BASELINE,0.0,60.78806782249082,60.78806782249082,0.0,HIGH,16.95064681906787,0.9080366385092449,55.974260874346825,HIGH,0,0
446_347,BASELINE,0.0,58.993467255757935,58.993467255757935,0.0,HIGH,16.95064681906787,0.8587774170274173,65.12082702202319,HIGH,0,0
446_365,BASELINE,0.0,63.79909957003492,63.79909957003492,0.0,HIGH,16.95064681906787,0.9490832806672523,63.508925162883735,HIGH,0,0
447_1052,BASELINE,0.0,6.604077710594148,6.604077710594148,0.0,LOW,16.95064681906787,0.004105131698455949,11.296688501314014,LOW,0,0
448_373,BASELINE,0.0,63.84478886195705,63.84478886195705,0.0,HIGH,16.95064681906787,0.9487420409771478,64.15349991166244,HIGH,0,0
448_377,BASELINE,0.0,65.48944889583228,65.48944889583228,0.0,HIGH,16.95064681906787,0.9812937743966134,62.696646869708836,HIGH,0,0
448_400,BASELINE,0.0,65.91518237338138,65.91518237338138,0.0,HIGH,16.95064681906787,0.9637218614718618,76.6185337538131,HIGH,0,0
449_361,BASELINE,0.0,63.48730272779386,63.48730272779386,0.0,HIGH,16.95064681906787,0.9441066389222688,63.128109700214175,HIGH,0,0
449_400,BASELINE,0.0,65.52176510922948,65.52176510922948,0.0,HIGH,16.95064681906787,0.9575456709956714,76.08126587419875,HIGH,0,0
449_1054,BASELINE,0.0,6.513150277022856,6.513150277022856,0.0,LOW,16.95064681906787,0.0013955357388599895,11.877691943378867,LOW,0,0
450_489,BASELINE,0.0,56.924073728654975,56.924073728654975,0.0,HIGH,16.95064681906787,0.8378530943890174,55.93526920211348,HIGH,0,0
450_532,BASELINE,0.0,11.450669792076024,11.450669792076024,0.0,LOW,16.95064681906787,0.0313834960876899,44.75950890205408,LOW,0,0
450_1086,BASELINE,0.0,7.326674350466835,7.326674350466835,0.0,LOW,16.95064681906787,0.0006884650317892824,20.40182156670754,LOW,0,0
451_746,BASELINE,0.0,6.169695409587502,6.169695409587502,0.0,LOW,16.95064681906787,0.0024884650317892826,7.8420321579142165,LOW,0,0
452_484,BASELINE,0.0,64.16076587818752,64.16076587818752,0.0,HIGH,16.95064681906787,0.9657817515817516,57.94142924143515,HIGH,0,0
452_495,BASELINE,0.0,63.85894085706555,63.85894085706555,0.0,HIGH,16.95064681906787,0.9613717948717949,57.348655220691604,HIGH,0,0
452_529,BASELINE,0.0,9.844741829411573,9.844741829411573,0.0,LOW,16.95064681906787,0.01737145812565194,36.40685015453047,LOW,0,0
452_784,BASELINE,0.0,6.043294487498352,6.043294487498352,0.0,LOW,16.95064681906787,2.1798365122615804e-05,7.934689603689386,LOW,0,0
453_391,BASELINE,0.0,65.66176263705238,65.66176263705238,0.0,HIGH,16.95064681906787,0.9735053927984161,68.70339416091824,HIGH,0,0
453_400,BASELINE,0.0,61.83447040293779,61.83447040293779,0.0,HIGH,16.95064681906787,0.9000757730717377,70.81676266944548,HIGH,0,0
453_407,BASELINE,0.0,60.47598796645682,60.47598796645682,0.0,HIGH,16.95064681906787,0.882109595540119,67.113335947026,HIGH,0,0
453_408,BASELINE,0.0,65.97316125435115,65.97316125435115,0.0,HIGH,16.95064681906787,0.9719458874458877,72.67510827779662,HIGH,0,0
453_411,BASELINE,0.0,65.89285956772291,65.89285956772291,0.0,HIGH,16.95064681906787,0.9736316017316019,70.94494855437135,HIGH,0,0
453_1353,BASELINE,0.0,6.2179537362799655,6.2179537362799655,0.0,LOW,16.95064681906787,0.0026884650317892827,8.214615424838858,LOW,0,0
454_496,BASELINE,0.0,62.985825061731134,62.985825061731134,0.0,HIGH,16.95064681906787,0.9473367840492839,56.33675321972858,HIGH,0,0
455_445,BASELINE,0.0,63.04221623196602,63.04221623196602,0.0,HIGH,16.95064681906787,0.9407807944307947,60.50645921224641,HIGH,0,0
456_342,BASELINE,0.0,59.02154199236777,59.02154199236777,0.0,HIGH,16.95064681906787,0.8560244201397593,66.91572267633336,HIGH,0,0
457_503,BASELINE,0.0,15.627442823371181,15.627442823371181,0.0,LOW,16.95064681906787,0.11615972663314245,39.90031241500676,LOW,0,0
457_1000,BASELINE,0.0,5.905269642269886,5.905269642269886,0.0,LOW,16.95064681906787,2.1798365122615804e-05,6.554441151404723,LOW,0,0
458_197,BASELINE,0.0,17.525261459826485,17.525261459826485,0.0,LOW,16.95064681906787,0.126801781495004,53.02536860553595,LOW,0,0
458_494,BASELINE,0.0,63.47734064002202,63.47734064002202,0.0,HIGH,16.95064681906787,0.9505420283038281,59.489024662638144,HIGH,0,0
458_665,BASELINE,0.0,17.769675110775363,17.769675110775363,0.0,LOW,16.95064681906787,0.15541977769319357,39.72960720602047,LOW,0,0
459_415,BASELINE,0.0,64.40059760387982,64.40059760387982,0.0,HIGH,16.95064681906787,0.9454656561461798,71.51359898792252,HIGH,0,0
459_447,BASELINE,0.0,63.841158799330636,63.841158799330636,0.0,HIGH,16.95064681906787,0.955881673881674,60.19040118790889,HIGH,0,0
459_669,BASELINE,0.0,12.789158321163566,12.789158321163566,0.0,LOW,16.95064681906787,0.07602205917847804,33.593184492996045,LOW,0,0
459_1218,BASELINE,0.0,7.985725372313014,7.985725372313014,0.0,LOW,16.95064681906787,0.0025749119182361694,25.954785997623542,LOW,0,0
460_1285,BASELINE,0.0,6.249650151742651,6.249650151742651,0.0,LOW,16.95064681906787,6.220240552665621e-05,9.976024023910156,LOW,0,0
463_1201,BASELINE,0.0,8.841825052261697,8.841825052261697,0.0,LOW,16.95064681906787,0.010050369793694046,30.404280965608542,LOW,0,0
464_214,BASELINE,0.0,37.583370159168695,37.583370159168695,0.0,MODERATE,16.95064681906787,0.47765608370057394,60.63658938589456,MODERATE,0,0
464_647,BASELINE,0.0,53.864596586780536,53.864596586780536,0.0,HIGH,16.95064681906787,0.7796880634731701,57.331264787085104,HIGH,0,0
466_1167,BASELINE,0.0,6.429952545597802,6.429952545597802,0.0,LOW,16.95064681906787,0.0006884650317892824,11.434603518017212,LOW,0,0
467_337,BASELINE,0.0,60.588328106694476,60.588328106694476,0.0,HIGH,16.95064681906787,0.8523422159539809,84.60879612177864,HIGH,0,0
468_344,BASELINE,0.0,59.27560673650758,59.27560673650758,0.0,HIGH,16.95064681906787,0.8399647420067393,78.28919309089237,HIGH,0,0
468_413,BASELINE,0.0,57.15880289913939,57.15880289913939,0.0,HIGH,16.95064681906787,0.7883281169810583,85.52129848133514,HIGH,0,0
471_565,BASELINE,0.0,60.21210770426251,60.21210770426251,0.0,HIGH,16.95064681906787,0.8450619129236778,84.85075876412567,HIGH,0,0
472_104,BASELINE,0.0,12.795837667222749,12.795837667222749,0.0,LOW,16.95064681906787,0.07229730483852832,35.70859284056019,LOW,0,0
472_500,BASELINE,0.0,13.568881607935438,13.568881607935438,0.0,LOW,16.95064681906787,0.06069023199023198,49.822922314250086,LOW,0,0
472_543,BASELINE,0.0,64.9672559422227,64.9672559422227,0.0,HIGH,16.95064681906787,0.967843861351762,64.87216950828129,HIGH,0,0
472_912,BASELINE,0.0,7.204333029511546,7.204333029511546,0.0,LOW,16.95064681906787,0.017682411992609864,9.831737528703341,LOW,0,0
473_380,BASELINE,0.0,65.66856214975536,65.66856214975536,0.0,HIGH,16.95064681906787,0.9843313568538388,62.81710905746554,HIGH,0,0
473_381,BASELINE,0.0,66.03111521235226,66.03111521235226,0.0,HIGH,16.95064681906787,0.9914848603271097,62.508212773135675,HIGH,0,0
473_540,BASELINE,0.0,65.64896743815615,65.64896743815615,0.0,HIGH,16.95064681906787,0.9783780094380093,65.89550302017952,HIGH,0,0
474_421,BASELINE,0.0,53.10093529286837,53.10093529286837,0.0,HIGH,16.95064681906787,0.7476859344789579,67.29582279478012,HIGH,0,0
474_471,BASELINE,0.0,66.43883062919477,66.43883062919477,0.0,HIGH,16.95064681906787,0.9906702620553686,67.03339599101827,HIGH,0,0
475_374,BASELINE,0.0,65.08248543912043,65.08248543912043,0.0,HIGH,16.95064681906787,0.9773327664399093,60.80556667877761,HIGH,0,0
475_386,BASELINE,0.0,66.32470764996371,66.32470764996371,0.0,HIGH,16.95064681906787,0.9962795918367346,62.80703481895642,HIGH,0,0
475_1305,BASELINE,0.0,6.000216863331442,6.000216863331442,0.0,LOW,16.95064681906787,0.0006884650317892824,7.1372466953536104,LOW,0,0
476_163,BASELINE,0.0,11.205581625174641,11.205581625174641,0.0,LOW,16.95064681906787,0.030256493506493502,42.928478652698296,LOW,0,0
476_416,BASELINE,0.0,49.41516590694597,49.41516590694597,0.0,MODERATE,16.95064681906787,0.6688483793983796,73.79878422987434,MODERATE,0,0
476_474,BASELINE,0.0,66.67373500649985,66.67373500649985,0.0,HIGH,16.95064681906787,0.9922063492063492,68.53759183102979,HIGH,0,0
477_475,BASELINE,0.0,66.35908315176962,66.35908315176962,0.0,HIGH,16.95064681906787,0.9873301587301588,68.07297804563214,HIGH,0,0
477_561,BASELINE,0.0,61.49384987468532,61.49384987468532,0.0,HIGH,16.95064681906787,0.893690498196022,70.92245856856445,HIGH,0,0
477_1226,BASELINE,0.0,6.90551809732279,6.90551809732279,0.0,LOW,16.95064681906787,2.1798365122615804e-05,16.556925701933764,LOW,0,0
478_384,BASELINE,0.0,64.79883008376336,64.79883008376336,0.0,HIGH,16.95064681906787,0.9725665859925159,60.5904123712731,HIGH,0,0
478_565,BASELINE,0.0,66.68690529654329,66.68690529654329,0.0,HIGH,16.95064681906787,0.9820071428571431,74.27885822352745,HIGH,0,0
480_471,BASELINE,0.0,66.41545610138664,66.41545610138664,0.0,HIGH,16.95064681906787,0.9928498015873016,65.6009039703738,HIGH,0,0
480_517,BASELINE,0.0,63.35028003479955,63.35028003479955,0.0,HIGH,16.95064681906787,0.9484731547867096,59.35629904482853,HIGH,0,0
480_1139,BASELINE,0.0,5.946271312296109,5.946271312296109,0.0,LOW,16.95064681906787,2.1798365122615804e-05,6.96445785166696,LOW,0,0
482_479,BASELINE,0.0,62.22173393492172,62.22173393492172,0.0,HIGH,16.95064681906787,0.8974921922521921,76.11036744003489,HIGH,0,0
482_483,BASELINE,0.0,46.43746310134681,46.43746310134681,0.0,MODERATE,16.95064681906787,0.6246043493973732,68.35597267443619,MODERATE,0,0
483_365,BASELINE,0.0,66.48745716353827,66.48745716353827,0.0,HIGH,16.95064681906787,0.9962682823129252,64.44075019279705,HIGH,0,0
483_403,BASELINE,0.0,64.28029769850966,64.28029769850966,0.0,HIGH,16.95064681906787,0.9520106256332319,66.71086671634224,HIGH,0,0
484_334,BASELINE,0.0,59.10248159888198,59.10248159888198,0.0,HIGH,16.95064681906787,0.8618685036660038,64.51087280204104,HIGH,0,0
486_416,BASELINE,0.0,64.60113474835461,64.60113474835461,0.0,HIGH,16.95064681906787,0.9480674603174607,72.08797813846603,HIGH,0,0
488_406,BASELINE,0.0,65.60052834407063,65.60052834407063,0.0,HIGH,16.95064681906787,0.9777339285714289,65.76535655594348,HIGH,0,0
488_504,BASELINE,0.0,65.45015306699901,65.45015306699901,0.0,HIGH,16.95064681906787,0.978127152597553,64.04533057085919,HIGH,0,0
489_364,BASELINE,0.0,62.997869277095774,62.997869277095774,0.0,HIGH,16.95064681906787,0.9270922077922078,67.5917123147667,HIGH,0,0
489_371,BASELINE,0.0,64.3906277966164,64.3906277966164,0.0,HIGH,16.95064681906787,0.9583993369064797,64.3003764971234,HIGH,0,0
489_412,BASELINE,0.0,64.92556236488457,64.92556236488457,0.0,HIGH,16.95064681906787,0.963666700082039,66.75267243324751,HIGH,0,0
489_418,BASELINE,0.0,65.01988218840344,65.01988218840344,0.0,HIGH,16.95064681906787,0.967023592654116,65.8495797537939,HIGH,0,0
489_419,BASELINE,0.0,61.82799206472173,61.82799206472173,0.0,HIGH,16.95064681906787,0.9010617364117367,70.20969945028541,HIGH,0,0
489_470,BASELINE,0.0,65.04118980420152,65.04118980420152,0.0,HIGH,16.95064681906787,0.959012578810079,70.46871352599511,HIGH,0,0
491_371,BASELINE,0.0,66.43416518650751,66.43416518650751,0.0,HIGH,16.95064681906787,0.9966794871794873,63.68166774588051,HIGH,0,0
491_416,BASELINE,0.0,65.32973077180083,65.32973077180083,0.0,HIGH,16.95064681906787,0.970576676695464,66.99386936502627,HIGH,0,0
491_442,BASELINE,0.0,64.81288008392849,64.81288008392849,0.0,HIGH,16.95064681906787,0.9630881669686904,65.94404283602849,HIGH,0,0
491_456,BASELINE,0.0,64.95360000759905,64.95360000759905,0.0,HIGH,16.95064681906787,0.9658139160356443,65.8520800859095,HIGH,0,0
491_555,BASELINE,0.0,65.039351022006,65.039351022006,0.0,HIGH,16.95064681906787,0.9689166441517506,65.0030897661204,HIGH,0,0
491_1386,BASELINE,0.0,6.6834695626127285,6.6834695626127285,0.0,LOW,16.95064681906787,0.0018217983651226159,13.34644035483315,LOW,0,0
492_301,BASELINE,0.0,50.3021573922493,50.3021573922493,0.0,HIGH,16.95064681906787,0.7140058062002967,57.832114341853,HIGH,0,0
492_508,BASELINE,0.0,65.61997897555237,65.61997897555237,0.0,HIGH,16.95064681906787,0.9812729933581,64.01337723809193,HIGH,0,0
492_528,BASELINE,0.0,66.22633645984685,66.22633645984685,0.0,HIGH,16.95064681906787,0.9978095238095237,60.98186033275367,HIGH,0,0
492_909,BASELINE,0.0,7.349866347212909,7.349866347212909,0.0,LOW,16.95064681906787,0.016691162449314286,11.832257954529533,LOW,0,0
493_355,BASELINE,0.0,16.771951050828307,16.771951050828307,0.0,LOW,16.95064681906787,0.10117512095747389,59.58692781119572,LOW,0,0
493_441,BASELINE,0.0,61.054978262006834,61.054978262006834,0.0,HIGH,16.95064681906787,0.8892918618848854,68.95299241290466,HIGH,0,0
494_471,BASELINE,0.0,60.872242384628095,60.872242384628095,0.0,HIGH,16.95064681906787,0.8739502801120449,75.56350361417952,HIGH,0,0
494_508,BASELINE,0.0,65.1616902879372,65.1616902879372,0.0,HIGH,16.95064681906787,0.9747697608022358,63.00726826766566,HIGH,0,0
495_374,BASELINE,0.0,64.32358455547913,64.32358455547913,0.0,HIGH,16.95064681906787,0.9653256416202844,59.8204764931582,HIGH,0,0
495_395,BASELINE,0.0,66.09757266149762,66.09757266149762,0.0,HIGH,16.95064681906787,0.9960367346938777,60.669256362866776,HIGH,0,0
495_397,BASELINE,0.0,65.75027916138077,65.75027916138077,0.0,HIGH,16.95064681906787,0.991386475231118,59.75396406621619,HIGH,0,0
495_435,BASELINE,0.0,65.43202872730092,65.43202872730092,0.0,HIGH,16.95064681906787,0.9706817460317463,67.95906078507203,HIGH,0,0
495_450,BASELINE,0.0,64.90323126745798,64.90323126745798,0.0,HIGH,16.95064681906787,0.9635898282863,66.57164094663817,HIGH,0,0
495_461,BASELINE,0.0,66.63193561268906,66.63193561268906,0.0,HIGH,16.95064681906787,0.9974444444444444,65.23864551196958,HIGH,0,0
495_469,BASELINE,0.0,66.32075066149993,66.32075066149993,0.0,HIGH,16.95064681906787,0.9777906090808416,72.93640545005977,HIGH,0,0
495_1418,BASELINE,0.0,6.876925372083564,6.876925372083564,0.0,LOW,16.95064681906787,2.1798365122615804e-05,16.2709984495415,LOW,0,0
496_376,BASELINE,0.0,65.58885456846235,65.58885456846235,0.0,HIGH,16.95064681906787,0.9839113875964941,62.251016336075104,HIGH,0,0
496_463,BASELINE,0.0,66.32421718029035,66.32421718029035,0.0,HIGH,16.95064681906787,0.9868125112312983,68.0090244552126,HIGH,0,0
496_465,BASELINE,0.0,66.84238101544553,66.84238101544553,0.0,HIGH,16.95064681906787,0.9934241269841271,69.55427414270864,HIGH,0,0
496_1659,BASELINE,0.0,11.925493434314356,11.925493434314356,0.0,LOW,16.95064681906787,0.03570352449482885,47.131729700511,LOW,0,0
497_464,BASELINE,0.0,64.8257095993032,64.8257095993032,0.0,HIGH,16.95064681906787,0.9593900725588599,68.1062899151823,HIGH,0,0
497_527,BASELINE,0.0,64.57511001041377,64.57511001041377,0.0,HIGH,16.95064681906787,0.9663494243345306,61.772650549669095,HIGH,0,0
497_916,BASELINE,0.0,6.523073267050033,6.523073267050033,0.0,LOW,16.95064681906787,0.0024384650317892825,11.403310732539529,LOW,0,0
499_373,BASELINE,0.0,62.583504365889944,62.583504365889944,0.0,HIGH,16.95064681906787,0.9346277203223629,59.303531311123194,HIGH,0,0
499_1383,BASELINE,0.0,7.0661854814035365,7.0661854814035365,0.0,LOW,16.95064681906787,2.1798365122615804e-05,18.163599542741235,LOW,0,0
500_338,BASELINE,0.0,66.27499899648949,66.27499899648949,0.0,HIGH,16.95064681906787,0.9874196969696969,67.18289046108484,HIGH,0,0
500_339,BASELINE,0.0,65.75430481196577,65.75430481196577,0.0,HIGH,16.95064681906787,0.9787393536695861,66.75013743090858,HIGH,0,0
500_427,BASELINE,0.0,65.03875745838266,65.03875745838266,0.0,HIGH,16.95064681906787,0.9718918466223702,63.36079277104627,HIGH,0,0
500_508,BASELINE,0.0,65.73686839629829,65.73686839629829,0.0,HIGH,16.95064681906787,0.980224396089735,65.75899994315205,HIGH,0,0
501_470,BASELINE,0.0,66.55571136753565,66.55571136753565,0.0,HIGH,16.95064681906787,0.9888028205128208,69.2292962228284,HIGH,0,0
501_529,BASELINE,0.0,65.61465129717347,65.61465129717347,0.0,HIGH,16.95064681906787,0.98093444746468,64.14630069568406,HIGH,0,0
501_531,BASELINE,0.0,65.11999054779601,65.11999054779601,0.0,HIGH,16.95064681906787,0.9817434523809525,58.75474049795937,HIGH,0,0
503_461,BASELINE,0.0,66.30502680128457,66.30502680128457,0.0,HIGH,16.95064681906787,0.9899611111111113,66.0853907312577,HIGH,0,0
505_335,BASELINE,0.0,61.97403082910676,61.97403082910676,0.0,HIGH,16.95064681906787,0.9127878081729146,65.22074762548789,HIGH,0,0
505_338,BASELINE,0.0,58.30195468308794,58.30195468308794,0.0,HIGH,16.95064681906787,0.8442871290738796,66.17535966976891,HIGH,0,0
505_410,BASELINE,0.0,54.89418820499015,54.89418820499015,0.0,HIGH,16.95064681906787,0.7915765021709925,61.08853968537894,HIGH,0,0
505_647,BASELINE,0.0,6.885961149749889,6.885961149749889,0.0,LOW,16.95064681906787,0.0015622024055266563,15.51413400398253,LOW,0,0
506_339,BASELINE,0.0,65.02358802313364,65.02358802313364,0.0,HIGH,16.95064681906787,0.9609193362193363,69.24397914022471,HIGH,0,0
506_378,BASELINE,0.0,66.19602040998095,66.19602040998095,0.0,HIGH,16.95064681906787,0.9953367346938775,62.03873384770009,HIGH,0,0
506_420,BASELINE,0.0,62.34425383344644,62.34425383344644,0.0,HIGH,16.95064681906787,0.9216906533711768,64.0264128098405,HIGH,0,0
506_422,BASELINE,0.0,65.51141541783775,65.51141541783775,0.0,HIGH,16.95064681906787,0.9753880767811001,66.16444577829587,HIGH,0,0
506_464,BASELINE,0.0,64.84303961437085,64.84303961437085,0.0,HIGH,16.95064681906787,0.9651863850749398,65.09161818201495,HIGH,0,0
507_422,BASELINE,0.0,63.5283377249347,63.5283377249347,0.0,HIGH,16.95064681906787,0.9434850645155877,63.880325595297194,HIGH,0,0
508_338,BASELINE,0.0,62.35899233831354,62.35899233831354,0.0,HIGH,16.95064681906787,0.9208585132890368,64.63147490368843,HIGH,0,0
508_340,BASELINE,0.0,64.04540623399033,64.04540623399033,0.0,HIGH,16.95064681906787,0.9479601005906241,66.58974084458332,HIGH,0,0
508_349,BASELINE,0.0,64.96671746112989,64.96671746112989,0.0,HIGH,16.95064681906787,0.9561103896103897,71.32019415510776,HIGH,0,0
508_1254,BASELINE,0.0,6.861699774347773,6.861699774347773,0.0,LOW,16.95064681906787,2.1798365122615804e-05,16.118742472183598,LOW,0,0
509_340,BASELINE,0.0,63.44389796060814,63.44389796060814,0.0,HIGH,16.95064681906787,0.9367069259874494,66.76390414250763,HIGH,0,0
509_374,BASELINE,0.0,65.59748059102486,65.59748059102486,0.0,HIGH,16.95064681906787,0.9851379251700682,61.66268089623442,HIGH,0,0
509_731,BASELINE,0.0,6.153868927268047,6.153868927268047,0.0,LOW,16.95064681906787,6.220240552665621e-05,9.018211779164112,LOW,0,0
510_407,BASELINE,0.0,54.363993539744975,54.363993539744975,0.0,HIGH,16.95064681906787,0.7828883458828362,60.56507899141316,HIGH,0,0
512_326,BASELINE,0.0,50.120994646011134,50.120994646011134,0.0,HIGH,16.95064681906787,0.7061318650793652,60.351154495983714,HIGH,0,0
512_511,BASELINE,0.0,51.41886228204302,51.41886228204302,0.0,HIGH,16.95064681906787,0.7091497128461843,71.67001458455216,HIGH,0,0
515_405,BASELINE,0.0,66.2845602200544,66.2845602200544,0.0,HIGH,16.95064681906787,0.9953333333333334,62.926002696733875,HIGH,0,0
516_395,BASELINE,0.0,66.27344315435258,66.27344315435258,0.0,HIGH,16.95064681906787,0.999,60.79816537304906,HIGH,0,0
517_370,BASELINE,0.0,63.24316958548155,63.24316958548155,0.0,HIGH,16.95064681906787,0.9418056941563274,61.952297898358644,HIGH,0,0
517_406,BASELINE,0.0,66.40535503319711,66.40535503319711,0.0,HIGH,16.95064681906787,0.9983461538461538,62.47689954610976,HIGH,0,0
518_325,BASELINE,0.0,41.22487871609334,41.22487871609334,0.0,MODERATE,16.95064681906787,0.5426971500721501,61.279088450774125,MODERATE,0,0
518_538,BASELINE,0.0,65.67067868888783,65.67067868888783,0.0,HIGH,16.95064681906787,0.9777140873015873,66.4777727025286,HIGH,0,0
519_403,BASELINE,0.0,64.01920901876511,64.01920901876511,0.0,HIGH,16.95064681906787,0.9559086987109479,61.95603972615296,HIGH,0,0
520_446,BASELINE,0.0,22.82278660468093,22.82278660468093,0.0,LOW,16.95064681906787,0.22325579975579984,52.95091001064268,LOW,0,0
520_574,BASELINE,0.0,61.090486731997466,61.090486731997466,0.0,HIGH,16.95064681906787,0.8917697482634758,67.94523960458628,HIGH,0,0
521_323,BASELINE,0.0,53.211561591288564,53.211561591288564,0.0,HIGH,16.95064681906787,0.7557944836116264,63.9423837560144,HIGH,0,0
521_410,BASELINE,0.0,64.88496298130423,64.88496298130423,0.0,HIGH,16.95064681906787,0.9689688539245485,63.43049398406394,HIGH,0,0
521_571,BASELINE,0.0,64.32203146902525,64.32203146902525,0.0,HIGH,16.95064681906787,0.944052356902357,71.50525222347956,HIGH,0,0
521_736,BASELINE,0.0,6.498860719355072,6.498860719355072,0.0,LOW,16.95064681906787,0.004832909476233727,9.844240811145474,LOW,0,0
522_511,BASELINE,0.0,66.26449559807236,66.26449559807236,0.0,HIGH,16.95064681906787,0.9881912513842748,66.65350154889566,HIGH,0,0
522_558,BASELINE,0.0,63.901438864784296,63.901438864784296,0.0,HIGH,16.95064681906787,0.9206399626517275,80.17614301891608,HIGH,0,0
523_1106,BASELINE,0.0,6.3425413607310315,6.3425413607310315,0.0,LOW,16.95064681906787,6.220240552665621e-05,10.904936113793957,LOW,0,0
524_401,BASELINE,0.0,66.19112773968243,66.19112773968243,0.0,HIGH,16.95064681906787,0.9909636577708005,64.39499945240738,HIGH,0,0
524_1025,BASELINE,0.0,6.1978543433242415,6.1978543433242415,0.0,LOW,16.95064681906787,2.1798365122615804e-05,9.480288161948282,LOW,0,0
526_513,BASELINE,0.0,65.89884783576333,65.89884783576333,0.0,HIGH,16.95064681906787,0.9843047619047619,65.13459313953763,HIGH,0,0
527_361,BASELINE,0.0,26.766958280576713,26.766958280576713,0.0,MODERATE,16.95064681906787,0.2856982905415129,58.04925683745829,MODERATE,0,0
527_403,BASELINE,0.0,66.26527346547445,66.26527346547445,0.0,HIGH,16.95064681906787,0.9957863095238094,62.48399824617269,HIGH,0,0
527_479,BASELINE,0.0,47.35090991845152,47.35090991845152,0.0,MODERATE,16.95064681906787,0.6253707374325019,77.06892742616249,MODERATE,0,0
527_1427,BASELINE,0.0,10.144894313726034,10.144894313726034,0.0,LOW,16.95064681906787,0.02151587301587302,37.128946808053485,LOW,0,0
531_260,BASELINE,0.0,24.02462442758949,24.02462442758949,0.0,LOW,16.95064681906787,0.24073702571937877,55.35461395975987,LOW,0,0
531_402,BASELINE,0.0,66.71125912291559,66.71125912291559,0.0,HIGH,16.95064681906787,0.995665306122449,67.01040669133221,HIGH,0,0
533_95,BASELINE,0.0,7.851236761490714,7.851236761490714,0.0,LOW,16.95064681906787,0.016392064372680624,17.010466039456094,LOW,0,0
533_421,BASELINE,0.0,65.89272648561882,65.89272648561882,0.0,HIGH,16.95064681906787,0.9886202844774273,62.69984222312651,HIGH,0,0
533_516,BASELINE,0.0,65.04863466329888,65.04863466329888,0.0,HIGH,16.95064681906787,0.9691196087202419,64.98429566637908,HIGH,0,0
533_525,BASELINE,0.0,65.22240261624609,65.22240261624609,0.0,HIGH,16.95064681906787,0.9812802328623758,60.03363191767739,HIGH,0,0
533_527,BASELINE,0.0,66.17814412597917,66.17814412597917,0.0,HIGH,16.95064681906787,0.9956333333333335,61.696841755981694,HIGH,0,0
534_423,BASELINE,0.0,49.2244403337074,49.2244403337074,0.0,MODERATE,16.95064681906787,0.6969173944483862,56.45357021998487,MODERATE,0,0
535_207,BASELINE,0.0,9.988463600405144,9.988463600405144,0.0,LOW,16.95064681906787,0.03133903872762534,30.161898533380793,LOW,0,0
535_399,BASELINE,0.0,65.34844132321209,65.34844132321209,0.0,HIGH,16.95064681906787,0.9615661531279178,72.13676284128931,HIGH,0,0
535_562,BASELINE,0.0,65.7732465659451,65.7732465659451,0.0,HIGH,16.95064681906787,0.978956188806822,66.82029564522225,HIGH,0,0
535_1002,BASELINE,0.0,6.193520744775797,6.193520744775797,0.0,LOW,16.95064681906787,2.1798365122615804e-05,9.436952176463832,LOW,0,0
535_1337,BASELINE,0.0,6.931539946734686,6.931539946734686,0.0,LOW,16.95064681906787,2.1798365122615804e-05,16.81714419605273,LOW,0,0
536_487,BASELINE,0.0,65.67573984330343,65.67573984330343,0.0,HIGH,16.95064681906787,0.9633488936988939,74.42924072816598,HIGH,0,0
536_1256,BASELINE,0.0,7.849234291913627,7.849234291913627,0.0,LOW,16.95064681906787,0.006702750746074996,22.319563838318327,LOW,0,0
538_333,BASELINE,0.0,65.13470911129592,65.13470911129592,0.0,HIGH,16.95064681906787,0.9740619047619049,63.12677732343476,HIGH,0,0
538_344,BASELINE,0.0,59.55861508299319,59.55861508299319,0.0,HIGH,16.95064681906787,0.8790947828034034,59.59775411758336,HIGH,0,0
539_87,BASELINE,0.0,7.7119043271267795,7.7119043271267795,0.0,LOW,16.95064681906787,0.012765310196269697,17.611856492842765,LOW,0,0
539_536,BASELINE,0.0,65.10819082552936,65.10819082552936,0.0,HIGH,16.95064681906787,0.977144662429769,61.16607774844397,HIGH,0,0
539_999,BASELINE,0.0,6.326443536058551,6.326443536058551,0.0,LOW,16.95064681906787,0.001421798365122616,9.99618008929137,LOW,0,0
540_318,BASELINE,0.0,63.70614594728472,63.70614594728472,0.0,HIGH,16.95064681906787,0.9304626799557034,72.82071932673368,HIGH,0,0
540_410,BASELINE,0.0,65.79533799545548,65.79533799545548,0.0,HIGH,16.95064681906787,0.9793034920634922,66.85019314915746,HIGH,0,0
540_1507,BASELINE,0.0,6.273522068116106,6.273522068116106,0.0,LOW,16.95064681906787,6.220240552665621e-05,10.214743187644707,LOW,0,0
542_393,BASELINE,0.0,63.073424983496686,63.073424983496686,0.0,HIGH,16.95064681906787,0.91598110484287,74.45837600091176,HIGH,0,0
542_1302,BASELINE,0.0,7.691567530713849,7.691567530713849,0.0,LOW,16.95064681906787,0.002348721442045693,23.137612343536652,LOW,0,0
542_1519,BASELINE,0.0,6.352863687315461,6.352863687315461,0.0,LOW,16.95064681906787,2.1798365122615804e-05,11.030381601860473,LOW,0,0
544_1333,BASELINE,0.0,7.926354528615283,7.926354528615283,0.0,LOW,16.95064681906787,0.004090784934109185,24.52734740191608,LOW,0,0
545_453,BASELINE,0.0,66.1667264321286,66.1667264321286,0.0,HIGH,16.95064681906787,0.9957666666666668,61.50933148414256,HIGH,0,0
546_369,BASELINE,0.0,51.1943023329866,51.1943023329866,0.0,HIGH,16.95064681906787,0.7174367715617714,64.86653280041502,HIGH,0,0
546_455,BASELINE,0.0,66.37847649954784,66.37847649954784,0.0,HIGH,16.95064681906787,0.9987727272727273,61.97349882500178,HIGH,0,0
547_369,BASELINE,0.0,65.08862971234974,65.08862971234974,0.0,HIGH,16.95064681906787,0.9768973595848596,61.10648318134787,HIGH,0,0
547_397,BASELINE,0.0,64.43160175035187,64.43160175035187,0.0,HIGH,16.95064681906787,0.9466581308198958,71.16777938209931,HIGH,0,0
548_402,BASELINE,0.0,65.33868302437962,65.33868302437962,0.0,HIGH,16.95064681906787,0.9689189309056957,67.99515207518685,HIGH,0,0
548_409,BASELINE,0.0,66.51684230730051,66.51684230730051,0.0,HIGH,16.95064681906787,0.9950749999999999,65.39090690252837,HIGH,0,0
548_1170,BASELINE,0.0,7.120444191923454,7.120444191923454,0.0,LOW,16.95064681906787,0.0013551316984559492,17.972853314607068,LOW,0,0
549_320,BASELINE,0.0,63.477263588889386,63.477263588889386,0.0,HIGH,16.95064681906787,0.9317069259874492,69.84756042531995,HIGH,0,0
549_343,BASELINE,0.0,63.60856105761653,63.60856105761653,0.0,HIGH,16.95064681906787,0.9493563687789749,61.45334157725229,HIGH,0,0
549_364,BASELINE,0.0,60.43254368150963,60.43254368150963,0.0,HIGH,16.95064681906787,0.8931956626706635,60.58155617575463,HIGH,0,0
549_640,BASELINE,0.0,9.9981940011621,9.9981940011621,0.0,LOW,16.95064681906787,0.025041476958043648,33.72286151422029,LOW,0,0
550_455,BASELINE,0.0,62.42534668677853,62.42534668677853,0.0,HIGH,16.95064681906787,0.9304028022012494,60.0456594866214,HIGH,0,0
551_319,BASELINE,0.0,51.33426248188449,51.33426248188449,0.0,HIGH,16.95064681906787,0.7121449490754723,69.17663665685842,HIGH,0,0
551_633,BASELINE,0.0,64.71590247005761,64.71590247005761,0.0,HIGH,16.95064681906787,0.9729055934672367,59.574682123119175,HIGH,0,0
552_593,BASELINE,0.0,65.85009318444396,65.85009318444396,0.0,HIGH,16.95064681906787,0.9872401891252954,63.032561655050486,HIGH,0,0
553_61,BASELINE,0.0,8.444081698114637,8.444081698114637,0.0,LOW,16.95064681906787,0.002399662800187518,30.63473627056653,LOW,0,0
554_344,BASELINE,0.0,64.84826647094081,64.84826647094081,0.0,HIGH,16.95064681906787,0.9671465383316447,64.06580245652694,HIGH,0,0
556_419,BASELINE,0.0,62.51086956283919,62.51086956283919,0.0,HIGH,16.95064681906787,0.929896492322903,61.17935868031862,HIGH,0,0
558_636,BASELINE,0.0,64.88660422857569,64.88660422857569,0.0,HIGH,16.95064681906787,0.9754558870303115,59.87903824860879,HIGH,0,0
558_1664,BASELINE,0.0,7.813120602807066,7.813120602807066,0.0,LOW,16.95064681906787,0.009314655507979759,20.521879328205095,LOW,0,0
559_21,BASELINE,0.0,12.111830320477033,12.111830320477033,0.0,LOW,16.95064681906787,0.039040476190476195,47.15977512953173,LOW,0,0
559_258,BASELINE,0.0,12.440371596077366,12.440371596077366,0.0,LOW,16.95064681906787,0.051910413299192666,43.366722475740985,LOW,0,0
559_826,BASELINE,0.0,18.306788803366086,18.306788803366086,0.0,LOW,16.95064681906787,0.1507498214089907,47.66922008823924,LOW,0,0
561_186,BASELINE,0.0,17.173618999556766,17.173618999556766,0.0,LOW,16.95064681906787,0.13916082005369934,42.711472795556304,LOW,0,0
562_330,BASELINE,0.0,57.28906374574369,57.28906374574369,0.0,HIGH,16.95064681906787,0.7947068624186271,83.31559695671532,HIGH,0,0
562_407,BASELINE,0.0,64.5954159010568,64.5954159010568,0.0,HIGH,16.95064681906787,0.9665256235827665,61.87879986956977,HIGH,0,0
562_504,BASELINE,0.0,58.86693390809948,58.86693390809948,0.0,HIGH,16.95064681906787,0.8606751381048874,62.81174695283013,HIGH,0,0
563_339,BASELINE,0.0,64.73857690183374,64.73857690183374,0.0,HIGH,16.95064681906787,0.9557217505870894,69.25254002496145,HIGH,0,0
564_748,BASELINE,0.0,7.834593947367891,7.834593947367891,0.0,LOW,16.95064681906787,0.013407353161203728,18.485629064540156,LOW,0,0
566_408,BASELINE,0.0,64.09895819248258,64.09895819248258,0.0,HIGH,16.95064681906787,0.9603194099045167,60.32764030686497,HIGH,0,0
566_414,BASELINE,0.0,65.34630473222624,65.34630473222624,0.0,HIGH,16.95064681906787,0.9815152691056083,61.14338314370114,HIGH,0,0
566_970,BASELINE,0.0,7.569382069614409,7.569382069614409,0.0,LOW,16.95064681906787,0.009629999015696148,17.91105506703451,LOW,0,0
568_890,BASELINE,0.0,8.681121215435631,8.681121215435631,0.0,LOW,16.95064681906787,0.014805059548383799,26.18216323226853,LOW,0,0
570_402,BASELINE,0.0,65.48955359177678,65.48955359177678,0.0,HIGH,16.95064681906787,0.983587031217264,61.43640257779589,HIGH,0,0
577_896,BASELINE,0.0,7.7026514310118515,7.7026514310118515,0.0,LOW,16.95064681906787,0.008362202405526657,19.941036816602153,LOW,0,0
583_493,BASELINE,0.0,65.62943289925457,65.62943289925457,0.0,HIGH,16.95064681906787,0.9753179570429571,67.38318644844253,HIGH,0,0
587_470,BASELINE,0.0,24.359126589481043,24.359126589481043,0.0,LOW,16.95064681906787,0.2291925548925549,65.04909453342849,LOW,0,0
587_492,BASELINE,0.0,43.25198064395846,43.25198064395846,0.0,MODERATE,16.95064681906787,0.573838486322107,64.42237279194902,MODERATE,0,0
588_407,BASELINE,0.0,65.57005729155667,65.57005729155667,0.0,HIGH,16.95064681906787,0.9829015647866712,62.61844611242084,HIGH,0,0
589_492,BASELINE,0.0,66.37237431819848,66.37237431819848,0.0,HIGH,16.95064681906787,0.9844045565545566,69.814970906502,HIGH,0,0
589_493,BASELINE,0.0,65.50539892899114,65.50539892899114,0.0,HIGH,16.95064681906787,0.9751315476190477,66.24537192895845,HIGH,0,0
589_500,BASELINE,0.0,21.868152517605182,21.868152517605182,0.0,LOW,16.95064681906787,0.20252674155909445,54.80555114807319,LOW,0,0
590_414,BASELINE,0.0,64.9403332436665,64.9403332436665,0.0,HIGH,16.95064681906787,0.9716615079365081,62.50323690110885,HIGH,0,0
590_952,BASELINE,0.0,9.226253335924538,9.226253335924538,0.0,LOW,16.95064681906787,0.03100747544370861,22.72215569472895,LOW,0,0
590_1117,BASELINE,0.0,6.9229339417450815,6.9229339417450815,0.0,LOW,16.95064681906787,0.003321798365122616,14.91608414615668,LOW,0,0
592_410,BASELINE,0.0,64.9125894035752,64.9125894035752,0.0,HIGH,16.95064681906787,0.9673425547996979,64.6012227254414,HIGH,0,0
592_748,BASELINE,0.0,11.075102673235799,11.075102673235799,0.0,LOW,16.95064681906787,0.03791186391032465,37.413235411202734,LOW,0,0
593_445,BASELINE,0.0,63.467639436538946,63.467639436538946,0.0,HIGH,16.95064681906787,0.9393874654600718,65.52702219187323,HIGH,0,0
593_593,BASELINE,0.0,65.45579910372986,65.45579910372986,0.0,HIGH,16.95064681906787,0.9732230492883883,66.79904775820827,HIGH,0,0
593_607,BASELINE,0.0,47.96492341989102,47.96492341989102,0.0,MODERATE,16.95064681906787,0.6401917261337231,75.05751865488574,MODERATE,0,0
594_452,BASELINE,0.0,12.368985607075881,12.368985607075881,0.0,LOW,16.95064681906787,0.04491316786518777,46.50134757442883,LOW,0,0
594_475,BASELINE,0.0,52.21753017304446,52.21753017304446,0.0,HIGH,16.95064681906787,0.7161852207967834,75.78716412173696,HIGH,0,0
594_1271,BASELINE,0.0,6.987521053288443,6.987521053288443,0.0,LOW,16.95064681906787,2.1798365122615804e-05,17.376955261590297,LOW,0,0
595_402,BASELINE,0.0,65.99627181289674,65.99627181289674,0.0,HIGH,16.95064681906787,0.993071511028654,61.28712089273092,HIGH,0,0
595_406,BASELINE,0.0,65.23761410231165,65.23761410231165,0.0,HIGH,16.95064681906787,0.9789338821063641,61.476239694139544,HIGH,0,0
596_477,BASELINE,0.0,61.350341789742195,61.350341789742195,0.0,HIGH,16.95064681906787,0.8731157923775572,80.8034659192888,HIGH,0,0
596_480,BASELINE,0.0,54.910246880076095,54.910246880076095,0.0,HIGH,16.95064681906787,0.7504183600713019,83.88610459106819,HIGH,0,0
596_820,BASELINE,0.0,65.0557529939961,65.0557529939961,0.0,HIGH,16.95064681906787,0.9655960317460319,66.99344630916671,HIGH,0,0
597_398,BASELINE,0.0,64.7284288000504,64.7284288000504,0.0,HIGH,16.95064681906787,0.9771214569160994,57.381220526172584,HIGH,0,0
597_790,BASELINE,0.0,10.509165820996072,10.509165820996072,0.0,LOW,16.95064681906787,0.026345258278249007,38.11549998644706,LOW,0,0
597_841,BASELINE,0.0,14.406727207894267,14.406727207894267,0.0,LOW,16.95064681906787,0.07560748959481844,49.996886631315824,LOW,0,0
598_397,BASELINE,0.0,63.97646871225355,63.97646871225355,0.0,HIGH,16.95064681906787,0.9623926784481911,57.96244780555367,HIGH,0,0
600_410,BASELINE,0.0,25.20404878107122,25.20404878107122,0.0,MODERATE,16.95064681906787,0.2910662069585807,39.467807813016094,MODERATE,0,0
600_634,BASELINE,0.0,38.699682555619034,38.699682555619034,0.0,MODERATE,16.95064681906787,0.4843695108531317,68.10732841649114,MODERATE,0,0
601_1438,BASELINE,0.0,6.612522573925446,6.612522573925446,0.0,LOW,16.95064681906787,6.220240552665621e-05,13.604748245738103,LOW,0,0
601_1652,BASELINE,0.0,8.966047501276794,8.966047501276794,0.0,LOW,16.95064681906787,0.0023201826292603045,35.89810839619807,LOW,0,0
603_1213,BASELINE,0.0,10.084269156266291,10.084269156266291,0.0,LOW,16.95064681906787,0.023109821453145704,35.646023592956084,LOW,0,0
604_398,BASELINE,0.0,64.5409498343165,64.5409498343165,0.0,HIGH,16.95064681906787,0.9739877525252522,57.22996828379975,HIGH,0,0
604_436,BASELINE,0.0,57.14626783984355,57.14626783984355,0.0,HIGH,16.95064681906787,0.7909692640692646,83.94331698986326,HIGH,0,0
604_485,BASELINE,0.0,59.88963038538669,59.88963038538669,0.0,HIGH,16.95064681906787,0.8334987649605301,87.98571695509858,HIGH,0,0
604_932,BASELINE,0.0,7.697098414123737,7.697098414123737,0.0,LOW,16.95064681906787,0.016118726627953172,15.61941832538642,LOW,0,0
607_142,BASELINE,0.0,35.933054309133965,35.933054309133965,0.0,MODERATE,16.95064681906787,0.4598745658596721,53.91326569804325,MODERATE,0,0
607_576,BASELINE,0.0,63.34554567303045,63.34554567303045,0.0,HIGH,16.95064681906787,0.9470204127710459,60.10796353575264,HIGH,0,0
608_488,BASELINE,0.0,63.287467617291924,63.287467617291924,0.0,HIGH,16.95064681906787,0.9175057923775572,75.76022419478605,HIGH,0,0
609_405,BASELINE,0.0,65.44186242056591,65.44186242056591,0.0,HIGH,16.95064681906787,0.9804147922998986,62.70422227023822,HIGH,0,0
609_488,BASELINE,0.0,66.63885377985322,66.63885377985322,0.0,HIGH,16.95064681906787,0.979965854558878,74.92105162067267,HIGH,0,0
610_488,BASELINE,0.0,64.61071687445228,64.61071687445228,0.0,HIGH,16.95064681906787,0.9474640688445921,72.5156647095204,HIGH,0,0
610_595,BASELINE,0.0,41.74872721749914,41.74872721749914,0.0,MODERATE,16.95064681906787,0.5664906870906873,53.43112810463669,MODERATE,0,0
610_1049,BASELINE,0.0,7.483083338537186,7.483083338537186,0.0,LOW,16.95064681906787,0.005429890273214525,19.35812756462717,LOW,0,0
611_429,BASELINE,0.0,58.897264423195125,58.897264423195125,0.0,HIGH,16.95064681906787,0.8274508658008661,81.38840187099817,HIGH,0,0
611_489,BASELINE,0.0,65.58477742172661,65.58477742172661,0.0,HIGH,16.95064681906787,0.9684450212255448,70.71674637273986,HIGH,0,0
611_737,BASELINE,0.0,13.818069901960563,13.818069901960563,0.0,LOW,16.95064681906787,0.05904232035520981,53.22115665376352,LOW,0,0
612_489,BASELINE,0.0,66.39270714131803,66.39270714131803,0.0,HIGH,16.95064681906787,0.9792467395967395,72.85509846449692,HIGH,0,0
613_406,BASELINE,0.0,65.39286602510151,65.39286602510151,0.0,HIGH,16.95064681906787,0.977824480313035,63.638929908369214,HIGH,0,0
613_427,BASELINE,0.0,63.64946887450739,63.64946887450739,0.0,HIGH,16.95064681906787,0.913651319073084,81.50019708440101,HIGH,0,0
613_715,BASELINE,0.0,66.27696076056172,66.27696076056172,0.0,HIGH,16.95064681906787,0.9763453823953824,73.29338111768023,HIGH,0,0
614_407,BASELINE,0.0,63.30083355636695,63.30083355636695,0.0,HIGH,16.95064681906787,0.9405693187052457,63.20894410530771,HIGH,0,0
614_699,BASELINE,0.0,64.53263325048141,64.53263325048141,0.0,HIGH,16.95064681906787,0.9651080601108989,62.03063327334291,HIGH,0,0
614_707,BASELINE,0.0,65.68022229200047,65.68022229200047,0.0,HIGH,16.95064681906787,0.9765585858585858,67.20873452730585,HIGH,0,0
614_713,BASELINE,0.0,64.63967380651854,64.63967380651854,0.0,HIGH,16.95064681906787,0.9521776146464018,70.21278383918772,HIGH,0,0
614_1649,BASELINE,0.0,14.900722047351454,14.900722047351454,0.0,LOW,16.95064681906787,0.07944528828659266,52.82604574541189,LOW,0,0
615_710,BASELINE,0.0,64.08939467954613,64.08939467954613,0.0,HIGH,16.95064681906787,0.9477360028860032,67.15287903768285,HIGH,0,0
616_401,BASELINE,0.0,65.56235003293403,65.56235003293403,0.0,HIGH,16.95064681906787,0.9806580670652099,63.77529727299823,HIGH,0,0
616_402,BASELINE,0.0,65.51945356497993,65.51945356497993,0.0,HIGH,16.95064681906787,0.9807750223321654,63.28200719663162,HIGH,0,0
616_405,BASELINE,0.0,64.06956987950596,64.06956987950596,0.0,HIGH,16.95064681906787,0.9503166441517508,65.53527834111996,HIGH,0,0
616_406,BASELINE,0.0,66.15777679561468,66.15777679561468,0.0,HIGH,16.95064681906787,0.9912455209961542,63.90646523778531,HIGH,0,0
616_490,BASELINE,0.0,66.27659501761583,66.27659501761583,0.0,HIGH,16.95064681906787,0.9860894524394526,67.93048516398275,HIGH,0,0
616_683,BASELINE,0.0,61.97363273353646,61.97363273353646,0.0,HIGH,16.95064681906787,0.9033517316017319,70.40660878393534,HIGH,0,0
616_692,BASELINE,0.0,65.7682716008741,65.7682716008741,0.0,HIGH,16.95064681906787,0.9850037254412255,63.44440084559029,HIGH,0,0
617_665,BASELINE,0.0,63.76756154873269,63.76756154873269,0.0,HIGH,16.95064681906787,0.9384502801120449,69.04169525522549,HIGH,0,0
617_1559,BASELINE,0.0,9.624010035113905,9.624010035113905,0.0,LOW,16.95064681906787,0.010013039772117446,38.246662305997745,LOW,0,0
618_403,BASELINE,0.0,65.7308560966662,65.7308560966662,0.0,HIGH,16.95064681906787,0.9815068405139832,64.99353251349454,HIGH,0,0
619_667,BASELINE,0.0,64.46339650499075,64.46339650499075,0.0,HIGH,16.95064681906787,0.9463145047762697,71.67472125248258,HIGH,0,0
619_724,BASELINE,0.0,65.68982711990596,65.68982711990596,0.0,HIGH,16.95064681906787,0.9710644634298023,70.3265501421916,HIGH,0,0
620_413,BASELINE,0.0,51.78344721943018,51.78344721943018,0.0,HIGH,16.95064681906787,0.7214203740703745,68.56700028511918,HIGH,0,0
621_427,BASELINE,0.0,64.99229630029939,64.99229630029939,0.0,HIGH,16.95064681906787,0.9557007751937984,71.8012704759281,HIGH,0,0
622_738,BASELINE,0.0,63.96460771856764,63.96460771856764,0.0,HIGH,16.95064681906787,0.9378175320480552,71.36016838876932,HIGH,0,0
623_426,BASELINE,0.0,66.25584936779482,66.25584936779482,0.0,HIGH,16.95064681906787,0.9747418466223701,73.96421186516798,HIGH,0,0
623_1379,BASELINE,0.0,6.554694490836208,6.554694490836208,0.0,LOW,16.95064681906787,6.220240552665621e-05,13.026467414845719,LOW,0,0
624_377,BASELINE,0.0,11.944307441850908,11.944307441850908,0.0,LOW,16.95064681906787,0.05866361762003647,34.691818557012326,LOW,0,0
625_402,BASELINE,0.0,66.57458999132623,66.57458999132623,0.0,HIGH,16.95064681906787,0.9937089743589745,66.7196978453496,HIGH,0,0
626_401,BASELINE,0.0,65.98753436383645,65.98753436383645,0.0,HIGH,16.95064681906787,0.988340521978022,63.80179037997562,HIGH,0,0
626_498,BASELINE,0.0,66.42757904282308,66.42757904282308,0.0,HIGH,16.95064681906787,0.9894666666666665,67.58285759108766,HIGH,0,0
626_499,BASELINE,0.0,65.84914030978726,65.84914030978726,0.0,HIGH,16.95064681906787,0.9847445680474072,64.39562450132192,HIGH,0,0
626_533,BASELINE,0.0,14.902009398449287,14.902009398449287,0.0,LOW,16.95064681906787,0.07086819029301784,57.55632315285636,LOW,0,0
626_711,BASELINE,0.0,65.83310694189467,65.83310694189467,0.0,HIGH,16.95064681906787,0.9878729351988654,62.51468888909406,HIGH,0,0
626_712,BASELINE,0.0,66.12952212906,66.12952212906,0.0,HIGH,16.95064681906787,0.9890547298200465,64.82885371909795,HIGH,0,0
627_713,BASELINE,0.0,49.93772708925415,49.93772708925415,0.0,MODERATE,16.95064681906787,0.7078641462866284,57.565724264419224,MODERATE,0,0
627_758,BASELINE,0.0,61.15585005778534,61.15585005778534,0.0,HIGH,16.95064681906787,0.8794931168885624,75.35102011866735,HIGH,0,0
627_762,BASELINE,0.0,63.040289778434115,63.040289778434115,0.0,HIGH,16.95064681906787,0.9181663173315304,72.92515708152278,HIGH,0,0
627_1306,BASELINE,0.0,6.252339631029327,6.252339631029327,0.0,LOW,16.95064681906787,0.0006884650317892824,9.658474372332462,LOW,0,0
628_762,BASELINE,0.0,62.078973370629555,62.078973370629555,0.0,HIGH,16.95064681906787,0.8986259599764671,74.059189548762,HIGH,0,0
628_1374,BASELINE,0.0,6.497030180633093,6.497030180633093,0.0,LOW,16.95064681906787,0.0004622024055266562,12.229824312814575,LOW,0,0
629_760,BASELINE,0.0,66.39335697525962,66.39335697525962,0.0,HIGH,16.95064681906787,0.978960554282319,73.018998726844,HIGH,0,0
629_1017,BASELINE,0.0,8.171003305279429,8.171003305279429,0.0,LOW,16.95064681906787,0.007060842654166905,25.3403034225258,LOW,0,0
630_759,BASELINE,0.0,64.41618424777691,64.41618424777691,0.0,HIGH,16.95064681906787,0.9441003038103041,72.42040921162508,HIGH,0,0
631_766,BASELINE,0.0,58.28190551680089,58.28190551680089,0.0,HIGH,16.95064681906787,0.8311498556998559,73.20036836261153,HIGH,0,0
633_506,BASELINE,0.0,61.53115746864921,61.53115746864921,0.0,HIGH,16.95064681906787,0.9025320859258129,66.4326612568183,HIGH,0,0
634_1356,BASELINE,0.0,6.449392031582616,6.449392031582616,0.0,LOW,16.95064681906787,0.0010467983651226158,11.431915044532028,LOW,0,0
635_505,BASELINE,0.0,65.63494665631353,65.63494665631353,0.0,HIGH,16.95064681906787,0.9807557823129253,64.44752012054964,HIGH,0,0
636_425,BASELINE,0.0,65.78769466964373,65.78769466964373,0.0,HIGH,16.95064681906787,0.9562709150326801,79.44167725798647,HIGH,0,0
636_522,BASELINE,0.0,64.96715690705769,64.96715690705769,0.0,HIGH,16.95064681906787,0.9696307029478457,63.88841627878502,HIGH,0,0
636_783,BASELINE,0.0,57.34952905090932,57.34952905090932,0.0,HIGH,16.95064681906787,0.7971090269207917,82.599059532181,HIGH,0,0
637_791,BASELINE,0.0,60.778293469743105,60.778293469743105,0.0,HIGH,16.95064681906787,0.8846607655733473,68.73324746161333,HIGH,0,0
638_800,BASELINE,0.0,64.71987366363258,64.71987366363258,0.0,HIGH,16.95064681906787,0.9580521598112931,67.7837825696379,HIGH,0,0
638_1057,BASELINE,0.0,60.36956455237312,60.36956455237312,0.0,HIGH,16.95064681906787,0.8778471861471858,68.39342697230224,HIGH,0,0
638_1523,BASELINE,0.0,6.756519580547715,6.756519580547715,0.0,LOW,16.95064681906787,0.0004622024055266562,14.82471831196079,LOW,0,0
639_392,BASELINE,0.0,24.160641482268844,24.160641482268844,0.0,LOW,16.95064681906787,0.23609486036838992,59.2679754495973,LOW,0,0
639_1053,BASELINE,0.0,59.45973129040989,59.45973129040989,0.0,HIGH,16.95064681906787,0.8579909128882806,70.2160446450679,HIGH,0,0
639_1151,BASELINE,0.0,15.453985992546166,15.453985992546166,0.0,LOW,16.95064681906787,0.10022119016249449,46.93193916561299,LOW,0,0
640_1048,BASELINE,0.0,59.13317598429517,59.13317598429517,0.0,HIGH,16.95064681906787,0.8392068336021273,77.28173519130499,HIGH,0,0
641_800,BASELINE,0.0,65.43096797424086,65.43096797424086,0.0,HIGH,16.95064681906787,0.965615651874785,70.73480504080015,HIGH,0,0
641_823,BASELINE,0.0,50.43168600924941,50.43168600924941,0.0,HIGH,16.95064681906787,0.7146956537941016,58.74798433526161,HIGH,0,0
642_642,BASELINE,0.0,66.21149705194544,66.21149705194544,0.0,HIGH,16.95064681906787,0.9913317460317461,64.39624403151734,HIGH,0,0
642_646,BASELINE,0.0,63.384704944547906,63.384704944547906,0.0,HIGH,16.95064681906787,0.9527779158826651,57.332929539536515,HIGH,0,0
643_643,BASELINE,0.0,65.36760185558926,65.36760185558926,0.0,HIGH,16.95064681906787,0.9817180555555558,61.24482182986014,HIGH,0,0
643_681,BASELINE,0.0,66.16073248895756,66.16073248895756,0.0,HIGH,16.95064681906787,0.995712925170068,61.47894987556162,HIGH,0,0
644_509,BASELINE,0.0,65.40502076293778,65.40502076293778,0.0,HIGH,16.95064681906787,0.9817396825396826,61.607116062075676,HIGH,0,0
644_1042,BASELINE,0.0,59.08702482840188,59.08702482840188,0.0,HIGH,16.95064681906787,0.8276129870129866,83.19683925639953,HIGH,0,0
645_138,BASELINE,0.0,8.50016017680243,8.50016017680243,0.0,LOW,16.95064681906787,0.006129485237637075,29.14411871684721,LOW,0,0
645_173,BASELINE,0.0,13.559342088252624,13.559342088252624,0.0,LOW,16.95064681906787,0.07176328502415458,43.63734794876452,LOW,0,0
645_510,BASELINE,0.0,65.59505403046843,65.59505403046843,0.0,HIGH,16.95064681906787,0.9816955555555555,63.53171857865212,HIGH,0,0
645_637,BASELINE,0.0,42.71506653536293,42.71506653536293,0.0,MODERATE,16.95064681906787,0.5876225971654764,51.47197074214057,MODERATE,0,0
645_642,BASELINE,0.0,43.96653923287913,43.96653923287913,0.0,MODERATE,16.95064681906787,0.6106157459086252,51.3404659085707,MODERATE,0,0
645_1029,BASELINE,0.0,60.44611212950889,60.44611212950889,0.0,HIGH,16.95064681906787,0.8623609328579911,77.67634205271708,HIGH,0,0
645_1032,BASELINE,0.0,61.48196058666031,61.48196058666031,0.0,HIGH,16.95064681906787,0.8685547534165182,84.62822531704133,HIGH,0,0
647_542,BASELINE,0.0,66.08617345410276,66.08617345410276,0.0,HIGH,16.95064681906787,0.9833016688170079,67.55955052119657,HIGH,0,0
647_1034,BASELINE,0.0,54.82758122423472,54.82758122423472,0.0,HIGH,16.95064681906787,0.7497029663147308,83.45291459876863,HIGH,0,0
648_1030,BASELINE,0.0,60.946213979210114,60.946213979210114,0.0,HIGH,16.95064681906787,0.8705778881249464,78.15803515290398,HIGH,0,0
649_1368,BASELINE,0.0,6.947882850741234,6.947882850741234,0.0,LOW,16.95064681906787,0.0004217983651226158,16.760573236118198,LOW,0,0
650_513,BASELINE,0.0,66.14303549045202,66.14303549045202,0.0,HIGH,16.95064681906787,0.99425,62.1065887340436,HIGH,0,0
650_1051,BASELINE,0.0,12.22603934962914,12.22603934962914,0.0,LOW,16.95064681906787,0.05504287975026943,39.50054346316652,LOW,0,0
651_1624,BASELINE,0.0,6.936833069770787,6.936833069770787,0.0,LOW,16.95064681906787,2.1798365122615804e-05,16.870075426413738,LOW,0,0
652_418,BASELINE,0.0,25.94696280662016,25.94696280662016,0.0,MODERATE,16.95064681906787,0.28223502362790287,51.75409890037833,MODERATE,0,0
652_515,BASELINE,0.0,66.16945367056118,66.16945367056118,0.0,HIGH,16.95064681906787,0.9935583333333333,62.75118720180192,HIGH,0,0
652_1018,BASELINE,0.0,60.13262139332452,60.13262139332452,0.0,HIGH,16.95064681906787,0.8569548422166069,77.51478454363469,HIGH,0,0
654_952,BASELINE,0.0,6.497705857738903,6.497705857738903,0.0,LOW,16.95064681906787,0.0006884650317892824,12.112136639428222,LOW,0,0
655_512,BASELINE,0.0,65.30648282948444,65.30648282948444,0.0,HIGH,16.95064681906787,0.9824889019710447,60.20966604029317,HIGH,0,0
655_1178,BASELINE,0.0,8.37918347355755,8.37918347355755,0.0,LOW,16.95064681906787,0.006170283213607464,27.9119127976147,LOW,0,0
656_324,BASELINE,0.0,33.83215639988896,33.83215639988896,0.0,MODERATE,16.95064681906787,0.41128907357417954,59.62630736261417,MODERATE,0,0
656_1008,BASELINE,0.0,62.3999859146483,62.3999859146483,0.0,HIGH,16.95064681906787,0.916316883116883,67.53930726172061,HIGH,0,0
657_85,BASELINE,0.0,15.096846107703428,15.096846107703428,0.0,LOW,16.95064681906787,0.04537171717171717,73.52775046211312,LOW,0,0
657_1007,BASELINE,0.0,60.666268532739224,60.666268532739224,0.0,HIGH,16.95064681906787,0.8912031926406927,64.01466320453447,HIGH,0,0
658_575,BASELINE,0.0,63.54424489348236,63.54424489348236,0.0,HIGH,16.95064681906787,0.9418474488632663,64.94008588955043,HIGH,0,0
659_576,BASELINE,0.0,54.85609480713968,54.85609480713968,0.0,HIGH,16.95064681906787,0.7803795952132161,66.86590453365119,HIGH,0,0
659_1047,BASELINE,0.0,9.478534518078384,9.478534518078384,0.0,LOW,16.95064681906787,0.02169002389910157,30.369565865801274,LOW,0,0
660_520,BASELINE,0.0,43.234384639282425,43.234384639282425,0.0,MODERATE,16.95064681906787,0.5832368934705146,59.077288813564635,MODERATE,0,0
660_577,BASELINE,0.0,65.7160750810856,65.7160750810856,0.0,HIGH,16.95064681906787,0.9700613756613756,71.1407280266228,HIGH,0,0
660_681,BASELINE,0.0,13.932071477154995,13.932071477154995,0.0,LOW,16.95064681906787,0.06273123313325303,52.332270377784084,LOW,0,0
660_1004,BASELINE,0.0,60.47859593374079,60.47859593374079,0.0,HIGH,16.95064681906787,0.8916674783549784,61.88258007169311,HIGH,0,0
661_579,BASELINE,0.0,62.043983336392294,62.043983336392294,0.0,HIGH,16.95064681906787,0.9070363271418505,69.0835872654285,HIGH,0,0
661_798,BASELINE,0.0,63.23427476476072,63.23427476476072,0.0,HIGH,16.95064681906787,0.9432456991115593,61.07134696577285,HIGH,0,0
661_1004,BASELINE,0.0,62.8327793339919,62.8327793339919,0.0,HIGH,16.95064681906787,0.9296314589665655,64.54422473783134,HIGH,0,0
661_1267,BASELINE,0.0,8.584275941145433,8.584275941145433,0.0,LOW,16.95064681906787,0.004300236593560844,30.991363114519167,LOW,0,0
662_496,BASELINE,0.0,9.733689379936346,9.733689379936346,0.0,LOW,16.95064681906787,0.01870945082199704,34.56042967678838,LOW,0,0
662_798,BASELINE,0.0,64.19151242742532,64.19151242742532,0.0,HIGH,16.95064681906787,0.9580248193960367,62.51520743595632,HIGH,0,0
663_192,BASELINE,0.0,20.84234200403717,20.84234200403717,0.0,LOW,16.95064681906787,0.19828924963924965,46.87806656830769,LOW,0,0
663_798,BASELINE,0.0,61.343208850272546,61.343208850272546,0.0,HIGH,16.95064681906787,0.9033411912747451,64.108167131139,HIGH,0,0
664_436,BASELINE,0.0,63.79689847422607,63.79689847422607,0.0,HIGH,16.95064681906787,0.9533429756751186,61.144081950468774,HIGH,0,0
664_518,BASELINE,0.0,59.94144868835258,59.94144868835258,0.0,HIGH,16.95064681906787,0.8896079716038232,57.64383633094635,HIGH,0,0
664_552,BASELINE,0.0,43.02211763306699,43.02211763306699,0.0,MODERATE,16.95064681906787,0.5265509768009767,88.13187291965603,MODERATE,0,0
665_191,BASELINE,0.0,40.9647486749856,40.9647486749856,0.0,MODERATE,16.95064681906787,0.5461340191599952,56.787510041381914,MODERATE,0,0
665_436,BASELINE,0.0,60.705292672847285,60.705292672847285,0.0,HIGH,16.95064681906787,0.8988075971934664,60.22248210158969,HIGH,0,0
665_797,BASELINE,0.0,36.956312125117854,36.956312125117854,0.0,MODERATE,16.95064681906787,0.48085683458343265,52.60559605981386,MODERATE,0,0
665_1000,BASELINE,0.0,63.897265179055346,63.897265179055346,0.0,HIGH,16.95064681906787,0.9571714339039088,60.042096972926885,HIGH,0,0
666_786,BASELINE,0.0,9.973435953392029,9.973435953392029,0.0,LOW,16.95064681906787,0.03519807303729341,27.889153192932213,LOW,0,0
666_1210,BASELINE,0.0,8.511409619666132,8.511409619666132,0.0,LOW,16.95064681906787,0.003320182629260304,30.801729580091468,LOW,0,0
667_826,BASELINE,0.0,65.38383879946765,65.38383879946765,0.0,HIGH,16.95064681906787,0.9873365828650301,58.317001248433165,HIGH,0,0
668_1439,BASELINE,0.0,8.691480657921074,8.691480657921074,0.0,LOW,16.95064681906787,0.006757988841313093,30.71164654601184,LOW,0,0
670_680,BASELINE,0.0,59.55439720254499,59.55439720254499,0.0,HIGH,16.95064681906787,0.841540278114938,80.21055289175736,HIGH,0,0
670_1073,BASELINE,0.0,6.891047814615206,6.891047814615206,0.0,LOW,16.95064681906787,8.959497529210732e-05,16.374934739264706,LOW,0,0
674_841,BASELINE,0.0,58.78562870047229,58.78562870047229,0.0,HIGH,16.95064681906787,0.8723540964590963,55.575267781743186,HIGH,0,0
675_428,BASELINE,0.0,8.66185889011454,8.66185889011454,0.0,LOW,16.95064681906787,0.0127558660172603,27.116596421175554,LOW,0,0
675_1528,BASELINE,0.0,9.75332590475548,9.75332590475548,0.0,LOW,16.95064681906787,0.013504915248239501,37.61928949054638,LOW,0,0
676_677,BASELINE,0.0,20.563354160391217,20.563354160391217,0.0,LOW,16.95064681906787,0.1679576882182146,60.770546913417434,LOW,0,0
677_766,BASELINE,0.0,7.587647279501509,7.587647279501509,0.0,LOW,16.95064681906787,0.008594356880054013,18.66331034050868,LOW,0,0
677_822,BASELINE,0.0,10.15566865777059,10.15566865777059,0.0,LOW,16.95064681906787,0.03794261031651557,28.20198473314563,LOW,0,0
678_841,BASELINE,0.0,61.44574604167636,61.44574604167636,0.0,HIGH,16.95064681906787,0.9203550112114218,55.77593808000483,HIGH,0,0
678_1443,BASELINE,0.0,8.342704223950339,8.342704223950339,0.0,LOW,16.95064681906787,0.002624107167431418,29.497517126939403,LOW,0,0
679_840,BASELINE,0.0,63.86450158074626,63.86450158074626,0.0,HIGH,16.95064681906787,0.9618002866215909,57.16859199511085,HIGH,0,0
679_1526,BASELINE,0.0,9.026358205368044,9.026358205368044,0.0,LOW,16.95064681906787,0.007255792149116399,33.78663020118973,LOW,0,0
681_836,BASELINE,0.0,62.15593196837489,62.15593196837489,0.0,HIGH,16.95064681906787,0.9280963849676893,58.62004178104312,HIGH,0,0
681_945,BASELINE,0.0,6.967726741110788,6.967726741110788,0.0,LOW,16.95064681906787,0.0019733135166377673,16.105678806480416,LOW,0,0
681_1322,BASELINE,0.0,18.64555597572881,18.64555597572881,0.0,LOW,16.95064681906787,0.14916190476190483,51.930245967763746,LOW,0,0
682_700,BASELINE,0.0,53.571544663212876,53.571544663212876,0.0,HIGH,16.95064681906787,0.7372021922521924,77.76797472294619,HIGH,0,0
682_830,BASELINE,0.0,55.231160348401005,55.231160348401005,0.0,HIGH,16.95064681906787,0.8071810288445828,55.87577144901286,HIGH,0,0
682_832,BASELINE,0.0,59.52557006952331,59.52557006952331,0.0,HIGH,16.95064681906787,0.8878673183883723,54.442409411151694,HIGH,0,0
682_889,BASELINE,0.0,6.6400003925853675,6.6400003925853675,0.0,LOW,16.95064681906787,0.0024801316984559493,12.5496653212262,LOW,0,0
683_833,BASELINE,0.0,64.70407046120411,64.70407046120411,0.0,HIGH,16.95064681906787,0.9746826146110619,58.47900040548044,HIGH,0,0
683_1168,BASELINE,0.0,6.868252972024307,6.868252972024307,0.0,LOW,16.95064681906787,0.0015432595523372278,15.3474707959809,LOW,0,0
684_539,BASELINE,0.0,18.46792266400847,18.46792266400847,0.0,LOW,16.95064681906787,0.13767988286223581,56.469024895378304,LOW,0,0
685_800,BASELINE,0.0,56.360148453523436,56.360148453523436,0.0,HIGH,16.95064681906787,0.8234409794782599,58.222679651714756,HIGH,0,0
685_1307,BASELINE,0.0,7.594245391548348,7.594245391548348,0.0,LOW,16.95064681906787,2.1798365122615804e-05,23.444198644189353,LOW,0,0
686_1225,BASELINE,0.0,7.078695811504833,7.078695811504833,0.0,LOW,16.95064681906787,0.004537202405526656,15.805230621531962,LOW,0,0
688_812,BASELINE,0.0,60.663968845910645,60.663968845910645,0.0,HIGH,16.95064681906787,0.9013692080176553,58.400357878919316,HIGH,0,0
688_1274,BASELINE,0.0,8.443869893273678,8.443869893273678,0.0,LOW,16.95064681906787,0.007162307171384848,28.013163817998414,LOW,0,0
688_1556,BASELINE,0.0,9.008288032347869,9.008288032347869,0.0,LOW,16.95064681906787,0.02060015334347759,26.266529814089314,LOW,0,0
688_1616,BASELINE,0.0,6.517144210008295,6.517144210008295,0.0,LOW,16.95064681906787,0.0002717983651226158,12.535686828788819,LOW,0,0
689_462,BASELINE,0.0,64.67250006613864,64.67250006613864,0.0,HIGH,16.95064681906787,0.9713334569362958,60.005333175947015,HIGH,0,0
690_463,BASELINE,0.0,66.15249001654618,66.15249001654618,0.0,HIGH,16.95064681906787,0.9937587301587303,62.471332407683455,HIGH,0,0
690_466,BASELINE,0.0,62.66147302281642,62.66147302281642,0.0,HIGH,16.95064681906787,0.9297209569362956,62.78193774272493,HIGH,0,0
690_552,BASELINE,0.0,59.11662246473048,59.11662246473048,0.0,HIGH,16.95064681906787,0.8112878869496519,92.47162065451958,HIGH,0,0
690_1038,BASELINE,0.0,7.192416104663695,7.192416104663695,0.0,LOW,16.95064681906787,0.007045150530847664,15.563062084194037,LOW,0,0
691_75,BASELINE,0.0,15.660196770072089,15.660196770072089,0.0,LOW,16.95064681906787,0.0650570818070818,68.3343065363492,LOW,0,0
691_421,BASELINE,0.0,8.555139051658045,8.555139051658045,0.0,LOW,16.95064681906787,0.016843935521652576,23.800959809194847,LOW,0,0
691_453,BASELINE,0.0,65.84805803960467,65.84805803960467,0.0,HIGH,16.95064681906787,0.9850132049983114,64.23705147649873,HIGH,0,0
692_978,BASELINE,0.0,53.917511656224754,53.917511656224754,0.0,HIGH,16.95064681906787,0.7835802856953923,55.719693259305046,HIGH,0,0
693_857,BASELINE,0.0,7.357062310708256,7.357062310708256,0.0,LOW,16.95064681906787,0.004303616546940797,18.717367835788423,LOW,0,0
694_455,BASELINE,0.0,66.14782922985574,66.14782922985574,0.0,HIGH,16.95064681906787,0.9947166666666668,61.89785946141395,HIGH,0,0
694_1647,BASELINE,0.0,6.175975061022388,6.175975061022388,0.0,LOW,16.95064681906787,6.220240552665621e-05,9.239273116707517,LOW,0,0
695_815,BASELINE,0.0,63.4337025246599,63.4337025246599,0.0,HIGH,16.95064681906787,0.9507397628006848,58.94388953574568,HIGH,0,0
697_813,BASELINE,0.0,62.4630649425182,62.4630649425182,0.0,HIGH,16.95064681906787,0.9397469705329177,55.28354946160062,HIGH,0,0
698_299,BASELINE,0.0,34.88157343312311,34.88157343312311,0.0,MODERATE,16.95064681906787,0.44030088612037654,54.16398079454724,MODERATE,0,0
698_438,BASELINE,0.0,66.03448747208698,66.03448747208698,0.0,HIGH,16.95064681906787,0.9900904761904762,63.30884664563127,HIGH,0,0
698_814,BASELINE,0.0,63.6198416519761,63.6198416519761,0.0,HIGH,16.95064681906787,0.9548657211870254,58.536003696420394,HIGH,0,0
698_962,BASELINE,0.0,51.441879975114034,51.441879975114034,0.0,HIGH,16.95064681906787,0.740798393828394,54.49341697504695,HIGH,0,0
699_342,BASELINE,0.0,22.51817930757041,22.51817930757041,0.0,LOW,16.95064681906787,0.21365140415140405,55.18725462195518,LOW,0,0
699_439,BASELINE,0.0,65.40671367231936,65.40671367231936,0.0,HIGH,16.95064681906787,0.9783671732522797,63.47892526396301,HIGH,0,0
699_780,BASELINE,0.0,7.082572465437198,7.082572465437198,0.0,LOW,16.95064681906787,0.0040288690721933225,16.12358049418895,LOW,0,0
699_813,BASELINE,0.0,64.65530520066673,64.65530520066673,0.0,HIGH,16.95064681906787,0.9701322291235338,60.49405981824707,HIGH,0,0
699_834,BASELINE,0.0,63.88596432401255,63.88596432401255,0.0,HIGH,16.95064681906787,0.9560564897751628,60.54230769330917,HIGH,0,0
700_491,BASELINE,0.0,64.08824525924625,64.08824525924625,0.0,HIGH,16.95064681906787,0.9226949410067057,80.91396886829773,HIGH,0,0
700_541,BASELINE,0.0,59.768925452326116,59.768925452326116,0.0,HIGH,16.95064681906787,0.8678361247947459,67.89311971567417,HIGH,0,0
700_614,BASELINE,0.0,64.96903757792303,64.96903757792303,0.0,HIGH,16.95064681906787,0.9463494708994713,76.71190061404448,HIGH,0,0
700_713,BASELINE,0.0,65.71144215961557,65.71144215961557,0.0,HIGH,16.95064681906787,0.9688256613756614,71.77404166906531,HIGH,0,0
700_812,BASELINE,0.0,62.2453907604551,62.2453907604551,0.0,HIGH,16.95064681906787,0.9260507500470548,60.63972890819419,HIGH,0,0
702_453,BASELINE,0.0,66.81302069573263,66.81302069573263,0.0,HIGH,16.95064681906787,0.996841690626797,67.38101094211125,HIGH,0,0
702_951,BASELINE,0.0,42.91497328932392,42.91497328932392,0.0,MODERATE,16.95064681906787,0.5877794827153525,53.38475122931862,MODERATE,0,0
702_1183,BASELINE,0.0,6.649710937669351,6.649710937669351,0.0,LOW,16.95064681906787,6.220240552665621e-05,13.976631883177152,LOW,0,0
703_492,BASELINE,0.0,64.18728410557965,64.18728410557965,0.0,HIGH,16.95064681906787,0.9252441473559122,80.50229383956804,HIGH,0,0
703_654,BASELINE,0.0,13.299404105790718,13.299404105790718,0.0,LOW,16.95064681906787,0.06864445794608803,42.753323017082046,LOW,0,0
703_817,BASELINE,0.0,63.85472392244293,63.85472392244293,0.0,HIGH,16.95064681906787,0.9560443606428082,60.23657470040802,HIGH,0,0
703_1649,BASELINE,0.0,6.181731585432159,6.181731585432159,0.0,LOW,16.95064681906787,6.220240552665621e-05,9.29683836080523,LOW,0,0
704_489,BASELINE,0.0,66.49222027900751,66.49222027900751,0.0,HIGH,16.95064681906787,0.9764064850182496,75.41236985956115,HIGH,0,0
705_442,BASELINE,0.0,64.62105064747124,64.62105064747124,0.0,HIGH,16.95064681906787,0.9516675239792888,70.30710211562685,HIGH,0,0
705_813,BASELINE,0.0,49.89464183209123,49.89464183209123,0.0,MODERATE,16.95064681906787,0.7097668659153131,56.088375897013435,MODERATE,0,0
705_835,BASELINE,0.0,62.90729787197283,62.90729787197283,0.0,HIGH,16.95064681906787,0.9296915889700363,65.25633861573165,HIGH,0,0
706_75,BASELINE,0.0,11.94356121121204,11.94356121121204,0.0,LOW,16.95064681906787,0.026319496204278817,52.47362302929035,LOW,0,0
706_819,BASELINE,0.0,62.392535419599916,62.392535419599916,0.0,HIGH,16.95064681906787,0.9212462148996625,64.75366983070808,HIGH,0,0
707_586,BASELINE,0.0,43.632154792034775,43.632154792034775,0.0,MODERATE,16.95064681906787,0.5560602675102677,78.00213461922388,MODERATE,0,0
707_821,BASELINE,0.0,64.49802517063921,64.49802517063921,0.0,HIGH,16.95064681906787,0.9592545497681036,64.90398316345845,HIGH,0,0
707_938,BASELINE,0.0,43.11060663455037,43.11060663455037,0.0,MODERATE,16.95064681906787,0.5904843665288579,53.85339858415512,MODERATE,0,0
708_52,BASELINE,0.0,12.132513045982105,12.132513045982105,0.0,LOW,16.95064681906787,0.04098932142177611,46.294737507367486,LOW,0,0
708_495,BASELINE,0.0,61.87382355835749,61.87382355835749,0.0,HIGH,16.95064681906787,0.8936522779226636,74.74321655563324,HIGH,0,0
709_331,BASELINE,0.0,12.467000432566948,12.467000432566948,0.0,LOW,16.95064681906787,0.058252189398412854,40.145033986065705,LOW,0,0
710_465,BASELINE,0.0,65.26665931587384,65.26665931587384,0.0,HIGH,16.95064681906787,0.9738906659310048,64.54046072620895,HIGH,0,0
710_704,BASELINE,0.0,63.36105959581885,63.36105959581885,0.0,HIGH,16.95064681906787,0.9148149987267635,77.97608048799182,HIGH,0,0
712_482,BASELINE,0.0,13.975623614721357,13.975623614721357,0.0,LOW,16.95064681906787,0.08821232924493017,38.75318889202528,LOW,0,0
712_713,BASELINE,0.0,64.878386181117,64.878386181117,0.0,HIGH,16.95064681906787,0.9539064949529668,71.64902341656165,HIGH,0,0
713_669,BASELINE,0.0,62.4433796939973,62.4433796939973,0.0,HIGH,16.95064681906787,0.8865268313385959,84.35777353326856,HIGH,0,0
713_1038,BASELINE,0.0,6.35219445256753,6.35219445256753,0.0,LOW,16.95064681906787,2.1798365122615804e-05,11.023689254381166,LOW,0,0
714_190,BASELINE,0.0,10.382417084466029,10.382417084466029,0.0,LOW,16.95064681906787,0.03925700602602742,29.746551359868516,LOW,0,0
714_915,BASELINE,0.0,62.70813380967216,62.70813380967216,0.0,HIGH,16.95064681906787,0.9356149267399267,60.0068622192852,HIGH,0,0
714_917,BASELINE,0.0,60.68313703023636,60.68313703023636,0.0,HIGH,16.95064681906787,0.8986680375180376,60.07768349696625,HIGH,0,0
715_692,BASELINE,0.0,63.81691649414014,63.81691649414014,0.0,HIGH,16.95064681906787,0.9249010426610433,76.9873253073509,HIGH,0,0
715_926,BASELINE,0.0,65.0403211441758,65.0403211441758,0.0,HIGH,16.95064681906787,0.9795299783549785,59.17545717604321,HIGH,0,0
716_753,BASELINE,0.0,7.03525045754727,7.03525045754727,0.0,LOW,16.95064681906787,0.003637214022911155,15.86577069239486,LOW,0,0
717_222,BASELINE,0.0,8.99608077276062,8.99608077276062,0.0,LOW,16.95064681906787,0.004934358558552374,34.760644349925684,LOW,0,0
717_641,BASELINE,0.0,65.78096104279518,65.78096104279518,0.0,HIGH,16.95064681906787,0.9649964646464649,74.57528870191956,HIGH,0,0
718_841,BASELINE,0.0,66.74534101350517,66.74534101350517,0.0,HIGH,16.95064681906787,0.9961908472479902,67.06217797818032,HIGH,0,0
719_841,BASELINE,0.0,65.94834810136385,65.94834810136385,0.0,HIGH,16.95064681906787,0.9876159013605446,63.80846909486223,HIGH,0,0
719_913,BASELINE,0.0,48.26731848233689,48.26731848233689,0.0,MODERATE,16.95064681906787,0.6727729685065894,60.16178597426804,MODERATE,0,0
719_1244,BASELINE,0.0,7.095196302678822,7.095196302678822,0.0,LOW,16.95064681906787,7.659288567056101e-05,18.42357076919271,LOW,0,0
720_667,BASELINE,0.0,65.77315661923001,65.77315661923001,0.0,HIGH,16.95064681906787,0.9697854272205336,71.86331505052988,HIGH,0,0
720_691,BASELINE,0.0,61.960783611593016,61.960783611593016,0.0,HIGH,16.95064681906787,0.9063807203907205,68.61217373055722,HIGH,0,0
721_483,BASELINE,0.0,65.29523931999618,65.29523931999618,0.0,HIGH,16.95064681906787,0.9810444727891158,60.8916669954713,HIGH,0,0
721_602,BASELINE,0.0,49.169235487440076,49.169235487440076,0.0,MODERATE,16.95064681906787,0.654333838383839,79.32247759281267,MODERATE,0,0
721_691,BASELINE,0.0,59.300212607875565,59.300212607875565,0.0,HIGH,16.95064681906787,0.8626883726858732,66.03725493104871,HIGH,0,0
721_1282,BASELINE,0.0,7.207319043478522,7.207319043478522,0.0,LOW,16.95064681906787,7.659288567056101e-05,19.54479817718972,LOW,0,0
722_666,BASELINE,0.0,65.9777217350744,65.9777217350744,0.0,HIGH,16.95064681906787,0.9789713057098605,68.85673303984402,HIGH,0,0
722_691,BASELINE,0.0,60.54890451130029,60.54890451130029,0.0,HIGH,16.95064681906787,0.8806165717420988,68.66366448437192,HIGH,0,0
723_1336,BASELINE,0.0,7.035630458303602,7.035630458303602,0.0,LOW,16.95064681906787,0.0051106872540115054,15.059160422852985,LOW,0,0
724_645,BASELINE,0.0,65.47747346590124,65.47747346590124,0.0,HIGH,16.95064681906787,0.9750873015873018,65.99045261551963,HIGH,0,0
724_665,BASELINE,0.0,66.1095913539481,66.1095913539481,0.0,HIGH,16.95064681906787,0.9844404761904763,67.16738546424243,HIGH,0,0
725_685,BASELINE,0.0,60.82551418682326,60.82551418682326,0.0,HIGH,16.95064681906787,0.8948047657251663,63.626254548914474,HIGH,0,0
725_830,BASELINE,0.0,66.30404543491262,66.30404543491262,0.0,HIGH,16.95064681906787,0.9781328197945846,72.58113729162807,HIGH,0,0
726_607,BASELINE,0.0,58.217570216867756,58.217570216867756,0.0,HIGH,16.95064681906787,0.8346823228128463,70.61415845113547,HIGH,0,0
726_685,BASELINE,0.0,58.14123604708832,58.14123604708832,0.0,HIGH,16.95064681906787,0.8424904814255881,65.55632951633305,HIGH,0,0
727_445,BASELINE,0.0,66.2445197775223,66.2445197775223,0.0,HIGH,16.95064681906787,0.9835692307692308,68.99585468166936,HIGH,0,0
727_501,BASELINE,0.0,63.37898340048744,63.37898340048744,0.0,HIGH,16.95064681906787,0.946377244299726,60.796083469548414,HIGH,0,0
728_350,BASELINE,0.0,9.346005164869947,9.346005164869947,0.0,LOW,16.95064681906787,0.01830135479240582,30.908040342399563,LOW,0,0
728_606,BASELINE,0.0,60.63377807785732,60.63377807785732,0.0,HIGH,16.95064681906787,0.8723670995670997,74.04960984619171,HIGH,0,0
729_645,BASELINE,0.0,65.49961973196717,65.49961973196717,0.0,HIGH,16.95064681906787,0.9798339285714287,63.60127043490933,HIGH,0,0
730_648,BASELINE,0.0,65.59261336382856,65.59261336382856,0.0,HIGH,16.95064681906787,0.9783845238095239,65.32837937257074,HIGH,0,0
731_651,BASELINE,0.0,64.93815162409142,64.93815162409142,0.0,HIGH,16.95064681906787,0.9753703601630928,60.44155198073655,HIGH,0,0
732_654,BASELINE,0.0,57.5800611435522,57.5800611435522,0.0,HIGH,16.95064681906787,0.838173532023532,62.31890265210267,HIGH,0,0
732_689,BASELINE,0.0,12.982613236521217,12.982613236521217,0.0,LOW,16.95064681906787,0.0595620781946244,44.58072318769205,LOW,0,0
732_833,BASELINE,0.0,66.08676958565293,66.08676958565293,0.0,HIGH,16.95064681906787,0.9844615540899143,66.9275749365997,HIGH,0,0
733_1560,BASELINE,0.0,6.869103589589374,6.869103589589374,0.0,LOW,16.95064681906787,6.220240552665621e-05,16.17055840237738,LOW,0,0
734_444,BASELINE,0.0,62.42594443897907,62.42594443897907,0.0,HIGH,16.95064681906787,0.9226296152022222,64.3268898580918,HIGH,0,0
734_749,BASELINE,0.0,7.49159237501476,7.49159237501476,0.0,LOW,16.95064681906787,0.011368166403863537,16.177166057545964,LOW,0,0
736_445,BASELINE,0.0,65.34201485224148,65.34201485224148,0.0,HIGH,16.95064681906787,0.9730666238017306,65.74723926098629,HIGH,0,0
736_487,BASELINE,0.0,66.3287130516815,66.3287130516815,0.0,HIGH,16.95064681906787,0.9942666666666666,63.95419767967172,HIGH,0,0
736_1158,BASELINE,0.0,7.020125116538976,7.020125116538976,0.0,LOW,16.95064681906787,0.010232452118149249,12.087136329930974,LOW,0,0
738_651,BASELINE,0.0,64.82405296889611,64.82405296889611,0.0,HIGH,16.95064681906787,0.969984438009438,62.262822613293444,HIGH,0,0
738_654,BASELINE,0.0,65.09058709790634,65.09058709790634,0.0,HIGH,16.95064681906787,0.9754762755380751,61.907653262645404,HIGH,0,0
738_836,BASELINE,0.0,66.72558159995151,66.72558159995151,0.0,HIGH,16.95064681906787,0.9969333333333332,66.45621649570512,HIGH,0,0
739_651,BASELINE,0.0,55.803663368185504,55.803663368185504,0.0,HIGH,16.95064681906787,0.8057239767949529,62.402180274154304,HIGH,0,0
739_652,BASELINE,0.0,65.57524605154529,65.57524605154529,0.0,HIGH,16.95064681906787,0.984557622139765,61.75950216810533,HIGH,0,0
739_864,BASELINE,0.0,11.14938750620151,11.14938750620151,0.0,LOW,16.95064681906787,0.035763338386546495,39.33777277893783,LOW,0,0
740_137,BASELINE,0.0,17.62614360607949,17.62614360607949,0.0,LOW,16.95064681906787,0.10996616161616166,63.293781001429295,LOW,0,0
740_449,BASELINE,0.0,64.35749864226369,64.35749864226369,0.0,HIGH,16.95064681906787,0.959273056878837,63.4885389687999,HIGH,0,0
740_937,BASELINE,0.0,8.45853210989345,8.45853210989345,0.0,LOW,16.95064681906787,0.01643706574614342,23.058668768078924,LOW,0,0
741_64,BASELINE,0.0,12.440189255331877,12.440189255331877,0.0,LOW,16.95064681906787,0.029676984126984114,55.5932851130008,LOW,0,0
741_276,BASELINE,0.0,9.651455616250468,9.651455616250468,0.0,LOW,16.95064681906787,0.01425073662493044,36.190384848316235,LOW,0,0
741_837,BASELINE,0.0,63.44170061043603,63.44170061043603,0.0,HIGH,16.95064681906787,0.9364289922140991,66.89479421612899,HIGH,0,0
742_554,BASELINE,0.0,61.75239882814872,61.75239882814872,0.0,HIGH,16.95064681906787,0.9221340301003345,57.86400555582667,HIGH,0,0
742_839,BASELINE,0.0,66.04951559057626,66.04951559057626,0.0,HIGH,16.95064681906787,0.9825619047619049,67.59984211623828,HIGH,0,0
743_450,BASELINE,0.0,65.7861061238764,65.7861061238764,0.0,HIGH,16.95064681906787,0.9864667124542125,62.81810321847037,HIGH,0,0
744_844,BASELINE,0.0,62.379159508779594,62.379159508779594,0.0,HIGH,16.95064681906787,0.9208126619181856,64.85836486231717,HIGH,0,0
745_561,BASELINE,0.0,12.097336111964005,12.097336111964005,0.0,LOW,16.95064681906787,0.05345709321723941,39.08569367968167,LOW,0,0
745_976,BASELINE,0.0,7.06383174327261,7.06383174327261,0.0,LOW,16.95064681906787,0.01096333234902948,12.122218470283192,LOW,0,0
746_490,BASELINE,0.0,62.37677632655146,62.37677632655146,0.0,HIGH,16.95064681906787,0.9152675886006577,67.88432336467616,HIGH,0,0
747_866,BASELINE,0.0,67.05909456819388,67.05909456819388,0.0,HIGH,16.95064681906787,0.9978666666666667,69.27801284479558,HIGH,0,0
747_903,BASELINE,0.0,63.42021264664028,63.42021264664028,0.0,HIGH,16.95064681906787,0.9166978991596642,77.53201575811089,HIGH,0,0
748_455,BASELINE,0.0,65.97501226113027,65.97501226113027,0.0,HIGH,16.95064681906787,0.9891552328623757,63.22847836651944,HIGH,0,0
748_594,BASELINE,0.0,58.33125620523314,58.33125620523314,0.0,HIGH,16.95064681906787,0.8221322592440241,78.65355329764132,HIGH,0,0
749_593,BASELINE,0.0,60.08934129244666,60.08934129244666,0.0,HIGH,16.95064681906787,0.8606704082182843,75.03842223393345,HIGH,0,0
749_859,BASELINE,0.0,56.61600374241418,56.61600374241418,0.0,HIGH,16.95064681906787,0.8228622042708248,61.09955890471144,HIGH,0,0
749_883,BASELINE,0.0,48.24253705946255,48.24253705946255,0.0,MODERATE,16.95064681906787,0.641246253746254,77.25366486370915,MODERATE,0,0
750_433,BASELINE,0.0,14.086175682670593,14.086175682670593,0.0,LOW,16.95064681906787,0.058233987021876474,56.34679779419716,LOW,0,0
750_841,BASELINE,0.0,66.2342584783558,66.2342584783558,0.0,HIGH,16.95064681906787,0.9822198228128461,69.63541606601574,HIGH,0,0
750_843,BASELINE,0.0,59.50792396750808,59.50792396750808,0.0,HIGH,16.95064681906787,0.857193415886439,71.13659476706262,HIGH,0,0
750_850,BASELINE,0.0,41.65885729458362,41.65885729458362,0.0,MODERATE,16.95064681906787,0.5558579547903079,58.380431640690155,MODERATE,0,0
750_866,BASELINE,0.0,26.553062699648418,26.553062699648418,0.0,MODERATE,16.95064681906787,0.2935126918194944,51.61238032528554,MODERATE,0,0
750_906,BASELINE,0.0,67.16475162646014,67.16475162646014,0.0,HIGH,16.95064681906787,0.9966571428571428,70.99982152269618,HIGH,0,0
751_60,BASELINE,0.0,13.139639910393218,13.139639910393218,0.0,LOW,16.95064681906787,0.05559466178189906,48.333068953410994,LOW,0,0
751_145,BASELINE,0.0,13.072592561075956,13.072592561075956,0.0,LOW,16.95064681906787,0.03605952380952381,58.40692134504475,LOW,0,0
752_443,BASELINE,0.0,66.46409647396412,66.46409647396412,0.0,HIGH,16.95064681906787,0.9939125541125541,65.50279380725974,HIGH,0,0
752_908,BASELINE,0.0,67.17547416439945,67.17547416439945,0.0,HIGH,16.95064681906787,0.9980461538461538,70.34309085813315,HIGH,0,0
753_473,BASELINE,0.0,58.456283647581316,58.456283647581316,0.0,HIGH,16.95064681906787,0.8528638319575588,63.00146272867906,HIGH,0,0
754_633,BASELINE,0.0,65.50428451662397,65.50428451662397,0.0,HIGH,16.95064681906787,0.9775638409209838,64.89646648922194,HIGH,0,0
758_453,BASELINE,0.0,66.2009880123999,66.2009880123999,0.0,HIGH,16.95064681906787,0.9856496773068204,67.4162914347711,HIGH,0,0
758_473,BASELINE,0.0,61.04049391848768,61.04049391848768,0.0,HIGH,16.95064681906787,0.8890063187593875,68.96519769673695,HIGH,0,0
760_455,BASELINE,0.0,64.14559147296073,64.14559147296073,0.0,HIGH,16.95064681906787,0.9550379006458013,63.6988032039399,HIGH,0,0
760_507,BASELINE,0.0,54.1851703649712,54.1851703649712,0.0,HIGH,16.95064681906787,0.7598383398301051,71.45435057267748,HIGH,0,0
760_513,BASELINE,0.0,48.0275970087248,48.0275970087248,0.0,MODERATE,16.95064681906787,0.6394210702414554,76.10811528397079,MODERATE,0,0
760_1007,BASELINE,0.0,6.241066210472783,6.241066210472783,0.0,LOW,16.95064681906787,2.1798365122615804e-05,9.912406833433694,LOW,0,0
761_541,BASELINE,0.0,13.128274467681376,13.128274467681376,0.0,LOW,16.95064681906787,0.07937094725544797,35.14245751584066,LOW,0,0
762_449,BASELINE,0.0,66.55559435606332,66.55559435606332,0.0,HIGH,16.95064681906787,0.9960914965986395,65.21935426090478,HIGH,0,0
765_413,BASELINE,0.0,13.151809157719727,13.151809157719727,0.0,LOW,16.95064681906787,0.06666248159493625,42.36746052950563,LOW,0,0
765_1047,BASELINE,0.0,6.255313096562393,6.255313096562393,0.0,LOW,16.95064681906787,6.220240552665621e-05,10.03265347210757,LOW,0,0
766_129,BASELINE,0.0,12.021128290674001,12.021128290674001,0.0,LOW,16.95064681906787,0.020926190476190477,56.21561197435856,LOW,0,0
767_452,BASELINE,0.0,65.77315004914531,65.77315004914531,0.0,HIGH,16.95064681906787,0.9827170031842527,64.7508825696376,HIGH,0,0
768_452,BASELINE,0.0,63.93455303570057,63.93455303570057,0.0,HIGH,16.95064681906787,0.9525858523906018,62.937045371697955,HIGH,0,0
770_182,BASELINE,0.0,12.012193420734608,12.012193420734608,0.0,LOW,16.95064681906787,0.0321047619047619,49.97804898925033,LOW,0,0
771_992,BASELINE,0.0,6.727655280581207,6.727655280581207,0.0,LOW,16.95064681906787,0.0042728561585532905,12.440215748131052,LOW,0,0
772_208,BASELINE,0.0,7.844052971783919,7.844052971783919,0.0,LOW,16.95064681906787,0.010548308483083312,20.15269388166667,LOW,0,0
774_458,BASELINE,0.0,62.34488353081754,62.34488353081754,0.0,HIGH,16.95064681906787,0.9186470379370817,65.70669827230392,HIGH,0,0
776_641,BASELINE,0.0,57.12330485730924,57.12330485730924,0.0,HIGH,16.95064681906787,0.8277443326828875,63.48739942702755,HIGH,0,0
777_459,BASELINE,0.0,65.42365508176552,65.42365508176552,0.0,HIGH,16.95064681906787,0.9715950251622747,67.37302080792742,HIGH,0,0
778_639,BASELINE,0.0,61.63116609574113,61.63116609574113,0.0,HIGH,16.95064681906787,0.9043510101010103,66.43233923137889,HIGH,0,0
778_640,BASELINE,0.0,56.836232875747605,56.836232875747605,0.0,HIGH,16.95064681906787,0.8210683261183257,64.28848322192017,HIGH,0,0
780_730,BASELINE,0.0,6.9192212816813194,6.9192212816813194,0.0,LOW,16.95064681906787,0.010810008194508915,10.760442139356586,LOW,0,0
780_925,BASELINE,0.0,59.179946081257604,59.179946081257604,0.0,HIGH,16.95064681906787,0.8750027472527473,58.06168365308826,HIGH,0,0
780_1405,BASELINE,0.0,18.80802440631578,18.80802440631578,0.0,LOW,16.95064681906787,0.14693571428571425,54.779335035538246,LOW,0,0
781_458,BASELINE,0.0,63.98239632183043,63.98239632183043,0.0,HIGH,16.95064681906787,0.9429360682461752,68.72285951243123,HIGH,0,0
782_640,BASELINE,0.0,61.33542160991466,61.33542160991466,0.0,HIGH,16.95064681906787,0.8956469696969697,68.26211659533658,HIGH,0,0
784_1110,BASELINE,0.0,10.711445449957674,10.711445449957674,0.0,LOW,16.95064681906787,0.037090904959011815,34.22819060164354,LOW,0,0
784_1298,BASELINE,0.0,6.752781256584415,6.752781256584415,0.0,LOW,16.95064681906787,0.006688465031789282,11.36289062788334,LOW,0,0
785_639,BASELINE,0.0,62.21145165613516,62.21145165613516,0.0,HIGH,16.95064681906787,0.9096858585858585,69.30102816865265,HIGH,0,0
787_642,BASELINE,0.0,40.24186525284671,40.24186525284671,0.0,MODERATE,16.95064681906787,0.5125848540348545,68.01071663882044,MODERATE,0,0
787_927,BASELINE,0.0,56.09793250389175,56.09793250389175,0.0,HIGH,16.95064681906787,0.8244372349872352,55.05257962546144,HIGH,0,0
788_1433,BASELINE,0.0,7.981147296164785,7.981147296164785,0.0,LOW,16.95064681906787,0.006781322174646425,23.595479595115624,LOW,0,0
789_652,BASELINE,0.0,59.000483388974715,59.000483388974715,0.0,HIGH,16.95064681906787,0.840075468975469,75.47705978276255,HIGH,0,0
790_456,BASELINE,0.0,19.268755962302357,19.268755962302357,0.0,LOW,16.95064681906787,0.14741959706959704,59.120515064268496,LOW,0,0
790_638,BASELINE,0.0,63.00840390928135,63.00840390928135,0.0,HIGH,16.95064681906787,0.9199472871572869,71.62676498582906,HIGH,0,0
790_652,BASELINE,0.0,58.91279125149737,58.91279125149737,0.0,HIGH,16.95064681906787,0.8339953102453103,77.94422570957637,HIGH,0,0
790_926,BASELINE,0.0,58.92020147746772,58.92020147746772,0.0,HIGH,16.95064681906787,0.8718863555363557,57.178253059204934,HIGH,0,0
792_684,BASELINE,0.0,7.385593514879101,7.385593514879101,0.0,LOW,16.95064681906787,0.005733703127027378,18.216132258449257,LOW,0,0
792_1040,BASELINE,0.0,6.739539691844125,6.739539691844125,0.0,LOW,16.95064681906787,0.0032967983651226154,13.09589164714711,LOW,0,0
794_509,BASELINE,0.0,54.516267121261194,54.516267121261194,0.0,HIGH,16.95064681906787,0.7771534310038686,65.24201799000751,HIGH,0,0
795_648,BASELINE,0.0,60.102905658395585,60.102905658395585,0.0,HIGH,16.95064681906787,0.8751764538239536,67.19574081030454,HIGH,0,0
797_514,BASELINE,0.0,54.85799925446984,54.85799925446984,0.0,HIGH,16.95064681906787,0.7683808528726179,73.48425729428179,HIGH,0,0
798_514,BASELINE,0.0,52.15401842518959,52.15401842518959,0.0,HIGH,16.95064681906787,0.7183318907236557,73.97137818340862,HIGH,0,0
798_649,BASELINE,0.0,62.92564337087295,62.92564337087295,0.0,HIGH,16.95064681906787,0.9179774458874453,71.88257230015779,HIGH,0,0
798_1474,BASELINE,0.0,9.591516008604803,9.591516008604803,0.0,LOW,16.95064681906787,0.015916820010144262,34.674642909991995,LOW,0,0
799_786,BASELINE,0.0,7.234791868472343,7.234791868472343,0.0,LOW,16.95064681906787,0.0005622024055266562,19.552441191207073,LOW,0,0
800_474,BASELINE,0.0,14.447959156461325,14.447959156461325,0.0,LOW,16.95064681906787,0.08036040542295163,47.795102411513156,LOW,0,0
801_438,BASELINE,0.0,16.58782539490486,16.58782539490486,0.0,LOW,16.95064681906787,0.14184528623544584,35.37708034907669,LOW,0,0
801_654,BASELINE,0.0,63.01877791368675,63.01877791368675,0.0,HIGH,16.95064681906787,0.9237790331890332,69.62304471242251,HIGH,0,0
802_101,BASELINE,0.0,14.615089541362915,14.615089541362915,0.0,LOW,16.95064681906787,0.050347619047619044,65.97343876696196,LOW,0,0
805_515,BASELINE,0.0,51.424762598723845,51.424762598723845,0.0,HIGH,16.95064681906787,0.7093820982938631,71.60120575513702,HIGH,0,0
806_513,BASELINE,0.0,57.53999515318274,57.53999515318274,0.0,HIGH,16.95064681906787,0.8193837721755372,72.25261066480519,HIGH,0,0
806_645,BASELINE,0.0,60.74361635327614,60.74361635327614,0.0,HIGH,16.95064681906787,0.8707674603174607,76.02779418768134,HIGH,0,0
806_935,BASELINE,0.0,57.88763112838665,57.88763112838665,0.0,HIGH,16.95064681906787,0.8442517956517963,62.05155750490182,HIGH,0,0
806_937,BASELINE,0.0,48.657421115134795,48.657421115134795,0.0,MODERATE,16.95064681906787,0.6752947495407261,62.67583273347188,MODERATE,0,0
807_217,BASELINE,0.0,28.261801147891674,28.261801147891674,0.0,MODERATE,16.95064681906787,0.31635479229989866,56.136609543495744,MODERATE,0,0
807_722,BASELINE,0.0,6.52970866860244,6.52970866860244,0.0,LOW,16.95064681906787,0.004355131698455949,10.415498081396937,LOW,0,0
808_640,BASELINE,0.0,60.98423493354891,60.98423493354891,0.0,HIGH,16.95064681906787,0.8671937144554795,80.39954021449866,HIGH,0,0
808_641,BASELINE,0.0,62.339437263214705,62.339437263214705,0.0,HIGH,16.95064681906787,0.8920168746286395,80.2988254159186,HIGH,0,0
809_637,BASELINE,0.0,55.917000674308916,55.917000674308916,0.0,HIGH,16.95064681906787,0.7619779302396952,87.59587894078018,HIGH,0,0
811_512,BASELINE,0.0,60.86551859663353,60.86551859663353,0.0,HIGH,16.95064681906787,0.8923058585858588,65.40069757363615,HIGH,0,0
811_613,BASELINE,0.0,35.770555266261056,35.770555266261056,0.0,MODERATE,16.95064681906787,0.4401820096570098,63.11918118077844,MODERATE,0,0
812_517,BASELINE,0.0,60.808670225281816,60.808670225281816,0.0,HIGH,16.95064681906787,0.8872351613021633,67.62109736615155,HIGH,0,0
813_639,BASELINE,0.0,54.48020025230609,54.48020025230609,0.0,HIGH,16.95064681906787,0.7349575839193487,88.08906519694246,HIGH,0,0
813_1458,BASELINE,0.0,9.538184678256108,9.538184678256108,0.0,LOW,16.95064681906787,0.017183486676810928,33.44466293983838,LOW,0,0
813_1533,BASELINE,0.0,6.535051978727511,6.535051978727511,0.0,LOW,16.95064681906787,0.0020217983651226157,11.752264515980967,LOW,0,0
814_518,BASELINE,0.0,59.7305767817549,59.7305767817549,0.0,HIGH,16.95064681906787,0.8812896112255585,60.11021547301502,HIGH,0,0
814_1297,BASELINE,0.0,6.960231279585102,6.960231279585102,0.0,LOW,16.95064681906787,0.004388465031789282,14.702390857890215,LOW,0,0
814_1408,BASELINE,0.0,8.237245067006759,8.237245067006759,0.0,LOW,16.95064681906787,0.0028987214420456925,28.29188770646576,LOW,0,0
815_14,BASELINE,0.0,15.103556812935649,15.103556812935649,0.0,LOW,16.95064681906787,0.06313405483405483,63.825571800149625,LOW,0,0
815_507,BASELINE,0.0,39.89537347981736,39.89537347981736,0.0,MODERATE,16.95064681906787,0.5207085886835138,60.07774485176435,MODERATE,0,0
816_878,BASELINE,0.0,6.3341125082533125,6.3341125082533125,0.0,LOW,16.95064681906787,2.1798365122615804e-05,10.842869811238995,LOW,0,0
817_215,BASELINE,0.0,16.86875022478722,16.86875022478722,0.0,LOW,16.95064681906787,0.11125993354471612,55.008272627801645,LOW,0,0
818_643,BASELINE,0.0,55.529810404467696,55.529810404467696,0.0,HIGH,16.95064681906787,0.7732903607503607,77.50213946150183,HIGH,0,0
820_643,BASELINE,0.0,57.81710677594528,57.81710677594528,0.0,HIGH,16.95064681906787,0.8177918037518037,75.89930952548403,HIGH,0,0
820_1220,BASELINE,0.0,7.538220021910307,7.538220021910307,0.0,LOW,16.95064681906787,0.0003955357388599895,22.678389392253386,LOW,0,0
821_178,BASELINE,0.0,10.464378411203,10.464378411203,0.0,LOW,16.95064681906787,0.015285867629191882,43.75029074549778,LOW,0,0
822_524,BASELINE,0.0,26.06117555555251,26.06117555555251,0.0,MODERATE,16.95064681906787,0.3164946349848655,34.05344014337235,MODERATE,0,0
824_651,BASELINE,0.0,13.537522666338246,13.537522666338246,0.0,LOW,16.95064681906787,0.05326145247053012,53.595161634114206,LOW,0,0
825_466,BASELINE,0.0,24.77711960241629,24.77711960241629,0.0,LOW,16.95064681906787,0.26283038791274077,50.728216501678745,LOW,0,0
825_646,BASELINE,0.0,49.7739646901378,49.7739646901378,0.0,MODERATE,16.95064681906787,0.6715238816738817,75.91524581026647,MODERATE,0,0
826_645,BASELINE,0.0,59.97271607511996,59.97271607511996,0.0,HIGH,16.95064681906787,0.8583438149972631,75.15179633222827,HIGH,0,0
826_1489,BASELINE,0.0,7.26210775304482,7.26210775304482,0.0,LOW,16.95064681906787,0.002462202405526656,18.780600036931844,LOW,0,0
827_524,BASELINE,0.0,23.635501347436648,23.635501347436648,0.0,LOW,16.95064681906787,0.28422665172763567,27.54408885369017,LOW,0,0
827_978,BASELINE,0.0,60.85366303236641,60.85366303236641,0.0,HIGH,16.95064681906787,0.8839013888888885,69.9046002642987,HIGH,0,0
828_97,BASELINE,0.0,16.327418225384363,16.327418225384363,0.0,LOW,16.95064681906787,0.07258644688644689,70.86537029582114,LOW,0,0
830_286,BASELINE,0.0,9.008281330380207,9.008281330380207,0.0,LOW,16.95064681906787,0.031966273534516906,20.01509668934108,LOW,0,0
830_643,BASELINE,0.0,38.54008092499738,38.54008092499738,0.0,MODERATE,16.95064681906787,0.4805507575757576,68.61162641283039,MODERATE,0,0
831_375,BASELINE,0.0,6.499663867521602,6.499663867521602,0.0,LOW,16.95064681906787,0.002466242809567061,11.153938959477443,LOW,0,0
832_990,BASELINE,0.0,63.61827418468249,63.61827418468249,0.0,HIGH,16.95064681906787,0.9114270477888124,82.41159939250134,HIGH,0,0
837_643,BASELINE,0.0,63.96103054739298,63.96103054739298,0.0,HIGH,16.95064681906787,0.9477310245310248,65.87197581138949,HIGH,0,0
840_198,BASELINE,0.0,8.659641488000387,8.659641488000387,0.0,LOW,16.95064681906787,0.007258955082860343,30.117723413953986,LOW,0,0
842_1240,BASELINE,0.0,6.823057832726338,6.823057832726338,0.0,LOW,16.95064681906787,7.659288567056101e-05,15.702186069667876,LOW,0,0
846_1668,BASELINE,0.0,6.465929523615376,6.465929523615376,0.0,LOW,16.95064681906787,0.003259893603217854,10.380087583907239,LOW,0,0
848_85,BASELINE,0.0,22.84118188770528,22.84118188770528,0.0,LOW,16.95064681906787,0.1630200577200577,86.26452096054436,LOW,0,0
851_953,BASELINE,0.0,7.299129599400613,7.299129599400613,0.0,LOW,16.95064681906787,0.003062202405526656,18.820818500489768,LOW,0,0
854_110,BASELINE,0.0,15.230282423745301,15.230282423745301,0.0,LOW,16.95064681906787,0.06003809523809521,66.79560568602396,LOW,0,0
854_858,BASELINE,0.0,6.742864517215083,6.742864517215083,0.0,LOW,16.95064681906787,0.005685687254011505,11.815251011967806,LOW,0,0
856_147,BASELINE,0.0,10.453043527112897,10.453043527112897,0.0,LOW,16.95064681906787,0.01082956673202142,46.08790739804049,LOW,0,0
856_1234,BASELINE,0.0,6.597049220435762,6.597049220435762,0.0,LOW,16.95064681906787,0.0028765602698845203,11.902117885444433,LOW,0,0
856_1274,BASELINE,0.0,7.627687368527126,7.627687368527126,0.0,LOW,16.95064681906787,0.00697656026988452,19.95349936635808,LOW,0,0
857_241,BASELINE,0.0,7.942385314206359,7.942385314206359,0.0,LOW,16.95064681906787,0.015841501918649626,18.224760916329597,LOW,0,0
858_291,BASELINE,0.0,10.56083121176652,10.56083121176652,0.0,LOW,16.95064681906787,0.07573702214517396,11.46668376734282,LOW,0,0
860_566,BASELINE,0.0,6.594374284063823,6.594374284063823,0.0,LOW,16.95064681906787,0.0010884650317892826,12.858820902677431,LOW,0,0
860_711,BASELINE,0.0,7.494377904990582,7.494377904990582,0.0,LOW,16.95064681906787,0.0035217983651226158,20.520523778611693,LOW,0,0
860_1568,BASELINE,0.0,19.128086597004895,19.128086597004895,0.0,LOW,16.95064681906787,0.142177481648786,60.596984892739925,LOW,0,0
864_648,BASELINE,0.0,55.38143888080191,55.38143888080191,0.0,HIGH,16.95064681906787,0.7658296840414492,80.12179641474532,HIGH,0,0
867_649,BASELINE,0.0,56.27194129734777,56.27194129734777,0.0,HIGH,16.95064681906787,0.7713347345464996,85.9990428024262,HIGH,0,0
869_1488,BASELINE,0.0,6.608187409691419,6.608187409691419,0.0,LOW,16.95064681906787,0.0028765602698845203,12.013499778001002,LOW,0,0
870_1206,BASELINE,0.0,6.294917364603302,6.294917364603302,0.0,LOW,16.95064681906787,0.0002717983651226158,10.313418374738886,LOW,0,0
870_1438,BASELINE,0.0,6.464741585254908,6.464741585254908,0.0,LOW,16.95064681906787,0.0028765602698845203,10.579041533635886,LOW,0,0
871_353,BASELINE,0.0,7.170489192192613,7.170489192192613,0.0,LOW,16.95064681906787,0.0054376713809956324,16.227906491901837,LOW,0,0
872_911,BASELINE,0.0,7.765504519770791,7.765504519770791,0.0,LOW,16.95064681906787,0.00682656026988452,21.41417087879472,LOW,0,0
874_637,BASELINE,0.0,59.189541246703214,59.189541246703214,0.0,HIGH,16.95064681906787,0.8551258897609961,69.08990692800757,HIGH,0,0
875_51,BASELINE,0.0,17.41744328363597,17.41744328363597,0.0,LOW,16.95064681906787,0.11320086580086583,59.42769047540677,LOW,0,0
875_463,BASELINE,0.0,7.63813317113342,7.63813317113342,0.0,LOW,16.95064681906787,0.005043361825816512,21.121216536658427,LOW,0,0
875_1630,BASELINE,0.0,19.29048055065459,19.29048055065459,0.0,LOW,16.95064681906787,0.15576378066378072,54.748459970989785,LOW,0,0
877_266,BASELINE,0.0,10.324340338928685,10.324340338928685,0.0,LOW,16.95064681906787,0.059669263162882485,17.93904247922478,LOW,0,0
877_1645,BASELINE,0.0,7.102171981922068,7.102171981922068,0.0,LOW,16.95064681906787,2.1798365122615804e-05,18.52346454792655,LOW,0,0
878_1496,BASELINE,0.0,6.501042270928425,6.501042270928425,0.0,LOW,16.95064681906787,0.0026122024055266566,11.087445215767882,LOW,0,0
880_646,BASELINE,0.0,53.83249527033392,53.83249527033392,0.0,HIGH,16.95064681906787,0.7357035624506212,81.20172718502087,HIGH,0,0
882_411,BASELINE,0.0,9.810997004559148,9.810997004559148,0.0,LOW,16.95064681906787,0.036539781184862924,25.52682422344018,LOW,0,0
885_511,BASELINE,0.0,62.010223577716516,62.010223577716516,0.0,HIGH,16.95064681906787,0.9070556192173841,68.73537903712712,HIGH,0,0
885_634,BASELINE,0.0,60.189472586704355,60.189472586704355,0.0,HIGH,16.95064681906787,0.8725347943722948,69.51432279180482,HIGH,0,0
886_522,BASELINE,0.0,65.13507234418039,65.13507234418039,0.0,HIGH,16.95064681906787,0.9703996495567923,65.14465001509137,HIGH,0,0
887_524,BASELINE,0.0,63.00418948295207,63.00418948295207,0.0,HIGH,16.95064681906787,0.9334656705728137,64.14950984399637,HIGH,0,0
887_1019,BASELINE,0.0,7.318070320765784,7.318070320765784,0.0,LOW,16.95064681906787,0.007220283213607464,16.72328126969704,LOW,0,0
888_520,BASELINE,0.0,65.36523660904668,65.36523660904668,0.0,HIGH,16.95064681906787,0.976628220985364,64.02057837803994,HIGH,0,0
888_1672,BASELINE,0.0,6.751945489624281,6.751945489624281,0.0,LOW,16.95064681906787,0.01011703646036071,9.468818672567716,LOW,0,0
889_524,BASELINE,0.0,64.42098253300074,64.42098253300074,0.0,HIGH,16.95064681906787,0.9613836322407752,62.962561427104305,HIGH,0,0
890_1332,BASELINE,0.0,7.058088130867637,7.058088130867637,0.0,LOW,16.95064681906787,0.00487656026988452,15.412506989763191,LOW,0,0
892_524,BASELINE,0.0,62.908272145810265,62.908272145810265,0.0,HIGH,16.95064681906787,0.9359212004696477,61.83979502931971,HIGH,0,0
892_639,BASELINE,0.0,60.456546996782365,60.456546996782365,0.0,HIGH,16.95064681906787,0.8704422799422799,73.335949829093,HIGH,0,0
894_251,BASELINE,0.0,14.98146198079105,14.98146198079105,0.0,LOW,16.95064681906787,0.08853439887762138,48.634434254742025,LOW,0,0
897_647,BASELINE,0.0,60.33505656472844,60.33505656472844,0.0,HIGH,16.95064681906787,0.8736033910533907,70.38243439744282,HIGH,0,0
898_1638,BASELINE,0.0,9.125204547555063,9.125204547555063,0.0,LOW,16.95064681906787,0.002943010486334737,37.14712353758982,LOW,0,0
899_269,BASELINE,0.0,10.372535075670726,10.372535075670726,0.0,LOW,16.95064681906787,0.0440421744807611,27.015888621811957,LOW,0,0
899_1425,BASELINE,0.0,6.227969748664449,6.227969748664449,0.0,LOW,16.95064681906787,2.1798365122615804e-05,9.781442215350356,LOW,0,0
903_541,BASELINE,0.0,59.105735845244816,59.105735845244816,0.0,HIGH,16.95064681906787,0.8473577981495628,72.52430329971185,HIGH,0,0
906_656,BASELINE,0.0,49.24731608032724,49.24731608032724,0.0,MODERATE,16.95064681906787,0.6743781163281161,69.07893065233178,MODERATE,0,0
909_653,BASELINE,0.0,54.03993573037715,54.03993573037715,0.0,HIGH,16.95064681906787,0.7420000581118231,79.81305917179212,HIGH,0,0
909_849,BASELINE,0.0,8.349348261302108,8.349348261302108,0.0,LOW,16.95064681906787,0.01182696431028856,24.502386071885667,LOW,0,0
910_140,BASELINE,0.0,17.650333075937098,17.650333075937098,0.0,LOW,16.95064681906787,0.09887958152958157,69.6332947476244,LOW,0,0
911_877,BASELINE,0.0,8.444618303505923,8.444618303505923,0.0,LOW,16.95064681906787,0.0038955357388599896,29.81737220820953,LOW,0,0
912_1617,BASELINE,0.0,9.334003547167109,9.334003547167109,0.0,LOW,16.95064681906787,0.0071092442525685015,36.94368496228172,LOW,0,0
913_280,BASELINE,0.0,10.95710782390563,10.95710782390563,0.0,LOW,16.95064681906787,0.04479814117311498,32.44583442336637,LOW,0,0
914_551,BASELINE,0.0,47.59778266515599,47.59778266515599,0.0,MODERATE,16.95064681906787,0.6384732412032414,72.33127781930034,MODERATE,0,0
914_1536,BASELINE,0.0,7.505623609065526,7.505623609065526,0.0,LOW,16.95064681906787,2.1798365122615804e-05,22.557980819361124,LOW,0,0
915_1203,BASELINE,0.0,6.705608105458198,6.705608105458198,0.0,LOW,16.95064681906787,2.1798365122615804e-05,14.557825783287853,LOW,0,0
917_1139,BASELINE,0.0,10.688212327132662,10.688212327132662,0.0,LOW,16.95064681906787,0.046412534295858544,28.868963238127726,LOW,0,0
918_987,BASELINE,0.0,15.21214010632573,15.21214010632573,0.0,LOW,16.95064681906787,0.08896671685802121,50.70344062086893,LOW,0,0
919_189,BASELINE,0.0,9.711179138958864,9.711179138958864,0.0,LOW,16.95064681906787,0.013743535411743522,37.06658074265301,LOW,0,0
919_555,BASELINE,0.0,37.2793059457168,37.2793059457168,0.0,MODERATE,16.95064681906787,0.4598388336301378,67.39543479011552,MODERATE,0,0
919_1247,BASELINE,0.0,6.0124625058122225,6.0124625058122225,0.0,LOW,16.95064681906787,0.0005932269365511872,7.312084072542377,LOW,0,0
919_1636,BASELINE,0.0,19.963808153081935,19.963808153081935,0.0,LOW,16.95064681906787,0.170597113997114,53.323402661929954,LOW,0,0
924_413,BASELINE,0.0,13.895212639834803,13.895212639834803,0.0,LOW,16.95064681906787,0.07085522837570811,47.49548462123185,LOW,0,0
925_376,BASELINE,0.0,34.086421598111876,34.086421598111876,0.0,MODERATE,16.95064681906787,0.41594751505804123,59.60681652871935,MODERATE,0,0
925_829,BASELINE,0.0,11.629971215165638,11.629971215165638,0.0,LOW,16.95064681906787,0.039541423184747446,42.06566322956858,LOW,0,0
927_907,BASELINE,0.0,18.781903015289625,18.781903015289625,0.0,LOW,16.95064681906787,0.12942592407592415,64.14850574066125,LOW,0,0
927_1239,BASELINE,0.0,6.027565776781362,6.027565776781362,0.0,LOW,16.95064681906787,2.1798365122615804e-05,7.777402496519484,LOW,0,0
931_659,BASELINE,0.0,29.510603582840666,29.510603582840666,0.0,MODERATE,16.95064681906787,0.3204783938283937,66.3566530523134,MODERATE,0,0
932_635,BASELINE,0.0,62.4668712680987,62.4668712680987,0.0,HIGH,16.95064681906787,0.9226920498420499,64.70181909738282,HIGH,0,0
932_842,BASELINE,0.0,19.26293281728359,19.26293281728359,0.0,LOW,16.95064681906787,0.14473715728715736,60.53762549442264,LOW,0,0
934_580,BASELINE,0.0,53.8578857683119,53.8578857683119,0.0,HIGH,16.95064681906787,0.7705519405232446,62.289024224857755,HIGH,0,0
936_632,BASELINE,0.0,62.76591316421965,62.76591316421965,0.0,HIGH,16.95064681906787,0.9243631416202847,66.77313758056323,HIGH,0,0
937_490,BASELINE,0.0,9.920504888972422,9.920504888972422,0.0,LOW,16.95064681906787,0.04821581335396519,20.200085374566658,LOW,0,0
937_628,BASELINE,0.0,53.30817922236884,53.30817922236884,0.0,HIGH,16.95064681906787,0.7505270562770563,67.80564510083073,HIGH,0,0
938_1524,BASELINE,0.0,6.838219745613648,6.838219745613648,0.0,LOW,16.95064681906787,6.220240552665621e-05,15.861719962620114,LOW,0,0
938_1636,BASELINE,0.0,7.877355450047068,7.877355450047068,0.0,LOW,16.95064681906787,0.00013912548244973314,26.210769314646626,LOW,0,0
939_320,BASELINE,0.0,9.003048240797346,9.003048240797346,0.0,LOW,16.95064681906787,0.026749146687298525,22.832185559482582,LOW,0,0
940_32,BASELINE,0.0,11.557351659948825,11.557351659948825,0.0,LOW,16.95064681906787,0.04094388596832373,40.56811314643349,LOW,0,0
940_1007,BASELINE,0.0,8.04718901599316,8.04718901599316,0.0,LOW,16.95064681906787,0.0018891254824497331,26.946604974107547,LOW,0,0
942_891,BASELINE,0.0,8.18793484010716,8.18793484010716,0.0,LOW,16.95064681906787,0.010783313516637767,23.462259796444123,LOW,0,0
944_107,BASELINE,0.0,8.906246516250594,8.906246516250594,0.0,LOW,16.95064681906787,0.006572414530566368,32.961371000217746,LOW,0,0
945_33,BASELINE,0.0,12.100604658253507,12.100604658253507,0.0,LOW,16.95064681906787,0.06767919240378256,31.29622458997797,LOW,0,0
945_584,BASELINE,0.0,9.59562683684068,9.59562683684068,0.0,LOW,16.95064681906787,0.007005647848972099,39.61689588099544,LOW,0,0
946_1451,BASELINE,0.0,7.471599443677102,7.471599443677102,0.0,LOW,16.95064681906787,2.1798365122615804e-05,22.217739165476885,LOW,0,0
947_1256,BASELINE,0.0,5.939918879032783,5.939918879032783,0.0,LOW,16.95064681906787,0.0009217983651226158,6.4059335190336935,LOW,0,0
948_1238,BASELINE,0.0,6.077742999159277,6.077742999159277,0.0,LOW,16.95064681906787,0.0011884650317892825,7.637508053631965,LOW,0,0
949_926,BASELINE,0.0,8.457396397073355,8.457396397073355,0.0,LOW,16.95064681906787,0.011469926219003895,25.779238379804713,LOW,0,0
953_463,BASELINE,0.0,14.21669495570117,14.21669495570117,0.0,LOW,16.95064681906787,0.09456146949655121,37.671875163431835,LOW,0,0
954_842,BASELINE,0.0,8.804306376050928,8.804306376050928,0.0,LOW,16.95064681906787,0.013779450028527703,27.978100074342354,LOW,0,0
955_518,BASELINE,0.0,7.236586764065199,7.236586764065199,0.0,LOW,16.95064681906787,0.0025066468499711004,18.500945702691183,LOW,0,0
957_127,BASELINE,0.0,10.004312041556439,10.004312041556439,0.0,LOW,16.95064681906787,0.023543113352339898,34.60814190130073,LOW,0,0
957_226,BASELINE,0.0,15.984677828075236,15.984677828075236,0.0,LOW,16.95064681906787,0.09280685425685431,56.3167422690058,LOW,0,0
958_779,BASELINE,0.0,9.061618317940919,9.061618317940919,0.0,LOW,16.95064681906787,0.010491241251720993,32.35973432048594,LOW,0,0
964_258,BASELINE,0.0,21.32786307041411,21.32786307041411,0.0,LOW,16.95064681906787,0.17197237925473222,66.20755594356167,LOW,0,0
964_1058,BASELINE,0.0,7.8843388946594555,7.8843388946594555,0.0,LOW,16.95064681906787,0.010503075421399671,20.580431294348042,LOW,0,0
965_975,BASELINE,0.0,8.037303316915045,8.037303316915045,0.0,LOW,16.95064681906787,0.0007432595523372276,27.477974244888276,LOW,0,0
966_677,BASELINE,0.0,26.202860317234038,26.202860317234038,0.0,MODERATE,16.95064681906787,0.2782183866168338,56.52222436260509,MODERATE,0,0
969_529,BASELINE,0.0,12.230763940839193,12.230763940839193,0.0,LOW,16.95064681906787,0.06587486849894614,33.59019556349486,LOW,0,0
970_131,BASELINE,0.0,8.456476255165345,8.456476255165345,0.0,LOW,16.95064681906787,0.006082575337983915,28.733079945285596,LOW,0,0
974_800,BASELINE,0.0,12.60264942290657,12.60264942290657,0.0,LOW,16.95064681906787,0.03368364871843133,55.014221263451766,LOW,0,0
975_590,BASELINE,0.0,12.735231145957616,12.735231145957616,0.0,LOW,16.95064681906787,0.0511953823953824,46.708584971639155,LOW,0,0
980_1051,BASELINE,0.0,10.142225185089472,10.142225185089472,0.0,LOW,16.95064681906787,0.02151205810538236,37.10435372245774,LOW,0,0
982_1047,BASELINE,0.0,17.220364246677388,17.220364246677388,0.0,LOW,16.95064681906787,0.12581570675701112,50.51873757994105,LOW,0,0
987_224,BASELINE,0.0,18.1359061017344,18.1359061017344,0.0,LOW,16.95064681906787,0.1222182317682317,61.652767374339824,LOW,0,0
988_92,BASELINE,0.0,13.445718642673622,13.445718642673622,0.0,LOW,16.95064681906787,0.05540699317031741,51.49707401258497,LOW,0,0
991_998,BASELINE,0.0,39.772203938963415,39.772203938963415,0.0,MODERATE,16.95064681906787,0.4975418552036197,71.58775285716656,MODERATE,0,0
992_1158,BASELINE,0.0,8.042615490177164,8.042615490177164,0.0,LOW,16.95064681906787,0.0012098325531568039,27.274480827058706,LOW,0,0
993_19,BASELINE,0.0,9.934784399113141,9.934784399113141,0.0,LOW,16.95064681906787,0.016066891590796856,38.024787445716434,LOW,0,0
993_1052,BASELINE,0.0,8.371707386662452,8.371707386662452,0.0,LOW,16.95064681906787,0.009876560269884522,25.79869954771134,LOW,0,0
997_899,BASELINE,0.0,11.111608227111624,11.111608227111624,0.0,LOW,16.95064681906787,0.018603903497763783,48.39766917686946,LOW,0,0
999_1162,BASELINE,0.0,7.170876988649531,7.170876988649531,0.0,LOW,16.95064681906787,2.1798365122615804e-05,19.210514615201177,LOW,0,0
1001_1328,BASELINE,0.0,6.059694227963595,6.059694227963595,0.0,LOW,16.95064681906787,0.0008789412222654729,7.627258436913241,LOW,0,0
1003_1062,BASELINE,0.0,7.022165510867524,7.022165510867524,0.0,LOW,16.95064681906787,0.001990052333376584,16.64086015484142,LOW,0,0
1007_87,BASELINE,0.0,16.19200836034615,16.19200836034615,0.0,LOW,16.95064681906787,0.0768388888888889,67.17242854409591,LOW,0,0
1008_81,BASELINE,0.0,16.04786296473632,16.04786296473632,0.0,LOW,16.95064681906787,0.08498434343434345,61.25097458799762,LOW,0,0
1009_1179,BASELINE,0.0,6.631901515104332,6.631901515104332,0.0,LOW,16.95064681906787,2.1798365122615804e-05,13.820759879749184,LOW,0,0
1010_457,BASELINE,0.0,10.306184635844058,10.306184635844058,0.0,LOW,16.95064681906787,0.045311209756291486,25.654414822003567,LOW,0,0
1011_1108,BASELINE,0.0,7.570627762739608,7.570627762739608,0.0,LOW,16.95064681906787,0.0002717983651226158,23.070522356101954,LOW,0,0
1014_1107,BASELINE,0.0,8.07197449139795,8.07197449139795,0.0,LOW,16.95064681906787,0.0048455357388599895,25.56843408712981,LOW,0,0
1016_443,BASELINE,0.0,9.142058976341076,9.142058976341076,0.0,LOW,16.95064681906787,0.013623862967187216,31.441198960981087,LOW,0,0
1016_619,BASELINE,0.0,13.053098245394395,13.053098245394395,0.0,LOW,16.95064681906787,0.0357825396825397,58.364319458070405,LOW,0,0
1016_1253,BASELINE,0.0,6.368778602187146,6.368778602187146,0.0,LOW,16.95064681906787,0.0034884650317892826,9.282864083910654,LOW,0,0
1016_1530,BASELINE,0.0,6.112210549999653,6.112210549999653,0.0,LOW,16.95064681906787,6.220240552665621e-05,8.601628006480171,LOW,0,0
1020_1076,BASELINE,0.0,6.96497800060879,6.96497800060879,0.0,LOW,16.95064681906787,6.220240552665621e-05,17.129302512571538,LOW,0,0
1025_201,BASELINE,0.0,18.24154788302276,18.24154788302276,0.0,LOW,16.95064681906787,0.11667915972915975,65.75567480871304,LOW,0,0
1026_880,BASELINE,0.0,7.3026230895355875,7.3026230895355875,0.0,LOW,16.95064681906787,0.0018324236838742406,19.53213169874835,LOW,0,0
1026_1098,BASELINE,0.0,8.967048520168497,8.967048520168497,0.0,LOW,16.95064681906787,0.007571737315061565,33.0197635079244,LOW,0,0
1026_1319,BASELINE,0.0,6.20159516734889,6.20159516734889,0.0,LOW,16.95064681906787,0.0008789412222654729,9.046267830766192,LOW,0,0
1029_1610,BASELINE,0.0,7.264353709859046,7.264353709859046,0.0,LOW,16.95064681906787,0.0028384650317892822,18.596115160629655,LOW,0,0
1032_360,BASELINE,0.0,8.034734623838728,8.034734623838728,0.0,LOW,16.95064681906787,0.011291547186917472,21.650729115105978,LOW,0,0
1034_1025,BASELINE,0.0,8.601884893625716,8.601884893625716,0.0,LOW,16.95064681906787,0.014351980938214106,25.638993249762688,LOW,0,0
1036_471,BASELINE,0.0,8.721310684567754,8.721310684567754,0.0,LOW,16.95064681906787,0.01793770399678167,24.861103476970918,LOW,0,0
1039_973,BASELINE,0.0,14.170140860968058,14.170140860968058,0.0,LOW,16.95064681906787,0.0635066468499711,54.28648667171978,LOW,0,0
1041_497,BASELINE,0.0,10.945372705906506,10.945372705906506,0.0,LOW,16.95064681906787,0.021795579454657127,44.97989218852694,LOW,0,0
1043_279,BASELINE,0.0,27.028052382015005,27.028052382015005,0.0,MODERATE,16.95064681906787,0.2600461593961595,74.76886998178566,MODERATE,0,0
1045_181,BASELINE,0.0,21.07953023231491,21.07953023231491,0.0,LOW,16.95064681906787,0.17650841380841384,61.229408558044774,LOW,0,0
1045_618,BASELINE,0.0,12.241647517273993,12.241647517273993,0.0,LOW,16.95064681906787,0.06163808652141077,36.0292614154873,LOW,0,0
1046_339,BASELINE,0.0,7.282574795267882,7.282574795267882,0.0,LOW,16.95064681906787,0.007329459274829562,16.308279181045858,LOW,0,0
1046_1566,BASELINE,0.0,6.046332288771316,6.046332288771316,0.0,LOW,16.95064681906787,2.1798365122615804e-05,7.965067616419026,LOW,0,0
1050_433,BASELINE,0.0,9.172087902438793,9.172087902438793,0.0,LOW,16.95064681906787,0.029317011617265767,23.11025646441506,LOW,0,0
1050_1505,BASELINE,0.0,6.895910938925215,6.895910938925215,0.0,LOW,16.95064681906787,2.1798365122615804e-05,16.46085411795801,LOW,0,0
1050_1612,BASELINE,0.0,6.5437729222158705,6.5437729222158705,0.0,LOW,16.95064681906787,2.1798365122615804e-05,12.939473950864572,LOW,0,0
1051_1104,BASELINE,0.0,8.352646719992297,8.352646719992297,0.0,LOW,16.95064681906787,0.008216964310288562,26.520870658787572,LOW,0,0
1052_1614,BASELINE,0.0,6.7540019014472445,6.7540019014472445,0.0,LOW,16.95064681906787,0.002490052333376584,13.684224060638625,LOW,0,0
1057_120,BASELINE,0.0,10.525667656558582,10.525667656558582,0.0,LOW,16.95064681906787,0.01528809523809524,44.361958014156734,LOW,0,0
1057_918,BASELINE,0.0,7.489417889866429,7.489417889866429,0.0,LOW,16.95064681906787,0.004455059548383799,19.957629976576502,LOW,0,0
1058_278,BASELINE,0.0,34.24970141570817,34.24970141570817,0.0,MODERATE,16.95064681906787,0.3966679653679652,71.84336703422404,MODERATE,0,0
1059_152,BASELINE,0.0,11.646978216964154,11.646978216964154,0.0,LOW,16.95064681906787,0.021628471528471527,52.0878566585055,LOW,0,0
1066_289,BASELINE,0.0,15.47751697588241,15.47751697588241,0.0,LOW,16.95064681906787,0.0843831390831391,55.878177092620874,LOW,0,0
1068_486,BASELINE,0.0,8.644039755164497,8.644039755164497,0.0,LOW,16.95064681906787,0.009220719869797545,28.882735452779624,LOW,0,0
1068_1321,BASELINE,0.0,7.000995084594769,7.000995084594769,0.0,LOW,16.95064681906787,0.0026122024055266566,16.08697335243133,LOW,0,0
1074_637,BASELINE,0.0,57.59417342472188,57.59417342472188,0.0,HIGH,16.95064681906787,0.8279510700315069,68.0823795594133,HIGH,0,0
1077_1335,BASELINE,0.0,7.702472839363889,7.702472839363889,0.0,LOW,16.95064681906787,0.00024325955233722764,24.404669469376714,LOW,0,0
1078_1103,BASELINE,0.0,27.35711529373838,27.35711529373838,0.0,MODERATE,16.95064681906787,0.2618212343212343,77.08320789022824,MODERATE,0,0
1082_1562,BASELINE,0.0,6.312810874254029,6.312810874254029,0.0,LOW,16.95064681906787,0.0005622024055266562,10.332631249023931,LOW,0,0
1082_1567,BASELINE,0.0,6.313426904619346,6.313426904619346,0.0,LOW,16.95064681906787,6.220240552665621e-05,10.613791552677107,LOW,0,0
1083_787,BASELINE,0.0,11.062252929623094,11.062252929623094,0.0,LOW,16.95064681906787,0.019644469172576028,47.33180508083743,LOW,0,0
1083_1321,BASELINE,0.0,7.836471927112123,7.836471927112123,0.0,LOW,16.95064681906787,0.003722202405526656,23.831241777604866,LOW,0,0
1086_1067,BASELINE,0.0,9.338989290056507,9.338989290056507,0.0,LOW,16.95064681906787,0.023965447038054116,27.722630859158603,LOW,0,0
1087_302,BASELINE,0.0,11.574625921542754,11.574625921542754,0.0,LOW,16.95064681906787,0.037941820010144255,42.391992039371495,LOW,0,0
1087_1067,BASELINE,0.0,9.360893863855873,9.360893863855873,0.0,LOW,16.95064681906787,0.025210685133292218,27.256795644771316,LOW,0,0
1088_1411,BASELINE,0.0,6.0798498074859975,6.0798498074859975,0.0,LOW,16.95064681906787,6.220240552665621e-05,8.278020581343613,LOW,0,0
1091_321,BASELINE,0.0,41.3573003719474,41.3573003719474,0.0,MODERATE,16.95064681906787,0.5210005361305358,74.5364426772026,MODERATE,0,0
1092_1117,BASELINE,0.0,11.140548323540367,11.140548323540367,0.0,LOW,16.95064681906787,0.02453759923092348,45.42353748791906,LOW,0,0
1094_201,BASELINE,0.0,16.531787766940887,16.531787766940887,0.0,LOW,16.95064681906787,0.11661690951978877,48.69231126304836,LOW,0,0
1097_795,BASELINE,0.0,14.2000709296081,14.2000709296081,0.0,LOW,16.95064681906787,0.06118210678210677,55.864284395445566,LOW,0,0
1100_1252,BASELINE,0.0,16.53636906188998,16.53636906188998,0.0,LOW,16.95064681906787,0.11790822510822517,48.027900638899276,LOW,0,0
1101_1475,BASELINE,0.0,6.785185692624993,6.785185692624993,0.0,LOW,16.95064681906787,0.001976592885670561,14.278464668654427,LOW,0,0
1103_337,BASELINE,0.0,11.669412661756558,11.669412661756558,0.0,LOW,16.95064681906787,0.05973960526410598,31.35107755183058,LOW,0,0
1104_399,BASELINE,0.0,8.104558622984575,8.104558622984575,0.0,LOW,16.95064681906787,0.00834553573885999,23.96927540299605,LOW,0,0
1107_88,BASELINE,0.0,8.978834123159054,8.978834123159054,0.0,LOW,16.95064681906787,0.007329792593116844,33.27068913489957,LOW,0,0
1107_435,BASELINE,0.0,8.752557072298924,8.752557072298924,0.0,LOW,16.95064681906787,0.003610107795804928,33.05374526481983,LOW,0,0
1107_500,BASELINE,0.0,11.759180616743354,11.759180616743354,0.0,LOW,16.95064681906787,0.05358332718717774,35.63471004400907,LOW,0,0
1109_795,BASELINE,0.0,15.455410434084621,15.455410434084621,0.0,LOW,16.95064681906787,0.0767780885780886,59.83988945242078,LOW,0,0
1109_1267,BASELINE,0.0,11.763876150784323,11.763876150784323,0.0,LOW,16.95064681906787,0.049536877730201975,37.90721258575544,LOW,0,0
1110_199,BASELINE,0.0,46.93312923785335,46.93312923785335,0.0,MODERATE,16.95064681906787,0.6295236567354209,70.60701500357537,MODERATE,0,0
1111_515,BASELINE,0.0,10.0001182078853,10.0001182078853,0.0,LOW,16.95064681906787,0.024922082875933442,33.80777032661292,LOW,0,0
1111_1100,BASELINE,0.0,9.697617102608493,9.697617102608493,0.0,LOW,16.95064681906787,0.010157106535213394,38.90349626124087,LOW,0,0
1121_1124,BASELINE,0.0,8.765960389998936,8.765960389998936,0.0,LOW,16.95064681906787,0.017689999015696147,25.44383827087978,LOW,0,0
1123_788,BASELINE,0.0,10.707715825592409,10.707715825592409,0.0,LOW,16.95064681906787,0.015203515962593636,46.228958306020886,LOW,0,0
1123_1591,BASELINE,0.0,9.309409346992037,9.309409346992037,0.0,LOW,16.95064681906787,0.0038192009625252128,38.5072667700548,LOW,0,0
1124_781,BASELINE,0.0,49.99311978848088,49.99311978848088,0.0,MODERATE,16.95064681906787,0.6940805833836523,65.70061085332341,MODERATE,0,0
1135_1482,BASELINE,0.0,6.461795180387779,6.461795180387779,0.0,LOW,16.95064681906787,6.220240552665621e-05,12.097474310361427,LOW,0,0
1138_1485,BASELINE,0.0,6.480610884032945,6.480610884032945,0.0,LOW,16.95064681906787,6.220240552665621e-05,12.285631346813092,LOW,0,0
1139_1010,BASELINE,0.0,36.87110105718319,36.87110105718319,0.0,MODERATE,16.95064681906787,0.47269277746408167,56.24371679611026,MODERATE,0,0
1140_819,BASELINE,0.0,29.499941946519034,29.499941946519034,0.0,MODERATE,16.95064681906787,0.3162812076812078,68.55848907004929,MODERATE,0,0
1146_1185,BASELINE,0.0,6.648008798620221,6.648008798620221,0.0,LOW,16.95064681906787,2.1798365122615804e-05,13.981832714908077,LOW,0,0
1148_459,BASELINE,0.0,7.908489158120439,7.908489158120439,0.0,LOW,16.95064681906787,0.015461555336535307,18.09476997563327,LOW,0,0
1151_1077,BASELINE,0.0,7.136949372810398,7.136949372810398,0.0,LOW,16.95064681906787,7.659288567056101e-05,18.841101470508477,LOW,0,0
1152_1100,BASELINE,0.0,10.817761618864672,10.817761618864672,0.0,LOW,16.95064681906787,0.0230549152482395,43.01114663163829,LOW,0,0
1162_368,BASELINE,0.0,9.722056470724445,9.722056470724445,0.0,LOW,16.95064681906787,0.03169556317929761,27.301738788154072,LOW,0,0
1163_290,BASELINE,0.0,6.383654302143199,6.383654302143199,0.0,LOW,16.95064681906787,6.220240552665621e-05,11.316065527915633,LOW,0,0
1165_587,BASELINE,0.0,6.4984039566415674,6.4984039566415674,0.0,LOW,16.95064681906787,0.0032551316984559485,10.707450961788211,LOW,0,0
1166_1096,BASELINE,0.0,13.43073680492488,13.43073680492488,0.0,LOW,16.95064681906787,0.05570993475123908,51.18063776559062,LOW,0,0
1166_1256,BASELINE,0.0,10.414062646644119,10.414062646644119,0.0,LOW,16.95064681906787,0.020294444444444445,40.49241585152005,LOW,0,0
1167_1345,BASELINE,0.0,7.860582769216304,7.860582769216304,0.0,LOW,16.95064681906787,0.0018891254824497331,25.080542506338986,LOW,0,0
1167_1471,BASELINE,0.0,7.333799885400897,7.333799885400897,0.0,LOW,16.95064681906787,2.1798365122615804e-05,20.839743582714824,LOW,0,0
1169_1408,BASELINE,0.0,8.02604186061552,8.02604186061552,0.0,LOW,16.95064681906787,0.0014724588157830664,26.96430008699781,LOW,0,0
1170_1438,BASELINE,0.0,16.416404108406446,16.416404108406446,0.0,LOW,16.95064681906787,0.13063492063492066,39.8285685643814,LOW,0,0
1172_572,BASELINE,0.0,6.24222153862682,6.24222153862682,0.0,LOW,16.95064681906787,2.1798365122615804e-05,9.92396011497407,LOW,0,0
1177_1024,BASELINE,0.0,17.469150291134873,17.469150291134873,0.0,LOW,16.95064681906787,0.12958398268398272,50.93404626468152,LOW,0,0
1180_41,BASELINE,0.0,8.914380994665713,8.914380994665713,0.0,LOW,16.95064681906787,0.008671928235252485,31.887983246791556,LOW,0,0
1181_470,BASELINE,0.0,7.20769765073094,7.20769765073094,0.0,LOW,16.95064681906787,0.006721830980908656,15.893703297332934,LOW,0,0
1182_108,BASELINE,0.0,11.71197740592886,11.71197740592886,0.0,LOW,16.95064681906787,0.025556682409673126,50.57733256349166,LOW,0,0
1192_259,BASELINE,0.0,8.100659155817013,8.100659155817013,0.0,LOW,16.95064681906787,0.032080919244243486,10.875819803359517,LOW,0,0
1193_167,BASELINE,0.0,10.768276631079136,10.768276631079136,0.0,LOW,16.95064681906787,0.024426627367299895,41.76185508829971,LOW,0,0
1196_88,BASELINE,0.0,13.339784552996383,13.339784552996383,0.0,LOW,16.95064681906787,0.046346825396825386,55.420825391233166,LOW,0,0
1200_189,BASELINE,0.0,8.890648178184989,8.890648178184989,0.0,LOW,16.95064681906787,0.021253220922242324,24.73094410413991,LOW,0,0
3_1656,RAINFALL_PLUS_25_PERCENT,25.0,8.580275086443297,6.983213461421144,1.5970616250221532,LOW,23.33889331915648,0.010009893603217855,11.840426961964926,LOW,0,0
4_988,RAINFALL_PLUS_25_PERCENT,25.0,9.400468871885748,7.803407246863594,1.5970616250221532,LOW,23.33889331915648,0.01695086948509603,16.22482808135644,LOW,0,0
5_1571,RAINFALL_PLUS_25_PERCENT,25.0,10.15011550961924,8.553053884597087,1.5970616250221532,LOW,23.33889331915648,0.014170283213607467,25.250616908010066,LOW,0,0
10_680,RAINFALL_PLUS_25_PERCENT,25.0,10.489915397506751,8.8928537724846,1.5970616250221514,LOW,23.33889331915648,0.028521037330115004,20.755701022806043,LOW,0,0
12_491,RAINFALL_PLUS_25_PERCENT,25.0,8.857721505591115,7.260659880568964,1.5970616250221514,LOW,23.33889331915648,0.0007432595523372276,19.711539881427463,LOW,0,0
13_1255,RAINFALL_PLUS_25_PERCENT,25.0,7.618438372337226,6.021376747315074,1.5970616250221523,LOW,23.33889331915648,0.001271798365122616,7.028012201856597,LOW,0,0
15_652,RAINFALL_PLUS_25_PERCENT,25.0,27.25571580912057,25.658654184098417,1.5970616250221532,MODERATE,23.33889331915648,0.2646531801531802,58.54102658625838,MODERATE,0,0
15_1456,RAINFALL_PLUS_25_PERCENT,25.0,8.255773674993547,6.658712049971395,1.5970616250221514,LOW,23.33889331915648,0.005293226936551187,11.1895795141341,LOW,0,0
16_317,RAINFALL_PLUS_25_PERCENT,25.0,11.191752643496528,9.594691018474375,1.5970616250221532,LOW,23.33889331915648,0.02200093001778368,31.36013250448603,LOW,0,0
17_355,RAINFALL_PLUS_25_PERCENT,25.0,17.822809646298357,16.225748021276203,1.5970616250221532,LOW,23.33889331915648,0.12125802139037431,43.07930227757947,LOW,0,0
20_1290,RAINFALL_PLUS_25_PERCENT,25.0,7.8000144936407585,6.202952868618606,1.5970616250221523,LOW,23.33889331915648,2.1798365122615804e-05,9.53127341489193,LOW,0,0
20_1453,RAINFALL_PLUS_25_PERCENT,25.0,8.164391035591677,6.567329410569526,1.5970616250221514,LOW,23.33889331915648,0.0030122024055266564,11.530316612178892,LOW,0,0
23_244,RAINFALL_PLUS_25_PERCENT,25.0,21.48591766954127,19.888856044519116,1.5970616250221532,LOW,23.33889331915648,0.15265384060384068,62.442681942602064,LOW,0,0
27_1200,RAINFALL_PLUS_25_PERCENT,25.0,7.9549150827525885,6.357853457730437,1.5970616250221514,LOW,23.33889331915648,0.009902353920678173,5.645973750454671,LOW,0,0
29_729,RAINFALL_PLUS_25_PERCENT,25.0,11.93621014891568,10.339148523893527,1.5970616250221532,LOW,23.33889331915648,0.021154835149163456,39.27005973641868,LOW,0,0
31_874,RAINFALL_PLUS_25_PERCENT,25.0,10.313488758024256,8.716427133002103,1.5970616250221532,LOW,23.33889331915648,0.019150136366990034,24.145430157699817,LOW,0,0
31_1025,RAINFALL_PLUS_25_PERCENT,25.0,8.475202344508322,6.87814071948617,1.5970616250221514,LOW,23.33889331915648,0.002457848943546076,14.943324105434662,LOW,0,0
32_1418,RAINFALL_PLUS_25_PERCENT,25.0,7.884787343802152,6.28772571878,1.5970616250221523,LOW,23.33889331915648,6.220240552665621e-05,10.356779694283638,LOW,0,0
33_13,RAINFALL_PLUS_25_PERCENT,25.0,35.81856598580901,34.22150436078686,1.5970616250221497,MODERATE,23.33889331915648,0.42607817259645286,55.3857825093428,MODERATE,0,0
33_708,RAINFALL_PLUS_25_PERCENT,25.0,9.431389539398964,7.834327914376811,1.5970616250221532,LOW,23.33889331915648,0.002305535738859989,24.58896831691842,LOW,0,0
39_194,RAINFALL_PLUS_25_PERCENT,25.0,19.657721530230894,18.060659905208745,1.5970616250221497,LOW,23.33889331915648,0.13008316128316136,56.574594175871994,LOW,0,0
40_15,RAINFALL_PLUS_25_PERCENT,25.0,16.958581064020976,15.361519438998823,1.5970616250221532,LOW,23.33889331915648,0.09287720998807955,50.04646272606777,LOW,0,0
41_966,RAINFALL_PLUS_25_PERCENT,25.0,13.55687968258393,11.959818057561776,1.5970616250221532,LOW,23.33889331915648,0.0448966596305199,42.418751608355116,LOW,0,0
44_642,RAINFALL_PLUS_25_PERCENT,25.0,14.23839367077445,12.641332045752296,1.5970616250221532,LOW,23.33889331915648,0.041961585799910044,50.84818209709573,LOW,0,0
44_777,RAINFALL_PLUS_25_PERCENT,25.0,9.876095437810807,8.279033812788654,1.5970616250221532,LOW,23.33889331915648,0.015493630976955228,21.782574920084475,LOW,0,0
44_843,RAINFALL_PLUS_25_PERCENT,25.0,9.981060569313724,8.383998944291571,1.5970616250221532,LOW,23.33889331915648,0.002386849295926971,30.040956159679183,LOW,0,0
44_1523,RAINFALL_PLUS_25_PERCENT,25.0,18.370644989539954,16.7735833645178,1.5970616250221532,LOW,23.33889331915648,0.09867409812409811,60.97881350644736,LOW,0,0
47_1039,RAINFALL_PLUS_25_PERCENT,25.0,9.144624379604489,7.547562754582336,1.5970616250221523,LOW,23.33889331915648,7.659288567056101e-05,22.94723528822786,LOW,0,0
51_586,RAINFALL_PLUS_25_PERCENT,25.0,9.452002956388213,7.854941331366061,1.5970616250221523,LOW,23.33889331915648,0.006375402409480087,22.556675817969865,LOW,0,0
51_1520,RAINFALL_PLUS_25_PERCENT,25.0,12.277481648428829,10.680420023406677,1.5970616250221514,LOW,23.33889331915648,0.014060125738232598,46.58486490756214,LOW,0,0
52_235,RAINFALL_PLUS_25_PERCENT,25.0,30.424446103860262,28.82738447883811,1.5970616250221532,MODERATE,23.33889331915648,0.3170483753834817,61.41097215698944,MODERATE,0,0
53_566,RAINFALL_PLUS_25_PERCENT,25.0,32.677128313481006,31.08006668845885,1.5970616250221568,MODERATE,23.33889331915648,0.35867724022354464,61.041918591162236,MODERATE,0,0
53_801,RAINFALL_PLUS_25_PERCENT,25.0,8.78765808959867,7.190596464576519,1.5970616250221514,LOW,23.33889331915648,0.0006665180522151843,19.05311354657014,LOW,0,0
59_1544,RAINFALL_PLUS_25_PERCENT,25.0,11.849411591661493,10.252349966639342,1.5970616250221514,LOW,23.33889331915648,0.012348902334599466,43.24533721188701,LOW,0,0
61_1203,RAINFALL_PLUS_25_PERCENT,25.0,7.48678329791146,5.889721672889307,1.5970616250221532,LOW,23.33889331915648,6.220240552665621e-05,6.376739235376712,LOW,0,0
62_218,RAINFALL_PLUS_25_PERCENT,25.0,54.244171122117685,52.64710949709553,1.5970616250221568,HIGH,23.33889331915648,0.7532799020424019,59.68088267715756,HIGH,0,0
62_993,RAINFALL_PLUS_25_PERCENT,25.0,19.50734039413712,17.910278769114967,1.5970616250221532,LOW,23.33889331915648,0.12600526695526706,57.3136246952761,LOW,0,0
62_1076,RAINFALL_PLUS_25_PERCENT,25.0,9.57802455595212,7.980962930929969,1.5970616250221523,LOW,23.33889331915648,0.005881354790432465,24.088618004085134,LOW,0,0
67_1132,RAINFALL_PLUS_25_PERCENT,25.0,7.860841423220318,6.263779798198166,1.5970616250221523,LOW,23.33889331915648,2.1798365122615804e-05,10.13954271068752,LOW,0,0
69_27,RAINFALL_PLUS_25_PERCENT,25.0,37.007644886402076,35.41058326137993,1.5970616250221497,MODERATE,23.33889331915648,0.4316771766880461,64.19711926489717,MODERATE,0,0
70_593,RAINFALL_PLUS_25_PERCENT,25.0,9.657253135723675,8.060191510701522,1.5970616250221532,LOW,23.33889331915648,0.0077376713809956315,23.859929676990923,LOW,0,0
80_1256,RAINFALL_PLUS_25_PERCENT,25.0,8.15550595183635,6.5584443268141985,1.5970616250221514,LOW,23.33889331915648,0.001853869072193323,12.078549107958953,LOW,0,0
83_532,RAINFALL_PLUS_25_PERCENT,25.0,17.519363573699405,15.922301948677251,1.5970616250221532,LOW,23.33889331915648,0.09999597500547575,51.73896706328416,LOW,0,0
84_1435,RAINFALL_PLUS_25_PERCENT,25.0,12.70881612959365,11.111754504571497,1.5970616250221532,LOW,23.33889331915648,0.027937445887445886,43.26568363714304,LOW,0,0
85_1002,RAINFALL_PLUS_25_PERCENT,25.0,10.536505997003623,8.93944437198147,1.5970616250221532,LOW,23.33889331915648,0.020893154786479042,25.416942416774525,LOW,0,0
87_1024,RAINFALL_PLUS_25_PERCENT,25.0,23.439965298339814,21.842903673317657,1.5970616250221568,LOW,23.33889331915648,0.19513067946546214,58.620896856695715,LOW,0,0
92_891,RAINFALL_PLUS_25_PERCENT,25.0,8.74982141021248,7.152759785190327,1.5970616250221532,LOW,23.33889331915648,0.00014438949584005253,18.96191745871454,LOW,0,0
93_93,RAINFALL_PLUS_25_PERCENT,25.0,51.46887040727982,49.87180878225767,1.5970616250221497,HIGH,23.33889331915648,0.6908721354125282,66.25214717520944,MODERATE,1,1
93_428,RAINFALL_PLUS_25_PERCENT,25.0,10.15126947315997,8.55420784813782,1.5970616250221514,LOW,23.33889331915648,0.0016535159625936378,32.146378531474994,LOW,0,0
94_580,RAINFALL_PLUS_25_PERCENT,25.0,11.477875391016282,9.88081376599413,1.5970616250221514,LOW,23.33889331915648,0.023897506122760263,33.17824312194645,LOW,0,0
96_631,RAINFALL_PLUS_25_PERCENT,25.0,9.637305075261622,8.040243450239469,1.5970616250221532,LOW,23.33889331915648,0.006606030115107789,24.282851768608708,LOW,0,0
97_1012,RAINFALL_PLUS_25_PERCENT,25.0,17.253089585312928,15.656027960290773,1.597061625022155,LOW,23.33889331915648,0.08180393981969322,59.08184653159976,LOW,0,0
101_401,RAINFALL_PLUS_25_PERCENT,25.0,17.663238469979436,16.066176844957283,1.5970616250221532,LOW,23.33889331915648,0.1135609575846149,45.71697560755793,LOW,0,0
102_554,RAINFALL_PLUS_25_PERCENT,25.0,12.0314384542603,10.434376829238147,1.5970616250221532,LOW,23.33889331915648,0.01243859793809866,45.01627325595051,LOW,0,0
102_1442,RAINFALL_PLUS_25_PERCENT,25.0,8.675787507383856,7.078725882361703,1.5970616250221523,LOW,23.33889331915648,0.0015932269365511874,17.424717838037182,LOW,0,0
104_1297,RAINFALL_PLUS_25_PERCENT,25.0,11.727017832329121,10.129956207306968,1.5970616250221532,LOW,23.33889331915648,0.01255351596259364,41.90886212316647,LOW,0,0
105_74,RAINFALL_PLUS_25_PERCENT,25.0,23.599431376428083,22.00236975140593,1.5970616250221532,LOW,23.33889331915648,0.20383347338935567,55.42902097943696,LOW,0,0
107_1391,RAINFALL_PLUS_25_PERCENT,25.0,7.931171443222597,6.334109818200445,1.5970616250221523,LOW,23.33889331915648,2.1798365122615804e-05,10.842842910710315,LOW,0,0
110_97,RAINFALL_PLUS_25_PERCENT,25.0,29.549640057857903,27.95257843283575,1.5970616250221532,MODERATE,23.33889331915648,0.272133116883117,77.36630387216645,MODERATE,0,0
110_951,RAINFALL_PLUS_25_PERCENT,25.0,7.991268335319,6.394206710296848,1.5970616250221523,LOW,23.33889331915648,2.1798365122615804e-05,11.44381183167434,LOW,0,0
111_1425,RAINFALL_PLUS_25_PERCENT,25.0,8.158837283132687,6.561775658110536,1.5970616250221514,LOW,23.33889331915648,6.220240552665621e-05,13.097279087588992,LOW,0,0
112_1345,RAINFALL_PLUS_25_PERCENT,25.0,8.142259431146554,6.545197806124402,1.5970616250221523,LOW,23.33889331915648,0.004664980183304434,10.399972789949882,LOW,0,0
114_1106,RAINFALL_PLUS_25_PERCENT,25.0,9.600373496269016,8.003311871246865,1.5970616250221514,LOW,23.33889331915648,0.011193259552337229,21.39055978820647,LOW,0,0
118_1383,RAINFALL_PLUS_25_PERCENT,25.0,7.767502030798552,6.1704404057764,1.5970616250221514,LOW,23.33889331915648,2.1798365122615804e-05,9.206148786469862,LOW,0,0
122_433,RAINFALL_PLUS_25_PERCENT,25.0,32.5850007925855,30.987939167563347,1.5970616250221497,MODERATE,23.33889331915648,0.359889707756012,59.45378623935016,MODERATE,0,0
125_958,RAINFALL_PLUS_25_PERCENT,25.0,8.027899625883313,6.43083800086116,1.5970616250221532,LOW,23.33889331915648,0.002221798365122616,10.600124737317461,LOW,0,0
126_1544,RAINFALL_PLUS_25_PERCENT,25.0,11.09968852099484,9.50262689597269,1.5970616250221514,LOW,23.33889331915648,0.019135301528625782,32.015586948506005,LOW,0,0
130_1126,RAINFALL_PLUS_25_PERCENT,25.0,9.643114647675432,8.046053022653279,1.5970616250221532,LOW,23.33889331915648,0.014258703127027378,20.13197733619104,LOW,0,0
132_516,RAINFALL_PLUS_25_PERCENT,25.0,15.159708228109743,13.56264660308759,1.5970616250221532,LOW,23.33889331915648,0.07538644482976907,41.6776552040262,LOW,0,0
134_1295,RAINFALL_PLUS_25_PERCENT,25.0,9.687916652962574,8.090855027940423,1.5970616250221514,LOW,23.33889331915648,0.000576592885670561,28.10515802180872,LOW,0,0
138_675,RAINFALL_PLUS_25_PERCENT,25.0,14.051655989265,12.454594364242848,1.5970616250221532,LOW,23.33889331915648,0.06296703646036071,37.42780741875339,LOW,0,0
140_27,RAINFALL_PLUS_25_PERCENT,25.0,11.877720080539245,10.280658455517091,1.5970616250221532,LOW,23.33889331915648,0.02994229372489464,33.85205683600217,LOW,0,0
141_1564,RAINFALL_PLUS_25_PERCENT,25.0,8.969282530833802,7.37222090581165,1.5970616250221514,LOW,23.33889331915648,7.659288567056101e-05,21.193816800520995,LOW,0,0
142_942,RAINFALL_PLUS_25_PERCENT,25.0,8.295949104110218,6.698887479088065,1.5970616250221523,LOW,23.33889331915648,0.004199118784815916,12.193093288755206,LOW,0,0
149_687,RAINFALL_PLUS_25_PERCENT,25.0,17.944846501191062,16.34778487616891,1.5970616250221532,LOW,23.33889331915648,0.11743242107574534,46.403750999552464,LOW,0,0
150_686,RAINFALL_PLUS_25_PERCENT,25.0,20.613468528128738,19.016406903106585,1.5970616250221532,LOW,23.33889331915648,0.1580890755323997,50.728811317769306,LOW,0,0
150_1110,RAINFALL_PLUS_25_PERCENT,25.0,10.454340510750821,8.857278885728668,1.5970616250221532,LOW,23.33889331915648,0.011683217334667893,29.660753152742654,LOW,0,0
154_105,RAINFALL_PLUS_25_PERCENT,25.0,23.16853547476449,21.57147384974234,1.5970616250221497,LOW,23.33889331915648,0.1493187978687979,81.10313349910784,LOW,0,0
156_103,RAINFALL_PLUS_25_PERCENT,25.0,32.714123503587444,31.117061878565295,1.5970616250221497,MODERATE,23.33889331915648,0.33376986882848986,75.11092475950682,MODERATE,0,0
156_878,RAINFALL_PLUS_25_PERCENT,25.0,11.344311664055603,9.74725003903345,1.5970616250221532,LOW,23.33889331915648,0.0158654207244984,36.26025282138368,LOW,0,0
158_1490,RAINFALL_PLUS_25_PERCENT,25.0,9.163349320414756,7.566287695392604,1.5970616250221523,LOW,23.33889331915648,0.0028645833579076085,21.601089936600157,LOW,0,0
159_757,RAINFALL_PLUS_25_PERCENT,25.0,8.154729912219375,6.557668287197224,1.5970616250221514,LOW,23.33889331915648,0.0028991187848159163,11.49590136984678,LOW,0,0
160_1535,RAINFALL_PLUS_25_PERCENT,25.0,8.757324674119248,7.160263049097097,1.5970616250221514,LOW,23.33889331915648,6.220240552665621e-05,19.082152997454603,LOW,0,0
162_836,RAINFALL_PLUS_25_PERCENT,25.0,8.290381536653243,6.6933199116310895,1.5970616250221532,LOW,23.33889331915648,0.003471798365122616,12.53744384501676,LOW,0,0
163_823,RAINFALL_PLUS_25_PERCENT,25.0,7.908222351250149,6.311160726227996,1.5970616250221532,LOW,23.33889331915648,2.1798365122615804e-05,10.61335199098583,LOW,0,0
165_1205,RAINFALL_PLUS_25_PERCENT,25.0,7.813972428051859,6.216910803029707,1.5970616250221523,LOW,23.33889331915648,0.0028955357388599895,8.090297203447383,LOW,0,0
167_997,RAINFALL_PLUS_25_PERCENT,25.0,7.782496687902692,6.18543506288054,1.5970616250221523,LOW,23.33889331915648,6.220240552665621e-05,9.333873135289041,LOW,0,0
169_250,RAINFALL_PLUS_25_PERCENT,25.0,17.672771931857433,16.07571030683528,1.5970616250221532,LOW,23.33889331915648,0.09116066319301615,58.132472141717216,LOW,0,0
171_726,RAINFALL_PLUS_25_PERCENT,25.0,9.153117968639735,7.556056343617584,1.5970616250221514,LOW,23.33889331915648,0.0028099262190038944,21.528837845246997,LOW,0,0
173_1302,RAINFALL_PLUS_25_PERCENT,25.0,8.140210821852396,6.543149196830242,1.5970616250221532,LOW,23.33889331915648,2.1798365122615804e-05,12.933236697008288,LOW,0,0
175_1422,RAINFALL_PLUS_25_PERCENT,25.0,7.798602033160634,6.201540408138481,1.5970616250221532,LOW,23.33889331915648,2.1798365122615804e-05,9.517148810090678,LOW,0,0
176_65,RAINFALL_PLUS_25_PERCENT,25.0,21.05906762402716,19.462005999005008,1.5970616250221532,LOW,23.33889331915648,0.15607438672438673,56.29288112116069,LOW,0,0
177_441,RAINFALL_PLUS_25_PERCENT,25.0,11.184424147563057,9.587362522540904,1.5970616250221532,LOW,23.33889331915648,0.0070864431803034636,39.48981530576543,LOW,0,0
179_140,RAINFALL_PLUS_25_PERCENT,25.0,18.896071746074586,17.299010121052433,1.5970616250221532,LOW,23.33889331915648,0.12491923463010422,51.798255993490294,LOW,0,0
179_393,RAINFALL_PLUS_25_PERCENT,25.0,13.172314087894332,11.57525246287218,1.5970616250221514,LOW,23.33889331915648,0.03125253264639294,46.077365502728995,LOW,0,0
181_409,RAINFALL_PLUS_25_PERCENT,25.0,16.23367164794486,14.636610022922707,1.5970616250221532,LOW,23.33889331915648,0.06724578826411252,56.894650513488486,LOW,0,0
182_1213,RAINFALL_PLUS_25_PERCENT,25.0,8.61027467243891,7.013213047416758,1.5970616250221523,LOW,23.33889331915648,0.01701544915877341,8.287367266365512,LOW,0,0
183_57,RAINFALL_PLUS_25_PERCENT,25.0,14.67145684772072,13.074395222698568,1.5970616250221514,LOW,23.33889331915648,0.0520562092440987,49.62677097225469,LOW,0,0
183_521,RAINFALL_PLUS_25_PERCENT,25.0,50.77594809239384,49.17888646737169,1.5970616250221497,HIGH,23.33889331915648,0.6647050316350317,73.71483110397273,MODERATE,1,1
185_39,RAINFALL_PLUS_25_PERCENT,25.0,55.058961759970025,53.461900134947875,1.5970616250221497,HIGH,23.33889331915648,0.7379189114806765,76.27733386462998,HIGH,0,0
186_549,RAINFALL_PLUS_25_PERCENT,25.0,58.53364504620362,56.93658342118146,1.5970616250221568,HIGH,23.33889331915648,0.8318299940064042,59.373071337815674,HIGH,0,0
186_772,RAINFALL_PLUS_25_PERCENT,25.0,8.275995497493607,6.678933872471456,1.5970616250221514,LOW,23.33889331915648,0.0005217983651226158,14.016083453420425,LOW,0,0
188_63,RAINFALL_PLUS_25_PERCENT,25.0,53.4822330689296,51.885171443907446,1.5970616250221568,HIGH,23.33889331915648,0.7166015648184371,72.2345876184574,HIGH,0,0
189_1397,RAINFALL_PLUS_25_PERCENT,25.0,7.743693294227887,6.146631669205735,1.5970616250221523,LOW,23.33889331915648,0.0012217983651226158,8.308061420763211,LOW,0,0
190_534,RAINFALL_PLUS_25_PERCENT,25.0,52.35235669901596,50.75529507399381,1.5970616250221497,HIGH,23.33889331915648,0.719805439055364,59.17369308901117,HIGH,0,0
190_544,RAINFALL_PLUS_25_PERCENT,25.0,62.735133080903395,61.138071455881246,1.5970616250221497,HIGH,23.33889331915648,0.9086839068025796,59.1182996469169,HIGH,0,0
191_528,RAINFALL_PLUS_25_PERCENT,25.0,59.83255588071085,58.2354942556887,1.5970616250221497,HIGH,23.33889331915648,0.8439483245313933,65.69709789414394,HIGH,0,0
191_1609,RAINFALL_PLUS_25_PERCENT,25.0,12.193907635373519,10.596846010351365,1.5970616250221532,LOW,23.33889331915648,0.017152864044168395,44.04811870874434,LOW,0,0
193_412,RAINFALL_PLUS_25_PERCENT,25.0,64.165855377172,62.568793752149844,1.5970616250221497,HIGH,23.33889331915648,0.9118066859066865,71.7079941023442,HIGH,0,0
194_1163,RAINFALL_PLUS_25_PERCENT,25.0,7.878233270950061,6.281171645927909,1.5970616250221523,LOW,23.33889331915648,0.0006884650317892824,9.946794521318283,LOW,0,0
196_414,RAINFALL_PLUS_25_PERCENT,25.0,66.13967180337653,64.54261017835438,1.5970616250221497,HIGH,23.33889331915648,0.9583068586443587,65.87106335866983,HIGH,0,0
197_397,RAINFALL_PLUS_25_PERCENT,25.0,64.9996019984077,63.402540373385534,1.5970616250221639,HIGH,23.33889331915648,0.9303940767409482,69.82239535585722,HIGH,0,0
197_413,RAINFALL_PLUS_25_PERCENT,25.0,64.72348828385604,63.12642665883388,1.5970616250221639,HIGH,23.33889331915648,0.9292019255370325,67.71694137249429,HIGH,0,0
198_373,RAINFALL_PLUS_25_PERCENT,25.0,17.11182137745704,15.51475975243489,1.5970616250221514,LOW,23.33889331915648,0.10334901780651744,45.81937156028759,LOW,0,0
198_399,RAINFALL_PLUS_25_PERCENT,25.0,68.59961336067569,67.00255173565354,1.5970616250221497,HIGH,23.33889331915648,0.9959666666666667,69.75758451939203,HIGH,0,0
199_37,RAINFALL_PLUS_25_PERCENT,25.0,15.37563824266663,13.778576617644479,1.5970616250221514,LOW,23.33889331915648,0.05813587583354788,53.32476829751675,LOW,0,0
199_399,RAINFALL_PLUS_25_PERCENT,25.0,65.19438471931437,63.59732309429221,1.5970616250221639,HIGH,23.33889331915648,0.9347888774739838,69.3530821617543,HIGH,0,0
199_400,RAINFALL_PLUS_25_PERCENT,25.0,68.52890189483455,66.9318402698124,1.5970616250221497,HIGH,23.33889331915648,0.9955194444444445,69.29644208320282,HIGH,0,0
199_415,RAINFALL_PLUS_25_PERCENT,25.0,62.64662848526554,61.04956686024339,1.5970616250221497,HIGH,23.33889331915648,0.8926431938431935,67.05564581820072,HIGH,0,0
199_995,RAINFALL_PLUS_25_PERCENT,25.0,7.565800888353541,5.968739263331388,1.5970616250221532,LOW,23.33889331915648,2.1798365122615804e-05,7.18913736201975,LOW,0,0
200_397,RAINFALL_PLUS_25_PERCENT,25.0,64.15812977202116,62.56106814699899,1.5970616250221639,HIGH,23.33889331915648,0.9216723889749325,66.20460136330041,HIGH,0,0
200_550,RAINFALL_PLUS_25_PERCENT,25.0,62.0832621644825,60.48620053946034,1.5970616250221568,HIGH,23.33889331915648,0.8970103923888394,59.02002341026504,HIGH,0,0
201_401,RAINFALL_PLUS_25_PERCENT,25.0,66.29154203408294,64.69448040906079,1.5970616250221497,HIGH,23.33889331915648,0.9608365176567081,65.99845320894174,HIGH,0,0
202_1166,RAINFALL_PLUS_25_PERCENT,25.0,7.839699557686683,6.242637932664531,1.5970616250221523,LOW,23.33889331915648,0.0006884650317892824,9.561457388684504,LOW,0,0
202_1269,RAINFALL_PLUS_25_PERCENT,25.0,7.952332956548375,6.355271331526222,1.5970616250221532,LOW,23.33889331915648,0.0018122024055266563,10.069735821745866,LOW,0,0
203_393,RAINFALL_PLUS_25_PERCENT,25.0,66.43027349459881,64.83321186957666,1.5970616250221497,HIGH,23.33889331915648,0.9721830135627629,61.145195065770196,HIGH,0,0
204_389,RAINFALL_PLUS_25_PERCENT,25.0,66.76726521439065,65.17020358936848,1.5970616250221639,HIGH,23.33889331915648,0.9751711698509193,62.871626305202625,HIGH,0,0
204_786,RAINFALL_PLUS_25_PERCENT,25.0,10.885463365401929,9.288401740379776,1.5970616250221532,LOW,23.33889331915648,0.00771638710971136,36.15373832297981,LOW,0,0
206_941,RAINFALL_PLUS_25_PERCENT,25.0,7.846381324788175,6.249319699766023,1.5970616250221523,LOW,23.33889331915648,0.0012217983651226158,9.334941726366097,LOW,0,0
206_1313,RAINFALL_PLUS_25_PERCENT,25.0,7.6949204232595925,6.09785879823744,1.5970616250221523,LOW,23.33889331915648,0.0006884650317892824,8.113666044413598,LOW,0,0
207_398,RAINFALL_PLUS_25_PERCENT,25.0,64.37755698610245,62.78049536108029,1.5970616250221568,HIGH,23.33889331915648,0.9300326902636821,63.8007077953011,HIGH,0,0
207_551,RAINFALL_PLUS_25_PERCENT,25.0,64.78513659730196,63.1880749722798,1.5970616250221568,HIGH,23.33889331915648,0.9497190121862925,57.049026849860454,HIGH,0,0
208_541,RAINFALL_PLUS_25_PERCENT,25.0,66.05482228428544,64.45776065926329,1.5970616250221497,HIGH,23.33889331915648,0.9723897574682051,57.27697381464336,HIGH,0,0
208_542,RAINFALL_PLUS_25_PERCENT,25.0,66.3499528368239,64.75289121180175,1.5970616250221497,HIGH,23.33889331915648,0.9752540431824903,58.65292219717105,HIGH,0,0
208_550,RAINFALL_PLUS_25_PERCENT,25.0,65.7258315708724,64.12876994585024,1.5970616250221639,HIGH,23.33889331915648,0.9671664480202271,56.8598868769009,HIGH,0,0
209_1184,RAINFALL_PLUS_25_PERCENT,25.0,7.6214822786793555,6.024420653657203,1.5970616250221523,LOW,23.33889331915648,2.1798365122615804e-05,7.745951265277894,LOW,0,0
209_1258,RAINFALL_PLUS_25_PERCENT,25.0,7.7397907203933975,6.142729095371245,1.5970616250221523,LOW,23.33889331915648,2.1798365122615804e-05,8.929035682418315,LOW,0,0
209_1337,RAINFALL_PLUS_25_PERCENT,25.0,7.543685999464752,5.9466243744425995,1.5970616250221523,LOW,23.33889331915648,6.220240552665621e-05,6.945766250909635,LOW,0,0
212_536,RAINFALL_PLUS_25_PERCENT,25.0,60.81559047447883,59.218528849456675,1.5970616250221568,HIGH,23.33889331915648,0.8797771307981845,55.82160038508862,HIGH,0,0
212_538,RAINFALL_PLUS_25_PERCENT,25.0,66.72528954758735,65.1282279225652,1.5970616250221497,HIGH,23.33889331915648,0.9818262654047125,58.7915670825835,HIGH,0,0
213_922,RAINFALL_PLUS_25_PERCENT,25.0,7.913395485216965,6.3163338601948125,1.5970616250221523,LOW,23.33889331915648,0.0012217983651226158,10.005083330653994,LOW,0,0
214_536,RAINFALL_PLUS_25_PERCENT,25.0,59.143537356344524,57.546475731322374,1.5970616250221497,HIGH,23.33889331915648,0.8519708522067992,54.39452242900741,HIGH,0,0
214_923,RAINFALL_PLUS_25_PERCENT,25.0,7.831368520413696,6.234306895391543,1.5970616250221523,LOW,23.33889331915648,6.220240552665621e-05,9.822591460399071,LOW,0,0
216_668,RAINFALL_PLUS_25_PERCENT,25.0,9.379788870523907,7.782727245501755,1.5970616250221514,LOW,23.33889331915648,0.015555131698455954,16.78568385039008,LOW,0,0
218_793,RAINFALL_PLUS_25_PERCENT,25.0,9.929561360925028,8.332499735902875,1.5970616250221532,LOW,23.33889331915648,0.0008201826292603046,30.387630742458892,LOW,0,0
221_1601,RAINFALL_PLUS_25_PERCENT,25.0,8.541745271360126,6.944683646337974,1.5970616250221523,LOW,23.33889331915648,7.659288567056101e-05,16.91844420578423,LOW,0,0
222_1036,RAINFALL_PLUS_25_PERCENT,25.0,8.093052174522182,6.4959905495000285,1.5970616250221532,LOW,23.33889331915648,0.003562202405526656,10.514428001483928,LOW,0,0
223_498,RAINFALL_PLUS_25_PERCENT,25.0,65.41226159679502,63.81519997177286,1.5970616250221568,HIGH,23.33889331915648,0.9461307780371888,65.29380562679813,HIGH,0,0
223_591,RAINFALL_PLUS_25_PERCENT,25.0,9.667860839252857,8.070799214230705,1.5970616250221514,LOW,23.33889331915648,0.011548021457099131,21.870314170425825,LOW,0,0
224_1401,RAINFALL_PLUS_25_PERCENT,25.0,7.851456417151941,6.254394792129789,1.5970616250221523,LOW,23.33889331915648,6.220240552665621e-05,10.023470427781529,LOW,0,0
225_41,RAINFALL_PLUS_25_PERCENT,25.0,20.68401253532681,19.08695091030466,1.5970616250221497,LOW,23.33889331915648,0.15550206688736098,52.85710614452136,LOW,0,0
225_934,RAINFALL_PLUS_25_PERCENT,25.0,7.743779436026986,6.146717811004834,1.5970616250221523,LOW,23.33889331915648,0.001021798365122616,8.418922838754202,LOW,0,0
226_699,RAINFALL_PLUS_25_PERCENT,25.0,8.652425897016128,7.055364271993976,1.5970616250221523,LOW,23.33889331915648,7.659288567056101e-05,18.025250462344253,LOW,0,0
227_1644,RAINFALL_PLUS_25_PERCENT,25.0,10.34949340950755,8.752431784485399,1.5970616250221514,LOW,23.33889331915648,0.011013140356464609,28.980824478321747,LOW,0,0
228_721,RAINFALL_PLUS_25_PERCENT,25.0,8.726474979536064,7.129413354513913,1.5970616250221514,LOW,23.33889331915648,0.0011443894958400526,18.178453151950396,LOW,0,0
231_1310,RAINFALL_PLUS_25_PERCENT,25.0,7.524479093999587,5.927417468977435,1.5970616250221523,LOW,23.33889331915648,6.220240552665621e-05,6.7536971962579875,LOW,0,0
234_382,RAINFALL_PLUS_25_PERCENT,25.0,64.79078999802852,63.193728373006365,1.5970616250221497,HIGH,23.33889331915648,0.9387124098124099,63.1591921627614,HIGH,0,0
236_1344,RAINFALL_PLUS_25_PERCENT,25.0,7.566473223549909,5.969411598527756,1.5970616250221523,LOW,23.33889331915648,0.0008789412222654729,6.724432142554859,LOW,0,0
237_46,RAINFALL_PLUS_25_PERCENT,25.0,13.25979306935355,11.6627314443314,1.5970616250221514,LOW,23.33889331915648,0.04199396071887981,41.04436987745339,LOW,0,0
240_1004,RAINFALL_PLUS_25_PERCENT,25.0,7.653320462882284,6.056258837860132,1.5970616250221523,LOW,23.33889331915648,0.0019733135166377673,6.990999773973855,LOW,0,0
243_522,RAINFALL_PLUS_25_PERCENT,25.0,64.65540155918599,63.05833993416383,1.5970616250221568,HIGH,23.33889331915648,0.9327012195980912,65.11146239221155,HIGH,0,0
244_467,RAINFALL_PLUS_25_PERCENT,25.0,8.713256934049754,7.116195309027602,1.5970616250221523,LOW,23.33889331915648,0.0008217983651226158,18.223697818981883,LOW,0,0
244_1007,RAINFALL_PLUS_25_PERCENT,25.0,7.7236756674959155,6.126614042473763,1.5970616250221523,LOW,23.33889331915648,0.0030983135166377674,7.075801820110163,LOW,0,0
244_1230,RAINFALL_PLUS_25_PERCENT,25.0,7.454742055735079,5.857680430712927,1.5970616250221523,LOW,23.33889331915648,2.1798365122615804e-05,6.078549035835132,LOW,0,0
245_766,RAINFALL_PLUS_25_PERCENT,25.0,18.787372692094685,17.190311067072532,1.5970616250221532,LOW,23.33889331915648,0.12135202020202025,52.673233389137486,LOW,0,0
246_43,RAINFALL_PLUS_25_PERCENT,25.0,15.644131018236184,14.04706939321403,1.5970616250221532,LOW,23.33889331915648,0.07344607777843074,47.58908498352671,LOW,0,0
246_358,RAINFALL_PLUS_25_PERCENT,25.0,66.7586500077568,65.16158838273465,1.5970616250221497,HIGH,23.33889331915648,0.9733938285091674,63.76301197682768,HIGH,0,0
246_1003,RAINFALL_PLUS_25_PERCENT,25.0,7.699190890915824,6.102129265893672,1.5970616250221523,LOW,23.33889331915648,0.0031733135166377665,6.789704054309246,LOW,0,0
247_358,RAINFALL_PLUS_25_PERCENT,25.0,67.83864157697985,66.2415799519577,1.5970616250221497,HIGH,23.33889331915648,0.996582622139765,61.80909117222948,HIGH,0,0
247_361,RAINFALL_PLUS_25_PERCENT,25.0,65.8597931988673,64.26273157384513,1.5970616250221639,HIGH,23.33889331915648,0.9612636739737805,61.44602888239532,HIGH,0,0
247_523,RAINFALL_PLUS_25_PERCENT,25.0,68.03902423447144,66.44196260944928,1.5970616250221639,HIGH,23.33889331915648,0.9877476190476191,68.67216944782558,HIGH,0,0
248_366,RAINFALL_PLUS_25_PERCENT,25.0,67.0273600327229,65.43029840770075,1.5970616250221497,HIGH,23.33889331915648,0.9815365079365079,61.97163854145138,HIGH,0,0
248_398,RAINFALL_PLUS_25_PERCENT,25.0,67.23607567503895,65.63901405001678,1.5970616250221639,HIGH,23.33889331915648,0.9888934704184702,60.0124655995326,HIGH,0,0
248_404,RAINFALL_PLUS_25_PERCENT,25.0,62.02087156089409,60.423809935871944,1.5970616250221497,HIGH,23.33889331915648,0.8960825546029552,58.90642815661734,HIGH,0,0
249_358,RAINFALL_PLUS_25_PERCENT,25.0,66.88259958662118,65.28553796159903,1.5970616250221497,HIGH,23.33889331915648,0.9840799603174603,59.12513527091047,HIGH,0,0
250_362,RAINFALL_PLUS_25_PERCENT,25.0,65.60958531238609,64.01252368736394,1.5970616250221497,HIGH,23.33889331915648,0.9595857426303852,59.86681225645081,HIGH,0,0
250_404,RAINFALL_PLUS_25_PERCENT,25.0,64.925905009767,63.32884338474485,1.5970616250221568,HIGH,23.33889331915648,0.9541158966033966,56.038424545103794,HIGH,0,0
250_522,RAINFALL_PLUS_25_PERCENT,25.0,68.20293067108453,66.60586904606238,1.5970616250221497,HIGH,23.33889331915648,0.993112925170068,67.3603154466097,HIGH,0,0
250_1510,RAINFALL_PLUS_25_PERCENT,25.0,9.663130696786947,8.066069071764796,1.5970616250221514,LOW,23.33889331915648,2.1798365122615804e-05,28.16243544635382,LOW,0,0
251_407,RAINFALL_PLUS_25_PERCENT,25.0,65.3828780852387,63.785816460216544,1.5970616250221568,HIGH,23.33889331915648,0.9608540239953282,56.9021852342582,HIGH,0,0
251_505,RAINFALL_PLUS_25_PERCENT,25.0,64.47750944998128,62.88044782495913,1.5970616250221568,HIGH,23.33889331915648,0.9215285226705202,69.47752461032842,HIGH,0,0
251_510,RAINFALL_PLUS_25_PERCENT,25.0,64.5761436130913,62.979081988069154,1.5970616250221497,HIGH,23.33889331915648,0.9169410245364703,72.98699021515614,HIGH,0,0
252_358,RAINFALL_PLUS_25_PERCENT,25.0,67.18540388023675,65.5883422552146,1.5970616250221497,HIGH,23.33889331915648,0.9877928571428571,60.11108495309777,HIGH,0,0
252_509,RAINFALL_PLUS_25_PERCENT,25.0,66.24060501342727,64.6435433884051,1.5970616250221639,HIGH,23.33889331915648,0.9532034547152192,69.68726762020388,HIGH,0,0
252_875,RAINFALL_PLUS_25_PERCENT,25.0,8.31323139308373,6.716169768061577,1.5970616250221523,LOW,23.33889331915648,0.0017432595523372276,13.716638756353595,LOW,0,0
254_507,RAINFALL_PLUS_25_PERCENT,25.0,66.75578472683287,65.15872310181072,1.5970616250221497,HIGH,23.33889331915648,0.9669332571571061,67.28767341122204,HIGH,0,0
256_365,RAINFALL_PLUS_25_PERCENT,25.0,67.83161310784394,66.23455148282177,1.5970616250221639,HIGH,23.33889331915648,0.9961,62.0042486577411,HIGH,0,0
256_1265,RAINFALL_PLUS_25_PERCENT,25.0,7.442216897653735,5.845155272631581,1.5970616250221532,LOW,23.33889331915648,2.1798365122615804e-05,5.953297455021684,LOW,0,0
258_206,RAINFALL_PLUS_25_PERCENT,25.0,17.506022018937415,15.908960393915262,1.5970616250221532,LOW,23.33889331915648,0.09441808191808193,54.67339271373084,LOW,0,0
258_678,RAINFALL_PLUS_25_PERCENT,25.0,8.181544026307773,6.58448240128562,1.5970616250221523,LOW,23.33889331915648,0.0007288690721933229,12.957679852673182,LOW,0,0
258_1217,RAINFALL_PLUS_25_PERCENT,25.0,7.499451377169505,5.902389752147353,1.5970616250221523,LOW,23.33889331915648,0.0013955357388599895,5.770086694623838,LOW,0,0
260_357,RAINFALL_PLUS_25_PERCENT,25.0,66.70321637568853,65.10615475066636,1.5970616250221639,HIGH,23.33889331915648,0.9772920230877203,61.06466863794087,HIGH,0,0
260_358,RAINFALL_PLUS_25_PERCENT,25.0,65.34541927079087,63.74835764576872,1.5970616250221497,HIGH,23.33889331915648,0.9519036811887877,61.45028563337729,HIGH,0,0
262_507,RAINFALL_PLUS_25_PERCENT,25.0,67.34068878276157,65.74362715773941,1.5970616250221639,HIGH,23.33889331915648,0.9847492346938778,63.337926325284755,HIGH,0,0
262_1643,RAINFALL_PLUS_25_PERCENT,25.0,8.272966013550075,6.675904388527922,1.5970616250221532,LOW,23.33889331915648,2.1798365122615804e-05,14.260788613985085,LOW,0,0
263_1026,RAINFALL_PLUS_25_PERCENT,25.0,7.6578151718390215,6.060753546816869,1.5970616250221523,LOW,23.33889331915648,0.0010622024055266562,7.537057974652331,LOW,0,0
264_864,RAINFALL_PLUS_25_PERCENT,25.0,9.02090356209603,7.4238419370738775,1.5970616250221532,LOW,23.33889331915648,0.005243259552337227,18.868360446476608,LOW,0,0
264_1413,RAINFALL_PLUS_25_PERCENT,25.0,7.790829241739524,6.193767616717372,1.5970616250221523,LOW,23.33889331915648,6.220240552665621e-05,9.417198673657355,LOW,0,0
266_413,RAINFALL_PLUS_25_PERCENT,25.0,65.03612843011192,63.439066805089766,1.5970616250221497,HIGH,23.33889331915648,0.9517215449675213,58.457552148284265,HIGH,0,0
266_545,RAINFALL_PLUS_25_PERCENT,25.0,11.888782360265328,10.291720735243176,1.5970616250221514,LOW,23.33889331915648,0.023876488119812377,37.29887271605825,LOW,0,0
267_413,RAINFALL_PLUS_25_PERCENT,25.0,65.81024988429635,64.21318825927419,1.5970616250221639,HIGH,23.33889331915648,0.9645329430982823,59.15249771821001,HIGH,0,0
267_576,RAINFALL_PLUS_25_PERCENT,25.0,14.932595753215093,13.33553412819294,1.5970616250221532,LOW,23.33889331915648,0.0599114430682456,47.917781423917624,LOW,0,0
268_406,RAINFALL_PLUS_25_PERCENT,25.0,63.262660922233465,61.665599297211315,1.5970616250221497,HIGH,23.33889331915648,0.9199433507479473,58.20088389026547,HIGH,0,0
270_329,RAINFALL_PLUS_25_PERCENT,25.0,17.830288153877152,16.233226528855,1.5970616250221532,LOW,23.33889331915648,0.12124064622504521,43.163643694298415,LOW,0,0
271_508,RAINFALL_PLUS_25_PERCENT,25.0,68.2660024055246,66.66894078050245,1.5970616250221497,HIGH,23.33889331915648,0.9948079365079364,67.05877655518286,HIGH,0,0
272_1254,RAINFALL_PLUS_25_PERCENT,25.0,7.662938974102364,6.065877349080211,1.5970616250221523,LOW,23.33889331915648,0.004409893603217854,5.74706583855559,LOW,0,0
273_523,RAINFALL_PLUS_25_PERCENT,25.0,66.823205057275,65.22614343225285,1.5970616250221497,HIGH,23.33889331915648,0.9599417564347799,71.80720211292297,HIGH,0,0
273_611,RAINFALL_PLUS_25_PERCENT,25.0,22.664912267465375,21.06785064244322,1.5970616250221568,LOW,23.33889331915648,0.19560666420954348,50.60857493870658,LOW,0,0
274_964,RAINFALL_PLUS_25_PERCENT,25.0,7.506618000848524,5.909556375826372,1.5970616250221523,LOW,23.33889331915648,6.220240552665621e-05,6.575086264747361,LOW,0,0
275_1336,RAINFALL_PLUS_25_PERCENT,25.0,7.834564661854929,6.237503036832777,1.5970616250221523,LOW,23.33889331915648,2.1798365122615804e-05,9.876775097033637,LOW,0,0
277_511,RAINFALL_PLUS_25_PERCENT,25.0,65.32190201605148,63.72484039102932,1.5970616250221639,HIGH,23.33889331915648,0.9300575536193189,73.23048324919115,HIGH,0,0
278_398,RAINFALL_PLUS_25_PERCENT,25.0,67.50953787897728,65.91247625395512,1.5970616250221639,HIGH,23.33889331915648,0.9927492485366239,60.62640967393139,HIGH,0,0
278_421,RAINFALL_PLUS_25_PERCENT,25.0,49.179929239863036,47.582867614840886,1.5970616250221497,MODERATE,23.33889331915648,0.6625715520152793,58.928056369528505,MODERATE,0,0
279_381,RAINFALL_PLUS_25_PERCENT,25.0,63.927674506059596,62.330612881037446,1.5970616250221497,HIGH,23.33889331915648,0.913585364950578,68.34791191707983,HIGH,0,0
279_1125,RAINFALL_PLUS_25_PERCENT,25.0,7.8112159985840135,6.214154373561861,1.5970616250221523,LOW,23.33889331915648,0.0020217983651226157,8.543288464324474,LOW,0,0
280_522,RAINFALL_PLUS_25_PERCENT,25.0,65.76839331772439,64.17133169270224,1.5970616250221497,HIGH,23.33889331915648,0.921705042016807,82.2892776473018,HIGH,0,0
282_49,RAINFALL_PLUS_25_PERCENT,25.0,19.471652009738698,17.874590384716544,1.5970616250221532,LOW,23.33889331915648,0.13800208810797052,50.35848921730495,LOW,0,0
282_503,RAINFALL_PLUS_25_PERCENT,25.0,67.44381904759513,65.84675742257298,1.5970616250221497,HIGH,23.33889331915648,0.9742312352818682,70.15412865022557,HIGH,0,0
282_578,RAINFALL_PLUS_25_PERCENT,25.0,63.05750379001855,61.460442164996394,1.5970616250221568,HIGH,23.33889331915648,0.8911859082210146,71.96590595792924,HIGH,0,0
282_1317,RAINFALL_PLUS_25_PERCENT,25.0,7.9778233533116625,6.38076172828951,1.5970616250221523,LOW,23.33889331915648,0.001021798365122616,10.759362011600969,LOW,0,0
283_447,RAINFALL_PLUS_25_PERCENT,25.0,9.788543357015126,8.191481731992972,1.5970616250221532,LOW,23.33889331915648,0.0058312937403714165,26.221339592248754,LOW,0,0
283_522,RAINFALL_PLUS_25_PERCENT,25.0,68.2474804555013,66.65041883047915,1.5970616250221497,HIGH,23.33889331915648,0.9684201213818864,81.38685537427729,HIGH,0,0
283_560,RAINFALL_PLUS_25_PERCENT,25.0,64.23339025665936,62.63632863163722,1.5970616250221426,HIGH,23.33889331915648,0.9145758816550161,70.86028523563662,HIGH,0,0
283_573,RAINFALL_PLUS_25_PERCENT,25.0,67.91792313229527,66.32086150727311,1.5970616250221639,HIGH,23.33889331915648,0.9735652736770385,75.2614483798833,HIGH,0,0
283_574,RAINFALL_PLUS_25_PERCENT,25.0,66.5065861540723,64.90952452905015,1.5970616250221497,HIGH,23.33889331915648,0.951297466259231,73.39537267744774,HIGH,0,0
283_575,RAINFALL_PLUS_25_PERCENT,25.0,58.12018095582845,56.523119330806296,1.5970616250221568,HIGH,23.33889331915648,0.8030531437235294,71.06569808964508,HIGH,0,0
283_1089,RAINFALL_PLUS_25_PERCENT,25.0,7.718144458524987,6.121082833502835,1.5970616250221523,LOW,23.33889331915648,6.220240552665621e-05,8.690350841511988,LOW,0,0
283_1342,RAINFALL_PLUS_25_PERCENT,25.0,7.966762206744724,6.369700581722572,1.5970616250221514,LOW,23.33889331915648,2.1798365122615804e-05,11.198750545931583,LOW,0,0
286_916,RAINFALL_PLUS_25_PERCENT,25.0,8.218574865005245,6.621513239983094,1.5970616250221505,LOW,23.33889331915648,0.0048467983651226156,11.063127128536799,LOW,0,0
287_381,RAINFALL_PLUS_25_PERCENT,25.0,66.48433759666239,64.88727597164024,1.5970616250221497,HIGH,23.33889331915648,0.9674745086577061,64.27551378418734,HIGH,0,0
287_575,RAINFALL_PLUS_25_PERCENT,25.0,64.53273559825159,62.935673973229434,1.5970616250221568,HIGH,23.33889331915648,0.9095131464231007,76.63824302911229,HIGH,0,0
287_915,RAINFALL_PLUS_25_PERCENT,25.0,8.116511995860558,6.519450370838406,1.5970616250221514,LOW,23.33889331915648,0.0026706078889321395,11.239403198994683,LOW,0,0
288_502,RAINFALL_PLUS_25_PERCENT,25.0,67.86939697274369,66.27233534772154,1.5970616250221497,HIGH,23.33889331915648,0.9855614854215919,68.17827032486299,HIGH,0,0
289_1159,RAINFALL_PLUS_25_PERCENT,25.0,7.505884459977272,5.90882283495512,1.5970616250221523,LOW,23.33889331915648,2.1798365122615804e-05,6.589973078257066,LOW,0,0
290_389,RAINFALL_PLUS_25_PERCENT,25.0,66.70158414350107,65.1045225184789,1.5970616250221639,HIGH,23.33889331915648,0.9730592025352572,63.376397619920844,HIGH,0,0
290_496,RAINFALL_PLUS_25_PERCENT,25.0,66.68932036055983,65.09225873553768,1.5970616250221497,HIGH,23.33889331915648,0.9772243381372613,60.962935209406346,HIGH,0,0
290_497,RAINFALL_PLUS_25_PERCENT,25.0,68.09055062371014,66.493488998688,1.5970616250221497,HIGH,23.33889331915648,0.9958462585034015,64.73318163953232,HIGH,0,0
292_192,RAINFALL_PLUS_25_PERCENT,25.0,20.73718186344412,19.140120238421968,1.5970616250221532,LOW,23.33889331915648,0.16308371260737003,49.21889427968946,LOW,0,0
292_534,RAINFALL_PLUS_25_PERCENT,25.0,67.64993691090311,66.05287528588096,1.5970616250221497,HIGH,23.33889331915648,0.9846765124918515,66.47040481781453,HIGH,0,0
293_535,RAINFALL_PLUS_25_PERCENT,25.0,65.3924317858268,63.79537016080464,1.5970616250221639,HIGH,23.33889331915648,0.9538859821888214,60.830145233718014,HIGH,0,0
294_537,RAINFALL_PLUS_25_PERCENT,25.0,67.77881769841304,66.18175607339089,1.5970616250221497,HIGH,23.33889331915648,0.9929699633699635,63.197814709952226,HIGH,0,0
294_571,RAINFALL_PLUS_25_PERCENT,25.0,64.09800319084165,62.5009415658195,1.5970616250221497,HIGH,23.33889331915648,0.8960453905571558,79.69818468128265,HIGH,0,0
295_538,RAINFALL_PLUS_25_PERCENT,25.0,67.84436555298387,66.24730392796172,1.5970616250221497,HIGH,23.33889331915648,0.9911380952380953,64.8608207281881,HIGH,0,0
295_704,RAINFALL_PLUS_25_PERCENT,25.0,9.849457578038546,8.252395953016395,1.5970616250221514,LOW,23.33889331915648,0.002940845984170235,28.42022806839361,LOW,0,0
296_126,RAINFALL_PLUS_25_PERCENT,25.0,22.34000114584962,20.74293952082747,1.5970616250221497,LOW,23.33889331915648,0.18722411710991832,51.9698646273429,LOW,0,0
296_534,RAINFALL_PLUS_25_PERCENT,25.0,50.24227215194164,48.645210526919485,1.5970616250221568,HIGH,23.33889331915648,0.6895419358419355,54.71777438565367,MODERATE,1,1
296_640,RAINFALL_PLUS_25_PERCENT,25.0,10.042382924265743,8.44532129924359,1.5970616250221532,LOW,23.33889331915648,0.009239980183304434,26.884957721141767,LOW,0,0
297_393,RAINFALL_PLUS_25_PERCENT,25.0,62.78577023933691,61.18870861431476,1.5970616250221497,HIGH,23.33889331915648,0.8930097497652418,68.24545760178795,HIGH,0,0
297_422,RAINFALL_PLUS_25_PERCENT,25.0,67.85158556573779,66.25452394071564,1.5970616250221497,HIGH,23.33889331915648,0.9683542483660131,77.46413663537253,HIGH,0,0
297_537,RAINFALL_PLUS_25_PERCENT,25.0,66.22962766446062,64.63256603943847,1.5970616250221497,HIGH,23.33889331915648,0.9691501504447935,60.80681147927155,HIGH,0,0
298_424,RAINFALL_PLUS_25_PERCENT,25.0,67.86129327970349,66.26423165468134,1.5970616250221497,HIGH,23.33889331915648,0.965708938120703,79.01613440995014,HIGH,0,0
300_218,RAINFALL_PLUS_25_PERCENT,25.0,49.241504203014095,47.644442577991946,1.5970616250221497,MODERATE,23.33889331915648,0.6347898050315699,74.82376684207925,MODERATE,0,0
300_539,RAINFALL_PLUS_25_PERCENT,25.0,66.74189161013973,65.14482998511757,1.5970616250221639,HIGH,23.33889331915648,0.9731989865561295,63.70259107482785,HIGH,0,0
301_14,RAINFALL_PLUS_25_PERCENT,25.0,11.406032819677545,9.808971194655394,1.5970616250221514,LOW,23.33889331915648,0.01641046940422844,36.5776876037516,LOW,0,0
301_608,RAINFALL_PLUS_25_PERCENT,25.0,66.21019054801302,64.61312892299087,1.5970616250221497,HIGH,23.33889331915648,0.9589627340682574,66.2155193218904,HIGH,0,0
301_865,RAINFALL_PLUS_25_PERCENT,25.0,11.30791500557994,9.710853380557788,1.5970616250221514,LOW,23.33889331915648,0.021879233578311248,32.58868916703,LOW,0,0
302_513,RAINFALL_PLUS_25_PERCENT,25.0,64.81809929876539,63.22103767374323,1.5970616250221568,HIGH,23.33889331915648,0.9404491280038775,62.47709016482297,HIGH,0,0
302_539,RAINFALL_PLUS_25_PERCENT,25.0,66.71792878130228,65.12086715628013,1.5970616250221497,HIGH,23.33889331915648,0.9712682783754214,64.52485228584277,HIGH,0,0
302_874,RAINFALL_PLUS_25_PERCENT,25.0,10.980809180046425,9.383747555024273,1.5970616250221514,LOW,23.33889331915648,0.024893043102120774,27.660035673599616,LOW,0,0
302_1466,RAINFALL_PLUS_25_PERCENT,25.0,8.043404423624539,6.4463427986023865,1.5970616250221523,LOW,23.33889331915648,6.220240552665621e-05,11.942950492507503,LOW,0,0
304_429,RAINFALL_PLUS_25_PERCENT,25.0,60.723157144341876,59.12609551931972,1.5970616250221568,HIGH,23.33889331915648,0.8360817541935189,78.92972421628515,HIGH,0,0
304_563,RAINFALL_PLUS_25_PERCENT,25.0,67.84498629959646,66.2479246745743,1.5970616250221497,HIGH,23.33889331915648,0.9842318877204423,68.66544232902307,HIGH,0,0
305_463,RAINFALL_PLUS_25_PERCENT,25.0,66.61386208366865,65.01680045864649,1.5970616250221639,HIGH,23.33889331915648,0.9583711603429254,70.5776002273793,HIGH,0,0
306_907,RAINFALL_PLUS_25_PERCENT,25.0,8.112233221300848,6.515171596278696,1.5970616250221514,LOW,23.33889331915648,0.0010217983651226157,12.103460691492826,LOW,0,0
308_510,RAINFALL_PLUS_25_PERCENT,25.0,67.61920764519309,66.02214602017094,1.5970616250221497,HIGH,23.33889331915648,0.995377435064935,60.27760474551837,HIGH,0,0
311_430,RAINFALL_PLUS_25_PERCENT,25.0,64.29452410906744,62.69746248404529,1.5970616250221497,HIGH,23.33889331915648,0.9055127287744934,76.45635784400481,HIGH,0,0
311_595,RAINFALL_PLUS_25_PERCENT,25.0,64.92271383911248,63.32565221409031,1.5970616250221639,HIGH,23.33889331915648,0.9450576460056476,60.9885506673203,HIGH,0,0
312_430,RAINFALL_PLUS_25_PERCENT,25.0,67.06705358143083,65.46999195640866,1.5970616250221639,HIGH,23.33889331915648,0.9585106446626419,75.03279882915697,HIGH,0,0
312_903,RAINFALL_PLUS_25_PERCENT,25.0,8.124827946853937,6.527766321831785,1.5970616250221523,LOW,23.33889331915648,0.0009250777341554095,12.282604294055673,LOW,0,0
313_1582,RAINFALL_PLUS_25_PERCENT,25.0,9.345430278648422,7.748368653626269,1.5970616250221532,LOW,23.33889331915648,0.0030448468539245295,23.322754596127496,LOW,0,0
314_442,RAINFALL_PLUS_25_PERCENT,25.0,67.78732276275599,66.19026113773384,1.5970616250221497,HIGH,23.33889331915648,0.9882483268983269,65.87976541278195,HIGH,0,0
314_1575,RAINFALL_PLUS_25_PERCENT,25.0,9.956138453303648,8.359076828281495,1.5970616250221532,LOW,23.33889331915648,0.002889125482449733,29.51548309699091,LOW,0,0
315_269,RAINFALL_PLUS_25_PERCENT,25.0,45.22884820300354,43.63178657798139,1.5970616250221497,MODERATE,23.33889331915648,0.5998713565366959,53.902353514154434,MODERATE,0,0
315_467,RAINFALL_PLUS_25_PERCENT,25.0,64.01954664919987,62.42248502417771,1.5970616250221568,HIGH,23.33889331915648,0.906276990068755,73.28623953348516,HIGH,0,0
315_505,RAINFALL_PLUS_25_PERCENT,25.0,67.73671492865837,66.13965330363622,1.5970616250221497,HIGH,23.33889331915648,0.9940257936507938,62.196080357948894,HIGH,0,0
315_1482,RAINFALL_PLUS_25_PERCENT,25.0,8.752969488245704,7.155907863223551,1.5970616250221523,LOW,23.33889331915648,0.0004622024055266562,18.818601138719156,LOW,0,0
316_50,RAINFALL_PLUS_25_PERCENT,25.0,40.83454020787938,39.23747858285723,1.5970616250221497,MODERATE,23.33889331915648,0.5113534633188022,58.64411483275437,MODERATE,0,0
316_298,RAINFALL_PLUS_25_PERCENT,25.0,42.04568177393796,40.44862014891581,1.5970616250221497,MODERATE,23.33889331915648,0.528459966236175,61.34695388878516,MODERATE,0,0
317_380,RAINFALL_PLUS_25_PERCENT,25.0,65.17666774610436,63.57960612108219,1.5970616250221639,HIGH,23.33889331915648,0.9251392544492548,74.48320509325515,HIGH,0,0
317_593,RAINFALL_PLUS_25_PERCENT,25.0,63.10767506739529,61.510613442373135,1.5970616250221568,HIGH,23.33889331915648,0.9103067787639222,61.95113993309741,HIGH,0,0
318_526,RAINFALL_PLUS_25_PERCENT,25.0,58.737569207855145,57.140507582832996,1.5970616250221497,HIGH,23.33889331915648,0.8061313212930866,75.54658294665558,HIGH,0,0
318_584,RAINFALL_PLUS_25_PERCENT,25.0,66.52087036419584,64.9238087391737,1.5970616250221497,HIGH,23.33889331915648,0.9722904761904761,61.99205931649831,HIGH,0,0
318_593,RAINFALL_PLUS_25_PERCENT,25.0,62.580462011108956,60.9834003860868,1.5970616250221568,HIGH,23.33889331915648,0.9038558551018308,60.22701738438442,HIGH,0,0
320_406,RAINFALL_PLUS_25_PERCENT,25.0,68.71905286010109,67.12199123507894,1.5970616250221497,HIGH,23.33889331915648,0.9989642857142857,69.3032890374556,HIGH,0,0
320_590,RAINFALL_PLUS_25_PERCENT,25.0,67.28817664025286,65.69111501523071,1.5970616250221497,HIGH,23.33889331915648,0.9929029761904761,58.32824707706862,HIGH,0,0
321_1016,RAINFALL_PLUS_25_PERCENT,25.0,7.522898157174826,5.925836532152674,1.5970616250221514,LOW,23.33889331915648,6.220240552665621e-05,6.737887828010377,LOW,0,0
323_558,RAINFALL_PLUS_25_PERCENT,25.0,68.29898581104499,66.70192418602282,1.5970616250221639,HIGH,23.33889331915648,0.9872716265646498,71.53358107919419,HIGH,0,0
323_585,RAINFALL_PLUS_25_PERCENT,25.0,67.7128790563492,66.11581743132705,1.5970616250221497,HIGH,23.33889331915648,0.9961333333333333,60.79857480946045,HIGH,0,0
324_579,RAINFALL_PLUS_25_PERCENT,25.0,67.46926422292515,65.872202597903,1.5970616250221497,HIGH,23.33889331915648,0.9897261904761906,61.88635504664837,HIGH,0,0
325_476,RAINFALL_PLUS_25_PERCENT,25.0,65.54804884165647,63.95098721663431,1.5970616250221568,HIGH,23.33889331915648,0.9517067039631149,63.58491881615331,HIGH,0,0
328_603,RAINFALL_PLUS_25_PERCENT,25.0,63.07861464227206,61.4815530172499,1.5970616250221568,HIGH,23.33889331915648,0.9131435193054438,60.10032838402828,HIGH,0,0
328_1011,RAINFALL_PLUS_25_PERCENT,25.0,7.918201465898629,6.3211398408764765,1.5970616250221523,LOW,23.33889331915648,0.007559893603217853,6.567190756518249,LOW,0,0
330_410,RAINFALL_PLUS_25_PERCENT,25.0,48.928567717505196,47.331506092483046,1.5970616250221497,MODERATE,23.33889331915648,0.6611975117905353,57.170163269559325,MODERATE,0,0
330_497,RAINFALL_PLUS_25_PERCENT,25.0,67.40915761423298,65.81209598921082,1.5970616250221639,HIGH,23.33889331915648,0.9918833333333332,60.098860388298235,HIGH,0,0
331_361,RAINFALL_PLUS_25_PERCENT,25.0,68.1386418983675,66.54158027334535,1.5970616250221497,HIGH,23.33889331915648,0.9970557823129251,64.54885629086786,HIGH,0,0
331_600,RAINFALL_PLUS_25_PERCENT,25.0,63.50433429738345,61.9072726723613,1.5970616250221497,HIGH,23.33889331915648,0.9120028266134597,64.98490591573342,HIGH,0,0
331_1374,RAINFALL_PLUS_25_PERCENT,25.0,13.709534583994952,12.112472958972798,1.5970616250221532,LOW,23.33889331915648,0.04756046176046176,42.48020945099731,LOW,0,0
332_495,RAINFALL_PLUS_25_PERCENT,25.0,59.41354864856435,57.8164870235422,1.5970616250221497,HIGH,23.33889331915648,0.8469123967083725,59.87678587534041,HIGH,0,0
332_535,RAINFALL_PLUS_25_PERCENT,25.0,63.565926075503484,61.96886445048133,1.5970616250221568,HIGH,23.33889331915648,0.8859106060606062,79.95154500100318,HIGH,0,0
333_646,RAINFALL_PLUS_25_PERCENT,25.0,14.066118666379124,12.46905704135697,1.5970616250221532,LOW,23.33889331915648,0.050401919370779646,44.4832485891642,LOW,0,0
334_359,RAINFALL_PLUS_25_PERCENT,25.0,67.44839448569083,65.85133286066868,1.5970616250221497,HIGH,23.33889331915648,0.9868896222318715,63.237770208680764,HIGH,0,0
334_406,RAINFALL_PLUS_25_PERCENT,25.0,66.49855552385984,64.90149389883769,1.5970616250221497,HIGH,23.33889331915648,0.9578325863678806,69.72075031556591,HIGH,0,0
334_536,RAINFALL_PLUS_25_PERCENT,25.0,67.87000493047726,66.27294330545512,1.5970616250221497,HIGH,23.33889331915648,0.9778497831303066,72.4257861624059,HIGH,0,0
334_764,RAINFALL_PLUS_25_PERCENT,25.0,9.021448135018705,7.424386509996552,1.5970616250221532,LOW,23.33889331915648,0.002155131698455949,20.572276495338045,LOW,0,0
335_896,RAINFALL_PLUS_25_PERCENT,25.0,8.046867315900503,6.44980569087835,1.5970616250221532,LOW,23.33889331915648,0.0032932269365511875,10.200515923203648,LOW,0,0
336_399,RAINFALL_PLUS_25_PERCENT,25.0,61.52384664710367,59.92678502208151,1.5970616250221568,HIGH,23.33889331915648,0.8654599343185548,70.77862017513333,HIGH,0,0
337_398,RAINFALL_PLUS_25_PERCENT,25.0,64.27103753790905,62.67397591288689,1.5970616250221639,HIGH,23.33889331915648,0.9214503603308835,67.45579477640632,HIGH,0,0
337_820,RAINFALL_PLUS_25_PERCENT,25.0,8.099171415655517,6.502109790633364,1.5970616250221532,LOW,23.33889331915648,0.0010622024055266562,11.950620412817287,LOW,0,0
338_294,RAINFALL_PLUS_25_PERCENT,25.0,46.99461830673771,45.397556681715564,1.5970616250221497,MODERATE,23.33889331915648,0.616845311013591,62.22437958920389,MODERATE,0,0
338_466,RAINFALL_PLUS_25_PERCENT,25.0,64.46562573031865,62.8685641052965,1.5970616250221497,HIGH,23.33889331915648,0.9398256235827664,59.29528191196677,HIGH,0,0
338_513,RAINFALL_PLUS_25_PERCENT,25.0,61.31880951654314,59.721747891520984,1.5970616250221568,HIGH,23.33889331915648,0.8762137821988886,62.813632535344425,HIGH,0,0
338_924,RAINFALL_PLUS_25_PERCENT,25.0,7.7757143846850205,6.178652759662868,1.5970616250221523,LOW,23.33889331915648,0.0027995761429003927,7.76049454755677,LOW,0,0
338_1072,RAINFALL_PLUS_25_PERCENT,25.0,8.214199979907558,6.617138354885407,1.5970616250221514,LOW,23.33889331915648,0.003913465031789283,11.532711610893264,LOW,0,0
338_1406,RAINFALL_PLUS_25_PERCENT,25.0,27.8580808910924,26.261019266070242,1.5970616250221568,MODERATE,23.33889331915648,0.27796417748917757,57.243628871178075,MODERATE,0,0
338_1654,RAINFALL_PLUS_25_PERCENT,25.0,11.80935601537328,10.21229439035113,1.5970616250221514,LOW,23.33889331915648,0.01424374308706734,41.80261903514755,LOW,0,0
339_465,RAINFALL_PLUS_25_PERCENT,25.0,66.11104144461383,64.51397981959167,1.5970616250221639,HIGH,23.33889331915648,0.9652554252625682,61.763048131027496,HIGH,0,0
339_466,RAINFALL_PLUS_25_PERCENT,25.0,66.9047621882736,65.30770056325144,1.5970616250221497,HIGH,23.33889331915648,0.9797985673057102,61.70152744389712,HIGH,0,0
339_467,RAINFALL_PLUS_25_PERCENT,25.0,67.5379078924489,65.94084626742675,1.5970616250221497,HIGH,23.33889331915648,0.9925952380952381,60.994815551409786,HIGH,0,0
339_490,RAINFALL_PLUS_25_PERCENT,25.0,66.43529458553212,64.83823296050997,1.5970616250221497,HIGH,23.33889331915648,0.976298446113785,58.93191807204116,HIGH,0,0
339_491,RAINFALL_PLUS_25_PERCENT,25.0,67.17753402689257,65.58047240187042,1.5970616250221497,HIGH,23.33889331915648,0.9865330447330446,60.725283245052985,HIGH,0,0
340_465,RAINFALL_PLUS_25_PERCENT,25.0,64.48183164017155,62.88477001514941,1.5970616250221426,HIGH,23.33889331915648,0.9350853397924822,62.06449709515203,HIGH,0,0
341_486,RAINFALL_PLUS_25_PERCENT,25.0,67.45370027618283,65.85663865116068,1.5970616250221497,HIGH,23.33889331915648,0.992222619047619,60.35767986493963,HIGH,0,0
342_465,RAINFALL_PLUS_25_PERCENT,25.0,57.28640330647001,55.68934168144784,1.5970616250221639,HIGH,23.33889331915648,0.812601313920041,57.47642798797929,HIGH,0,0
342_468,RAINFALL_PLUS_25_PERCENT,25.0,64.63786476046461,63.04080313544246,1.5970616250221497,HIGH,23.33889331915648,0.9432338399189463,59.1431532285274,HIGH,0,0
343_359,RAINFALL_PLUS_25_PERCENT,25.0,63.28180635661051,61.68474473158835,1.5970616250221568,HIGH,23.33889331915648,0.9144244439290868,61.42773698440907,HIGH,0,0
345_474,RAINFALL_PLUS_25_PERCENT,25.0,65.9835023018866,64.38644067686445,1.5970616250221497,HIGH,23.33889331915648,0.9655630472701899,60.31846459956337,HIGH,0,0
346_836,RAINFALL_PLUS_25_PERCENT,25.0,7.879854240005086,6.2827926149829345,1.5970616250221514,LOW,23.33889331915648,0.0006884650317892824,9.963004211868535,LOW,0,0
348_1302,RAINFALL_PLUS_25_PERCENT,25.0,7.687357109505471,6.090295484483319,1.5970616250221523,LOW,23.33889331915648,0.0005622024055266562,8.107477351316826,LOW,0,0
350_510,RAINFALL_PLUS_25_PERCENT,25.0,64.44192490718254,62.84486328216039,1.5970616250221497,HIGH,23.33889331915648,0.9357853517276015,61.28042320094635,HIGH,0,0
350_606,RAINFALL_PLUS_25_PERCENT,25.0,68.80742919931646,67.21036757429431,1.5970616250221497,HIGH,23.33889331915648,0.99317934662237,73.36876893016293,HIGH,0,0
351_413,RAINFALL_PLUS_25_PERCENT,25.0,67.80734861703469,66.21028699201253,1.5970616250221639,HIGH,23.33889331915648,0.9899768398268397,65.12934184488675,HIGH,0,0
351_482,RAINFALL_PLUS_25_PERCENT,25.0,64.6020697829624,63.00500815794026,1.5970616250221426,HIGH,23.33889331915648,0.9374376847902284,61.97308877430024,HIGH,0,0
351_510,RAINFALL_PLUS_25_PERCENT,25.0,66.25422924658957,64.65716762156741,1.5970616250221639,HIGH,23.33889331915648,0.9705715324672299,60.27106718822098,HIGH,0,0
353_512,RAINFALL_PLUS_25_PERCENT,25.0,65.54417165962991,63.94711003460776,1.5970616250221497,HIGH,23.33889331915648,0.953669416065114,62.46665533978813,HIGH,0,0
355_106,RAINFALL_PLUS_25_PERCENT,25.0,13.180525019680305,11.583463394658153,1.5970616250221514,LOW,23.33889331915648,0.037802051204071103,42.55723961386572,LOW,0,0
355_852,RAINFALL_PLUS_25_PERCENT,25.0,7.797300720707619,6.2002390956854665,1.5970616250221523,LOW,23.33889331915648,0.001021798365122616,8.954135685560535,LOW,0,0
356_608,RAINFALL_PLUS_25_PERCENT,25.0,39.98037564954677,38.38331402452462,1.5970616250221497,MODERATE,23.33889331915648,0.4653155844155846,75.42330264619795,MODERATE,0,0
358_530,RAINFALL_PLUS_25_PERCENT,25.0,64.52744392527592,62.93038230025377,1.5970616250221497,HIGH,23.33889331915648,0.9262548853486126,67.37736989032398,HIGH,0,0
358_1363,RAINFALL_PLUS_25_PERCENT,25.0,9.556341908722347,7.959280283700194,1.5970616250221532,LOW,23.33889331915648,0.004244284729981863,24.772180065035222,LOW,0,0
360_264,RAINFALL_PLUS_25_PERCENT,25.0,42.24664461002158,40.649582984999434,1.5970616250221497,MODERATE,23.33889331915648,0.5113533686619894,72.76521091542342,MODERATE,0,0
360_519,RAINFALL_PLUS_25_PERCENT,25.0,61.90644209940699,60.30938047438483,1.5970616250221568,HIGH,23.33889331915648,0.8926428142779206,59.65399072051532,HIGH,0,0
360_1070,RAINFALL_PLUS_25_PERCENT,25.0,11.107875346954408,9.510813721932255,1.5970616250221532,LOW,23.33889331915648,0.022280312073636323,30.36769940834588,LOW,0,0
363_189,RAINFALL_PLUS_25_PERCENT,25.0,20.28486975488819,18.68780812986604,1.5970616250221532,LOW,23.33889331915648,0.15742800214855154,47.80641394648033,LOW,0,0
363_966,RAINFALL_PLUS_25_PERCENT,25.0,7.523927690128848,5.926866065106696,1.5970616250221523,LOW,23.33889331915648,0.002221798365122616,5.560405379772816,LOW,0,0
364_545,RAINFALL_PLUS_25_PERCENT,25.0,56.58731412526639,54.99025250024424,1.5970616250221497,HIGH,23.33889331915648,0.7484782188399836,85.75323846997473,HIGH,0,0
367_468,RAINFALL_PLUS_25_PERCENT,25.0,15.333975099274685,13.736913474252532,1.5970616250221532,LOW,23.33889331915648,0.06726950727867645,47.88463956877659,LOW,0,0
368_367,RAINFALL_PLUS_25_PERCENT,25.0,68.78143564389416,67.184374018872,1.5970616250221497,HIGH,23.33889331915648,0.9950622222222223,72.07325179602101,HIGH,0,0
368_829,RAINFALL_PLUS_25_PERCENT,25.0,7.632516368983125,6.0354547439609725,1.5970616250221523,LOW,23.33889331915648,6.220240552665621e-05,7.834069946093367,LOW,0,0
369_539,RAINFALL_PLUS_25_PERCENT,25.0,67.24795275120266,65.65089112618051,1.5970616250221497,HIGH,23.33889331915648,0.9612759655377305,75.32086404557666,HIGH,0,0
370_476,RAINFALL_PLUS_25_PERCENT,25.0,20.025508201157244,18.42844657613509,1.5970616250221532,LOW,23.33889331915648,0.157538771470018,45.15187528236431,LOW,0,0
372_119,RAINFALL_PLUS_25_PERCENT,25.0,12.764246495152431,11.167184870130278,1.5970616250221532,LOW,23.33889331915648,0.03464437153214485,40.131178188146414,LOW,0,0
372_368,RAINFALL_PLUS_25_PERCENT,25.0,68.32210884170911,66.72504721668696,1.5970616250221497,HIGH,23.33889331915648,0.9786853535353536,76.4872615519484,HIGH,0,0
373_448,RAINFALL_PLUS_25_PERCENT,25.0,61.51573481007027,59.91867318504811,1.5970616250221639,HIGH,23.33889331915648,0.8864971058971062,59.12705743659603,HIGH,0,0
373_717,RAINFALL_PLUS_25_PERCENT,25.0,7.963292338652936,6.366230713630784,1.5970616250221523,LOW,23.33889331915648,0.0026884650317892823,9.697385198347039,LOW,0,0
376_613,RAINFALL_PLUS_25_PERCENT,25.0,65.23212802846352,63.63506640344136,1.5970616250221639,HIGH,23.33889331915648,0.9450858044733045,64.06720540361948,HIGH,0,0
376_614,RAINFALL_PLUS_25_PERCENT,25.0,67.29181158867073,65.69474996364858,1.5970616250221497,HIGH,23.33889331915648,0.9832650030525031,63.66548178713233,HIGH,0,0
377_494,RAINFALL_PLUS_25_PERCENT,25.0,61.77144439991376,60.17438277489161,1.5970616250221497,HIGH,23.33889331915648,0.8505763748183721,81.44055542833473,HIGH,0,0
377_504,RAINFALL_PLUS_25_PERCENT,25.0,65.29873194294998,63.70167031792782,1.5970616250221639,HIGH,23.33889331915648,0.9399769094544529,67.54313680885248,HIGH,0,0
379_464,RAINFALL_PLUS_25_PERCENT,25.0,67.94415125896303,66.34708963394088,1.5970616250221497,HIGH,23.33889331915648,0.9913277777777778,65.75435239115427,HIGH,0,0
381_395,RAINFALL_PLUS_25_PERCENT,25.0,65.40059792220097,63.80353629717883,1.5970616250221426,HIGH,23.33889331915648,0.938739660024766,69.24228378769021,HIGH,0,0
381_468,RAINFALL_PLUS_25_PERCENT,25.0,68.29972942495493,66.70266779993278,1.5970616250221497,HIGH,23.33889331915648,0.9963905982905983,66.52558276902202,HIGH,0,0
382_638,RAINFALL_PLUS_25_PERCENT,25.0,10.375087959832017,8.778026334809866,1.5970616250221514,LOW,23.33889331915648,0.006472356542303785,31.734201079354875,LOW,0,0
383_922,RAINFALL_PLUS_25_PERCENT,25.0,7.433676317794962,5.83661469277281,1.5970616250221523,LOW,23.33889331915648,2.1798365122615804e-05,5.867891656433961,LOW,0,0
384_469,RAINFALL_PLUS_25_PERCENT,25.0,65.39861858556827,63.801556960546115,1.5970616250221568,HIGH,23.33889331915648,0.9475346335697401,64.3852549716275,HIGH,0,0
384_549,RAINFALL_PLUS_25_PERCENT,25.0,15.476544572166045,13.879482947143893,1.5970616250221514,LOW,23.33889331915648,0.07452494531889713,45.319843375568816,LOW,0,0
384_1393,RAINFALL_PLUS_25_PERCENT,25.0,12.005959134892757,10.408897509870606,1.5970616250221514,LOW,23.33889331915648,0.015066666666666667,43.31604226156268,LOW,0,0
386_469,RAINFALL_PLUS_25_PERCENT,25.0,68.12357274105008,66.52651111602793,1.5970616250221497,HIGH,23.33889331915648,0.9940729933580997,66.03869864284768,HIGH,0,0
386_471,RAINFALL_PLUS_25_PERCENT,25.0,68.11933092239964,66.52226929737748,1.5970616250221639,HIGH,23.33889331915648,0.9947126126126126,65.64448986636124,HIGH,0,0
386_685,RAINFALL_PLUS_25_PERCENT,25.0,8.739196378496157,7.1421347534740045,1.5970616250221523,LOW,23.33889331915648,0.003288465031789282,17.12642559677924,LOW,0,0
388_927,RAINFALL_PLUS_25_PERCENT,25.0,7.474886550085084,5.8778249250629315,1.5970616250221523,LOW,23.33889331915648,0.0012134650317892825,5.624577312668519,LOW,0,0
391_315,RAINFALL_PLUS_25_PERCENT,25.0,19.626666300619824,18.029604675597668,1.5970616250221568,LOW,23.33889331915648,0.14040238095238092,50.588471061690484,LOW,0,0
391_522,RAINFALL_PLUS_25_PERCENT,25.0,66.63690435454912,65.03984272952695,1.5970616250221639,HIGH,23.33889331915648,0.9644786172161176,67.4489216559282,HIGH,0,0
393_437,RAINFALL_PLUS_25_PERCENT,25.0,67.04683950108607,65.44977787606392,1.5970616250221497,HIGH,23.33889331915648,0.9842256235827663,60.687419619640934,HIGH,0,0
394_671,RAINFALL_PLUS_25_PERCENT,25.0,12.030402260968948,10.433340635946795,1.5970616250221532,LOW,23.33889331915648,0.035897076681577406,32.10374801412368,LOW,0,0
394_1262,RAINFALL_PLUS_25_PERCENT,25.0,8.05360794940645,6.456546324384298,1.5970616250221514,LOW,23.33889331915648,0.00707656026988452,8.187088924929798,LOW,0,0
394_1503,RAINFALL_PLUS_25_PERCENT,25.0,13.262346112895997,11.665284487873848,1.5970616250221497,LOW,23.33889331915648,0.028038888888888884,48.745189819372875,LOW,0,0
395_1491,RAINFALL_PLUS_25_PERCENT,25.0,9.115581911691207,7.5185202866690535,1.5970616250221532,LOW,23.33889331915648,6.220240552665621e-05,22.66472537317418,LOW,0,0
396_198,RAINFALL_PLUS_25_PERCENT,25.0,12.04981971168381,10.452758086661657,1.5970616250221532,LOW,23.33889331915648,0.021693198502276172,40.11005551988798,LOW,0,0
396_1282,RAINFALL_PLUS_25_PERCENT,25.0,7.880123586619213,6.2830619615970615,1.5970616250221514,LOW,23.33889331915648,0.003055131698455949,8.664031011343138,LOW,0,0
396_1560,RAINFALL_PLUS_25_PERCENT,25.0,14.23354028527022,12.636478660248068,1.5970616250221514,LOW,23.33889331915648,0.033227209620533875,55.60355514071035,LOW,0,0
397_969,RAINFALL_PLUS_25_PERCENT,25.0,7.484195578040682,5.887133953018529,1.5970616250221523,LOW,23.33889331915648,0.0018134650317892826,5.387667592224489,LOW,0,0
398_366,RAINFALL_PLUS_25_PERCENT,25.0,67.62521754528721,66.02815592026506,1.5970616250221497,HIGH,23.33889331915648,0.9696499815430049,74.48780318352125,HIGH,0,0
398_393,RAINFALL_PLUS_25_PERCENT,25.0,41.94176150233261,40.34469987731046,1.5970616250221497,MODERATE,23.33889331915648,0.5222474451904688,63.72463774787005,MODERATE,0,0
398_514,RAINFALL_PLUS_25_PERCENT,25.0,66.64643764708285,65.04937602206068,1.5970616250221639,HIGH,23.33889331915648,0.9746569902319903,61.94614942253551,HIGH,0,0
398_612,RAINFALL_PLUS_25_PERCENT,25.0,19.158520764973204,17.56145913995105,1.5970616250221532,LOW,23.33889331915648,0.1291596808420338,52.090500765915195,LOW,0,0
398_636,RAINFALL_PLUS_25_PERCENT,25.0,21.718631477907138,20.12156985288499,1.5970616250221497,LOW,23.33889331915648,0.1797190570299267,49.88395099191349,LOW,0,0
398_724,RAINFALL_PLUS_25_PERCENT,25.0,7.95844450535161,6.361382880329458,1.5970616250221523,LOW,23.33889331915648,0.0027884650317892825,9.593906865333777,LOW,0,0
399_176,RAINFALL_PLUS_25_PERCENT,25.0,23.640644923837325,22.04358329881517,1.5970616250221532,LOW,23.33889331915648,0.19781314404549685,59.152337592651726,LOW,0,0
399_549,RAINFALL_PLUS_25_PERCENT,25.0,63.743718832861006,62.14665720783886,1.5970616250221497,HIGH,23.33889331915648,0.9145399267399273,65.98334620095174,HIGH,0,0
400_148,RAINFALL_PLUS_25_PERCENT,25.0,51.441963144780445,49.844901519758295,1.5970616250221497,HIGH,23.33889331915648,0.6996757908757913,61.141064045421004,MODERATE,1,1
404_506,RAINFALL_PLUS_25_PERCENT,25.0,57.4752765253906,55.87821490036844,1.5970616250221568,HIGH,23.33889331915648,0.8026797389406083,64.82202641587314,HIGH,0,0
405_401,RAINFALL_PLUS_25_PERCENT,25.0,62.789524811011475,61.192463185989325,1.5970616250221497,HIGH,23.33889331915648,0.8950329541259777,67.17024092012875,HIGH,0,0
406_394,RAINFALL_PLUS_25_PERCENT,25.0,51.742942523936364,50.145880898914214,1.5970616250221497,HIGH,23.33889331915648,0.6975130686916433,65.3403550382616,HIGH,0,0
406_456,RAINFALL_PLUS_25_PERCENT,25.0,64.4761123615908,62.879050736568644,1.5970616250221497,HIGH,23.33889331915648,0.9268661811887878,66.52784154137636,HIGH,0,0
406_513,RAINFALL_PLUS_25_PERCENT,25.0,67.04267365195403,65.44561202693187,1.5970616250221639,HIGH,23.33889331915648,0.9804149350649355,62.74163981312753,HIGH,0,0
407_527,RAINFALL_PLUS_25_PERCENT,25.0,68.16650915745302,66.56944753243086,1.5970616250221639,HIGH,23.33889331915648,0.989468253968254,69.00066947129224,HIGH,0,0
407_1330,RAINFALL_PLUS_25_PERCENT,25.0,7.753152742608148,6.156091117585996,1.5970616250221523,LOW,23.33889331915648,6.220240552665621e-05,9.040433682343599,LOW,0,0
408_650,RAINFALL_PLUS_25_PERCENT,25.0,54.404198373734914,52.807136748712765,1.5970616250221497,HIGH,23.33889331915648,0.7694379055230121,52.394253278994285,HIGH,0,0
409_488,RAINFALL_PLUS_25_PERCENT,25.0,67.8710355005444,66.27397387552223,1.5970616250221639,HIGH,23.33889331915648,0.9823366337796573,69.96832400593411,HIGH,0,0
409_509,RAINFALL_PLUS_25_PERCENT,25.0,66.15830196907204,64.56124034404988,1.5970616250221639,HIGH,23.33889331915648,0.9644715284715286,62.666796610681445,HIGH,0,0
409_663,RAINFALL_PLUS_25_PERCENT,25.0,63.020714983099644,61.423653358077495,1.5970616250221497,HIGH,23.33889331915648,0.9178297313797311,56.94391515144609,HIGH,0,0
410_480,RAINFALL_PLUS_25_PERCENT,25.0,64.66006326154924,63.06300163652709,1.5970616250221497,HIGH,23.33889331915648,0.9186420550038201,72.89061994269314,HIGH,0,0
410_491,RAINFALL_PLUS_25_PERCENT,25.0,64.88752851304376,63.29046688802161,1.5970616250221497,HIGH,23.33889331915648,0.9351501438806678,66.08582357537215,HIGH,0,0
410_662,RAINFALL_PLUS_25_PERCENT,25.0,62.661932958604744,61.06487133358259,1.5970616250221568,HIGH,23.33889331915648,0.9098061660561664,57.769055834457696,HIGH,0,0
410_712,RAINFALL_PLUS_25_PERCENT,25.0,8.18921923150143,6.592157606479277,1.5970616250221523,LOW,23.33889331915648,0.0025217983651226157,12.048320793498632,LOW,0,0
411_386,RAINFALL_PLUS_25_PERCENT,25.0,64.77379810910497,63.17673648408282,1.5970616250221568,HIGH,23.33889331915648,0.939573860817588,62.51547522067803,HIGH,0,0
412_399,RAINFALL_PLUS_25_PERCENT,25.0,65.07697828736595,63.47991666234378,1.5970616250221639,HIGH,23.33889331915648,0.941414677757958,64.53482768608427,HIGH,0,0
412_530,RAINFALL_PLUS_25_PERCENT,25.0,46.55245011349724,44.95538848847508,1.5970616250221568,MODERATE,23.33889331915648,0.6059922448352686,63.77188405487642,MODERATE,0,0
412_660,RAINFALL_PLUS_25_PERCENT,25.0,55.338118865629525,53.741057240607375,1.5970616250221497,HIGH,23.33889331915648,0.7799751083404473,55.93799664835103,HIGH,0,0
413_231,RAINFALL_PLUS_25_PERCENT,25.0,13.85605701766681,12.258995392644657,1.5970616250221532,LOW,23.33889331915648,0.03449648358328609,51.13062178516253,LOW,0,0
413_476,RAINFALL_PLUS_25_PERCENT,25.0,64.65947013327228,63.06240850825013,1.5970616250221497,HIGH,23.33889331915648,0.90737091503268,79.08381564405057,HIGH,0,0
413_656,RAINFALL_PLUS_25_PERCENT,25.0,61.676523551120965,60.079461926098816,1.5970616250221497,HIGH,23.33889331915648,0.8911963980463978,58.15033416499262,HIGH,0,0
413_847,RAINFALL_PLUS_25_PERCENT,25.0,7.5181847595174744,5.921123134495321,1.5970616250221532,LOW,23.33889331915648,6.220240552665621e-05,6.690753851436856,LOW,0,0
414_365,RAINFALL_PLUS_25_PERCENT,25.0,66.41089156356476,64.81382993854261,1.5970616250221497,HIGH,23.33889331915648,0.9627665109567437,66.13045218874039,HIGH,0,0
414_425,RAINFALL_PLUS_25_PERCENT,25.0,67.40703310016686,65.8099714751447,1.5970616250221497,HIGH,23.33889331915648,0.9853988095238096,63.64410334287501,HIGH,0,0
415_392,RAINFALL_PLUS_25_PERCENT,25.0,67.72887990780094,66.13181828277878,1.5970616250221639,HIGH,23.33889331915648,0.9864543425644489,66.28202824686427,HIGH,0,0
416_384,RAINFALL_PLUS_25_PERCENT,25.0,65.8889177124046,64.29185608738246,1.5970616250221497,HIGH,23.33889331915648,0.9596771250842677,62.60987590700064,HIGH,0,0
418_645,RAINFALL_PLUS_25_PERCENT,25.0,59.25140125690388,57.654339631881726,1.5970616250221568,HIGH,23.33889331915648,0.8449511599511602,59.333992175202454,HIGH,0,0
419_394,RAINFALL_PLUS_25_PERCENT,25.0,67.15282759169477,65.55576596667262,1.5970616250221497,HIGH,23.33889331915648,0.9764887605042016,66.0025752189387,HIGH,0,0
419_1157,RAINFALL_PLUS_25_PERCENT,25.0,7.956221352015893,6.359159726993741,1.5970616250221523,LOW,23.33889331915648,0.003740052333376584,9.048302316103591,LOW,0,0
420_476,RAINFALL_PLUS_25_PERCENT,25.0,15.125164502037787,13.528102877015634,1.5970616250221532,LOW,23.33889331915648,0.06222532125874672,48.570835907368945,LOW,0,0
422_365,RAINFALL_PLUS_25_PERCENT,25.0,67.42432600947517,65.82726438445302,1.5970616250221497,HIGH,23.33889331915648,0.9797979974160207,66.89747909524213,HIGH,0,0
424_174,RAINFALL_PLUS_25_PERCENT,25.0,53.26984649766993,51.67278487264778,1.5970616250221497,HIGH,23.33889331915648,0.7264452494411777,64.69669536335329,HIGH,0,0
424_402,RAINFALL_PLUS_25_PERCENT,25.0,66.7023343492287,65.10527272420656,1.5970616250221497,HIGH,23.33889331915648,0.954893231453338,73.37518377225291,HIGH,0,0
425_362,RAINFALL_PLUS_25_PERCENT,25.0,63.03436821409685,61.437306589074694,1.5970616250221568,HIGH,23.33889331915648,0.8973909003464239,68.32180452973715,HIGH,0,0
425_396,RAINFALL_PLUS_25_PERCENT,25.0,45.90461252366231,44.30755089864016,1.5970616250221497,MODERATE,23.33889331915648,0.5739506882006883,74.91636430554635,MODERATE,0,0
425_431,RAINFALL_PLUS_25_PERCENT,25.0,64.20648999096574,62.609428365943586,1.5970616250221497,HIGH,23.33889331915648,0.9297824899574902,62.227648012339486,HIGH,0,0
426_225,RAINFALL_PLUS_25_PERCENT,25.0,12.716229721001696,11.119168095979544,1.5970616250221514,LOW,23.33889331915648,0.04041683641885632,36.476154758947764,LOW,0,0
426_461,RAINFALL_PLUS_25_PERCENT,25.0,67.46138992864238,65.86432830362023,1.5970616250221497,HIGH,23.33889331915648,0.9787394159900492,67.85033807119846,HIGH,0,0
426_780,RAINFALL_PLUS_25_PERCENT,25.0,7.793868152182971,6.196806527160819,1.5970616250221523,LOW,23.33889331915648,0.005621798365122615,6.38981000031405,LOW,0,0
427_810,RAINFALL_PLUS_25_PERCENT,25.0,7.605420528475584,6.0083589034534315,1.5970616250221523,LOW,23.33889331915648,0.0013955357388599895,6.82977820768462,LOW,0,0
427_1149,RAINFALL_PLUS_25_PERCENT,25.0,7.683421145203287,6.0863595201811345,1.5970616250221523,LOW,23.33889331915648,6.220240552665621e-05,8.343117708294985,LOW,0,0
428_451,RAINFALL_PLUS_25_PERCENT,25.0,67.51246342491488,65.91540179989273,1.5970616250221497,HIGH,23.33889331915648,0.988978013993353,62.72984413210646,HIGH,0,0
428_454,RAINFALL_PLUS_25_PERCENT,25.0,64.5206619573077,62.923600332285545,1.5970616250221497,HIGH,23.33889331915648,0.9358014942952212,62.058915290007064,HIGH,0,0
429_1090,RAINFALL_PLUS_25_PERCENT,25.0,8.440542620605896,6.843480995583744,1.5970616250221523,LOW,23.33889331915648,2.1798365122615804e-05,15.936554684543305,LOW,0,0
430_437,RAINFALL_PLUS_25_PERCENT,25.0,60.2339715236934,58.636909898671234,1.5970616250221639,HIGH,23.33889331915648,0.860498456944433,60.60868149679752,HIGH,0,0
431_493,RAINFALL_PLUS_25_PERCENT,25.0,66.52009306250928,64.92303143748713,1.5970616250221497,HIGH,23.33889331915648,0.9674848458734008,64.62738297402406,HIGH,0,0
431_668,RAINFALL_PLUS_25_PERCENT,25.0,49.33190081908627,47.73483919406412,1.5970616250221497,MODERATE,23.33889331915648,0.668795668545093,57.02450807036339,MODERATE,0,0
435_1590,RAINFALL_PLUS_25_PERCENT,25.0,19.067130845349993,17.470069220327844,1.5970616250221497,LOW,23.33889331915648,0.11688333333333335,57.92859269946836,LOW,0,0
437_491,RAINFALL_PLUS_25_PERCENT,25.0,66.56163844909439,64.96457682407222,1.5970616250221639,HIGH,23.33889331915648,0.9716939984399746,62.727802928259614,HIGH,0,0
441_401,RAINFALL_PLUS_25_PERCENT,25.0,48.996477004382044,47.39941537935989,1.5970616250221568,MODERATE,23.33889331915648,0.6312118665648082,74.34136101247766,MODERATE,0,0
443_1108,RAINFALL_PLUS_25_PERCENT,25.0,7.757684554892082,6.1606229298699295,1.5970616250221523,LOW,23.33889331915648,2.1798365122615804e-05,9.107974027405161,LOW,0,0
445_369,RAINFALL_PLUS_25_PERCENT,25.0,67.02098459968684,65.42392297466469,1.5970616250221497,HIGH,23.33889331915648,0.9793624999999999,63.10358857617031,HIGH,0,0
445_447,RAINFALL_PLUS_25_PERCENT,25.0,62.38512944751297,60.78806782249082,1.5970616250221568,HIGH,23.33889331915648,0.9080366385092449,55.974260874346825,HIGH,0,0
446_347,RAINFALL_PLUS_25_PERCENT,25.0,60.59052888078009,58.993467255757935,1.5970616250221568,HIGH,23.33889331915648,0.8587774170274173,65.12082702202319,HIGH,0,0
446_365,RAINFALL_PLUS_25_PERCENT,25.0,65.39616119505708,63.79909957003492,1.5970616250221568,HIGH,23.33889331915648,0.9490832806672523,63.508925162883735,HIGH,0,0
447_1052,RAINFALL_PLUS_25_PERCENT,25.0,8.2011393356163,6.604077710594148,1.5970616250221523,LOW,23.33889331915648,0.004105131698455949,11.296688501314014,LOW,0,0
448_373,RAINFALL_PLUS_25_PERCENT,25.0,65.44185048697919,63.84478886195705,1.5970616250221426,HIGH,23.33889331915648,0.9487420409771478,64.15349991166244,HIGH,0,0
448_377,RAINFALL_PLUS_25_PERCENT,25.0,67.08651052085443,65.48944889583228,1.5970616250221497,HIGH,23.33889331915648,0.9812937743966134,62.696646869708836,HIGH,0,0
448_400,RAINFALL_PLUS_25_PERCENT,25.0,67.51224399840353,65.91518237338138,1.5970616250221497,HIGH,23.33889331915648,0.9637218614718618,76.6185337538131,HIGH,0,0
449_361,RAINFALL_PLUS_25_PERCENT,25.0,65.08436435281602,63.48730272779386,1.5970616250221639,HIGH,23.33889331915648,0.9441066389222688,63.128109700214175,HIGH,0,0
449_400,RAINFALL_PLUS_25_PERCENT,25.0,67.11882673425163,65.52176510922948,1.5970616250221497,HIGH,23.33889331915648,0.9575456709956714,76.08126587419875,HIGH,0,0
449_1054,RAINFALL_PLUS_25_PERCENT,25.0,8.110211902045009,6.513150277022856,1.5970616250221532,LOW,23.33889331915648,0.0013955357388599895,11.877691943378867,LOW,0,0
450_489,RAINFALL_PLUS_25_PERCENT,25.0,58.52113535367713,56.924073728654975,1.5970616250221568,HIGH,23.33889331915648,0.8378530943890174,55.93526920211348,HIGH,0,0
450_532,RAINFALL_PLUS_25_PERCENT,25.0,13.047731417098174,11.450669792076024,1.5970616250221497,LOW,23.33889331915648,0.0313834960876899,44.75950890205408,LOW,0,0
450_1086,RAINFALL_PLUS_25_PERCENT,25.0,8.923735975488986,7.326674350466835,1.5970616250221514,LOW,23.33889331915648,0.0006884650317892824,20.40182156670754,LOW,0,0
451_746,RAINFALL_PLUS_25_PERCENT,25.0,7.766757034609654,6.169695409587502,1.5970616250221523,LOW,23.33889331915648,0.0024884650317892826,7.8420321579142165,LOW,0,0
452_484,RAINFALL_PLUS_25_PERCENT,25.0,65.75782750320968,64.16076587818752,1.5970616250221639,HIGH,23.33889331915648,0.9657817515817516,57.94142924143515,HIGH,0,0
452_495,RAINFALL_PLUS_25_PERCENT,25.0,65.45600248208771,63.85894085706555,1.5970616250221639,HIGH,23.33889331915648,0.9613717948717949,57.348655220691604,HIGH,0,0
452_529,RAINFALL_PLUS_25_PERCENT,25.0,11.441803454433725,9.844741829411573,1.5970616250221514,LOW,23.33889331915648,0.01737145812565194,36.40685015453047,LOW,0,0
452_784,RAINFALL_PLUS_25_PERCENT,25.0,7.640356112520505,6.043294487498352,1.5970616250221523,LOW,23.33889331915648,2.1798365122615804e-05,7.934689603689386,LOW,0,0
453_391,RAINFALL_PLUS_25_PERCENT,25.0,67.25882426207454,65.66176263705238,1.5970616250221639,HIGH,23.33889331915648,0.9735053927984161,68.70339416091824,HIGH,0,0
453_400,RAINFALL_PLUS_25_PERCENT,25.0,63.431532027959946,61.83447040293779,1.5970616250221568,HIGH,23.33889331915648,0.9000757730717377,70.81676266944548,HIGH,0,0
453_407,RAINFALL_PLUS_25_PERCENT,25.0,62.07304959147898,60.47598796645682,1.5970616250221568,HIGH,23.33889331915648,0.882109595540119,67.113335947026,HIGH,0,0
453_408,RAINFALL_PLUS_25_PERCENT,25.0,67.57022287937332,65.97316125435115,1.5970616250221639,HIGH,23.33889331915648,0.9719458874458877,72.67510827779662,HIGH,0,0
453_411,RAINFALL_PLUS_25_PERCENT,25.0,67.48992119274507,65.89285956772291,1.5970616250221639,HIGH,23.33889331915648,0.9736316017316019,70.94494855437135,HIGH,0,0
453_1353,RAINFALL_PLUS_25_PERCENT,25.0,7.815015361302118,6.2179537362799655,1.5970616250221523,LOW,23.33889331915648,0.0026884650317892827,8.214615424838858,LOW,0,0
454_496,RAINFALL_PLUS_25_PERCENT,25.0,64.58288668675328,62.985825061731134,1.5970616250221497,HIGH,23.33889331915648,0.9473367840492839,56.33675321972858,HIGH,0,0
455_445,RAINFALL_PLUS_25_PERCENT,25.0,64.63927785698817,63.04221623196602,1.5970616250221497,HIGH,23.33889331915648,0.9407807944307947,60.50645921224641,HIGH,0,0
456_342,RAINFALL_PLUS_25_PERCENT,25.0,60.61860361738992,59.02154199236777,1.5970616250221497,HIGH,23.33889331915648,0.8560244201397593,66.91572267633336,HIGH,0,0
457_503,RAINFALL_PLUS_25_PERCENT,25.0,17.224504448393336,15.627442823371181,1.597061625022155,LOW,23.33889331915648,0.11615972663314245,39.90031241500676,LOW,0,0
457_1000,RAINFALL_PLUS_25_PERCENT,25.0,7.502331267292038,5.905269642269886,1.5970616250221523,LOW,23.33889331915648,2.1798365122615804e-05,6.554441151404723,LOW,0,0
458_197,RAINFALL_PLUS_25_PERCENT,25.0,19.122323084848638,17.525261459826485,1.5970616250221532,LOW,23.33889331915648,0.126801781495004,53.02536860553595,LOW,0,0
458_494,RAINFALL_PLUS_25_PERCENT,25.0,65.07440226504417,63.47734064002202,1.5970616250221497,HIGH,23.33889331915648,0.9505420283038281,59.489024662638144,HIGH,0,0
458_665,RAINFALL_PLUS_25_PERCENT,25.0,19.366736735797517,17.769675110775363,1.5970616250221532,LOW,23.33889331915648,0.15541977769319357,39.72960720602047,LOW,0,0
459_415,RAINFALL_PLUS_25_PERCENT,25.0,65.99765922890197,64.40059760387982,1.5970616250221497,HIGH,23.33889331915648,0.9454656561461798,71.51359898792252,HIGH,0,0
459_447,RAINFALL_PLUS_25_PERCENT,25.0,65.43822042435278,63.841158799330636,1.5970616250221426,HIGH,23.33889331915648,0.955881673881674,60.19040118790889,HIGH,0,0
459_669,RAINFALL_PLUS_25_PERCENT,25.0,14.386219946185719,12.789158321163566,1.5970616250221532,LOW,23.33889331915648,0.07602205917847804,33.593184492996045,LOW,0,0
459_1218,RAINFALL_PLUS_25_PERCENT,25.0,9.582786997335166,7.985725372313014,1.5970616250221523,LOW,23.33889331915648,0.0025749119182361694,25.954785997623542,LOW,0,0
460_1285,RAINFALL_PLUS_25_PERCENT,25.0,7.8467117767648045,6.249650151742651,1.5970616250221532,LOW,23.33889331915648,6.220240552665621e-05,9.976024023910156,LOW,0,0
463_1201,RAINFALL_PLUS_25_PERCENT,25.0,10.438886677283849,8.841825052261697,1.5970616250221514,LOW,23.33889331915648,0.010050369793694046,30.404280965608542,LOW,0,0
464_214,RAINFALL_PLUS_25_PERCENT,25.0,39.180431784190844,37.583370159168695,1.5970616250221497,MODERATE,23.33889331915648,0.47765608370057394,60.63658938589456,MODERATE,0,0
464_647,RAINFALL_PLUS_25_PERCENT,25.0,55.46165821180269,53.864596586780536,1.5970616250221568,HIGH,23.33889331915648,0.7796880634731701,57.331264787085104,HIGH,0,0
466_1167,RAINFALL_PLUS_25_PERCENT,25.0,8.027014170619953,6.429952545597802,1.5970616250221514,LOW,23.33889331915648,0.0006884650317892824,11.434603518017212,LOW,0,0
467_337,RAINFALL_PLUS_25_PERCENT,25.0,62.18538973171663,60.588328106694476,1.5970616250221568,HIGH,23.33889331915648,0.8523422159539809,84.60879612177864,HIGH,0,0
468_344,RAINFALL_PLUS_25_PERCENT,25.0,60.872668361529726,59.27560673650758,1.5970616250221497,HIGH,23.33889331915648,0.8399647420067393,78.28919309089237,HIGH,0,0
468_413,RAINFALL_PLUS_25_PERCENT,25.0,58.75586452416154,57.15880289913939,1.5970616250221497,HIGH,23.33889331915648,0.7883281169810583,85.52129848133514,HIGH,0,0
471_565,RAINFALL_PLUS_25_PERCENT,25.0,61.809169329284664,60.21210770426251,1.5970616250221568,HIGH,23.33889331915648,0.8450619129236778,84.85075876412567,HIGH,0,0
472_104,RAINFALL_PLUS_25_PERCENT,25.0,14.3928992922449,12.795837667222749,1.5970616250221514,LOW,23.33889331915648,0.07229730483852832,35.70859284056019,LOW,0,0
472_500,RAINFALL_PLUS_25_PERCENT,25.0,15.165943232957591,13.568881607935438,1.5970616250221532,LOW,23.33889331915648,0.06069023199023198,49.822922314250086,LOW,0,0
472_543,RAINFALL_PLUS_25_PERCENT,25.0,66.56431756724487,64.9672559422227,1.5970616250221639,HIGH,23.33889331915648,0.967843861351762,64.87216950828129,HIGH,0,0
472_912,RAINFALL_PLUS_25_PERCENT,25.0,8.801394654533699,7.204333029511546,1.5970616250221523,LOW,23.33889331915648,0.017682411992609864,9.831737528703341,LOW,0,0
473_380,RAINFALL_PLUS_25_PERCENT,25.0,67.26562377477751,65.66856214975536,1.5970616250221497,HIGH,23.33889331915648,0.9843313568538388,62.81710905746554,HIGH,0,0
473_381,RAINFALL_PLUS_25_PERCENT,25.0,67.62817683737443,66.03111521235226,1.5970616250221639,HIGH,23.33889331915648,0.9914848603271097,62.508212773135675,HIGH,0,0
473_540,RAINFALL_PLUS_25_PERCENT,25.0,67.2460290631783,65.64896743815615,1.5970616250221497,HIGH,23.33889331915648,0.9783780094380093,65.89550302017952,HIGH,0,0
474_421,RAINFALL_PLUS_25_PERCENT,25.0,54.69799691789052,53.10093529286837,1.5970616250221497,HIGH,23.33889331915648,0.7476859344789579,67.29582279478012,HIGH,0,0
474_471,RAINFALL_PLUS_25_PERCENT,25.0,68.03589225421692,66.43883062919477,1.5970616250221497,HIGH,23.33889331915648,0.9906702620553686,67.03339599101827,HIGH,0,0
475_374,RAINFALL_PLUS_25_PERCENT,25.0,66.6795470641426,65.08248543912043,1.5970616250221639,HIGH,23.33889331915648,0.9773327664399093,60.80556667877761,HIGH,0,0
475_386,RAINFALL_PLUS_25_PERCENT,25.0,67.92176927498588,66.32470764996371,1.5970616250221639,HIGH,23.33889331915648,0.9962795918367346,62.80703481895642,HIGH,0,0
475_1305,RAINFALL_PLUS_25_PERCENT,25.0,7.597278488353594,6.000216863331442,1.5970616250221523,LOW,23.33889331915648,0.0006884650317892824,7.1372466953536104,LOW,0,0
476_163,RAINFALL_PLUS_25_PERCENT,25.0,12.802643250196795,11.205581625174641,1.5970616250221532,LOW,23.33889331915648,0.030256493506493502,42.928478652698296,LOW,0,0
476_416,RAINFALL_PLUS_25_PERCENT,25.0,51.012227531968136,49.41516590694597,1.5970616250221639,HIGH,23.33889331915648,0.6688483793983796,73.79878422987434,MODERATE,1,1
476_474,RAINFALL_PLUS_25_PERCENT,25.0,68.270796631522,66.67373500649985,1.5970616250221497,HIGH,23.33889331915648,0.9922063492063492,68.53759183102979,HIGH,0,0
477_475,RAINFALL_PLUS_25_PERCENT,25.0,67.95614477679177,66.35908315176962,1.5970616250221497,HIGH,23.33889331915648,0.9873301587301588,68.07297804563214,HIGH,0,0
477_561,RAINFALL_PLUS_25_PERCENT,25.0,63.090911499707474,61.49384987468532,1.5970616250221568,HIGH,23.33889331915648,0.893690498196022,70.92245856856445,HIGH,0,0
477_1226,RAINFALL_PLUS_25_PERCENT,25.0,8.502579722344942,6.90551809732279,1.5970616250221523,LOW,23.33889331915648,2.1798365122615804e-05,16.556925701933764,LOW,0,0
478_384,RAINFALL_PLUS_25_PERCENT,25.0,66.39589170878551,64.79883008376336,1.5970616250221497,HIGH,23.33889331915648,0.9725665859925159,60.5904123712731,HIGH,0,0
478_565,RAINFALL_PLUS_25_PERCENT,25.0,68.28396692156544,66.68690529654329,1.5970616250221497,HIGH,23.33889331915648,0.9820071428571431,74.27885822352745,HIGH,0,0
480_471,RAINFALL_PLUS_25_PERCENT,25.0,68.01251772640879,66.41545610138664,1.5970616250221497,HIGH,23.33889331915648,0.9928498015873016,65.6009039703738,HIGH,0,0
480_517,RAINFALL_PLUS_25_PERCENT,25.0,64.9473416598217,63.35028003479955,1.5970616250221497,HIGH,23.33889331915648,0.9484731547867096,59.35629904482853,HIGH,0,0
480_1139,RAINFALL_PLUS_25_PERCENT,25.0,7.543332937318262,5.946271312296109,1.5970616250221523,LOW,23.33889331915648,2.1798365122615804e-05,6.96445785166696,LOW,0,0
482_479,RAINFALL_PLUS_25_PERCENT,25.0,63.81879555994388,62.22173393492172,1.5970616250221568,HIGH,23.33889331915648,0.8974921922521921,76.11036744003489,HIGH,0,0
482_483,RAINFALL_PLUS_25_PERCENT,25.0,48.034524726368964,46.43746310134681,1.5970616250221568,MODERATE,23.33889331915648,0.6246043493973732,68.35597267443619,MODERATE,0,0
483_365,RAINFALL_PLUS_25_PERCENT,25.0,68.08451878856042,66.48745716353827,1.5970616250221497,HIGH,23.33889331915648,0.9962682823129252,64.44075019279705,HIGH,0,0
483_403,RAINFALL_PLUS_25_PERCENT,25.0,65.8773593235318,64.28029769850966,1.5970616250221497,HIGH,23.33889331915648,0.9520106256332319,66.71086671634224,HIGH,0,0
484_334,RAINFALL_PLUS_25_PERCENT,25.0,60.699543223904136,59.10248159888198,1.5970616250221568,HIGH,23.33889331915648,0.8618685036660038,64.51087280204104,HIGH,0,0
486_416,RAINFALL_PLUS_25_PERCENT,25.0,66.19819637337677,64.60113474835461,1.5970616250221639,HIGH,23.33889331915648,0.9480674603174607,72.08797813846603,HIGH,0,0
488_406,RAINFALL_PLUS_25_PERCENT,25.0,67.19758996909277,65.60052834407063,1.5970616250221497,HIGH,23.33889331915648,0.9777339285714289,65.76535655594348,HIGH,0,0
488_504,RAINFALL_PLUS_25_PERCENT,25.0,67.04721469202116,65.45015306699901,1.5970616250221497,HIGH,23.33889331915648,0.978127152597553,64.04533057085919,HIGH,0,0
489_364,RAINFALL_PLUS_25_PERCENT,25.0,64.59493090211792,62.997869277095774,1.5970616250221497,HIGH,23.33889331915648,0.9270922077922078,67.5917123147667,HIGH,0,0
489_371,RAINFALL_PLUS_25_PERCENT,25.0,65.98768942163855,64.3906277966164,1.5970616250221497,HIGH,23.33889331915648,0.9583993369064797,64.3003764971234,HIGH,0,0
489_412,RAINFALL_PLUS_25_PERCENT,25.0,66.52262398990672,64.92556236488457,1.5970616250221497,HIGH,23.33889331915648,0.963666700082039,66.75267243324751,HIGH,0,0
489_418,RAINFALL_PLUS_25_PERCENT,25.0,66.61694381342559,65.01988218840344,1.5970616250221497,HIGH,23.33889331915648,0.967023592654116,65.8495797537939,HIGH,0,0
489_419,RAINFALL_PLUS_25_PERCENT,25.0,63.42505368974388,61.82799206472173,1.5970616250221568,HIGH,23.33889331915648,0.9010617364117367,70.20969945028541,HIGH,0,0
489_470,RAINFALL_PLUS_25_PERCENT,25.0,66.63825142922367,65.04118980420152,1.5970616250221497,HIGH,23.33889331915648,0.959012578810079,70.46871352599511,HIGH,0,0
491_371,RAINFALL_PLUS_25_PERCENT,25.0,68.03122681152968,66.43416518650751,1.5970616250221639,HIGH,23.33889331915648,0.9966794871794873,63.68166774588051,HIGH,0,0
491_416,RAINFALL_PLUS_25_PERCENT,25.0,66.92679239682298,65.32973077180083,1.5970616250221497,HIGH,23.33889331915648,0.970576676695464,66.99386936502627,HIGH,0,0
491_442,RAINFALL_PLUS_25_PERCENT,25.0,66.40994170895064,64.81288008392849,1.5970616250221497,HIGH,23.33889331915648,0.9630881669686904,65.94404283602849,HIGH,0,0
491_456,RAINFALL_PLUS_25_PERCENT,25.0,66.5506616326212,64.95360000759905,1.5970616250221497,HIGH,23.33889331915648,0.9658139160356443,65.8520800859095,HIGH,0,0
491_555,RAINFALL_PLUS_25_PERCENT,25.0,66.63641264702815,65.039351022006,1.5970616250221497,HIGH,23.33889331915648,0.9689166441517506,65.0030897661204,HIGH,0,0
491_1386,RAINFALL_PLUS_25_PERCENT,25.0,8.280531187634882,6.6834695626127285,1.5970616250221532,LOW,23.33889331915648,0.0018217983651226159,13.34644035483315,LOW,0,0
492_301,RAINFALL_PLUS_25_PERCENT,25.0,51.89921901727145,50.3021573922493,1.5970616250221497,HIGH,23.33889331915648,0.7140058062002967,57.832114341853,HIGH,0,0
492_508,RAINFALL_PLUS_25_PERCENT,25.0,67.21704060057452,65.61997897555237,1.5970616250221497,HIGH,23.33889331915648,0.9812729933581,64.01337723809193,HIGH,0,0
492_528,RAINFALL_PLUS_25_PERCENT,25.0,67.823398084869,66.22633645984685,1.5970616250221497,HIGH,23.33889331915648,0.9978095238095237,60.98186033275367,HIGH,0,0
492_909,RAINFALL_PLUS_25_PERCENT,25.0,8.946927972235061,7.349866347212909,1.5970616250221523,LOW,23.33889331915648,0.016691162449314286,11.832257954529533,LOW,0,0
493_355,RAINFALL_PLUS_25_PERCENT,25.0,18.36901267585046,16.771951050828307,1.5970616250221532,LOW,23.33889331915648,0.10117512095747389,59.58692781119572,LOW,0,0
493_441,RAINFALL_PLUS_25_PERCENT,25.0,62.65203988702899,61.054978262006834,1.5970616250221568,HIGH,23.33889331915648,0.8892918618848854,68.95299241290466,HIGH,0,0
494_471,RAINFALL_PLUS_25_PERCENT,25.0,62.46930400965025,60.872242384628095,1.5970616250221568,HIGH,23.33889331915648,0.8739502801120449,75.56350361417952,HIGH,0,0
494_508,RAINFALL_PLUS_25_PERCENT,25.0,66.75875191295937,65.1616902879372,1.5970616250221639,HIGH,23.33889331915648,0.9747697608022358,63.00726826766566,HIGH,0,0
495_374,RAINFALL_PLUS_25_PERCENT,25.0,65.9206461805013,64.32358455547913,1.5970616250221639,HIGH,23.33889331915648,0.9653256416202844,59.8204764931582,HIGH,0,0
495_395,RAINFALL_PLUS_25_PERCENT,25.0,67.69463428651977,66.09757266149762,1.5970616250221497,HIGH,23.33889331915648,0.9960367346938777,60.669256362866776,HIGH,0,0
495_397,RAINFALL_PLUS_25_PERCENT,25.0,67.34734078640292,65.75027916138077,1.5970616250221497,HIGH,23.33889331915648,0.991386475231118,59.75396406621619,HIGH,0,0
495_435,RAINFALL_PLUS_25_PERCENT,25.0,67.02909035232308,65.43202872730092,1.5970616250221639,HIGH,23.33889331915648,0.9706817460317463,67.95906078507203,HIGH,0,0
495_450,RAINFALL_PLUS_25_PERCENT,25.0,66.50029289248013,64.90323126745798,1.5970616250221497,HIGH,23.33889331915648,0.9635898282863,66.57164094663817,HIGH,0,0
495_461,RAINFALL_PLUS_25_PERCENT,25.0,68.22899723771121,66.63193561268906,1.5970616250221497,HIGH,23.33889331915648,0.9974444444444444,65.23864551196958,HIGH,0,0
495_469,RAINFALL_PLUS_25_PERCENT,25.0,67.91781228652209,66.32075066149993,1.5970616250221639,HIGH,23.33889331915648,0.9777906090808416,72.93640545005977,HIGH,0,0
495_1418,RAINFALL_PLUS_25_PERCENT,25.0,8.473986997105715,6.876925372083564,1.5970616250221514,LOW,23.33889331915648,2.1798365122615804e-05,16.2709984495415,LOW,0,0
496_376,RAINFALL_PLUS_25_PERCENT,25.0,67.18591619348452,65.58885456846235,1.5970616250221639,HIGH,23.33889331915648,0.9839113875964941,62.251016336075104,HIGH,0,0
496_463,RAINFALL_PLUS_25_PERCENT,25.0,67.9212788053125,66.32421718029035,1.5970616250221497,HIGH,23.33889331915648,0.9868125112312983,68.0090244552126,HIGH,0,0
496_465,RAINFALL_PLUS_25_PERCENT,25.0,68.43944264046768,66.84238101544553,1.5970616250221497,HIGH,23.33889331915648,0.9934241269841271,69.55427414270864,HIGH,0,0
496_1659,RAINFALL_PLUS_25_PERCENT,25.0,13.522555059336508,11.925493434314356,1.5970616250221514,LOW,23.33889331915648,0.03570352449482885,47.131729700511,LOW,0,0
497_464,RAINFALL_PLUS_25_PERCENT,25.0,66.42277122432534,64.8257095993032,1.5970616250221497,HIGH,23.33889331915648,0.9593900725588599,68.1062899151823,HIGH,0,0
497_527,RAINFALL_PLUS_25_PERCENT,25.0,66.17217163543592,64.57511001041377,1.5970616250221497,HIGH,23.33889331915648,0.9663494243345306,61.772650549669095,HIGH,0,0
497_916,RAINFALL_PLUS_25_PERCENT,25.0,8.120134892072185,6.523073267050033,1.5970616250221523,LOW,23.33889331915648,0.0024384650317892825,11.403310732539529,LOW,0,0
499_373,RAINFALL_PLUS_25_PERCENT,25.0,64.1805659909121,62.583504365889944,1.5970616250221568,HIGH,23.33889331915648,0.9346277203223629,59.303531311123194,HIGH,0,0
499_1383,RAINFALL_PLUS_25_PERCENT,25.0,8.66324710642569,7.0661854814035365,1.5970616250221532,LOW,23.33889331915648,2.1798365122615804e-05,18.163599542741235,LOW,0,0
500_338,RAINFALL_PLUS_25_PERCENT,25.0,67.87206062151164,66.27499899648949,1.5970616250221497,HIGH,23.33889331915648,0.9874196969696969,67.18289046108484,HIGH,0,0
500_339,RAINFALL_PLUS_25_PERCENT,25.0,67.35136643698792,65.75430481196577,1.5970616250221497,HIGH,23.33889331915648,0.9787393536695861,66.75013743090858,HIGH,0,0
500_427,RAINFALL_PLUS_25_PERCENT,25.0,66.63581908340481,65.03875745838266,1.5970616250221497,HIGH,23.33889331915648,0.9718918466223702,63.36079277104627,HIGH,0,0
500_508,RAINFALL_PLUS_25_PERCENT,25.0,67.33393002132044,65.73686839629829,1.5970616250221497,HIGH,23.33889331915648,0.980224396089735,65.75899994315205,HIGH,0,0
501_470,RAINFALL_PLUS_25_PERCENT,25.0,68.1527729925578,66.55571136753565,1.5970616250221497,HIGH,23.33889331915648,0.9888028205128208,69.2292962228284,HIGH,0,0
501_529,RAINFALL_PLUS_25_PERCENT,25.0,67.21171292219563,65.61465129717347,1.5970616250221639,HIGH,23.33889331915648,0.98093444746468,64.14630069568406,HIGH,0,0
501_531,RAINFALL_PLUS_25_PERCENT,25.0,66.71705217281816,65.11999054779601,1.5970616250221497,HIGH,23.33889331915648,0.9817434523809525,58.75474049795937,HIGH,0,0
503_461,RAINFALL_PLUS_25_PERCENT,25.0,67.90208842630672,66.30502680128457,1.5970616250221497,HIGH,23.33889331915648,0.9899611111111113,66.0853907312577,HIGH,0,0
505_335,RAINFALL_PLUS_25_PERCENT,25.0,63.571092454128916,61.97403082910676,1.5970616250221568,HIGH,23.33889331915648,0.9127878081729146,65.22074762548789,HIGH,0,0
505_338,RAINFALL_PLUS_25_PERCENT,25.0,59.89901630811009,58.30195468308794,1.5970616250221497,HIGH,23.33889331915648,0.8442871290738796,66.17535966976891,HIGH,0,0
505_410,RAINFALL_PLUS_25_PERCENT,25.0,56.4912498300123,54.89418820499015,1.5970616250221497,HIGH,23.33889331915648,0.7915765021709925,61.08853968537894,HIGH,0,0
505_647,RAINFALL_PLUS_25_PERCENT,25.0,8.48302277477204,6.885961149749889,1.5970616250221514,LOW,23.33889331915648,0.0015622024055266563,15.51413400398253,LOW,0,0
506_339,RAINFALL_PLUS_25_PERCENT,25.0,66.62064964815579,65.02358802313364,1.5970616250221497,HIGH,23.33889331915648,0.9609193362193363,69.24397914022471,HIGH,0,0
506_378,RAINFALL_PLUS_25_PERCENT,25.0,67.7930820350031,66.19602040998095,1.5970616250221497,HIGH,23.33889331915648,0.9953367346938775,62.03873384770009,HIGH,0,0
506_420,RAINFALL_PLUS_25_PERCENT,25.0,63.941315458468594,62.34425383344644,1.5970616250221568,HIGH,23.33889331915648,0.9216906533711768,64.0264128098405,HIGH,0,0
506_422,RAINFALL_PLUS_25_PERCENT,25.0,67.10847704285992,65.51141541783775,1.5970616250221639,HIGH,23.33889331915648,0.9753880767811001,66.16444577829587,HIGH,0,0
506_464,RAINFALL_PLUS_25_PERCENT,25.0,66.44010123939302,64.84303961437085,1.5970616250221639,HIGH,23.33889331915648,0.9651863850749398,65.09161818201495,HIGH,0,0
507_422,RAINFALL_PLUS_25_PERCENT,25.0,65.12539934995687,63.5283377249347,1.5970616250221639,HIGH,23.33889331915648,0.9434850645155877,63.880325595297194,HIGH,0,0
508_338,RAINFALL_PLUS_25_PERCENT,25.0,63.95605396333569,62.35899233831354,1.5970616250221497,HIGH,23.33889331915648,0.9208585132890368,64.63147490368843,HIGH,0,0
508_340,RAINFALL_PLUS_25_PERCENT,25.0,65.64246785901248,64.04540623399033,1.5970616250221497,HIGH,23.33889331915648,0.9479601005906241,66.58974084458332,HIGH,0,0
508_349,RAINFALL_PLUS_25_PERCENT,25.0,66.56377908615204,64.96671746112989,1.5970616250221497,HIGH,23.33889331915648,0.9561103896103897,71.32019415510776,HIGH,0,0
508_1254,RAINFALL_PLUS_25_PERCENT,25.0,8.458761399369926,6.861699774347773,1.5970616250221532,LOW,23.33889331915648,2.1798365122615804e-05,16.118742472183598,LOW,0,0
509_340,RAINFALL_PLUS_25_PERCENT,25.0,65.0409595856303,63.44389796060814,1.5970616250221639,HIGH,23.33889331915648,0.9367069259874494,66.76390414250763,HIGH,0,0
509_374,RAINFALL_PLUS_25_PERCENT,25.0,67.19454221604701,65.59748059102486,1.5970616250221497,HIGH,23.33889331915648,0.9851379251700682,61.66268089623442,HIGH,0,0
509_731,RAINFALL_PLUS_25_PERCENT,25.0,7.7509305522902,6.153868927268047,1.5970616250221523,LOW,23.33889331915648,6.220240552665621e-05,9.018211779164112,LOW,0,0
510_407,RAINFALL_PLUS_25_PERCENT,25.0,55.96105516476713,54.363993539744975,1.5970616250221568,HIGH,23.33889331915648,0.7828883458828362,60.56507899141316,HIGH,0,0
512_326,RAINFALL_PLUS_25_PERCENT,25.0,51.718056271033284,50.120994646011134,1.5970616250221497,HIGH,23.33889331915648,0.7061318650793652,60.351154495983714,HIGH,0,0
512_511,RAINFALL_PLUS_25_PERCENT,25.0,53.01592390706518,51.41886228204302,1.5970616250221568,HIGH,23.33889331915648,0.7091497128461843,71.67001458455216,HIGH,0,0
515_405,RAINFALL_PLUS_25_PERCENT,25.0,67.88162184507655,66.2845602200544,1.5970616250221497,HIGH,23.33889331915648,0.9953333333333334,62.926002696733875,HIGH,0,0
516_395,RAINFALL_PLUS_25_PERCENT,25.0,67.87050477937473,66.27344315435258,1.5970616250221497,HIGH,23.33889331915648,0.999,60.79816537304906,HIGH,0,0
517_370,RAINFALL_PLUS_25_PERCENT,25.0,64.8402312105037,63.24316958548155,1.5970616250221497,HIGH,23.33889331915648,0.9418056941563274,61.952297898358644,HIGH,0,0
517_406,RAINFALL_PLUS_25_PERCENT,25.0,68.00241665821926,66.40535503319711,1.5970616250221497,HIGH,23.33889331915648,0.9983461538461538,62.47689954610976,HIGH,0,0
518_325,RAINFALL_PLUS_25_PERCENT,25.0,42.82194034111549,41.22487871609334,1.5970616250221497,MODERATE,23.33889331915648,0.5426971500721501,61.279088450774125,MODERATE,0,0
518_538,RAINFALL_PLUS_25_PERCENT,25.0,67.26774031391,65.67067868888783,1.5970616250221639,HIGH,23.33889331915648,0.9777140873015873,66.4777727025286,HIGH,0,0
519_403,RAINFALL_PLUS_25_PERCENT,25.0,65.61627064378726,64.01920901876511,1.5970616250221497,HIGH,23.33889331915648,0.9559086987109479,61.95603972615296,HIGH,0,0
520_446,RAINFALL_PLUS_25_PERCENT,25.0,24.41984822970308,22.82278660468093,1.5970616250221532,LOW,23.33889331915648,0.22325579975579984,52.95091001064268,LOW,0,0
520_574,RAINFALL_PLUS_25_PERCENT,25.0,62.687548357019615,61.090486731997466,1.5970616250221497,HIGH,23.33889331915648,0.8917697482634758,67.94523960458628,HIGH,0,0
521_323,RAINFALL_PLUS_25_PERCENT,25.0,54.808623216310714,53.211561591288564,1.5970616250221497,HIGH,23.33889331915648,0.7557944836116264,63.9423837560144,HIGH,0,0
521_410,RAINFALL_PLUS_25_PERCENT,25.0,66.48202460632639,64.88496298130423,1.5970616250221639,HIGH,23.33889331915648,0.9689688539245485,63.43049398406394,HIGH,0,0
521_571,RAINFALL_PLUS_25_PERCENT,25.0,65.91909309404741,64.32203146902525,1.5970616250221639,HIGH,23.33889331915648,0.944052356902357,71.50525222347956,HIGH,0,0
521_736,RAINFALL_PLUS_25_PERCENT,25.0,8.095922344377223,6.498860719355072,1.5970616250221514,LOW,23.33889331915648,0.004832909476233727,9.844240811145474,LOW,0,0
522_511,RAINFALL_PLUS_25_PERCENT,25.0,67.86155722309451,66.26449559807236,1.5970616250221497,HIGH,23.33889331915648,0.9881912513842748,66.65350154889566,HIGH,0,0
522_558,RAINFALL_PLUS_25_PERCENT,25.0,65.49850048980645,63.901438864784296,1.5970616250221497,HIGH,23.33889331915648,0.9206399626517275,80.17614301891608,HIGH,0,0
523_1106,RAINFALL_PLUS_25_PERCENT,25.0,7.939602985753184,6.3425413607310315,1.5970616250221523,LOW,23.33889331915648,6.220240552665621e-05,10.904936113793957,LOW,0,0
524_401,RAINFALL_PLUS_25_PERCENT,25.0,67.78818936470458,66.19112773968243,1.5970616250221497,HIGH,23.33889331915648,0.9909636577708005,64.39499945240738,HIGH,0,0
524_1025,RAINFALL_PLUS_25_PERCENT,25.0,7.794915968346394,6.1978543433242415,1.5970616250221523,LOW,23.33889331915648,2.1798365122615804e-05,9.480288161948282,LOW,0,0
526_513,RAINFALL_PLUS_25_PERCENT,25.0,67.4959094607855,65.89884783576333,1.5970616250221639,HIGH,23.33889331915648,0.9843047619047619,65.13459313953763,HIGH,0,0
527_361,RAINFALL_PLUS_25_PERCENT,25.0,28.364019905598862,26.766958280576713,1.5970616250221497,MODERATE,23.33889331915648,0.2856982905415129,58.04925683745829,MODERATE,0,0
527_403,RAINFALL_PLUS_25_PERCENT,25.0,67.86233509049661,66.26527346547445,1.5970616250221639,HIGH,23.33889331915648,0.9957863095238094,62.48399824617269,HIGH,0,0
527_479,RAINFALL_PLUS_25_PERCENT,25.0,48.94797154347368,47.35090991845152,1.5970616250221568,MODERATE,23.33889331915648,0.6253707374325019,77.06892742616249,MODERATE,0,0
527_1427,RAINFALL_PLUS_25_PERCENT,25.0,11.741955938748186,10.144894313726034,1.5970616250221514,LOW,23.33889331915648,0.02151587301587302,37.128946808053485,LOW,0,0
531_260,RAINFALL_PLUS_25_PERCENT,25.0,25.621686052611643,24.02462442758949,1.5970616250221532,MODERATE,23.33889331915648,0.24073702571937877,55.35461395975987,LOW,1,1
531_402,RAINFALL_PLUS_25_PERCENT,25.0,68.30832074793774,66.71125912291559,1.5970616250221497,HIGH,23.33889331915648,0.995665306122449,67.01040669133221,HIGH,0,0
533_95,RAINFALL_PLUS_25_PERCENT,25.0,9.448298386512866,7.851236761490714,1.5970616250221514,LOW,23.33889331915648,0.016392064372680624,17.010466039456094,LOW,0,0
533_421,RAINFALL_PLUS_25_PERCENT,25.0,67.48978811064097,65.89272648561882,1.5970616250221497,HIGH,23.33889331915648,0.9886202844774273,62.69984222312651,HIGH,0,0
533_516,RAINFALL_PLUS_25_PERCENT,25.0,66.64569628832103,65.04863466329888,1.5970616250221497,HIGH,23.33889331915648,0.9691196087202419,64.98429566637908,HIGH,0,0
533_525,RAINFALL_PLUS_25_PERCENT,25.0,66.81946424126824,65.22240261624609,1.5970616250221497,HIGH,23.33889331915648,0.9812802328623758,60.03363191767739,HIGH,0,0
533_527,RAINFALL_PLUS_25_PERCENT,25.0,67.77520575100132,66.17814412597917,1.5970616250221497,HIGH,23.33889331915648,0.9956333333333335,61.696841755981694,HIGH,0,0
534_423,RAINFALL_PLUS_25_PERCENT,25.0,50.82150195872955,49.2244403337074,1.5970616250221497,HIGH,23.33889331915648,0.6969173944483862,56.45357021998487,MODERATE,1,1
535_207,RAINFALL_PLUS_25_PERCENT,25.0,11.585525225427295,9.988463600405144,1.5970616250221514,LOW,23.33889331915648,0.03133903872762534,30.161898533380793,LOW,0,0
535_399,RAINFALL_PLUS_25_PERCENT,25.0,66.94550294823424,65.34844132321209,1.5970616250221497,HIGH,23.33889331915648,0.9615661531279178,72.13676284128931,HIGH,0,0
535_562,RAINFALL_PLUS_25_PERCENT,25.0,67.37030819096725,65.7732465659451,1.5970616250221497,HIGH,23.33889331915648,0.978956188806822,66.82029564522225,HIGH,0,0
535_1002,RAINFALL_PLUS_25_PERCENT,25.0,7.790582369797949,6.193520744775797,1.5970616250221523,LOW,23.33889331915648,2.1798365122615804e-05,9.436952176463832,LOW,0,0
535_1337,RAINFALL_PLUS_25_PERCENT,25.0,8.52860157175684,6.931539946734686,1.5970616250221532,LOW,23.33889331915648,2.1798365122615804e-05,16.81714419605273,LOW,0,0
536_487,RAINFALL_PLUS_25_PERCENT,25.0,67.27280146832558,65.67573984330343,1.5970616250221497,HIGH,23.33889331915648,0.9633488936988939,74.42924072816598,HIGH,0,0
536_1256,RAINFALL_PLUS_25_PERCENT,25.0,9.44629591693578,7.849234291913627,1.5970616250221532,LOW,23.33889331915648,0.006702750746074996,22.319563838318327,LOW,0,0
538_333,RAINFALL_PLUS_25_PERCENT,25.0,66.73177073631807,65.13470911129592,1.5970616250221497,HIGH,23.33889331915648,0.9740619047619049,63.12677732343476,HIGH,0,0
538_344,RAINFALL_PLUS_25_PERCENT,25.0,61.15567670801535,59.55861508299319,1.5970616250221568,HIGH,23.33889331915648,0.8790947828034034,59.59775411758336,HIGH,0,0
539_87,RAINFALL_PLUS_25_PERCENT,25.0,9.308965952148933,7.7119043271267795,1.5970616250221532,LOW,23.33889331915648,0.012765310196269697,17.611856492842765,LOW,0,0
539_536,RAINFALL_PLUS_25_PERCENT,25.0,66.70525245055151,65.10819082552936,1.5970616250221497,HIGH,23.33889331915648,0.977144662429769,61.16607774844397,HIGH,0,0
539_999,RAINFALL_PLUS_25_PERCENT,25.0,7.923505161080703,6.326443536058551,1.5970616250221523,LOW,23.33889331915648,0.001421798365122616,9.99618008929137,LOW,0,0
540_318,RAINFALL_PLUS_25_PERCENT,25.0,65.30320757230687,63.70614594728472,1.5970616250221568,HIGH,23.33889331915648,0.9304626799557034,72.82071932673368,HIGH,0,0
540_410,RAINFALL_PLUS_25_PERCENT,25.0,67.39239962047763,65.79533799545548,1.5970616250221497,HIGH,23.33889331915648,0.9793034920634922,66.85019314915746,HIGH,0,0
540_1507,RAINFALL_PLUS_25_PERCENT,25.0,7.87058369313826,6.273522068116106,1.5970616250221532,LOW,23.33889331915648,6.220240552665621e-05,10.214743187644707,LOW,0,0
542_393,RAINFALL_PLUS_25_PERCENT,25.0,64.67048660851884,63.073424983496686,1.5970616250221568,HIGH,23.33889331915648,0.91598110484287,74.45837600091176,HIGH,0,0
542_1302,RAINFALL_PLUS_25_PERCENT,25.0,9.288629155736,7.691567530713849,1.5970616250221514,LOW,23.33889331915648,0.002348721442045693,23.137612343536652,LOW,0,0
542_1519,RAINFALL_PLUS_25_PERCENT,25.0,7.949925312337613,6.352863687315461,1.5970616250221523,LOW,23.33889331915648,2.1798365122615804e-05,11.030381601860473,LOW,0,0
544_1333,RAINFALL_PLUS_25_PERCENT,25.0,9.523416153637436,7.926354528615283,1.5970616250221532,LOW,23.33889331915648,0.004090784934109185,24.52734740191608,LOW,0,0
545_453,RAINFALL_PLUS_25_PERCENT,25.0,67.76378805715075,66.1667264321286,1.5970616250221497,HIGH,23.33889331915648,0.9957666666666668,61.50933148414256,HIGH,0,0
546_369,RAINFALL_PLUS_25_PERCENT,25.0,52.79136395800875,51.1943023329866,1.5970616250221497,HIGH,23.33889331915648,0.7174367715617714,64.86653280041502,HIGH,0,0
546_455,RAINFALL_PLUS_25_PERCENT,25.0,67.97553812457001,66.37847649954784,1.5970616250221639,HIGH,23.33889331915648,0.9987727272727273,61.97349882500178,HIGH,0,0
547_369,RAINFALL_PLUS_25_PERCENT,25.0,66.68569133737189,65.08862971234974,1.5970616250221497,HIGH,23.33889331915648,0.9768973595848596,61.10648318134787,HIGH,0,0
547_397,RAINFALL_PLUS_25_PERCENT,25.0,66.02866337537402,64.43160175035187,1.5970616250221497,HIGH,23.33889331915648,0.9466581308198958,71.16777938209931,HIGH,0,0
548_402,RAINFALL_PLUS_25_PERCENT,25.0,66.93574464940177,65.33868302437962,1.5970616250221497,HIGH,23.33889331915648,0.9689189309056957,67.99515207518685,HIGH,0,0
548_409,RAINFALL_PLUS_25_PERCENT,25.0,68.11390393232266,66.51684230730051,1.5970616250221497,HIGH,23.33889331915648,0.9950749999999999,65.39090690252837,HIGH,0,0
548_1170,RAINFALL_PLUS_25_PERCENT,25.0,8.717505816945605,7.120444191923454,1.5970616250221514,LOW,23.33889331915648,0.0013551316984559492,17.972853314607068,LOW,0,0
549_320,RAINFALL_PLUS_25_PERCENT,25.0,65.07432521391154,63.477263588889386,1.5970616250221497,HIGH,23.33889331915648,0.9317069259874492,69.84756042531995,HIGH,0,0
549_343,RAINFALL_PLUS_25_PERCENT,25.0,65.20562268263868,63.60856105761653,1.5970616250221497,HIGH,23.33889331915648,0.9493563687789749,61.45334157725229,HIGH,0,0
549_364,RAINFALL_PLUS_25_PERCENT,25.0,62.02960530653178,60.43254368150963,1.5970616250221497,HIGH,23.33889331915648,0.8931956626706635,60.58155617575463,HIGH,0,0
549_640,RAINFALL_PLUS_25_PERCENT,25.0,11.595255626184251,9.9981940011621,1.5970616250221514,LOW,23.33889331915648,0.025041476958043648,33.72286151422029,LOW,0,0
550_455,RAINFALL_PLUS_25_PERCENT,25.0,64.02240831180069,62.42534668677853,1.5970616250221568,HIGH,23.33889331915648,0.9304028022012494,60.0456594866214,HIGH,0,0
551_319,RAINFALL_PLUS_25_PERCENT,25.0,52.931324106906644,51.33426248188449,1.5970616250221568,HIGH,23.33889331915648,0.7121449490754723,69.17663665685842,HIGH,0,0
551_633,RAINFALL_PLUS_25_PERCENT,25.0,66.31296409507976,64.71590247005761,1.5970616250221497,HIGH,23.33889331915648,0.9729055934672367,59.574682123119175,HIGH,0,0
552_593,RAINFALL_PLUS_25_PERCENT,25.0,67.44715480946613,65.85009318444396,1.5970616250221639,HIGH,23.33889331915648,0.9872401891252954,63.032561655050486,HIGH,0,0
553_61,RAINFALL_PLUS_25_PERCENT,25.0,10.041143323136788,8.444081698114637,1.5970616250221514,LOW,23.33889331915648,0.002399662800187518,30.63473627056653,LOW,0,0
554_344,RAINFALL_PLUS_25_PERCENT,25.0,66.44532809596296,64.84826647094081,1.5970616250221497,HIGH,23.33889331915648,0.9671465383316447,64.06580245652694,HIGH,0,0
556_419,RAINFALL_PLUS_25_PERCENT,25.0,64.10793118786134,62.51086956283919,1.5970616250221497,HIGH,23.33889331915648,0.929896492322903,61.17935868031862,HIGH,0,0
558_636,RAINFALL_PLUS_25_PERCENT,25.0,66.48366585359784,64.88660422857569,1.5970616250221497,HIGH,23.33889331915648,0.9754558870303115,59.87903824860879,HIGH,0,0
558_1664,RAINFALL_PLUS_25_PERCENT,25.0,9.410182227829218,7.813120602807066,1.5970616250221514,LOW,23.33889331915648,0.009314655507979759,20.521879328205095,LOW,0,0
559_21,RAINFALL_PLUS_25_PERCENT,25.0,13.708891945499186,12.111830320477033,1.5970616250221532,LOW,23.33889331915648,0.039040476190476195,47.15977512953173,LOW,0,0
559_258,RAINFALL_PLUS_25_PERCENT,25.0,14.03743322109952,12.440371596077366,1.5970616250221532,LOW,23.33889331915648,0.051910413299192666,43.366722475740985,LOW,0,0
559_826,RAINFALL_PLUS_25_PERCENT,25.0,19.90385042838824,18.306788803366086,1.5970616250221532,LOW,23.33889331915648,0.1507498214089907,47.66922008823924,LOW,0,0
561_186,RAINFALL_PLUS_25_PERCENT,25.0,18.77068062457892,17.173618999556766,1.5970616250221532,LOW,23.33889331915648,0.13916082005369934,42.711472795556304,LOW,0,0
562_330,RAINFALL_PLUS_25_PERCENT,25.0,58.88612537076585,57.28906374574369,1.5970616250221639,HIGH,23.33889331915648,0.7947068624186271,83.31559695671532,HIGH,0,0
562_407,RAINFALL_PLUS_25_PERCENT,25.0,66.19247752607896,64.5954159010568,1.5970616250221639,HIGH,23.33889331915648,0.9665256235827665,61.87879986956977,HIGH,0,0
562_504,RAINFALL_PLUS_25_PERCENT,25.0,60.46399553312164,58.86693390809948,1.5970616250221568,HIGH,23.33889331915648,0.8606751381048874,62.81174695283013,HIGH,0,0
563_339,RAINFALL_PLUS_25_PERCENT,25.0,66.33563852685589,64.73857690183374,1.5970616250221497,HIGH,23.33889331915648,0.9557217505870894,69.25254002496145,HIGH,0,0
564_748,RAINFALL_PLUS_25_PERCENT,25.0,9.431655572390042,7.834593947367891,1.5970616250221514,LOW,23.33889331915648,0.013407353161203728,18.485629064540156,LOW,0,0
566_408,RAINFALL_PLUS_25_PERCENT,25.0,65.69601981750473,64.09895819248258,1.5970616250221497,HIGH,23.33889331915648,0.9603194099045167,60.32764030686497,HIGH,0,0
566_414,RAINFALL_PLUS_25_PERCENT,25.0,66.9433663572484,65.34630473222624,1.5970616250221497,HIGH,23.33889331915648,0.9815152691056083,61.14338314370114,HIGH,0,0
566_970,RAINFALL_PLUS_25_PERCENT,25.0,9.16644369463656,7.569382069614409,1.5970616250221514,LOW,23.33889331915648,0.009629999015696148,17.91105506703451,LOW,0,0
568_890,RAINFALL_PLUS_25_PERCENT,25.0,10.278182840457784,8.681121215435631,1.5970616250221532,LOW,23.33889331915648,0.014805059548383799,26.18216323226853,LOW,0,0
570_402,RAINFALL_PLUS_25_PERCENT,25.0,67.08661521679893,65.48955359177678,1.5970616250221497,HIGH,23.33889331915648,0.983587031217264,61.43640257779589,HIGH,0,0
577_896,RAINFALL_PLUS_25_PERCENT,25.0,9.299713056034005,7.7026514310118515,1.5970616250221532,LOW,23.33889331915648,0.008362202405526657,19.941036816602153,LOW,0,0
583_493,RAINFALL_PLUS_25_PERCENT,25.0,67.22649452427672,65.62943289925457,1.5970616250221497,HIGH,23.33889331915648,0.9753179570429571,67.38318644844253,HIGH,0,0
587_470,RAINFALL_PLUS_25_PERCENT,25.0,25.956188214503193,24.359126589481043,1.5970616250221497,MODERATE,23.33889331915648,0.2291925548925549,65.04909453342849,LOW,1,1
587_492,RAINFALL_PLUS_25_PERCENT,25.0,44.84904226898061,43.25198064395846,1.5970616250221497,MODERATE,23.33889331915648,0.573838486322107,64.42237279194902,MODERATE,0,0
588_407,RAINFALL_PLUS_25_PERCENT,25.0,67.16711891657883,65.57005729155667,1.5970616250221639,HIGH,23.33889331915648,0.9829015647866712,62.61844611242084,HIGH,0,0
589_492,RAINFALL_PLUS_25_PERCENT,25.0,67.96943594322063,66.37237431819848,1.5970616250221497,HIGH,23.33889331915648,0.9844045565545566,69.814970906502,HIGH,0,0
589_493,RAINFALL_PLUS_25_PERCENT,25.0,67.1024605540133,65.50539892899114,1.5970616250221639,HIGH,23.33889331915648,0.9751315476190477,66.24537192895845,HIGH,0,0
589_500,RAINFALL_PLUS_25_PERCENT,25.0,23.465214142627335,21.868152517605182,1.5970616250221532,LOW,23.33889331915648,0.20252674155909445,54.80555114807319,LOW,0,0
590_414,RAINFALL_PLUS_25_PERCENT,25.0,66.53739486868865,64.9403332436665,1.5970616250221497,HIGH,23.33889331915648,0.9716615079365081,62.50323690110885,HIGH,0,0
590_952,RAINFALL_PLUS_25_PERCENT,25.0,10.82331496094669,9.226253335924538,1.5970616250221514,LOW,23.33889331915648,0.03100747544370861,22.72215569472895,LOW,0,0
590_1117,RAINFALL_PLUS_25_PERCENT,25.0,8.519995566767234,6.9229339417450815,1.5970616250221523,LOW,23.33889331915648,0.003321798365122616,14.91608414615668,LOW,0,0
592_410,RAINFALL_PLUS_25_PERCENT,25.0,66.50965102859735,64.9125894035752,1.5970616250221497,HIGH,23.33889331915648,0.9673425547996979,64.6012227254414,HIGH,0,0
592_748,RAINFALL_PLUS_25_PERCENT,25.0,12.67216429825795,11.075102673235799,1.5970616250221514,LOW,23.33889331915648,0.03791186391032465,37.413235411202734,LOW,0,0
593_445,RAINFALL_PLUS_25_PERCENT,25.0,65.0647010615611,63.467639436538946,1.5970616250221497,HIGH,23.33889331915648,0.9393874654600718,65.52702219187323,HIGH,0,0
593_593,RAINFALL_PLUS_25_PERCENT,25.0,67.05286072875201,65.45579910372986,1.5970616250221497,HIGH,23.33889331915648,0.9732230492883883,66.79904775820827,HIGH,0,0
593_607,RAINFALL_PLUS_25_PERCENT,25.0,49.56198504491317,47.96492341989102,1.5970616250221497,MODERATE,23.33889331915648,0.6401917261337231,75.05751865488574,MODERATE,0,0
594_452,RAINFALL_PLUS_25_PERCENT,25.0,13.966047232098033,12.368985607075881,1.5970616250221514,LOW,23.33889331915648,0.04491316786518777,46.50134757442883,LOW,0,0
594_475,RAINFALL_PLUS_25_PERCENT,25.0,53.81459179806661,52.21753017304446,1.5970616250221497,HIGH,23.33889331915648,0.7161852207967834,75.78716412173696,HIGH,0,0
594_1271,RAINFALL_PLUS_25_PERCENT,25.0,8.584582678310596,6.987521053288443,1.5970616250221532,LOW,23.33889331915648,2.1798365122615804e-05,17.376955261590297,LOW,0,0
595_402,RAINFALL_PLUS_25_PERCENT,25.0,67.59333343791889,65.99627181289674,1.5970616250221497,HIGH,23.33889331915648,0.993071511028654,61.28712089273092,HIGH,0,0
595_406,RAINFALL_PLUS_25_PERCENT,25.0,66.8346757273338,65.23761410231165,1.5970616250221497,HIGH,23.33889331915648,0.9789338821063641,61.476239694139544,HIGH,0,0
596_477,RAINFALL_PLUS_25_PERCENT,25.0,62.94740341476435,61.350341789742195,1.5970616250221568,HIGH,23.33889331915648,0.8731157923775572,80.8034659192888,HIGH,0,0
596_480,RAINFALL_PLUS_25_PERCENT,25.0,56.507308505098244,54.910246880076095,1.5970616250221497,HIGH,23.33889331915648,0.7504183600713019,83.88610459106819,HIGH,0,0
596_820,RAINFALL_PLUS_25_PERCENT,25.0,66.65281461901824,65.0557529939961,1.5970616250221497,HIGH,23.33889331915648,0.9655960317460319,66.99344630916671,HIGH,0,0
597_398,RAINFALL_PLUS_25_PERCENT,25.0,66.32549042507256,64.7284288000504,1.5970616250221639,HIGH,23.33889331915648,0.9771214569160994,57.381220526172584,HIGH,0,0
597_790,RAINFALL_PLUS_25_PERCENT,25.0,12.106227446018224,10.509165820996072,1.5970616250221514,LOW,23.33889331915648,0.026345258278249007,38.11549998644706,LOW,0,0
597_841,RAINFALL_PLUS_25_PERCENT,25.0,16.00378883291642,14.406727207894267,1.5970616250221532,LOW,23.33889331915648,0.07560748959481844,49.996886631315824,LOW,0,0
598_397,RAINFALL_PLUS_25_PERCENT,25.0,65.5735303372757,63.97646871225355,1.5970616250221497,HIGH,23.33889331915648,0.9623926784481911,57.96244780555367,HIGH,0,0
600_410,RAINFALL_PLUS_25_PERCENT,25.0,26.801110406093372,25.20404878107122,1.5970616250221532,MODERATE,23.33889331915648,0.2910662069585807,39.467807813016094,MODERATE,0,0
600_634,RAINFALL_PLUS_25_PERCENT,25.0,40.29674418064118,38.699682555619034,1.5970616250221426,MODERATE,23.33889331915648,0.4843695108531317,68.10732841649114,MODERATE,0,0
601_1438,RAINFALL_PLUS_25_PERCENT,25.0,8.2095841989476,6.612522573925446,1.5970616250221532,LOW,23.33889331915648,6.220240552665621e-05,13.604748245738103,LOW,0,0
601_1652,RAINFALL_PLUS_25_PERCENT,25.0,10.563109126298945,8.966047501276794,1.5970616250221514,LOW,23.33889331915648,0.0023201826292603045,35.89810839619807,LOW,0,0
603_1213,RAINFALL_PLUS_25_PERCENT,25.0,11.681330781288445,10.084269156266291,1.5970616250221532,LOW,23.33889331915648,0.023109821453145704,35.646023592956084,LOW,0,0
604_398,RAINFALL_PLUS_25_PERCENT,25.0,66.13801145933866,64.5409498343165,1.5970616250221497,HIGH,23.33889331915648,0.9739877525252522,57.22996828379975,HIGH,0,0
604_436,RAINFALL_PLUS_25_PERCENT,25.0,58.7433294648657,57.14626783984355,1.5970616250221497,HIGH,23.33889331915648,0.7909692640692646,83.94331698986326,HIGH,0,0
604_485,RAINFALL_PLUS_25_PERCENT,25.0,61.48669201040884,59.88963038538669,1.5970616250221497,HIGH,23.33889331915648,0.8334987649605301,87.98571695509858,HIGH,0,0
604_932,RAINFALL_PLUS_25_PERCENT,25.0,9.294160039145888,7.697098414123737,1.5970616250221514,LOW,23.33889331915648,0.016118726627953172,15.61941832538642,LOW,0,0
607_142,RAINFALL_PLUS_25_PERCENT,25.0,37.530115934156115,35.933054309133965,1.5970616250221497,MODERATE,23.33889331915648,0.4598745658596721,53.91326569804325,MODERATE,0,0
607_576,RAINFALL_PLUS_25_PERCENT,25.0,64.94260729805261,63.34554567303045,1.5970616250221568,HIGH,23.33889331915648,0.9470204127710459,60.10796353575264,HIGH,0,0
608_488,RAINFALL_PLUS_25_PERCENT,25.0,64.88452924231407,63.287467617291924,1.5970616250221497,HIGH,23.33889331915648,0.9175057923775572,75.76022419478605,HIGH,0,0
609_405,RAINFALL_PLUS_25_PERCENT,25.0,67.03892404558806,65.44186242056591,1.5970616250221497,HIGH,23.33889331915648,0.9804147922998986,62.70422227023822,HIGH,0,0
609_488,RAINFALL_PLUS_25_PERCENT,25.0,68.23591540487537,66.63885377985322,1.5970616250221497,HIGH,23.33889331915648,0.979965854558878,74.92105162067267,HIGH,0,0
610_488,RAINFALL_PLUS_25_PERCENT,25.0,66.20777849947443,64.61071687445228,1.5970616250221497,HIGH,23.33889331915648,0.9474640688445921,72.5156647095204,HIGH,0,0
610_595,RAINFALL_PLUS_25_PERCENT,25.0,43.34578884252129,41.74872721749914,1.5970616250221497,MODERATE,23.33889331915648,0.5664906870906873,53.43112810463669,MODERATE,0,0
610_1049,RAINFALL_PLUS_25_PERCENT,25.0,9.080144963559338,7.483083338537186,1.5970616250221514,LOW,23.33889331915648,0.005429890273214525,19.35812756462717,LOW,0,0
611_429,RAINFALL_PLUS_25_PERCENT,25.0,60.49432604821728,58.897264423195125,1.5970616250221568,HIGH,23.33889331915648,0.8274508658008661,81.38840187099817,HIGH,0,0
611_489,RAINFALL_PLUS_25_PERCENT,25.0,67.18183904674876,65.58477742172661,1.5970616250221497,HIGH,23.33889331915648,0.9684450212255448,70.71674637273986,HIGH,0,0
611_737,RAINFALL_PLUS_25_PERCENT,25.0,15.415131526982716,13.818069901960563,1.5970616250221532,LOW,23.33889331915648,0.05904232035520981,53.22115665376352,LOW,0,0
612_489,RAINFALL_PLUS_25_PERCENT,25.0,67.98976876634018,66.39270714131803,1.5970616250221497,HIGH,23.33889331915648,0.9792467395967395,72.85509846449692,HIGH,0,0
613_406,RAINFALL_PLUS_25_PERCENT,25.0,66.98992765012366,65.39286602510151,1.5970616250221497,HIGH,23.33889331915648,0.977824480313035,63.638929908369214,HIGH,0,0
613_427,RAINFALL_PLUS_25_PERCENT,25.0,65.24653049952954,63.64946887450739,1.5970616250221497,HIGH,23.33889331915648,0.913651319073084,81.50019708440101,HIGH,0,0
613_715,RAINFALL_PLUS_25_PERCENT,25.0,67.87402238558387,66.27696076056172,1.5970616250221497,HIGH,23.33889331915648,0.9763453823953824,73.29338111768023,HIGH,0,0
614_407,RAINFALL_PLUS_25_PERCENT,25.0,64.89789518138912,63.30083355636695,1.5970616250221639,HIGH,23.33889331915648,0.9405693187052457,63.20894410530771,HIGH,0,0
614_699,RAINFALL_PLUS_25_PERCENT,25.0,66.12969487550356,64.53263325048141,1.5970616250221497,HIGH,23.33889331915648,0.9651080601108989,62.03063327334291,HIGH,0,0
614_707,RAINFALL_PLUS_25_PERCENT,25.0,67.27728391702261,65.68022229200047,1.5970616250221497,HIGH,23.33889331915648,0.9765585858585858,67.20873452730585,HIGH,0,0
614_713,RAINFALL_PLUS_25_PERCENT,25.0,66.2367354315407,64.63967380651854,1.5970616250221497,HIGH,23.33889331915648,0.9521776146464018,70.21278383918772,HIGH,0,0
614_1649,RAINFALL_PLUS_25_PERCENT,25.0,16.497783672373608,14.900722047351454,1.5970616250221532,LOW,23.33889331915648,0.07944528828659266,52.82604574541189,LOW,0,0
615_710,RAINFALL_PLUS_25_PERCENT,25.0,65.68645630456828,64.08939467954613,1.5970616250221497,HIGH,23.33889331915648,0.9477360028860032,67.15287903768285,HIGH,0,0
616_401,RAINFALL_PLUS_25_PERCENT,25.0,67.15941165795618,65.56235003293403,1.5970616250221497,HIGH,23.33889331915648,0.9806580670652099,63.77529727299823,HIGH,0,0
616_402,RAINFALL_PLUS_25_PERCENT,25.0,67.11651519000208,65.51945356497993,1.5970616250221497,HIGH,23.33889331915648,0.9807750223321654,63.28200719663162,HIGH,0,0
616_405,RAINFALL_PLUS_25_PERCENT,25.0,65.66663150452811,64.06956987950596,1.5970616250221497,HIGH,23.33889331915648,0.9503166441517508,65.53527834111996,HIGH,0,0
616_406,RAINFALL_PLUS_25_PERCENT,25.0,67.75483842063684,66.15777679561468,1.5970616250221639,HIGH,23.33889331915648,0.9912455209961542,63.90646523778531,HIGH,0,0
616_490,RAINFALL_PLUS_25_PERCENT,25.0,67.873656642638,66.27659501761583,1.5970616250221639,HIGH,23.33889331915648,0.9860894524394526,67.93048516398275,HIGH,0,0
616_683,RAINFALL_PLUS_25_PERCENT,25.0,63.57069435855861,61.97363273353646,1.5970616250221497,HIGH,23.33889331915648,0.9033517316017319,70.40660878393534,HIGH,0,0
616_692,RAINFALL_PLUS_25_PERCENT,25.0,67.36533322589625,65.7682716008741,1.5970616250221497,HIGH,23.33889331915648,0.9850037254412255,63.44440084559029,HIGH,0,0
617_665,RAINFALL_PLUS_25_PERCENT,25.0,65.36462317375485,63.76756154873269,1.5970616250221639,HIGH,23.33889331915648,0.9384502801120449,69.04169525522549,HIGH,0,0
617_1559,RAINFALL_PLUS_25_PERCENT,25.0,11.221071660136056,9.624010035113905,1.5970616250221514,LOW,23.33889331915648,0.010013039772117446,38.246662305997745,LOW,0,0
618_403,RAINFALL_PLUS_25_PERCENT,25.0,67.32791772168835,65.7308560966662,1.5970616250221497,HIGH,23.33889331915648,0.9815068405139832,64.99353251349454,HIGH,0,0
619_667,RAINFALL_PLUS_25_PERCENT,25.0,66.0604581300129,64.46339650499075,1.5970616250221497,HIGH,23.33889331915648,0.9463145047762697,71.67472125248258,HIGH,0,0
619_724,RAINFALL_PLUS_25_PERCENT,25.0,67.28688874492812,65.68982711990596,1.5970616250221639,HIGH,23.33889331915648,0.9710644634298023,70.3265501421916,HIGH,0,0
620_413,RAINFALL_PLUS_25_PERCENT,25.0,53.380508844452336,51.78344721943018,1.5970616250221568,HIGH,23.33889331915648,0.7214203740703745,68.56700028511918,HIGH,0,0
621_427,RAINFALL_PLUS_25_PERCENT,25.0,66.58935792532154,64.99229630029939,1.5970616250221497,HIGH,23.33889331915648,0.9557007751937984,71.8012704759281,HIGH,0,0
622_738,RAINFALL_PLUS_25_PERCENT,25.0,65.56166934358978,63.96460771856764,1.5970616250221426,HIGH,23.33889331915648,0.9378175320480552,71.36016838876932,HIGH,0,0
623_426,RAINFALL_PLUS_25_PERCENT,25.0,67.85291099281697,66.25584936779482,1.5970616250221497,HIGH,23.33889331915648,0.9747418466223701,73.96421186516798,HIGH,0,0
623_1379,RAINFALL_PLUS_25_PERCENT,25.0,8.15175611585836,6.554694490836208,1.5970616250221523,LOW,23.33889331915648,6.220240552665621e-05,13.026467414845719,LOW,0,0
624_377,RAINFALL_PLUS_25_PERCENT,25.0,13.541369066873061,11.944307441850908,1.5970616250221532,LOW,23.33889331915648,0.05866361762003647,34.691818557012326,LOW,0,0
625_402,RAINFALL_PLUS_25_PERCENT,25.0,68.17165161634838,66.57458999132623,1.5970616250221497,HIGH,23.33889331915648,0.9937089743589745,66.7196978453496,HIGH,0,0
626_401,RAINFALL_PLUS_25_PERCENT,25.0,67.5845959888586,65.98753436383645,1.5970616250221497,HIGH,23.33889331915648,0.988340521978022,63.80179037997562,HIGH,0,0
626_498,RAINFALL_PLUS_25_PERCENT,25.0,68.02464066784525,66.42757904282308,1.5970616250221639,HIGH,23.33889331915648,0.9894666666666665,67.58285759108766,HIGH,0,0
626_499,RAINFALL_PLUS_25_PERCENT,25.0,67.44620193480941,65.84914030978726,1.5970616250221497,HIGH,23.33889331915648,0.9847445680474072,64.39562450132192,HIGH,0,0
626_533,RAINFALL_PLUS_25_PERCENT,25.0,16.499071023471437,14.902009398449287,1.5970616250221497,LOW,23.33889331915648,0.07086819029301784,57.55632315285636,LOW,0,0
626_711,RAINFALL_PLUS_25_PERCENT,25.0,67.43016856691683,65.83310694189467,1.5970616250221639,HIGH,23.33889331915648,0.9878729351988654,62.51468888909406,HIGH,0,0
626_712,RAINFALL_PLUS_25_PERCENT,25.0,67.72658375408217,66.12952212906,1.5970616250221639,HIGH,23.33889331915648,0.9890547298200465,64.82885371909795,HIGH,0,0
627_713,RAINFALL_PLUS_25_PERCENT,25.0,51.5347887142763,49.93772708925415,1.5970616250221497,HIGH,23.33889331915648,0.7078641462866284,57.565724264419224,MODERATE,1,1
627_758,RAINFALL_PLUS_25_PERCENT,25.0,62.752911682807486,61.15585005778534,1.5970616250221497,HIGH,23.33889331915648,0.8794931168885624,75.35102011866735,HIGH,0,0
627_762,RAINFALL_PLUS_25_PERCENT,25.0,64.63735140345626,63.040289778434115,1.5970616250221497,HIGH,23.33889331915648,0.9181663173315304,72.92515708152278,HIGH,0,0
627_1306,RAINFALL_PLUS_25_PERCENT,25.0,7.849401256051479,6.252339631029327,1.5970616250221523,LOW,23.33889331915648,0.0006884650317892824,9.658474372332462,LOW,0,0
628_762,RAINFALL_PLUS_25_PERCENT,25.0,63.67603499565171,62.078973370629555,1.5970616250221568,HIGH,23.33889331915648,0.8986259599764671,74.059189548762,HIGH,0,0
628_1374,RAINFALL_PLUS_25_PERCENT,25.0,8.094091805655246,6.497030180633093,1.5970616250221532,LOW,23.33889331915648,0.0004622024055266562,12.229824312814575,LOW,0,0
629_760,RAINFALL_PLUS_25_PERCENT,25.0,67.99041860028177,66.39335697525962,1.5970616250221497,HIGH,23.33889331915648,0.978960554282319,73.018998726844,HIGH,0,0
629_1017,RAINFALL_PLUS_25_PERCENT,25.0,9.768064930301582,8.171003305279429,1.5970616250221532,LOW,23.33889331915648,0.007060842654166905,25.3403034225258,LOW,0,0
630_759,RAINFALL_PLUS_25_PERCENT,25.0,66.01324587279906,64.41618424777691,1.5970616250221497,HIGH,23.33889331915648,0.9441003038103041,72.42040921162508,HIGH,0,0
631_766,RAINFALL_PLUS_25_PERCENT,25.0,59.87896714182305,58.28190551680089,1.5970616250221568,HIGH,23.33889331915648,0.8311498556998559,73.20036836261153,HIGH,0,0
633_506,RAINFALL_PLUS_25_PERCENT,25.0,63.12821909367137,61.53115746864921,1.5970616250221568,HIGH,23.33889331915648,0.9025320859258129,66.4326612568183,HIGH,0,0
634_1356,RAINFALL_PLUS_25_PERCENT,25.0,8.046453656604768,6.449392031582616,1.5970616250221523,LOW,23.33889331915648,0.0010467983651226158,11.431915044532028,LOW,0,0
635_505,RAINFALL_PLUS_25_PERCENT,25.0,67.23200828133568,65.63494665631353,1.5970616250221497,HIGH,23.33889331915648,0.9807557823129253,64.44752012054964,HIGH,0,0
636_425,RAINFALL_PLUS_25_PERCENT,25.0,67.38475629466588,65.78769466964373,1.5970616250221497,HIGH,23.33889331915648,0.9562709150326801,79.44167725798647,HIGH,0,0
636_522,RAINFALL_PLUS_25_PERCENT,25.0,66.56421853207983,64.96715690705769,1.5970616250221497,HIGH,23.33889331915648,0.9696307029478457,63.88841627878502,HIGH,0,0
636_783,RAINFALL_PLUS_25_PERCENT,25.0,58.94659067593147,57.34952905090932,1.5970616250221497,HIGH,23.33889331915648,0.7971090269207917,82.599059532181,HIGH,0,0
637_791,RAINFALL_PLUS_25_PERCENT,25.0,62.375355094765254,60.778293469743105,1.5970616250221497,HIGH,23.33889331915648,0.8846607655733473,68.73324746161333,HIGH,0,0
638_800,RAINFALL_PLUS_25_PERCENT,25.0,66.31693528865475,64.71987366363258,1.5970616250221639,HIGH,23.33889331915648,0.9580521598112931,67.7837825696379,HIGH,0,0
638_1057,RAINFALL_PLUS_25_PERCENT,25.0,61.96662617739527,60.36956455237312,1.5970616250221497,HIGH,23.33889331915648,0.8778471861471858,68.39342697230224,HIGH,0,0
638_1523,RAINFALL_PLUS_25_PERCENT,25.0,8.353581205569867,6.756519580547715,1.5970616250221523,LOW,23.33889331915648,0.0004622024055266562,14.82471831196079,LOW,0,0
639_392,RAINFALL_PLUS_25_PERCENT,25.0,25.757703107290997,24.160641482268844,1.5970616250221532,MODERATE,23.33889331915648,0.23609486036838992,59.2679754495973,LOW,1,1
639_1053,RAINFALL_PLUS_25_PERCENT,25.0,61.05679291543204,59.45973129040989,1.5970616250221497,HIGH,23.33889331915648,0.8579909128882806,70.2160446450679,HIGH,0,0
639_1151,RAINFALL_PLUS_25_PERCENT,25.0,17.05104761756832,15.453985992546166,1.5970616250221532,LOW,23.33889331915648,0.10022119016249449,46.93193916561299,LOW,0,0
640_1048,RAINFALL_PLUS_25_PERCENT,25.0,60.73023760931733,59.13317598429517,1.5970616250221568,HIGH,23.33889331915648,0.8392068336021273,77.28173519130499,HIGH,0,0
641_800,RAINFALL_PLUS_25_PERCENT,25.0,67.02802959926302,65.43096797424086,1.5970616250221639,HIGH,23.33889331915648,0.965615651874785,70.73480504080015,HIGH,0,0
641_823,RAINFALL_PLUS_25_PERCENT,25.0,52.02874763427157,50.43168600924941,1.5970616250221568,HIGH,23.33889331915648,0.7146956537941016,58.74798433526161,HIGH,0,0
642_642,RAINFALL_PLUS_25_PERCENT,25.0,67.80855867696759,66.21149705194544,1.5970616250221497,HIGH,23.33889331915648,0.9913317460317461,64.39624403151734,HIGH,0,0
642_646,RAINFALL_PLUS_25_PERCENT,25.0,64.98176656957007,63.384704944547906,1.5970616250221639,HIGH,23.33889331915648,0.9527779158826651,57.332929539536515,HIGH,0,0
643_643,RAINFALL_PLUS_25_PERCENT,25.0,66.9646634806114,65.36760185558926,1.5970616250221497,HIGH,23.33889331915648,0.9817180555555558,61.24482182986014,HIGH,0,0
643_681,RAINFALL_PLUS_25_PERCENT,25.0,67.75779411397973,66.16073248895756,1.5970616250221639,HIGH,23.33889331915648,0.995712925170068,61.47894987556162,HIGH,0,0
644_509,RAINFALL_PLUS_25_PERCENT,25.0,67.00208238795993,65.40502076293778,1.5970616250221497,HIGH,23.33889331915648,0.9817396825396826,61.607116062075676,HIGH,0,0
644_1042,RAINFALL_PLUS_25_PERCENT,25.0,60.684086453424044,59.08702482840188,1.5970616250221639,HIGH,23.33889331915648,0.8276129870129866,83.19683925639953,HIGH,0,0
645_138,RAINFALL_PLUS_25_PERCENT,25.0,10.097221801824581,8.50016017680243,1.5970616250221514,LOW,23.33889331915648,0.006129485237637075,29.14411871684721,LOW,0,0
645_173,RAINFALL_PLUS_25_PERCENT,25.0,15.156403713274777,13.559342088252624,1.5970616250221532,LOW,23.33889331915648,0.07176328502415458,43.63734794876452,LOW,0,0
645_510,RAINFALL_PLUS_25_PERCENT,25.0,67.1921156554906,65.59505403046843,1.5970616250221639,HIGH,23.33889331915648,0.9816955555555555,63.53171857865212,HIGH,0,0
645_637,RAINFALL_PLUS_25_PERCENT,25.0,44.31212816038508,42.71506653536293,1.5970616250221497,MODERATE,23.33889331915648,0.5876225971654764,51.47197074214057,MODERATE,0,0
645_642,RAINFALL_PLUS_25_PERCENT,25.0,45.56360085790128,43.96653923287913,1.5970616250221497,MODERATE,23.33889331915648,0.6106157459086252,51.3404659085707,MODERATE,0,0
645_1029,RAINFALL_PLUS_25_PERCENT,25.0,62.04317375453104,60.44611212950889,1.5970616250221497,HIGH,23.33889331915648,0.8623609328579911,77.67634205271708,HIGH,0,0
645_1032,RAINFALL_PLUS_25_PERCENT,25.0,63.079022211682464,61.48196058666031,1.5970616250221568,HIGH,23.33889331915648,0.8685547534165182,84.62822531704133,HIGH,0,0
647_542,RAINFALL_PLUS_25_PERCENT,25.0,67.68323507912491,66.08617345410276,1.5970616250221497,HIGH,23.33889331915648,0.9833016688170079,67.55955052119657,HIGH,0,0
647_1034,RAINFALL_PLUS_25_PERCENT,25.0,56.42464284925688,54.82758122423472,1.5970616250221568,HIGH,23.33889331915648,0.7497029663147308,83.45291459876863,HIGH,0,0
648_1030,RAINFALL_PLUS_25_PERCENT,25.0,62.54327560423227,60.946213979210114,1.5970616250221568,HIGH,23.33889331915648,0.8705778881249464,78.15803515290398,HIGH,0,0
649_1368,RAINFALL_PLUS_25_PERCENT,25.0,8.544944475763385,6.947882850741234,1.5970616250221514,LOW,23.33889331915648,0.0004217983651226158,16.760573236118198,LOW,0,0
650_513,RAINFALL_PLUS_25_PERCENT,25.0,67.74009711547417,66.14303549045202,1.5970616250221497,HIGH,23.33889331915648,0.99425,62.1065887340436,HIGH,0,0
650_1051,RAINFALL_PLUS_25_PERCENT,25.0,13.823100974651293,12.22603934962914,1.5970616250221532,LOW,23.33889331915648,0.05504287975026943,39.50054346316652,LOW,0,0
651_1624,RAINFALL_PLUS_25_PERCENT,25.0,8.53389469479294,6.936833069770787,1.5970616250221523,LOW,23.33889331915648,2.1798365122615804e-05,16.870075426413738,LOW,0,0
652_418,RAINFALL_PLUS_25_PERCENT,25.0,27.544024431642313,25.94696280662016,1.5970616250221532,MODERATE,23.33889331915648,0.28223502362790287,51.75409890037833,MODERATE,0,0
652_515,RAINFALL_PLUS_25_PERCENT,25.0,67.76651529558335,66.16945367056118,1.5970616250221639,HIGH,23.33889331915648,0.9935583333333333,62.75118720180192,HIGH,0,0
652_1018,RAINFALL_PLUS_25_PERCENT,25.0,61.72968301834667,60.13262139332452,1.5970616250221497,HIGH,23.33889331915648,0.8569548422166069,77.51478454363469,HIGH,0,0
654_952,RAINFALL_PLUS_25_PERCENT,25.0,8.094767482761055,6.497705857738903,1.5970616250221523,LOW,23.33889331915648,0.0006884650317892824,12.112136639428222,LOW,0,0
655_512,RAINFALL_PLUS_25_PERCENT,25.0,66.90354445450659,65.30648282948444,1.5970616250221497,HIGH,23.33889331915648,0.9824889019710447,60.20966604029317,HIGH,0,0
655_1178,RAINFALL_PLUS_25_PERCENT,25.0,9.976245098579703,8.37918347355755,1.5970616250221532,LOW,23.33889331915648,0.006170283213607464,27.9119127976147,LOW,0,0
656_324,RAINFALL_PLUS_25_PERCENT,25.0,35.429218024911115,33.83215639988896,1.5970616250221568,MODERATE,23.33889331915648,0.41128907357417954,59.62630736261417,MODERATE,0,0
656_1008,RAINFALL_PLUS_25_PERCENT,25.0,63.99704753967045,62.3999859146483,1.5970616250221497,HIGH,23.33889331915648,0.916316883116883,67.53930726172061,HIGH,0,0
657_85,RAINFALL_PLUS_25_PERCENT,25.0,16.693907732725577,15.096846107703428,1.5970616250221497,LOW,23.33889331915648,0.04537171717171717,73.52775046211312,LOW,0,0
657_1007,RAINFALL_PLUS_25_PERCENT,25.0,62.263330157761374,60.666268532739224,1.5970616250221497,HIGH,23.33889331915648,0.8912031926406927,64.01466320453447,HIGH,0,0
658_575,RAINFALL_PLUS_25_PERCENT,25.0,65.14130651850452,63.54424489348236,1.5970616250221639,HIGH,23.33889331915648,0.9418474488632663,64.94008588955043,HIGH,0,0
659_576,RAINFALL_PLUS_25_PERCENT,25.0,56.453156432161826,54.85609480713968,1.5970616250221497,HIGH,23.33889331915648,0.7803795952132161,66.86590453365119,HIGH,0,0
659_1047,RAINFALL_PLUS_25_PERCENT,25.0,11.075596143100537,9.478534518078384,1.5970616250221532,LOW,23.33889331915648,0.02169002389910157,30.369565865801274,LOW,0,0
660_520,RAINFALL_PLUS_25_PERCENT,25.0,44.83144626430458,43.234384639282425,1.5970616250221568,MODERATE,23.33889331915648,0.5832368934705146,59.077288813564635,MODERATE,0,0
660_577,RAINFALL_PLUS_25_PERCENT,25.0,67.31313670610777,65.7160750810856,1.5970616250221639,HIGH,23.33889331915648,0.9700613756613756,71.1407280266228,HIGH,0,0
660_681,RAINFALL_PLUS_25_PERCENT,25.0,15.529133102177148,13.932071477154995,1.5970616250221532,LOW,23.33889331915648,0.06273123313325303,52.332270377784084,LOW,0,0
660_1004,RAINFALL_PLUS_25_PERCENT,25.0,62.07565755876295,60.47859593374079,1.5970616250221568,HIGH,23.33889331915648,0.8916674783549784,61.88258007169311,HIGH,0,0
661_579,RAINFALL_PLUS_25_PERCENT,25.0,63.64104496141445,62.043983336392294,1.5970616250221568,HIGH,23.33889331915648,0.9070363271418505,69.0835872654285,HIGH,0,0
661_798,RAINFALL_PLUS_25_PERCENT,25.0,64.83133638978288,63.23427476476072,1.5970616250221568,HIGH,23.33889331915648,0.9432456991115593,61.07134696577285,HIGH,0,0
661_1004,RAINFALL_PLUS_25_PERCENT,25.0,64.42984095901406,62.8327793339919,1.5970616250221568,HIGH,23.33889331915648,0.9296314589665655,64.54422473783134,HIGH,0,0
661_1267,RAINFALL_PLUS_25_PERCENT,25.0,10.181337566167585,8.584275941145433,1.5970616250221514,LOW,23.33889331915648,0.004300236593560844,30.991363114519167,LOW,0,0
662_496,RAINFALL_PLUS_25_PERCENT,25.0,11.330751004958497,9.733689379936346,1.5970616250221514,LOW,23.33889331915648,0.01870945082199704,34.56042967678838,LOW,0,0
662_798,RAINFALL_PLUS_25_PERCENT,25.0,65.78857405244747,64.19151242742532,1.5970616250221497,HIGH,23.33889331915648,0.9580248193960367,62.51520743595632,HIGH,0,0
663_192,RAINFALL_PLUS_25_PERCENT,25.0,22.439403629059324,20.84234200403717,1.5970616250221532,LOW,23.33889331915648,0.19828924963924965,46.87806656830769,LOW,0,0
663_798,RAINFALL_PLUS_25_PERCENT,25.0,62.9402704752947,61.343208850272546,1.5970616250221568,HIGH,23.33889331915648,0.9033411912747451,64.108167131139,HIGH,0,0
664_436,RAINFALL_PLUS_25_PERCENT,25.0,65.39396009924823,63.79689847422607,1.5970616250221639,HIGH,23.33889331915648,0.9533429756751186,61.144081950468774,HIGH,0,0
664_518,RAINFALL_PLUS_25_PERCENT,25.0,61.53851031337473,59.94144868835258,1.5970616250221497,HIGH,23.33889331915648,0.8896079716038232,57.64383633094635,HIGH,0,0
664_552,RAINFALL_PLUS_25_PERCENT,25.0,44.61917925808914,43.02211763306699,1.5970616250221497,MODERATE,23.33889331915648,0.5265509768009767,88.13187291965603,MODERATE,0,0
665_191,RAINFALL_PLUS_25_PERCENT,25.0,42.56181030000775,40.9647486749856,1.5970616250221497,MODERATE,23.33889331915648,0.5461340191599952,56.787510041381914,MODERATE,0,0
665_436,RAINFALL_PLUS_25_PERCENT,25.0,62.30235429786944,60.705292672847285,1.5970616250221568,HIGH,23.33889331915648,0.8988075971934664,60.22248210158969,HIGH,0,0
665_797,RAINFALL_PLUS_25_PERCENT,25.0,38.55337375014,36.956312125117854,1.5970616250221426,MODERATE,23.33889331915648,0.48085683458343265,52.60559605981386,MODERATE,0,0
665_1000,RAINFALL_PLUS_25_PERCENT,25.0,65.4943268040775,63.897265179055346,1.5970616250221568,HIGH,23.33889331915648,0.9571714339039088,60.042096972926885,HIGH,0,0
666_786,RAINFALL_PLUS_25_PERCENT,25.0,11.57049757841418,9.973435953392029,1.5970616250221514,LOW,23.33889331915648,0.03519807303729341,27.889153192932213,LOW,0,0
666_1210,RAINFALL_PLUS_25_PERCENT,25.0,10.108471244688285,8.511409619666132,1.5970616250221532,LOW,23.33889331915648,0.003320182629260304,30.801729580091468,LOW,0,0
667_826,RAINFALL_PLUS_25_PERCENT,25.0,66.9809004244898,65.38383879946765,1.5970616250221497,HIGH,23.33889331915648,0.9873365828650301,58.317001248433165,HIGH,0,0
668_1439,RAINFALL_PLUS_25_PERCENT,25.0,10.288542282943226,8.691480657921074,1.5970616250221514,LOW,23.33889331915648,0.006757988841313093,30.71164654601184,LOW,0,0
670_680,RAINFALL_PLUS_25_PERCENT,25.0,61.15145882756715,59.55439720254499,1.5970616250221568,HIGH,23.33889331915648,0.841540278114938,80.21055289175736,HIGH,0,0
670_1073,RAINFALL_PLUS_25_PERCENT,25.0,8.488109439637359,6.891047814615206,1.5970616250221532,LOW,23.33889331915648,8.959497529210732e-05,16.374934739264706,LOW,0,0
674_841,RAINFALL_PLUS_25_PERCENT,25.0,60.382690325494444,58.78562870047229,1.5970616250221568,HIGH,23.33889331915648,0.8723540964590963,55.575267781743186,HIGH,0,0
675_428,RAINFALL_PLUS_25_PERCENT,25.0,10.258920515136694,8.66185889011454,1.5970616250221532,LOW,23.33889331915648,0.0127558660172603,27.116596421175554,LOW,0,0
675_1528,RAINFALL_PLUS_25_PERCENT,25.0,11.350387529777633,9.75332590475548,1.5970616250221532,LOW,23.33889331915648,0.013504915248239501,37.61928949054638,LOW,0,0
676_677,RAINFALL_PLUS_25_PERCENT,25.0,22.16041578541337,20.563354160391217,1.5970616250221532,LOW,23.33889331915648,0.1679576882182146,60.770546913417434,LOW,0,0
677_766,RAINFALL_PLUS_25_PERCENT,25.0,9.18470890452366,7.587647279501509,1.5970616250221514,LOW,23.33889331915648,0.008594356880054013,18.66331034050868,LOW,0,0
677_822,RAINFALL_PLUS_25_PERCENT,25.0,11.75273028279274,10.15566865777059,1.5970616250221497,LOW,23.33889331915648,0.03794261031651557,28.20198473314563,LOW,0,0
678_841,RAINFALL_PLUS_25_PERCENT,25.0,63.04280766669851,61.44574604167636,1.5970616250221497,HIGH,23.33889331915648,0.9203550112114218,55.77593808000483,HIGH,0,0
678_1443,RAINFALL_PLUS_25_PERCENT,25.0,9.93976584897249,8.342704223950339,1.5970616250221514,LOW,23.33889331915648,0.002624107167431418,29.497517126939403,LOW,0,0
679_840,RAINFALL_PLUS_25_PERCENT,25.0,65.46156320576841,63.86450158074626,1.5970616250221568,HIGH,23.33889331915648,0.9618002866215909,57.16859199511085,HIGH,0,0
679_1526,RAINFALL_PLUS_25_PERCENT,25.0,10.623419830390198,9.026358205368044,1.5970616250221532,LOW,23.33889331915648,0.007255792149116399,33.78663020118973,LOW,0,0
681_836,RAINFALL_PLUS_25_PERCENT,25.0,63.75299359339704,62.15593196837489,1.5970616250221568,HIGH,23.33889331915648,0.9280963849676893,58.62004178104312,HIGH,0,0
681_945,RAINFALL_PLUS_25_PERCENT,25.0,8.564788366132941,6.967726741110788,1.5970616250221532,LOW,23.33889331915648,0.0019733135166377673,16.105678806480416,LOW,0,0
681_1322,RAINFALL_PLUS_25_PERCENT,25.0,20.242617600750965,18.64555597572881,1.5970616250221532,LOW,23.33889331915648,0.14916190476190483,51.930245967763746,LOW,0,0
682_700,RAINFALL_PLUS_25_PERCENT,25.0,55.168606288235026,53.571544663212876,1.5970616250221497,HIGH,23.33889331915648,0.7372021922521924,77.76797472294619,HIGH,0,0
682_830,RAINFALL_PLUS_25_PERCENT,25.0,56.82822197342316,55.231160348401005,1.5970616250221568,HIGH,23.33889331915648,0.8071810288445828,55.87577144901286,HIGH,0,0
682_832,RAINFALL_PLUS_25_PERCENT,25.0,61.12263169454547,59.52557006952331,1.5970616250221568,HIGH,23.33889331915648,0.8878673183883723,54.442409411151694,HIGH,0,0
682_889,RAINFALL_PLUS_25_PERCENT,25.0,8.23706201760752,6.6400003925853675,1.5970616250221532,LOW,23.33889331915648,0.0024801316984559493,12.5496653212262,LOW,0,0
683_833,RAINFALL_PLUS_25_PERCENT,25.0,66.30113208622626,64.70407046120411,1.5970616250221497,HIGH,23.33889331915648,0.9746826146110619,58.47900040548044,HIGH,0,0
683_1168,RAINFALL_PLUS_25_PERCENT,25.0,8.46531459704646,6.868252972024307,1.5970616250221523,LOW,23.33889331915648,0.0015432595523372278,15.3474707959809,LOW,0,0
684_539,RAINFALL_PLUS_25_PERCENT,25.0,20.064984289030622,18.46792266400847,1.5970616250221532,LOW,23.33889331915648,0.13767988286223581,56.469024895378304,LOW,0,0
685_800,RAINFALL_PLUS_25_PERCENT,25.0,57.95721007854559,56.360148453523436,1.5970616250221568,HIGH,23.33889331915648,0.8234409794782599,58.222679651714756,HIGH,0,0
685_1307,RAINFALL_PLUS_25_PERCENT,25.0,9.191307016570502,7.594245391548348,1.5970616250221532,LOW,23.33889331915648,2.1798365122615804e-05,23.444198644189353,LOW,0,0
686_1225,RAINFALL_PLUS_25_PERCENT,25.0,8.675757436526984,7.078695811504833,1.5970616250221514,LOW,23.33889331915648,0.004537202405526656,15.805230621531962,LOW,0,0
688_812,RAINFALL_PLUS_25_PERCENT,25.0,62.261030470932795,60.663968845910645,1.5970616250221497,HIGH,23.33889331915648,0.9013692080176553,58.400357878919316,HIGH,0,0
688_1274,RAINFALL_PLUS_25_PERCENT,25.0,10.04093151829583,8.443869893273678,1.5970616250221514,LOW,23.33889331915648,0.007162307171384848,28.013163817998414,LOW,0,0
688_1556,RAINFALL_PLUS_25_PERCENT,25.0,10.60534965737002,9.008288032347869,1.5970616250221514,LOW,23.33889331915648,0.02060015334347759,26.266529814089314,LOW,0,0
688_1616,RAINFALL_PLUS_25_PERCENT,25.0,8.114205835030447,6.517144210008295,1.5970616250221514,LOW,23.33889331915648,0.0002717983651226158,12.535686828788819,LOW,0,0
689_462,RAINFALL_PLUS_25_PERCENT,25.0,66.26956169116079,64.67250006613864,1.5970616250221497,HIGH,23.33889331915648,0.9713334569362958,60.005333175947015,HIGH,0,0
690_463,RAINFALL_PLUS_25_PERCENT,25.0,67.74955164156833,66.15249001654618,1.5970616250221497,HIGH,23.33889331915648,0.9937587301587303,62.471332407683455,HIGH,0,0
690_466,RAINFALL_PLUS_25_PERCENT,25.0,64.25853464783857,62.66147302281642,1.5970616250221497,HIGH,23.33889331915648,0.9297209569362956,62.78193774272493,HIGH,0,0
690_552,RAINFALL_PLUS_25_PERCENT,25.0,60.71368408975264,59.11662246473048,1.5970616250221568,HIGH,23.33889331915648,0.8112878869496519,92.47162065451958,HIGH,0,0
690_1038,RAINFALL_PLUS_25_PERCENT,25.0,8.789477729685848,7.192416104663695,1.5970616250221523,LOW,23.33889331915648,0.007045150530847664,15.563062084194037,LOW,0,0
691_75,RAINFALL_PLUS_25_PERCENT,25.0,17.25725839509424,15.660196770072089,1.5970616250221514,LOW,23.33889331915648,0.0650570818070818,68.3343065363492,LOW,0,0
691_421,RAINFALL_PLUS_25_PERCENT,25.0,10.152200676680199,8.555139051658045,1.5970616250221532,LOW,23.33889331915648,0.016843935521652576,23.800959809194847,LOW,0,0
691_453,RAINFALL_PLUS_25_PERCENT,25.0,67.44511966462683,65.84805803960467,1.5970616250221639,HIGH,23.33889331915648,0.9850132049983114,64.23705147649873,HIGH,0,0
692_978,RAINFALL_PLUS_25_PERCENT,25.0,55.5145732812469,53.917511656224754,1.5970616250221497,HIGH,23.33889331915648,0.7835802856953923,55.719693259305046,HIGH,0,0
693_857,RAINFALL_PLUS_25_PERCENT,25.0,8.954123935730408,7.357062310708256,1.5970616250221523,LOW,23.33889331915648,0.004303616546940797,18.717367835788423,LOW,0,0
694_455,RAINFALL_PLUS_25_PERCENT,25.0,67.7448908548779,66.14782922985574,1.5970616250221497,HIGH,23.33889331915648,0.9947166666666668,61.89785946141395,HIGH,0,0
694_1647,RAINFALL_PLUS_25_PERCENT,25.0,7.77303668604454,6.175975061022388,1.5970616250221514,LOW,23.33889331915648,6.220240552665621e-05,9.239273116707517,LOW,0,0
695_815,RAINFALL_PLUS_25_PERCENT,25.0,65.03076414968206,63.4337025246599,1.5970616250221568,HIGH,23.33889331915648,0.9507397628006848,58.94388953574568,HIGH,0,0
697_813,RAINFALL_PLUS_25_PERCENT,25.0,64.06012656754035,62.4630649425182,1.5970616250221497,HIGH,23.33889331915648,0.9397469705329177,55.28354946160062,HIGH,0,0
698_299,RAINFALL_PLUS_25_PERCENT,25.0,36.47863505814526,34.88157343312311,1.5970616250221497,MODERATE,23.33889331915648,0.44030088612037654,54.16398079454724,MODERATE,0,0
698_438,RAINFALL_PLUS_25_PERCENT,25.0,67.63154909710913,66.03448747208698,1.5970616250221497,HIGH,23.33889331915648,0.9900904761904762,63.30884664563127,HIGH,0,0
698_814,RAINFALL_PLUS_25_PERCENT,25.0,65.21690327699827,63.6198416519761,1.5970616250221639,HIGH,23.33889331915648,0.9548657211870254,58.536003696420394,HIGH,0,0
698_962,RAINFALL_PLUS_25_PERCENT,25.0,53.038941600136184,51.441879975114034,1.5970616250221497,HIGH,23.33889331915648,0.740798393828394,54.49341697504695,HIGH,0,0
699_342,RAINFALL_PLUS_25_PERCENT,25.0,24.115240932592563,22.51817930757041,1.5970616250221532,LOW,23.33889331915648,0.21365140415140405,55.18725462195518,LOW,0,0
699_439,RAINFALL_PLUS_25_PERCENT,25.0,67.0037752973415,65.40671367231936,1.5970616250221497,HIGH,23.33889331915648,0.9783671732522797,63.47892526396301,HIGH,0,0
699_780,RAINFALL_PLUS_25_PERCENT,25.0,8.679634090459349,7.082572465437198,1.5970616250221505,LOW,23.33889331915648,0.0040288690721933225,16.12358049418895,LOW,0,0
699_813,RAINFALL_PLUS_25_PERCENT,25.0,66.25236682568888,64.65530520066673,1.5970616250221497,HIGH,23.33889331915648,0.9701322291235338,60.49405981824707,HIGH,0,0
699_834,RAINFALL_PLUS_25_PERCENT,25.0,65.4830259490347,63.88596432401255,1.5970616250221497,HIGH,23.33889331915648,0.9560564897751628,60.54230769330917,HIGH,0,0
700_491,RAINFALL_PLUS_25_PERCENT,25.0,65.68530688426841,64.08824525924625,1.5970616250221639,HIGH,23.33889331915648,0.9226949410067057,80.91396886829773,HIGH,0,0
700_541,RAINFALL_PLUS_25_PERCENT,25.0,61.365987077348265,59.768925452326116,1.5970616250221497,HIGH,23.33889331915648,0.8678361247947459,67.89311971567417,HIGH,0,0
700_614,RAINFALL_PLUS_25_PERCENT,25.0,66.5660992029452,64.96903757792303,1.5970616250221639,HIGH,23.33889331915648,0.9463494708994713,76.71190061404448,HIGH,0,0
700_713,RAINFALL_PLUS_25_PERCENT,25.0,67.30850378463774,65.71144215961557,1.5970616250221639,HIGH,23.33889331915648,0.9688256613756614,71.77404166906531,HIGH,0,0
700_812,RAINFALL_PLUS_25_PERCENT,25.0,63.84245238547726,62.2453907604551,1.5970616250221568,HIGH,23.33889331915648,0.9260507500470548,60.63972890819419,HIGH,0,0
702_453,RAINFALL_PLUS_25_PERCENT,25.0,68.41008232075478,66.81302069573263,1.5970616250221497,HIGH,23.33889331915648,0.996841690626797,67.38101094211125,HIGH,0,0
702_951,RAINFALL_PLUS_25_PERCENT,25.0,44.51203491434607,42.91497328932392,1.5970616250221497,MODERATE,23.33889331915648,0.5877794827153525,53.38475122931862,MODERATE,0,0
702_1183,RAINFALL_PLUS_25_PERCENT,25.0,8.246772562691504,6.649710937669351,1.5970616250221532,LOW,23.33889331915648,6.220240552665621e-05,13.976631883177152,LOW,0,0
703_492,RAINFALL_PLUS_25_PERCENT,25.0,65.7843457306018,64.18728410557965,1.5970616250221497,HIGH,23.33889331915648,0.9252441473559122,80.50229383956804,HIGH,0,0
703_654,RAINFALL_PLUS_25_PERCENT,25.0,14.896465730812867,13.299404105790718,1.5970616250221497,LOW,23.33889331915648,0.06864445794608803,42.753323017082046,LOW,0,0
703_817,RAINFALL_PLUS_25_PERCENT,25.0,65.45178554746508,63.85472392244293,1.5970616250221497,HIGH,23.33889331915648,0.9560443606428082,60.23657470040802,HIGH,0,0
703_1649,RAINFALL_PLUS_25_PERCENT,25.0,7.778793210454311,6.181731585432159,1.5970616250221523,LOW,23.33889331915648,6.220240552665621e-05,9.29683836080523,LOW,0,0
704_489,RAINFALL_PLUS_25_PERCENT,25.0,68.08928190402966,66.49222027900751,1.5970616250221497,HIGH,23.33889331915648,0.9764064850182496,75.41236985956115,HIGH,0,0
705_442,RAINFALL_PLUS_25_PERCENT,25.0,66.21811227249339,64.62105064747124,1.5970616250221497,HIGH,23.33889331915648,0.9516675239792888,70.30710211562685,HIGH,0,0
705_813,RAINFALL_PLUS_25_PERCENT,25.0,51.49170345711339,49.89464183209123,1.5970616250221568,HIGH,23.33889331915648,0.7097668659153131,56.088375897013435,MODERATE,1,1
705_835,RAINFALL_PLUS_25_PERCENT,25.0,64.50435949699498,62.90729787197283,1.5970616250221497,HIGH,23.33889331915648,0.9296915889700363,65.25633861573165,HIGH,0,0
706_75,RAINFALL_PLUS_25_PERCENT,25.0,13.540622836234192,11.94356121121204,1.5970616250221514,LOW,23.33889331915648,0.026319496204278817,52.47362302929035,LOW,0,0
706_819,RAINFALL_PLUS_25_PERCENT,25.0,63.989597044622066,62.392535419599916,1.5970616250221497,HIGH,23.33889331915648,0.9212462148996625,64.75366983070808,HIGH,0,0
707_586,RAINFALL_PLUS_25_PERCENT,25.0,45.22921641705693,43.632154792034775,1.5970616250221568,MODERATE,23.33889331915648,0.5560602675102677,78.00213461922388,MODERATE,0,0
707_821,RAINFALL_PLUS_25_PERCENT,25.0,66.09508679566136,64.49802517063921,1.5970616250221497,HIGH,23.33889331915648,0.9592545497681036,64.90398316345845,HIGH,0,0
707_938,RAINFALL_PLUS_25_PERCENT,25.0,44.70766825957252,43.11060663455037,1.5970616250221497,MODERATE,23.33889331915648,0.5904843665288579,53.85339858415512,MODERATE,0,0
708_52,RAINFALL_PLUS_25_PERCENT,25.0,13.729574671004258,12.132513045982105,1.5970616250221532,LOW,23.33889331915648,0.04098932142177611,46.294737507367486,LOW,0,0
708_495,RAINFALL_PLUS_25_PERCENT,25.0,63.47088518337964,61.87382355835749,1.5970616250221497,HIGH,23.33889331915648,0.8936522779226636,74.74321655563324,HIGH,0,0
709_331,RAINFALL_PLUS_25_PERCENT,25.0,14.064062057589101,12.467000432566948,1.5970616250221532,LOW,23.33889331915648,0.058252189398412854,40.145033986065705,LOW,0,0
710_465,RAINFALL_PLUS_25_PERCENT,25.0,66.86372094089599,65.26665931587384,1.5970616250221497,HIGH,23.33889331915648,0.9738906659310048,64.54046072620895,HIGH,0,0
710_704,RAINFALL_PLUS_25_PERCENT,25.0,64.95812122084101,63.36105959581885,1.5970616250221568,HIGH,23.33889331915648,0.9148149987267635,77.97608048799182,HIGH,0,0
712_482,RAINFALL_PLUS_25_PERCENT,25.0,15.57268523974351,13.975623614721357,1.5970616250221532,LOW,23.33889331915648,0.08821232924493017,38.75318889202528,LOW,0,0
712_713,RAINFALL_PLUS_25_PERCENT,25.0,66.47544780613916,64.878386181117,1.5970616250221639,HIGH,23.33889331915648,0.9539064949529668,71.64902341656165,HIGH,0,0
713_669,RAINFALL_PLUS_25_PERCENT,25.0,64.04044131901945,62.4433796939973,1.5970616250221497,HIGH,23.33889331915648,0.8865268313385959,84.35777353326856,HIGH,0,0
713_1038,RAINFALL_PLUS_25_PERCENT,25.0,7.949256077589682,6.35219445256753,1.5970616250221523,LOW,23.33889331915648,2.1798365122615804e-05,11.023689254381166,LOW,0,0
714_190,RAINFALL_PLUS_25_PERCENT,25.0,11.979478709488182,10.382417084466029,1.5970616250221532,LOW,23.33889331915648,0.03925700602602742,29.746551359868516,LOW,0,0
714_915,RAINFALL_PLUS_25_PERCENT,25.0,64.30519543469431,62.70813380967216,1.5970616250221497,HIGH,23.33889331915648,0.9356149267399267,60.0068622192852,HIGH,0,0
714_917,RAINFALL_PLUS_25_PERCENT,25.0,62.280198655258516,60.68313703023636,1.5970616250221568,HIGH,23.33889331915648,0.8986680375180376,60.07768349696625,HIGH,0,0
715_692,RAINFALL_PLUS_25_PERCENT,25.0,65.4139781191623,63.81691649414014,1.5970616250221568,HIGH,23.33889331915648,0.9249010426610433,76.9873253073509,HIGH,0,0
715_926,RAINFALL_PLUS_25_PERCENT,25.0,66.63738276919796,65.0403211441758,1.5970616250221497,HIGH,23.33889331915648,0.9795299783549785,59.17545717604321,HIGH,0,0
716_753,RAINFALL_PLUS_25_PERCENT,25.0,8.632312082569422,7.03525045754727,1.5970616250221523,LOW,23.33889331915648,0.003637214022911155,15.86577069239486,LOW,0,0
717_222,RAINFALL_PLUS_25_PERCENT,25.0,10.59314239778277,8.99608077276062,1.5970616250221514,LOW,23.33889331915648,0.004934358558552374,34.760644349925684,LOW,0,0
717_641,RAINFALL_PLUS_25_PERCENT,25.0,67.37802266781735,65.78096104279518,1.5970616250221639,HIGH,23.33889331915648,0.9649964646464649,74.57528870191956,HIGH,0,0
718_841,RAINFALL_PLUS_25_PERCENT,25.0,68.34240263852732,66.74534101350517,1.5970616250221497,HIGH,23.33889331915648,0.9961908472479902,67.06217797818032,HIGH,0,0
719_841,RAINFALL_PLUS_25_PERCENT,25.0,67.545409726386,65.94834810136385,1.5970616250221497,HIGH,23.33889331915648,0.9876159013605446,63.80846909486223,HIGH,0,0
719_913,RAINFALL_PLUS_25_PERCENT,25.0,49.86438010735904,48.26731848233689,1.5970616250221497,MODERATE,23.33889331915648,0.6727729685065894,60.16178597426804,MODERATE,0,0
719_1244,RAINFALL_PLUS_25_PERCENT,25.0,8.692257927700973,7.095196302678822,1.5970616250221514,LOW,23.33889331915648,7.659288567056101e-05,18.42357076919271,LOW,0,0
720_667,RAINFALL_PLUS_25_PERCENT,25.0,67.37021824425216,65.77315661923001,1.5970616250221497,HIGH,23.33889331915648,0.9697854272205336,71.86331505052988,HIGH,0,0
720_691,RAINFALL_PLUS_25_PERCENT,25.0,63.55784523661517,61.960783611593016,1.5970616250221568,HIGH,23.33889331915648,0.9063807203907205,68.61217373055722,HIGH,0,0
721_483,RAINFALL_PLUS_25_PERCENT,25.0,66.89230094501833,65.29523931999618,1.5970616250221497,HIGH,23.33889331915648,0.9810444727891158,60.8916669954713,HIGH,0,0
721_602,RAINFALL_PLUS_25_PERCENT,25.0,50.76629711246223,49.169235487440076,1.5970616250221568,HIGH,23.33889331915648,0.654333838383839,79.32247759281267,MODERATE,1,1
721_691,RAINFALL_PLUS_25_PERCENT,25.0,60.897274232897715,59.300212607875565,1.5970616250221497,HIGH,23.33889331915648,0.8626883726858732,66.03725493104871,HIGH,0,0
721_1282,RAINFALL_PLUS_25_PERCENT,25.0,8.804380668500675,7.207319043478522,1.5970616250221532,LOW,23.33889331915648,7.659288567056101e-05,19.54479817718972,LOW,0,0
722_666,RAINFALL_PLUS_25_PERCENT,25.0,67.57478336009655,65.9777217350744,1.5970616250221497,HIGH,23.33889331915648,0.9789713057098605,68.85673303984402,HIGH,0,0
722_691,RAINFALL_PLUS_25_PERCENT,25.0,62.14596613632245,60.54890451130029,1.5970616250221568,HIGH,23.33889331915648,0.8806165717420988,68.66366448437192,HIGH,0,0
723_1336,RAINFALL_PLUS_25_PERCENT,25.0,8.632692083325754,7.035630458303602,1.5970616250221523,LOW,23.33889331915648,0.0051106872540115054,15.059160422852985,LOW,0,0
724_645,RAINFALL_PLUS_25_PERCENT,25.0,67.07453509092339,65.47747346590124,1.5970616250221497,HIGH,23.33889331915648,0.9750873015873018,65.99045261551963,HIGH,0,0
724_665,RAINFALL_PLUS_25_PERCENT,25.0,67.70665297897025,66.1095913539481,1.5970616250221497,HIGH,23.33889331915648,0.9844404761904763,67.16738546424243,HIGH,0,0
725_685,RAINFALL_PLUS_25_PERCENT,25.0,62.42257581184542,60.82551418682326,1.5970616250221568,HIGH,23.33889331915648,0.8948047657251663,63.626254548914474,HIGH,0,0
725_830,RAINFALL_PLUS_25_PERCENT,25.0,67.90110705993477,66.30404543491262,1.5970616250221497,HIGH,23.33889331915648,0.9781328197945846,72.58113729162807,HIGH,0,0
726_607,RAINFALL_PLUS_25_PERCENT,25.0,59.81463184188992,58.217570216867756,1.5970616250221639,HIGH,23.33889331915648,0.8346823228128463,70.61415845113547,HIGH,0,0
726_685,RAINFALL_PLUS_25_PERCENT,25.0,59.73829767211048,58.14123604708832,1.5970616250221568,HIGH,23.33889331915648,0.8424904814255881,65.55632951633305,HIGH,0,0
727_445,RAINFALL_PLUS_25_PERCENT,25.0,67.84158140254445,66.2445197775223,1.5970616250221497,HIGH,23.33889331915648,0.9835692307692308,68.99585468166936,HIGH,0,0
727_501,RAINFALL_PLUS_25_PERCENT,25.0,64.97604502550959,63.37898340048744,1.5970616250221497,HIGH,23.33889331915648,0.946377244299726,60.796083469548414,HIGH,0,0
728_350,RAINFALL_PLUS_25_PERCENT,25.0,10.943066789892098,9.346005164869947,1.5970616250221514,LOW,23.33889331915648,0.01830135479240582,30.908040342399563,LOW,0,0
728_606,RAINFALL_PLUS_25_PERCENT,25.0,62.23083970287948,60.63377807785732,1.5970616250221568,HIGH,23.33889331915648,0.8723670995670997,74.04960984619171,HIGH,0,0
729_645,RAINFALL_PLUS_25_PERCENT,25.0,67.09668135698934,65.49961973196717,1.5970616250221639,HIGH,23.33889331915648,0.9798339285714287,63.60127043490933,HIGH,0,0
730_648,RAINFALL_PLUS_25_PERCENT,25.0,67.18967498885071,65.59261336382856,1.5970616250221497,HIGH,23.33889331915648,0.9783845238095239,65.32837937257074,HIGH,0,0
731_651,RAINFALL_PLUS_25_PERCENT,25.0,66.53521324911358,64.93815162409142,1.5970616250221639,HIGH,23.33889331915648,0.9753703601630928,60.44155198073655,HIGH,0,0
732_654,RAINFALL_PLUS_25_PERCENT,25.0,59.17712276857435,57.5800611435522,1.5970616250221497,HIGH,23.33889331915648,0.838173532023532,62.31890265210267,HIGH,0,0
732_689,RAINFALL_PLUS_25_PERCENT,25.0,14.57967486154337,12.982613236521217,1.5970616250221532,LOW,23.33889331915648,0.0595620781946244,44.58072318769205,LOW,0,0
732_833,RAINFALL_PLUS_25_PERCENT,25.0,67.68383121067508,66.08676958565293,1.5970616250221497,HIGH,23.33889331915648,0.9844615540899143,66.9275749365997,HIGH,0,0
733_1560,RAINFALL_PLUS_25_PERCENT,25.0,8.466165214611527,6.869103589589374,1.5970616250221532,LOW,23.33889331915648,6.220240552665621e-05,16.17055840237738,LOW,0,0
734_444,RAINFALL_PLUS_25_PERCENT,25.0,64.02300606400124,62.42594443897907,1.5970616250221639,HIGH,23.33889331915648,0.9226296152022222,64.3268898580918,HIGH,0,0
734_749,RAINFALL_PLUS_25_PERCENT,25.0,9.088654000036913,7.49159237501476,1.5970616250221523,LOW,23.33889331915648,0.011368166403863537,16.177166057545964,LOW,0,0
736_445,RAINFALL_PLUS_25_PERCENT,25.0,66.93907647726364,65.34201485224148,1.5970616250221639,HIGH,23.33889331915648,0.9730666238017306,65.74723926098629,HIGH,0,0
736_487,RAINFALL_PLUS_25_PERCENT,25.0,67.92577467670367,66.3287130516815,1.5970616250221639,HIGH,23.33889331915648,0.9942666666666666,63.95419767967172,HIGH,0,0
736_1158,RAINFALL_PLUS_25_PERCENT,25.0,8.617186741561127,7.020125116538976,1.5970616250221514,LOW,23.33889331915648,0.010232452118149249,12.087136329930974,LOW,0,0
738_651,RAINFALL_PLUS_25_PERCENT,25.0,66.42111459391826,64.82405296889611,1.5970616250221497,HIGH,23.33889331915648,0.969984438009438,62.262822613293444,HIGH,0,0
738_654,RAINFALL_PLUS_25_PERCENT,25.0,66.6876487229285,65.09058709790634,1.5970616250221639,HIGH,23.33889331915648,0.9754762755380751,61.907653262645404,HIGH,0,0
738_836,RAINFALL_PLUS_25_PERCENT,25.0,68.32264322497366,66.72558159995151,1.5970616250221497,HIGH,23.33889331915648,0.9969333333333332,66.45621649570512,HIGH,0,0
739_651,RAINFALL_PLUS_25_PERCENT,25.0,57.40072499320766,55.803663368185504,1.5970616250221568,HIGH,23.33889331915648,0.8057239767949529,62.402180274154304,HIGH,0,0
739_652,RAINFALL_PLUS_25_PERCENT,25.0,67.17230767656744,65.57524605154529,1.5970616250221497,HIGH,23.33889331915648,0.984557622139765,61.75950216810533,HIGH,0,0
739_864,RAINFALL_PLUS_25_PERCENT,25.0,12.746449131223663,11.14938750620151,1.5970616250221532,LOW,23.33889331915648,0.035763338386546495,39.33777277893783,LOW,0,0
740_137,RAINFALL_PLUS_25_PERCENT,25.0,19.223205231101645,17.62614360607949,1.5970616250221532,LOW,23.33889331915648,0.10996616161616166,63.293781001429295,LOW,0,0
740_449,RAINFALL_PLUS_25_PERCENT,25.0,65.95456026728586,64.35749864226369,1.5970616250221639,HIGH,23.33889331915648,0.959273056878837,63.4885389687999,HIGH,0,0
740_937,RAINFALL_PLUS_25_PERCENT,25.0,10.055593734915602,8.45853210989345,1.5970616250221514,LOW,23.33889331915648,0.01643706574614342,23.058668768078924,LOW,0,0
741_64,RAINFALL_PLUS_25_PERCENT,25.0,14.037250880354028,12.440189255331877,1.5970616250221514,LOW,23.33889331915648,0.029676984126984114,55.5932851130008,LOW,0,0
741_276,RAINFALL_PLUS_25_PERCENT,25.0,11.24851724127262,9.651455616250468,1.5970616250221514,LOW,23.33889331915648,0.01425073662493044,36.190384848316235,LOW,0,0
741_837,RAINFALL_PLUS_25_PERCENT,25.0,65.03876223545818,63.44170061043603,1.5970616250221497,HIGH,23.33889331915648,0.9364289922140991,66.89479421612899,HIGH,0,0
742_554,RAINFALL_PLUS_25_PERCENT,25.0,63.34946045317088,61.75239882814872,1.5970616250221568,HIGH,23.33889331915648,0.9221340301003345,57.86400555582667,HIGH,0,0
742_839,RAINFALL_PLUS_25_PERCENT,25.0,67.64657721559841,66.04951559057626,1.5970616250221497,HIGH,23.33889331915648,0.9825619047619049,67.59984211623828,HIGH,0,0
743_450,RAINFALL_PLUS_25_PERCENT,25.0,67.38316774889854,65.7861061238764,1.5970616250221497,HIGH,23.33889331915648,0.9864667124542125,62.81810321847037,HIGH,0,0
744_844,RAINFALL_PLUS_25_PERCENT,25.0,63.97622113380175,62.379159508779594,1.5970616250221568,HIGH,23.33889331915648,0.9208126619181856,64.85836486231717,HIGH,0,0
745_561,RAINFALL_PLUS_25_PERCENT,25.0,13.694397736986158,12.097336111964005,1.5970616250221532,LOW,23.33889331915648,0.05345709321723941,39.08569367968167,LOW,0,0
745_976,RAINFALL_PLUS_25_PERCENT,25.0,8.660893368294763,7.06383174327261,1.5970616250221532,LOW,23.33889331915648,0.01096333234902948,12.122218470283192,LOW,0,0
746_490,RAINFALL_PLUS_25_PERCENT,25.0,63.97383795157361,62.37677632655146,1.5970616250221497,HIGH,23.33889331915648,0.9152675886006577,67.88432336467616,HIGH,0,0
747_866,RAINFALL_PLUS_25_PERCENT,25.0,68.65615619321605,67.05909456819388,1.5970616250221639,HIGH,23.33889331915648,0.9978666666666667,69.27801284479558,HIGH,0,0
747_903,RAINFALL_PLUS_25_PERCENT,25.0,65.01727427166243,63.42021264664028,1.5970616250221497,HIGH,23.33889331915648,0.9166978991596642,77.53201575811089,HIGH,0,0
748_455,RAINFALL_PLUS_25_PERCENT,25.0,67.57207388615242,65.97501226113027,1.5970616250221497,HIGH,23.33889331915648,0.9891552328623757,63.22847836651944,HIGH,0,0
748_594,RAINFALL_PLUS_25_PERCENT,25.0,59.92831783025529,58.33125620523314,1.5970616250221497,HIGH,23.33889331915648,0.8221322592440241,78.65355329764132,HIGH,0,0
749_593,RAINFALL_PLUS_25_PERCENT,25.0,61.68640291746881,60.08934129244666,1.5970616250221497,HIGH,23.33889331915648,0.8606704082182843,75.03842223393345,HIGH,0,0
749_859,RAINFALL_PLUS_25_PERCENT,25.0,58.21306536743633,56.61600374241418,1.5970616250221497,HIGH,23.33889331915648,0.8228622042708248,61.09955890471144,HIGH,0,0
749_883,RAINFALL_PLUS_25_PERCENT,25.0,49.839598684484706,48.24253705946255,1.5970616250221568,MODERATE,23.33889331915648,0.641246253746254,77.25366486370915,MODERATE,0,0
750_433,RAINFALL_PLUS_25_PERCENT,25.0,15.683237307692744,14.086175682670593,1.5970616250221514,LOW,23.33889331915648,0.058233987021876474,56.34679779419716,LOW,0,0
750_841,RAINFALL_PLUS_25_PERCENT,25.0,67.83132010337795,66.2342584783558,1.5970616250221497,HIGH,23.33889331915648,0.9822198228128461,69.63541606601574,HIGH,0,0
750_843,RAINFALL_PLUS_25_PERCENT,25.0,61.104985592530234,59.50792396750808,1.5970616250221568,HIGH,23.33889331915648,0.857193415886439,71.13659476706262,HIGH,0,0
750_850,RAINFALL_PLUS_25_PERCENT,25.0,43.25591891960577,41.65885729458362,1.5970616250221497,MODERATE,23.33889331915648,0.5558579547903079,58.380431640690155,MODERATE,0,0
750_866,RAINFALL_PLUS_25_PERCENT,25.0,28.15012432467057,26.553062699648418,1.5970616250221532,MODERATE,23.33889331915648,0.2935126918194944,51.61238032528554,MODERATE,0,0
750_906,RAINFALL_PLUS_25_PERCENT,25.0,68.7618132514823,67.16475162646014,1.5970616250221497,HIGH,23.33889331915648,0.9966571428571428,70.99982152269618,HIGH,0,0
751_60,RAINFALL_PLUS_25_PERCENT,25.0,14.73670153541537,13.139639910393218,1.5970616250221532,LOW,23.33889331915648,0.05559466178189906,48.333068953410994,LOW,0,0
751_145,RAINFALL_PLUS_25_PERCENT,25.0,14.669654186098107,13.072592561075956,1.5970616250221514,LOW,23.33889331915648,0.03605952380952381,58.40692134504475,LOW,0,0
752_443,RAINFALL_PLUS_25_PERCENT,25.0,68.06115809898627,66.46409647396412,1.5970616250221497,HIGH,23.33889331915648,0.9939125541125541,65.50279380725974,HIGH,0,0
752_908,RAINFALL_PLUS_25_PERCENT,25.0,68.7725357894216,67.17547416439945,1.5970616250221497,HIGH,23.33889331915648,0.9980461538461538,70.34309085813315,HIGH,0,0
753_473,RAINFALL_PLUS_25_PERCENT,25.0,60.053345272603465,58.456283647581316,1.5970616250221497,HIGH,23.33889331915648,0.8528638319575588,63.00146272867906,HIGH,0,0
754_633,RAINFALL_PLUS_25_PERCENT,25.0,67.10134614164612,65.50428451662397,1.5970616250221497,HIGH,23.33889331915648,0.9775638409209838,64.89646648922194,HIGH,0,0
758_453,RAINFALL_PLUS_25_PERCENT,25.0,67.79804963742205,66.2009880123999,1.5970616250221497,HIGH,23.33889331915648,0.9856496773068204,67.4162914347711,HIGH,0,0
758_473,RAINFALL_PLUS_25_PERCENT,25.0,62.63755554350983,61.04049391848768,1.5970616250221568,HIGH,23.33889331915648,0.8890063187593875,68.96519769673695,HIGH,0,0
760_455,RAINFALL_PLUS_25_PERCENT,25.0,65.74265309798288,64.14559147296073,1.5970616250221497,HIGH,23.33889331915648,0.9550379006458013,63.6988032039399,HIGH,0,0
760_507,RAINFALL_PLUS_25_PERCENT,25.0,55.78223198999335,54.1851703649712,1.5970616250221497,HIGH,23.33889331915648,0.7598383398301051,71.45435057267748,HIGH,0,0
760_513,RAINFALL_PLUS_25_PERCENT,25.0,49.624658633746954,48.0275970087248,1.5970616250221568,MODERATE,23.33889331915648,0.6394210702414554,76.10811528397079,MODERATE,0,0
760_1007,RAINFALL_PLUS_25_PERCENT,25.0,7.8381278354949355,6.241066210472783,1.5970616250221523,LOW,23.33889331915648,2.1798365122615804e-05,9.912406833433694,LOW,0,0
761_541,RAINFALL_PLUS_25_PERCENT,25.0,14.725336092703529,13.128274467681376,1.5970616250221532,LOW,23.33889331915648,0.07937094725544797,35.14245751584066,LOW,0,0
762_449,RAINFALL_PLUS_25_PERCENT,25.0,68.15265598108547,66.55559435606332,1.5970616250221497,HIGH,23.33889331915648,0.9960914965986395,65.21935426090478,HIGH,0,0
765_413,RAINFALL_PLUS_25_PERCENT,25.0,14.748870782741879,13.151809157719727,1.5970616250221514,LOW,23.33889331915648,0.06666248159493625,42.36746052950563,LOW,0,0
765_1047,RAINFALL_PLUS_25_PERCENT,25.0,7.852374721584545,6.255313096562393,1.5970616250221523,LOW,23.33889331915648,6.220240552665621e-05,10.03265347210757,LOW,0,0
766_129,RAINFALL_PLUS_25_PERCENT,25.0,13.618189915696155,12.021128290674001,1.5970616250221532,LOW,23.33889331915648,0.020926190476190477,56.21561197435856,LOW,0,0
767_452,RAINFALL_PLUS_25_PERCENT,25.0,67.37021167416748,65.77315004914531,1.5970616250221639,HIGH,23.33889331915648,0.9827170031842527,64.7508825696376,HIGH,0,0
768_452,RAINFALL_PLUS_25_PERCENT,25.0,65.53161466072272,63.93455303570057,1.5970616250221568,HIGH,23.33889331915648,0.9525858523906018,62.937045371697955,HIGH,0,0
770_182,RAINFALL_PLUS_25_PERCENT,25.0,13.609255045756761,12.012193420734608,1.5970616250221532,LOW,23.33889331915648,0.0321047619047619,49.97804898925033,LOW,0,0
771_992,RAINFALL_PLUS_25_PERCENT,25.0,8.324716905603358,6.727655280581207,1.5970616250221514,LOW,23.33889331915648,0.0042728561585532905,12.440215748131052,LOW,0,0
772_208,RAINFALL_PLUS_25_PERCENT,25.0,9.441114596806072,7.844052971783919,1.5970616250221532,LOW,23.33889331915648,0.010548308483083312,20.15269388166667,LOW,0,0
774_458,RAINFALL_PLUS_25_PERCENT,25.0,63.941945155839704,62.34488353081754,1.5970616250221639,HIGH,23.33889331915648,0.9186470379370817,65.70669827230392,HIGH,0,0
776_641,RAINFALL_PLUS_25_PERCENT,25.0,58.72036648233139,57.12330485730924,1.5970616250221497,HIGH,23.33889331915648,0.8277443326828875,63.48739942702755,HIGH,0,0
777_459,RAINFALL_PLUS_25_PERCENT,25.0,67.02071670678767,65.42365508176552,1.5970616250221497,HIGH,23.33889331915648,0.9715950251622747,67.37302080792742,HIGH,0,0
778_639,RAINFALL_PLUS_25_PERCENT,25.0,63.22822772076328,61.63116609574113,1.5970616250221497,HIGH,23.33889331915648,0.9043510101010103,66.43233923137889,HIGH,0,0
778_640,RAINFALL_PLUS_25_PERCENT,25.0,58.433294500769755,56.836232875747605,1.5970616250221497,HIGH,23.33889331915648,0.8210683261183257,64.28848322192017,HIGH,0,0
780_730,RAINFALL_PLUS_25_PERCENT,25.0,8.51628290670347,6.9192212816813194,1.5970616250221505,LOW,23.33889331915648,0.010810008194508915,10.760442139356586,LOW,0,0
780_925,RAINFALL_PLUS_25_PERCENT,25.0,60.777007706279754,59.179946081257604,1.5970616250221497,HIGH,23.33889331915648,0.8750027472527473,58.06168365308826,HIGH,0,0
780_1405,RAINFALL_PLUS_25_PERCENT,25.0,20.40508603133793,18.80802440631578,1.5970616250221497,LOW,23.33889331915648,0.14693571428571425,54.779335035538246,LOW,0,0
781_458,RAINFALL_PLUS_25_PERCENT,25.0,65.57945794685259,63.98239632183043,1.5970616250221568,HIGH,23.33889331915648,0.9429360682461752,68.72285951243123,HIGH,0,0
782_640,RAINFALL_PLUS_25_PERCENT,25.0,62.93248323493681,61.33542160991466,1.5970616250221497,HIGH,23.33889331915648,0.8956469696969697,68.26211659533658,HIGH,0,0
784_1110,RAINFALL_PLUS_25_PERCENT,25.0,12.308507074979826,10.711445449957674,1.5970616250221514,LOW,23.33889331915648,0.037090904959011815,34.22819060164354,LOW,0,0
784_1298,RAINFALL_PLUS_25_PERCENT,25.0,8.349842881606566,6.752781256584415,1.5970616250221514,LOW,23.33889331915648,0.006688465031789282,11.36289062788334,LOW,0,0
785_639,RAINFALL_PLUS_25_PERCENT,25.0,63.80851328115731,62.21145165613516,1.5970616250221497,HIGH,23.33889331915648,0.9096858585858585,69.30102816865265,HIGH,0,0
787_642,RAINFALL_PLUS_25_PERCENT,25.0,41.83892687786887,40.24186525284671,1.5970616250221639,MODERATE,23.33889331915648,0.5125848540348545,68.01071663882044,MODERATE,0,0
787_927,RAINFALL_PLUS_25_PERCENT,25.0,57.694994128913905,56.09793250389175,1.5970616250221568,HIGH,23.33889331915648,0.8244372349872352,55.05257962546144,HIGH,0,0
788_1433,RAINFALL_PLUS_25_PERCENT,25.0,9.578208921186938,7.981147296164785,1.5970616250221532,LOW,23.33889331915648,0.006781322174646425,23.595479595115624,LOW,0,0
789_652,RAINFALL_PLUS_25_PERCENT,25.0,60.59754501399687,59.000483388974715,1.5970616250221568,HIGH,23.33889331915648,0.840075468975469,75.47705978276255,HIGH,0,0
790_456,RAINFALL_PLUS_25_PERCENT,25.0,20.865817587324507,19.268755962302357,1.5970616250221497,LOW,23.33889331915648,0.14741959706959704,59.120515064268496,LOW,0,0
790_638,RAINFALL_PLUS_25_PERCENT,25.0,64.6054655343035,63.00840390928135,1.5970616250221568,HIGH,23.33889331915648,0.9199472871572869,71.62676498582906,HIGH,0,0
790_652,RAINFALL_PLUS_25_PERCENT,25.0,60.509852876519524,58.91279125149737,1.5970616250221568,HIGH,23.33889331915648,0.8339953102453103,77.94422570957637,HIGH,0,0
790_926,RAINFALL_PLUS_25_PERCENT,25.0,60.51726310248988,58.92020147746772,1.5970616250221568,HIGH,23.33889331915648,0.8718863555363557,57.178253059204934,HIGH,0,0
792_684,RAINFALL_PLUS_25_PERCENT,25.0,8.982655139901253,7.385593514879101,1.5970616250221514,LOW,23.33889331915648,0.005733703127027378,18.216132258449257,LOW,0,0
792_1040,RAINFALL_PLUS_25_PERCENT,25.0,8.336601316866277,6.739539691844125,1.5970616250221523,LOW,23.33889331915648,0.0032967983651226154,13.09589164714711,LOW,0,0
794_509,RAINFALL_PLUS_25_PERCENT,25.0,56.113328746283344,54.516267121261194,1.5970616250221497,HIGH,23.33889331915648,0.7771534310038686,65.24201799000751,HIGH,0,0
795_648,RAINFALL_PLUS_25_PERCENT,25.0,61.699967283417735,60.102905658395585,1.5970616250221497,HIGH,23.33889331915648,0.8751764538239536,67.19574081030454,HIGH,0,0
797_514,RAINFALL_PLUS_25_PERCENT,25.0,56.45506087949199,54.85799925446984,1.5970616250221497,HIGH,23.33889331915648,0.7683808528726179,73.48425729428179,HIGH,0,0
798_514,RAINFALL_PLUS_25_PERCENT,25.0,53.75108005021174,52.15401842518959,1.5970616250221497,HIGH,23.33889331915648,0.7183318907236557,73.97137818340862,HIGH,0,0
798_649,RAINFALL_PLUS_25_PERCENT,25.0,64.5227049958951,62.92564337087295,1.5970616250221497,HIGH,23.33889331915648,0.9179774458874453,71.88257230015779,HIGH,0,0
798_1474,RAINFALL_PLUS_25_PERCENT,25.0,11.188577633626956,9.591516008604803,1.5970616250221532,LOW,23.33889331915648,0.015916820010144262,34.674642909991995,LOW,0,0
799_786,RAINFALL_PLUS_25_PERCENT,25.0,8.831853493494496,7.234791868472343,1.5970616250221523,LOW,23.33889331915648,0.0005622024055266562,19.552441191207073,LOW,0,0
800_474,RAINFALL_PLUS_25_PERCENT,25.0,16.04502078148348,14.447959156461325,1.597061625022155,LOW,23.33889331915648,0.08036040542295163,47.795102411513156,LOW,0,0
801_438,RAINFALL_PLUS_25_PERCENT,25.0,18.184887019927015,16.58782539490486,1.5970616250221532,LOW,23.33889331915648,0.14184528623544584,35.37708034907669,LOW,0,0
801_654,RAINFALL_PLUS_25_PERCENT,25.0,64.6158395387089,63.01877791368675,1.5970616250221497,HIGH,23.33889331915648,0.9237790331890332,69.62304471242251,HIGH,0,0
802_101,RAINFALL_PLUS_25_PERCENT,25.0,16.212151166385066,14.615089541362915,1.5970616250221514,LOW,23.33889331915648,0.050347619047619044,65.97343876696196,LOW,0,0
805_515,RAINFALL_PLUS_25_PERCENT,25.0,53.021824223745995,51.424762598723845,1.5970616250221497,HIGH,23.33889331915648,0.7093820982938631,71.60120575513702,HIGH,0,0
806_513,RAINFALL_PLUS_25_PERCENT,25.0,59.13705677820489,57.53999515318274,1.5970616250221497,HIGH,23.33889331915648,0.8193837721755372,72.25261066480519,HIGH,0,0
806_645,RAINFALL_PLUS_25_PERCENT,25.0,62.340677978298295,60.74361635327614,1.5970616250221568,HIGH,23.33889331915648,0.8707674603174607,76.02779418768134,HIGH,0,0
806_935,RAINFALL_PLUS_25_PERCENT,25.0,59.48469275340881,57.88763112838665,1.5970616250221568,HIGH,23.33889331915648,0.8442517956517963,62.05155750490182,HIGH,0,0
806_937,RAINFALL_PLUS_25_PERCENT,25.0,50.254482740156945,48.657421115134795,1.5970616250221497,HIGH,23.33889331915648,0.6752947495407261,62.67583273347188,MODERATE,1,1
807_217,RAINFALL_PLUS_25_PERCENT,25.0,29.858862772913824,28.261801147891674,1.5970616250221497,MODERATE,23.33889331915648,0.31635479229989866,56.136609543495744,MODERATE,0,0
807_722,RAINFALL_PLUS_25_PERCENT,25.0,8.126770293624592,6.52970866860244,1.5970616250221514,LOW,23.33889331915648,0.004355131698455949,10.415498081396937,LOW,0,0
808_640,RAINFALL_PLUS_25_PERCENT,25.0,62.58129655857106,60.98423493354891,1.5970616250221497,HIGH,23.33889331915648,0.8671937144554795,80.39954021449866,HIGH,0,0
808_641,RAINFALL_PLUS_25_PERCENT,25.0,63.93649888823686,62.339437263214705,1.5970616250221568,HIGH,23.33889331915648,0.8920168746286395,80.2988254159186,HIGH,0,0
809_637,RAINFALL_PLUS_25_PERCENT,25.0,57.51406229933107,55.917000674308916,1.5970616250221568,HIGH,23.33889331915648,0.7619779302396952,87.59587894078018,HIGH,0,0
811_512,RAINFALL_PLUS_25_PERCENT,25.0,62.46258022165568,60.86551859663353,1.5970616250221497,HIGH,23.33889331915648,0.8923058585858588,65.40069757363615,HIGH,0,0
811_613,RAINFALL_PLUS_25_PERCENT,25.0,37.367616891283205,35.770555266261056,1.5970616250221497,MODERATE,23.33889331915648,0.4401820096570098,63.11918118077844,MODERATE,0,0
812_517,RAINFALL_PLUS_25_PERCENT,25.0,62.405731850303965,60.808670225281816,1.5970616250221497,HIGH,23.33889331915648,0.8872351613021633,67.62109736615155,HIGH,0,0
813_639,RAINFALL_PLUS_25_PERCENT,25.0,56.07726187732825,54.48020025230609,1.5970616250221568,HIGH,23.33889331915648,0.7349575839193487,88.08906519694246,HIGH,0,0
813_1458,RAINFALL_PLUS_25_PERCENT,25.0,11.135246303278262,9.538184678256108,1.5970616250221532,LOW,23.33889331915648,0.017183486676810928,33.44466293983838,LOW,0,0
813_1533,RAINFALL_PLUS_25_PERCENT,25.0,8.132113603749662,6.535051978727511,1.5970616250221514,LOW,23.33889331915648,0.0020217983651226157,11.752264515980967,LOW,0,0
814_518,RAINFALL_PLUS_25_PERCENT,25.0,61.32763840677705,59.7305767817549,1.5970616250221497,HIGH,23.33889331915648,0.8812896112255585,60.11021547301502,HIGH,0,0
814_1297,RAINFALL_PLUS_25_PERCENT,25.0,8.557292904607255,6.960231279585102,1.5970616250221532,LOW,23.33889331915648,0.004388465031789282,14.702390857890215,LOW,0,0
814_1408,RAINFALL_PLUS_25_PERCENT,25.0,9.83430669202891,8.237245067006759,1.5970616250221514,LOW,23.33889331915648,0.0028987214420456925,28.29188770646576,LOW,0,0
815_14,RAINFALL_PLUS_25_PERCENT,25.0,16.7006184379578,15.103556812935649,1.5970616250221514,LOW,23.33889331915648,0.06313405483405483,63.825571800149625,LOW,0,0
815_507,RAINFALL_PLUS_25_PERCENT,25.0,41.49243510483951,39.89537347981736,1.5970616250221497,MODERATE,23.33889331915648,0.5207085886835138,60.07774485176435,MODERATE,0,0
816_878,RAINFALL_PLUS_25_PERCENT,25.0,7.931174133275466,6.3341125082533125,1.5970616250221532,LOW,23.33889331915648,2.1798365122615804e-05,10.842869811238995,LOW,0,0
817_215,RAINFALL_PLUS_25_PERCENT,25.0,18.465811849809377,16.86875022478722,1.5970616250221568,LOW,23.33889331915648,0.11125993354471612,55.008272627801645,LOW,0,0
818_643,RAINFALL_PLUS_25_PERCENT,25.0,57.126872029489846,55.529810404467696,1.5970616250221497,HIGH,23.33889331915648,0.7732903607503607,77.50213946150183,HIGH,0,0
820_643,RAINFALL_PLUS_25_PERCENT,25.0,59.41416840096743,57.81710677594528,1.5970616250221497,HIGH,23.33889331915648,0.8177918037518037,75.89930952548403,HIGH,0,0
820_1220,RAINFALL_PLUS_25_PERCENT,25.0,9.135281646932459,7.538220021910307,1.5970616250221514,LOW,23.33889331915648,0.0003955357388599895,22.678389392253386,LOW,0,0
821_178,RAINFALL_PLUS_25_PERCENT,25.0,12.061440036225154,10.464378411203,1.5970616250221532,LOW,23.33889331915648,0.015285867629191882,43.75029074549778,LOW,0,0
822_524,RAINFALL_PLUS_25_PERCENT,25.0,27.658237180574663,26.06117555555251,1.5970616250221532,MODERATE,23.33889331915648,0.3164946349848655,34.05344014337235,MODERATE,0,0
824_651,RAINFALL_PLUS_25_PERCENT,25.0,15.1345842913604,13.537522666338246,1.5970616250221532,LOW,23.33889331915648,0.05326145247053012,53.595161634114206,LOW,0,0
825_466,RAINFALL_PLUS_25_PERCENT,25.0,26.374181227438438,24.77711960241629,1.5970616250221497,MODERATE,23.33889331915648,0.26283038791274077,50.728216501678745,LOW,1,1
825_646,RAINFALL_PLUS_25_PERCENT,25.0,51.37102631515996,49.7739646901378,1.5970616250221568,HIGH,23.33889331915648,0.6715238816738817,75.91524581026647,MODERATE,1,1
826_645,RAINFALL_PLUS_25_PERCENT,25.0,61.56977770014212,59.97271607511996,1.5970616250221568,HIGH,23.33889331915648,0.8583438149972631,75.15179633222827,HIGH,0,0
826_1489,RAINFALL_PLUS_25_PERCENT,25.0,8.859169378066973,7.26210775304482,1.5970616250221532,LOW,23.33889331915648,0.002462202405526656,18.780600036931844,LOW,0,0
827_524,RAINFALL_PLUS_25_PERCENT,25.0,25.2325629724588,23.635501347436648,1.5970616250221532,MODERATE,23.33889331915648,0.28422665172763567,27.54408885369017,LOW,1,1
827_978,RAINFALL_PLUS_25_PERCENT,25.0,62.45072465738856,60.85366303236641,1.5970616250221497,HIGH,23.33889331915648,0.8839013888888885,69.9046002642987,HIGH,0,0
828_97,RAINFALL_PLUS_25_PERCENT,25.0,17.924479850406513,16.327418225384363,1.5970616250221497,LOW,23.33889331915648,0.07258644688644689,70.86537029582114,LOW,0,0
830_286,RAINFALL_PLUS_25_PERCENT,25.0,10.60534295540236,9.008281330380207,1.5970616250221532,LOW,23.33889331915648,0.031966273534516906,20.01509668934108,LOW,0,0
830_643,RAINFALL_PLUS_25_PERCENT,25.0,40.137142550019526,38.54008092499738,1.5970616250221426,MODERATE,23.33889331915648,0.4805507575757576,68.61162641283039,MODERATE,0,0
831_375,RAINFALL_PLUS_25_PERCENT,25.0,8.096725492543754,6.499663867521602,1.5970616250221523,LOW,23.33889331915648,0.002466242809567061,11.153938959477443,LOW,0,0
832_990,RAINFALL_PLUS_25_PERCENT,25.0,65.21533580970464,63.61827418468249,1.5970616250221497,HIGH,23.33889331915648,0.9114270477888124,82.41159939250134,HIGH,0,0
837_643,RAINFALL_PLUS_25_PERCENT,25.0,65.55809217241513,63.96103054739298,1.5970616250221497,HIGH,23.33889331915648,0.9477310245310248,65.87197581138949,HIGH,0,0
840_198,RAINFALL_PLUS_25_PERCENT,25.0,10.256703113022539,8.659641488000387,1.5970616250221514,LOW,23.33889331915648,0.007258955082860343,30.117723413953986,LOW,0,0
842_1240,RAINFALL_PLUS_25_PERCENT,25.0,8.420119457748491,6.823057832726338,1.5970616250221532,LOW,23.33889331915648,7.659288567056101e-05,15.702186069667876,LOW,0,0
846_1668,RAINFALL_PLUS_25_PERCENT,25.0,8.062991148637527,6.465929523615376,1.5970616250221514,LOW,23.33889331915648,0.003259893603217854,10.380087583907239,LOW,0,0
848_85,RAINFALL_PLUS_25_PERCENT,25.0,24.438243512727432,22.84118188770528,1.5970616250221532,LOW,23.33889331915648,0.1630200577200577,86.26452096054436,LOW,0,0
851_953,RAINFALL_PLUS_25_PERCENT,25.0,8.896191224422765,7.299129599400613,1.5970616250221514,LOW,23.33889331915648,0.003062202405526656,18.820818500489768,LOW,0,0
854_110,RAINFALL_PLUS_25_PERCENT,25.0,16.827344048767454,15.230282423745301,1.5970616250221532,LOW,23.33889331915648,0.06003809523809521,66.79560568602396,LOW,0,0
854_858,RAINFALL_PLUS_25_PERCENT,25.0,8.339926142237235,6.742864517215083,1.5970616250221523,LOW,23.33889331915648,0.005685687254011505,11.815251011967806,LOW,0,0
856_147,RAINFALL_PLUS_25_PERCENT,25.0,12.05010515213505,10.453043527112897,1.5970616250221532,LOW,23.33889331915648,0.01082956673202142,46.08790739804049,LOW,0,0
856_1234,RAINFALL_PLUS_25_PERCENT,25.0,8.194110845457914,6.597049220435762,1.5970616250221514,LOW,23.33889331915648,0.0028765602698845203,11.902117885444433,LOW,0,0
856_1274,RAINFALL_PLUS_25_PERCENT,25.0,9.224748993549278,7.627687368527126,1.5970616250221523,LOW,23.33889331915648,0.00697656026988452,19.95349936635808,LOW,0,0
857_241,RAINFALL_PLUS_25_PERCENT,25.0,9.539446939228512,7.942385314206359,1.5970616250221523,LOW,23.33889331915648,0.015841501918649626,18.224760916329597,LOW,0,0
858_291,RAINFALL_PLUS_25_PERCENT,25.0,12.157892836788672,10.56083121176652,1.5970616250221532,LOW,23.33889331915648,0.07573702214517396,11.46668376734282,LOW,0,0
860_566,RAINFALL_PLUS_25_PERCENT,25.0,8.191435909085975,6.594374284063823,1.5970616250221514,LOW,23.33889331915648,0.0010884650317892826,12.858820902677431,LOW,0,0
860_711,RAINFALL_PLUS_25_PERCENT,25.0,9.091439530012735,7.494377904990582,1.5970616250221532,LOW,23.33889331915648,0.0035217983651226158,20.520523778611693,LOW,0,0
860_1568,RAINFALL_PLUS_25_PERCENT,25.0,20.725148222027045,19.128086597004895,1.5970616250221497,LOW,23.33889331915648,0.142177481648786,60.596984892739925,LOW,0,0
864_648,RAINFALL_PLUS_25_PERCENT,25.0,56.978500505824066,55.38143888080191,1.5970616250221568,HIGH,23.33889331915648,0.7658296840414492,80.12179641474532,HIGH,0,0
867_649,RAINFALL_PLUS_25_PERCENT,25.0,57.86900292236992,56.27194129734777,1.5970616250221497,HIGH,23.33889331915648,0.7713347345464996,85.9990428024262,HIGH,0,0
869_1488,RAINFALL_PLUS_25_PERCENT,25.0,8.205249034713571,6.608187409691419,1.5970616250221523,LOW,23.33889331915648,0.0028765602698845203,12.013499778001002,LOW,0,0
870_1206,RAINFALL_PLUS_25_PERCENT,25.0,7.891978989625454,6.294917364603302,1.5970616250221523,LOW,23.33889331915648,0.0002717983651226158,10.313418374738886,LOW,0,0
870_1438,RAINFALL_PLUS_25_PERCENT,25.0,8.06180321027706,6.464741585254908,1.5970616250221514,LOW,23.33889331915648,0.0028765602698845203,10.579041533635886,LOW,0,0
871_353,RAINFALL_PLUS_25_PERCENT,25.0,8.767550817214765,7.170489192192613,1.5970616250221523,LOW,23.33889331915648,0.0054376713809956324,16.227906491901837,LOW,0,0
872_911,RAINFALL_PLUS_25_PERCENT,25.0,9.362566144792943,7.765504519770791,1.5970616250221523,LOW,23.33889331915648,0.00682656026988452,21.41417087879472,LOW,0,0
874_637,RAINFALL_PLUS_25_PERCENT,25.0,60.786602871725364,59.189541246703214,1.5970616250221497,HIGH,23.33889331915648,0.8551258897609961,69.08990692800757,HIGH,0,0
875_51,RAINFALL_PLUS_25_PERCENT,25.0,19.014504908658118,17.41744328363597,1.5970616250221497,LOW,23.33889331915648,0.11320086580086583,59.42769047540677,LOW,0,0
875_463,RAINFALL_PLUS_25_PERCENT,25.0,9.235194796155573,7.63813317113342,1.5970616250221532,LOW,23.33889331915648,0.005043361825816512,21.121216536658427,LOW,0,0
875_1630,RAINFALL_PLUS_25_PERCENT,25.0,20.88754217567674,19.29048055065459,1.5970616250221497,LOW,23.33889331915648,0.15576378066378072,54.748459970989785,LOW,0,0
877_266,RAINFALL_PLUS_25_PERCENT,25.0,11.921401963950837,10.324340338928685,1.5970616250221514,LOW,23.33889331915648,0.059669263162882485,17.93904247922478,LOW,0,0
877_1645,RAINFALL_PLUS_25_PERCENT,25.0,8.69923360694422,7.102171981922068,1.5970616250221523,LOW,23.33889331915648,2.1798365122615804e-05,18.52346454792655,LOW,0,0
878_1496,RAINFALL_PLUS_25_PERCENT,25.0,8.098103895950576,6.501042270928425,1.5970616250221514,LOW,23.33889331915648,0.0026122024055266566,11.087445215767882,LOW,0,0
880_646,RAINFALL_PLUS_25_PERCENT,25.0,55.42955689535608,53.83249527033392,1.5970616250221568,HIGH,23.33889331915648,0.7357035624506212,81.20172718502087,HIGH,0,0
882_411,RAINFALL_PLUS_25_PERCENT,25.0,11.408058629581301,9.810997004559148,1.5970616250221532,LOW,23.33889331915648,0.036539781184862924,25.52682422344018,LOW,0,0
885_511,RAINFALL_PLUS_25_PERCENT,25.0,63.607285202738666,62.010223577716516,1.5970616250221497,HIGH,23.33889331915648,0.9070556192173841,68.73537903712712,HIGH,0,0
885_634,RAINFALL_PLUS_25_PERCENT,25.0,61.78653421172651,60.189472586704355,1.5970616250221568,HIGH,23.33889331915648,0.8725347943722948,69.51432279180482,HIGH,0,0
886_522,RAINFALL_PLUS_25_PERCENT,25.0,66.73213396920254,65.13507234418039,1.5970616250221497,HIGH,23.33889331915648,0.9703996495567923,65.14465001509137,HIGH,0,0
887_524,RAINFALL_PLUS_25_PERCENT,25.0,64.60125110797422,63.00418948295207,1.5970616250221497,HIGH,23.33889331915648,0.9334656705728137,64.14950984399637,HIGH,0,0
887_1019,RAINFALL_PLUS_25_PERCENT,25.0,8.915131945787936,7.318070320765784,1.5970616250221514,LOW,23.33889331915648,0.007220283213607464,16.72328126969704,LOW,0,0
888_520,RAINFALL_PLUS_25_PERCENT,25.0,66.96229823406884,65.36523660904668,1.5970616250221639,HIGH,23.33889331915648,0.976628220985364,64.02057837803994,HIGH,0,0
888_1672,RAINFALL_PLUS_25_PERCENT,25.0,8.349007114646433,6.751945489624281,1.5970616250221523,LOW,23.33889331915648,0.01011703646036071,9.468818672567716,LOW,0,0
889_524,RAINFALL_PLUS_25_PERCENT,25.0,66.01804415802289,64.42098253300074,1.5970616250221497,HIGH,23.33889331915648,0.9613836322407752,62.962561427104305,HIGH,0,0
890_1332,RAINFALL_PLUS_25_PERCENT,25.0,8.65514975588979,7.058088130867637,1.5970616250221523,LOW,23.33889331915648,0.00487656026988452,15.412506989763191,LOW,0,0
892_524,RAINFALL_PLUS_25_PERCENT,25.0,64.50533377083242,62.908272145810265,1.5970616250221568,HIGH,23.33889331915648,0.9359212004696477,61.83979502931971,HIGH,0,0
892_639,RAINFALL_PLUS_25_PERCENT,25.0,62.053608621804514,60.456546996782365,1.5970616250221497,HIGH,23.33889331915648,0.8704422799422799,73.335949829093,HIGH,0,0
894_251,RAINFALL_PLUS_25_PERCENT,25.0,16.5785236058132,14.98146198079105,1.5970616250221497,LOW,23.33889331915648,0.08853439887762138,48.634434254742025,LOW,0,0
897_647,RAINFALL_PLUS_25_PERCENT,25.0,61.9321181897506,60.33505656472844,1.5970616250221568,HIGH,23.33889331915648,0.8736033910533907,70.38243439744282,HIGH,0,0
898_1638,RAINFALL_PLUS_25_PERCENT,25.0,10.722266172577214,9.125204547555063,1.5970616250221514,LOW,23.33889331915648,0.002943010486334737,37.14712353758982,LOW,0,0
899_269,RAINFALL_PLUS_25_PERCENT,25.0,11.969596700692879,10.372535075670726,1.5970616250221532,LOW,23.33889331915648,0.0440421744807611,27.015888621811957,LOW,0,0
899_1425,RAINFALL_PLUS_25_PERCENT,25.0,7.825031373686602,6.227969748664449,1.5970616250221523,LOW,23.33889331915648,2.1798365122615804e-05,9.781442215350356,LOW,0,0
903_541,RAINFALL_PLUS_25_PERCENT,25.0,60.702797470266965,59.105735845244816,1.5970616250221497,HIGH,23.33889331915648,0.8473577981495628,72.52430329971185,HIGH,0,0
906_656,RAINFALL_PLUS_25_PERCENT,25.0,50.84437770534939,49.24731608032724,1.5970616250221497,HIGH,23.33889331915648,0.6743781163281161,69.07893065233178,MODERATE,1,1
909_653,RAINFALL_PLUS_25_PERCENT,25.0,55.63699735539931,54.03993573037715,1.5970616250221568,HIGH,23.33889331915648,0.7420000581118231,79.81305917179212,HIGH,0,0
909_849,RAINFALL_PLUS_25_PERCENT,25.0,9.94640988632426,8.349348261302108,1.5970616250221514,LOW,23.33889331915648,0.01182696431028856,24.502386071885667,LOW,0,0
910_140,RAINFALL_PLUS_25_PERCENT,25.0,19.247394700959248,17.650333075937098,1.5970616250221497,LOW,23.33889331915648,0.09887958152958157,69.6332947476244,LOW,0,0
911_877,RAINFALL_PLUS_25_PERCENT,25.0,10.041679928528076,8.444618303505923,1.5970616250221532,LOW,23.33889331915648,0.0038955357388599896,29.81737220820953,LOW,0,0
912_1617,RAINFALL_PLUS_25_PERCENT,25.0,10.931065172189262,9.334003547167109,1.5970616250221532,LOW,23.33889331915648,0.0071092442525685015,36.94368496228172,LOW,0,0
913_280,RAINFALL_PLUS_25_PERCENT,25.0,12.554169448927784,10.95710782390563,1.5970616250221532,LOW,23.33889331915648,0.04479814117311498,32.44583442336637,LOW,0,0
914_551,RAINFALL_PLUS_25_PERCENT,25.0,49.19484429017814,47.59778266515599,1.5970616250221497,MODERATE,23.33889331915648,0.6384732412032414,72.33127781930034,MODERATE,0,0
914_1536,RAINFALL_PLUS_25_PERCENT,25.0,9.102685234087678,7.505623609065526,1.5970616250221523,LOW,23.33889331915648,2.1798365122615804e-05,22.557980819361124,LOW,0,0
915_1203,RAINFALL_PLUS_25_PERCENT,25.0,8.302669730480352,6.705608105458198,1.5970616250221532,LOW,23.33889331915648,2.1798365122615804e-05,14.557825783287853,LOW,0,0
917_1139,RAINFALL_PLUS_25_PERCENT,25.0,12.285273952154814,10.688212327132662,1.5970616250221514,LOW,23.33889331915648,0.046412534295858544,28.868963238127726,LOW,0,0
918_987,RAINFALL_PLUS_25_PERCENT,25.0,16.809201731347883,15.21214010632573,1.5970616250221532,LOW,23.33889331915648,0.08896671685802121,50.70344062086893,LOW,0,0
919_189,RAINFALL_PLUS_25_PERCENT,25.0,11.308240763981017,9.711179138958864,1.5970616250221532,LOW,23.33889331915648,0.013743535411743522,37.06658074265301,LOW,0,0
919_555,RAINFALL_PLUS_25_PERCENT,25.0,38.87636757073896,37.2793059457168,1.5970616250221568,MODERATE,23.33889331915648,0.4598388336301378,67.39543479011552,MODERATE,0,0
919_1247,RAINFALL_PLUS_25_PERCENT,25.0,7.609524130834375,6.0124625058122225,1.5970616250221523,LOW,23.33889331915648,0.0005932269365511872,7.312084072542377,LOW,0,0
919_1636,RAINFALL_PLUS_25_PERCENT,25.0,21.560869778104088,19.963808153081935,1.5970616250221532,LOW,23.33889331915648,0.170597113997114,53.323402661929954,LOW,0,0
924_413,RAINFALL_PLUS_25_PERCENT,25.0,15.492274264856956,13.895212639834803,1.5970616250221532,LOW,23.33889331915648,0.07085522837570811,47.49548462123185,LOW,0,0
925_376,RAINFALL_PLUS_25_PERCENT,25.0,35.683483223134026,34.086421598111876,1.5970616250221497,MODERATE,23.33889331915648,0.41594751505804123,59.60681652871935,MODERATE,0,0
925_829,RAINFALL_PLUS_25_PERCENT,25.0,13.22703284018779,11.629971215165638,1.5970616250221532,LOW,23.33889331915648,0.039541423184747446,42.06566322956858,LOW,0,0
927_907,RAINFALL_PLUS_25_PERCENT,25.0,20.37896464031178,18.781903015289625,1.5970616250221532,LOW,23.33889331915648,0.12942592407592415,64.14850574066125,LOW,0,0
927_1239,RAINFALL_PLUS_25_PERCENT,25.0,7.624627401803514,6.027565776781362,1.5970616250221523,LOW,23.33889331915648,2.1798365122615804e-05,7.777402496519484,LOW,0,0
931_659,RAINFALL_PLUS_25_PERCENT,25.0,31.10766520786282,29.510603582840666,1.5970616250221532,MODERATE,23.33889331915648,0.3204783938283937,66.3566530523134,MODERATE,0,0
932_635,RAINFALL_PLUS_25_PERCENT,25.0,64.06393289312085,62.4668712680987,1.5970616250221497,HIGH,23.33889331915648,0.9226920498420499,64.70181909738282,HIGH,0,0
932_842,RAINFALL_PLUS_25_PERCENT,25.0,20.85999444230574,19.26293281728359,1.5970616250221497,LOW,23.33889331915648,0.14473715728715736,60.53762549442264,LOW,0,0
934_580,RAINFALL_PLUS_25_PERCENT,25.0,55.45494739333405,53.8578857683119,1.5970616250221497,HIGH,23.33889331915648,0.7705519405232446,62.289024224857755,HIGH,0,0
936_632,RAINFALL_PLUS_25_PERCENT,25.0,64.3629747892418,62.76591316421965,1.5970616250221568,HIGH,23.33889331915648,0.9243631416202847,66.77313758056323,HIGH,0,0
937_490,RAINFALL_PLUS_25_PERCENT,25.0,11.517566513994574,9.920504888972422,1.5970616250221514,LOW,23.33889331915648,0.04821581335396519,20.200085374566658,LOW,0,0
937_628,RAINFALL_PLUS_25_PERCENT,25.0,54.90524084739099,53.30817922236884,1.5970616250221497,HIGH,23.33889331915648,0.7505270562770563,67.80564510083073,HIGH,0,0
938_1524,RAINFALL_PLUS_25_PERCENT,25.0,8.4352813706358,6.838219745613648,1.5970616250221514,LOW,23.33889331915648,6.220240552665621e-05,15.861719962620114,LOW,0,0
938_1636,RAINFALL_PLUS_25_PERCENT,25.0,9.47441707506922,7.877355450047068,1.5970616250221514,LOW,23.33889331915648,0.00013912548244973314,26.210769314646626,LOW,0,0
939_320,RAINFALL_PLUS_25_PERCENT,25.0,10.600109865819498,9.003048240797346,1.5970616250221514,LOW,23.33889331915648,0.026749146687298525,22.832185559482582,LOW,0,0
940_32,RAINFALL_PLUS_25_PERCENT,25.0,13.154413284970977,11.557351659948825,1.5970616250221514,LOW,23.33889331915648,0.04094388596832373,40.56811314643349,LOW,0,0
940_1007,RAINFALL_PLUS_25_PERCENT,25.0,9.644250641015311,8.04718901599316,1.5970616250221514,LOW,23.33889331915648,0.0018891254824497331,26.946604974107547,LOW,0,0
942_891,RAINFALL_PLUS_25_PERCENT,25.0,9.78499646512931,8.18793484010716,1.5970616250221514,LOW,23.33889331915648,0.010783313516637767,23.462259796444123,LOW,0,0
944_107,RAINFALL_PLUS_25_PERCENT,25.0,10.503308141272747,8.906246516250594,1.5970616250221532,LOW,23.33889331915648,0.006572414530566368,32.961371000217746,LOW,0,0
945_33,RAINFALL_PLUS_25_PERCENT,25.0,13.69766628327566,12.100604658253507,1.5970616250221532,LOW,23.33889331915648,0.06767919240378256,31.29622458997797,LOW,0,0
945_584,RAINFALL_PLUS_25_PERCENT,25.0,11.192688461862831,9.59562683684068,1.5970616250221514,LOW,23.33889331915648,0.007005647848972099,39.61689588099544,LOW,0,0
946_1451,RAINFALL_PLUS_25_PERCENT,25.0,9.068661068699255,7.471599443677102,1.5970616250221532,LOW,23.33889331915648,2.1798365122615804e-05,22.217739165476885,LOW,0,0
947_1256,RAINFALL_PLUS_25_PERCENT,25.0,7.536980504054935,5.939918879032783,1.5970616250221523,LOW,23.33889331915648,0.0009217983651226158,6.4059335190336935,LOW,0,0
948_1238,RAINFALL_PLUS_25_PERCENT,25.0,7.674804624181429,6.077742999159277,1.5970616250221523,LOW,23.33889331915648,0.0011884650317892825,7.637508053631965,LOW,0,0
949_926,RAINFALL_PLUS_25_PERCENT,25.0,10.054458022095508,8.457396397073355,1.5970616250221532,LOW,23.33889331915648,0.011469926219003895,25.779238379804713,LOW,0,0
953_463,RAINFALL_PLUS_25_PERCENT,25.0,15.813756580723323,14.21669495570117,1.5970616250221532,LOW,23.33889331915648,0.09456146949655121,37.671875163431835,LOW,0,0
954_842,RAINFALL_PLUS_25_PERCENT,25.0,10.401368001073081,8.804306376050928,1.5970616250221532,LOW,23.33889331915648,0.013779450028527703,27.978100074342354,LOW,0,0
955_518,RAINFALL_PLUS_25_PERCENT,25.0,8.833648389087351,7.236586764065199,1.5970616250221523,LOW,23.33889331915648,0.0025066468499711004,18.500945702691183,LOW,0,0
957_127,RAINFALL_PLUS_25_PERCENT,25.0,11.601373666578588,10.004312041556439,1.5970616250221497,LOW,23.33889331915648,0.023543113352339898,34.60814190130073,LOW,0,0
957_226,RAINFALL_PLUS_25_PERCENT,25.0,17.58173945309739,15.984677828075236,1.597061625022155,LOW,23.33889331915648,0.09280685425685431,56.3167422690058,LOW,0,0
958_779,RAINFALL_PLUS_25_PERCENT,25.0,10.65867994296307,9.061618317940919,1.5970616250221514,LOW,23.33889331915648,0.010491241251720993,32.35973432048594,LOW,0,0
964_258,RAINFALL_PLUS_25_PERCENT,25.0,22.924924695436264,21.32786307041411,1.5970616250221532,LOW,23.33889331915648,0.17197237925473222,66.20755594356167,LOW,0,0
964_1058,RAINFALL_PLUS_25_PERCENT,25.0,9.481400519681609,7.8843388946594555,1.5970616250221532,LOW,23.33889331915648,0.010503075421399671,20.580431294348042,LOW,0,0
965_975,RAINFALL_PLUS_25_PERCENT,25.0,9.634364941937198,8.037303316915045,1.5970616250221532,LOW,23.33889331915648,0.0007432595523372276,27.477974244888276,LOW,0,0
966_677,RAINFALL_PLUS_25_PERCENT,25.0,27.79992194225619,26.202860317234038,1.5970616250221532,MODERATE,23.33889331915648,0.2782183866168338,56.52222436260509,MODERATE,0,0
969_529,RAINFALL_PLUS_25_PERCENT,25.0,13.827825565861344,12.230763940839193,1.5970616250221514,LOW,23.33889331915648,0.06587486849894614,33.59019556349486,LOW,0,0
970_131,RAINFALL_PLUS_25_PERCENT,25.0,10.053537880187497,8.456476255165345,1.5970616250221514,LOW,23.33889331915648,0.006082575337983915,28.733079945285596,LOW,0,0
974_800,RAINFALL_PLUS_25_PERCENT,25.0,14.199711047928723,12.60264942290657,1.5970616250221532,LOW,23.33889331915648,0.03368364871843133,55.014221263451766,LOW,0,0
975_590,RAINFALL_PLUS_25_PERCENT,25.0,14.33229277097977,12.735231145957616,1.5970616250221532,LOW,23.33889331915648,0.0511953823953824,46.708584971639155,LOW,0,0
980_1051,RAINFALL_PLUS_25_PERCENT,25.0,11.739286810111626,10.142225185089472,1.5970616250221532,LOW,23.33889331915648,0.02151205810538236,37.10435372245774,LOW,0,0
982_1047,RAINFALL_PLUS_25_PERCENT,25.0,18.81742587169954,17.220364246677388,1.5970616250221532,LOW,23.33889331915648,0.12581570675701112,50.51873757994105,LOW,0,0
987_224,RAINFALL_PLUS_25_PERCENT,25.0,19.73296772675655,18.1359061017344,1.5970616250221497,LOW,23.33889331915648,0.1222182317682317,61.652767374339824,LOW,0,0
988_92,RAINFALL_PLUS_25_PERCENT,25.0,15.042780267695775,13.445718642673622,1.5970616250221532,LOW,23.33889331915648,0.05540699317031741,51.49707401258497,LOW,0,0
991_998,RAINFALL_PLUS_25_PERCENT,25.0,41.369265563985564,39.772203938963415,1.5970616250221497,MODERATE,23.33889331915648,0.4975418552036197,71.58775285716656,MODERATE,0,0
992_1158,RAINFALL_PLUS_25_PERCENT,25.0,9.639677115199317,8.042615490177164,1.5970616250221532,LOW,23.33889331915648,0.0012098325531568039,27.274480827058706,LOW,0,0
993_19,RAINFALL_PLUS_25_PERCENT,25.0,11.531846024135293,9.934784399113141,1.5970616250221514,LOW,23.33889331915648,0.016066891590796856,38.024787445716434,LOW,0,0
993_1052,RAINFALL_PLUS_25_PERCENT,25.0,9.968769011684605,8.371707386662452,1.5970616250221532,LOW,23.33889331915648,0.009876560269884522,25.79869954771134,LOW,0,0
997_899,RAINFALL_PLUS_25_PERCENT,25.0,12.708669852133777,11.111608227111624,1.5970616250221532,LOW,23.33889331915648,0.018603903497763783,48.39766917686946,LOW,0,0
999_1162,RAINFALL_PLUS_25_PERCENT,25.0,8.767938613671683,7.170876988649531,1.5970616250221523,LOW,23.33889331915648,2.1798365122615804e-05,19.210514615201177,LOW,0,0
1001_1328,RAINFALL_PLUS_25_PERCENT,25.0,7.656755852985747,6.059694227963595,1.5970616250221523,LOW,23.33889331915648,0.0008789412222654729,7.627258436913241,LOW,0,0
1003_1062,RAINFALL_PLUS_25_PERCENT,25.0,8.619227135889677,7.022165510867524,1.5970616250221532,LOW,23.33889331915648,0.001990052333376584,16.64086015484142,LOW,0,0
1007_87,RAINFALL_PLUS_25_PERCENT,25.0,17.7890699853683,16.19200836034615,1.5970616250221497,LOW,23.33889331915648,0.0768388888888889,67.17242854409591,LOW,0,0
1008_81,RAINFALL_PLUS_25_PERCENT,25.0,17.644924589758475,16.04786296473632,1.5970616250221532,LOW,23.33889331915648,0.08498434343434345,61.25097458799762,LOW,0,0
1009_1179,RAINFALL_PLUS_25_PERCENT,25.0,8.228963140126485,6.631901515104332,1.5970616250221532,LOW,23.33889331915648,2.1798365122615804e-05,13.820759879749184,LOW,0,0
1010_457,RAINFALL_PLUS_25_PERCENT,25.0,11.903246260866212,10.306184635844058,1.5970616250221532,LOW,23.33889331915648,0.045311209756291486,25.654414822003567,LOW,0,0
1011_1108,RAINFALL_PLUS_25_PERCENT,25.0,9.167689387761762,7.570627762739608,1.5970616250221532,LOW,23.33889331915648,0.0002717983651226158,23.070522356101954,LOW,0,0
1014_1107,RAINFALL_PLUS_25_PERCENT,25.0,9.669036116420102,8.07197449139795,1.5970616250221514,LOW,23.33889331915648,0.0048455357388599895,25.56843408712981,LOW,0,0
1016_443,RAINFALL_PLUS_25_PERCENT,25.0,10.739120601363227,9.142058976341076,1.5970616250221514,LOW,23.33889331915648,0.013623862967187216,31.441198960981087,LOW,0,0
1016_619,RAINFALL_PLUS_25_PERCENT,25.0,14.650159870416546,13.053098245394395,1.5970616250221514,LOW,23.33889331915648,0.0357825396825397,58.364319458070405,LOW,0,0
1016_1253,RAINFALL_PLUS_25_PERCENT,25.0,7.9658402272092985,6.368778602187146,1.5970616250221523,LOW,23.33889331915648,0.0034884650317892826,9.282864083910654,LOW,0,0
1016_1530,RAINFALL_PLUS_25_PERCENT,25.0,7.709272175021805,6.112210549999653,1.5970616250221523,LOW,23.33889331915648,6.220240552665621e-05,8.601628006480171,LOW,0,0
1020_1076,RAINFALL_PLUS_25_PERCENT,25.0,8.562039625630941,6.96497800060879,1.5970616250221514,LOW,23.33889331915648,6.220240552665621e-05,17.129302512571538,LOW,0,0
1025_201,RAINFALL_PLUS_25_PERCENT,25.0,19.83860950804491,18.24154788302276,1.5970616250221497,LOW,23.33889331915648,0.11667915972915975,65.75567480871304,LOW,0,0
1026_880,RAINFALL_PLUS_25_PERCENT,25.0,8.89968471455774,7.3026230895355875,1.5970616250221523,LOW,23.33889331915648,0.0018324236838742406,19.53213169874835,LOW,0,0
1026_1098,RAINFALL_PLUS_25_PERCENT,25.0,10.564110145190648,8.967048520168497,1.5970616250221514,LOW,23.33889331915648,0.007571737315061565,33.0197635079244,LOW,0,0
1026_1319,RAINFALL_PLUS_25_PERCENT,25.0,7.798656792371042,6.20159516734889,1.5970616250221523,LOW,23.33889331915648,0.0008789412222654729,9.046267830766192,LOW,0,0
1029_1610,RAINFALL_PLUS_25_PERCENT,25.0,8.861415334881197,7.264353709859046,1.5970616250221514,LOW,23.33889331915648,0.0028384650317892822,18.596115160629655,LOW,0,0
1032_360,RAINFALL_PLUS_25_PERCENT,25.0,9.63179624886088,8.034734623838728,1.5970616250221514,LOW,23.33889331915648,0.011291547186917472,21.650729115105978,LOW,0,0
1034_1025,RAINFALL_PLUS_25_PERCENT,25.0,10.198946518647867,8.601884893625716,1.5970616250221514,LOW,23.33889331915648,0.014351980938214106,25.638993249762688,LOW,0,0
1036_471,RAINFALL_PLUS_25_PERCENT,25.0,10.318372309589906,8.721310684567754,1.5970616250221514,LOW,23.33889331915648,0.01793770399678167,24.861103476970918,LOW,0,0
1039_973,RAINFALL_PLUS_25_PERCENT,25.0,15.767202485990211,14.170140860968058,1.5970616250221532,LOW,23.33889331915648,0.0635066468499711,54.28648667171978,LOW,0,0
1041_497,RAINFALL_PLUS_25_PERCENT,25.0,12.542434330928657,10.945372705906506,1.5970616250221514,LOW,23.33889331915648,0.021795579454657127,44.97989218852694,LOW,0,0
1043_279,RAINFALL_PLUS_25_PERCENT,25.0,28.625114007037162,27.028052382015005,1.5970616250221568,MODERATE,23.33889331915648,0.2600461593961595,74.76886998178566,MODERATE,0,0
1045_181,RAINFALL_PLUS_25_PERCENT,25.0,22.67659185733706,21.07953023231491,1.5970616250221497,LOW,23.33889331915648,0.17650841380841384,61.229408558044774,LOW,0,0
1045_618,RAINFALL_PLUS_25_PERCENT,25.0,13.838709142296144,12.241647517273993,1.5970616250221514,LOW,23.33889331915648,0.06163808652141077,36.0292614154873,LOW,0,0
1046_339,RAINFALL_PLUS_25_PERCENT,25.0,8.879636420290034,7.282574795267882,1.5970616250221514,LOW,23.33889331915648,0.007329459274829562,16.308279181045858,LOW,0,0
1046_1566,RAINFALL_PLUS_25_PERCENT,25.0,7.643393913793468,6.046332288771316,1.5970616250221523,LOW,23.33889331915648,2.1798365122615804e-05,7.965067616419026,LOW,0,0
1050_433,RAINFALL_PLUS_25_PERCENT,25.0,10.769149527460945,9.172087902438793,1.5970616250221514,LOW,23.33889331915648,0.029317011617265767,23.11025646441506,LOW,0,0
1050_1505,RAINFALL_PLUS_25_PERCENT,25.0,8.492972563947367,6.895910938925215,1.5970616250221523,LOW,23.33889331915648,2.1798365122615804e-05,16.46085411795801,LOW,0,0
1050_1612,RAINFALL_PLUS_25_PERCENT,25.0,8.140834547238024,6.5437729222158705,1.5970616250221532,LOW,23.33889331915648,2.1798365122615804e-05,12.939473950864572,LOW,0,0
1051_1104,RAINFALL_PLUS_25_PERCENT,25.0,9.94970834501445,8.352646719992297,1.5970616250221532,LOW,23.33889331915648,0.008216964310288562,26.520870658787572,LOW,0,0
1052_1614,RAINFALL_PLUS_25_PERCENT,25.0,8.351063526469398,6.7540019014472445,1.5970616250221532,LOW,23.33889331915648,0.002490052333376584,13.684224060638625,LOW,0,0
1057_120,RAINFALL_PLUS_25_PERCENT,25.0,12.122729281580735,10.525667656558582,1.5970616250221532,LOW,23.33889331915648,0.01528809523809524,44.361958014156734,LOW,0,0
1057_918,RAINFALL_PLUS_25_PERCENT,25.0,9.08647951488858,7.489417889866429,1.5970616250221514,LOW,23.33889331915648,0.004455059548383799,19.957629976576502,LOW,0,0
1058_278,RAINFALL_PLUS_25_PERCENT,25.0,35.846763040730316,34.24970141570817,1.5970616250221497,MODERATE,23.33889331915648,0.3966679653679652,71.84336703422404,MODERATE,0,0
1059_152,RAINFALL_PLUS_25_PERCENT,25.0,13.244039841986305,11.646978216964154,1.5970616250221514,LOW,23.33889331915648,0.021628471528471527,52.0878566585055,LOW,0,0
1066_289,RAINFALL_PLUS_25_PERCENT,25.0,17.07457860090456,15.47751697588241,1.5970616250221497,LOW,23.33889331915648,0.0843831390831391,55.878177092620874,LOW,0,0
1068_486,RAINFALL_PLUS_25_PERCENT,25.0,10.241101380186649,8.644039755164497,1.5970616250221514,LOW,23.33889331915648,0.009220719869797545,28.882735452779624,LOW,0,0
1068_1321,RAINFALL_PLUS_25_PERCENT,25.0,8.598056709616921,7.000995084594769,1.5970616250221523,LOW,23.33889331915648,0.0026122024055266566,16.08697335243133,LOW,0,0
1074_637,RAINFALL_PLUS_25_PERCENT,25.0,59.19123504974403,57.59417342472188,1.5970616250221497,HIGH,23.33889331915648,0.8279510700315069,68.0823795594133,HIGH,0,0
1077_1335,RAINFALL_PLUS_25_PERCENT,25.0,9.29953446438604,7.702472839363889,1.5970616250221514,LOW,23.33889331915648,0.00024325955233722764,24.404669469376714,LOW,0,0
1078_1103,RAINFALL_PLUS_25_PERCENT,25.0,28.95417691876053,27.35711529373838,1.5970616250221497,MODERATE,23.33889331915648,0.2618212343212343,77.08320789022824,MODERATE,0,0
1082_1562,RAINFALL_PLUS_25_PERCENT,25.0,7.909872499276181,6.312810874254029,1.5970616250221523,LOW,23.33889331915648,0.0005622024055266562,10.332631249023931,LOW,0,0
1082_1567,RAINFALL_PLUS_25_PERCENT,25.0,7.9104885296414995,6.313426904619346,1.5970616250221532,LOW,23.33889331915648,6.220240552665621e-05,10.613791552677107,LOW,0,0
1083_787,RAINFALL_PLUS_25_PERCENT,25.0,12.659314554645245,11.062252929623094,1.5970616250221514,LOW,23.33889331915648,0.019644469172576028,47.33180508083743,LOW,0,0
1083_1321,RAINFALL_PLUS_25_PERCENT,25.0,9.433533552134275,7.836471927112123,1.5970616250221523,LOW,23.33889331915648,0.003722202405526656,23.831241777604866,LOW,0,0
1086_1067,RAINFALL_PLUS_25_PERCENT,25.0,10.936050915078658,9.338989290056507,1.5970616250221514,LOW,23.33889331915648,0.023965447038054116,27.722630859158603,LOW,0,0
1087_302,RAINFALL_PLUS_25_PERCENT,25.0,13.171687546564907,11.574625921542754,1.5970616250221532,LOW,23.33889331915648,0.037941820010144255,42.391992039371495,LOW,0,0
1087_1067,RAINFALL_PLUS_25_PERCENT,25.0,10.957955488878024,9.360893863855873,1.5970616250221514,LOW,23.33889331915648,0.025210685133292218,27.256795644771316,LOW,0,0
1088_1411,RAINFALL_PLUS_25_PERCENT,25.0,7.67691143250815,6.0798498074859975,1.5970616250221523,LOW,23.33889331915648,6.220240552665621e-05,8.278020581343613,LOW,0,0
1091_321,RAINFALL_PLUS_25_PERCENT,25.0,42.95436199696955,41.3573003719474,1.5970616250221497,MODERATE,23.33889331915648,0.5210005361305358,74.5364426772026,MODERATE,0,0
1092_1117,RAINFALL_PLUS_25_PERCENT,25.0,12.737609948562518,11.140548323540367,1.5970616250221514,LOW,23.33889331915648,0.02453759923092348,45.42353748791906,LOW,0,0
1094_201,RAINFALL_PLUS_25_PERCENT,25.0,18.12884939196304,16.531787766940887,1.5970616250221532,LOW,23.33889331915648,0.11661690951978877,48.69231126304836,LOW,0,0
1097_795,RAINFALL_PLUS_25_PERCENT,25.0,15.79713255463025,14.2000709296081,1.5970616250221514,LOW,23.33889331915648,0.06118210678210677,55.864284395445566,LOW,0,0
1100_1252,RAINFALL_PLUS_25_PERCENT,25.0,18.133430686912135,16.53636906188998,1.5970616250221532,LOW,23.33889331915648,0.11790822510822517,48.027900638899276,LOW,0,0
1101_1475,RAINFALL_PLUS_25_PERCENT,25.0,8.382247317647145,6.785185692624993,1.5970616250221523,LOW,23.33889331915648,0.001976592885670561,14.278464668654427,LOW,0,0
1103_337,RAINFALL_PLUS_25_PERCENT,25.0,13.26647428677871,11.669412661756558,1.5970616250221514,LOW,23.33889331915648,0.05973960526410598,31.35107755183058,LOW,0,0
1104_399,RAINFALL_PLUS_25_PERCENT,25.0,9.701620248006726,8.104558622984575,1.5970616250221514,LOW,23.33889331915648,0.00834553573885999,23.96927540299605,LOW,0,0
1107_88,RAINFALL_PLUS_25_PERCENT,25.0,10.575895748181207,8.978834123159054,1.5970616250221532,LOW,23.33889331915648,0.007329792593116844,33.27068913489957,LOW,0,0
1107_435,RAINFALL_PLUS_25_PERCENT,25.0,10.349618697321077,8.752557072298924,1.5970616250221532,LOW,23.33889331915648,0.003610107795804928,33.05374526481983,LOW,0,0
1107_500,RAINFALL_PLUS_25_PERCENT,25.0,13.356242241765504,11.759180616743354,1.5970616250221497,LOW,23.33889331915648,0.05358332718717774,35.63471004400907,LOW,0,0
1109_795,RAINFALL_PLUS_25_PERCENT,25.0,17.052472059106773,15.455410434084621,1.5970616250221514,LOW,23.33889331915648,0.0767780885780886,59.83988945242078,LOW,0,0
1109_1267,RAINFALL_PLUS_25_PERCENT,25.0,13.360937775806475,11.763876150784323,1.5970616250221514,LOW,23.33889331915648,0.049536877730201975,37.90721258575544,LOW,0,0
1110_199,RAINFALL_PLUS_25_PERCENT,25.0,48.53019086287551,46.93312923785335,1.5970616250221568,MODERATE,23.33889331915648,0.6295236567354209,70.60701500357537,MODERATE,0,0
1111_515,RAINFALL_PLUS_25_PERCENT,25.0,11.597179832907454,10.0001182078853,1.5970616250221532,LOW,23.33889331915648,0.024922082875933442,33.80777032661292,LOW,0,0
1111_1100,RAINFALL_PLUS_25_PERCENT,25.0,11.294678727630645,9.697617102608493,1.5970616250221514,LOW,23.33889331915648,0.010157106535213394,38.90349626124087,LOW,0,0
1121_1124,RAINFALL_PLUS_25_PERCENT,25.0,10.363022015021087,8.765960389998936,1.5970616250221514,LOW,23.33889331915648,0.017689999015696147,25.44383827087978,LOW,0,0
1123_788,RAINFALL_PLUS_25_PERCENT,25.0,12.304777450614562,10.707715825592409,1.5970616250221532,LOW,23.33889331915648,0.015203515962593636,46.228958306020886,LOW,0,0
1123_1591,RAINFALL_PLUS_25_PERCENT,25.0,10.906470972014189,9.309409346992037,1.5970616250221514,LOW,23.33889331915648,0.0038192009625252128,38.5072667700548,LOW,0,0
1124_781,RAINFALL_PLUS_25_PERCENT,25.0,51.59018141350304,49.99311978848088,1.5970616250221568,HIGH,23.33889331915648,0.6940805833836523,65.70061085332341,MODERATE,1,1
1135_1482,RAINFALL_PLUS_25_PERCENT,25.0,8.058856805409931,6.461795180387779,1.5970616250221523,LOW,23.33889331915648,6.220240552665621e-05,12.097474310361427,LOW,0,0
1138_1485,RAINFALL_PLUS_25_PERCENT,25.0,8.077672509055098,6.480610884032945,1.5970616250221532,LOW,23.33889331915648,6.220240552665621e-05,12.285631346813092,LOW,0,0
1139_1010,RAINFALL_PLUS_25_PERCENT,25.0,38.468162682205346,36.87110105718319,1.5970616250221568,MODERATE,23.33889331915648,0.47269277746408167,56.24371679611026,MODERATE,0,0
1140_819,RAINFALL_PLUS_25_PERCENT,25.0,31.097003571541187,29.499941946519034,1.5970616250221532,MODERATE,23.33889331915648,0.3162812076812078,68.55848907004929,MODERATE,0,0
1146_1185,RAINFALL_PLUS_25_PERCENT,25.0,8.245070423642373,6.648008798620221,1.5970616250221514,LOW,23.33889331915648,2.1798365122615804e-05,13.981832714908077,LOW,0,0
1148_459,RAINFALL_PLUS_25_PERCENT,25.0,9.505550783142592,7.908489158120439,1.5970616250221532,LOW,23.33889331915648,0.015461555336535307,18.09476997563327,LOW,0,0
1151_1077,RAINFALL_PLUS_25_PERCENT,25.0,8.73401099783255,7.136949372810398,1.5970616250221523,LOW,23.33889331915648,7.659288567056101e-05,18.841101470508477,LOW,0,0
1152_1100,RAINFALL_PLUS_25_PERCENT,25.0,12.414823243886822,10.817761618864672,1.5970616250221497,LOW,23.33889331915648,0.0230549152482395,43.01114663163829,LOW,0,0
1162_368,RAINFALL_PLUS_25_PERCENT,25.0,11.319118095746598,9.722056470724445,1.5970616250221532,LOW,23.33889331915648,0.03169556317929761,27.301738788154072,LOW,0,0
1163_290,RAINFALL_PLUS_25_PERCENT,25.0,7.980715927165352,6.383654302143199,1.5970616250221523,LOW,23.33889331915648,6.220240552665621e-05,11.316065527915633,LOW,0,0
1165_587,RAINFALL_PLUS_25_PERCENT,25.0,8.09546558166372,6.4984039566415674,1.5970616250221532,LOW,23.33889331915648,0.0032551316984559485,10.707450961788211,LOW,0,0
1166_1096,RAINFALL_PLUS_25_PERCENT,25.0,15.027798429947033,13.43073680492488,1.5970616250221532,LOW,23.33889331915648,0.05570993475123908,51.18063776559062,LOW,0,0
1166_1256,RAINFALL_PLUS_25_PERCENT,25.0,12.011124271666272,10.414062646644119,1.5970616250221532,LOW,23.33889331915648,0.020294444444444445,40.49241585152005,LOW,0,0
1167_1345,RAINFALL_PLUS_25_PERCENT,25.0,9.457644394238457,7.860582769216304,1.5970616250221532,LOW,23.33889331915648,0.0018891254824497331,25.080542506338986,LOW,0,0
1167_1471,RAINFALL_PLUS_25_PERCENT,25.0,8.930861510423048,7.333799885400897,1.5970616250221514,LOW,23.33889331915648,2.1798365122615804e-05,20.839743582714824,LOW,0,0
1169_1408,RAINFALL_PLUS_25_PERCENT,25.0,9.623103485637673,8.02604186061552,1.5970616250221532,LOW,23.33889331915648,0.0014724588157830664,26.96430008699781,LOW,0,0
1170_1438,RAINFALL_PLUS_25_PERCENT,25.0,18.0134657334286,16.416404108406446,1.5970616250221532,LOW,23.33889331915648,0.13063492063492066,39.8285685643814,LOW,0,0
1172_572,RAINFALL_PLUS_25_PERCENT,25.0,7.839283163648973,6.24222153862682,1.5970616250221523,LOW,23.33889331915648,2.1798365122615804e-05,9.92396011497407,LOW,0,0
1177_1024,RAINFALL_PLUS_25_PERCENT,25.0,19.066211916157027,17.469150291134873,1.5970616250221532,LOW,23.33889331915648,0.12958398268398272,50.93404626468152,LOW,0,0
1180_41,RAINFALL_PLUS_25_PERCENT,25.0,10.511442619687864,8.914380994665713,1.5970616250221514,LOW,23.33889331915648,0.008671928235252485,31.887983246791556,LOW,0,0
1181_470,RAINFALL_PLUS_25_PERCENT,25.0,8.804759275753092,7.20769765073094,1.5970616250221523,LOW,23.33889331915648,0.006721830980908656,15.893703297332934,LOW,0,0
1182_108,RAINFALL_PLUS_25_PERCENT,25.0,13.309039030951011,11.71197740592886,1.5970616250221514,LOW,23.33889331915648,0.025556682409673126,50.57733256349166,LOW,0,0
1192_259,RAINFALL_PLUS_25_PERCENT,25.0,9.697720780839164,8.100659155817013,1.5970616250221514,LOW,23.33889331915648,0.032080919244243486,10.875819803359517,LOW,0,0
1193_167,RAINFALL_PLUS_25_PERCENT,25.0,12.365338256101289,10.768276631079136,1.5970616250221532,LOW,23.33889331915648,0.024426627367299895,41.76185508829971,LOW,0,0
1196_88,RAINFALL_PLUS_25_PERCENT,25.0,14.936846178018536,13.339784552996383,1.5970616250221532,LOW,23.33889331915648,0.046346825396825386,55.420825391233166,LOW,0,0
1200_189,RAINFALL_PLUS_25_PERCENT,25.0,10.48770980320714,8.890648178184989,1.5970616250221514,LOW,23.33889331915648,0.021253220922242324,24.73094410413991,LOW,0,0
3_1656,RAINFALL_PLUS_50_PERCENT,50.0,10.226285630480154,6.983213461421144,3.24307216905901,LOW,29.922935495303914,0.010009893603217855,11.840426961964926,LOW,0,0
4_988,RAINFALL_PLUS_50_PERCENT,50.0,11.046479415922606,7.803407246863594,3.243072169059012,LOW,29.922935495303914,0.01695086948509603,16.22482808135644,LOW,0,0
5_1571,RAINFALL_PLUS_50_PERCENT,50.0,11.796126053656097,8.553053884597087,3.24307216905901,LOW,29.922935495303914,0.014170283213607467,25.250616908010066,LOW,0,0
10_680,RAINFALL_PLUS_50_PERCENT,50.0,12.13592594154361,8.8928537724846,3.24307216905901,LOW,29.922935495303914,0.028521037330115004,20.755701022806043,LOW,0,0
12_491,RAINFALL_PLUS_50_PERCENT,50.0,10.503732049627974,7.260659880568964,3.24307216905901,LOW,29.922935495303914,0.0007432595523372276,19.711539881427463,LOW,0,0
13_1255,RAINFALL_PLUS_50_PERCENT,50.0,9.264448916374084,6.021376747315074,3.24307216905901,LOW,29.922935495303914,0.001271798365122616,7.028012201856597,LOW,0,0
15_652,RAINFALL_PLUS_50_PERCENT,50.0,28.90172635315743,25.658654184098417,3.243072169059012,MODERATE,29.922935495303914,0.2646531801531802,58.54102658625838,MODERATE,0,0
15_1456,RAINFALL_PLUS_50_PERCENT,50.0,9.901784219030406,6.658712049971395,3.24307216905901,LOW,29.922935495303914,0.005293226936551187,11.1895795141341,LOW,0,0
16_317,RAINFALL_PLUS_50_PERCENT,50.0,12.837763187533387,9.594691018474375,3.243072169059012,LOW,29.922935495303914,0.02200093001778368,31.36013250448603,LOW,0,0
17_355,RAINFALL_PLUS_50_PERCENT,50.0,19.468820190335215,16.225748021276203,3.243072169059012,LOW,29.922935495303914,0.12125802139037431,43.07930227757947,LOW,0,0
20_1290,RAINFALL_PLUS_50_PERCENT,50.0,9.446025037677616,6.202952868618606,3.24307216905901,LOW,29.922935495303914,2.1798365122615804e-05,9.53127341489193,LOW,0,0
20_1453,RAINFALL_PLUS_50_PERCENT,50.0,9.810401579628536,6.567329410569526,3.24307216905901,LOW,29.922935495303914,0.0030122024055266564,11.530316612178892,LOW,0,0
23_244,RAINFALL_PLUS_50_PERCENT,50.0,23.131928213578128,19.888856044519116,3.243072169059012,LOW,29.922935495303914,0.15265384060384068,62.442681942602064,LOW,0,0
27_1200,RAINFALL_PLUS_50_PERCENT,50.0,9.600925626789447,6.357853457730437,3.24307216905901,LOW,29.922935495303914,0.009902353920678173,5.645973750454671,LOW,0,0
29_729,RAINFALL_PLUS_50_PERCENT,50.0,13.58222069295254,10.339148523893527,3.243072169059012,LOW,29.922935495303914,0.021154835149163456,39.27005973641868,LOW,0,0
31_874,RAINFALL_PLUS_50_PERCENT,50.0,11.959499302061115,8.716427133002103,3.243072169059012,LOW,29.922935495303914,0.019150136366990034,24.145430157699817,LOW,0,0
31_1025,RAINFALL_PLUS_50_PERCENT,50.0,10.12121288854518,6.87814071948617,3.24307216905901,LOW,29.922935495303914,0.002457848943546076,14.943324105434662,LOW,0,0
32_1418,RAINFALL_PLUS_50_PERCENT,50.0,9.53079788783901,6.28772571878,3.243072169059009,LOW,29.922935495303914,6.220240552665621e-05,10.356779694283638,LOW,0,0
33_13,RAINFALL_PLUS_50_PERCENT,50.0,37.46457652984587,34.22150436078686,3.243072169059012,MODERATE,29.922935495303914,0.42607817259645286,55.3857825093428,MODERATE,0,0
33_708,RAINFALL_PLUS_50_PERCENT,50.0,11.07740008343582,7.834327914376811,3.24307216905901,LOW,29.922935495303914,0.002305535738859989,24.58896831691842,LOW,0,0
39_194,RAINFALL_PLUS_50_PERCENT,50.0,21.303732074267757,18.060659905208745,3.243072169059012,LOW,29.922935495303914,0.13008316128316136,56.574594175871994,LOW,0,0
40_15,RAINFALL_PLUS_50_PERCENT,50.0,18.604591608057834,15.361519438998823,3.243072169059012,LOW,29.922935495303914,0.09287720998807955,50.04646272606777,LOW,0,0
41_966,RAINFALL_PLUS_50_PERCENT,50.0,15.202890226620788,11.959818057561776,3.243072169059012,LOW,29.922935495303914,0.0448966596305199,42.418751608355116,LOW,0,0
44_642,RAINFALL_PLUS_50_PERCENT,50.0,15.884404214811308,12.641332045752296,3.243072169059012,LOW,29.922935495303914,0.041961585799910044,50.84818209709573,LOW,0,0
44_777,RAINFALL_PLUS_50_PERCENT,50.0,11.522105981847666,8.279033812788654,3.243072169059012,LOW,29.922935495303914,0.015493630976955228,21.782574920084475,LOW,0,0
44_843,RAINFALL_PLUS_50_PERCENT,50.0,11.627071113350581,8.383998944291571,3.24307216905901,LOW,29.922935495303914,0.002386849295926971,30.040956159679183,LOW,0,0
44_1523,RAINFALL_PLUS_50_PERCENT,50.0,20.016655533576813,16.7735833645178,3.243072169059012,LOW,29.922935495303914,0.09867409812409811,60.97881350644736,LOW,0,0
47_1039,RAINFALL_PLUS_50_PERCENT,50.0,10.790634923641347,7.547562754582336,3.243072169059011,LOW,29.922935495303914,7.659288567056101e-05,22.94723528822786,LOW,0,0
51_586,RAINFALL_PLUS_50_PERCENT,50.0,11.098013500425072,7.854941331366061,3.243072169059011,LOW,29.922935495303914,0.006375402409480087,22.556675817969865,LOW,0,0
51_1520,RAINFALL_PLUS_50_PERCENT,50.0,13.923492192465687,10.680420023406677,3.24307216905901,LOW,29.922935495303914,0.014060125738232598,46.58486490756214,LOW,0,0
52_235,RAINFALL_PLUS_50_PERCENT,50.0,32.07045664789712,28.82738447883811,3.2430721690590083,MODERATE,29.922935495303914,0.3170483753834817,61.41097215698944,MODERATE,0,0
53_566,RAINFALL_PLUS_50_PERCENT,50.0,34.32313885751786,31.08006668845885,3.243072169059012,MODERATE,29.922935495303914,0.35867724022354464,61.041918591162236,MODERATE,0,0
53_801,RAINFALL_PLUS_50_PERCENT,50.0,10.433668633635529,7.190596464576519,3.24307216905901,LOW,29.922935495303914,0.0006665180522151843,19.05311354657014,LOW,0,0
59_1544,RAINFALL_PLUS_50_PERCENT,50.0,13.495422135698352,10.252349966639342,3.24307216905901,LOW,29.922935495303914,0.012348902334599466,43.24533721188701,LOW,0,0
61_1203,RAINFALL_PLUS_50_PERCENT,50.0,9.132793841948317,5.889721672889307,3.24307216905901,LOW,29.922935495303914,6.220240552665621e-05,6.376739235376712,LOW,0,0
62_218,RAINFALL_PLUS_50_PERCENT,50.0,55.89018166615454,52.64710949709553,3.243072169059012,HIGH,29.922935495303914,0.7532799020424019,59.68088267715756,HIGH,0,0
62_993,RAINFALL_PLUS_50_PERCENT,50.0,21.15335093817398,17.910278769114967,3.243072169059012,LOW,29.922935495303914,0.12600526695526706,57.3136246952761,LOW,0,0
62_1076,RAINFALL_PLUS_50_PERCENT,50.0,11.224035099988978,7.980962930929969,3.243072169059009,LOW,29.922935495303914,0.005881354790432465,24.088618004085134,LOW,0,0
67_1132,RAINFALL_PLUS_50_PERCENT,50.0,9.506851967257175,6.263779798198166,3.243072169059009,LOW,29.922935495303914,2.1798365122615804e-05,10.13954271068752,LOW,0,0
69_27,RAINFALL_PLUS_50_PERCENT,50.0,38.65365543043894,35.41058326137993,3.243072169059012,MODERATE,29.922935495303914,0.4316771766880461,64.19711926489717,MODERATE,0,0
70_593,RAINFALL_PLUS_50_PERCENT,50.0,11.303263679760532,8.060191510701522,3.24307216905901,LOW,29.922935495303914,0.0077376713809956315,23.859929676990923,LOW,0,0
80_1256,RAINFALL_PLUS_50_PERCENT,50.0,9.801516495873209,6.5584443268141985,3.24307216905901,LOW,29.922935495303914,0.001853869072193323,12.078549107958953,LOW,0,0
83_532,RAINFALL_PLUS_50_PERCENT,50.0,19.165374117736263,15.922301948677251,3.243072169059012,LOW,29.922935495303914,0.09999597500547575,51.73896706328416,LOW,0,0
84_1435,RAINFALL_PLUS_50_PERCENT,50.0,14.354826673630509,11.111754504571497,3.243072169059012,LOW,29.922935495303914,0.027937445887445886,43.26568363714304,LOW,0,0
85_1002,RAINFALL_PLUS_50_PERCENT,50.0,12.182516541040481,8.93944437198147,3.243072169059012,LOW,29.922935495303914,0.020893154786479042,25.416942416774525,LOW,0,0
87_1024,RAINFALL_PLUS_50_PERCENT,50.0,25.08597584237667,21.842903673317657,3.243072169059012,MODERATE,29.922935495303914,0.19513067946546214,58.620896856695715,LOW,1,1
92_891,RAINFALL_PLUS_50_PERCENT,50.0,10.395831954249338,7.152759785190327,3.243072169059012,LOW,29.922935495303914,0.00014438949584005253,18.96191745871454,LOW,0,0
93_93,RAINFALL_PLUS_50_PERCENT,50.0,53.11488095131668,49.87180878225767,3.2430721690590048,HIGH,29.922935495303914,0.6908721354125282,66.25214717520944,MODERATE,1,1
93_428,RAINFALL_PLUS_50_PERCENT,50.0,11.79728001719683,8.55420784813782,3.24307216905901,LOW,29.922935495303914,0.0016535159625936378,32.146378531474994,LOW,0,0
94_580,RAINFALL_PLUS_50_PERCENT,50.0,13.12388593505314,9.88081376599413,3.24307216905901,LOW,29.922935495303914,0.023897506122760263,33.17824312194645,LOW,0,0
96_631,RAINFALL_PLUS_50_PERCENT,50.0,11.283315619298481,8.040243450239469,3.243072169059012,LOW,29.922935495303914,0.006606030115107789,24.282851768608708,LOW,0,0
97_1012,RAINFALL_PLUS_50_PERCENT,50.0,18.899100129349783,15.656027960290773,3.24307216905901,LOW,29.922935495303914,0.08180393981969322,59.08184653159976,LOW,0,0
101_401,RAINFALL_PLUS_50_PERCENT,50.0,19.309249014016295,16.066176844957283,3.243072169059012,LOW,29.922935495303914,0.1135609575846149,45.71697560755793,LOW,0,0
102_554,RAINFALL_PLUS_50_PERCENT,50.0,13.677448998297159,10.434376829238147,3.243072169059012,LOW,29.922935495303914,0.01243859793809866,45.01627325595051,LOW,0,0
102_1442,RAINFALL_PLUS_50_PERCENT,50.0,10.321798051420714,7.078725882361703,3.243072169059011,LOW,29.922935495303914,0.0015932269365511874,17.424717838037182,LOW,0,0
104_1297,RAINFALL_PLUS_50_PERCENT,50.0,13.37302837636598,10.129956207306968,3.243072169059012,LOW,29.922935495303914,0.01255351596259364,41.90886212316647,LOW,0,0
105_74,RAINFALL_PLUS_50_PERCENT,50.0,25.24544192046494,22.00236975140593,3.243072169059012,MODERATE,29.922935495303914,0.20383347338935567,55.42902097943696,LOW,1,1
107_1391,RAINFALL_PLUS_50_PERCENT,50.0,9.577181987259454,6.334109818200445,3.243072169059009,LOW,29.922935495303914,2.1798365122615804e-05,10.842842910710315,LOW,0,0
110_97,RAINFALL_PLUS_50_PERCENT,50.0,31.195650601894762,27.95257843283575,3.243072169059012,MODERATE,29.922935495303914,0.272133116883117,77.36630387216645,MODERATE,0,0
110_951,RAINFALL_PLUS_50_PERCENT,50.0,9.637278879355858,6.394206710296848,3.24307216905901,LOW,29.922935495303914,2.1798365122615804e-05,11.44381183167434,LOW,0,0
111_1425,RAINFALL_PLUS_50_PERCENT,50.0,9.804847827169546,6.561775658110536,3.24307216905901,LOW,29.922935495303914,6.220240552665621e-05,13.097279087588992,LOW,0,0
112_1345,RAINFALL_PLUS_50_PERCENT,50.0,9.788269975183413,6.545197806124402,3.243072169059011,LOW,29.922935495303914,0.004664980183304434,10.399972789949882,LOW,0,0
114_1106,RAINFALL_PLUS_50_PERCENT,50.0,11.246384040305875,8.003311871246865,3.24307216905901,LOW,29.922935495303914,0.011193259552337229,21.39055978820647,LOW,0,0
118_1383,RAINFALL_PLUS_50_PERCENT,50.0,9.41351257483541,6.1704404057764,3.24307216905901,LOW,29.922935495303914,2.1798365122615804e-05,9.206148786469862,LOW,0,0
122_433,RAINFALL_PLUS_50_PERCENT,50.0,34.23101133662236,30.987939167563347,3.243072169059012,MODERATE,29.922935495303914,0.359889707756012,59.45378623935016,MODERATE,0,0
125_958,RAINFALL_PLUS_50_PERCENT,50.0,9.67391016992017,6.43083800086116,3.24307216905901,LOW,29.922935495303914,0.002221798365122616,10.600124737317461,LOW,0,0
126_1544,RAINFALL_PLUS_50_PERCENT,50.0,12.7456990650317,9.50262689597269,3.24307216905901,LOW,29.922935495303914,0.019135301528625782,32.015586948506005,LOW,0,0
130_1126,RAINFALL_PLUS_50_PERCENT,50.0,11.28912519171229,8.046053022653279,3.243072169059012,LOW,29.922935495303914,0.014258703127027378,20.13197733619104,LOW,0,0
132_516,RAINFALL_PLUS_50_PERCENT,50.0,16.8057187721466,13.56264660308759,3.243072169059012,LOW,29.922935495303914,0.07538644482976907,41.6776552040262,LOW,0,0
134_1295,RAINFALL_PLUS_50_PERCENT,50.0,11.333927196999433,8.090855027940423,3.24307216905901,LOW,29.922935495303914,0.000576592885670561,28.10515802180872,LOW,0,0
138_675,RAINFALL_PLUS_50_PERCENT,50.0,15.69766653330186,12.454594364242848,3.243072169059012,LOW,29.922935495303914,0.06296703646036071,37.42780741875339,LOW,0,0
140_27,RAINFALL_PLUS_50_PERCENT,50.0,13.523730624576103,10.280658455517091,3.243072169059012,LOW,29.922935495303914,0.02994229372489464,33.85205683600217,LOW,0,0
141_1564,RAINFALL_PLUS_50_PERCENT,50.0,10.61529307487066,7.37222090581165,3.24307216905901,LOW,29.922935495303914,7.659288567056101e-05,21.193816800520995,LOW,0,0
142_942,RAINFALL_PLUS_50_PERCENT,50.0,9.941959648147076,6.698887479088065,3.243072169059011,LOW,29.922935495303914,0.004199118784815916,12.193093288755206,LOW,0,0
149_687,RAINFALL_PLUS_50_PERCENT,50.0,19.59085704522792,16.34778487616891,3.243072169059012,LOW,29.922935495303914,0.11743242107574534,46.403750999552464,LOW,0,0
150_686,RAINFALL_PLUS_50_PERCENT,50.0,22.259479072165597,19.016406903106585,3.243072169059012,LOW,29.922935495303914,0.1580890755323997,50.728811317769306,LOW,0,0
150_1110,RAINFALL_PLUS_50_PERCENT,50.0,12.10035105478768,8.857278885728668,3.243072169059012,LOW,29.922935495303914,0.011683217334667893,29.660753152742654,LOW,0,0
154_105,RAINFALL_PLUS_50_PERCENT,50.0,24.81454601880135,21.57147384974234,3.243072169059012,LOW,29.922935495303914,0.1493187978687979,81.10313349910784,LOW,0,0
156_103,RAINFALL_PLUS_50_PERCENT,50.0,34.36013404762431,31.117061878565295,3.243072169059012,MODERATE,29.922935495303914,0.33376986882848986,75.11092475950682,MODERATE,0,0
156_878,RAINFALL_PLUS_50_PERCENT,50.0,12.990322208092461,9.74725003903345,3.243072169059012,LOW,29.922935495303914,0.0158654207244984,36.26025282138368,LOW,0,0
158_1490,RAINFALL_PLUS_50_PERCENT,50.0,10.809359864451615,7.566287695392604,3.243072169059011,LOW,29.922935495303914,0.0028645833579076085,21.601089936600157,LOW,0,0
159_757,RAINFALL_PLUS_50_PERCENT,50.0,9.800740456256234,6.557668287197224,3.24307216905901,LOW,29.922935495303914,0.0028991187848159163,11.49590136984678,LOW,0,0
160_1535,RAINFALL_PLUS_50_PERCENT,50.0,10.403335218156107,7.160263049097097,3.24307216905901,LOW,29.922935495303914,6.220240552665621e-05,19.082152997454603,LOW,0,0
162_836,RAINFALL_PLUS_50_PERCENT,50.0,9.9363920806901,6.6933199116310895,3.24307216905901,LOW,29.922935495303914,0.003471798365122616,12.53744384501676,LOW,0,0
163_823,RAINFALL_PLUS_50_PERCENT,50.0,9.554232895287006,6.311160726227996,3.24307216905901,LOW,29.922935495303914,2.1798365122615804e-05,10.61335199098583,LOW,0,0
165_1205,RAINFALL_PLUS_50_PERCENT,50.0,9.459982972088717,6.216910803029707,3.24307216905901,LOW,29.922935495303914,0.0028955357388599895,8.090297203447383,LOW,0,0
167_997,RAINFALL_PLUS_50_PERCENT,50.0,9.42850723193955,6.18543506288054,3.24307216905901,LOW,29.922935495303914,6.220240552665621e-05,9.333873135289041,LOW,0,0
169_250,RAINFALL_PLUS_50_PERCENT,50.0,19.31878247589429,16.07571030683528,3.243072169059012,LOW,29.922935495303914,0.09116066319301615,58.132472141717216,LOW,0,0
171_726,RAINFALL_PLUS_50_PERCENT,50.0,10.799128512676594,7.556056343617584,3.24307216905901,LOW,29.922935495303914,0.0028099262190038944,21.528837845246997,LOW,0,0
173_1302,RAINFALL_PLUS_50_PERCENT,50.0,9.786221365889253,6.543149196830242,3.24307216905901,LOW,29.922935495303914,2.1798365122615804e-05,12.933236697008288,LOW,0,0
175_1422,RAINFALL_PLUS_50_PERCENT,50.0,9.444612577197491,6.201540408138481,3.24307216905901,LOW,29.922935495303914,2.1798365122615804e-05,9.517148810090678,LOW,0,0
176_65,RAINFALL_PLUS_50_PERCENT,50.0,22.70507816806402,19.462005999005008,3.243072169059012,LOW,29.922935495303914,0.15607438672438673,56.29288112116069,LOW,0,0
177_441,RAINFALL_PLUS_50_PERCENT,50.0,12.830434691599915,9.587362522540904,3.243072169059012,LOW,29.922935495303914,0.0070864431803034636,39.48981530576543,LOW,0,0
179_140,RAINFALL_PLUS_50_PERCENT,50.0,20.542082290111445,17.299010121052433,3.243072169059012,LOW,29.922935495303914,0.12491923463010422,51.798255993490294,LOW,0,0
179_393,RAINFALL_PLUS_50_PERCENT,50.0,14.81832463193119,11.57525246287218,3.24307216905901,LOW,29.922935495303914,0.03125253264639294,46.077365502728995,LOW,0,0
181_409,RAINFALL_PLUS_50_PERCENT,50.0,17.87968219198172,14.636610022922707,3.243072169059012,LOW,29.922935495303914,0.06724578826411252,56.894650513488486,LOW,0,0
182_1213,RAINFALL_PLUS_50_PERCENT,50.0,10.256285216475769,7.013213047416758,3.243072169059011,LOW,29.922935495303914,0.01701544915877341,8.287367266365512,LOW,0,0
183_57,RAINFALL_PLUS_50_PERCENT,50.0,16.317467391757578,13.074395222698568,3.24307216905901,LOW,29.922935495303914,0.0520562092440987,49.62677097225469,LOW,0,0
183_521,RAINFALL_PLUS_50_PERCENT,50.0,52.421958636430695,49.17888646737169,3.2430721690590048,HIGH,29.922935495303914,0.6647050316350317,73.71483110397273,MODERATE,1,1
185_39,RAINFALL_PLUS_50_PERCENT,50.0,56.70497230400688,53.461900134947875,3.2430721690590048,HIGH,29.922935495303914,0.7379189114806765,76.27733386462998,HIGH,0,0
186_549,RAINFALL_PLUS_50_PERCENT,50.0,60.17965559024047,56.93658342118146,3.243072169059012,HIGH,29.922935495303914,0.8318299940064042,59.373071337815674,HIGH,0,0
186_772,RAINFALL_PLUS_50_PERCENT,50.0,9.922006041530466,6.678933872471456,3.24307216905901,LOW,29.922935495303914,0.0005217983651226158,14.016083453420425,LOW,0,0
188_63,RAINFALL_PLUS_50_PERCENT,50.0,55.12824361296646,51.885171443907446,3.243072169059012,HIGH,29.922935495303914,0.7166015648184371,72.2345876184574,HIGH,0,0
189_1397,RAINFALL_PLUS_50_PERCENT,50.0,9.389703838264746,6.146631669205735,3.243072169059011,LOW,29.922935495303914,0.0012217983651226158,8.308061420763211,LOW,0,0
190_534,RAINFALL_PLUS_50_PERCENT,50.0,53.99836724305281,50.75529507399381,3.2430721690590048,HIGH,29.922935495303914,0.719805439055364,59.17369308901117,HIGH,0,0
190_544,RAINFALL_PLUS_50_PERCENT,50.0,64.38114362494025,61.138071455881246,3.2430721690590048,HIGH,29.922935495303914,0.9086839068025796,59.1182996469169,HIGH,0,0
191_528,RAINFALL_PLUS_50_PERCENT,50.0,61.478566424747704,58.2354942556887,3.2430721690590048,HIGH,29.922935495303914,0.8439483245313933,65.69709789414394,HIGH,0,0
191_1609,RAINFALL_PLUS_50_PERCENT,50.0,13.839918179410377,10.596846010351365,3.243072169059012,LOW,29.922935495303914,0.017152864044168395,44.04811870874434,LOW,0,0
193_412,RAINFALL_PLUS_50_PERCENT,50.0,65.81186592120885,62.568793752149844,3.2430721690590048,HIGH,29.922935495303914,0.9118066859066865,71.7079941023442,HIGH,0,0
194_1163,RAINFALL_PLUS_50_PERCENT,50.0,9.524243814986919,6.281171645927909,3.24307216905901,LOW,29.922935495303914,0.0006884650317892824,9.946794521318283,LOW,0,0
196_414,RAINFALL_PLUS_50_PERCENT,50.0,67.78568234741338,64.54261017835438,3.2430721690590048,HIGH,29.922935495303914,0.9583068586443587,65.87106335866983,HIGH,0,0
197_397,RAINFALL_PLUS_50_PERCENT,50.0,66.64561254244455,63.402540373385534,3.243072169059019,HIGH,29.922935495303914,0.9303940767409482,69.82239535585722,HIGH,0,0
197_413,RAINFALL_PLUS_50_PERCENT,50.0,66.3694988278929,63.12642665883388,3.243072169059019,HIGH,29.922935495303914,0.9292019255370325,67.71694137249429,HIGH,0,0
198_373,RAINFALL_PLUS_50_PERCENT,50.0,18.757831921493903,15.51475975243489,3.2430721690590136,LOW,29.922935495303914,0.10334901780651744,45.81937156028759,LOW,0,0
198_399,RAINFALL_PLUS_50_PERCENT,50.0,70.24562390471255,67.00255173565354,3.2430721690590048,HIGH,29.922935495303914,0.9959666666666667,69.75758451939203,HIGH,0,0
199_37,RAINFALL_PLUS_50_PERCENT,50.0,17.021648786703487,13.778576617644479,3.2430721690590083,LOW,29.922935495303914,0.05813587583354788,53.32476829751675,LOW,0,0
199_399,RAINFALL_PLUS_50_PERCENT,50.0,66.84039526335123,63.59732309429221,3.243072169059019,HIGH,29.922935495303914,0.9347888774739838,69.3530821617543,HIGH,0,0
199_400,RAINFALL_PLUS_50_PERCENT,50.0,70.1749124388714,66.9318402698124,3.2430721690590048,HIGH,29.922935495303914,0.9955194444444445,69.29644208320282,HIGH,0,0
199_415,RAINFALL_PLUS_50_PERCENT,50.0,64.29263902930239,61.04956686024339,3.2430721690590048,HIGH,29.922935495303914,0.8926431938431935,67.05564581820072,HIGH,0,0
199_995,RAINFALL_PLUS_50_PERCENT,50.0,9.211811432390398,5.968739263331388,3.24307216905901,LOW,29.922935495303914,2.1798365122615804e-05,7.18913736201975,LOW,0,0
200_397,RAINFALL_PLUS_50_PERCENT,50.0,65.80414031605801,62.56106814699899,3.243072169059019,HIGH,29.922935495303914,0.9216723889749325,66.20460136330041,HIGH,0,0
200_550,RAINFALL_PLUS_50_PERCENT,50.0,63.72927270851935,60.48620053946034,3.243072169059012,HIGH,29.922935495303914,0.8970103923888394,59.02002341026504,HIGH,0,0
201_401,RAINFALL_PLUS_50_PERCENT,50.0,67.93755257811979,64.69448040906079,3.2430721690590048,HIGH,29.922935495303914,0.9608365176567081,65.99845320894174,HIGH,0,0
202_1166,RAINFALL_PLUS_50_PERCENT,50.0,9.48571010172354,6.242637932664531,3.24307216905901,LOW,29.922935495303914,0.0006884650317892824,9.561457388684504,LOW,0,0
202_1269,RAINFALL_PLUS_50_PERCENT,50.0,9.598343500585232,6.355271331526222,3.24307216905901,LOW,29.922935495303914,0.0018122024055266563,10.069735821745866,LOW,0,0
203_393,RAINFALL_PLUS_50_PERCENT,50.0,68.07628403863566,64.83321186957666,3.2430721690590048,HIGH,29.922935495303914,0.9721830135627629,61.145195065770196,HIGH,0,0
204_389,RAINFALL_PLUS_50_PERCENT,50.0,68.4132757584275,65.17020358936848,3.243072169059019,HIGH,29.922935495303914,0.9751711698509193,62.871626305202625,HIGH,0,0
204_786,RAINFALL_PLUS_50_PERCENT,50.0,12.531473909438786,9.288401740379776,3.24307216905901,LOW,29.922935495303914,0.00771638710971136,36.15373832297981,LOW,0,0
206_941,RAINFALL_PLUS_50_PERCENT,50.0,9.492391868825035,6.249319699766023,3.243072169059012,LOW,29.922935495303914,0.0012217983651226158,9.334941726366097,LOW,0,0
206_1313,RAINFALL_PLUS_50_PERCENT,50.0,9.340930967296451,6.09785879823744,3.243072169059011,LOW,29.922935495303914,0.0006884650317892824,8.113666044413598,LOW,0,0
207_398,RAINFALL_PLUS_50_PERCENT,50.0,66.0235675301393,62.78049536108029,3.243072169059012,HIGH,29.922935495303914,0.9300326902636821,63.8007077953011,HIGH,0,0
207_551,RAINFALL_PLUS_50_PERCENT,50.0,66.43114714133881,63.1880749722798,3.243072169059012,HIGH,29.922935495303914,0.9497190121862925,57.049026849860454,HIGH,0,0
208_541,RAINFALL_PLUS_50_PERCENT,50.0,67.70083282832229,64.45776065926329,3.2430721690590048,HIGH,29.922935495303914,0.9723897574682051,57.27697381464336,HIGH,0,0
208_542,RAINFALL_PLUS_50_PERCENT,50.0,67.99596338086076,64.75289121180175,3.2430721690590048,HIGH,29.922935495303914,0.9752540431824903,58.65292219717105,HIGH,0,0
208_550,RAINFALL_PLUS_50_PERCENT,50.0,67.37184211490926,64.12876994585024,3.243072169059019,HIGH,29.922935495303914,0.9671664480202271,56.8598868769009,HIGH,0,0
209_1184,RAINFALL_PLUS_50_PERCENT,50.0,9.267492822716212,6.024420653657203,3.243072169059009,LOW,29.922935495303914,2.1798365122615804e-05,7.745951265277894,LOW,0,0
209_1258,RAINFALL_PLUS_50_PERCENT,50.0,9.385801264430254,6.142729095371245,3.243072169059009,LOW,29.922935495303914,2.1798365122615804e-05,8.929035682418315,LOW,0,0
209_1337,RAINFALL_PLUS_50_PERCENT,50.0,9.18969654350161,5.9466243744425995,3.24307216905901,LOW,29.922935495303914,6.220240552665621e-05,6.945766250909635,LOW,0,0
212_536,RAINFALL_PLUS_50_PERCENT,50.0,62.46160101851569,59.218528849456675,3.243072169059012,HIGH,29.922935495303914,0.8797771307981845,55.82160038508862,HIGH,0,0
212_538,RAINFALL_PLUS_50_PERCENT,50.0,68.37130009162422,65.1282279225652,3.243072169059019,HIGH,29.922935495303914,0.9818262654047125,58.7915670825835,HIGH,0,0
213_922,RAINFALL_PLUS_50_PERCENT,50.0,9.559406029253823,6.3163338601948125,3.243072169059011,LOW,29.922935495303914,0.0012217983651226158,10.005083330653994,LOW,0,0
214_536,RAINFALL_PLUS_50_PERCENT,50.0,60.78954790038138,57.546475731322374,3.2430721690590048,HIGH,29.922935495303914,0.8519708522067992,54.39452242900741,HIGH,0,0
214_923,RAINFALL_PLUS_50_PERCENT,50.0,9.477379064450552,6.234306895391543,3.243072169059009,LOW,29.922935495303914,6.220240552665621e-05,9.822591460399071,LOW,0,0
216_668,RAINFALL_PLUS_50_PERCENT,50.0,11.025799414560765,7.782727245501755,3.24307216905901,LOW,29.922935495303914,0.015555131698455954,16.78568385039008,LOW,0,0
218_793,RAINFALL_PLUS_50_PERCENT,50.0,11.575571904961885,8.332499735902875,3.24307216905901,LOW,29.922935495303914,0.0008201826292603046,30.387630742458892,LOW,0,0
221_1601,RAINFALL_PLUS_50_PERCENT,50.0,10.187755815396985,6.944683646337974,3.243072169059011,LOW,29.922935495303914,7.659288567056101e-05,16.91844420578423,LOW,0,0
222_1036,RAINFALL_PLUS_50_PERCENT,50.0,9.73906271855904,6.4959905495000285,3.243072169059012,LOW,29.922935495303914,0.003562202405526656,10.514428001483928,LOW,0,0
223_498,RAINFALL_PLUS_50_PERCENT,50.0,67.05827214083187,63.81519997177286,3.243072169059012,HIGH,29.922935495303914,0.9461307780371888,65.29380562679813,HIGH,0,0
223_591,RAINFALL_PLUS_50_PERCENT,50.0,11.313871383289715,8.070799214230705,3.24307216905901,LOW,29.922935495303914,0.011548021457099131,21.870314170425825,LOW,0,0
224_1401,RAINFALL_PLUS_50_PERCENT,50.0,9.497466961188799,6.254394792129789,3.24307216905901,LOW,29.922935495303914,6.220240552665621e-05,10.023470427781529,LOW,0,0
225_41,RAINFALL_PLUS_50_PERCENT,50.0,22.33002307936367,19.08695091030466,3.2430721690590083,LOW,29.922935495303914,0.15550206688736098,52.85710614452136,LOW,0,0
225_934,RAINFALL_PLUS_50_PERCENT,50.0,9.389789980063844,6.146717811004834,3.24307216905901,LOW,29.922935495303914,0.001021798365122616,8.418922838754202,LOW,0,0
226_699,RAINFALL_PLUS_50_PERCENT,50.0,10.298436441052987,7.055364271993976,3.243072169059011,LOW,29.922935495303914,7.659288567056101e-05,18.025250462344253,LOW,0,0
227_1644,RAINFALL_PLUS_50_PERCENT,50.0,11.995503953544409,8.752431784485399,3.24307216905901,LOW,29.922935495303914,0.011013140356464609,28.980824478321747,LOW,0,0
228_721,RAINFALL_PLUS_50_PERCENT,50.0,10.372485523572923,7.129413354513913,3.24307216905901,LOW,29.922935495303914,0.0011443894958400526,18.178453151950396,LOW,0,0
231_1310,RAINFALL_PLUS_50_PERCENT,50.0,9.170489638036445,5.927417468977435,3.24307216905901,LOW,29.922935495303914,6.220240552665621e-05,6.7536971962579875,LOW,0,0
234_382,RAINFALL_PLUS_50_PERCENT,50.0,66.43680054206537,63.193728373006365,3.2430721690590048,HIGH,29.922935495303914,0.9387124098124099,63.1591921627614,HIGH,0,0
236_1344,RAINFALL_PLUS_50_PERCENT,50.0,9.212483767586766,5.969411598527756,3.24307216905901,LOW,29.922935495303914,0.0008789412222654729,6.724432142554859,LOW,0,0
237_46,RAINFALL_PLUS_50_PERCENT,50.0,14.90580361339041,11.6627314443314,3.24307216905901,LOW,29.922935495303914,0.04199396071887981,41.04436987745339,LOW,0,0
240_1004,RAINFALL_PLUS_50_PERCENT,50.0,9.299331006919143,6.056258837860132,3.243072169059011,LOW,29.922935495303914,0.0019733135166377673,6.990999773973855,LOW,0,0
243_522,RAINFALL_PLUS_50_PERCENT,50.0,66.30141210322284,63.05833993416383,3.243072169059012,HIGH,29.922935495303914,0.9327012195980912,65.11146239221155,HIGH,0,0
244_467,RAINFALL_PLUS_50_PERCENT,50.0,10.359267478086613,7.116195309027602,3.243072169059011,LOW,29.922935495303914,0.0008217983651226158,18.223697818981883,LOW,0,0
244_1007,RAINFALL_PLUS_50_PERCENT,50.0,9.369686211532773,6.126614042473763,3.24307216905901,LOW,29.922935495303914,0.0030983135166377674,7.075801820110163,LOW,0,0
244_1230,RAINFALL_PLUS_50_PERCENT,50.0,9.100752599771937,5.857680430712927,3.24307216905901,LOW,29.922935495303914,2.1798365122615804e-05,6.078549035835132,LOW,0,0
245_766,RAINFALL_PLUS_50_PERCENT,50.0,20.433383236131544,17.190311067072532,3.243072169059012,LOW,29.922935495303914,0.12135202020202025,52.673233389137486,LOW,0,0
246_43,RAINFALL_PLUS_50_PERCENT,50.0,17.290141562273043,14.04706939321403,3.243072169059012,LOW,29.922935495303914,0.07344607777843074,47.58908498352671,LOW,0,0
246_358,RAINFALL_PLUS_50_PERCENT,50.0,68.40466055179365,65.16158838273465,3.2430721690590048,HIGH,29.922935495303914,0.9733938285091674,63.76301197682768,HIGH,0,0
246_1003,RAINFALL_PLUS_50_PERCENT,50.0,9.345201434952681,6.102129265893672,3.243072169059009,LOW,29.922935495303914,0.0031733135166377665,6.789704054309246,LOW,0,0
247_358,RAINFALL_PLUS_50_PERCENT,50.0,69.48465212101671,66.2415799519577,3.2430721690590048,HIGH,29.922935495303914,0.996582622139765,61.80909117222948,HIGH,0,0
247_361,RAINFALL_PLUS_50_PERCENT,50.0,67.50580374290413,64.26273157384513,3.2430721690590048,HIGH,29.922935495303914,0.9612636739737805,61.44602888239532,HIGH,0,0
247_523,RAINFALL_PLUS_50_PERCENT,50.0,69.6850347785083,66.44196260944928,3.243072169059019,HIGH,29.922935495303914,0.9877476190476191,68.67216944782558,HIGH,0,0
248_366,RAINFALL_PLUS_50_PERCENT,50.0,68.67337057675975,65.43029840770075,3.2430721690590048,HIGH,29.922935495303914,0.9815365079365079,61.97163854145138,HIGH,0,0
248_398,RAINFALL_PLUS_50_PERCENT,50.0,68.8820862190758,65.63901405001678,3.243072169059019,HIGH,29.922935495303914,0.9888934704184702,60.0124655995326,HIGH,0,0
248_404,RAINFALL_PLUS_50_PERCENT,50.0,63.66688210493095,60.423809935871944,3.2430721690590048,HIGH,29.922935495303914,0.8960825546029552,58.90642815661734,HIGH,0,0
249_358,RAINFALL_PLUS_50_PERCENT,50.0,68.52861013065804,65.28553796159903,3.2430721690590048,HIGH,29.922935495303914,0.9840799603174603,59.12513527091047,HIGH,0,0
250_362,RAINFALL_PLUS_50_PERCENT,50.0,67.25559585642294,64.01252368736394,3.2430721690590048,HIGH,29.922935495303914,0.9595857426303852,59.86681225645081,HIGH,0,0
250_404,RAINFALL_PLUS_50_PERCENT,50.0,66.57191555380386,63.32884338474485,3.243072169059012,HIGH,29.922935495303914,0.9541158966033966,56.038424545103794,HIGH,0,0
250_522,RAINFALL_PLUS_50_PERCENT,50.0,69.84894121512139,66.60586904606238,3.2430721690590048,HIGH,29.922935495303914,0.993112925170068,67.3603154466097,HIGH,0,0
250_1510,RAINFALL_PLUS_50_PERCENT,50.0,11.309141240823806,8.066069071764796,3.24307216905901,LOW,29.922935495303914,2.1798365122615804e-05,28.16243544635382,LOW,0,0
251_407,RAINFALL_PLUS_50_PERCENT,50.0,67.02888862927554,63.785816460216544,3.2430721690589976,HIGH,29.922935495303914,0.9608540239953282,56.9021852342582,HIGH,0,0
251_505,RAINFALL_PLUS_50_PERCENT,50.0,66.12351999401812,62.88044782495913,3.2430721690589976,HIGH,29.922935495303914,0.9215285226705202,69.47752461032842,HIGH,0,0
251_510,RAINFALL_PLUS_50_PERCENT,50.0,66.22215415712816,62.979081988069154,3.2430721690590048,HIGH,29.922935495303914,0.9169410245364703,72.98699021515614,HIGH,0,0
252_358,RAINFALL_PLUS_50_PERCENT,50.0,68.83141442427359,65.5883422552146,3.2430721690589905,HIGH,29.922935495303914,0.9877928571428571,60.11108495309777,HIGH,0,0
252_509,RAINFALL_PLUS_50_PERCENT,50.0,67.88661555746413,64.6435433884051,3.243072169059019,HIGH,29.922935495303914,0.9532034547152192,69.68726762020388,HIGH,0,0
252_875,RAINFALL_PLUS_50_PERCENT,50.0,9.959241937120588,6.716169768061577,3.243072169059011,LOW,29.922935495303914,0.0017432595523372276,13.716638756353595,LOW,0,0
254_507,RAINFALL_PLUS_50_PERCENT,50.0,68.40179527086973,65.15872310181072,3.2430721690590048,HIGH,29.922935495303914,0.9669332571571061,67.28767341122204,HIGH,0,0
256_365,RAINFALL_PLUS_50_PERCENT,50.0,69.47762365188078,66.23455148282177,3.2430721690590048,HIGH,29.922935495303914,0.9961,62.0042486577411,HIGH,0,0
256_1265,RAINFALL_PLUS_50_PERCENT,50.0,9.088227441690591,5.845155272631581,3.24307216905901,LOW,29.922935495303914,2.1798365122615804e-05,5.953297455021684,LOW,0,0
258_206,RAINFALL_PLUS_50_PERCENT,50.0,19.15203256297427,15.908960393915262,3.2430721690590083,LOW,29.922935495303914,0.09441808191808193,54.67339271373084,LOW,0,0
258_678,RAINFALL_PLUS_50_PERCENT,50.0,9.827554570344631,6.58448240128562,3.243072169059011,LOW,29.922935495303914,0.0007288690721933229,12.957679852673182,LOW,0,0
258_1217,RAINFALL_PLUS_50_PERCENT,50.0,9.145461921206364,5.902389752147353,3.243072169059011,LOW,29.922935495303914,0.0013955357388599895,5.770086694623838,LOW,0,0
260_357,RAINFALL_PLUS_50_PERCENT,50.0,68.34922691972538,65.10615475066636,3.243072169059019,HIGH,29.922935495303914,0.9772920230877203,61.06466863794087,HIGH,0,0
260_358,RAINFALL_PLUS_50_PERCENT,50.0,66.99142981482773,63.74835764576872,3.2430721690590048,HIGH,29.922935495303914,0.9519036811887877,61.45028563337729,HIGH,0,0
262_507,RAINFALL_PLUS_50_PERCENT,50.0,68.98669932679843,65.74362715773941,3.243072169059019,HIGH,29.922935495303914,0.9847492346938778,63.337926325284755,HIGH,0,0
262_1643,RAINFALL_PLUS_50_PERCENT,50.0,9.918976557586932,6.675904388527922,3.24307216905901,LOW,29.922935495303914,2.1798365122615804e-05,14.260788613985085,LOW,0,0
263_1026,RAINFALL_PLUS_50_PERCENT,50.0,9.30382571587588,6.060753546816869,3.24307216905901,LOW,29.922935495303914,0.0010622024055266562,7.537057974652331,LOW,0,0
264_864,RAINFALL_PLUS_50_PERCENT,50.0,10.666914106132888,7.4238419370738775,3.24307216905901,LOW,29.922935495303914,0.005243259552337227,18.868360446476608,LOW,0,0
264_1413,RAINFALL_PLUS_50_PERCENT,50.0,9.436839785776382,6.193767616717372,3.24307216905901,LOW,29.922935495303914,6.220240552665621e-05,9.417198673657355,LOW,0,0
266_413,RAINFALL_PLUS_50_PERCENT,50.0,66.68213897414877,63.439066805089766,3.2430721690590048,HIGH,29.922935495303914,0.9517215449675213,58.457552148284265,HIGH,0,0
266_545,RAINFALL_PLUS_50_PERCENT,50.0,13.534792904302186,10.291720735243176,3.24307216905901,LOW,29.922935495303914,0.023876488119812377,37.29887271605825,LOW,0,0
267_413,RAINFALL_PLUS_50_PERCENT,50.0,67.45626042833321,64.21318825927419,3.243072169059019,HIGH,29.922935495303914,0.9645329430982823,59.15249771821001,HIGH,0,0
267_576,RAINFALL_PLUS_50_PERCENT,50.0,16.57860629725195,13.33553412819294,3.243072169059012,LOW,29.922935495303914,0.0599114430682456,47.917781423917624,LOW,0,0
268_406,RAINFALL_PLUS_50_PERCENT,50.0,64.90867146627032,61.665599297211315,3.2430721690590048,HIGH,29.922935495303914,0.9199433507479473,58.20088389026547,HIGH,0,0
270_329,RAINFALL_PLUS_50_PERCENT,50.0,19.47629869791401,16.233226528855,3.243072169059012,LOW,29.922935495303914,0.12124064622504521,43.163643694298415,LOW,0,0
271_508,RAINFALL_PLUS_50_PERCENT,50.0,69.91201294956147,66.66894078050245,3.243072169059019,HIGH,29.922935495303914,0.9948079365079364,67.05877655518286,HIGH,0,0
272_1254,RAINFALL_PLUS_50_PERCENT,50.0,9.30894951813922,6.065877349080211,3.243072169059009,LOW,29.922935495303914,0.004409893603217854,5.74706583855559,LOW,0,0
273_523,RAINFALL_PLUS_50_PERCENT,50.0,68.46921560131187,65.22614343225285,3.243072169059019,HIGH,29.922935495303914,0.9599417564347799,71.80720211292297,HIGH,0,0
273_611,RAINFALL_PLUS_50_PERCENT,50.0,24.31092281150223,21.06785064244322,3.243072169059012,LOW,29.922935495303914,0.19560666420954348,50.60857493870658,LOW,0,0
274_964,RAINFALL_PLUS_50_PERCENT,50.0,9.152628544885381,5.909556375826372,3.243072169059009,LOW,29.922935495303914,6.220240552665621e-05,6.575086264747361,LOW,0,0
275_1336,RAINFALL_PLUS_50_PERCENT,50.0,9.480575205891787,6.237503036832777,3.24307216905901,LOW,29.922935495303914,2.1798365122615804e-05,9.876775097033637,LOW,0,0
277_511,RAINFALL_PLUS_50_PERCENT,50.0,66.96791256008834,63.72484039102932,3.243072169059019,HIGH,29.922935495303914,0.9300575536193189,73.23048324919115,HIGH,0,0
278_398,RAINFALL_PLUS_50_PERCENT,50.0,69.15554842301414,65.91247625395512,3.243072169059019,HIGH,29.922935495303914,0.9927492485366239,60.62640967393139,HIGH,0,0
278_421,RAINFALL_PLUS_50_PERCENT,50.0,50.82593978389989,47.582867614840886,3.2430721690590048,HIGH,29.922935495303914,0.6625715520152793,58.928056369528505,MODERATE,1,1
279_381,RAINFALL_PLUS_50_PERCENT,50.0,65.57368505009644,62.330612881037446,3.2430721690589976,HIGH,29.922935495303914,0.913585364950578,68.34791191707983,HIGH,0,0
279_1125,RAINFALL_PLUS_50_PERCENT,50.0,9.457226542620873,6.214154373561861,3.243072169059012,LOW,29.922935495303914,0.0020217983651226157,8.543288464324474,LOW,0,0
280_522,RAINFALL_PLUS_50_PERCENT,50.0,67.41440386176124,64.17133169270224,3.2430721690590048,HIGH,29.922935495303914,0.921705042016807,82.2892776473018,HIGH,0,0
282_49,RAINFALL_PLUS_50_PERCENT,50.0,21.117662553775553,17.874590384716544,3.2430721690590083,LOW,29.922935495303914,0.13800208810797052,50.35848921730495,LOW,0,0
282_503,RAINFALL_PLUS_50_PERCENT,50.0,69.08982959163198,65.84675742257298,3.2430721690590048,HIGH,29.922935495303914,0.9742312352818682,70.15412865022557,HIGH,0,0
282_578,RAINFALL_PLUS_50_PERCENT,50.0,64.7035143340554,61.460442164996394,3.2430721690590048,HIGH,29.922935495303914,0.8911859082210146,71.96590595792924,HIGH,0,0
282_1317,RAINFALL_PLUS_50_PERCENT,50.0,9.62383389734852,6.38076172828951,3.24307216905901,LOW,29.922935495303914,0.001021798365122616,10.759362011600969,LOW,0,0
283_447,RAINFALL_PLUS_50_PERCENT,50.0,11.434553901051984,8.191481731992972,3.243072169059012,LOW,29.922935495303914,0.0058312937403714165,26.221339592248754,LOW,0,0
283_522,RAINFALL_PLUS_50_PERCENT,50.0,69.89349099953816,66.65041883047915,3.2430721690590048,HIGH,29.922935495303914,0.9684201213818864,81.38685537427729,HIGH,0,0
283_560,RAINFALL_PLUS_50_PERCENT,50.0,65.87940080069623,62.63632863163722,3.243072169059012,HIGH,29.922935495303914,0.9145758816550161,70.86028523563662,HIGH,0,0
283_573,RAINFALL_PLUS_50_PERCENT,50.0,69.56393367633213,66.32086150727311,3.243072169059019,HIGH,29.922935495303914,0.9735652736770385,75.2614483798833,HIGH,0,0
283_574,RAINFALL_PLUS_50_PERCENT,50.0,68.15259669810916,64.90952452905015,3.243072169059019,HIGH,29.922935495303914,0.951297466259231,73.39537267744774,HIGH,0,0
283_575,RAINFALL_PLUS_50_PERCENT,50.0,59.76619149986531,56.523119330806296,3.243072169059012,HIGH,29.922935495303914,0.8030531437235294,71.06569808964508,HIGH,0,0
283_1089,RAINFALL_PLUS_50_PERCENT,50.0,9.364155002561844,6.121082833502835,3.243072169059009,LOW,29.922935495303914,6.220240552665621e-05,8.690350841511988,LOW,0,0
283_1342,RAINFALL_PLUS_50_PERCENT,50.0,9.612772750781582,6.369700581722572,3.24307216905901,LOW,29.922935495303914,2.1798365122615804e-05,11.198750545931583,LOW,0,0
286_916,RAINFALL_PLUS_50_PERCENT,50.0,9.864585409042103,6.621513239983094,3.243072169059009,LOW,29.922935495303914,0.0048467983651226156,11.063127128536799,LOW,0,0
287_381,RAINFALL_PLUS_50_PERCENT,50.0,68.13034814069925,64.88727597164024,3.243072169059019,HIGH,29.922935495303914,0.9674745086577061,64.27551378418734,HIGH,0,0
287_575,RAINFALL_PLUS_50_PERCENT,50.0,66.17874614228845,62.935673973229434,3.243072169059012,HIGH,29.922935495303914,0.9095131464231007,76.63824302911229,HIGH,0,0
287_915,RAINFALL_PLUS_50_PERCENT,50.0,9.762522539897416,6.519450370838406,3.24307216905901,LOW,29.922935495303914,0.0026706078889321395,11.239403198994683,LOW,0,0
288_502,RAINFALL_PLUS_50_PERCENT,50.0,69.51540751678053,66.27233534772154,3.2430721690589905,HIGH,29.922935495303914,0.9855614854215919,68.17827032486299,HIGH,0,0
289_1159,RAINFALL_PLUS_50_PERCENT,50.0,9.151895004014131,5.90882283495512,3.243072169059011,LOW,29.922935495303914,2.1798365122615804e-05,6.589973078257066,LOW,0,0
290_389,RAINFALL_PLUS_50_PERCENT,50.0,68.34759468753792,65.1045225184789,3.243072169059019,HIGH,29.922935495303914,0.9730592025352572,63.376397619920844,HIGH,0,0
290_496,RAINFALL_PLUS_50_PERCENT,50.0,68.33533090459669,65.09225873553768,3.2430721690590048,HIGH,29.922935495303914,0.9772243381372613,60.962935209406346,HIGH,0,0
290_497,RAINFALL_PLUS_50_PERCENT,50.0,69.736561167747,66.493488998688,3.2430721690590048,HIGH,29.922935495303914,0.9958462585034015,64.73318163953232,HIGH,0,0
292_192,RAINFALL_PLUS_50_PERCENT,50.0,22.38319240748098,19.140120238421968,3.243072169059012,LOW,29.922935495303914,0.16308371260737003,49.21889427968946,LOW,0,0
292_534,RAINFALL_PLUS_50_PERCENT,50.0,69.29594745493998,66.05287528588096,3.243072169059019,HIGH,29.922935495303914,0.9846765124918515,66.47040481781453,HIGH,0,0
293_535,RAINFALL_PLUS_50_PERCENT,50.0,67.03844232986364,63.79537016080464,3.2430721690590048,HIGH,29.922935495303914,0.9538859821888214,60.830145233718014,HIGH,0,0
294_537,RAINFALL_PLUS_50_PERCENT,50.0,69.42482824244989,66.18175607339089,3.2430721690590048,HIGH,29.922935495303914,0.9929699633699635,63.197814709952226,HIGH,0,0
294_571,RAINFALL_PLUS_50_PERCENT,50.0,65.74401373487851,62.5009415658195,3.2430721690590048,HIGH,29.922935495303914,0.8960453905571558,79.69818468128265,HIGH,0,0
295_538,RAINFALL_PLUS_50_PERCENT,50.0,69.49037609702073,66.24730392796172,3.2430721690590048,HIGH,29.922935495303914,0.9911380952380953,64.8608207281881,HIGH,0,0
295_704,RAINFALL_PLUS_50_PERCENT,50.0,11.495468122075405,8.252395953016395,3.24307216905901,LOW,29.922935495303914,0.002940845984170235,28.42022806839361,LOW,0,0
296_126,RAINFALL_PLUS_50_PERCENT,50.0,23.986011689886478,20.74293952082747,3.2430721690590083,LOW,29.922935495303914,0.18722411710991832,51.9698646273429,LOW,0,0
296_534,RAINFALL_PLUS_50_PERCENT,50.0,51.888282695978496,48.645210526919485,3.243072169059012,HIGH,29.922935495303914,0.6895419358419355,54.71777438565367,MODERATE,1,1
296_640,RAINFALL_PLUS_50_PERCENT,50.0,11.688393468302602,8.44532129924359,3.243072169059012,LOW,29.922935495303914,0.009239980183304434,26.884957721141767,LOW,0,0
297_393,RAINFALL_PLUS_50_PERCENT,50.0,64.43178078337377,61.18870861431476,3.2430721690590048,HIGH,29.922935495303914,0.8930097497652418,68.24545760178795,HIGH,0,0
297_422,RAINFALL_PLUS_50_PERCENT,50.0,69.49759610977465,66.25452394071564,3.2430721690590048,HIGH,29.922935495303914,0.9683542483660131,77.46413663537253,HIGH,0,0
297_537,RAINFALL_PLUS_50_PERCENT,50.0,67.87563820849748,64.63256603943847,3.2430721690590048,HIGH,29.922935495303914,0.9691501504447935,60.80681147927155,HIGH,0,0
298_424,RAINFALL_PLUS_50_PERCENT,50.0,69.50730382374036,66.26423165468134,3.243072169059019,HIGH,29.922935495303914,0.965708938120703,79.01613440995014,HIGH,0,0
300_218,RAINFALL_PLUS_50_PERCENT,50.0,50.88751474705095,47.644442577991946,3.2430721690590048,HIGH,29.922935495303914,0.6347898050315699,74.82376684207925,MODERATE,1,1
300_539,RAINFALL_PLUS_50_PERCENT,50.0,68.38790215417659,65.14482998511757,3.243072169059019,HIGH,29.922935495303914,0.9731989865561295,63.70259107482785,HIGH,0,0
301_14,RAINFALL_PLUS_50_PERCENT,50.0,13.052043363714404,9.808971194655394,3.24307216905901,LOW,29.922935495303914,0.01641046940422844,36.5776876037516,LOW,0,0
301_608,RAINFALL_PLUS_50_PERCENT,50.0,67.85620109204987,64.61312892299087,3.2430721690590048,HIGH,29.922935495303914,0.9589627340682574,66.2155193218904,HIGH,0,0
301_865,RAINFALL_PLUS_50_PERCENT,50.0,12.953925549616798,9.710853380557788,3.24307216905901,LOW,29.922935495303914,0.021879233578311248,32.58868916703,LOW,0,0
302_513,RAINFALL_PLUS_50_PERCENT,50.0,66.46410984280223,63.22103767374323,3.2430721690589976,HIGH,29.922935495303914,0.9404491280038775,62.47709016482297,HIGH,0,0
302_539,RAINFALL_PLUS_50_PERCENT,50.0,68.36393932533913,65.12086715628013,3.2430721690590048,HIGH,29.922935495303914,0.9712682783754214,64.52485228584277,HIGH,0,0
302_874,RAINFALL_PLUS_50_PERCENT,50.0,12.626819724083285,9.383747555024273,3.243072169059012,LOW,29.922935495303914,0.024893043102120774,27.660035673599616,LOW,0,0
302_1466,RAINFALL_PLUS_50_PERCENT,50.0,9.689414967661396,6.4463427986023865,3.243072169059009,LOW,29.922935495303914,6.220240552665621e-05,11.942950492507503,LOW,0,0
304_429,RAINFALL_PLUS_50_PERCENT,50.0,62.36916768837873,59.12609551931972,3.243072169059012,HIGH,29.922935495303914,0.8360817541935189,78.92972421628515,HIGH,0,0
304_563,RAINFALL_PLUS_50_PERCENT,50.0,69.49099684363333,66.2479246745743,3.243072169059019,HIGH,29.922935495303914,0.9842318877204423,68.66544232902307,HIGH,0,0
305_463,RAINFALL_PLUS_50_PERCENT,50.0,68.2598726277055,65.01680045864649,3.243072169059019,HIGH,29.922935495303914,0.9583711603429254,70.5776002273793,HIGH,0,0
306_907,RAINFALL_PLUS_50_PERCENT,50.0,9.758243765337706,6.515171596278696,3.24307216905901,LOW,29.922935495303914,0.0010217983651226157,12.103460691492826,LOW,0,0
308_510,RAINFALL_PLUS_50_PERCENT,50.0,69.26521818922994,66.02214602017094,3.2430721690590048,HIGH,29.922935495303914,0.995377435064935,60.27760474551837,HIGH,0,0
311_430,RAINFALL_PLUS_50_PERCENT,50.0,65.9405346531043,62.69746248404529,3.2430721690590048,HIGH,29.922935495303914,0.9055127287744934,76.45635784400481,HIGH,0,0
311_595,RAINFALL_PLUS_50_PERCENT,50.0,66.56872438314933,63.32565221409031,3.243072169059019,HIGH,29.922935495303914,0.9450576460056476,60.9885506673203,HIGH,0,0
312_430,RAINFALL_PLUS_50_PERCENT,50.0,68.71306412546768,65.46999195640866,3.243072169059019,HIGH,29.922935495303914,0.9585106446626419,75.03279882915697,HIGH,0,0
312_903,RAINFALL_PLUS_50_PERCENT,50.0,9.770838490890796,6.527766321831785,3.243072169059011,LOW,29.922935495303914,0.0009250777341554095,12.282604294055673,LOW,0,0
313_1582,RAINFALL_PLUS_50_PERCENT,50.0,10.99144082268528,7.748368653626269,3.243072169059012,LOW,29.922935495303914,0.0030448468539245295,23.322754596127496,LOW,0,0
314_442,RAINFALL_PLUS_50_PERCENT,50.0,69.43333330679285,66.19026113773384,3.2430721690590048,HIGH,29.922935495303914,0.9882483268983269,65.87976541278195,HIGH,0,0
314_1575,RAINFALL_PLUS_50_PERCENT,50.0,11.602148997340507,8.359076828281495,3.243072169059012,LOW,29.922935495303914,0.002889125482449733,29.51548309699091,LOW,0,0
315_269,RAINFALL_PLUS_50_PERCENT,50.0,46.87485874704039,43.63178657798139,3.2430721690590048,MODERATE,29.922935495303914,0.5998713565366959,53.902353514154434,MODERATE,0,0
315_467,RAINFALL_PLUS_50_PERCENT,50.0,65.66555719323672,62.42248502417771,3.243072169059012,HIGH,29.922935495303914,0.906276990068755,73.28623953348516,HIGH,0,0
315_505,RAINFALL_PLUS_50_PERCENT,50.0,69.38272547269523,66.13965330363622,3.2430721690590048,HIGH,29.922935495303914,0.9940257936507938,62.196080357948894,HIGH,0,0
315_1482,RAINFALL_PLUS_50_PERCENT,50.0,10.398980032282562,7.155907863223551,3.243072169059011,LOW,29.922935495303914,0.0004622024055266562,18.818601138719156,LOW,0,0
316_50,RAINFALL_PLUS_50_PERCENT,50.0,42.48055075191623,39.23747858285723,3.2430721690590048,MODERATE,29.922935495303914,0.5113534633188022,58.64411483275437,MODERATE,0,0
316_298,RAINFALL_PLUS_50_PERCENT,50.0,43.69169231797481,40.44862014891581,3.2430721690590048,MODERATE,29.922935495303914,0.528459966236175,61.34695388878516,MODERATE,0,0
317_380,RAINFALL_PLUS_50_PERCENT,50.0,66.82267829014121,63.57960612108219,3.243072169059019,HIGH,29.922935495303914,0.9251392544492548,74.48320509325515,HIGH,0,0
317_593,RAINFALL_PLUS_50_PERCENT,50.0,64.75368561143215,61.510613442373135,3.243072169059012,HIGH,29.922935495303914,0.9103067787639222,61.95113993309741,HIGH,0,0
318_526,RAINFALL_PLUS_50_PERCENT,50.0,60.383579751892,57.140507582832996,3.2430721690590048,HIGH,29.922935495303914,0.8061313212930866,75.54658294665558,HIGH,0,0
318_584,RAINFALL_PLUS_50_PERCENT,50.0,68.1668809082327,64.9238087391737,3.2430721690590048,HIGH,29.922935495303914,0.9722904761904761,61.99205931649831,HIGH,0,0
318_593,RAINFALL_PLUS_50_PERCENT,50.0,64.22647255514582,60.9834003860868,3.243072169059019,HIGH,29.922935495303914,0.9038558551018308,60.22701738438442,HIGH,0,0
320_406,RAINFALL_PLUS_50_PERCENT,50.0,70.36506340413794,67.12199123507894,3.2430721690590048,HIGH,29.922935495303914,0.9989642857142857,69.3032890374556,HIGH,0,0
320_590,RAINFALL_PLUS_50_PERCENT,50.0,68.93418718428973,65.69111501523071,3.243072169059019,HIGH,29.922935495303914,0.9929029761904761,58.32824707706862,HIGH,0,0
321_1016,RAINFALL_PLUS_50_PERCENT,50.0,9.168908701211684,5.925836532152674,3.24307216905901,LOW,29.922935495303914,6.220240552665621e-05,6.737887828010377,LOW,0,0
323_558,RAINFALL_PLUS_50_PERCENT,50.0,69.94499635508184,66.70192418602282,3.243072169059019,HIGH,29.922935495303914,0.9872716265646498,71.53358107919419,HIGH,0,0
323_585,RAINFALL_PLUS_50_PERCENT,50.0,69.35888960038605,66.11581743132705,3.2430721690590048,HIGH,29.922935495303914,0.9961333333333333,60.79857480946045,HIGH,0,0
324_579,RAINFALL_PLUS_50_PERCENT,50.0,69.11527476696199,65.872202597903,3.2430721690589905,HIGH,29.922935495303914,0.9897261904761906,61.88635504664837,HIGH,0,0
325_476,RAINFALL_PLUS_50_PERCENT,50.0,67.19405938569332,63.95098721663431,3.243072169059012,HIGH,29.922935495303914,0.9517067039631149,63.58491881615331,HIGH,0,0
328_603,RAINFALL_PLUS_50_PERCENT,50.0,64.72462518630891,61.4815530172499,3.243072169059012,HIGH,29.922935495303914,0.9131435193054438,60.10032838402828,HIGH,0,0
328_1011,RAINFALL_PLUS_50_PERCENT,50.0,9.564212009935487,6.3211398408764765,3.24307216905901,LOW,29.922935495303914,0.007559893603217853,6.567190756518249,LOW,0,0
330_410,RAINFALL_PLUS_50_PERCENT,50.0,50.57457826154205,47.331506092483046,3.2430721690590048,HIGH,29.922935495303914,0.6611975117905353,57.170163269559325,MODERATE,1,1
330_497,RAINFALL_PLUS_50_PERCENT,50.0,69.05516815826984,65.81209598921082,3.243072169059019,HIGH,29.922935495303914,0.9918833333333332,60.098860388298235,HIGH,0,0
331_361,RAINFALL_PLUS_50_PERCENT,50.0,69.78465244240435,66.54158027334535,3.2430721690590048,HIGH,29.922935495303914,0.9970557823129251,64.54885629086786,HIGH,0,0
331_600,RAINFALL_PLUS_50_PERCENT,50.0,65.1503448414203,61.9072726723613,3.2430721690590048,HIGH,29.922935495303914,0.9120028266134597,64.98490591573342,HIGH,0,0
331_1374,RAINFALL_PLUS_50_PERCENT,50.0,15.35554512803181,12.112472958972798,3.243072169059012,LOW,29.922935495303914,0.04756046176046176,42.48020945099731,LOW,0,0
332_495,RAINFALL_PLUS_50_PERCENT,50.0,61.059559192601206,57.8164870235422,3.2430721690590048,HIGH,29.922935495303914,0.8469123967083725,59.87678587534041,HIGH,0,0
332_535,RAINFALL_PLUS_50_PERCENT,50.0,65.21193661954034,61.96886445048133,3.243072169059012,HIGH,29.922935495303914,0.8859106060606062,79.95154500100318,HIGH,0,0
333_646,RAINFALL_PLUS_50_PERCENT,50.0,15.712129210415982,12.46905704135697,3.243072169059012,LOW,29.922935495303914,0.050401919370779646,44.4832485891642,LOW,0,0
334_359,RAINFALL_PLUS_50_PERCENT,50.0,69.09440502972768,65.85133286066868,3.2430721690590048,HIGH,29.922935495303914,0.9868896222318715,63.237770208680764,HIGH,0,0
334_406,RAINFALL_PLUS_50_PERCENT,50.0,68.14456606789669,64.90149389883769,3.2430721690590048,HIGH,29.922935495303914,0.9578325863678806,69.72075031556591,HIGH,0,0
334_536,RAINFALL_PLUS_50_PERCENT,50.0,69.51601547451412,66.27294330545512,3.2430721690590048,HIGH,29.922935495303914,0.9778497831303066,72.4257861624059,HIGH,0,0
334_764,RAINFALL_PLUS_50_PERCENT,50.0,10.667458679055564,7.424386509996552,3.243072169059012,LOW,29.922935495303914,0.002155131698455949,20.572276495338045,LOW,0,0
335_896,RAINFALL_PLUS_50_PERCENT,50.0,9.692877859937362,6.44980569087835,3.243072169059012,LOW,29.922935495303914,0.0032932269365511875,10.200515923203648,LOW,0,0
336_399,RAINFALL_PLUS_50_PERCENT,50.0,63.16985719114052,59.92678502208151,3.243072169059012,HIGH,29.922935495303914,0.8654599343185548,70.77862017513333,HIGH,0,0
337_398,RAINFALL_PLUS_50_PERCENT,50.0,65.9170480819459,62.67397591288689,3.2430721690590048,HIGH,29.922935495303914,0.9214503603308835,67.45579477640632,HIGH,0,0
337_820,RAINFALL_PLUS_50_PERCENT,50.0,9.745181959692374,6.502109790633364,3.24307216905901,LOW,29.922935495303914,0.0010622024055266562,11.950620412817287,LOW,0,0
338_294,RAINFALL_PLUS_50_PERCENT,50.0,48.64062885077457,45.397556681715564,3.2430721690590048,MODERATE,29.922935495303914,0.616845311013591,62.22437958920389,MODERATE,0,0
338_466,RAINFALL_PLUS_50_PERCENT,50.0,66.1116362743555,62.8685641052965,3.2430721690590048,HIGH,29.922935495303914,0.9398256235827664,59.29528191196677,HIGH,0,0
338_513,RAINFALL_PLUS_50_PERCENT,50.0,62.964820060579996,59.721747891520984,3.243072169059012,HIGH,29.922935495303914,0.8762137821988886,62.813632535344425,HIGH,0,0
338_924,RAINFALL_PLUS_50_PERCENT,50.0,9.42172492872188,6.178652759662868,3.243072169059011,LOW,29.922935495303914,0.0027995761429003927,7.76049454755677,LOW,0,0
338_1072,RAINFALL_PLUS_50_PERCENT,50.0,9.860210523944417,6.617138354885407,3.24307216905901,LOW,29.922935495303914,0.003913465031789283,11.532711610893264,LOW,0,0
338_1406,RAINFALL_PLUS_50_PERCENT,50.0,29.504091435129254,26.261019266070242,3.243072169059012,MODERATE,29.922935495303914,0.27796417748917757,57.243628871178075,MODERATE,0,0
338_1654,RAINFALL_PLUS_50_PERCENT,50.0,13.455366559410141,10.21229439035113,3.243072169059012,LOW,29.922935495303914,0.01424374308706734,41.80261903514755,LOW,0,0
339_465,RAINFALL_PLUS_50_PERCENT,50.0,67.75705198865069,64.51397981959167,3.243072169059019,HIGH,29.922935495303914,0.9652554252625682,61.763048131027496,HIGH,0,0
339_466,RAINFALL_PLUS_50_PERCENT,50.0,68.55077273231045,65.30770056325144,3.2430721690590048,HIGH,29.922935495303914,0.9797985673057102,61.70152744389712,HIGH,0,0
339_467,RAINFALL_PLUS_50_PERCENT,50.0,69.18391843648575,65.94084626742675,3.2430721690590048,HIGH,29.922935495303914,0.9925952380952381,60.994815551409786,HIGH,0,0
339_490,RAINFALL_PLUS_50_PERCENT,50.0,68.08130512956897,64.83823296050997,3.2430721690590048,HIGH,29.922935495303914,0.976298446113785,58.93191807204116,HIGH,0,0
339_491,RAINFALL_PLUS_50_PERCENT,50.0,68.82354457092943,65.58047240187042,3.2430721690590048,HIGH,29.922935495303914,0.9865330447330446,60.725283245052985,HIGH,0,0
340_465,RAINFALL_PLUS_50_PERCENT,50.0,66.1278421842084,62.88477001514941,3.2430721690589976,HIGH,29.922935495303914,0.9350853397924822,62.06449709515203,HIGH,0,0
341_486,RAINFALL_PLUS_50_PERCENT,50.0,69.09971082021968,65.85663865116068,3.2430721690590048,HIGH,29.922935495303914,0.992222619047619,60.35767986493963,HIGH,0,0
342_465,RAINFALL_PLUS_50_PERCENT,50.0,58.93241385050686,55.68934168144784,3.243072169059019,HIGH,29.922935495303914,0.812601313920041,57.47642798797929,HIGH,0,0
342_468,RAINFALL_PLUS_50_PERCENT,50.0,66.28387530450146,63.04080313544246,3.2430721690590048,HIGH,29.922935495303914,0.9432338399189463,59.1431532285274,HIGH,0,0
343_359,RAINFALL_PLUS_50_PERCENT,50.0,64.92781690064737,61.68474473158835,3.243072169059019,HIGH,29.922935495303914,0.9144244439290868,61.42773698440907,HIGH,0,0
345_474,RAINFALL_PLUS_50_PERCENT,50.0,67.62951284592346,64.38644067686445,3.2430721690590048,HIGH,29.922935495303914,0.9655630472701899,60.31846459956337,HIGH,0,0
346_836,RAINFALL_PLUS_50_PERCENT,50.0,9.525864784041945,6.2827926149829345,3.24307216905901,LOW,29.922935495303914,0.0006884650317892824,9.963004211868535,LOW,0,0
348_1302,RAINFALL_PLUS_50_PERCENT,50.0,9.333367653542329,6.090295484483319,3.24307216905901,LOW,29.922935495303914,0.0005622024055266562,8.107477351316826,LOW,0,0
350_510,RAINFALL_PLUS_50_PERCENT,50.0,66.0879354512194,62.84486328216039,3.2430721690590048,HIGH,29.922935495303914,0.9357853517276015,61.28042320094635,HIGH,0,0
350_606,RAINFALL_PLUS_50_PERCENT,50.0,70.45343974335331,67.21036757429431,3.2430721690590048,HIGH,29.922935495303914,0.99317934662237,73.36876893016293,HIGH,0,0
351_413,RAINFALL_PLUS_50_PERCENT,50.0,69.45335916107155,66.21028699201253,3.243072169059019,HIGH,29.922935495303914,0.9899768398268397,65.12934184488675,HIGH,0,0
351_482,RAINFALL_PLUS_50_PERCENT,50.0,66.24808032699926,63.00500815794026,3.2430721690589976,HIGH,29.922935495303914,0.9374376847902284,61.97308877430024,HIGH,0,0
351_510,RAINFALL_PLUS_50_PERCENT,50.0,67.90023979062643,64.65716762156741,3.243072169059019,HIGH,29.922935495303914,0.9705715324672299,60.27106718822098,HIGH,0,0
353_512,RAINFALL_PLUS_50_PERCENT,50.0,67.19018220366677,63.94711003460776,3.2430721690590048,HIGH,29.922935495303914,0.953669416065114,62.46665533978813,HIGH,0,0
355_106,RAINFALL_PLUS_50_PERCENT,50.0,14.826535563717163,11.583463394658153,3.24307216905901,LOW,29.922935495303914,0.037802051204071103,42.55723961386572,LOW,0,0
355_852,RAINFALL_PLUS_50_PERCENT,50.0,9.443311264744477,6.2002390956854665,3.24307216905901,LOW,29.922935495303914,0.001021798365122616,8.954135685560535,LOW,0,0
356_608,RAINFALL_PLUS_50_PERCENT,50.0,41.62638619358363,38.38331402452462,3.2430721690590048,MODERATE,29.922935495303914,0.4653155844155846,75.42330264619795,MODERATE,0,0
358_530,RAINFALL_PLUS_50_PERCENT,50.0,66.17345446931277,62.93038230025377,3.2430721690590048,HIGH,29.922935495303914,0.9262548853486126,67.37736989032398,HIGH,0,0
358_1363,RAINFALL_PLUS_50_PERCENT,50.0,11.202352452759204,7.959280283700194,3.24307216905901,LOW,29.922935495303914,0.004244284729981863,24.772180065035222,LOW,0,0
360_264,RAINFALL_PLUS_50_PERCENT,50.0,43.89265515405844,40.649582984999434,3.2430721690590048,MODERATE,29.922935495303914,0.5113533686619894,72.76521091542342,MODERATE,0,0
360_519,RAINFALL_PLUS_50_PERCENT,50.0,63.55245264344384,60.30938047438483,3.243072169059012,HIGH,29.922935495303914,0.8926428142779206,59.65399072051532,HIGH,0,0
360_1070,RAINFALL_PLUS_50_PERCENT,50.0,12.753885890991267,9.510813721932255,3.243072169059012,LOW,29.922935495303914,0.022280312073636323,30.36769940834588,LOW,0,0
363_189,RAINFALL_PLUS_50_PERCENT,50.0,21.93088029892505,18.68780812986604,3.243072169059012,LOW,29.922935495303914,0.15742800214855154,47.80641394648033,LOW,0,0
363_966,RAINFALL_PLUS_50_PERCENT,50.0,9.169938234165706,5.926866065106696,3.24307216905901,LOW,29.922935495303914,0.002221798365122616,5.560405379772816,LOW,0,0
364_545,RAINFALL_PLUS_50_PERCENT,50.0,58.233324669303244,54.99025250024424,3.2430721690590048,HIGH,29.922935495303914,0.7484782188399836,85.75323846997473,HIGH,0,0
367_468,RAINFALL_PLUS_50_PERCENT,50.0,16.979985643311544,13.736913474252532,3.243072169059012,LOW,29.922935495303914,0.06726950727867645,47.88463956877659,LOW,0,0
368_367,RAINFALL_PLUS_50_PERCENT,50.0,70.427446187931,67.184374018872,3.2430721690589905,HIGH,29.922935495303914,0.9950622222222223,72.07325179602101,HIGH,0,0
368_829,RAINFALL_PLUS_50_PERCENT,50.0,9.278526913019983,6.0354547439609725,3.24307216905901,LOW,29.922935495303914,6.220240552665621e-05,7.834069946093367,LOW,0,0
369_539,RAINFALL_PLUS_50_PERCENT,50.0,68.89396329523952,65.65089112618051,3.2430721690590048,HIGH,29.922935495303914,0.9612759655377305,75.32086404557666,HIGH,0,0
370_476,RAINFALL_PLUS_50_PERCENT,50.0,21.671518745194103,18.42844657613509,3.243072169059012,LOW,29.922935495303914,0.157538771470018,45.15187528236431,LOW,0,0
372_119,RAINFALL_PLUS_50_PERCENT,50.0,14.41025703918929,11.167184870130278,3.243072169059012,LOW,29.922935495303914,0.03464437153214485,40.131178188146414,LOW,0,0
372_368,RAINFALL_PLUS_50_PERCENT,50.0,69.96811938574596,66.72504721668696,3.2430721690590048,HIGH,29.922935495303914,0.9786853535353536,76.4872615519484,HIGH,0,0
373_448,RAINFALL_PLUS_50_PERCENT,50.0,63.161745354107126,59.91867318504811,3.243072169059019,HIGH,29.922935495303914,0.8864971058971062,59.12705743659603,HIGH,0,0
373_717,RAINFALL_PLUS_50_PERCENT,50.0,9.609302882689795,6.366230713630784,3.243072169059011,LOW,29.922935495303914,0.0026884650317892823,9.697385198347039,LOW,0,0
376_613,RAINFALL_PLUS_50_PERCENT,50.0,66.87813857250038,63.63506640344136,3.243072169059019,HIGH,29.922935495303914,0.9450858044733045,64.06720540361948,HIGH,0,0
376_614,RAINFALL_PLUS_50_PERCENT,50.0,68.93782213270758,65.69474996364858,3.2430721690590048,HIGH,29.922935495303914,0.9832650030525031,63.66548178713233,HIGH,0,0
377_494,RAINFALL_PLUS_50_PERCENT,50.0,63.41745494395062,60.17438277489161,3.2430721690590048,HIGH,29.922935495303914,0.8505763748183721,81.44055542833473,HIGH,0,0
377_504,RAINFALL_PLUS_50_PERCENT,50.0,66.94474248698684,63.70167031792782,3.243072169059019,HIGH,29.922935495303914,0.9399769094544529,67.54313680885248,HIGH,0,0
379_464,RAINFALL_PLUS_50_PERCENT,50.0,69.59016180299989,66.34708963394088,3.2430721690590048,HIGH,29.922935495303914,0.9913277777777778,65.75435239115427,HIGH,0,0
381_395,RAINFALL_PLUS_50_PERCENT,50.0,67.04660846623783,63.80353629717883,3.2430721690589976,HIGH,29.922935495303914,0.938739660024766,69.24228378769021,HIGH,0,0
381_468,RAINFALL_PLUS_50_PERCENT,50.0,69.94573996899179,66.70266779993278,3.2430721690590048,HIGH,29.922935495303914,0.9963905982905983,66.52558276902202,HIGH,0,0
382_638,RAINFALL_PLUS_50_PERCENT,50.0,12.021098503868876,8.778026334809866,3.24307216905901,LOW,29.922935495303914,0.006472356542303785,31.734201079354875,LOW,0,0
383_922,RAINFALL_PLUS_50_PERCENT,50.0,9.079686861831819,5.83661469277281,3.243072169059009,LOW,29.922935495303914,2.1798365122615804e-05,5.867891656433961,LOW,0,0
384_469,RAINFALL_PLUS_50_PERCENT,50.0,67.04462912960513,63.801556960546115,3.243072169059012,HIGH,29.922935495303914,0.9475346335697401,64.3852549716275,HIGH,0,0
384_549,RAINFALL_PLUS_50_PERCENT,50.0,17.122555116202903,13.879482947143893,3.24307216905901,LOW,29.922935495303914,0.07452494531889713,45.319843375568816,LOW,0,0
384_1393,RAINFALL_PLUS_50_PERCENT,50.0,13.651969678929614,10.408897509870606,3.2430721690590083,LOW,29.922935495303914,0.015066666666666667,43.31604226156268,LOW,0,0
386_469,RAINFALL_PLUS_50_PERCENT,50.0,69.76958328508692,66.52651111602793,3.2430721690589905,HIGH,29.922935495303914,0.9940729933580997,66.03869864284768,HIGH,0,0
386_471,RAINFALL_PLUS_50_PERCENT,50.0,69.7653414664365,66.52226929737748,3.243072169059019,HIGH,29.922935495303914,0.9947126126126126,65.64448986636124,HIGH,0,0
386_685,RAINFALL_PLUS_50_PERCENT,50.0,10.385206922533015,7.1421347534740045,3.243072169059011,LOW,29.922935495303914,0.003288465031789282,17.12642559677924,LOW,0,0
388_927,RAINFALL_PLUS_50_PERCENT,50.0,9.120897094121942,5.8778249250629315,3.24307216905901,LOW,29.922935495303914,0.0012134650317892825,5.624577312668519,LOW,0,0
391_315,RAINFALL_PLUS_50_PERCENT,50.0,21.27267684465668,18.029604675597668,3.243072169059012,LOW,29.922935495303914,0.14040238095238092,50.588471061690484,LOW,0,0
391_522,RAINFALL_PLUS_50_PERCENT,50.0,68.28291489858597,65.03984272952695,3.243072169059019,HIGH,29.922935495303914,0.9644786172161176,67.4489216559282,HIGH,0,0
393_437,RAINFALL_PLUS_50_PERCENT,50.0,68.69285004512292,65.44977787606392,3.2430721690590048,HIGH,29.922935495303914,0.9842256235827663,60.687419619640934,HIGH,0,0
394_671,RAINFALL_PLUS_50_PERCENT,50.0,13.676412805005807,10.433340635946795,3.243072169059012,LOW,29.922935495303914,0.035897076681577406,32.10374801412368,LOW,0,0
394_1262,RAINFALL_PLUS_50_PERCENT,50.0,9.699618493443309,6.456546324384298,3.24307216905901,LOW,29.922935495303914,0.00707656026988452,8.187088924929798,LOW,0,0
394_1503,RAINFALL_PLUS_50_PERCENT,50.0,14.908356656932856,11.665284487873848,3.2430721690590083,LOW,29.922935495303914,0.028038888888888884,48.745189819372875,LOW,0,0
395_1491,RAINFALL_PLUS_50_PERCENT,50.0,10.761592455728064,7.5185202866690535,3.24307216905901,LOW,29.922935495303914,6.220240552665621e-05,22.66472537317418,LOW,0,0
396_198,RAINFALL_PLUS_50_PERCENT,50.0,13.695830255720669,10.452758086661657,3.243072169059012,LOW,29.922935495303914,0.021693198502276172,40.11005551988798,LOW,0,0
396_1282,RAINFALL_PLUS_50_PERCENT,50.0,9.526134130656072,6.2830619615970615,3.24307216905901,LOW,29.922935495303914,0.003055131698455949,8.664031011343138,LOW,0,0
396_1560,RAINFALL_PLUS_50_PERCENT,50.0,15.879550829307078,12.636478660248068,3.24307216905901,LOW,29.922935495303914,0.033227209620533875,55.60355514071035,LOW,0,0
397_969,RAINFALL_PLUS_50_PERCENT,50.0,9.13020612207754,5.887133953018529,3.243072169059011,LOW,29.922935495303914,0.0018134650317892826,5.387667592224489,LOW,0,0
398_366,RAINFALL_PLUS_50_PERCENT,50.0,69.27122808932407,66.02815592026506,3.2430721690590048,HIGH,29.922935495303914,0.9696499815430049,74.48780318352125,HIGH,0,0
398_393,RAINFALL_PLUS_50_PERCENT,50.0,43.58777204636947,40.34469987731046,3.243072169059012,MODERATE,29.922935495303914,0.5222474451904688,63.72463774787005,MODERATE,0,0
398_514,RAINFALL_PLUS_50_PERCENT,50.0,68.29244819111969,65.04937602206068,3.2430721690590048,HIGH,29.922935495303914,0.9746569902319903,61.94614942253551,HIGH,0,0
398_612,RAINFALL_PLUS_50_PERCENT,50.0,20.80453130901006,17.56145913995105,3.2430721690590083,LOW,29.922935495303914,0.1291596808420338,52.090500765915195,LOW,0,0
398_636,RAINFALL_PLUS_50_PERCENT,50.0,23.364642021944,20.12156985288499,3.243072169059012,LOW,29.922935495303914,0.1797190570299267,49.88395099191349,LOW,0,0
398_724,RAINFALL_PLUS_50_PERCENT,50.0,9.60445504938847,6.361382880329458,3.243072169059012,LOW,29.922935495303914,0.0027884650317892825,9.593906865333777,LOW,0,0
399_176,RAINFALL_PLUS_50_PERCENT,50.0,25.286655467874184,22.04358329881517,3.243072169059012,MODERATE,29.922935495303914,0.19781314404549685,59.152337592651726,LOW,1,1
399_549,RAINFALL_PLUS_50_PERCENT,50.0,65.38972937689786,62.14665720783886,3.2430721690590048,HIGH,29.922935495303914,0.9145399267399273,65.98334620095174,HIGH,0,0
400_148,RAINFALL_PLUS_50_PERCENT,50.0,53.0879736888173,49.844901519758295,3.2430721690590048,HIGH,29.922935495303914,0.6996757908757913,61.141064045421004,MODERATE,1,1
404_506,RAINFALL_PLUS_50_PERCENT,50.0,59.12128706942745,55.87821490036844,3.243072169059012,HIGH,29.922935495303914,0.8026797389406083,64.82202641587314,HIGH,0,0
405_401,RAINFALL_PLUS_50_PERCENT,50.0,64.43553535504833,61.192463185989325,3.2430721690590048,HIGH,29.922935495303914,0.8950329541259777,67.17024092012875,HIGH,0,0
406_394,RAINFALL_PLUS_50_PERCENT,50.0,53.38895306797322,50.145880898914214,3.2430721690590048,HIGH,29.922935495303914,0.6975130686916433,65.3403550382616,HIGH,0,0
406_456,RAINFALL_PLUS_50_PERCENT,50.0,66.12212290562765,62.879050736568644,3.2430721690590048,HIGH,29.922935495303914,0.9268661811887878,66.52784154137636,HIGH,0,0
406_513,RAINFALL_PLUS_50_PERCENT,50.0,68.68868419599087,65.44561202693187,3.2430721690590048,HIGH,29.922935495303914,0.9804149350649355,62.74163981312753,HIGH,0,0
407_527,RAINFALL_PLUS_50_PERCENT,50.0,69.81251970148988,66.56944753243086,3.243072169059019,HIGH,29.922935495303914,0.989468253968254,69.00066947129224,HIGH,0,0
407_1330,RAINFALL_PLUS_50_PERCENT,50.0,9.399163286645006,6.156091117585996,3.24307216905901,LOW,29.922935495303914,6.220240552665621e-05,9.040433682343599,LOW,0,0
408_650,RAINFALL_PLUS_50_PERCENT,50.0,56.05020891777177,52.807136748712765,3.2430721690590048,HIGH,29.922935495303914,0.7694379055230121,52.394253278994285,HIGH,0,0
409_488,RAINFALL_PLUS_50_PERCENT,50.0,69.51704604458125,66.27397387552223,3.243072169059019,HIGH,29.922935495303914,0.9823366337796573,69.96832400593411,HIGH,0,0
409_509,RAINFALL_PLUS_50_PERCENT,50.0,67.8043125131089,64.56124034404988,3.243072169059019,HIGH,29.922935495303914,0.9644715284715286,62.666796610681445,HIGH,0,0
409_663,RAINFALL_PLUS_50_PERCENT,50.0,64.66672552713649,61.423653358077495,3.2430721690589976,HIGH,29.922935495303914,0.9178297313797311,56.94391515144609,HIGH,0,0
410_480,RAINFALL_PLUS_50_PERCENT,50.0,66.3060738055861,63.06300163652709,3.2430721690590048,HIGH,29.922935495303914,0.9186420550038201,72.89061994269314,HIGH,0,0
410_491,RAINFALL_PLUS_50_PERCENT,50.0,66.53353905708062,63.29046688802161,3.2430721690590048,HIGH,29.922935495303914,0.9351501438806678,66.08582357537215,HIGH,0,0
410_662,RAINFALL_PLUS_50_PERCENT,50.0,64.3079435026416,61.06487133358259,3.243072169059019,HIGH,29.922935495303914,0.9098061660561664,57.769055834457696,HIGH,0,0
410_712,RAINFALL_PLUS_50_PERCENT,50.0,9.835229775538288,6.592157606479277,3.243072169059011,LOW,29.922935495303914,0.0025217983651226157,12.048320793498632,LOW,0,0
411_386,RAINFALL_PLUS_50_PERCENT,50.0,66.41980865314181,63.17673648408282,3.2430721690589976,HIGH,29.922935495303914,0.939573860817588,62.51547522067803,HIGH,0,0
412_399,RAINFALL_PLUS_50_PERCENT,50.0,66.7229888314028,63.47991666234378,3.243072169059019,HIGH,29.922935495303914,0.941414677757958,64.53482768608427,HIGH,0,0
412_530,RAINFALL_PLUS_50_PERCENT,50.0,48.19846065753409,44.95538848847508,3.243072169059012,MODERATE,29.922935495303914,0.6059922448352686,63.77188405487642,MODERATE,0,0
412_660,RAINFALL_PLUS_50_PERCENT,50.0,56.98412940966638,53.741057240607375,3.2430721690590048,HIGH,29.922935495303914,0.7799751083404473,55.93799664835103,HIGH,0,0
413_231,RAINFALL_PLUS_50_PERCENT,50.0,15.502067561703669,12.258995392644657,3.243072169059012,LOW,29.922935495303914,0.03449648358328609,51.13062178516253,LOW,0,0
413_476,RAINFALL_PLUS_50_PERCENT,50.0,66.30548067730913,63.06240850825013,3.2430721690590048,HIGH,29.922935495303914,0.90737091503268,79.08381564405057,HIGH,0,0
413_656,RAINFALL_PLUS_50_PERCENT,50.0,63.32253409515782,60.079461926098816,3.2430721690590048,HIGH,29.922935495303914,0.8911963980463978,58.15033416499262,HIGH,0,0
413_847,RAINFALL_PLUS_50_PERCENT,50.0,9.164195303554331,5.921123134495321,3.24307216905901,LOW,29.922935495303914,6.220240552665621e-05,6.690753851436856,LOW,0,0
414_365,RAINFALL_PLUS_50_PERCENT,50.0,68.05690210760162,64.81382993854261,3.2430721690590048,HIGH,29.922935495303914,0.9627665109567437,66.13045218874039,HIGH,0,0
414_425,RAINFALL_PLUS_50_PERCENT,50.0,69.05304364420371,65.8099714751447,3.2430721690590048,HIGH,29.922935495303914,0.9853988095238096,63.64410334287501,HIGH,0,0
415_392,RAINFALL_PLUS_50_PERCENT,50.0,69.3748904518378,66.13181828277878,3.243072169059019,HIGH,29.922935495303914,0.9864543425644489,66.28202824686427,HIGH,0,0
416_384,RAINFALL_PLUS_50_PERCENT,50.0,67.53492825644146,64.29185608738246,3.2430721690590048,HIGH,29.922935495303914,0.9596771250842677,62.60987590700064,HIGH,0,0
418_645,RAINFALL_PLUS_50_PERCENT,50.0,60.89741180094074,57.654339631881726,3.243072169059012,HIGH,29.922935495303914,0.8449511599511602,59.333992175202454,HIGH,0,0
419_394,RAINFALL_PLUS_50_PERCENT,50.0,68.79883813573163,65.55576596667262,3.2430721690590048,HIGH,29.922935495303914,0.9764887605042016,66.0025752189387,HIGH,0,0
419_1157,RAINFALL_PLUS_50_PERCENT,50.0,9.602231896052752,6.359159726993741,3.243072169059011,LOW,29.922935495303914,0.003740052333376584,9.048302316103591,LOW,0,0
420_476,RAINFALL_PLUS_50_PERCENT,50.0,16.771175046074646,13.528102877015634,3.243072169059012,LOW,29.922935495303914,0.06222532125874672,48.570835907368945,LOW,0,0
422_365,RAINFALL_PLUS_50_PERCENT,50.0,69.07033655351202,65.82726438445302,3.2430721690590048,HIGH,29.922935495303914,0.9797979974160207,66.89747909524213,HIGH,0,0
424_174,RAINFALL_PLUS_50_PERCENT,50.0,54.915857041706786,51.67278487264778,3.2430721690590048,HIGH,29.922935495303914,0.7264452494411777,64.69669536335329,HIGH,0,0
424_402,RAINFALL_PLUS_50_PERCENT,50.0,68.34834489326556,65.10527272420656,3.2430721690590048,HIGH,29.922935495303914,0.954893231453338,73.37518377225291,HIGH,0,0
425_362,RAINFALL_PLUS_50_PERCENT,50.0,64.6803787581337,61.437306589074694,3.2430721690590048,HIGH,29.922935495303914,0.8973909003464239,68.32180452973715,HIGH,0,0
425_396,RAINFALL_PLUS_50_PERCENT,50.0,47.55062306769917,44.30755089864016,3.243072169059012,MODERATE,29.922935495303914,0.5739506882006883,74.91636430554635,MODERATE,0,0
425_431,RAINFALL_PLUS_50_PERCENT,50.0,65.85250053500259,62.609428365943586,3.2430721690590048,HIGH,29.922935495303914,0.9297824899574902,62.227648012339486,HIGH,0,0
426_225,RAINFALL_PLUS_50_PERCENT,50.0,14.362240265038555,11.119168095979544,3.24307216905901,LOW,29.922935495303914,0.04041683641885632,36.476154758947764,LOW,0,0
426_461,RAINFALL_PLUS_50_PERCENT,50.0,69.10740047267923,65.86432830362023,3.2430721690590048,HIGH,29.922935495303914,0.9787394159900492,67.85033807119846,HIGH,0,0
426_780,RAINFALL_PLUS_50_PERCENT,50.0,9.439878696219829,6.196806527160819,3.24307216905901,LOW,29.922935495303914,0.005621798365122615,6.38981000031405,LOW,0,0
427_810,RAINFALL_PLUS_50_PERCENT,50.0,9.251431072512442,6.0083589034534315,3.243072169059011,LOW,29.922935495303914,0.0013955357388599895,6.82977820768462,LOW,0,0
427_1149,RAINFALL_PLUS_50_PERCENT,50.0,9.329431689240145,6.0863595201811345,3.243072169059011,LOW,29.922935495303914,6.220240552665621e-05,8.343117708294985,LOW,0,0
428_451,RAINFALL_PLUS_50_PERCENT,50.0,69.15847396895174,65.91540179989273,3.2430721690590048,HIGH,29.922935495303914,0.988978013993353,62.72984413210646,HIGH,0,0
428_454,RAINFALL_PLUS_50_PERCENT,50.0,66.16667250134455,62.923600332285545,3.2430721690590048,HIGH,29.922935495303914,0.9358014942952212,62.058915290007064,HIGH,0,0
429_1090,RAINFALL_PLUS_50_PERCENT,50.0,10.086553164642755,6.843480995583744,3.243072169059011,LOW,29.922935495303914,2.1798365122615804e-05,15.936554684543305,LOW,0,0
430_437,RAINFALL_PLUS_50_PERCENT,50.0,61.87998206773025,58.636909898671234,3.243072169059019,HIGH,29.922935495303914,0.860498456944433,60.60868149679752,HIGH,0,0
431_493,RAINFALL_PLUS_50_PERCENT,50.0,68.16610360654613,64.92303143748713,3.2430721690590048,HIGH,29.922935495303914,0.9674848458734008,64.62738297402406,HIGH,0,0
431_668,RAINFALL_PLUS_50_PERCENT,50.0,50.97791136312313,47.73483919406412,3.2430721690590048,HIGH,29.922935495303914,0.668795668545093,57.02450807036339,MODERATE,1,1
435_1590,RAINFALL_PLUS_50_PERCENT,50.0,20.713141389386852,17.470069220327844,3.2430721690590083,LOW,29.922935495303914,0.11688333333333335,57.92859269946836,LOW,0,0
437_491,RAINFALL_PLUS_50_PERCENT,50.0,68.20764899313124,64.96457682407222,3.243072169059019,HIGH,29.922935495303914,0.9716939984399746,62.727802928259614,HIGH,0,0
441_401,RAINFALL_PLUS_50_PERCENT,50.0,50.6424875484189,47.39941537935989,3.243072169059012,HIGH,29.922935495303914,0.6312118665648082,74.34136101247766,MODERATE,1,1
443_1108,RAINFALL_PLUS_50_PERCENT,50.0,9.403695098928939,6.1606229298699295,3.243072169059009,LOW,29.922935495303914,2.1798365122615804e-05,9.107974027405161,LOW,0,0
445_369,RAINFALL_PLUS_50_PERCENT,50.0,68.6669951437237,65.42392297466469,3.2430721690590048,HIGH,29.922935495303914,0.9793624999999999,63.10358857617031,HIGH,0,0
445_447,RAINFALL_PLUS_50_PERCENT,50.0,64.03113999154982,60.78806782249082,3.2430721690590048,HIGH,29.922935495303914,0.9080366385092449,55.974260874346825,HIGH,0,0
446_347,RAINFALL_PLUS_50_PERCENT,50.0,62.23653942481695,58.993467255757935,3.243072169059012,HIGH,29.922935495303914,0.8587774170274173,65.12082702202319,HIGH,0,0
446_365,RAINFALL_PLUS_50_PERCENT,50.0,67.04217173909393,63.79909957003492,3.243072169059012,HIGH,29.922935495303914,0.9490832806672523,63.508925162883735,HIGH,0,0
447_1052,RAINFALL_PLUS_50_PERCENT,50.0,9.84714987965316,6.604077710594148,3.243072169059011,LOW,29.922935495303914,0.004105131698455949,11.296688501314014,LOW,0,0
448_373,RAINFALL_PLUS_50_PERCENT,50.0,67.08786103101605,63.84478886195705,3.2430721690589976,HIGH,29.922935495303914,0.9487420409771478,64.15349991166244,HIGH,0,0
448_377,RAINFALL_PLUS_50_PERCENT,50.0,68.7325210648913,65.48944889583228,3.243072169059019,HIGH,29.922935495303914,0.9812937743966134,62.696646869708836,HIGH,0,0
448_400,RAINFALL_PLUS_50_PERCENT,50.0,69.15825454244039,65.91518237338138,3.2430721690590048,HIGH,29.922935495303914,0.9637218614718618,76.6185337538131,HIGH,0,0
449_361,RAINFALL_PLUS_50_PERCENT,50.0,66.73037489685288,63.48730272779386,3.243072169059019,HIGH,29.922935495303914,0.9441066389222688,63.128109700214175,HIGH,0,0
449_400,RAINFALL_PLUS_50_PERCENT,50.0,68.7648372782885,65.52176510922948,3.243072169059019,HIGH,29.922935495303914,0.9575456709956714,76.08126587419875,HIGH,0,0
449_1054,RAINFALL_PLUS_50_PERCENT,50.0,9.756222446081868,6.513150277022856,3.243072169059012,LOW,29.922935495303914,0.0013955357388599895,11.877691943378867,LOW,0,0
450_489,RAINFALL_PLUS_50_PERCENT,50.0,60.167145897713986,56.924073728654975,3.243072169059012,HIGH,29.922935495303914,0.8378530943890174,55.93526920211348,HIGH,0,0
450_532,RAINFALL_PLUS_50_PERCENT,50.0,14.693741961135032,11.450669792076024,3.2430721690590083,LOW,29.922935495303914,0.0313834960876899,44.75950890205408,LOW,0,0
450_1086,RAINFALL_PLUS_50_PERCENT,50.0,10.569746519525845,7.326674350466835,3.24307216905901,LOW,29.922935495303914,0.0006884650317892824,20.40182156670754,LOW,0,0
451_746,RAINFALL_PLUS_50_PERCENT,50.0,9.412767578646513,6.169695409587502,3.243072169059011,LOW,29.922935495303914,0.0024884650317892826,7.8420321579142165,LOW,0,0
452_484,RAINFALL_PLUS_50_PERCENT,50.0,67.40383804724654,64.16076587818752,3.243072169059019,HIGH,29.922935495303914,0.9657817515817516,57.94142924143515,HIGH,0,0
452_495,RAINFALL_PLUS_50_PERCENT,50.0,67.10201302612457,63.85894085706555,3.243072169059019,HIGH,29.922935495303914,0.9613717948717949,57.348655220691604,HIGH,0,0
452_529,RAINFALL_PLUS_50_PERCENT,50.0,13.087813998470583,9.844741829411573,3.24307216905901,LOW,29.922935495303914,0.01737145812565194,36.40685015453047,LOW,0,0
452_784,RAINFALL_PLUS_50_PERCENT,50.0,9.286366656557362,6.043294487498352,3.24307216905901,LOW,29.922935495303914,2.1798365122615804e-05,7.934689603689386,LOW,0,0
453_391,RAINFALL_PLUS_50_PERCENT,50.0,68.90483480611138,65.66176263705238,3.2430721690590048,HIGH,29.922935495303914,0.9735053927984161,68.70339416091824,HIGH,0,0
453_400,RAINFALL_PLUS_50_PERCENT,50.0,65.0775425719968,61.83447040293779,3.243072169059012,HIGH,29.922935495303914,0.9000757730717377,70.81676266944548,HIGH,0,0
453_407,RAINFALL_PLUS_50_PERCENT,50.0,63.71906013551583,60.47598796645682,3.243072169059012,HIGH,29.922935495303914,0.882109595540119,67.113335947026,HIGH,0,0
453_408,RAINFALL_PLUS_50_PERCENT,50.0,69.21623342341017,65.97316125435115,3.243072169059019,HIGH,29.922935495303914,0.9719458874458877,72.67510827779662,HIGH,0,0
453_411,RAINFALL_PLUS_50_PERCENT,50.0,69.13593173678193,65.89285956772291,3.243072169059019,HIGH,29.922935495303914,0.9736316017316019,70.94494855437135,HIGH,0,0
453_1353,RAINFALL_PLUS_50_PERCENT,50.0,9.461025905338976,6.2179537362799655,3.243072169059011,LOW,29.922935495303914,0.0026884650317892827,8.214615424838858,LOW,0,0
454_496,RAINFALL_PLUS_50_PERCENT,50.0,66.22889723079014,62.985825061731134,3.2430721690590048,HIGH,29.922935495303914,0.9473367840492839,56.33675321972858,HIGH,0,0
455_445,RAINFALL_PLUS_50_PERCENT,50.0,66.28528840102503,63.04221623196602,3.2430721690590048,HIGH,29.922935495303914,0.9407807944307947,60.50645921224641,HIGH,0,0
456_342,RAINFALL_PLUS_50_PERCENT,50.0,62.26461416142678,59.02154199236777,3.2430721690590048,HIGH,29.922935495303914,0.8560244201397593,66.91572267633336,HIGH,0,0
457_503,RAINFALL_PLUS_50_PERCENT,50.0,18.870514992430195,15.627442823371181,3.2430721690590136,LOW,29.922935495303914,0.11615972663314245,39.90031241500676,LOW,0,0
457_1000,RAINFALL_PLUS_50_PERCENT,50.0,9.148341811328896,5.905269642269886,3.24307216905901,LOW,29.922935495303914,2.1798365122615804e-05,6.554441151404723,LOW,0,0
458_197,RAINFALL_PLUS_50_PERCENT,50.0,20.768333628885497,17.525261459826485,3.243072169059012,LOW,29.922935495303914,0.126801781495004,53.02536860553595,LOW,0,0
458_494,RAINFALL_PLUS_50_PERCENT,50.0,66.72041280908103,63.47734064002202,3.2430721690590048,HIGH,29.922935495303914,0.9505420283038281,59.489024662638144,HIGH,0,0
458_665,RAINFALL_PLUS_50_PERCENT,50.0,21.012747279834375,17.769675110775363,3.243072169059012,LOW,29.922935495303914,0.15541977769319357,39.72960720602047,LOW,0,0
459_415,RAINFALL_PLUS_50_PERCENT,50.0,67.64366977293882,64.40059760387982,3.2430721690590048,HIGH,29.922935495303914,0.9454656561461798,71.51359898792252,HIGH,0,0
459_447,RAINFALL_PLUS_50_PERCENT,50.0,67.08423096838963,63.841158799330636,3.2430721690589976,HIGH,29.922935495303914,0.955881673881674,60.19040118790889,HIGH,0,0
459_669,RAINFALL_PLUS_50_PERCENT,50.0,16.032230490222577,12.789158321163566,3.243072169059012,LOW,29.922935495303914,0.07602205917847804,33.593184492996045,LOW,0,0
459_1218,RAINFALL_PLUS_50_PERCENT,50.0,11.228797541372025,7.985725372313014,3.243072169059011,LOW,29.922935495303914,0.0025749119182361694,25.954785997623542,LOW,0,0
460_1285,RAINFALL_PLUS_50_PERCENT,50.0,9.492722320801661,6.249650151742651,3.24307216905901,LOW,29.922935495303914,6.220240552665621e-05,9.976024023910156,LOW,0,0
463_1201,RAINFALL_PLUS_50_PERCENT,50.0,12.084897221320707,8.841825052261697,3.24307216905901,LOW,29.922935495303914,0.010050369793694046,30.404280965608542,LOW,0,0
464_214,RAINFALL_PLUS_50_PERCENT,50.0,40.8264423282277,37.583370159168695,3.2430721690590048,MODERATE,29.922935495303914,0.47765608370057394,60.63658938589456,MODERATE,0,0
464_647,RAINFALL_PLUS_50_PERCENT,50.0,57.10766875583955,53.864596586780536,3.243072169059012,HIGH,29.922935495303914,0.7796880634731701,57.331264787085104,HIGH,0,0
466_1167,RAINFALL_PLUS_50_PERCENT,50.0,9.673024714656812,6.429952545597802,3.24307216905901,LOW,29.922935495303914,0.0006884650317892824,11.434603518017212,LOW,0,0
467_337,RAINFALL_PLUS_50_PERCENT,50.0,63.83140027575349,60.588328106694476,3.243072169059012,HIGH,29.922935495303914,0.8523422159539809,84.60879612177864,HIGH,0,0
468_344,RAINFALL_PLUS_50_PERCENT,50.0,62.51867890556658,59.27560673650758,3.2430721690590048,HIGH,29.922935495303914,0.8399647420067393,78.28919309089237,HIGH,0,0
468_413,RAINFALL_PLUS_50_PERCENT,50.0,60.40187506819839,57.15880289913939,3.2430721690590048,HIGH,29.922935495303914,0.7883281169810583,85.52129848133514,HIGH,0,0
471_565,RAINFALL_PLUS_50_PERCENT,50.0,63.45517987332152,60.21210770426251,3.243072169059012,HIGH,29.922935495303914,0.8450619129236778,84.85075876412567,HIGH,0,0
472_104,RAINFALL_PLUS_50_PERCENT,50.0,16.038909836281757,12.795837667222749,3.2430721690590083,LOW,29.922935495303914,0.07229730483852832,35.70859284056019,LOW,0,0
472_500,RAINFALL_PLUS_50_PERCENT,50.0,16.81195377699445,13.568881607935438,3.243072169059012,LOW,29.922935495303914,0.06069023199023198,49.822922314250086,LOW,0,0
472_543,RAINFALL_PLUS_50_PERCENT,50.0,68.21032811128173,64.9672559422227,3.243072169059019,HIGH,29.922935495303914,0.967843861351762,64.87216950828129,HIGH,0,0
472_912,RAINFALL_PLUS_50_PERCENT,50.0,10.447405198570557,7.204333029511546,3.243072169059011,LOW,29.922935495303914,0.017682411992609864,9.831737528703341,LOW,0,0
473_380,RAINFALL_PLUS_50_PERCENT,50.0,68.91163431881436,65.66856214975536,3.2430721690590048,HIGH,29.922935495303914,0.9843313568538388,62.81710905746554,HIGH,0,0
473_381,RAINFALL_PLUS_50_PERCENT,50.0,69.27418738141128,66.03111521235226,3.243072169059019,HIGH,29.922935495303914,0.9914848603271097,62.508212773135675,HIGH,0,0
473_540,RAINFALL_PLUS_50_PERCENT,50.0,68.89203960721515,65.64896743815615,3.2430721690590048,HIGH,29.922935495303914,0.9783780094380093,65.89550302017952,HIGH,0,0
474_421,RAINFALL_PLUS_50_PERCENT,50.0,56.344007461927376,53.10093529286837,3.2430721690590048,HIGH,29.922935495303914,0.7476859344789579,67.29582279478012,HIGH,0,0
474_471,RAINFALL_PLUS_50_PERCENT,50.0,69.68190279825377,66.43883062919477,3.2430721690590048,HIGH,29.922935495303914,0.9906702620553686,67.03339599101827,HIGH,0,0
475_374,RAINFALL_PLUS_50_PERCENT,50.0,68.32555760817945,65.08248543912043,3.243072169059019,HIGH,29.922935495303914,0.9773327664399093,60.80556667877761,HIGH,0,0
475_386,RAINFALL_PLUS_50_PERCENT,50.0,69.56777981902272,66.32470764996371,3.2430721690590048,HIGH,29.922935495303914,0.9962795918367346,62.80703481895642,HIGH,0,0
475_1305,RAINFALL_PLUS_50_PERCENT,50.0,9.243289032390452,6.000216863331442,3.24307216905901,LOW,29.922935495303914,0.0006884650317892824,7.1372466953536104,LOW,0,0
476_163,RAINFALL_PLUS_50_PERCENT,50.0,14.448653794233653,11.205581625174641,3.243072169059012,LOW,29.922935495303914,0.030256493506493502,42.928478652698296,LOW,0,0
476_416,RAINFALL_PLUS_50_PERCENT,50.0,52.65823807600499,49.41516590694597,3.243072169059019,HIGH,29.922935495303914,0.6688483793983796,73.79878422987434,MODERATE,1,1
476_474,RAINFALL_PLUS_50_PERCENT,50.0,69.91680717555886,66.67373500649985,3.2430721690590048,HIGH,29.922935495303914,0.9922063492063492,68.53759183102979,HIGH,0,0
477_475,RAINFALL_PLUS_50_PERCENT,50.0,69.60215532082863,66.35908315176962,3.2430721690590048,HIGH,29.922935495303914,0.9873301587301588,68.07297804563214,HIGH,0,0
477_561,RAINFALL_PLUS_50_PERCENT,50.0,64.73692204374433,61.49384987468532,3.243072169059012,HIGH,29.922935495303914,0.893690498196022,70.92245856856445,HIGH,0,0
477_1226,RAINFALL_PLUS_50_PERCENT,50.0,10.1485902663818,6.90551809732279,3.243072169059011,LOW,29.922935495303914,2.1798365122615804e-05,16.556925701933764,LOW,0,0
478_384,RAINFALL_PLUS_50_PERCENT,50.0,68.04190225282235,64.79883008376336,3.2430721690589905,HIGH,29.922935495303914,0.9725665859925159,60.5904123712731,HIGH,0,0
478_565,RAINFALL_PLUS_50_PERCENT,50.0,69.92997746560229,66.68690529654329,3.2430721690590048,HIGH,29.922935495303914,0.9820071428571431,74.27885822352745,HIGH,0,0
480_471,RAINFALL_PLUS_50_PERCENT,50.0,69.65852827044564,66.41545610138664,3.2430721690590048,HIGH,29.922935495303914,0.9928498015873016,65.6009039703738,HIGH,0,0
480_517,RAINFALL_PLUS_50_PERCENT,50.0,66.59335220385856,63.35028003479955,3.2430721690590048,HIGH,29.922935495303914,0.9484731547867096,59.35629904482853,HIGH,0,0
480_1139,RAINFALL_PLUS_50_PERCENT,50.0,9.18934348135512,5.946271312296109,3.243072169059011,LOW,29.922935495303914,2.1798365122615804e-05,6.96445785166696,LOW,0,0
482_479,RAINFALL_PLUS_50_PERCENT,50.0,65.46480610398073,62.22173393492172,3.243072169059012,HIGH,29.922935495303914,0.8974921922521921,76.11036744003489,HIGH,0,0
482_483,RAINFALL_PLUS_50_PERCENT,50.0,49.68053527040582,46.43746310134681,3.243072169059012,MODERATE,29.922935495303914,0.6246043493973732,68.35597267443619,MODERATE,0,0
483_365,RAINFALL_PLUS_50_PERCENT,50.0,69.73052933259727,66.48745716353827,3.2430721690590048,HIGH,29.922935495303914,0.9962682823129252,64.44075019279705,HIGH,0,0
483_403,RAINFALL_PLUS_50_PERCENT,50.0,67.52336986756866,64.28029769850966,3.2430721690590048,HIGH,29.922935495303914,0.9520106256332319,66.71086671634224,HIGH,0,0
484_334,RAINFALL_PLUS_50_PERCENT,50.0,62.34555376794099,59.10248159888198,3.243072169059012,HIGH,29.922935495303914,0.8618685036660038,64.51087280204104,HIGH,0,0
486_416,RAINFALL_PLUS_50_PERCENT,50.0,67.84420691741363,64.60113474835461,3.243072169059019,HIGH,29.922935495303914,0.9480674603174607,72.08797813846603,HIGH,0,0
488_406,RAINFALL_PLUS_50_PERCENT,50.0,68.84360051312962,65.60052834407063,3.2430721690589905,HIGH,29.922935495303914,0.9777339285714289,65.76535655594348,HIGH,0,0
488_504,RAINFALL_PLUS_50_PERCENT,50.0,68.69322523605801,65.45015306699901,3.2430721690590048,HIGH,29.922935495303914,0.978127152597553,64.04533057085919,HIGH,0,0
489_364,RAINFALL_PLUS_50_PERCENT,50.0,66.24094144615478,62.997869277095774,3.2430721690590048,HIGH,29.922935495303914,0.9270922077922078,67.5917123147667,HIGH,0,0
489_371,RAINFALL_PLUS_50_PERCENT,50.0,67.6336999656754,64.3906277966164,3.2430721690590048,HIGH,29.922935495303914,0.9583993369064797,64.3003764971234,HIGH,0,0
489_412,RAINFALL_PLUS_50_PERCENT,50.0,68.16863453394357,64.92556236488457,3.2430721690590048,HIGH,29.922935495303914,0.963666700082039,66.75267243324751,HIGH,0,0
489_418,RAINFALL_PLUS_50_PERCENT,50.0,68.26295435746245,65.01988218840344,3.2430721690590048,HIGH,29.922935495303914,0.967023592654116,65.8495797537939,HIGH,0,0
489_419,RAINFALL_PLUS_50_PERCENT,50.0,65.07106423378075,61.82799206472173,3.243072169059019,HIGH,29.922935495303914,0.9010617364117367,70.20969945028541,HIGH,0,0
489_470,RAINFALL_PLUS_50_PERCENT,50.0,68.28426197326053,65.04118980420152,3.2430721690590048,HIGH,29.922935495303914,0.959012578810079,70.46871352599511,HIGH,0,0
491_371,RAINFALL_PLUS_50_PERCENT,50.0,69.67723735556653,66.43416518650751,3.243072169059019,HIGH,29.922935495303914,0.9966794871794873,63.68166774588051,HIGH,0,0
491_416,RAINFALL_PLUS_50_PERCENT,50.0,68.57280294085982,65.32973077180083,3.2430721690589905,HIGH,29.922935495303914,0.970576676695464,66.99386936502627,HIGH,0,0
491_442,RAINFALL_PLUS_50_PERCENT,50.0,68.0559522529875,64.81288008392849,3.2430721690590048,HIGH,29.922935495303914,0.9630881669686904,65.94404283602849,HIGH,0,0
491_456,RAINFALL_PLUS_50_PERCENT,50.0,68.19667217665805,64.95360000759905,3.2430721690590048,HIGH,29.922935495303914,0.9658139160356443,65.8520800859095,HIGH,0,0
491_555,RAINFALL_PLUS_50_PERCENT,50.0,68.28242319106499,65.039351022006,3.2430721690589905,HIGH,29.922935495303914,0.9689166441517506,65.0030897661204,HIGH,0,0
491_1386,RAINFALL_PLUS_50_PERCENT,50.0,9.926541731671739,6.6834695626127285,3.24307216905901,LOW,29.922935495303914,0.0018217983651226159,13.34644035483315,LOW,0,0
492_301,RAINFALL_PLUS_50_PERCENT,50.0,53.545229561308304,50.3021573922493,3.2430721690590048,HIGH,29.922935495303914,0.7140058062002967,57.832114341853,HIGH,0,0
492_508,RAINFALL_PLUS_50_PERCENT,50.0,68.86305114461138,65.61997897555237,3.2430721690590048,HIGH,29.922935495303914,0.9812729933581,64.01337723809193,HIGH,0,0
492_528,RAINFALL_PLUS_50_PERCENT,50.0,69.46940862890585,66.22633645984685,3.2430721690590048,HIGH,29.922935495303914,0.9978095238095237,60.98186033275367,HIGH,0,0
492_909,RAINFALL_PLUS_50_PERCENT,50.0,10.59293851627192,7.349866347212909,3.243072169059011,LOW,29.922935495303914,0.016691162449314286,11.832257954529533,LOW,0,0
493_355,RAINFALL_PLUS_50_PERCENT,50.0,20.01502321988732,16.771951050828307,3.243072169059012,LOW,29.922935495303914,0.10117512095747389,59.58692781119572,LOW,0,0
493_441,RAINFALL_PLUS_50_PERCENT,50.0,64.29805043106585,61.054978262006834,3.243072169059012,HIGH,29.922935495303914,0.8892918618848854,68.95299241290466,HIGH,0,0
494_471,RAINFALL_PLUS_50_PERCENT,50.0,64.1153145536871,60.872242384628095,3.2430721690590048,HIGH,29.922935495303914,0.8739502801120449,75.56350361417952,HIGH,0,0
494_508,RAINFALL_PLUS_50_PERCENT,50.0,68.40476245699622,65.1616902879372,3.243072169059019,HIGH,29.922935495303914,0.9747697608022358,63.00726826766566,HIGH,0,0
495_374,RAINFALL_PLUS_50_PERCENT,50.0,67.56665672453815,64.32358455547913,3.243072169059019,HIGH,29.922935495303914,0.9653256416202844,59.8204764931582,HIGH,0,0
495_395,RAINFALL_PLUS_50_PERCENT,50.0,69.34064483055663,66.09757266149762,3.2430721690590048,HIGH,29.922935495303914,0.9960367346938777,60.669256362866776,HIGH,0,0
495_397,RAINFALL_PLUS_50_PERCENT,50.0,68.9933513304398,65.75027916138077,3.243072169059019,HIGH,29.922935495303914,0.991386475231118,59.75396406621619,HIGH,0,0
495_435,RAINFALL_PLUS_50_PERCENT,50.0,68.67510089635994,65.43202872730092,3.243072169059019,HIGH,29.922935495303914,0.9706817460317463,67.95906078507203,HIGH,0,0
495_450,RAINFALL_PLUS_50_PERCENT,50.0,68.14630343651699,64.90323126745798,3.2430721690590048,HIGH,29.922935495303914,0.9635898282863,66.57164094663817,HIGH,0,0
495_461,RAINFALL_PLUS_50_PERCENT,50.0,69.87500778174807,66.63193561268906,3.2430721690590048,HIGH,29.922935495303914,0.9974444444444444,65.23864551196958,HIGH,0,0
495_469,RAINFALL_PLUS_50_PERCENT,50.0,69.56382283055895,66.32075066149993,3.243072169059019,HIGH,29.922935495303914,0.9777906090808416,72.93640545005977,HIGH,0,0
495_1418,RAINFALL_PLUS_50_PERCENT,50.0,10.119997541142574,6.876925372083564,3.24307216905901,LOW,29.922935495303914,2.1798365122615804e-05,16.2709984495415,LOW,0,0
496_376,RAINFALL_PLUS_50_PERCENT,50.0,68.83192673752137,65.58885456846235,3.243072169059019,HIGH,29.922935495303914,0.9839113875964941,62.251016336075104,HIGH,0,0
496_463,RAINFALL_PLUS_50_PERCENT,50.0,69.56728934934935,66.32421718029035,3.2430721690590048,HIGH,29.922935495303914,0.9868125112312983,68.0090244552126,HIGH,0,0
496_465,RAINFALL_PLUS_50_PERCENT,50.0,70.08545318450453,66.84238101544553,3.2430721690590048,HIGH,29.922935495303914,0.9934241269841271,69.55427414270864,HIGH,0,0
496_1659,RAINFALL_PLUS_50_PERCENT,50.0,15.168565603373366,11.925493434314356,3.24307216905901,LOW,29.922935495303914,0.03570352449482885,47.131729700511,LOW,0,0
497_464,RAINFALL_PLUS_50_PERCENT,50.0,68.0687817683622,64.8257095993032,3.2430721690590048,HIGH,29.922935495303914,0.9593900725588599,68.1062899151823,HIGH,0,0
497_527,RAINFALL_PLUS_50_PERCENT,50.0,67.81818217947277,64.57511001041377,3.2430721690590048,HIGH,29.922935495303914,0.9663494243345306,61.772650549669095,HIGH,0,0
497_916,RAINFALL_PLUS_50_PERCENT,50.0,9.766145436109042,6.523073267050033,3.243072169059009,LOW,29.922935495303914,0.0024384650317892825,11.403310732539529,LOW,0,0
499_373,RAINFALL_PLUS_50_PERCENT,50.0,65.82657653494896,62.583504365889944,3.243072169059012,HIGH,29.922935495303914,0.9346277203223629,59.303531311123194,HIGH,0,0
499_1383,RAINFALL_PLUS_50_PERCENT,50.0,10.309257650462547,7.0661854814035365,3.24307216905901,LOW,29.922935495303914,2.1798365122615804e-05,18.163599542741235,LOW,0,0
500_338,RAINFALL_PLUS_50_PERCENT,50.0,69.51807116554849,66.27499899648949,3.2430721690590048,HIGH,29.922935495303914,0.9874196969696969,67.18289046108484,HIGH,0,0
500_339,RAINFALL_PLUS_50_PERCENT,50.0,68.99737698102477,65.75430481196577,3.2430721690590048,HIGH,29.922935495303914,0.9787393536695861,66.75013743090858,HIGH,0,0
500_427,RAINFALL_PLUS_50_PERCENT,50.0,68.28182962744167,65.03875745838266,3.2430721690590048,HIGH,29.922935495303914,0.9718918466223702,63.36079277104627,HIGH,0,0
500_508,RAINFALL_PLUS_50_PERCENT,50.0,68.9799405653573,65.73686839629829,3.2430721690590048,HIGH,29.922935495303914,0.980224396089735,65.75899994315205,HIGH,0,0
501_470,RAINFALL_PLUS_50_PERCENT,50.0,69.79878353659466,66.55571136753565,3.2430721690590048,HIGH,29.922935495303914,0.9888028205128208,69.2292962228284,HIGH,0,0
501_529,RAINFALL_PLUS_50_PERCENT,50.0,68.85772346623249,65.61465129717347,3.243072169059019,HIGH,29.922935495303914,0.98093444746468,64.14630069568406,HIGH,0,0
501_531,RAINFALL_PLUS_50_PERCENT,50.0,68.36306271685501,65.11999054779601,3.2430721690590048,HIGH,29.922935495303914,0.9817434523809525,58.75474049795937,HIGH,0,0
503_461,RAINFALL_PLUS_50_PERCENT,50.0,69.54809897034357,66.30502680128457,3.2430721690590048,HIGH,29.922935495303914,0.9899611111111113,66.0853907312577,HIGH,0,0
505_335,RAINFALL_PLUS_50_PERCENT,50.0,65.21710299816577,61.97403082910676,3.243072169059012,HIGH,29.922935495303914,0.9127878081729146,65.22074762548789,HIGH,0,0
505_338,RAINFALL_PLUS_50_PERCENT,50.0,61.54502685214695,58.30195468308794,3.2430721690590048,HIGH,29.922935495303914,0.8442871290738796,66.17535966976891,HIGH,0,0
505_410,RAINFALL_PLUS_50_PERCENT,50.0,58.137260374049156,54.89418820499015,3.2430721690590048,HIGH,29.922935495303914,0.7915765021709925,61.08853968537894,HIGH,0,0
505_647,RAINFALL_PLUS_50_PERCENT,50.0,10.129033318808899,6.885961149749889,3.24307216905901,LOW,29.922935495303914,0.0015622024055266563,15.51413400398253,LOW,0,0
506_339,RAINFALL_PLUS_50_PERCENT,50.0,68.26666019219266,65.02358802313364,3.243072169059019,HIGH,29.922935495303914,0.9609193362193363,69.24397914022471,HIGH,0,0
506_378,RAINFALL_PLUS_50_PERCENT,50.0,69.43909257903995,66.19602040998095,3.2430721690590048,HIGH,29.922935495303914,0.9953367346938775,62.03873384770009,HIGH,0,0
506_420,RAINFALL_PLUS_50_PERCENT,50.0,65.58732600250545,62.34425383344644,3.243072169059012,HIGH,29.922935495303914,0.9216906533711768,64.0264128098405,HIGH,0,0
506_422,RAINFALL_PLUS_50_PERCENT,50.0,68.75448758689677,65.51141541783775,3.243072169059019,HIGH,29.922935495303914,0.9753880767811001,66.16444577829587,HIGH,0,0
506_464,RAINFALL_PLUS_50_PERCENT,50.0,68.08611178342987,64.84303961437085,3.243072169059019,HIGH,29.922935495303914,0.9651863850749398,65.09161818201495,HIGH,0,0
507_422,RAINFALL_PLUS_50_PERCENT,50.0,66.7714098939937,63.5283377249347,3.2430721690590048,HIGH,29.922935495303914,0.9434850645155877,63.880325595297194,HIGH,0,0
508_338,RAINFALL_PLUS_50_PERCENT,50.0,65.60206450737255,62.35899233831354,3.2430721690590048,HIGH,29.922935495303914,0.9208585132890368,64.63147490368843,HIGH,0,0
508_340,RAINFALL_PLUS_50_PERCENT,50.0,67.28847840304934,64.04540623399033,3.2430721690590048,HIGH,29.922935495303914,0.9479601005906241,66.58974084458332,HIGH,0,0
508_349,RAINFALL_PLUS_50_PERCENT,50.0,68.20978963018888,64.96671746112989,3.2430721690589905,HIGH,29.922935495303914,0.9561103896103897,71.32019415510776,HIGH,0,0
508_1254,RAINFALL_PLUS_50_PERCENT,50.0,10.104771943406783,6.861699774347773,3.24307216905901,LOW,29.922935495303914,2.1798365122615804e-05,16.118742472183598,LOW,0,0
509_340,RAINFALL_PLUS_50_PERCENT,50.0,66.68697012966716,63.44389796060814,3.243072169059019,HIGH,29.922935495303914,0.9367069259874494,66.76390414250763,HIGH,0,0
509_374,RAINFALL_PLUS_50_PERCENT,50.0,68.84055276008387,65.59748059102486,3.2430721690590048,HIGH,29.922935495303914,0.9851379251700682,61.66268089623442,HIGH,0,0
509_731,RAINFALL_PLUS_50_PERCENT,50.0,9.396941096327057,6.153868927268047,3.243072169059009,LOW,29.922935495303914,6.220240552665621e-05,9.018211779164112,LOW,0,0
510_407,RAINFALL_PLUS_50_PERCENT,50.0,57.60706570880399,54.363993539744975,3.243072169059012,HIGH,29.922935495303914,0.7828883458828362,60.56507899141316,HIGH,0,0
512_326,RAINFALL_PLUS_50_PERCENT,50.0,53.36406681507014,50.120994646011134,3.2430721690590048,HIGH,29.922935495303914,0.7061318650793652,60.351154495983714,HIGH,0,0
512_511,RAINFALL_PLUS_50_PERCENT,50.0,54.661934451102034,51.41886228204302,3.243072169059012,HIGH,29.922935495303914,0.7091497128461843,71.67001458455216,HIGH,0,0
515_405,RAINFALL_PLUS_50_PERCENT,50.0,69.5276323891134,66.2845602200544,3.2430721690590048,HIGH,29.922935495303914,0.9953333333333334,62.926002696733875,HIGH,0,0
516_395,RAINFALL_PLUS_50_PERCENT,50.0,69.51651532341158,66.27344315435258,3.2430721690590048,HIGH,29.922935495303914,0.999,60.79816537304906,HIGH,0,0
517_370,RAINFALL_PLUS_50_PERCENT,50.0,66.48624175454056,63.24316958548155,3.2430721690590048,HIGH,29.922935495303914,0.9418056941563274,61.952297898358644,HIGH,0,0
517_406,RAINFALL_PLUS_50_PERCENT,50.0,69.64842720225612,66.40535503319711,3.2430721690590048,HIGH,29.922935495303914,0.9983461538461538,62.47689954610976,HIGH,0,0
518_325,RAINFALL_PLUS_50_PERCENT,50.0,44.467950885152355,41.22487871609334,3.243072169059012,MODERATE,29.922935495303914,0.5426971500721501,61.279088450774125,MODERATE,0,0
518_538,RAINFALL_PLUS_50_PERCENT,50.0,68.91375085794684,65.67067868888783,3.2430721690590048,HIGH,29.922935495303914,0.9777140873015873,66.4777727025286,HIGH,0,0
519_403,RAINFALL_PLUS_50_PERCENT,50.0,67.26228118782412,64.01920901876511,3.2430721690590048,HIGH,29.922935495303914,0.9559086987109479,61.95603972615296,HIGH,0,0
520_446,RAINFALL_PLUS_50_PERCENT,50.0,26.06585877373994,22.82278660468093,3.243072169059012,MODERATE,29.922935495303914,0.22325579975579984,52.95091001064268,LOW,1,1
520_574,RAINFALL_PLUS_50_PERCENT,50.0,64.33355890105648,61.090486731997466,3.243072169059012,HIGH,29.922935495303914,0.8917697482634758,67.94523960458628,HIGH,0,0
521_323,RAINFALL_PLUS_50_PERCENT,50.0,56.45463376034757,53.211561591288564,3.2430721690590048,HIGH,29.922935495303914,0.7557944836116264,63.9423837560144,HIGH,0,0
521_410,RAINFALL_PLUS_50_PERCENT,50.0,68.12803515036325,64.88496298130423,3.243072169059019,HIGH,29.922935495303914,0.9689688539245485,63.43049398406394,HIGH,0,0
521_571,RAINFALL_PLUS_50_PERCENT,50.0,67.56510363808427,64.32203146902525,3.243072169059019,HIGH,29.922935495303914,0.944052356902357,71.50525222347956,HIGH,0,0
521_736,RAINFALL_PLUS_50_PERCENT,50.0,9.741932888414082,6.498860719355072,3.24307216905901,LOW,29.922935495303914,0.004832909476233727,9.844240811145474,LOW,0,0
522_511,RAINFALL_PLUS_50_PERCENT,50.0,69.50756776713136,66.26449559807236,3.2430721690590048,HIGH,29.922935495303914,0.9881912513842748,66.65350154889566,HIGH,0,0
522_558,RAINFALL_PLUS_50_PERCENT,50.0,67.1445110338433,63.901438864784296,3.2430721690590048,HIGH,29.922935495303914,0.9206399626517275,80.17614301891608,HIGH,0,0
523_1106,RAINFALL_PLUS_50_PERCENT,50.0,9.585613529790042,6.3425413607310315,3.24307216905901,LOW,29.922935495303914,6.220240552665621e-05,10.904936113793957,LOW,0,0
524_401,RAINFALL_PLUS_50_PERCENT,50.0,69.43419990874143,66.19112773968243,3.2430721690590048,HIGH,29.922935495303914,0.9909636577708005,64.39499945240738,HIGH,0,0
524_1025,RAINFALL_PLUS_50_PERCENT,50.0,9.440926512383252,6.1978543433242415,3.24307216905901,LOW,29.922935495303914,2.1798365122615804e-05,9.480288161948282,LOW,0,0
526_513,RAINFALL_PLUS_50_PERCENT,50.0,69.14192000482235,65.89884783576333,3.243072169059019,HIGH,29.922935495303914,0.9843047619047619,65.13459313953763,HIGH,0,0
527_361,RAINFALL_PLUS_50_PERCENT,50.0,30.01003044963572,26.766958280576713,3.2430721690590083,MODERATE,29.922935495303914,0.2856982905415129,58.04925683745829,MODERATE,0,0
527_403,RAINFALL_PLUS_50_PERCENT,50.0,69.50834563453347,66.26527346547445,3.243072169059019,HIGH,29.922935495303914,0.9957863095238094,62.48399824617269,HIGH,0,0
527_479,RAINFALL_PLUS_50_PERCENT,50.0,50.59398208751053,47.35090991845152,3.243072169059012,HIGH,29.922935495303914,0.6253707374325019,77.06892742616249,MODERATE,1,1
527_1427,RAINFALL_PLUS_50_PERCENT,50.0,13.387966482785046,10.144894313726034,3.243072169059012,LOW,29.922935495303914,0.02151587301587302,37.128946808053485,LOW,0,0
531_260,RAINFALL_PLUS_50_PERCENT,50.0,27.267696596648502,24.02462442758949,3.243072169059012,MODERATE,29.922935495303914,0.24073702571937877,55.35461395975987,LOW,1,1
531_402,RAINFALL_PLUS_50_PERCENT,50.0,69.9543312919746,66.71125912291559,3.2430721690590048,HIGH,29.922935495303914,0.995665306122449,67.01040669133221,HIGH,0,0
533_95,RAINFALL_PLUS_50_PERCENT,50.0,11.094308930549724,7.851236761490714,3.24307216905901,LOW,29.922935495303914,0.016392064372680624,17.010466039456094,LOW,0,0
533_421,RAINFALL_PLUS_50_PERCENT,50.0,69.13579865467783,65.89272648561882,3.2430721690590048,HIGH,29.922935495303914,0.9886202844774273,62.69984222312651,HIGH,0,0
533_516,RAINFALL_PLUS_50_PERCENT,50.0,68.29170683235789,65.04863466329888,3.2430721690590048,HIGH,29.922935495303914,0.9691196087202419,64.98429566637908,HIGH,0,0
533_525,RAINFALL_PLUS_50_PERCENT,50.0,68.46547478530508,65.22240261624609,3.2430721690589905,HIGH,29.922935495303914,0.9812802328623758,60.03363191767739,HIGH,0,0
533_527,RAINFALL_PLUS_50_PERCENT,50.0,69.42121629503818,66.17814412597917,3.2430721690590048,HIGH,29.922935495303914,0.9956333333333335,61.696841755981694,HIGH,0,0
534_423,RAINFALL_PLUS_50_PERCENT,50.0,52.467512502766404,49.2244403337074,3.2430721690590048,HIGH,29.922935495303914,0.6969173944483862,56.45357021998487,MODERATE,1,1
535_207,RAINFALL_PLUS_50_PERCENT,50.0,13.231535769464154,9.988463600405144,3.24307216905901,LOW,29.922935495303914,0.03133903872762534,30.161898533380793,LOW,0,0
535_399,RAINFALL_PLUS_50_PERCENT,50.0,68.59151349227109,65.34844132321209,3.2430721690590048,HIGH,29.922935495303914,0.9615661531279178,72.13676284128931,HIGH,0,0
535_562,RAINFALL_PLUS_50_PERCENT,50.0,69.01631873500412,65.7732465659451,3.243072169059019,HIGH,29.922935495303914,0.978956188806822,66.82029564522225,HIGH,0,0
535_1002,RAINFALL_PLUS_50_PERCENT,50.0,9.436592913834806,6.193520744775797,3.243072169059009,LOW,29.922935495303914,2.1798365122615804e-05,9.436952176463832,LOW,0,0
535_1337,RAINFALL_PLUS_50_PERCENT,50.0,10.174612115793696,6.931539946734686,3.24307216905901,LOW,29.922935495303914,2.1798365122615804e-05,16.81714419605273,LOW,0,0
536_487,RAINFALL_PLUS_50_PERCENT,50.0,68.91881201236244,65.67573984330343,3.2430721690590048,HIGH,29.922935495303914,0.9633488936988939,74.42924072816598,HIGH,0,0
536_1256,RAINFALL_PLUS_50_PERCENT,50.0,11.092306460972637,7.849234291913627,3.24307216905901,LOW,29.922935495303914,0.006702750746074996,22.319563838318327,LOW,0,0
538_333,RAINFALL_PLUS_50_PERCENT,50.0,68.37778128035492,65.13470911129592,3.2430721690590048,HIGH,29.922935495303914,0.9740619047619049,63.12677732343476,HIGH,0,0
538_344,RAINFALL_PLUS_50_PERCENT,50.0,62.801687252052204,59.55861508299319,3.243072169059012,HIGH,29.922935495303914,0.8790947828034034,59.59775411758336,HIGH,0,0
539_87,RAINFALL_PLUS_50_PERCENT,50.0,10.954976496185791,7.7119043271267795,3.243072169059012,LOW,29.922935495303914,0.012765310196269697,17.611856492842765,LOW,0,0
539_536,RAINFALL_PLUS_50_PERCENT,50.0,68.35126299458838,65.10819082552936,3.243072169059019,HIGH,29.922935495303914,0.977144662429769,61.16607774844397,HIGH,0,0
539_999,RAINFALL_PLUS_50_PERCENT,50.0,9.56951570511756,6.326443536058551,3.243072169059009,LOW,29.922935495303914,0.001421798365122616,9.99618008929137,LOW,0,0
540_318,RAINFALL_PLUS_50_PERCENT,50.0,66.94921811634373,63.70614594728472,3.243072169059012,HIGH,29.922935495303914,0.9304626799557034,72.82071932673368,HIGH,0,0
540_410,RAINFALL_PLUS_50_PERCENT,50.0,69.03841016451449,65.79533799545548,3.2430721690590048,HIGH,29.922935495303914,0.9793034920634922,66.85019314915746,HIGH,0,0
540_1507,RAINFALL_PLUS_50_PERCENT,50.0,9.516594237175116,6.273522068116106,3.24307216905901,LOW,29.922935495303914,6.220240552665621e-05,10.214743187644707,LOW,0,0
542_393,RAINFALL_PLUS_50_PERCENT,50.0,66.3164971525557,63.073424983496686,3.243072169059012,HIGH,29.922935495303914,0.91598110484287,74.45837600091176,HIGH,0,0
542_1302,RAINFALL_PLUS_50_PERCENT,50.0,10.934639699772859,7.691567530713849,3.24307216905901,LOW,29.922935495303914,0.002348721442045693,23.137612343536652,LOW,0,0
542_1519,RAINFALL_PLUS_50_PERCENT,50.0,9.59593585637447,6.352863687315461,3.24307216905901,LOW,29.922935495303914,2.1798365122615804e-05,11.030381601860473,LOW,0,0
544_1333,RAINFALL_PLUS_50_PERCENT,50.0,11.169426697674295,7.926354528615283,3.243072169059012,LOW,29.922935495303914,0.004090784934109185,24.52734740191608,LOW,0,0
545_453,RAINFALL_PLUS_50_PERCENT,50.0,69.4097986011876,66.1667264321286,3.2430721690590048,HIGH,29.922935495303914,0.9957666666666668,61.50933148414256,HIGH,0,0
546_369,RAINFALL_PLUS_50_PERCENT,50.0,54.43737450204561,51.1943023329866,3.2430721690590048,HIGH,29.922935495303914,0.7174367715617714,64.86653280041502,HIGH,0,0
546_455,RAINFALL_PLUS_50_PERCENT,50.0,69.62154866860686,66.37847649954784,3.243072169059019,HIGH,29.922935495303914,0.9987727272727273,61.97349882500178,HIGH,0,0
547_369,RAINFALL_PLUS_50_PERCENT,50.0,68.33170188140875,65.08862971234974,3.2430721690590048,HIGH,29.922935495303914,0.9768973595848596,61.10648318134787,HIGH,0,0
547_397,RAINFALL_PLUS_50_PERCENT,50.0,67.67467391941088,64.43160175035187,3.2430721690590048,HIGH,29.922935495303914,0.9466581308198958,71.16777938209931,HIGH,0,0
548_402,RAINFALL_PLUS_50_PERCENT,50.0,68.58175519343862,65.33868302437962,3.2430721690590048,HIGH,29.922935495303914,0.9689189309056957,67.99515207518685,HIGH,0,0
548_409,RAINFALL_PLUS_50_PERCENT,50.0,69.75991447635951,66.51684230730051,3.2430721690590048,HIGH,29.922935495303914,0.9950749999999999,65.39090690252837,HIGH,0,0
548_1170,RAINFALL_PLUS_50_PERCENT,50.0,10.363516360982464,7.120444191923454,3.24307216905901,LOW,29.922935495303914,0.0013551316984559492,17.972853314607068,LOW,0,0
549_320,RAINFALL_PLUS_50_PERCENT,50.0,66.72033575794839,63.477263588889386,3.2430721690590048,HIGH,29.922935495303914,0.9317069259874492,69.84756042531995,HIGH,0,0
549_343,RAINFALL_PLUS_50_PERCENT,50.0,66.85163322667553,63.60856105761653,3.2430721690590048,HIGH,29.922935495303914,0.9493563687789749,61.45334157725229,HIGH,0,0
549_364,RAINFALL_PLUS_50_PERCENT,50.0,63.67561585056863,60.43254368150963,3.2430721690590048,HIGH,29.922935495303914,0.8931956626706635,60.58155617575463,HIGH,0,0
549_640,RAINFALL_PLUS_50_PERCENT,50.0,13.241266170221111,9.9981940011621,3.243072169059012,LOW,29.922935495303914,0.025041476958043648,33.72286151422029,LOW,0,0
550_455,RAINFALL_PLUS_50_PERCENT,50.0,65.66841885583753,62.42534668677853,3.2430721690589976,HIGH,29.922935495303914,0.9304028022012494,60.0456594866214,HIGH,0,0
551_319,RAINFALL_PLUS_50_PERCENT,50.0,54.5773346509435,51.33426248188449,3.243072169059012,HIGH,29.922935495303914,0.7121449490754723,69.17663665685842,HIGH,0,0
551_633,RAINFALL_PLUS_50_PERCENT,50.0,67.95897463911662,64.71590247005761,3.2430721690590048,HIGH,29.922935495303914,0.9729055934672367,59.574682123119175,HIGH,0,0
552_593,RAINFALL_PLUS_50_PERCENT,50.0,69.09316535350298,65.85009318444396,3.243072169059019,HIGH,29.922935495303914,0.9872401891252954,63.032561655050486,HIGH,0,0
553_61,RAINFALL_PLUS_50_PERCENT,50.0,11.687153867173647,8.444081698114637,3.24307216905901,LOW,29.922935495303914,0.002399662800187518,30.63473627056653,LOW,0,0
554_344,RAINFALL_PLUS_50_PERCENT,50.0,68.09133863999982,64.84826647094081,3.2430721690590048,HIGH,29.922935495303914,0.9671465383316447,64.06580245652694,HIGH,0,0
556_419,RAINFALL_PLUS_50_PERCENT,50.0,65.7539417318982,62.51086956283919,3.2430721690590048,HIGH,29.922935495303914,0.929896492322903,61.17935868031862,HIGH,0,0
558_636,RAINFALL_PLUS_50_PERCENT,50.0,68.1296763976347,64.88660422857569,3.2430721690590048,HIGH,29.922935495303914,0.9754558870303115,59.87903824860879,HIGH,0,0
558_1664,RAINFALL_PLUS_50_PERCENT,50.0,11.056192771866076,7.813120602807066,3.24307216905901,LOW,29.922935495303914,0.009314655507979759,20.521879328205095,LOW,0,0
559_21,RAINFALL_PLUS_50_PERCENT,50.0,15.354902489536045,12.111830320477033,3.243072169059012,LOW,29.922935495303914,0.039040476190476195,47.15977512953173,LOW,0,0
559_258,RAINFALL_PLUS_50_PERCENT,50.0,15.683443765136378,12.440371596077366,3.243072169059012,LOW,29.922935495303914,0.051910413299192666,43.366722475740985,LOW,0,0
559_826,RAINFALL_PLUS_50_PERCENT,50.0,21.549860972425098,18.306788803366086,3.243072169059012,LOW,29.922935495303914,0.1507498214089907,47.66922008823924,LOW,0,0
561_186,RAINFALL_PLUS_50_PERCENT,50.0,20.416691168615777,17.173618999556766,3.243072169059012,LOW,29.922935495303914,0.13916082005369934,42.711472795556304,LOW,0,0
562_330,RAINFALL_PLUS_50_PERCENT,50.0,60.53213591480271,57.28906374574369,3.243072169059019,HIGH,29.922935495303914,0.7947068624186271,83.31559695671532,HIGH,0,0
562_407,RAINFALL_PLUS_50_PERCENT,50.0,67.83848807011582,64.5954159010568,3.243072169059019,HIGH,29.922935495303914,0.9665256235827665,61.87879986956977,HIGH,0,0
562_504,RAINFALL_PLUS_50_PERCENT,50.0,62.110006077158495,58.86693390809948,3.243072169059012,HIGH,29.922935495303914,0.8606751381048874,62.81174695283013,HIGH,0,0
563_339,RAINFALL_PLUS_50_PERCENT,50.0,67.98164907089274,64.73857690183374,3.2430721690590048,HIGH,29.922935495303914,0.9557217505870894,69.25254002496145,HIGH,0,0
564_748,RAINFALL_PLUS_50_PERCENT,50.0,11.0776661164269,7.834593947367891,3.24307216905901,LOW,29.922935495303914,0.013407353161203728,18.485629064540156,LOW,0,0
566_408,RAINFALL_PLUS_50_PERCENT,50.0,67.34203036154159,64.09895819248258,3.2430721690590048,HIGH,29.922935495303914,0.9603194099045167,60.32764030686497,HIGH,0,0
566_414,RAINFALL_PLUS_50_PERCENT,50.0,68.58937690128525,65.34630473222624,3.2430721690590048,HIGH,29.922935495303914,0.9815152691056083,61.14338314370114,HIGH,0,0
566_970,RAINFALL_PLUS_50_PERCENT,50.0,10.81245423867342,7.569382069614409,3.24307216905901,LOW,29.922935495303914,0.009629999015696148,17.91105506703451,LOW,0,0
568_890,RAINFALL_PLUS_50_PERCENT,50.0,11.924193384494643,8.681121215435631,3.243072169059012,LOW,29.922935495303914,0.014805059548383799,26.18216323226853,LOW,0,0
570_402,RAINFALL_PLUS_50_PERCENT,50.0,68.73262576083579,65.48955359177678,3.2430721690590048,HIGH,29.922935495303914,0.983587031217264,61.43640257779589,HIGH,0,0
577_896,RAINFALL_PLUS_50_PERCENT,50.0,10.945723600070862,7.7026514310118515,3.24307216905901,LOW,29.922935495303914,0.008362202405526657,19.941036816602153,LOW,0,0
583_493,RAINFALL_PLUS_50_PERCENT,50.0,68.87250506831357,65.62943289925457,3.2430721690590048,HIGH,29.922935495303914,0.9753179570429571,67.38318644844253,HIGH,0,0
587_470,RAINFALL_PLUS_50_PERCENT,50.0,27.602198758540048,24.359126589481043,3.2430721690590048,MODERATE,29.922935495303914,0.2291925548925549,65.04909453342849,LOW,1,1
587_492,RAINFALL_PLUS_50_PERCENT,50.0,46.495052813017466,43.25198064395846,3.2430721690590048,MODERATE,29.922935495303914,0.573838486322107,64.42237279194902,MODERATE,0,0
588_407,RAINFALL_PLUS_50_PERCENT,50.0,68.81312946061568,65.57005729155667,3.243072169059019,HIGH,29.922935495303914,0.9829015647866712,62.61844611242084,HIGH,0,0
589_492,RAINFALL_PLUS_50_PERCENT,50.0,69.61544648725749,66.37237431819848,3.2430721690590048,HIGH,29.922935495303914,0.9844045565545566,69.814970906502,HIGH,0,0
589_493,RAINFALL_PLUS_50_PERCENT,50.0,68.74847109805016,65.50539892899114,3.243072169059019,HIGH,29.922935495303914,0.9751315476190477,66.24537192895845,HIGH,0,0
589_500,RAINFALL_PLUS_50_PERCENT,50.0,25.111224686664194,21.868152517605182,3.243072169059012,MODERATE,29.922935495303914,0.20252674155909445,54.80555114807319,LOW,1,1
590_414,RAINFALL_PLUS_50_PERCENT,50.0,68.1834054127255,64.9403332436665,3.2430721690590048,HIGH,29.922935495303914,0.9716615079365081,62.50323690110885,HIGH,0,0
590_952,RAINFALL_PLUS_50_PERCENT,50.0,12.46932550498355,9.226253335924538,3.243072169059012,LOW,29.922935495303914,0.03100747544370861,22.72215569472895,LOW,0,0
590_1117,RAINFALL_PLUS_50_PERCENT,50.0,10.16600611080409,6.9229339417450815,3.243072169059009,LOW,29.922935495303914,0.003321798365122616,14.91608414615668,LOW,0,0
592_410,RAINFALL_PLUS_50_PERCENT,50.0,68.15566157263422,64.9125894035752,3.243072169059019,HIGH,29.922935495303914,0.9673425547996979,64.6012227254414,HIGH,0,0
592_748,RAINFALL_PLUS_50_PERCENT,50.0,14.318174842294809,11.075102673235799,3.24307216905901,LOW,29.922935495303914,0.03791186391032465,37.413235411202734,LOW,0,0
593_445,RAINFALL_PLUS_50_PERCENT,50.0,66.71071160559795,63.467639436538946,3.2430721690590048,HIGH,29.922935495303914,0.9393874654600718,65.52702219187323,HIGH,0,0
593_593,RAINFALL_PLUS_50_PERCENT,50.0,68.69887127278886,65.45579910372986,3.2430721690590048,HIGH,29.922935495303914,0.9732230492883883,66.79904775820827,HIGH,0,0
593_607,RAINFALL_PLUS_50_PERCENT,50.0,51.20799558895003,47.96492341989102,3.2430721690590048,HIGH,29.922935495303914,0.6401917261337231,75.05751865488574,MODERATE,1,1
594_452,RAINFALL_PLUS_50_PERCENT,50.0,15.612057776134892,12.368985607075881,3.24307216905901,LOW,29.922935495303914,0.04491316786518777,46.50134757442883,LOW,0,0
594_475,RAINFALL_PLUS_50_PERCENT,50.0,55.46060234210346,52.21753017304446,3.2430721690590048,HIGH,29.922935495303914,0.7161852207967834,75.78716412173696,HIGH,0,0
594_1271,RAINFALL_PLUS_50_PERCENT,50.0,10.230593222347453,6.987521053288443,3.24307216905901,LOW,29.922935495303914,2.1798365122615804e-05,17.376955261590297,LOW,0,0
595_402,RAINFALL_PLUS_50_PERCENT,50.0,69.23934398195574,65.99627181289674,3.2430721690590048,HIGH,29.922935495303914,0.993071511028654,61.28712089273092,HIGH,0,0
595_406,RAINFALL_PLUS_50_PERCENT,50.0,68.48068627137066,65.23761410231165,3.2430721690590048,HIGH,29.922935495303914,0.9789338821063641,61.476239694139544,HIGH,0,0
596_477,RAINFALL_PLUS_50_PERCENT,50.0,64.59341395880121,61.350341789742195,3.243072169059012,HIGH,29.922935495303914,0.8731157923775572,80.8034659192888,HIGH,0,0
596_480,RAINFALL_PLUS_50_PERCENT,50.0,58.1533190491351,54.910246880076095,3.2430721690590048,HIGH,29.922935495303914,0.7504183600713019,83.88610459106819,HIGH,0,0
596_820,RAINFALL_PLUS_50_PERCENT,50.0,68.2988251630551,65.0557529939961,3.2430721690590048,HIGH,29.922935495303914,0.9655960317460319,66.99344630916671,HIGH,0,0
597_398,RAINFALL_PLUS_50_PERCENT,50.0,67.97150096910941,64.7284288000504,3.243072169059019,HIGH,29.922935495303914,0.9771214569160994,57.381220526172584,HIGH,0,0
597_790,RAINFALL_PLUS_50_PERCENT,50.0,13.752237990055082,10.509165820996072,3.24307216905901,LOW,29.922935495303914,0.026345258278249007,38.11549998644706,LOW,0,0
597_841,RAINFALL_PLUS_50_PERCENT,50.0,17.649799376953275,14.406727207894267,3.2430721690590083,LOW,29.922935495303914,0.07560748959481844,49.996886631315824,LOW,0,0
598_397,RAINFALL_PLUS_50_PERCENT,50.0,67.21954088131255,63.97646871225355,3.2430721690590048,HIGH,29.922935495303914,0.9623926784481911,57.96244780555367,HIGH,0,0
600_410,RAINFALL_PLUS_50_PERCENT,50.0,28.44712095013023,25.20404878107122,3.243072169059012,MODERATE,29.922935495303914,0.2910662069585807,39.467807813016094,MODERATE,0,0
600_634,RAINFALL_PLUS_50_PERCENT,50.0,41.94275472467804,38.699682555619034,3.2430721690590048,MODERATE,29.922935495303914,0.4843695108531317,68.10732841649114,MODERATE,0,0
601_1438,RAINFALL_PLUS_50_PERCENT,50.0,9.855594742984456,6.612522573925446,3.24307216905901,LOW,29.922935495303914,6.220240552665621e-05,13.604748245738103,LOW,0,0
601_1652,RAINFALL_PLUS_50_PERCENT,50.0,12.209119670335804,8.966047501276794,3.24307216905901,LOW,29.922935495303914,0.0023201826292603045,35.89810839619807,LOW,0,0
603_1213,RAINFALL_PLUS_50_PERCENT,50.0,13.327341325325303,10.084269156266291,3.243072169059012,LOW,29.922935495303914,0.023109821453145704,35.646023592956084,LOW,0,0
604_398,RAINFALL_PLUS_50_PERCENT,50.0,67.78402200337551,64.5409498343165,3.2430721690590048,HIGH,29.922935495303914,0.9739877525252522,57.22996828379975,HIGH,0,0
604_436,RAINFALL_PLUS_50_PERCENT,50.0,60.38934000890256,57.14626783984355,3.2430721690590048,HIGH,29.922935495303914,0.7909692640692646,83.94331698986326,HIGH,0,0
604_485,RAINFALL_PLUS_50_PERCENT,50.0,63.13270255444569,59.88963038538669,3.2430721690590048,HIGH,29.922935495303914,0.8334987649605301,87.98571695509858,HIGH,0,0
604_932,RAINFALL_PLUS_50_PERCENT,50.0,10.940170583182747,7.697098414123737,3.24307216905901,LOW,29.922935495303914,0.016118726627953172,15.61941832538642,LOW,0,0
607_142,RAINFALL_PLUS_50_PERCENT,50.0,39.17612647819297,35.933054309133965,3.2430721690590048,MODERATE,29.922935495303914,0.4598745658596721,53.91326569804325,MODERATE,0,0
607_576,RAINFALL_PLUS_50_PERCENT,50.0,66.58861784208946,63.34554567303045,3.243072169059012,HIGH,29.922935495303914,0.9470204127710459,60.10796353575264,HIGH,0,0
608_488,RAINFALL_PLUS_50_PERCENT,50.0,66.53053978635094,63.287467617291924,3.243072169059019,HIGH,29.922935495303914,0.9175057923775572,75.76022419478605,HIGH,0,0
609_405,RAINFALL_PLUS_50_PERCENT,50.0,68.68493458962492,65.44186242056591,3.2430721690590048,HIGH,29.922935495303914,0.9804147922998986,62.70422227023822,HIGH,0,0
609_488,RAINFALL_PLUS_50_PERCENT,50.0,69.88192594891223,66.63885377985322,3.2430721690590048,HIGH,29.922935495303914,0.979965854558878,74.92105162067267,HIGH,0,0
610_488,RAINFALL_PLUS_50_PERCENT,50.0,67.85378904351128,64.61071687445228,3.2430721690590048,HIGH,29.922935495303914,0.9474640688445921,72.5156647095204,HIGH,0,0
610_595,RAINFALL_PLUS_50_PERCENT,50.0,44.99179938655816,41.74872721749914,3.243072169059019,MODERATE,29.922935495303914,0.5664906870906873,53.43112810463669,MODERATE,0,0
610_1049,RAINFALL_PLUS_50_PERCENT,50.0,10.726155507596197,7.483083338537186,3.24307216905901,LOW,29.922935495303914,0.005429890273214525,19.35812756462717,LOW,0,0
611_429,RAINFALL_PLUS_50_PERCENT,50.0,62.14033659225414,58.897264423195125,3.243072169059012,HIGH,29.922935495303914,0.8274508658008661,81.38840187099817,HIGH,0,0
611_489,RAINFALL_PLUS_50_PERCENT,50.0,68.82784959078563,65.58477742172661,3.243072169059019,HIGH,29.922935495303914,0.9684450212255448,70.71674637273986,HIGH,0,0
611_737,RAINFALL_PLUS_50_PERCENT,50.0,17.061142071019574,13.818069901960563,3.243072169059012,LOW,29.922935495303914,0.05904232035520981,53.22115665376352,LOW,0,0
612_489,RAINFALL_PLUS_50_PERCENT,50.0,69.63577931037705,66.39270714131803,3.243072169059019,HIGH,29.922935495303914,0.9792467395967395,72.85509846449692,HIGH,0,0
613_406,RAINFALL_PLUS_50_PERCENT,50.0,68.63593819416052,65.39286602510151,3.2430721690590048,HIGH,29.922935495303914,0.977824480313035,63.638929908369214,HIGH,0,0
613_427,RAINFALL_PLUS_50_PERCENT,50.0,66.8925410435664,63.64946887450739,3.2430721690590048,HIGH,29.922935495303914,0.913651319073084,81.50019708440101,HIGH,0,0
613_715,RAINFALL_PLUS_50_PERCENT,50.0,69.52003292962073,66.27696076056172,3.2430721690590048,HIGH,29.922935495303914,0.9763453823953824,73.29338111768023,HIGH,0,0
614_407,RAINFALL_PLUS_50_PERCENT,50.0,66.54390572542597,63.30083355636695,3.243072169059019,HIGH,29.922935495303914,0.9405693187052457,63.20894410530771,HIGH,0,0
614_699,RAINFALL_PLUS_50_PERCENT,50.0,67.77570541954042,64.53263325048141,3.2430721690590048,HIGH,29.922935495303914,0.9651080601108989,62.03063327334291,HIGH,0,0
614_707,RAINFALL_PLUS_50_PERCENT,50.0,68.92329446105947,65.68022229200047,3.2430721690590048,HIGH,29.922935495303914,0.9765585858585858,67.20873452730585,HIGH,0,0
614_713,RAINFALL_PLUS_50_PERCENT,50.0,67.88274597557755,64.63967380651854,3.2430721690590048,HIGH,29.922935495303914,0.9521776146464018,70.21278383918772,HIGH,0,0
614_1649,RAINFALL_PLUS_50_PERCENT,50.0,18.143794216410466,14.900722047351454,3.243072169059012,LOW,29.922935495303914,0.07944528828659266,52.82604574541189,LOW,0,0
615_710,RAINFALL_PLUS_50_PERCENT,50.0,67.33246684860515,64.08939467954613,3.243072169059019,HIGH,29.922935495303914,0.9477360028860032,67.15287903768285,HIGH,0,0
616_401,RAINFALL_PLUS_50_PERCENT,50.0,68.80542220199304,65.56235003293403,3.2430721690590048,HIGH,29.922935495303914,0.9806580670652099,63.77529727299823,HIGH,0,0
616_402,RAINFALL_PLUS_50_PERCENT,50.0,68.76252573403893,65.51945356497993,3.2430721690590048,HIGH,29.922935495303914,0.9807750223321654,63.28200719663162,HIGH,0,0
616_405,RAINFALL_PLUS_50_PERCENT,50.0,67.31264204856497,64.06956987950596,3.2430721690590048,HIGH,29.922935495303914,0.9503166441517508,65.53527834111996,HIGH,0,0
616_406,RAINFALL_PLUS_50_PERCENT,50.0,69.4008489646737,66.15777679561468,3.243072169059019,HIGH,29.922935495303914,0.9912455209961542,63.90646523778531,HIGH,0,0
616_490,RAINFALL_PLUS_50_PERCENT,50.0,69.51966718667485,66.27659501761583,3.243072169059019,HIGH,29.922935495303914,0.9860894524394526,67.93048516398275,HIGH,0,0
616_683,RAINFALL_PLUS_50_PERCENT,50.0,65.21670490259547,61.97363273353646,3.2430721690590048,HIGH,29.922935495303914,0.9033517316017319,70.40660878393534,HIGH,0,0
616_692,RAINFALL_PLUS_50_PERCENT,50.0,69.0113437699331,65.7682716008741,3.2430721690590048,HIGH,29.922935495303914,0.9850037254412255,63.44440084559029,HIGH,0,0
617_665,RAINFALL_PLUS_50_PERCENT,50.0,67.0106337177917,63.76756154873269,3.243072169059019,HIGH,29.922935495303914,0.9384502801120449,69.04169525522549,HIGH,0,0
617_1559,RAINFALL_PLUS_50_PERCENT,50.0,12.867082204172915,9.624010035113905,3.24307216905901,LOW,29.922935495303914,0.010013039772117446,38.246662305997745,LOW,0,0
618_403,RAINFALL_PLUS_50_PERCENT,50.0,68.97392826572522,65.7308560966662,3.243072169059019,HIGH,29.922935495303914,0.9815068405139832,64.99353251349454,HIGH,0,0
619_667,RAINFALL_PLUS_50_PERCENT,50.0,67.70646867404976,64.46339650499075,3.2430721690590048,HIGH,29.922935495303914,0.9463145047762697,71.67472125248258,HIGH,0,0
619_724,RAINFALL_PLUS_50_PERCENT,50.0,68.93289928896498,65.68982711990596,3.243072169059019,HIGH,29.922935495303914,0.9710644634298023,70.3265501421916,HIGH,0,0
620_413,RAINFALL_PLUS_50_PERCENT,50.0,55.02651938848919,51.78344721943018,3.243072169059012,HIGH,29.922935495303914,0.7214203740703745,68.56700028511918,HIGH,0,0
621_427,RAINFALL_PLUS_50_PERCENT,50.0,68.23536846935839,64.99229630029939,3.2430721690590048,HIGH,29.922935495303914,0.9557007751937984,71.8012704759281,HIGH,0,0
622_738,RAINFALL_PLUS_50_PERCENT,50.0,67.20767988762664,63.96460771856764,3.2430721690589976,HIGH,29.922935495303914,0.9378175320480552,71.36016838876932,HIGH,0,0
623_426,RAINFALL_PLUS_50_PERCENT,50.0,69.49892153685383,66.25584936779482,3.2430721690590048,HIGH,29.922935495303914,0.9747418466223701,73.96421186516798,HIGH,0,0
623_1379,RAINFALL_PLUS_50_PERCENT,50.0,9.797766659895219,6.554694490836208,3.243072169059011,LOW,29.922935495303914,6.220240552665621e-05,13.026467414845719,LOW,0,0
624_377,RAINFALL_PLUS_50_PERCENT,50.0,15.18737961090992,11.944307441850908,3.243072169059012,LOW,29.922935495303914,0.05866361762003647,34.691818557012326,LOW,0,0
625_402,RAINFALL_PLUS_50_PERCENT,50.0,69.81766216038524,66.57458999132623,3.2430721690590048,HIGH,29.922935495303914,0.9937089743589745,66.7196978453496,HIGH,0,0
626_401,RAINFALL_PLUS_50_PERCENT,50.0,69.23060653289545,65.98753436383645,3.2430721690590048,HIGH,29.922935495303914,0.988340521978022,63.80179037997562,HIGH,0,0
626_498,RAINFALL_PLUS_50_PERCENT,50.0,69.6706512118821,66.42757904282308,3.243072169059019,HIGH,29.922935495303914,0.9894666666666665,67.58285759108766,HIGH,0,0
626_499,RAINFALL_PLUS_50_PERCENT,50.0,69.09221247884626,65.84914030978726,3.2430721690590048,HIGH,29.922935495303914,0.9847445680474072,64.39562450132192,HIGH,0,0
626_533,RAINFALL_PLUS_50_PERCENT,50.0,18.1450815675083,14.902009398449287,3.243072169059012,LOW,29.922935495303914,0.07086819029301784,57.55632315285636,LOW,0,0
626_711,RAINFALL_PLUS_50_PERCENT,50.0,69.07617911095369,65.83310694189467,3.243072169059019,HIGH,29.922935495303914,0.9878729351988654,62.51468888909406,HIGH,0,0
626_712,RAINFALL_PLUS_50_PERCENT,50.0,69.37259429811903,66.12952212906,3.243072169059019,HIGH,29.922935495303914,0.9890547298200465,64.82885371909795,HIGH,0,0
627_713,RAINFALL_PLUS_50_PERCENT,50.0,53.18079925831316,49.93772708925415,3.2430721690590048,HIGH,29.922935495303914,0.7078641462866284,57.565724264419224,MODERATE,1,1
627_758,RAINFALL_PLUS_50_PERCENT,50.0,64.39892222684435,61.15585005778534,3.243072169059012,HIGH,29.922935495303914,0.8794931168885624,75.35102011866735,HIGH,0,0
627_762,RAINFALL_PLUS_50_PERCENT,50.0,66.28336194749312,63.040289778434115,3.2430721690590048,HIGH,29.922935495303914,0.9181663173315304,72.92515708152278,HIGH,0,0
627_1306,RAINFALL_PLUS_50_PERCENT,50.0,9.495411800088338,6.252339631029327,3.243072169059011,LOW,29.922935495303914,0.0006884650317892824,9.658474372332462,LOW,0,0
628_762,RAINFALL_PLUS_50_PERCENT,50.0,65.32204553968857,62.078973370629555,3.243072169059019,HIGH,29.922935495303914,0.8986259599764671,74.059189548762,HIGH,0,0
628_1374,RAINFALL_PLUS_50_PERCENT,50.0,9.740102349692105,6.497030180633093,3.243072169059012,LOW,29.922935495303914,0.0004622024055266562,12.229824312814575,LOW,0,0
629_760,RAINFALL_PLUS_50_PERCENT,50.0,69.63642914431863,66.39335697525962,3.2430721690590048,HIGH,29.922935495303914,0.978960554282319,73.018998726844,HIGH,0,0
629_1017,RAINFALL_PLUS_50_PERCENT,50.0,11.41407547433844,8.171003305279429,3.24307216905901,LOW,29.922935495303914,0.007060842654166905,25.3403034225258,LOW,0,0
630_759,RAINFALL_PLUS_50_PERCENT,50.0,67.65925641683592,64.41618424777691,3.2430721690590048,HIGH,29.922935495303914,0.9441003038103041,72.42040921162508,HIGH,0,0
631_766,RAINFALL_PLUS_50_PERCENT,50.0,61.5249776858599,58.28190551680089,3.243072169059012,HIGH,29.922935495303914,0.8311498556998559,73.20036836261153,HIGH,0,0
633_506,RAINFALL_PLUS_50_PERCENT,50.0,64.77422963770822,61.53115746864921,3.2430721690590048,HIGH,29.922935495303914,0.9025320859258129,66.4326612568183,HIGH,0,0
634_1356,RAINFALL_PLUS_50_PERCENT,50.0,9.692464200641627,6.449392031582616,3.243072169059011,LOW,29.922935495303914,0.0010467983651226158,11.431915044532028,LOW,0,0
635_505,RAINFALL_PLUS_50_PERCENT,50.0,68.87801882537254,65.63494665631353,3.2430721690590048,HIGH,29.922935495303914,0.9807557823129253,64.44752012054964,HIGH,0,0
636_425,RAINFALL_PLUS_50_PERCENT,50.0,69.03076683870273,65.78769466964373,3.2430721690590048,HIGH,29.922935495303914,0.9562709150326801,79.44167725798647,HIGH,0,0
636_522,RAINFALL_PLUS_50_PERCENT,50.0,68.21022907611669,64.96715690705769,3.2430721690590048,HIGH,29.922935495303914,0.9696307029478457,63.88841627878502,HIGH,0,0
636_783,RAINFALL_PLUS_50_PERCENT,50.0,60.59260121996832,57.34952905090932,3.2430721690590048,HIGH,29.922935495303914,0.7971090269207917,82.599059532181,HIGH,0,0
637_791,RAINFALL_PLUS_50_PERCENT,50.0,64.02136563880211,60.778293469743105,3.2430721690590048,HIGH,29.922935495303914,0.8846607655733473,68.73324746161333,HIGH,0,0
638_800,RAINFALL_PLUS_50_PERCENT,50.0,67.96294583269159,64.71987366363258,3.2430721690590048,HIGH,29.922935495303914,0.9580521598112931,67.7837825696379,HIGH,0,0
638_1057,RAINFALL_PLUS_50_PERCENT,50.0,63.612636721432125,60.36956455237312,3.2430721690590048,HIGH,29.922935495303914,0.8778471861471858,68.39342697230224,HIGH,0,0
638_1523,RAINFALL_PLUS_50_PERCENT,50.0,9.999591749606726,6.756519580547715,3.243072169059011,LOW,29.922935495303914,0.0004622024055266562,14.82471831196079,LOW,0,0
639_392,RAINFALL_PLUS_50_PERCENT,50.0,27.403713651327855,24.160641482268844,3.243072169059012,MODERATE,29.922935495303914,0.23609486036838992,59.2679754495973,LOW,1,1
639_1053,RAINFALL_PLUS_50_PERCENT,50.0,62.702803459468896,59.45973129040989,3.2430721690590048,HIGH,29.922935495303914,0.8579909128882806,70.2160446450679,HIGH,0,0
639_1151,RAINFALL_PLUS_50_PERCENT,50.0,18.697058161605177,15.453985992546166,3.243072169059012,LOW,29.922935495303914,0.10022119016249449,46.93193916561299,LOW,0,0
640_1048,RAINFALL_PLUS_50_PERCENT,50.0,62.37624815335418,59.13317598429517,3.243072169059012,HIGH,29.922935495303914,0.8392068336021273,77.28173519130499,HIGH,0,0
641_800,RAINFALL_PLUS_50_PERCENT,50.0,68.67404014329988,65.43096797424086,3.243072169059019,HIGH,29.922935495303914,0.965615651874785,70.73480504080015,HIGH,0,0
641_823,RAINFALL_PLUS_50_PERCENT,50.0,53.67475817830842,50.43168600924941,3.243072169059012,HIGH,29.922935495303914,0.7146956537941016,58.74798433526161,HIGH,0,0
642_642,RAINFALL_PLUS_50_PERCENT,50.0,69.45456922100445,66.21149705194544,3.2430721690590048,HIGH,29.922935495303914,0.9913317460317461,64.39624403151734,HIGH,0,0
642_646,RAINFALL_PLUS_50_PERCENT,50.0,66.62777711360692,63.384704944547906,3.243072169059019,HIGH,29.922935495303914,0.9527779158826651,57.332929539536515,HIGH,0,0
643_643,RAINFALL_PLUS_50_PERCENT,50.0,68.61067402464826,65.36760185558926,3.2430721690590048,HIGH,29.922935495303914,0.9817180555555558,61.24482182986014,HIGH,0,0
643_681,RAINFALL_PLUS_50_PERCENT,50.0,69.40380465801658,66.16073248895756,3.243072169059019,HIGH,29.922935495303914,0.995712925170068,61.47894987556162,HIGH,0,0
644_509,RAINFALL_PLUS_50_PERCENT,50.0,68.64809293199679,65.40502076293778,3.2430721690590048,HIGH,29.922935495303914,0.9817396825396826,61.607116062075676,HIGH,0,0
644_1042,RAINFALL_PLUS_50_PERCENT,50.0,62.3300969974609,59.08702482840188,3.243072169059019,HIGH,29.922935495303914,0.8276129870129866,83.19683925639953,HIGH,0,0
645_138,RAINFALL_PLUS_50_PERCENT,50.0,11.74323234586144,8.50016017680243,3.24307216905901,LOW,29.922935495303914,0.006129485237637075,29.14411871684721,LOW,0,0
645_173,RAINFALL_PLUS_50_PERCENT,50.0,16.802414257311636,13.559342088252624,3.243072169059012,LOW,29.922935495303914,0.07176328502415458,43.63734794876452,LOW,0,0
645_510,RAINFALL_PLUS_50_PERCENT,50.0,68.83812619952745,65.59505403046843,3.243072169059019,HIGH,29.922935495303914,0.9816955555555555,63.53171857865212,HIGH,0,0
645_637,RAINFALL_PLUS_50_PERCENT,50.0,45.958138704421934,42.71506653536293,3.2430721690590048,MODERATE,29.922935495303914,0.5876225971654764,51.47197074214057,MODERATE,0,0
645_642,RAINFALL_PLUS_50_PERCENT,50.0,47.20961140193813,43.96653923287913,3.2430721690590048,MODERATE,29.922935495303914,0.6106157459086252,51.3404659085707,MODERATE,0,0
645_1029,RAINFALL_PLUS_50_PERCENT,50.0,63.689184298567895,60.44611212950889,3.2430721690590048,HIGH,29.922935495303914,0.8623609328579911,77.67634205271708,HIGH,0,0
645_1032,RAINFALL_PLUS_50_PERCENT,50.0,64.72503275571931,61.48196058666031,3.2430721690590048,HIGH,29.922935495303914,0.8685547534165182,84.62822531704133,HIGH,0,0
647_542,RAINFALL_PLUS_50_PERCENT,50.0,69.32924562316177,66.08617345410276,3.2430721690590048,HIGH,29.922935495303914,0.9833016688170079,67.55955052119657,HIGH,0,0
647_1034,RAINFALL_PLUS_50_PERCENT,50.0,58.07065339329373,54.82758122423472,3.243072169059012,HIGH,29.922935495303914,0.7497029663147308,83.45291459876863,HIGH,0,0
648_1030,RAINFALL_PLUS_50_PERCENT,50.0,64.18928614826913,60.946213979210114,3.243072169059019,HIGH,29.922935495303914,0.8705778881249464,78.15803515290398,HIGH,0,0
649_1368,RAINFALL_PLUS_50_PERCENT,50.0,10.190955019800244,6.947882850741234,3.24307216905901,LOW,29.922935495303914,0.0004217983651226158,16.760573236118198,LOW,0,0
650_513,RAINFALL_PLUS_50_PERCENT,50.0,69.38610765951103,66.14303549045202,3.2430721690590048,HIGH,29.922935495303914,0.99425,62.1065887340436,HIGH,0,0
650_1051,RAINFALL_PLUS_50_PERCENT,50.0,15.469111518688152,12.22603934962914,3.243072169059012,LOW,29.922935495303914,0.05504287975026943,39.50054346316652,LOW,0,0
651_1624,RAINFALL_PLUS_50_PERCENT,50.0,10.179905238829797,6.936833069770787,3.243072169059009,LOW,29.922935495303914,2.1798365122615804e-05,16.870075426413738,LOW,0,0
652_418,RAINFALL_PLUS_50_PERCENT,50.0,29.190034975679172,25.94696280662016,3.243072169059012,MODERATE,29.922935495303914,0.28223502362790287,51.75409890037833,MODERATE,0,0
652_515,RAINFALL_PLUS_50_PERCENT,50.0,69.4125258396202,66.16945367056118,3.243072169059019,HIGH,29.922935495303914,0.9935583333333333,62.75118720180192,HIGH,0,0
652_1018,RAINFALL_PLUS_50_PERCENT,50.0,63.375693562383525,60.13262139332452,3.2430721690590048,HIGH,29.922935495303914,0.8569548422166069,77.51478454363469,HIGH,0,0
654_952,RAINFALL_PLUS_50_PERCENT,50.0,9.740778026797912,6.497705857738903,3.243072169059009,LOW,29.922935495303914,0.0006884650317892824,12.112136639428222,LOW,0,0
655_512,RAINFALL_PLUS_50_PERCENT,50.0,68.54955499854344,65.30648282948444,3.2430721690590048,HIGH,29.922935495303914,0.9824889019710447,60.20966604029317,HIGH,0,0
655_1178,RAINFALL_PLUS_50_PERCENT,50.0,11.622255642616562,8.37918347355755,3.243072169059012,LOW,29.922935495303914,0.006170283213607464,27.9119127976147,LOW,0,0
656_324,RAINFALL_PLUS_50_PERCENT,50.0,37.07522856894798,33.83215639988896,3.243072169059019,MODERATE,29.922935495303914,0.41128907357417954,59.62630736261417,MODERATE,0,0
656_1008,RAINFALL_PLUS_50_PERCENT,50.0,65.6430580837073,62.3999859146483,3.2430721690590048,HIGH,29.922935495303914,0.916316883116883,67.53930726172061,HIGH,0,0
657_85,RAINFALL_PLUS_50_PERCENT,50.0,18.339918276762436,15.096846107703428,3.2430721690590083,LOW,29.922935495303914,0.04537171717171717,73.52775046211312,LOW,0,0
657_1007,RAINFALL_PLUS_50_PERCENT,50.0,63.90934070179823,60.666268532739224,3.2430721690590048,HIGH,29.922935495303914,0.8912031926406927,64.01466320453447,HIGH,0,0
658_575,RAINFALL_PLUS_50_PERCENT,50.0,66.78731706254138,63.54424489348236,3.243072169059019,HIGH,29.922935495303914,0.9418474488632663,64.94008588955043,HIGH,0,0
659_576,RAINFALL_PLUS_50_PERCENT,50.0,58.09916697619868,54.85609480713968,3.2430721690590048,HIGH,29.922935495303914,0.7803795952132161,66.86590453365119,HIGH,0,0
659_1047,RAINFALL_PLUS_50_PERCENT,50.0,12.721606687137395,9.478534518078384,3.243072169059012,LOW,29.922935495303914,0.02169002389910157,30.369565865801274,LOW,0,0
660_520,RAINFALL_PLUS_50_PERCENT,50.0,46.47745680834144,43.234384639282425,3.243072169059012,MODERATE,29.922935495303914,0.5832368934705146,59.077288813564635,MODERATE,0,0
660_577,RAINFALL_PLUS_50_PERCENT,50.0,68.95914725014462,65.7160750810856,3.243072169059019,HIGH,29.922935495303914,0.9700613756613756,71.1407280266228,HIGH,0,0
660_681,RAINFALL_PLUS_50_PERCENT,50.0,17.175143646214007,13.932071477154995,3.243072169059012,LOW,29.922935495303914,0.06273123313325303,52.332270377784084,LOW,0,0
660_1004,RAINFALL_PLUS_50_PERCENT,50.0,63.7216681027998,60.47859593374079,3.243072169059012,HIGH,29.922935495303914,0.8916674783549784,61.88258007169311,HIGH,0,0
661_579,RAINFALL_PLUS_50_PERCENT,50.0,65.2870555054513,62.043983336392294,3.243072169059012,HIGH,29.922935495303914,0.9070363271418505,69.0835872654285,HIGH,0,0
661_798,RAINFALL_PLUS_50_PERCENT,50.0,66.47734693381973,63.23427476476072,3.243072169059012,HIGH,29.922935495303914,0.9432456991115593,61.07134696577285,HIGH,0,0
661_1004,RAINFALL_PLUS_50_PERCENT,50.0,66.07585150305091,62.8327793339919,3.243072169059012,HIGH,29.922935495303914,0.9296314589665655,64.54422473783134,HIGH,0,0
661_1267,RAINFALL_PLUS_50_PERCENT,50.0,11.827348110204444,8.584275941145433,3.24307216905901,LOW,29.922935495303914,0.004300236593560844,30.991363114519167,LOW,0,0
662_496,RAINFALL_PLUS_50_PERCENT,50.0,12.976761548995356,9.733689379936346,3.24307216905901,LOW,29.922935495303914,0.01870945082199704,34.56042967678838,LOW,0,0
662_798,RAINFALL_PLUS_50_PERCENT,50.0,67.43458459648433,64.19151242742532,3.2430721690590048,HIGH,29.922935495303914,0.9580248193960367,62.51520743595632,HIGH,0,0
663_192,RAINFALL_PLUS_50_PERCENT,50.0,24.085414173096183,20.84234200403717,3.243072169059012,LOW,29.922935495303914,0.19828924963924965,46.87806656830769,LOW,0,0
663_798,RAINFALL_PLUS_50_PERCENT,50.0,64.58628101933155,61.343208850272546,3.2430721690590048,HIGH,29.922935495303914,0.9033411912747451,64.108167131139,HIGH,0,0
664_436,RAINFALL_PLUS_50_PERCENT,50.0,67.03997064328507,63.79689847422607,3.2430721690590048,HIGH,29.922935495303914,0.9533429756751186,61.144081950468774,HIGH,0,0
664_518,RAINFALL_PLUS_50_PERCENT,50.0,63.184520857411584,59.94144868835258,3.2430721690590048,HIGH,29.922935495303914,0.8896079716038232,57.64383633094635,HIGH,0,0
664_552,RAINFALL_PLUS_50_PERCENT,50.0,46.265189802126,43.02211763306699,3.243072169059012,MODERATE,29.922935495303914,0.5265509768009767,88.13187291965603,MODERATE,0,0
665_191,RAINFALL_PLUS_50_PERCENT,50.0,44.207820844044605,40.9647486749856,3.2430721690590048,MODERATE,29.922935495303914,0.5461340191599952,56.787510041381914,MODERATE,0,0
665_436,RAINFALL_PLUS_50_PERCENT,50.0,63.9483648419063,60.705292672847285,3.243072169059012,HIGH,29.922935495303914,0.8988075971934664,60.22248210158969,HIGH,0,0
665_797,RAINFALL_PLUS_50_PERCENT,50.0,40.19938429417686,36.956312125117854,3.2430721690590048,MODERATE,29.922935495303914,0.48085683458343265,52.60559605981386,MODERATE,0,0
665_1000,RAINFALL_PLUS_50_PERCENT,50.0,67.14033734811436,63.897265179055346,3.243072169059012,HIGH,29.922935495303914,0.9571714339039088,60.042096972926885,HIGH,0,0
666_786,RAINFALL_PLUS_50_PERCENT,50.0,13.216508122451039,9.973435953392029,3.24307216905901,LOW,29.922935495303914,0.03519807303729341,27.889153192932213,LOW,0,0
666_1210,RAINFALL_PLUS_50_PERCENT,50.0,11.754481788725144,8.511409619666132,3.243072169059012,LOW,29.922935495303914,0.003320182629260304,30.801729580091468,LOW,0,0
667_826,RAINFALL_PLUS_50_PERCENT,50.0,68.62691096852666,65.38383879946765,3.2430721690590048,HIGH,29.922935495303914,0.9873365828650301,58.317001248433165,HIGH,0,0
668_1439,RAINFALL_PLUS_50_PERCENT,50.0,11.934552826980084,8.691480657921074,3.24307216905901,LOW,29.922935495303914,0.006757988841313093,30.71164654601184,LOW,0,0
670_680,RAINFALL_PLUS_50_PERCENT,50.0,62.797469371604,59.55439720254499,3.243072169059012,HIGH,29.922935495303914,0.841540278114938,80.21055289175736,HIGH,0,0
670_1073,RAINFALL_PLUS_50_PERCENT,50.0,10.134119983674216,6.891047814615206,3.24307216905901,LOW,29.922935495303914,8.959497529210732e-05,16.374934739264706,LOW,0,0
674_841,RAINFALL_PLUS_50_PERCENT,50.0,62.0287008695313,58.78562870047229,3.243072169059012,HIGH,29.922935495303914,0.8723540964590963,55.575267781743186,HIGH,0,0
675_428,RAINFALL_PLUS_50_PERCENT,50.0,11.904931059173553,8.66185889011454,3.243072169059012,LOW,29.922935495303914,0.0127558660172603,27.116596421175554,LOW,0,0
675_1528,RAINFALL_PLUS_50_PERCENT,50.0,12.996398073814492,9.75332590475548,3.243072169059012,LOW,29.922935495303914,0.013504915248239501,37.61928949054638,LOW,0,0
676_677,RAINFALL_PLUS_50_PERCENT,50.0,23.80642632945023,20.563354160391217,3.243072169059012,LOW,29.922935495303914,0.1679576882182146,60.770546913417434,LOW,0,0
677_766,RAINFALL_PLUS_50_PERCENT,50.0,10.830719448560519,7.587647279501509,3.24307216905901,LOW,29.922935495303914,0.008594356880054013,18.66331034050868,LOW,0,0
677_822,RAINFALL_PLUS_50_PERCENT,50.0,13.398740826829599,10.15566865777059,3.2430721690590083,LOW,29.922935495303914,0.03794261031651557,28.20198473314563,LOW,0,0
678_841,RAINFALL_PLUS_50_PERCENT,50.0,64.68881821073536,61.44574604167636,3.2430721690590048,HIGH,29.922935495303914,0.9203550112114218,55.77593808000483,HIGH,0,0
678_1443,RAINFALL_PLUS_50_PERCENT,50.0,11.585776393009349,8.342704223950339,3.24307216905901,LOW,29.922935495303914,0.002624107167431418,29.497517126939403,LOW,0,0
679_840,RAINFALL_PLUS_50_PERCENT,50.0,67.10757374980527,63.86450158074626,3.243072169059012,HIGH,29.922935495303914,0.9618002866215909,57.16859199511085,HIGH,0,0
679_1526,RAINFALL_PLUS_50_PERCENT,50.0,12.269430374427055,9.026358205368044,3.24307216905901,LOW,29.922935495303914,0.007255792149116399,33.78663020118973,LOW,0,0
681_836,RAINFALL_PLUS_50_PERCENT,50.0,65.39900413743389,62.15593196837489,3.2430721690590048,HIGH,29.922935495303914,0.9280963849676893,58.62004178104312,HIGH,0,0
681_945,RAINFALL_PLUS_50_PERCENT,50.0,10.210798910169798,6.967726741110788,3.24307216905901,LOW,29.922935495303914,0.0019733135166377673,16.105678806480416,LOW,0,0
681_1322,RAINFALL_PLUS_50_PERCENT,50.0,21.888628144787823,18.64555597572881,3.243072169059012,LOW,29.922935495303914,0.14916190476190483,51.930245967763746,LOW,0,0
682_700,RAINFALL_PLUS_50_PERCENT,50.0,56.81461683227188,53.571544663212876,3.2430721690590048,HIGH,29.922935495303914,0.7372021922521924,77.76797472294619,HIGH,0,0
682_830,RAINFALL_PLUS_50_PERCENT,50.0,58.47423251746002,55.231160348401005,3.243072169059012,HIGH,29.922935495303914,0.8071810288445828,55.87577144901286,HIGH,0,0
682_832,RAINFALL_PLUS_50_PERCENT,50.0,62.76864223858232,59.52557006952331,3.243072169059012,HIGH,29.922935495303914,0.8878673183883723,54.442409411151694,HIGH,0,0
682_889,RAINFALL_PLUS_50_PERCENT,50.0,9.88307256164438,6.6400003925853675,3.243072169059012,LOW,29.922935495303914,0.0024801316984559493,12.5496653212262,LOW,0,0
683_833,RAINFALL_PLUS_50_PERCENT,50.0,67.94714263026312,64.70407046120411,3.2430721690590048,HIGH,29.922935495303914,0.9746826146110619,58.47900040548044,HIGH,0,0
683_1168,RAINFALL_PLUS_50_PERCENT,50.0,10.111325141083316,6.868252972024307,3.243072169059009,LOW,29.922935495303914,0.0015432595523372278,15.3474707959809,LOW,0,0
684_539,RAINFALL_PLUS_50_PERCENT,50.0,21.71099483306748,18.46792266400847,3.243072169059012,LOW,29.922935495303914,0.13767988286223581,56.469024895378304,LOW,0,0
685_800,RAINFALL_PLUS_50_PERCENT,50.0,59.60322062258245,56.360148453523436,3.243072169059012,HIGH,29.922935495303914,0.8234409794782599,58.222679651714756,HIGH,0,0
685_1307,RAINFALL_PLUS_50_PERCENT,50.0,10.837317560607358,7.594245391548348,3.24307216905901,LOW,29.922935495303914,2.1798365122615804e-05,23.444198644189353,LOW,0,0
686_1225,RAINFALL_PLUS_50_PERCENT,50.0,10.321767980563843,7.078695811504833,3.24307216905901,LOW,29.922935495303914,0.004537202405526656,15.805230621531962,LOW,0,0
688_812,RAINFALL_PLUS_50_PERCENT,50.0,63.90704101496965,60.663968845910645,3.2430721690590048,HIGH,29.922935495303914,0.9013692080176553,58.400357878919316,HIGH,0,0
688_1274,RAINFALL_PLUS_50_PERCENT,50.0,11.686942062332689,8.443869893273678,3.24307216905901,LOW,29.922935495303914,0.007162307171384848,28.013163817998414,LOW,0,0
688_1556,RAINFALL_PLUS_50_PERCENT,50.0,12.251360201406879,9.008288032347869,3.24307216905901,LOW,29.922935495303914,0.02060015334347759,26.266529814089314,LOW,0,0
688_1616,RAINFALL_PLUS_50_PERCENT,50.0,9.760216379067305,6.517144210008295,3.24307216905901,LOW,29.922935495303914,0.0002717983651226158,12.535686828788819,LOW,0,0
689_462,RAINFALL_PLUS_50_PERCENT,50.0,67.91557223519766,64.67250006613864,3.243072169059019,HIGH,29.922935495303914,0.9713334569362958,60.005333175947015,HIGH,0,0
690_463,RAINFALL_PLUS_50_PERCENT,50.0,69.39556218560519,66.15249001654618,3.2430721690590048,HIGH,29.922935495303914,0.9937587301587303,62.471332407683455,HIGH,0,0
690_466,RAINFALL_PLUS_50_PERCENT,50.0,65.90454519187543,62.66147302281642,3.2430721690590048,HIGH,29.922935495303914,0.9297209569362956,62.78193774272493,HIGH,0,0
690_552,RAINFALL_PLUS_50_PERCENT,50.0,62.359694633789495,59.11662246473048,3.243072169059012,HIGH,29.922935495303914,0.8112878869496519,92.47162065451958,HIGH,0,0
690_1038,RAINFALL_PLUS_50_PERCENT,50.0,10.435488273722706,7.192416104663695,3.243072169059011,LOW,29.922935495303914,0.007045150530847664,15.563062084194037,LOW,0,0
691_75,RAINFALL_PLUS_50_PERCENT,50.0,18.903268939131102,15.660196770072089,3.2430721690590136,LOW,29.922935495303914,0.0650570818070818,68.3343065363492,LOW,0,0
691_421,RAINFALL_PLUS_50_PERCENT,50.0,11.798211220717057,8.555139051658045,3.243072169059012,LOW,29.922935495303914,0.016843935521652576,23.800959809194847,LOW,0,0
691_453,RAINFALL_PLUS_50_PERCENT,50.0,69.09113020866369,65.84805803960467,3.243072169059019,HIGH,29.922935495303914,0.9850132049983114,64.23705147649873,HIGH,0,0
692_978,RAINFALL_PLUS_50_PERCENT,50.0,57.16058382528376,53.917511656224754,3.2430721690590048,HIGH,29.922935495303914,0.7835802856953923,55.719693259305046,HIGH,0,0
693_857,RAINFALL_PLUS_50_PERCENT,50.0,10.600134479767267,7.357062310708256,3.243072169059011,LOW,29.922935495303914,0.004303616546940797,18.717367835788423,LOW,0,0
694_455,RAINFALL_PLUS_50_PERCENT,50.0,69.39090139891475,66.14782922985574,3.2430721690590048,HIGH,29.922935495303914,0.9947166666666668,61.89785946141395,HIGH,0,0
694_1647,RAINFALL_PLUS_50_PERCENT,50.0,9.419047230081398,6.175975061022388,3.24307216905901,LOW,29.922935495303914,6.220240552665621e-05,9.239273116707517,LOW,0,0
695_815,RAINFALL_PLUS_50_PERCENT,50.0,66.67677469371891,63.4337025246599,3.243072169059012,HIGH,29.922935495303914,0.9507397628006848,58.94388953574568,HIGH,0,0
697_813,RAINFALL_PLUS_50_PERCENT,50.0,65.7061371115772,62.4630649425182,3.2430721690590048,HIGH,29.922935495303914,0.9397469705329177,55.28354946160062,HIGH,0,0
698_299,RAINFALL_PLUS_50_PERCENT,50.0,38.12464560218211,34.88157343312311,3.2430721690590048,MODERATE,29.922935495303914,0.44030088612037654,54.16398079454724,MODERATE,0,0
698_438,RAINFALL_PLUS_50_PERCENT,50.0,69.27755964114598,66.03448747208698,3.2430721690590048,HIGH,29.922935495303914,0.9900904761904762,63.30884664563127,HIGH,0,0
698_814,RAINFALL_PLUS_50_PERCENT,50.0,66.86291382103512,63.6198416519761,3.243072169059019,HIGH,29.922935495303914,0.9548657211870254,58.536003696420394,HIGH,0,0
698_962,RAINFALL_PLUS_50_PERCENT,50.0,54.68495214417304,51.441879975114034,3.2430721690590048,HIGH,29.922935495303914,0.740798393828394,54.49341697504695,HIGH,0,0
699_342,RAINFALL_PLUS_50_PERCENT,50.0,25.761251476629422,22.51817930757041,3.243072169059012,MODERATE,29.922935495303914,0.21365140415140405,55.18725462195518,LOW,1,1
699_439,RAINFALL_PLUS_50_PERCENT,50.0,68.64978584137836,65.40671367231936,3.2430721690590048,HIGH,29.922935495303914,0.9783671732522797,63.47892526396301,HIGH,0,0
699_780,RAINFALL_PLUS_50_PERCENT,50.0,10.325644634496207,7.082572465437198,3.243072169059009,LOW,29.922935495303914,0.0040288690721933225,16.12358049418895,LOW,0,0
699_813,RAINFALL_PLUS_50_PERCENT,50.0,67.89837736972574,64.65530520066673,3.2430721690590048,HIGH,29.922935495303914,0.9701322291235338,60.49405981824707,HIGH,0,0
699_834,RAINFALL_PLUS_50_PERCENT,50.0,67.12903649307155,63.88596432401255,3.2430721690590048,HIGH,29.922935495303914,0.9560564897751628,60.54230769330917,HIGH,0,0
700_491,RAINFALL_PLUS_50_PERCENT,50.0,67.33131742830527,64.08824525924625,3.243072169059019,HIGH,29.922935495303914,0.9226949410067057,80.91396886829773,HIGH,0,0
700_541,RAINFALL_PLUS_50_PERCENT,50.0,63.01199762138512,59.768925452326116,3.2430721690590048,HIGH,29.922935495303914,0.8678361247947459,67.89311971567417,HIGH,0,0
700_614,RAINFALL_PLUS_50_PERCENT,50.0,68.21210974698205,64.96903757792303,3.243072169059019,HIGH,29.922935495303914,0.9463494708994713,76.71190061404448,HIGH,0,0
700_713,RAINFALL_PLUS_50_PERCENT,50.0,68.95451432867459,65.71144215961557,3.243072169059019,HIGH,29.922935495303914,0.9688256613756614,71.77404166906531,HIGH,0,0
700_812,RAINFALL_PLUS_50_PERCENT,50.0,65.48846292951411,62.2453907604551,3.243072169059012,HIGH,29.922935495303914,0.9260507500470548,60.63972890819419,HIGH,0,0
702_453,RAINFALL_PLUS_50_PERCENT,50.0,70.05609286479164,66.81302069573263,3.2430721690590048,HIGH,29.922935495303914,0.996841690626797,67.38101094211125,HIGH,0,0
702_951,RAINFALL_PLUS_50_PERCENT,50.0,46.15804545838292,42.91497328932392,3.2430721690590048,MODERATE,29.922935495303914,0.5877794827153525,53.38475122931862,MODERATE,0,0
702_1183,RAINFALL_PLUS_50_PERCENT,50.0,9.892783106728361,6.649710937669351,3.24307216905901,LOW,29.922935495303914,6.220240552665621e-05,13.976631883177152,LOW,0,0
703_492,RAINFALL_PLUS_50_PERCENT,50.0,67.43035627463865,64.18728410557965,3.2430721690590048,HIGH,29.922935495303914,0.9252441473559122,80.50229383956804,HIGH,0,0
703_654,RAINFALL_PLUS_50_PERCENT,50.0,16.542476274849726,13.299404105790718,3.2430721690590083,LOW,29.922935495303914,0.06864445794608803,42.753323017082046,LOW,0,0
703_817,RAINFALL_PLUS_50_PERCENT,50.0,67.09779609150193,63.85472392244293,3.2430721690590048,HIGH,29.922935495303914,0.9560443606428082,60.23657470040802,HIGH,0,0
703_1649,RAINFALL_PLUS_50_PERCENT,50.0,9.424803754491169,6.181731585432159,3.24307216905901,LOW,29.922935495303914,6.220240552665621e-05,9.29683836080523,LOW,0,0
704_489,RAINFALL_PLUS_50_PERCENT,50.0,69.73529244806652,66.49222027900751,3.2430721690590048,HIGH,29.922935495303914,0.9764064850182496,75.41236985956115,HIGH,0,0
705_442,RAINFALL_PLUS_50_PERCENT,50.0,67.86412281653026,64.62105064747124,3.243072169059019,HIGH,29.922935495303914,0.9516675239792888,70.30710211562685,HIGH,0,0
705_813,RAINFALL_PLUS_50_PERCENT,50.0,53.13771400115024,49.89464183209123,3.243072169059012,HIGH,29.922935495303914,0.7097668659153131,56.088375897013435,MODERATE,1,1
705_835,RAINFALL_PLUS_50_PERCENT,50.0,66.15037004103183,62.90729787197283,3.2430721690590048,HIGH,29.922935495303914,0.9296915889700363,65.25633861573165,HIGH,0,0
706_75,RAINFALL_PLUS_50_PERCENT,50.0,15.18663338027105,11.94356121121204,3.24307216905901,LOW,29.922935495303914,0.026319496204278817,52.47362302929035,LOW,0,0
706_819,RAINFALL_PLUS_50_PERCENT,50.0,65.63560758865893,62.392535419599916,3.243072169059012,HIGH,29.922935495303914,0.9212462148996625,64.75366983070808,HIGH,0,0
707_586,RAINFALL_PLUS_50_PERCENT,50.0,46.87522696109379,43.632154792034775,3.243072169059012,MODERATE,29.922935495303914,0.5560602675102677,78.00213461922388,MODERATE,0,0
707_821,RAINFALL_PLUS_50_PERCENT,50.0,67.74109733969821,64.49802517063921,3.2430721690590048,HIGH,29.922935495303914,0.9592545497681036,64.90398316345845,HIGH,0,0
707_938,RAINFALL_PLUS_50_PERCENT,50.0,46.35367880360938,43.11060663455037,3.2430721690590048,MODERATE,29.922935495303914,0.5904843665288579,53.85339858415512,MODERATE,0,0
708_52,RAINFALL_PLUS_50_PERCENT,50.0,15.375585215041117,12.132513045982105,3.243072169059012,LOW,29.922935495303914,0.04098932142177611,46.294737507367486,LOW,0,0
708_495,RAINFALL_PLUS_50_PERCENT,50.0,65.1168957274165,61.87382355835749,3.243072169059012,HIGH,29.922935495303914,0.8936522779226636,74.74321655563324,HIGH,0,0
709_331,RAINFALL_PLUS_50_PERCENT,50.0,15.71007260162596,12.467000432566948,3.243072169059012,LOW,29.922935495303914,0.058252189398412854,40.145033986065705,LOW,0,0
710_465,RAINFALL_PLUS_50_PERCENT,50.0,68.50973148493284,65.26665931587384,3.2430721690590048,HIGH,29.922935495303914,0.9738906659310048,64.54046072620895,HIGH,0,0
710_704,RAINFALL_PLUS_50_PERCENT,50.0,66.60413176487786,63.36105959581885,3.243072169059012,HIGH,29.922935495303914,0.9148149987267635,77.97608048799182,HIGH,0,0
712_482,RAINFALL_PLUS_50_PERCENT,50.0,17.21869578378037,13.975623614721357,3.243072169059012,LOW,29.922935495303914,0.08821232924493017,38.75318889202528,LOW,0,0
712_713,RAINFALL_PLUS_50_PERCENT,50.0,68.12145835017601,64.878386181117,3.243072169059019,HIGH,29.922935495303914,0.9539064949529668,71.64902341656165,HIGH,0,0
713_669,RAINFALL_PLUS_50_PERCENT,50.0,65.6864518630563,62.4433796939973,3.2430721690590048,HIGH,29.922935495303914,0.8865268313385959,84.35777353326856,HIGH,0,0
713_1038,RAINFALL_PLUS_50_PERCENT,50.0,9.59526662162654,6.35219445256753,3.243072169059009,LOW,29.922935495303914,2.1798365122615804e-05,11.023689254381166,LOW,0,0
714_190,RAINFALL_PLUS_50_PERCENT,50.0,13.625489253525041,10.382417084466029,3.243072169059012,LOW,29.922935495303914,0.03925700602602742,29.746551359868516,LOW,0,0
714_915,RAINFALL_PLUS_50_PERCENT,50.0,65.95120597873117,62.70813380967216,3.2430721690590048,HIGH,29.922935495303914,0.9356149267399267,60.0068622192852,HIGH,0,0
714_917,RAINFALL_PLUS_50_PERCENT,50.0,63.92620919929537,60.68313703023636,3.243072169059012,HIGH,29.922935495303914,0.8986680375180376,60.07768349696625,HIGH,0,0
715_692,RAINFALL_PLUS_50_PERCENT,50.0,67.05998866319915,63.81691649414014,3.243072169059012,HIGH,29.922935495303914,0.9249010426610433,76.9873253073509,HIGH,0,0
715_926,RAINFALL_PLUS_50_PERCENT,50.0,68.28339331323481,65.0403211441758,3.2430721690590048,HIGH,29.922935495303914,0.9795299783549785,59.17545717604321,HIGH,0,0
716_753,RAINFALL_PLUS_50_PERCENT,50.0,10.278322626606279,7.03525045754727,3.243072169059009,LOW,29.922935495303914,0.003637214022911155,15.86577069239486,LOW,0,0
717_222,RAINFALL_PLUS_50_PERCENT,50.0,12.23915294181963,8.99608077276062,3.24307216905901,LOW,29.922935495303914,0.004934358558552374,34.760644349925684,LOW,0,0
717_641,RAINFALL_PLUS_50_PERCENT,50.0,69.0240332118542,65.78096104279518,3.243072169059019,HIGH,29.922935495303914,0.9649964646464649,74.57528870191956,HIGH,0,0
718_841,RAINFALL_PLUS_50_PERCENT,50.0,69.98841318256417,66.74534101350517,3.2430721690590048,HIGH,29.922935495303914,0.9961908472479902,67.06217797818032,HIGH,0,0
719_841,RAINFALL_PLUS_50_PERCENT,50.0,69.19142027042285,65.94834810136385,3.2430721690590048,HIGH,29.922935495303914,0.9876159013605446,63.80846909486223,HIGH,0,0
719_913,RAINFALL_PLUS_50_PERCENT,50.0,51.510390651395895,48.26731848233689,3.2430721690590048,HIGH,29.922935495303914,0.6727729685065894,60.16178597426804,MODERATE,1,1
719_1244,RAINFALL_PLUS_50_PERCENT,50.0,10.338268471737832,7.095196302678822,3.24307216905901,LOW,29.922935495303914,7.659288567056101e-05,18.42357076919271,LOW,0,0
720_667,RAINFALL_PLUS_50_PERCENT,50.0,69.01622878828901,65.77315661923001,3.2430721690590048,HIGH,29.922935495303914,0.9697854272205336,71.86331505052988,HIGH,0,0
720_691,RAINFALL_PLUS_50_PERCENT,50.0,65.20385578065202,61.960783611593016,3.2430721690590048,HIGH,29.922935495303914,0.9063807203907205,68.61217373055722,HIGH,0,0
721_483,RAINFALL_PLUS_50_PERCENT,50.0,68.53831148905519,65.29523931999618,3.2430721690590048,HIGH,29.922935495303914,0.9810444727891158,60.8916669954713,HIGH,0,0
721_602,RAINFALL_PLUS_50_PERCENT,50.0,52.41230765649909,49.169235487440076,3.243072169059012,HIGH,29.922935495303914,0.654333838383839,79.32247759281267,MODERATE,1,1
721_691,RAINFALL_PLUS_50_PERCENT,50.0,62.54328477693457,59.300212607875565,3.2430721690590048,HIGH,29.922935495303914,0.8626883726858732,66.03725493104871,HIGH,0,0
721_1282,RAINFALL_PLUS_50_PERCENT,50.0,10.450391212537534,7.207319043478522,3.243072169059012,LOW,29.922935495303914,7.659288567056101e-05,19.54479817718972,LOW,0,0
722_666,RAINFALL_PLUS_50_PERCENT,50.0,69.2207939041334,65.9777217350744,3.2430721690590048,HIGH,29.922935495303914,0.9789713057098605,68.85673303984402,HIGH,0,0
722_691,RAINFALL_PLUS_50_PERCENT,50.0,63.791976680359305,60.54890451130029,3.243072169059012,HIGH,29.922935495303914,0.8806165717420988,68.66366448437192,HIGH,0,0
723_1336,RAINFALL_PLUS_50_PERCENT,50.0,10.27870262736261,7.035630458303602,3.243072169059009,LOW,29.922935495303914,0.0051106872540115054,15.059160422852985,LOW,0,0
724_645,RAINFALL_PLUS_50_PERCENT,50.0,68.72054563496025,65.47747346590124,3.2430721690590048,HIGH,29.922935495303914,0.9750873015873018,65.99045261551963,HIGH,0,0
724_665,RAINFALL_PLUS_50_PERCENT,50.0,69.35266352300711,66.1095913539481,3.2430721690590048,HIGH,29.922935495303914,0.9844404761904763,67.16738546424243,HIGH,0,0
725_685,RAINFALL_PLUS_50_PERCENT,50.0,64.06858635588227,60.82551418682326,3.243072169059012,HIGH,29.922935495303914,0.8948047657251663,63.626254548914474,HIGH,0,0
725_830,RAINFALL_PLUS_50_PERCENT,50.0,69.54711760397163,66.30404543491262,3.2430721690590048,HIGH,29.922935495303914,0.9781328197945846,72.58113729162807,HIGH,0,0
726_607,RAINFALL_PLUS_50_PERCENT,50.0,61.460642385926775,58.217570216867756,3.243072169059019,HIGH,29.922935495303914,0.8346823228128463,70.61415845113547,HIGH,0,0
726_685,RAINFALL_PLUS_50_PERCENT,50.0,61.38430821614733,58.14123604708832,3.243072169059012,HIGH,29.922935495303914,0.8424904814255881,65.55632951633305,HIGH,0,0
727_445,RAINFALL_PLUS_50_PERCENT,50.0,69.4875919465813,66.2445197775223,3.2430721690590048,HIGH,29.922935495303914,0.9835692307692308,68.99585468166936,HIGH,0,0
727_501,RAINFALL_PLUS_50_PERCENT,50.0,66.62205556954646,63.37898340048744,3.243072169059019,HIGH,29.922935495303914,0.946377244299726,60.796083469548414,HIGH,0,0
728_350,RAINFALL_PLUS_50_PERCENT,50.0,12.589077333928957,9.346005164869947,3.24307216905901,LOW,29.922935495303914,0.01830135479240582,30.908040342399563,LOW,0,0
728_606,RAINFALL_PLUS_50_PERCENT,50.0,63.876850246916334,60.63377807785732,3.243072169059012,HIGH,29.922935495303914,0.8723670995670997,74.04960984619171,HIGH,0,0
729_645,RAINFALL_PLUS_50_PERCENT,50.0,68.74269190102618,65.49961973196717,3.2430721690590048,HIGH,29.922935495303914,0.9798339285714287,63.60127043490933,HIGH,0,0
730_648,RAINFALL_PLUS_50_PERCENT,50.0,68.83568553288757,65.59261336382856,3.2430721690590048,HIGH,29.922935495303914,0.9783845238095239,65.32837937257074,HIGH,0,0
731_651,RAINFALL_PLUS_50_PERCENT,50.0,68.18122379315044,64.93815162409142,3.243072169059019,HIGH,29.922935495303914,0.9753703601630928,60.44155198073655,HIGH,0,0
732_654,RAINFALL_PLUS_50_PERCENT,50.0,60.823133312611205,57.5800611435522,3.2430721690590048,HIGH,29.922935495303914,0.838173532023532,62.31890265210267,HIGH,0,0
732_689,RAINFALL_PLUS_50_PERCENT,50.0,16.22568540558023,12.982613236521217,3.243072169059012,LOW,29.922935495303914,0.0595620781946244,44.58072318769205,LOW,0,0
732_833,RAINFALL_PLUS_50_PERCENT,50.0,69.32984175471194,66.08676958565293,3.2430721690590048,HIGH,29.922935495303914,0.9844615540899143,66.9275749365997,HIGH,0,0
733_1560,RAINFALL_PLUS_50_PERCENT,50.0,10.112175758648384,6.869103589589374,3.24307216905901,LOW,29.922935495303914,6.220240552665621e-05,16.17055840237738,LOW,0,0
734_444,RAINFALL_PLUS_50_PERCENT,50.0,65.66901660803809,62.42594443897907,3.243072169059019,HIGH,29.922935495303914,0.9226296152022222,64.3268898580918,HIGH,0,0
734_749,RAINFALL_PLUS_50_PERCENT,50.0,10.734664544073771,7.49159237501476,3.243072169059011,LOW,29.922935495303914,0.011368166403863537,16.177166057545964,LOW,0,0
736_445,RAINFALL_PLUS_50_PERCENT,50.0,68.5850870213005,65.34201485224148,3.243072169059019,HIGH,29.922935495303914,0.9730666238017306,65.74723926098629,HIGH,0,0
736_487,RAINFALL_PLUS_50_PERCENT,50.0,69.57178522074052,66.3287130516815,3.243072169059019,HIGH,29.922935495303914,0.9942666666666666,63.95419767967172,HIGH,0,0
736_1158,RAINFALL_PLUS_50_PERCENT,50.0,10.263197285597986,7.020125116538976,3.24307216905901,LOW,29.922935495303914,0.010232452118149249,12.087136329930974,LOW,0,0
738_651,RAINFALL_PLUS_50_PERCENT,50.0,68.06712513795512,64.82405296889611,3.2430721690590048,HIGH,29.922935495303914,0.969984438009438,62.262822613293444,HIGH,0,0
738_654,RAINFALL_PLUS_50_PERCENT,50.0,68.33365926696536,65.09058709790634,3.243072169059019,HIGH,29.922935495303914,0.9754762755380751,61.907653262645404,HIGH,0,0
738_836,RAINFALL_PLUS_50_PERCENT,50.0,69.96865376901052,66.72558159995151,3.2430721690590048,HIGH,29.922935495303914,0.9969333333333332,66.45621649570512,HIGH,0,0
739_651,RAINFALL_PLUS_50_PERCENT,50.0,59.046735537244516,55.803663368185504,3.243072169059012,HIGH,29.922935495303914,0.8057239767949529,62.402180274154304,HIGH,0,0
739_652,RAINFALL_PLUS_50_PERCENT,50.0,68.8183182206043,65.57524605154529,3.2430721690590048,HIGH,29.922935495303914,0.984557622139765,61.75950216810533,HIGH,0,0
739_864,RAINFALL_PLUS_50_PERCENT,50.0,14.392459675260522,11.14938750620151,3.243072169059012,LOW,29.922935495303914,0.035763338386546495,39.33777277893783,LOW,0,0
740_137,RAINFALL_PLUS_50_PERCENT,50.0,20.869215775138503,17.62614360607949,3.243072169059012,LOW,29.922935495303914,0.10996616161616166,63.293781001429295,LOW,0,0
740_449,RAINFALL_PLUS_50_PERCENT,50.0,67.60057081132271,64.35749864226369,3.243072169059019,HIGH,29.922935495303914,0.959273056878837,63.4885389687999,HIGH,0,0
740_937,RAINFALL_PLUS_50_PERCENT,50.0,11.70160427895246,8.45853210989345,3.24307216905901,LOW,29.922935495303914,0.01643706574614342,23.058668768078924,LOW,0,0
741_64,RAINFALL_PLUS_50_PERCENT,50.0,15.683261424390887,12.440189255331877,3.24307216905901,LOW,29.922935495303914,0.029676984126984114,55.5932851130008,LOW,0,0
741_276,RAINFALL_PLUS_50_PERCENT,50.0,12.894527785309478,9.651455616250468,3.24307216905901,LOW,29.922935495303914,0.01425073662493044,36.190384848316235,LOW,0,0
741_837,RAINFALL_PLUS_50_PERCENT,50.0,66.68477277949503,63.44170061043603,3.2430721690590048,HIGH,29.922935495303914,0.9364289922140991,66.89479421612899,HIGH,0,0
742_554,RAINFALL_PLUS_50_PERCENT,50.0,64.99547099720773,61.75239882814872,3.243072169059012,HIGH,29.922935495303914,0.9221340301003345,57.86400555582667,HIGH,0,0
742_839,RAINFALL_PLUS_50_PERCENT,50.0,69.29258775963527,66.04951559057626,3.2430721690590048,HIGH,29.922935495303914,0.9825619047619049,67.59984211623828,HIGH,0,0
743_450,RAINFALL_PLUS_50_PERCENT,50.0,69.0291782929354,65.7861061238764,3.2430721690590048,HIGH,29.922935495303914,0.9864667124542125,62.81810321847037,HIGH,0,0
744_844,RAINFALL_PLUS_50_PERCENT,50.0,65.6222316778386,62.379159508779594,3.2430721690590048,HIGH,29.922935495303914,0.9208126619181856,64.85836486231717,HIGH,0,0
745_561,RAINFALL_PLUS_50_PERCENT,50.0,15.340408281023016,12.097336111964005,3.243072169059012,LOW,29.922935495303914,0.05345709321723941,39.08569367968167,LOW,0,0
745_976,RAINFALL_PLUS_50_PERCENT,50.0,10.306903912331622,7.06383174327261,3.243072169059012,LOW,29.922935495303914,0.01096333234902948,12.122218470283192,LOW,0,0
746_490,RAINFALL_PLUS_50_PERCENT,50.0,65.61984849561047,62.37677632655146,3.243072169059012,HIGH,29.922935495303914,0.9152675886006577,67.88432336467616,HIGH,0,0
747_866,RAINFALL_PLUS_50_PERCENT,50.0,70.3021667372529,67.05909456819388,3.243072169059019,HIGH,29.922935495303914,0.9978666666666667,69.27801284479558,HIGH,0,0
747_903,RAINFALL_PLUS_50_PERCENT,50.0,66.66328481569928,63.42021264664028,3.2430721690590048,HIGH,29.922935495303914,0.9166978991596642,77.53201575811089,HIGH,0,0
748_455,RAINFALL_PLUS_50_PERCENT,50.0,69.21808443018928,65.97501226113027,3.2430721690590048,HIGH,29.922935495303914,0.9891552328623757,63.22847836651944,HIGH,0,0
748_594,RAINFALL_PLUS_50_PERCENT,50.0,61.57432837429214,58.33125620523314,3.2430721690590048,HIGH,29.922935495303914,0.8221322592440241,78.65355329764132,HIGH,0,0
749_593,RAINFALL_PLUS_50_PERCENT,50.0,63.332413461505666,60.08934129244666,3.2430721690590048,HIGH,29.922935495303914,0.8606704082182843,75.03842223393345,HIGH,0,0
749_859,RAINFALL_PLUS_50_PERCENT,50.0,59.859075911473184,56.61600374241418,3.2430721690590048,HIGH,29.922935495303914,0.8228622042708248,61.09955890471144,HIGH,0,0
749_883,RAINFALL_PLUS_50_PERCENT,50.0,51.48560922852156,48.24253705946255,3.243072169059012,HIGH,29.922935495303914,0.641246253746254,77.25366486370915,MODERATE,1,1
750_433,RAINFALL_PLUS_50_PERCENT,50.0,17.329247851729605,14.086175682670593,3.243072169059012,LOW,29.922935495303914,0.058233987021876474,56.34679779419716,LOW,0,0
750_841,RAINFALL_PLUS_50_PERCENT,50.0,69.47733064741479,66.2342584783558,3.2430721690589905,HIGH,29.922935495303914,0.9822198228128461,69.63541606601574,HIGH,0,0
750_843,RAINFALL_PLUS_50_PERCENT,50.0,62.75099613656709,59.50792396750808,3.243072169059012,HIGH,29.922935495303914,0.857193415886439,71.13659476706262,HIGH,0,0
750_850,RAINFALL_PLUS_50_PERCENT,50.0,44.901929463642624,41.65885729458362,3.2430721690590048,MODERATE,29.922935495303914,0.5558579547903079,58.380431640690155,MODERATE,0,0
750_866,RAINFALL_PLUS_50_PERCENT,50.0,29.79613486870743,26.553062699648418,3.243072169059012,MODERATE,29.922935495303914,0.2935126918194944,51.61238032528554,MODERATE,0,0
750_906,RAINFALL_PLUS_50_PERCENT,50.0,70.40782379551915,67.16475162646014,3.2430721690590048,HIGH,29.922935495303914,0.9966571428571428,70.99982152269618,HIGH,0,0
751_60,RAINFALL_PLUS_50_PERCENT,50.0,16.38271207945223,13.139639910393218,3.243072169059012,LOW,29.922935495303914,0.05559466178189906,48.333068953410994,LOW,0,0
751_145,RAINFALL_PLUS_50_PERCENT,50.0,16.315664730134966,13.072592561075956,3.24307216905901,LOW,29.922935495303914,0.03605952380952381,58.40692134504475,LOW,0,0
752_443,RAINFALL_PLUS_50_PERCENT,50.0,69.70716864302312,66.46409647396412,3.2430721690590048,HIGH,29.922935495303914,0.9939125541125541,65.50279380725974,HIGH,0,0
752_908,RAINFALL_PLUS_50_PERCENT,50.0,70.41854633345845,67.17547416439945,3.2430721690590048,HIGH,29.922935495303914,0.9980461538461538,70.34309085813315,HIGH,0,0
753_473,RAINFALL_PLUS_50_PERCENT,50.0,61.69935581664032,58.456283647581316,3.2430721690590048,HIGH,29.922935495303914,0.8528638319575588,63.00146272867906,HIGH,0,0
754_633,RAINFALL_PLUS_50_PERCENT,50.0,68.74735668568297,65.50428451662397,3.2430721690590048,HIGH,29.922935495303914,0.9775638409209838,64.89646648922194,HIGH,0,0
758_453,RAINFALL_PLUS_50_PERCENT,50.0,69.44406018145891,66.2009880123999,3.2430721690590048,HIGH,29.922935495303914,0.9856496773068204,67.4162914347711,HIGH,0,0
758_473,RAINFALL_PLUS_50_PERCENT,50.0,64.28356608754669,61.04049391848768,3.243072169059012,HIGH,29.922935495303914,0.8890063187593875,68.96519769673695,HIGH,0,0
760_455,RAINFALL_PLUS_50_PERCENT,50.0,67.38866364201974,64.14559147296073,3.2430721690590048,HIGH,29.922935495303914,0.9550379006458013,63.6988032039399,HIGH,0,0
760_507,RAINFALL_PLUS_50_PERCENT,50.0,57.428242534030204,54.1851703649712,3.2430721690590048,HIGH,29.922935495303914,0.7598383398301051,71.45435057267748,HIGH,0,0
760_513,RAINFALL_PLUS_50_PERCENT,50.0,51.27066917778381,48.0275970087248,3.243072169059012,HIGH,29.922935495303914,0.6394210702414554,76.10811528397079,MODERATE,1,1
760_1007,RAINFALL_PLUS_50_PERCENT,50.0,9.484138379531792,6.241066210472783,3.243072169059009,LOW,29.922935495303914,2.1798365122615804e-05,9.912406833433694,LOW,0,0
761_541,RAINFALL_PLUS_50_PERCENT,50.0,16.371346636740387,13.128274467681376,3.243072169059012,LOW,29.922935495303914,0.07937094725544797,35.14245751584066,LOW,0,0
762_449,RAINFALL_PLUS_50_PERCENT,50.0,69.79866652512233,66.55559435606332,3.2430721690590048,HIGH,29.922935495303914,0.9960914965986395,65.21935426090478,HIGH,0,0
765_413,RAINFALL_PLUS_50_PERCENT,50.0,16.394881326778737,13.151809157719727,3.24307216905901,LOW,29.922935495303914,0.06666248159493625,42.36746052950563,LOW,0,0
765_1047,RAINFALL_PLUS_50_PERCENT,50.0,9.498385265621403,6.255313096562393,3.24307216905901,LOW,29.922935495303914,6.220240552665621e-05,10.03265347210757,LOW,0,0
766_129,RAINFALL_PLUS_50_PERCENT,50.0,15.264200459733013,12.021128290674001,3.243072169059012,LOW,29.922935495303914,0.020926190476190477,56.21561197435856,LOW,0,0
767_452,RAINFALL_PLUS_50_PERCENT,50.0,69.01622221820433,65.77315004914531,3.243072169059019,HIGH,29.922935495303914,0.9827170031842527,64.7508825696376,HIGH,0,0
768_452,RAINFALL_PLUS_50_PERCENT,50.0,67.17762520475958,63.93455303570057,3.243072169059012,HIGH,29.922935495303914,0.9525858523906018,62.937045371697955,HIGH,0,0
770_182,RAINFALL_PLUS_50_PERCENT,50.0,15.25526558979362,12.012193420734608,3.243072169059012,LOW,29.922935495303914,0.0321047619047619,49.97804898925033,LOW,0,0
771_992,RAINFALL_PLUS_50_PERCENT,50.0,9.970727449640217,6.727655280581207,3.24307216905901,LOW,29.922935495303914,0.0042728561585532905,12.440215748131052,LOW,0,0
772_208,RAINFALL_PLUS_50_PERCENT,50.0,11.08712514084293,7.844052971783919,3.243072169059012,LOW,29.922935495303914,0.010548308483083312,20.15269388166667,LOW,0,0
774_458,RAINFALL_PLUS_50_PERCENT,50.0,65.58795569987656,62.34488353081754,3.243072169059019,HIGH,29.922935495303914,0.9186470379370817,65.70669827230392,HIGH,0,0
776_641,RAINFALL_PLUS_50_PERCENT,50.0,60.36637702636825,57.12330485730924,3.2430721690590048,HIGH,29.922935495303914,0.8277443326828875,63.48739942702755,HIGH,0,0
777_459,RAINFALL_PLUS_50_PERCENT,50.0,68.66672725082452,65.42365508176552,3.2430721690590048,HIGH,29.922935495303914,0.9715950251622747,67.37302080792742,HIGH,0,0
778_639,RAINFALL_PLUS_50_PERCENT,50.0,64.87423826480013,61.63116609574113,3.2430721690589976,HIGH,29.922935495303914,0.9043510101010103,66.43233923137889,HIGH,0,0
778_640,RAINFALL_PLUS_50_PERCENT,50.0,60.07930504480661,56.836232875747605,3.2430721690590048,HIGH,29.922935495303914,0.8210683261183257,64.28848322192017,HIGH,0,0
780_730,RAINFALL_PLUS_50_PERCENT,50.0,10.162293450740329,6.9192212816813194,3.243072169059009,LOW,29.922935495303914,0.010810008194508915,10.760442139356586,LOW,0,0
780_925,RAINFALL_PLUS_50_PERCENT,50.0,62.42301825031661,59.179946081257604,3.2430721690590048,HIGH,29.922935495303914,0.8750027472527473,58.06168365308826,HIGH,0,0
780_1405,RAINFALL_PLUS_50_PERCENT,50.0,22.05109657537479,18.80802440631578,3.2430721690590083,LOW,29.922935495303914,0.14693571428571425,54.779335035538246,LOW,0,0
781_458,RAINFALL_PLUS_50_PERCENT,50.0,67.22546849088944,63.98239632183043,3.243072169059012,HIGH,29.922935495303914,0.9429360682461752,68.72285951243123,HIGH,0,0
782_640,RAINFALL_PLUS_50_PERCENT,50.0,64.57849377897367,61.33542160991466,3.2430721690590048,HIGH,29.922935495303914,0.8956469696969697,68.26211659533658,HIGH,0,0
784_1110,RAINFALL_PLUS_50_PERCENT,50.0,13.954517619016684,10.711445449957674,3.24307216905901,LOW,29.922935495303914,0.037090904959011815,34.22819060164354,LOW,0,0
784_1298,RAINFALL_PLUS_50_PERCENT,50.0,9.995853425643425,6.752781256584415,3.24307216905901,LOW,29.922935495303914,0.006688465031789282,11.36289062788334,LOW,0,0
785_639,RAINFALL_PLUS_50_PERCENT,50.0,65.45452382519417,62.21145165613516,3.243072169059012,HIGH,29.922935495303914,0.9096858585858585,69.30102816865265,HIGH,0,0
787_642,RAINFALL_PLUS_50_PERCENT,50.0,43.48493742190573,40.24186525284671,3.243072169059019,MODERATE,29.922935495303914,0.5125848540348545,68.01071663882044,MODERATE,0,0
787_927,RAINFALL_PLUS_50_PERCENT,50.0,59.34100467295076,56.09793250389175,3.243072169059012,HIGH,29.922935495303914,0.8244372349872352,55.05257962546144,HIGH,0,0
788_1433,RAINFALL_PLUS_50_PERCENT,50.0,11.224219465223797,7.981147296164785,3.243072169059012,LOW,29.922935495303914,0.006781322174646425,23.595479595115624,LOW,0,0
789_652,RAINFALL_PLUS_50_PERCENT,50.0,62.24355555803373,59.000483388974715,3.243072169059012,HIGH,29.922935495303914,0.840075468975469,75.47705978276255,HIGH,0,0
790_456,RAINFALL_PLUS_50_PERCENT,50.0,22.511828131361366,19.268755962302357,3.2430721690590083,LOW,29.922935495303914,0.14741959706959704,59.120515064268496,LOW,0,0
790_638,RAINFALL_PLUS_50_PERCENT,50.0,66.25147607834036,63.00840390928135,3.243072169059012,HIGH,29.922935495303914,0.9199472871572869,71.62676498582906,HIGH,0,0
790_652,RAINFALL_PLUS_50_PERCENT,50.0,62.15586342055638,58.91279125149737,3.243072169059012,HIGH,29.922935495303914,0.8339953102453103,77.94422570957637,HIGH,0,0
790_926,RAINFALL_PLUS_50_PERCENT,50.0,62.16327364652673,58.92020147746772,3.243072169059012,HIGH,29.922935495303914,0.8718863555363557,57.178253059204934,HIGH,0,0
792_684,RAINFALL_PLUS_50_PERCENT,50.0,10.628665683938111,7.385593514879101,3.24307216905901,LOW,29.922935495303914,0.005733703127027378,18.216132258449257,LOW,0,0
792_1040,RAINFALL_PLUS_50_PERCENT,50.0,9.982611860903134,6.739539691844125,3.243072169059009,LOW,29.922935495303914,0.0032967983651226154,13.09589164714711,LOW,0,0
794_509,RAINFALL_PLUS_50_PERCENT,50.0,57.7593392903202,54.516267121261194,3.2430721690590048,HIGH,29.922935495303914,0.7771534310038686,65.24201799000751,HIGH,0,0
795_648,RAINFALL_PLUS_50_PERCENT,50.0,63.34597782745459,60.102905658395585,3.2430721690590048,HIGH,29.922935495303914,0.8751764538239536,67.19574081030454,HIGH,0,0
797_514,RAINFALL_PLUS_50_PERCENT,50.0,58.10107142352884,54.85799925446984,3.2430721690590048,HIGH,29.922935495303914,0.7683808528726179,73.48425729428179,HIGH,0,0
798_514,RAINFALL_PLUS_50_PERCENT,50.0,55.397090594248596,52.15401842518959,3.2430721690590048,HIGH,29.922935495303914,0.7183318907236557,73.97137818340862,HIGH,0,0
798_649,RAINFALL_PLUS_50_PERCENT,50.0,66.16871553993195,62.92564337087295,3.2430721690590048,HIGH,29.922935495303914,0.9179774458874453,71.88257230015779,HIGH,0,0
798_1474,RAINFALL_PLUS_50_PERCENT,50.0,12.834588177663814,9.591516008604803,3.243072169059012,LOW,29.922935495303914,0.015916820010144262,34.674642909991995,LOW,0,0
799_786,RAINFALL_PLUS_50_PERCENT,50.0,10.477864037531354,7.234791868472343,3.243072169059011,LOW,29.922935495303914,0.0005622024055266562,19.552441191207073,LOW,0,0
800_474,RAINFALL_PLUS_50_PERCENT,50.0,17.691031325520335,14.447959156461325,3.24307216905901,LOW,29.922935495303914,0.08036040542295163,47.795102411513156,LOW,0,0
801_438,RAINFALL_PLUS_50_PERCENT,50.0,19.830897563963873,16.58782539490486,3.243072169059012,LOW,29.922935495303914,0.14184528623544584,35.37708034907669,LOW,0,0
801_654,RAINFALL_PLUS_50_PERCENT,50.0,66.26185008274575,63.01877791368675,3.2430721690590048,HIGH,29.922935495303914,0.9237790331890332,69.62304471242251,HIGH,0,0
802_101,RAINFALL_PLUS_50_PERCENT,50.0,17.858161710421925,14.615089541362915,3.24307216905901,LOW,29.922935495303914,0.050347619047619044,65.97343876696196,LOW,0,0
805_515,RAINFALL_PLUS_50_PERCENT,50.0,54.66783476778285,51.424762598723845,3.2430721690590048,HIGH,29.922935495303914,0.7093820982938631,71.60120575513702,HIGH,0,0
806_513,RAINFALL_PLUS_50_PERCENT,50.0,60.78306732224174,57.53999515318274,3.2430721690590048,HIGH,29.922935495303914,0.8193837721755372,72.25261066480519,HIGH,0,0
806_645,RAINFALL_PLUS_50_PERCENT,50.0,63.98668852233515,60.74361635327614,3.243072169059012,HIGH,29.922935495303914,0.8707674603174607,76.02779418768134,HIGH,0,0
806_935,RAINFALL_PLUS_50_PERCENT,50.0,61.13070329744566,57.88763112838665,3.243072169059012,HIGH,29.922935495303914,0.8442517956517963,62.05155750490182,HIGH,0,0
806_937,RAINFALL_PLUS_50_PERCENT,50.0,51.9004932841938,48.657421115134795,3.2430721690590048,HIGH,29.922935495303914,0.6752947495407261,62.67583273347188,MODERATE,1,1
807_217,RAINFALL_PLUS_50_PERCENT,50.0,31.504873316950686,28.261801147891674,3.243072169059012,MODERATE,29.922935495303914,0.31635479229989866,56.136609543495744,MODERATE,0,0
807_722,RAINFALL_PLUS_50_PERCENT,50.0,9.77278083766145,6.52970866860244,3.24307216905901,LOW,29.922935495303914,0.004355131698455949,10.415498081396937,LOW,0,0
808_640,RAINFALL_PLUS_50_PERCENT,50.0,64.22730710260791,60.98423493354891,3.2430721690589976,HIGH,29.922935495303914,0.8671937144554795,80.39954021449866,HIGH,0,0
808_641,RAINFALL_PLUS_50_PERCENT,50.0,65.58250943227372,62.339437263214705,3.243072169059019,HIGH,29.922935495303914,0.8920168746286395,80.2988254159186,HIGH,0,0
809_637,RAINFALL_PLUS_50_PERCENT,50.0,59.16007284336793,55.917000674308916,3.243072169059012,HIGH,29.922935495303914,0.7619779302396952,87.59587894078018,HIGH,0,0
811_512,RAINFALL_PLUS_50_PERCENT,50.0,64.10859076569253,60.86551859663353,3.2430721690589976,HIGH,29.922935495303914,0.8923058585858588,65.40069757363615,HIGH,0,0
811_613,RAINFALL_PLUS_50_PERCENT,50.0,39.01362743532006,35.770555266261056,3.2430721690590048,MODERATE,29.922935495303914,0.4401820096570098,63.11918118077844,MODERATE,0,0
812_517,RAINFALL_PLUS_50_PERCENT,50.0,64.05174239434082,60.808670225281816,3.2430721690590048,HIGH,29.922935495303914,0.8872351613021633,67.62109736615155,HIGH,0,0
813_639,RAINFALL_PLUS_50_PERCENT,50.0,57.7232724213651,54.48020025230609,3.243072169059012,HIGH,29.922935495303914,0.7349575839193487,88.08906519694246,HIGH,0,0
813_1458,RAINFALL_PLUS_50_PERCENT,50.0,12.78125684731512,9.538184678256108,3.243072169059012,LOW,29.922935495303914,0.017183486676810928,33.44466293983838,LOW,0,0
813_1533,RAINFALL_PLUS_50_PERCENT,50.0,9.77812414778652,6.535051978727511,3.24307216905901,LOW,29.922935495303914,0.0020217983651226157,11.752264515980967,LOW,0,0
814_518,RAINFALL_PLUS_50_PERCENT,50.0,62.9736489508139,59.7305767817549,3.2430721690590048,HIGH,29.922935495303914,0.8812896112255585,60.11021547301502,HIGH,0,0
814_1297,RAINFALL_PLUS_50_PERCENT,50.0,10.203303448644112,6.960231279585102,3.24307216905901,LOW,29.922935495303914,0.004388465031789282,14.702390857890215,LOW,0,0
814_1408,RAINFALL_PLUS_50_PERCENT,50.0,11.480317236065769,8.237245067006759,3.24307216905901,LOW,29.922935495303914,0.0028987214420456925,28.29188770646576,LOW,0,0
815_14,RAINFALL_PLUS_50_PERCENT,50.0,18.346628981994662,15.103556812935649,3.2430721690590136,LOW,29.922935495303914,0.06313405483405483,63.825571800149625,LOW,0,0
815_507,RAINFALL_PLUS_50_PERCENT,50.0,43.13844564887637,39.89537347981736,3.243072169059012,MODERATE,29.922935495303914,0.5207085886835138,60.07774485176435,MODERATE,0,0
816_878,RAINFALL_PLUS_50_PERCENT,50.0,9.577184677312323,6.3341125082533125,3.24307216905901,LOW,29.922935495303914,2.1798365122615804e-05,10.842869811238995,LOW,0,0
817_215,RAINFALL_PLUS_50_PERCENT,50.0,20.111822393846232,16.86875022478722,3.243072169059012,LOW,29.922935495303914,0.11125993354471612,55.008272627801645,LOW,0,0
818_643,RAINFALL_PLUS_50_PERCENT,50.0,58.7728825735267,55.529810404467696,3.2430721690590048,HIGH,29.922935495303914,0.7732903607503607,77.50213946150183,HIGH,0,0
820_643,RAINFALL_PLUS_50_PERCENT,50.0,61.06017894500428,57.81710677594528,3.2430721690590048,HIGH,29.922935495303914,0.8177918037518037,75.89930952548403,HIGH,0,0
820_1220,RAINFALL_PLUS_50_PERCENT,50.0,10.781292190969317,7.538220021910307,3.24307216905901,LOW,29.922935495303914,0.0003955357388599895,22.678389392253386,LOW,0,0
821_178,RAINFALL_PLUS_50_PERCENT,50.0,13.707450580262012,10.464378411203,3.243072169059012,LOW,29.922935495303914,0.015285867629191882,43.75029074549778,LOW,0,0
822_524,RAINFALL_PLUS_50_PERCENT,50.0,29.30424772461152,26.06117555555251,3.243072169059012,MODERATE,29.922935495303914,0.3164946349848655,34.05344014337235,MODERATE,0,0
824_651,RAINFALL_PLUS_50_PERCENT,50.0,16.78059483539726,13.537522666338246,3.2430721690590136,LOW,29.922935495303914,0.05326145247053012,53.595161634114206,LOW,0,0
825_466,RAINFALL_PLUS_50_PERCENT,50.0,28.020191771475297,24.77711960241629,3.2430721690590083,MODERATE,29.922935495303914,0.26283038791274077,50.728216501678745,LOW,1,1
825_646,RAINFALL_PLUS_50_PERCENT,50.0,53.017036859196814,49.7739646901378,3.243072169059012,HIGH,29.922935495303914,0.6715238816738817,75.91524581026647,MODERATE,1,1
826_645,RAINFALL_PLUS_50_PERCENT,50.0,63.215788244178974,59.97271607511996,3.243072169059012,HIGH,29.922935495303914,0.8583438149972631,75.15179633222827,HIGH,0,0
826_1489,RAINFALL_PLUS_50_PERCENT,50.0,10.50517992210383,7.26210775304482,3.24307216905901,LOW,29.922935495303914,0.002462202405526656,18.780600036931844,LOW,0,0
827_524,RAINFALL_PLUS_50_PERCENT,50.0,26.87857351649566,23.635501347436648,3.243072169059012,MODERATE,29.922935495303914,0.28422665172763567,27.54408885369017,LOW,1,1
827_978,RAINFALL_PLUS_50_PERCENT,50.0,64.09673520142542,60.85366303236641,3.2430721690590048,HIGH,29.922935495303914,0.8839013888888885,69.9046002642987,HIGH,0,0
828_97,RAINFALL_PLUS_50_PERCENT,50.0,19.570490394443375,16.327418225384363,3.243072169059012,LOW,29.922935495303914,0.07258644688644689,70.86537029582114,LOW,0,0
830_286,RAINFALL_PLUS_50_PERCENT,50.0,12.251353499439219,9.008281330380207,3.243072169059012,LOW,29.922935495303914,0.031966273534516906,20.01509668934108,LOW,0,0
830_643,RAINFALL_PLUS_50_PERCENT,50.0,41.78315309405639,38.54008092499738,3.2430721690590048,MODERATE,29.922935495303914,0.4805507575757576,68.61162641283039,MODERATE,0,0
831_375,RAINFALL_PLUS_50_PERCENT,50.0,9.742736036580613,6.499663867521602,3.243072169059011,LOW,29.922935495303914,0.002466242809567061,11.153938959477443,LOW,0,0
832_990,RAINFALL_PLUS_50_PERCENT,50.0,66.8613463537415,63.61827418468249,3.2430721690590048,HIGH,29.922935495303914,0.9114270477888124,82.41159939250134,HIGH,0,0
837_643,RAINFALL_PLUS_50_PERCENT,50.0,67.20410271645198,63.96103054739298,3.2430721690590048,HIGH,29.922935495303914,0.9477310245310248,65.87197581138949,HIGH,0,0
840_198,RAINFALL_PLUS_50_PERCENT,50.0,11.902713657059397,8.659641488000387,3.24307216905901,LOW,29.922935495303914,0.007258955082860343,30.117723413953986,LOW,0,0
842_1240,RAINFALL_PLUS_50_PERCENT,50.0,10.06613000178535,6.823057832726338,3.243072169059012,LOW,29.922935495303914,7.659288567056101e-05,15.702186069667876,LOW,0,0
846_1668,RAINFALL_PLUS_50_PERCENT,50.0,9.709001692674386,6.465929523615376,3.24307216905901,LOW,29.922935495303914,0.003259893603217854,10.380087583907239,LOW,0,0
848_85,RAINFALL_PLUS_50_PERCENT,50.0,26.08425405676429,22.84118188770528,3.243072169059012,MODERATE,29.922935495303914,0.1630200577200577,86.26452096054436,LOW,1,1
851_953,RAINFALL_PLUS_50_PERCENT,50.0,10.542201768459623,7.299129599400613,3.24307216905901,LOW,29.922935495303914,0.003062202405526656,18.820818500489768,LOW,0,0
854_110,RAINFALL_PLUS_50_PERCENT,50.0,18.473354592804313,15.230282423745301,3.243072169059012,LOW,29.922935495303914,0.06003809523809521,66.79560568602396,LOW,0,0
854_858,RAINFALL_PLUS_50_PERCENT,50.0,9.985936686274094,6.742864517215083,3.243072169059011,LOW,29.922935495303914,0.005685687254011505,11.815251011967806,LOW,0,0
856_147,RAINFALL_PLUS_50_PERCENT,50.0,13.696115696171908,10.453043527112897,3.243072169059012,LOW,29.922935495303914,0.01082956673202142,46.08790739804049,LOW,0,0
856_1234,RAINFALL_PLUS_50_PERCENT,50.0,9.840121389494772,6.597049220435762,3.24307216905901,LOW,29.922935495303914,0.0028765602698845203,11.902117885444433,LOW,0,0
856_1274,RAINFALL_PLUS_50_PERCENT,50.0,10.870759537586137,7.627687368527126,3.243072169059011,LOW,29.922935495303914,0.00697656026988452,19.95349936635808,LOW,0,0
857_241,RAINFALL_PLUS_50_PERCENT,50.0,11.18545748326537,7.942385314206359,3.243072169059011,LOW,29.922935495303914,0.015841501918649626,18.224760916329597,LOW,0,0
858_291,RAINFALL_PLUS_50_PERCENT,50.0,13.803903380825531,10.56083121176652,3.243072169059012,LOW,29.922935495303914,0.07573702214517396,11.46668376734282,LOW,0,0
860_566,RAINFALL_PLUS_50_PERCENT,50.0,9.837446453122833,6.594374284063823,3.24307216905901,LOW,29.922935495303914,0.0010884650317892826,12.858820902677431,LOW,0,0
860_711,RAINFALL_PLUS_50_PERCENT,50.0,10.737450074049594,7.494377904990582,3.243072169059012,LOW,29.922935495303914,0.0035217983651226158,20.520523778611693,LOW,0,0
860_1568,RAINFALL_PLUS_50_PERCENT,50.0,22.371158766063907,19.128086597004895,3.243072169059012,LOW,29.922935495303914,0.142177481648786,60.596984892739925,LOW,0,0
864_648,RAINFALL_PLUS_50_PERCENT,50.0,58.62451104986092,55.38143888080191,3.243072169059012,HIGH,29.922935495303914,0.7658296840414492,80.12179641474532,HIGH,0,0
867_649,RAINFALL_PLUS_50_PERCENT,50.0,59.51501346640678,56.27194129734777,3.2430721690590048,HIGH,29.922935495303914,0.7713347345464996,85.9990428024262,HIGH,0,0
869_1488,RAINFALL_PLUS_50_PERCENT,50.0,9.85125957875043,6.608187409691419,3.243072169059011,LOW,29.922935495303914,0.0028765602698845203,12.013499778001002,LOW,0,0
870_1206,RAINFALL_PLUS_50_PERCENT,50.0,9.537989533662312,6.294917364603302,3.24307216905901,LOW,29.922935495303914,0.0002717983651226158,10.313418374738886,LOW,0,0
870_1438,RAINFALL_PLUS_50_PERCENT,50.0,9.707813754313918,6.464741585254908,3.24307216905901,LOW,29.922935495303914,0.0028765602698845203,10.579041533635886,LOW,0,0
871_353,RAINFALL_PLUS_50_PERCENT,50.0,10.413561361251624,7.170489192192613,3.243072169059011,LOW,29.922935495303914,0.0054376713809956324,16.227906491901837,LOW,0,0
872_911,RAINFALL_PLUS_50_PERCENT,50.0,11.008576688829802,7.765504519770791,3.243072169059011,LOW,29.922935495303914,0.00682656026988452,21.41417087879472,LOW,0,0
874_637,RAINFALL_PLUS_50_PERCENT,50.0,62.43261341576222,59.189541246703214,3.2430721690590048,HIGH,29.922935495303914,0.8551258897609961,69.08990692800757,HIGH,0,0
875_51,RAINFALL_PLUS_50_PERCENT,50.0,20.66051545269498,17.41744328363597,3.243072169059012,LOW,29.922935495303914,0.11320086580086583,59.42769047540677,LOW,0,0
875_463,RAINFALL_PLUS_50_PERCENT,50.0,10.881205340192432,7.63813317113342,3.243072169059012,LOW,29.922935495303914,0.005043361825816512,21.121216536658427,LOW,0,0
875_1630,RAINFALL_PLUS_50_PERCENT,50.0,22.533552719713597,19.29048055065459,3.2430721690590083,LOW,29.922935495303914,0.15576378066378072,54.748459970989785,LOW,0,0
877_266,RAINFALL_PLUS_50_PERCENT,50.0,13.567412507987695,10.324340338928685,3.24307216905901,LOW,29.922935495303914,0.059669263162882485,17.93904247922478,LOW,0,0
877_1645,RAINFALL_PLUS_50_PERCENT,50.0,10.34524415098108,7.102171981922068,3.243072169059011,LOW,29.922935495303914,2.1798365122615804e-05,18.52346454792655,LOW,0,0
878_1496,RAINFALL_PLUS_50_PERCENT,50.0,9.744114439987435,6.501042270928425,3.24307216905901,LOW,29.922935495303914,0.0026122024055266566,11.087445215767882,LOW,0,0
880_646,RAINFALL_PLUS_50_PERCENT,50.0,57.075567439392934,53.83249527033392,3.243072169059012,HIGH,29.922935495303914,0.7357035624506212,81.20172718502087,HIGH,0,0
882_411,RAINFALL_PLUS_50_PERCENT,50.0,13.05406917361816,9.810997004559148,3.243072169059012,LOW,29.922935495303914,0.036539781184862924,25.52682422344018,LOW,0,0
885_511,RAINFALL_PLUS_50_PERCENT,50.0,65.25329574677552,62.010223577716516,3.2430721690590048,HIGH,29.922935495303914,0.9070556192173841,68.73537903712712,HIGH,0,0
885_634,RAINFALL_PLUS_50_PERCENT,50.0,63.43254475576337,60.189472586704355,3.243072169059012,HIGH,29.922935495303914,0.8725347943722948,69.51432279180482,HIGH,0,0
886_522,RAINFALL_PLUS_50_PERCENT,50.0,68.37814451323939,65.13507234418039,3.2430721690590048,HIGH,29.922935495303914,0.9703996495567923,65.14465001509137,HIGH,0,0
887_524,RAINFALL_PLUS_50_PERCENT,50.0,66.24726165201108,63.00418948295207,3.2430721690590048,HIGH,29.922935495303914,0.9334656705728137,64.14950984399637,HIGH,0,0
887_1019,RAINFALL_PLUS_50_PERCENT,50.0,10.561142489824794,7.318070320765784,3.24307216905901,LOW,29.922935495303914,0.007220283213607464,16.72328126969704,LOW,0,0
888_520,RAINFALL_PLUS_50_PERCENT,50.0,68.60830877810568,65.36523660904668,3.2430721690590048,HIGH,29.922935495303914,0.976628220985364,64.02057837803994,HIGH,0,0
888_1672,RAINFALL_PLUS_50_PERCENT,50.0,9.995017658683292,6.751945489624281,3.243072169059011,LOW,29.922935495303914,0.01011703646036071,9.468818672567716,LOW,0,0
889_524,RAINFALL_PLUS_50_PERCENT,50.0,67.66405470205974,64.42098253300074,3.2430721690590048,HIGH,29.922935495303914,0.9613836322407752,62.962561427104305,HIGH,0,0
890_1332,RAINFALL_PLUS_50_PERCENT,50.0,10.301160299926647,7.058088130867637,3.243072169059009,LOW,29.922935495303914,0.00487656026988452,15.412506989763191,LOW,0,0
892_524,RAINFALL_PLUS_50_PERCENT,50.0,66.15134431486928,62.908272145810265,3.243072169059012,HIGH,29.922935495303914,0.9359212004696477,61.83979502931971,HIGH,0,0
892_639,RAINFALL_PLUS_50_PERCENT,50.0,63.69961916584137,60.456546996782365,3.2430721690590048,HIGH,29.922935495303914,0.8704422799422799,73.335949829093,HIGH,0,0
894_251,RAINFALL_PLUS_50_PERCENT,50.0,18.224534149850058,14.98146198079105,3.2430721690590083,LOW,29.922935495303914,0.08853439887762138,48.634434254742025,LOW,0,0
897_647,RAINFALL_PLUS_50_PERCENT,50.0,63.57812873378745,60.33505656472844,3.243072169059012,HIGH,29.922935495303914,0.8736033910533907,70.38243439744282,HIGH,0,0
898_1638,RAINFALL_PLUS_50_PERCENT,50.0,12.368276716614073,9.125204547555063,3.24307216905901,LOW,29.922935495303914,0.002943010486334737,37.14712353758982,LOW,0,0
899_269,RAINFALL_PLUS_50_PERCENT,50.0,13.615607244729738,10.372535075670726,3.243072169059012,LOW,29.922935495303914,0.0440421744807611,27.015888621811957,LOW,0,0
899_1425,RAINFALL_PLUS_50_PERCENT,50.0,9.47104191772346,6.227969748664449,3.24307216905901,LOW,29.922935495303914,2.1798365122615804e-05,9.781442215350356,LOW,0,0
903_541,RAINFALL_PLUS_50_PERCENT,50.0,62.34880801430382,59.105735845244816,3.2430721690590048,HIGH,29.922935495303914,0.8473577981495628,72.52430329971185,HIGH,0,0
906_656,RAINFALL_PLUS_50_PERCENT,50.0,52.49038824938624,49.24731608032724,3.2430721690590048,HIGH,29.922935495303914,0.6743781163281161,69.07893065233178,MODERATE,1,1
909_653,RAINFALL_PLUS_50_PERCENT,50.0,57.283007899436164,54.03993573037715,3.243072169059012,HIGH,29.922935495303914,0.7420000581118231,79.81305917179212,HIGH,0,0
909_849,RAINFALL_PLUS_50_PERCENT,50.0,11.592420430361118,8.349348261302108,3.24307216905901,LOW,29.922935495303914,0.01182696431028856,24.502386071885667,LOW,0,0
910_140,RAINFALL_PLUS_50_PERCENT,50.0,20.89340524499611,17.650333075937098,3.243072169059012,LOW,29.922935495303914,0.09887958152958157,69.6332947476244,LOW,0,0
911_877,RAINFALL_PLUS_50_PERCENT,50.0,11.687690472564933,8.444618303505923,3.24307216905901,LOW,29.922935495303914,0.0038955357388599896,29.81737220820953,LOW,0,0
912_1617,RAINFALL_PLUS_50_PERCENT,50.0,12.57707571622612,9.334003547167109,3.243072169059012,LOW,29.922935495303914,0.0071092442525685015,36.94368496228172,LOW,0,0
913_280,RAINFALL_PLUS_50_PERCENT,50.0,14.200179992964642,10.95710782390563,3.243072169059012,LOW,29.922935495303914,0.04479814117311498,32.44583442336637,LOW,0,0
914_551,RAINFALL_PLUS_50_PERCENT,50.0,50.840854834214994,47.59778266515599,3.2430721690590048,HIGH,29.922935495303914,0.6384732412032414,72.33127781930034,MODERATE,1,1
914_1536,RAINFALL_PLUS_50_PERCENT,50.0,10.748695778124535,7.505623609065526,3.243072169059009,LOW,29.922935495303914,2.1798365122615804e-05,22.557980819361124,LOW,0,0
915_1203,RAINFALL_PLUS_50_PERCENT,50.0,9.948680274517208,6.705608105458198,3.24307216905901,LOW,29.922935495303914,2.1798365122615804e-05,14.557825783287853,LOW,0,0
917_1139,RAINFALL_PLUS_50_PERCENT,50.0,13.931284496191672,10.688212327132662,3.24307216905901,LOW,29.922935495303914,0.046412534295858544,28.868963238127726,LOW,0,0
918_987,RAINFALL_PLUS_50_PERCENT,50.0,18.455212275384742,15.21214010632573,3.243072169059012,LOW,29.922935495303914,0.08896671685802121,50.70344062086893,LOW,0,0
919_189,RAINFALL_PLUS_50_PERCENT,50.0,12.954251308017875,9.711179138958864,3.243072169059012,LOW,29.922935495303914,0.013743535411743522,37.06658074265301,LOW,0,0
919_555,RAINFALL_PLUS_50_PERCENT,50.0,40.52237811477581,37.2793059457168,3.243072169059012,MODERATE,29.922935495303914,0.4598388336301378,67.39543479011552,MODERATE,0,0
919_1247,RAINFALL_PLUS_50_PERCENT,50.0,9.255534674871233,6.0124625058122225,3.243072169059011,LOW,29.922935495303914,0.0005932269365511872,7.312084072542377,LOW,0,0
919_1636,RAINFALL_PLUS_50_PERCENT,50.0,23.206880322140947,19.963808153081935,3.243072169059012,LOW,29.922935495303914,0.170597113997114,53.323402661929954,LOW,0,0
924_413,RAINFALL_PLUS_50_PERCENT,50.0,17.138284808893815,13.895212639834803,3.243072169059012,LOW,29.922935495303914,0.07085522837570811,47.49548462123185,LOW,0,0
925_376,RAINFALL_PLUS_50_PERCENT,50.0,37.32949376717089,34.086421598111876,3.243072169059012,MODERATE,29.922935495303914,0.41594751505804123,59.60681652871935,MODERATE,0,0
925_829,RAINFALL_PLUS_50_PERCENT,50.0,14.87304338422465,11.629971215165638,3.243072169059012,LOW,29.922935495303914,0.039541423184747446,42.06566322956858,LOW,0,0
927_907,RAINFALL_PLUS_50_PERCENT,50.0,22.024975184348634,18.781903015289625,3.2430721690590083,LOW,29.922935495303914,0.12942592407592415,64.14850574066125,LOW,0,0
927_1239,RAINFALL_PLUS_50_PERCENT,50.0,9.270637945840372,6.027565776781362,3.24307216905901,LOW,29.922935495303914,2.1798365122615804e-05,7.777402496519484,LOW,0,0
931_659,RAINFALL_PLUS_50_PERCENT,50.0,32.75367575189968,29.510603582840666,3.243072169059012,MODERATE,29.922935495303914,0.3204783938283937,66.3566530523134,MODERATE,0,0
932_635,RAINFALL_PLUS_50_PERCENT,50.0,65.7099434371577,62.4668712680987,3.2430721690590048,HIGH,29.922935495303914,0.9226920498420499,64.70181909738282,HIGH,0,0
932_842,RAINFALL_PLUS_50_PERCENT,50.0,22.5060049863426,19.26293281728359,3.2430721690590083,LOW,29.922935495303914,0.14473715728715736,60.53762549442264,LOW,0,0
934_580,RAINFALL_PLUS_50_PERCENT,50.0,57.10095793737091,53.8578857683119,3.2430721690590048,HIGH,29.922935495303914,0.7705519405232446,62.289024224857755,HIGH,0,0
936_632,RAINFALL_PLUS_50_PERCENT,50.0,66.00898533327866,62.76591316421965,3.243072169059012,HIGH,29.922935495303914,0.9243631416202847,66.77313758056323,HIGH,0,0
937_490,RAINFALL_PLUS_50_PERCENT,50.0,13.163577058031432,9.920504888972422,3.24307216905901,LOW,29.922935495303914,0.04821581335396519,20.200085374566658,LOW,0,0
937_628,RAINFALL_PLUS_50_PERCENT,50.0,56.55125139142785,53.30817922236884,3.2430721690590048,HIGH,29.922935495303914,0.7505270562770563,67.80564510083073,HIGH,0,0
938_1524,RAINFALL_PLUS_50_PERCENT,50.0,10.081291914672658,6.838219745613648,3.24307216905901,LOW,29.922935495303914,6.220240552665621e-05,15.861719962620114,LOW,0,0
938_1636,RAINFALL_PLUS_50_PERCENT,50.0,11.120427619106078,7.877355450047068,3.24307216905901,LOW,29.922935495303914,0.00013912548244973314,26.210769314646626,LOW,0,0
939_320,RAINFALL_PLUS_50_PERCENT,50.0,12.246120409856358,9.003048240797346,3.243072169059012,LOW,29.922935495303914,0.026749146687298525,22.832185559482582,LOW,0,0
940_32,RAINFALL_PLUS_50_PERCENT,50.0,14.800423829007835,11.557351659948825,3.24307216905901,LOW,29.922935495303914,0.04094388596832373,40.56811314643349,LOW,0,0
940_1007,RAINFALL_PLUS_50_PERCENT,50.0,11.29026118505217,8.04718901599316,3.24307216905901,LOW,29.922935495303914,0.0018891254824497331,26.946604974107547,LOW,0,0
942_891,RAINFALL_PLUS_50_PERCENT,50.0,11.43100700916617,8.18793484010716,3.24307216905901,LOW,29.922935495303914,0.010783313516637767,23.462259796444123,LOW,0,0
944_107,RAINFALL_PLUS_50_PERCENT,50.0,12.149318685309606,8.906246516250594,3.243072169059012,LOW,29.922935495303914,0.006572414530566368,32.961371000217746,LOW,0,0
945_33,RAINFALL_PLUS_50_PERCENT,50.0,15.34367682731252,12.100604658253507,3.243072169059012,LOW,29.922935495303914,0.06767919240378256,31.29622458997797,LOW,0,0
945_584,RAINFALL_PLUS_50_PERCENT,50.0,12.83869900589969,9.59562683684068,3.24307216905901,LOW,29.922935495303914,0.007005647848972099,39.61689588099544,LOW,0,0
946_1451,RAINFALL_PLUS_50_PERCENT,50.0,10.714671612736112,7.471599443677102,3.24307216905901,LOW,29.922935495303914,2.1798365122615804e-05,22.217739165476885,LOW,0,0
947_1256,RAINFALL_PLUS_50_PERCENT,50.0,9.182991048091793,5.939918879032783,3.24307216905901,LOW,29.922935495303914,0.0009217983651226158,6.4059335190336935,LOW,0,0
948_1238,RAINFALL_PLUS_50_PERCENT,50.0,9.320815168218287,6.077742999159277,3.24307216905901,LOW,29.922935495303914,0.0011884650317892825,7.637508053631965,LOW,0,0
949_926,RAINFALL_PLUS_50_PERCENT,50.0,11.700468566132367,8.457396397073355,3.243072169059012,LOW,29.922935495303914,0.011469926219003895,25.779238379804713,LOW,0,0
953_463,RAINFALL_PLUS_50_PERCENT,50.0,17.459767124760184,14.21669495570117,3.2430721690590136,LOW,29.922935495303914,0.09456146949655121,37.671875163431835,LOW,0,0
954_842,RAINFALL_PLUS_50_PERCENT,50.0,12.04737854510994,8.804306376050928,3.243072169059012,LOW,29.922935495303914,0.013779450028527703,27.978100074342354,LOW,0,0
955_518,RAINFALL_PLUS_50_PERCENT,50.0,10.47965893312421,7.236586764065199,3.243072169059011,LOW,29.922935495303914,0.0025066468499711004,18.500945702691183,LOW,0,0
957_127,RAINFALL_PLUS_50_PERCENT,50.0,13.247384210615447,10.004312041556439,3.2430721690590083,LOW,29.922935495303914,0.023543113352339898,34.60814190130073,LOW,0,0
957_226,RAINFALL_PLUS_50_PERCENT,50.0,19.227749997134246,15.984677828075236,3.24307216905901,LOW,29.922935495303914,0.09280685425685431,56.3167422690058,LOW,0,0
958_779,RAINFALL_PLUS_50_PERCENT,50.0,12.30469048699993,9.061618317940919,3.24307216905901,LOW,29.922935495303914,0.010491241251720993,32.35973432048594,LOW,0,0
964_258,RAINFALL_PLUS_50_PERCENT,50.0,24.570935239473123,21.32786307041411,3.243072169059012,LOW,29.922935495303914,0.17197237925473222,66.20755594356167,LOW,0,0
964_1058,RAINFALL_PLUS_50_PERCENT,50.0,11.127411063718466,7.8843388946594555,3.24307216905901,LOW,29.922935495303914,0.010503075421399671,20.580431294348042,LOW,0,0
965_975,RAINFALL_PLUS_50_PERCENT,50.0,11.280375485974057,8.037303316915045,3.243072169059012,LOW,29.922935495303914,0.0007432595523372276,27.477974244888276,LOW,0,0
966_677,RAINFALL_PLUS_50_PERCENT,50.0,29.44593248629305,26.202860317234038,3.243072169059012,MODERATE,29.922935495303914,0.2782183866168338,56.52222436260509,MODERATE,0,0
969_529,RAINFALL_PLUS_50_PERCENT,50.0,15.473836109898203,12.230763940839193,3.24307216905901,LOW,29.922935495303914,0.06587486849894614,33.59019556349486,LOW,0,0
970_131,RAINFALL_PLUS_50_PERCENT,50.0,11.699548424224355,8.456476255165345,3.24307216905901,LOW,29.922935495303914,0.006082575337983915,28.733079945285596,LOW,0,0
974_800,RAINFALL_PLUS_50_PERCENT,50.0,15.845721591965582,12.60264942290657,3.243072169059012,LOW,29.922935495303914,0.03368364871843133,55.014221263451766,LOW,0,0
975_590,RAINFALL_PLUS_50_PERCENT,50.0,15.978303315016628,12.735231145957616,3.243072169059012,LOW,29.922935495303914,0.0511953823953824,46.708584971639155,LOW,0,0
980_1051,RAINFALL_PLUS_50_PERCENT,50.0,13.385297354148484,10.142225185089472,3.243072169059012,LOW,29.922935495303914,0.02151205810538236,37.10435372245774,LOW,0,0
982_1047,RAINFALL_PLUS_50_PERCENT,50.0,20.463436415736396,17.220364246677388,3.2430721690590083,LOW,29.922935495303914,0.12581570675701112,50.51873757994105,LOW,0,0
987_224,RAINFALL_PLUS_50_PERCENT,50.0,21.378978270793407,18.1359061017344,3.2430721690590083,LOW,29.922935495303914,0.1222182317682317,61.652767374339824,LOW,0,0
988_92,RAINFALL_PLUS_50_PERCENT,50.0,16.688790811732634,13.445718642673622,3.243072169059012,LOW,29.922935495303914,0.05540699317031741,51.49707401258497,LOW,0,0
991_998,RAINFALL_PLUS_50_PERCENT,50.0,43.01527610802242,39.772203938963415,3.2430721690590048,MODERATE,29.922935495303914,0.4975418552036197,71.58775285716656,MODERATE,0,0
992_1158,RAINFALL_PLUS_50_PERCENT,50.0,11.285687659236176,8.042615490177164,3.243072169059012,LOW,29.922935495303914,0.0012098325531568039,27.274480827058706,LOW,0,0
993_19,RAINFALL_PLUS_50_PERCENT,50.0,13.177856568172151,9.934784399113141,3.24307216905901,LOW,29.922935495303914,0.016066891590796856,38.024787445716434,LOW,0,0
993_1052,RAINFALL_PLUS_50_PERCENT,50.0,11.614779555721462,8.371707386662452,3.24307216905901,LOW,29.922935495303914,0.009876560269884522,25.79869954771134,LOW,0,0
997_899,RAINFALL_PLUS_50_PERCENT,50.0,14.354680396170634,11.111608227111624,3.24307216905901,LOW,29.922935495303914,0.018603903497763783,48.39766917686946,LOW,0,0
999_1162,RAINFALL_PLUS_50_PERCENT,50.0,10.413949157708542,7.170876988649531,3.243072169059011,LOW,29.922935495303914,2.1798365122615804e-05,19.210514615201177,LOW,0,0
1001_1328,RAINFALL_PLUS_50_PERCENT,50.0,9.302766397022605,6.059694227963595,3.24307216905901,LOW,29.922935495303914,0.0008789412222654729,7.627258436913241,LOW,0,0
1003_1062,RAINFALL_PLUS_50_PERCENT,50.0,10.265237679926535,7.022165510867524,3.243072169059012,LOW,29.922935495303914,0.001990052333376584,16.64086015484142,LOW,0,0
1007_87,RAINFALL_PLUS_50_PERCENT,50.0,19.435080529405163,16.19200836034615,3.243072169059012,LOW,29.922935495303914,0.0768388888888889,67.17242854409591,LOW,0,0
1008_81,RAINFALL_PLUS_50_PERCENT,50.0,19.290935133795333,16.04786296473632,3.243072169059012,LOW,29.922935495303914,0.08498434343434345,61.25097458799762,LOW,0,0
1009_1179,RAINFALL_PLUS_50_PERCENT,50.0,9.874973684163342,6.631901515104332,3.24307216905901,LOW,29.922935495303914,2.1798365122615804e-05,13.820759879749184,LOW,0,0
1010_457,RAINFALL_PLUS_50_PERCENT,50.0,13.54925680490307,10.306184635844058,3.243072169059012,LOW,29.922935495303914,0.045311209756291486,25.654414822003567,LOW,0,0
1011_1108,RAINFALL_PLUS_50_PERCENT,50.0,10.813699931798618,7.570627762739608,3.24307216905901,LOW,29.922935495303914,0.0002717983651226158,23.070522356101954,LOW,0,0
1014_1107,RAINFALL_PLUS_50_PERCENT,50.0,11.31504666045696,8.07197449139795,3.24307216905901,LOW,29.922935495303914,0.0048455357388599895,25.56843408712981,LOW,0,0
1016_443,RAINFALL_PLUS_50_PERCENT,50.0,12.385131145400086,9.142058976341076,3.24307216905901,LOW,29.922935495303914,0.013623862967187216,31.441198960981087,LOW,0,0
1016_619,RAINFALL_PLUS_50_PERCENT,50.0,16.296170414453407,13.053098245394395,3.243072169059012,LOW,29.922935495303914,0.0357825396825397,58.364319458070405,LOW,0,0
1016_1253,RAINFALL_PLUS_50_PERCENT,50.0,9.611850771246155,6.368778602187146,3.243072169059009,LOW,29.922935495303914,0.0034884650317892826,9.282864083910654,LOW,0,0
1016_1530,RAINFALL_PLUS_50_PERCENT,50.0,9.355282719058664,6.112210549999653,3.243072169059011,LOW,29.922935495303914,6.220240552665621e-05,8.601628006480171,LOW,0,0
1020_1076,RAINFALL_PLUS_50_PERCENT,50.0,10.2080501696678,6.96497800060879,3.24307216905901,LOW,29.922935495303914,6.220240552665621e-05,17.129302512571538,LOW,0,0
1025_201,RAINFALL_PLUS_50_PERCENT,50.0,21.48462005208177,18.24154788302276,3.2430721690590083,LOW,29.922935495303914,0.11667915972915975,65.75567480871304,LOW,0,0
1026_880,RAINFALL_PLUS_50_PERCENT,50.0,10.545695258594598,7.3026230895355875,3.243072169059011,LOW,29.922935495303914,0.0018324236838742406,19.53213169874835,LOW,0,0
1026_1098,RAINFALL_PLUS_50_PERCENT,50.0,12.210120689227507,8.967048520168497,3.24307216905901,LOW,29.922935495303914,0.007571737315061565,33.0197635079244,LOW,0,0
1026_1319,RAINFALL_PLUS_50_PERCENT,50.0,9.4446673364079,6.20159516734889,3.24307216905901,LOW,29.922935495303914,0.0008789412222654729,9.046267830766192,LOW,0,0
1029_1610,RAINFALL_PLUS_50_PERCENT,50.0,10.507425878918056,7.264353709859046,3.24307216905901,LOW,29.922935495303914,0.0028384650317892822,18.596115160629655,LOW,0,0
1032_360,RAINFALL_PLUS_50_PERCENT,50.0,11.277806792897739,8.034734623838728,3.24307216905901,LOW,29.922935495303914,0.011291547186917472,21.650729115105978,LOW,0,0
1034_1025,RAINFALL_PLUS_50_PERCENT,50.0,11.844957062684726,8.601884893625716,3.24307216905901,LOW,29.922935495303914,0.014351980938214106,25.638993249762688,LOW,0,0
1036_471,RAINFALL_PLUS_50_PERCENT,50.0,11.964382853626764,8.721310684567754,3.24307216905901,LOW,29.922935495303914,0.01793770399678167,24.861103476970918,LOW,0,0
1039_973,RAINFALL_PLUS_50_PERCENT,50.0,17.41321303002707,14.170140860968058,3.243072169059012,LOW,29.922935495303914,0.0635066468499711,54.28648667171978,LOW,0,0
1041_497,RAINFALL_PLUS_50_PERCENT,50.0,14.188444874965516,10.945372705906506,3.24307216905901,LOW,29.922935495303914,0.021795579454657127,44.97989218852694,LOW,0,0
1043_279,RAINFALL_PLUS_50_PERCENT,50.0,30.271124551074017,27.028052382015005,3.243072169059012,MODERATE,29.922935495303914,0.2600461593961595,74.76886998178566,MODERATE,0,0
1045_181,RAINFALL_PLUS_50_PERCENT,50.0,24.32260240137392,21.07953023231491,3.243072169059012,LOW,29.922935495303914,0.17650841380841384,61.229408558044774,LOW,0,0
1045_618,RAINFALL_PLUS_50_PERCENT,50.0,15.484719686333003,12.241647517273993,3.24307216905901,LOW,29.922935495303914,0.06163808652141077,36.0292614154873,LOW,0,0
1046_339,RAINFALL_PLUS_50_PERCENT,50.0,10.525646964326892,7.282574795267882,3.24307216905901,LOW,29.922935495303914,0.007329459274829562,16.308279181045858,LOW,0,0
1046_1566,RAINFALL_PLUS_50_PERCENT,50.0,9.289404457830326,6.046332288771316,3.24307216905901,LOW,29.922935495303914,2.1798365122615804e-05,7.965067616419026,LOW,0,0
1050_433,RAINFALL_PLUS_50_PERCENT,50.0,12.415160071497803,9.172087902438793,3.24307216905901,LOW,29.922935495303914,0.029317011617265767,23.11025646441506,LOW,0,0
1050_1505,RAINFALL_PLUS_50_PERCENT,50.0,10.138983107984224,6.895910938925215,3.243072169059009,LOW,29.922935495303914,2.1798365122615804e-05,16.46085411795801,LOW,0,0
1050_1612,RAINFALL_PLUS_50_PERCENT,50.0,9.78684509127488,6.5437729222158705,3.24307216905901,LOW,29.922935495303914,2.1798365122615804e-05,12.939473950864572,LOW,0,0
1051_1104,RAINFALL_PLUS_50_PERCENT,50.0,11.595718889051309,8.352646719992297,3.243072169059012,LOW,29.922935495303914,0.008216964310288562,26.520870658787572,LOW,0,0
1052_1614,RAINFALL_PLUS_50_PERCENT,50.0,9.997074070506255,6.7540019014472445,3.24307216905901,LOW,29.922935495303914,0.002490052333376584,13.684224060638625,LOW,0,0
1057_120,RAINFALL_PLUS_50_PERCENT,50.0,13.768739825617594,10.525667656558582,3.243072169059012,LOW,29.922935495303914,0.01528809523809524,44.361958014156734,LOW,0,0
1057_918,RAINFALL_PLUS_50_PERCENT,50.0,10.732490058925439,7.489417889866429,3.24307216905901,LOW,29.922935495303914,0.004455059548383799,19.957629976576502,LOW,0,0
1058_278,RAINFALL_PLUS_50_PERCENT,50.0,37.49277358476718,34.24970141570817,3.243072169059012,MODERATE,29.922935495303914,0.3966679653679652,71.84336703422404,MODERATE,0,0
1059_152,RAINFALL_PLUS_50_PERCENT,50.0,14.890050386023166,11.646978216964154,3.243072169059012,LOW,29.922935495303914,0.021628471528471527,52.0878566585055,LOW,0,0
1066_289,RAINFALL_PLUS_50_PERCENT,50.0,18.720589144941417,15.47751697588241,3.2430721690590083,LOW,29.922935495303914,0.0843831390831391,55.878177092620874,LOW,0,0
1068_486,RAINFALL_PLUS_50_PERCENT,50.0,11.887111924223507,8.644039755164497,3.24307216905901,LOW,29.922935495303914,0.009220719869797545,28.882735452779624,LOW,0,0
1068_1321,RAINFALL_PLUS_50_PERCENT,50.0,10.244067253653778,7.000995084594769,3.243072169059009,LOW,29.922935495303914,0.0026122024055266566,16.08697335243133,LOW,0,0
1074_637,RAINFALL_PLUS_50_PERCENT,50.0,60.837245593780885,57.59417342472188,3.2430721690590048,HIGH,29.922935495303914,0.8279510700315069,68.0823795594133,HIGH,0,0
1077_1335,RAINFALL_PLUS_50_PERCENT,50.0,10.945545008422899,7.702472839363889,3.24307216905901,LOW,29.922935495303914,0.00024325955233722764,24.404669469376714,LOW,0,0
1078_1103,RAINFALL_PLUS_50_PERCENT,50.0,30.60018746279739,27.35711529373838,3.2430721690590083,MODERATE,29.922935495303914,0.2618212343212343,77.08320789022824,MODERATE,0,0
1082_1562,RAINFALL_PLUS_50_PERCENT,50.0,9.555883043313038,6.312810874254029,3.243072169059009,LOW,29.922935495303914,0.0005622024055266562,10.332631249023931,LOW,0,0
1082_1567,RAINFALL_PLUS_50_PERCENT,50.0,9.556499073678356,6.313426904619346,3.24307216905901,LOW,29.922935495303914,6.220240552665621e-05,10.613791552677107,LOW,0,0
1083_787,RAINFALL_PLUS_50_PERCENT,50.0,14.305325098682106,11.062252929623094,3.243072169059012,LOW,29.922935495303914,0.019644469172576028,47.33180508083743,LOW,0,0
1083_1321,RAINFALL_PLUS_50_PERCENT,50.0,11.079544096171134,7.836471927112123,3.243072169059011,LOW,29.922935495303914,0.003722202405526656,23.831241777604866,LOW,0,0
1086_1067,RAINFALL_PLUS_50_PERCENT,50.0,12.582061459115517,9.338989290056507,3.24307216905901,LOW,29.922935495303914,0.023965447038054116,27.722630859158603,LOW,0,0
1087_302,RAINFALL_PLUS_50_PERCENT,50.0,14.817698090601766,11.574625921542754,3.243072169059012,LOW,29.922935495303914,0.037941820010144255,42.391992039371495,LOW,0,0
1087_1067,RAINFALL_PLUS_50_PERCENT,50.0,12.603966032914885,9.360893863855873,3.243072169059012,LOW,29.922935495303914,0.025210685133292218,27.256795644771316,LOW,0,0
1088_1411,RAINFALL_PLUS_50_PERCENT,50.0,9.322921976545008,6.0798498074859975,3.24307216905901,LOW,29.922935495303914,6.220240552665621e-05,8.278020581343613,LOW,0,0
1091_321,RAINFALL_PLUS_50_PERCENT,50.0,44.60037254100641,41.3573003719474,3.2430721690590048,MODERATE,29.922935495303914,0.5210005361305358,74.5364426772026,MODERATE,0,0
1092_1117,RAINFALL_PLUS_50_PERCENT,50.0,14.383620492599377,11.140548323540367,3.24307216905901,LOW,29.922935495303914,0.02453759923092348,45.42353748791906,LOW,0,0
1094_201,RAINFALL_PLUS_50_PERCENT,50.0,19.7748599359999,16.531787766940887,3.243072169059012,LOW,29.922935495303914,0.11661690951978877,48.69231126304836,LOW,0,0
1097_795,RAINFALL_PLUS_50_PERCENT,50.0,17.443143098667107,14.2000709296081,3.2430721690590083,LOW,29.922935495303914,0.06118210678210677,55.864284395445566,LOW,0,0
1100_1252,RAINFALL_PLUS_50_PERCENT,50.0,19.77944123094899,16.53636906188998,3.2430721690590083,LOW,29.922935495303914,0.11790822510822517,48.027900638899276,LOW,0,0
1101_1475,RAINFALL_PLUS_50_PERCENT,50.0,10.028257861684004,6.785185692624993,3.243072169059011,LOW,29.922935495303914,0.001976592885670561,14.278464668654427,LOW,0,0
1103_337,RAINFALL_PLUS_50_PERCENT,50.0,14.912484830815568,11.669412661756558,3.24307216905901,LOW,29.922935495303914,0.05973960526410598,31.35107755183058,LOW,0,0
1104_399,RAINFALL_PLUS_50_PERCENT,50.0,11.347630792043585,8.104558622984575,3.24307216905901,LOW,29.922935495303914,0.00834553573885999,23.96927540299605,LOW,0,0
1107_88,RAINFALL_PLUS_50_PERCENT,50.0,12.221906292218065,8.978834123159054,3.243072169059012,LOW,29.922935495303914,0.007329792593116844,33.27068913489957,LOW,0,0
1107_435,RAINFALL_PLUS_50_PERCENT,50.0,11.995629241357936,8.752557072298924,3.243072169059012,LOW,29.922935495303914,0.003610107795804928,33.05374526481983,LOW,0,0
1107_500,RAINFALL_PLUS_50_PERCENT,50.0,15.002252785802362,11.759180616743354,3.2430721690590083,LOW,29.922935495303914,0.05358332718717774,35.63471004400907,LOW,0,0
1109_795,RAINFALL_PLUS_50_PERCENT,50.0,18.69848260314363,15.455410434084621,3.24307216905901,LOW,29.922935495303914,0.0767780885780886,59.83988945242078,LOW,0,0
1109_1267,RAINFALL_PLUS_50_PERCENT,50.0,15.006948319843334,11.763876150784323,3.24307216905901,LOW,29.922935495303914,0.049536877730201975,37.90721258575544,LOW,0,0
1110_199,RAINFALL_PLUS_50_PERCENT,50.0,50.17620140691236,46.93312923785335,3.243072169059012,HIGH,29.922935495303914,0.6295236567354209,70.60701500357537,MODERATE,1,1
1111_515,RAINFALL_PLUS_50_PERCENT,50.0,13.243190376944312,10.0001182078853,3.243072169059012,LOW,29.922935495303914,0.024922082875933442,33.80777032661292,LOW,0,0
1111_1100,RAINFALL_PLUS_50_PERCENT,50.0,12.940689271667503,9.697617102608493,3.24307216905901,LOW,29.922935495303914,0.010157106535213394,38.90349626124087,LOW,0,0
1121_1124,RAINFALL_PLUS_50_PERCENT,50.0,12.009032559057948,8.765960389998936,3.243072169059012,LOW,29.922935495303914,0.017689999015696147,25.44383827087978,LOW,0,0
1123_788,RAINFALL_PLUS_50_PERCENT,50.0,13.95078799465142,10.707715825592409,3.243072169059012,LOW,29.922935495303914,0.015203515962593636,46.228958306020886,LOW,0,0
1123_1591,RAINFALL_PLUS_50_PERCENT,50.0,12.552481516051046,9.309409346992037,3.2430721690590083,LOW,29.922935495303914,0.0038192009625252128,38.5072667700548,LOW,0,0
1124_781,RAINFALL_PLUS_50_PERCENT,50.0,53.236191957539894,49.99311978848088,3.243072169059012,HIGH,29.922935495303914,0.6940805833836523,65.70061085332341,MODERATE,1,1
1135_1482,RAINFALL_PLUS_50_PERCENT,50.0,9.70486734944679,6.461795180387779,3.243072169059011,LOW,29.922935495303914,6.220240552665621e-05,12.097474310361427,LOW,0,0
1138_1485,RAINFALL_PLUS_50_PERCENT,50.0,9.723683053091955,6.480610884032945,3.24307216905901,LOW,29.922935495303914,6.220240552665621e-05,12.285631346813092,LOW,0,0
1139_1010,RAINFALL_PLUS_50_PERCENT,50.0,40.1141732262422,36.87110105718319,3.243072169059012,MODERATE,29.922935495303914,0.47269277746408167,56.24371679611026,MODERATE,0,0
1140_819,RAINFALL_PLUS_50_PERCENT,50.0,32.74301411557805,29.499941946519034,3.2430721690590154,MODERATE,29.922935495303914,0.3162812076812078,68.55848907004929,MODERATE,0,0
1146_1185,RAINFALL_PLUS_50_PERCENT,50.0,9.891080967679232,6.648008798620221,3.24307216905901,LOW,29.922935495303914,2.1798365122615804e-05,13.981832714908077,LOW,0,0
1148_459,RAINFALL_PLUS_50_PERCENT,50.0,11.15156132717945,7.908489158120439,3.243072169059012,LOW,29.922935495303914,0.015461555336535307,18.09476997563327,LOW,0,0
1151_1077,RAINFALL_PLUS_50_PERCENT,50.0,10.380021541869409,7.136949372810398,3.243072169059011,LOW,29.922935495303914,7.659288567056101e-05,18.841101470508477,LOW,0,0
1152_1100,RAINFALL_PLUS_50_PERCENT,50.0,14.06083378792368,10.817761618864672,3.2430721690590083,LOW,29.922935495303914,0.0230549152482395,43.01114663163829,LOW,0,0
1162_368,RAINFALL_PLUS_50_PERCENT,50.0,12.965128639783456,9.722056470724445,3.243072169059012,LOW,29.922935495303914,0.03169556317929761,27.301738788154072,LOW,0,0
1163_290,RAINFALL_PLUS_50_PERCENT,50.0,9.62672647120221,6.383654302143199,3.24307216905901,LOW,29.922935495303914,6.220240552665621e-05,11.316065527915633,LOW,0,0
1165_587,RAINFALL_PLUS_50_PERCENT,50.0,9.74147612570058,6.4984039566415674,3.243072169059012,LOW,29.922935495303914,0.0032551316984559485,10.707450961788211,LOW,0,0
1166_1096,RAINFALL_PLUS_50_PERCENT,50.0,16.673808973983892,13.43073680492488,3.243072169059012,LOW,29.922935495303914,0.05570993475123908,51.18063776559062,LOW,0,0
1166_1256,RAINFALL_PLUS_50_PERCENT,50.0,13.657134815703131,10.414062646644119,3.243072169059012,LOW,29.922935495303914,0.020294444444444445,40.49241585152005,LOW,0,0
1167_1345,RAINFALL_PLUS_50_PERCENT,50.0,11.103654938275314,7.860582769216304,3.24307216905901,LOW,29.922935495303914,0.0018891254824497331,25.080542506338986,LOW,0,0
1167_1471,RAINFALL_PLUS_50_PERCENT,50.0,10.576872054459907,7.333799885400897,3.24307216905901,LOW,29.922935495303914,2.1798365122615804e-05,20.839743582714824,LOW,0,0
1169_1408,RAINFALL_PLUS_50_PERCENT,50.0,11.269114029674531,8.02604186061552,3.243072169059012,LOW,29.922935495303914,0.0014724588157830664,26.96430008699781,LOW,0,0
1170_1438,RAINFALL_PLUS_50_PERCENT,50.0,19.65947627746546,16.416404108406446,3.243072169059012,LOW,29.922935495303914,0.13063492063492066,39.8285685643814,LOW,0,0
1172_572,RAINFALL_PLUS_50_PERCENT,50.0,9.48529370768583,6.24222153862682,3.24307216905901,LOW,29.922935495303914,2.1798365122615804e-05,9.92396011497407,LOW,0,0
1177_1024,RAINFALL_PLUS_50_PERCENT,50.0,20.712222460193885,17.469150291134873,3.243072169059012,LOW,29.922935495303914,0.12958398268398272,50.93404626468152,LOW,0,0
1180_41,RAINFALL_PLUS_50_PERCENT,50.0,12.157453163724721,8.914380994665713,3.2430721690590083,LOW,29.922935495303914,0.008671928235252485,31.887983246791556,LOW,0,0
1181_470,RAINFALL_PLUS_50_PERCENT,50.0,10.45076981978995,7.20769765073094,3.243072169059011,LOW,29.922935495303914,0.006721830980908656,15.893703297332934,LOW,0,0
1182_108,RAINFALL_PLUS_50_PERCENT,50.0,14.95504957498787,11.71197740592886,3.24307216905901,LOW,29.922935495303914,0.025556682409673126,50.57733256349166,LOW,0,0
1192_259,RAINFALL_PLUS_50_PERCENT,50.0,11.343731324876025,8.100659155817013,3.243072169059012,LOW,29.922935495303914,0.032080919244243486,10.875819803359517,LOW,0,0
1193_167,RAINFALL_PLUS_50_PERCENT,50.0,14.011348800138148,10.768276631079136,3.243072169059012,LOW,29.922935495303914,0.024426627367299895,41.76185508829971,LOW,0,0
1196_88,RAINFALL_PLUS_50_PERCENT,50.0,16.582856722055396,13.339784552996383,3.2430721690590136,LOW,29.922935495303914,0.046346825396825386,55.420825391233166,LOW,0,0
1200_189,RAINFALL_PLUS_50_PERCENT,50.0,12.133720347244,8.890648178184989,3.24307216905901,LOW,29.922935495303914,0.021253220922242324,24.73094410413991,LOW,0,0
3_1656,RAINFALL_PLUS_100_PERCENT,100.0,13.50779590870096,6.983213461421144,6.5245824472798155,LOW,43.04897660818713,0.010009893603217855,11.840426961964926,LOW,0,0
4_988,RAINFALL_PLUS_100_PERCENT,100.0,14.32798969414341,7.803407246863594,6.5245824472798155,LOW,43.04897660818713,0.01695086948509603,16.22482808135644,LOW,0,0
5_1571,RAINFALL_PLUS_100_PERCENT,100.0,15.077636331876903,8.553053884597087,6.5245824472798155,LOW,43.04897660818713,0.014170283213607467,25.250616908010066,LOW,0,0
10_680,RAINFALL_PLUS_100_PERCENT,100.0,15.417436219764415,8.8928537724846,6.5245824472798155,LOW,43.04897660818713,0.028521037330115004,20.755701022806043,LOW,0,0
12_491,RAINFALL_PLUS_100_PERCENT,100.0,13.785242327848778,7.260659880568964,6.524582447279814,LOW,43.04897660818713,0.0007432595523372276,19.711539881427463,LOW,0,0
13_1255,RAINFALL_PLUS_100_PERCENT,100.0,12.545959194594888,6.021376747315074,6.524582447279814,LOW,43.04897660818713,0.001271798365122616,7.028012201856597,LOW,0,0
15_652,RAINFALL_PLUS_100_PERCENT,100.0,32.183236631378236,25.658654184098417,6.524582447279819,MODERATE,43.04897660818713,0.2646531801531802,58.54102658625838,MODERATE,0,0
15_1456,RAINFALL_PLUS_100_PERCENT,100.0,13.183294497251211,6.658712049971395,6.5245824472798155,LOW,43.04897660818713,0.005293226936551187,11.1895795141341,LOW,0,0
16_317,RAINFALL_PLUS_100_PERCENT,100.0,16.11927346575419,9.594691018474375,6.5245824472798155,LOW,43.04897660818713,0.02200093001778368,31.36013250448603,LOW,0,0
17_355,RAINFALL_PLUS_100_PERCENT,100.0,22.75033046855602,16.225748021276203,6.5245824472798155,LOW,43.04897660818713,0.12125802139037431,43.07930227757947,LOW,0,0
20_1290,RAINFALL_PLUS_100_PERCENT,100.0,12.727535315898422,6.202952868618606,6.5245824472798155,LOW,43.04897660818713,2.1798365122615804e-05,9.53127341489193,LOW,0,0
20_1453,RAINFALL_PLUS_100_PERCENT,100.0,13.091911857849341,6.567329410569526,6.5245824472798155,LOW,43.04897660818713,0.0030122024055266564,11.530316612178892,LOW,0,0
23_244,RAINFALL_PLUS_100_PERCENT,100.0,26.41343849179893,19.888856044519116,6.5245824472798155,MODERATE,43.04897660818713,0.15265384060384068,62.442681942602064,LOW,1,1
27_1200,RAINFALL_PLUS_100_PERCENT,100.0,12.882435905010253,6.357853457730437,6.5245824472798155,LOW,43.04897660818713,0.009902353920678173,5.645973750454671,LOW,0,0
29_729,RAINFALL_PLUS_100_PERCENT,100.0,16.863730971173343,10.339148523893527,6.5245824472798155,LOW,43.04897660818713,0.021154835149163456,39.27005973641868,LOW,0,0
31_874,RAINFALL_PLUS_100_PERCENT,100.0,15.241009580281919,8.716427133002103,6.5245824472798155,LOW,43.04897660818713,0.019150136366990034,24.145430157699817,LOW,0,0
31_1025,RAINFALL_PLUS_100_PERCENT,100.0,13.402723166765986,6.87814071948617,6.5245824472798155,LOW,43.04897660818713,0.002457848943546076,14.943324105434662,LOW,0,0
32_1418,RAINFALL_PLUS_100_PERCENT,100.0,12.812308166059815,6.28772571878,6.524582447279815,LOW,43.04897660818713,6.220240552665621e-05,10.356779694283638,LOW,0,0
33_13,RAINFALL_PLUS_100_PERCENT,100.0,40.746086808066664,34.22150436078686,6.524582447279805,MODERATE,43.04897660818713,0.42607817259645286,55.3857825093428,MODERATE,0,0
33_708,RAINFALL_PLUS_100_PERCENT,100.0,14.358910361656626,7.834327914376811,6.5245824472798155,LOW,43.04897660818713,0.002305535738859989,24.58896831691842,LOW,0,0
39_194,RAINFALL_PLUS_100_PERCENT,100.0,24.585242352488564,18.060659905208745,6.524582447279819,LOW,43.04897660818713,0.13008316128316136,56.574594175871994,LOW,0,0
40_15,RAINFALL_PLUS_100_PERCENT,100.0,21.886101886278638,15.361519438998823,6.5245824472798155,LOW,43.04897660818713,0.09287720998807955,50.04646272606777,LOW,0,0
41_966,RAINFALL_PLUS_100_PERCENT,100.0,18.48440050484159,11.959818057561776,6.5245824472798155,LOW,43.04897660818713,0.0448966596305199,42.418751608355116,LOW,0,0
44_642,RAINFALL_PLUS_100_PERCENT,100.0,19.165914493032112,12.641332045752296,6.5245824472798155,LOW,43.04897660818713,0.041961585799910044,50.84818209709573,LOW,0,0
44_777,RAINFALL_PLUS_100_PERCENT,100.0,14.80361626006847,8.279033812788654,6.5245824472798155,LOW,43.04897660818713,0.015493630976955228,21.782574920084475,LOW,0,0
44_843,RAINFALL_PLUS_100_PERCENT,100.0,14.908581391571387,8.383998944291571,6.5245824472798155,LOW,43.04897660818713,0.002386849295926971,30.040956159679183,LOW,0,0
44_1523,RAINFALL_PLUS_100_PERCENT,100.0,23.298165811797617,16.7735833645178,6.5245824472798155,LOW,43.04897660818713,0.09867409812409811,60.97881350644736,LOW,0,0
47_1039,RAINFALL_PLUS_100_PERCENT,100.0,14.072145201862153,7.547562754582336,6.524582447279816,LOW,43.04897660818713,7.659288567056101e-05,22.94723528822786,LOW,0,0
51_586,RAINFALL_PLUS_100_PERCENT,100.0,14.379523778645876,7.854941331366061,6.524582447279815,LOW,43.04897660818713,0.006375402409480087,22.556675817969865,LOW,0,0
51_1520,RAINFALL_PLUS_100_PERCENT,100.0,17.205002470686495,10.680420023406677,6.524582447279817,LOW,43.04897660818713,0.014060125738232598,46.58486490756214,LOW,0,0
52_235,RAINFALL_PLUS_100_PERCENT,100.0,35.351966926117925,28.82738447883811,6.5245824472798155,MODERATE,43.04897660818713,0.3170483753834817,61.41097215698944,MODERATE,0,0
53_566,RAINFALL_PLUS_100_PERCENT,100.0,37.60464913573867,31.08006668845885,6.524582447279819,MODERATE,43.04897660818713,0.35867724022354464,61.041918591162236,MODERATE,0,0
53_801,RAINFALL_PLUS_100_PERCENT,100.0,13.715178911856334,7.190596464576519,6.5245824472798155,LOW,43.04897660818713,0.0006665180522151843,19.05311354657014,LOW,0,0
59_1544,RAINFALL_PLUS_100_PERCENT,100.0,16.77693241391916,10.252349966639342,6.524582447279817,LOW,43.04897660818713,0.012348902334599466,43.24533721188701,LOW,0,0
61_1203,RAINFALL_PLUS_100_PERCENT,100.0,12.414304120169122,5.889721672889307,6.5245824472798155,LOW,43.04897660818713,6.220240552665621e-05,6.376739235376712,LOW,0,0
62_218,RAINFALL_PLUS_100_PERCENT,100.0,59.17169194437535,52.64710949709553,6.524582447279819,HIGH,43.04897660818713,0.7532799020424019,59.68088267715756,HIGH,0,0
62_993,RAINFALL_PLUS_100_PERCENT,100.0,24.434861216394783,17.910278769114967,6.5245824472798155,LOW,43.04897660818713,0.12600526695526706,57.3136246952761,LOW,0,0
62_1076,RAINFALL_PLUS_100_PERCENT,100.0,14.505545378209785,7.980962930929969,6.524582447279816,LOW,43.04897660818713,0.005881354790432465,24.088618004085134,LOW,0,0
67_1132,RAINFALL_PLUS_100_PERCENT,100.0,12.78836224547798,6.263779798198166,6.524582447279815,LOW,43.04897660818713,2.1798365122615804e-05,10.13954271068752,LOW,0,0
69_27,RAINFALL_PLUS_100_PERCENT,100.0,41.93516570865974,35.41058326137993,6.524582447279812,MODERATE,43.04897660818713,0.4316771766880461,64.19711926489717,MODERATE,0,0
70_593,RAINFALL_PLUS_100_PERCENT,100.0,14.584773957981337,8.060191510701522,6.5245824472798155,LOW,43.04897660818713,0.0077376713809956315,23.859929676990923,LOW,0,0
80_1256,RAINFALL_PLUS_100_PERCENT,100.0,13.083026774094012,6.5584443268141985,6.524582447279814,LOW,43.04897660818713,0.001853869072193323,12.078549107958953,LOW,0,0
83_532,RAINFALL_PLUS_100_PERCENT,100.0,22.44688439595707,15.922301948677251,6.524582447279819,LOW,43.04897660818713,0.09999597500547575,51.73896706328416,LOW,0,0
84_1435,RAINFALL_PLUS_100_PERCENT,100.0,17.636336951851312,11.111754504571497,6.5245824472798155,LOW,43.04897660818713,0.027937445887445886,43.26568363714304,LOW,0,0
85_1002,RAINFALL_PLUS_100_PERCENT,100.0,15.464026819261285,8.93944437198147,6.5245824472798155,LOW,43.04897660818713,0.020893154786479042,25.416942416774525,LOW,0,0
87_1024,RAINFALL_PLUS_100_PERCENT,100.0,28.367486120597476,21.842903673317657,6.524582447279819,MODERATE,43.04897660818713,0.19513067946546214,58.620896856695715,LOW,1,1
92_891,RAINFALL_PLUS_100_PERCENT,100.0,13.677342232470142,7.152759785190327,6.5245824472798155,LOW,43.04897660818713,0.00014438949584005253,18.96191745871454,LOW,0,0
93_93,RAINFALL_PLUS_100_PERCENT,100.0,56.396391229537485,49.87180878225767,6.524582447279812,HIGH,43.04897660818713,0.6908721354125282,66.25214717520944,MODERATE,1,1
93_428,RAINFALL_PLUS_100_PERCENT,100.0,15.078790295417635,8.55420784813782,6.5245824472798155,LOW,43.04897660818713,0.0016535159625936378,32.146378531474994,LOW,0,0
94_580,RAINFALL_PLUS_100_PERCENT,100.0,16.405396213273946,9.88081376599413,6.5245824472798155,LOW,43.04897660818713,0.023897506122760263,33.17824312194645,LOW,0,0
96_631,RAINFALL_PLUS_100_PERCENT,100.0,14.564825897519285,8.040243450239469,6.5245824472798155,LOW,43.04897660818713,0.006606030115107789,24.282851768608708,LOW,0,0
97_1012,RAINFALL_PLUS_100_PERCENT,100.0,22.18061040757059,15.656027960290773,6.524582447279817,LOW,43.04897660818713,0.08180393981969322,59.08184653159976,LOW,0,0
101_401,RAINFALL_PLUS_100_PERCENT,100.0,22.5907592922371,16.066176844957283,6.5245824472798155,LOW,43.04897660818713,0.1135609575846149,45.71697560755793,LOW,0,0
102_554,RAINFALL_PLUS_100_PERCENT,100.0,16.958959276517962,10.434376829238147,6.5245824472798155,LOW,43.04897660818713,0.01243859793809866,45.01627325595051,LOW,0,0
102_1442,RAINFALL_PLUS_100_PERCENT,100.0,13.60330832964152,7.078725882361703,6.524582447279816,LOW,43.04897660818713,0.0015932269365511874,17.424717838037182,LOW,0,0
104_1297,RAINFALL_PLUS_100_PERCENT,100.0,16.654538654586784,10.129956207306968,6.5245824472798155,LOW,43.04897660818713,0.01255351596259364,41.90886212316647,LOW,0,0
105_74,RAINFALL_PLUS_100_PERCENT,100.0,28.526952198685745,22.00236975140593,6.5245824472798155,MODERATE,43.04897660818713,0.20383347338935567,55.42902097943696,LOW,1,1
107_1391,RAINFALL_PLUS_100_PERCENT,100.0,12.858692265480261,6.334109818200445,6.524582447279816,LOW,43.04897660818713,2.1798365122615804e-05,10.842842910710315,LOW,0,0
110_97,RAINFALL_PLUS_100_PERCENT,100.0,34.47716088011556,27.95257843283575,6.524582447279812,MODERATE,43.04897660818713,0.272133116883117,77.36630387216645,MODERATE,0,0
110_951,RAINFALL_PLUS_100_PERCENT,100.0,12.918789157576663,6.394206710296848,6.5245824472798155,LOW,43.04897660818713,2.1798365122615804e-05,11.44381183167434,LOW,0,0
111_1425,RAINFALL_PLUS_100_PERCENT,100.0,13.086358105390351,6.561775658110536,6.5245824472798155,LOW,43.04897660818713,6.220240552665621e-05,13.097279087588992,LOW,0,0
112_1345,RAINFALL_PLUS_100_PERCENT,100.0,13.069780253404218,6.545197806124402,6.524582447279816,LOW,43.04897660818713,0.004664980183304434,10.399972789949882,LOW,0,0
114_1106,RAINFALL_PLUS_100_PERCENT,100.0,14.527894318526679,8.003311871246865,6.524582447279814,LOW,43.04897660818713,0.011193259552337229,21.39055978820647,LOW,0,0
118_1383,RAINFALL_PLUS_100_PERCENT,100.0,12.695022853056216,6.1704404057764,6.5245824472798155,LOW,43.04897660818713,2.1798365122615804e-05,9.206148786469862,LOW,0,0
122_433,RAINFALL_PLUS_100_PERCENT,100.0,37.51252161484316,30.987939167563347,6.524582447279812,MODERATE,43.04897660818713,0.359889707756012,59.45378623935016,MODERATE,0,0
125_958,RAINFALL_PLUS_100_PERCENT,100.0,12.955420448140975,6.43083800086116,6.5245824472798155,LOW,43.04897660818713,0.002221798365122616,10.600124737317461,LOW,0,0
126_1544,RAINFALL_PLUS_100_PERCENT,100.0,16.027209343252505,9.50262689597269,6.5245824472798155,LOW,43.04897660818713,0.019135301528625782,32.015586948506005,LOW,0,0
130_1126,RAINFALL_PLUS_100_PERCENT,100.0,14.570635469933094,8.046053022653279,6.5245824472798155,LOW,43.04897660818713,0.014258703127027378,20.13197733619104,LOW,0,0
132_516,RAINFALL_PLUS_100_PERCENT,100.0,20.087229050367405,13.56264660308759,6.5245824472798155,LOW,43.04897660818713,0.07538644482976907,41.6776552040262,LOW,0,0
134_1295,RAINFALL_PLUS_100_PERCENT,100.0,14.615437475220238,8.090855027940423,6.5245824472798155,LOW,43.04897660818713,0.000576592885670561,28.10515802180872,LOW,0,0
138_675,RAINFALL_PLUS_100_PERCENT,100.0,18.979176811522663,12.454594364242848,6.5245824472798155,LOW,43.04897660818713,0.06296703646036071,37.42780741875339,LOW,0,0
140_27,RAINFALL_PLUS_100_PERCENT,100.0,16.805240902796907,10.280658455517091,6.5245824472798155,LOW,43.04897660818713,0.02994229372489464,33.85205683600217,LOW,0,0
141_1564,RAINFALL_PLUS_100_PERCENT,100.0,13.896803353091467,7.37222090581165,6.524582447279817,LOW,43.04897660818713,7.659288567056101e-05,21.193816800520995,LOW,0,0
142_942,RAINFALL_PLUS_100_PERCENT,100.0,13.22346992636788,6.698887479088065,6.524582447279815,LOW,43.04897660818713,0.004199118784815916,12.193093288755206,LOW,0,0
149_687,RAINFALL_PLUS_100_PERCENT,100.0,22.872367323448728,16.34778487616891,6.524582447279819,LOW,43.04897660818713,0.11743242107574534,46.403750999552464,LOW,0,0
150_686,RAINFALL_PLUS_100_PERCENT,100.0,25.5409893503864,19.016406903106585,6.5245824472798155,MODERATE,43.04897660818713,0.1580890755323997,50.728811317769306,LOW,1,1
150_1110,RAINFALL_PLUS_100_PERCENT,100.0,15.381861333008485,8.857278885728668,6.524582447279817,LOW,43.04897660818713,0.011683217334667893,29.660753152742654,LOW,0,0
154_105,RAINFALL_PLUS_100_PERCENT,100.0,28.09605629702215,21.57147384974234,6.524582447279812,MODERATE,43.04897660818713,0.1493187978687979,81.10313349910784,LOW,1,1
156_103,RAINFALL_PLUS_100_PERCENT,100.0,37.64164432584511,31.117061878565295,6.524582447279812,MODERATE,43.04897660818713,0.33376986882848986,75.11092475950682,MODERATE,0,0
156_878,RAINFALL_PLUS_100_PERCENT,100.0,16.271832486313265,9.74725003903345,6.5245824472798155,LOW,43.04897660818713,0.0158654207244984,36.26025282138368,LOW,0,0
158_1490,RAINFALL_PLUS_100_PERCENT,100.0,14.090870142672419,7.566287695392604,6.524582447279815,LOW,43.04897660818713,0.0028645833579076085,21.601089936600157,LOW,0,0
159_757,RAINFALL_PLUS_100_PERCENT,100.0,13.082250734477038,6.557668287197224,6.524582447279814,LOW,43.04897660818713,0.0028991187848159163,11.49590136984678,LOW,0,0
160_1535,RAINFALL_PLUS_100_PERCENT,100.0,13.684845496376912,7.160263049097097,6.5245824472798155,LOW,43.04897660818713,6.220240552665621e-05,19.082152997454603,LOW,0,0
162_836,RAINFALL_PLUS_100_PERCENT,100.0,13.217902358910905,6.6933199116310895,6.5245824472798155,LOW,43.04897660818713,0.003471798365122616,12.53744384501676,LOW,0,0
163_823,RAINFALL_PLUS_100_PERCENT,100.0,12.835743173507812,6.311160726227996,6.5245824472798155,LOW,43.04897660818713,2.1798365122615804e-05,10.61335199098583,LOW,0,0
165_1205,RAINFALL_PLUS_100_PERCENT,100.0,12.741493250309524,6.216910803029707,6.524582447279817,LOW,43.04897660818713,0.0028955357388599895,8.090297203447383,LOW,0,0
167_997,RAINFALL_PLUS_100_PERCENT,100.0,12.710017510160355,6.18543506288054,6.5245824472798155,LOW,43.04897660818713,6.220240552665621e-05,9.333873135289041,LOW,0,0
169_250,RAINFALL_PLUS_100_PERCENT,100.0,22.600292754115095,16.07571030683528,6.5245824472798155,LOW,43.04897660818713,0.09116066319301615,58.132472141717216,LOW,0,0
171_726,RAINFALL_PLUS_100_PERCENT,100.0,14.0806387908974,7.556056343617584,6.5245824472798155,LOW,43.04897660818713,0.0028099262190038944,21.528837845246997,LOW,0,0
173_1302,RAINFALL_PLUS_100_PERCENT,100.0,13.067731644110058,6.543149196830242,6.5245824472798155,LOW,43.04897660818713,2.1798365122615804e-05,12.933236697008288,LOW,0,0
175_1422,RAINFALL_PLUS_100_PERCENT,100.0,12.726122855418296,6.201540408138481,6.5245824472798155,LOW,43.04897660818713,2.1798365122615804e-05,9.517148810090678,LOW,0,0
176_65,RAINFALL_PLUS_100_PERCENT,100.0,25.986588446284824,19.462005999005008,6.5245824472798155,MODERATE,43.04897660818713,0.15607438672438673,56.29288112116069,LOW,1,1
177_441,RAINFALL_PLUS_100_PERCENT,100.0,16.11194496982072,9.587362522540904,6.5245824472798155,LOW,43.04897660818713,0.0070864431803034636,39.48981530576543,LOW,0,0
179_140,RAINFALL_PLUS_100_PERCENT,100.0,23.82359256833225,17.299010121052433,6.5245824472798155,LOW,43.04897660818713,0.12491923463010422,51.798255993490294,LOW,0,0
179_393,RAINFALL_PLUS_100_PERCENT,100.0,18.099834910151998,11.57525246287218,6.524582447279817,LOW,43.04897660818713,0.03125253264639294,46.077365502728995,LOW,0,0
181_409,RAINFALL_PLUS_100_PERCENT,100.0,21.161192470202522,14.636610022922707,6.5245824472798155,LOW,43.04897660818713,0.06724578826411252,56.894650513488486,LOW,0,0
182_1213,RAINFALL_PLUS_100_PERCENT,100.0,13.537795494696574,7.013213047416758,6.524582447279816,LOW,43.04897660818713,0.01701544915877341,8.287367266365512,LOW,0,0
183_57,RAINFALL_PLUS_100_PERCENT,100.0,19.59897766997838,13.074395222698568,6.524582447279814,LOW,43.04897660818713,0.0520562092440987,49.62677097225469,LOW,0,0
183_521,RAINFALL_PLUS_100_PERCENT,100.0,55.7034689146515,49.17888646737169,6.524582447279812,HIGH,43.04897660818713,0.6647050316350317,73.71483110397273,MODERATE,1,1
185_39,RAINFALL_PLUS_100_PERCENT,100.0,59.98648258222769,53.461900134947875,6.524582447279812,HIGH,43.04897660818713,0.7379189114806765,76.27733386462998,HIGH,0,0
186_549,RAINFALL_PLUS_100_PERCENT,100.0,63.46116586846128,56.93658342118146,6.524582447279819,HIGH,43.04897660818713,0.8318299940064042,59.373071337815674,HIGH,0,0
186_772,RAINFALL_PLUS_100_PERCENT,100.0,13.203516319751271,6.678933872471456,6.5245824472798155,LOW,43.04897660818713,0.0005217983651226158,14.016083453420425,LOW,0,0
188_63,RAINFALL_PLUS_100_PERCENT,100.0,58.409753891187265,51.885171443907446,6.524582447279819,HIGH,43.04897660818713,0.7166015648184371,72.2345876184574,HIGH,0,0
189_1397,RAINFALL_PLUS_100_PERCENT,100.0,12.671214116485551,6.146631669205735,6.524582447279816,LOW,43.04897660818713,0.0012217983651226158,8.308061420763211,LOW,0,0
190_534,RAINFALL_PLUS_100_PERCENT,100.0,57.27987752127362,50.75529507399381,6.524582447279812,HIGH,43.04897660818713,0.719805439055364,59.17369308901117,HIGH,0,0
190_544,RAINFALL_PLUS_100_PERCENT,100.0,67.66265390316106,61.138071455881246,6.524582447279812,HIGH,43.04897660818713,0.9086839068025796,59.1182996469169,HIGH,0,0
191_528,RAINFALL_PLUS_100_PERCENT,100.0,64.7600767029685,58.2354942556887,6.524582447279805,HIGH,43.04897660818713,0.8439483245313933,65.69709789414394,HIGH,0,0
191_1609,RAINFALL_PLUS_100_PERCENT,100.0,17.121428457631183,10.596846010351365,6.524582447279817,LOW,43.04897660818713,0.017152864044168395,44.04811870874434,LOW,0,0
193_412,RAINFALL_PLUS_100_PERCENT,100.0,69.09337619942966,62.568793752149844,6.524582447279812,HIGH,43.04897660818713,0.9118066859066865,71.7079941023442,HIGH,0,0
194_1163,RAINFALL_PLUS_100_PERCENT,100.0,12.805754093207725,6.281171645927909,6.5245824472798155,LOW,43.04897660818713,0.0006884650317892824,9.946794521318283,LOW,0,0
196_414,RAINFALL_PLUS_100_PERCENT,100.0,71.06719262563419,64.54261017835438,6.524582447279812,HIGH,43.04897660818713,0.9583068586443587,65.87106335866983,HIGH,0,0
197_397,RAINFALL_PLUS_100_PERCENT,100.0,69.92712282066536,63.402540373385534,6.524582447279826,HIGH,43.04897660818713,0.9303940767409482,69.82239535585722,HIGH,0,0
197_413,RAINFALL_PLUS_100_PERCENT,100.0,69.6510091061137,63.12642665883388,6.524582447279826,HIGH,43.04897660818713,0.9292019255370325,67.71694137249429,HIGH,0,0
198_373,RAINFALL_PLUS_100_PERCENT,100.0,22.039342199714703,15.51475975243489,6.524582447279814,LOW,43.04897660818713,0.10334901780651744,45.81937156028759,LOW,0,0
198_399,RAINFALL_PLUS_100_PERCENT,100.0,73.52713418293335,67.00255173565354,6.524582447279812,HIGH,43.04897660818713,0.9959666666666667,69.75758451939203,HIGH,0,0
199_37,RAINFALL_PLUS_100_PERCENT,100.0,20.303159064924294,13.778576617644479,6.5245824472798155,LOW,43.04897660818713,0.05813587583354788,53.32476829751675,LOW,0,0
199_399,RAINFALL_PLUS_100_PERCENT,100.0,70.12190554157203,63.59732309429221,6.524582447279826,HIGH,43.04897660818713,0.9347888774739838,69.3530821617543,HIGH,0,0
199_400,RAINFALL_PLUS_100_PERCENT,100.0,73.45642271709221,66.9318402698124,6.524582447279812,HIGH,43.04897660818713,0.9955194444444445,69.29644208320282,HIGH,0,0
199_415,RAINFALL_PLUS_100_PERCENT,100.0,67.5741493075232,61.04956686024339,6.524582447279812,HIGH,43.04897660818713,0.8926431938431935,67.05564581820072,HIGH,0,0
199_995,RAINFALL_PLUS_100_PERCENT,100.0,12.493321710611204,5.968739263331388,6.5245824472798155,LOW,43.04897660818713,2.1798365122615804e-05,7.18913736201975,LOW,0,0
200_397,RAINFALL_PLUS_100_PERCENT,100.0,69.08565059427882,62.56106814699899,6.524582447279826,HIGH,43.04897660818713,0.9216723889749325,66.20460136330041,HIGH,0,0
200_550,RAINFALL_PLUS_100_PERCENT,100.0,67.01078298674017,60.48620053946034,6.524582447279826,HIGH,43.04897660818713,0.8970103923888394,59.02002341026504,HIGH,0,0
201_401,RAINFALL_PLUS_100_PERCENT,100.0,71.2190628563406,64.69448040906079,6.524582447279812,HIGH,43.04897660818713,0.9608365176567081,65.99845320894174,HIGH,0,0
202_1166,RAINFALL_PLUS_100_PERCENT,100.0,12.767220379944346,6.242637932664531,6.5245824472798155,LOW,43.04897660818713,0.0006884650317892824,9.561457388684504,LOW,0,0
202_1269,RAINFALL_PLUS_100_PERCENT,100.0,12.879853778806037,6.355271331526222,6.5245824472798155,LOW,43.04897660818713,0.0018122024055266563,10.069735821745866,LOW,0,0
203_393,RAINFALL_PLUS_100_PERCENT,100.0,71.35779431685648,64.83321186957666,6.524582447279826,HIGH,43.04897660818713,0.9721830135627629,61.145195065770196,HIGH,0,0
204_389,RAINFALL_PLUS_100_PERCENT,100.0,71.69478603664831,65.17020358936848,6.524582447279826,HIGH,43.04897660818713,0.9751711698509193,62.871626305202625,HIGH,0,0
204_786,RAINFALL_PLUS_100_PERCENT,100.0,15.812984187659591,9.288401740379776,6.5245824472798155,LOW,43.04897660818713,0.00771638710971136,36.15373832297981,LOW,0,0
206_941,RAINFALL_PLUS_100_PERCENT,100.0,12.77390214704584,6.249319699766023,6.524582447279817,LOW,43.04897660818713,0.0012217983651226158,9.334941726366097,LOW,0,0
206_1313,RAINFALL_PLUS_100_PERCENT,100.0,12.622441245517257,6.09785879823744,6.524582447279816,LOW,43.04897660818713,0.0006884650317892824,8.113666044413598,LOW,0,0
207_398,RAINFALL_PLUS_100_PERCENT,100.0,69.30507780836011,62.78049536108029,6.524582447279819,HIGH,43.04897660818713,0.9300326902636821,63.8007077953011,HIGH,0,0
207_551,RAINFALL_PLUS_100_PERCENT,100.0,69.71265741955963,63.1880749722798,6.524582447279833,HIGH,43.04897660818713,0.9497190121862925,57.049026849860454,HIGH,0,0
208_541,RAINFALL_PLUS_100_PERCENT,100.0,70.9823431065431,64.45776065926329,6.524582447279812,HIGH,43.04897660818713,0.9723897574682051,57.27697381464336,HIGH,0,0
208_542,RAINFALL_PLUS_100_PERCENT,100.0,71.27747365908156,64.75289121180175,6.524582447279812,HIGH,43.04897660818713,0.9752540431824903,58.65292219717105,HIGH,0,0
208_550,RAINFALL_PLUS_100_PERCENT,100.0,70.65335239313006,64.12876994585024,6.524582447279826,HIGH,43.04897660818713,0.9671664480202271,56.8598868769009,HIGH,0,0
209_1184,RAINFALL_PLUS_100_PERCENT,100.0,12.549003100937018,6.024420653657203,6.524582447279815,LOW,43.04897660818713,2.1798365122615804e-05,7.745951265277894,LOW,0,0
209_1258,RAINFALL_PLUS_100_PERCENT,100.0,12.66731154265106,6.142729095371245,6.524582447279815,LOW,43.04897660818713,2.1798365122615804e-05,8.929035682418315,LOW,0,0
209_1337,RAINFALL_PLUS_100_PERCENT,100.0,12.471206821722415,5.9466243744425995,6.5245824472798155,LOW,43.04897660818713,6.220240552665621e-05,6.945766250909635,LOW,0,0
212_536,RAINFALL_PLUS_100_PERCENT,100.0,65.7431112967365,59.218528849456675,6.524582447279826,HIGH,43.04897660818713,0.8797771307981845,55.82160038508862,HIGH,0,0
212_538,RAINFALL_PLUS_100_PERCENT,100.0,71.65281036984501,65.1282279225652,6.524582447279812,HIGH,43.04897660818713,0.9818262654047125,58.7915670825835,HIGH,0,0
213_922,RAINFALL_PLUS_100_PERCENT,100.0,12.840916307474629,6.3163338601948125,6.524582447279816,LOW,43.04897660818713,0.0012217983651226158,10.005083330653994,LOW,0,0
214_536,RAINFALL_PLUS_100_PERCENT,100.0,64.07105817860219,57.546475731322374,6.524582447279812,HIGH,43.04897660818713,0.8519708522067992,54.39452242900741,HIGH,0,0
214_923,RAINFALL_PLUS_100_PERCENT,100.0,12.758889342671358,6.234306895391543,6.524582447279815,LOW,43.04897660818713,6.220240552665621e-05,9.822591460399071,LOW,0,0
216_668,RAINFALL_PLUS_100_PERCENT,100.0,14.307309692781569,7.782727245501755,6.524582447279814,LOW,43.04897660818713,0.015555131698455954,16.78568385039008,LOW,0,0
218_793,RAINFALL_PLUS_100_PERCENT,100.0,14.85708218318269,8.332499735902875,6.5245824472798155,LOW,43.04897660818713,0.0008201826292603046,30.387630742458892,LOW,0,0
221_1601,RAINFALL_PLUS_100_PERCENT,100.0,13.46926609361779,6.944683646337974,6.524582447279816,LOW,43.04897660818713,7.659288567056101e-05,16.91844420578423,LOW,0,0
222_1036,RAINFALL_PLUS_100_PERCENT,100.0,13.020572996779844,6.4959905495000285,6.5245824472798155,LOW,43.04897660818713,0.003562202405526656,10.514428001483928,LOW,0,0
223_498,RAINFALL_PLUS_100_PERCENT,100.0,70.33978241905268,63.81519997177286,6.524582447279819,HIGH,43.04897660818713,0.9461307780371888,65.29380562679813,HIGH,0,0
223_591,RAINFALL_PLUS_100_PERCENT,100.0,14.59538166151052,8.070799214230705,6.5245824472798155,LOW,43.04897660818713,0.011548021457099131,21.870314170425825,LOW,0,0
224_1401,RAINFALL_PLUS_100_PERCENT,100.0,12.778977239409604,6.254394792129789,6.5245824472798155,LOW,43.04897660818713,6.220240552665621e-05,10.023470427781529,LOW,0,0
225_41,RAINFALL_PLUS_100_PERCENT,100.0,25.611533357584474,19.08695091030466,6.524582447279812,MODERATE,43.04897660818713,0.15550206688736098,52.85710614452136,LOW,1,1
225_934,RAINFALL_PLUS_100_PERCENT,100.0,12.67130025828465,6.146717811004834,6.5245824472798155,LOW,43.04897660818713,0.001021798365122616,8.418922838754202,LOW,0,0
226_699,RAINFALL_PLUS_100_PERCENT,100.0,13.579946719273792,7.055364271993976,6.524582447279816,LOW,43.04897660818713,7.659288567056101e-05,18.025250462344253,LOW,0,0
227_1644,RAINFALL_PLUS_100_PERCENT,100.0,15.277014231765214,8.752431784485399,6.5245824472798155,LOW,43.04897660818713,0.011013140356464609,28.980824478321747,LOW,0,0
228_721,RAINFALL_PLUS_100_PERCENT,100.0,13.653995801793728,7.129413354513913,6.5245824472798155,LOW,43.04897660818713,0.0011443894958400526,18.178453151950396,LOW,0,0
231_1310,RAINFALL_PLUS_100_PERCENT,100.0,12.45199991625725,5.927417468977435,6.5245824472798155,LOW,43.04897660818713,6.220240552665621e-05,6.7536971962579875,LOW,0,0
234_382,RAINFALL_PLUS_100_PERCENT,100.0,69.71831082028618,63.193728373006365,6.524582447279812,HIGH,43.04897660818713,0.9387124098124099,63.1591921627614,HIGH,0,0
236_1344,RAINFALL_PLUS_100_PERCENT,100.0,12.493994045807572,5.969411598527756,6.5245824472798155,LOW,43.04897660818713,0.0008789412222654729,6.724432142554859,LOW,0,0
237_46,RAINFALL_PLUS_100_PERCENT,100.0,18.187313891611215,11.6627314443314,6.5245824472798155,LOW,43.04897660818713,0.04199396071887981,41.04436987745339,LOW,0,0
240_1004,RAINFALL_PLUS_100_PERCENT,100.0,12.580841285139947,6.056258837860132,6.524582447279815,LOW,43.04897660818713,0.0019733135166377673,6.990999773973855,LOW,0,0
243_522,RAINFALL_PLUS_100_PERCENT,100.0,69.58292238144365,63.05833993416383,6.524582447279819,HIGH,43.04897660818713,0.9327012195980912,65.11146239221155,HIGH,0,0
244_467,RAINFALL_PLUS_100_PERCENT,100.0,13.640777756307418,7.116195309027602,6.524582447279816,LOW,43.04897660818713,0.0008217983651226158,18.223697818981883,LOW,0,0
244_1007,RAINFALL_PLUS_100_PERCENT,100.0,12.651196489753579,6.126614042473763,6.5245824472798155,LOW,43.04897660818713,0.0030983135166377674,7.075801820110163,LOW,0,0
244_1230,RAINFALL_PLUS_100_PERCENT,100.0,12.382262877992742,5.857680430712927,6.5245824472798155,LOW,43.04897660818713,2.1798365122615804e-05,6.078549035835132,LOW,0,0
245_766,RAINFALL_PLUS_100_PERCENT,100.0,23.714893514352347,17.190311067072532,6.5245824472798155,LOW,43.04897660818713,0.12135202020202025,52.673233389137486,LOW,0,0
246_43,RAINFALL_PLUS_100_PERCENT,100.0,20.571651840493846,14.04706939321403,6.5245824472798155,LOW,43.04897660818713,0.07344607777843074,47.58908498352671,LOW,0,0
246_358,RAINFALL_PLUS_100_PERCENT,100.0,71.68617083001446,65.16158838273465,6.524582447279812,HIGH,43.04897660818713,0.9733938285091674,63.76301197682768,HIGH,0,0
246_1003,RAINFALL_PLUS_100_PERCENT,100.0,12.626711713173487,6.102129265893672,6.524582447279815,LOW,43.04897660818713,0.0031733135166377665,6.789704054309246,LOW,0,0
247_358,RAINFALL_PLUS_100_PERCENT,100.0,72.76616239923752,66.2415799519577,6.524582447279812,HIGH,43.04897660818713,0.996582622139765,61.80909117222948,HIGH,0,0
247_361,RAINFALL_PLUS_100_PERCENT,100.0,70.78731402112496,64.26273157384513,6.524582447279826,HIGH,43.04897660818713,0.9612636739737805,61.44602888239532,HIGH,0,0
247_523,RAINFALL_PLUS_100_PERCENT,100.0,72.9665450567291,66.44196260944928,6.524582447279826,HIGH,43.04897660818713,0.9877476190476191,68.67216944782558,HIGH,0,0
248_366,RAINFALL_PLUS_100_PERCENT,100.0,71.95488085498056,65.43029840770075,6.524582447279812,HIGH,43.04897660818713,0.9815365079365079,61.97163854145138,HIGH,0,0
248_398,RAINFALL_PLUS_100_PERCENT,100.0,72.1635964972966,65.63901405001678,6.524582447279812,HIGH,43.04897660818713,0.9888934704184702,60.0124655995326,HIGH,0,0
248_404,RAINFALL_PLUS_100_PERCENT,100.0,66.94839238315176,60.423809935871944,6.524582447279812,HIGH,43.04897660818713,0.8960825546029552,58.90642815661734,HIGH,0,0
249_358,RAINFALL_PLUS_100_PERCENT,100.0,71.81012040887886,65.28553796159903,6.524582447279826,HIGH,43.04897660818713,0.9840799603174603,59.12513527091047,HIGH,0,0
250_362,RAINFALL_PLUS_100_PERCENT,100.0,70.53710613464376,64.01252368736394,6.524582447279826,HIGH,43.04897660818713,0.9595857426303852,59.86681225645081,HIGH,0,0
250_404,RAINFALL_PLUS_100_PERCENT,100.0,69.85342583202468,63.32884338474485,6.524582447279833,HIGH,43.04897660818713,0.9541158966033966,56.038424545103794,HIGH,0,0
250_522,RAINFALL_PLUS_100_PERCENT,100.0,73.1304514933422,66.60586904606238,6.524582447279826,HIGH,43.04897660818713,0.993112925170068,67.3603154466097,HIGH,0,0
250_1510,RAINFALL_PLUS_100_PERCENT,100.0,14.590651519044611,8.066069071764796,6.5245824472798155,LOW,43.04897660818713,2.1798365122615804e-05,28.16243544635382,LOW,0,0
251_407,RAINFALL_PLUS_100_PERCENT,100.0,70.31039890749636,63.785816460216544,6.524582447279819,HIGH,43.04897660818713,0.9608540239953282,56.9021852342582,HIGH,0,0
251_505,RAINFALL_PLUS_100_PERCENT,100.0,69.40503027223895,62.88044782495913,6.524582447279819,HIGH,43.04897660818713,0.9215285226705202,69.47752461032842,HIGH,0,0
251_510,RAINFALL_PLUS_100_PERCENT,100.0,69.50366443534897,62.979081988069154,6.524582447279812,HIGH,43.04897660818713,0.9169410245364703,72.98699021515614,HIGH,0,0
252_358,RAINFALL_PLUS_100_PERCENT,100.0,72.11292470249441,65.5883422552146,6.524582447279812,HIGH,43.04897660818713,0.9877928571428571,60.11108495309777,HIGH,0,0
252_509,RAINFALL_PLUS_100_PERCENT,100.0,71.16812583568495,64.6435433884051,6.52458244727984,HIGH,43.04897660818713,0.9532034547152192,69.68726762020388,HIGH,0,0
252_875,RAINFALL_PLUS_100_PERCENT,100.0,13.240752215341391,6.716169768061577,6.524582447279815,LOW,43.04897660818713,0.0017432595523372276,13.716638756353595,LOW,0,0
254_507,RAINFALL_PLUS_100_PERCENT,100.0,71.68330554909053,65.15872310181072,6.524582447279812,HIGH,43.04897660818713,0.9669332571571061,67.28767341122204,HIGH,0,0
256_365,RAINFALL_PLUS_100_PERCENT,100.0,72.7591339301016,66.23455148282177,6.524582447279826,HIGH,43.04897660818713,0.9961,62.0042486577411,HIGH,0,0
256_1265,RAINFALL_PLUS_100_PERCENT,100.0,12.369737719911397,5.845155272631581,6.5245824472798155,LOW,43.04897660818713,2.1798365122615804e-05,5.953297455021684,LOW,0,0
258_206,RAINFALL_PLUS_100_PERCENT,100.0,22.433542841195077,15.908960393915262,6.5245824472798155,LOW,43.04897660818713,0.09441808191808193,54.67339271373084,LOW,0,0
258_678,RAINFALL_PLUS_100_PERCENT,100.0,13.109064848565437,6.58448240128562,6.524582447279816,LOW,43.04897660818713,0.0007288690721933229,12.957679852673182,LOW,0,0
258_1217,RAINFALL_PLUS_100_PERCENT,100.0,12.426972199427167,5.902389752147353,6.524582447279815,LOW,43.04897660818713,0.0013955357388599895,5.770086694623838,LOW,0,0
260_357,RAINFALL_PLUS_100_PERCENT,100.0,71.63073719794617,65.10615475066636,6.524582447279812,HIGH,43.04897660818713,0.9772920230877203,61.06466863794087,HIGH,0,0
260_358,RAINFALL_PLUS_100_PERCENT,100.0,70.27294009304855,63.74835764576872,6.524582447279826,HIGH,43.04897660818713,0.9519036811887877,61.45028563337729,HIGH,0,0
262_507,RAINFALL_PLUS_100_PERCENT,100.0,72.26820960501922,65.74362715773941,6.524582447279812,HIGH,43.04897660818713,0.9847492346938778,63.337926325284755,HIGH,0,0
262_1643,RAINFALL_PLUS_100_PERCENT,100.0,13.200486835807737,6.675904388527922,6.5245824472798155,LOW,43.04897660818713,2.1798365122615804e-05,14.260788613985085,LOW,0,0
263_1026,RAINFALL_PLUS_100_PERCENT,100.0,12.585335994096685,6.060753546816869,6.5245824472798155,LOW,43.04897660818713,0.0010622024055266562,7.537057974652331,LOW,0,0
264_864,RAINFALL_PLUS_100_PERCENT,100.0,13.948424384353693,7.4238419370738775,6.5245824472798155,LOW,43.04897660818713,0.005243259552337227,18.868360446476608,LOW,0,0
264_1413,RAINFALL_PLUS_100_PERCENT,100.0,12.718350063997187,6.193767616717372,6.5245824472798155,LOW,43.04897660818713,6.220240552665621e-05,9.417198673657355,LOW,0,0
266_413,RAINFALL_PLUS_100_PERCENT,100.0,69.96364925236959,63.439066805089766,6.524582447279826,HIGH,43.04897660818713,0.9517215449675213,58.457552148284265,HIGH,0,0
266_545,RAINFALL_PLUS_100_PERCENT,100.0,16.81630318252299,10.291720735243176,6.524582447279814,LOW,43.04897660818713,0.023876488119812377,37.29887271605825,LOW,0,0
267_413,RAINFALL_PLUS_100_PERCENT,100.0,70.73777070655402,64.21318825927419,6.524582447279826,HIGH,43.04897660818713,0.9645329430982823,59.15249771821001,HIGH,0,0
267_576,RAINFALL_PLUS_100_PERCENT,100.0,19.860116575472755,13.33553412819294,6.5245824472798155,LOW,43.04897660818713,0.0599114430682456,47.917781423917624,LOW,0,0
268_406,RAINFALL_PLUS_100_PERCENT,100.0,68.19018174449113,61.665599297211315,6.524582447279812,HIGH,43.04897660818713,0.9199433507479473,58.20088389026547,HIGH,0,0
270_329,RAINFALL_PLUS_100_PERCENT,100.0,22.757808976134815,16.233226528855,6.5245824472798155,LOW,43.04897660818713,0.12124064622504521,43.163643694298415,LOW,0,0
271_508,RAINFALL_PLUS_100_PERCENT,100.0,73.19352322778226,66.66894078050245,6.524582447279812,HIGH,43.04897660818713,0.9948079365079364,67.05877655518286,HIGH,0,0
272_1254,RAINFALL_PLUS_100_PERCENT,100.0,12.590459796360026,6.065877349080211,6.524582447279815,LOW,43.04897660818713,0.004409893603217854,5.74706583855559,LOW,0,0
273_523,RAINFALL_PLUS_100_PERCENT,100.0,71.75072587953268,65.22614343225285,6.524582447279826,HIGH,43.04897660818713,0.9599417564347799,71.80720211292297,HIGH,0,0
273_611,RAINFALL_PLUS_100_PERCENT,100.0,27.592433089723038,21.06785064244322,6.524582447279819,MODERATE,43.04897660818713,0.19560666420954348,50.60857493870658,LOW,1,1
274_964,RAINFALL_PLUS_100_PERCENT,100.0,12.434138823106188,5.909556375826372,6.524582447279816,LOW,43.04897660818713,6.220240552665621e-05,6.575086264747361,LOW,0,0
275_1336,RAINFALL_PLUS_100_PERCENT,100.0,12.762085484112593,6.237503036832777,6.5245824472798155,LOW,43.04897660818713,2.1798365122615804e-05,9.876775097033637,LOW,0,0
277_511,RAINFALL_PLUS_100_PERCENT,100.0,70.24942283830914,63.72484039102932,6.524582447279826,HIGH,43.04897660818713,0.9300575536193189,73.23048324919115,HIGH,0,0
278_398,RAINFALL_PLUS_100_PERCENT,100.0,72.43705870123495,65.91247625395512,6.524582447279826,HIGH,43.04897660818713,0.9927492485366239,60.62640967393139,HIGH,0,0
278_421,RAINFALL_PLUS_100_PERCENT,100.0,54.1074500621207,47.582867614840886,6.524582447279812,HIGH,43.04897660818713,0.6625715520152793,58.928056369528505,MODERATE,1,1
279_381,RAINFALL_PLUS_100_PERCENT,100.0,68.85519532831725,62.330612881037446,6.524582447279805,HIGH,43.04897660818713,0.913585364950578,68.34791191707983,HIGH,0,0
279_1125,RAINFALL_PLUS_100_PERCENT,100.0,12.738736820841677,6.214154373561861,6.5245824472798155,LOW,43.04897660818713,0.0020217983651226157,8.543288464324474,LOW,0,0
280_522,RAINFALL_PLUS_100_PERCENT,100.0,70.69591413998205,64.17133169270224,6.524582447279812,HIGH,43.04897660818713,0.921705042016807,82.2892776473018,HIGH,0,0
282_49,RAINFALL_PLUS_100_PERCENT,100.0,24.39917283199636,17.874590384716544,6.5245824472798155,LOW,43.04897660818713,0.13800208810797052,50.35848921730495,LOW,0,0
282_503,RAINFALL_PLUS_100_PERCENT,100.0,72.37133986985279,65.84675742257298,6.524582447279812,HIGH,43.04897660818713,0.9742312352818682,70.15412865022557,HIGH,0,0
282_578,RAINFALL_PLUS_100_PERCENT,100.0,67.9850246122762,61.460442164996394,6.524582447279812,HIGH,43.04897660818713,0.8911859082210146,71.96590595792924,HIGH,0,0
282_1317,RAINFALL_PLUS_100_PERCENT,100.0,12.905344175569326,6.38076172828951,6.5245824472798155,LOW,43.04897660818713,0.001021798365122616,10.759362011600969,LOW,0,0
283_447,RAINFALL_PLUS_100_PERCENT,100.0,14.716064179272788,8.191481731992972,6.5245824472798155,LOW,43.04897660818713,0.0058312937403714165,26.221339592248754,LOW,0,0
283_522,RAINFALL_PLUS_100_PERCENT,100.0,73.17500127775897,66.65041883047915,6.524582447279812,HIGH,43.04897660818713,0.9684201213818864,81.38685537427729,HIGH,0,0
283_560,RAINFALL_PLUS_100_PERCENT,100.0,69.16091107891702,62.63632863163722,6.524582447279805,HIGH,43.04897660818713,0.9145758816550161,70.86028523563662,HIGH,0,0
283_573,RAINFALL_PLUS_100_PERCENT,100.0,72.84544395455293,66.32086150727311,6.524582447279826,HIGH,43.04897660818713,0.9735652736770385,75.2614483798833,HIGH,0,0
283_574,RAINFALL_PLUS_100_PERCENT,100.0,71.43410697632997,64.90952452905015,6.524582447279826,HIGH,43.04897660818713,0.951297466259231,73.39537267744774,HIGH,0,0
283_575,RAINFALL_PLUS_100_PERCENT,100.0,63.047701778086115,56.523119330806296,6.524582447279819,HIGH,43.04897660818713,0.8030531437235294,71.06569808964508,HIGH,0,0
283_1089,RAINFALL_PLUS_100_PERCENT,100.0,12.64566528078265,6.121082833502835,6.524582447279815,LOW,43.04897660818713,6.220240552665621e-05,8.690350841511988,LOW,0,0
283_1342,RAINFALL_PLUS_100_PERCENT,100.0,12.894283029002388,6.369700581722572,6.5245824472798155,LOW,43.04897660818713,2.1798365122615804e-05,11.198750545931583,LOW,0,0
286_916,RAINFALL_PLUS_100_PERCENT,100.0,13.146095687262909,6.621513239983094,6.524582447279815,LOW,43.04897660818713,0.0048467983651226156,11.063127128536799,LOW,0,0
287_381,RAINFALL_PLUS_100_PERCENT,100.0,71.41185841892005,64.88727597164024,6.524582447279812,HIGH,43.04897660818713,0.9674745086577061,64.27551378418734,HIGH,0,0
287_575,RAINFALL_PLUS_100_PERCENT,100.0,69.46025642050925,62.935673973229434,6.524582447279819,HIGH,43.04897660818713,0.9095131464231007,76.63824302911229,HIGH,0,0
287_915,RAINFALL_PLUS_100_PERCENT,100.0,13.044032818118222,6.519450370838406,6.5245824472798155,LOW,43.04897660818713,0.0026706078889321395,11.239403198994683,LOW,0,0
288_502,RAINFALL_PLUS_100_PERCENT,100.0,72.79691779500135,66.27233534772154,6.524582447279812,HIGH,43.04897660818713,0.9855614854215919,68.17827032486299,HIGH,0,0
289_1159,RAINFALL_PLUS_100_PERCENT,100.0,12.433405282234936,5.90882283495512,6.524582447279816,LOW,43.04897660818713,2.1798365122615804e-05,6.589973078257066,LOW,0,0
290_389,RAINFALL_PLUS_100_PERCENT,100.0,71.62910496575871,65.1045225184789,6.524582447279812,HIGH,43.04897660818713,0.9730592025352572,63.376397619920844,HIGH,0,0
290_496,RAINFALL_PLUS_100_PERCENT,100.0,71.6168411828175,65.09225873553768,6.524582447279812,HIGH,43.04897660818713,0.9772243381372613,60.962935209406346,HIGH,0,0
290_497,RAINFALL_PLUS_100_PERCENT,100.0,73.0180714459678,66.493488998688,6.524582447279812,HIGH,43.04897660818713,0.9958462585034015,64.73318163953232,HIGH,0,0
292_192,RAINFALL_PLUS_100_PERCENT,100.0,25.664702685701783,19.140120238421968,6.5245824472798155,MODERATE,43.04897660818713,0.16308371260737003,49.21889427968946,LOW,1,1
292_534,RAINFALL_PLUS_100_PERCENT,100.0,72.57745773316077,66.05287528588096,6.524582447279812,HIGH,43.04897660818713,0.9846765124918515,66.47040481781453,HIGH,0,0
293_535,RAINFALL_PLUS_100_PERCENT,100.0,70.31995260808446,63.79537016080464,6.524582447279826,HIGH,43.04897660818713,0.9538859821888214,60.830145233718014,HIGH,0,0
294_537,RAINFALL_PLUS_100_PERCENT,100.0,72.7063385206707,66.18175607339089,6.524582447279812,HIGH,43.04897660818713,0.9929699633699635,63.197814709952226,HIGH,0,0
294_571,RAINFALL_PLUS_100_PERCENT,100.0,69.02552401309931,62.5009415658195,6.524582447279812,HIGH,43.04897660818713,0.8960453905571558,79.69818468128265,HIGH,0,0
295_538,RAINFALL_PLUS_100_PERCENT,100.0,72.77188637524154,66.24730392796172,6.524582447279812,HIGH,43.04897660818713,0.9911380952380953,64.8608207281881,HIGH,0,0
295_704,RAINFALL_PLUS_100_PERCENT,100.0,14.77697840029621,8.252395953016395,6.5245824472798155,LOW,43.04897660818713,0.002940845984170235,28.42022806839361,LOW,0,0
296_126,RAINFALL_PLUS_100_PERCENT,100.0,27.267521968107282,20.74293952082747,6.524582447279812,MODERATE,43.04897660818713,0.18722411710991832,51.9698646273429,LOW,1,1
296_534,RAINFALL_PLUS_100_PERCENT,100.0,55.169792974199304,48.645210526919485,6.524582447279819,HIGH,43.04897660818713,0.6895419358419355,54.71777438565367,MODERATE,1,1
296_640,RAINFALL_PLUS_100_PERCENT,100.0,14.969903746523405,8.44532129924359,6.5245824472798155,LOW,43.04897660818713,0.009239980183304434,26.884957721141767,LOW,0,0
297_393,RAINFALL_PLUS_100_PERCENT,100.0,67.71329106159457,61.18870861431476,6.524582447279812,HIGH,43.04897660818713,0.8930097497652418,68.24545760178795,HIGH,0,0
297_422,RAINFALL_PLUS_100_PERCENT,100.0,72.77910638799547,66.25452394071564,6.524582447279826,HIGH,43.04897660818713,0.9683542483660131,77.46413663537253,HIGH,0,0
297_537,RAINFALL_PLUS_100_PERCENT,100.0,71.15714848671828,64.63256603943847,6.524582447279812,HIGH,43.04897660818713,0.9691501504447935,60.80681147927155,HIGH,0,0
298_424,RAINFALL_PLUS_100_PERCENT,100.0,72.78881410196115,66.26423165468134,6.524582447279812,HIGH,43.04897660818713,0.965708938120703,79.01613440995014,HIGH,0,0
300_218,RAINFALL_PLUS_100_PERCENT,100.0,54.16902502527176,47.644442577991946,6.524582447279812,HIGH,43.04897660818713,0.6347898050315699,74.82376684207925,MODERATE,1,1
300_539,RAINFALL_PLUS_100_PERCENT,100.0,71.66941243239738,65.14482998511757,6.524582447279812,HIGH,43.04897660818713,0.9731989865561295,63.70259107482785,HIGH,0,0
301_14,RAINFALL_PLUS_100_PERCENT,100.0,16.33355364193521,9.808971194655394,6.524582447279817,LOW,43.04897660818713,0.01641046940422844,36.5776876037516,LOW,0,0
301_608,RAINFALL_PLUS_100_PERCENT,100.0,71.13771137027068,64.61312892299087,6.524582447279812,HIGH,43.04897660818713,0.9589627340682574,66.2155193218904,HIGH,0,0
301_865,RAINFALL_PLUS_100_PERCENT,100.0,16.235435827837605,9.710853380557788,6.524582447279817,LOW,43.04897660818713,0.021879233578311248,32.58868916703,LOW,0,0
302_513,RAINFALL_PLUS_100_PERCENT,100.0,69.74562012102305,63.22103767374323,6.524582447279819,HIGH,43.04897660818713,0.9404491280038775,62.47709016482297,HIGH,0,0
302_539,RAINFALL_PLUS_100_PERCENT,100.0,71.64544960355994,65.12086715628013,6.524582447279812,HIGH,43.04897660818713,0.9712682783754214,64.52485228584277,HIGH,0,0
302_874,RAINFALL_PLUS_100_PERCENT,100.0,15.908330002304089,9.383747555024273,6.5245824472798155,LOW,43.04897660818713,0.024893043102120774,27.660035673599616,LOW,0,0
302_1466,RAINFALL_PLUS_100_PERCENT,100.0,12.970925245882201,6.4463427986023865,6.524582447279815,LOW,43.04897660818713,6.220240552665621e-05,11.942950492507503,LOW,0,0
304_429,RAINFALL_PLUS_100_PERCENT,100.0,65.65067796659955,59.12609551931972,6.524582447279826,HIGH,43.04897660818713,0.8360817541935189,78.92972421628515,HIGH,0,0
304_563,RAINFALL_PLUS_100_PERCENT,100.0,72.77250712185412,66.2479246745743,6.524582447279812,HIGH,43.04897660818713,0.9842318877204423,68.66544232902307,HIGH,0,0
305_463,RAINFALL_PLUS_100_PERCENT,100.0,71.54138290592633,65.01680045864649,6.52458244727984,HIGH,43.04897660818713,0.9583711603429254,70.5776002273793,HIGH,0,0
306_907,RAINFALL_PLUS_100_PERCENT,100.0,13.039754043558512,6.515171596278696,6.5245824472798155,LOW,43.04897660818713,0.0010217983651226157,12.103460691492826,LOW,0,0
308_510,RAINFALL_PLUS_100_PERCENT,100.0,72.54672846745075,66.02214602017094,6.524582447279812,HIGH,43.04897660818713,0.995377435064935,60.27760474551837,HIGH,0,0
311_430,RAINFALL_PLUS_100_PERCENT,100.0,69.2220449313251,62.69746248404529,6.524582447279812,HIGH,43.04897660818713,0.9055127287744934,76.45635784400481,HIGH,0,0
311_595,RAINFALL_PLUS_100_PERCENT,100.0,69.85023466137014,63.32565221409031,6.524582447279826,HIGH,43.04897660818713,0.9450576460056476,60.9885506673203,HIGH,0,0
312_430,RAINFALL_PLUS_100_PERCENT,100.0,71.99457440368849,65.46999195640866,6.524582447279826,HIGH,43.04897660818713,0.9585106446626419,75.03279882915697,HIGH,0,0
312_903,RAINFALL_PLUS_100_PERCENT,100.0,13.0523487691116,6.527766321831785,6.524582447279815,LOW,43.04897660818713,0.0009250777341554095,12.282604294055673,LOW,0,0
313_1582,RAINFALL_PLUS_100_PERCENT,100.0,14.272951100906084,7.748368653626269,6.5245824472798155,LOW,43.04897660818713,0.0030448468539245295,23.322754596127496,LOW,0,0
314_442,RAINFALL_PLUS_100_PERCENT,100.0,72.71484358501365,66.19026113773384,6.524582447279812,HIGH,43.04897660818713,0.9882483268983269,65.87976541278195,HIGH,0,0
314_1575,RAINFALL_PLUS_100_PERCENT,100.0,14.88365927556131,8.359076828281495,6.5245824472798155,LOW,43.04897660818713,0.002889125482449733,29.51548309699091,LOW,0,0
315_269,RAINFALL_PLUS_100_PERCENT,100.0,50.1563690252612,43.63178657798139,6.524582447279812,HIGH,43.04897660818713,0.5998713565366959,53.902353514154434,MODERATE,1,1
315_467,RAINFALL_PLUS_100_PERCENT,100.0,68.94706747145753,62.42248502417771,6.524582447279819,HIGH,43.04897660818713,0.906276990068755,73.28623953348516,HIGH,0,0
315_505,RAINFALL_PLUS_100_PERCENT,100.0,72.66423575091603,66.13965330363622,6.524582447279812,HIGH,43.04897660818713,0.9940257936507938,62.196080357948894,HIGH,0,0
315_1482,RAINFALL_PLUS_100_PERCENT,100.0,13.680490310503368,7.155907863223551,6.524582447279816,LOW,43.04897660818713,0.0004622024055266562,18.818601138719156,LOW,0,0
316_50,RAINFALL_PLUS_100_PERCENT,100.0,45.76206103013704,39.23747858285723,6.524582447279812,MODERATE,43.04897660818713,0.5113534633188022,58.64411483275437,MODERATE,0,0
316_298,RAINFALL_PLUS_100_PERCENT,100.0,46.97320259619562,40.44862014891581,6.524582447279812,MODERATE,43.04897660818713,0.528459966236175,61.34695388878516,MODERATE,0,0
317_380,RAINFALL_PLUS_100_PERCENT,100.0,70.10418856836202,63.57960612108219,6.524582447279826,HIGH,43.04897660818713,0.9251392544492548,74.48320509325515,HIGH,0,0
317_593,RAINFALL_PLUS_100_PERCENT,100.0,68.03519588965295,61.510613442373135,6.524582447279819,HIGH,43.04897660818713,0.9103067787639222,61.95113993309741,HIGH,0,0
318_526,RAINFALL_PLUS_100_PERCENT,100.0,63.66509003011281,57.140507582832996,6.524582447279812,HIGH,43.04897660818713,0.8061313212930866,75.54658294665558,HIGH,0,0
318_584,RAINFALL_PLUS_100_PERCENT,100.0,71.4483911864535,64.9238087391737,6.524582447279812,HIGH,43.04897660818713,0.9722904761904761,61.99205931649831,HIGH,0,0
318_593,RAINFALL_PLUS_100_PERCENT,100.0,67.50798283336661,60.9834003860868,6.524582447279812,HIGH,43.04897660818713,0.9038558551018308,60.22701738438442,HIGH,0,0
320_406,RAINFALL_PLUS_100_PERCENT,100.0,73.64657368235875,67.12199123507894,6.524582447279812,HIGH,43.04897660818713,0.9989642857142857,69.3032890374556,HIGH,0,0
320_590,RAINFALL_PLUS_100_PERCENT,100.0,72.21569746251053,65.69111501523071,6.524582447279826,HIGH,43.04897660818713,0.9929029761904761,58.32824707706862,HIGH,0,0
321_1016,RAINFALL_PLUS_100_PERCENT,100.0,12.45041897943249,5.925836532152674,6.5245824472798155,LOW,43.04897660818713,6.220240552665621e-05,6.737887828010377,LOW,0,0
323_558,RAINFALL_PLUS_100_PERCENT,100.0,73.22650663330263,66.70192418602282,6.524582447279812,HIGH,43.04897660818713,0.9872716265646498,71.53358107919419,HIGH,0,0
323_585,RAINFALL_PLUS_100_PERCENT,100.0,72.64039987860686,66.11581743132705,6.524582447279812,HIGH,43.04897660818713,0.9961333333333333,60.79857480946045,HIGH,0,0
324_579,RAINFALL_PLUS_100_PERCENT,100.0,72.39678504518281,65.872202597903,6.524582447279812,HIGH,43.04897660818713,0.9897261904761906,61.88635504664837,HIGH,0,0
325_476,RAINFALL_PLUS_100_PERCENT,100.0,70.47556966391414,63.95098721663431,6.524582447279833,HIGH,43.04897660818713,0.9517067039631149,63.58491881615331,HIGH,0,0
328_603,RAINFALL_PLUS_100_PERCENT,100.0,68.00613546452972,61.4815530172499,6.524582447279819,HIGH,43.04897660818713,0.9131435193054438,60.10032838402828,HIGH,0,0
328_1011,RAINFALL_PLUS_100_PERCENT,100.0,12.845722288156292,6.3211398408764765,6.5245824472798155,LOW,43.04897660818713,0.007559893603217853,6.567190756518249,LOW,0,0
330_410,RAINFALL_PLUS_100_PERCENT,100.0,53.85608853976286,47.331506092483046,6.524582447279812,HIGH,43.04897660818713,0.6611975117905353,57.170163269559325,MODERATE,1,1
330_497,RAINFALL_PLUS_100_PERCENT,100.0,72.33667843649063,65.81209598921082,6.524582447279812,HIGH,43.04897660818713,0.9918833333333332,60.098860388298235,HIGH,0,0
331_361,RAINFALL_PLUS_100_PERCENT,100.0,73.06616272062516,66.54158027334535,6.524582447279812,HIGH,43.04897660818713,0.9970557823129251,64.54885629086786,HIGH,0,0
331_600,RAINFALL_PLUS_100_PERCENT,100.0,68.43185511964111,61.9072726723613,6.524582447279812,HIGH,43.04897660818713,0.9120028266134597,64.98490591573342,HIGH,0,0
331_1374,RAINFALL_PLUS_100_PERCENT,100.0,18.637055406252614,12.112472958972798,6.5245824472798155,LOW,43.04897660818713,0.04756046176046176,42.48020945099731,LOW,0,0
332_495,RAINFALL_PLUS_100_PERCENT,100.0,64.34106947082202,57.8164870235422,6.524582447279819,HIGH,43.04897660818713,0.8469123967083725,59.87678587534041,HIGH,0,0
332_535,RAINFALL_PLUS_100_PERCENT,100.0,68.49344689776115,61.96886445048133,6.524582447279819,HIGH,43.04897660818713,0.8859106060606062,79.95154500100318,HIGH,0,0
333_646,RAINFALL_PLUS_100_PERCENT,100.0,18.993639488636788,12.46905704135697,6.524582447279817,LOW,43.04897660818713,0.050401919370779646,44.4832485891642,LOW,0,0
334_359,RAINFALL_PLUS_100_PERCENT,100.0,72.37591530794849,65.85133286066868,6.524582447279812,HIGH,43.04897660818713,0.9868896222318715,63.237770208680764,HIGH,0,0
334_406,RAINFALL_PLUS_100_PERCENT,100.0,71.4260763461175,64.90149389883769,6.524582447279812,HIGH,43.04897660818713,0.9578325863678806,69.72075031556591,HIGH,0,0
334_536,RAINFALL_PLUS_100_PERCENT,100.0,72.79752575273493,66.27294330545512,6.524582447279812,HIGH,43.04897660818713,0.9778497831303066,72.4257861624059,HIGH,0,0
334_764,RAINFALL_PLUS_100_PERCENT,100.0,13.948968957276367,7.424386509996552,6.5245824472798155,LOW,43.04897660818713,0.002155131698455949,20.572276495338045,LOW,0,0
335_896,RAINFALL_PLUS_100_PERCENT,100.0,12.974388138158165,6.44980569087835,6.5245824472798155,LOW,43.04897660818713,0.0032932269365511875,10.200515923203648,LOW,0,0
336_399,RAINFALL_PLUS_100_PERCENT,100.0,66.45136746936133,59.92678502208151,6.524582447279819,HIGH,43.04897660818713,0.8654599343185548,70.77862017513333,HIGH,0,0
337_398,RAINFALL_PLUS_100_PERCENT,100.0,69.19855836016671,62.67397591288689,6.524582447279826,HIGH,43.04897660818713,0.9214503603308835,67.45579477640632,HIGH,0,0
337_820,RAINFALL_PLUS_100_PERCENT,100.0,13.02669223791318,6.502109790633364,6.5245824472798155,LOW,43.04897660818713,0.0010622024055266562,11.950620412817287,LOW,0,0
338_294,RAINFALL_PLUS_100_PERCENT,100.0,51.922139128995376,45.397556681715564,6.524582447279812,HIGH,43.04897660818713,0.616845311013591,62.22437958920389,MODERATE,1,1
338_466,RAINFALL_PLUS_100_PERCENT,100.0,69.39314655257631,62.8685641052965,6.524582447279812,HIGH,43.04897660818713,0.9398256235827664,59.29528191196677,HIGH,0,0
338_513,RAINFALL_PLUS_100_PERCENT,100.0,66.2463303388008,59.721747891520984,6.524582447279819,HIGH,43.04897660818713,0.8762137821988886,62.813632535344425,HIGH,0,0
338_924,RAINFALL_PLUS_100_PERCENT,100.0,12.703235206942685,6.178652759662868,6.524582447279816,LOW,43.04897660818713,0.0027995761429003927,7.76049454755677,LOW,0,0
338_1072,RAINFALL_PLUS_100_PERCENT,100.0,13.141720802165223,6.617138354885407,6.5245824472798155,LOW,43.04897660818713,0.003913465031789283,11.532711610893264,LOW,0,0
338_1406,RAINFALL_PLUS_100_PERCENT,100.0,32.78560171335006,26.261019266070242,6.524582447279819,MODERATE,43.04897660818713,0.27796417748917757,57.243628871178075,MODERATE,0,0
338_1654,RAINFALL_PLUS_100_PERCENT,100.0,16.736876837630945,10.21229439035113,6.5245824472798155,LOW,43.04897660818713,0.01424374308706734,41.80261903514755,LOW,0,0
339_465,RAINFALL_PLUS_100_PERCENT,100.0,71.0385622668715,64.51397981959167,6.524582447279826,HIGH,43.04897660818713,0.9652554252625682,61.763048131027496,HIGH,0,0
339_466,RAINFALL_PLUS_100_PERCENT,100.0,71.83228301053126,65.30770056325144,6.524582447279812,HIGH,43.04897660818713,0.9797985673057102,61.70152744389712,HIGH,0,0
339_467,RAINFALL_PLUS_100_PERCENT,100.0,72.46542871470656,65.94084626742675,6.524582447279812,HIGH,43.04897660818713,0.9925952380952381,60.994815551409786,HIGH,0,0
339_490,RAINFALL_PLUS_100_PERCENT,100.0,71.3628154077898,64.83823296050997,6.524582447279826,HIGH,43.04897660818713,0.976298446113785,58.93191807204116,HIGH,0,0
339_491,RAINFALL_PLUS_100_PERCENT,100.0,72.10505484915024,65.58047240187042,6.524582447279812,HIGH,43.04897660818713,0.9865330447330446,60.725283245052985,HIGH,0,0
340_465,RAINFALL_PLUS_100_PERCENT,100.0,69.40935246242921,62.88477001514941,6.524582447279805,HIGH,43.04897660818713,0.9350853397924822,62.06449709515203,HIGH,0,0
341_486,RAINFALL_PLUS_100_PERCENT,100.0,72.38122109844049,65.85663865116068,6.524582447279812,HIGH,43.04897660818713,0.992222619047619,60.35767986493963,HIGH,0,0
342_465,RAINFALL_PLUS_100_PERCENT,100.0,62.21392412872767,55.68934168144784,6.524582447279826,HIGH,43.04897660818713,0.812601313920041,57.47642798797929,HIGH,0,0
342_468,RAINFALL_PLUS_100_PERCENT,100.0,69.56538558272227,63.04080313544246,6.524582447279812,HIGH,43.04897660818713,0.9432338399189463,59.1431532285274,HIGH,0,0
343_359,RAINFALL_PLUS_100_PERCENT,100.0,68.20932717886818,61.68474473158835,6.524582447279826,HIGH,43.04897660818713,0.9144244439290868,61.42773698440907,HIGH,0,0
345_474,RAINFALL_PLUS_100_PERCENT,100.0,70.91102312414428,64.38644067686445,6.524582447279826,HIGH,43.04897660818713,0.9655630472701899,60.31846459956337,HIGH,0,0
346_836,RAINFALL_PLUS_100_PERCENT,100.0,12.80737506226275,6.2827926149829345,6.5245824472798155,LOW,43.04897660818713,0.0006884650317892824,9.963004211868535,LOW,0,0
348_1302,RAINFALL_PLUS_100_PERCENT,100.0,12.614877931763134,6.090295484483319,6.5245824472798155,LOW,43.04897660818713,0.0005622024055266562,8.107477351316826,LOW,0,0
350_510,RAINFALL_PLUS_100_PERCENT,100.0,69.3694457294402,62.84486328216039,6.524582447279812,HIGH,43.04897660818713,0.9357853517276015,61.28042320094635,HIGH,0,0
350_606,RAINFALL_PLUS_100_PERCENT,100.0,73.73495002157414,67.21036757429431,6.524582447279826,HIGH,43.04897660818713,0.99317934662237,73.36876893016293,HIGH,0,0
351_413,RAINFALL_PLUS_100_PERCENT,100.0,72.73486943929235,66.21028699201253,6.524582447279826,HIGH,43.04897660818713,0.9899768398268397,65.12934184488675,HIGH,0,0
351_482,RAINFALL_PLUS_100_PERCENT,100.0,69.52959060522006,63.00500815794026,6.524582447279805,HIGH,43.04897660818713,0.9374376847902284,61.97308877430024,HIGH,0,0
351_510,RAINFALL_PLUS_100_PERCENT,100.0,71.18175006884722,64.65716762156741,6.524582447279812,HIGH,43.04897660818713,0.9705715324672299,60.27106718822098,HIGH,0,0
353_512,RAINFALL_PLUS_100_PERCENT,100.0,70.47169248188757,63.94711003460776,6.524582447279812,HIGH,43.04897660818713,0.953669416065114,62.46665533978813,HIGH,0,0
355_106,RAINFALL_PLUS_100_PERCENT,100.0,18.10804584193797,11.583463394658153,6.5245824472798155,LOW,43.04897660818713,0.037802051204071103,42.55723961386572,LOW,0,0
355_852,RAINFALL_PLUS_100_PERCENT,100.0,12.724821542965282,6.2002390956854665,6.5245824472798155,LOW,43.04897660818713,0.001021798365122616,8.954135685560535,LOW,0,0
356_608,RAINFALL_PLUS_100_PERCENT,100.0,44.907896471804435,38.38331402452462,6.524582447279812,MODERATE,43.04897660818713,0.4653155844155846,75.42330264619795,MODERATE,0,0
358_530,RAINFALL_PLUS_100_PERCENT,100.0,69.45496474753358,62.93038230025377,6.524582447279812,HIGH,43.04897660818713,0.9262548853486126,67.37736989032398,HIGH,0,0
358_1363,RAINFALL_PLUS_100_PERCENT,100.0,14.48386273098001,7.959280283700194,6.5245824472798155,LOW,43.04897660818713,0.004244284729981863,24.772180065035222,LOW,0,0
360_264,RAINFALL_PLUS_100_PERCENT,100.0,47.174165432279246,40.649582984999434,6.524582447279812,MODERATE,43.04897660818713,0.5113533686619894,72.76521091542342,MODERATE,0,0
360_519,RAINFALL_PLUS_100_PERCENT,100.0,66.83396292166465,60.30938047438483,6.524582447279819,HIGH,43.04897660818713,0.8926428142779206,59.65399072051532,HIGH,0,0
360_1070,RAINFALL_PLUS_100_PERCENT,100.0,16.03539616921207,9.510813721932255,6.5245824472798155,LOW,43.04897660818713,0.022280312073636323,30.36769940834588,LOW,0,0
363_189,RAINFALL_PLUS_100_PERCENT,100.0,25.212390577145854,18.68780812986604,6.5245824472798155,MODERATE,43.04897660818713,0.15742800214855154,47.80641394648033,LOW,1,1
363_966,RAINFALL_PLUS_100_PERCENT,100.0,12.451448512386511,5.926866065106696,6.5245824472798155,LOW,43.04897660818713,0.002221798365122616,5.560405379772816,LOW,0,0
364_545,RAINFALL_PLUS_100_PERCENT,100.0,61.51483494752405,54.99025250024424,6.524582447279812,HIGH,43.04897660818713,0.7484782188399836,85.75323846997473,HIGH,0,0
367_468,RAINFALL_PLUS_100_PERCENT,100.0,20.26149592153235,13.736913474252532,6.524582447279819,LOW,43.04897660818713,0.06726950727867645,47.88463956877659,LOW,0,0
368_367,RAINFALL_PLUS_100_PERCENT,100.0,73.70895646615182,67.184374018872,6.524582447279812,HIGH,43.04897660818713,0.9950622222222223,72.07325179602101,HIGH,0,0
368_829,RAINFALL_PLUS_100_PERCENT,100.0,12.560037191240788,6.0354547439609725,6.5245824472798155,LOW,43.04897660818713,6.220240552665621e-05,7.834069946093367,LOW,0,0
369_539,RAINFALL_PLUS_100_PERCENT,100.0,72.17547357346032,65.65089112618051,6.524582447279812,HIGH,43.04897660818713,0.9612759655377305,75.32086404557666,HIGH,0,0
370_476,RAINFALL_PLUS_100_PERCENT,100.0,24.95302902341491,18.42844657613509,6.524582447279819,LOW,43.04897660818713,0.157538771470018,45.15187528236431,LOW,0,0
372_119,RAINFALL_PLUS_100_PERCENT,100.0,17.691767317410093,11.167184870130278,6.5245824472798155,LOW,43.04897660818713,0.03464437153214485,40.131178188146414,LOW,0,0
372_368,RAINFALL_PLUS_100_PERCENT,100.0,73.24962966396677,66.72504721668696,6.524582447279812,HIGH,43.04897660818713,0.9786853535353536,76.4872615519484,HIGH,0,0
373_448,RAINFALL_PLUS_100_PERCENT,100.0,66.44325563232793,59.91867318504811,6.524582447279826,HIGH,43.04897660818713,0.8864971058971062,59.12705743659603,HIGH,0,0
373_717,RAINFALL_PLUS_100_PERCENT,100.0,12.8908131609106,6.366230713630784,6.524582447279816,LOW,43.04897660818713,0.0026884650317892823,9.697385198347039,LOW,0,0
376_613,RAINFALL_PLUS_100_PERCENT,100.0,70.15964885072118,63.63506640344136,6.524582447279826,HIGH,43.04897660818713,0.9450858044733045,64.06720540361948,HIGH,0,0
376_614,RAINFALL_PLUS_100_PERCENT,100.0,72.21933241092839,65.69474996364858,6.524582447279812,HIGH,43.04897660818713,0.9832650030525031,63.66548178713233,HIGH,0,0
377_494,RAINFALL_PLUS_100_PERCENT,100.0,66.69896522217142,60.17438277489161,6.524582447279812,HIGH,43.04897660818713,0.8505763748183721,81.44055542833473,HIGH,0,0
377_504,RAINFALL_PLUS_100_PERCENT,100.0,70.22625276520765,63.70167031792782,6.524582447279826,HIGH,43.04897660818713,0.9399769094544529,67.54313680885248,HIGH,0,0
379_464,RAINFALL_PLUS_100_PERCENT,100.0,72.8716720812207,66.34708963394088,6.524582447279812,HIGH,43.04897660818713,0.9913277777777778,65.75435239115427,HIGH,0,0
381_395,RAINFALL_PLUS_100_PERCENT,100.0,70.32811874445864,63.80353629717883,6.524582447279805,HIGH,43.04897660818713,0.938739660024766,69.24228378769021,HIGH,0,0
381_468,RAINFALL_PLUS_100_PERCENT,100.0,73.2272502472126,66.70266779993278,6.524582447279812,HIGH,43.04897660818713,0.9963905982905983,66.52558276902202,HIGH,0,0
382_638,RAINFALL_PLUS_100_PERCENT,100.0,15.302608782089681,8.778026334809866,6.5245824472798155,LOW,43.04897660818713,0.006472356542303785,31.734201079354875,LOW,0,0
383_922,RAINFALL_PLUS_100_PERCENT,100.0,12.361197140052624,5.83661469277281,6.524582447279815,LOW,43.04897660818713,2.1798365122615804e-05,5.867891656433961,LOW,0,0
384_469,RAINFALL_PLUS_100_PERCENT,100.0,70.32613940782593,63.801556960546115,6.524582447279819,HIGH,43.04897660818713,0.9475346335697401,64.3852549716275,HIGH,0,0
384_549,RAINFALL_PLUS_100_PERCENT,100.0,20.40406539442371,13.879482947143893,6.524582447279817,LOW,43.04897660818713,0.07452494531889713,45.319843375568816,LOW,0,0
384_1393,RAINFALL_PLUS_100_PERCENT,100.0,16.93347995715042,10.408897509870606,6.5245824472798155,LOW,43.04897660818713,0.015066666666666667,43.31604226156268,LOW,0,0
386_469,RAINFALL_PLUS_100_PERCENT,100.0,73.05109356330775,66.52651111602793,6.524582447279812,HIGH,43.04897660818713,0.9940729933580997,66.03869864284768,HIGH,0,0
386_471,RAINFALL_PLUS_100_PERCENT,100.0,73.04685174465729,66.52226929737748,6.524582447279812,HIGH,43.04897660818713,0.9947126126126126,65.64448986636124,HIGH,0,0
386_685,RAINFALL_PLUS_100_PERCENT,100.0,13.66671720075382,7.1421347534740045,6.524582447279815,LOW,43.04897660818713,0.003288465031789282,17.12642559677924,LOW,0,0
388_927,RAINFALL_PLUS_100_PERCENT,100.0,12.402407372342747,5.8778249250629315,6.5245824472798155,LOW,43.04897660818713,0.0012134650317892825,5.624577312668519,LOW,0,0
391_315,RAINFALL_PLUS_100_PERCENT,100.0,24.554187122877487,18.029604675597668,6.524582447279819,LOW,43.04897660818713,0.14040238095238092,50.588471061690484,LOW,0,0
391_522,RAINFALL_PLUS_100_PERCENT,100.0,71.56442517680678,65.03984272952695,6.524582447279826,HIGH,43.04897660818713,0.9644786172161176,67.4489216559282,HIGH,0,0
393_437,RAINFALL_PLUS_100_PERCENT,100.0,71.97436032334373,65.44977787606392,6.524582447279812,HIGH,43.04897660818713,0.9842256235827663,60.687419619640934,HIGH,0,0
394_671,RAINFALL_PLUS_100_PERCENT,100.0,16.95792308322661,10.433340635946795,6.5245824472798155,LOW,43.04897660818713,0.035897076681577406,32.10374801412368,LOW,0,0
394_1262,RAINFALL_PLUS_100_PERCENT,100.0,12.981128771664114,6.456546324384298,6.5245824472798155,LOW,43.04897660818713,0.00707656026988452,8.187088924929798,LOW,0,0
394_1503,RAINFALL_PLUS_100_PERCENT,100.0,18.189866935153663,11.665284487873848,6.5245824472798155,LOW,43.04897660818713,0.028038888888888884,48.745189819372875,LOW,0,0
395_1491,RAINFALL_PLUS_100_PERCENT,100.0,14.043102733948869,7.5185202866690535,6.5245824472798155,LOW,43.04897660818713,6.220240552665621e-05,22.66472537317418,LOW,0,0
396_198,RAINFALL_PLUS_100_PERCENT,100.0,16.977340533941472,10.452758086661657,6.5245824472798155,LOW,43.04897660818713,0.021693198502276172,40.11005551988798,LOW,0,0
396_1282,RAINFALL_PLUS_100_PERCENT,100.0,12.807644408876875,6.2830619615970615,6.524582447279814,LOW,43.04897660818713,0.003055131698455949,8.664031011343138,LOW,0,0
396_1560,RAINFALL_PLUS_100_PERCENT,100.0,19.161061107527882,12.636478660248068,6.524582447279814,LOW,43.04897660818713,0.033227209620533875,55.60355514071035,LOW,0,0
397_969,RAINFALL_PLUS_100_PERCENT,100.0,12.411716400298346,5.887133953018529,6.524582447279816,LOW,43.04897660818713,0.0018134650317892826,5.387667592224489,LOW,0,0
398_366,RAINFALL_PLUS_100_PERCENT,100.0,72.55273836754488,66.02815592026506,6.524582447279812,HIGH,43.04897660818713,0.9696499815430049,74.48780318352125,HIGH,0,0
398_393,RAINFALL_PLUS_100_PERCENT,100.0,46.86928232459027,40.34469987731046,6.524582447279812,MODERATE,43.04897660818713,0.5222474451904688,63.72463774787005,MODERATE,0,0
398_514,RAINFALL_PLUS_100_PERCENT,100.0,71.57395846934051,65.04937602206068,6.524582447279826,HIGH,43.04897660818713,0.9746569902319903,61.94614942253551,HIGH,0,0
398_612,RAINFALL_PLUS_100_PERCENT,100.0,24.086041587230866,17.56145913995105,6.5245824472798155,LOW,43.04897660818713,0.1291596808420338,52.090500765915195,LOW,0,0
398_636,RAINFALL_PLUS_100_PERCENT,100.0,26.6461523001648,20.12156985288499,6.524582447279812,MODERATE,43.04897660818713,0.1797190570299267,49.88395099191349,LOW,1,1
398_724,RAINFALL_PLUS_100_PERCENT,100.0,12.885965327609274,6.361382880329458,6.5245824472798155,LOW,43.04897660818713,0.0027884650317892825,9.593906865333777,LOW,0,0
399_176,RAINFALL_PLUS_100_PERCENT,100.0,28.568165746094987,22.04358329881517,6.5245824472798155,MODERATE,43.04897660818713,0.19781314404549685,59.152337592651726,LOW,1,1
399_549,RAINFALL_PLUS_100_PERCENT,100.0,68.67123965511867,62.14665720783886,6.524582447279812,HIGH,43.04897660818713,0.9145399267399273,65.98334620095174,HIGH,0,0
400_148,RAINFALL_PLUS_100_PERCENT,100.0,56.36948396703811,49.844901519758295,6.524582447279812,HIGH,43.04897660818713,0.6996757908757913,61.141064045421004,MODERATE,1,1
404_506,RAINFALL_PLUS_100_PERCENT,100.0,62.40279734764826,55.87821490036844,6.524582447279819,HIGH,43.04897660818713,0.8026797389406083,64.82202641587314,HIGH,0,0
405_401,RAINFALL_PLUS_100_PERCENT,100.0,67.71704563326914,61.192463185989325,6.524582447279812,HIGH,43.04897660818713,0.8950329541259777,67.17024092012875,HIGH,0,0
406_394,RAINFALL_PLUS_100_PERCENT,100.0,56.670463346194026,50.145880898914214,6.524582447279812,HIGH,43.04897660818713,0.6975130686916433,65.3403550382616,HIGH,0,0
406_456,RAINFALL_PLUS_100_PERCENT,100.0,69.40363318384846,62.879050736568644,6.524582447279812,HIGH,43.04897660818713,0.9268661811887878,66.52784154137636,HIGH,0,0
406_513,RAINFALL_PLUS_100_PERCENT,100.0,71.9701944742117,65.44561202693187,6.524582447279826,HIGH,43.04897660818713,0.9804149350649355,62.74163981312753,HIGH,0,0
407_527,RAINFALL_PLUS_100_PERCENT,100.0,73.09402997971068,66.56944753243086,6.524582447279826,HIGH,43.04897660818713,0.989468253968254,69.00066947129224,HIGH,0,0
407_1330,RAINFALL_PLUS_100_PERCENT,100.0,12.680673564865812,6.156091117585996,6.5245824472798155,LOW,43.04897660818713,6.220240552665621e-05,9.040433682343599,LOW,0,0
408_650,RAINFALL_PLUS_100_PERCENT,100.0,59.33171919599258,52.807136748712765,6.524582447279812,HIGH,43.04897660818713,0.7694379055230121,52.394253278994285,HIGH,0,0
409_488,RAINFALL_PLUS_100_PERCENT,100.0,72.79855632280204,66.27397387552223,6.524582447279812,HIGH,43.04897660818713,0.9823366337796573,69.96832400593411,HIGH,0,0
409_509,RAINFALL_PLUS_100_PERCENT,100.0,71.0858227913297,64.56124034404988,6.524582447279826,HIGH,43.04897660818713,0.9644715284715286,62.666796610681445,HIGH,0,0
409_663,RAINFALL_PLUS_100_PERCENT,100.0,67.94823580535731,61.423653358077495,6.524582447279819,HIGH,43.04897660818713,0.9178297313797311,56.94391515144609,HIGH,0,0
410_480,RAINFALL_PLUS_100_PERCENT,100.0,69.5875840838069,63.06300163652709,6.524582447279812,HIGH,43.04897660818713,0.9186420550038201,72.89061994269314,HIGH,0,0
410_491,RAINFALL_PLUS_100_PERCENT,100.0,69.81504933530142,63.29046688802161,6.524582447279812,HIGH,43.04897660818713,0.9351501438806678,66.08582357537215,HIGH,0,0
410_662,RAINFALL_PLUS_100_PERCENT,100.0,67.58945378086241,61.06487133358259,6.524582447279826,HIGH,43.04897660818713,0.9098061660561664,57.769055834457696,HIGH,0,0
410_712,RAINFALL_PLUS_100_PERCENT,100.0,13.116740053759091,6.592157606479277,6.524582447279815,LOW,43.04897660818713,0.0025217983651226157,12.048320793498632,LOW,0,0
411_386,RAINFALL_PLUS_100_PERCENT,100.0,69.70131893136264,63.17673648408282,6.524582447279819,HIGH,43.04897660818713,0.939573860817588,62.51547522067803,HIGH,0,0
412_399,RAINFALL_PLUS_100_PERCENT,100.0,70.00449910962361,63.47991666234378,6.524582447279826,HIGH,43.04897660818713,0.941414677757958,64.53482768608427,HIGH,0,0
412_530,RAINFALL_PLUS_100_PERCENT,100.0,51.4799709357549,44.95538848847508,6.524582447279819,HIGH,43.04897660818713,0.6059922448352686,63.77188405487642,MODERATE,1,1
412_660,RAINFALL_PLUS_100_PERCENT,100.0,60.26563968788719,53.741057240607375,6.524582447279812,HIGH,43.04897660818713,0.7799751083404473,55.93799664835103,HIGH,0,0
413_231,RAINFALL_PLUS_100_PERCENT,100.0,18.783577839924476,12.258995392644657,6.524582447279819,LOW,43.04897660818713,0.03449648358328609,51.13062178516253,LOW,0,0
413_476,RAINFALL_PLUS_100_PERCENT,100.0,69.58699095552994,63.06240850825013,6.524582447279812,HIGH,43.04897660818713,0.90737091503268,79.08381564405057,HIGH,0,0
413_656,RAINFALL_PLUS_100_PERCENT,100.0,66.60404437337863,60.079461926098816,6.524582447279812,HIGH,43.04897660818713,0.8911963980463978,58.15033416499262,HIGH,0,0
413_847,RAINFALL_PLUS_100_PERCENT,100.0,12.445705581775137,5.921123134495321,6.5245824472798155,LOW,43.04897660818713,6.220240552665621e-05,6.690753851436856,LOW,0,0
414_365,RAINFALL_PLUS_100_PERCENT,100.0,71.33841238582242,64.81382993854261,6.524582447279812,HIGH,43.04897660818713,0.9627665109567437,66.13045218874039,HIGH,0,0
414_425,RAINFALL_PLUS_100_PERCENT,100.0,72.33455392242452,65.8099714751447,6.524582447279812,HIGH,43.04897660818713,0.9853988095238096,63.64410334287501,HIGH,0,0
415_392,RAINFALL_PLUS_100_PERCENT,100.0,72.6564007300586,66.13181828277878,6.524582447279826,HIGH,43.04897660818713,0.9864543425644489,66.28202824686427,HIGH,0,0
416_384,RAINFALL_PLUS_100_PERCENT,100.0,70.81643853466228,64.29185608738246,6.524582447279826,HIGH,43.04897660818713,0.9596771250842677,62.60987590700064,HIGH,0,0
418_645,RAINFALL_PLUS_100_PERCENT,100.0,64.17892207916154,57.654339631881726,6.524582447279812,HIGH,43.04897660818713,0.8449511599511602,59.333992175202454,HIGH,0,0
419_394,RAINFALL_PLUS_100_PERCENT,100.0,72.08034841395244,65.55576596667262,6.524582447279812,HIGH,43.04897660818713,0.9764887605042016,66.0025752189387,HIGH,0,0
419_1157,RAINFALL_PLUS_100_PERCENT,100.0,12.883742174273557,6.359159726993741,6.524582447279816,LOW,43.04897660818713,0.003740052333376584,9.048302316103591,LOW,0,0
420_476,RAINFALL_PLUS_100_PERCENT,100.0,20.05268532429545,13.528102877015634,6.5245824472798155,LOW,43.04897660818713,0.06222532125874672,48.570835907368945,LOW,0,0
422_365,RAINFALL_PLUS_100_PERCENT,100.0,72.35184683173283,65.82726438445302,6.524582447279812,HIGH,43.04897660818713,0.9797979974160207,66.89747909524213,HIGH,0,0
424_174,RAINFALL_PLUS_100_PERCENT,100.0,58.197367319927594,51.67278487264778,6.524582447279812,HIGH,43.04897660818713,0.7264452494411777,64.69669536335329,HIGH,0,0
424_402,RAINFALL_PLUS_100_PERCENT,100.0,71.62985517148638,65.10527272420656,6.524582447279826,HIGH,43.04897660818713,0.954893231453338,73.37518377225291,HIGH,0,0
425_362,RAINFALL_PLUS_100_PERCENT,100.0,67.9618890363545,61.437306589074694,6.524582447279812,HIGH,43.04897660818713,0.8973909003464239,68.32180452973715,HIGH,0,0
425_396,RAINFALL_PLUS_100_PERCENT,100.0,50.83213334591997,44.30755089864016,6.524582447279812,HIGH,43.04897660818713,0.5739506882006883,74.91636430554635,MODERATE,1,1
425_431,RAINFALL_PLUS_100_PERCENT,100.0,69.1340108132234,62.609428365943586,6.524582447279812,HIGH,43.04897660818713,0.9297824899574902,62.227648012339486,HIGH,0,0
426_225,RAINFALL_PLUS_100_PERCENT,100.0,17.64375054325936,11.119168095979544,6.524582447279817,LOW,43.04897660818713,0.04041683641885632,36.476154758947764,LOW,0,0
426_461,RAINFALL_PLUS_100_PERCENT,100.0,72.38891075090004,65.86432830362023,6.524582447279812,HIGH,43.04897660818713,0.9787394159900492,67.85033807119846,HIGH,0,0
426_780,RAINFALL_PLUS_100_PERCENT,100.0,12.721388974440634,6.196806527160819,6.5245824472798155,LOW,43.04897660818713,0.005621798365122615,6.38981000031405,LOW,0,0
427_810,RAINFALL_PLUS_100_PERCENT,100.0,12.532941350733246,6.0083589034534315,6.524582447279815,LOW,43.04897660818713,0.0013955357388599895,6.82977820768462,LOW,0,0
427_1149,RAINFALL_PLUS_100_PERCENT,100.0,12.610941967460949,6.0863595201811345,6.524582447279815,LOW,43.04897660818713,6.220240552665621e-05,8.343117708294985,LOW,0,0
428_451,RAINFALL_PLUS_100_PERCENT,100.0,72.43998424717255,65.91540179989273,6.524582447279812,HIGH,43.04897660818713,0.988978013993353,62.72984413210646,HIGH,0,0
428_454,RAINFALL_PLUS_100_PERCENT,100.0,69.44818277956536,62.923600332285545,6.524582447279812,HIGH,43.04897660818713,0.9358014942952212,62.058915290007064,HIGH,0,0
429_1090,RAINFALL_PLUS_100_PERCENT,100.0,13.368063442863559,6.843480995583744,6.524582447279815,LOW,43.04897660818713,2.1798365122615804e-05,15.936554684543305,LOW,0,0
430_437,RAINFALL_PLUS_100_PERCENT,100.0,65.16149234595106,58.636909898671234,6.524582447279826,HIGH,43.04897660818713,0.860498456944433,60.60868149679752,HIGH,0,0
431_493,RAINFALL_PLUS_100_PERCENT,100.0,71.44761388476694,64.92303143748713,6.524582447279812,HIGH,43.04897660818713,0.9674848458734008,64.62738297402406,HIGH,0,0
431_668,RAINFALL_PLUS_100_PERCENT,100.0,54.259421641343934,47.73483919406412,6.524582447279812,HIGH,43.04897660818713,0.668795668545093,57.02450807036339,MODERATE,1,1
435_1590,RAINFALL_PLUS_100_PERCENT,100.0,23.994651667607656,17.470069220327844,6.524582447279812,LOW,43.04897660818713,0.11688333333333335,57.92859269946836,LOW,0,0
437_491,RAINFALL_PLUS_100_PERCENT,100.0,71.48915927135205,64.96457682407222,6.524582447279826,HIGH,43.04897660818713,0.9716939984399746,62.727802928259614,HIGH,0,0
441_401,RAINFALL_PLUS_100_PERCENT,100.0,53.923997826639706,47.39941537935989,6.524582447279819,HIGH,43.04897660818713,0.6312118665648082,74.34136101247766,MODERATE,1,1
443_1108,RAINFALL_PLUS_100_PERCENT,100.0,12.685205377149746,6.1606229298699295,6.524582447279816,LOW,43.04897660818713,2.1798365122615804e-05,9.107974027405161,LOW,0,0
445_369,RAINFALL_PLUS_100_PERCENT,100.0,71.9485054219445,65.42392297466469,6.524582447279812,HIGH,43.04897660818713,0.9793624999999999,63.10358857617031,HIGH,0,0
445_447,RAINFALL_PLUS_100_PERCENT,100.0,67.31265026977063,60.78806782249082,6.524582447279812,HIGH,43.04897660818713,0.9080366385092449,55.974260874346825,HIGH,0,0
446_347,RAINFALL_PLUS_100_PERCENT,100.0,65.51804970303775,58.993467255757935,6.524582447279812,HIGH,43.04897660818713,0.8587774170274173,65.12082702202319,HIGH,0,0
446_365,RAINFALL_PLUS_100_PERCENT,100.0,70.32368201731474,63.79909957003492,6.524582447279819,HIGH,43.04897660818713,0.9490832806672523,63.508925162883735,HIGH,0,0
447_1052,RAINFALL_PLUS_100_PERCENT,100.0,13.128660157873963,6.604077710594148,6.524582447279815,LOW,43.04897660818713,0.004105131698455949,11.296688501314014,LOW,0,0
448_373,RAINFALL_PLUS_100_PERCENT,100.0,70.36937130923685,63.84478886195705,6.524582447279805,HIGH,43.04897660818713,0.9487420409771478,64.15349991166244,HIGH,0,0
448_377,RAINFALL_PLUS_100_PERCENT,100.0,72.01403134311211,65.48944889583228,6.524582447279826,HIGH,43.04897660818713,0.9812937743966134,62.696646869708836,HIGH,0,0
448_400,RAINFALL_PLUS_100_PERCENT,100.0,72.43976482066121,65.91518237338138,6.524582447279826,HIGH,43.04897660818713,0.9637218614718618,76.6185337538131,HIGH,0,0
449_361,RAINFALL_PLUS_100_PERCENT,100.0,70.01188517507369,63.48730272779386,6.524582447279826,HIGH,43.04897660818713,0.9441066389222688,63.128109700214175,HIGH,0,0
449_400,RAINFALL_PLUS_100_PERCENT,100.0,72.0463475565093,65.52176510922948,6.524582447279826,HIGH,43.04897660818713,0.9575456709956714,76.08126587419875,HIGH,0,0
449_1054,RAINFALL_PLUS_100_PERCENT,100.0,13.037732724302671,6.513150277022856,6.5245824472798155,LOW,43.04897660818713,0.0013955357388599895,11.877691943378867,LOW,0,0
450_489,RAINFALL_PLUS_100_PERCENT,100.0,63.448656175934794,56.924073728654975,6.524582447279819,HIGH,43.04897660818713,0.8378530943890174,55.93526920211348,HIGH,0,0
450_532,RAINFALL_PLUS_100_PERCENT,100.0,17.97525223935584,11.450669792076024,6.5245824472798155,LOW,43.04897660818713,0.0313834960876899,44.75950890205408,LOW,0,0
450_1086,RAINFALL_PLUS_100_PERCENT,100.0,13.85125679774665,7.326674350466835,6.5245824472798155,LOW,43.04897660818713,0.0006884650317892824,20.40182156670754,LOW,0,0
451_746,RAINFALL_PLUS_100_PERCENT,100.0,12.694277856867318,6.169695409587502,6.524582447279816,LOW,43.04897660818713,0.0024884650317892826,7.8420321579142165,LOW,0,0
452_484,RAINFALL_PLUS_100_PERCENT,100.0,70.68534832546734,64.16076587818752,6.524582447279826,HIGH,43.04897660818713,0.9657817515817516,57.94142924143515,HIGH,0,0
452_495,RAINFALL_PLUS_100_PERCENT,100.0,70.38352330434537,63.85894085706555,6.524582447279826,HIGH,43.04897660818713,0.9613717948717949,57.348655220691604,HIGH,0,0
452_529,RAINFALL_PLUS_100_PERCENT,100.0,16.36932427669139,9.844741829411573,6.524582447279817,LOW,43.04897660818713,0.01737145812565194,36.40685015453047,LOW,0,0
452_784,RAINFALL_PLUS_100_PERCENT,100.0,12.567876934778168,6.043294487498352,6.5245824472798155,LOW,43.04897660818713,2.1798365122615804e-05,7.934689603689386,LOW,0,0
453_391,RAINFALL_PLUS_100_PERCENT,100.0,72.1863450843322,65.66176263705238,6.524582447279826,HIGH,43.04897660818713,0.9735053927984161,68.70339416091824,HIGH,0,0
453_400,RAINFALL_PLUS_100_PERCENT,100.0,68.35905285021761,61.83447040293779,6.524582447279819,HIGH,43.04897660818713,0.9000757730717377,70.81676266944548,HIGH,0,0
453_407,RAINFALL_PLUS_100_PERCENT,100.0,67.00057041373664,60.47598796645682,6.524582447279819,HIGH,43.04897660818713,0.882109595540119,67.113335947026,HIGH,0,0
453_408,RAINFALL_PLUS_100_PERCENT,100.0,72.49774370163097,65.97316125435115,6.524582447279812,HIGH,43.04897660818713,0.9719458874458877,72.67510827779662,HIGH,0,0
453_411,RAINFALL_PLUS_100_PERCENT,100.0,72.41744201500273,65.89285956772291,6.524582447279826,HIGH,43.04897660818713,0.9736316017316019,70.94494855437135,HIGH,0,0
453_1353,RAINFALL_PLUS_100_PERCENT,100.0,12.742536183559782,6.2179537362799655,6.524582447279816,LOW,43.04897660818713,0.0026884650317892827,8.214615424838858,LOW,0,0
454_496,RAINFALL_PLUS_100_PERCENT,100.0,69.51040750901095,62.985825061731134,6.524582447279812,HIGH,43.04897660818713,0.9473367840492839,56.33675321972858,HIGH,0,0
455_445,RAINFALL_PLUS_100_PERCENT,100.0,69.56679867924584,63.04221623196602,6.524582447279812,HIGH,43.04897660818713,0.9407807944307947,60.50645921224641,HIGH,0,0
456_342,RAINFALL_PLUS_100_PERCENT,100.0,65.54612443964758,59.02154199236777,6.524582447279812,HIGH,43.04897660818713,0.8560244201397593,66.91572267633336,HIGH,0,0
457_503,RAINFALL_PLUS_100_PERCENT,100.0,22.152025270651,15.627442823371181,6.524582447279817,LOW,43.04897660818713,0.11615972663314245,39.90031241500676,LOW,0,0
457_1000,RAINFALL_PLUS_100_PERCENT,100.0,12.429852089549701,5.905269642269886,6.5245824472798155,LOW,43.04897660818713,2.1798365122615804e-05,6.554441151404723,LOW,0,0
458_197,RAINFALL_PLUS_100_PERCENT,100.0,24.0498439071063,17.525261459826485,6.5245824472798155,LOW,43.04897660818713,0.126801781495004,53.02536860553595,LOW,0,0
458_494,RAINFALL_PLUS_100_PERCENT,100.0,70.00192308730185,63.47734064002202,6.524582447279826,HIGH,43.04897660818713,0.9505420283038281,59.489024662638144,HIGH,0,0
458_665,RAINFALL_PLUS_100_PERCENT,100.0,24.29425755805518,17.769675110775363,6.5245824472798155,LOW,43.04897660818713,0.15541977769319357,39.72960720602047,LOW,0,0
459_415,RAINFALL_PLUS_100_PERCENT,100.0,70.92518005115963,64.40059760387982,6.524582447279812,HIGH,43.04897660818713,0.9454656561461798,71.51359898792252,HIGH,0,0
459_447,RAINFALL_PLUS_100_PERCENT,100.0,70.36574124661044,63.841158799330636,6.524582447279805,HIGH,43.04897660818713,0.955881673881674,60.19040118790889,HIGH,0,0
459_669,RAINFALL_PLUS_100_PERCENT,100.0,19.31374076844338,12.789158321163566,6.5245824472798155,LOW,43.04897660818713,0.07602205917847804,33.593184492996045,LOW,0,0
459_1218,RAINFALL_PLUS_100_PERCENT,100.0,14.510307819592828,7.985725372313014,6.524582447279815,LOW,43.04897660818713,0.0025749119182361694,25.954785997623542,LOW,0,0
460_1285,RAINFALL_PLUS_100_PERCENT,100.0,12.774232599022467,6.249650151742651,6.5245824472798155,LOW,43.04897660818713,6.220240552665621e-05,9.976024023910156,LOW,0,0
463_1201,RAINFALL_PLUS_100_PERCENT,100.0,15.366407499541511,8.841825052261697,6.524582447279814,LOW,43.04897660818713,0.010050369793694046,30.404280965608542,LOW,0,0
464_214,RAINFALL_PLUS_100_PERCENT,100.0,44.10795260644851,37.583370159168695,6.524582447279812,MODERATE,43.04897660818713,0.47765608370057394,60.63658938589456,MODERATE,0,0
464_647,RAINFALL_PLUS_100_PERCENT,100.0,60.389179034060355,53.864596586780536,6.524582447279819,HIGH,43.04897660818713,0.7796880634731701,57.331264787085104,HIGH,0,0
466_1167,RAINFALL_PLUS_100_PERCENT,100.0,12.954534992877617,6.429952545597802,6.5245824472798155,LOW,43.04897660818713,0.0006884650317892824,11.434603518017212,LOW,0,0
467_337,RAINFALL_PLUS_100_PERCENT,100.0,67.1129105539743,60.588328106694476,6.524582447279826,HIGH,43.04897660818713,0.8523422159539809,84.60879612177864,HIGH,0,0
468_344,RAINFALL_PLUS_100_PERCENT,100.0,65.80018918378738,59.27560673650758,6.524582447279805,HIGH,43.04897660818713,0.8399647420067393,78.28919309089237,HIGH,0,0
468_413,RAINFALL_PLUS_100_PERCENT,100.0,63.6833853464192,57.15880289913939,6.524582447279812,HIGH,43.04897660818713,0.7883281169810583,85.52129848133514,HIGH,0,0
471_565,RAINFALL_PLUS_100_PERCENT,100.0,66.73669015154233,60.21210770426251,6.524582447279826,HIGH,43.04897660818713,0.8450619129236778,84.85075876412567,HIGH,0,0
472_104,RAINFALL_PLUS_100_PERCENT,100.0,19.320420114502564,12.795837667222749,6.5245824472798155,LOW,43.04897660818713,0.07229730483852832,35.70859284056019,LOW,0,0
472_500,RAINFALL_PLUS_100_PERCENT,100.0,20.093464055215254,13.568881607935438,6.5245824472798155,LOW,43.04897660818713,0.06069023199023198,49.822922314250086,LOW,0,0
472_543,RAINFALL_PLUS_100_PERCENT,100.0,71.49183838950253,64.9672559422227,6.524582447279826,HIGH,43.04897660818713,0.967843861351762,64.87216950828129,HIGH,0,0
472_912,RAINFALL_PLUS_100_PERCENT,100.0,13.72891547679136,7.204333029511546,6.524582447279815,LOW,43.04897660818713,0.017682411992609864,9.831737528703341,LOW,0,0
473_380,RAINFALL_PLUS_100_PERCENT,100.0,72.19314459703517,65.66856214975536,6.524582447279812,HIGH,43.04897660818713,0.9843313568538388,62.81710905746554,HIGH,0,0
473_381,RAINFALL_PLUS_100_PERCENT,100.0,72.55569765963207,66.03111521235226,6.524582447279812,HIGH,43.04897660818713,0.9914848603271097,62.508212773135675,HIGH,0,0
473_540,RAINFALL_PLUS_100_PERCENT,100.0,72.17354988543596,65.64896743815615,6.524582447279812,HIGH,43.04897660818713,0.9783780094380093,65.89550302017952,HIGH,0,0
474_421,RAINFALL_PLUS_100_PERCENT,100.0,59.62551774014818,53.10093529286837,6.524582447279812,HIGH,43.04897660818713,0.7476859344789579,67.29582279478012,HIGH,0,0
474_471,RAINFALL_PLUS_100_PERCENT,100.0,72.96341307647458,66.43883062919477,6.524582447279812,HIGH,43.04897660818713,0.9906702620553686,67.03339599101827,HIGH,0,0
475_374,RAINFALL_PLUS_100_PERCENT,100.0,71.60706788640024,65.08248543912043,6.524582447279812,HIGH,43.04897660818713,0.9773327664399093,60.80556667877761,HIGH,0,0
475_386,RAINFALL_PLUS_100_PERCENT,100.0,72.84929009724353,66.32470764996371,6.524582447279812,HIGH,43.04897660818713,0.9962795918367346,62.80703481895642,HIGH,0,0
475_1305,RAINFALL_PLUS_100_PERCENT,100.0,12.524799310611257,6.000216863331442,6.5245824472798155,LOW,43.04897660818713,0.0006884650317892824,7.1372466953536104,LOW,0,0
476_163,RAINFALL_PLUS_100_PERCENT,100.0,17.730164072454457,11.205581625174641,6.5245824472798155,LOW,43.04897660818713,0.030256493506493502,42.928478652698296,LOW,0,0
476_416,RAINFALL_PLUS_100_PERCENT,100.0,55.9397483542258,49.41516590694597,6.524582447279826,HIGH,43.04897660818713,0.6688483793983796,73.79878422987434,MODERATE,1,1
476_474,RAINFALL_PLUS_100_PERCENT,100.0,73.19831745377967,66.67373500649985,6.524582447279812,HIGH,43.04897660818713,0.9922063492063492,68.53759183102979,HIGH,0,0
477_475,RAINFALL_PLUS_100_PERCENT,100.0,72.88366559904944,66.35908315176962,6.524582447279812,HIGH,43.04897660818713,0.9873301587301588,68.07297804563214,HIGH,0,0
477_561,RAINFALL_PLUS_100_PERCENT,100.0,68.01843232196514,61.49384987468532,6.524582447279819,HIGH,43.04897660818713,0.893690498196022,70.92245856856445,HIGH,0,0
477_1226,RAINFALL_PLUS_100_PERCENT,100.0,13.430100544602606,6.90551809732279,6.524582447279816,LOW,43.04897660818713,2.1798365122615804e-05,16.556925701933764,LOW,0,0
478_384,RAINFALL_PLUS_100_PERCENT,100.0,71.32341253104318,64.79883008376336,6.524582447279812,HIGH,43.04897660818713,0.9725665859925159,60.5904123712731,HIGH,0,0
478_565,RAINFALL_PLUS_100_PERCENT,100.0,73.2114877438231,66.68690529654329,6.524582447279812,HIGH,43.04897660818713,0.9820071428571431,74.27885822352745,HIGH,0,0
480_471,RAINFALL_PLUS_100_PERCENT,100.0,72.94003854866646,66.41545610138664,6.524582447279826,HIGH,43.04897660818713,0.9928498015873016,65.6009039703738,HIGH,0,0
480_517,RAINFALL_PLUS_100_PERCENT,100.0,69.87486248207937,63.35028003479955,6.524582447279812,HIGH,43.04897660818713,0.9484731547867096,59.35629904482853,HIGH,0,0
480_1139,RAINFALL_PLUS_100_PERCENT,100.0,12.470853759575926,5.946271312296109,6.524582447279816,LOW,43.04897660818713,2.1798365122615804e-05,6.96445785166696,LOW,0,0
482_479,RAINFALL_PLUS_100_PERCENT,100.0,68.74631638220154,62.22173393492172,6.524582447279819,HIGH,43.04897660818713,0.8974921922521921,76.11036744003489,HIGH,0,0
482_483,RAINFALL_PLUS_100_PERCENT,100.0,52.96204554862663,46.43746310134681,6.524582447279819,HIGH,43.04897660818713,0.6246043493973732,68.35597267443619,MODERATE,1,1
483_365,RAINFALL_PLUS_100_PERCENT,100.0,73.01203961081808,66.48745716353827,6.524582447279812,HIGH,43.04897660818713,0.9962682823129252,64.44075019279705,HIGH,0,0
483_403,RAINFALL_PLUS_100_PERCENT,100.0,70.80488014578947,64.28029769850966,6.524582447279812,HIGH,43.04897660818713,0.9520106256332319,66.71086671634224,HIGH,0,0
484_334,RAINFALL_PLUS_100_PERCENT,100.0,65.62706404616179,59.10248159888198,6.524582447279812,HIGH,43.04897660818713,0.8618685036660038,64.51087280204104,HIGH,0,0
486_416,RAINFALL_PLUS_100_PERCENT,100.0,71.12571719563444,64.60113474835461,6.524582447279826,HIGH,43.04897660818713,0.9480674603174607,72.08797813846603,HIGH,0,0
488_406,RAINFALL_PLUS_100_PERCENT,100.0,72.12511079135044,65.60052834407063,6.524582447279812,HIGH,43.04897660818713,0.9777339285714289,65.76535655594348,HIGH,0,0
488_504,RAINFALL_PLUS_100_PERCENT,100.0,71.97473551427882,65.45015306699901,6.524582447279812,HIGH,43.04897660818713,0.978127152597553,64.04533057085919,HIGH,0,0
489_364,RAINFALL_PLUS_100_PERCENT,100.0,69.52245172437559,62.997869277095774,6.524582447279812,HIGH,43.04897660818713,0.9270922077922078,67.5917123147667,HIGH,0,0
489_371,RAINFALL_PLUS_100_PERCENT,100.0,70.91521024389621,64.3906277966164,6.524582447279812,HIGH,43.04897660818713,0.9583993369064797,64.3003764971234,HIGH,0,0
489_412,RAINFALL_PLUS_100_PERCENT,100.0,71.4501448121644,64.92556236488457,6.524582447279826,HIGH,43.04897660818713,0.963666700082039,66.75267243324751,HIGH,0,0
489_418,RAINFALL_PLUS_100_PERCENT,100.0,71.54446463568327,65.01988218840344,6.524582447279826,HIGH,43.04897660818713,0.967023592654116,65.8495797537939,HIGH,0,0
489_419,RAINFALL_PLUS_100_PERCENT,100.0,68.35257451200155,61.82799206472173,6.524582447279826,HIGH,43.04897660818713,0.9010617364117367,70.20969945028541,HIGH,0,0
489_470,RAINFALL_PLUS_100_PERCENT,100.0,71.56577225148133,65.04118980420152,6.524582447279812,HIGH,43.04897660818713,0.959012578810079,70.46871352599511,HIGH,0,0
491_371,RAINFALL_PLUS_100_PERCENT,100.0,72.95874763378733,66.43416518650751,6.524582447279812,HIGH,43.04897660818713,0.9966794871794873,63.68166774588051,HIGH,0,0
491_416,RAINFALL_PLUS_100_PERCENT,100.0,71.85431321908064,65.32973077180083,6.524582447279812,HIGH,43.04897660818713,0.970576676695464,66.99386936502627,HIGH,0,0
491_442,RAINFALL_PLUS_100_PERCENT,100.0,71.3374625312083,64.81288008392849,6.524582447279812,HIGH,43.04897660818713,0.9630881669686904,65.94404283602849,HIGH,0,0
491_456,RAINFALL_PLUS_100_PERCENT,100.0,71.47818245487888,64.95360000759905,6.524582447279826,HIGH,43.04897660818713,0.9658139160356443,65.8520800859095,HIGH,0,0
491_555,RAINFALL_PLUS_100_PERCENT,100.0,71.56393346928581,65.039351022006,6.524582447279812,HIGH,43.04897660818713,0.9689166441517506,65.0030897661204,HIGH,0,0
491_1386,RAINFALL_PLUS_100_PERCENT,100.0,13.208052009892544,6.6834695626127285,6.5245824472798155,LOW,43.04897660818713,0.0018217983651226159,13.34644035483315,LOW,0,0
492_301,RAINFALL_PLUS_100_PERCENT,100.0,56.82673983952911,50.3021573922493,6.524582447279812,HIGH,43.04897660818713,0.7140058062002967,57.832114341853,HIGH,0,0
492_508,RAINFALL_PLUS_100_PERCENT,100.0,72.14456142283218,65.61997897555237,6.524582447279812,HIGH,43.04897660818713,0.9812729933581,64.01337723809193,HIGH,0,0
492_528,RAINFALL_PLUS_100_PERCENT,100.0,72.75091890712666,66.22633645984685,6.524582447279812,HIGH,43.04897660818713,0.9978095238095237,60.98186033275367,HIGH,0,0
492_909,RAINFALL_PLUS_100_PERCENT,100.0,13.874448794492725,7.349866347212909,6.524582447279816,LOW,43.04897660818713,0.016691162449314286,11.832257954529533,LOW,0,0
493_355,RAINFALL_PLUS_100_PERCENT,100.0,23.296533498108122,16.771951050828307,6.5245824472798155,LOW,43.04897660818713,0.10117512095747389,59.58692781119572,LOW,0,0
493_441,RAINFALL_PLUS_100_PERCENT,100.0,67.57956070928665,61.054978262006834,6.524582447279819,HIGH,43.04897660818713,0.8892918618848854,68.95299241290466,HIGH,0,0
494_471,RAINFALL_PLUS_100_PERCENT,100.0,67.3968248319079,60.872242384628095,6.524582447279812,HIGH,43.04897660818713,0.8739502801120449,75.56350361417952,HIGH,0,0
494_508,RAINFALL_PLUS_100_PERCENT,100.0,71.68627273521702,65.1616902879372,6.524582447279812,HIGH,43.04897660818713,0.9747697608022358,63.00726826766566,HIGH,0,0
495_374,RAINFALL_PLUS_100_PERCENT,100.0,70.84816700275896,64.32358455547913,6.524582447279826,HIGH,43.04897660818713,0.9653256416202844,59.8204764931582,HIGH,0,0
495_395,RAINFALL_PLUS_100_PERCENT,100.0,72.62215510877743,66.09757266149762,6.524582447279812,HIGH,43.04897660818713,0.9960367346938777,60.669256362866776,HIGH,0,0
495_397,RAINFALL_PLUS_100_PERCENT,100.0,72.27486160866059,65.75027916138077,6.524582447279812,HIGH,43.04897660818713,0.991386475231118,59.75396406621619,HIGH,0,0
495_435,RAINFALL_PLUS_100_PERCENT,100.0,71.95661117458073,65.43202872730092,6.524582447279812,HIGH,43.04897660818713,0.9706817460317463,67.95906078507203,HIGH,0,0
495_450,RAINFALL_PLUS_100_PERCENT,100.0,71.4278137147378,64.90323126745798,6.524582447279812,HIGH,43.04897660818713,0.9635898282863,66.57164094663817,HIGH,0,0
495_461,RAINFALL_PLUS_100_PERCENT,100.0,73.15651805996887,66.63193561268906,6.524582447279812,HIGH,43.04897660818713,0.9974444444444444,65.23864551196958,HIGH,0,0
495_469,RAINFALL_PLUS_100_PERCENT,100.0,72.84533310877976,66.32075066149993,6.524582447279826,HIGH,43.04897660818713,0.9777906090808416,72.93640545005977,HIGH,0,0
495_1418,RAINFALL_PLUS_100_PERCENT,100.0,13.40150781936338,6.876925372083564,6.5245824472798155,LOW,43.04897660818713,2.1798365122615804e-05,16.2709984495415,LOW,0,0
496_376,RAINFALL_PLUS_100_PERCENT,100.0,72.11343701574216,65.58885456846235,6.524582447279812,HIGH,43.04897660818713,0.9839113875964941,62.251016336075104,HIGH,0,0
496_463,RAINFALL_PLUS_100_PERCENT,100.0,72.84879962757016,66.32421718029035,6.524582447279812,HIGH,43.04897660818713,0.9868125112312983,68.0090244552126,HIGH,0,0
496_465,RAINFALL_PLUS_100_PERCENT,100.0,73.36696346272534,66.84238101544553,6.524582447279812,HIGH,43.04897660818713,0.9934241269841271,69.55427414270864,HIGH,0,0
496_1659,RAINFALL_PLUS_100_PERCENT,100.0,18.450075881594174,11.925493434314356,6.524582447279817,LOW,43.04897660818713,0.03570352449482885,47.131729700511,LOW,0,0
497_464,RAINFALL_PLUS_100_PERCENT,100.0,71.35029204658301,64.8257095993032,6.524582447279812,HIGH,43.04897660818713,0.9593900725588599,68.1062899151823,HIGH,0,0
497_527,RAINFALL_PLUS_100_PERCENT,100.0,71.09969245769358,64.57511001041377,6.524582447279812,HIGH,43.04897660818713,0.9663494243345306,61.772650549669095,HIGH,0,0
497_916,RAINFALL_PLUS_100_PERCENT,100.0,13.04765571432985,6.523073267050033,6.524582447279816,LOW,43.04897660818713,0.0024384650317892825,11.403310732539529,LOW,0,0
499_373,RAINFALL_PLUS_100_PERCENT,100.0,69.10808681316976,62.583504365889944,6.524582447279819,HIGH,43.04897660818713,0.9346277203223629,59.303531311123194,HIGH,0,0
499_1383,RAINFALL_PLUS_100_PERCENT,100.0,13.590767928683352,7.0661854814035365,6.5245824472798155,LOW,43.04897660818713,2.1798365122615804e-05,18.163599542741235,LOW,0,0
500_338,RAINFALL_PLUS_100_PERCENT,100.0,72.7995814437693,66.27499899648949,6.524582447279812,HIGH,43.04897660818713,0.9874196969696969,67.18289046108484,HIGH,0,0
500_339,RAINFALL_PLUS_100_PERCENT,100.0,72.27888725924558,65.75430481196577,6.524582447279812,HIGH,43.04897660818713,0.9787393536695861,66.75013743090858,HIGH,0,0
500_427,RAINFALL_PLUS_100_PERCENT,100.0,71.56333990566247,65.03875745838266,6.524582447279812,HIGH,43.04897660818713,0.9718918466223702,63.36079277104627,HIGH,0,0
500_508,RAINFALL_PLUS_100_PERCENT,100.0,72.2614508435781,65.73686839629829,6.524582447279812,HIGH,43.04897660818713,0.980224396089735,65.75899994315205,HIGH,0,0
501_470,RAINFALL_PLUS_100_PERCENT,100.0,73.08029381481546,66.55571136753565,6.524582447279812,HIGH,43.04897660818713,0.9888028205128208,69.2292962228284,HIGH,0,0
501_529,RAINFALL_PLUS_100_PERCENT,100.0,72.13923374445328,65.61465129717347,6.524582447279812,HIGH,43.04897660818713,0.98093444746468,64.14630069568406,HIGH,0,0
501_531,RAINFALL_PLUS_100_PERCENT,100.0,71.64457299507582,65.11999054779601,6.524582447279812,HIGH,43.04897660818713,0.9817434523809525,58.75474049795937,HIGH,0,0
503_461,RAINFALL_PLUS_100_PERCENT,100.0,72.82960924856438,66.30502680128457,6.524582447279812,HIGH,43.04897660818713,0.9899611111111113,66.0853907312577,HIGH,0,0
505_335,RAINFALL_PLUS_100_PERCENT,100.0,68.49861327638658,61.97403082910676,6.524582447279819,HIGH,43.04897660818713,0.9127878081729146,65.22074762548789,HIGH,0,0
505_338,RAINFALL_PLUS_100_PERCENT,100.0,64.82653713036775,58.30195468308794,6.524582447279812,HIGH,43.04897660818713,0.8442871290738796,66.17535966976891,HIGH,0,0
505_410,RAINFALL_PLUS_100_PERCENT,100.0,61.41877065226996,54.89418820499015,6.524582447279812,HIGH,43.04897660818713,0.7915765021709925,61.08853968537894,HIGH,0,0
505_647,RAINFALL_PLUS_100_PERCENT,100.0,13.410543597029704,6.885961149749889,6.5245824472798155,LOW,43.04897660818713,0.0015622024055266563,15.51413400398253,LOW,0,0
506_339,RAINFALL_PLUS_100_PERCENT,100.0,71.54817047041345,65.02358802313364,6.524582447279812,HIGH,43.04897660818713,0.9609193362193363,69.24397914022471,HIGH,0,0
506_378,RAINFALL_PLUS_100_PERCENT,100.0,72.72060285726076,66.19602040998095,6.524582447279812,HIGH,43.04897660818713,0.9953367346938775,62.03873384770009,HIGH,0,0
506_420,RAINFALL_PLUS_100_PERCENT,100.0,68.86883628072626,62.34425383344644,6.524582447279819,HIGH,43.04897660818713,0.9216906533711768,64.0264128098405,HIGH,0,0
506_422,RAINFALL_PLUS_100_PERCENT,100.0,72.03599786511758,65.51141541783775,6.524582447279826,HIGH,43.04897660818713,0.9753880767811001,66.16444577829587,HIGH,0,0
506_464,RAINFALL_PLUS_100_PERCENT,100.0,71.36762206165068,64.84303961437085,6.524582447279826,HIGH,43.04897660818713,0.9651863850749398,65.09161818201495,HIGH,0,0
507_422,RAINFALL_PLUS_100_PERCENT,100.0,70.05292017221453,63.5283377249347,6.524582447279826,HIGH,43.04897660818713,0.9434850645155877,63.880325595297194,HIGH,0,0
508_338,RAINFALL_PLUS_100_PERCENT,100.0,68.88357478559335,62.35899233831354,6.524582447279812,HIGH,43.04897660818713,0.9208585132890368,64.63147490368843,HIGH,0,0
508_340,RAINFALL_PLUS_100_PERCENT,100.0,70.56998868127015,64.04540623399033,6.524582447279812,HIGH,43.04897660818713,0.9479601005906241,66.58974084458332,HIGH,0,0
508_349,RAINFALL_PLUS_100_PERCENT,100.0,71.4912999084097,64.96671746112989,6.524582447279812,HIGH,43.04897660818713,0.9561103896103897,71.32019415510776,HIGH,0,0
508_1254,RAINFALL_PLUS_100_PERCENT,100.0,13.386282221627589,6.861699774347773,6.5245824472798155,LOW,43.04897660818713,2.1798365122615804e-05,16.118742472183598,LOW,0,0
509_340,RAINFALL_PLUS_100_PERCENT,100.0,69.96848040788797,63.44389796060814,6.524582447279826,HIGH,43.04897660818713,0.9367069259874494,66.76390414250763,HIGH,0,0
509_374,RAINFALL_PLUS_100_PERCENT,100.0,72.12206303830467,65.59748059102486,6.524582447279812,HIGH,43.04897660818713,0.9851379251700682,61.66268089623442,HIGH,0,0
509_731,RAINFALL_PLUS_100_PERCENT,100.0,12.678451374547862,6.153868927268047,6.524582447279815,LOW,43.04897660818713,6.220240552665621e-05,9.018211779164112,LOW,0,0
510_407,RAINFALL_PLUS_100_PERCENT,100.0,60.888575987024794,54.363993539744975,6.524582447279819,HIGH,43.04897660818713,0.7828883458828362,60.56507899141316,HIGH,0,0
512_326,RAINFALL_PLUS_100_PERCENT,100.0,56.645577093290946,50.120994646011134,6.524582447279812,HIGH,43.04897660818713,0.7061318650793652,60.351154495983714,HIGH,0,0
512_511,RAINFALL_PLUS_100_PERCENT,100.0,57.94344472932284,51.41886228204302,6.524582447279819,HIGH,43.04897660818713,0.7091497128461843,71.67001458455216,HIGH,0,0
515_405,RAINFALL_PLUS_100_PERCENT,100.0,72.80914266733421,66.2845602200544,6.524582447279812,HIGH,43.04897660818713,0.9953333333333334,62.926002696733875,HIGH,0,0
516_395,RAINFALL_PLUS_100_PERCENT,100.0,72.79802560163239,66.27344315435258,6.524582447279812,HIGH,43.04897660818713,0.999,60.79816537304906,HIGH,0,0
517_370,RAINFALL_PLUS_100_PERCENT,100.0,69.76775203276136,63.24316958548155,6.524582447279812,HIGH,43.04897660818713,0.9418056941563274,61.952297898358644,HIGH,0,0
517_406,RAINFALL_PLUS_100_PERCENT,100.0,72.92993748047692,66.40535503319711,6.524582447279812,HIGH,43.04897660818713,0.9983461538461538,62.47689954610976,HIGH,0,0
518_325,RAINFALL_PLUS_100_PERCENT,100.0,47.749461163373155,41.22487871609334,6.524582447279812,MODERATE,43.04897660818713,0.5426971500721501,61.279088450774125,MODERATE,0,0
518_538,RAINFALL_PLUS_100_PERCENT,100.0,72.19526113616766,65.67067868888783,6.524582447279826,HIGH,43.04897660818713,0.9777140873015873,66.4777727025286,HIGH,0,0
519_403,RAINFALL_PLUS_100_PERCENT,100.0,70.54379146604492,64.01920901876511,6.524582447279812,HIGH,43.04897660818713,0.9559086987109479,61.95603972615296,HIGH,0,0
520_446,RAINFALL_PLUS_100_PERCENT,100.0,29.347369051960747,22.82278660468093,6.524582447279819,MODERATE,43.04897660818713,0.22325579975579984,52.95091001064268,LOW,1,1
520_574,RAINFALL_PLUS_100_PERCENT,100.0,67.61506917927728,61.090486731997466,6.524582447279819,HIGH,43.04897660818713,0.8917697482634758,67.94523960458628,HIGH,0,0
521_323,RAINFALL_PLUS_100_PERCENT,100.0,59.736144038568376,53.211561591288564,6.524582447279812,HIGH,43.04897660818713,0.7557944836116264,63.9423837560144,HIGH,0,0
521_410,RAINFALL_PLUS_100_PERCENT,100.0,71.40954542858404,64.88496298130423,6.524582447279812,HIGH,43.04897660818713,0.9689688539245485,63.43049398406394,HIGH,0,0
521_571,RAINFALL_PLUS_100_PERCENT,100.0,70.84661391630507,64.32203146902525,6.524582447279826,HIGH,43.04897660818713,0.944052356902357,71.50525222347956,HIGH,0,0
521_736,RAINFALL_PLUS_100_PERCENT,100.0,13.023443166634888,6.498860719355072,6.5245824472798155,LOW,43.04897660818713,0.004832909476233727,9.844240811145474,LOW,0,0
522_511,RAINFALL_PLUS_100_PERCENT,100.0,72.78907804535217,66.26449559807236,6.524582447279812,HIGH,43.04897660818713,0.9881912513842748,66.65350154889566,HIGH,0,0
522_558,RAINFALL_PLUS_100_PERCENT,100.0,70.42602131206411,63.901438864784296,6.524582447279812,HIGH,43.04897660818713,0.9206399626517275,80.17614301891608,HIGH,0,0
523_1106,RAINFALL_PLUS_100_PERCENT,100.0,12.867123808010847,6.3425413607310315,6.5245824472798155,LOW,43.04897660818713,6.220240552665621e-05,10.904936113793957,LOW,0,0
524_401,RAINFALL_PLUS_100_PERCENT,100.0,72.71571018696224,66.19112773968243,6.524582447279812,HIGH,43.04897660818713,0.9909636577708005,64.39499945240738,HIGH,0,0
524_1025,RAINFALL_PLUS_100_PERCENT,100.0,12.722436790604057,6.1978543433242415,6.5245824472798155,LOW,43.04897660818713,2.1798365122615804e-05,9.480288161948282,LOW,0,0
526_513,RAINFALL_PLUS_100_PERCENT,100.0,72.42343028304316,65.89884783576333,6.524582447279826,HIGH,43.04897660818713,0.9843047619047619,65.13459313953763,HIGH,0,0
527_361,RAINFALL_PLUS_100_PERCENT,100.0,33.29154072785653,26.766958280576713,6.5245824472798155,MODERATE,43.04897660818713,0.2856982905415129,58.04925683745829,MODERATE,0,0
527_403,RAINFALL_PLUS_100_PERCENT,100.0,72.78985591275426,66.26527346547445,6.524582447279812,HIGH,43.04897660818713,0.9957863095238094,62.48399824617269,HIGH,0,0
527_479,RAINFALL_PLUS_100_PERCENT,100.0,53.87549236573134,47.35090991845152,6.524582447279819,HIGH,43.04897660818713,0.6253707374325019,77.06892742616249,MODERATE,1,1
527_1427,RAINFALL_PLUS_100_PERCENT,100.0,16.66947676100585,10.144894313726034,6.5245824472798155,LOW,43.04897660818713,0.02151587301587302,37.128946808053485,LOW,0,0
531_260,RAINFALL_PLUS_100_PERCENT,100.0,30.549206874869306,24.02462442758949,6.5245824472798155,MODERATE,43.04897660818713,0.24073702571937877,55.35461395975987,LOW,1,1
531_402,RAINFALL_PLUS_100_PERCENT,100.0,73.2358415701954,66.71125912291559,6.524582447279812,HIGH,43.04897660818713,0.995665306122449,67.01040669133221,HIGH,0,0
533_95,RAINFALL_PLUS_100_PERCENT,100.0,14.37581920877053,7.851236761490714,6.5245824472798155,LOW,43.04897660818713,0.016392064372680624,17.010466039456094,LOW,0,0
533_421,RAINFALL_PLUS_100_PERCENT,100.0,72.41730893289864,65.89272648561882,6.524582447279812,HIGH,43.04897660818713,0.9886202844774273,62.69984222312651,HIGH,0,0
533_516,RAINFALL_PLUS_100_PERCENT,100.0,71.5732171105787,65.04863466329888,6.524582447279812,HIGH,43.04897660818713,0.9691196087202419,64.98429566637908,HIGH,0,0
533_525,RAINFALL_PLUS_100_PERCENT,100.0,71.7469850635259,65.22240261624609,6.524582447279812,HIGH,43.04897660818713,0.9812802328623758,60.03363191767739,HIGH,0,0
533_527,RAINFALL_PLUS_100_PERCENT,100.0,72.70272657325899,66.17814412597917,6.524582447279812,HIGH,43.04897660818713,0.9956333333333335,61.696841755981694,HIGH,0,0
534_423,RAINFALL_PLUS_100_PERCENT,100.0,55.74902278098721,49.2244403337074,6.524582447279812,HIGH,43.04897660818713,0.6969173944483862,56.45357021998487,MODERATE,1,1
535_207,RAINFALL_PLUS_100_PERCENT,100.0,16.51304604768496,9.988463600405144,6.5245824472798155,LOW,43.04897660818713,0.03133903872762534,30.161898533380793,LOW,0,0
535_399,RAINFALL_PLUS_100_PERCENT,100.0,71.87302377049191,65.34844132321209,6.524582447279826,HIGH,43.04897660818713,0.9615661531279178,72.13676284128931,HIGH,0,0
535_562,RAINFALL_PLUS_100_PERCENT,100.0,72.29782901322493,65.7732465659451,6.524582447279826,HIGH,43.04897660818713,0.978956188806822,66.82029564522225,HIGH,0,0
535_1002,RAINFALL_PLUS_100_PERCENT,100.0,12.718103192055612,6.193520744775797,6.524582447279815,LOW,43.04897660818713,2.1798365122615804e-05,9.436952176463832,LOW,0,0
535_1337,RAINFALL_PLUS_100_PERCENT,100.0,13.456122394014502,6.931539946734686,6.5245824472798155,LOW,43.04897660818713,2.1798365122615804e-05,16.81714419605273,LOW,0,0
536_487,RAINFALL_PLUS_100_PERCENT,100.0,72.20032229058324,65.67573984330343,6.524582447279812,HIGH,43.04897660818713,0.9633488936988939,74.42924072816598,HIGH,0,0
536_1256,RAINFALL_PLUS_100_PERCENT,100.0,14.373816739193442,7.849234291913627,6.5245824472798155,LOW,43.04897660818713,0.006702750746074996,22.319563838318327,LOW,0,0
538_333,RAINFALL_PLUS_100_PERCENT,100.0,71.65929155857573,65.13470911129592,6.524582447279812,HIGH,43.04897660818713,0.9740619047619049,63.12677732343476,HIGH,0,0
538_344,RAINFALL_PLUS_100_PERCENT,100.0,66.08319753027301,59.55861508299319,6.524582447279819,HIGH,43.04897660818713,0.8790947828034034,59.59775411758336,HIGH,0,0
539_87,RAINFALL_PLUS_100_PERCENT,100.0,14.236486774406595,7.7119043271267795,6.5245824472798155,LOW,43.04897660818713,0.012765310196269697,17.611856492842765,LOW,0,0
539_536,RAINFALL_PLUS_100_PERCENT,100.0,71.63277327280919,65.10819082552936,6.524582447279826,HIGH,43.04897660818713,0.977144662429769,61.16607774844397,HIGH,0,0
539_999,RAINFALL_PLUS_100_PERCENT,100.0,12.851025983338365,6.326443536058551,6.524582447279815,LOW,43.04897660818713,0.001421798365122616,9.99618008929137,LOW,0,0
540_318,RAINFALL_PLUS_100_PERCENT,100.0,70.23072839456454,63.70614594728472,6.524582447279819,HIGH,43.04897660818713,0.9304626799557034,72.82071932673368,HIGH,0,0
540_410,RAINFALL_PLUS_100_PERCENT,100.0,72.31992044273531,65.79533799545548,6.524582447279826,HIGH,43.04897660818713,0.9793034920634922,66.85019314915746,HIGH,0,0
540_1507,RAINFALL_PLUS_100_PERCENT,100.0,12.798104515395922,6.273522068116106,6.5245824472798155,LOW,43.04897660818713,6.220240552665621e-05,10.214743187644707,LOW,0,0
542_393,RAINFALL_PLUS_100_PERCENT,100.0,69.5980074307765,63.073424983496686,6.524582447279819,HIGH,43.04897660818713,0.91598110484287,74.45837600091176,HIGH,0,0
542_1302,RAINFALL_PLUS_100_PERCENT,100.0,14.216149977993663,7.691567530713849,6.524582447279814,LOW,43.04897660818713,0.002348721442045693,23.137612343536652,LOW,0,0
542_1519,RAINFALL_PLUS_100_PERCENT,100.0,12.877446134595276,6.352863687315461,6.5245824472798155,LOW,43.04897660818713,2.1798365122615804e-05,11.030381601860473,LOW,0,0
544_1333,RAINFALL_PLUS_100_PERCENT,100.0,14.450936975895099,7.926354528615283,6.5245824472798155,LOW,43.04897660818713,0.004090784934109185,24.52734740191608,LOW,0,0
545_453,RAINFALL_PLUS_100_PERCENT,100.0,72.69130887940841,66.1667264321286,6.524582447279812,HIGH,43.04897660818713,0.9957666666666668,61.50933148414256,HIGH,0,0
546_369,RAINFALL_PLUS_100_PERCENT,100.0,57.718884780266414,51.1943023329866,6.524582447279812,HIGH,43.04897660818713,0.7174367715617714,64.86653280041502,HIGH,0,0
546_455,RAINFALL_PLUS_100_PERCENT,100.0,72.90305894682766,66.37847649954784,6.524582447279812,HIGH,43.04897660818713,0.9987727272727273,61.97349882500178,HIGH,0,0
547_369,RAINFALL_PLUS_100_PERCENT,100.0,71.61321215962955,65.08862971234974,6.524582447279812,HIGH,43.04897660818713,0.9768973595848596,61.10648318134787,HIGH,0,0
547_397,RAINFALL_PLUS_100_PERCENT,100.0,70.95618419763169,64.43160175035187,6.524582447279812,HIGH,43.04897660818713,0.9466581308198958,71.16777938209931,HIGH,0,0
548_402,RAINFALL_PLUS_100_PERCENT,100.0,71.86326547165943,65.33868302437962,6.524582447279812,HIGH,43.04897660818713,0.9689189309056957,67.99515207518685,HIGH,0,0
548_409,RAINFALL_PLUS_100_PERCENT,100.0,73.04142475458032,66.51684230730051,6.524582447279812,HIGH,43.04897660818713,0.9950749999999999,65.39090690252837,HIGH,0,0
548_1170,RAINFALL_PLUS_100_PERCENT,100.0,13.64502663920327,7.120444191923454,6.5245824472798155,LOW,43.04897660818713,0.0013551316984559492,17.972853314607068,LOW,0,0
549_320,RAINFALL_PLUS_100_PERCENT,100.0,70.0018460361692,63.477263588889386,6.524582447279812,HIGH,43.04897660818713,0.9317069259874492,69.84756042531995,HIGH,0,0
549_343,RAINFALL_PLUS_100_PERCENT,100.0,70.13314350489634,63.60856105761653,6.524582447279812,HIGH,43.04897660818713,0.9493563687789749,61.45334157725229,HIGH,0,0
549_364,RAINFALL_PLUS_100_PERCENT,100.0,66.95712612878944,60.43254368150963,6.524582447279812,HIGH,43.04897660818713,0.8931956626706635,60.58155617575463,HIGH,0,0
549_640,RAINFALL_PLUS_100_PERCENT,100.0,16.522776448441917,9.9981940011621,6.524582447279817,LOW,43.04897660818713,0.025041476958043648,33.72286151422029,LOW,0,0
550_455,RAINFALL_PLUS_100_PERCENT,100.0,68.94992913405835,62.42534668677853,6.524582447279819,HIGH,43.04897660818713,0.9304028022012494,60.0456594866214,HIGH,0,0
551_319,RAINFALL_PLUS_100_PERCENT,100.0,57.858844929164306,51.33426248188449,6.524582447279819,HIGH,43.04897660818713,0.7121449490754723,69.17663665685842,HIGH,0,0
551_633,RAINFALL_PLUS_100_PERCENT,100.0,71.24048491733743,64.71590247005761,6.524582447279812,HIGH,43.04897660818713,0.9729055934672367,59.574682123119175,HIGH,0,0
552_593,RAINFALL_PLUS_100_PERCENT,100.0,72.37467563172378,65.85009318444396,6.524582447279812,HIGH,43.04897660818713,0.9872401891252954,63.032561655050486,HIGH,0,0
553_61,RAINFALL_PLUS_100_PERCENT,100.0,14.968664145394452,8.444081698114637,6.5245824472798155,LOW,43.04897660818713,0.002399662800187518,30.63473627056653,LOW,0,0
554_344,RAINFALL_PLUS_100_PERCENT,100.0,71.37284891822063,64.84826647094081,6.524582447279812,HIGH,43.04897660818713,0.9671465383316447,64.06580245652694,HIGH,0,0
556_419,RAINFALL_PLUS_100_PERCENT,100.0,69.035452010119,62.51086956283919,6.524582447279812,HIGH,43.04897660818713,0.929896492322903,61.17935868031862,HIGH,0,0
558_636,RAINFALL_PLUS_100_PERCENT,100.0,71.4111866758555,64.88660422857569,6.524582447279812,HIGH,43.04897660818713,0.9754558870303115,59.87903824860879,HIGH,0,0
558_1664,RAINFALL_PLUS_100_PERCENT,100.0,14.33770305008688,7.813120602807066,6.524582447279814,LOW,43.04897660818713,0.009314655507979759,20.521879328205095,LOW,0,0
559_21,RAINFALL_PLUS_100_PERCENT,100.0,18.63641276775685,12.111830320477033,6.5245824472798155,LOW,43.04897660818713,0.039040476190476195,47.15977512953173,LOW,0,0
559_258,RAINFALL_PLUS_100_PERCENT,100.0,18.96495404335718,12.440371596077366,6.5245824472798155,LOW,43.04897660818713,0.051910413299192666,43.366722475740985,LOW,0,0
559_826,RAINFALL_PLUS_100_PERCENT,100.0,24.8313712506459,18.306788803366086,6.5245824472798155,LOW,43.04897660818713,0.1507498214089907,47.66922008823924,LOW,0,0
561_186,RAINFALL_PLUS_100_PERCENT,100.0,23.69820144683658,17.173618999556766,6.5245824472798155,LOW,43.04897660818713,0.13916082005369934,42.711472795556304,LOW,0,0
562_330,RAINFALL_PLUS_100_PERCENT,100.0,63.813646193023516,57.28906374574369,6.524582447279826,HIGH,43.04897660818713,0.7947068624186271,83.31559695671532,HIGH,0,0
562_407,RAINFALL_PLUS_100_PERCENT,100.0,71.11999834833662,64.5954159010568,6.524582447279826,HIGH,43.04897660818713,0.9665256235827665,61.87879986956977,HIGH,0,0
562_504,RAINFALL_PLUS_100_PERCENT,100.0,65.39151635537931,58.86693390809948,6.524582447279826,HIGH,43.04897660818713,0.8606751381048874,62.81174695283013,HIGH,0,0
563_339,RAINFALL_PLUS_100_PERCENT,100.0,71.26315934911355,64.73857690183374,6.524582447279812,HIGH,43.04897660818713,0.9557217505870894,69.25254002496145,HIGH,0,0
564_748,RAINFALL_PLUS_100_PERCENT,100.0,14.359176394647706,7.834593947367891,6.5245824472798155,LOW,43.04897660818713,0.013407353161203728,18.485629064540156,LOW,0,0
566_408,RAINFALL_PLUS_100_PERCENT,100.0,70.6235406397624,64.09895819248258,6.524582447279812,HIGH,43.04897660818713,0.9603194099045167,60.32764030686497,HIGH,0,0
566_414,RAINFALL_PLUS_100_PERCENT,100.0,71.87088717950606,65.34630473222624,6.524582447279812,HIGH,43.04897660818713,0.9815152691056083,61.14338314370114,HIGH,0,0
566_970,RAINFALL_PLUS_100_PERCENT,100.0,14.093964516894223,7.569382069614409,6.524582447279814,LOW,43.04897660818713,0.009629999015696148,17.91105506703451,LOW,0,0
568_890,RAINFALL_PLUS_100_PERCENT,100.0,15.205703662715448,8.681121215435631,6.524582447279817,LOW,43.04897660818713,0.014805059548383799,26.18216323226853,LOW,0,0
570_402,RAINFALL_PLUS_100_PERCENT,100.0,72.0141360390566,65.48955359177678,6.524582447279812,HIGH,43.04897660818713,0.983587031217264,61.43640257779589,HIGH,0,0
577_896,RAINFALL_PLUS_100_PERCENT,100.0,14.227233878291667,7.7026514310118515,6.5245824472798155,LOW,43.04897660818713,0.008362202405526657,19.941036816602153,LOW,0,0
583_493,RAINFALL_PLUS_100_PERCENT,100.0,72.15401534653438,65.62943289925457,6.524582447279812,HIGH,43.04897660818713,0.9753179570429571,67.38318644844253,HIGH,0,0
587_470,RAINFALL_PLUS_100_PERCENT,100.0,30.883709036760855,24.359126589481043,6.524582447279812,MODERATE,43.04897660818713,0.2291925548925549,65.04909453342849,LOW,1,1
587_492,RAINFALL_PLUS_100_PERCENT,100.0,49.77656309123827,43.25198064395846,6.524582447279812,MODERATE,43.04897660818713,0.573838486322107,64.42237279194902,MODERATE,0,0
588_407,RAINFALL_PLUS_100_PERCENT,100.0,72.09463973883648,65.57005729155667,6.524582447279812,HIGH,43.04897660818713,0.9829015647866712,62.61844611242084,HIGH,0,0
589_492,RAINFALL_PLUS_100_PERCENT,100.0,72.8969567654783,66.37237431819848,6.524582447279812,HIGH,43.04897660818713,0.9844045565545566,69.814970906502,HIGH,0,0
589_493,RAINFALL_PLUS_100_PERCENT,100.0,72.02998137627095,65.50539892899114,6.524582447279812,HIGH,43.04897660818713,0.9751315476190477,66.24537192895845,HIGH,0,0
589_500,RAINFALL_PLUS_100_PERCENT,100.0,28.392734964885,21.868152517605182,6.524582447279819,MODERATE,43.04897660818713,0.20252674155909445,54.80555114807319,LOW,1,1
590_414,RAINFALL_PLUS_100_PERCENT,100.0,71.46491569094631,64.9403332436665,6.524582447279812,HIGH,43.04897660818713,0.9716615079365081,62.50323690110885,HIGH,0,0
590_952,RAINFALL_PLUS_100_PERCENT,100.0,15.750835783204353,9.226253335924538,6.5245824472798155,LOW,43.04897660818713,0.03100747544370861,22.72215569472895,LOW,0,0
590_1117,RAINFALL_PLUS_100_PERCENT,100.0,13.447516389024896,6.9229339417450815,6.524582447279815,LOW,43.04897660818713,0.003321798365122616,14.91608414615668,LOW,0,0
592_410,RAINFALL_PLUS_100_PERCENT,100.0,71.43717185085502,64.9125894035752,6.524582447279826,HIGH,43.04897660818713,0.9673425547996979,64.6012227254414,HIGH,0,0
592_748,RAINFALL_PLUS_100_PERCENT,100.0,17.599685120515616,11.075102673235799,6.524582447279817,LOW,43.04897660818713,0.03791186391032465,37.413235411202734,LOW,0,0
593_445,RAINFALL_PLUS_100_PERCENT,100.0,69.99222188381876,63.467639436538946,6.524582447279812,HIGH,43.04897660818713,0.9393874654600718,65.52702219187323,HIGH,0,0
593_593,RAINFALL_PLUS_100_PERCENT,100.0,71.98038155100967,65.45579910372986,6.524582447279812,HIGH,43.04897660818713,0.9732230492883883,66.79904775820827,HIGH,0,0
593_607,RAINFALL_PLUS_100_PERCENT,100.0,54.489505867170834,47.96492341989102,6.524582447279812,HIGH,43.04897660818713,0.6401917261337231,75.05751865488574,MODERATE,1,1
594_452,RAINFALL_PLUS_100_PERCENT,100.0,18.893568054355697,12.368985607075881,6.5245824472798155,LOW,43.04897660818713,0.04491316786518777,46.50134757442883,LOW,0,0
594_475,RAINFALL_PLUS_100_PERCENT,100.0,58.74211262032427,52.21753017304446,6.524582447279812,HIGH,43.04897660818713,0.7161852207967834,75.78716412173696,HIGH,0,0
594_1271,RAINFALL_PLUS_100_PERCENT,100.0,13.512103500568259,6.987521053288443,6.5245824472798155,LOW,43.04897660818713,2.1798365122615804e-05,17.376955261590297,LOW,0,0
595_402,RAINFALL_PLUS_100_PERCENT,100.0,72.52085426017655,65.99627181289674,6.524582447279812,HIGH,43.04897660818713,0.993071511028654,61.28712089273092,HIGH,0,0
595_406,RAINFALL_PLUS_100_PERCENT,100.0,71.76219654959147,65.23761410231165,6.524582447279812,HIGH,43.04897660818713,0.9789338821063641,61.476239694139544,HIGH,0,0
596_477,RAINFALL_PLUS_100_PERCENT,100.0,67.87492423702201,61.350341789742195,6.524582447279819,HIGH,43.04897660818713,0.8731157923775572,80.8034659192888,HIGH,0,0
596_480,RAINFALL_PLUS_100_PERCENT,100.0,61.43482932735591,54.910246880076095,6.524582447279812,HIGH,43.04897660818713,0.7504183600713019,83.88610459106819,HIGH,0,0
596_820,RAINFALL_PLUS_100_PERCENT,100.0,71.5803354412759,65.0557529939961,6.524582447279812,HIGH,43.04897660818713,0.9655960317460319,66.99344630916671,HIGH,0,0
597_398,RAINFALL_PLUS_100_PERCENT,100.0,71.2530112473302,64.7284288000504,6.524582447279812,HIGH,43.04897660818713,0.9771214569160994,57.381220526172584,HIGH,0,0
597_790,RAINFALL_PLUS_100_PERCENT,100.0,17.033748268275886,10.509165820996072,6.524582447279814,LOW,43.04897660818713,0.026345258278249007,38.11549998644706,LOW,0,0
597_841,RAINFALL_PLUS_100_PERCENT,100.0,20.931309655174083,14.406727207894267,6.5245824472798155,LOW,43.04897660818713,0.07560748959481844,49.996886631315824,LOW,0,0
598_397,RAINFALL_PLUS_100_PERCENT,100.0,70.50105115953338,63.97646871225355,6.524582447279826,HIGH,43.04897660818713,0.9623926784481911,57.96244780555367,HIGH,0,0
600_410,RAINFALL_PLUS_100_PERCENT,100.0,31.728631228351034,25.20404878107122,6.5245824472798155,MODERATE,43.04897660818713,0.2910662069585807,39.467807813016094,MODERATE,0,0
600_634,RAINFALL_PLUS_100_PERCENT,100.0,45.224265002898846,38.699682555619034,6.524582447279812,MODERATE,43.04897660818713,0.4843695108531317,68.10732841649114,MODERATE,0,0
601_1438,RAINFALL_PLUS_100_PERCENT,100.0,13.137105021205262,6.612522573925446,6.5245824472798155,LOW,43.04897660818713,6.220240552665621e-05,13.604748245738103,LOW,0,0
601_1652,RAINFALL_PLUS_100_PERCENT,100.0,15.490629948556608,8.966047501276794,6.524582447279814,LOW,43.04897660818713,0.0023201826292603045,35.89810839619807,LOW,0,0
603_1213,RAINFALL_PLUS_100_PERCENT,100.0,16.608851603546107,10.084269156266291,6.5245824472798155,LOW,43.04897660818713,0.023109821453145704,35.646023592956084,LOW,0,0
604_398,RAINFALL_PLUS_100_PERCENT,100.0,71.06553228159632,64.5409498343165,6.524582447279812,HIGH,43.04897660818713,0.9739877525252522,57.22996828379975,HIGH,0,0
604_436,RAINFALL_PLUS_100_PERCENT,100.0,63.670850287123365,57.14626783984355,6.524582447279812,HIGH,43.04897660818713,0.7909692640692646,83.94331698986326,HIGH,0,0
604_485,RAINFALL_PLUS_100_PERCENT,100.0,66.41421283266651,59.88963038538669,6.524582447279819,HIGH,43.04897660818713,0.8334987649605301,87.98571695509858,HIGH,0,0
604_932,RAINFALL_PLUS_100_PERCENT,100.0,14.22168086140355,7.697098414123737,6.524582447279814,LOW,43.04897660818713,0.016118726627953172,15.61941832538642,LOW,0,0
607_142,RAINFALL_PLUS_100_PERCENT,100.0,42.45763675641378,35.933054309133965,6.524582447279812,MODERATE,43.04897660818713,0.4598745658596721,53.91326569804325,MODERATE,0,0
607_576,RAINFALL_PLUS_100_PERCENT,100.0,69.87012812031027,63.34554567303045,6.524582447279819,HIGH,43.04897660818713,0.9470204127710459,60.10796353575264,HIGH,0,0
608_488,RAINFALL_PLUS_100_PERCENT,100.0,69.81205006457174,63.287467617291924,6.524582447279812,HIGH,43.04897660818713,0.9175057923775572,75.76022419478605,HIGH,0,0
609_405,RAINFALL_PLUS_100_PERCENT,100.0,71.96644486784572,65.44186242056591,6.524582447279812,HIGH,43.04897660818713,0.9804147922998986,62.70422227023822,HIGH,0,0
609_488,RAINFALL_PLUS_100_PERCENT,100.0,73.16343622713303,66.63885377985322,6.524582447279812,HIGH,43.04897660818713,0.979965854558878,74.92105162067267,HIGH,0,0
610_488,RAINFALL_PLUS_100_PERCENT,100.0,71.13529932173209,64.61071687445228,6.524582447279812,HIGH,43.04897660818713,0.9474640688445921,72.5156647095204,HIGH,0,0
610_595,RAINFALL_PLUS_100_PERCENT,100.0,48.27330966477895,41.74872721749914,6.524582447279812,MODERATE,43.04897660818713,0.5664906870906873,53.43112810463669,MODERATE,0,0
610_1049,RAINFALL_PLUS_100_PERCENT,100.0,14.007665785817,7.483083338537186,6.524582447279814,LOW,43.04897660818713,0.005429890273214525,19.35812756462717,LOW,0,0
611_429,RAINFALL_PLUS_100_PERCENT,100.0,65.42184687047495,58.897264423195125,6.524582447279826,HIGH,43.04897660818713,0.8274508658008661,81.38840187099817,HIGH,0,0
611_489,RAINFALL_PLUS_100_PERCENT,100.0,72.10935986900644,65.58477742172661,6.524582447279826,HIGH,43.04897660818713,0.9684450212255448,70.71674637273986,HIGH,0,0
611_737,RAINFALL_PLUS_100_PERCENT,100.0,20.342652349240378,13.818069901960563,6.5245824472798155,LOW,43.04897660818713,0.05904232035520981,53.22115665376352,LOW,0,0
612_489,RAINFALL_PLUS_100_PERCENT,100.0,72.91728958859784,66.39270714131803,6.524582447279812,HIGH,43.04897660818713,0.9792467395967395,72.85509846449692,HIGH,0,0
613_406,RAINFALL_PLUS_100_PERCENT,100.0,71.91744847238132,65.39286602510151,6.524582447279812,HIGH,43.04897660818713,0.977824480313035,63.638929908369214,HIGH,0,0
613_427,RAINFALL_PLUS_100_PERCENT,100.0,70.1740513217872,63.64946887450739,6.524582447279812,HIGH,43.04897660818713,0.913651319073084,81.50019708440101,HIGH,0,0
613_715,RAINFALL_PLUS_100_PERCENT,100.0,72.80154320784155,66.27696076056172,6.524582447279826,HIGH,43.04897660818713,0.9763453823953824,73.29338111768023,HIGH,0,0
614_407,RAINFALL_PLUS_100_PERCENT,100.0,69.82541600364678,63.30083355636695,6.524582447279826,HIGH,43.04897660818713,0.9405693187052457,63.20894410530771,HIGH,0,0
614_699,RAINFALL_PLUS_100_PERCENT,100.0,71.05721569776122,64.53263325048141,6.524582447279812,HIGH,43.04897660818713,0.9651080601108989,62.03063327334291,HIGH,0,0
614_707,RAINFALL_PLUS_100_PERCENT,100.0,72.20480473928028,65.68022229200047,6.524582447279812,HIGH,43.04897660818713,0.9765585858585858,67.20873452730585,HIGH,0,0
614_713,RAINFALL_PLUS_100_PERCENT,100.0,71.16425625379836,64.63967380651854,6.524582447279812,HIGH,43.04897660818713,0.9521776146464018,70.21278383918772,HIGH,0,0
614_1649,RAINFALL_PLUS_100_PERCENT,100.0,21.42530449463127,14.900722047351454,6.5245824472798155,LOW,43.04897660818713,0.07944528828659266,52.82604574541189,LOW,0,0
615_710,RAINFALL_PLUS_100_PERCENT,100.0,70.61397712682594,64.08939467954613,6.524582447279812,HIGH,43.04897660818713,0.9477360028860032,67.15287903768285,HIGH,0,0
616_401,RAINFALL_PLUS_100_PERCENT,100.0,72.08693248021385,65.56235003293403,6.524582447279812,HIGH,43.04897660818713,0.9806580670652099,63.77529727299823,HIGH,0,0
616_402,RAINFALL_PLUS_100_PERCENT,100.0,72.04403601225974,65.51945356497993,6.524582447279812,HIGH,43.04897660818713,0.9807750223321654,63.28200719663162,HIGH,0,0
616_405,RAINFALL_PLUS_100_PERCENT,100.0,70.59415232678577,64.06956987950596,6.524582447279812,HIGH,43.04897660818713,0.9503166441517508,65.53527834111996,HIGH,0,0
616_406,RAINFALL_PLUS_100_PERCENT,100.0,72.6823592428945,66.15777679561468,6.524582447279826,HIGH,43.04897660818713,0.9912455209961542,63.90646523778531,HIGH,0,0
616_490,RAINFALL_PLUS_100_PERCENT,100.0,72.80117746489564,66.27659501761583,6.524582447279812,HIGH,43.04897660818713,0.9860894524394526,67.93048516398275,HIGH,0,0
616_683,RAINFALL_PLUS_100_PERCENT,100.0,68.49821518081627,61.97363273353646,6.524582447279812,HIGH,43.04897660818713,0.9033517316017319,70.40660878393534,HIGH,0,0
616_692,RAINFALL_PLUS_100_PERCENT,100.0,72.29285404815391,65.7682716008741,6.524582447279812,HIGH,43.04897660818713,0.9850037254412255,63.44440084559029,HIGH,0,0
617_665,RAINFALL_PLUS_100_PERCENT,100.0,70.29214399601251,63.76756154873269,6.524582447279826,HIGH,43.04897660818713,0.9384502801120449,69.04169525522549,HIGH,0,0
617_1559,RAINFALL_PLUS_100_PERCENT,100.0,16.148592482393717,9.624010035113905,6.524582447279812,LOW,43.04897660818713,0.010013039772117446,38.246662305997745,LOW,0,0
618_403,RAINFALL_PLUS_100_PERCENT,100.0,72.25543854394601,65.7308560966662,6.524582447279812,HIGH,43.04897660818713,0.9815068405139832,64.99353251349454,HIGH,0,0
619_667,RAINFALL_PLUS_100_PERCENT,100.0,70.98797895227057,64.46339650499075,6.524582447279812,HIGH,43.04897660818713,0.9463145047762697,71.67472125248258,HIGH,0,0
619_724,RAINFALL_PLUS_100_PERCENT,100.0,72.21440956718577,65.68982711990596,6.524582447279812,HIGH,43.04897660818713,0.9710644634298023,70.3265501421916,HIGH,0,0
620_413,RAINFALL_PLUS_100_PERCENT,100.0,58.30802966671,51.78344721943018,6.524582447279819,HIGH,43.04897660818713,0.7214203740703745,68.56700028511918,HIGH,0,0
621_427,RAINFALL_PLUS_100_PERCENT,100.0,71.5168787475792,64.99229630029939,6.524582447279812,HIGH,43.04897660818713,0.9557007751937984,71.8012704759281,HIGH,0,0
622_738,RAINFALL_PLUS_100_PERCENT,100.0,70.48919016584745,63.96460771856764,6.524582447279805,HIGH,43.04897660818713,0.9378175320480552,71.36016838876932,HIGH,0,0
623_426,RAINFALL_PLUS_100_PERCENT,100.0,72.78043181507465,66.25584936779482,6.524582447279826,HIGH,43.04897660818713,0.9747418466223701,73.96421186516798,HIGH,0,0
623_1379,RAINFALL_PLUS_100_PERCENT,100.0,13.079276938116024,6.554694490836208,6.524582447279816,LOW,43.04897660818713,6.220240552665621e-05,13.026467414845719,LOW,0,0
624_377,RAINFALL_PLUS_100_PERCENT,100.0,18.468889889130725,11.944307441850908,6.524582447279817,LOW,43.04897660818713,0.05866361762003647,34.691818557012326,LOW,0,0
625_402,RAINFALL_PLUS_100_PERCENT,100.0,73.09917243860605,66.57458999132623,6.524582447279812,HIGH,43.04897660818713,0.9937089743589745,66.7196978453496,HIGH,0,0
626_401,RAINFALL_PLUS_100_PERCENT,100.0,72.51211681111627,65.98753436383645,6.524582447279826,HIGH,43.04897660818713,0.988340521978022,63.80179037997562,HIGH,0,0
626_498,RAINFALL_PLUS_100_PERCENT,100.0,72.95216149010292,66.42757904282308,6.52458244727984,HIGH,43.04897660818713,0.9894666666666665,67.58285759108766,HIGH,0,0
626_499,RAINFALL_PLUS_100_PERCENT,100.0,72.37372275706707,65.84914030978726,6.524582447279812,HIGH,43.04897660818713,0.9847445680474072,64.39562450132192,HIGH,0,0
626_533,RAINFALL_PLUS_100_PERCENT,100.0,21.426591845729103,14.902009398449287,6.5245824472798155,LOW,43.04897660818713,0.07086819029301784,57.55632315285636,LOW,0,0
626_711,RAINFALL_PLUS_100_PERCENT,100.0,72.35768938917448,65.83310694189467,6.524582447279812,HIGH,43.04897660818713,0.9878729351988654,62.51468888909406,HIGH,0,0
626_712,RAINFALL_PLUS_100_PERCENT,100.0,72.65410457633985,66.12952212906,6.52458244727984,HIGH,43.04897660818713,0.9890547298200465,64.82885371909795,HIGH,0,0
627_713,RAINFALL_PLUS_100_PERCENT,100.0,56.462309536533965,49.93772708925415,6.524582447279812,HIGH,43.04897660818713,0.7078641462866284,57.565724264419224,MODERATE,1,1
627_758,RAINFALL_PLUS_100_PERCENT,100.0,67.68043250506516,61.15585005778534,6.524582447279819,HIGH,43.04897660818713,0.8794931168885624,75.35102011866735,HIGH,0,0
627_762,RAINFALL_PLUS_100_PERCENT,100.0,69.56487222571393,63.040289778434115,6.524582447279812,HIGH,43.04897660818713,0.9181663173315304,72.92515708152278,HIGH,0,0
627_1306,RAINFALL_PLUS_100_PERCENT,100.0,12.776922078309141,6.252339631029327,6.524582447279815,LOW,43.04897660818713,0.0006884650317892824,9.658474372332462,LOW,0,0
628_762,RAINFALL_PLUS_100_PERCENT,100.0,68.60355581790938,62.078973370629555,6.524582447279826,HIGH,43.04897660818713,0.8986259599764671,74.059189548762,HIGH,0,0
628_1374,RAINFALL_PLUS_100_PERCENT,100.0,13.021612627912909,6.497030180633093,6.5245824472798155,LOW,43.04897660818713,0.0004622024055266562,12.229824312814575,LOW,0,0
629_760,RAINFALL_PLUS_100_PERCENT,100.0,72.91793942253943,66.39335697525962,6.524582447279812,HIGH,43.04897660818713,0.978960554282319,73.018998726844,HIGH,0,0
629_1017,RAINFALL_PLUS_100_PERCENT,100.0,14.695585752559245,8.171003305279429,6.5245824472798155,LOW,43.04897660818713,0.007060842654166905,25.3403034225258,LOW,0,0
630_759,RAINFALL_PLUS_100_PERCENT,100.0,70.94076669505672,64.41618424777691,6.524582447279812,HIGH,43.04897660818713,0.9441003038103041,72.42040921162508,HIGH,0,0
631_766,RAINFALL_PLUS_100_PERCENT,100.0,64.8064879640807,58.28190551680089,6.524582447279812,HIGH,43.04897660818713,0.8311498556998559,73.20036836261153,HIGH,0,0
633_506,RAINFALL_PLUS_100_PERCENT,100.0,68.05573991592902,61.53115746864921,6.524582447279812,HIGH,43.04897660818713,0.9025320859258129,66.4326612568183,HIGH,0,0
634_1356,RAINFALL_PLUS_100_PERCENT,100.0,12.973974478862432,6.449392031582616,6.524582447279816,LOW,43.04897660818713,0.0010467983651226158,11.431915044532028,LOW,0,0
635_505,RAINFALL_PLUS_100_PERCENT,100.0,72.15952910359334,65.63494665631353,6.524582447279812,HIGH,43.04897660818713,0.9807557823129253,64.44752012054964,HIGH,0,0
636_425,RAINFALL_PLUS_100_PERCENT,100.0,72.31227711692355,65.78769466964373,6.524582447279826,HIGH,43.04897660818713,0.9562709150326801,79.44167725798647,HIGH,0,0
636_522,RAINFALL_PLUS_100_PERCENT,100.0,71.49173935433751,64.96715690705769,6.524582447279826,HIGH,43.04897660818713,0.9696307029478457,63.88841627878502,HIGH,0,0
636_783,RAINFALL_PLUS_100_PERCENT,100.0,63.87411149818913,57.34952905090932,6.524582447279812,HIGH,43.04897660818713,0.7971090269207917,82.599059532181,HIGH,0,0
637_791,RAINFALL_PLUS_100_PERCENT,100.0,67.30287591702292,60.778293469743105,6.524582447279812,HIGH,43.04897660818713,0.8846607655733473,68.73324746161333,HIGH,0,0
638_800,RAINFALL_PLUS_100_PERCENT,100.0,71.24445611091241,64.71987366363258,6.524582447279826,HIGH,43.04897660818713,0.9580521598112931,67.7837825696379,HIGH,0,0
638_1057,RAINFALL_PLUS_100_PERCENT,100.0,66.89414699965293,60.36956455237312,6.524582447279812,HIGH,43.04897660818713,0.8778471861471858,68.39342697230224,HIGH,0,0
638_1523,RAINFALL_PLUS_100_PERCENT,100.0,13.281102027827531,6.756519580547715,6.524582447279816,LOW,43.04897660818713,0.0004622024055266562,14.82471831196079,LOW,0,0
639_392,RAINFALL_PLUS_100_PERCENT,100.0,30.685223929548663,24.160641482268844,6.524582447279819,MODERATE,43.04897660818713,0.23609486036838992,59.2679754495973,LOW,1,1
639_1053,RAINFALL_PLUS_100_PERCENT,100.0,65.9843137376897,59.45973129040989,6.524582447279812,HIGH,43.04897660818713,0.8579909128882806,70.2160446450679,HIGH,0,0
639_1151,RAINFALL_PLUS_100_PERCENT,100.0,21.97856843982598,15.453985992546166,6.5245824472798155,LOW,43.04897660818713,0.10022119016249449,46.93193916561299,LOW,0,0
640_1048,RAINFALL_PLUS_100_PERCENT,100.0,65.65775843157499,59.13317598429517,6.524582447279819,HIGH,43.04897660818713,0.8392068336021273,77.28173519130499,HIGH,0,0
641_800,RAINFALL_PLUS_100_PERCENT,100.0,71.95555042152068,65.43096797424086,6.524582447279826,HIGH,43.04897660818713,0.965615651874785,70.73480504080015,HIGH,0,0
641_823,RAINFALL_PLUS_100_PERCENT,100.0,56.95626845652923,50.43168600924941,6.524582447279819,HIGH,43.04897660818713,0.7146956537941016,58.74798433526161,HIGH,0,0
642_642,RAINFALL_PLUS_100_PERCENT,100.0,72.73607949922527,66.21149705194544,6.524582447279826,HIGH,43.04897660818713,0.9913317460317461,64.39624403151734,HIGH,0,0
642_646,RAINFALL_PLUS_100_PERCENT,100.0,69.90928739182773,63.384704944547906,6.524582447279826,HIGH,43.04897660818713,0.9527779158826651,57.332929539536515,HIGH,0,0
643_643,RAINFALL_PLUS_100_PERCENT,100.0,71.89218430286907,65.36760185558926,6.524582447279812,HIGH,43.04897660818713,0.9817180555555558,61.24482182986014,HIGH,0,0
643_681,RAINFALL_PLUS_100_PERCENT,100.0,72.68531493623739,66.16073248895756,6.524582447279826,HIGH,43.04897660818713,0.995712925170068,61.47894987556162,HIGH,0,0
644_509,RAINFALL_PLUS_100_PERCENT,100.0,71.92960321021759,65.40502076293778,6.524582447279812,HIGH,43.04897660818713,0.9817396825396826,61.607116062075676,HIGH,0,0
644_1042,RAINFALL_PLUS_100_PERCENT,100.0,65.6116072756817,59.08702482840188,6.524582447279826,HIGH,43.04897660818713,0.8276129870129866,83.19683925639953,HIGH,0,0
645_138,RAINFALL_PLUS_100_PERCENT,100.0,15.024742624082247,8.50016017680243,6.524582447279817,LOW,43.04897660818713,0.006129485237637075,29.14411871684721,LOW,0,0
645_173,RAINFALL_PLUS_100_PERCENT,100.0,20.08392453553244,13.559342088252624,6.5245824472798155,LOW,43.04897660818713,0.07176328502415458,43.63734794876452,LOW,0,0
645_510,RAINFALL_PLUS_100_PERCENT,100.0,72.11963647774826,65.59505403046843,6.524582447279826,HIGH,43.04897660818713,0.9816955555555555,63.53171857865212,HIGH,0,0
645_637,RAINFALL_PLUS_100_PERCENT,100.0,49.23964898264274,42.71506653536293,6.524582447279812,MODERATE,43.04897660818713,0.5876225971654764,51.47197074214057,MODERATE,0,0
645_642,RAINFALL_PLUS_100_PERCENT,100.0,50.49112168015894,43.96653923287913,6.524582447279812,HIGH,43.04897660818713,0.6106157459086252,51.3404659085707,MODERATE,1,1
645_1029,RAINFALL_PLUS_100_PERCENT,100.0,66.9706945767887,60.44611212950889,6.524582447279812,HIGH,43.04897660818713,0.8623609328579911,77.67634205271708,HIGH,0,0
645_1032,RAINFALL_PLUS_100_PERCENT,100.0,68.00654303394012,61.48196058666031,6.524582447279812,HIGH,43.04897660818713,0.8685547534165182,84.62822531704133,HIGH,0,0
647_542,RAINFALL_PLUS_100_PERCENT,100.0,72.61075590138257,66.08617345410276,6.524582447279812,HIGH,43.04897660818713,0.9833016688170079,67.55955052119657,HIGH,0,0
647_1034,RAINFALL_PLUS_100_PERCENT,100.0,61.35216367151454,54.82758122423472,6.524582447279819,HIGH,43.04897660818713,0.7497029663147308,83.45291459876863,HIGH,0,0
648_1030,RAINFALL_PLUS_100_PERCENT,100.0,67.47079642648993,60.946213979210114,6.524582447279812,HIGH,43.04897660818713,0.8705778881249464,78.15803515290398,HIGH,0,0
649_1368,RAINFALL_PLUS_100_PERCENT,100.0,13.47246529802105,6.947882850741234,6.5245824472798155,LOW,43.04897660818713,0.0004217983651226158,16.760573236118198,LOW,0,0
650_513,RAINFALL_PLUS_100_PERCENT,100.0,72.66761793773183,66.14303549045202,6.524582447279812,HIGH,43.04897660818713,0.99425,62.1065887340436,HIGH,0,0
650_1051,RAINFALL_PLUS_100_PERCENT,100.0,18.750621796908955,12.22603934962914,6.5245824472798155,LOW,43.04897660818713,0.05504287975026943,39.50054346316652,LOW,0,0
651_1624,RAINFALL_PLUS_100_PERCENT,100.0,13.461415517050604,6.936833069770787,6.524582447279816,LOW,43.04897660818713,2.1798365122615804e-05,16.870075426413738,LOW,0,0
652_418,RAINFALL_PLUS_100_PERCENT,100.0,32.471545253899976,25.94696280662016,6.5245824472798155,MODERATE,43.04897660818713,0.28223502362790287,51.75409890037833,MODERATE,0,0
652_515,RAINFALL_PLUS_100_PERCENT,100.0,72.69403611784101,66.16945367056118,6.524582447279826,HIGH,43.04897660818713,0.9935583333333333,62.75118720180192,HIGH,0,0
652_1018,RAINFALL_PLUS_100_PERCENT,100.0,66.65720384060432,60.13262139332452,6.524582447279805,HIGH,43.04897660818713,0.8569548422166069,77.51478454363469,HIGH,0,0
654_952,RAINFALL_PLUS_100_PERCENT,100.0,13.02228830501872,6.497705857738903,6.524582447279816,LOW,43.04897660818713,0.0006884650317892824,12.112136639428222,LOW,0,0
655_512,RAINFALL_PLUS_100_PERCENT,100.0,71.83106527676425,65.30648282948444,6.524582447279812,HIGH,43.04897660818713,0.9824889019710447,60.20966604029317,HIGH,0,0
655_1178,RAINFALL_PLUS_100_PERCENT,100.0,14.903765920837365,8.37918347355755,6.5245824472798155,LOW,43.04897660818713,0.006170283213607464,27.9119127976147,LOW,0,0
656_324,RAINFALL_PLUS_100_PERCENT,100.0,40.35673884716877,33.83215639988896,6.524582447279812,MODERATE,43.04897660818713,0.41128907357417954,59.62630736261417,MODERATE,0,0
656_1008,RAINFALL_PLUS_100_PERCENT,100.0,68.92456836192811,62.3999859146483,6.524582447279812,HIGH,43.04897660818713,0.916316883116883,67.53930726172061,HIGH,0,0
657_85,RAINFALL_PLUS_100_PERCENT,100.0,21.621428554983243,15.096846107703428,6.5245824472798155,LOW,43.04897660818713,0.04537171717171717,73.52775046211312,LOW,0,0
657_1007,RAINFALL_PLUS_100_PERCENT,100.0,67.19085098001904,60.666268532739224,6.524582447279812,HIGH,43.04897660818713,0.8912031926406927,64.01466320453447,HIGH,0,0
658_575,RAINFALL_PLUS_100_PERCENT,100.0,70.06882734076218,63.54424489348236,6.524582447279826,HIGH,43.04897660818713,0.9418474488632663,64.94008588955043,HIGH,0,0
659_576,RAINFALL_PLUS_100_PERCENT,100.0,61.38067725441949,54.85609480713968,6.524582447279812,HIGH,43.04897660818713,0.7803795952132161,66.86590453365119,HIGH,0,0
659_1047,RAINFALL_PLUS_100_PERCENT,100.0,16.0031169653582,9.478534518078384,6.5245824472798155,LOW,43.04897660818713,0.02169002389910157,30.369565865801274,LOW,0,0
660_520,RAINFALL_PLUS_100_PERCENT,100.0,49.758967086562244,43.234384639282425,6.524582447279819,MODERATE,43.04897660818713,0.5832368934705146,59.077288813564635,MODERATE,0,0
660_577,RAINFALL_PLUS_100_PERCENT,100.0,72.24065752836543,65.7160750810856,6.524582447279826,HIGH,43.04897660818713,0.9700613756613756,71.1407280266228,HIGH,0,0
660_681,RAINFALL_PLUS_100_PERCENT,100.0,20.45665392443481,13.932071477154995,6.5245824472798155,LOW,43.04897660818713,0.06273123313325303,52.332270377784084,LOW,0,0
660_1004,RAINFALL_PLUS_100_PERCENT,100.0,67.00317838102062,60.47859593374079,6.524582447279826,HIGH,43.04897660818713,0.8916674783549784,61.88258007169311,HIGH,0,0
661_579,RAINFALL_PLUS_100_PERCENT,100.0,68.56856578367211,62.043983336392294,6.524582447279819,HIGH,43.04897660818713,0.9070363271418505,69.0835872654285,HIGH,0,0
661_798,RAINFALL_PLUS_100_PERCENT,100.0,69.75885721204054,63.23427476476072,6.524582447279819,HIGH,43.04897660818713,0.9432456991115593,61.07134696577285,HIGH,0,0
661_1004,RAINFALL_PLUS_100_PERCENT,100.0,69.35736178127172,62.8327793339919,6.524582447279819,HIGH,43.04897660818713,0.9296314589665655,64.54422473783134,HIGH,0,0
661_1267,RAINFALL_PLUS_100_PERCENT,100.0,15.108858388425247,8.584275941145433,6.524582447279814,LOW,43.04897660818713,0.004300236593560844,30.991363114519167,LOW,0,0
662_496,RAINFALL_PLUS_100_PERCENT,100.0,16.258271827216163,9.733689379936346,6.524582447279817,LOW,43.04897660818713,0.01870945082199704,34.56042967678838,LOW,0,0
662_798,RAINFALL_PLUS_100_PERCENT,100.0,70.71609487470515,64.19151242742532,6.524582447279826,HIGH,43.04897660818713,0.9580248193960367,62.51520743595632,HIGH,0,0
663_192,RAINFALL_PLUS_100_PERCENT,100.0,27.366924451316986,20.84234200403717,6.5245824472798155,MODERATE,43.04897660818713,0.19828924963924965,46.87806656830769,LOW,1,1
663_798,RAINFALL_PLUS_100_PERCENT,100.0,67.86779129755236,61.343208850272546,6.524582447279812,HIGH,43.04897660818713,0.9033411912747451,64.108167131139,HIGH,0,0
664_436,RAINFALL_PLUS_100_PERCENT,100.0,70.3214809215059,63.79689847422607,6.524582447279826,HIGH,43.04897660818713,0.9533429756751186,61.144081950468774,HIGH,0,0
664_518,RAINFALL_PLUS_100_PERCENT,100.0,66.46603113563239,59.94144868835258,6.524582447279812,HIGH,43.04897660818713,0.8896079716038232,57.64383633094635,HIGH,0,0
664_552,RAINFALL_PLUS_100_PERCENT,100.0,49.54670008034681,43.02211763306699,6.524582447279819,MODERATE,43.04897660818713,0.5265509768009767,88.13187291965603,MODERATE,0,0
665_191,RAINFALL_PLUS_100_PERCENT,100.0,47.48933112226541,40.9647486749856,6.524582447279812,MODERATE,43.04897660818713,0.5461340191599952,56.787510041381914,MODERATE,0,0
665_436,RAINFALL_PLUS_100_PERCENT,100.0,67.2298751201271,60.705292672847285,6.524582447279819,HIGH,43.04897660818713,0.8988075971934664,60.22248210158969,HIGH,0,0
665_797,RAINFALL_PLUS_100_PERCENT,100.0,43.48089457239766,36.956312125117854,6.524582447279805,MODERATE,43.04897660818713,0.48085683458343265,52.60559605981386,MODERATE,0,0
665_1000,RAINFALL_PLUS_100_PERCENT,100.0,70.42184762633516,63.897265179055346,6.524582447279819,HIGH,43.04897660818713,0.9571714339039088,60.042096972926885,HIGH,0,0
666_786,RAINFALL_PLUS_100_PERCENT,100.0,16.498018400671846,9.973435953392029,6.524582447279817,LOW,43.04897660818713,0.03519807303729341,27.889153192932213,LOW,0,0
666_1210,RAINFALL_PLUS_100_PERCENT,100.0,15.03599206694595,8.511409619666132,6.524582447279817,LOW,43.04897660818713,0.003320182629260304,30.801729580091468,LOW,0,0
667_826,RAINFALL_PLUS_100_PERCENT,100.0,71.90842124674747,65.38383879946765,6.524582447279812,HIGH,43.04897660818713,0.9873365828650301,58.317001248433165,HIGH,0,0
668_1439,RAINFALL_PLUS_100_PERCENT,100.0,15.216063105200888,8.691480657921074,6.524582447279814,LOW,43.04897660818713,0.006757988841313093,30.71164654601184,LOW,0,0
670_680,RAINFALL_PLUS_100_PERCENT,100.0,66.07897964982482,59.55439720254499,6.524582447279826,HIGH,43.04897660818713,0.841540278114938,80.21055289175736,HIGH,0,0
670_1073,RAINFALL_PLUS_100_PERCENT,100.0,13.415630261895021,6.891047814615206,6.5245824472798155,LOW,43.04897660818713,8.959497529210732e-05,16.374934739264706,LOW,0,0
674_841,RAINFALL_PLUS_100_PERCENT,100.0,65.3102111477521,58.78562870047229,6.524582447279812,HIGH,43.04897660818713,0.8723540964590963,55.575267781743186,HIGH,0,0
675_428,RAINFALL_PLUS_100_PERCENT,100.0,15.186441337394356,8.66185889011454,6.5245824472798155,LOW,43.04897660818713,0.0127558660172603,27.116596421175554,LOW,0,0
675_1528,RAINFALL_PLUS_100_PERCENT,100.0,16.277908352035297,9.75332590475548,6.524582447279817,LOW,43.04897660818713,0.013504915248239501,37.61928949054638,LOW,0,0
676_677,RAINFALL_PLUS_100_PERCENT,100.0,27.087936607671033,20.563354160391217,6.5245824472798155,MODERATE,43.04897660818713,0.1679576882182146,60.770546913417434,LOW,1,1
677_766,RAINFALL_PLUS_100_PERCENT,100.0,14.112229726781324,7.587647279501509,6.5245824472798155,LOW,43.04897660818713,0.008594356880054013,18.66331034050868,LOW,0,0
677_822,RAINFALL_PLUS_100_PERCENT,100.0,16.680251105050406,10.15566865777059,6.5245824472798155,LOW,43.04897660818713,0.03794261031651557,28.20198473314563,LOW,0,0
678_841,RAINFALL_PLUS_100_PERCENT,100.0,67.97032848895617,61.44574604167636,6.524582447279812,HIGH,43.04897660818713,0.9203550112114218,55.77593808000483,HIGH,0,0
678_1443,RAINFALL_PLUS_100_PERCENT,100.0,14.867286671230154,8.342704223950339,6.5245824472798155,LOW,43.04897660818713,0.002624107167431418,29.497517126939403,LOW,0,0
679_840,RAINFALL_PLUS_100_PERCENT,100.0,70.38908402802609,63.86450158074626,6.524582447279833,HIGH,43.04897660818713,0.9618002866215909,57.16859199511085,HIGH,0,0
679_1526,RAINFALL_PLUS_100_PERCENT,100.0,15.55094065264786,9.026358205368044,6.5245824472798155,LOW,43.04897660818713,0.007255792149116399,33.78663020118973,LOW,0,0
681_836,RAINFALL_PLUS_100_PERCENT,100.0,68.6805144156547,62.15593196837489,6.524582447279812,HIGH,43.04897660818713,0.9280963849676893,58.62004178104312,HIGH,0,0
681_945,RAINFALL_PLUS_100_PERCENT,100.0,13.492309188390603,6.967726741110788,6.5245824472798155,LOW,43.04897660818713,0.0019733135166377673,16.105678806480416,LOW,0,0
681_1322,RAINFALL_PLUS_100_PERCENT,100.0,25.170138423008627,18.64555597572881,6.5245824472798155,MODERATE,43.04897660818713,0.14916190476190483,51.930245967763746,LOW,1,1
682_700,RAINFALL_PLUS_100_PERCENT,100.0,60.09612711049269,53.571544663212876,6.524582447279812,HIGH,43.04897660818713,0.7372021922521924,77.76797472294619,HIGH,0,0
682_830,RAINFALL_PLUS_100_PERCENT,100.0,61.755742795680824,55.231160348401005,6.524582447279819,HIGH,43.04897660818713,0.8071810288445828,55.87577144901286,HIGH,0,0
682_832,RAINFALL_PLUS_100_PERCENT,100.0,66.05015251680314,59.52557006952331,6.524582447279826,HIGH,43.04897660818713,0.8878673183883723,54.442409411151694,HIGH,0,0
682_889,RAINFALL_PLUS_100_PERCENT,100.0,13.164582839865183,6.6400003925853675,6.5245824472798155,LOW,43.04897660818713,0.0024801316984559493,12.5496653212262,LOW,0,0
683_833,RAINFALL_PLUS_100_PERCENT,100.0,71.22865290848392,64.70407046120411,6.524582447279812,HIGH,43.04897660818713,0.9746826146110619,58.47900040548044,HIGH,0,0
683_1168,RAINFALL_PLUS_100_PERCENT,100.0,13.392835419304124,6.868252972024307,6.524582447279816,LOW,43.04897660818713,0.0015432595523372278,15.3474707959809,LOW,0,0
684_539,RAINFALL_PLUS_100_PERCENT,100.0,24.992505111288285,18.46792266400847,6.5245824472798155,LOW,43.04897660818713,0.13767988286223581,56.469024895378304,LOW,0,0
685_800,RAINFALL_PLUS_100_PERCENT,100.0,62.884730900803255,56.360148453523436,6.524582447279819,HIGH,43.04897660818713,0.8234409794782599,58.222679651714756,HIGH,0,0
685_1307,RAINFALL_PLUS_100_PERCENT,100.0,14.118827838828164,7.594245391548348,6.5245824472798155,LOW,43.04897660818713,2.1798365122615804e-05,23.444198644189353,LOW,0,0
686_1225,RAINFALL_PLUS_100_PERCENT,100.0,13.603278258784647,7.078695811504833,6.524582447279814,LOW,43.04897660818713,0.004537202405526656,15.805230621531962,LOW,0,0
688_812,RAINFALL_PLUS_100_PERCENT,100.0,67.18855129319046,60.663968845910645,6.524582447279812,HIGH,43.04897660818713,0.9013692080176553,58.400357878919316,HIGH,0,0
688_1274,RAINFALL_PLUS_100_PERCENT,100.0,14.968452340553494,8.443869893273678,6.5245824472798155,LOW,43.04897660818713,0.007162307171384848,28.013163817998414,LOW,0,0
688_1556,RAINFALL_PLUS_100_PERCENT,100.0,15.532870479627684,9.008288032347869,6.5245824472798155,LOW,43.04897660818713,0.02060015334347759,26.266529814089314,LOW,0,0
688_1616,RAINFALL_PLUS_100_PERCENT,100.0,13.04172665728811,6.517144210008295,6.5245824472798155,LOW,43.04897660818713,0.0002717983651226158,12.535686828788819,LOW,0,0
689_462,RAINFALL_PLUS_100_PERCENT,100.0,71.19708251341845,64.67250006613864,6.524582447279812,HIGH,43.04897660818713,0.9713334569362958,60.005333175947015,HIGH,0,0
690_463,RAINFALL_PLUS_100_PERCENT,100.0,72.677072463826,66.15249001654618,6.524582447279812,HIGH,43.04897660818713,0.9937587301587303,62.471332407683455,HIGH,0,0
690_466,RAINFALL_PLUS_100_PERCENT,100.0,69.18605547009624,62.66147302281642,6.524582447279812,HIGH,43.04897660818713,0.9297209569362956,62.78193774272493,HIGH,0,0
690_552,RAINFALL_PLUS_100_PERCENT,100.0,65.6412049120103,59.11662246473048,6.524582447279812,HIGH,43.04897660818713,0.8112878869496519,92.47162065451958,HIGH,0,0
690_1038,RAINFALL_PLUS_100_PERCENT,100.0,13.71699855194351,7.192416104663695,6.524582447279815,LOW,43.04897660818713,0.007045150530847664,15.563062084194037,LOW,0,0
691_75,RAINFALL_PLUS_100_PERCENT,100.0,22.184779217351906,15.660196770072089,6.524582447279817,LOW,43.04897660818713,0.0650570818070818,68.3343065363492,LOW,0,0
691_421,RAINFALL_PLUS_100_PERCENT,100.0,15.079721498937863,8.555139051658045,6.524582447279817,LOW,43.04897660818713,0.016843935521652576,23.800959809194847,LOW,0,0
691_453,RAINFALL_PLUS_100_PERCENT,100.0,72.37264048688448,65.84805803960467,6.524582447279812,HIGH,43.04897660818713,0.9850132049983114,64.23705147649873,HIGH,0,0
692_978,RAINFALL_PLUS_100_PERCENT,100.0,60.442094103504566,53.917511656224754,6.524582447279812,HIGH,43.04897660818713,0.7835802856953923,55.719693259305046,HIGH,0,0
693_857,RAINFALL_PLUS_100_PERCENT,100.0,13.881644757988072,7.357062310708256,6.524582447279816,LOW,43.04897660818713,0.004303616546940797,18.717367835788423,LOW,0,0
694_455,RAINFALL_PLUS_100_PERCENT,100.0,72.67241167713556,66.14782922985574,6.524582447279812,HIGH,43.04897660818713,0.9947166666666668,61.89785946141395,HIGH,0,0
694_1647,RAINFALL_PLUS_100_PERCENT,100.0,12.700557508302204,6.175975061022388,6.5245824472798155,LOW,43.04897660818713,6.220240552665621e-05,9.239273116707517,LOW,0,0
695_815,RAINFALL_PLUS_100_PERCENT,100.0,69.95828497193972,63.4337025246599,6.524582447279819,HIGH,43.04897660818713,0.9507397628006848,58.94388953574568,HIGH,0,0
697_813,RAINFALL_PLUS_100_PERCENT,100.0,68.98764738979801,62.4630649425182,6.524582447279812,HIGH,43.04897660818713,0.9397469705329177,55.28354946160062,HIGH,0,0
698_299,RAINFALL_PLUS_100_PERCENT,100.0,41.40615588040292,34.88157343312311,6.524582447279812,MODERATE,43.04897660818713,0.44030088612037654,54.16398079454724,MODERATE,0,0
698_438,RAINFALL_PLUS_100_PERCENT,100.0,72.5590699193668,66.03448747208698,6.524582447279826,HIGH,43.04897660818713,0.9900904761904762,63.30884664563127,HIGH,0,0
698_814,RAINFALL_PLUS_100_PERCENT,100.0,70.14442409925593,63.6198416519761,6.524582447279826,HIGH,43.04897660818713,0.9548657211870254,58.536003696420394,HIGH,0,0
698_962,RAINFALL_PLUS_100_PERCENT,100.0,57.966462422393846,51.441879975114034,6.524582447279812,HIGH,43.04897660818713,0.740798393828394,54.49341697504695,HIGH,0,0
699_342,RAINFALL_PLUS_100_PERCENT,100.0,29.04276175485023,22.51817930757041,6.524582447279819,MODERATE,43.04897660818713,0.21365140415140405,55.18725462195518,LOW,1,1
699_439,RAINFALL_PLUS_100_PERCENT,100.0,71.93129611959918,65.40671367231936,6.524582447279826,HIGH,43.04897660818713,0.9783671732522797,63.47892526396301,HIGH,0,0
699_780,RAINFALL_PLUS_100_PERCENT,100.0,13.607154912717014,7.082572465437198,6.524582447279816,LOW,43.04897660818713,0.0040288690721933225,16.12358049418895,LOW,0,0
699_813,RAINFALL_PLUS_100_PERCENT,100.0,71.17988764794654,64.65530520066673,6.524582447279812,HIGH,43.04897660818713,0.9701322291235338,60.49405981824707,HIGH,0,0
699_834,RAINFALL_PLUS_100_PERCENT,100.0,70.41054677129236,63.88596432401255,6.524582447279812,HIGH,43.04897660818713,0.9560564897751628,60.54230769330917,HIGH,0,0
700_491,RAINFALL_PLUS_100_PERCENT,100.0,70.61282770652608,64.08824525924625,6.524582447279826,HIGH,43.04897660818713,0.9226949410067057,80.91396886829773,HIGH,0,0
700_541,RAINFALL_PLUS_100_PERCENT,100.0,66.29350789960593,59.768925452326116,6.524582447279812,HIGH,43.04897660818713,0.8678361247947459,67.89311971567417,HIGH,0,0
700_614,RAINFALL_PLUS_100_PERCENT,100.0,71.49362002520286,64.96903757792303,6.524582447279826,HIGH,43.04897660818713,0.9463494708994713,76.71190061404448,HIGH,0,0
700_713,RAINFALL_PLUS_100_PERCENT,100.0,72.2360246068954,65.71144215961557,6.524582447279826,HIGH,43.04897660818713,0.9688256613756614,71.77404166906531,HIGH,0,0
700_812,RAINFALL_PLUS_100_PERCENT,100.0,68.76997320773492,62.2453907604551,6.524582447279819,HIGH,43.04897660818713,0.9260507500470548,60.63972890819419,HIGH,0,0
702_453,RAINFALL_PLUS_100_PERCENT,100.0,73.33760314301244,66.81302069573263,6.524582447279812,HIGH,43.04897660818713,0.996841690626797,67.38101094211125,HIGH,0,0
702_951,RAINFALL_PLUS_100_PERCENT,100.0,49.43955573660373,42.91497328932392,6.524582447279812,MODERATE,43.04897660818713,0.5877794827153525,53.38475122931862,MODERATE,0,0
702_1183,RAINFALL_PLUS_100_PERCENT,100.0,13.174293384949166,6.649710937669351,6.5245824472798155,LOW,43.04897660818713,6.220240552665621e-05,13.976631883177152,LOW,0,0
703_492,RAINFALL_PLUS_100_PERCENT,100.0,70.71186655285946,64.18728410557965,6.524582447279812,HIGH,43.04897660818713,0.9252441473559122,80.50229383956804,HIGH,0,0
703_654,RAINFALL_PLUS_100_PERCENT,100.0,19.823986553070533,13.299404105790718,6.5245824472798155,LOW,43.04897660818713,0.06864445794608803,42.753323017082046,LOW,0,0
703_817,RAINFALL_PLUS_100_PERCENT,100.0,70.37930636972274,63.85472392244293,6.524582447279812,HIGH,43.04897660818713,0.9560443606428082,60.23657470040802,HIGH,0,0
703_1649,RAINFALL_PLUS_100_PERCENT,100.0,12.706314032711974,6.181731585432159,6.5245824472798155,LOW,43.04897660818713,6.220240552665621e-05,9.29683836080523,LOW,0,0
704_489,RAINFALL_PLUS_100_PERCENT,100.0,73.01680272628732,66.49222027900751,6.524582447279812,HIGH,43.04897660818713,0.9764064850182496,75.41236985956115,HIGH,0,0
705_442,RAINFALL_PLUS_100_PERCENT,100.0,71.14563309475105,64.62105064747124,6.524582447279812,HIGH,43.04897660818713,0.9516675239792888,70.30710211562685,HIGH,0,0
705_813,RAINFALL_PLUS_100_PERCENT,100.0,56.41922427937105,49.89464183209123,6.524582447279819,HIGH,43.04897660818713,0.7097668659153131,56.088375897013435,MODERATE,1,1
705_835,RAINFALL_PLUS_100_PERCENT,100.0,69.43188031925264,62.90729787197283,6.524582447279812,HIGH,43.04897660818713,0.9296915889700363,65.25633861573165,HIGH,0,0
706_75,RAINFALL_PLUS_100_PERCENT,100.0,18.468143658491854,11.94356121121204,6.524582447279814,LOW,43.04897660818713,0.026319496204278817,52.47362302929035,LOW,0,0
706_819,RAINFALL_PLUS_100_PERCENT,100.0,68.91711786687974,62.392535419599916,6.524582447279819,HIGH,43.04897660818713,0.9212462148996625,64.75366983070808,HIGH,0,0
707_586,RAINFALL_PLUS_100_PERCENT,100.0,50.156737239314594,43.632154792034775,6.524582447279819,HIGH,43.04897660818713,0.5560602675102677,78.00213461922388,MODERATE,1,1
707_821,RAINFALL_PLUS_100_PERCENT,100.0,71.02260761791904,64.49802517063921,6.524582447279826,HIGH,43.04897660818713,0.9592545497681036,64.90398316345845,HIGH,0,0
707_938,RAINFALL_PLUS_100_PERCENT,100.0,49.635189081830184,43.11060663455037,6.524582447279812,MODERATE,43.04897660818713,0.5904843665288579,53.85339858415512,MODERATE,0,0
708_52,RAINFALL_PLUS_100_PERCENT,100.0,18.65709549326192,12.132513045982105,6.5245824472798155,LOW,43.04897660818713,0.04098932142177611,46.294737507367486,LOW,0,0
708_495,RAINFALL_PLUS_100_PERCENT,100.0,68.39840600563731,61.87382355835749,6.524582447279819,HIGH,43.04897660818713,0.8936522779226636,74.74321655563324,HIGH,0,0
709_331,RAINFALL_PLUS_100_PERCENT,100.0,18.991582879846764,12.467000432566948,6.5245824472798155,LOW,43.04897660818713,0.058252189398412854,40.145033986065705,LOW,0,0
710_465,RAINFALL_PLUS_100_PERCENT,100.0,71.79124176315365,65.26665931587384,6.524582447279812,HIGH,43.04897660818713,0.9738906659310048,64.54046072620895,HIGH,0,0
710_704,RAINFALL_PLUS_100_PERCENT,100.0,69.88564204309867,63.36105959581885,6.524582447279819,HIGH,43.04897660818713,0.9148149987267635,77.97608048799182,HIGH,0,0
712_482,RAINFALL_PLUS_100_PERCENT,100.0,20.500206062001173,13.975623614721357,6.5245824472798155,LOW,43.04897660818713,0.08821232924493017,38.75318889202528,LOW,0,0
712_713,RAINFALL_PLUS_100_PERCENT,100.0,71.40296862839682,64.878386181117,6.524582447279826,HIGH,43.04897660818713,0.9539064949529668,71.64902341656165,HIGH,0,0
713_669,RAINFALL_PLUS_100_PERCENT,100.0,68.96796214127711,62.4433796939973,6.524582447279812,HIGH,43.04897660818713,0.8865268313385959,84.35777353326856,HIGH,0,0
713_1038,RAINFALL_PLUS_100_PERCENT,100.0,12.876776899847346,6.35219445256753,6.524582447279816,LOW,43.04897660818713,2.1798365122615804e-05,11.023689254381166,LOW,0,0
714_190,RAINFALL_PLUS_100_PERCENT,100.0,16.906999531745843,10.382417084466029,6.524582447279814,LOW,43.04897660818713,0.03925700602602742,29.746551359868516,LOW,0,0
714_915,RAINFALL_PLUS_100_PERCENT,100.0,69.23271625695197,62.70813380967216,6.524582447279812,HIGH,43.04897660818713,0.9356149267399267,60.0068622192852,HIGH,0,0
714_917,RAINFALL_PLUS_100_PERCENT,100.0,67.20771947751618,60.68313703023636,6.524582447279819,HIGH,43.04897660818713,0.8986680375180376,60.07768349696625,HIGH,0,0
715_692,RAINFALL_PLUS_100_PERCENT,100.0,70.34149894141996,63.81691649414014,6.524582447279819,HIGH,43.04897660818713,0.9249010426610433,76.9873253073509,HIGH,0,0
715_926,RAINFALL_PLUS_100_PERCENT,100.0,71.56490359145563,65.0403211441758,6.524582447279826,HIGH,43.04897660818713,0.9795299783549785,59.17545717604321,HIGH,0,0
716_753,RAINFALL_PLUS_100_PERCENT,100.0,13.559832904827084,7.03525045754727,6.524582447279815,LOW,43.04897660818713,0.003637214022911155,15.86577069239486,LOW,0,0
717_222,RAINFALL_PLUS_100_PERCENT,100.0,15.520663220040435,8.99608077276062,6.5245824472798155,LOW,43.04897660818713,0.004934358558552374,34.760644349925684,LOW,0,0
717_641,RAINFALL_PLUS_100_PERCENT,100.0,72.30554349007501,65.78096104279518,6.524582447279826,HIGH,43.04897660818713,0.9649964646464649,74.57528870191956,HIGH,0,0
718_841,RAINFALL_PLUS_100_PERCENT,100.0,73.26992346078498,66.74534101350517,6.524582447279812,HIGH,43.04897660818713,0.9961908472479902,67.06217797818032,HIGH,0,0
719_841,RAINFALL_PLUS_100_PERCENT,100.0,72.47293054864366,65.94834810136385,6.524582447279812,HIGH,43.04897660818713,0.9876159013605446,63.80846909486223,HIGH,0,0
719_913,RAINFALL_PLUS_100_PERCENT,100.0,54.7919009296167,48.26731848233689,6.524582447279812,HIGH,43.04897660818713,0.6727729685065894,60.16178597426804,MODERATE,1,1
719_1244,RAINFALL_PLUS_100_PERCENT,100.0,13.619778749958638,7.095196302678822,6.5245824472798155,LOW,43.04897660818713,7.659288567056101e-05,18.42357076919271,LOW,0,0
720_667,RAINFALL_PLUS_100_PERCENT,100.0,72.29773906650982,65.77315661923001,6.524582447279812,HIGH,43.04897660818713,0.9697854272205336,71.86331505052988,HIGH,0,0
720_691,RAINFALL_PLUS_100_PERCENT,100.0,68.48536605887283,61.960783611593016,6.524582447279812,HIGH,43.04897660818713,0.9063807203907205,68.61217373055722,HIGH,0,0
721_483,RAINFALL_PLUS_100_PERCENT,100.0,71.819821767276,65.29523931999618,6.524582447279812,HIGH,43.04897660818713,0.9810444727891158,60.8916669954713,HIGH,0,0
721_602,RAINFALL_PLUS_100_PERCENT,100.0,55.693817934719895,49.169235487440076,6.524582447279819,HIGH,43.04897660818713,0.654333838383839,79.32247759281267,MODERATE,1,1
721_691,RAINFALL_PLUS_100_PERCENT,100.0,65.82479505515538,59.300212607875565,6.524582447279812,HIGH,43.04897660818713,0.8626883726858732,66.03725493104871,HIGH,0,0
721_1282,RAINFALL_PLUS_100_PERCENT,100.0,13.73190149075834,7.207319043478522,6.524582447279817,LOW,43.04897660818713,7.659288567056101e-05,19.54479817718972,LOW,0,0
722_666,RAINFALL_PLUS_100_PERCENT,100.0,72.50230418235421,65.9777217350744,6.524582447279812,HIGH,43.04897660818713,0.9789713057098605,68.85673303984402,HIGH,0,0
722_691,RAINFALL_PLUS_100_PERCENT,100.0,67.07348695858012,60.54890451130029,6.524582447279826,HIGH,43.04897660818713,0.8806165717420988,68.66366448437192,HIGH,0,0
723_1336,RAINFALL_PLUS_100_PERCENT,100.0,13.560212905583416,7.035630458303602,6.524582447279815,LOW,43.04897660818713,0.0051106872540115054,15.059160422852985,LOW,0,0
724_645,RAINFALL_PLUS_100_PERCENT,100.0,72.00205591318105,65.47747346590124,6.524582447279812,HIGH,43.04897660818713,0.9750873015873018,65.99045261551963,HIGH,0,0
724_665,RAINFALL_PLUS_100_PERCENT,100.0,72.63417380122792,66.1095913539481,6.524582447279812,HIGH,43.04897660818713,0.9844404761904763,67.16738546424243,HIGH,0,0
725_685,RAINFALL_PLUS_100_PERCENT,100.0,67.35009663410308,60.82551418682326,6.524582447279819,HIGH,43.04897660818713,0.8948047657251663,63.626254548914474,HIGH,0,0
725_830,RAINFALL_PLUS_100_PERCENT,100.0,72.82862788219244,66.30404543491262,6.524582447279812,HIGH,43.04897660818713,0.9781328197945846,72.58113729162807,HIGH,0,0
726_607,RAINFALL_PLUS_100_PERCENT,100.0,64.74215266414758,58.217570216867756,6.524582447279826,HIGH,43.04897660818713,0.8346823228128463,70.61415845113547,HIGH,0,0
726_685,RAINFALL_PLUS_100_PERCENT,100.0,64.66581849436814,58.14123604708832,6.524582447279819,HIGH,43.04897660818713,0.8424904814255881,65.55632951633305,HIGH,0,0
727_445,RAINFALL_PLUS_100_PERCENT,100.0,72.76910222480211,66.2445197775223,6.524582447279812,HIGH,43.04897660818713,0.9835692307692308,68.99585468166936,HIGH,0,0
727_501,RAINFALL_PLUS_100_PERCENT,100.0,69.90356584776725,63.37898340048744,6.524582447279812,HIGH,43.04897660818713,0.946377244299726,60.796083469548414,HIGH,0,0
728_350,RAINFALL_PLUS_100_PERCENT,100.0,15.870587612149762,9.346005164869947,6.5245824472798155,LOW,43.04897660818713,0.01830135479240582,30.908040342399563,LOW,0,0
728_606,RAINFALL_PLUS_100_PERCENT,100.0,67.15836052513714,60.63377807785732,6.524582447279819,HIGH,43.04897660818713,0.8723670995670997,74.04960984619171,HIGH,0,0
729_645,RAINFALL_PLUS_100_PERCENT,100.0,72.02420217924698,65.49961973196717,6.524582447279812,HIGH,43.04897660818713,0.9798339285714287,63.60127043490933,HIGH,0,0
730_648,RAINFALL_PLUS_100_PERCENT,100.0,72.11719581110837,65.59261336382856,6.524582447279812,HIGH,43.04897660818713,0.9783845238095239,65.32837937257074,HIGH,0,0
731_651,RAINFALL_PLUS_100_PERCENT,100.0,71.46273407137124,64.93815162409142,6.524582447279826,HIGH,43.04897660818713,0.9753703601630928,60.44155198073655,HIGH,0,0
732_654,RAINFALL_PLUS_100_PERCENT,100.0,64.10464359083201,57.5800611435522,6.524582447279812,HIGH,43.04897660818713,0.838173532023532,62.31890265210267,HIGH,0,0
732_689,RAINFALL_PLUS_100_PERCENT,100.0,19.507195683801033,12.982613236521217,6.5245824472798155,LOW,43.04897660818713,0.0595620781946244,44.58072318769205,LOW,0,0
732_833,RAINFALL_PLUS_100_PERCENT,100.0,72.61135203293274,66.08676958565293,6.524582447279812,HIGH,43.04897660818713,0.9844615540899143,66.9275749365997,HIGH,0,0
733_1560,RAINFALL_PLUS_100_PERCENT,100.0,13.39368603686919,6.869103589589374,6.5245824472798155,LOW,43.04897660818713,6.220240552665621e-05,16.17055840237738,LOW,0,0
734_444,RAINFALL_PLUS_100_PERCENT,100.0,68.9505268862589,62.42594443897907,6.524582447279826,HIGH,43.04897660818713,0.9226296152022222,64.3268898580918,HIGH,0,0
734_749,RAINFALL_PLUS_100_PERCENT,100.0,14.016174822294577,7.49159237501476,6.524582447279816,LOW,43.04897660818713,0.011368166403863537,16.177166057545964,LOW,0,0
736_445,RAINFALL_PLUS_100_PERCENT,100.0,71.86659729952129,65.34201485224148,6.524582447279812,HIGH,43.04897660818713,0.9730666238017306,65.74723926098629,HIGH,0,0
736_487,RAINFALL_PLUS_100_PERCENT,100.0,72.85329549896133,66.3287130516815,6.524582447279826,HIGH,43.04897660818713,0.9942666666666666,63.95419767967172,HIGH,0,0
736_1158,RAINFALL_PLUS_100_PERCENT,100.0,13.544707563818791,7.020125116538976,6.5245824472798155,LOW,43.04897660818713,0.010232452118149249,12.087136329930974,LOW,0,0
738_651,RAINFALL_PLUS_100_PERCENT,100.0,71.34863541617592,64.82405296889611,6.524582447279812,HIGH,43.04897660818713,0.969984438009438,62.262822613293444,HIGH,0,0
738_654,RAINFALL_PLUS_100_PERCENT,100.0,71.61516954518616,65.09058709790634,6.524582447279826,HIGH,43.04897660818713,0.9754762755380751,61.907653262645404,HIGH,0,0
738_836,RAINFALL_PLUS_100_PERCENT,100.0,73.25016404723132,66.72558159995151,6.524582447279812,HIGH,43.04897660818713,0.9969333333333332,66.45621649570512,HIGH,0,0
739_651,RAINFALL_PLUS_100_PERCENT,100.0,62.32824581546532,55.803663368185504,6.524582447279819,HIGH,43.04897660818713,0.8057239767949529,62.402180274154304,HIGH,0,0
739_652,RAINFALL_PLUS_100_PERCENT,100.0,72.0998284988251,65.57524605154529,6.524582447279812,HIGH,43.04897660818713,0.984557622139765,61.75950216810533,HIGH,0,0
739_864,RAINFALL_PLUS_100_PERCENT,100.0,17.673969953481325,11.14938750620151,6.5245824472798155,LOW,43.04897660818713,0.035763338386546495,39.33777277893783,LOW,0,0
740_137,RAINFALL_PLUS_100_PERCENT,100.0,24.150726053359307,17.62614360607949,6.5245824472798155,LOW,43.04897660818713,0.10996616161616166,63.293781001429295,LOW,0,0
740_449,RAINFALL_PLUS_100_PERCENT,100.0,70.88208108954352,64.35749864226369,6.524582447279826,HIGH,43.04897660818713,0.959273056878837,63.4885389687999,HIGH,0,0
740_937,RAINFALL_PLUS_100_PERCENT,100.0,14.983114557173264,8.45853210989345,6.524582447279814,LOW,43.04897660818713,0.01643706574614342,23.058668768078924,LOW,0,0
741_64,RAINFALL_PLUS_100_PERCENT,100.0,18.964771702611692,12.440189255331877,6.5245824472798155,LOW,43.04897660818713,0.029676984126984114,55.5932851130008,LOW,0,0
741_276,RAINFALL_PLUS_100_PERCENT,100.0,16.176038063530285,9.651455616250468,6.524582447279817,LOW,43.04897660818713,0.01425073662493044,36.190384848316235,LOW,0,0
741_837,RAINFALL_PLUS_100_PERCENT,100.0,69.96628305771584,63.44170061043603,6.524582447279812,HIGH,43.04897660818713,0.9364289922140991,66.89479421612899,HIGH,0,0
742_554,RAINFALL_PLUS_100_PERCENT,100.0,68.27698127542854,61.75239882814872,6.524582447279819,HIGH,43.04897660818713,0.9221340301003345,57.86400555582667,HIGH,0,0
742_839,RAINFALL_PLUS_100_PERCENT,100.0,72.57409803785609,66.04951559057626,6.524582447279826,HIGH,43.04897660818713,0.9825619047619049,67.59984211623828,HIGH,0,0
743_450,RAINFALL_PLUS_100_PERCENT,100.0,72.3106885711562,65.7861061238764,6.524582447279812,HIGH,43.04897660818713,0.9864667124542125,62.81810321847037,HIGH,0,0
744_844,RAINFALL_PLUS_100_PERCENT,100.0,68.9037419560594,62.379159508779594,6.524582447279812,HIGH,43.04897660818713,0.9208126619181856,64.85836486231717,HIGH,0,0
745_561,RAINFALL_PLUS_100_PERCENT,100.0,18.62191855924382,12.097336111964005,6.5245824472798155,LOW,43.04897660818713,0.05345709321723941,39.08569367968167,LOW,0,0
745_976,RAINFALL_PLUS_100_PERCENT,100.0,13.588414190552426,7.06383174327261,6.5245824472798155,LOW,43.04897660818713,0.01096333234902948,12.122218470283192,LOW,0,0
746_490,RAINFALL_PLUS_100_PERCENT,100.0,68.90135877383128,62.37677632655146,6.524582447279819,HIGH,43.04897660818713,0.9152675886006577,67.88432336467616,HIGH,0,0
747_866,RAINFALL_PLUS_100_PERCENT,100.0,73.5836770154737,67.05909456819388,6.524582447279812,HIGH,43.04897660818713,0.9978666666666667,69.27801284479558,HIGH,0,0
747_903,RAINFALL_PLUS_100_PERCENT,100.0,69.94479509392009,63.42021264664028,6.524582447279812,HIGH,43.04897660818713,0.9166978991596642,77.53201575811089,HIGH,0,0
748_455,RAINFALL_PLUS_100_PERCENT,100.0,72.49959470841009,65.97501226113027,6.524582447279812,HIGH,43.04897660818713,0.9891552328623757,63.22847836651944,HIGH,0,0
748_594,RAINFALL_PLUS_100_PERCENT,100.0,64.85583865251294,58.33125620523314,6.524582447279805,HIGH,43.04897660818713,0.8221322592440241,78.65355329764132,HIGH,0,0
749_593,RAINFALL_PLUS_100_PERCENT,100.0,66.61392373972647,60.08934129244666,6.524582447279812,HIGH,43.04897660818713,0.8606704082182843,75.03842223393345,HIGH,0,0
749_859,RAINFALL_PLUS_100_PERCENT,100.0,63.14058618969399,56.61600374241418,6.524582447279812,HIGH,43.04897660818713,0.8228622042708248,61.09955890471144,HIGH,0,0
749_883,RAINFALL_PLUS_100_PERCENT,100.0,54.76711950674237,48.24253705946255,6.524582447279819,HIGH,43.04897660818713,0.641246253746254,77.25366486370915,MODERATE,1,1
750_433,RAINFALL_PLUS_100_PERCENT,100.0,20.61075812995041,14.086175682670593,6.5245824472798155,LOW,43.04897660818713,0.058233987021876474,56.34679779419716,LOW,0,0
750_841,RAINFALL_PLUS_100_PERCENT,100.0,72.75884092563561,66.2342584783558,6.524582447279812,HIGH,43.04897660818713,0.9822198228128461,69.63541606601574,HIGH,0,0
750_843,RAINFALL_PLUS_100_PERCENT,100.0,66.0325064147879,59.50792396750808,6.524582447279826,HIGH,43.04897660818713,0.857193415886439,71.13659476706262,HIGH,0,0
750_850,RAINFALL_PLUS_100_PERCENT,100.0,48.18343974186343,41.65885729458362,6.524582447279812,MODERATE,43.04897660818713,0.5558579547903079,58.380431640690155,MODERATE,0,0
750_866,RAINFALL_PLUS_100_PERCENT,100.0,33.07764514692823,26.553062699648418,6.5245824472798155,MODERATE,43.04897660818713,0.2935126918194944,51.61238032528554,MODERATE,0,0
750_906,RAINFALL_PLUS_100_PERCENT,100.0,73.68933407373996,67.16475162646014,6.524582447279812,HIGH,43.04897660818713,0.9966571428571428,70.99982152269618,HIGH,0,0
751_60,RAINFALL_PLUS_100_PERCENT,100.0,19.664222357673033,13.139639910393218,6.5245824472798155,LOW,43.04897660818713,0.05559466178189906,48.333068953410994,LOW,0,0
751_145,RAINFALL_PLUS_100_PERCENT,100.0,19.59717500835577,13.072592561075956,6.524582447279814,LOW,43.04897660818713,0.03605952380952381,58.40692134504475,LOW,0,0
752_443,RAINFALL_PLUS_100_PERCENT,100.0,72.98867892124393,66.46409647396412,6.524582447279812,HIGH,43.04897660818713,0.9939125541125541,65.50279380725974,HIGH,0,0
752_908,RAINFALL_PLUS_100_PERCENT,100.0,73.70005661167926,67.17547416439945,6.524582447279812,HIGH,43.04897660818713,0.9980461538461538,70.34309085813315,HIGH,0,0
753_473,RAINFALL_PLUS_100_PERCENT,100.0,64.98086609486113,58.456283647581316,6.524582447279812,HIGH,43.04897660818713,0.8528638319575588,63.00146272867906,HIGH,0,0
754_633,RAINFALL_PLUS_100_PERCENT,100.0,72.02886696390378,65.50428451662397,6.524582447279812,HIGH,43.04897660818713,0.9775638409209838,64.89646648922194,HIGH,0,0
758_453,RAINFALL_PLUS_100_PERCENT,100.0,72.72557045967972,66.2009880123999,6.524582447279812,HIGH,43.04897660818713,0.9856496773068204,67.4162914347711,HIGH,0,0
758_473,RAINFALL_PLUS_100_PERCENT,100.0,67.5650763657675,61.04049391848768,6.524582447279819,HIGH,43.04897660818713,0.8890063187593875,68.96519769673695,HIGH,0,0
760_455,RAINFALL_PLUS_100_PERCENT,100.0,70.67017392024054,64.14559147296073,6.524582447279812,HIGH,43.04897660818713,0.9550379006458013,63.6988032039399,HIGH,0,0
760_507,RAINFALL_PLUS_100_PERCENT,100.0,60.70975281225101,54.1851703649712,6.524582447279812,HIGH,43.04897660818713,0.7598383398301051,71.45435057267748,HIGH,0,0
760_513,RAINFALL_PLUS_100_PERCENT,100.0,54.552179456004616,48.0275970087248,6.524582447279819,HIGH,43.04897660818713,0.6394210702414554,76.10811528397079,MODERATE,1,1
760_1007,RAINFALL_PLUS_100_PERCENT,100.0,12.765648657752598,6.241066210472783,6.524582447279815,LOW,43.04897660818713,2.1798365122615804e-05,9.912406833433694,LOW,0,0
761_541,RAINFALL_PLUS_100_PERCENT,100.0,19.65285691496119,13.128274467681376,6.5245824472798155,LOW,43.04897660818713,0.07937094725544797,35.14245751584066,LOW,0,0
762_449,RAINFALL_PLUS_100_PERCENT,100.0,73.08017680334314,66.55559435606332,6.524582447279812,HIGH,43.04897660818713,0.9960914965986395,65.21935426090478,HIGH,0,0
765_413,RAINFALL_PLUS_100_PERCENT,100.0,19.676391604999544,13.151809157719727,6.524582447279817,LOW,43.04897660818713,0.06666248159493625,42.36746052950563,LOW,0,0
765_1047,RAINFALL_PLUS_100_PERCENT,100.0,12.779895543842208,6.255313096562393,6.5245824472798155,LOW,43.04897660818713,6.220240552665621e-05,10.03265347210757,LOW,0,0
766_129,RAINFALL_PLUS_100_PERCENT,100.0,18.54571073795382,12.021128290674001,6.524582447279817,LOW,43.04897660818713,0.020926190476190477,56.21561197435856,LOW,0,0
767_452,RAINFALL_PLUS_100_PERCENT,100.0,72.29773249642514,65.77315004914531,6.524582447279826,HIGH,43.04897660818713,0.9827170031842527,64.7508825696376,HIGH,0,0
768_452,RAINFALL_PLUS_100_PERCENT,100.0,70.45913548298039,63.93455303570057,6.524582447279819,HIGH,43.04897660818713,0.9525858523906018,62.937045371697955,HIGH,0,0
770_182,RAINFALL_PLUS_100_PERCENT,100.0,18.536775868014423,12.012193420734608,6.5245824472798155,LOW,43.04897660818713,0.0321047619047619,49.97804898925033,LOW,0,0
771_992,RAINFALL_PLUS_100_PERCENT,100.0,13.252237727861022,6.727655280581207,6.5245824472798155,LOW,43.04897660818713,0.0042728561585532905,12.440215748131052,LOW,0,0
772_208,RAINFALL_PLUS_100_PERCENT,100.0,14.368635419063734,7.844052971783919,6.5245824472798155,LOW,43.04897660818713,0.010548308483083312,20.15269388166667,LOW,0,0
774_458,RAINFALL_PLUS_100_PERCENT,100.0,68.86946597809737,62.34488353081754,6.524582447279826,HIGH,43.04897660818713,0.9186470379370817,65.70669827230392,HIGH,0,0
776_641,RAINFALL_PLUS_100_PERCENT,100.0,63.647887304589055,57.12330485730924,6.524582447279812,HIGH,43.04897660818713,0.8277443326828875,63.48739942702755,HIGH,0,0
777_459,RAINFALL_PLUS_100_PERCENT,100.0,71.94823752904533,65.42365508176552,6.524582447279812,HIGH,43.04897660818713,0.9715950251622747,67.37302080792742,HIGH,0,0
778_639,RAINFALL_PLUS_100_PERCENT,100.0,68.15574854302093,61.63116609574113,6.524582447279805,HIGH,43.04897660818713,0.9043510101010103,66.43233923137889,HIGH,0,0
778_640,RAINFALL_PLUS_100_PERCENT,100.0,63.36081532302742,56.836232875747605,6.524582447279812,HIGH,43.04897660818713,0.8210683261183257,64.28848322192017,HIGH,0,0
780_730,RAINFALL_PLUS_100_PERCENT,100.0,13.443803728961134,6.9192212816813194,6.524582447279815,LOW,43.04897660818713,0.010810008194508915,10.760442139356586,LOW,0,0
780_925,RAINFALL_PLUS_100_PERCENT,100.0,65.70452852853741,59.179946081257604,6.524582447279805,HIGH,43.04897660818713,0.8750027472527473,58.06168365308826,HIGH,0,0
780_1405,RAINFALL_PLUS_100_PERCENT,100.0,25.332606853595593,18.80802440631578,6.524582447279812,MODERATE,43.04897660818713,0.14693571428571425,54.779335035538246,LOW,1,1
781_458,RAINFALL_PLUS_100_PERCENT,100.0,70.50697876911025,63.98239632183043,6.524582447279819,HIGH,43.04897660818713,0.9429360682461752,68.72285951243123,HIGH,0,0
782_640,RAINFALL_PLUS_100_PERCENT,100.0,67.86000405719447,61.33542160991466,6.524582447279812,HIGH,43.04897660818713,0.8956469696969697,68.26211659533658,HIGH,0,0
784_1110,RAINFALL_PLUS_100_PERCENT,100.0,17.23602789723749,10.711445449957674,6.524582447279817,LOW,43.04897660818713,0.037090904959011815,34.22819060164354,LOW,0,0
784_1298,RAINFALL_PLUS_100_PERCENT,100.0,13.27736370386423,6.752781256584415,6.5245824472798155,LOW,43.04897660818713,0.006688465031789282,11.36289062788334,LOW,0,0
785_639,RAINFALL_PLUS_100_PERCENT,100.0,68.73603410341497,62.21145165613516,6.524582447279805,HIGH,43.04897660818713,0.9096858585858585,69.30102816865265,HIGH,0,0
787_642,RAINFALL_PLUS_100_PERCENT,100.0,46.766447700126534,40.24186525284671,6.524582447279826,MODERATE,43.04897660818713,0.5125848540348545,68.01071663882044,MODERATE,0,0
787_927,RAINFALL_PLUS_100_PERCENT,100.0,62.62251495117157,56.09793250389175,6.524582447279819,HIGH,43.04897660818713,0.8244372349872352,55.05257962546144,HIGH,0,0
788_1433,RAINFALL_PLUS_100_PERCENT,100.0,14.5057297434446,7.981147296164785,6.5245824472798155,LOW,43.04897660818713,0.006781322174646425,23.595479595115624,LOW,0,0
789_652,RAINFALL_PLUS_100_PERCENT,100.0,65.52506583625453,59.000483388974715,6.524582447279812,HIGH,43.04897660818713,0.840075468975469,75.47705978276255,HIGH,0,0
790_456,RAINFALL_PLUS_100_PERCENT,100.0,25.793338409582173,19.268755962302357,6.5245824472798155,MODERATE,43.04897660818713,0.14741959706959704,59.120515064268496,LOW,1,1
790_638,RAINFALL_PLUS_100_PERCENT,100.0,69.53298635656117,63.00840390928135,6.524582447279819,HIGH,43.04897660818713,0.9199472871572869,71.62676498582906,HIGH,0,0
790_652,RAINFALL_PLUS_100_PERCENT,100.0,65.4373736987772,58.91279125149737,6.524582447279826,HIGH,43.04897660818713,0.8339953102453103,77.94422570957637,HIGH,0,0
790_926,RAINFALL_PLUS_100_PERCENT,100.0,65.44478392474754,58.92020147746772,6.524582447279819,HIGH,43.04897660818713,0.8718863555363557,57.178253059204934,HIGH,0,0
792_684,RAINFALL_PLUS_100_PERCENT,100.0,13.910175962158917,7.385593514879101,6.5245824472798155,LOW,43.04897660818713,0.005733703127027378,18.216132258449257,LOW,0,0
792_1040,RAINFALL_PLUS_100_PERCENT,100.0,13.264122139123941,6.739539691844125,6.524582447279816,LOW,43.04897660818713,0.0032967983651226154,13.09589164714711,LOW,0,0
794_509,RAINFALL_PLUS_100_PERCENT,100.0,61.040849568541006,54.516267121261194,6.524582447279812,HIGH,43.04897660818713,0.7771534310038686,65.24201799000751,HIGH,0,0
795_648,RAINFALL_PLUS_100_PERCENT,100.0,66.6274881056754,60.102905658395585,6.524582447279812,HIGH,43.04897660818713,0.8751764538239536,67.19574081030454,HIGH,0,0
797_514,RAINFALL_PLUS_100_PERCENT,100.0,61.38258170174965,54.85799925446984,6.524582447279812,HIGH,43.04897660818713,0.7683808528726179,73.48425729428179,HIGH,0,0
798_514,RAINFALL_PLUS_100_PERCENT,100.0,58.6786008724694,52.15401842518959,6.524582447279812,HIGH,43.04897660818713,0.7183318907236557,73.97137818340862,HIGH,0,0
798_649,RAINFALL_PLUS_100_PERCENT,100.0,69.45022581815276,62.92564337087295,6.524582447279812,HIGH,43.04897660818713,0.9179774458874453,71.88257230015779,HIGH,0,0
798_1474,RAINFALL_PLUS_100_PERCENT,100.0,16.116098455884618,9.591516008604803,6.5245824472798155,LOW,43.04897660818713,0.015916820010144262,34.674642909991995,LOW,0,0
799_786,RAINFALL_PLUS_100_PERCENT,100.0,13.759374315752158,7.234791868472343,6.524582447279815,LOW,43.04897660818713,0.0005622024055266562,19.552441191207073,LOW,0,0
800_474,RAINFALL_PLUS_100_PERCENT,100.0,20.972541603741142,14.447959156461325,6.524582447279817,LOW,43.04897660818713,0.08036040542295163,47.795102411513156,LOW,0,0
801_438,RAINFALL_PLUS_100_PERCENT,100.0,23.112407842184677,16.58782539490486,6.5245824472798155,LOW,43.04897660818713,0.14184528623544584,35.37708034907669,LOW,0,0
801_654,RAINFALL_PLUS_100_PERCENT,100.0,69.54336036096656,63.01877791368675,6.524582447279812,HIGH,43.04897660818713,0.9237790331890332,69.62304471242251,HIGH,0,0
802_101,RAINFALL_PLUS_100_PERCENT,100.0,21.139671988642732,14.615089541362915,6.524582447279817,LOW,43.04897660818713,0.050347619047619044,65.97343876696196,LOW,0,0
805_515,RAINFALL_PLUS_100_PERCENT,100.0,57.94934504600366,51.424762598723845,6.524582447279812,HIGH,43.04897660818713,0.7093820982938631,71.60120575513702,HIGH,0,0
806_513,RAINFALL_PLUS_100_PERCENT,100.0,64.06457760046254,57.53999515318274,6.524582447279805,HIGH,43.04897660818713,0.8193837721755372,72.25261066480519,HIGH,0,0
806_645,RAINFALL_PLUS_100_PERCENT,100.0,67.26819880055595,60.74361635327614,6.524582447279812,HIGH,43.04897660818713,0.8707674603174607,76.02779418768134,HIGH,0,0
806_935,RAINFALL_PLUS_100_PERCENT,100.0,64.41221357566647,57.88763112838665,6.524582447279819,HIGH,43.04897660818713,0.8442517956517963,62.05155750490182,HIGH,0,0
806_937,RAINFALL_PLUS_100_PERCENT,100.0,55.18200356241461,48.657421115134795,6.524582447279812,HIGH,43.04897660818713,0.6752947495407261,62.67583273347188,MODERATE,1,1
807_217,RAINFALL_PLUS_100_PERCENT,100.0,34.786383595171486,28.261801147891674,6.524582447279812,MODERATE,43.04897660818713,0.31635479229989866,56.136609543495744,MODERATE,0,0
807_722,RAINFALL_PLUS_100_PERCENT,100.0,13.054291115882256,6.52970866860244,6.5245824472798155,LOW,43.04897660818713,0.004355131698455949,10.415498081396937,LOW,0,0
808_640,RAINFALL_PLUS_100_PERCENT,100.0,67.50881738082873,60.98423493354891,6.524582447279819,HIGH,43.04897660818713,0.8671937144554795,80.39954021449866,HIGH,0,0
808_641,RAINFALL_PLUS_100_PERCENT,100.0,68.86401971049452,62.339437263214705,6.524582447279812,HIGH,43.04897660818713,0.8920168746286395,80.2988254159186,HIGH,0,0
809_637,RAINFALL_PLUS_100_PERCENT,100.0,62.441583121588735,55.917000674308916,6.524582447279819,HIGH,43.04897660818713,0.7619779302396952,87.59587894078018,HIGH,0,0
811_512,RAINFALL_PLUS_100_PERCENT,100.0,67.39010104391333,60.86551859663353,6.524582447279805,HIGH,43.04897660818713,0.8923058585858588,65.40069757363615,HIGH,0,0
811_613,RAINFALL_PLUS_100_PERCENT,100.0,42.29513771354087,35.770555266261056,6.524582447279812,MODERATE,43.04897660818713,0.4401820096570098,63.11918118077844,MODERATE,0,0
812_517,RAINFALL_PLUS_100_PERCENT,100.0,67.33325267256163,60.808670225281816,6.524582447279812,HIGH,43.04897660818713,0.8872351613021633,67.62109736615155,HIGH,0,0
813_639,RAINFALL_PLUS_100_PERCENT,100.0,61.00478269958591,54.48020025230609,6.524582447279819,HIGH,43.04897660818713,0.7349575839193487,88.08906519694246,HIGH,0,0
813_1458,RAINFALL_PLUS_100_PERCENT,100.0,16.062767125535924,9.538184678256108,6.5245824472798155,LOW,43.04897660818713,0.017183486676810928,33.44466293983838,LOW,0,0
813_1533,RAINFALL_PLUS_100_PERCENT,100.0,13.059634426007324,6.535051978727511,6.524582447279814,LOW,43.04897660818713,0.0020217983651226157,11.752264515980967,LOW,0,0
814_518,RAINFALL_PLUS_100_PERCENT,100.0,66.2551592290347,59.7305767817549,6.524582447279805,HIGH,43.04897660818713,0.8812896112255585,60.11021547301502,HIGH,0,0
814_1297,RAINFALL_PLUS_100_PERCENT,100.0,13.484813726864918,6.960231279585102,6.5245824472798155,LOW,43.04897660818713,0.004388465031789282,14.702390857890215,LOW,0,0
814_1408,RAINFALL_PLUS_100_PERCENT,100.0,14.761827514286574,8.237245067006759,6.5245824472798155,LOW,43.04897660818713,0.0028987214420456925,28.29188770646576,LOW,0,0
815_14,RAINFALL_PLUS_100_PERCENT,100.0,21.628139260215463,15.103556812935649,6.524582447279814,LOW,43.04897660818713,0.06313405483405483,63.825571800149625,LOW,0,0
815_507,RAINFALL_PLUS_100_PERCENT,100.0,46.41995592709717,39.89537347981736,6.524582447279812,MODERATE,43.04897660818713,0.5207085886835138,60.07774485176435,MODERATE,0,0
816_878,RAINFALL_PLUS_100_PERCENT,100.0,12.858694955533128,6.3341125082533125,6.5245824472798155,LOW,43.04897660818713,2.1798365122615804e-05,10.842869811238995,LOW,0,0
817_215,RAINFALL_PLUS_100_PERCENT,100.0,23.39333267206704,16.86875022478722,6.524582447279819,LOW,43.04897660818713,0.11125993354471612,55.008272627801645,LOW,0,0
818_643,RAINFALL_PLUS_100_PERCENT,100.0,62.05439285174751,55.529810404467696,6.524582447279812,HIGH,43.04897660818713,0.7732903607503607,77.50213946150183,HIGH,0,0
820_643,RAINFALL_PLUS_100_PERCENT,100.0,64.34168922322509,57.81710677594528,6.524582447279812,HIGH,43.04897660818713,0.8177918037518037,75.89930952548403,HIGH,0,0
820_1220,RAINFALL_PLUS_100_PERCENT,100.0,14.062802469190123,7.538220021910307,6.5245824472798155,LOW,43.04897660818713,0.0003955357388599895,22.678389392253386,LOW,0,0
821_178,RAINFALL_PLUS_100_PERCENT,100.0,16.988960858482816,10.464378411203,6.5245824472798155,LOW,43.04897660818713,0.015285867629191882,43.75029074549778,LOW,0,0
822_524,RAINFALL_PLUS_100_PERCENT,100.0,32.58575800283232,26.06117555555251,6.524582447279812,MODERATE,43.04897660818713,0.3164946349848655,34.05344014337235,MODERATE,0,0
824_651,RAINFALL_PLUS_100_PERCENT,100.0,20.062105113618063,13.537522666338246,6.524582447279817,LOW,43.04897660818713,0.05326145247053012,53.595161634114206,LOW,0,0
825_466,RAINFALL_PLUS_100_PERCENT,100.0,31.3017020496961,24.77711960241629,6.524582447279812,MODERATE,43.04897660818713,0.26283038791274077,50.728216501678745,LOW,1,1
825_646,RAINFALL_PLUS_100_PERCENT,100.0,56.29854713741762,49.7739646901378,6.524582447279819,HIGH,43.04897660818713,0.6715238816738817,75.91524581026647,MODERATE,1,1
826_645,RAINFALL_PLUS_100_PERCENT,100.0,66.49729852239977,59.97271607511996,6.524582447279812,HIGH,43.04897660818713,0.8583438149972631,75.15179633222827,HIGH,0,0
826_1489,RAINFALL_PLUS_100_PERCENT,100.0,13.786690200324635,7.26210775304482,6.5245824472798155,LOW,43.04897660818713,0.002462202405526656,18.780600036931844,LOW,0,0
827_524,RAINFALL_PLUS_100_PERCENT,100.0,30.160083794716467,23.635501347436648,6.524582447279819,MODERATE,43.04897660818713,0.28422665172763567,27.54408885369017,LOW,1,1
827_978,RAINFALL_PLUS_100_PERCENT,100.0,67.37824547964622,60.85366303236641,6.524582447279812,HIGH,43.04897660818713,0.8839013888888885,69.9046002642987,HIGH,0,0
828_97,RAINFALL_PLUS_100_PERCENT,100.0,22.85200067266418,16.327418225384363,6.5245824472798155,LOW,43.04897660818713,0.07258644688644689,70.86537029582114,LOW,0,0
830_286,RAINFALL_PLUS_100_PERCENT,100.0,15.532863777660024,9.008281330380207,6.524582447279817,LOW,43.04897660818713,0.031966273534516906,20.01509668934108,LOW,0,0
830_643,RAINFALL_PLUS_100_PERCENT,100.0,45.06466337227719,38.54008092499738,6.524582447279805,MODERATE,43.04897660818713,0.4805507575757576,68.61162641283039,MODERATE,0,0
831_375,RAINFALL_PLUS_100_PERCENT,100.0,13.024246314801417,6.499663867521602,6.524582447279815,LOW,43.04897660818713,0.002466242809567061,11.153938959477443,LOW,0,0
832_990,RAINFALL_PLUS_100_PERCENT,100.0,70.1428566319623,63.61827418468249,6.524582447279812,HIGH,43.04897660818713,0.9114270477888124,82.41159939250134,HIGH,0,0
837_643,RAINFALL_PLUS_100_PERCENT,100.0,70.48561299467279,63.96103054739298,6.524582447279812,HIGH,43.04897660818713,0.9477310245310248,65.87197581138949,HIGH,0,0
840_198,RAINFALL_PLUS_100_PERCENT,100.0,15.184223935280201,8.659641488000387,6.524582447279814,LOW,43.04897660818713,0.007258955082860343,30.117723413953986,LOW,0,0
842_1240,RAINFALL_PLUS_100_PERCENT,100.0,13.347640280006154,6.823057832726338,6.5245824472798155,LOW,43.04897660818713,7.659288567056101e-05,15.702186069667876,LOW,0,0
846_1668,RAINFALL_PLUS_100_PERCENT,100.0,12.990511970895191,6.465929523615376,6.5245824472798155,LOW,43.04897660818713,0.003259893603217854,10.380087583907239,LOW,0,0
848_85,RAINFALL_PLUS_100_PERCENT,100.0,29.365764334985094,22.84118188770528,6.5245824472798155,MODERATE,43.04897660818713,0.1630200577200577,86.26452096054436,LOW,1,1
851_953,RAINFALL_PLUS_100_PERCENT,100.0,13.823712046680427,7.299129599400613,6.524582447279814,LOW,43.04897660818713,0.003062202405526656,18.820818500489768,LOW,0,0
854_110,RAINFALL_PLUS_100_PERCENT,100.0,21.75486487102512,15.230282423745301,6.524582447279819,LOW,43.04897660818713,0.06003809523809521,66.79560568602396,LOW,0,0
854_858,RAINFALL_PLUS_100_PERCENT,100.0,13.2674469644949,6.742864517215083,6.524582447279816,LOW,43.04897660818713,0.005685687254011505,11.815251011967806,LOW,0,0
856_147,RAINFALL_PLUS_100_PERCENT,100.0,16.977625974392712,10.453043527112897,6.5245824472798155,LOW,43.04897660818713,0.01082956673202142,46.08790739804049,LOW,0,0
856_1234,RAINFALL_PLUS_100_PERCENT,100.0,13.121631667715578,6.597049220435762,6.5245824472798155,LOW,43.04897660818713,0.0028765602698845203,11.902117885444433,LOW,0,0
856_1274,RAINFALL_PLUS_100_PERCENT,100.0,14.152269815806942,7.627687368527126,6.524582447279816,LOW,43.04897660818713,0.00697656026988452,19.95349936635808,LOW,0,0
857_241,RAINFALL_PLUS_100_PERCENT,100.0,14.466967761486174,7.942385314206359,6.524582447279815,LOW,43.04897660818713,0.015841501918649626,18.224760916329597,LOW,0,0
858_291,RAINFALL_PLUS_100_PERCENT,100.0,17.085413659046335,10.56083121176652,6.5245824472798155,LOW,43.04897660818713,0.07573702214517396,11.46668376734282,LOW,0,0
860_566,RAINFALL_PLUS_100_PERCENT,100.0,13.118956731343639,6.594374284063823,6.5245824472798155,LOW,43.04897660818713,0.0010884650317892826,12.858820902677431,LOW,0,0
860_711,RAINFALL_PLUS_100_PERCENT,100.0,14.0189603522704,7.494377904990582,6.524582447279817,LOW,43.04897660818713,0.0035217983651226158,20.520523778611693,LOW,0,0
860_1568,RAINFALL_PLUS_100_PERCENT,100.0,25.652669044284707,19.128086597004895,6.524582447279812,MODERATE,43.04897660818713,0.142177481648786,60.596984892739925,LOW,1,1
864_648,RAINFALL_PLUS_100_PERCENT,100.0,61.90602132808173,55.38143888080191,6.524582447279819,HIGH,43.04897660818713,0.7658296840414492,80.12179641474532,HIGH,0,0
867_649,RAINFALL_PLUS_100_PERCENT,100.0,62.796523744627585,56.27194129734777,6.524582447279812,HIGH,43.04897660818713,0.7713347345464996,85.9990428024262,HIGH,0,0
869_1488,RAINFALL_PLUS_100_PERCENT,100.0,13.132769856971235,6.608187409691419,6.524582447279816,LOW,43.04897660818713,0.0028765602698845203,12.013499778001002,LOW,0,0
870_1206,RAINFALL_PLUS_100_PERCENT,100.0,12.819499811883118,6.294917364603302,6.5245824472798155,LOW,43.04897660818713,0.0002717983651226158,10.313418374738886,LOW,0,0
870_1438,RAINFALL_PLUS_100_PERCENT,100.0,12.989324032534723,6.464741585254908,6.5245824472798155,LOW,43.04897660818713,0.0028765602698845203,10.579041533635886,LOW,0,0
871_353,RAINFALL_PLUS_100_PERCENT,100.0,13.69507163947243,7.170489192192613,6.524582447279816,LOW,43.04897660818713,0.0054376713809956324,16.227906491901837,LOW,0,0
872_911,RAINFALL_PLUS_100_PERCENT,100.0,14.290086967050605,7.765504519770791,6.524582447279815,LOW,43.04897660818713,0.00682656026988452,21.41417087879472,LOW,0,0
874_637,RAINFALL_PLUS_100_PERCENT,100.0,65.71412369398303,59.189541246703214,6.524582447279812,HIGH,43.04897660818713,0.8551258897609961,69.08990692800757,HIGH,0,0
875_51,RAINFALL_PLUS_100_PERCENT,100.0,23.94202573091578,17.41744328363597,6.524582447279812,LOW,43.04897660818713,0.11320086580086583,59.42769047540677,LOW,0,0
875_463,RAINFALL_PLUS_100_PERCENT,100.0,14.162715618413237,7.63813317113342,6.524582447279817,LOW,43.04897660818713,0.005043361825816512,21.121216536658427,LOW,0,0
875_1630,RAINFALL_PLUS_100_PERCENT,100.0,25.815062997934405,19.29048055065459,6.5245824472798155,MODERATE,43.04897660818713,0.15576378066378072,54.748459970989785,LOW,1,1
877_266,RAINFALL_PLUS_100_PERCENT,100.0,16.8489227862085,10.324340338928685,6.5245824472798155,LOW,43.04897660818713,0.059669263162882485,17.93904247922478,LOW,0,0
877_1645,RAINFALL_PLUS_100_PERCENT,100.0,13.626754429201885,7.102171981922068,6.524582447279816,LOW,43.04897660818713,2.1798365122615804e-05,18.52346454792655,LOW,0,0
878_1496,RAINFALL_PLUS_100_PERCENT,100.0,13.02562471820824,6.501042270928425,6.5245824472798155,LOW,43.04897660818713,0.0026122024055266566,11.087445215767882,LOW,0,0
880_646,RAINFALL_PLUS_100_PERCENT,100.0,60.35707771761374,53.83249527033392,6.524582447279819,HIGH,43.04897660818713,0.7357035624506212,81.20172718502087,HIGH,0,0
882_411,RAINFALL_PLUS_100_PERCENT,100.0,16.335579451838964,9.810997004559148,6.5245824472798155,LOW,43.04897660818713,0.036539781184862924,25.52682422344018,LOW,0,0
885_511,RAINFALL_PLUS_100_PERCENT,100.0,68.53480602499633,62.010223577716516,6.524582447279812,HIGH,43.04897660818713,0.9070556192173841,68.73537903712712,HIGH,0,0
885_634,RAINFALL_PLUS_100_PERCENT,100.0,66.71405503398418,60.189472586704355,6.524582447279826,HIGH,43.04897660818713,0.8725347943722948,69.51432279180482,HIGH,0,0
886_522,RAINFALL_PLUS_100_PERCENT,100.0,71.6596547914602,65.13507234418039,6.524582447279812,HIGH,43.04897660818713,0.9703996495567923,65.14465001509137,HIGH,0,0
887_524,RAINFALL_PLUS_100_PERCENT,100.0,69.52877193023188,63.00418948295207,6.524582447279812,HIGH,43.04897660818713,0.9334656705728137,64.14950984399637,HIGH,0,0
887_1019,RAINFALL_PLUS_100_PERCENT,100.0,13.8426527680456,7.318070320765784,6.5245824472798155,LOW,43.04897660818713,0.007220283213607464,16.72328126969704,LOW,0,0
888_520,RAINFALL_PLUS_100_PERCENT,100.0,71.88981905632649,65.36523660904668,6.524582447279812,HIGH,43.04897660818713,0.976628220985364,64.02057837803994,HIGH,0,0
888_1672,RAINFALL_PLUS_100_PERCENT,100.0,13.276527936904095,6.751945489624281,6.524582447279815,LOW,43.04897660818713,0.01011703646036071,9.468818672567716,LOW,0,0
889_524,RAINFALL_PLUS_100_PERCENT,100.0,70.94556498028055,64.42098253300074,6.524582447279812,HIGH,43.04897660818713,0.9613836322407752,62.962561427104305,HIGH,0,0
890_1332,RAINFALL_PLUS_100_PERCENT,100.0,13.582670578147454,7.058088130867637,6.524582447279816,LOW,43.04897660818713,0.00487656026988452,15.412506989763191,LOW,0,0
892_524,RAINFALL_PLUS_100_PERCENT,100.0,69.43285459309008,62.908272145810265,6.524582447279819,HIGH,43.04897660818713,0.9359212004696477,61.83979502931971,HIGH,0,0
892_639,RAINFALL_PLUS_100_PERCENT,100.0,66.98112944406218,60.456546996782365,6.524582447279812,HIGH,43.04897660818713,0.8704422799422799,73.335949829093,HIGH,0,0
894_251,RAINFALL_PLUS_100_PERCENT,100.0,21.50604442807086,14.98146198079105,6.524582447279812,LOW,43.04897660818713,0.08853439887762138,48.634434254742025,LOW,0,0
897_647,RAINFALL_PLUS_100_PERCENT,100.0,66.85963901200826,60.33505656472844,6.524582447279819,HIGH,43.04897660818713,0.8736033910533907,70.38243439744282,HIGH,0,0
898_1638,RAINFALL_PLUS_100_PERCENT,100.0,15.649786994834878,9.125204547555063,6.5245824472798155,LOW,43.04897660818713,0.002943010486334737,37.14712353758982,LOW,0,0
899_269,RAINFALL_PLUS_100_PERCENT,100.0,16.89711752295054,10.372535075670726,6.5245824472798155,LOW,43.04897660818713,0.0440421744807611,27.015888621811957,LOW,0,0
899_1425,RAINFALL_PLUS_100_PERCENT,100.0,12.752552195944265,6.227969748664449,6.5245824472798155,LOW,43.04897660818713,2.1798365122615804e-05,9.781442215350356,LOW,0,0
903_541,RAINFALL_PLUS_100_PERCENT,100.0,65.63031829252463,59.105735845244816,6.524582447279819,HIGH,43.04897660818713,0.8473577981495628,72.52430329971185,HIGH,0,0
906_656,RAINFALL_PLUS_100_PERCENT,100.0,55.77189852760705,49.24731608032724,6.524582447279812,HIGH,43.04897660818713,0.6743781163281161,69.07893065233178,MODERATE,1,1
909_653,RAINFALL_PLUS_100_PERCENT,100.0,60.56451817765697,54.03993573037715,6.524582447279819,HIGH,43.04897660818713,0.7420000581118231,79.81305917179212,HIGH,0,0
909_849,RAINFALL_PLUS_100_PERCENT,100.0,14.873930708581923,8.349348261302108,6.5245824472798155,LOW,43.04897660818713,0.01182696431028856,24.502386071885667,LOW,0,0
910_140,RAINFALL_PLUS_100_PERCENT,100.0,24.17491552321691,17.650333075937098,6.524582447279812,LOW,43.04897660818713,0.09887958152958157,69.6332947476244,LOW,0,0
911_877,RAINFALL_PLUS_100_PERCENT,100.0,14.969200750785738,8.444618303505923,6.5245824472798155,LOW,43.04897660818713,0.0038955357388599896,29.81737220820953,LOW,0,0
912_1617,RAINFALL_PLUS_100_PERCENT,100.0,15.858585994446925,9.334003547167109,6.5245824472798155,LOW,43.04897660818713,0.0071092442525685015,36.94368496228172,LOW,0,0
913_280,RAINFALL_PLUS_100_PERCENT,100.0,17.481690271185446,10.95710782390563,6.5245824472798155,LOW,43.04897660818713,0.04479814117311498,32.44583442336637,LOW,0,0
914_551,RAINFALL_PLUS_100_PERCENT,100.0,54.1223651124358,47.59778266515599,6.524582447279812,HIGH,43.04897660818713,0.6384732412032414,72.33127781930034,MODERATE,1,1
914_1536,RAINFALL_PLUS_100_PERCENT,100.0,14.030206056345342,7.505623609065526,6.524582447279816,LOW,43.04897660818713,2.1798365122615804e-05,22.557980819361124,LOW,0,0
915_1203,RAINFALL_PLUS_100_PERCENT,100.0,13.230190552738014,6.705608105458198,6.5245824472798155,LOW,43.04897660818713,2.1798365122615804e-05,14.557825783287853,LOW,0,0
917_1139,RAINFALL_PLUS_100_PERCENT,100.0,17.21279477441248,10.688212327132662,6.524582447279817,LOW,43.04897660818713,0.046412534295858544,28.868963238127726,LOW,0,0
918_987,RAINFALL_PLUS_100_PERCENT,100.0,21.736722553605546,15.21214010632573,6.5245824472798155,LOW,43.04897660818713,0.08896671685802121,50.70344062086893,LOW,0,0
919_189,RAINFALL_PLUS_100_PERCENT,100.0,16.23576158623868,9.711179138958864,6.524582447279817,LOW,43.04897660818713,0.013743535411743522,37.06658074265301,LOW,0,0
919_555,RAINFALL_PLUS_100_PERCENT,100.0,43.80388839299662,37.2793059457168,6.524582447279819,MODERATE,43.04897660818713,0.4598388336301378,67.39543479011552,MODERATE,0,0
919_1247,RAINFALL_PLUS_100_PERCENT,100.0,12.537044953092039,6.0124625058122225,6.524582447279816,LOW,43.04897660818713,0.0005932269365511872,7.312084072542377,LOW,0,0
919_1636,RAINFALL_PLUS_100_PERCENT,100.0,26.488390600361754,19.963808153081935,6.524582447279819,MODERATE,43.04897660818713,0.170597113997114,53.323402661929954,LOW,1,1
924_413,RAINFALL_PLUS_100_PERCENT,100.0,20.41979508711462,13.895212639834803,6.5245824472798155,LOW,43.04897660818713,0.07085522837570811,47.49548462123185,LOW,0,0
925_376,RAINFALL_PLUS_100_PERCENT,100.0,40.61100404539169,34.086421598111876,6.524582447279812,MODERATE,43.04897660818713,0.41594751505804123,59.60681652871935,MODERATE,0,0
925_829,RAINFALL_PLUS_100_PERCENT,100.0,18.15455366244545,11.629971215165638,6.524582447279814,LOW,43.04897660818713,0.039541423184747446,42.06566322956858,LOW,0,0
927_907,RAINFALL_PLUS_100_PERCENT,100.0,25.30648546256944,18.781903015289625,6.5245824472798155,MODERATE,43.04897660818713,0.12942592407592415,64.14850574066125,LOW,1,1
927_1239,RAINFALL_PLUS_100_PERCENT,100.0,12.552148224061177,6.027565776781362,6.5245824472798155,LOW,43.04897660818713,2.1798365122615804e-05,7.777402496519484,LOW,0,0
931_659,RAINFALL_PLUS_100_PERCENT,100.0,36.03518603012048,29.510603582840666,6.524582447279812,MODERATE,43.04897660818713,0.3204783938283937,66.3566530523134,MODERATE,0,0
932_635,RAINFALL_PLUS_100_PERCENT,100.0,68.99145371537851,62.4668712680987,6.524582447279812,HIGH,43.04897660818713,0.9226920498420499,64.70181909738282,HIGH,0,0
932_842,RAINFALL_PLUS_100_PERCENT,100.0,25.787515264563407,19.26293281728359,6.5245824472798155,MODERATE,43.04897660818713,0.14473715728715736,60.53762549442264,LOW,1,1
934_580,RAINFALL_PLUS_100_PERCENT,100.0,60.382468215591715,53.8578857683119,6.524582447279812,HIGH,43.04897660818713,0.7705519405232446,62.289024224857755,HIGH,0,0
936_632,RAINFALL_PLUS_100_PERCENT,100.0,69.29049561149947,62.76591316421965,6.524582447279819,HIGH,43.04897660818713,0.9243631416202847,66.77313758056323,HIGH,0,0
937_490,RAINFALL_PLUS_100_PERCENT,100.0,16.445087336252236,9.920504888972422,6.524582447279814,LOW,43.04897660818713,0.04821581335396519,20.200085374566658,LOW,0,0
937_628,RAINFALL_PLUS_100_PERCENT,100.0,59.832761669648654,53.30817922236884,6.524582447279812,HIGH,43.04897660818713,0.7505270562770563,67.80564510083073,HIGH,0,0
938_1524,RAINFALL_PLUS_100_PERCENT,100.0,13.362802192893463,6.838219745613648,6.5245824472798155,LOW,43.04897660818713,6.220240552665621e-05,15.861719962620114,LOW,0,0
938_1636,RAINFALL_PLUS_100_PERCENT,100.0,14.401937897326883,7.877355450047068,6.5245824472798155,LOW,43.04897660818713,0.00013912548244973314,26.210769314646626,LOW,0,0
939_320,RAINFALL_PLUS_100_PERCENT,100.0,15.527630688077162,9.003048240797346,6.5245824472798155,LOW,43.04897660818713,0.026749146687298525,22.832185559482582,LOW,0,0
940_32,RAINFALL_PLUS_100_PERCENT,100.0,18.08193410722864,11.557351659948825,6.5245824472798155,LOW,43.04897660818713,0.04094388596832373,40.56811314643349,LOW,0,0
940_1007,RAINFALL_PLUS_100_PERCENT,100.0,14.571771463272976,8.04718901599316,6.5245824472798155,LOW,43.04897660818713,0.0018891254824497331,26.946604974107547,LOW,0,0
942_891,RAINFALL_PLUS_100_PERCENT,100.0,14.712517287386975,8.18793484010716,6.5245824472798155,LOW,43.04897660818713,0.010783313516637767,23.462259796444123,LOW,0,0
944_107,RAINFALL_PLUS_100_PERCENT,100.0,15.43082896353041,8.906246516250594,6.5245824472798155,LOW,43.04897660818713,0.006572414530566368,32.961371000217746,LOW,0,0
945_33,RAINFALL_PLUS_100_PERCENT,100.0,18.62518710553332,12.100604658253507,6.524582447279814,LOW,43.04897660818713,0.06767919240378256,31.29622458997797,LOW,0,0
945_584,RAINFALL_PLUS_100_PERCENT,100.0,16.120209284120495,9.59562683684068,6.5245824472798155,LOW,43.04897660818713,0.007005647848972099,39.61689588099544,LOW,0,0
946_1451,RAINFALL_PLUS_100_PERCENT,100.0,13.996181890956917,7.471599443677102,6.5245824472798155,LOW,43.04897660818713,2.1798365122615804e-05,22.217739165476885,LOW,0,0
947_1256,RAINFALL_PLUS_100_PERCENT,100.0,12.464501326312599,5.939918879032783,6.5245824472798155,LOW,43.04897660818713,0.0009217983651226158,6.4059335190336935,LOW,0,0
948_1238,RAINFALL_PLUS_100_PERCENT,100.0,12.602325446439092,6.077742999159277,6.5245824472798155,LOW,43.04897660818713,0.0011884650317892825,7.637508053631965,LOW,0,0
949_926,RAINFALL_PLUS_100_PERCENT,100.0,14.98197884435317,8.457396397073355,6.5245824472798155,LOW,43.04897660818713,0.011469926219003895,25.779238379804713,LOW,0,0
953_463,RAINFALL_PLUS_100_PERCENT,100.0,20.741277402980987,14.21669495570117,6.524582447279817,LOW,43.04897660818713,0.09456146949655121,37.671875163431835,LOW,0,0
954_842,RAINFALL_PLUS_100_PERCENT,100.0,15.328888823330743,8.804306376050928,6.5245824472798155,LOW,43.04897660818713,0.013779450028527703,27.978100074342354,LOW,0,0
955_518,RAINFALL_PLUS_100_PERCENT,100.0,13.761169211345013,7.236586764065199,6.524582447279815,LOW,43.04897660818713,0.0025066468499711004,18.500945702691183,LOW,0,0
957_127,RAINFALL_PLUS_100_PERCENT,100.0,16.528894488836254,10.004312041556439,6.5245824472798155,LOW,43.04897660818713,0.023543113352339898,34.60814190130073,LOW,0,0
957_226,RAINFALL_PLUS_100_PERCENT,100.0,22.509260275355054,15.984677828075236,6.524582447279817,LOW,43.04897660818713,0.09280685425685431,56.3167422690058,LOW,0,0
958_779,RAINFALL_PLUS_100_PERCENT,100.0,15.586200765220733,9.061618317940919,6.524582447279814,LOW,43.04897660818713,0.010491241251720993,32.35973432048594,LOW,0,0
964_258,RAINFALL_PLUS_100_PERCENT,100.0,27.852445517693926,21.32786307041411,6.5245824472798155,MODERATE,43.04897660818713,0.17197237925473222,66.20755594356167,LOW,1,1
964_1058,RAINFALL_PLUS_100_PERCENT,100.0,14.408921341939271,7.8843388946594555,6.5245824472798155,LOW,43.04897660818713,0.010503075421399671,20.580431294348042,LOW,0,0
965_975,RAINFALL_PLUS_100_PERCENT,100.0,14.56188576419486,8.037303316915045,6.5245824472798155,LOW,43.04897660818713,0.0007432595523372276,27.477974244888276,LOW,0,0
966_677,RAINFALL_PLUS_100_PERCENT,100.0,32.72744276451385,26.202860317234038,6.5245824472798155,MODERATE,43.04897660818713,0.2782183866168338,56.52222436260509,MODERATE,0,0
969_529,RAINFALL_PLUS_100_PERCENT,100.0,18.75534638811901,12.230763940839193,6.5245824472798155,LOW,43.04897660818713,0.06587486849894614,33.59019556349486,LOW,0,0
970_131,RAINFALL_PLUS_100_PERCENT,100.0,14.98105870244516,8.456476255165345,6.5245824472798155,LOW,43.04897660818713,0.006082575337983915,28.733079945285596,LOW,0,0
974_800,RAINFALL_PLUS_100_PERCENT,100.0,19.127231870186385,12.60264942290657,6.5245824472798155,LOW,43.04897660818713,0.03368364871843133,55.014221263451766,LOW,0,0
975_590,RAINFALL_PLUS_100_PERCENT,100.0,19.259813593237432,12.735231145957616,6.5245824472798155,LOW,43.04897660818713,0.0511953823953824,46.708584971639155,LOW,0,0
980_1051,RAINFALL_PLUS_100_PERCENT,100.0,16.66680763236929,10.142225185089472,6.524582447279819,LOW,43.04897660818713,0.02151205810538236,37.10435372245774,LOW,0,0
982_1047,RAINFALL_PLUS_100_PERCENT,100.0,23.744946693957203,17.220364246677388,6.5245824472798155,LOW,43.04897660818713,0.12581570675701112,50.51873757994105,LOW,0,0
987_224,RAINFALL_PLUS_100_PERCENT,100.0,24.66048854901421,18.1359061017344,6.524582447279812,LOW,43.04897660818713,0.1222182317682317,61.652767374339824,LOW,0,0
988_92,RAINFALL_PLUS_100_PERCENT,100.0,19.970301089953438,13.445718642673622,6.5245824472798155,LOW,43.04897660818713,0.05540699317031741,51.49707401258497,LOW,0,0
991_998,RAINFALL_PLUS_100_PERCENT,100.0,46.29678638624323,39.772203938963415,6.524582447279812,MODERATE,43.04897660818713,0.4975418552036197,71.58775285716656,MODERATE,0,0
992_1158,RAINFALL_PLUS_100_PERCENT,100.0,14.567197937456982,8.042615490177164,6.524582447279817,LOW,43.04897660818713,0.0012098325531568039,27.274480827058706,LOW,0,0
993_19,RAINFALL_PLUS_100_PERCENT,100.0,16.459366846392957,9.934784399113141,6.5245824472798155,LOW,43.04897660818713,0.016066891590796856,38.024787445716434,LOW,0,0
993_1052,RAINFALL_PLUS_100_PERCENT,100.0,14.896289833942268,8.371707386662452,6.5245824472798155,LOW,43.04897660818713,0.009876560269884522,25.79869954771134,LOW,0,0
997_899,RAINFALL_PLUS_100_PERCENT,100.0,17.63619067439144,11.111608227111624,6.5245824472798155,LOW,43.04897660818713,0.018603903497763783,48.39766917686946,LOW,0,0
999_1162,RAINFALL_PLUS_100_PERCENT,100.0,13.695459435929347,7.170876988649531,6.524582447279816,LOW,43.04897660818713,2.1798365122615804e-05,19.210514615201177,LOW,0,0
1001_1328,RAINFALL_PLUS_100_PERCENT,100.0,12.58427667524341,6.059694227963595,6.5245824472798155,LOW,43.04897660818713,0.0008789412222654729,7.627258436913241,LOW,0,0
1003_1062,RAINFALL_PLUS_100_PERCENT,100.0,13.54674795814734,7.022165510867524,6.5245824472798155,LOW,43.04897660818713,0.001990052333376584,16.64086015484142,LOW,0,0
1007_87,RAINFALL_PLUS_100_PERCENT,100.0,22.716590807625966,16.19200836034615,6.5245824472798155,LOW,43.04897660818713,0.0768388888888889,67.17242854409591,LOW,0,0
1008_81,RAINFALL_PLUS_100_PERCENT,100.0,22.572445412016137,16.04786296473632,6.5245824472798155,LOW,43.04897660818713,0.08498434343434345,61.25097458799762,LOW,0,0
1009_1179,RAINFALL_PLUS_100_PERCENT,100.0,13.156483962384147,6.631901515104332,6.5245824472798155,LOW,43.04897660818713,2.1798365122615804e-05,13.820759879749184,LOW,0,0
1010_457,RAINFALL_PLUS_100_PERCENT,100.0,16.830767083123874,10.306184635844058,6.5245824472798155,LOW,43.04897660818713,0.045311209756291486,25.654414822003567,LOW,0,0
1011_1108,RAINFALL_PLUS_100_PERCENT,100.0,14.095210210019424,7.570627762739608,6.5245824472798155,LOW,43.04897660818713,0.0002717983651226158,23.070522356101954,LOW,0,0
1014_1107,RAINFALL_PLUS_100_PERCENT,100.0,14.596556938677764,8.07197449139795,6.524582447279814,LOW,43.04897660818713,0.0048455357388599895,25.56843408712981,LOW,0,0
1016_443,RAINFALL_PLUS_100_PERCENT,100.0,15.666641423620892,9.142058976341076,6.5245824472798155,LOW,43.04897660818713,0.013623862967187216,31.441198960981087,LOW,0,0
1016_619,RAINFALL_PLUS_100_PERCENT,100.0,19.57768069267421,13.053098245394395,6.5245824472798155,LOW,43.04897660818713,0.0357825396825397,58.364319458070405,LOW,0,0
1016_1253,RAINFALL_PLUS_100_PERCENT,100.0,12.89336104946696,6.368778602187146,6.524582447279815,LOW,43.04897660818713,0.0034884650317892826,9.282864083910654,LOW,0,0
1016_1530,RAINFALL_PLUS_100_PERCENT,100.0,12.636792997279468,6.112210549999653,6.524582447279815,LOW,43.04897660818713,6.220240552665621e-05,8.601628006480171,LOW,0,0
1020_1076,RAINFALL_PLUS_100_PERCENT,100.0,13.489560447888605,6.96497800060879,6.5245824472798155,LOW,43.04897660818713,6.220240552665621e-05,17.129302512571538,LOW,0,0
1025_201,RAINFALL_PLUS_100_PERCENT,100.0,24.766130330302573,18.24154788302276,6.524582447279812,LOW,43.04897660818713,0.11667915972915975,65.75567480871304,LOW,0,0
1026_880,RAINFALL_PLUS_100_PERCENT,100.0,13.827205536815404,7.3026230895355875,6.524582447279816,LOW,43.04897660818713,0.0018324236838742406,19.53213169874835,LOW,0,0
1026_1098,RAINFALL_PLUS_100_PERCENT,100.0,15.491630967448312,8.967048520168497,6.5245824472798155,LOW,43.04897660818713,0.007571737315061565,33.0197635079244,LOW,0,0
1026_1319,RAINFALL_PLUS_100_PERCENT,100.0,12.726177614628705,6.20159516734889,6.5245824472798155,LOW,43.04897660818713,0.0008789412222654729,9.046267830766192,LOW,0,0
1029_1610,RAINFALL_PLUS_100_PERCENT,100.0,13.788936157138862,7.264353709859046,6.5245824472798155,LOW,43.04897660818713,0.0028384650317892822,18.596115160629655,LOW,0,0
1032_360,RAINFALL_PLUS_100_PERCENT,100.0,14.559317071118546,8.034734623838728,6.524582447279817,LOW,43.04897660818713,0.011291547186917472,21.650729115105978,LOW,0,0
1034_1025,RAINFALL_PLUS_100_PERCENT,100.0,15.12646734090553,8.601884893625716,6.524582447279814,LOW,43.04897660818713,0.014351980938214106,25.638993249762688,LOW,0,0
1036_471,RAINFALL_PLUS_100_PERCENT,100.0,15.24589313184757,8.721310684567754,6.5245824472798155,LOW,43.04897660818713,0.01793770399678167,24.861103476970918,LOW,0,0
1039_973,RAINFALL_PLUS_100_PERCENT,100.0,20.694723308247873,14.170140860968058,6.5245824472798155,LOW,43.04897660818713,0.0635066468499711,54.28648667171978,LOW,0,0
1041_497,RAINFALL_PLUS_100_PERCENT,100.0,17.469955153186323,10.945372705906506,6.524582447279817,LOW,43.04897660818713,0.021795579454657127,44.97989218852694,LOW,0,0
1043_279,RAINFALL_PLUS_100_PERCENT,100.0,33.552634829294824,27.028052382015005,6.524582447279819,MODERATE,43.04897660818713,0.2600461593961595,74.76886998178566,MODERATE,0,0
1045_181,RAINFALL_PLUS_100_PERCENT,100.0,27.60411267959472,21.07953023231491,6.524582447279812,MODERATE,43.04897660818713,0.17650841380841384,61.229408558044774,LOW,1,1
1045_618,RAINFALL_PLUS_100_PERCENT,100.0,18.76622996455381,12.241647517273993,6.5245824472798155,LOW,43.04897660818713,0.06163808652141077,36.0292614154873,LOW,0,0
1046_339,RAINFALL_PLUS_100_PERCENT,100.0,13.807157242547698,7.282574795267882,6.5245824472798155,LOW,43.04897660818713,0.007329459274829562,16.308279181045858,LOW,0,0
1046_1566,RAINFALL_PLUS_100_PERCENT,100.0,12.570914736051131,6.046332288771316,6.5245824472798155,LOW,43.04897660818713,2.1798365122615804e-05,7.965067616419026,LOW,0,0
1050_433,RAINFALL_PLUS_100_PERCENT,100.0,15.696670349718609,9.172087902438793,6.5245824472798155,LOW,43.04897660818713,0.029317011617265767,23.11025646441506,LOW,0,0
1050_1505,RAINFALL_PLUS_100_PERCENT,100.0,13.420493386205031,6.895910938925215,6.524582447279816,LOW,43.04897660818713,2.1798365122615804e-05,16.46085411795801,LOW,0,0
1050_1612,RAINFALL_PLUS_100_PERCENT,100.0,13.068355369495686,6.5437729222158705,6.5245824472798155,LOW,43.04897660818713,2.1798365122615804e-05,12.939473950864572,LOW,0,0
1051_1104,RAINFALL_PLUS_100_PERCENT,100.0,14.877229167272112,8.352646719992297,6.5245824472798155,LOW,43.04897660818713,0.008216964310288562,26.520870658787572,LOW,0,0
1052_1614,RAINFALL_PLUS_100_PERCENT,100.0,13.27858434872706,6.7540019014472445,6.5245824472798155,LOW,43.04897660818713,0.002490052333376584,13.684224060638625,LOW,0,0
1057_120,RAINFALL_PLUS_100_PERCENT,100.0,17.050250103838398,10.525667656558582,6.5245824472798155,LOW,43.04897660818713,0.01528809523809524,44.361958014156734,LOW,0,0
1057_918,RAINFALL_PLUS_100_PERCENT,100.0,14.014000337146244,7.489417889866429,6.5245824472798155,LOW,43.04897660818713,0.004455059548383799,19.957629976576502,LOW,0,0
1058_278,RAINFALL_PLUS_100_PERCENT,100.0,40.77428386298797,34.24970141570817,6.524582447279805,MODERATE,43.04897660818713,0.3966679653679652,71.84336703422404,MODERATE,0,0
1059_152,RAINFALL_PLUS_100_PERCENT,100.0,18.17156066424397,11.646978216964154,6.5245824472798155,LOW,43.04897660818713,0.021628471528471527,52.0878566585055,LOW,0,0
1066_289,RAINFALL_PLUS_100_PERCENT,100.0,22.00209942316222,15.47751697588241,6.524582447279812,LOW,43.04897660818713,0.0843831390831391,55.878177092620874,LOW,0,0
1068_486,RAINFALL_PLUS_100_PERCENT,100.0,15.168622202444313,8.644039755164497,6.5245824472798155,LOW,43.04897660818713,0.009220719869797545,28.882735452779624,LOW,0,0
1068_1321,RAINFALL_PLUS_100_PERCENT,100.0,13.525577531874585,7.000995084594769,6.524582447279816,LOW,43.04897660818713,0.0026122024055266566,16.08697335243133,LOW,0,0
1074_637,RAINFALL_PLUS_100_PERCENT,100.0,64.11875587200169,57.59417342472188,6.524582447279805,HIGH,43.04897660818713,0.8279510700315069,68.0823795594133,HIGH,0,0
1077_1335,RAINFALL_PLUS_100_PERCENT,100.0,14.227055286643704,7.702472839363889,6.5245824472798155,LOW,43.04897660818713,0.00024325955233722764,24.404669469376714,LOW,0,0
1078_1103,RAINFALL_PLUS_100_PERCENT,100.0,33.88169774101819,27.35711529373838,6.524582447279812,MODERATE,43.04897660818713,0.2618212343212343,77.08320789022824,MODERATE,0,0
1082_1562,RAINFALL_PLUS_100_PERCENT,100.0,12.837393321533845,6.312810874254029,6.524582447279816,LOW,43.04897660818713,0.0005622024055266562,10.332631249023931,LOW,0,0
1082_1567,RAINFALL_PLUS_100_PERCENT,100.0,12.838009351899162,6.313426904619346,6.5245824472798155,LOW,43.04897660818713,6.220240552665621e-05,10.613791552677107,LOW,0,0
1083_787,RAINFALL_PLUS_100_PERCENT,100.0,17.58683537690291,11.062252929623094,6.524582447279817,LOW,43.04897660818713,0.019644469172576028,47.33180508083743,LOW,0,0
1083_1321,RAINFALL_PLUS_100_PERCENT,100.0,14.361054374391937,7.836471927112123,6.524582447279815,LOW,43.04897660818713,0.003722202405526656,23.831241777604866,LOW,0,0
1086_1067,RAINFALL_PLUS_100_PERCENT,100.0,15.863571737336322,9.338989290056507,6.5245824472798155,LOW,43.04897660818713,0.023965447038054116,27.722630859158603,LOW,0,0
1087_302,RAINFALL_PLUS_100_PERCENT,100.0,18.09920836882257,11.574625921542754,6.5245824472798155,LOW,43.04897660818713,0.037941820010144255,42.391992039371495,LOW,0,0
1087_1067,RAINFALL_PLUS_100_PERCENT,100.0,15.885476311135688,9.360893863855873,6.5245824472798155,LOW,43.04897660818713,0.025210685133292218,27.256795644771316,LOW,0,0
1088_1411,RAINFALL_PLUS_100_PERCENT,100.0,12.604432254765813,6.0798498074859975,6.5245824472798155,LOW,43.04897660818713,6.220240552665621e-05,8.278020581343613,LOW,0,0
1091_321,RAINFALL_PLUS_100_PERCENT,100.0,47.881882819227215,41.3573003719474,6.524582447279812,MODERATE,43.04897660818713,0.5210005361305358,74.5364426772026,MODERATE,0,0
1092_1117,RAINFALL_PLUS_100_PERCENT,100.0,17.665130770820184,11.140548323540367,6.524582447279817,LOW,43.04897660818713,0.02453759923092348,45.42353748791906,LOW,0,0
1094_201,RAINFALL_PLUS_100_PERCENT,100.0,23.056370214220706,16.531787766940887,6.524582447279819,LOW,43.04897660818713,0.11661690951978877,48.69231126304836,LOW,0,0
1097_795,RAINFALL_PLUS_100_PERCENT,100.0,20.724653376887915,14.2000709296081,6.5245824472798155,LOW,43.04897660818713,0.06118210678210677,55.864284395445566,LOW,0,0
1100_1252,RAINFALL_PLUS_100_PERCENT,100.0,23.060951509169797,16.53636906188998,6.5245824472798155,LOW,43.04897660818713,0.11790822510822517,48.027900638899276,LOW,0,0
1101_1475,RAINFALL_PLUS_100_PERCENT,100.0,13.30976813990481,6.785185692624993,6.524582447279816,LOW,43.04897660818713,0.001976592885670561,14.278464668654427,LOW,0,0
1103_337,RAINFALL_PLUS_100_PERCENT,100.0,18.193995109036372,11.669412661756558,6.524582447279814,LOW,43.04897660818713,0.05973960526410598,31.35107755183058,LOW,0,0
1104_399,RAINFALL_PLUS_100_PERCENT,100.0,14.62914107026439,8.104558622984575,6.5245824472798155,LOW,43.04897660818713,0.00834553573885999,23.96927540299605,LOW,0,0
1107_88,RAINFALL_PLUS_100_PERCENT,100.0,15.50341657043887,8.978834123159054,6.5245824472798155,LOW,43.04897660818713,0.007329792593116844,33.27068913489957,LOW,0,0
1107_435,RAINFALL_PLUS_100_PERCENT,100.0,15.27713951957874,8.752557072298924,6.5245824472798155,LOW,43.04897660818713,0.003610107795804928,33.05374526481983,LOW,0,0
1107_500,RAINFALL_PLUS_100_PERCENT,100.0,18.28376306402317,11.759180616743354,6.5245824472798155,LOW,43.04897660818713,0.05358332718717774,35.63471004400907,LOW,0,0
1109_795,RAINFALL_PLUS_100_PERCENT,100.0,21.97999288136444,15.455410434084621,6.524582447279817,LOW,43.04897660818713,0.0767780885780886,59.83988945242078,LOW,0,0
1109_1267,RAINFALL_PLUS_100_PERCENT,100.0,18.28845859806414,11.763876150784323,6.5245824472798155,LOW,43.04897660818713,0.049536877730201975,37.90721258575544,LOW,0,0
1110_199,RAINFALL_PLUS_100_PERCENT,100.0,53.45771168513317,46.93312923785335,6.524582447279819,HIGH,43.04897660818713,0.6295236567354209,70.60701500357537,MODERATE,1,1
1111_515,RAINFALL_PLUS_100_PERCENT,100.0,16.524700655165116,10.0001182078853,6.5245824472798155,LOW,43.04897660818713,0.024922082875933442,33.80777032661292,LOW,0,0
1111_1100,RAINFALL_PLUS_100_PERCENT,100.0,16.22219954988831,9.697617102608493,6.5245824472798155,LOW,43.04897660818713,0.010157106535213394,38.90349626124087,LOW,0,0
1121_1124,RAINFALL_PLUS_100_PERCENT,100.0,15.290542837278752,8.765960389998936,6.5245824472798155,LOW,43.04897660818713,0.017689999015696147,25.44383827087978,LOW,0,0
1123_788,RAINFALL_PLUS_100_PERCENT,100.0,17.232298272872224,10.707715825592409,6.5245824472798155,LOW,43.04897660818713,0.015203515962593636,46.228958306020886,LOW,0,0
1123_1591,RAINFALL_PLUS_100_PERCENT,100.0,15.833991794271853,9.309409346992037,6.5245824472798155,LOW,43.04897660818713,0.0038192009625252128,38.5072667700548,LOW,0,0
1124_781,RAINFALL_PLUS_100_PERCENT,100.0,56.5177022357607,49.99311978848088,6.524582447279819,HIGH,43.04897660818713,0.6940805833836523,65.70061085332341,MODERATE,1,1
1135_1482,RAINFALL_PLUS_100_PERCENT,100.0,12.986377627667594,6.461795180387779,6.524582447279815,LOW,43.04897660818713,6.220240552665621e-05,12.097474310361427,LOW,0,0
1138_1485,RAINFALL_PLUS_100_PERCENT,100.0,13.00519333131276,6.480610884032945,6.5245824472798155,LOW,43.04897660818713,6.220240552665621e-05,12.285631346813092,LOW,0,0
1139_1010,RAINFALL_PLUS_100_PERCENT,100.0,43.39568350446301,36.87110105718319,6.524582447279819,MODERATE,43.04897660818713,0.47269277746408167,56.24371679611026,MODERATE,0,0
1140_819,RAINFALL_PLUS_100_PERCENT,100.0,36.02452439379885,29.499941946519034,6.5245824472798155,MODERATE,43.04897660818713,0.3162812076812078,68.55848907004929,MODERATE,0,0
1146_1185,RAINFALL_PLUS_100_PERCENT,100.0,13.172591245900037,6.648008798620221,6.5245824472798155,LOW,43.04897660818713,2.1798365122615804e-05,13.981832714908077,LOW,0,0
1148_459,RAINFALL_PLUS_100_PERCENT,100.0,14.433071605400254,7.908489158120439,6.5245824472798155,LOW,43.04897660818713,0.015461555336535307,18.09476997563327,LOW,0,0
1151_1077,RAINFALL_PLUS_100_PERCENT,100.0,13.661531820090214,7.136949372810398,6.524582447279816,LOW,43.04897660818713,7.659288567056101e-05,18.841101470508477,LOW,0,0
1152_1100,RAINFALL_PLUS_100_PERCENT,100.0,17.342344066144488,10.817761618864672,6.5245824472798155,LOW,43.04897660818713,0.0230549152482395,43.01114663163829,LOW,0,0
1162_368,RAINFALL_PLUS_100_PERCENT,100.0,16.246638918004262,9.722056470724445,6.524582447279817,LOW,43.04897660818713,0.03169556317929761,27.301738788154072,LOW,0,0
1163_290,RAINFALL_PLUS_100_PERCENT,100.0,12.908236749423015,6.383654302143199,6.5245824472798155,LOW,43.04897660818713,6.220240552665621e-05,11.316065527915633,LOW,0,0
1165_587,RAINFALL_PLUS_100_PERCENT,100.0,13.022986403921385,6.4984039566415674,6.524582447279817,LOW,43.04897660818713,0.0032551316984559485,10.707450961788211,LOW,0,0
1166_1096,RAINFALL_PLUS_100_PERCENT,100.0,19.955319252204696,13.43073680492488,6.5245824472798155,LOW,43.04897660818713,0.05570993475123908,51.18063776559062,LOW,0,0
1166_1256,RAINFALL_PLUS_100_PERCENT,100.0,16.938645093923935,10.414062646644119,6.5245824472798155,LOW,43.04897660818713,0.020294444444444445,40.49241585152005,LOW,0,0
1167_1345,RAINFALL_PLUS_100_PERCENT,100.0,14.38516521649612,7.860582769216304,6.5245824472798155,LOW,43.04897660818713,0.0018891254824497331,25.080542506338986,LOW,0,0
1167_1471,RAINFALL_PLUS_100_PERCENT,100.0,13.858382332680712,7.333799885400897,6.5245824472798155,LOW,43.04897660818713,2.1798365122615804e-05,20.839743582714824,LOW,0,0
1169_1408,RAINFALL_PLUS_100_PERCENT,100.0,14.550624307895335,8.02604186061552,6.5245824472798155,LOW,43.04897660818713,0.0014724588157830664,26.96430008699781,LOW,0,0
1170_1438,RAINFALL_PLUS_100_PERCENT,100.0,22.940986555686262,16.416404108406446,6.5245824472798155,LOW,43.04897660818713,0.13063492063492066,39.8285685643814,LOW,0,0
1172_572,RAINFALL_PLUS_100_PERCENT,100.0,12.766803985906636,6.24222153862682,6.5245824472798155,LOW,43.04897660818713,2.1798365122615804e-05,9.92396011497407,LOW,0,0
1177_1024,RAINFALL_PLUS_100_PERCENT,100.0,23.99373273841469,17.469150291134873,6.5245824472798155,LOW,43.04897660818713,0.12958398268398272,50.93404626468152,LOW,0,0
1180_41,RAINFALL_PLUS_100_PERCENT,100.0,15.438963441945528,8.914380994665713,6.5245824472798155,LOW,43.04897660818713,0.008671928235252485,31.887983246791556,LOW,0,0
1181_470,RAINFALL_PLUS_100_PERCENT,100.0,13.732280098010754,7.20769765073094,6.524582447279815,LOW,43.04897660818713,0.006721830980908656,15.893703297332934,LOW,0,0
1182_108,RAINFALL_PLUS_100_PERCENT,100.0,18.236559853208675,11.71197740592886,6.5245824472798155,LOW,43.04897660818713,0.025556682409673126,50.57733256349166,LOW,0,0
1192_259,RAINFALL_PLUS_100_PERCENT,100.0,14.625241603096828,8.100659155817013,6.5245824472798155,LOW,43.04897660818713,0.032080919244243486,10.875819803359517,LOW,0,0
1193_167,RAINFALL_PLUS_100_PERCENT,100.0,17.29285907835895,10.768276631079136,6.5245824472798155,LOW,43.04897660818713,0.024426627367299895,41.76185508829971,LOW,0,0
1196_88,RAINFALL_PLUS_100_PERCENT,100.0,19.864367000276197,13.339784552996383,6.524582447279814,LOW,43.04897660818713,0.046346825396825386,55.420825391233166,LOW,0,0
1200_189,RAINFALL_PLUS_100_PERCENT,100.0,15.415230625464803,8.890648178184989,6.524582447279814,LOW,43.04897660818713,0.021253220922242324,24.73094410413991,LOW,0,0
