cell_id,exposure_score,exposure_category,transport_exposure,population_exposure_proxy,infrastructure_exposure,dominant_exposure
3_1656,18.83548738714636,LOW,9.856624115600743,29.809483994332343,20.478592843572873,SETTLEMENT
4_988,21.683059896595264,LOW,15.676223686770058,24.6910785234768,27.74203272605599,INFRASTRUCTURE
5_1571,27.286989113146326,MODERATE,21.693243816909984,39.27156542935359,23.17944433387545,SETTLEMENT
10_680,24.362685820754297,LOW,18.856253643860242,35.26979454619492,20.9190953274311,SETTLEMENT
12_491,23.56777857769064,LOW,20.71926217487307,30.01078778998883,20.55603088053286,SETTLEMENT
13_1255,15.63261121375341,LOW,9.178852473577958,20.462621813128344,19.511110600558986,SETTLEMENT
15_652,58.77592199823257,HIGH,70.77157635414075,72.3032937299246,20.86909902268671,SETTLEMENT
15_1456,18.48215017184094,LOW,11.063562398069022,22.41431477103191,25.447828896177487,INFRASTRUCTURE
16_317,31.130140675644686,MODERATE,30.87352439418382,32.42230747357322,30.64215011514846,SETTLEMENT
17_355,40.96686532463672,MODERATE,59.11984120299654,23.658094359935134,29.813279214963273,TRANSPORT
20_1290,17.19946431166758,LOW,11.44545511056493,22.35941263431269,19.72515753317017,SETTLEMENT
20_1453,18.694816240302586,LOW,11.4398254784918,22.486354671778027,25.571139431303756,INFRASTRUCTURE
23_244,57.61513080372702,HIGH,78.47256166826845,40.848347707669106,41.319221966681695,TRANSPORT
27_1200,14.779763527060302,LOW,8.06715025667957,18.654656211790094,20.07174148428465,INFRASTRUCTURE
29_729,41.72717360558201,MODERATE,30.99038519887242,74.13661849739488,21.973531937782,SETTLEMENT
31_874,26.81591231068999,MODERATE,21.91925990595657,28.574745874476005,33.13261760554463,INFRASTRUCTURE
31_1025,20.98770047590807,LOW,12.952824827781095,25.419755385327807,28.796505245172867,INFRASTRUCTURE
32_1418,17.804950213544075,LOW,12.362838043381922,19.989290450545766,23.283155751580644,INFRASTRUCTURE
33_13,53.04956660213237,HIGH,82.85799204517627,21.084892163213205,37.894766043300386,TRANSPORT
33_708,26.755093940984263,MODERATE,22.70602579358025,37.231663906955944,21.646981996532634,SETTLEMENT
39_194,54.89721926504919,HIGH,79.46242363937115,27.68418599788871,43.17469061853692,TRANSPORT
40_15,49.275118106876,MODERATE,74.5034711584592,21.240425130827674,37.25162350359079,TRANSPORT
41_966,38.74160553963446,MODERATE,33.403739882395946,43.94164599847363,43.585538991429196,SETTLEMENT
44_642,50.675635416949675,HIGH,47.13273501101875,80.76239127589339,21.507719794531532,SETTLEMENT
44_777,25.199250437014985,MODERATE,18.293936933253406,35.097287265563395,25.426476474235876,SETTLEMENT
44_843,30.842482628641328,MODERATE,25.985132889876937,27.43920406164402,43.56659297672306,INFRASTRUCTURE
44_1523,53.51384671088353,HIGH,77.4502308699936,36.06860916073648,33.67444544400651,TRANSPORT
47_1039,26.026095948753973,MODERATE,20.099089979333577,30.9880215296421,30.33561414039303,SETTLEMENT
51_586,25.22189939749117,MODERATE,25.89524669635466,27.91530593851953,20.694234238874326,SETTLEMENT
51_1520,44.307808035338155,MODERATE,50.62523116194232,41.7855333354357,36.810851475099255,TRANSPORT
52_235,56.29133432994317,HIGH,78.0151914997361,39.15398187040926,39.054884915830435,TRANSPORT
53_566,52.35401120032919,HIGH,82.45538905453276,36.38686357071298,20.40148050110922,TRANSPORT
53_801,23.609686367500583,LOW,16.08566550910666,28.91120664060587,29.923634780381292,INFRASTRUCTURE
59_1544,41.38803324082538,MODERATE,58.097813429715615,27.84810178871058,28.302932990241704,TRANSPORT
61_1203,15.262738907667522,LOW,8.416347514892228,19.429828963512772,20.519107419237347,INFRASTRUCTURE
62_218,55.26776910411356,HIGH,83.25330977811575,29.912412494664704,36.305057877104794,TRANSPORT
62_993,49.72940314241317,MODERATE,72.1938452398659,25.82551677344696,40.1785084939731,TRANSPORT
62_1076,26.348012951025073,MODERATE,26.449846845771603,26.891111899739993,25.41845281261466,SETTLEMENT
67_1132,17.656041141446856,LOW,11.568141497832755,21.980857450396996,21.773779827160354,SETTLEMENT
69_27,64.91098375654751,HIGH,89.94882283351498,21.659913066946164,71.84739070063446,TRANSPORT
70_593,26.084917413330743,MODERATE,26.271253124705616,29.99111324940077,21.129372641195282,SETTLEMENT
80_1256,18.841363427554985,LOW,12.812137841579386,25.778978750829346,20.04179375324742,SETTLEMENT
83_532,58.606032028156584,HIGH,69.4818670256872,71.85342525550915,20.673794781643426,SETTLEMENT
84_1435,40.87462806120437,MODERATE,63.49128252841183,21.362456208935203,24.501377979340262,TRANSPORT
85_1002,27.84201809808081,MODERATE,21.409118018435414,28.07596693066523,38.68160278378509,INFRASTRUCTURE
87_1024,50.83214181071132,HIGH,66.53910178284235,38.579955476834535,39.72001485004293,TRANSPORT
92_891,23.416346402011555,LOW,17.870698487654284,27.054508893688133,28.212158665963816,INFRASTRUCTURE
93_93,65.51367590888982,HIGH,86.07751518015046,31.125690568305963,70.93511885597394,TRANSPORT
93_428,31.14694349554844,MODERATE,37.82924440411071,27.59583505325567,24.301238429537445,TRANSPORT
94_580,31.866775294592557,MODERATE,35.33397960137243,36.59549548813574,21.1728362191166,SETTLEMENT
96_631,26.35813597330029,MODERATE,27.541111861828576,27.41278128285824,22.99201129348269,TRANSPORT
97_1012,55.83336708898141,HIGH,67.54182426259372,29.3545574713916,68.62191437209442,INFRASTRUCTURE
101_401,43.406980763519925,MODERATE,63.063507406529475,27.577591987996986,27.851684162657303,TRANSPORT
102_554,45.28638510101645,MODERATE,33.65747964022369,83.80429166435002,20.651079968369686,SETTLEMENT
102_1442,22.14439050483086,LOW,20.74637364360005,21.76105651268584,24.244266102479475,INFRASTRUCTURE
104_1297,42.52721933812843,MODERATE,35.2156992431388,72.86022440335087,19.78747061516776,SETTLEMENT
105_74,57.144226723552634,HIGH,65.94325437974558,37.43177601075972,65.41339244179515,TRANSPORT
107_1391,18.01380029157178,LOW,13.834403056129318,19.934120772487997,21.658924245333385,INFRASTRUCTURE
110_97,69.0492100665166,HIGH,76.25509474153192,45.34197331780347,88.11843319737032,INFRASTRUCTURE
110_951,18.628989488433206,LOW,11.632716562794467,21.934230080617194,25.608161526348315,INFRASTRUCTURE
111_1425,19.436111924022576,LOW,16.25482440820882,20.191290722079497,22.904968514895696,INFRASTRUCTURE
112_1345,17.818409985195593,LOW,11.049197834374732,24.460392480315946,20.479118591033124,SETTLEMENT
114_1106,24.860659838037048,LOW,19.343908370141673,33.19559195684282,24.44552911076776,SETTLEMENT
118_1383,17.020642722467798,LOW,11.549349724063028,20.22711609454889,21.268676455818646,INFRASTRUCTURE
122_433,51.675745516424676,HIGH,77.4620515919023,37.40044789244985,25.083439196375668,TRANSPORT
125_958,18.119587083758447,LOW,10.784689516405571,21.024149569182647,26.06440457166973,INFRASTRUCTURE
126_1544,31.2652723526529,MODERATE,33.126926418254385,35.64295776955092,23.63895872937157,SETTLEMENT
130_1126,24.08530753376618,LOW,18.576565061999716,30.777254908528782,25.423379334286544,SETTLEMENT
132_516,46.65558929852874,MODERATE,64.24096508487001,39.60667954170567,21.864154186960306,TRANSPORT
134_1295,28.638594414848527,MODERATE,31.32812440481646,32.467338607744125,19.845186614684003,SETTLEMENT
138_675,42.19824786796055,MODERATE,55.510173865406855,29.45488218438152,31.812365813665384,TRANSPORT
140_27,32.49727819430948,MODERATE,36.73404501768766,28.891306042286168,30.0995236138434,TRANSPORT
141_1564,24.659171407317803,LOW,19.553512723817935,34.0768522145578,22.27309905848579,SETTLEMENT
142_942,19.183207362698045,LOW,11.416690730297374,22.799117697391065,27.20692003137542,INFRASTRUCTURE
149_687,53.05425099896457,HIGH,69.30677375096795,36.436186019386255,40.8527443028819,TRANSPORT
150_686,54.379389646275044,HIGH,72.66205103889337,37.26531190299271,40.173611217448965,TRANSPORT
150_1110,30.234925155817827,MODERATE,25.433534743488945,38.12134459419888,29.87379929917434,SETTLEMENT
154_105,79.09781361621462,VERY_HIGH,80.94196584402873,71.78756537313524,85.7183358184543,INFRASTRUCTURE
156_103,76.29114182797636,VERY_HIGH,83.07634577134479,65.23808787754064,77.5914365332516,TRANSPORT
156_878,34.49339475310474,MODERATE,32.735928817711134,35.56650668896043,37.30910259564217,INFRASTRUCTURE
158_1490,25.005955351026053,MODERATE,18.07456647542669,37.35647639356289,22.447429340269384,SETTLEMENT
159_757,18.72626461049987,LOW,11.128944059577156,21.815724474023707,26.99630699909436,INFRASTRUCTURE
160_1535,23.338958036070263,LOW,17.62921159826681,32.47079012174808,22.126547037651516,SETTLEMENT
162_836,19.351867276158046,LOW,11.702291980701144,24.45119805079246,25.503865709207357,INFRASTRUCTURE
163_823,18.07953197932757,LOW,10.718389378872764,22.622365232881446,24.191309345489536,INFRASTRUCTURE
165_1205,16.361771216418504,LOW,10.22892042808278,19.203922908397786,22.066147151760298,INFRASTRUCTURE
167_997,17.273959342962286,LOW,10.310594527292624,19.53272763621711,25.19911008463933,INFRASTRUCTURE
169_250,57.6008842833621,HIGH,60.900259930100816,46.64697617611975,66.19215156399228,INFRASTRUCTURE
171_726,25.393556278022917,MODERATE,17.165284190688872,27.714203373447898,36.57634327365308,INFRASTRUCTURE
173_1302,19.255675084071484,LOW,16.06700153873718,22.362100646930234,20.024277588641862,SETTLEMENT
175_1422,17.20213260989633,LOW,11.941639551787185,20.49953025941459,21.010808683873424,INFRASTRUCTURE
176_65,51.291561881694435,HIGH,68.2208226285726,38.57776984332316,37.554636772241736,TRANSPORT
177_441,36.513460382673976,MODERATE,32.94638526923856,46.194111878456056,32.882748123305696,SETTLEMENT
179_140,49.091591687147634,MODERATE,72.06023440573544,29.240755637080806,32.2560632443882,TRANSPORT
179_393,45.59880313403838,MODERATE,38.588086717796,64.27728666471364,36.10164182926632,SETTLEMENT
181_409,57.51343681819028,HIGH,58.56627692768244,43.06930171029748,73.71432856427435,INFRASTRUCTURE
182_1213,16.461437582176536,LOW,10.74860024426037,18.99269653992079,21.815334493890283,INFRASTRUCTURE
183_57,46.57428344011104,MODERATE,54.13425151335295,38.35669523985106,43.66770112313409,TRANSPORT
183_521,66.72235941323095,HIGH,82.96911416570644,80.95894079842981,22.715481732173348,TRANSPORT
185_39,75.47982911351603,VERY_HIGH,77.30609132083347,79.76405052167311,68.2752949891339,SETTLEMENT
186_549,53.54915394718095,HIGH,86.71071799605463,30.74668073435914,23.061938675348035,TRANSPORT
186_772,20.10594927240162,LOW,16.058712187641607,21.3190733116279,24.631615898471786,INFRASTRUCTURE
188_63,66.23807132034449,HIGH,90.2865285008136,47.39074210719797,46.77394123891527,TRANSPORT
189_1397,16.426176405595243,LOW,11.17167454834197,19.145363814303824,20.77454266698747,INFRASTRUCTURE
190_534,56.047070274674624,HIGH,84.87573948257521,40.90190648100452,23.269294187038582,TRANSPORT
190_544,53.476816239258085,HIGH,84.81220310247264,33.11747572807143,23.31770481126879,TRANSPORT
191_528,64.3953650612787,HIGH,88.33474372635925,62.820381002326705,23.268362665329086,TRANSPORT
191_1609,45.38244691924634,MODERATE,66.66131668504836,34.08305220206936,20.34168699983351,TRANSPORT
193_412,69.2403167602303,HIGH,91.1990924955176,40.074857265286944,66.21678293868463,TRANSPORT
194_1163,17.694770658956188,LOW,9.88047341635398,21.911723227818,24.90085371982301,INFRASTRUCTURE
196_414,60.87526922009654,HIGH,86.54467168608151,37.224737249485294,43.992879898099055,TRANSPORT
197_397,69.83968256293109,HIGH,92.6537358680667,63.02910791412677,36.07578435019466,TRANSPORT
197_413,61.81061221686854,HIGH,89.2561888237087,37.53844240528278,42.79675405627645,TRANSPORT
198_373,45.59048312651979,MODERATE,36.8789588642023,41.61960356154092,67.67729386951127,INFRASTRUCTURE
198_399,64.89897882351703,HIGH,93.48206110502062,46.46348730719156,36.609624740504564,TRANSPORT
199_37,47.98739524651109,MODERATE,52.9347183972172,47.43439751598493,41.550069918353124,TRANSPORT
199_399,64.59158663347557,HIGH,94.0185961082262,44.96631410834293,36.17133677352764,TRANSPORT
199_400,66.04442791112868,HIGH,96.85469759534607,44.685314226197335,36.60000168744416,TRANSPORT
199_415,60.938550236646215,HIGH,89.94598906128313,35.39094183914347,40.7585740836956,TRANSPORT
199_995,15.860665684691694,LOW,8.527108352510425,19.41595735348524,22.73679207430572,INFRASTRUCTURE
200_397,63.70556571483132,HIGH,93.08855611382248,43.77357944051447,34.957393946800444,TRANSPORT
200_550,52.15596066410281,HIGH,84.35199273289659,29.144764282706277,24.04032173199793,TRANSPORT
201_401,63.956676515657364,HIGH,94.19949004015011,41.85020960549931,36.04090005240682,TRANSPORT
202_1166,17.43698723887458,LOW,9.643448432836152,21.748654155347154,24.46241323692239,INFRASTRUCTURE
202_1269,17.47528381367669,LOW,13.543600110008008,19.649742123661028,20.328381840048944,INFRASTRUCTURE
203_393,60.84996379112493,HIGH,89.75374957459972,39.667598023596504,33.739637109140766,TRANSPORT
204_389,62.28602926116984,HIGH,93.6077680592485,37.509779303961984,35.11856745374869,TRANSPORT
204_786,36.44749641430802,MODERATE,51.35422327359678,24.13131286501339,24.57350596321462,TRANSPORT
206_941,17.288242638973074,LOW,10.071110753852622,19.8736870808533,25.277118943566833,INFRASTRUCTURE
206_1313,16.31177760198237,LOW,10.76907425042212,19.4740283058821,20.631502830023386,INFRASTRUCTURE
207_398,56.989110241408326,HIGH,85.16428749834796,36.56605158089867,32.74613701556509,TRANSPORT
207_551,51.50650033174988,HIGH,83.24699438165905,27.72059298474402,24.65402003244709,TRANSPORT
208_541,55.73756662033594,HIGH,90.01119472875583,30.28200209266876,24.760449309279824,TRANSPORT
208_542,56.55499170014699,HIGH,92.11187523527788,29.98697437147431,24.766157584422736,TRANSPORT
208_550,51.4583335338215,HIGH,83.00073485271302,27.80066334429231,24.758985221243595,TRANSPORT
209_1184,16.232731765079627,LOW,8.68499509394584,20.217538846737803,23.03830027539382,INFRASTRUCTURE
209_1258,16.78465712221901,LOW,12.188459409286672,19.09800866076149,20.519525947339993,INFRASTRUCTURE
209_1337,15.612040819776773,LOW,9.303068954454902,18.9387784319572,20.957421778773266,INFRASTRUCTURE
212_536,56.58799122393755,HIGH,90.65932016374903,31.131615975593636,25.11926941246613,TRANSPORT
212_538,58.34891146677839,HIGH,95.27617928634827,30.34457245564479,25.14781305360089,TRANSPORT
213_922,17.732439817077942,LOW,10.50231768050272,20.21551900401246,25.924030726689967,INFRASTRUCTURE
214_536,55.75491232009663,HIGH,88.30378635528118,31.555789630837477,25.340241862768654,TRANSPORT
214_923,17.611569985416857,LOW,10.385068634491128,20.11929215320423,25.751523308417756,INFRASTRUCTURE
216_668,22.13781914865862,LOW,12.358274961881227,33.689636790075745,24.96491524372006,SETTLEMENT
218_793,30.118395468604497,MODERATE,35.37615068746016,26.820757388299477,25.27815288168397,TRANSPORT
221_1601,21.835769045798116,LOW,17.673110753221376,28.99049975942661,20.016010082151073,SETTLEMENT
222_1036,18.041085810752477,LOW,10.244193024597996,23.044043236268408,24.368514988932247,INFRASTRUCTURE
223_498,55.99596918940163,HIGH,82.86120972947059,43.701462919177125,25.557485199278453,TRANSPORT
223_591,25.21150574798588,MODERATE,18.769997605815654,35.168480797859985,24.578029671102367,SETTLEMENT
224_1401,17.525146930049946,LOW,12.712479429293195,19.775363634103275,21.80904517483337,INFRASTRUCTURE
225_41,47.69888482771036,MODERATE,67.79079448402246,32.94944174751488,30.947815561190527,TRANSPORT
225_934,16.682157757589632,LOW,9.347603691595166,19.77818830651222,24.202218695435654,INFRASTRUCTURE
226_699,22.849707589964467,LOW,14.953858631252581,32.0009082764356,25.292872448466998,SETTLEMENT
227_1644,29.359121546855064,MODERATE,28.330447178045937,39.67460617864644,19.629293164714078,SETTLEMENT
228_721,22.932557967883305,LOW,16.873106430935383,27.140610777388808,27.888760588168164,INFRASTRUCTURE
231_1310,15.485873283684704,LOW,9.339035466481405,18.33011975877101,21.086704668858065,INFRASTRUCTURE
234_382,61.55211552232285,HIGH,93.86252547940117,28.36479138093999,42.785317628931125,TRANSPORT
236_1344,15.490816014109047,LOW,9.247764328525642,17.850970592991004,21.810539445085315,INFRASTRUCTURE
237_46,40.19640173491768,MODERATE,51.38296021310856,32.78055654540203,29.45011415441496,TRANSPORT
240_1004,15.718639556519243,LOW,8.36490564607269,19.718407712663247,22.101091790734312,INFRASTRUCTURE
243_522,68.96919934921506,HIGH,93.51117064297573,62.91152716123452,29.96404239166003,TRANSPORT
244_467,22.786085344889262,LOW,19.010555702718662,25.77963441353343,25.194072903255364,SETTLEMENT
244_1007,15.773158841223832,LOW,8.41772647692623,19.814248217236564,22.1190869285771,INFRASTRUCTURE
244_1230,15.057195460479717,LOW,8.781956268561904,17.8262250333892,20.90286597290789,INFRASTRUCTURE
245_766,48.75885714744096,MODERATE,64.87187538902714,37.63405915997175,34.342450230019914,TRANSPORT
246_43,44.051946450617,MODERATE,59.18037261429953,34.550050631482456,29.555660599117452,TRANSPORT
246_358,58.3018819402392,HIGH,89.20243568344186,31.301462771180837,36.345154040812346,TRANSPORT
246_1003,15.584488337366972,LOW,8.267136562960548,19.5407389853065,21.935141030725188,INFRASTRUCTURE
247_358,58.0104386256059,HIGH,88.80413477678698,30.860959123884165,35.84063158522716,TRANSPORT
247_361,56.01671098986073,HIGH,84.5209105024447,30.419942653553957,36.74586811742415,TRANSPORT
247_523,66.18410467475235,HIGH,98.88190096164334,46.532952361318046,31.15259009472996,TRANSPORT
248_366,60.7745820493685,HIGH,94.27465044957306,29.854410254233564,37.16720872988527,TRANSPORT
248_398,52.64411262536298,HIGH,82.92615655015945,27.432746109049255,30.6150318329894,TRANSPORT
248_404,51.8799820053883,HIGH,82.67143431452656,26.36578387401868,29.214561454210518,TRANSPORT
249_358,56.328821199313914,HIGH,85.98598705342503,30.037616302446057,34.8862354874661,TRANSPORT
250_362,57.10336502538853,HIGH,87.39987242249707,30.096122334677816,35.31874876806208,TRANSPORT
250_404,50.15715801092995,HIGH,78.55378378055423,26.729731478985187,28.966154843225127,TRANSPORT
250_522,65.49493117372694,HIGH,96.69327049968904,46.41841644065229,32.25231795675124,TRANSPORT
250_1510,28.714848313295516,MODERATE,31.144758506835807,32.08515306061743,20.901327230297856,SETTLEMENT
251_407,50.62960286248175,HIGH,80.32398186659928,26.329655849642002,28.2785382497473,TRANSPORT
251_505,70.13824944214156,HIGH,95.5262821100188,63.56277778638373,31.319753802083593,TRANSPORT
251_510,70.69410961666449,HIGH,92.7336131393369,69.95991510947103,32.029958524432715,TRANSPORT
252_358,57.85630010918206,HIGH,89.946044559135,30.079880562522888,33.58797065306938,TRANSPORT
252_509,68.31378578155905,HIGH,89.21262036175777,66.87624549911465,32.25374448904211,TRANSPORT
252_875,20.000309241066276,LOW,13.042673989444614,27.036770145205136,22.844896303094124,SETTLEMENT
254_507,62.02472725191592,HIGH,89.04485015476243,47.130252771042116,32.65062254661588,TRANSPORT
256_365,57.826767153745436,HIGH,88.4888485876942,33.38613873382218,32.889286288992956,TRANSPORT
256_1265,14.960579116805594,LOW,8.925353752169613,17.47100700835911,20.67653979777544,INFRASTRUCTURE
258_206,54.81221532097976,HIGH,72.00556232921991,47.8717451889092,31.952048508048218,TRANSPORT
258_678,19.528898977908554,LOW,13.448863357192176,23.07955243308995,24.7854651481705,INFRASTRUCTURE
258_1217,14.886323383024209,LOW,8.126104817570056,18.10048838968181,21.030250600451755,INFRASTRUCTURE
260_357,56.600998232763814,HIGH,87.43363252870866,32.87172025780622,30.690125065743178,TRANSPORT
260_358,56.8488835960842,HIGH,87.69347007922936,33.249374337438255,30.80462605569544,TRANSPORT
262_507,60.341193917089484,HIGH,88.87859739535313,38.148371182131015,36.02406255089498,TRANSPORT
262_1643,20.093895157926266,LOW,16.661326404613074,24.987554237881188,19.357796867186966,SETTLEMENT
263_1026,16.069440184565615,LOW,8.707030338493327,20.33683826435101,22.21101705684126,INFRASTRUCTURE
264_864,23.19444653969876,LOW,17.672695145429113,31.897017808125383,22.129697615456067,SETTLEMENT
264_1413,17.272890929683044,LOW,10.731221442428337,20.050598768363386,23.88190899740825,INFRASTRUCTURE
266_413,56.24015365823816,HIGH,90.58224121069199,27.304749328574495,29.395843982979542,TRANSPORT
266_545,40.146436419337824,MODERATE,30.943955350323236,32.927446175457,66.00929293438627,INFRASTRUCTURE
267_413,56.516705938258085,HIGH,90.93427701747942,27.59826462007076,29.65556702410054,TRANSPORT
267_576,46.7528727485381,MODERATE,38.48077524092102,70.93400623430766,33.29420331094345,SETTLEMENT
268_406,56.55054775879547,HIGH,89.71733301278022,29.1774195557992,29.75540436618744,TRANSPORT
270_329,44.09566815449298,MODERATE,64.95719798379594,25.611176782274146,28.31974333085544,TRANSPORT
271_508,63.1418778712813,HIGH,89.88059899530543,41.54057742650791,41.52001358200664,TRANSPORT
272_1254,14.82235402242647,LOW,8.917653018666618,17.033547905695574,20.63679393787954,INFRASTRUCTURE
273_523,72.3115210264252,HIGH,92.37500100112253,43.9888606404357,70.47728105884092,TRANSPORT
273_611,46.14363265924713,MODERATE,62.771916203325915,30.582055944403063,36.26730680805545,TRANSPORT
274_964,15.422168179471985,LOW,8.294736965068843,19.495928619241674,21.289757271033675,INFRASTRUCTURE
275_1336,17.42775669677111,LOW,13.49689392799786,17.068444724090963,23.16839528395266,INFRASTRUCTURE
277_511,77.43279814392774,VERY_HIGH,89.99491767038761,66.67849557400056,66.69681708876631,TRANSPORT
278_398,58.66091312859722,HIGH,90.17032339861856,33.80909771345394,31.88923605903029,TRANSPORT
278_421,55.45803636796298,HIGH,83.80173354232035,31.883772226167515,33.45696470455005,TRANSPORT
279_381,66.54546065594408,HIGH,85.43228568614711,69.34964598942453,29.342748874974706,TRANSPORT
279_1125,16.721863890870015,LOW,9.304947547553892,21.406063143760996,22.573739661486492,INFRASTRUCTURE
280_522,84.52758293470089,VERY_HIGH,94.65166440260947,68.64951829554855,84.43094337032224,TRANSPORT
282_49,46.958110594273045,MODERATE,60.980960874015366,40.116537753176196,31.157384639622983,TRANSPORT
282_503,67.50150930462664,HIGH,99.05869815574574,43.77258394608907,39.21440237698285,TRANSPORT
282_578,63.23568024382848,HIGH,88.44717339785697,47.64314992933536,39.035650569058376,TRANSPORT
282_1317,17.92491836203049,LOW,15.095944662149364,16.885091100287685,22.62535911364851,INFRASTRUCTURE
283_447,27.996437450694934,MODERATE,24.880853044270307,30.22936066492402,30.88671302508598,INFRASTRUCTURE
283_522,84.36430500791117,VERY_HIGH,96.60814198153477,70.79699361204199,77.59320933696824,TRANSPORT
283_560,65.40745568689576,HIGH,80.73711680347138,42.12307599054343,68.47691140962657,TRANSPORT
283_573,68.89400779803832,HIGH,84.37089573355391,67.87555665677635,43.65429970747336,TRANSPORT
283_574,69.05617575634034,HIGH,85.13310873929916,67.43843707442709,42.72987226329062,TRANSPORT
283_575,67.44392566427932,HIGH,82.40213067887976,66.7433492460863,41.8427810166164,TRANSPORT
283_1089,16.814375581543878,LOW,9.409599305569186,21.59009045178488,22.55406648698555,INFRASTRUCTURE
283_1342,18.257626175712893,LOW,14.981193320575601,17.14068556284462,23.86079899672521,INFRASTRUCTURE
286_916,18.271102043597253,LOW,11.390612016643848,24.687013408587354,21.445610022725383,SETTLEMENT
287_381,55.92422506793378,HIGH,76.89803953400964,46.93062628271103,31.72337098476561,TRANSPORT
287_575,69.36595578215491,HIGH,80.19317120928515,76.06835350689367,43.67749057618628,TRANSPORT
287_915,18.38157961087768,LOW,11.522663183843944,24.899285502750566,21.41855018331756,SETTLEMENT
288_502,65.94518109611865,HIGH,98.09312026118681,41.681063529058605,37.1535391683189,TRANSPORT
289_1159,15.445250717144487,LOW,8.205403881084166,19.43023990006943,21.61030267332284,INFRASTRUCTURE
290_389,57.81610645474906,HIGH,83.27616983352839,41.59697072468632,33.01298785595631,TRANSPORT
290_496,56.52395699517931,HIGH,83.64149610848163,35.82127046130486,33.65382755633912,TRANSPORT
290_497,58.74721633010761,HIGH,88.12643798632193,36.53997327442473,34.08324342338259,TRANSPORT
292_192,44.454592835387416,MODERATE,63.41974218374099,33.78229753695482,24.961087401676394,TRANSPORT
292_534,61.18034957164296,HIGH,91.40312211008712,36.319655004250556,37.757021492509054,TRANSPORT
293_535,57.69434400426571,HIGH,84.45798435837463,35.33549244849126,36.86021577590319,TRANSPORT
294_537,59.074277535860965,HIGH,88.6431321086019,33.862969314060656,36.88829448410104,TRANSPORT
294_571,81.39046505957492,VERY_HIGH,90.96375564540025,78.56332159786022,67.45565405241646,TRANSPORT
295_538,59.910673907846814,HIGH,91.3677759328969,33.06748799650684,36.54152093553327,TRANSPORT
295_704,28.868399223384056,MODERATE,34.62939079565394,22.745475774519576,26.215792416789906,TRANSPORT
296_126,52.344957306986316,HIGH,73.64712669011881,35.21766588264968,34.06749290274992,TRANSPORT
296_534,56.86008792030176,HIGH,82.41939837634332,34.875132165808715,35.88984303937552,TRANSPORT
296_640,28.599032106846874,MODERATE,23.306383916868334,32.01609838162895,33.95419562043435,INFRASTRUCTURE
297_393,66.56762955269713,HIGH,85.53649001770277,63.1214658839575,36.4235371129729,TRANSPORT
297_422,76.63879873968322,VERY_HIGH,87.5864714278493,65.3584093003792,71.38365620291972,TRANSPORT
297_537,57.47960502538149,HIGH,86.49145475975327,32.989659033158226,35.22597912219165,TRANSPORT
298_424,77.61984176151245,VERY_HIGH,86.99306185505003,68.72517712053006,72.5367992853362,TRANSPORT
300_218,70.86518407938851,HIGH,90.72796324818546,79.11193953132967,26.208134991661012,TRANSPORT
300_539,59.18367377533558,HIGH,90.57330070688599,33.84156769972794,34.07119402227221,TRANSPORT
301_14,36.81232664828789,MODERATE,44.977405810224724,24.268405834106872,37.10499676688852,TRANSPORT
301_608,65.04622045070379,HIGH,82.11203724789463,29.60209289091551,78.07336686197502,TRANSPORT
301_865,36.74584393627535,MODERATE,27.200585302190376,63.06044539921651,21.601911768392014,SETTLEMENT
302_513,61.317979222450745,HIGH,91.79105227915909,37.419514080854164,34.873318549964594,TRANSPORT
302_539,59.732545411700364,HIGH,90.8358113816071,34.95311528866378,34.54632216656852,TRANSPORT
302_874,28.74075955966131,MODERATE,23.807522786575525,42.8209500953179,21.31360826797811,SETTLEMENT
302_1466,18.801969442184745,LOW,13.882355640656282,20.823786019485077,23.712636134885205,INFRASTRUCTURE
304_429,76.73611671423424,VERY_HIGH,80.41539982954468,78.2291447527923,69.75959927406403,TRANSPORT
304_563,63.392351721306724,HIGH,91.29090239144212,39.67582598849202,42.64481160527939,TRANSPORT
305_463,63.72242088143296,HIGH,81.73484312730567,67.61254495021389,28.70537983720728,TRANSPORT
306_907,18.90964278202726,LOW,12.23297859247213,26.12777782713893,20.909128082395124,SETTLEMENT
308_510,57.435290543806914,HIGH,86.59993768498052,35.36486385509004,31.936916560819622,TRANSPORT
311_430,68.69107638929086,HIGH,83.15167255022445,67.33922103923078,46.13334331705028,TRANSPORT
311_595,55.20502026504989,HIGH,83.05676150247608,30.251639665795004,36.498581670789164,TRANSPORT
312_430,67.01588923724744,HIGH,81.1484395926313,65.60595398531072,45.26360963682912,TRANSPORT
312_903,19.018396455876474,LOW,12.376242650752726,26.41489843833883,20.770409407939656,SETTLEMENT
313_1582,25.702087177377457,MODERATE,26.169946255233885,29.733603766376127,20.066017168504697,SETTLEMENT
314_442,58.878301182872086,HIGH,87.36312926445393,37.2347011367669,35.491937063942466,TRANSPORT
314_1575,29.514672051085807,MODERATE,32.86907009296045,32.931154307494545,20.1778008945286,SETTLEMENT
315_269,55.01800756089638,HIGH,88.48037619917875,24.821494896765028,30.06358398710127,TRANSPORT
315_467,69.90501930546861,HIGH,89.66821061468119,76.10191327597695,27.637431834243092,TRANSPORT
315_505,60.46769203129628,HIGH,94.47248363604272,34.31595372325732,30.64027411491601,TRANSPORT
315_1482,22.920658649963464,LOW,23.259476609234202,21.757788866391806,23.044896623401687,TRANSPORT
316_50,56.67688669475896,HIGH,91.60356658522247,24.9670445254563,31.9117132457139,TRANSPORT
316_298,59.977672856257016,HIGH,93.13797870271168,23.20680873986199,43.848985698837915,TRANSPORT
317_380,66.14376696906679,HIGH,80.79912512855242,42.001035791681296,72.38643386095225,TRANSPORT
317_593,57.84090092519391,HIGH,91.0607041874284,29.070945273709675,33.3860311555868,TRANSPORT
318_526,69.060238263064,HIGH,77.62305106763623,81.59422008456379,40.34055411018998,SETTLEMENT
318_584,58.788787602628254,HIGH,93.06585431848634,30.575053546227664,31.463195437062545,TRANSPORT
318_593,56.78093085029804,HIGH,88.97913076258736,28.788254122344338,33.03763804300545,TRANSPORT
320_406,64.8319950480481,HIGH,94.52823367907706,39.982344075792334,41.88263255094961,TRANSPORT
320_590,55.909574548587436,HIGH,86.8945063605364,28.799363378232595,32.9579745765551,TRANSPORT
321_1016,15.439832774739804,LOW,9.797263756155928,17.912572407004912,20.594205395654814,INFRASTRUCTURE
323_558,70.99044787387592,HIGH,89.3744506167499,39.20370171564308,76.77626635553733,TRANSPORT
323_585,59.10514076299147,HIGH,93.6762604976765,29.399043057132847,32.4450956717021,TRANSPORT
324_579,58.79473492246261,HIGH,90.9348365479907,31.831407027491455,33.75055044871308,TRANSPORT
325_476,58.20220836866613,HIGH,89.57128329821431,38.282803525930795,27.183592393192903,TRANSPORT
328_603,53.64822750815934,HIGH,76.75507647254693,30.48097284376109,41.54520002317159,TRANSPORT
328_1011,15.32120478166573,LOW,9.798565259269497,17.645613202403524,20.422558508993983,INFRASTRUCTURE
330_410,59.90655464232799,HIGH,74.04943940290161,33.233414056996224,66.34096216303367,TRANSPORT
330_497,57.16407619136946,HIGH,91.01018436788007,29.90361589874896,29.467026842661546,TRANSPORT
331_361,62.790745743061734,HIGH,94.37415687703434,40.58389415367357,32.57449250246564,TRANSPORT
331_600,54.8815495258352,HIGH,79.27126352640418,30.46704877680224,43.19788694490076,TRANSPORT
331_1374,42.58329167030148,MODERATE,63.46317419723674,17.224804642378942,35.10261718719067,TRANSPORT
332_495,57.09414875315048,HIGH,91.73746399216496,28.94530224964347,28.969731959304656,TRANSPORT
332_535,74.69794642700072,HIGH,89.43411911529746,42.68535351268281,88.4758545814817,TRANSPORT
333_646,45.11510024754393,MODERATE,37.13419137043246,38.833316987856016,68.52254842713887,INFRASTRUCTURE
334_359,62.11332390230009,HIGH,95.12759767695074,38.009731193358704,31.376417981198866,TRANSPORT
334_406,70.50362361991715,HIGH,93.90316547070444,30.886432139062688,75.857723986193,TRANSPORT
334_536,69.73774292176806,HIGH,84.28656445558966,40.15151654549689,80.33542295620018,TRANSPORT
334_764,24.087466137227647,LOW,24.064075033530713,23.50056643910188,24.34106919056716,INFRASTRUCTURE
335_896,17.692404909574154,LOW,10.918763623416245,24.191243028920766,20.506299166070693,SETTLEMENT
336_399,68.97451557502987,HIGH,87.10485119821692,33.40719885134169,79.9080210128909,TRANSPORT
337_398,67.49726808019716,HIGH,85.36195741213217,34.187119218609766,75.69269386850878,TRANSPORT
337_820,18.856508473973804,LOW,12.076617848459374,24.874974832487535,22.396412690947628,SETTLEMENT
338_294,57.71964031418663,HIGH,90.46169587934234,26.44583013063303,37.155814713368834,TRANSPORT
338_466,55.679582853469554,HIGH,85.97023043880294,32.78039892233739,29.501957682385143,TRANSPORT
338_513,56.33964217664299,HIGH,83.63229440797748,34.68943448061699,34.9852795424311,TRANSPORT
338_924,16.133727912224565,LOW,9.322917987468761,21.3812869739672,20.218704901100683,SETTLEMENT
338_1072,18.326663084188194,LOW,16.342926239258716,18.135635733682097,20.66546143192682,INFRASTRUCTURE
338_1406,55.473344505634174,HIGH,85.63522602656528,17.69262936083067,46.13787022233346,TRANSPORT
338_1654,40.42814366616804,MODERATE,58.63939379568939,31.447254866275998,19.276354953790793,TRANSPORT
339_465,57.45458245174936,HIGH,90.24655921616758,32.290230925587174,29.659606025099617,TRANSPORT
339_466,57.57700328118821,HIGH,90.4561708739838,32.24599262785081,29.751364986873252,TRANSPORT
339_467,56.19054810501735,HIGH,87.53450348651913,32.18262357093385,29.837936480536147,TRANSPORT
339_490,58.256927964129915,HIGH,93.78536430767281,28.35610498095659,29.80950488111081,TRANSPORT
339_491,59.329184988690486,HIGH,96.32353719353948,28.379058268909052,29.721147131636034,TRANSPORT
340_465,57.78951350006116,HIGH,91.16883674606885,31.780071559506094,29.912174159756017,TRANSPORT
341_486,60.3890832962754,HIGH,97.52201872470722,28.839024287119557,30.683848939725294,TRANSPORT
342_465,53.146948338823805,HIGH,81.2836413067635,30.836890925724227,30.44556659248776,TRANSPORT
342_468,54.759628714409956,HIGH,84.7581259089345,30.691049628114968,30.763319117390033,TRANSPORT
343_359,52.492548512935386,HIGH,73.82190679109534,40.18533630383169,31.857212282306218,TRANSPORT
345_474,56.20668467825606,HIGH,88.17672169813069,28.959788764128714,32.26025580560666,TRANSPORT
346_836,17.58346946780374,LOW,10.55801013263759,23.33594993279097,21.66646977875793,SETTLEMENT
348_1302,16.31948391420348,LOW,11.795597549483576,16.04871911147437,22.81721293126846,INFRASTRUCTURE
350_510,58.72852048306348,HIGH,92.83669738685559,30.57883478468465,31.399331888028946,TRANSPORT
350_606,71.65311303561161,HIGH,90.52883784849828,46.926709360600825,68.55564735170377,TRANSPORT
351_413,61.15236014470591,HIGH,93.59793159566382,33.78958187612966,36.24576011043379,TRANSPORT
351_482,61.5735618683083,HIGH,95.39452128551824,32.44349413117923,35.008939680871656,TRANSPORT
351_510,58.29622984647186,HIGH,91.6490528660196,30.943112493123227,31.190760507424663,TRANSPORT
353_512,59.45184715202251,HIGH,94.08665696617311,31.09377205898351,31.56795453747623,TRANSPORT
355_106,42.00561091434735,MODERATE,55.00419228603904,28.961471157069163,34.40795812554365,TRANSPORT
355_852,16.92393794694057,LOW,9.95753567835542,22.41801682733826,21.10679488030635,SETTLEMENT
356_608,78.13795061982715,VERY_HIGH,83.30548946086091,74.30749633472561,73.13122733269178,TRANSPORT
358_530,61.68617872465012,HIGH,86.71406386202842,40.33921742914319,43.47587354936241,TRANSPORT
358_1363,26.68160058418368,MODERATE,31.52692962032908,16.674213127578668,29.725688614192038,TRANSPORT
360_264,69.47914531235597,HIGH,83.28237325658327,47.88713439076351,72.80253223355011,TRANSPORT
360_519,57.87523408888696,HIGH,86.83658492778228,33.208250866343505,35.352892790585564,TRANSPORT
360_1070,36.83258355690569,MODERATE,57.81263601258622,17.451409127504448,20.239749711658742,TRANSPORT
363_189,44.04873097607027,MODERATE,53.36376283715586,35.82947632586924,38.401917947934365,TRANSPORT
363_966,14.712656215357029,LOW,8.189955485711229,18.36830946806787,19.92004240909982,INFRASTRUCTURE
364_545,89.25348335728242,VERY_HIGH,92.07073197581724,82.81182185182324,90.90655071234981,TRANSPORT
367_468,44.28405367948129,MODERATE,52.966313204041846,32.468439770497234,43.85913205855921,TRANSPORT
368_367,60.96994847725487,HIGH,83.40187815913134,42.03310974339912,46.48606005670972,TRANSPORT
368_829,16.2172749719408,LOW,9.218398294775806,20.900611749260058,21.281412869961702,INFRASTRUCTURE
369_539,77.63636283796616,VERY_HIGH,91.14669241481303,62.77728883513445,71.02528314614551,TRANSPORT
370_476,45.977233460175846,MODERATE,33.900746831968306,38.43508120675685,77.96925566486131,INFRASTRUCTURE
372_119,36.84170589317562,MODERATE,39.50269810898674,30.802919595166365,40.5462707637893,INFRASTRUCTURE
372_368,69.71335294894692,HIGH,84.93043965350874,47.96883189192588,71.48109411927317,TRANSPORT
373_448,58.31090137898607,HIGH,93.94978747304994,26.323928712486804,32.13535486321605,TRANSPORT
373_717,17.414318288207696,LOW,11.533213367455874,19.56857397307387,23.62366061179053,INFRASTRUCTURE
376_613,57.448886200914274,HIGH,81.56615829941214,39.29733774107912,37.64519957198099,TRANSPORT
376_614,60.85032045689627,HIGH,88.53223944791168,38.88298571498171,37.695901538674434,TRANSPORT
377_494,75.5378399139917,VERY_HIGH,90.1968920546751,84.10840398345808,40.17816379333772,TRANSPORT
377_504,61.03761886061165,HIGH,87.16842495553955,46.07916524557738,33.7871209390833,TRANSPORT
379_464,61.99400983372004,HIGH,94.21191800056104,30.93654498241675,41.66193875440977,TRANSPORT
381_395,62.13989730019895,HIGH,89.28942443997435,40.21242314111586,41.33772292582473,TRANSPORT
381_468,62.56224358140391,HIGH,92.5389039299352,32.704670641210356,44.84161492092721,TRANSPORT
382_638,31.217852229769743,MODERATE,34.27416743325135,27.61989491311465,30.651794048057013,TRANSPORT
383_922,14.93799048406288,LOW,8.006425348658755,19.066752165345495,20.33778235055303,INFRASTRUCTURE
384_469,61.06861636036025,HIGH,89.91547486898213,32.73469019712859,43.409347725587075,TRANSPORT
384_549,40.50811496463728,MODERATE,37.380945164020034,43.47069336501039,44.37174207547143,INFRASTRUCTURE
384_1393,42.24015368889684,MODERATE,66.84603319857396,17.341356718922828,28.08162936374467,TRANSPORT
386_469,62.41971140144319,HIGH,93.15892960156408,33.84436407103218,41.7508944735297,TRANSPORT
386_471,62.24361840173793,HIGH,92.03688503759051,33.86271744848526,42.949052153002704,TRANSPORT
386_685,21.95671555383745,LOW,20.77197890568472,20.67500228783036,24.69087639190983,INFRASTRUCTURE
388_927,14.786365212197222,LOW,7.82809724879315,18.737642858106458,20.413111499704623,INFRASTRUCTURE
391_315,52.06745719411424,HIGH,80.46894326225323,24.160103908672802,33.385085298522256,TRANSPORT
391_522,57.50418859949745,HIGH,76.95094618535914,41.27772849874165,44.88183578538945,TRANSPORT
393_437,60.71262087807139,HIGH,98.42976766288771,27.910381756749313,31.417128319767006,TRANSPORT
394_671,33.50291875957169,MODERATE,45.31750542643813,21.565884314761025,26.37953688655014,TRANSPORT
394_1262,16.269548792265876,LOW,12.860505076973027,15.92402298913128,20.93442653621395,INFRASTRUCTURE
394_1503,45.74054227231232,MODERATE,73.03204065880547,25.786093548658386,21.642571828537964,TRANSPORT
395_1491,25.228754277076582,MODERATE,28.042037998195045,23.552036063897454,22.02803423934339,TRANSPORT
396_198,37.04028190303937,MODERATE,35.95508048870849,35.44206814638874,42.12032095089576,INFRASTRUCTURE
396_1282,16.57966143979339,LOW,13.31480566145738,15.893750919587912,21.430672775257545,INFRASTRUCTURE
396_1560,56.08939917397766,HIGH,61.513185656833855,77.8399364396979,20.30528767316496,SETTLEMENT
397_969,14.612587057644893,LOW,8.186816397533288,17.55216961002663,20.457878338603443,INFRASTRUCTURE
398_366,70.01876727249058,HIGH,83.50473148345255,46.944558573544285,75.97403521213484,TRANSPORT
398_393,67.45239932400273,HIGH,87.31950711581295,33.09631278190397,72.24182767646504,TRANSPORT
398_514,61.5060645618985,HIGH,94.11366808371682,33.288218030694004,36.041939284056745,TRANSPORT
398_612,56.34437336267675,HIGH,68.4790373900529,29.260857309188488,66.41268729991704,TRANSPORT
398_636,51.60279981787206,HIGH,79.90674556343633,25.240918592306887,31.23519579816678,TRANSPORT
398_724,17.294293492193646,LOW,12.267580238731739,18.55312265436121,23.045162584075886,INFRASTRUCTURE
399_176,60.66817160365363,HIGH,68.41808605992576,38.60197397531725,73.44057038675875,INFRASTRUCTURE
399_549,58.072711866098295,HIGH,81.69251838159195,39.29410177669259,40.303986451752635,TRANSPORT
400_148,57.37747179711975,HIGH,89.56722254387581,27.747707372659807,35.63455682295966,TRANSPORT
404_506,59.6054324371112,HIGH,90.45114851067157,29.79752484510424,40.86014189969035,TRANSPORT
405_401,70.38124298404782,HIGH,95.48690995499378,31.16294655153312,71.62400930686007,TRANSPORT
406_394,62.82387737577266,HIGH,94.29733467875187,31.754681855773008,43.34526722413558,TRANSPORT
406_456,64.98991507944027,HIGH,93.87843873453323,41.30569387934324,41.07248367543333,TRANSPORT
406_513,60.82701712086447,HIGH,93.63988061982414,30.74407754386469,37.71250588717,TRANSPORT
407_527,62.60768058888225,HIGH,90.72432279210375,35.416943123031544,45.93241845949476,TRANSPORT
407_1330,16.883131755297427,LOW,13.019608879140721,16.186628523434607,22.815888402563157,INFRASTRUCTURE
408_650,53.01206526397555,HIGH,85.36437474330904,22.517858763061156,30.621786656011285,TRANSPORT
409_488,70.4876331683064,HIGH,93.79700561779485,38.42334053091771,67.3357266446297,TRANSPORT
409_509,60.870452847507515,HIGH,92.58181771032797,28.77288563954099,41.992483067659194,TRANSPORT
409_663,57.16218454468773,HIGH,95.81239775755512,21.395475530097713,29.73892909045981,TRANSPORT
410_480,71.92803985977842,HIGH,92.43399612979997,63.36044437958472,44.53289704032745,TRANSPORT
410_491,68.05700591129559,HIGH,88.08324826517398,35.957155187041266,70.54369892136701,TRANSPORT
410_662,57.67622548898843,HIGH,96.78738151808597,21.405332151329002,30.112427425345413,TRANSPORT
410_712,18.827449926375582,LOW,15.109826053764126,18.64069754363178,24.205281335867458,INFRASTRUCTURE
411_386,62.23075672893452,HIGH,94.10261264979111,33.23700104049204,38.87951894329523,TRANSPORT
412_399,62.98204758514132,HIGH,93.07925723894344,35.28133123610394,41.679031820921175,TRANSPORT
412_530,65.29078880958188,HIGH,82.23152667113472,33.10556411015341,73.38344610896067,TRANSPORT
412_660,53.19209909308288,HIGH,86.98503844248415,21.417198387299578,30.924334427157408,TRANSPORT
413_231,46.45269745126331,MODERATE,56.21809257875423,42.72989210291055,35.02054001380306,TRANSPORT
413_476,80.62068174382908,VERY_HIGH,93.5254148615001,70.10063486681392,69.8152325509579,TRANSPORT
413_656,54.49860101228198,HIGH,89.42019167659822,21.631299761416727,31.77072781346373,TRANSPORT
413_847,15.477726021077903,LOW,8.483657689549714,19.802566201312732,20.83768158740893,INFRASTRUCTURE
414_365,56.53750235809487,HIGH,81.68411200522083,32.35126957608286,43.00370612274227,TRANSPORT
414_425,57.045641882912165,HIGH,87.41969393599598,28.857374530630597,37.84973351523425,TRANSPORT
415_392,64.08720798961608,HIGH,96.82274929880934,37.26290678648386,37.29213295460091,TRANSPORT
416_384,61.13404557509218,HIGH,92.50624095556759,35.35434731193611,35.40380814110554,TRANSPORT
418_645,53.806767491723704,HIGH,86.37379317235586,21.955508766801174,34.746747989448416,TRANSPORT
419_394,64.69192717905712,HIGH,93.17954481026952,41.501268436817774,40.841915032245026,TRANSPORT
419_1157,16.718499110099,LOW,14.6078179220452,16.19695676923703,19.42291003873042,INFRASTRUCTURE
420_476,47.273320374431854,MODERATE,39.18976565661626,45.34849153146969,66.1856735371027,INFRASTRUCTURE
422_365,63.28785935343555,HIGH,82.85370037877826,29.191229246444728,70.858793610646,TRANSPORT
424_174,55.67404066170969,HIGH,79.23652290622508,40.83449014504339,33.931752955721414,TRANSPORT
424_402,69.86365935538016,HIGH,98.3560408663519,46.59668761059955,46.653218019939935,TRANSPORT
425_362,64.84596579028215,HIGH,80.48211387937381,28.483525225946828,81.86654732012502,INFRASTRUCTURE
425_396,78.83100598583577,VERY_HIGH,93.53836806835609,65.66084085761788,67.15367477999088,TRANSPORT
425_431,54.664955986297414,HIGH,81.7671972062768,28.506628068655026,39.32912951971299,TRANSPORT
426_225,34.17381923599318,MODERATE,38.553618953513066,31.595491449524072,30.595920568034185,TRANSPORT
426_461,61.22703364968656,HIGH,88.72450145163526,37.450689929006934,41.82418139233216,TRANSPORT
426_780,15.286898759500017,LOW,8.469877806200815,18.867248301961332,21.166929940382808,INFRASTRUCTURE
427_810,15.573038495924685,LOW,8.526628006776576,19.924417435125317,21.00600953290705,INFRASTRUCTURE
427_1149,16.29861621592237,LOW,13.569276628910751,16.260424921605356,19.45119993326201,INFRASTRUCTURE
428_451,61.87275168669365,HIGH,96.00448328282111,32.234473149813745,35.49798442662413,TRANSPORT
428_454,61.433783065297135,HIGH,93.44659576913038,33.39480533502278,36.88020882966189,TRANSPORT
429_1090,20.87629555704367,LOW,23.98007760252701,16.315176950574976,19.85225616701119,TRANSPORT
430_437,56.76045680679381,HIGH,88.44321106318816,27.393323708426543,35.663472735812704,TRANSPORT
431_493,61.50622965751991,HIGH,93.22950981464146,30.161851475215762,42.17465332174865,TRANSPORT
431_668,55.11849293652952,HIGH,90.22257035518356,19.87353215227405,34.18368848378558,TRANSPORT
435_1590,63.63915028556142,HIGH,83.20693179873714,69.04353574682713,19.689856161816174,TRANSPORT
437_491,60.18895201948678,HIGH,93.67782618052759,28.95279266201738,37.46595340149036,TRANSPORT
441_401,80.77304578641878,VERY_HIGH,94.3168188498614,65.00889816267497,73.69848196510517,TRANSPORT
443_1108,16.775297030377118,LOW,14.459561270470486,16.30449089350691,19.781359837662542,INFRASTRUCTURE
445_369,59.89017423335083,HIGH,88.306688395024,30.676333175750504,44.02382458716876,TRANSPORT
445_447,54.32802354771367,HIGH,86.33688164794432,26.500691801036112,30.19494118509417,TRANSPORT
446_347,56.90812710004951,HIGH,81.3074718526441,33.727454736450426,43.02420204315582,TRANSPORT
446_365,65.89708206371823,HIGH,90.23024791436943,29.045567170689434,66.02333694795486,TRANSPORT
447_1052,18.14320054226397,LOW,16.799918821474687,16.945123859748144,20.50878040778421,INFRASTRUCTURE
448_373,61.794032467895676,HIGH,94.44193225736271,31.69637932875453,39.104069582074864,TRANSPORT
448_377,60.14988719437477,HIGH,89.30082047036521,33.486367696891065,39.78378586632529,TRANSPORT
448_400,77.404633014176,VERY_HIGH,97.82773564304081,41.153935439309265,84.31286663982188,TRANSPORT
449_361,62.16210743939733,HIGH,91.20204094208634,30.794016951076276,46.805147594490826,TRANSPORT
449_400,77.05071545873811,VERY_HIGH,98.11409576475909,40.100657672233844,83.59022867400554,TRANSPORT
449_1054,18.492114908295342,LOW,17.605471405295525,16.959936142769237,20.506562261907003,INFRASTRUCTURE
450_489,50.49719534187579,HIGH,78.33693115525706,26.10515445878585,31.2368593364316,TRANSPORT
450_532,42.45149074404781,MODERATE,50.70881234879895,28.461170080349362,44.91918647836599,TRANSPORT
450_1086,23.575513370145433,LOW,29.942850075339738,16.619365290736145,20.079587934412263,TRANSPORT
451_746,16.20716709680773,LOW,10.22430892770179,18.333106802445936,22.450854509343873,INFRASTRUCTURE
452_484,56.005478165893884,HIGH,89.58580530532618,26.812214131626938,30.71500808746126,TRANSPORT
452_495,50.9541452048478,HIGH,79.95394229530642,26.156810002079954,30.43501354520113,TRANSPORT
452_529,34.558993905198825,MODERATE,35.712233969323236,27.87935897157222,41.25457347827002,INFRASTRUCTURE
452_784,16.270142527252574,LOW,9.720897489065747,20.02583542717692,21.631200269092492,INFRASTRUCTURE
453_391,71.00184850510402,HIGH,91.39106976668192,36.19731147715656,76.02806482554139,TRANSPORT
453_400,73.64133712509282,HIGH,96.03121721640534,37.2665643518408,76.68308528308702,TRANSPORT
453_407,70.19726796449658,HIGH,88.77716444648138,39.28545915853074,73.4774582413698,TRANSPORT
453_408,73.67266777012563,HIGH,97.0572094856657,39.38589388409228,73.0434977323688,TRANSPORT
453_411,66.36896365817498,HIGH,84.10967581040603,39.33414090648822,69.56367880220708,TRANSPORT
453_1353,16.334563871830333,LOW,12.281637190877028,16.41826091770471,21.621988455123862,INFRASTRUCTURE
454_496,50.36287705075967,HIGH,78.26527994069487,26.528363360158817,30.54015827037831,TRANSPORT
455_445,57.19752177961708,HIGH,91.99399854059422,27.5028531062677,30.77686370620999,TRANSPORT
456_342,60.84301760194412,HIGH,81.20461951556779,43.67053050294043,46.19642190271183,TRANSPORT
457_503,46.7895392521619,MODERATE,68.05997807702244,26.36606055143061,30.324853982700304,TRANSPORT
457_1000,15.373020060792353,LOW,9.21781790729601,17.669285735394485,21.598332191179644,INFRASTRUCTURE
458_197,47.74099217567478,MODERATE,63.93117916461698,26.844272842801058,45.046846111050414,TRANSPORT
458_494,52.151511389691116,HIGH,80.79638770009826,27.782103700364978,32.04497361937195,TRANSPORT
458_665,44.15840975541902,MODERATE,64.88019040698873,19.94447428809162,34.036537240166076,TRANSPORT
459_415,72.53672822602763,HIGH,89.41862066874909,44.81642656543473,75.89001118807379,TRANSPORT
459_447,57.08871263081438,HIGH,91.64089052141495,27.329087854632313,31.105922607336183,TRANSPORT
459_669,34.95851874401051,MODERATE,46.287383499663605,19.78624524659354,32.394865639547675,TRANSPORT
459_1218,26.900517335233094,MODERATE,37.65052412802529,17.008485159460967,19.72173985447359,TRANSPORT
460_1285,17.34505377317498,LOW,15.068296507539907,16.754146310563396,20.50294878295613,INFRASTRUCTURE
463_1201,32.44066525769715,MODERATE,49.67607740564094,17.0822087960297,19.53855385400722,TRANSPORT
464_214,55.85467939461823,HIGH,85.18810269137992,26.958562159071526,38.72494727462828,TRANSPORT
464_647,52.86545603666162,HIGH,83.9714019721746,21.32037141008293,35.69368703010537,TRANSPORT
466_1167,18.188090452136272,LOW,17.326498031579003,17.00468410377802,19.717563979631866,INFRASTRUCTURE
467_337,86.23496992836228,VERY_HIGH,92.72625052443881,84.75870421331132,75.99221707645998,TRANSPORT
468_344,73.24884489882673,HIGH,88.85084919824371,73.48659436873936,45.68021087014369,TRANSPORT
468_413,88.45810973759663,VERY_HIGH,97.39002388539224,77.31992349098881,85.08083235019971,TRANSPORT
471_565,88.1897096200374,VERY_HIGH,97.22778775554961,77.01091713543002,84.499826195894,TRANSPORT
472_104,33.62695733292077,MODERATE,37.38661941186754,34.28982307434906,27.329807455908306,TRANSPORT
472_500,50.755814875385056,HIGH,71.85098978693438,30.979296132905894,35.78574816922846,TRANSPORT
472_543,61.011241364613625,HIGH,86.78572177044536,35.88169470500729,45.25232622080836,TRANSPORT
472_912,17.570145860886583,LOW,10.079983525833544,22.38649040041436,23.517746142612374,INFRASTRUCTURE
473_380,59.769609562799594,HIGH,94.01719036875005,30.9430889384392,33.11048835901227,TRANSPORT
473_381,58.539843977384756,HIGH,91.02013088756064,31.34004975338931,33.48970439910107,TRANSPORT
473_540,56.49486042847912,HIGH,81.40679187191613,33.76530536376479,41.619864221697775,TRANSPORT
474_421,70.51619205382767,HIGH,80.34658217024308,44.10975559697805,84.01567444437445,INFRASTRUCTURE
474_471,59.32413600134899,HIGH,87.14260040836103,35.887228890593256,39.42441889417521,TRANSPORT
475_374,57.53876201191832,HIGH,88.24101658174006,34.3095927578313,30.816187660869055,TRANSPORT
475_386,60.401492708522575,HIGH,92.33232423979152,33.80988713930766,34.98587943924513,TRANSPORT
475_1305,15.644940155091671,LOW,11.034519486993663,16.844334778847216,20.514468096377826,INFRASTRUCTURE
476_163,44.23076875080176,MODERATE,65.90729960249774,22.683657152530678,30.431858353373954,TRANSPORT
476_416,80.22525826165598,VERY_HIGH,85.36903368398193,63.94719345983431,88.53522570030843,INFRASTRUCTURE
476_474,60.31486864577599,HIGH,85.913186973539,38.315209547893836,42.80592668026741,TRANSPORT
477_475,59.52919930780772,HIGH,82.52497944231972,39.504426792360356,44.46909223393376,TRANSPORT
477_561,72.88905048251345,HIGH,90.94665023086239,48.05351997417788,70.44539680042843,TRANSPORT
477_1226,21.271419469164282,LOW,24.262320347629863,17.432770541088814,19.671657291872954,TRANSPORT
478_384,58.5475315797188,HIGH,90.05293099677921,32.257981033438895,33.48229798329713,TRANSPORT
478_565,69.28881606393747,HIGH,97.2322058110364,46.53557550153437,46.99741110577902,TRANSPORT
480_471,57.925369222093025,HIGH,79.04304397313906,40.58644698404985,42.8258310147217,TRANSPORT
480_517,54.143281652823624,HIGH,85.81792361115883,27.24235472408456,30.79230010652848,TRANSPORT
480_1139,15.526518208886426,LOW,10.849375922730896,17.0870142479628,20.080821314160914,INFRASTRUCTURE
482_479,66.89974657590558,HIGH,78.61551625033702,46.624180159434644,74.12102373584565,TRANSPORT
482_483,71.15389473333498,HIGH,83.51276065042002,45.836874421201315,78.66963309571098,TRANSPORT
483_365,61.74105998322814,HIGH,90.35662793204303,45.574095190633855,30.13436527640323,TRANSPORT
483_403,61.81556333174895,HIGH,85.99425902497751,41.381607535986234,43.75871037886343,TRANSPORT
484_334,54.48222691008419,HIGH,76.03922880362512,39.817842108334325,36.481020748612295,TRANSPORT
486_416,74.071302553285,HIGH,97.69446348896939,38.34317971931471,74.3278536745585,TRANSPORT
488_406,60.912786227544416,HIGH,86.59763925600387,37.52818111336976,43.6426195158625,TRANSPORT
488_504,57.816381179137686,HIGH,87.09332343398019,33.18386877810554,36.270268366173994,TRANSPORT
489_364,64.75049301131331,HIGH,94.88407400207059,47.29537142424998,31.882285326602233,TRANSPORT
489_371,57.8980828874327,HIGH,87.05354623370438,38.72899003365964,30.2883618550686,TRANSPORT
489_412,64.81701965328438,HIGH,93.33989126489426,36.76737004699122,46.754924649902925,TRANSPORT
489_418,69.70722389804352,HIGH,91.73130850068853,35.482884650800614,70.4983722132793,TRANSPORT
489_419,72.52316110005255,HIGH,97.3658622956267,35.17839200030782,72.45087754484175,TRANSPORT
489_470,59.68118311908013,HIGH,77.39578806238875,47.51084383419487,45.61782104840429,TRANSPORT
491_371,57.74308420174553,HIGH,86.65896357651917,38.332236534672795,30.679362908247338,TRANSPORT
491_416,63.367936721803964,HIGH,92.74370026600194,34.6884669482518,45.18857319869587,TRANSPORT
491_442,68.28065166486861,HIGH,90.09145297964633,27.807856405035924,76.97564952532696,TRANSPORT
491_456,60.767860130624754,HIGH,90.158387692301,33.90379716523503,41.081117337480215,TRANSPORT
491_555,62.096075337127964,HIGH,94.56927450782395,35.197768766459234,36.18480205236633,TRANSPORT
491_1386,19.37812432981571,LOW,19.70669753812968,16.691710582236425,20.755041503738852,INFRASTRUCTURE
492_301,58.76256580788339,HIGH,92.99828491101812,27.84342031202626,33.18944853924889,TRANSPORT
492_508,58.13717963005626,HIGH,89.13993345023357,31.339044241861234,35.918932164477134,TRANSPORT
492_528,57.77190400541647,HIGH,90.85062681567086,28.762811215039186,33.52847063999557,TRANSPORT
492_909,18.906253427466922,LOW,11.081288665357548,23.982492059942956,25.321651416002744,INFRASTRUCTURE
493_355,58.20893169301491,HIGH,63.44158626767724,69.24771024676701,35.752921257227,SETTLEMENT
493_441,70.39458843887523,HIGH,91.52010560295712,27.519609977318193,83.3117023273552,TRANSPORT
494_471,72.69617877116148,HIGH,81.6055933959668,65.22178703568412,67.29673805249502,TRANSPORT
494_508,57.59520883005468,HIGH,87.15696560097373,31.334841810733096,37.15522519877701,TRANSPORT
495_374,55.36430218934406,HIGH,83.32483846176059,35.03422843674083,30.629219326658696,TRANSPORT
495_395,58.75670147359221,HIGH,91.03024481043374,31.01868897608462,33.960862740618225,TRANSPORT
495_397,57.252905096665216,HIGH,87.12001561387676,31.451177876181802,34.729164490995444,TRANSPORT
495_435,67.39763349327043,HIGH,91.65658237512895,28.268686772973734,71.27389623088851,TRANSPORT
495_450,66.16945828279634,HIGH,89.04123137206858,30.75920040884248,68.1766492332368,TRANSPORT
495_461,56.712017466356315,HIGH,81.39907169874124,37.48879150471023,37.850100267747045,TRANSPORT
495_469,60.641353722954214,HIGH,80.19810684019905,46.752505404426515,45.81175780811609,TRANSPORT
495_1418,21.141737897223173,LOW,23.54558091795655,17.209600544222166,20.63667859425323,TRANSPORT
496_376,57.16738124373203,HIGH,88.57135195771893,33.60173716731944,30.253520480224715,TRANSPORT
496_463,58.35659832942817,HIGH,83.31799588897573,39.146766505220484,39.32325361301364,TRANSPORT
496_465,58.55834721043244,HIGH,81.6810104285727,41.19412862645089,41.095236729412534,TRANSPORT
496_1659,42.54071778979655,MODERATE,65.03006186912434,30.06531579799152,18.938296767834125,TRANSPORT
497_464,57.599595716205634,HIGH,80.92515504083615,39.89906784995812,40.03605230461685,TRANSPORT
497_527,57.83605138200875,HIGH,89.1818917533159,29.719700129230887,35.869132658611505,TRANSPORT
497_916,18.640369878114,LOW,10.8549941302801,23.098223385266987,25.656643478353512,INFRASTRUCTURE
499_373,55.253117754872385,HIGH,82.94009602385631,34.33945368152346,31.539014856543773,TRANSPORT
499_1383,22.2607994400035,LOW,26.506221108079814,16.738579733197767,20.575851080619664,TRANSPORT
500_338,58.47872165584766,HIGH,84.2319800824274,35.67506770966894,41.87579077691348,TRANSPORT
500_339,58.25807360295584,HIGH,83.07707433945053,36.23011678586937,42.338695180506086,TRANSPORT
500_427,63.32827758242199,HIGH,84.63618851878726,28.595724811615742,67.29822162041559,TRANSPORT
500_508,62.614211917733485,HIGH,95.26626306271962,30.936883009323523,41.99152666788133,TRANSPORT
501_470,59.025860998409826,HIGH,78.84751453331215,44.12098823030156,44.23670085536935,TRANSPORT
501_529,60.24300340828289,HIGH,92.90794389723767,31.444233402526102,36.62675127398513,TRANSPORT
501_531,56.98186007123791,HIGH,85.33089077700986,32.26464204825052,35.63380196536776,TRANSPORT
503_461,56.378842941638105,HIGH,82.89037954100353,35.56839348925989,36.56833789871779,TRANSPORT
505_335,57.31075164291186,HIGH,82.5482273742076,32.22448664899512,44.03386515146001,TRANSPORT
505_338,58.43374448961555,HIGH,82.56527979427808,33.34957213332397,46.99947772644463,TRANSPORT
505_410,57.90806574052664,HIGH,88.17669932302555,28.53282458127666,39.03209577000636,TRANSPORT
505_647,21.181971906683106,LOW,15.574321511132187,24.102673143078746,26.58483350224149,INFRASTRUCTURE
506_339,64.83501206246522,HIGH,85.57903680514116,33.258039820331085,67.62195857660565,TRANSPORT
506_378,60.23727214941567,HIGH,95.35014531587898,30.11550259030249,33.093790079301314,TRANSPORT
506_420,63.62206697938064,HIGH,84.49099852509126,27.71079338622229,69.85249072741102,TRANSPORT
506_422,65.01736282645516,HIGH,85.57938453882426,27.525658756487648,73.82567691619985,TRANSPORT
506_464,55.827599722579976,HIGH,80.8842977296553,36.152225522834364,37.135125803568535,TRANSPORT
507_422,63.91263037451302,HIGH,82.4814559118642,27.25076072766617,74.90618332071526,TRANSPORT
508_338,68.55650484896074,HIGH,92.30126183250123,32.05779439010031,68.65782753475547,TRANSPORT
508_340,69.9522793679298,HIGH,93.30688343139273,32.654476511376664,71.80866618165669,TRANSPORT
508_349,72.84232083348145,HIGH,98.34564855965957,34.7778030944241,72.32410071255705,TRANSPORT
508_1254,21.03049666540756,LOW,23.17550762616447,18.237199385919688,19.651726348122875,TRANSPORT
509_340,70.16479810821765,HIGH,93.21706006352845,32.20249983361337,73.30285457003107,TRANSPORT
509_374,56.16733229035923,HIGH,85.6687119309883,30.452131625172385,35.29107780408892,TRANSPORT
509_731,16.999665220803635,LOW,10.549047175199949,19.868716634313895,23.30917020176727,INFRASTRUCTURE
510_407,55.86989746615848,HIGH,84.52055714427719,29.390847548582677,37.11080722939906,TRANSPORT
512_326,51.806742332306555,HIGH,75.65433519888556,29.710743190842763,37.97005953926886,TRANSPORT
512_511,71.96437499991397,HIGH,91.38330338274524,31.407110305422968,85.54429651064517,TRANSPORT
515_405,62.05046449154194,HIGH,96.80937466890963,31.71355552098406,35.3781313127631,TRANSPORT
516_395,60.697263419765534,HIGH,95.3365345383462,32.87333167819163,31.105305262198556,TRANSPORT
517_370,61.84535109404769,HIGH,94.33144543371547,28.764751488830253,42.10297893754176,TRANSPORT
517_406,61.107821040388274,HIGH,94.20595683043567,32.51901697863739,35.55284965824737,TRANSPORT
518_325,52.262778606657356,HIGH,76.37302978723449,31.325415500273085,36.766343733166984,TRANSPORT
518_538,65.00118791568215,HIGH,92.75358264695396,41.74152842121187,42.574217386389364,TRANSPORT
519_403,53.679275166618964,HIGH,79.18592111571692,34.178102754449505,33.7325831339412,TRANSPORT
520_446,47.02833728173435,MODERATE,67.61242579047575,27.118820396481002,35.69061358770019,TRANSPORT
520_574,60.42687296275962,HIGH,83.4384890987295,39.986589855796886,45.42104509070326,TRANSPORT
521_323,53.84333201709598,HIGH,79.7566837412041,32.84815955612881,35.54772881856702,TRANSPORT
521_410,61.06324301021407,HIGH,93.10694248788212,33.51499769382217,36.51651240582425,TRANSPORT
521_571,67.87760789296308,HIGH,85.95158966025696,42.13088883568184,68.42556361919084,TRANSPORT
521_736,17.569089118854208,LOW,10.727879551631794,20.73496003121085,24.290303552204172,INFRASTRUCTURE
522_511,66.00497985314746,HIGH,87.82322409674454,32.879447460926905,67.3156798170409,TRANSPORT
522_558,84.95980208270953,VERY_HIGH,98.57638097639641,67.30033281473948,80.31330407851529,TRANSPORT
523_1106,17.971034726621067,LOW,15.340914815551516,17.91597857759789,21.211718620681168,INFRASTRUCTURE
524_401,55.72822998439118,HIGH,82.07618342803661,38.21451945472458,32.04364819059594,TRANSPORT
524_1025,17.240550402143484,LOW,11.540924814270683,19.851902678053523,22.591565210160113,INFRASTRUCTURE
526_513,61.878998690493724,HIGH,92.20548656637827,31.87615308223052,43.488410306352066,TRANSPORT
527_361,65.44895351690063,HIGH,83.01963045408552,27.547330715710427,76.97683474724452,TRANSPORT
527_403,56.23781200792356,HIGH,81.29778850587878,40.37226204646311,32.03908394870491,TRANSPORT
527_479,81.9750285653545,VERY_HIGH,97.23247939927593,68.62951527142774,69.36368616306584,TRANSPORT
527_1427,42.21005685898945,MODERATE,69.99467502839941,17.50713486149642,20.04305082973633,TRANSPORT
531_260,54.97441742113922,HIGH,58.201546040239094,27.90756570150942,82.43570145131478,INFRASTRUCTURE
531_402,59.53872498907589,HIGH,86.10703150389281,45.46877034915291,30.88978505312962,TRANSPORT
533_95,22.267839386190296,LOW,15.332362733716948,25.84723279406803,29.349307437565752,INFRASTRUCTURE
533_421,59.43694328222432,HIGH,91.51259395603793,32.73574098922184,34.23598599579951,TRANSPORT
533_516,62.20818485057941,HIGH,95.26619853370302,31.537815080480048,39.58829958758476,TRANSPORT
533_525,60.03647082222424,HIGH,93.62824368767473,29.836565739080566,35.03951939787409,TRANSPORT
533_527,61.048159999015624,HIGH,95.85399341867175,30.545250545467777,34.447572512751,TRANSPORT
534_423,55.31542596749599,HIGH,82.74064841339353,31.887897358951005,33.9480052278571,TRANSPORT
535_207,30.550359406150957,MODERATE,31.42457280783402,21.840124385237118,39.47229414330016,INFRASTRUCTURE
535_399,69.22171750641239,HIGH,90.85964843722375,69.48560050867702,30.390242275231415,TRANSPORT
535_562,64.74239877106993,HIGH,97.2667251437469,35.961671842797706,40.52005609521822,TRANSPORT
535_1002,17.35223479784061,LOW,9.581690447048146,21.69238700502812,24.29357962021629,INFRASTRUCTURE
535_1337,21.437259693715433,LOW,24.525150845921413,17.465341135280205,19.847228085359024,TRANSPORT
536_487,73.70839957693886,HIGH,96.04062490459567,45.79890305515093,67.7650771941005,TRANSPORT
536_1256,24.776174151043495,LOW,31.228726652841786,19.415821396910896,19.481921375229835,TRANSPORT
538_333,61.88289118599959,HIGH,93.85195713692468,32.99181658476939,38.59417669854557,TRANSPORT
538_344,57.740261688415906,HIGH,88.06572216812178,30.54744900665102,35.77324145147026,TRANSPORT
539_87,22.65446919579621,LOW,15.455808596742363,27.280460057146215,29.046231181570786,INFRASTRUCTURE
539_536,60.66640888597239,HIGH,93.74336242150284,31.70518447301449,35.292396643921414,TRANSPORT
539_999,17.722484873272982,LOW,9.855252130889337,22.248486010776407,24.670075314505695,INFRASTRUCTURE
540_318,67.43068947640425,HIGH,82.74019390056918,35.170164891258615,80.83785228971396,TRANSPORT
540_410,56.14132549800858,HIGH,81.20553405285655,43.09929226370309,30.239916863970663,TRANSPORT
540_1507,17.579707821906304,LOW,12.926645332549278,21.621888909483616,19.54983259338514,SETTLEMENT
542_393,75.00454608875361,VERY_HIGH,96.21962554006764,78.54542999242473,31.654478383912576,TRANSPORT
542_1302,25.24547502465963,MODERATE,32.90569023522975,18.423524798080017,19.618383412836035,TRANSPORT
542_1519,18.106374068878665,LOW,13.239534338714465,23.064973674293142,19.470876696637646,SETTLEMENT
544_1333,26.064598774670504,MODERATE,35.22235122212635,17.722513063053682,19.72461584680117,TRANSPORT
545_453,56.095267576627286,HIGH,87.94249861829255,32.251050208154496,28.883902813662885,TRANSPORT
546_369,62.2765524565222,HIGH,95.52388322226756,31.48530610659479,39.39418872979561,TRANSPORT
546_455,55.933479161550316,HIGH,86.80545431352881,33.43746165457042,29.107418934492685,TRANSPORT
547_369,60.70729785376467,HIGH,92.13014850822898,31.398063997621474,38.61868187120269,TRANSPORT
547_397,72.60635967136848,HIGH,94.56902876463222,72.50693104127038,31.944350861297956,TRANSPORT
548_402,69.73504630551683,HIGH,93.20029808720834,65.63125700011521,31.07943068810819,TRANSPORT
548_409,62.77895155668881,HIGH,95.0773546404312,42.342762714160756,29.54942675248704,TRANSPORT
548_1170,22.240828982791395,LOW,24.29869986630328,19.914645469648796,20.650501967444125,TRANSPORT
549_320,72.09817638075108,HIGH,91.95584526062923,41.604482470311154,72.85284290455044,TRANSPORT
549_343,56.821434123237246,HIGH,83.14876283988568,35.33952268050326,36.30502622347892,TRANSPORT
549_364,61.17795628082226,HIGH,95.0209643422703,29.170862881136262,37.57592585486278,TRANSPORT
549_640,32.24685840476534,MODERATE,39.18304785690204,25.84294987445981,28.383389494529442,TRANSPORT
550_455,55.25894662378399,HIGH,85.31516109972998,33.59876184065679,28.48917717940031,TRANSPORT
551_319,71.90052062624544,HIGH,88.57922668881632,43.17930017421556,76.0509172051735,TRANSPORT
551_633,53.808580624547865,HIGH,86.39050839266558,27.694908638193304,28.152824586771867,TRANSPORT
552_593,59.88039902188401,HIGH,91.25947577440105,35.137862000381794,33.57958049497223,TRANSPORT
553_61,30.477853503680446,MODERATE,33.71313693180553,26.934189763397153,29.437228745855514,TRANSPORT
554_344,58.542481575508745,HIGH,85.85101116263283,36.65551272143992,37.0065767567344,TRANSPORT
556_419,58.16077663913819,HIGH,92.29842567410984,32.21619657958593,28.410962204543623,TRANSPORT
558_636,53.463217321503976,HIGH,84.60690367717551,27.89011658622236,29.96247722052847,TRANSPORT
558_1664,23.815212108902102,LOW,25.800932629571406,24.854765934303135,18.726926346679512,TRANSPORT
559_21,45.84755439999894,MODERATE,73.87175124973926,21.946097072981374,24.4319665025076,TRANSPORT
559_258,39.26546270019816,MODERATE,35.72223787973815,42.22553972576682,43.6676639499051,INFRASTRUCTURE
559_826,44.222404119591744,MODERATE,49.5041901604548,38.09262662401554,43.15297760504301,TRANSPORT
561_186,40.64237052235054,MODERATE,57.667650556959885,25.054067741266582,29.482010759827048,TRANSPORT
562_330,86.80490580788882,VERY_HIGH,98.48677111069593,77.95189403635189,75.48922322124517,TRANSPORT
562_407,56.77500704038029,HIGH,86.12129153956292,34.29904600469435,32.252292003368154,TRANSPORT
562_504,62.636614252435294,HIGH,90.59907548193605,45.67772736754713,32.172175621754704,TRANSPORT
563_339,66.42086096183317,HIGH,95.5525681122461,43.612684880160145,41.454859133275,TRANSPORT
564_748,23.293192522523743,LOW,15.899101630995427,26.415551811661274,31.82966013888702,INFRASTRUCTURE
566_408,55.36311007596133,HIGH,84.49526252519308,31.991059022099332,32.26761023804222,TRANSPORT
566_414,54.92705171217784,HIGH,85.83967497927343,30.580027684378674,30.280319444820634,TRANSPORT
566_970,22.950588618318886,LOW,13.796206494887898,30.25109259010137,29.680732437177525,SETTLEMENT
568_890,28.286062879654857,MODERATE,23.72056544901501,24.778007880227314,40.26439665815957,INFRASTRUCTURE
570_402,58.368442115052055,HIGH,89.67872694153381,31.014513502138513,35.25116676006109,TRANSPORT
577_896,24.223376825594052,LOW,18.438955869899477,23.31439140228251,34.74054483805132,INFRASTRUCTURE
583_493,65.69508457580213,HIGH,99.18472757758896,37.356250540494464,39.079191224073575,TRANSPORT
587_470,63.87547076604891,HIGH,74.2435583212663,66.35877747912224,41.9681817924315,TRANSPORT
587_492,59.64380334907434,HIGH,81.93111284133984,41.175574144846664,42.69515885779895,TRANSPORT
588_407,62.02176294304373,HIGH,98.74114213429344,30.478924699111822,33.191037689043554,TRANSPORT
589_492,62.76847274348736,HIGH,86.98725838612765,43.11688707592069,44.452793459236204,TRANSPORT
589_493,65.29794448665449,HIGH,92.35920649982275,42.30824615274899,43.57832554827058,TRANSPORT
589_500,57.028152153227786,HIGH,80.11725607551696,36.95451169430311,38.16521371241634,TRANSPORT
590_414,61.49646015282454,HIGH,93.43406512346704,33.93577354806551,36.65301308694918,TRANSPORT
590_952,26.168662665997427,MODERATE,13.730935777823694,41.373944587878,29.953090431114195,SETTLEMENT
590_1117,20.57340981032051,LOW,17.962139170132886,21.41991184988653,23.123196322152438,INFRASTRUCTURE
592_410,63.662906698212375,HIGH,99.54403891797003,32.79349804597555,35.58210952499664,TRANSPORT
592_748,35.79472116340484,MODERATE,27.124832969562878,40.17528913120258,46.866249756819954,INFRASTRUCTURE
593_445,64.45734917507076,HIGH,94.29143890841192,37.49754189364589,42.52696136448702,TRANSPORT
593_593,64.48716919945065,HIGH,95.00197695488373,38.06168578281163,41.17305075576157,TRANSPORT
593_607,75.49539042894646,VERY_HIGH,96.53325316754089,70.94213090203472,41.86214298099108,TRANSPORT
594_452,46.10090299911862,MODERATE,54.97006622989821,40.04936493419908,37.45596098683128,TRANSPORT
594_475,80.77776921865527,VERY_HIGH,89.66648852836256,68.70413622346257,78.10678721336089,TRANSPORT
594_1271,21.919289267856612,LOW,22.174109539459835,22.77766935500084,19.734470656177134,SETTLEMENT
595_402,58.95203303857224,HIGH,92.81787732453324,30.01836536090688,32.87373163540423,TRANSPORT
595_406,61.60096327941025,HIGH,96.10491730293496,31.68442540704198,34.556916584817024,TRANSPORT
596_477,84.85044503268628,VERY_HIGH,93.32913797524067,69.51281701420413,86.83126010236685,TRANSPORT
596_480,87.59010882915231,VERY_HIGH,94.36251248870666,74.35662559753594,90.19207798346942,TRANSPORT
596_820,57.570502413264975,HIGH,80.33835471279194,41.696815513059974,38.49134871380593,TRANSPORT
597_398,55.95909386430337,HIGH,87.52940387720672,28.80239060117703,31.674586023579966,TRANSPORT
597_790,35.61557847112212,MODERATE,33.83601142071511,39.805305241793,35.067640373610516,SETTLEMENT
597_841,48.5248975623762,MODERATE,29.72664304120744,91.24091740134378,32.181487860620706,SETTLEMENT
598_397,57.39771127804257,HIGH,90.82825553006992,28.54988949191859,31.428511783923362,TRANSPORT
600_410,36.43017788667277,MODERATE,37.362341288825135,34.81599635999408,37.98296841253755,INFRASTRUCTURE
600_634,71.22063907548731,HIGH,89.87008099885396,39.08132203980534,75.64671768215086,TRANSPORT
601_1438,19.61321338360358,LOW,17.798072040186312,21.259559279010116,19.746928633337607,SETTLEMENT
601_1652,33.59899714951649,MODERATE,35.589720106411264,44.44323279443317,18.694468708691556,SETTLEMENT
603_1213,36.40300593538912,MODERATE,48.025122830410204,32.56058172526786,20.337051934198897,TRANSPORT
604_398,56.31686646785011,HIGH,87.5817786419054,29.203262358003894,32.32662716879967,TRANSPORT
604_436,82.2744264018112,VERY_HIGH,82.96011511332307,74.62903937672338,91.29507541871116,INFRASTRUCTURE
604_485,90.07266759631193,VERY_HIGH,94.5291791247015,75.11326512336521,99.22940700341034,INFRASTRUCTURE
604_932,21.464278584969886,LOW,12.048576559761957,28.986291754641215,28.176916004523335,SETTLEMENT
607_142,48.00824455177678,MODERATE,77.77590715078884,23.583801203633055,25.652643463632252,TRANSPORT
607_576,58.168476508819346,HIGH,94.08964659583015,27.309457609285186,30.589188536766738,TRANSPORT
608_488,73.12889409740099,HIGH,77.30207066820499,63.42172638177721,79.01037503847738,INFRASTRUCTURE
609_405,60.135470264032364,HIGH,92.1363969099568,32.22190277256462,36.197972112722255,TRANSPORT
609_488,69.18701372609307,HIGH,81.43597706864189,47.233053551523454,76.47127668511348,TRANSPORT
610_488,67.4646264177228,HIGH,79.86705299465025,45.77064850941558,73.94263162659844,TRANSPORT
610_595,54.31038541865377,HIGH,80.34499222161638,32.03439330482285,33.39180153360945,TRANSPORT
610_1049,23.830784038562186,LOW,16.409626121324788,28.15388439342413,31.1181755547472,INFRASTRUCTURE
611_429,82.22046291936832,VERY_HIGH,87.05438480186918,72.4613092755528,85.48791229917097,TRANSPORT
611_489,65.52645293068673,HIGH,79.73791480510826,43.882301282105864,68.56942854888013,TRANSPORT
611_737,54.36816870682944,HIGH,53.41438133530219,46.660218542072954,66.24417900742418,INFRASTRUCTURE
612_489,67.12620711308223,HIGH,85.01772572305278,42.69289573330405,67.03232953565504,TRANSPORT
613_406,60.84692844214277,HIGH,92.59818723204725,33.29494842796571,36.97960141964261,TRANSPORT
613_427,78.51542473922518,VERY_HIGH,79.67550510968434,65.8330959222589,93.12437388038963,INFRASTRUCTURE
613_715,68.39178681748179,HIGH,84.52863455185648,47.15745721590119,67.55338461203213,TRANSPORT
614_407,60.621803718674705,HIGH,91.14607211025438,34.13925984101156,37.61672253721412,TRANSPORT
614_699,57.839235111551126,HIGH,84.89204287663506,33.37998914402909,39.297038716283126,TRANSPORT
614_707,59.54604489789877,HIGH,85.49382375397366,38.69513118497381,39.922893985535055,TRANSPORT
614_713,60.05937929846531,HIGH,80.96371400280705,44.0248677490174,44.6085235758204,TRANSPORT
614_1649,46.93157454108744,MODERATE,68.37407183362207,40.24466416566301,18.73938031526965,TRANSPORT
615_710,58.71981826332053,HIGH,81.72051449573277,40.54346563994886,41.502420643997276,TRANSPORT
616_401,59.835569497971534,HIGH,92.00343632416048,32.66697549062199,35.236026871509466,TRANSPORT
616_402,59.54282338152771,HIGH,91.14531796029391,33.07913023894976,35.06506845998803,TRANSPORT
616_405,60.818430731241136,HIGH,92.55884300542354,34.35010467095565,36.39412513103102,TRANSPORT
616_406,59.73091443250671,HIGH,89.46146831574889,34.779751691064305,36.94866630958707,TRANSPORT
616_490,59.377207296193035,HIGH,83.72735547057013,38.33946103590284,43.1114868772204,TRANSPORT
616_683,61.0083768079574,HIGH,85.80134455021025,44.729938247755506,38.67169549082503,TRANSPORT
616_692,59.79273837915009,HIGH,87.03005863069644,36.14032842013635,39.71669822863824,TRANSPORT
617_665,69.32374093886455,HIGH,90.68864406132928,64.22566148692364,36.05948182947537,TRANSPORT
617_1559,40.048029489742895,MODERATE,35.65803375533952,64.04434046100052,19.1877194205391,SETTLEMENT
618_403,60.56146901256822,HIGH,92.2159854819085,34.340240364794326,35.912478976287495,TRANSPORT
619_667,71.10530230694789,HIGH,91.6257000560531,70.36053069197625,34.508634411748815,TRANSPORT
619_724,59.852491220558115,HIGH,83.71767033758381,41.98039642630451,41.42945974587416,TRANSPORT
620_413,62.932239215120035,HIGH,88.52995059617723,41.09350085973941,44.21438241478452,TRANSPORT
621_427,71.34577577788262,HIGH,89.85782853774754,42.46284394105777,73.4923141188055,TRANSPORT
622_738,72.52610805607756,HIGH,90.0409677091357,38.99235014762479,81.37070154299462,TRANSPORT
623_426,75.10806206170908,VERY_HIGH,93.57509411781896,45.49511783914235,77.24416002090607,TRANSPORT
623_1379,19.30305378964127,LOW,16.523775044311797,21.62302144883827,20.27541405632679,SETTLEMENT
624_377,33.19765314248903,MODERATE,37.03305161319158,26.01878384796059,35.67132317921266,TRANSPORT
625_402,61.84500803215157,HIGH,90.90241667038833,36.43030927082446,40.94613673721188,TRANSPORT
626_401,60.151100705548274,HIGH,86.42679553110398,36.010521060716236,42.32275876683841,TRANSPORT
626_498,58.29731761010548,HIGH,83.67622709296712,42.96270623742645,33.90623557695152,TRANSPORT
626_499,61.021389499981446,HIGH,87.75803466561204,44.28333257458681,33.66102867942365,TRANSPORT
626_533,64.66658184417462,HIGH,74.88103960654301,76.29525248690123,29.46789300123111,SETTLEMENT
626_711,59.79733406159728,HIGH,90.91936660691627,33.895275066950525,35.14480723862539,TRANSPORT
626_712,62.73558440462972,HIGH,96.95701881638269,34.16963312967249,35.35902312341701,TRANSPORT
627_713,58.35242199983629,HIGH,87.13315593501233,33.84405055974652,35.03937566650789,TRANSPORT
627_758,73.74691273174574,HIGH,94.03100158599517,68.73928343312986,42.764934674167456,TRANSPORT
627_762,71.12104378147713,HIGH,79.072417307591,64.4666591204803,66.15226226104997,TRANSPORT
627_1306,17.257409734391914,LOW,12.302703461760203,20.836415850696614,20.227938374722562,SETTLEMENT
628_762,71.78499769103581,HIGH,81.28991957452656,63.03812466405443,66.63925624902471,TRANSPORT
628_1374,18.835265464681566,LOW,15.25184002638748,21.80739445882892,20.37400877579748,SETTLEMENT
629_760,66.54212549309715,HIGH,81.06403591555727,63.35631935285875,45.638516986607705,TRANSPORT
629_1017,27.75399033025336,MODERATE,20.021657729984067,33.09370641596466,34.97343565233537,INFRASTRUCTURE
630_759,61.22063856085143,HIGH,81.40199220848191,47.71438272346956,44.4342182495886,TRANSPORT
631_766,69.4839208925229,HIGH,84.88644480329981,41.44776875667423,77.3650369681212,TRANSPORT
633_506,62.98522776549558,HIGH,91.58307249082608,48.10237161009643,30.13230838573881,TRANSPORT
634_1356,18.342775203653023,LOW,14.498227558027033,21.10186453877605,20.502274728933067,SETTLEMENT
635_505,61.63271259713944,HIGH,90.95438247288598,44.599253825953966,29.82997947436249,TRANSPORT
636_425,83.05616309165056,VERY_HIGH,92.90610024396629,72.87495604410037,76.72839868379822,TRANSPORT
636_522,54.46408619319302,HIGH,78.55300112562685,40.93013554585821,30.47134884046353,TRANSPORT
636_783,76.52770358887513,VERY_HIGH,89.39331634247677,86.47128787096105,42.72889177103239,TRANSPORT
637_791,65.4499309970291,HIGH,81.63471241336427,65.8767311363557,36.311472098343216,TRANSPORT
638_800,62.350406308269456,HIGH,78.49484700725401,64.54410182526789,32.15292499770801,TRANSPORT
638_1057,57.12434969912602,HIGH,80.71646149355108,35.5013604700234,43.92820098181398,TRANSPORT
638_1523,20.5621563061927,LOW,14.836635273138437,29.19283913833479,19.552843513690828,SETTLEMENT
639_392,57.48714393318277,HIGH,61.337825321471094,31.10880115232687,83.43836679887723,INFRASTRUCTURE
639_1053,63.203027459376,HIGH,78.43003476565086,38.89180244549699,68.28770987010157,TRANSPORT
639_1151,47.24187826862331,MODERATE,67.23026502533502,38.12197378488344,22.234386966541685,TRANSPORT
640_1048,68.58930448590759,HIGH,80.17713039614117,44.769730235894976,79.89234211049936,TRANSPORT
641_800,68.58210710181648,HIGH,87.28258846883101,71.43514314028084,31.68962977649455,TRANSPORT
641_823,57.80783088552229,HIGH,90.9550533268298,33.968238561219685,26.64601649405858,TRANSPORT
642_642,62.08931758759493,HIGH,96.29035467171114,33.1964717379862,35.23040188308705,TRANSPORT
642_646,57.72807493987645,HIGH,87.86587905067287,32.25508840562113,33.30325616526739,TRANSPORT
643_643,60.186523078415874,HIGH,91.88562934193502,33.50902774952694,34.812974684226155,TRANSPORT
643_681,57.49025141097485,HIGH,88.4330083016566,34.69521117175478,30.09664177485859,TRANSPORT
644_509,53.93165740476837,HIGH,80.4633451992171,36.77607603652198,29.23314091268456,TRANSPORT
644_1042,77.35671327571745,VERY_HIGH,79.18806643157924,73.50441176709839,81.41638265076456,INFRASTRUCTURE
645_138,29.42371309459584,MODERATE,32.87282743655326,27.668081075417373,25.82246474478358,TRANSPORT
645_173,43.67330768151371,MODERATE,64.98374459047501,28.838547438504698,23.206736961728264,TRANSPORT
645_510,54.3789988509794,HIGH,82.00439059354285,36.07638968077641,29.583173663855366,TRANSPORT
645_637,54.59598475992974,HIGH,74.81689067414239,36.02044382840599,38.8413264649215,TRANSPORT
645_642,54.319247454202454,HIGH,76.84313635454949,34.92874984258102,35.50846348797164,TRANSPORT
645_1029,75.17016718141389,VERY_HIGH,82.45951595116546,67.18399115394229,73.20565391188825,TRANSPORT
645_1032,81.24066294933809,VERY_HIGH,86.34135985787003,75.16737763838437,80.97618134355893,TRANSPORT
647_542,64.74969801405213,HIGH,95.3960967242085,39.212482927578996,40.337992441829066,TRANSPORT
647_1034,80.94515686310551,VERY_HIGH,79.70930669206663,78.65618246658038,87.17618547921042,INFRASTRUCTURE
648_1030,75.53926084611804,VERY_HIGH,82.28898323235745,67.47652180257569,74.64004963308034,TRANSPORT
649_1368,21.618883061792488,LOW,20.48856530816411,23.301653283769298,20.82351145269224,SETTLEMENT
650_513,54.8802892998295,HIGH,84.01461943974078,32.83839237381092,31.0569728714449,TRANSPORT
650_1051,41.71107372457523,MODERATE,29.142931876536025,40.755757739444945,66.40866918012775,INFRASTRUCTURE
651_1624,21.644856552062976,LOW,20.38810485064875,25.175322924948134,18.958286608167537,SETTLEMENT
652_418,54.85149971602663,HIGH,75.0473110707106,37.24275257156637,38.01862708988977,TRANSPORT
652_515,55.28084094573986,HIGH,85.16980479659341,31.693958040687342,31.986786652623074,TRANSPORT
652_1018,70.83921360616816,HIGH,83.97668578798955,79.98644324297942,37.96613414415061,TRANSPORT
654_952,18.95855690641333,LOW,12.793823145655875,23.257843591420883,23.4232616153022,INFRASTRUCTURE
655_512,53.688597158618165,HIGH,82.66389758293222,30.42256132939456,31.36667725474726,TRANSPORT
655_1178,28.853407026136374,MODERATE,25.035262348495184,41.27302195257395,21.42856247658059,SETTLEMENT
656_324,51.52134911497994,HIGH,77.46044985935538,25.70568729042826,38.16421840212467,TRANSPORT
656_1008,57.42774943619406,HIGH,82.0245619448347,44.240113727085195,32.25514062450353,TRANSPORT
657_85,69.08972727318667,HIGH,78.04888849056636,87.38829144631521,32.26145085946494,SETTLEMENT
657_1007,55.16485034435116,HIGH,78.05878992622885,42.730693945583035,31.773286715080783,TRANSPORT
658_575,66.38396417020245,HIGH,85.41071545822898,33.11536315961782,72.34773924444109,TRANSPORT
659_576,67.97954166498572,HIGH,87.76241764457488,32.63136301852742,75.07010471670196,TRANSPORT
659_1047,31.149313188947954,MODERATE,21.812445781785627,38.266813525896325,39.57268230124632,INFRASTRUCTURE
660_520,55.12587896717105,HIGH,82.50441979985249,31.31477857985733,35.28653330476818,TRANSPORT
660_577,70.68098735885307,HIGH,92.63443980334745,32.146110466327514,78.07842385107544,TRANSPORT
660_681,50.63040888522511,HIGH,61.348920374268424,46.397341676129464,36.88210442549943,TRANSPORT
660_1004,53.49307720974548,HIGH,77.6437689535253,38.74278365038023,30.477436436862366,TRANSPORT
661_579,67.32136010692773,HIGH,82.47293630606697,31.185127872915118,84.54134800688222,INFRASTRUCTURE
661_798,52.67270629734095,HIGH,74.57672530881352,42.091039730321,28.8252704931573,TRANSPORT
661_1004,55.074575967861335,HIGH,81.62207949466,38.42042478863485,30.35188066937532,TRANSPORT
661_1267,30.310006473371192,MODERATE,37.13712941219583,28.85109289389084,20.70539279481376,TRANSPORT
662_496,32.95682585831717,MODERATE,37.77264823658485,27.783991449889978,31.422754000217466,TRANSPORT
662_798,53.49787726822427,HIGH,77.36181632402237,40.952049373814326,28.65321590091159,TRANSPORT
663_192,45.001537921110554,MODERATE,68.11709983848121,28.4965004183691,23.905600569702145,TRANSPORT
663_798,54.0279309305982,HIGH,79.52927298103111,39.89777267395256,28.48389768245621,TRANSPORT
664_436,55.60311131725392,HIGH,88.31406763983901,28.798866488496287,30.365631800528135,TRANSPORT
664_518,51.99345382487277,HIGH,76.96769336849299,30.484134761824116,34.45895207316174,TRANSPORT
664_552,91.48901492358993,VERY_HIGH,97.38956443188755,83.69173325366843,89.27602296783826,TRANSPORT
665_191,50.95760310920623,HIGH,81.69914850892698,29.078842074911627,23.780815993843536,TRANSPORT
665_436,55.028634495935336,HIGH,87.32732940659729,28.490835358680723,30.111311349171714,TRANSPORT
665_797,46.71182171098836,MODERATE,64.03914952697691,37.87784351016727,28.28055560448951,TRANSPORT
665_1000,53.405076274552165,HIGH,80.86501459924526,34.345162031013885,28.932474377551376,TRANSPORT
666_786,29.024878867676605,MODERATE,25.74024350170999,33.878915231470835,29.356318404205417,SETTLEMENT
666_1210,30.256521348162686,MODERATE,36.10952178277777,29.449195065001675,21.56952003456974,TRANSPORT
667_826,57.02999909816747,HIGH,93.20402295608415,29.53780232280479,24.9176630354201,TRANSPORT
668_1439,30.55802304644515,MODERATE,28.032275369913606,43.347143036012845,20.738865854311094,SETTLEMENT
670_680,74.27780252782743,HIGH,87.38771822533076,81.94839821473278,42.75910069687689,TRANSPORT
670_1073,21.888294787877772,LOW,14.379275527010702,25.987585862918262,29.304589319983254,INFRASTRUCTURE
674_841,55.22268598279155,HIGH,92.23957324906766,25.459515873890666,24.002651727560806,TRANSPORT
675_428,28.305398650655228,MODERATE,29.508723156722834,26.49523013614099,28.456643950760572,TRANSPORT
675_1528,40.76106979305293,MODERATE,57.698435706224174,32.18302290798192,19.782189755897413,TRANSPORT
676_677,60.97475242902518,HIGH,64.64867413934526,67.26134698523167,46.10574805100195,SETTLEMENT
677_766,23.167960925737464,LOW,18.539914995414108,25.730903223760127,27.584080656054038,INFRASTRUCTURE
677_822,28.807362115196355,MODERATE,31.923548544460335,27.98893151714844,24.617709851652286,TRANSPORT
678_841,55.38542037871225,HIGH,91.82885794230367,26.349174971897483,24.340919439402704,TRANSPORT
678_1443,29.79940404520184,MODERATE,27.050072490803768,42.03836590763389,20.883911503102105,SETTLEMENT
679_840,56.23444124666568,HIGH,93.54564761334309,26.67195387330976,24.425044730677644,TRANSPORT
679_1526,32.08095557469582,MODERATE,38.571800227337924,33.66111443145683,19.83258604550754,TRANSPORT
681_836,58.00890702599877,HIGH,96.75591745151648,27.501417071316535,24.57306095746506,TRANSPORT
681_945,21.33341912965433,LOW,19.28165059286518,21.16260450714121,24.195279552227,INFRASTRUCTURE
681_1322,46.964309630660814,MODERATE,78.07028306642681,22.860626434438693,21.58743069324909,TRANSPORT
682_700,73.70217130554555,HIGH,79.62322747647681,67.34583457312743,73.07739121151103,TRANSPORT
682_830,56.87545889958958,HIGH,93.56538529785232,28.075107519777397,24.569152582210833,TRANSPORT
682_832,56.01559897053801,HIGH,91.57754040698028,28.01411741075356,24.607149946383867,TRANSPORT
682_889,19.332070153643027,LOW,12.446259431916959,23.030266127963678,25.77322664315308,INFRASTRUCTURE
683_833,58.45105613924972,HIGH,97.01096104458331,28.28946565491986,24.719859534864074,TRANSPORT
683_1168,20.973006101388712,LOW,15.289585512268161,27.307996319879617,22.57386264848697,SETTLEMENT
684_539,56.42512851652107,HIGH,74.07002706741343,40.118739902366606,43.62614286333208,TRANSPORT
685_800,50.25904726437675,HIGH,80.58405305252897,27.703918014934082,25.384120489020685,TRANSPORT
685_1307,25.728508168182344,MODERATE,28.169740877397448,25.544757166647525,21.530735036276543,TRANSPORT
686_1225,21.233215257774745,LOW,15.924262464555902,27.73106542077981,22.043174097651878,SETTLEMENT
688_812,50.113390093011944,HIGH,80.04213031645808,28.888174168619873,24.515741488479705,TRANSPORT
688_1274,28.92185472762243,MODERATE,24.816866114823625,42.13794644003697,21.088261697432635,SETTLEMENT
688_1556,27.63281501793754,MODERATE,26.558665912145475,36.32634483715732,19.587990752289492,SETTLEMENT
688_1616,18.972765720572514,LOW,15.910961743052676,22.40313497934594,19.113240547344343,SETTLEMENT
689_462,58.93055024546927,HIGH,88.96034773828005,30.991417177015258,38.02450646970714,TRANSPORT
690_463,60.61370681843976,HIGH,92.30814878381022,31.106384279740993,38.79420435746383,TRANSPORT
690_466,61.27904929307246,HIGH,92.7380788715696,30.2829062849601,41.44835484710898,TRANSPORT
690_552,92.56035650821313,VERY_HIGH,97.08909092062818,87.65247983164124,90.51403986165872,TRANSPORT
690_1038,21.375622536854046,LOW,13.077164783710998,27.199415364997755,28.101142159168408,INFRASTRUCTURE
691_75,59.34702212658688,HIGH,82.84798466557572,45.588060948675555,36.29336761243884,TRANSPORT
691_421,26.586289946622365,MODERATE,21.1510424129721,30.07494722871844,31.81655658954187,INFRASTRUCTURE
691_453,58.80955965700056,HIGH,90.39973419260916,34.058049326928874,32.994672262724976,TRANSPORT
692_978,49.25145961980148,MODERATE,81.42543054274019,23.618431361049254,24.19752927968391,TRANSPORT
693_857,23.158589250573026,LOW,18.463783828654908,27.356911029516596,25.81880989183325,SETTLEMENT
694_455,59.33172269431202,HIGH,89.64615941602483,35.441123906891,33.73793967520552,TRANSPORT
694_1647,16.920378904025966,LOW,12.759314741512243,20.100218893563177,18.938420810407784,SETTLEMENT
695_815,51.184059158647464,HIGH,79.70962805475236,32.14545705567541,25.295823620397034,TRANSPORT
697_813,49.00265653733385,MODERATE,74.32411049474477,32.514141575432824,25.381175215432794,TRANSPORT
698_299,50.753505770453486,HIGH,82.96711935531235,23.63436980494648,26.210683093600306,TRANSPORT
698_438,57.14626537013226,HIGH,85.73400560098806,38.79079772286771,29.54186152507581,TRANSPORT
698_814,50.98435346082544,HIGH,78.3373580753225,33.28842390715017,25.543215820731806,TRANSPORT
698_962,51.74726758194894,HIGH,87.55877266520201,21.56394926747322,24.132423593630204,TRANSPORT
699_342,54.251827365985065,HIGH,79.64777487823619,36.49640779664177,29.860881986091382,TRANSPORT
699_439,57.296572854293714,HIGH,85.07867511205521,40.11983061811242,29.74762041961254,TRANSPORT
699_780,21.491231012673552,LOW,16.815618701906374,24.517902897358628,25.219383594270507,INFRASTRUCTURE
699_813,52.1885709016776,HIGH,81.01675159052937,33.437157921176095,25.583650695904986,TRANSPORT
699_834,55.40432322696335,HIGH,85.23672004105704,35.87111856979149,26.680814084584693,TRANSPORT
700_491,82.99938430853308,VERY_HIGH,94.88803929679887,69.42936446918198,77.44431021069796,TRANSPORT
700_541,69.4795528266528,HIGH,89.90395726584175,40.01138650600103,68.2877605195689,TRANSPORT
700_614,74.26856868969827,HIGH,90.96903934011937,41.65461270324041,84.68430611779067,TRANSPORT
700_713,67.00665781384144,HIGH,85.89125742837098,39.73135578047188,68.33560944943062,TRANSPORT
700_812,54.78847384723301,HIGH,86.156909134148,33.540395152039984,25.620604619366528,TRANSPORT
702_453,63.44502097624473,HIGH,94.94766284115285,43.085173186425784,31.97057094199828,TRANSPORT
702_951,47.22794903640299,MODERATE,77.2106163759999,22.277218075187367,25.224893970252012,TRANSPORT
702_1183,20.084465425411484,LOW,15.390093825651817,23.097993138212352,23.658832186397227,INFRASTRUCTURE
703_492,83.13247722075465,VERY_HIGH,93.80486266933514,69.73700934780204,79.32347634888475,TRANSPORT
703_654,38.71792795290401,MODERATE,36.27868435319126,43.00578459780613,39.63190829533541,SETTLEMENT
703_817,54.25094305060434,HIGH,82.10223428746153,37.358381076411284,26.308875618777122,TRANSPORT
703_1649,16.938479391689825,LOW,13.188686566773534,19.51415988924331,18.944538494123698,SETTLEMENT
704_489,76.423235303752,VERY_HIGH,88.03339342437188,63.11423710158082,71.712490627199,TRANSPORT
705_442,69.31957963257767,HIGH,93.71215630441333,64.1641376363389,31.227146197789747,TRANSPORT
705_813,51.41051150493345,HIGH,76.19291565462768,36.50470455036208,26.23794011092462,TRANSPORT
705_835,59.316101678430535,HIGH,90.42590646230026,40.415561496561025,27.723452538388837,TRANSPORT
706_75,47.822979057195134,MODERATE,59.6408186318365,39.58499069747703,37.93775219487265,TRANSPORT
706_819,55.220975694623775,HIGH,82.36352489844975,40.817277076633744,26.854531329890886,TRANSPORT
707_586,81.8447789681486,VERY_HIGH,86.55036345157208,67.6605726902853,89.40466639674038,INFRASTRUCTURE
707_821,55.39072314824327,HIGH,81.08285149556991,43.06294857168519,27.162479554961266,TRANSPORT
707_938,50.50902078601602,HIGH,81.57668642541107,24.199900014933114,27.036057883523906,TRANSPORT
708_52,44.810279671411585,MODERATE,48.05853912948099,46.21895163932316,37.870064392940236,TRANSPORT
708_495,80.7889449519372,VERY_HIGH,94.87725917993541,65.02706802278607,72.58905480936843,TRANSPORT
709_331,43.17171914328505,MODERATE,60.965922827339114,28.747359290422768,27.39986437521107,TRANSPORT
710_465,63.45380628876834,HIGH,97.32384861749208,36.96045932164277,33.90837113108098,TRANSPORT
710_704,71.0949457229528,HIGH,85.29547195548123,71.09146902314345,47.019438899416656,TRANSPORT
712_482,36.08800895058342,MODERATE,35.014116998250984,36.43440210141126,38.79021346183051,INFRASTRUCTURE
712_713,66.97431708250079,HIGH,81.02711542280701,40.81657379492918,75.50263349485165,TRANSPORT
713_669,83.21741254142512,VERY_HIGH,90.35286556897452,76.16832899745228,79.61759619124614,TRANSPORT
713_1038,18.366094076251937,LOW,10.806568827795926,22.951170703531727,24.810615282861278,INFRASTRUCTURE
714_190,29.547368458465563,MODERATE,36.790900970974384,25.10259578724917,22.532371899161337,TRANSPORT
714_915,51.442437458392334,HIGH,78.28801483440296,29.4950490140986,32.16522550789688,TRANSPORT
714_917,51.68491058035561,HIGH,79.27527803183627,29.089502289592296,31.774077452502357,TRANSPORT
715_692,68.48604500979482,HIGH,81.1614453410628,48.10941851593942,74.02794907925094,TRANSPORT
715_926,53.29169105656126,HIGH,84.3169891414691,27.431460884470216,30.152268002179326,TRANSPORT
716_753,21.553758469886198,LOW,14.650678179938618,23.847949823631893,29.946480687896372,INFRASTRUCTURE
717_222,35.07559697634435,MODERATE,49.38612278248225,23.870250436848345,23.015690899414743,TRANSPORT
717_641,75.9037302507382,VERY_HIGH,98.44301749275223,40.83662333383429,77.53128275007542,TRANSPORT
718_841,62.11683303987202,HIGH,92.81806680612294,42.837530959234904,31.215611924746078,TRANSPORT
719_841,60.182175387529455,HIGH,88.09244739685323,42.85691690295618,31.555887795585285,TRANSPORT
719_913,52.06524641472334,HIGH,76.71664579704901,31.811269380727747,34.50502085762631,TRANSPORT
719_1244,22.92429358186515,LOW,17.47831376658046,30.703861541050525,22.74591816737631,SETTLEMENT
720_667,63.65567954292444,HIGH,87.30228007646772,45.41459608746696,45.08656582266428,TRANSPORT
720_691,57.110296223337265,HIGH,76.12869119469306,41.48220500340841,45.11610115970038,TRANSPORT
721_483,55.052385799951495,HIGH,80.2300612065452,35.470178051488396,34.86222179987166,TRANSPORT
721_602,78.80023287782416,VERY_HIGH,93.73575749570912,45.326957492261265,92.61637446168116,TRANSPORT
721_691,55.47700602015204,HIGH,73.67021581170391,40.51646205188331,43.90117580525531,TRANSPORT
721_1282,23.52980046193211,LOW,20.09374064758111,29.449163824110848,22.118296996716953,SETTLEMENT
722_666,61.63609673807409,HIGH,86.10820296393874,42.40692373646014,42.49256376874897,TRANSPORT
722_691,56.9706729003633,HIGH,78.41986176867209,39.59945215485149,42.78160442504833,TRANSPORT
723_1336,20.68390506813001,LOW,18.08686473256277,20.956469754553268,23.881010212462932,INFRASTRUCTURE
724_645,59.30546598685407,HIGH,84.45934613588749,34.5417624918829,45.285870426802646,TRANSPORT
724_665,60.44266822452923,HIGH,86.25418271316764,39.90868378039648,40.323730094249875,TRANSPORT
725_685,53.88823512842903,HIGH,76.4750198430999,35.58297512916412,38.21434015961485,TRANSPORT
725_830,67.55131423187915,HIGH,86.5238092960639,69.44373070331976,32.351575085257764,TRANSPORT
726_607,73.17228666556798,HIGH,91.26072056685582,37.42133944554003,83.2042058355238,TRANSPORT
726_685,54.99916931428201,HIGH,79.7958506508273,35.04589981788888,37.579024445522904,TRANSPORT
727_445,63.50994598369972,HIGH,91.25106946197343,42.655520490320285,39.791315663702264,TRANSPORT
727_501,56.889917447181226,HIGH,86.16187064678498,33.17269585055097,33.51030032950811,TRANSPORT
728_350,30.78000831305327,MODERATE,30.61237147680322,33.51553697445881,28.43990623642314,SETTLEMENT
728_606,74.69544588965287,HIGH,96.02811111459097,36.713802075294346,82.18372286405665,TRANSPORT
729_645,59.37985254215437,HIGH,86.24649534052264,31.73591361071237,44.805219286203,TRANSPORT
730_648,58.60520499329771,HIGH,87.54872992847005,30.977380831785762,41.262318991118164,TRANSPORT
731_651,54.668052509384324,HIGH,80.41263023738641,30.730617369391354,38.52100385865877,TRANSPORT
732_654,57.976732249502035,HIGH,88.30058276767018,31.25178915085083,36.33699110106061,TRANSPORT
732_689,42.66175647822586,MODERATE,54.18790415819332,32.34959662054252,34.94935846014836,TRANSPORT
732_833,60.67954529533299,HIGH,87.88741769337261,41.80727188771881,35.9912244045277,TRANSPORT
733_1560,21.204914537781118,LOW,20.29650254340028,23.078648741822118,19.75175014418151,SETTLEMENT
734_444,61.40055528368347,HIGH,88.76684505154411,35.8763388990459,42.944034732516876,TRANSPORT
734_749,21.677476505081927,LOW,15.777606108948744,23.54236371929426,28.858717641047786,INFRASTRUCTURE
736_445,59.81924999596402,HIGH,87.17580823810607,34.795707737644726,41.925137969279476,TRANSPORT
736_487,58.73367216246535,HIGH,89.65784493366952,37.38003937453116,30.083827814293745,TRANSPORT
736_1158,19.113368794143636,LOW,11.636062067174976,21.871387470972877,27.611763724131244,INFRASTRUCTURE
738_651,55.59034216255896,HIGH,85.26519491838697,28.59549632119488,36.331618501866586,TRANSPORT
738_654,55.3219465044018,HIGH,85.09232638707167,29.1706239799322,34.89709317007868,TRANSPORT
738_836,58.333695406982976,HIGH,84.31273462502784,35.627838781727505,41.0197219285161,TRANSPORT
739_651,55.64777289397605,HIGH,85.79723560824681,28.31782465001482,35.966610726266715,TRANSPORT
739_652,55.24418155864166,HIGH,85.0043804895844,28.500707168336508,35.50241699598277,TRANSPORT
739_864,36.44181973482713,MODERATE,35.47297736505801,37.427380667329984,38.2840061803719,INFRASTRUCTURE
740_137,53.3384392578182,HIGH,75.62796616649075,45.1612834348997,26.543723111257613,TRANSPORT
740_449,58.339332670133984,HIGH,84.31659320018838,37.37833183872442,37.9554097582986,TRANSPORT
740_937,26.024704879825556,MODERATE,22.09760119374455,27.371540893277448,31.03715136724872,INFRASTRUCTURE
741_64,52.13467634359711,HIGH,67.01860020473687,38.069075024065704,42.994902618623534,TRANSPORT
741_276,36.10664152477005,MODERATE,50.56483870748075,24.23979098014726,24.650656210727867,TRANSPORT
741_837,56.81540346663214,HIGH,80.89549532545762,33.55717900973293,44.24752823738544,TRANSPORT
742_554,53.611574753975354,HIGH,85.64910112014472,27.407851171340013,28.49499749591809,TRANSPORT
742_839,61.42742602328979,HIGH,89.34851597249359,32.56548830284211,47.00702796237854,TRANSPORT
743_450,56.6756940873378,HIGH,81.60331324456473,37.35449140564351,36.66290777643214,TRANSPORT
744_844,62.71698759816016,HIGH,79.48909494411869,30.522015745077603,72.51853873223135,TRANSPORT
745_561,38.105985988069605,MODERATE,49.13791599437946,29.804190052579106,28.79430615407942,TRANSPORT
745_976,19.15338813162012,LOW,11.778458994037008,21.0603801884419,28.45459752230909,INFRASTRUCTURE
746_490,64.73135217885483,HIGH,86.15865591849693,63.83113754962662,27.894178591951313,TRANSPORT
747_866,61.86576248928613,HIGH,88.49088848320974,40.425487256705395,41.54489689880163,TRANSPORT
747_903,78.64632339815871,VERY_HIGH,89.26491854491286,68.55016574577496,71.93117821076274,TRANSPORT
748_455,56.73271683109823,HIGH,83.04464713148884,38.480082338316556,33.16016528596576,TRANSPORT
748_594,72.65450948854884,HIGH,87.08468096056153,77.14585152146472,42.58441338446217,TRANSPORT
749_593,70.34591241552161,HIGH,84.00716217592277,74.31554923713131,41.87360989425198,TRANSPORT
749_859,56.609457619410996,HIGH,80.06778702507461,34.4442883121032,41.90719647638475,TRANSPORT
749_883,76.51056864194355,VERY_HIGH,72.12777843833493,79.07913782227351,82.22540860893719,INFRASTRUCTURE
750_433,55.06905155116036,HIGH,67.2206690045446,45.38452973432715,44.77740616325473,TRANSPORT
750_841,67.00653539698263,HIGH,86.63080450784994,28.991753394416303,78.51571034625216,TRANSPORT
750_843,68.21422870842453,HIGH,85.44254743447655,28.694215925855193,85.74995280271781,INFRASTRUCTURE
750_850,59.69375074481884,HIGH,71.10287670286289,29.83399592549184,75.15904202681004,INFRASTRUCTURE
750_866,47.223397159852794,MODERATE,56.23323886681262,39.865858537422916,41.205276550255,TRANSPORT
750_906,62.654451309944946,HIGH,85.22294703684365,45.837134742329766,44.427465132996964,TRANSPORT
751_60,45.03342512018334,MODERATE,54.13940493085303,40.56559950954686,35.202096198309704,TRANSPORT
751_145,59.40313265859724,HIGH,70.8962684449927,69.60580843942226,25.980680300450242,TRANSPORT
752_443,59.90008084466494,HIGH,89.6494170757617,35.105381576862285,37.39983882371784,TRANSPORT
752_908,61.76754005074473,HIGH,87.55789377031907,42.016222392222204,41.37588255744456,TRANSPORT
753_473,61.9147748499435,HIGH,93.25117726105198,43.25362839557071,27.822426025599245,TRANSPORT
754_633,59.41144375168772,HIGH,90.1777283769466,35.25523694302228,34.35514352802937,TRANSPORT
758_453,58.99955818023885,HIGH,86.41839636870682,42.81209088339371,31.66148458402638,TRANSPORT
758_473,70.57989422461424,HIGH,96.9209590169269,65.91869700027938,27.504409905439715,TRANSPORT
760_455,56.83193207266237,HIGH,79.34876554124395,46.64726153046858,30.727295118428355,TRANSPORT
760_507,66.03441255244198,HIGH,83.5478491461619,74.7901953227558,25.616553298903504,TRANSPORT
760_513,69.63940463714931,HIGH,80.07368010659803,92.6106116662777,25.447753604397523,SETTLEMENT
760_1007,17.661662325477774,LOW,10.184675366072263,21.2040092704823,25.055747280490255,INFRASTRUCTURE
761_541,33.12235277406463,MODERATE,38.72796294994242,32.505878288986146,25.05073719562729,TRANSPORT
762_449,59.58787019304872,HIGH,88.95322511385324,39.983625234387446,31.76933254335304,TRANSPORT
765_413,49.045059632106266,MODERATE,65.87098583155777,35.73341526649346,32.15621701845235,TRANSPORT
765_1047,17.664997518009812,LOW,11.075486682041184,20.963369343829854,23.816999996560195,INFRASTRUCTURE
766_129,51.12579516861111,HIGH,71.41885497662017,39.86073213413255,29.81091481524703,TRANSPORT
767_452,62.15159725269842,HIGH,92.4040963414603,43.486406300048806,30.50061665394888,TRANSPORT
768_452,62.79248634940561,HIGH,93.33466959848958,43.20312437783242,30.8087240454889,TRANSPORT
770_182,46.30808096053619,MODERATE,61.792625713788475,43.17818211846377,23.746061324414512,TRANSPORT
771_992,19.326110995057732,LOW,11.906694987355166,22.517374867039187,27.26051906911725,INFRASTRUCTURE
772_208,23.968889662480073,LOW,20.72059070125577,28.039925841759818,24.410611401010573,SETTLEMENT
774_458,64.65747006155709,HIGH,94.58495896217369,45.98479151812387,32.936352189986316,TRANSPORT
776_641,55.77016429313224,HIGH,80.40308455613106,29.286649653886222,45.177177637832514,TRANSPORT
777_459,65.73902296828338,HIGH,95.94423283874247,46.61626174817508,34.21069976557213,TRANSPORT
778_639,57.56863434788466,HIGH,83.38634344355684,29.662430400766336,46.863755665983,TRANSPORT
778_640,60.891384738645435,HIGH,80.30089350463699,29.31996102828448,65.83549355001084,TRANSPORT
780_730,18.12531198245919,LOW,11.873537574624782,20.963973673725807,24.28947994719045,INFRASTRUCTURE
780_925,51.13633237554311,HIGH,77.12378714307158,25.463391389845857,37.12820813604411,TRANSPORT
780_1405,53.75445735223769,HIGH,87.57056990439054,25.160490894667255,27.125937016147372,TRANSPORT
781_458,66.51314064300385,HIGH,98.99207795151287,42.768851708264044,36.50244565462843,TRANSPORT
782_640,65.77632884971966,HIGH,84.80542196597615,30.748509480710517,75.1885450940423,TRANSPORT
784_1110,33.638970232949255,MODERATE,24.653738213657185,41.06365845093273,41.46412925114441,INFRASTRUCTURE
784_1298,18.601174155634965,LOW,10.941333024515044,23.087864734195193,25.363689513830945,INFRASTRUCTURE
785_639,66.5871079092616,HIGH,84.01228078332717,32.24326240112029,78.08304287914002,TRANSPORT
787_642,69.4159607370632,HIGH,81.89604732987455,33.023288760100854,90.50704527105565,INFRASTRUCTURE
787_927,50.28952332011853,HIGH,76.46056368113827,24.120450624104375,35.805187801923665,TRANSPORT
788_1433,25.90876336962801,MODERATE,28.00410820610541,24.171409509496872,24.105237743874845,TRANSPORT
789_652,70.33766607074145,HIGH,84.2701992347899,31.739910680464185,93.73016507682141,INFRASTRUCTURE
790_456,61.112008320170666,HIGH,79.89187700478449,45.329892278056285,44.786853703106225,TRANSPORT
790_638,65.51184560216035,HIGH,83.46514575865908,35.32478107441784,72.1854368865603,TRANSPORT
790_652,71.98004723166382,HIGH,85.0276084430867,32.14819763225189,98.58748880307812,INFRASTRUCTURE
790_926,51.91872407338769,HIGH,81.22493702904873,23.77951415523103,34.293199820693395,TRANSPORT
792_684,23.04814507477605,LOW,16.960175235461758,24.434226607288963,31.29485868809374,INFRASTRUCTURE
792_1040,19.627663519563974,LOW,13.632409567351477,22.66595432021274,25.33855622637876,INFRASTRUCTURE
794_509,65.15309123404275,HIGH,84.68251480096667,67.9539799126432,26.24421856232727,TRANSPORT
795_648,63.711453134973304,HIGH,76.69900239619037,36.15680657861764,75.68491216179213,TRANSPORT
797_514,68.36881687662924,HIGH,85.14027127999782,80.08196332743309,25.63067443483402,TRANSPORT
798_514,68.75716321275603,HIGH,86.20163550288432,79.7899214720462,25.63890828150464,TRANSPORT
798_649,66.35828872262833,HIGH,81.84655553736273,37.4761349460759,75.94007385045015,TRANSPORT
798_1474,41.54980307726036,MODERATE,63.69769557888794,22.793949781526834,21.827906908630546,TRANSPORT
799_786,23.359718139958215,LOW,24.854161893057626,20.090708397314852,23.972623204342753,TRANSPORT
800_474,46.42980886806694,MODERATE,58.06055668124982,36.95001565116636,37.21382127582723,TRANSPORT
801_438,34.19712901136607,MODERATE,28.067706155148603,39.31999352688397,39.83700780688208,INFRASTRUCTURE
801_654,64.71244714046873,HIGH,79.93735200329122,35.79716887303627,74.54844623512248,TRANSPORT
802_101,62.91955935852589,HIGH,69.98122328563987,67.17152936001736,45.499864687950485,TRANSPORT
805_515,67.76457394444428,HIGH,82.56407383200303,81.68758669862983,25.5176932809852,TRANSPORT
806_513,66.89668313942163,HIGH,85.71049100754595,74.27731702522027,25.75509400128953,TRANSPORT
806_645,71.79743478279586,HIGH,84.64007806683108,47.14651789649037,80.45594012104512,TRANSPORT
806_935,53.966711435425395,HIGH,82.62376026351485,22.340733122793587,42.441371098118516,TRANSPORT
806_937,54.432438698096384,HIGH,82.57290918707784,22.562702797288356,44.13777379470047,TRANSPORT
807_217,50.34353467692677,HIGH,72.45722721675669,38.52298602182569,26.741026449415184,TRANSPORT
807_722,17.905174330104995,LOW,11.703632346449567,20.393718407016287,24.351915748027775,INFRASTRUCTURE
808_640,82.18046490785946,VERY_HIGH,88.91983409066766,73.42836410362132,80.47010213108084,TRANSPORT
808_641,79.60161477498204,VERY_HIGH,86.71480754610843,71.16089000047427,77.85346283060068,TRANSPORT
809_637,87.76034676644677,VERY_HIGH,89.05632181999536,83.08251781277544,91.16573951613842,INFRASTRUCTURE
811_512,59.12657250430037,HIGH,85.797547809074,48.1012420626716,26.360361968233985,TRANSPORT
811_613,54.15129536088963,HIGH,79.32077772235297,34.37430938262209,35.343541290298816,TRANSPORT
812_517,58.14556695547923,HIGH,84.90116097443861,47.286799493187495,26.207998696326534,TRANSPORT
813_639,87.83659212708174,VERY_HIGH,93.03864823605458,79.75049201879972,88.44530158690912,TRANSPORT
813_1458,40.80170743718342,MODERATE,62.561101500979355,21.32083056418097,22.46753615884705,TRANSPORT
813_1533,18.534516265411625,LOW,14.829148146301307,21.467691945140082,20.283858074509833,SETTLEMENT
814_518,53.556112798906206,HIGH,76.23821933807892,44.05182103044415,26.398057404071977,TRANSPORT
814_1297,20.60611145401583,LOW,15.475327582367365,23.477141536118463,25.165988834552387,INFRASTRUCTURE
814_1408,28.763095589570202,MODERATE,35.32964905992632,20.89805512800556,26.705473024512145,TRANSPORT
815_14,61.190335682281784,HIGH,80.00070590103279,64.00086850000602,24.634112526777436,TRANSPORT
815_507,55.70346686789046,HIGH,82.59663889877503,40.19727076344515,27.21473616021091,TRANSPORT
816_878,18.223708355486814,LOW,11.247081622205373,21.81922419574128,24.779560761145085,INFRASTRUCTURE
817_215,48.51971980429373,MODERATE,65.24076631257878,43.93085878288456,26.36941259971944,TRANSPORT
818_643,73.74054284549179,HIGH,77.25141374944181,63.33591920241648,81.85318992046614,INFRASTRUCTURE
820_643,68.15026729219035,HIGH,76.95224153237123,46.258117142699575,82.13525335123921,INFRASTRUCTURE
820_1220,25.665239561967155,MODERATE,21.270748672101448,31.931260465905613,25.805643478485386,SETTLEMENT
821_178,43.08174282827429,MODERATE,58.0623978691608,36.319404073548085,24.697585322587393,TRANSPORT
822_524,32.729224209475,MODERATE,32.83364283232126,38.32707362852484,26.929977036575103,SETTLEMENT
824_651,52.921457401656944,HIGH,53.45909603194232,36.73709404351422,72.69872149069279,INFRASTRUCTURE
825_466,55.54174503762085,HIGH,79.7580462493605,35.676203128241134,33.59631961078552,TRANSPORT
825_646,68.13237301497817,HIGH,80.09635218480408,39.12912945473786,84.4811031221506,INFRASTRUCTURE
826_645,67.52326376497444,HIGH,80.52158845187705,38.87604061482103,81.60493405277268,INFRASTRUCTURE
826_1489,22.753127318320598,LOW,25.183300068589638,19.879172636792163,21.223778200334785,TRANSPORT
827_524,28.78712305685596,MODERATE,24.875310098037396,35.884527021383526,27.595910378747085,SETTLEMENT
827_978,65.18448903680817,HIGH,77.73729542760648,38.08204626764011,77.33270829079721,TRANSPORT
828_97,65.73394361677363,HIGH,82.32965405527341,63.876844240552245,39.18892853281841,TRANSPORT
830_286,24.21300318002325,LOW,18.885779396592067,23.81964022570473,33.35563984038399,INFRASTRUCTURE
830_643,69.84137827578749,HIGH,91.87584598350227,36.54169217715867,70.14835389044396,TRANSPORT
831_375,18.356860785800944,LOW,11.991005073534726,22.391637905964934,23.382686039867124,INFRASTRUCTURE
832_990,81.78055770262546,VERY_HIGH,85.71969672468084,73.69821883719163,85.13760604833736,TRANSPORT
837_643,63.021075253778925,HIGH,91.02913511366815,38.55770840592425,42.10707752649449,TRANSPORT
840_198,29.95165474078418,MODERATE,34.345449185096804,28.913548375755493,23.986345703075852,TRANSPORT
842_1240,21.212321653811316,LOW,15.576937689256573,27.194125068507937,23.16865969919346,SETTLEMENT
846_1668,17.58683444360363,LOW,14.711738176111972,19.53929729278353,18.898284624581358,SETTLEMENT
848_85,86.50101070011613,VERY_HIGH,92.48974508461069,74.03737449770682,90.83737251408067,TRANSPORT
851_953,23.39801086507089,LOW,17.36374078948802,26.12569889980533,30.069383993780807,INFRASTRUCTURE
854_110,66.89768887483838,HIGH,67.78432685336352,64.87892646804072,68.5250007654635,INFRASTRUCTURE
854_858,18.717104370380422,LOW,13.28822869341401,22.300699780399256,22.703777744752752,INFRASTRUCTURE
856_147,43.38410991761418,MODERATE,56.86530900687923,34.56361767120947,30.73843625982611,TRANSPORT
856_1234,18.824539381789013,LOW,12.316452800845061,24.032051481674753,22.820731661904748,SETTLEMENT
856_1274,23.593182454171767,LOW,24.62116406755533,22.67492275401327,22.352517468688447,TRANSPORT
857_241,22.958643621376012,LOW,16.787863311376732,27.63840489023214,27.570326706704297,SETTLEMENT
858_291,18.674671322180135,LOW,11.520334970561501,21.47259416144004,26.511126927080735,INFRASTRUCTURE
860_566,19.518728675013225,LOW,11.960511953081863,25.753337176579414,24.24048949393317,SETTLEMENT
860_711,24.219910729310552,LOW,21.028960136763548,27.810655499828684,25.148085598240428,SETTLEMENT
860_1568,54.16102443990114,HIGH,83.83293563085644,40.2880513220207,19.667107850504514,TRANSPORT
864_648,83.68393774702942,VERY_HIGH,90.58892990303768,78.44961490960091,76.87486903885386,TRANSPORT
867_649,88.44625845150485,VERY_HIGH,98.16222812740398,91.32694546912983,67.04787036073115,TRANSPORT
869_1488,18.68996381370842,LOW,15.547724174791327,20.44537300978038,20.842168144982367,INFRASTRUCTURE
870_1206,17.810952305653792,LOW,11.422594135699834,21.73137588408017,22.928056037720918,INFRASTRUCTURE
870_1438,17.824013005695978,LOW,14.409840740692351,17.982022804758362,22.14427960569885,INFRASTRUCTURE
871_353,21.665967675683994,LOW,15.247395680139197,26.520791350338246,26.31769719450789,SETTLEMENT
872_911,24.648776256418426,LOW,24.353834416808517,24.594387004516754,24.839498649808483,INFRASTRUCTURE
874_637,64.87267078085361,HIGH,91.98616980791483,43.36378347632209,42.51554460853332,TRANSPORT
875_51,53.96558748295536,HIGH,83.7349865181737,30.535930659737932,30.046671527926183,TRANSPORT
875_463,24.943735735601724,LOW,17.751689802309933,29.989914246018103,31.170981915394847,INFRASTRUCTURE
875_1630,51.40648041056974,HIGH,88.43658303312569,23.612745390216553,19.094668565460324,TRANSPORT
877_266,22.778874799800853,LOW,17.769950125463335,23.725584272875754,29.63946901609107,INFRASTRUCTURE
877_1645,22.5388943059241,LOW,24.78192254796191,21.68198427666618,18.994565740540306,TRANSPORT
878_1496,18.141020164422716,LOW,13.961357482449072,21.127749459911417,20.586020505990792,SETTLEMENT
880_646,83.45988548223305,VERY_HIGH,91.29281727967458,77.1389608289435,76.33151956530008,TRANSPORT
882_411,27.348646841769312,MODERATE,24.949552597984127,33.576576308719794,24.352390618678925,SETTLEMENT
885_511,71.47754059985172,HIGH,96.20841534466896,65.59988973872056,32.218600385821375,TRANSPORT
885_634,65.30105565869174,HIGH,90.406387332354,45.02108746327934,45.04322095003897,TRANSPORT
886_522,64.0919323647283,HIGH,98.6064297848106,40.89926245425476,29.542757892416237,TRANSPORT
887_524,63.40405821115992,HIGH,98.80263783982247,38.67317099613873,28.999009135969285,TRANSPORT
887_1019,21.98572807776783,LOW,15.677844354196461,26.67902440351836,26.677989015110644,SETTLEMENT
888_520,63.42163051052356,HIGH,96.97119000728581,40.96792932648131,29.58634224023804,TRANSPORT
888_1672,17.03550136101613,LOW,13.48994143286454,19.505366696846004,18.826238820869815,SETTLEMENT
889_524,62.64465984436737,HIGH,97.95897511248762,37.54139669360104,28.701150975701893,TRANSPORT
890_1332,20.758251464788646,LOW,20.772263730641484,18.2388515589897,22.680704025892336,INFRASTRUCTURE
892_524,61.92156426793402,HIGH,97.16780043749938,36.58350250522321,28.259804328094447,TRANSPORT
892_639,72.38303001484663,HIGH,92.89033695361775,47.98729236089637,65.72297056950121,TRANSPORT
894_251,44.73952260378834,MODERATE,58.08971701971102,28.734854644776707,41.019705765100476,TRANSPORT
897_647,66.33471767042161,HIGH,93.77629963995847,44.43413481794705,43.73159584770501,TRANSPORT
898_1638,40.29226996093809,MODERATE,63.79696697724897,22.00974153920012,18.996428095933318,TRANSPORT
899_269,28.453572230063095,MODERATE,27.15417060938205,27.29516376810751,32.1715041987288,INFRASTRUCTURE
899_1425,17.349940336321218,LOW,12.886305831755196,19.07707659006699,21.608273017453644,INFRASTRUCTURE
903_541,73.70681610273242,HIGH,98.34864944644467,76.32688286701301,25.207308933394433,TRANSPORT
906_656,70.3705869383179,HIGH,89.41761012228059,68.58451942902354,36.9555653390494,TRANSPORT
909_653,76.63882382560756,VERY_HIGH,95.07323499703062,80.89582180923807,38.60978330805679,TRANSPORT
909_849,26.66723078109903,MODERATE,23.585969291452585,35.23377474443757,22.070356689231552,SETTLEMENT
910_140,68.97605505435803,HIGH,84.71996240408393,34.448435850273526,82.82578171036059,TRANSPORT
911_877,30.100066701078987,MODERATE,25.702116785864487,44.38063536456447,21.720463955728786,SETTLEMENT
912_1617,36.72205161222878,MODERATE,55.576521805006664,23.50904853492779,19.091831408030917,TRANSPORT
913_280,31.69376038899093,MODERATE,33.13459185011345,32.65749342857658,28.75172938122167,TRANSPORT
914_551,73.76831849032561,HIGH,95.81682807819392,81.48649849738608,23.840749798545918,TRANSPORT
914_1536,25.064258897686887,MODERATE,28.667884498672013,24.038731555303954,19.74094958793094,TRANSPORT
915_1203,20.31108783518497,LOW,17.332128272768426,23.131534225529723,21.197787244928552,SETTLEMENT
917_1139,29.499295522526403,MODERATE,24.931065761244454,43.59879306617888,21.53271505330776,SETTLEMENT
918_987,46.18587505832312,MODERATE,64.28394815397469,39.03562959350717,23.978284060577533,TRANSPORT
919_189,34.685854211742864,MODERATE,37.875741111529784,31.691091312292563,33.69687978555459,TRANSPORT
919_555,61.998741158417815,HIGH,79.73198684756423,69.00705397767075,23.386261613443022,TRANSPORT
919_1247,15.828480894810337,LOW,9.741221207646888,19.25667382572899,20.70875490912493,INFRASTRUCTURE
919_1636,49.972819093891005,MODERATE,86.95174199711526,21.191902368062358,18.95939793213161,TRANSPORT
924_413,43.634997986116744,MODERATE,54.12164030682307,42.93288570365299,27.256946097470667,TRANSPORT
925_376,58.16338922357212,HIGH,77.28571512673177,48.08691239971782,35.953491169806405,TRANSPORT
925_829,42.69135109494304,MODERATE,54.127459411141,41.751970084736186,23.36921627193229,TRANSPORT
927_907,66.27995611801529,HIGH,81.64642359426146,78.73272022322173,22.693535598833034,TRANSPORT
927_1239,16.11419893660454,LOW,10.209294050065436,19.624037031754888,20.629372825268927,INFRASTRUCTURE
931_659,70.61962728774813,HIGH,83.89037454165454,45.96748558462057,75.26049856641069,TRANSPORT
932_635,60.055212908088095,HIGH,88.17466503665197,39.975640502453224,34.61930710358669,TRANSPORT
932_842,58.68096408394565,HIGH,72.55513580034403,67.90750250655798,23.22591430911999,TRANSPORT
934_580,59.204467992799046,HIGH,91.200145420357,41.378021050858116,23.79973025211285,TRANSPORT
936_632,60.811111183953024,HIGH,88.24487446303843,44.41650088007093,32.74443265404422,TRANSPORT
937_490,24.168780639590427,LOW,16.995277374857466,34.61413981276466,24.08303933070067,SETTLEMENT
937_628,63.730802864078726,HIGH,80.89978524425653,65.89384524285936,31.22337170654702,TRANSPORT
938_1524,20.953482617614615,LOW,21.213225938290236,20.882965086911533,19.68384939217341,TRANSPORT
938_1636,27.104402855129244,MODERATE,36.47969918183534,20.18781509842342,18.91089048299815,TRANSPORT
939_320,26.02523144446468,MODERATE,20.190010948877696,28.32342043745928,33.221549995083436,INFRASTRUCTURE
940_32,42.831498288117515,MODERATE,30.407271822242965,72.22398912660017,29.576315737339897,SETTLEMENT
940_1007,27.87730436718788,MODERATE,32.65962924610691,25.459331416646396,22.526597771655165,TRANSPORT
942_891,26.1773841525443,MODERATE,20.068168861118657,37.66022985069956,23.368393648428516,SETTLEMENT
944_107,31.97600105567102,MODERATE,36.41035447408233,25.753735003506286,32.155108606932835,TRANSPORT
945_33,31.354180207266076,MODERATE,23.9499909453669,45.5777347299558,28.37244871802578,SETTLEMENT
945_584,39.059303342333735,MODERATE,51.72759672920733,32.42971154611961,24.731691539152283,TRANSPORT
946_1451,24.839615695517693,LOW,28.93928575892039,22.369462703727212,20.284853306344665,TRANSPORT
947_1256,15.236928079253742,LOW,9.166565915964412,18.514956912678798,20.17534347612586,INFRASTRUCTURE
948_1238,16.00570694481905,LOW,10.354470700091625,19.288499551032192,20.33000200747943,INFRASTRUCTURE
949_926,27.569291244645626,MODERATE,23.748574304663784,36.30216519179922,24.178829438071155,SETTLEMENT
953_463,39.91751270859613,MODERATE,33.01728718975401,63.550520035982494,23.75701260840489,SETTLEMENT
954_842,28.9898005478404,MODERATE,24.801894165206296,39.54404070600861,24.350174873680906,SETTLEMENT
955_518,23.026713396254067,LOW,17.240992162359266,30.172945154292268,24.169196045606316,SETTLEMENT
957_127,37.62047104180198,MODERATE,50.208963297161866,25.525138153509964,28.572589989061214,TRANSPORT
957_226,48.91310560127853,MODERATE,70.36819068725642,32.831368458795396,32.042927773721075,TRANSPORT
958_779,32.002417998003004,MODERATE,25.7153480522397,44.464709609371056,29.211102121288373,SETTLEMENT
964_258,66.1111186957824,HIGH,74.02328837542251,78.25606864113507,36.8594256410288,SETTLEMENT
964_1058,24.193285944383653,LOW,20.50825341092988,31.376327485746152,21.859172861770602,SETTLEMENT
965_975,28.440791555267776,MODERATE,29.106441985319147,31.50000661916796,23.968095882443407,SETTLEMENT
966_677,54.751543615277306,HIGH,81.78076121224707,36.674427089183894,28.12521611463714,TRANSPORT
969_529,32.50417531890866,MODERATE,30.575344032963343,41.675202785029065,26.074717522918466,SETTLEMENT
970_131,29.316768153068214,MODERATE,30.940078095768804,27.828973257750338,28.524092783065885,TRANSPORT
974_800,48.209054081881284,MODERATE,62.078646922561276,42.20225772790547,32.859851732281356,TRANSPORT
975_590,44.65619409735245,MODERATE,65.8605475192301,26.249552267242393,29.214778711380628,TRANSPORT
980_1051,37.515496604079004,MODERATE,52.902549136881035,27.02984503011614,22.584766941433255,TRANSPORT
982_1047,45.612249353613315,MODERATE,70.80480899578424,28.316049473595818,22.81224167461674,TRANSPORT
987_224,62.33653266504354,HIGH,66.17287302249076,39.49924681189007,83.34691768493946,INFRASTRUCTURE
988_92,47.03685918799395,MODERATE,56.30315653562943,37.742790105429734,42.84487251537594,TRANSPORT
991_998,66.36312291120862,HIGH,76.57130477611906,86.36669298726687,25.715931753506073,SETTLEMENT
992_1158,27.985485760006227,MODERATE,35.177045425801815,21.763396790622195,22.86767803605067,TRANSPORT
993_19,35.1767301112617,MODERATE,35.51893894914494,45.13931337725226,24.331219016335663,SETTLEMENT
993_1052,27.25061231172875,MODERATE,30.03020731825859,26.788960798726556,23.00783356089559,TRANSPORT
997_899,47.18407418930345,MODERATE,35.07963110508884,79.14144111236277,31.469616303368465,SETTLEMENT
999_1162,23.18931121156509,LOW,23.174773468185357,22.71980957081524,23.165260020836573,TRANSPORT
1001_1328,15.991146308401596,LOW,10.219356381768918,19.88629837459576,19.820185352004465,SETTLEMENT
1003_1062,21.721567558455533,LOW,18.15728141523903,24.906364349166893,23.396780609618727,SETTLEMENT
1007_87,63.76387266302687,HIGH,82.61140604940192,35.32977968686125,65.94480466334993,TRANSPORT
1008_81,53.450861009588614,HIGH,75.47414159533233,31.79481156774009,41.991584825465424,TRANSPORT
1009_1179,20.033842233716783,LOW,13.984494059508195,25.458929732107606,23.16772576855575,SETTLEMENT
1010_457,27.44754269685058,MODERATE,25.106248480526023,33.01680728864975,25.119088549012243,SETTLEMENT
1011_1108,25.600502538756132,MODERATE,27.337195935044956,23.779347567803605,24.463543389854724,TRANSPORT
1014_1107,27.10649440102193,MODERATE,30.836093210721188,23.571029948917687,24.727478502199695,TRANSPORT
1016_443,31.011632566930814,MODERATE,32.10985677751195,33.73393295397344,26.549690188415926,SETTLEMENT
1016_619,55.40682588796114,HIGH,67.75479021167175,45.652377990580376,45.428436570644294,TRANSPORT
1016_1253,17.099416707565357,LOW,10.811134778023677,21.84711059619189,20.99786144468435,SETTLEMENT
1016_1530,16.546588041944265,LOW,11.791570531034667,20.07904834850931,19.126442345818372,SETTLEMENT
1020_1076,22.168704069703242,LOW,16.65048123752168,27.16423207971564,25.187992410069317,SETTLEMENT
1025_201,58.23101458721446,HIGH,82.52201370008643,37.807756879846735,41.042192529699264,TRANSPORT
1026_880,23.873306064019612,LOW,17.081344865375044,28.602198265010365,29.624387099249315,INFRASTRUCTURE
1026_1098,31.74061657075135,MODERATE,38.7378126030032,26.588368856334192,26.269775185872202,TRANSPORT
1026_1319,16.90382321602144,LOW,10.965608607578329,21.891785554723924,19.899618103806947,SETTLEMENT
1029_1610,22.477851796282312,LOW,26.936529924187635,18.45301528472437,18.74703333351967,TRANSPORT
1032_360,25.036645273994623,MODERATE,20.632017568288564,29.867228020479697,26.745128156475527,SETTLEMENT
1034_1025,27.835566570463342,MODERATE,18.149783677143077,42.69768022058275,27.53269749848205,SETTLEMENT
1036_471,26.880598467820228,MODERATE,24.796328719264693,33.161466739598,23.217277565397954,SETTLEMENT
1039_973,63.28014797277064,HIGH,54.73453392519421,67.57402208833263,71.2458675036655,INFRASTRUCTURE
1041_497,44.77804728272295,MODERATE,33.84060915547479,78.45394359026608,24.755257758781074,SETTLEMENT
1043_279,71.43606227177298,HIGH,86.85291477063004,85.01337491630434,28.161166806854403,TRANSPORT
1045_181,58.13932100954117,HIGH,84.41833696465748,33.14771306937128,41.178694001420645,TRANSPORT
1045_618,34.4757207281744,MODERATE,30.443257026854774,38.088575235754995,38.28633694105223,INFRASTRUCTURE
1046_339,21.651349339310737,LOW,15.556386210951542,27.690959648377017,24.392190598435086,SETTLEMENT
1046_1566,16.17714074070164,LOW,10.47061904321974,21.018659055463587,18.839300597725718,SETTLEMENT
1050_433,25.798999387364063,MODERATE,23.878313616958806,29.432499035615223,24.726298794935136,SETTLEMENT
1050_1505,21.36162287017955,LOW,20.647884607013843,23.732879271018493,19.028522188498982,SETTLEMENT
1050_1612,19.102027526409554,LOW,18.5926404548354,19.21829784415148,18.672938133572924,SETTLEMENT
1051_1104,28.375141986287083,MODERATE,21.503169307993748,36.048837274488584,31.541015732997767,SETTLEMENT
1052_1614,19.549212570305997,LOW,19.620993844050798,19.251808752660025,18.66048860363682,TRANSPORT
1057_120,42.467043089019725,MODERATE,59.11611543222792,26.28111250343267,32.525481820306624,TRANSPORT
1057_918,24.188274669740817,LOW,16.962822414965206,29.074108490437172,30.548116893777532,INFRASTRUCTURE
1058_278,64.3084097130903,HIGH,80.27799779003877,74.5216738150344,25.74088577367294,TRANSPORT
1059_152,48.84384971976404,MODERATE,71.06154377211146,26.002520133926822,37.00155176645386,TRANSPORT
1066_289,55.14684161525698,HIGH,59.66890574522654,73.90201891667787,24.85971509426242,SETTLEMENT
1068_486,29.78401219828026,MODERATE,21.35721074144255,46.63750771216638,25.325373623426444,SETTLEMENT
1068_1321,21.39269171097176,LOW,15.309386757338872,31.02694920180116,19.968428230216173,SETTLEMENT
1074_637,62.933337405726554,HIGH,81.12253267391057,67.04094385558876,26.78312621048437,TRANSPORT
1077_1335,26.59521994971556,MODERATE,22.39724212755053,38.76421086219297,19.78534722438072,SETTLEMENT
1078_1103,82.59811657348874,VERY_HIGH,93.07837510173024,78.59471439046948,66.98983754475995,TRANSPORT
1082_1562,17.694094010302425,LOW,11.684534175071752,24.621058395788534,18.709088489725467,SETTLEMENT
1082_1567,17.84973743964924,LOW,12.34440975545651,24.187782009640234,18.695619939194046,SETTLEMENT
1083_787,48.66726083793514,MODERATE,47.186432989173994,65.34934124784937,30.957460723846857,SETTLEMENT
1083_1321,26.272678272256123,MODERATE,21.251948768660156,39.18927638051942,19.972751394553416,SETTLEMENT
1086_1067,29.313269099249844,MODERATE,20.32041595225993,38.566502386524384,34.44376980949444,SETTLEMENT
1087_302,42.41140986573072,MODERATE,50.320970526363794,47.038351016494964,23.08327165817643,TRANSPORT
1087_1067,29.028412240824707,MODERATE,19.794615668925143,38.33735577029949,34.467596137196274,SETTLEMENT
1088_1411,16.3790803605808,LOW,10.749840407269685,21.098697870113647,19.07692095069951,SETTLEMENT
1091_321,70.22720564212783,HIGH,89.06243415522388,82.57910172361551,22.77346413798184,TRANSPORT
1092_1117,46.44970550966072,MODERATE,55.28559742083433,37.7423508827888,40.42516619517001,TRANSPORT
1094_201,45.28516585326511,MODERATE,60.29786410466706,34.372935141395494,32.53092427564629,TRANSPORT
1097_795,61.25424635358333,HIGH,70.61979288090382,72.67015492926288,28.521191588840956,SETTLEMENT
1100_1252,52.610573710973476,HIGH,88.69175001607204,22.84680285124182,21.410388718246434,TRANSPORT
1101_1475,20.14307730565894,LOW,15.569083290560442,27.2583805915806,18.831712106551393,SETTLEMENT
1103_337,30.911128571975226,MODERATE,31.519329806626157,36.4270761332267,24.082128239536928,SETTLEMENT
1104_399,26.78992720330061,MODERATE,19.803047099101434,31.95171745316484,32.797074469237266,INFRASTRUCTURE
1107_88,35.11994354318854,MODERATE,46.56165806242787,21.030138528777933,30.92426630755426,TRANSPORT
1107_435,32.09163790954796,MODERATE,33.90756605310933,31.96412791451482,29.810558560098865,TRANSPORT
1107_500,39.867727732087374,MODERATE,54.07111511280637,24.437833155121517,31.311748647934145,TRANSPORT
1109_795,58.10110432757954,HIGH,66.88379180535242,71.77094431624968,26.43133488239546,SETTLEMENT
1109_1267,46.39952847139874,MODERATE,72.6436887745825,25.686297234038268,20.944294071468768,TRANSPORT
1110_199,66.22922628599606,HIGH,85.33693917925585,63.458377245912324,36.02410809603762,TRANSPORT
1111_515,32.79104153702312,MODERATE,35.34738247155748,23.895903387520576,39.36074438351038,INFRASTRUCTURE
1111_1100,36.02032749762093,MODERATE,35.88948737307149,38.85982641342658,34.246939222270775,SETTLEMENT
1121_1124,27.642370317295867,MODERATE,20.132892656477104,38.05959381472892,28.660967270786763,SETTLEMENT
1123_788,46.235572808314224,MODERATE,33.01635440687708,84.61679761152985,24.6183244008066,SETTLEMENT
1123_1591,39.76674715588502,MODERATE,59.433738590458304,27.887858947167583,18.50486672255326,TRANSPORT
1124_781,60.97075282055731,HIGH,76.81309447934636,68.99154100691878,24.328870689433302,TRANSPORT
1135_1482,18.79277464334294,LOW,13.294639603214295,26.089388674313895,18.66553854104276,SETTLEMENT
1138_1485,18.904567984987704,LOW,13.571404379767237,26.080178544086806,18.648783868076272,SETTLEMENT
1139_1010,49.17620985608931,MODERATE,80.42946505990432,26.358801598918745,22.69656916503057,TRANSPORT
1140_819,63.26729348714053,HIGH,78.1485695617013,75.62808220454801,23.39009348355158,TRANSPORT
1146_1185,20.123942182547637,LOW,14.318769722359992,25.315833714625008,23.118619876113367,SETTLEMENT
1148_459,23.0971611686009,LOW,13.034598613392767,32.28989790726444,29.24257292982515,SETTLEMENT
1151_1077,23.19983223385911,LOW,18.87855789700782,27.556191621568843,25.044991316884285,SETTLEMENT
1152_1100,43.44159520635743,MODERATE,60.96236861265649,32.472292240106505,25.050539296483638,TRANSPORT
1162_368,28.995747458496112,MODERATE,21.00667315535651,36.55960322724391,34.29084136606306,SETTLEMENT
1163_290,18.47646758606409,LOW,11.239297049930702,24.702429506610958,22.50885088064542,SETTLEMENT
1165_587,18.201516277353235,LOW,10.194279504188488,22.755212899065516,25.425894704269187,INFRASTRUCTURE
1166_1096,48.12316244741704,MODERATE,76.30611521611543,26.91648349305912,23.822738365703806,TRANSPORT
1166_1256,39.890528234439856,MODERATE,63.289984031686316,21.14384846599785,20.658028219680187,TRANSPORT
1167_1345,26.527960539446227,MODERATE,33.096771554521744,22.74221984502831,19.485106013826655,TRANSPORT
1167_1471,23.902307551874564,LOW,28.39620997223335,21.30541084779272,18.682667058589338,TRANSPORT
1169_1408,27.532341608190407,MODERATE,38.097418678898435,19.176517740896532,19.00518048030822,TRANSPORT
1170_1438,46.67999953056329,MODERATE,78.86689365899468,19.47344767410676,18.83500843697629,TRANSPORT
1172_572,17.67525697499814,LOW,9.85621627438878,22.051355271310474,24.70480317765405,INFRASTRUCTURE
1177_1024,47.69790915396011,MODERATE,77.64232312849782,25.11804046902299,21.96238752054915,TRANSPORT
1180_41,33.617193166127265,MODERATE,46.52588975897114,22.39026516940021,23.61825842229176,TRANSPORT
1181_470,21.469275751011306,LOW,14.451070894406747,27.398872512423917,25.892536371831998,SETTLEMENT
1182_108,46.13522646797946,MODERATE,50.80238386583606,45.24559128647514,40.344543224656036,TRANSPORT
1192_259,18.095562312932078,LOW,12.913115046459584,21.101162949042045,22.23156071700379,INFRASTRUCTURE
1193_167,39.70165838253938,MODERATE,53.055071666499195,28.78746122689888,29.63705465523899,TRANSPORT
1196_88,55.032390193405476,HIGH,79.26329640722301,38.773030135114126,30.736621112392505,TRANSPORT
1200_189,26.648534947352857,MODERATE,29.20813852232607,23.690469074049,25.549918296050688,TRANSPORT
