cell_id,label,elevation_m,slope_deg,elevation_std_m,slope_score,ruggedness_score,elevation_score,terrain_instability_score,terrain_instability_category
3_1656,0,4376.0,10.724231719970703,4.597369194030762,14.098613251155623,13.405238828967642,77.65793528505392,27.75423728813559,MODERATE
4_988,0,4950.0,35.91403579711914,32.235103607177734,77.73497688751925,97.68875192604007,87.67334360554699,85.32742681047765,EXTREME
5_1571,0,4778.0,20.91554832458496,9.202791213989258,28.6979969183359,27.349768875192602,83.93682588597842,40.21186440677966,MODERATE
10_680,0,2343.0,52.60748291015625,33.377010345458984,98.84437596302003,97.99691833590138,62.17257318952234,93.1895223420647,EXTREME
12_491,0,2666.0,21.879323959350582,9.635326385498049,30.893682588597844,29.66101694915254,65.2542372881356,39.19491525423729,MODERATE
13_1255,0,5413.0,33.99567413330078,15.637877464294434,71.26348228043143,66.17873651771957,94.83821263482281,74.9653312788906,HIGH
15_652,0,1600.0,36.59194946289063,18.1597843170166,79.6995377503852,79.96918335901387,44.41448382126348,75.48921417565485,EXTREME
15_1456,0,5109.0,10.597708702087402,4.570436477661133,13.944530046224962,13.212634822804315,91.21725731895224,29.655238828967644,MODERATE
16_317,0,2950.0,12.974687576293944,6.026689529418945,16.563944530046225,16.79506933744222,67.10323574730354,28.37442218798151,MODERATE
17_355,0,2721.0,45.81885147094727,23.90619468688965,95.3004622496148,93.37442218798151,66.06317411402158,90.66833590138675,EXTREME
20_1290,0,5332.0,33.64849090576172,16.88815689086914,69.91525423728814,73.6517719568567,94.26040061633282,76.00539291217258,EXTREME
20_1453,0,4975.0,3.876335859298706,1.9436506032943728,5.007704160246533,5.6625577812018495,88.17411402157165,22.395993836671803,LOW
23_244,0,2099.0,13.536701202392578,5.981452941894531,17.295839753466872,16.718027734976886,59.78428351309707,27.659861325115564,MODERATE
27_1200,0,5434.0,25.37534141540528,35.3162841796875,39.791987673343606,98.38212634822804,95.14637904468412,65.75308166409862,HIGH
29_729,0,1869.0,33.82723617553711,17.126977920532227,70.64714946070877,74.49922958397535,54.930662557781204,70.72033898305085,HIGH
31_874,0,3754.0,18.73767471313477,8.46926212310791,24.46070878274268,24.345146379044685,72.34206471494608,35.39098613251156,MODERATE
31_1025,0,5151.0,9.614384651184082,4.175176620483398,12.673343605546997,12.01848998459168,91.83359013867488,28.75,MODERATE
32_1418,0,5801.0,26.810009002685547,12.600215911865234,45.261941448382125,45.76271186440678,97.30354391371341,55.93027734976887,HIGH
33_13,0,403.0,29.60394096374512,12.95099925994873,55.81664098613251,47.68875192604006,5.624036979969183,48.46494607087828,MODERATE
33_708,0,2977.0,34.020790100097656,16.865480422973633,71.57164869029276,73.57473035439138,67.33436055469953,72.85824345146379,HIGH
39_194,0,1574.0,9.614384651184082,4.499657154083252,12.673343605546997,13.020030816640988,42.06471494607088,21.535053929121727,LOW
40_15,0,392.0,23.406394958496094,10.13001823425293,34.47611710323575,31.51001540832049,5.238828967642527,32.625192604006166,MODERATE
41_966,0,3881.0,38.31543731689453,19.81371688842773,83.89830508474576,84.82280431432973,73.80585516178738,83.42064714946072,EXTREME
44_642,0,1585.0,24.988758087158203,10.629565238952637,38.674884437596305,34.20647149460709,43.41294298921417,41.33474576271187,MODERATE
44_777,0,3463.0,44.49834060668945,20.48847961425781,94.22187981510015,86.97996918335902,70.57010785824345,89.15254237288136,EXTREME
44_843,0,4407.0,29.025177001953125,12.062337875366213,54.00616332819723,43.451463790446844,78.23574730354392,57.30161787365178,HIGH
44_1523,0,4416.0,0.9704723954200744,0.6849349141120911,0.6933744221879815,0.9630200308166409,78.5824345146379,17.40947611710323,LOW
47_1039,0,5124.0,7.952031135559082,3.0594115257263184,10.708782742681047,8.705701078582434,91.40986132511556,26.77773497688752,MODERATE
51_586,0,3022.0,48.66741180419922,39.660911560058594,97.30354391371341,98.9984591679507,67.71956856702619,93.42449922958397,EXTREME
51_1520,0,4428.0,1.9403883218765257,0.916245698928833,2.0030816640986133,1.9260400616332818,78.8135593220339,18.405238828967644,LOW
52_235,0,1826.0,21.45036697387696,9.03627872467041,29.892141756548536,26.57935285053929,53.77503852080123,36.151771956856706,MODERATE
53_566,0,2572.0,13.27562141418457,5.933790683746338,16.87211093990755,16.563944530046225,64.17565485362096,28.046995377503855,MODERATE
53_801,0,3772.0,34.652565002441406,16.815629959106445,73.92141756548536,73.34360554699538,72.41910631741139,74.8555469953775,HIGH
59_1544,0,4397.0,2.169212579727173,0.916245698928833,2.7349768875192604,1.9260400616332818,78.12018489984591,18.7037750385208,LOW
61_1203,0,6076.0,21.00910186767578,9.46468448638916,29.044684129429893,28.62095531587057,98.38212634822804,42.88713405238829,MODERATE
62_218,0,1455.0,32.99371337890625,15.725264549255373,67.2573189522342,66.71802773497689,35.67026194144838,64.0215716486903,HIGH
62_993,0,3699.0,7.351002693176269,3.9440531730651855,9.745762711864407,11.171032357473036,71.9568567026194,23.946456086286595,LOW
62_1076,0,5002.0,17.274070739746094,6.646265029907227,21.49460708782743,18.104776579352848,89.06009244992296,34.707241910631744,MODERATE
67_1132,0,5475.0,10.029293060302734,4.4081854820251465,13.289676425269645,12.788906009244993,95.37750385208012,29.81317411402157,MODERATE
69_27,0,1113.0,18.650480270385746,7.733205318450928,24.22958397534669,21.49460708782743,21.53312788906009,26.92989214175655,MODERATE
70_593,0,2955.0,16.300086975097656,7.350149154663086,19.915254237288135,20.03081664098613,67.2573189522342,31.04969183359014,MODERATE
80_1256,0,6223.0,53.72871780395508,33.212371826171875,99.15254237288136,97.91987673343606,98.7673343605547,98.82896764252698,EXTREME
83_532,0,2095.0,32.385841369628906,15.84648609161377,64.90755007704159,67.29583975346686,59.66872110939908,66.47342064714945,HIGH
84_1435,0,4667.0,0.9704723954200744,0.8164966106414795,0.6933744221879815,1.3482280431432974,81.70261941448382,17.973805855161785,LOW
85_1002,0,5031.0,46.57422256469727,27.184555053710938,96.0708782742681,95.99383667180277,90.06163328197226,95.34668721109398,EXTREME
87_1024,0,4334.0,49.31068420410156,28.394052505493164,97.7657935285054,96.37904468412944,77.15716486902927,94.43952234206473,EXTREME
92_891,0,5138.0,27.717409133911133,11.79244327545166,48.80585516178736,41.52542372881356,91.75654853620955,55.988058551617875,HIGH
93_93,0,1232.0,32.22797393798828,14.392212867736816,64.29121725731896,57.81972265023112,26.078582434514637,58.72688751926041,HIGH
93_428,0,2680.0,18.024797439575195,9.741092681884766,22.88135593220339,29.9306625577812,65.48536209553158,34.89021571648691,MODERATE
94_580,0,2001.0,29.383731842041016,14.476886749267578,55.3929121725732,58.24345146379045,57.473035439137135,58.64791987673344,HIGH
96_631,0,2909.0,41.16909790039063,20.928449630737305,89.59938366718028,88.13559322033898,67.02619414483821,86.36748844375963,EXTREME
97_1012,0,4407.0,14.821044921875,6.218252658843994,18.489984591679505,17.4884437596302,78.23574730354392,31.276964560862865,MODERATE
101_401,0,2652.0,31.61968231201172,15.993053436279297,62.750385208012325,68.25885978428352,65.06163328197226,66.33667180277351,HIGH
102_554,0,2222.0,34.095909118652344,16.14134979248047,71.80277349768875,69.33744221879815,60.86286594761171,70.9553158705701,HIGH
102_1442,0,4764.0,7.030324935913086,3.3035707473754883,9.476117103235747,9.322033898305085,83.35901386748844,25.046224961479197,MODERATE
104_1297,0,5265.0,20.971752166748047,9.46468448638916,28.890600924499232,28.62095531587057,93.45146379044684,42.062788906009246,MODERATE
105_74,0,1484.0,22.41640281677246,11.053182601928713,31.856702619414484,36.90292758089369,37.249614791987675,37.33436055469954,MODERATE
107_1391,0,5274.0,8.235328674316406,3.265986442565918,10.901386748844375,9.052388289676424,93.52850539291218,27.28813559322034,MODERATE
110_97,0,1109.0,10.72423267364502,5.333333492279053,14.21417565485362,14.946070878274268,21.340523882896765,19.755392912172574,LOW
110_951,0,5248.0,22.19342422485352,10.321976661682127,31.432973805855163,32.5115562403698,93.14329738058552,44.387519260400616,MODERATE
111_1425,0,4982.0,23.97199821472168,11.096657752990724,35.824345146379045,37.442218798151,88.4437596302003,47.33050847457628,MODERATE
112_1345,0,6215.0,58.49972534179688,58.11037826538086,99.84591679506933,99.46070878274269,98.61325115562404,99.57241910631743,EXTREME
114_1106,0,5332.0,34.87635803222656,16.642946243286133,74.57627118644068,72.34206471494608,94.26040061633282,78.24152542372882,EXTREME
118_1383,0,5697.0,41.48539352416992,21.008522033691406,89.98459167950693,88.52080123266563,96.84129429892143,91.14791987673344,EXTREME
122_433,0,3351.0,13.471976280212402,5.557777404785156,17.14175654853621,15.408320493066254,69.9537750385208,28.7731124807396,MODERATE
125_958,0,5229.0,28.331172943115234,20.94112205505371,51.232665639445294,88.28967642526965,92.91217257318952,69.18721109399075,HIGH
126_1544,0,4369.0,0.9704723954200744,0.566557765007019,0.6933744221879815,0.2696456086286595,77.42681047765794,17.062788906009246,LOW
130_1126,0,5314.0,52.71131134033203,31.60090446472168,98.92141756548536,97.45762711864407,93.91371340523882,97.85824345146379,EXTREME
132_516,0,3017.0,36.65605926513672,17.9119930267334,80.08474576271186,78.73651771956857,67.64252696456087,78.87711864406779,EXTREME
134_1295,0,5748.0,39.07185745239258,21.12981605529785,85.97842835130972,88.9060092449923,97.07241910631741,89.07550077041604,EXTREME
138_675,0,3653.0,40.11621856689453,19.756542205810547,87.98151001540832,84.66872110939909,71.57164869029276,85.29275808936828,EXTREME
140_27,0,655.0,32.41354751586914,14.843213081359863,65.17719568567027,60.708782742681045,11.787365177195685,57.79275808936826,HIGH
141_1564,0,4372.0,3.495080947875977,1.369869828224182,4.6995377503852085,4.23728813559322,77.58089368258861,20.28120184899846,LOW
142_942,0,5707.0,24.637191772460938,8.55212688446045,37.942989214175654,24.80739599383667,96.9568567026194,46.61402157164869,MODERATE
149_687,0,3819.0,9.12953281402588,4.966554641723633,12.211093990755009,13.86748844375963,73.22804314329738,26.16718027734977,MODERATE
150_686,0,3892.0,35.002872467041016,17.416467666625977,74.80739599383666,76.73343605546995,74.03697996918336,76.43297380585516,EXTREME
150_1110,0,5406.0,26.99041748046875,12.40768337249756,46.10939907550077,45.069337442218796,94.76117103235747,55.841679506933744,HIGH
154_105,0,1724.0,6.830390453338623,2.024540662765503,9.090909090909092,6.086286594761171,49.49922958397535,18.946456086286595,LOW
156_103,0,1725.0,10.029293060302734,5.166368007659912,13.289676425269645,14.560862865947612,49.61479198767334,23.391756548536208,LOW
156_878,0,4552.0,8.615472793579102,4.139541149139404,11.440677966101696,11.787365177195685,80.43143297380585,26.30392912172573,MODERATE
158_1490,0,4535.0,3.9952552318573,1.699673056602478,5.277349768875193,4.930662557781202,80.23882896764253,21.171032357473038,LOW
159_757,0,4421.0,23.45430564880371,11.12998390197754,34.707241910631744,37.59630200308167,78.73651771956857,45.29853620955316,MODERATE
160_1535,0,4370.0,2.743075370788574,1.227262258529663,3.4668721109399074,3.697996918335902,77.50385208012327,19.456856702619415,LOW
162_836,0,5433.0,19.906658172607425,8.547616004943848,27.11864406779661,24.73035439137134,95.0693374422188,40.35824345146379,MODERATE
163_823,0,5191.0,7.030324935913086,3.265986442565918,9.476117103235747,9.052388289676424,92.37288135593221,26.3308936825886,MODERATE
165_1205,0,6577.0,26.575096130371094,16.129474639892578,43.91371340523883,69.02927580893683,99.61479198767334,61.352080123266575,HIGH
167_997,0,4998.0,5.641021251678467,3.616129159927368,7.896764252696456,10.16949152542373,88.86748844375964,25.21571648690293,MODERATE
169_250,0,2855.0,16.48015022277832,7.42534875869751,20.0693374422188,20.184899845916796,66.79506933744221,31.103620955315872,MODERATE
171_726,0,4595.0,20.38071250915528,10.208928108215332,27.81201848998459,31.856702619414484,80.89368258859785,40.39483821263482,MODERATE
173_1302,0,5771.0,7.776834964752197,4.055175304412842,10.362095531587057,11.556240369799692,97.22650231124807,28.172187981510014,MODERATE
175_1422,0,5088.0,18.04762458801269,8.0,23.112480739599384,22.07241910631741,90.83204930662558,36.85477657935285,MODERATE
176_65,0,1185.0,31.21787643432617,14.981470108032228,61.13251155624037,61.63328197226502,23.690292758089367,57.58474576271187,HIGH
177_441,0,2634.0,26.73207664489746,13.59738540649414,44.761171032357474,52.61941448382126,64.79198767334361,52.492295839753474,HIGH
179_140,0,1322.0,18.931962966918945,8.033879280090332,25.0,22.18798151001541,30.12326656394453,28.815485362095533,MODERATE
179_393,0,2581.0,23.97199821472168,10.478667259216309,35.824345146379045,33.51309707241911,64.40677966101694,42.74268104776579,MODERATE
181_409,0,2407.0,30.035755157470703,15.401619911193848,57.704160246533135,65.17719568567027,62.94298921417566,62.47303543913715,HIGH
182_1213,0,6561.0,10.72423267364502,63.73263549804688,14.21417565485362,99.69183359013869,99.53775038520801,52.67141756548537,HIGH
183_57,0,1254.0,22.19342613220215,9.53486156463623,31.548536209553156,28.736517719568567,27.195685670261945,33.61517719568567,MODERATE
183_521,1,2019.0,34.00405502319336,16.620677947998047,71.49460708782742,72.11093990755008,58.35901386748844,71.10362095531588,HIGH
185_39,0,1384.0,24.82857131958008,11.344221115112305,38.44375963020031,38.71340523882897,32.74268104776579,40.733821263482284,MODERATE
186_549,1,2069.0,30.289533615112305,13.524555206298828,58.62865947611711,51.69491525423729,59.32203389830508,59.067796610169495,HIGH
186_772,0,4916.0,33.75937271118164,16.470699310302734,70.49306625577813,71.03235747303543,86.59476117103236,74.51848998459168,HIGH
188_63,0,1603.0,25.61410522460937,12.233327865600586,40.75500770416024,44.37596302003082,44.7226502311248,45.21764252696456,MODERATE
189_1397,0,5326.0,27.99703788757324,11.97012710571289,50.231124807396,42.87365177195686,94.0677966101695,57.45570107858244,HIGH
190_534,1,2403.0,16.981739044189453,7.542471885681152,20.993836671802775,20.724191063174114,62.865947611710325,31.157550077041606,MODERATE
190_544,1,2073.0,32.41354751586914,15.84648609161377,65.17719568567027,67.29583975346686,59.399075500770415,66.58127889060094,HIGH
191_528,1,2068.0,47.15036392211914,24.50749588012696,96.72573189522342,93.68258859784284,59.24499229583975,90.50654853620955,EXTREME
191_1609,0,4445.0,4.110692024230957,2.0,5.585516178736518,5.8936825885978426,79.12172573189522,21.41371340523883,LOW
193_412,1,2375.0,19.745235443115234,8.5606050491333,26.42526964560863,24.884437596302003,62.480739599383675,35.1271186440678,MODERATE
194_1163,0,5648.0,11.214726448059082,5.5865797996521,14.946070878274268,15.562403697996919,96.3020030816641,31.556240369799692,MODERATE
196_414,1,2363.0,31.99302101135254,15.154349327087402,63.82896764252697,62.750385208012325,62.326656394453,65.14252696456086,HIGH
197_397,1,2169.0,29.30595970153809,13.790316581726074,55.123266563944526,54.08320493066255,60.32357473035439,57.887134052388284,HIGH
197_413,1,2326.0,17.65447235107422,8.056896209716797,22.07241910631741,22.342064714946073,61.78736517719569,31.99345146379045,MODERATE
198_373,0,1932.0,32.4871940612793,15.173075675964355,65.40832049306626,63.02003081664098,55.932203389830505,65.11941448382126,HIGH
198_399,1,2175.0,37.12541961669922,17.523176193237305,81.0477657935285,77.34976887519261,60.40061633281972,77.97380585516179,EXTREME
199_37,0,1806.0,12.974687576293944,5.782049179077148,16.563944530046225,16.101694915254235,52.92758089368259,26.07473035439137,MODERATE
199_399,1,2233.0,20.971752166748047,9.814325332641602,28.890600924499232,30.354391371340522,60.97842835130971,37.625192604006166,MODERATE
199_400,1,2163.0,39.5526008605957,19.183326721191406,86.67180277349769,83.5130970724191,60.24653312788906,82.58474576271186,EXTREME
199_415,1,2335.0,16.064945220947266,7.180219650268555,19.41448382126348,19.106317411402156,62.01848998459168,29.757318952234208,MODERATE
199_995,0,5979.0,41.31224822998047,33.430259704589844,89.75346687211095,98.07395993836671,98.11248073959938,93.59976887519261,EXTREME
200_397,1,2259.0,24.637191772460938,10.318387985229492,37.942989214175654,32.43451463790446,61.093990755007695,43.14137134052388,MODERATE
200_550,1,2094.0,39.59986877441406,19.47711563110352,86.90292758089369,84.05238828967643,59.55315870570108,82.7426810477658,EXTREME
201_401,1,2147.0,31.21787643432617,14.103672981262209,61.13251155624037,56.31741140215717,60.16949152542372,61.72765793528506,HIGH
202_1166,0,5671.0,5.212227821350098,2.985561847686768,7.203389830508475,8.590138674884438,96.61016949152543,25.600924499229585,MODERATE
202_1269,0,6453.0,10.931544303894045,7.211102485656738,14.445300462249616,19.45300462249615,99.38366718027734,32.71571648690293,MODERATE
203_393,1,2315.0,31.46404266357422,14.366456985473633,62.134052388289675,57.3959938366718,61.556240369799696,62.756163328197225,HIGH
204_389,1,2318.0,30.61166954040528,14.392212867736816,59.514637904468415,57.81972265023112,61.63328197226502,61.43297380585516,HIGH
204_786,0,4478.0,15.277241706848145,7.731608867645264,18.8366718027735,21.417565485362093,79.73805855161787,32.67526964560863,MODERATE
206_941,0,5665.0,37.9329833984375,22.100780487060547,83.01232665639445,90.75500770416025,96.53312788906008,87.82550077041603,EXTREME
206_1313,0,6230.0,18.11588287353516,8.35921859741211,23.30508474576271,23.728813559322035,98.92141756548536,38.5882126348228,MODERATE
207_398,1,2419.0,27.55723762512207,12.320815086364746,48.45916795069338,44.761171032357474,63.02003081664098,52.29583975346687,HIGH
207_551,1,2010.0,25.16171264648437,10.918327331542969,39.0215716486903,36.28659476117103,57.781201848998464,44.200693374422194,MODERATE
208_541,1,1695.0,42.76017379760742,22.096309661865234,92.6040061633282,90.67796610169492,48.69029275808937,85.90523882896764,EXTREME
208_542,1,1726.0,45.75273132324219,25.28992462158203,95.22342064714945,94.37596302003082,49.69183359013867,88.4206471494607,EXTREME
208_550,1,1965.0,27.74191665649414,13.144025802612305,49.07550077041603,48.92141756548536,56.85670261941448,52.75038520801233,HIGH
209_1184,0,6741.0,9.471722602844238,3.784308195114136,12.326656394453005,10.939907550077042,99.69183359013869,29.468412942989218,MODERATE
209_1258,0,6005.0,39.80498504638672,20.650531768798828,87.442218798151,87.442218798151,98.22804314329738,89.6879815100154,EXTREME
209_1337,0,6054.0,1.372323989868164,2.108185052871704,1.4252696456086287,6.240369799691833,98.30508474576271,22.08975346687211,LOW
212_536,1,1582.0,20.84029006958008,9.55684757232666,28.466872110939907,28.929121725731893,43.10477657935285,34.35477657935285,MODERATE
212_538,1,1622.0,34.25336837768555,16.384275436401367,72.26502311248075,70.64714946070877,45.64714946070878,69.25462249614792,HIGH
213_922,0,5876.0,38.031097412109375,16.908248901367188,83.35901386748844,73.72881355932203,97.7657935285054,83.94453004622497,EXTREME
214_536,1,1620.0,21.73765563964844,9.558138847351074,30.701078582434516,29.044684129429893,45.377503852080125,35.95338983050848,MODERATE
214_923,0,6216.0,38.75123977661133,25.95842933654785,85.20801232665639,95.0693374422188,98.69029275808937,90.43528505392914,EXTREME
216_668,0,3155.0,33.869510650634766,15.66312026977539,70.99383667180277,66.4869029275809,68.87519260400616,70.99961479198767,HIGH
218_793,0,4510.0,16.064945220947266,6.831300735473633,19.41448382126348,18.412942989214176,79.96918335901387,32.27657935285054,MODERATE
221_1601,0,4380.0,5.212227821350098,2.199887752532959,7.203389830508475,6.471494607087827,77.73497688751925,22.239984591679505,LOW
222_1036,0,5707.0,24.15616798400879,6.880911350250244,36.40215716486903,18.56702619414484,96.9568567026194,44.20647149460709,MODERATE
223_498,1,2034.0,21.93211936950684,10.327956199645996,31.047765793528505,32.66563944530046,58.782742681047765,39.060092449922955,MODERATE
223_591,0,2672.0,37.48716354370117,18.8784294128418,81.97226502311248,82.35747303543913,65.33127889060091,80.47380585516179,EXTREME
224_1401,0,5254.0,4.936678409576416,2.249828338623047,6.5870570107858235,6.702619414483821,93.29738058551618,24.293143297380585,LOW
225_41,0,1254.0,22.70327377319336,10.063992500305176,32.357473035439135,31.35593220338983,27.195685670261945,34.71494607087827,MODERATE
225_934,0,6946.0,30.99817657470703,16.839303970336914,60.59322033898306,73.4206471494607,99.768875192604,71.64676425269646,HIGH
226_699,0,4203.0,36.2456283569336,16.58945083618164,78.35130970724191,71.87981510015409,75.80893682588598,77.43451463790447,EXTREME
227_1644,0,4383.0,0.9704723954200744,1.314684271812439,0.6933744221879815,3.9291217257318953,77.8120184899846,18.035439137134052,LOW
228_721,0,3745.0,24.51827812194824,11.085525512695312,37.365177195685675,37.326656394453,72.1879815100154,45.710708782742685,MODERATE
231_1310,0,6183.0,18.20638465881348,8.038487434387207,23.459167950693374,22.26502311248074,98.5362095531587,38.24922958397535,MODERATE
234_382,1,2292.0,27.900314331054688,13.324997901916504,49.884437596302,50.154083204930664,61.40215716486903,54.18528505392912,HIGH
236_1344,0,5816.0,8.290763854980469,4.570436477661133,11.171032357473036,13.212634822804315,97.45762711864407,29.065870570107858,MODERATE
237_46,0,948.0,35.19081115722656,17.66212272644043,75.53929121725731,77.65793528505392,17.796610169491526,68.63058551617874,HIGH
240_1004,0,8027.0,38.68256759643555,21.725561141967773,85.01540832049307,90.29275808936826,99.92295839753467,89.32010785824346,EXTREME
243_522,1,1553.0,25.87687110900879,11.343132972717283,41.833590138674886,38.59784283513097,41.02465331278891,43.81163328197226,MODERATE
244_467,0,2500.0,33.100250244140625,16.125282287597656,67.68104776579354,68.9522342064715,63.790446841294305,69.03120184899848,HIGH
244_1007,0,7982.0,38.68256759643555,29.31012344360352,85.01540832049307,96.61016949152543,99.84591679506933,90.88790446841296,EXTREME
244_1230,0,5805.0,42.17873001098633,20.575666427612305,90.98613251155624,87.28813559322035,97.38058551617874,91.47149460708782,EXTREME
245_766,0,3953.0,33.85261154174805,15.844927787780762,70.80123266563945,67.18027734976889,74.57627118644068,71.92218798151002,HIGH
246_43,0,989.0,17.298154830932617,8.225225448608398,21.687211093990754,23.035439137134052,18.7211093990755,25.494992295839754,MODERATE
246_358,1,1232.0,30.917552947998047,14.63717555999756,60.16949152542372,59.32203389830508,26.078582434514637,56.83551617873652,HIGH
246_1003,0,8050.0,36.33291244506836,15.023947715759276,78.89060092449924,61.78736517719569,100.0,78.83667180277351,EXTREME
247_358,1,1291.0,34.28632354736328,16.47894287109375,72.38058551617874,71.1864406779661,29.044684129429893,66.96263482280432,HIGH
247_361,1,1399.0,31.99302101135254,15.271210670471191,63.82896764252697,63.86748844375963,33.51309707241911,61.09976887519261,HIGH
247_523,1,1536.0,47.15036392211914,25.2679443359375,96.72573189522342,94.29892141756548,39.753466872110934,87.7369029275809,EXTREME
248_366,1,1584.0,33.52823638916016,15.71584129333496,69.49152542372882,66.64098613251156,43.29738058551618,66.37519260400617,HIGH
248_398,1,2029.0,34.07090759277344,16.598379135131836,71.68721109399075,71.9568567026194,58.62865947611711,71.21147919876734,HIGH
248_404,1,2135.0,27.25736618041992,11.71998405456543,47.226502311248076,40.909090909090914,60.0924499229584,50.21571648690293,HIGH
249_358,1,1301.0,37.07009506225586,18.09099197387696,80.97072419106317,79.50693374422187,29.468412942989215,73.8308936825886,HIGH
250_362,1,1521.0,28.87726593017578,13.080945014953612,53.15870570107858,48.497688751926034,39.060092449922955,52.22072419106317,HIGH
250_404,1,2045.0,33.52823638916016,17.548521041870117,69.49152542372882,77.42681047765794,59.01386748844376,71.4291217257319,HIGH
250_522,1,1476.0,37.64830780029297,18.04794692993164,82.24191063174115,79.27580893682588,36.82588597842835,75.57588597842836,EXTREME
250_1510,0,4476.0,3.495080947875977,1.2862040996551514,4.6995377503852085,3.8135593220338984,79.66101694915254,20.487288135593218,LOW
251_407,1,2018.0,42.66402816772461,21.705093383789062,92.37288135593221,89.98459167950693,58.24345146379045,87.03775038520801,EXTREME
251_505,1,1492.0,27.00322723388672,12.11161994934082,46.4175654853621,43.759630200308166,37.51926040061633,47.09745762711865,MODERATE
251_510,1,1534.0,25.87686920166016,12.01953125,41.64098613251156,43.29738058551618,39.483821263482284,44.64946070878274,MODERATE
252_358,1,1165.0,46.1562385559082,25.60574722290039,95.68567026194145,94.68412942989214,23.189522342064713,84.77657935285055,EXTREME
252_509,1,1554.0,35.291709899902344,15.626030921936035,76.0015408320493,66.0246533127889,41.14021571648691,69.47804314329738,HIGH
252_875,0,5657.0,30.580766677856445,15.329307556152344,59.399075500770415,64.56086286594761,96.45608628659477,68.27812018489985,HIGH
254_507,1,1598.0,24.23228454589844,10.877545356750488,36.71032357473035,35.824345146379045,44.10631741140216,40.76271186440678,MODERATE
256_365,1,1529.0,37.26973724365234,17.23332977294922,81.35593220338984,75.42372881355932,39.32973805855162,74.50115562403698,HIGH
256_1265,0,5652.0,6.115067958831787,2.985561847686768,8.590138674884438,8.590138674884438,96.37904468412944,26.328967642526965,MODERATE
258_206,0,2190.0,13.536701202392578,5.811865329742432,17.295839753466872,16.178736517719567,60.55469953775039,27.64060092449923,MODERATE
258_678,0,3330.0,18.931962966918945,9.138171195983888,25.0,26.964560862865948,69.87673343605547,35.97265023112481,MODERATE
258_1217,0,5678.0,11.834027290344238,5.579946517944336,15.677966101694915,15.485362095531588,96.68721109399075,31.997303543913713,MODERATE
260_357,1,1268.0,26.323421478271484,11.962905883789062,43.335901386748844,42.719568567026194,28.004622496147917,43.7153312788906,MODERATE
260_358,1,1319.0,18.45233917236328,9.464683532714844,23.57473035439137,28.50539291217257,29.892141756548536,29.576271186440678,MODERATE
262_507,1,1510.0,32.66988754272461,15.9544095993042,66.10169491525424,67.95069337442219,38.482280431432976,64.11594761171033,HIGH
262_1643,0,4385.0,5.641021251678467,2.726187467575073,7.896764252696456,8.012326656394453,77.96610169491525,23.04121725731895,LOW
263_1026,0,6224.0,30.205371856689453,16.74486541748047,58.204930662557786,72.88135593220339,98.84437596302003,70.05970724191064,HIGH
264_864,0,4954.0,21.15760803222656,9.579143524169922,29.314329738058554,29.198767334360554,87.82742681047766,41.59668721109399,MODERATE
264_1413,0,5085.0,2.169212579727173,1.196703314781189,2.7349768875192604,3.505392912172573,90.75500770416025,20.993836671802775,LOW
266_413,1,1382.0,23.35834312438965,10.749676704406738,34.12942989214176,34.89984591679507,32.43451463790446,37.36132511556241,MODERATE
266_545,0,2453.0,27.9366512298584,14.129908561706545,50.038520801232664,56.39445300462249,63.40523882896765,56.13058551617874,HIGH
267_413,1,1346.0,25.204666137695312,11.554487228393556,39.25269645608629,40.1386748844376,31.047765793528505,41.28081664098613,MODERATE
267_576,1,1422.0,10.207858085632324,5.8647308349609375,13.520801232665638,16.409861325115564,34.591679506933744,21.727657935285055,LOW
268_406,1,1209.0,20.30273628234864,8.844332695007324,27.619414483821263,26.1171032357473,25.115562403698,30.487288135593218,MODERATE
270_329,0,995.0,12.735011100769045,5.762801170349121,16.33281972265023,16.024653312788907,18.8366718027735,20.81471494607088,LOW
271_508,1,1523.0,33.1796989440918,15.273635864257812,68.02773497688752,63.944530046224955,39.13713405238829,64.27195685670262,HIGH
272_1254,0,5498.0,10.597708702087402,5.079612731933594,13.944530046224962,14.329738058551616,95.45454545454545,30.570107858243453,MODERATE
273_523,1,1380.0,27.7541561126709,12.38976001739502,49.30662557781202,44.91525423728814,32.20338983050847,48.17796610169491,MODERATE
273_611,0,2289.0,35.16743469238281,17.46601676940918,75.19260400616334,76.88751926040062,61.325115562403695,74.77657935285055,HIGH
274_964,0,6407.0,40.3876953125,18.259510040283203,88.21263482280432,80.20030816640985,99.22958397534669,88.45146379044685,EXTREME
275_1336,0,5419.0,18.474489212036133,8.521577835083008,23.7673343605547,24.499229583975346,94.9537750385208,38.43990755007704,MODERATE
277_511,1,1357.0,33.58847427368164,15.046430587768556,69.7226502311248,61.94144838212635,31.432973805855163,63.547765793528505,HIGH
278_398,1,1468.0,32.66988754272461,15.28575611114502,66.10169491525424,64.09861325115563,36.36363636363637,62.835130970724194,HIGH
278_421,0,1633.0,21.1206169128418,9.225568771362305,29.121725731895225,27.426810477657938,46.379044684129425,34.83050847457627,MODERATE
279_381,1,802.0,24.81393051147461,10.614455223083496,38.25115562403698,33.93682588597843,15.10015408320493,36.78736517719569,MODERATE
279_1125,0,6468.0,41.2964096069336,37.28568649291992,89.6764252696456,98.61325115562404,99.46070878274269,93.8944530046225,EXTREME
280_522,1,1320.0,25.50218391418457,11.49879264831543,40.25423728813559,39.52234206471494,29.96918335901387,41.5157935285054,MODERATE
282_49,0,695.0,31.7258415222168,14.720439910888672,63.13559322033898,60.015408320493066,12.788906009244993,56.64676425269646,HIGH
282_503,1,1301.0,30.82638359069824,13.792107582092283,60.015408320493066,54.16024653312789,29.468412942989215,55.96879815100154,HIGH
282_578,1,1712.0,21.15760803222656,9.451631546020508,29.314329738058554,28.42835130970724,49.229583975346685,35.61440677966102,MODERATE
282_1317,0,6169.0,32.31174087524414,15.647348403930664,64.4453004622496,66.33281972265023,98.45916795069337,71.79699537750385,HIGH
283_447,0,2658.0,46.919189453125,24.08831214904785,96.3020030816641,93.60554699537751,65.17719568567027,91.14406779661019,EXTREME
283_522,1,1321.0,42.32252883911133,20.858131408691406,91.56394453004623,87.82742681047766,30.0462249614792,81.82395993836673,EXTREME
283_560,1,1631.0,25.72525978088379,10.914934158325195,41.178736517719564,36.0939907550077,46.3020030816641,43.6171032357473,MODERATE
283_573,1,1529.0,33.17089080810547,15.399214744567873,67.8351309707242,65.06163328197226,39.32973805855162,64.47419106317412,HIGH
283_574,1,1578.0,26.810009002685547,12.174654960632324,45.261941448382125,43.99075500770416,42.68104776579353,47.29391371340524,MODERATE
283_575,1,1622.0,16.981739044189453,9.262961387634276,20.993836671802775,27.503852080123263,45.64714946070878,30.26964560862866,MODERATE
283_1089,0,6279.0,43.138668060302734,27.051061630249023,93.0662557781202,95.91679506933744,98.9984591679507,95.01540832049308,EXTREME
283_1342,0,5564.0,26.69297218322754,11.813363075256348,44.37596302003082,41.833590138674886,95.99383667180277,54.26425269645609,HIGH
286_916,0,5921.0,52.183135986328125,37.29557418823242,98.69029275808937,98.72881355932203,97.88135593220339,98.64406779661017,EXTREME
287_381,1,860.0,28.47232437133789,13.422847747802734,51.887519260400616,51.232665639445294,16.101694915254235,48.761556240369806,MODERATE
287_575,1,1394.0,24.81393051147461,13.403518676757812,38.25115562403698,50.847457627118644,33.281972265023114,43.74229583975347,MODERATE
287_915,0,5921.0,54.73582458496094,37.29557418823242,99.38366718027734,98.72881355932203,97.88135593220339,99.02542372881355,EXTREME
288_502,1,1436.0,25.218955993652344,11.508450508117676,39.52234206471494,39.59938366718028,35.208012326656394,41.91833590138675,MODERATE
289_1159,0,6316.0,23.406394958496094,10.29563045501709,34.47611710323575,32.357473035439135,99.15254237288136,46.92411402157165,MODERATE
290_389,1,1073.0,29.025177001953125,13.067724227905272,54.00616332819723,48.38212634822804,20.531587057010785,49.878659476117114,MODERATE
290_496,1,1694.0,31.55177116394043,14.94764518737793,62.634822804314325,61.28659476117103,48.57473035439137,62.05701078582434,HIGH
290_497,1,1645.0,37.18054962158203,17.932659149169922,81.12480739599384,78.85208012326656,46.91833590138675,76.36941448382127,EXTREME
292_192,0,1538.0,27.143489837646484,11.637529373168944,46.802773497688754,40.52388289676425,39.907550077041606,46.85862865947612,MODERATE
292_534,1,1746.0,28.6470890045166,14.242173194885254,52.4653312788906,56.89522342064714,50.38520801232666,55.637519260400616,HIGH
293_535,1,1724.0,28.69338035583496,13.714909553527832,52.61941448382126,53.85208012326657,49.49922958397535,54.828582434514644,HIGH
294_537,1,1762.0,36.44855880737305,17.034460067749023,79.23728813559322,74.26810477657936,51.463790446841294,74.8671032357473,HIGH
294_571,1,1293.0,41.35966491699219,21.375537872314453,89.83050847457628,89.4453004622496,29.121725731895225,81.13636363636363,EXTREME
295_538,1,1759.0,40.7861213684082,18.89803695678711,88.82896764252696,82.43451463790447,51.30970724191063,82.16101694915254,EXTREME
295_704,0,2465.0,42.37179183959961,24.64313125610352,91.67950693374422,93.91371340523882,63.48228043143297,88.42449922958399,EXTREME
296_126,0,1026.0,29.294816970825195,13.416407585144045,54.96918335901386,51.078582434514644,19.45300462249615,50.920647149460706,HIGH
296_534,1,1540.0,32.385841369628906,16.210041046142578,64.90755007704159,69.79969183359015,40.0231124807396,64.15254237288136,HIGH
296_640,0,2526.0,11.174756050109863,6.303046703338623,14.714946070878273,17.719568567026194,63.944530046224955,27.114791987673343,MODERATE
297_393,1,1050.0,19.6025333404541,8.761588096618652,26.15562403697997,25.616332819722647,20.184899845916796,28.817411402157166,MODERATE
297_422,1,1958.0,26.93907165527344,11.813363075256348,45.45454545454545,41.833590138674886,56.779661016949156,48.97534668721109,MODERATE
297_537,1,1669.0,35.80197525024414,16.4256649017334,77.34976887519261,70.80123266563945,47.804314329738055,72.4133281972265,HIGH
298_424,1,1950.0,23.723094940185547,10.914934158325195,35.092449922958394,36.0939907550077,56.62557781201849,41.81818181818182,MODERATE
300_218,0,1714.0,39.78750991821289,19.223827362060547,87.36517719568567,83.66718027734977,49.30662557781202,81.36363636363637,EXTREME
300_539,1,1755.0,29.48318672180176,13.644515991210938,55.70107858243452,52.85053929121726,51.078582434514644,56.5100154083205,HIGH
301_14,0,561.0,21.28637886047364,8.819170951843262,29.545454545454547,25.885978428351308,9.322033898305085,29.11979969183359,MODERATE
301_608,1,1847.0,45.54458618164063,16.81517219543457,95.14637904468412,73.26656394453005,54.314329738058554,83.79429892141758,EXTREME
301_865,0,4836.0,29.383731842041016,13.552618980407717,55.3929121725732,52.003081664098616,85.20801232665639,61.248073959938374,HIGH
302_513,1,1382.0,32.08740234375,16.654069900512695,63.944530046224955,72.49614791987673,32.43451463790446,63.15870570107858,HIGH
302_539,1,1762.0,29.9395751953125,13.649944305419922,57.04930662557781,52.92758089368259,51.463790446841294,57.32858243451464,HIGH
302_874,0,4946.0,17.817691802978516,10.38910961151123,22.4191063174114,32.81972265023113,87.442218798151,38.651771956856706,MODERATE
302_1466,0,4770.0,3.0662660598754883,1.342560648918152,4.160246533127889,4.083204930662557,83.62865947611711,20.853235747303543,LOW
304_429,1,1737.0,18.20638465881348,9.417608261108398,23.459167950693374,28.35130970724191,50.154083204930664,32.51348228043143,MODERATE
304_563,1,1623.0,26.04067039489746,11.682000160217283,42.18027734976887,40.75500770416024,45.801232665639446,45.25808936825886,MODERATE
305_463,1,1928.0,35.19081115722656,16.769311904907227,75.53929121725731,73.11248073959938,55.70107858243452,73.17989214175655,HIGH
306_907,0,4930.0,19.7655086517334,7.576278686523437,26.617873651771955,20.878274268104775,87.05701078582435,37.91795069337442,MODERATE
308_510,1,1238.0,34.13749313354492,15.979926109313965,72.14946070878274,68.10477657935286,26.348228043143294,65.66063174114022,HIGH
311_430,1,1731.0,22.12417221069336,9.938079833984377,31.2788906009245,30.893682588597844,49.884437596302,37.40947611710323,MODERATE
311_595,1,1441.0,29.19422149658203,13.411805152893066,54.58397534668721,50.963020030816644,35.36209553158706,53.066255778120194,HIGH
312_430,1,1666.0,32.53306198120117,15.154349327087402,65.79352850539291,62.750385208012325,47.68875192604006,64.02734976887518,HIGH
312_903,0,4928.0,34.32742691040039,17.410085678100586,72.57318952234206,76.65639445300462,86.97996918335902,77.12634822804314,EXTREME
313_1582,0,4432.0,1.9403883218765257,0.8314794301986694,2.0030816640986133,1.6563944530046226,78.89060092449924,18.349383667180277,LOW
314_442,1,1867.0,32.778541564941406,15.173890113830566,66.33281972265023,63.09707241910631,54.853620955315876,65.48536209553158,HIGH
314_1575,0,4446.0,1.372323989868164,0.7370277643203735,1.4252696456086287,1.078582434514638,79.23728813559322,17.939137134052388,LOW
315_269,0,1113.0,24.59270095825196,11.324614524841309,37.673343605547,38.44375963020031,21.53312788906009,38.56124807395994,MODERATE
315_467,1,1808.0,34.327430725097656,15.092308044433594,72.7657935285054,62.326656394453,53.004622496147924,68.55354391371341,HIGH
315_505,1,1387.0,35.89168930053711,17.243356704711914,77.58089368258861,75.50077041602465,32.81972265023113,71.46764252696457,HIGH
315_1482,0,4667.0,4.332224845886231,1.749779462814331,5.855161787365177,5.084745762711865,81.70261941448382,21.746918335901388,LOW
316_50,0,1140.0,27.7541561126709,12.806248664855955,49.30662557781202,46.76425269645609,22.650231124807398,47.207241910631744,MODERATE
316_298,0,1038.0,24.443510055541992,11.066576957702637,37.01848998459168,37.057010785824346,19.72265023112481,37.582819722650235,MODERATE
317_380,1,674.0,27.81521224975586,12.953859329223633,49.69183359013867,47.76579352850539,12.249614791987673,46.10939907550077,MODERATE
317_593,1,1390.0,32.913352966308594,15.23154640197754,66.87211093990754,63.443759630200304,33.12788906009245,62.60978428351309,HIGH
318_526,0,962.0,28.612281799316406,12.175668716430664,52.27272727272727,44.06779661016949,18.104776579352848,47.4826656394453,MODERATE
318_584,1,1600.0,48.39663314819336,26.27208137512207,97.14946070878274,95.22342064714945,44.41448382126348,88.9002311248074,EXTREME
318_593,1,1382.0,16.981739044189453,8.110349655151367,20.993836671802775,22.650231124807398,32.43451463790446,27.074345146379045,MODERATE
320_406,1,1408.0,36.099098205566406,18.25741958618164,78.0431432973806,80.12326656394453,33.89830508474576,73.03929121725733,HIGH
320_590,1,1471.0,35.18302154541016,17.203214645385742,75.30816640986131,75.03852080123266,36.440677966101696,70.64522342064714,HIGH
321_1016,0,5136.0,10.207858085632324,4.331908702850342,13.520801232665638,12.519260400616334,91.67950693374422,29.31818181818182,MODERATE
323_558,1,1818.0,36.04010772705078,17.44833755493164,77.96610169491525,76.81047765793528,53.312788906009246,75.0808936825886,EXTREME
323_585,1,1286.0,35.065757751464844,17.511899948120117,75.07704160246533,77.27272727272727,28.736517719568567,69.92103235747302,HIGH
324_579,1,1203.0,37.48716354370117,21.72101211547852,81.97226502311248,90.21571648690293,24.768875192604007,76.35400616332821,EXTREME
325_476,1,1792.0,29.950288772583008,14.36817455291748,57.31895223420646,57.473035439137135,52.2342064714946,58.728813559322035,HIGH
328_603,1,1186.0,23.910137176513672,10.82292938232422,35.631741140215716,35.43913713405239,23.84437596302003,37.03389830508475,MODERATE
328_1011,0,5175.0,13.471976280212402,8.256684303283691,17.14175654853621,23.26656394453005,92.14175654853621,34.06587057010786,MODERATE
330_410,1,1466.0,33.415771484375,17.00834846496582,68.79815100154083,74.11402157164869,36.209553158705695,66.79892141756548,HIGH
330_497,1,1690.0,34.93183135986328,16.7117919921875,74.73035439137135,72.72727272727273,48.38212634822804,71.54083204930663,HIGH
331_361,1,446.0,40.60478973388672,20.239919662475582,88.59784283513096,86.28659476117103,7.010785824345146,76.35208012326657,EXTREME
331_600,1,1191.0,27.00322723388672,13.055437088012695,46.4175654853621,48.30508474576271,24.152542372881356,46.228813559322035,MODERATE
331_1374,0,5024.0,12.454672813415527,5.101439952850342,16.140215716486903,14.40677966101695,89.90755007704159,30.964946070878273,MODERATE
332_495,1,1748.0,18.73767471313477,8.098162651062012,24.46070878274268,22.496147919876734,50.693374422187986,31.681432973805858,MODERATE
332_535,1,1283.0,24.51827812194824,10.728984832763672,37.365177195685675,34.66872110939907,28.65947611710323,38.516949152542374,MODERATE
333_646,0,2120.0,22.81989288330078,11.15546703338623,32.66563944530046,37.750385208012325,60.015408320493066,41.40600924499229,MODERATE
334_359,1,444.0,29.294816970825195,14.06949234008789,54.96918335901386,56.163328197226505,6.8567026194144844,50.30238828967642,HIGH
334_406,1,1427.0,30.78569602966309,14.197026252746582,59.8613251155624,56.664098613251156,34.89984591679507,57.32473035439137,HIGH
334_536,1,1290.0,39.43379974365234,18.97431755065918,86.36363636363636,82.7426810477658,28.890600924499232,77.51926040061633,EXTREME
334_764,0,4752.0,45.85759735107422,18.36361122131348,95.37750385208012,80.66255778120185,83.12788906009246,90.0924499229584,EXTREME
335_896,0,4946.0,17.817691802978516,9.639328956604004,22.4191063174114,29.738058551617875,87.442218798151,37.88135593220339,MODERATE
336_399,1,1503.0,14.994051933288574,6.854754447937012,18.7211093990755,18.489984591679505,37.98151001540832,25.61633281972265,MODERATE
337_398,1,1508.0,23.01782417297364,10.443262100219728,33.281972265023114,33.20493066255778,38.366718027734976,37.36132511556241,MODERATE
337_820,0,5826.0,28.4254093170166,16.160865783691406,51.656394453004616,69.49152542372882,97.61171032357473,65.42565485362096,HIGH
338_294,0,1316.0,31.21787643432617,13.704103469848633,61.13251155624037,53.73651771956857,29.815100154083208,56.52927580893683,HIGH
338_466,1,1255.0,37.985389709472656,19.14531707763672,83.16640986132512,83.28197226502311,27.465331278890602,75.6818181818182,EXTREME
338_513,1,1156.0,19.906658172607425,8.730534553527832,27.11864406779661,25.423728813559322,23.035439137134052,29.726502311248073,MODERATE
338_924,0,5296.0,26.73207664489746,14.586873054504396,44.761171032357474,58.85978428351309,93.68258859784284,58.38597842835131,HIGH
338_1072,0,5222.0,48.49283218383789,44.99977493286133,97.22650231124807,99.22958397534669,92.8351309707242,97.20724191063174,EXTREME
338_1406,0,4883.0,16.169965744018555,6.531972885131836,19.76117103235747,17.873651771956855,86.3251155624037,33.28582434514638,MODERATE
338_1654,0,4456.0,10.383092880249023,4.594682693481445,13.713405238828969,13.328197226502311,79.42989214175655,27.788906009244997,MODERATE
339_465,1,1205.0,26.951923370361328,13.199326515197754,45.685670261941446,49.38366718027735,24.884437596302003,46.205701078582436,MODERATE
339_466,1,1254.0,28.88868904113769,13.422846794128418,53.27426810477658,51.15562403697997,27.195685670261945,51.169106317411405,HIGH
339_467,1,1308.0,33.869510650634766,15.98610496520996,70.99383667180277,68.18181818181817,29.583975346687215,65.52966101694915,HIGH
339_490,1,1625.0,31.028308868408203,14.639705657958984,60.824345146379045,59.399075500770415,46.03235747303544,60.208012326656394,HIGH
339_491,1,1621.0,39.97866821289063,20.7459659576416,87.90446841294299,87.59630200308166,45.49306625577812,82.07049306625578,EXTREME
340_465,1,1190.0,21.45036697387696,9.885767936706545,29.892141756548536,30.585516178736516,24.03697996918336,32.69260400616333,MODERATE
341_486,1,1559.0,35.28396987915039,16.786237716674805,75.84745762711864,73.18952234206472,41.332819722650235,71.21340523882897,HIGH
342_465,1,1184.0,18.474489212036133,8.26565170288086,23.7673343605547,23.42064714946071,23.57473035439137,27.46340523882897,MODERATE
342_468,1,1282.0,22.467409133911133,9.78787326812744,32.01078582434514,30.23882896764253,28.582434514637907,34.45300462249615,MODERATE
343_359,1,500.0,37.85405349731445,20.162918090820312,82.62711864406779,85.59322033898306,8.39753466872111,73.10285053929123,HIGH
345_474,1,1601.0,33.64849090576172,16.759740829467773,69.91525423728814,72.95839753466872,44.568567026194145,68.37827426810478,HIGH
346_836,0,5561.0,36.48452377319336,17.688695907592773,79.42989214175655,77.8120184899846,95.91679506933744,82.52696456086287,EXTREME
348_1302,0,5691.0,7.536587238311768,3.6345393657684326,9.861325115562405,10.362095531587057,96.76425269645608,27.5288906009245,MODERATE
350_510,1,1141.0,31.415102005004883,14.483707427978516,61.90292758089369,58.39753466872111,22.80431432973806,57.06664098613251,HIGH
350_606,1,1655.0,36.33291244506836,18.142099380493164,78.89060092449924,79.85362095531588,47.419106317411405,75.46610169491527,EXTREME
351_413,1,1123.0,35.46869659423828,16.158933639526367,76.38674884437596,69.41448382126349,22.226502311248076,67.70030816640987,HIGH
351_482,1,1541.0,23.099565505981445,10.414851188659668,33.43605546995377,32.89676425269646,40.17719568567026,37.640600924499225,MODERATE
351_510,1,1140.0,29.90739250183105,13.333333015441896,56.664098613251156,50.231124807396,22.650231124807398,52.12057010785824,HIGH
353_512,1,1120.0,28.176877975463867,12.899420738220217,50.847457627118644,47.38058551617873,21.918335901386747,48.09899845916795,MODERATE
355_106,0,688.0,27.11807632446289,12.454360961914062,46.687211093990754,45.22342064714946,12.557781201849,43.86748844375963,MODERATE
355_852,0,5504.0,30.53947830200196,16.13071632385254,59.283513097072415,69.18335901386749,95.60862865947611,69.24306625577812,HIGH
356_608,0,1819.0,35.89168930053711,17.316944122314453,77.58089368258861,76.04006163328198,53.428351309707246,74.69375963020032,HIGH
358_530,1,1105.0,17.72465705871582,8.157402038574219,22.26502311248074,22.80431432973806,21.1864406779661,26.124807395993837,MODERATE
358_1363,0,5324.0,12.239652633666992,5.237565517425537,15.793528505392912,14.714946070878273,93.99075500770417,31.463790446841294,MODERATE
360_264,0,1948.0,16.505674362182617,7.583282947540283,20.261941448382125,20.955315870570107,56.47149460708783,29.85362095531587,MODERATE
360_519,0,690.0,20.61224365234375,9.386094093322754,28.197226502311246,28.043143297380585,12.711864406779661,29.42604006163328,MODERATE
360_1070,0,5160.0,32.33029556274414,15.95827865600586,64.63790446841294,68.02773497688752,91.98767334360555,71.35593220338983,HIGH
363_189,0,1389.0,33.45045852661133,16.027753829956055,68.99075500770417,68.41294298921417,33.05084745762712,65.00577812018491,HIGH
363_966,0,5253.0,27.00322723388672,19.109516143798828,46.4175654853621,83.12788906009246,93.22033898305084,65.2946841294299,HIGH
364_545,0,1525.0,25.71140480041504,11.962905883789062,40.98613251155624,42.719568567026194,39.21417565485362,44.104391371340526,MODERATE
367_468,1,1582.0,43.7963981628418,22.131479263305664,93.45146379044684,90.9090909090909,43.10477657935285,85.59129429892141,EXTREME
368_367,1,417.0,38.29621124267578,18.85618019104004,83.7442218798151,82.20338983050848,6.163328197226503,72.5346687211094,HIGH
368_829,0,5762.0,25.218955993652344,13.572848320007324,39.52234206471494,52.2342064714946,97.14946070878274,54.36825885978428,HIGH
369_539,1,1049.0,34.004051208496094,16.56636619567871,71.37904468412944,71.64869029275809,20.107858243451464,65.18682588597844,HIGH
370_476,0,1819.0,15.277241706848145,5.858411312103272,18.8366718027735,16.33281972265023,53.428351309707246,27.45762711864407,MODERATE
372_119,0,898.0,25.38948440551757,11.519172668457031,39.94607087827427,39.83050847457627,16.718027734976886,39.43567026194145,MODERATE
372_368,1,382.0,45.88079833984375,23.827051162719727,95.45454545454545,93.29738058551618,5.084745762711865,81.58705701078583,EXTREME
373_448,1,1120.0,33.485069274902344,15.483165740966797,69.22187981510015,65.56240369799691,21.918335901386747,62.75038520801233,HIGH
373_717,0,2562.0,35.28396987915039,21.13187599182129,75.84745762711864,88.98305084745762,64.02157164869028,78.56510015408321,EXTREME
376_613,1,1499.0,28.14106559753418,12.810103416442873,50.73189522342064,46.84129429892142,37.750385208012325,50.27542372881356,HIGH
376_614,1,1564.0,35.67402267456055,17.326921463012695,76.81047765793528,76.19414483821262,41.79506933744222,72.5635593220339,HIGH
377_494,1,1623.0,28.94569396972656,13.589211463928224,53.428351309707246,52.38828967642527,45.801232665639446,54.35285053929122,HIGH
377_504,1,1466.0,22.753360748291016,9.78787326812744,32.5115562403698,30.23882896764253,36.209553158705695,35.872496147919875,MODERATE
379_464,1,1258.0,36.70574569702149,17.218278884887695,80.2773497688752,75.19260400616334,27.619414483821263,72.09360554699539,HIGH
381_395,1,742.0,20.45828437805176,9.660918235778809,28.004622496147917,29.815100154083208,13.713405238828969,29.913328197226505,MODERATE
381_468,1,1541.0,35.77946853637695,17.155784606933594,77.2342064714946,74.653312788906,40.17719568567026,72.16872110939907,HIGH
382_638,0,2189.0,20.38071250915528,9.393982887268066,27.81201848998459,28.197226502311246,60.47765793528506,36.41756548536209,MODERATE
383_922,0,4927.0,11.174756050109863,5.711154460906982,14.714946070878273,15.870570107858242,86.90292758089369,30.096302003081664,MODERATE
384_469,1,1548.0,26.323421478271484,12.896549224853516,43.335901386748844,47.303543913713405,40.52388289676425,46.73921417565485,MODERATE
384_549,0,1094.0,39.26593780517578,20.278308868408203,86.0939907550077,86.4406779661017,20.878274268104775,77.09360554699538,EXTREME
384_1393,0,4978.0,4.936678409576416,2.165954351425171,6.5870570107858235,6.3944530046224966,88.36671802773498,23.476502311248073,LOW
386_469,1,1445.0,26.323421478271484,11.982497215270996,43.335901386748844,43.06625577812018,35.516178736517716,44.92873651771957,MODERATE
386_471,1,1512.0,32.52389907836914,14.91043186187744,65.60092449922959,61.17103235747303,38.59784283513097,62.16294298921418,HIGH
386_685,0,2489.0,35.94379425048828,32.70049285888672,77.8120184899846,97.84283513097073,63.63636363636363,81.80277349768876,EXTREME
388_927,0,4333.0,50.21036911010742,43.216121673583984,97.91987673343606,99.07550077041603,77.04160246533128,95.18104776579354,EXTREME
391_315,0,1590.0,9.12953281402588,4.944132328033447,12.211093990755009,13.7904468412943,43.91371340523883,21.750770416024654,LOW
391_522,1,647.0,44.39583587646485,23.599016189575195,94.10631741140215,93.22033898305084,11.363636363636363,81.76810477657935,EXTREME
393_437,1,1260.0,34.294551849365234,16.088489532470703,72.49614791987673,68.64406779661016,27.81201848998459,66.20570107858244,HIGH
394_671,0,1824.0,50.985652923583984,28.378395080566406,98.38212634822804,96.3020030816641,53.6979969183359,91.24036979969183,EXTREME
394_1262,0,5104.0,12.454672813415527,5.356431484222412,16.140215716486903,15.0231124807396,91.1402157164869,31.303929121725734,MODERATE
394_1503,0,4657.0,1.9403883218765257,0.9428090453147888,2.0030816640986133,2.1956856702619416,81.51001540832048,18.877118644067796,LOW
395_1491,0,4664.0,1.372323989868164,0.9428090453147888,1.4252696456086287,2.1956856702619416,81.58705701078583,18.570878274268104,LOW
396_198,0,2388.0,8.87646484375,3.858612298965454,11.941448382126348,11.093990755007704,62.557781201849,23.724961479198768,LOW
396_1282,0,5071.0,48.9297103881836,9.309493064880373,97.5346687211094,27.73497688751926,90.48536209553158,79.15061633281972,EXTREME
396_1560,0,4513.0,5.212227821350098,2.309401035308838,7.203389830508475,7.126348228043143,80.0462249614792,22.750385208012325,LOW
397_969,0,4076.0,37.53433227539063,34.81508255004883,82.12634822804314,98.22804314329738,75.03852080123266,85.98228043143298,EXTREME
398_366,1,339.0,34.45011520385742,17.619434356689453,73.30508474576271,77.58089368258861,3.697996918335902,65.26771956856703,HIGH
398_393,0,460.0,27.295150756835938,12.719188690185549,47.419106317411405,46.61016949152542,7.3189522342064715,43.830893682588595,MODERATE
398_514,1,636.0,41.9578857421875,21.978666305541992,90.52388289676425,90.56240369799691,11.093990755007704,79.09283513097073,EXTREME
398_612,0,1977.0,31.7258415222168,14.552586555480955,63.13559322033898,58.705701078582436,57.08782742681048,62.964175654853626,HIGH
398_636,0,1768.0,23.01782417297364,10.614456176757812,33.281972265023114,34.05238828967643,51.771956856702616,39.58397534668721,MODERATE
398_724,0,3207.0,20.612245559692383,25.480249404907227,28.274268104776578,94.53004622496148,69.10631741140215,54.54930662557781,HIGH
399_176,0,2030.0,36.6418342590332,17.38098907470703,79.9306625577812,76.50231124807397,58.705701078582436,76.89329738058552,EXTREME
399_549,1,773.0,38.75123977661133,18.82669448852539,85.20801232665639,82.12634822804314,14.560862865947612,74.58012326656394,HIGH
400_148,0,1566.0,29.126808166503903,13.787630081176758,54.429892141756554,54.00616332819723,41.910631741140215,54.72457627118645,HIGH
404_506,1,579.0,14.762840270996094,7.023768901824951,18.412942989214176,18.7211093990755,9.784283513097073,21.275038520801235,LOW
405_401,1,639.0,27.717409133911133,12.147244453430176,48.80585516178736,43.836671802773495,11.171032357473036,44.478043143297384,MODERATE
406_394,0,779.0,27.30772590637207,11.747340202331545,47.57318952234206,41.06317411402157,14.714946070878273,43.63828967642527,MODERATE
406_456,0,908.0,21.304685592651367,9.944289207458496,29.66101694915254,30.970724191063177,17.257318952234208,31.644838212634827,MODERATE
406_513,1,555.0,34.90015411376953,17.222579956054688,74.653312788906,75.26964560862865,9.167950693374422,66.25192604006163,HIGH
407_527,1,1277.0,39.5526008605957,20.22649574279785,86.67180277349769,86.05546995377505,28.35130970724191,78.43605546995377,EXTREME
407_1330,0,5398.0,18.54073905944824,7.258881568908691,23.998459167950692,19.838212634822806,94.60708782742681,37.34976887519261,MODERATE
408_650,1,1604.0,29.383731842041016,13.703203201293944,55.3929121725732,53.62095531587057,44.876733436055474,55.60285053929122,HIGH
409_488,1,853.0,37.042362213134766,17.60050392150879,80.77812018489985,77.50385208012327,15.947611710323576,71.19607087827427,HIGH
409_509,1,651.0,37.85405349731445,17.15938377380371,82.62711864406779,74.73035439137135,11.594761171032356,70.86671802773498,HIGH
409_663,1,1625.0,39.33810043334961,19.82142448425293,86.28659476117103,84.89984591679507,46.03235747303544,80.58744221879816,EXTREME
410_480,1,722.0,27.395484924316406,13.704103469848633,47.95839753466872,53.73651771956857,13.251155624036981,46.798921417565495,MODERATE
410_491,1,950.0,48.24128341674805,26.66018295288086,97.07241910631741,95.60862865947611,17.873651771956855,84.97303543913713,EXTREME
410_662,1,1599.0,41.99828338623047,21.35126495361328,90.60092449922959,89.36825885978429,44.26040061633282,83.81163328197228,EXTREME
410_712,0,3295.0,36.81169891357422,17.869901657104492,80.50847457627118,78.42835130970724,69.56856702619415,79.32203389830508,EXTREME
411_386,1,1142.0,17.817691802978516,8.416621208190918,22.4191063174114,23.882896764252695,22.919876733436055,26.739214175654855,MODERATE
412_399,1,856.0,26.216283798217773,11.62160587310791,42.75808936825886,40.44684129429893,16.024653312788907,41.03235747303545,MODERATE
412_530,1,1583.0,38.99844741821289,20.29291534423828,85.82434514637904,86.51771956856703,43.22033898305085,80.31587057010788,EXTREME
412_660,1,1501.0,28.670249938964844,13.59284496307373,52.54237288135594,52.4653312788906,37.82742681047766,52.68875192604006,HIGH
413_231,0,1717.0,11.214726448059082,5.849976062774658,14.946070878274268,16.2557781201849,49.38366718027735,24.691833590138675,LOW
413_476,1,660.0,44.13197708129883,23.24639892578125,93.75963020030817,92.52696456086287,12.01848998459168,81.50231124807397,EXTREME
413_656,1,1431.0,43.38877487182617,23.373510360717773,93.29738058551618,92.8351309707242,35.05392912172573,84.78043143297381,EXTREME
413_847,0,3740.0,36.53474426269531,24.51504898071289,79.58397534668721,93.8366718027735,72.11093990755008,83.04699537750386,EXTREME
414_365,1,330.0,32.587928771972656,15.297865867614746,65.94761171032357,64.17565485362096,3.4283513097072422,57.82935285053929,HIGH
414_425,1,470.0,45.06583786010742,23.252241134643555,94.83821263482281,92.6040061633282,7.627118644067797,81.45608628659477,EXTREME
415_392,1,1208.0,23.533832550048828,10.594664573669434,34.9768875192604,33.821263482280436,25.038520801232668,36.44838212634823,MODERATE
416_384,1,1142.0,29.30595970153809,14.484559059143066,55.123266563944526,58.47457627118644,22.919876733436055,53.37442218798151,HIGH
418_645,1,1517.0,38.626163482666016,18.96260070800781,84.89984591679507,82.58859784283513,38.674884437596305,78.14329738058552,EXTREME
419_394,1,1255.0,35.18302154541016,15.62840175628662,75.30816640986131,66.10169491525424,27.465331278890602,67.06471494607088,HIGH
419_1157,0,5364.0,42.46984100341797,21.17359161376953,91.75654853620955,89.06009244992296,94.53004622496148,91.91063174114022,EXTREME
420_476,0,1196.0,38.75123977661133,19.46379852294922,85.20801232665639,83.9753466872111,24.306625577812017,76.5042372881356,EXTREME
422_365,1,369.0,38.238399505615234,18.23305892944336,83.59013867488444,80.0462249614792,4.622496147919876,71.67950693374424,HIGH
424_174,0,1774.0,28.4254093170166,12.882182121276855,51.656394453004616,47.226502311248076,51.92604006163328,53.00654853620955,HIGH
424_402,1,1331.0,27.40798568725586,12.47219181060791,48.15100154083205,45.300462249614796,30.739599383667183,47.419106317411405,MODERATE
425_362,1,409.0,29.9395751953125,14.242173194885254,57.04930662557781,56.89522342064714,5.701078582434515,51.45608628659476,HIGH
425_396,1,1443.0,1.9403883218765257,4.121608257293701,2.0030816640986133,11.710323574730355,35.43913713405239,14.345146379044685,LOW
425_431,1,448.0,32.16252136230469,15.307547569274902,64.06009244992296,64.25269645608628,7.164869029275808,57.370955315870575,HIGH
426_225,0,1730.0,28.612281799316406,13.191842079162598,52.27272727272727,49.30662557781202,49.76887519260401,53.54198767334361,HIGH
426_461,1,484.0,29.82125663757324,14.2811279296875,56.278890600924505,57.01078582434514,7.896764252696456,51.39060092449924,HIGH
426_780,0,3100.0,23.723094940185547,11.978731155395508,35.092449922958394,42.98921417565486,68.18181818181817,45.27542372881356,MODERATE
427_810,0,4775.0,11.834027290344238,5.978549480438232,15.677966101694915,16.640986132511557,83.7442218798151,30.34476117103236,MODERATE
427_1149,0,5021.0,29.428009033203125,13.261845588684082,55.62403697996918,49.922958397534664,89.71494607087827,61.531201848998464,HIGH
428_451,1,447.0,31.879045486450195,15.25422477722168,63.48228043143297,63.71340523882897,7.0878274268104775,56.90677966101695,HIGH
428_454,1,437.0,16.300086975097656,8.107305526733398,19.915254237288135,22.573189522342066,6.6255778120184905,22.59052388289677,LOW
429_1090,0,5216.0,37.69499588012695,19.77902603149414,82.43451463790447,84.7457627118644,92.75808936825885,85.43913713405239,EXTREME
430_437,1,494.0,21.73765563964844,9.741092681884766,30.701078582434516,29.9306625577812,8.320493066255779,30.616332819722654,MODERATE
431_493,1,1327.0,27.4578857421875,12.28468894958496,48.30508474576271,44.45300462249615,30.508474576271187,47.257318952234215,MODERATE
431_668,1,1934.0,23.83246803283692,10.764596939086914,35.516178736517716,34.9768875192604,56.009244992295834,41.67950693374422,MODERATE
435_1590,0,4438.0,0.9704723954200744,0.8314794301986694,0.6933744221879815,1.6563944530046226,79.04468412942988,17.652157164869028,LOW
437_491,1,1298.0,23.406394958496094,10.055401802062988,34.47611710323575,31.240369799691837,29.275808936825886,36.163328197226505,MODERATE
441_401,0,1352.0,28.945697784423828,15.396809577941896,53.62095531587057,64.94607087827427,31.20184899845917,55.408320493066256,HIGH
443_1108,0,4987.0,34.327430725097656,16.529062271118164,72.7657935285054,71.49460708782742,88.59784283513096,76.18451463790447,EXTREME
445_369,1,1128.0,38.4430046081543,18.79125022888184,84.47611710323575,81.97226502311248,22.4191063174114,75.3177966101695,EXTREME
445_447,1,974.0,29.60394096374512,14.389638900756836,55.81664098613251,57.6271186440678,18.412942989214176,52.86787365177196,HIGH
446_347,1,288.0,26.951923370361328,13.236687660217283,45.685670261941446,49.76887519260401,2.8505392912172574,42.996918335901384,MODERATE
446_365,1,1071.0,26.73207664489746,11.991765975952148,44.761171032357474,43.143297380585516,20.41602465331279,43.46687211093991,MODERATE
447_1052,0,4802.0,21.57671546936035,9.545214653015137,30.315870570107855,28.8135593220339,84.51463790446842,41.554314329738055,MODERATE
448_373,1,1196.0,18.931962966918945,9.55684757232666,25.0,28.929121725731893,24.306625577812017,29.62827426810478,MODERATE
448_377,1,1191.0,29.025177001953125,13.617344856262209,54.00616332819723,52.773497688751924,24.152542372881356,51.519645608628664,HIGH
448_400,1,1370.0,42.238399505615234,21.85191535949707,91.2557781201849,90.36979969183359,31.818181818181817,82.55585516178736,EXTREME
449_361,1,922.0,26.73207664489746,12.6442289352417,44.761171032357474,46.14791987673343,17.41140215716487,43.7673343605547,MODERATE
449_400,1,1366.0,34.41748809814453,16.999637603759766,73.03543913713405,73.95993836671802,31.664098613251156,68.4090909090909,HIGH
449_1054,0,4859.0,11.56761074066162,4.85340690612793,15.215716486902927,13.713405238828969,85.74730354391372,29.65909090909091,MODERATE
450_489,1,1560.0,28.00908851623535,12.684198379516602,50.462249614791986,46.3020030816641,41.48690292758089,50.552773497688754,HIGH
450_532,0,2000.0,26.69297218322754,10.96458911895752,44.37596302003082,36.59476117103236,57.3959938366718,47.16486902927581,MODERATE
450_1086,0,4839.0,27.40798568725586,13.581031799316406,48.15100154083205,52.31124807395994,85.28505392912173,57.353620955315876,HIGH
451_746,0,3557.0,42.238399505615234,22.311487197875977,91.2557781201849,91.1402157164869,71.10939907550076,88.64214175654854,EXTREME
452_484,1,1900.0,35.52980422973633,17.288402557373047,76.50231124807397,75.73189522342064,55.238828967642526,74.29506933744223,HIGH
452_495,1,1547.0,44.000431060791016,23.496782302856445,93.60554699537751,93.0662557781202,40.44684129429893,85.81664098613253,EXTREME
452_529,0,2095.0,21.35947799682617,9.62763500213623,29.738058551617875,29.583975346687215,59.66872110939908,37.7022342064715,MODERATE
452_784,0,3631.0,38.62615966796875,25.064361572265625,84.82280431432973,94.22187981510015,71.4175654853621,85.9206471494607,EXTREME
453_391,1,1428.0,40.93289566040039,20.049938201904297,89.29121725731896,85.36209553158706,34.9768875192604,80.69722650231127,EXTREME
453_400,1,1400.0,33.100250244140625,16.103830337524414,67.68104776579354,68.7211093990755,33.59013867488444,64.44337442218799,HIGH
453_407,1,1098.0,27.345394134521484,13.15810775756836,47.76579352850539,49.229583975346685,20.993836671802775,46.72765793528505,MODERATE
453_408,1,1073.0,32.73335647583008,15.078396797180176,66.2557781201849,62.17257318952234,20.531587057010785,60.0635593220339,HIGH
453_411,1,1087.0,33.725337982177734,16.658517837524414,70.22342064714945,72.57318952234206,20.724191063174114,64.87480739599383,HIGH
453_1353,0,5275.0,35.560272216796875,16.9669246673584,76.73343605546995,73.88289676425269,93.60554699537751,79.71494607087828,EXTREME
454_496,1,1610.0,47.81803512573242,26.040328979492188,96.99537750385207,95.14637904468412,45.14637904468413,88.90600924499229,EXTREME
455_445,1,1107.0,31.188087463378903,14.735528945922852,60.939907550077045,60.0924499229584,21.263482280431433,56.72958397534669,HIGH
456_342,0,410.0,23.77006149291992,11.457921981811523,35.246533127889066,39.29121725731895,5.778120184899846,35.075115562403695,MODERATE
457_503,0,1767.0,35.71929931640625,17.85400390625,77.11864406779661,78.27426810477658,51.69491525423729,74.73805855161788,HIGH
457_1000,0,4724.0,23.35834312438965,13.900439262390137,34.12942989214176,55.1617873651772,82.58859784283513,49.949922958397536,MODERATE
458_197,0,1553.0,25.204666137695312,10.873003959655762,39.25269645608629,35.74730354391371,41.02465331278891,41.67950693374422,MODERATE
458_494,1,1581.0,24.15616798400879,10.78178596496582,36.40215716486903,35.130970724191066,42.98921417565486,40.252311248073966,MODERATE
458_665,1,1588.0,33.337459564208984,16.05545997619629,68.56702619414484,68.48998459167952,43.79815100154083,66.40408320493067,HIGH
459_415,1,1254.0,25.50218391418457,11.842588424682615,40.25423728813559,42.06471494607088,27.195685670261945,41.73536209553159,MODERATE
459_447,1,1100.0,41.56344604492188,20.307512283325195,90.21571648690293,86.67180277349769,21.10939907550077,79.45300462249617,EXTREME
459_669,1,1577.0,26.175922393798828,11.926730155944824,42.3728813559322,42.449922958397536,42.449922958397536,45.28505392912173,MODERATE
459_1218,0,4579.0,5.641021251678467,2.309401035308838,7.896764252696456,7.126348228043143,80.73959938366718,23.235747303543913,LOW
460_1285,0,5092.0,28.945697784423828,13.60646152496338,53.62095531587057,52.69645608628659,90.9090909090909,61.30200308166409,HIGH
463_1201,0,4535.0,0.9704723954200744,0.8164966106414795,0.6933744221879815,1.3482280431432974,80.23882896764253,17.75423728813559,LOW
464_214,0,1026.0,14.527268409729004,6.261778831481934,18.335901386748844,17.565485362095533,19.45300462249615,22.39406779661017,LOW
464_647,0,1781.0,30.035755157470703,14.414498329162598,57.704160246533135,58.01232665639445,52.15716486902927,59.06394453004623,HIGH
466_1167,0,5262.0,11.56761074066162,5.152009963989258,15.215716486902927,14.48382126348228,93.37442218798151,30.99576271186441,MODERATE
467_337,1,398.0,34.64451599121094,17.670509338378906,73.80585516178738,77.73497688751925,5.469953775038521,65.84745762711864,HIGH
468_344,1,486.0,29.9395751953125,14.543251991271973,57.04930662557781,58.62865947611711,8.012326656394453,52.23613251155625,HIGH
468_413,1,1503.0,35.711761474609375,17.297683715820312,76.96456086286595,75.88597842835131,37.98151001540832,71.99922958397535,HIGH
471_565,1,1952.0,26.04067039489746,11.239261627197266,42.18027734976887,38.21263482280431,56.70261941448382,46.25770416024653,MODERATE
472_104,0,534.0,32.47800827026367,15.322057723999023,65.33127889060091,64.48382126348228,9.01386748844376,58.40523882896764,HIGH
472_500,0,2357.0,6.115067958831787,2.6666667461395264,8.590138674884438,7.858243451463791,62.249614791987675,21.02657935285054,LOW
472_543,1,1975.0,28.88868904113769,13.565569877624512,53.27426810477658,52.15716486902927,57.01078582434514,55.891756548536215,HIGH
472_912,0,1646.0,27.81521224975586,10.433320045471191,49.69183359013867,32.973805855161785,47.03389830508475,47.629044684129425,MODERATE
473_380,1,1186.0,31.91712760925293,17.866443634033203,63.59784283513097,78.35130970724191,23.84437596302003,63.143297380585516,HIGH
473_381,1,1218.0,31.54204750061035,15.56348991394043,62.480739599383675,65.71648690292758,25.462249614791986,59.612865947611716,HIGH
473_540,1,1935.0,34.327430725097656,15.76760196685791,72.7657935285054,66.87211093990754,56.08628659476117,70.15215716486904,HIGH
474_421,1,1599.0,34.13749313354492,16.508882522583008,72.14946070878274,71.34052388289676,44.26040061633282,69.15639445300462,HIGH
474_471,1,1812.0,29.896648406982425,14.298406600952148,56.47149460708783,57.16486902927581,53.081664098613246,58.312788906009246,HIGH
475_374,1,1114.0,23.19710159301757,11.411495208740234,33.705701078582436,39.060092449922955,21.687211093990754,36.556240369799696,MODERATE
475_386,1,1264.0,33.485069274902344,17.361799240112305,69.22187981510015,76.42526964560862,27.889060092449924,66.36171032357473,HIGH
475_1305,0,5353.0,26.95192527770996,12.701704978942873,45.91679506933744,46.5331278890601,94.45300462249615,56.055469953775045,HIGH
476_163,0,575.0,5.803462505340576,2.499382734298706,8.12788906009245,7.704160246533127,9.668721109399076,12.846687211093991,LOW
476_416,1,1662.0,21.57671546936035,9.390039443969728,30.315870570107855,28.120184899845917,47.61171032357473,35.84553158705701,MODERATE
476_474,1,2014.0,37.985389709472656,19.07943153381348,83.16640986132512,82.97380585516179,58.089368258859785,80.19838212634824,EXTREME
477_475,1,2027.0,36.6418342590332,17.351131439208984,79.9306625577812,76.27118644067797,58.55161787365177,76.81240369799693,EXTREME
477_561,1,1743.0,32.385841369628906,15.360684394836426,64.90755007704159,64.79198767334361,50.30816640986132,64.44337442218799,HIGH
477_1226,0,5199.0,33.58847427368164,16.234394073486328,69.7226502311248,70.22342064714945,92.52696456086287,74.78235747303543,HIGH
478_384,1,1294.0,30.45658302307129,13.375858306884766,59.05238828967643,50.61633281972265,29.198767334360554,54.51271186440679,HIGH
478_565,1,1607.0,36.48452377319336,17.959487915039062,79.42989214175655,78.96764252696457,44.99229583975347,75.17719568567027,EXTREME
480_471,1,1638.0,39.920989990234375,19.69646072387696,87.82742681047766,84.43759630200309,46.687211093990754,81.4175654853621,EXTREME
480_517,1,1575.0,27.345394134521484,12.523557662963867,47.76579352850539,45.53158705701079,42.14175654853621,48.97534668721109,MODERATE
480_1139,0,5024.0,19.41701316833496,8.460511207580566,25.847457627118644,24.19106317411402,89.90755007704159,38.75,MODERATE
482_479,1,2002.0,37.48716354370117,19.02629852294922,81.97226502311248,82.81972265023111,57.550077041602464,79.42218798151002,EXTREME
482_483,1,2119.0,22.00222969055176,9.619937896728516,31.124807395993837,29.429892141756547,59.93836671802774,38.46687211093991,MODERATE
483_365,1,1079.0,35.89168930053711,18.32423973083496,77.58089368258861,80.43143297380585,20.647149460708782,70.87442218798151,HIGH
483_403,1,1232.0,28.79706573486328,13.510854721069336,52.81201848998459,51.61787365177196,26.078582434514637,50.862865947611716,HIGH
484_334,1,306.0,30.61166954040528,13.968217849731444,59.514637904468415,55.77812018489985,3.2357473035439135,52.16294298921418,HIGH
486_416,1,1587.0,30.035755157470703,13.865312576293944,57.704160246533135,54.853620955315876,43.68258859784284,57.00308166409863,HIGH
488_406,1,1540.0,32.82360076904297,15.606266975402832,66.60246533127889,65.87057010785824,40.0231124807396,64.10246533127889,HIGH
488_504,1,2038.0,27.143489837646484,11.77358341217041,46.802773497688754,41.217257318952235,58.85978428351309,49.87480739599384,MODERATE
489_364,1,1324.0,17.177316665649414,7.833135604858398,21.340523882896765,21.64869029275809,30.20030816640986,26.67950693374422,MODERATE
489_371,1,1603.0,22.12417221069336,10.041887283325195,31.2788906009245,31.124807395993837,44.7226502311248,36.692989214175654,MODERATE
489_412,1,1559.0,28.00908851623535,13.411805152893066,50.462249614791986,50.963020030816644,41.332819722650235,51.694915254237294,HIGH
489_418,1,1675.0,41.55306243896485,22.978248596191406,90.10015408320493,91.75654853620955,47.919876733436055,84.6822033898305,EXTREME
489_419,1,1748.0,15.852359771728516,10.241527557373049,19.144838212634824,32.04930662557781,50.693374422187986,31.145993836671803,MODERATE
489_470,1,1598.0,33.58847427368164,16.227548599243164,69.7226502311248,70.03081664098613,44.10631741140216,67.4711093990755,HIGH
491_371,1,1544.0,34.42565155029297,16.5760498046875,73.18952234206472,71.72573189522342,40.33127889060093,69.2353620955316,HIGH
491_416,1,1762.0,26.283327102661133,12.488018989562988,43.10477657935285,45.377503852080125,51.463790446841294,47.77157164869029,MODERATE
491_442,1,1678.0,31.464040756225582,14.95259952545166,62.01848998459168,61.47919876733437,47.996918335901384,61.67950693374422,HIGH
491_456,1,1586.0,24.945226669311523,10.778349876403809,38.52080123266564,35.05392912172573,43.56702619414484,41.48497688751926,MODERATE
491_555,1,1520.0,26.93907165527344,12.692955017089844,45.45454545454545,46.379044684129425,38.9060092449923,47.430662557781204,MODERATE
491_1386,0,5302.0,10.931544303894045,4.97648811340332,14.445300462249616,14.021571648690292,93.75963020030817,30.51425269645609,MODERATE
492_301,0,1233.0,14.134594917297363,6.07565450668335,17.796610169491526,16.94915254237288,26.27118644067797,22.966101694915256,LOW
492_508,1,1861.0,24.51827812194824,10.816082954406738,37.365177195685675,35.36209553158706,54.622496147919875,42.58474576271187,MODERATE
492_528,1,1241.0,34.004051208496094,16.762685775756836,71.37904468412944,73.03543913713405,26.502311248073962,66.49268104776581,HIGH
492_909,0,1411.0,6.830390453338623,9.361564636230469,9.090909090909092,27.81201848998459,34.05238828967643,22.060862865947612,LOW
493_355,0,889.0,23.47024345397949,10.293231964111328,34.8613251155624,32.280431432973806,16.563944530046225,34.72842835130971,MODERATE
493_441,1,1778.0,27.21949577331543,12.867798805236816,46.99537750385208,47.07241910631741,52.003081664098616,50.41602465331279,HIGH
494_471,1,1578.0,19.250118255615234,9.62635326385498,25.616332819722647,29.50693374422188,42.68104776579353,32.86787365177196,MODERATE
494_508,1,1797.0,29.383731842041016,13.2086763381958,55.3929121725732,49.46070878274268,52.54237288135594,55.71263482280432,HIGH
495_374,1,1689.0,32.31174087524414,15.399214744567873,64.4453004622496,65.06163328197226,48.26656394453004,63.95030816640986,HIGH
495_395,1,1259.0,35.711761474609375,15.807483673095703,76.96456086286595,66.94915254237289,27.73497688751926,68.22804314329738,HIGH
495_397,1,1258.0,38.8258171081543,20.22710418701172,85.36209553158706,86.13251155624036,27.619414483821263,77.62519260400616,EXTREME
495_435,1,1890.0,29.82125663757324,13.830543518066406,56.278890600924505,54.46841294298922,55.1617873651772,57.84476117103237,HIGH
495_450,1,1644.0,24.988758087158203,11.798723220825195,38.674884437596305,41.60246533127889,46.84129429892142,43.6979969183359,MODERATE
495_461,1,1562.0,37.433082580566406,18.343093872070312,81.70261941448382,80.50847457627118,41.64098613251156,76.30970724191063,EXTREME
495_469,1,1601.0,33.1796989440918,16.323883056640625,68.02773497688752,70.57010785824345,44.568567026194145,66.74306625577812,HIGH
495_1418,0,5010.0,17.274070739746094,7.445273399353027,21.49460708782743,20.261941448382125,89.36825885978429,35.29275808936826,MODERATE
496_376,1,1805.0,30.23698234558105,13.936363220214844,58.35901386748844,55.50847457627118,52.85053929121726,58.902157164869024,HIGH
496_463,1,1551.0,26.21628189086914,11.786160469055176,42.526964560862865,41.3713405238829,40.71648690292758,44.840138674884436,MODERATE
496_465,1,1544.0,40.94911575317383,20.39849853515625,89.36825885978429,86.90292758089369,40.33127889060093,81.92796610169493,EXTREME
496_1659,0,4433.0,2.743075370788574,1.165343165397644,3.4668721109399074,3.1972265023112483,78.96764252696457,19.551232665639446,LOW
497_464,1,1551.0,28.50742721557617,12.613924980163574,52.08012326656395,45.993836671802775,40.71648690292758,51.25000000000001,HIGH
497_527,1,1034.0,27.79081344604492,13.002373695373535,49.537750385208014,47.996918335901384,19.645608628659474,47.19183359013867,MODERATE
497_916,0,3817.0,25.73910140991211,11.174049377441406,41.332819722650235,37.82742681047766,73.11248073959938,48.156779661016955,MODERATE
499_373,1,1634.0,31.38566780090332,14.76064109802246,61.71032357473035,60.24653312788906,46.45608628659476,60.97072419106317,HIGH
499_1383,0,5127.0,7.952031135559082,3.5901098251342773,10.708782742681047,10.015408320493066,91.60246533127889,27.134052388289675,MODERATE
500_338,1,659.0,42.04359817504883,20.18800544738769,90.67796610169492,85.74730354391372,11.864406779661017,78.08936825885979,EXTREME
500_339,1,653.0,33.197303771972656,16.53279685974121,68.18181818181817,71.57164869029276,11.710323574730355,62.14946070878274,HIGH
500_427,1,1907.0,36.33291244506836,20.14944076538086,78.89060092449924,85.51617873651772,55.3929121725732,78.07781201849,EXTREME
500_508,1,1578.0,23.35834312438965,11.002805709838867,34.12942989214176,36.74884437596302,42.68104776579353,39.36055469953775,MODERATE
501_470,1,2014.0,34.80475997924805,16.636268615722656,74.26810477657936,72.1879815100154,58.089368258859785,72.60785824345147,HIGH
501_529,1,986.0,32.99371337890625,16.060840606689453,67.2573189522342,68.56702619414484,18.6055469953775,61.92411402157165,HIGH
501_531,1,933.0,44.7514762878418,22.24498748779297,94.68412942989214,91.06317411402158,17.4884437596302,82.4653312788906,EXTREME
503_461,1,2013.0,38.31543731689453,18.87384986877441,83.89830508474576,82.28043143297381,57.89676425269646,80.39869029275809,EXTREME
505_335,1,698.0,22.467409133911133,10.360179901123049,32.01078582434514,32.74268104776579,12.865947611710324,32.72149460708783,MODERATE
505_338,1,792.0,19.7655086517334,9.067646980285645,26.617873651771955,26.733436055469955,14.946070878274268,28.565100154083204,MODERATE
505_410,1,1507.0,11.644421577453612,5.606433868408203,15.408320493066254,15.63944530046225,38.25115562403698,23.12211093990755,LOW
505_647,0,2951.0,20.30273628234864,8.419553756713867,27.619414483821263,23.959938366718028,67.18027734976889,36.25770416024653,MODERATE
506_339,1,846.0,29.9395751953125,13.668925285339355,57.04930662557781,53.312788906009246,15.793528505392912,52.074345146379045,HIGH
506_378,1,1821.0,40.16179656982422,20.98029518127441,88.09707241910631,88.4437596302003,53.62095531587057,83.60747303543913,EXTREME
506_420,1,1911.0,27.7541561126709,13.557376861572266,49.30662557781202,52.08012326656395,55.46995377503852,53.45916795069338,HIGH
506_422,1,1942.0,36.27477264404297,19.14531898498535,78.42835130970724,83.35901386748844,56.39445300462249,77.43451463790447,EXTREME
506_464,1,2041.0,24.59270095825196,13.039352416992188,37.673343605547,48.228043143297384,58.93682588597843,46.61787365177196,MODERATE
507_422,1,2013.0,40.42688751220703,19.714630126953125,88.36671802773498,84.51463790446842,57.89676425269646,83.41486902927582,EXTREME
508_338,1,830.0,27.395484924316406,12.631529808044434,47.95839753466872,46.070878274268104,15.562403697996919,45.22919876733436,MODERATE
508_340,1,940.0,24.23228454589844,11.344221115112305,36.71032357473035,38.71340523882897,17.719568567026194,37.526964560862865,MODERATE
508_349,0,1111.0,28.94569396972656,13.833221435546877,53.428351309707246,54.54545454545454,21.417565485362093,51.234591679506934,HIGH
508_1254,0,5001.0,23.35834312438965,10.79208755493164,34.12942989214176,35.208012326656394,88.98305084745762,45.92064714946071,MODERATE
509_340,1,939.0,26.376728057861328,11.528815269470217,43.56702619414484,39.984591679506934,17.64252696456086,41.604391371340526,MODERATE
509_374,1,1828.0,37.9329833984375,20.116943359375,83.01232665639445,85.43913713405239,53.929121725731896,80.10593220338983,EXTREME
509_731,0,3454.0,23.32622337341309,10.84002685546875,33.821263482280436,35.516178736517716,70.49306625577813,43.054699537750395,MODERATE
510_407,1,1549.0,13.242568969726562,6.106058597564697,16.756548536209554,17.103235747303543,40.600924499229585,24.582049306625578,LOW
512_326,1,275.0,27.7541561126709,13.316656112670898,49.30662557781202,50.077041602465336,2.6964560862865947,45.04237288135594,MODERATE
512_511,0,1221.0,28.00908851623535,12.50876235961914,50.462249614791986,45.45454545454545,25.616332819722647,47.96032357473035,MODERATE
515_405,1,1585.0,38.4430046081543,18.495912551879883,84.47611710323575,81.12480739599384,43.41294298921417,78.25500770416026,EXTREME
516_395,1,1576.0,37.74155426025391,18.48122215270996,82.5115562403698,80.97072419106317,42.25731895223421,76.96263482280432,EXTREME
517_370,1,1758.0,29.250185012817383,14.30703830718994,54.77657935285054,57.24191063174114,51.232665639445294,57.12249614791988,HIGH
517_406,1,1560.0,37.042362213134766,17.325496673583984,80.77812018489985,76.11710323574731,41.48690292758089,74.68027734976889,HIGH
518_325,1,281.0,14.287118911743164,6.190394878387451,18.02773497688752,17.334360554699536,2.773497688751926,19.66486902927581,LOW
518_538,1,1353.0,44.35720443725586,23.23789978027344,93.99075500770417,92.44992295839754,31.2788906009245,84.49922958397535,EXTREME
519_403,1,1534.0,30.06769371032715,13.532767295837402,57.973805855161785,51.771956856702616,39.483821263482284,55.75115562403698,HIGH
520_446,0,1736.0,56.043495178222656,35.17399215698242,99.61479198767334,98.30508474576271,50.038520801232664,91.87018489984592,EXTREME
520_574,1,1201.0,16.48015022277832,8.629549980163574,20.0693374422188,25.038520801232668,24.537750385208014,25.97842835130971,MODERATE
521_323,1,260.0,35.46869659423828,16.275407791137695,76.38674884437596,70.49306625577813,2.5423728813559325,65.01733436055471,HIGH
521_410,1,1815.0,26.21628189086914,11.564099311828612,42.526964560862865,40.21571648690293,53.15870570107858,46.4175654853621,MODERATE
521_571,1,1218.0,21.79093360900879,10.208928108215332,30.81664098613251,31.856702619414484,25.462249614791986,33.7326656394453,MODERATE
521_736,0,3000.0,33.20610046386719,15.161680221557615,68.29738058551618,62.94298921417566,67.4884437596302,68.42257318952235,HIGH
522_511,1,841.0,34.85253143310547,16.41814613342285,74.46070878274269,70.72419106317412,15.716486902927581,65.99191063174115,HIGH
522_558,1,1334.0,26.482824325561523,11.86029815673828,43.68258859784284,42.14175654853621,30.81664098613251,44.18335901386749,MODERATE
523_1106,0,4249.0,7.776834964752197,3.675074577331543,10.362095531587057,10.59322033898305,76.27118644067797,24.78813559322034,LOW
524_401,1,1567.0,41.93765258789063,19.692073822021484,90.44684129429892,84.36055469953774,41.98767334360555,82.13405238828967,EXTREME
524_1025,0,4540.0,26.64068603515625,13.23108959197998,44.18335901386749,49.69183359013867,80.35439137134053,53.776964560862865,HIGH
526_513,1,806.0,38.21907424926758,18.905874252319336,83.5130970724191,82.5115562403698,15.177195685670261,73.8366718027735,HIGH
527_361,0,1361.0,18.8243465423584,8.229726791381836,24.65331278890601,23.112480739599384,31.51001540832049,29.063944530046225,MODERATE
527_403,1,1552.0,39.04742431640625,19.49232292175293,85.90138674884437,84.12942989214176,40.87057010785824,79.40870570107859,EXTREME
527_479,0,1577.0,21.45036697387696,9.073091506958008,29.892141756548536,26.810477657935284,42.449922958397536,34.51078582434515,MODERATE
527_1427,0,5153.0,3.9952552318573,1.7916128635406494,5.277349768875193,5.277349768875193,91.91063174114021,23.008474576271187,LOW
531_260,0,465.0,31.859975814819336,14.71960163116455,63.40523882896765,59.93836671802774,7.395993836671804,55.96687211093991,HIGH
531_402,1,1596.0,40.16179656982422,19.93941307067871,88.09707241910631,85.13097072419107,43.99075500770416,81.33474576271188,EXTREME
533_95,0,380.0,36.03272247314453,17.00617218017578,77.88906009244992,74.03697996918336,4.930662557781202,67.08782742681049,HIGH
533_421,1,1604.0,36.48452377319336,16.261747360229492,79.42989214175655,70.41602465331279,44.876733436055474,73.02195685670263,HIGH
533_516,1,651.0,27.21949577331543,13.080945014953612,46.99537750385208,48.497688751926034,11.594761171032356,44.711093990755,MODERATE
533_525,1,493.0,38.34103775024414,17.72004508972168,84.0909090909091,77.88906009244992,8.243451463790446,71.95878274268105,HIGH
533_527,1,505.0,35.711761474609375,17.78749656677246,76.96456086286595,78.12018489984591,8.551617873651772,68.14329738058552,HIGH
534_423,1,1628.0,27.55723762512207,12.673486709594728,48.45916795069338,46.22496147919877,46.22496147919877,50.142526964560865,HIGH
535_207,0,526.0,20.91554832458496,9.150322914123535,28.6979969183359,27.041602465331277,8.705701078582434,28.850154083204927,MODERATE
535_399,1,1460.0,36.44855880737305,18.142099380493164,79.23728813559322,79.85362095531588,35.9784283513097,73.94067796610169,HIGH
535_562,1,904.0,25.72525978088379,11.767291069030762,41.178736517719564,41.14021571648691,17.06471494607088,40.49306625577812,MODERATE
535_1002,0,4044.0,42.32252883911133,20.265522003173828,91.56394453004623,86.36363636363636,74.96147919876734,88.19530046224962,EXTREME
535_1337,0,5007.0,22.27956199645996,9.768935203552246,31.664098613251156,30.0462249614792,89.21417565485362,43.30893682588598,MODERATE
536_487,1,1202.0,22.41640281677246,9.81809902191162,31.856702619414484,30.431432973805855,24.65331278890601,33.827041602465336,MODERATE
536_1256,0,4880.0,27.00322723388672,12.696845054626465,46.4175654853621,46.45608628659476,86.17103235747304,55.0693374422188,HIGH
538_333,1,904.0,23.358341217041016,10.809232711791992,33.89830508474576,35.28505392912172,17.06471494607088,35.02503852080123,MODERATE
538_344,1,851.0,17.05540657043457,7.238443374633789,21.263482280431433,19.568567026194145,15.870570107858242,23.967642526964564,LOW
539_87,0,487.0,19.7655086517334,8.83176040649414,26.617873651771955,25.96302003081664,8.12788906009245,27.349768875192606,MODERATE
539_536,1,552.0,27.81521224975586,14.62114143371582,49.69183359013867,59.12942989214176,9.090909090909092,48.476502311248076,MODERATE
539_999,0,3677.0,36.33291244506836,108.45378112792967,78.89060092449924,99.92295839753467,71.64869029275809,84.11787365177196,EXTREME
540_318,1,330.0,25.849409103393555,11.512741088867188,41.44838212634823,39.71494607087828,3.4283513097072422,38.239599383667176,MODERATE
540_410,1,1576.0,42.51862716674805,21.59732437133789,91.94915254237289,89.6764252696456,42.25731895223421,84.32973805855163,EXTREME
540_1507,0,4739.0,2.743075370788574,1.0999438762664795,3.4668721109399074,3.0816640986132513,82.85824345146379,20.10593220338983,LOW
542_393,1,1216.0,35.042205810546875,17.468137741088867,74.92295839753467,77.00308166409862,25.26964560862866,69.24884437596302,HIGH
542_1302,0,4998.0,16.505674362182617,7.480014801025391,20.261941448382125,20.41602465331279,88.86748844375964,34.57819722650231,MODERATE
542_1519,0,4865.0,19.7655086517334,8.7022066116333,26.617873651771955,25.26964560862866,85.90138674884437,38.842449922958394,MODERATE
544_1333,0,4845.0,12.419127464294434,5.513171672821045,15.947611710323576,15.331278890600924,85.36209553158706,30.408320493066256,MODERATE
545_453,1,1314.0,36.59194946289063,17.473791122436523,79.6995377503852,77.11864406779661,29.738058551617875,72.57511556240371,HIGH
546_369,1,635.0,7.717507839202881,4.786813259124756,10.015408320493066,13.636363636363635,10.978428351309708,15.564329738058552,LOW
546_455,1,1325.0,37.042362213134766,18.74454689025879,80.77812018489985,81.85670261941448,30.277349768875194,74.43374422187982,HIGH
547_369,1,676.0,32.913352966308594,14.950122833251951,66.87211093990754,61.40215716486903,12.326656394453005,58.97919876733436,HIGH
547_397,1,1349.0,32.560516357421875,15.129891395568848,65.87057010785824,62.40369799691834,31.124807395993837,61.49845916795069,HIGH
548_402,1,1342.0,38.44935607910156,18.56187438964844,84.66872110939909,81.2788906009245,30.970724191063177,76.5331278890601,EXTREME
548_409,1,1388.0,34.80475997924805,16.466203689575195,74.26810477657936,70.95531587057012,32.93528505392912,68.52657935285055,HIGH
548_1170,0,4278.0,21.15760803222656,9.165151596069336,29.314329738058554,27.195685670261945,76.50231124807397,39.39714946070878,MODERATE
549_320,1,291.0,34.85253143310547,16.234394073486328,74.46070878274269,70.22342064714945,3.00462249614792,63.95993836671803,HIGH
549_343,1,774.0,30.99817657470703,13.848384857177734,60.59322033898306,54.622496147919875,14.637904468412943,54.17758089368259,HIGH
549_364,1,660.0,46.4634895324707,25.66642570495605,95.83975346687211,94.76117103235747,12.01848998459168,83.20493066255779,EXTREME
549_640,0,1636.0,22.736682891845703,10.545609474182127,32.43451463790446,33.59013867488444,46.5331278890601,38.216486902927585,MODERATE
550_455,1,1273.0,51.35243988037109,29.61606216430664,98.49768875192603,96.68721109399075,28.197226502311246,87.5751155624037,EXTREME
551_319,1,238.0,31.375844955444336,14.712889671325684,61.556240369799696,59.8613251155624,2.3882896764252695,54.17950693374423,HIGH
551_633,1,1694.0,26.588233947753903,12.090195655822754,44.06779661016949,43.68258859784284,48.57473035439137,47.44414483821264,MODERATE
552_593,1,1133.0,24.09501266479492,11.548073768615724,36.05546995377504,40.06163328197226,22.496147919876734,38.22033898305085,MODERATE
553_61,0,188.0,2.743075370788574,0.9428090453147888,3.4668721109399074,2.1956856702619416,1.4637904468412943,7.675269645608629,LOW
554_344,1,765.0,31.21787643432617,14.399073600769045,61.13251155624037,57.93528505392912,14.368258859784284,55.26194144838213,HIGH
556_419,1,1552.0,20.38071250915528,9.178611755371094,27.81201848998459,27.27272727272727,40.87057010785824,33.24537750385208,MODERATE
558_636,1,1510.0,25.38948440551757,10.942047119140623,39.94607087827427,36.440677966101696,38.482280431432976,41.852850539291225,MODERATE
558_1664,0,4475.0,3.9952552318573,1.987615942955017,5.277349768875193,5.778120184899846,79.58397534668721,21.284668721109398,LOW
559_21,0,174.0,2.169212579727173,0.916245698928833,2.7349768875192604,1.9260400616332818,1.155624036979969,7.159090909090909,LOW
559_258,0,936.0,34.58805465698242,17.96910858154297,73.61325115562404,79.12172573189522,17.565485362095533,67.90254237288136,HIGH
559_826,0,1329.0,52.38299179077149,30.133447647094727,98.7673343605547,97.14946070878274,30.585516178736516,88.19722650231125,EXTREME
561_186,0,729.0,50.43552017211914,26.592025756835938,98.18952234206472,95.45454545454545,13.405238828967642,84.87865947611711,EXTREME
562_330,1,305.0,22.952119827270508,9.604525566101074,32.85824345146379,29.352850539291218,3.1587057010785826,30.88405238828968,MODERATE
562_407,1,1458.0,28.47232437133789,13.655369758605955,51.887519260400616,53.004622496147924,35.78582434514638,52.15716486902928,HIGH
562_504,1,370.0,17.48932456970215,10.739336013793944,21.879815100154083,34.82280431432974,4.6995377503852085,26.444530046224966,MODERATE
563_339,1,429.0,26.95192527770996,11.6661376953125,45.91679506933744,40.67796610169492,6.471494607087827,41.3944530046225,MODERATE
564_748,0,2279.0,35.042205810546875,17.086563110351562,74.92295839753467,74.38366718027734,61.209553158705695,73.98497688751925,HIGH
566_408,1,1507.0,22.55205535888672,10.242733001708984,32.16486902927581,32.12634822804314,38.25115562403698,36.459938366718035,MODERATE
566_414,1,1647.0,27.00322723388672,12.587471961975098,46.4175654853621,45.685670261941446,47.14946070878274,49.02349768875193,MODERATE
566_970,0,4100.0,25.10426521301269,17.16505241394043,38.9060092449923,74.80739599383666,75.346687211094,56.402157164869024,HIGH
568_890,0,2908.0,34.58805465698242,16.725082397460938,73.61325115562404,72.80431432973806,66.94915254237289,73.73073959938367,HIGH
570_402,1,1185.0,32.33029556274414,14.94764518737793,64.63790446841294,61.28659476117103,23.690292758089367,59.42604006163328,HIGH
577_896,0,2723.0,26.69297218322754,12.039934158325195,44.37596302003082,43.37442218798151,66.17873651771957,50.17719568567027,HIGH
583_493,1,376.0,38.44935607910156,18.48389434814453,84.66872110939909,81.0477657935285,4.85362095531587,72.55778120184901,HIGH
587_470,0,482.0,34.07090759277344,14.787382125854492,71.68721109399075,60.32357473035439,7.781201848998459,60.67604006163329,HIGH
587_492,1,349.0,11.52899169921875,5.180685997009277,15.10015408320493,14.637904468412943,3.8906009244992297,17.54815100154083,LOW
588_407,1,1175.0,25.55824089050293,11.932940483093262,40.44684129429893,42.526964560862865,23.343605546995377,41.37904468412943,MODERATE
589_492,1,374.0,33.869510650634766,15.408831596374512,70.99383667180277,65.2542372881356,4.776579352850539,61.076656394453,HIGH
589_493,1,422.0,34.80475997924805,17.183828353881836,74.26810477657936,74.884437596302,6.3944530046224966,65.52773497688753,HIGH
589_500,0,724.0,29.658536911010746,13.849276542663574,55.97072419106317,54.699537750385204,13.328197226502311,51.458012326656394,HIGH
590_414,1,1240.0,34.41748809814453,16.852298736572266,73.03543913713405,73.49768875192603,26.42526964560863,67.50770416024653,HIGH
590_952,0,3977.0,50.78614044189453,27.63563537597656,98.30508474576271,96.14791987673344,74.80739599383666,94.32588597842836,EXTREME
590_1117,0,4296.0,36.825775146484375,58.1180305480957,80.58551617873651,99.53775038520801,76.73343605546995,85.71648690292758,EXTREME
592_410,1,1248.0,27.25736618041992,12.603154182434082,47.226502311248076,45.83975346687211,26.84899845916795,46.46186440677966,MODERATE
592_748,0,1939.0,35.55266189575195,16.679994583129883,76.61787365177196,72.65023112480739,56.31741140215717,73.75,HIGH
593_445,1,338.0,30.23698234558105,15.183649063110352,58.35901386748844,63.17411402157165,3.62095531587057,53.434129429892145,HIGH
593_593,1,863.0,26.21628189086914,11.39200496673584,42.526964560862865,38.983050847457626,16.21725731895223,40.56818181818182,MODERATE
593_607,0,997.0,29.950288772583008,13.668925285339355,57.31895223420646,53.312788906009246,18.99075500770416,52.702234206471495,HIGH
594_452,0,609.0,16.169965744018555,7.241853713989258,19.76117103235747,19.645608628659474,10.477657935285054,22.351694915254235,LOW
594_475,1,337.0,14.134594917297363,6.454016208648682,17.796610169491526,17.796610169491526,3.5439137134052388,19.768875192604007,LOW
594_1271,0,4410.0,16.505674362182617,7.1024250984191895,20.261941448382125,18.875192604006163,78.35130970724191,32.61556240369799,MODERATE
595_402,1,1114.0,42.51862716674805,25.02344512939453,91.94915254237289,94.14483821263482,21.687211093990754,82.36132511556242,EXTREME
595_406,1,1140.0,31.38566780090332,15.881505966186523,61.71032357473035,67.56548536209553,22.650231124807398,59.229583975346685,HIGH
596_477,1,396.0,42.16377639770508,23.03191566467285,90.87057010785824,92.06471494607088,5.3929121725731894,78.80392912172573,EXTREME
596_480,1,349.0,14.467668533325195,7.258881568908691,18.143297380585516,19.838212634822806,3.8906009244992297,20.521956856702623,LOW
596_820,1,885.0,37.042362213134766,18.618986129760746,80.77812018489985,81.35593220338984,16.486902927580893,72.23998459167952,HIGH
597_398,1,1123.0,32.385841369628906,14.855684280395508,64.90755007704159,60.78582434514638,22.226502311248076,59.229583975346685,HIGH
597_790,0,1998.0,18.04762458801269,8.894442558288574,23.112480739599384,26.348228043143294,57.31895223420646,32.89676425269646,MODERATE
597_841,0,1919.0,37.28341674804688,25.52123260498047,81.54853620955316,94.60708782742681,55.62403697996918,81.84707241910633,EXTREME
598_397,1,1122.0,24.51827812194824,10.730134963989258,37.365177195685675,34.74576271186441,22.07241910631741,37.54815100154084,MODERATE
600_410,1,1251.0,32.52389907836914,15.15435028076172,65.60092449922959,62.865947611710325,26.964560862865948,60.84167950693375,HIGH
600_634,0,1374.0,11.6826171875,5.499719142913818,15.562403697996919,15.254237288135593,32.04930662557781,22.180277349768875,LOW
601_1438,0,5211.0,4.936678409576416,2.233305692672729,6.5870570107858235,6.6255778120184905,92.68104776579354,24.181432973805855,LOW
601_1652,0,4867.0,22.619441986083984,10.159225463867188,32.280431432973806,31.664098613251156,85.97842835130972,43.567026194144844,MODERATE
603_1213,0,4348.0,25.37534141540528,11.477298736572266,39.791987673343606,39.368258859784284,77.34976887519261,48.33012326656395,MODERATE
604_398,1,969.0,34.12918472290039,16.179548263549805,72.03389830508475,69.56856702619415,18.335901386748844,64.76117103235748,HIGH
604_436,1,411.0,29.21662712097168,13.888444900512695,54.699537750385204,55.08474576271186,5.855161787365177,49.7342064714946,MODERATE
604_485,1,385.0,19.906658172607425,9.064924240112305,27.11864406779661,26.656394453004623,5.1617873651771955,27.353620955315872,MODERATE
604_932,0,3842.0,31.7258415222168,14.858177185058594,63.13559322033898,60.86286594761171,73.4206471494607,65.95338983050848,HIGH
607_142,0,530.0,30.53947830200196,13.48890781402588,59.283513097072415,51.386748844375965,8.936825885978427,51.79314329738059,HIGH
607_576,1,1491.0,31.38566780090332,13.67885684967041,61.71032357473035,53.46687211093991,37.442218798151,57.92372881355932,HIGH
608_488,1,440.0,33.82723617553711,15.993825912475586,70.64714946070877,68.33590138674884,6.702619414483821,61.94530046224961,HIGH
609_405,1,1055.0,26.323421478271484,12.76956272125244,43.335901386748844,46.687211093990754,20.261941448382125,43.54583975346687,MODERATE
609_488,1,401.0,33.091392517089844,15.933504104614258,67.52696456086287,67.79661016949152,5.546995377503852,59.92103235747304,HIGH
610_488,1,395.0,24.51827812194824,11.314799308776855,37.365177195685675,38.366718027734976,5.315870570107858,35.939907550077045,MODERATE
610_595,1,1536.0,19.250118255615234,8.94565200805664,25.616332819722647,26.502311248073962,39.753466872110934,31.67758089368259,MODERATE
610_1049,0,4086.0,33.33745574951172,16.12987518310547,68.45146379044684,69.10631741140215,75.19260400616334,71.2037750385208,HIGH
611_429,1,445.0,45.942474365234375,25.79884147644043,95.53158705701078,94.83821263482281,6.933744221879815,82.2919876733436,EXTREME
611_489,1,432.0,32.33029556274414,15.919550895690918,64.63790446841294,67.71956856702619,6.548536209553159,58.463020030816644,HIGH
611_737,0,794.0,39.88628005981445,17.480146408081055,87.67334360554699,77.19568567026194,15.0231124807396,74.77272727272727,HIGH
612_489,1,418.0,29.90739250183105,13.825187683105469,56.664098613251156,54.39137134052389,6.240369799691833,50.699152542372886,HIGH
613_406,1,1013.0,25.204666137695312,11.20956325531006,39.25269645608629,37.98151001540832,19.106317411402156,38.95030816640986,MODERATE
613_427,1,416.0,37.90671920776367,18.26215171813965,82.81972265023111,80.2773497688752,6.086286594761171,71.53312788906008,HIGH
613_715,1,790.0,33.66559600830078,16.58647346496582,70.03081664098613,71.80277349768875,14.869029275808938,63.6979969183359,HIGH
614_407,1,995.0,27.717409133911133,12.018503189086914,48.80585516178736,43.22033898305085,18.8366718027735,45.47380585516179,MODERATE
614_699,1,706.0,30.65278053283692,15.210458755493164,59.630200308166415,63.25115562403698,13.020030816640988,55.56240369799692,HIGH
614_707,1,746.0,47.090274810791016,25.87624931335449,96.37904468412944,94.91525423728814,13.944530046224962,83.82896764252698,EXTREME
614_713,1,787.0,28.47232437133789,13.39522647857666,51.887519260400616,50.77041602465331,14.791987673343607,48.44953775038521,MODERATE
614_1649,0,4708.0,24.988758087158203,11.14328670501709,38.674884437596305,37.673343605547,82.35747303543913,48.04314329738059,MODERATE
615_710,1,820.0,49.31969451904297,26.310115814208984,97.84283513097073,95.37750385208012,15.408320493066254,84.96918335901388,EXTREME
616_401,1,745.0,27.900314331054688,13.334259033203123,49.884437596302,50.30816640986132,13.86748844375963,47.09360554699538,MODERATE
616_402,1,807.0,24.15616798400879,10.436166763305664,36.40215716486903,33.12788906009245,15.254237288135593,35.59129429892142,MODERATE
616_405,1,903.0,18.650480270385746,8.841540336608887,24.22958397534669,26.040061633281976,16.94915254237288,27.378659476117104,MODERATE
616_406,1,893.0,31.65836524963379,13.921295166015623,62.90446841294299,55.31587057010786,16.640986132511557,55.92257318952234,HIGH
616_490,1,415.0,32.52389907836914,14.61185073852539,65.60092449922959,59.01386748844376,5.970724191063174,56.72958397534669,HIGH
616_683,1,608.0,56.202972412109375,36.528358459472656,99.69183359013869,98.5362095531587,10.400616332819723,86.02465331278893,EXTREME
616_692,1,739.0,42.16377639770508,22.34466361999512,90.87057010785824,91.21725731895224,13.636363636363635,79.82858243451464,EXTREME
617_665,1,710.0,36.70574569702149,17.26553726196289,80.2773497688752,75.65485362095532,13.174114021571647,70.04237288135594,HIGH
617_1559,0,4707.0,8.668338775634766,4.055174827575684,11.556240369799692,11.47919876733436,82.24191063174115,26.562018489984595,MODERATE
618_403,1,822.0,28.47232437133789,13.00522232055664,51.887519260400616,48.07395993836672,15.485362095531588,47.87942989214176,MODERATE
619_667,1,757.0,30.937742233276367,15.7346830368042,60.28505392912172,66.79506933744221,14.175654853620955,56.98189522342064,HIGH
619_724,1,876.0,29.28367042541504,13.915973663330078,54.853620955315876,55.238828967642526,16.33281972265023,51.4291217257319,HIGH
620_413,0,515.0,48.9297103881836,32.573944091796875,97.5346687211094,97.7657935285054,8.628659476117104,84.37981510015409,EXTREME
621_427,1,317.0,28.28385162353516,15.07348346710205,51.00154083204931,62.09553158705701,3.3127889060092452,49.07164869029276,MODERATE
622_738,1,906.0,29.950288772583008,14.540704727172852,57.31895223420646,58.55161787365177,17.180277349768875,53.74036979969183,HIGH
623_426,1,357.0,40.604793548583984,20.82970428466797,88.71340523882897,87.75038520801233,4.275808936825886,76.3713405238829,EXTREME
623_1379,0,5926.0,25.26175880432129,11.438509941101074,39.67642526964561,39.21417565485362,97.99691833590138,51.3251155624037,HIGH
624_377,0,566.0,46.3966178894043,26.29744338989257,95.76271186440678,95.3004622496148,9.476117103235747,82.91602465331279,EXTREME
625_402,1,611.0,36.33291244506836,17.85123634338379,78.89060092449924,78.19722650231125,10.554699537750386,69.52234206471495,HIGH
626_401,1,584.0,36.726993560791016,17.291259765625,80.43143297380585,75.80893682588598,9.976887519260401,69.68605546995379,HIGH
626_498,1,484.0,39.605770111083984,19.55492401123047,86.97996918335902,84.28351309707242,7.896764252696456,75.09437596302004,EXTREME
626_499,1,503.0,29.025177001953125,14.080018043518066,54.00616332819723,56.240369799691834,8.47457627118644,50.034668721109405,HIGH
626_533,0,1290.0,7.776834964752197,3.3333332538604736,10.362095531587057,9.476117103235747,28.890600924499232,17.401771956856702,LOW
626_711,1,1279.0,26.99041748046875,12.849556922912598,46.10939907550077,46.99537750385208,28.466872110939907,46.379044684129425,MODERATE
626_712,1,1268.0,32.82360076904297,15.23154640197754,66.60246533127889,63.443759630200304,28.004622496147917,61.692989214175654,HIGH
627_713,1,1300.0,24.637191772460938,9.986411094665527,37.942989214175654,31.047765793528505,29.352850539291218,38.03351309707242,MODERATE
627_758,1,883.0,27.345394134521484,11.97012710571289,47.76579352850539,42.87365177195686,16.409861325115564,44.45107858243452,MODERATE
627_762,1,900.0,26.64068603515625,12.148261070251465,44.18335901386749,43.91371340523883,16.87211093990755,42.81009244992296,MODERATE
627_1306,0,5617.0,11.644421577453612,4.9913506507873535,15.408320493066254,14.098613251155623,96.0708782742681,31.40986132511556,MODERATE
628_762,1,955.0,28.00908851623535,13.112994194030762,50.462249614791986,48.7673343605547,17.98921417565485,47.6444530046225,MODERATE
628_1374,0,6305.0,42.70737075805664,23.990737915039062,92.44992295839754,93.45146379044684,99.07550077041603,94.07164869029276,EXTREME
629_760,1,1014.0,37.90671920776367,17.29982566833496,82.81972265023111,75.96302003081664,19.183359013867488,72.41910631741139,HIGH
629_1017,0,3509.0,21.932117462158203,10.44680881500244,30.970724191063177,33.281972265023114,70.80123266563945,40.97457627118644,MODERATE
630_759,1,968.0,34.327430725097656,15.570627212524414,72.7657935285054,65.79352850539291,18.258859784283512,64.20839753466873,HIGH
631_766,1,1057.0,16.7833251953125,7.483314990997314,20.531587057010785,20.49306625577812,20.33898305084746,24.46648690292758,LOW
633_506,1,528.0,19.582035064697266,8.313309669494629,26.040061633281976,23.651771956856702,8.82126348228043,26.55816640986133,MODERATE
634_1356,0,5979.0,47.09381866455078,189.55319213867188,96.45608628659477,100.0,98.11248073959938,97.76771956856703,EXTREME
635_505,1,528.0,34.68472671508789,16.216894149780273,74.07550077041603,69.87673343605547,8.82126348228043,64.53389830508475,HIGH
636_425,1,351.0,42.13882064819336,20.97087860107422,90.75500770416025,88.36671802773498,4.083204930662557,77.61941448382126,EXTREME
636_522,1,1188.0,45.43338394165039,22.765037536621094,95.0693374422188,91.44838212634822,23.959938366718028,83.7442218798151,EXTREME
636_783,1,1247.0,22.952119827270508,10.055401802062988,32.85824345146379,31.240369799691837,26.733436055469955,34.89214175654854,MODERATE
637_791,1,1246.0,24.50335121154785,11.618417739868164,37.13405238828968,40.36979969183359,26.656394453004623,39.514637904468415,MODERATE
638_800,1,1335.0,30.289533615112305,15.3317232131958,58.62865947611711,64.63790446841294,30.893682588597844,58.039291217257315,HIGH
638_1057,1,2808.0,37.433082580566406,18.26958656311035,81.70261941448382,80.35439137134053,66.71802773497689,80.03274268104776,EXTREME
638_1523,0,4789.0,4.332224845886231,2.0061633586883545,5.855161787365177,6.00924499229584,84.28351309707242,22.365177195685668,LOW
639_392,0,419.0,34.120872497558594,16.131404876708984,71.91833590138675,69.26040061633282,6.317411402157165,62.8177966101695,HIGH
639_1053,1,2796.0,31.306921005249023,15.14946174621582,61.47919876733437,62.557781201849,66.64098613251156,64.44915254237289,HIGH
639_1151,0,3630.0,30.45658302307129,13.990297317504885,59.05238828967643,55.932203389830505,71.34052388289676,62.16294298921418,HIGH
640_1048,1,2768.0,27.7541561126709,13.11864185333252,49.30662557781202,48.844375963020035,66.4869029275809,54.302773497688754,HIGH
641_800,1,1326.0,32.22797393798828,17.185264587402344,64.29121725731896,74.96147919876734,30.39291217257319,63.659476117103246,HIGH
641_823,0,1689.0,30.50843811035156,21.587032318115234,59.16795069337443,89.59938366718028,48.26656394453004,67.1822033898305,HIGH
642_642,1,1843.0,39.717411041259766,21.059585571289062,87.09553158705701,88.75192604006163,54.23728813559322,83.22611710323574,EXTREME
642_646,1,1802.0,29.90739250183105,13.101691246032717,56.664098613251156,48.613251155624035,52.73497688751926,56.228813559322035,HIGH
643_643,1,1801.0,42.238399505615234,23.027088165283203,91.2557781201849,91.98767334360555,52.61941448382126,86.08050847457628,EXTREME
643_681,1,1506.0,38.31543731689453,18.79781913757324,83.89830508474576,82.04930662557781,38.13559322033898,77.37673343605547,EXTREME
644_509,1,605.0,36.33291244506836,18.708946228027344,78.89060092449924,81.43297380585516,10.208012326656394,70.27927580893683,HIGH
644_1042,1,2744.0,40.86783218383789,20.74060821533203,89.17565485362096,87.51926040061633,66.40986132511556,85.88790446841296,EXTREME
645_138,0,467.0,6.115067958831787,3.6345393657684326,8.590138674884438,10.362095531587057,7.473035439137134,13.436055469953775,LOW
645_173,0,617.0,26.216283798217773,11.195236206054688,42.75808936825886,37.90446841294299,10.708782742681047,39.59938366718028,MODERATE
645_510,1,635.0,41.16377258300781,21.0718936920166,89.52234206471495,88.82896764252696,10.978428351309708,78.09129429892143,EXTREME
645_637,1,1704.0,33.33745574951172,16.18031120300293,68.45146379044684,69.64560862865947,48.92141756548536,67.39791987673343,HIGH
645_642,1,1624.0,32.958045959472656,15.249366760253906,67.02619414483821,63.63636363636363,45.91679506933744,64.66101694915255,HIGH
645_1029,1,2737.0,25.999876022338867,12.293729782104492,42.06471494607088,44.684129429892145,66.33281972265023,49.25654853620956,MODERATE
645_1032,1,2682.0,34.41748809814453,16.511125564575195,73.03543913713405,71.4175654853621,65.56240369799691,72.85824345146379,HIGH
647_542,1,1535.0,23.77006149291992,10.712862968444824,35.246533127889066,34.514637904468415,39.59938366718028,38.954160246533135,MODERATE
647_1034,1,2635.0,27.25736618041992,12.212118148803713,47.226502311248076,44.22187981510015,64.86902927580893,51.76040061633282,HIGH
648_1030,1,2675.0,27.55723762512207,13.880441665649414,48.45916795069338,54.96918335901386,65.40832049306626,55.20608628659476,HIGH
649_1368,0,5825.0,41.55306243896485,39.16736602783203,90.10015408320493,98.92141756548536,97.5346687211094,93.91563944530046,EXTREME
650_513,1,647.0,36.311134338378906,19.458091735839844,78.54391371340523,83.89830508474576,11.363636363636363,70.87827426810478,HIGH
650_1051,0,3118.0,31.26740264892578,15.340578079223633,61.36363636363637,64.71494607087827,68.48998459167952,65.2022342064715,HIGH
651_1624,0,4846.0,19.16595268249512,8.247708320617676,25.308166409861325,23.189522342064713,85.43913713405239,37.532742681047765,MODERATE
652_418,0,687.0,46.50788497924805,24.92705345153809,95.91679506933744,93.99075500770417,12.480739599383666,83.12403697996919,EXTREME
652_515,1,629.0,35.83941650390625,17.468137741088867,77.42681047765794,77.00308166409862,10.862865947611711,68.46494607087828,HIGH
652_1018,1,2612.0,38.44935607910156,19.726526260375977,84.66872110939909,84.59167950693374,64.56086286594761,82.39984591679507,EXTREME
654_952,0,3368.0,26.95192527770996,11.065462112426758,45.91679506933744,36.97996918335901,70.18489984591679,50.026964560862865,HIGH
655_512,1,689.0,37.90671920776367,17.907167434692383,82.81972265023111,78.5824345146379,12.63482280431433,72.09167950693374,HIGH
655_1178,0,4499.0,18.931962966918945,8.225224494934082,25.0,22.95839753466872,79.89214175654854,36.47342064714947,MODERATE
656_324,0,1092.0,25.204666137695312,11.35727310180664,39.25269645608629,38.82896764252696,20.801232665639446,39.41640986132512,MODERATE
656_1008,1,2508.0,36.70574569702149,18.455820083618164,80.2773497688752,80.81664098613251,63.86748844375963,78.93682588597844,EXTREME
657_85,0,178.0,2.169212579727173,0.9938079714775084,2.7349768875192604,2.465331278890601,1.386748844375963,7.328582434514638,LOW
657_1007,1,2450.0,35.221920013427734,17.3532657623291,75.73189522342064,76.3482280431433,63.25115562403698,75.22727272727273,EXTREME
658_575,1,1279.0,23.35834312438965,11.789301872253418,34.12942989214176,41.44838212634823,28.466872110939907,38.40331278890601,MODERATE
659_576,1,1225.0,14.134594917297363,5.69600248336792,17.796610169491526,15.793528505392912,25.731895223420647,22.596302003081668,LOW
659_1047,0,3512.0,23.148408889770508,10.870732307434082,33.55161787365177,35.67026194144838,70.87827426810478,43.00269645608629,MODERATE
660_520,1,605.0,4.110692024230957,4.653420448303223,5.585516178736518,13.559322033898304,10.208012326656394,12.993066255778121,LOW
660_577,1,1248.0,28.87726211547852,13.219887733459473,53.04314329738059,49.537750385208014,26.84899845916795,50.58551617873652,HIGH
660_681,0,1564.0,19.66386032104492,7.557189464569092,26.30970724191063,20.801232665639446,41.79506933744222,30.93990755007704,MODERATE
660_1004,1,2437.0,42.64955139160156,21.715330123901367,92.2573189522342,90.13867488443759,63.09707241910631,87.74075500770417,EXTREME
661_579,1,1290.0,22.12417221069336,10.26801300048828,31.2788906009245,32.20338983050847,28.890600924499232,34.58782742681048,MODERATE
661_798,1,1421.0,28.14106559753418,12.844751358032228,50.73189522342064,46.91833590138675,34.514637904468415,49.809322033898304,MODERATE
661_1004,1,2391.0,29.059127807617188,13.55191135406494,54.27580893682589,51.92604006163328,62.750385208012325,57.24576271186441,HIGH
661_1267,0,4707.0,30.99817657470703,14.563611030578612,60.59322033898306,58.782742681047765,82.24191063174115,65.3582434514638,HIGH
662_496,0,1731.0,33.89481735229492,16.113792419433594,71.1864406779661,68.79815100154083,49.884437596302,68.83474576271188,HIGH
662_798,1,1423.0,26.73207664489746,12.398724555969238,44.761171032357474,44.99229583975347,34.66872110939907,46.06702619414484,MODERATE
663_192,0,1039.0,39.55851745605469,20.53061485290528,86.82588597842835,87.13405238828967,19.79969183359014,77.50770416024653,EXTREME
663_798,1,1398.0,23.78568649291992,10.863916397094728,35.36209553158706,35.59322033898305,33.43605546995377,38.36286594761171,MODERATE
664_436,1,455.0,29.90739250183105,13.668925285339355,56.664098613251156,53.312788906009246,7.24191063174114,50.57973805855162,HIGH
664_518,1,660.0,23.47024345397949,10.69902515411377,34.8613251155624,34.43759630200308,12.01848998459168,34.585901386748844,MODERATE
664_552,0,1621.0,20.12579727172852,9.368979454040527,27.503852080123263,27.889060092449924,45.49306625577812,33.92334360554699,MODERATE
665_191,0,1117.0,18.584735870361328,8.28802490234375,24.114021571648692,23.49768875192604,21.80277349768875,27.407550077041602,MODERATE
665_436,1,469.0,18.04762458801269,8.432740211486816,23.112480739599384,24.03697996918336,7.550077041602465,24.853620955315872,LOW
665_797,1,1484.0,25.50218391418457,11.659786224365234,40.25423728813559,40.600924499229585,37.249614791987675,42.877503852080125,MODERATE
665_1000,1,2335.0,31.26740264892578,15.246129035949709,61.36363636363637,63.559322033898304,62.01848998459168,63.942604006163336,HIGH
666_786,0,1917.0,30.99817657470703,14.672557830810549,60.59322033898306,59.55315870570108,55.54699537750385,61.54661016949153,HIGH
666_1210,0,4718.0,21.558727264404297,10.466878890991213,30.12326656394453,33.35901386748844,82.5115562403698,42.28428351309707,MODERATE
667_826,1,2014.0,42.745792388916016,24.93596839904785,92.52696456086287,94.0677966101695,58.089368258859785,88.12018489984592,EXTREME
668_1439,0,5532.0,33.52823638916016,15.42805004119873,69.49152542372882,65.33127889060091,95.68567026194145,73.9060092449923,HIGH
670_680,1,1669.0,26.256542205810547,10.678234100341797,42.95069337442219,34.36055469953775,47.804314329738055,44.38366718027735,MODERATE
670_1073,0,4202.0,26.73207664489746,11.525601387023926,44.761171032357474,39.907550077041606,75.73189522342064,50.955315870570104,HIGH
674_841,1,1936.0,33.091392517089844,49.78238296508789,67.52696456086287,99.30662557781201,56.20184899845917,75.39676425269646,EXTREME
675_428,0,558.0,20.84029006958008,9.416297912597656,28.466872110939907,28.274268104776578,9.244992295839753,29.112095531587055,MODERATE
675_1528,0,4847.0,1.9403883218765257,0.9938080310821532,2.0030816640986133,2.5423728813559325,85.51617873651772,19.56471494607088,LOW
676_677,0,1415.0,55.69976806640625,33.64337158203125,99.53775038520801,98.15100154083206,34.24499229583976,89.42026194144839,EXTREME
677_766,0,2451.0,47.17502975463867,25.92915344238281,96.84129429892143,94.99229583975347,63.32819722650231,91.51001540832051,EXTREME
677_822,0,1425.0,33.1796989440918,16.194040298461914,68.02773497688752,69.7226502311248,34.74576271186441,65.057781201849,HIGH
678_841,1,1837.0,28.79706573486328,14.788217544555664,52.81201848998459,60.40061633281972,54.00616332819723,57.24768875192604,HIGH
678_1443,0,5556.0,18.024797439575195,7.902179718017578,22.88135593220339,21.879815100154083,95.83975346687211,37.430662557781204,MODERATE
679_840,1,1858.0,33.75087356567383,15.311578750610352,70.37750385208012,64.32973805855163,54.46841294298922,67.96032357473035,HIGH
679_1526,0,4880.0,9.661434173583984,4.422166347503662,12.865947611710324,12.865947611710324,86.17103235747304,28.218412942989215,MODERATE
681_836,1,1817.0,49.02828979492188,26.63655662536621,97.68875192604007,95.53158705701078,53.23574730354391,90.59707241910633,EXTREME
681_945,0,2652.0,28.565763473510746,13.384161949157717,52.15716486902927,50.693374422187986,65.06163328197226,56.11902927580894,HIGH
681_1322,0,4636.0,5.473633289337158,2.054804801940918,7.627118644067797,6.163328197226503,81.2788906009245,22.92758089368259,LOW
682_700,1,1649.0,17.65447235107422,7.62711238861084,22.07241910631741,21.03235747303544,47.226502311248076,29.48189522342065,MODERATE
682_830,1,1646.0,8.290763854980469,28.85550308227539,11.171032357473036,96.45608628659477,47.03389830508475,42.31317411402157,MODERATE
682_832,1,1638.0,19.47911262512207,16.93415069580078,25.96302003081664,73.80585516178738,46.687211093990754,44.734206471494616,MODERATE
682_889,0,3849.0,54.28141784667969,32.01874542236328,99.30662557781201,97.61171032357473,73.49768875192603,95.0462249614792,EXTREME
683_833,1,1748.0,35.35348892211914,16.253395080566406,76.11710323574731,70.33898305084746,50.693374422187986,72.05315870570108,HIGH
683_1168,0,4625.0,32.895442962646484,17.224014282226562,66.71802773497689,75.346687211094,81.0477657935285,72.68875192604006,HIGH
684_539,0,1221.0,20.516202926635746,11.435272216796877,28.120184899845917,39.13713405238829,25.616332819722647,34.09283513097073,MODERATE
685_800,1,1466.0,21.15760803222656,8.931840896606445,29.314329738058554,26.42526964560863,36.209553158705695,33.160631741140215,MODERATE
685_1307,0,4785.0,8.615472793579102,4.027682304382324,11.440677966101696,11.40215716486903,84.16795069337442,26.768104776579353,MODERATE
686_1225,0,5021.0,44.27531433105469,86.9988784790039,93.91371340523882,99.84591679506933,89.71494607087827,95.07126348228043,EXTREME
688_812,1,1520.0,38.41757583618164,18.457826614379883,84.36055469953774,80.89368258859785,38.9060092449923,77.45762711864407,EXTREME
688_1274,0,4818.0,12.560628890991213,5.328701496124268,16.2557781201849,14.869029275808938,84.82280431432973,30.38135593220339,MODERATE
688_1556,0,4754.0,5.212227821350098,2.216659545898437,7.203389830508475,6.548536209553159,83.20493066255779,23.07973805855162,LOW
688_1616,0,5071.0,25.71140480041504,11.775680541992188,40.98613251155624,41.294298921417564,90.48536209553158,51.43875192604006,HIGH
689_462,1,1382.0,26.81000518798828,12.558996200561523,45.10785824345147,45.60862865947612,32.43451463790446,46.076656394453,MODERATE
690_463,1,1438.0,43.0167121887207,22.900753021240234,92.91217257318952,91.67950693374422,35.28505392912172,84.31432973805856,EXTREME
690_466,1,1458.0,25.61410522460937,11.897712707519531,40.75500770416024,42.25731895223421,35.78582434514638,43.347457627118644,MODERATE
690_552,1,863.0,23.148408889770508,9.589088439941406,33.55161787365177,29.275808936825886,16.21725731895223,33.204930662557786,MODERATE
690_1038,0,3786.0,44.69700622558594,22.11306571960449,94.60708782742681,90.83204930662558,72.65023112480739,90.63944530046226,EXTREME
691_75,0,172.0,2.743075370788574,0.7856742143630981,3.4668721109399074,1.1941448382126347,1.0015408320493067,7.3555469953775034,LOW
691_421,0,1163.0,25.73910140991211,11.22607135772705,41.332819722650235,38.13559322033898,23.112480739599384,40.733821263482284,MODERATE
691_453,1,1274.0,28.37835693359375,13.3370361328125,51.348228043143294,50.42372881355932,28.274268104776578,50.08859784283513,HIGH
692_978,1,2198.0,30.25802230834961,15.036580085754396,58.47457627118644,61.86440677966102,60.63174114021571,61.72187981510015,HIGH
693_857,0,3081.0,31.028308868408203,13.97616958618164,60.824345146379045,55.855161787365184,67.95069337442219,62.6097842835131,HIGH
694_455,1,1179.0,42.97426223754883,23.13246726989746,92.75808936825885,92.29583975346686,23.49768875192604,82.615562403698,EXTREME
694_1647,0,5099.0,27.9366512298584,12.909944534301758,50.038520801232664,47.5346687211094,91.06317411402158,58.06432973805856,HIGH
695_815,1,1453.0,29.82125663757324,13.549179077148438,56.278890600924505,51.84899845916795,35.59322033898305,54.25462249614793,HIGH
697_813,1,1579.0,37.64830780029297,18.547237396240234,82.24191063174115,81.20184899845917,42.87365177195686,76.96456086286595,EXTREME
698_299,0,1757.0,18.54073905944824,7.656192779541016,23.998459167950692,21.10939907550077,51.15562403697997,31.149845916795073,MODERATE
698_438,1,473.0,42.64955139160156,19.843833923339844,92.2573189522342,84.9768875192604,7.704160246533127,78.14137134052389,EXTREME
698_814,1,1465.0,48.79296112060547,26.80012893676757,97.38058551617874,95.76271186440678,36.05546995377504,87.90832049306626,EXTREME
698_962,1,2077.0,28.00908851623535,13.155292510986328,50.462249614791986,49.152542372881356,59.47611710323575,53.963790446841294,HIGH
699_342,0,1699.0,14.256766319274902,6.291283130645752,17.950693374422187,17.64252696456086,48.844375963020035,26.610169491525426,MODERATE
699_439,1,442.0,28.945697784423828,13.851950645446776,53.62095531587057,54.77657935285054,6.779661016949152,49.20261941448382,MODERATE
699_780,0,2683.0,13.728771209716797,5.915036201477051,17.604006163328197,16.486902927580893,65.63944530046226,28.64984591679507,MODERATE
699_813,1,1483.0,43.01200485229492,21.67435836791992,92.8351309707242,89.83050847457628,37.13405238828968,84.08705701078583,EXTREME
699_834,1,1752.0,32.913352966308594,15.214210510253906,66.87211093990754,63.32819722650231,50.92449922958397,65.25038520801232,HIGH
700_491,1,1213.0,18.71592712402344,8.464887619018555,24.345146379044685,24.268104776579353,25.19260400616333,28.235747303543913,MODERATE
700_541,1,838.0,15.609001159667969,7.248669147491455,18.99075500770416,19.72265023112481,15.63944530046225,22.721494607087827,LOW
700_614,1,1254.0,23.45430564880371,11.288582801818848,34.707241910631744,38.28967642526965,27.195685670261945,37.740755007704166,MODERATE
700_713,1,1793.0,21.63054847717285,10.93188762664795,30.508474576271187,36.36363636363637,52.3497688751926,38.72303543913714,MODERATE
700_812,1,1495.0,57.1783447265625,36.2862434387207,99.768875192604,98.45916795069337,37.59630200308167,90.1271186440678,EXTREME
702_453,1,980.0,32.21863555908203,15.14212417602539,64.17565485362096,62.480739599383675,18.489984591679505,58.69029275808937,HIGH
702_951,1,1936.0,17.93312644958496,4.075729370117188,22.688751926040062,11.633281972265024,56.20184899845917,28.817411402157166,MODERATE
702_1183,0,4626.0,27.00322723388672,11.803954124450684,46.4175654853621,41.67950693374422,81.12480739599384,53.11825885978429,HIGH
703_492,1,1229.0,20.086191177368164,9.130061149597168,27.426810477657938,26.887519260400616,25.80893682588598,30.677966101694917,MODERATE
703_654,0,1459.0,17.93312644958496,9.162457466125488,22.688751926040062,27.11864406779661,35.901386748844374,29.64368258859784,MODERATE
703_817,1,1415.0,46.122100830078125,23.343385696411133,95.60862865947611,92.68104776579354,34.24499229583976,85.89175654853621,EXTREME
703_1649,0,4937.0,9.614384651184082,4.163331985473633,12.673343605546997,11.864406779661017,87.24961479198767,28.023882896764256,MODERATE
704_489,1,1232.0,36.61334609985352,17.027936935424805,79.81510015408321,74.19106317411402,26.078582434514637,71.35785824345147,HIGH
705_442,1,487.0,28.295692443847656,13.800161361694336,51.15562403697997,54.23728813559322,8.12788906009245,47.914098613251156,MODERATE
705_813,1,1536.0,43.8187141418457,23.564462661743164,93.52850539291218,93.14329738058552,39.753466872110934,85.68952234206472,EXTREME
705_835,1,1753.0,42.52836227416992,21.31249046325684,92.06471494607088,89.29121725731896,51.00154083204931,85.60862865947612,EXTREME
706_75,0,151.0,3.876335859298706,1.8257418870925903,5.007704160246533,5.469953775038521,0.6933744221879815,9.22573189522342,LOW
706_819,1,1488.0,68.5366439819336,52.90896224975586,100.0,99.38366718027734,37.365177195685675,90.4506933744222,EXTREME
707_586,0,1405.0,30.11017608642578,14.62114143371582,58.089368258859785,59.12942989214176,33.782742681047765,56.79892141756549,HIGH
707_821,1,1409.0,26.81000518798828,15.611802101135254,45.10785824345147,65.94761171032357,33.97534668721109,51.39252696456086,HIGH
707_938,1,1870.0,13.242568969726562,5.377134799957275,16.756548536209554,15.10015408320493,55.007704160246526,26.242295839753467,MODERATE
708_52,0,139.0,2.169212579727173,1.0304020643234253,2.7349768875192604,2.7349768875192604,0.3852080123266564,7.245762711864407,LOW
708_495,1,1373.0,17.274070739746094,8.075263023376465,21.49460708782743,22.4191063174114,31.972265023112477,27.22265023112481,MODERATE
709_331,0,1579.0,33.485069274902344,16.12068748474121,69.22187981510015,68.87519260400616,42.87365177195686,66.72187981510015,HIGH
710_465,1,808.0,24.443510055541992,10.908145904541016,37.01848998459168,35.901386748844374,15.331278890600924,36.63520801232666,MODERATE
710_704,1,1520.0,30.32098388671875,13.942562103271484,58.82126348228043,55.62403697996918,38.9060092449923,57.09360554699538,HIGH
712_482,0,920.0,15.852359771728516,7.071067810058594,19.144838212634824,18.798151001540834,17.334360554699536,22.829352850539294,LOW
712_713,1,1577.0,28.390134811401367,12.965290069580078,51.502311248073966,47.919876733436055,42.449922958397536,51.67372881355933,HIGH
713_669,1,1615.0,40.959922790527344,20.23808860778809,89.4453004622496,86.2095531587057,45.22342064714946,82.53081664098613,EXTREME
713_1038,0,3934.0,42.57210159301758,20.82436752319336,92.14175654853621,87.67334360554699,74.49922958397535,88.77118644067797,EXTREME
714_190,0,347.0,14.85004425048828,7.211102485656738,18.6055469953775,19.45300462249615,3.7750385208012327,20.662557781201848,LOW
714_915,1,1793.0,35.43805313110352,17.2159481048584,76.2326656394453,75.115562403698,52.3497688751926,73.55932203389831,HIGH
714_917,1,1842.0,62.36484146118164,61.25130081176758,99.92295839753467,99.61479198767334,54.12172573189522,92.97958397534669,EXTREME
715_692,1,1405.0,25.600154876708984,12.901334762573242,40.56240369799692,47.45762711864407,33.782742681047765,44.241140215716484,MODERATE
715_926,1,1863.0,45.00022888183594,23.99125289916992,94.76117103235747,93.52850539291218,54.699537750385204,88.70570107858244,EXTREME
716_753,0,3293.0,23.19710159301757,11.333333015441896,33.705701078582436,38.52080123266564,69.49152542372882,43.592064714946076,MODERATE
717_222,0,747.0,20.45828437805176,9.882019996643066,28.004622496147917,30.508474576271187,14.021571648690292,30.132896764252695,MODERATE
717_641,1,1883.0,32.66988754272461,14.86316204071045,66.10169491525424,61.016949152542374,55.08474576271186,64.87288135593221,HIGH
718_841,1,1747.0,38.83201217651367,18.74454689025879,85.47765793528505,81.85670261941448,50.50077041602465,80.0520030816641,EXTREME
719_841,1,1770.0,33.69122695922852,15.312385559082031,70.10785824345146,64.40677966101694,51.84899845916795,67.43836671802774,HIGH
719_913,1,1739.0,11.644421577453612,5.04302453994751,15.408320493066254,14.175654853620955,50.231124807396,24.55315870570108,LOW
719_1244,0,4924.0,7.351002693176269,2.8674418926239014,9.745762711864407,8.320493066255779,86.74884437596302,25.45261941448382,MODERATE
720_667,1,1609.0,30.74491310119629,13.811785697937012,59.78428351309707,54.314329738058554,45.069337442218796,58.220338983050844,HIGH
720_691,1,1426.0,44.00043487548828,23.08813095092773,93.68258859784284,92.14175654853621,34.82280431432974,84.78428351309708,EXTREME
721_483,1,1231.0,40.84608459472656,20.91664695739746,89.02157164869028,88.05855161787365,25.885978428351308,79.85939907550076,EXTREME
721_602,1,1795.0,14.467668533325195,6.124228477478027,18.143297380585516,17.180277349768875,52.4653312788906,27.14368258859784,MODERATE
721_691,1,1416.0,30.82638359069824,14.452988624572754,60.015408320493066,58.16640986132512,34.399075500770415,57.709938366718035,HIGH
721_1282,0,4912.0,10.383092880249023,4.613453388214111,13.713405238828969,13.482280431432974,86.51771956856703,28.890600924499232,MODERATE
722_666,1,1588.0,26.73207664489746,11.832159996032717,44.761171032357474,41.98767334360555,43.79815100154083,46.68528505392912,MODERATE
722_691,1,1372.0,32.77854537963867,13.497140884399414,66.44838212634822,51.463790446841294,31.895223420647152,59.19684129429892,HIGH
723_1336,0,5449.0,50.3359375,26.70829963684082,98.07395993836671,95.68567026194145,95.3004622496148,97.15716486902927,EXTREME
724_645,1,1820.0,38.92469787597656,18.97236442565918,85.67026194144837,82.66563944530047,53.54391371340523,80.81664098613251,EXTREME
724_665,1,1619.0,38.83201217651367,18.710926055908203,85.47765793528505,81.58705701078583,45.300462249614796,79.20454545454545,EXTREME
725_685,1,1391.0,22.81989288330078,10.477489471435549,32.66563944530046,33.43605546995377,33.20493066255778,36.30585516178736,MODERATE
725_830,1,1313.0,36.65605926513672,17.25623893737793,80.08474576271186,75.57781201849,29.66101694915254,72.3902157164869,HIGH
726_607,1,2005.0,26.283327102661133,11.512741088867188,43.10477657935285,39.71494607087828,57.6271186440678,47.28043143297381,MODERATE
726_685,1,1413.0,19.66386032104492,8.261168479919434,26.30970724191063,23.343605546995377,34.12942989214176,30.425654853620955,MODERATE
727_445,1,573.0,36.15787124633789,17.932659149169922,78.19722650231125,78.85208012326656,9.553158705701078,69.15446841294299,HIGH
727_501,1,1478.0,30.035755157470703,14.016745567321776,57.704160246533135,56.009244992295834,37.057010785824346,56.29815100154084,HIGH
728_350,0,1779.0,35.55266189575195,16.642946243286133,76.61787365177196,72.34206471494608,52.08012326656395,73.0373651771957,HIGH
728_606,1,1989.0,28.979808807373047,13.666214942932127,53.77503852080123,53.12018489984591,57.24191063174114,56.44260400616333,HIGH
729_645,1,1854.0,39.46358489990234,20.35123634338379,86.4406779661017,86.82588597842835,54.39137134052389,82.4075500770416,EXTREME
730_648,1,1827.0,47.115047454833984,25.33382034301757,96.57164869029276,94.45300462249615,53.85208012326657,89.80546995377505,EXTREME
731_651,1,1736.0,33.20610046386719,16.475194931030273,68.29738058551618,71.10939907550076,50.038520801232664,67.846687211094,HIGH
732_654,1,1747.0,12.974687576293944,7.19739294052124,16.563944530046225,19.337442218798152,50.50077041602465,26.519645608628657,MODERATE
732_689,0,1556.0,40.51609802246094,21.024383544921875,88.52080123266563,88.6748844375963,41.217257318952235,82.03775038520801,EXTREME
732_833,1,1354.0,27.295150756835938,13.2581205368042,47.419106317411405,49.84591679506934,31.35593220338983,48.24537750385208,MODERATE
733_1560,0,4984.0,8.290763854980469,3.359159231185913,11.171032357473036,9.63020030816641,88.52080123266563,26.82973805855162,MODERATE
734_444,1,596.0,31.415102005004883,14.835725784301758,61.90292758089369,60.63174114021571,10.092449922958398,55.71841294298921,HIGH
734_749,0,2721.0,47.56034469604492,30.863094329833984,96.91833590138675,97.30354391371341,66.06317411402158,92.54044684129431,EXTREME
736_445,1,575.0,31.47381401062012,14.21267032623291,62.249614791987675,56.779661016949156,9.668721109399076,54.882511556240374,HIGH
736_487,1,1498.0,35.77946853637695,17.96292495727539,77.2342064714946,79.04468412942988,37.673343605547,72.89098613251156,HIGH
736_1158,0,5435.0,34.46640396118164,16.223743438720703,73.45916795069337,69.9537750385208,95.22342064714945,77.17449922958397,EXTREME
738_651,1,1706.0,33.17089080810547,14.988884925842283,67.8351309707242,61.71032357473035,48.99845916795069,65.08667180277351,HIGH
738_654,1,1655.0,24.15616798400879,10.32556438446045,36.40215716486903,32.588597842835135,47.419106317411405,40.281201848998464,MODERATE
738_836,1,1330.0,40.604793548583984,20.19350814819336,88.71340523882897,85.90138674884437,30.662557781201848,79.86710323574731,EXTREME
739_651,1,1681.0,16.091279983520508,8.53460693359375,19.568567026194145,24.65331278890601,48.15100154083205,29.14869029275809,MODERATE
739_652,1,1657.0,39.90364837646485,20.602048873901367,87.75038520801233,87.36517719568567,47.5346687211094,82.23420647149462,EXTREME
739_864,0,2025.0,33.869510650634766,14.885571479797363,70.99383667180277,61.093990755007695,58.47457627118644,68.09129429892141,HIGH
740_137,0,203.0,2.169212579727173,1.0304020643234253,2.7349768875192604,2.7349768875192604,1.694915254237288,7.442218798151002,LOW
740_449,1,582.0,31.54204750061035,14.692737579345703,62.480739599383675,59.70724191063174,9.861325115562405,55.77041602465332,HIGH
740_937,0,3687.0,35.065757751464844,38.56538391113281,75.07704160246533,98.84437596302003,71.72573189522342,81.76232665639445,EXTREME
741_64,0,151.0,1.9403883218765257,0.6666666865348816,2.0030816640986133,0.5778120184899845,0.6933744221879815,6.350154083204931,LOW
741_276,0,1362.0,20.971752166748047,9.370296478271484,28.890600924499232,27.966101694915253,31.587057010785824,32.61941448382127,MODERATE
741_837,1,1326.0,30.82638359069824,15.07020664215088,60.015408320493066,62.01848998459168,30.39291217257319,58.072033898305094,HIGH
742_554,1,1475.0,25.87686920166016,12.081002235412598,41.64098613251156,43.52850539291217,36.71032357473035,44.291217257318955,MODERATE
742_839,1,1369.0,36.17985534667969,18.080751419067383,78.27426810477658,79.42989214175655,31.741140215716484,72.66949152542372,HIGH
743_450,1,614.0,42.29783248901367,21.60761260986328,91.44838212634822,89.75346687211095,10.631741140215716,79.32973805855161,EXTREME
744_844,1,1766.0,51.4545783996582,29.635231018066406,98.61325115562404,96.76425269645608,51.61787365177196,91.17103235747304,EXTREME
745_561,0,1802.0,33.75087356567383,15.477581977844238,70.37750385208012,65.48536209553158,52.73497688751926,67.98921417565485,HIGH
745_976,0,3316.0,51.35243988037109,30.04441261291504,98.49768875192603,96.99537750385207,69.7226502311248,93.88097072419106,EXTREME
746_490,1,1474.0,42.860469818115234,21.01322364807129,92.68104776579354,88.59784283513096,36.59476117103236,83.61325115562404,EXTREME
747_866,1,1627.0,38.34103775024414,20.559459686279297,84.0909090909091,87.211093990755,46.14791987673343,79.97496147919878,EXTREME
747_903,1,1650.0,27.717409133911133,13.508113861083984,48.80585516178736,51.54083204930663,47.303543913713405,51.82395993836672,HIGH
748_455,1,640.0,37.45338439941406,19.97220230102539,81.81818181818183,85.28505392912173,11.248073959938367,73.0084745762712,HIGH
748_594,1,1388.0,18.8243465423584,8.305880546569824,24.65331278890601,23.57473035439137,32.93528505392912,29.393297380585516,MODERATE
749_593,1,1404.0,24.59270095825196,10.952197074890137,37.673343605547,36.517719568567024,33.667180277349765,39.89984591679507,MODERATE
749_859,1,1477.0,16.981739044189453,7.529366493225098,20.993836671802775,20.647149460708782,36.941448382126346,27.249614791987675,MODERATE
749_883,1,1698.0,35.19081115722656,15.64182472229004,75.53929121725731,66.2557781201849,48.7673343605547,70.42565485362096,HIGH
750_433,0,1242.0,22.29673385620117,9.933110237121582,31.741140215716484,30.81664098613251,26.57935285053929,34.14869029275809,MODERATE
750_841,1,1382.0,44.22335433959961,23.39093589782715,93.8366718027735,92.91217257318952,32.43451463790446,84.70338983050848,EXTREME
750_843,1,1503.0,53.02430725097656,30.06946563720703,98.9984591679507,97.07241910631741,37.98151001540832,89.41448382126349,EXTREME
750_850,1,1379.0,34.28632354736328,15.25665283203125,72.38058551617874,63.790446841294305,32.12634822804314,65.57588597842836,HIGH
750_866,1,1432.0,21.57671546936035,6.533566951751709,30.315870570107855,17.950693374422187,35.130970724191066,31.43104776579353,MODERATE
750_906,1,1691.0,38.94316482543945,19.148542404174805,85.74730354391372,83.43605546995377,48.45916795069338,80.288906009245,EXTREME
751_60,0,147.0,0.9704723954200744,0.6285393834114075,0.6933744221879815,0.3852080123266564,0.539291217257319,5.558551617873652,LOW
751_145,0,216.0,0.0,0.3142696917057037,0.15408320493066258,0.07704160246533129,1.9645608628659477,5.398690292758089,LOW
752_443,1,1127.0,36.13585662841797,17.990394592285156,78.12018489984591,79.19876733436055,22.342064714946073,71.11710323574731,HIGH
752_908,1,1749.0,34.652565002441406,16.2305908203125,73.92141756548536,70.10785824345146,50.847457627118644,70.81086286594761,HIGH
753_473,1,997.0,19.6025333404541,8.761588096618652,26.15562403697997,25.616332819722647,18.99075500770416,28.63828967642527,MODERATE
754_633,1,2329.0,32.77854537963867,16.50663948059082,66.44838212634822,71.26348228043143,61.86440677966102,68.64214175654853,HIGH
758_453,1,764.0,44.58321380615234,22.99167823791504,94.37596302003082,91.91063174114021,14.252696456086285,82.02234206471495,EXTREME
758_473,1,1199.0,38.24483108520508,18.43573951721192,83.66718027734977,80.73959938366718,24.422187981510017,74.86517719568569,HIGH
760_455,1,706.0,24.09501266479492,11.713661193847656,36.05546995377504,40.83204930662558,13.020030816640988,36.99152542372882,MODERATE
760_507,1,1416.0,22.55205535888672,10.913804054260254,32.16486902927581,35.9784283513097,34.399075500770415,36.845146379044685,MODERATE
760_513,1,1638.0,20.84029006958008,8.881941795349121,28.466872110939907,26.27118644067797,46.687211093990754,34.22765793528505,MODERATE
760_1007,0,4449.0,19.906658172607425,8.869422912597656,27.11864406779661,26.194144838212637,79.35285053929123,38.366718027734976,MODERATE
761_541,0,1930.0,32.99371337890625,15.383974075317385,67.2573189522342,64.86902927580893,55.81664098613251,66.58127889060093,HIGH
762_449,1,1042.0,39.717411041259766,20.192285537719727,87.09553158705701,85.82434514637904,19.876733436055467,77.34013867488444,EXTREME
765_413,0,963.0,5.473633289337158,2.6988794803619385,7.627118644067797,7.935285053929121,18.181818181818183,13.906009244992298,LOW
765_1047,0,4414.0,25.218955993652344,10.984837532043455,39.52234206471494,36.67180277349769,78.50539291217258,47.68104776579353,MODERATE
766_129,0,212.0,3.495080947875977,1.49071204662323,4.6995377503852085,4.50693374422188,1.848998459167951,8.988828967642528,LOW
767_452,1,1016.0,31.65836524963379,14.197026252746582,62.90446841294299,56.664098613251156,19.26040061633282,56.652542372881356,HIGH
768_452,1,1020.0,30.205371856689453,14.482003211975098,58.204930662557786,58.32049306625577,19.337442218798152,54.49345146379045,HIGH
770_182,0,296.0,2.743075370788574,1.4229165315628052,3.4668721109399074,4.391371340523883,3.0816640986132513,8.466872110939907,LOW
771_992,0,3647.0,23.01782417297364,10.228259086608888,33.281972265023114,31.972265023112477,71.49460708782742,42.02234206471494,MODERATE
772_208,0,606.0,18.024797439575195,7.861454486846924,22.88135593220339,21.725731895223422,10.323574730354391,24.564714946070882,LOW
774_458,1,768.0,27.717409133911133,12.87547206878662,48.80585516178736,47.14946070878274,14.48382126348228,45.80315870570108,MODERATE
776_641,1,2580.0,25.046615600585938,11.73787784576416,38.82896764252696,40.98613251155624,64.32973805855163,46.25192604006163,MODERATE
777_459,1,706.0,29.19422149658203,14.643921852111816,54.58397534668721,59.47611710323575,13.020030816640988,51.84322033898305,HIGH
778_639,1,2602.0,43.21321487426758,21.70566177368164,93.14329738058552,90.06163328197226,64.48382126348228,88.41679506933745,EXTREME
778_640,1,2637.0,28.37835693359375,13.466923713684082,51.348228043143294,51.30970724191063,64.94607087827427,55.81086286594761,HIGH
780_730,0,2207.0,39.33209991455078,16.457738876342773,86.2095531587057,70.87827426810478,60.708782742681045,79.24114021571648,EXTREME
780_925,1,2061.0,39.49925231933594,20.93106269836425,86.51771956856703,88.21263482280432,59.16795069337443,83.51309707241911,EXTREME
780_1405,0,5116.0,7.030324935913086,3.4029760360717773,9.476117103235747,9.784283513097073,91.29429892141756,26.352080123266564,MODERATE
781_458,1,753.0,31.61968231201172,14.974051475524902,62.750385208012325,61.556240369799696,14.098613251155623,57.01656394453005,HIGH
782_640,1,2716.0,39.74665832519531,18.09303855895996,87.24961479198767,79.58397534668721,65.87057010785824,82.76386748844376,EXTREME
784_1110,0,4288.0,50.28306579589844,29.05870246887207,97.99691833590138,96.53312788906008,76.65639445300462,94.53004622496148,EXTREME
784_1298,0,5503.0,24.15616798400879,6.999117851257324,36.40215716486903,18.64406779661017,95.53158705701078,44.01194144838213,MODERATE
785_639,1,2734.0,39.26593780517578,22.49334526062012,86.0939907550077,91.29429892141756,66.2557781201849,85.11363636363636,EXTREME
787_642,1,2998.0,38.01152801513672,18.34511375427246,83.28197226502311,80.58551617873651,67.41140215716487,81.06317411402158,EXTREME
787_927,1,2105.0,32.16252136230469,17.13994598388672,64.06009244992296,74.57627118644068,59.8613251155624,67.85631741140216,HIGH
788_1433,0,5329.0,9.614384651184082,3.9721250534057617,12.673343605546997,11.248073959938367,94.14483821263482,28.904083204930664,MODERATE
789_652,1,3110.0,37.28341293334961,18.11077117919922,81.43297380585516,79.73805855161787,68.33590138674884,79.97303543913713,EXTREME
790_456,1,744.0,4.936678409576416,2.298684597015381,6.5870570107858235,6.933744221879815,13.7904468412943,12.424884437596303,LOW
790_638,1,2790.0,37.28341674804688,17.900962829589844,81.54853620955316,78.50539291217258,66.56394453004623,79.46263482280432,EXTREME
790_652,1,3103.0,35.291709899902344,18.05547142028809,76.0015408320493,79.35285053929123,68.25885978428352,76.87788906009246,EXTREME
790_926,1,2051.0,30.70403480529785,14.33720874786377,59.70724191063174,57.31895223420646,59.09090909090909,61.03235747303543,HIGH
792_684,0,3392.0,33.415771484375,15.828556060791016,68.79815100154083,67.10323574730354,70.3004622496148,70.15986132511556,HIGH
792_1040,0,4828.0,34.45011520385742,44.73845672607422,73.30508474576271,99.15254237288136,85.13097072419107,82.8755778120185,EXTREME
794_509,1,1475.0,29.059127807617188,12.913768768310549,54.27580893682589,47.61171032357473,36.71032357473035,52.261171032357474,HIGH
795_648,1,3014.0,40.40450286865234,20.912517547607425,88.28967642526965,87.98151001540832,67.56548536209553,85.68952234206472,EXTREME
797_514,1,1397.0,24.27778053283692,10.716320037841797,36.86440677966102,34.591679506933744,33.35901386748844,38.92719568567026,MODERATE
798_514,1,1383.0,22.96857070922852,10.43498420715332,33.01232665639445,33.05084745762712,32.66563944530046,36.319337442218796,MODERATE
798_649,1,3088.0,43.34278106689453,19.881750106811523,93.22033898305084,85.05392912172573,68.10477657935286,87.75038520801233,EXTREME
798_1474,0,5098.0,1.9403883218765257,1.054092526435852,2.0030816640986133,2.9661016949152543,90.98613251155624,20.491140215716484,LOW
799_786,0,3800.0,29.383731842041016,13.682465553283691,55.3929121725732,53.54391371340523,72.88135593220339,59.78428351309708,HIGH
800_474,1,1098.0,44.39583587646485,22.705848693847656,94.10631741140215,91.37134052388289,20.993836671802775,82.75038520801233,EXTREME
801_438,0,1562.0,32.99371337890625,15.705625534057615,67.2573189522342,66.56394453004623,41.64098613251156,64.87865947611711,HIGH
801_654,1,3168.0,39.83407211303711,20.19412040710449,87.557781201849,85.97842835130972,68.9522342064715,84.99422187981511,EXTREME
802_101,0,199.0,7.776834964752197,3.2998316287994385,10.362095531587057,9.206471494607088,1.5408320493066257,13.231895223420647,LOW
805_515,1,1201.0,24.81393051147461,10.075027465820312,38.25115562403698,31.432973805855163,24.537750385208014,37.577041602465336,MODERATE
806_513,1,1166.0,24.81393051147461,11.224971771240234,38.25115562403698,38.058551617873654,23.26656394453005,39.04275808936826,MODERATE
806_645,1,3145.0,30.289533615112305,15.448840141296388,58.62865947611711,65.40832049306626,68.64406779661016,63.8944530046225,HIGH
806_935,1,2233.0,30.978057861328125,14.375905990600586,60.40061633281972,57.550077041602464,60.97842835130971,61.754622496147924,HIGH
806_937,1,2279.0,16.038558959960938,8.0,19.26040061633282,22.07241910631741,61.209553158705695,30.29275808936826,MODERATE
807_217,0,584.0,23.97199821472168,11.897712707519531,35.824345146379045,42.25731895223421,9.976887519260401,36.76425269645609,MODERATE
807_722,0,2717.0,46.53741455078125,22.84461784362793,95.99383667180277,91.60246533127889,65.94761171032357,90.58936825885979,EXTREME
808_640,1,3127.0,41.79521560668945,20.90424919128418,90.36979969183359,87.90446841294299,68.56702619414484,86.96456086286595,EXTREME
808_641,1,3147.0,43.08719253540039,23.36188697814941,92.98921417565485,92.75808936825885,68.75963020030817,89.64753466872111,EXTREME
809_637,1,3147.0,33.485069274902344,16.642946243286133,69.22187981510015,72.34206471494608,68.75963020030817,71.47149460708783,HIGH
811_512,1,1044.0,46.58525085449219,24.51051521301269,96.14791987673344,93.75963020030817,19.953775038520803,84.31432973805856,EXTREME
811_613,0,3169.0,10.597708702087402,5.258737564086914,13.944530046224962,14.791987673343607,69.02927580893683,26.721879815100156,MODERATE
812_517,1,1176.0,25.87686920166016,13.3370361328125,41.64098613251156,50.42372881355932,23.42064714946071,44.0215716486903,MODERATE
813_639,1,3212.0,19.250118255615234,8.692270278930664,25.616332819722647,25.19260400616333,69.18335901386749,35.764637904468415,MODERATE
813_1458,0,5126.0,3.0662660598754883,1.165343165397644,4.160246533127889,3.1972265023112483,91.52542372881356,21.816255778120187,LOW
813_1533,0,4925.0,2.169212579727173,1.054092526435852,2.7349768875192604,2.9661016949152543,86.82588597842835,20.269645608628657,LOW
814_518,1,1271.0,41.7542724609375,21.25738906860352,90.29275808936826,89.21417565485362,28.120184899845917,81.18258859784284,EXTREME
814_1297,0,5400.0,35.43805313110352,17.086563110351562,76.2326656394453,74.38366718027734,94.68412942989214,79.72650231124808,EXTREME
814_1408,0,5236.0,21.57671546936035,9.294894218444824,30.315870570107855,27.65793528505393,93.0662557781202,42.54815100154083,MODERATE
815_14,0,116.0,4.84127140045166,1.812167286872864,6.1248073959938365,5.3929121725731894,0.07704160246533129,9.728428351309706,LOW
815_507,1,1203.0,10.931544303894045,6.036923408508301,14.445300462249616,16.87211093990755,24.768875192604007,20.878274268104775,LOW
816_878,0,3753.0,33.38970947265625,15.661543846130373,68.64406779661016,66.40986132511556,72.26502311248075,70.19645608628659,HIGH
817_215,0,736.0,14.85004425048828,6.789607048034668,18.6055469953775,18.335901386748844,13.482280431432974,21.839368258859782,LOW
818_643,1,3275.0,28.390134811401367,13.283239364624023,51.502311248073966,50.0,69.41448382126349,56.2384437596302,HIGH
820_643,1,3250.0,29.74552345275879,13.370318412780762,56.08628659476117,50.53929121725732,69.26040061633282,58.8713405238829,HIGH
820_1220,0,5204.0,16.14379119873047,7.192245960235596,19.645608628659474,19.26040061633282,92.6040061633282,34.51078582434515,MODERATE
821_178,0,364.0,6.115067958831787,2.948110580444336,8.590138674884438,8.436055469953775,4.391371340523883,12.492295839753467,LOW
822_524,1,1680.0,13.633127212524414,14.191116333007812,17.41140215716487,56.548536209553156,48.07395993836672,35.92449922958397,MODERATE
824_651,1,3550.0,33.82723617553711,15.916448593139648,70.64714946070877,67.64252696456087,71.03235747303543,71.42141756548537,HIGH
825_466,0,1206.0,26.16244888305664,11.939146041870115,42.29583975346687,42.604006163328194,24.961479198767332,42.65793528505393,MODERATE
825_646,1,3318.0,14.497506141662598,7.104163646697998,18.258859784283512,19.029275808936827,69.79969183359015,30.269645608628657,MODERATE
826_645,1,3363.0,30.32098388671875,13.022298812866213,58.82126348228043,48.15100154083205,70.10785824345146,59.905624036979965,HIGH
826_1489,0,5024.0,5.882956504821777,2.393406629562378,8.281972265023112,7.434514637904469,89.90755007704159,24.899845916795066,LOW
827_524,1,1970.0,25.89058303833008,27.927764892578125,41.94915254237288,96.22496147919877,56.93374422187981,60.66833590138675,HIGH
827_978,1,2573.0,31.46404266357422,14.634645462036133,62.134052388289675,59.24499229583975,64.25269645608628,63.6228813559322,HIGH
828_97,0,176.0,4.110692024230957,1.6178022623062134,5.585516178736518,4.776579352850539,1.2711864406779663,9.456856702619415,LOW
830_286,0,1842.0,30.937742233276367,15.507067680358888,60.28505392912172,65.63944530046226,54.12172573189522,62.684899845916796,HIGH
830_643,1,3398.0,9.519532203674316,4.331908702850342,12.442218798151002,12.519260400616334,70.41602465331279,25.535439137134055,MODERATE
831_375,0,2684.0,32.41354751586914,15.15190601348877,65.17719568567027,62.634822804314325,65.71648690292758,66.36363636363637,HIGH
832_990,1,2619.0,45.09853363037109,21.978666305541992,94.91525423728814,90.56240369799691,64.71494607087827,89.55123266563945,EXTREME
837_643,1,3496.0,37.208045959472656,18.720821380615234,81.24036979969183,81.66409861325116,70.64714946070877,80.69530046224962,EXTREME
840_198,0,381.0,5.882956504821777,2.249828577041626,8.281972265023112,6.8181818181818175,5.007704160246533,12.010785824345145,LOW
842_1240,0,5015.0,21.504642486572266,9.776515007019045,30.0462249614792,30.12326656394453,89.48382126348228,42.478813559322035,MODERATE
846_1668,0,4794.0,4.936678409576416,1.7916128635406494,6.5870570107858235,5.277349768875193,84.36055469953774,22.59630200308166,LOW
848_85,0,155.0,1.372323989868164,0.6849348545074463,1.4252696456086287,0.8089368258859784,0.847457627118644,6.113251155624037,LOW
851_953,0,3797.0,24.09501266479492,10.614455223083496,36.05546995377504,33.93682588597843,72.80431432973806,44.235362095531585,MODERATE
854_110,0,176.0,3.0662660598754883,1.196703314781189,4.160246533127889,3.505392912172573,1.2711864406779663,8.355161787365176,LOW
854_858,0,4785.0,34.59613037109375,29.74890518188477,73.72881355932203,96.84129429892143,84.16795069337442,82.38636363636364,EXTREME
856_147,0,232.0,3.0662660598754883,1.0304020643234253,4.160246533127889,2.7349768875192604,2.311248073959938,8.318567026194145,LOW
856_1234,0,5073.0,5.803462505340576,2.748737096786499,8.12788906009245,8.12788906009245,90.60092449922959,25.092449922958398,MODERATE
856_1274,0,5189.0,13.374212265014648,5.7176361083984375,16.987673343605547,15.947611710323576,92.29583975346686,32.17449922958397,MODERATE
857_241,0,765.0,17.863981246948242,7.6851630210876465,22.573189522342066,21.263482280431433,14.368258859784284,24.886363636363637,LOW
858_291,0,1477.0,28.28385162353516,12.959576606750488,51.00154083204931,47.84283513097073,36.941448382126346,50.55277349768875,HIGH
860_566,0,3074.0,43.51225662231445,21.93931007385254,93.37442218798151,90.44684129429892,67.87365177195686,89.14869029275809,EXTREME
860_711,0,4205.0,40.46598052978516,22.793760299682617,88.4437596302003,91.52542372881356,75.92449922958397,87.91409861325116,EXTREME
860_1568,0,4777.0,3.0662660598754883,1.7708196640014648,4.160246533127889,5.1617873651771955,83.82126348228043,21.151771956856702,LOW
864_648,1,3792.0,28.75106811523437,13.104517936706545,52.69645608628659,48.69029275808937,72.72727272727273,57.06471494607088,HIGH
867_649,1,3814.0,23.406394958496094,11.015141487121582,34.47611710323575,36.82588597842835,73.03543913713405,44.12365177195686,MODERATE
869_1488,0,4993.0,0.9704723954200744,0.6849349141120911,0.6933744221879815,0.9630200308166409,88.6748844375963,18.923343605546997,LOW
870_1206,0,5193.0,25.71140480041504,12.211105346679688,40.98613251155624,44.14483821263482,92.44992295839754,52.44607087827427,HIGH
870_1438,0,5232.0,7.717507839202881,3.197221040725708,10.015408320493066,8.936825885978427,92.98921417565485,26.69106317411402,MODERATE
871_353,0,2389.0,39.83407211303711,20.186782836914062,87.557781201849,85.67026194144837,62.634822804314325,83.96956856702619,EXTREME
872_911,0,4474.0,18.910505294799805,8.603759765625,24.80739599383667,24.961479198767332,79.50693374422187,36.81047765793528,MODERATE
874_637,1,3891.0,29.91812515258789,14.061593055725098,56.85670261941448,56.08628659476117,73.95993836671802,61.38674884437596,HIGH
875_51,0,132.0,1.372323989868164,0.8314793705940247,1.4252696456086287,1.4637904468412943,0.23112480739599386,6.184514637904469,LOW
875_463,0,2310.0,28.87726211547852,13.952300071716309,53.04314329738059,55.70107858243452,61.47919876733437,57.32087827426811,HIGH
875_1630,0,4695.0,2.169212579727173,1.0304020643234253,2.7349768875192604,2.7349768875192604,81.97226502311248,19.48382126348228,LOW
877_266,0,1217.0,34.46640396118164,16.61176109313965,73.45916795069337,72.03389830508475,25.346687211093993,67.21302003081664,HIGH
877_1645,0,4769.0,5.212227821350098,2.0,7.203389830508475,5.8936825885978426,83.5130970724191,22.962249614791986,LOW
878_1496,0,4975.0,0.0,0.8314794301986694,0.15408320493066258,1.6563944530046226,88.17411402157165,18.724961479198768,LOW
880_646,1,3907.0,26.376728057861328,11.916375160217283,43.56702619414484,42.3728813559322,74.19106317411402,50.68374422187981,HIGH
882_411,0,1860.0,28.612285614013672,13.936363220214844,52.38828967642527,55.50847457627118,54.54545454545454,55.87249614791988,HIGH
885_511,1,3083.0,53.55217742919922,26.898069381713867,99.07550077041603,95.83975346687211,68.02773497688752,93.65562403697996,EXTREME
885_634,1,3855.0,27.21949577331543,13.880441665649414,46.99537750385208,54.96918335901386,73.6517719568567,55.637519260400616,HIGH
886_522,1,3392.0,40.80249786376953,21.41016387939453,88.9060092449923,89.52234206471495,70.3004622496148,86.82395993836673,EXTREME
887_524,1,3503.0,22.96857070922852,10.187137603759766,33.01232665639445,31.741140215716484,70.72419106317412,41.70069337442219,MODERATE
887_1019,0,5017.0,27.717409133911133,17.726720809936523,48.80585516178736,77.96610169491525,89.59938366718028,64.7746533127889,HIGH
888_520,1,3358.0,42.2036247253418,21.207963943481445,91.06317411402158,89.13713405238829,70.03081664098613,87.87365177195686,EXTREME
888_1672,0,4804.0,16.064945220947266,20.328094482421875,19.41448382126348,86.74884437596302,84.59167950693374,50.05392912172573,HIGH
889_524,1,3585.0,38.90003204345703,19.236026763916016,85.59322033898306,83.7442218798151,71.1864406779661,83.69029275808938,EXTREME
890_1332,0,5303.0,9.801128387451172,3.7712361812591553,12.98151001540832,10.785824345146379,93.8366718027735,28.911787365177197,MODERATE
892_524,1,3609.0,40.84608459472656,19.944366455078125,89.02157164869028,85.20801232665639,71.26348228043143,85.95338983050848,EXTREME
892_639,1,3885.0,35.19081115722656,17.403703689575195,75.53929121725731,76.5793528505393,73.88289676425269,76.77388289676426,EXTREME
894_251,0,899.0,19.41701316833496,8.781293869018555,25.847457627118644,25.80893682588598,16.79506933744222,28.18759630200308,MODERATE
897_647,1,3912.0,38.0701789855957,19.54545211791992,83.43605546995377,84.20647149460709,74.26810477657936,83.08166409861326,EXTREME
898_1638,0,4731.0,1.372323989868164,0.6666666865348816,1.4252696456086287,0.5778120184899845,82.66563944530047,18.32819722650231,LOW
899_269,0,1031.0,16.981739044189453,8.366600036621094,20.993836671802775,23.805855161787363,19.568567026194145,25.433359013867488,MODERATE
899_1425,0,5161.0,10.931544303894045,4.969039916992188,14.445300462249616,13.944530046224962,92.06471494607088,30.24075500770416,MODERATE
903_541,1,3695.0,27.30772590637207,12.355835914611816,47.57318952234206,44.8382126348228,71.87981510015409,53.15677966101695,HIGH
906_656,1,3925.0,12.419127464294434,6.091888427734375,15.947611710323576,17.026194144838215,74.42218798151,29.19106317411402,MODERATE
909_653,1,3963.0,29.82125663757324,15.93582820892334,56.278890600924505,67.87365177195686,74.653312788906,64.1197996918336,HIGH
909_849,0,4304.0,38.37935256958008,18.724777221679688,84.24499229583975,81.74114021571648,76.88751926040062,83.3031587057011,EXTREME
910_140,0,240.0,4.936678409576416,2.249828577041626,6.5870570107858235,6.8181818181818175,2.465331278890601,10.697226502311247,LOW
911_877,0,4484.0,18.8243465423584,8.44298267364502,24.65331278890601,24.114021571648692,79.81510015408321,36.56009244992296,MODERATE
912_1617,0,4883.0,6.482940673828125,2.7888667583465576,8.859784283513097,8.243451463790446,86.3251155624037,24.882511556240367,LOW
913_280,0,1472.0,22.81989288330078,11.0799560546875,32.66563944530046,37.13405238828968,36.517719568567024,37.72727272727273,MODERATE
914_551,1,3778.0,7.776834964752197,4.4721360206604,10.362095531587057,12.942989214175654,72.49614791987673,24.809322033898304,LOW
914_1536,0,4869.0,5.641021251678467,2.4494898319244385,7.896764252696456,7.627118644067797,86.05546995377505,24.158320493066256,LOW
915_1203,0,4681.0,33.45045852661133,15.874507904052734,68.99075500770417,67.41140215716487,81.81818181818183,72.07049306625578,HIGH
917_1139,0,4739.0,25.87686920166016,18.097612380981445,41.64098613251156,79.66101694915254,82.85824345146379,60.246533127889066,HIGH
918_987,0,4749.0,31.53231430053711,14.429906845092772,62.326656394453,58.089368258859785,83.05084745762711,66.25963020030818,HIGH
919_189,0,366.0,3.495080947875977,1.5947444438934326,4.6995377503852085,4.6995377503852085,4.468412942989214,9.42989214175655,LOW
919_555,1,3784.0,4.332224845886231,2.403700828552246,5.855161787365177,7.550077041602465,72.57318952234206,20.993836671802775,LOW
919_1247,0,5630.0,7.030324935913086,3.620926856994629,9.476117103235747,10.24653312788906,96.14791987673344,27.195685670261945,MODERATE
919_1636,0,4742.0,0.9704723954200744,0.6666666865348816,0.6933744221879815,0.5778120184899845,82.97380585516179,17.971879815100152,LOW
924_413,0,1864.0,16.858070373535156,7.733205795288086,20.68567026194145,21.571648690292758,54.77657935285054,29.986517719568567,MODERATE
925_376,0,1519.0,41.38069152832031,21.674928665161133,89.90755007704159,89.90755007704159,38.75192604006163,82.73882896764252,EXTREME
925_829,0,3914.0,44.56203842163086,22.98308563232422,94.29892141756548,91.83359013867488,74.34514637904468,90.97457627118645,EXTREME
927_907,0,4346.0,26.951923370361328,12.292725563049316,45.685670261941446,44.60708782742681,77.27272727272727,52.86979969183359,HIGH
927_1239,0,5553.0,10.029293060302734,4.268749237060547,13.289676425269645,12.172573189522343,95.76271186440678,29.71687211093991,MODERATE
931_659,0,4217.0,22.19342613220215,9.919427871704102,31.548536209553156,30.739599383667183,76.04006163328198,41.44260400616333,MODERATE
932_635,1,3850.0,33.415771484375,14.86067008972168,68.79815100154083,60.939907550077045,73.57473035439138,69.11016949152543,HIGH
932_842,0,3709.0,23.017822265625,10.58767032623291,33.12788906009245,33.667180277349765,72.03389830508475,42.442218798151,MODERATE
934_580,1,4120.0,26.93907165527344,11.480525016784668,45.45454545454545,39.44530046224962,75.50077041602465,51.186440677966104,HIGH
936_632,1,3819.0,39.74665832519531,19.2006950378418,87.24961479198767,83.59013867488444,73.22804314329738,84.86902927580893,EXTREME
937_490,0,1711.0,17.65447235107422,7.302967548370361,22.07241910631741,19.953775038520803,49.152542372881356,29.501155624036983,MODERATE
937_628,1,3806.0,13.63312816619873,7.460182666778564,17.4884437596302,20.33898305084746,72.95839753466872,30.647149460708782,MODERATE
938_1524,0,4959.0,8.87646484375,3.4569666385650635,11.941448382126348,9.861325115562405,87.94298921417565,27.224576271186443,MODERATE
938_1636,0,4770.0,3.0662660598754883,1.196703314781189,4.160246533127889,3.505392912172573,83.62865947611711,20.70878274268105,LOW
939_320,0,1949.0,18.474489212036133,7.8740081787109375,23.7673343605547,21.80277349768875,56.548536209553156,32.00500770416025,MODERATE
940_32,0,137.0,3.9952552318573,1.49071204662323,5.277349768875193,4.50693374422188,0.30816640986132515,9.075500770416024,LOW
940_1007,0,4977.0,19.16595268249512,8.495460510253906,25.308166409861325,24.422187981510017,88.28967642526965,38.26848998459168,MODERATE
942_891,0,4736.0,24.637191772460938,11.085525512695312,37.942989214175654,37.326656394453,82.7426810477658,47.611710323574734,MODERATE
944_107,0,216.0,7.952031135559082,3.189488887786865,10.708782742681047,8.859784283513097,1.9645608628659477,13.399460708782744,LOW
945_33,0,142.0,5.212227821350098,2.1602468490600586,7.203389830508475,6.317411402157165,0.46224961479198773,10.61055469953775,LOW
945_584,0,3994.0,11.174756050109863,5.077181816101074,14.714946070878273,14.252696456086285,74.884437596302,27.889060092449924,MODERATE
946_1451,0,5068.0,6.115067958831787,2.309401035308838,8.590138674884438,7.126348228043143,90.33127889060091,25.055855161787363,MODERATE
947_1256,0,6435.0,50.43552017211914,72.60828399658203,98.18952234206472,99.768875192604,99.30662557781201,98.84244992295841,EXTREME
948_1238,0,5874.0,17.65447235107422,7.509665012359619,22.07241910631741,20.570107858243453,97.68875192604007,36.93567026194145,MODERATE
949_926,0,4655.0,25.61410522460937,10.914935111999512,40.75500770416024,36.209553158705695,81.43297380585516,48.68258859784284,MODERATE
953_463,0,1903.0,34.68472671508789,19.065837860107425,74.07550077041603,82.89676425269646,55.31587057010786,74.76309707241911,HIGH
954_842,0,3974.0,39.5526008605957,19.44793701171875,86.67180277349769,83.82126348228043,74.73035439137135,84.83436055469954,EXTREME
955_518,0,2494.0,31.93613243103028,14.286314010620115,63.71340523882897,57.08782742681048,63.71340523882897,63.87134052388291,HIGH
957_127,0,229.0,0.9704723954200744,0.6849348545074463,0.6933744221879815,0.8089368258859784,2.11864406779661,5.901386748844376,LOW
957_226,0,367.0,11.214726448059082,4.216370105743408,14.946070878274268,12.09553158705701,4.545454545454546,16.92604006163328,LOW
958_779,0,4389.0,32.99371337890625,15.875286102294922,67.2573189522342,67.4884437596302,78.0431432973806,70.57010785824346,HIGH
964_258,0,650.0,31.7258415222168,14.1430082321167,63.13559322033898,56.47149460708783,11.47919876733436,55.564329738058554,HIGH
964_1058,0,5039.0,54.90889739990234,31.292329788208008,99.46070878274269,97.38058551617874,90.13867488443759,97.5693374422188,EXTREME
965_975,0,4446.0,36.311134338378906,18.708948135375977,78.54391371340523,81.51001540832048,79.23728813559322,80.46224961479197,EXTREME
966_677,0,4163.0,42.4942512512207,20.49932289123535,91.83359013867488,87.05701078582435,75.57781201849,88.60939907550078,EXTREME
969_529,0,3033.0,46.70231628417969,30.17423439025879,96.22496147919877,97.22650231124807,67.79661016949152,92.39984591679507,EXTREME
970_131,0,229.0,3.0662660598754883,1.7069212198257446,4.160246533127889,5.007704160246533,2.11864406779661,8.857858243451464,LOW
974_800,0,3314.0,8.290763854980469,3.7548325061798096,11.171032357473036,10.708782742681047,69.64560862865947,24.268104776579353,LOW
975_590,0,4286.0,20.84029006958008,9.577494621276855,28.466872110939907,29.121725731895225,76.5793528505393,39.42411402157165,MODERATE
980_1051,0,4322.0,13.728771209716797,6.196375370025635,17.604006163328197,17.41140215716487,76.96456086286595,30.57973805855162,MODERATE
982_1047,0,4274.0,16.708166122436523,7.1922454833984375,20.41602465331279,19.183359013867488,76.38674884437596,32.4826656394453,MODERATE
987_224,0,357.0,2.169212579727173,0.7856742143630981,2.7349768875192604,1.1941448382126347,4.275808936825886,7.444144838212635,LOW
988_92,0,173.0,6.830390453338623,2.748737096786499,9.090909090909092,8.12788906009245,1.078582434514638,12.193759630200308,LOW
991_998,0,4092.0,19.06006050109864,8.130114555358887,25.19260400616333,22.727272727272727,75.26964560862865,35.82819722650231,MODERATE
992_1158,0,5181.0,31.850431442260746,14.689375877380373,63.32819722650231,59.630200308166415,92.21879815100154,68.57087827426811,HIGH
993_19,0,119.0,2.169212579727173,0.6666666865348816,2.7349768875192604,0.5778120184899845,0.15408320493066258,6.671802773497689,LOW
993_1052,0,4823.0,21.28637886047364,8.770038604736328,29.545454545454547,25.731895223420647,84.9768875192604,40.42950693374423,MODERATE
997_899,0,3894.0,37.208045959472656,17.77638816833496,81.24036979969183,78.0431432973806,74.11402157164869,80.31009244992298,EXTREME
999_1162,0,5075.0,4.936678409576416,3.6038386821746826,6.5870570107858235,10.092449922958398,90.67796610169492,24.74768875192604,LOW
1001_1328,0,5636.0,10.383092880249023,4.348974704742432,13.713405238828969,12.63482280431433,96.22496147919877,30.134822804314332,MODERATE
1003_1062,0,4898.0,7.717507839202881,3.3333332538604736,10.015408320493066,9.476117103235747,86.4406779661017,25.843605546995377,MODERATE
1007_87,0,158.0,2.9091930389404297,0.9428090453147888,3.7750385208012327,2.1956856702619416,0.9244992295839755,7.7638674884437595,LOW
1008_81,0,151.0,3.0662660598754883,1.1967031955718994,4.160246533127889,3.3127889060092452,0.6933744221879815,8.220338983050848,LOW
1009_1179,0,4852.0,24.15616798400879,10.66087818145752,36.40215716486903,34.28351309707242,85.59322033898306,46.43104776579354,MODERATE
1010_457,0,1930.0,30.41497802734375,15.080851554870604,58.93682588597843,62.249614791987675,55.81664098613251,61.350154083204934,HIGH
1011_1108,0,4647.0,25.600154876708984,11.612041473388672,40.56240369799692,40.292758089368256,81.35593220338984,49.58590138674885,MODERATE
1014_1107,0,4593.0,12.419127464294434,5.431958198547363,15.947611710323576,15.177195685670261,80.81664098613251,29.687981510015412,MODERATE
1016_443,0,2335.0,21.64845085144043,8.748897552490234,30.585516178736516,25.500770416024654,62.01848998459168,37.5,MODERATE
1016_619,0,4079.0,8.87646484375,4.3716254234313965,11.941448382126348,12.711864406779661,75.115562403698,26.013097072419107,MODERATE
1016_1253,0,5062.0,25.43183708190918,6.724747180938721,40.06163328197226,18.181818181818183,90.21571648690293,45.111710323574734,MODERATE
1016_1530,0,5419.0,30.035755157470703,13.597384452819824,57.704160246533135,52.54237288135594,94.9537750385208,64.11594761171034,HIGH
1020_1076,0,4959.0,6.964343070983887,3.2998316287994385,9.244992295839753,9.206471494607088,87.94298921417565,25.577812018489986,MODERATE
1025_201,0,350.0,2.743075370788574,1.196703314781189,3.4668721109399074,3.505392912172573,4.006163328197227,8.384052388289676,LOW
1026_880,0,4172.0,29.982391357421875,14.606781005859377,57.473035439137135,58.93682588597843,75.65485362095532,62.692604006163336,HIGH
1026_1098,0,4561.0,33.725337982177734,14.700298309326172,70.22342064714945,59.78428351309707,80.50847457627118,70.64522342064714,HIGH
1026_1319,0,5333.0,4.84127140045166,1.6629588603973389,6.1248073959938365,4.85362095531587,94.37596302003082,23.7384437596302,LOW
1029_1610,0,4947.0,13.374212265014648,6.146363258361816,16.987673343605547,17.257318952234208,87.59630200308166,31.796995377503855,MODERATE
1032_360,0,2213.0,19.926713943481445,9.266960144042969,27.349768875192602,27.5808936825886,60.78582434514638,36.05546995377504,MODERATE
1034_1025,0,4413.0,28.854393005371094,13.222689628601074,52.92758089368259,49.61479198767334,78.42835130970724,58.27812018489985,HIGH
1036_471,0,2711.0,25.16171264648437,14.391355514526367,39.0215716486903,57.704160246533135,65.79352850539291,50.75693374422188,HIGH
1039_973,0,3874.0,19.2291202545166,9.888264656066896,25.423728813559322,30.662557781201848,73.72881355932203,37.708012326656394,MODERATE
1041_497,0,3115.0,25.89058303833008,12.22020149230957,41.94915254237288,44.29892141756548,68.41294298921417,49.40870570107858,MODERATE
1043_279,0,955.0,8.720865249633789,3.83293080329895,11.671802773497689,11.016949152542372,17.98921417565485,16.87211093990755,LOW
1045_181,0,415.0,6.115067958831787,2.393406629562378,8.590138674884438,7.434514637904469,5.970724191063174,12.478813559322035,LOW
1045_618,0,4234.0,31.54204750061035,14.809906005859377,62.480739599383675,60.47765793528506,76.11710323574731,65.90138674884439,HIGH
1046_339,0,2019.0,17.346195220947266,7.675518035888672,21.80277349768875,21.1864406779661,58.35901386748844,31.041987673343606,MODERATE
1046_1566,0,4961.0,8.87646484375,3.774508237838745,11.941448382126348,10.862865947611711,88.05855161787365,27.492295839753467,MODERATE
1050_433,0,2009.0,45.2447395324707,31.663780212402344,94.99229583975347,97.5346687211094,57.704160246533135,90.28505392912173,EXTREME
1050_1505,0,4937.0,19.80597686767578,8.727705955505371,26.84899845916795,25.346687211093993,87.24961479198767,39.19106317411402,MODERATE
1050_1612,0,4759.0,5.212227821350098,2.309401035308838,7.203389830508475,7.126348228043143,83.28197226502311,23.235747303543913,LOW
1051_1104,0,4780.0,8.87646484375,3.3333332538604736,11.941448382126348,9.476117103235747,84.05238828967643,26.544684129429893,MODERATE
1052_1614,0,4767.0,16.981739044189453,7.375300884246826,20.993836671802775,20.107858243451464,83.43605546995377,34.08898305084746,MODERATE
1057_120,0,231.0,1.372323989868164,0.9558138847351074,1.4252696456086287,2.3882896764252695,2.234206471494607,6.716101694915254,LOW
1057_918,0,4717.0,19.80597686767578,8.653836250305176,26.84899845916795,25.115562403698,82.43451463790447,38.41101694915254,MODERATE
1058_278,0,565.0,16.7833251953125,6.778688430786133,20.531587057010785,18.258859784283512,9.399075500770417,22.266949152542374,LOW
1059_152,0,353.0,0.9704723954200744,0.566557765007019,0.6933744221879815,0.2696456086286595,4.160246533127889,6.072804314329738,LOW
1066_289,0,666.0,28.28385162353516,11.813363075256348,51.00154083204931,41.833590138674886,12.172573189522343,45.335130970724194,MODERATE
1068_486,0,3521.0,36.33291244506836,17.90992546081543,78.89060092449924,78.65947611710324,70.95531587057012,78.69799691833592,EXTREME
1068_1321,0,4921.0,0.0,0.4714045524597168,0.15408320493066258,0.15408320493066258,86.67180277349769,18.124036979969183,LOW
1074_637,0,2617.0,27.948745727539062,12.409673690795898,50.154083204930664,45.14637904468413,64.63790446841294,53.567026194144844,HIGH
1077_1335,0,5008.0,26.575096130371094,11.380077362060549,43.91371340523883,38.9060092449923,89.29121725731896,52.27272727272728,HIGH
1078_1103,0,4116.0,8.720865249633789,3.531166315078736,11.671802773497689,9.938366718027734,75.42372881355932,25.21764252696456,MODERATE
1082_1562,0,5124.0,16.858070373535156,7.10416316986084,20.68567026194145,18.952234206471495,91.40986132511556,34.826656394453,MODERATE
1082_1567,0,5015.0,7.030324935913086,3.399346351623535,9.476117103235747,9.70724191063174,89.48382126348228,26.061248073959938,MODERATE
1083_787,0,4301.0,18.474489212036133,7.931807994842529,23.7673343605547,21.956856702619415,76.81047765793528,35.08281972265023,MODERATE
1083_1321,0,4995.0,26.496036529541016,13.155291557312012,43.759630200308166,49.07550077041603,88.75192604006163,54.64946070878275,HIGH
1086_1067,0,4810.0,30.06769371032715,14.740554809570312,57.973805855161785,60.16949152542372,84.70724191063174,64.63405238828969,HIGH
1087_302,0,1048.0,25.50218391418457,12.609030723571776,40.25423728813559,45.91679506933744,20.03081664098613,41.62365177195686,MODERATE
1087_1067,0,4861.0,26.256542205810547,12.290716171264648,42.95069337442219,44.53004622496148,85.82434514637904,52.62904468412943,HIGH
1088_1411,0,5003.0,4.84127140045166,2.357022523880005,6.1248073959938365,7.3189522342064715,89.13713405238829,23.56895223420647,LOW
1091_321,0,1122.0,48.9297103881836,23.153806686401367,97.5346687211094,92.37288135593221,22.07241910631741,85.04815100154083,EXTREME
1092_1117,0,4520.0,29.658536911010746,13.666214942932127,55.97072419106317,53.12018489984591,80.12326656394453,61.082434514637896,HIGH
1094_201,0,624.0,37.68833541870117,19.12596321105957,82.35747303543913,83.20493066255779,10.785824345146379,72.71571648690292,HIGH
1097_795,0,4418.0,4.84127140045166,4.314774990081787,6.1248073959938365,12.326656394453005,78.65947611710324,23.24922958397535,LOW
1100_1252,0,4778.0,3.876335859298706,1.9436506032943728,5.007704160246533,5.6625577812018495,83.93682588597842,21.760400616332817,LOW
1101_1475,0,5068.0,19.250118255615234,8.193644523620605,25.616332819722647,22.88135593220339,90.33127889060091,38.35901386748844,MODERATE
1103_337,0,1708.0,47.115047454833984,27.30395698547364,96.57164869029276,96.0708782742681,49.07550077041603,89.49345146379045,EXTREME
1104_399,0,2472.0,26.216283798217773,12.084068298339844,42.75808936825886,43.6055469953775,63.559322033898304,48.952234206471495,MODERATE
1107_88,0,200.0,1.372323989868164,0.8314794301986694,1.4252696456086287,1.6563944530046226,1.6178736517719567,6.440677966101695,LOW
1107_435,0,2439.0,29.126808166503903,13.775985717773438,54.429892141756554,53.929121725731896,63.17411402157165,57.89483821263482,HIGH
1107_500,0,2324.0,38.37935256958008,19.100772857666016,84.24499229583975,83.05084745762711,61.71032357473035,81.3540061633282,EXTREME
1109_795,0,4384.0,26.575096130371094,11.1255464553833,43.91371340523883,37.51926040061633,77.88906009244992,50.215716486902934,HIGH
1109_1267,0,4810.0,7.776834964752197,2.948110580444336,10.362095531587057,8.436055469953775,84.70724191063174,25.514252696456083,MODERATE
1110_199,0,738.0,18.11588287353516,10.133674621582031,23.30508474576271,31.587057010785824,13.559322033898304,27.748459167950692,MODERATE
1111_515,0,2391.0,40.86783218383789,20.3056869506836,89.17565485362096,86.59476117103236,62.750385208012325,85.10785824345146,EXTREME
1111_1100,0,4686.0,12.838351249694824,5.639367580413818,16.409861325115564,15.716486902927581,81.89522342064714,30.238828967642526,MODERATE
1121_1124,0,4696.0,31.91712760925293,14.82490348815918,63.59784283513097,60.55469953775039,82.04930662557781,67.4248844375963,HIGH
1123_788,0,4334.0,29.025177001953125,13.928387641906738,54.00616332819723,55.3929121725732,77.15716486902927,60.12519260400617,HIGH
1123_1591,0,4573.0,2.169212579727173,1.396644949913025,2.7349768875192604,4.314329738058552,80.66255778120185,19.682203389830512,LOW
1124_781,0,3829.0,53.798187255859375,29.87174224853516,99.22958397534669,96.91833590138675,73.34360554699538,94.80739599383666,EXTREME
1135_1482,0,4951.0,23.910137176513672,10.593498229980469,35.631741140215716,33.7442218798151,87.75038520801233,46.19607087827427,MODERATE
1138_1485,0,4823.0,10.029293060302734,4.52155351638794,13.289676425269645,13.097072419106318,84.9768875192604,28.330123266563945,MODERATE
1139_1010,0,4274.0,19.906658172607425,8.524474143981934,27.11864406779661,24.576271186440678,76.38674884437596,37.5173343605547,MODERATE
1140_819,0,4205.0,5.212227821350098,4.166296482086182,7.203389830508475,11.941448382126348,75.92449922958397,23.335901386748844,LOW
1146_1185,0,4701.0,3.495080947875977,1.342560648918152,4.6995377503852085,4.083204930662557,82.12634822804314,20.924499229583976,LOW
1148_459,0,2874.0,32.52389907836914,15.278484344482422,65.60092449922959,64.02157164869028,66.87211093990754,67.11671802773498,HIGH
1151_1077,0,4610.0,9.519532203674316,4.320494174957275,12.442218798151002,12.403697996918336,80.97072419106317,27.08975346687211,MODERATE
1152_1100,0,4633.0,6.762380599975586,2.58198881149292,8.936825885978427,7.781201848998459,81.20184899845917,24.040832049306626,LOW
1162_368,0,1983.0,34.120872497558594,15.809826850891112,71.91833590138675,67.02619414483821,57.16486902927581,69.88636363636365,HIGH
1163_290,0,2571.0,17.298154830932617,7.689980506896973,21.687211093990754,21.340523882896765,64.09861325115563,31.87788906009245,MODERATE
1165_587,0,3265.0,44.600128173828125,23.11324882507324,94.45300462249615,92.21879815100154,69.33744221879815,90.40446841294299,EXTREME
1166_1096,0,4568.0,9.893075942993164,4.003085136413574,13.097072419106318,11.325115562403699,80.58551617873651,27.122496147919875,MODERATE
1166_1256,0,4799.0,9.801128387451172,4.294699668884277,12.98151001540832,12.249614791987673,84.43759630200309,27.86787365177196,MODERATE
1167_1345,0,4946.0,8.290763854980469,3.664982795715332,11.171032357473036,10.477657935285054,87.442218798151,26.879815100154083,MODERATE
1167_1471,0,4931.0,5.473633289337158,3.0951972007751465,7.627118644067797,8.782742681047766,87.13405238828967,24.46070878274268,LOW
1169_1408,0,4823.0,8.235328674316406,3.675074577331543,10.901386748844375,10.59322033898305,84.9768875192604,26.390600924499232,MODERATE
1170_1438,0,4855.0,15.609001159667969,6.582805633544922,18.99075500770416,18.02773497688752,85.67026194144837,32.80238828967643,MODERATE
1172_572,0,3688.0,24.27778053283692,10.615618705749512,36.86440677966102,34.12942989214176,71.80277349768875,44.57819722650231,MODERATE
1177_1024,0,4242.0,2.169212579727173,1.2862040996551514,2.7349768875192604,3.8135593220338984,76.19414483821262,18.88674884437596,LOW
1180_41,0,206.0,4.110692024230957,1.523478865623474,5.585516178736518,4.622496147919876,1.7719568567026194,9.493451463790446,LOW
1181_470,0,2368.0,27.40798568725586,13.14966106414795,48.15100154083205,48.99845916795069,62.40369799691834,53.09322033898305,HIGH
1182_108,0,289.0,3.0662660598754883,1.342560648918152,4.160246533127889,4.083204930662557,2.9275808936825887,8.748073959938367,LOW
1192_259,0,1586.0,44.62124252319336,23.43996810913086,94.53004622496148,92.98921417565485,43.56702619414484,86.77388289676426,EXTREME
1193_167,0,686.0,42.238399505615234,22.216665267944336,91.2557781201849,90.98613251155624,12.403697996918336,79.7977657935285,EXTREME
1196_88,0,272.0,4.936678409576416,1.8856180906295776,6.5870570107858235,5.546995377503852,2.6194144838212634,10.402542372881356,LOW
1200_189,0,986.0,23.83246612548828,11.083298683166504,35.43913713405239,37.211093990755,18.6055469953775,36.585130970724194,MODERATE
