cell_id,unified_risk_score,confidence_score,rainfall_trigger_score,soil_wetness_score,spatial_pressure_score,temporal_category,anomaly_category,alert_priority_score,alert_level,should_alert,alert_reason,alert_action
3_1656,11.233885846956047,82.36207366889643,24.072700691121742,13.215996809055468,0.0,LOW,NORMAL,13.055823325268978,ROUTINE,0,no current multi-signal escalation,Routine monitoring.
4_988,23.488003542526315,75.7941756421973,24.072700691121742,13.215996809055468,0.0,LOW,NORMAL,18.570176288275597,ROUTINE,0,no current multi-signal escalation,Routine monitoring.
5_1571,15.18035406205239,82.0216781553191,24.072700691121742,13.215996809055468,0.0,LOW,NORMAL,14.831734022062331,ROUTINE,0,no current multi-signal escalation,Routine monitoring.
10_680,25.98302409049344,80.84752554578665,24.072700691121742,13.215996809055468,0.0,LOW,NORMAL,19.692935534860805,ROUTINE,0,no current multi-signal escalation,Routine monitoring.
12_491,13.8148665864684,83.12025281851393,24.072700691121742,13.215996809055468,0.0,LOW,NORMAL,14.217264658049537,ROUTINE,0,no current multi-signal escalation,Routine monitoring.
13_1255,19.802458933383825,83.07700873383149,24.072700691121742,13.215996809055468,0.0,LOW,NORMAL,16.91168121416148,ROUTINE,0,no current multi-signal escalation,Routine monitoring.
15_652,38.230894310871136,61.52762295117223,24.072700691121742,13.215996809055468,0.0,LOW,NORMAL,25.204477134030768,ROUTINE,0,no current multi-signal escalation,Routine monitoring.
15_1456,11.348835572826644,82.74798275980552,24.072700691121742,13.215996809055468,0.0,LOW,NORMAL,13.107550701910746,ROUTINE,0,no current multi-signal escalation,Routine monitoring.
16_317,13.741717458855442,81.38098887134105,24.072700691121742,13.215996809055468,0.0,LOW,NORMAL,14.184347550623706,ROUTINE,0,no current multi-signal escalation,Routine monitoring.
17_355,32.14257801065188,73.25995412267454,24.072700691121742,13.215996809055468,0.0,LOW,NORMAL,22.464734798932103,ROUTINE,0,no current multi-signal escalation,Routine monitoring.
20_1290,20.189249224727348,83.17928146110421,24.072700691121742,13.215996809055468,0.0,LOW,NORMAL,17.085736845266062,ROUTINE,0,no current multi-signal escalation,Routine monitoring.
20_1453,9.82624038074062,82.93461203961661,24.072700691121742,13.215996809055468,0.0,LOW,NORMAL,12.422382865472034,ROUTINE,0,no current multi-signal escalation,Routine monitoring.
23_244,23.45093478186717,70.69120527793638,24.072700691121742,13.215996809055468,0.0,LOW,NORMAL,18.553495345978984,ROUTINE,0,no current multi-signal escalation,Routine monitoring.
27_1200,18.22045685742146,76.37087237019513,24.072700691121742,13.215996809055468,0.0,LOW,NORMAL,16.199780279978413,ROUTINE,0,no current multi-signal escalation,Routine monitoring.
29_729,23.762381488272,81.45021481513726,24.072700691121742,13.215996809055468,0.0,LOW,NORMAL,18.693646363861156,ROUTINE,0,no current multi-signal escalation,Routine monitoring.
31_874,14.369610278732534,81.61423562458779,24.072700691121742,13.215996809055468,0.0,LOW,NORMAL,14.466899319568398,ROUTINE,0,no current multi-signal escalation,Routine monitoring.
31_1025,11.416028342957954,82.97996823196048,24.072700691121742,13.215996809055468,0.0,LOW,NORMAL,13.137787448469837,ROUTINE,0,no current multi-signal escalation,Routine monitoring.
32_1418,16.26686717934626,83.17597567598025,24.072700691121742,13.215996809055468,0.0,LOW,NORMAL,15.320664924844575,ROUTINE,0,no current multi-signal escalation,Routine monitoring.
33_13,39.23121204044806,48.32012356944993,24.072700691121742,13.215996809055468,0.0,LOW,NORMAL,25.654620112340382,ROUTINE,0,no current multi-signal escalation,Routine monitoring.
33_708,21.095931958801263,82.9924302214348,24.072700691121742,13.215996809055468,0.0,LOW,NORMAL,17.493744075599324,ROUTINE,0,no current multi-signal escalation,Routine monitoring.
39_194,20.80260600243616,72.5378972223556,24.072700691121742,13.215996809055468,0.0,LOW,NORMAL,17.361747395235028,ROUTINE,0,no current multi-signal escalation,Routine monitoring.
40_15,20.50305075540839,75.58202051013501,24.072700691121742,13.215996809055468,0.0,LOW,NORMAL,17.226947534072533,ROUTINE,0,no current multi-signal escalation,Routine monitoring.
41_966,26.922990013322888,73.50770190302626,24.072700691121742,13.215996809055468,0.0,LOW,NORMAL,20.115920200134056,ROUTINE,0,no current multi-signal escalation,Routine monitoring.
44_642,20.16383589519296,79.74784430734888,24.072700691121742,13.215996809055468,0.0,LOW,NORMAL,17.07430084697559,ROUTINE,0,no current multi-signal escalation,Routine monitoring.
44_777,24.71487950320368,81.91340424740882,24.072700691121742,13.215996809055468,0.0,LOW,NORMAL,19.122270470580414,ROUTINE,0,no current multi-signal escalation,Routine monitoring.
44_843,18.60137425645544,82.98577729403841,24.072700691121742,13.215996809055468,0.0,LOW,NORMAL,16.371193109543704,ROUTINE,0,no current multi-signal escalation,Routine monitoring.
44_1523,18.356576714749764,75.10772966264258,24.072700691121742,13.215996809055468,0.0,LOW,NORMAL,16.26103421577615,ROUTINE,0,no current multi-signal escalation,Routine monitoring.
47_1039,11.670178136657947,77.17479827305938,24.072700691121742,13.215996809055468,0.0,LOW,NORMAL,13.252154855634831,ROUTINE,0,no current multi-signal escalation,Routine monitoring.
51_586,25.16234793307924,76.65944113020225,24.072700691121742,13.215996809055468,0.0,LOW,NORMAL,19.323631264024414,ROUTINE,0,no current multi-signal escalation,Routine monitoring.
51_1520,13.36719469842689,82.03069103966794,24.072700691121742,13.215996809055468,0.0,LOW,NORMAL,14.015812308430856,ROUTINE,0,no current multi-signal escalation,Routine monitoring.
52_235,32.34850150223166,57.2407433414203,24.072700691121742,13.215996809055468,0.0,LOW,NORMAL,22.557400370143004,ROUTINE,0,no current multi-signal escalation,Routine monitoring.
53_566,32.01024663472183,53.83474530905151,24.072700691121742,13.215996809055468,0.0,LOW,NORMAL,22.40518567976358,ROUTINE,0,no current multi-signal escalation,Routine monitoring.
53_801,20.949825735662444,83.12653166852391,24.072700691121742,13.215996809055468,0.0,LOW,NORMAL,17.427996275186857,ROUTINE,0,no current multi-signal escalation,Routine monitoring.
59_1544,12.911930667997114,82.17070022723794,24.072700691121742,13.215996809055468,0.0,LOW,NORMAL,13.810943494737458,ROUTINE,0,no current multi-signal escalation,Routine monitoring.
61_1203,13.276906823988664,83.17597567598025,24.072700691121742,13.215996809055468,0.0,LOW,NORMAL,13.975182764933656,ROUTINE,0,no current multi-signal escalation,Routine monitoring.
62_218,57.39934535637536,71.17669331262896,24.072700691121742,13.215996809055468,0.0,LOW,NORMAL,33.830280104507665,ROUTINE,0,no current multi-signal escalation,Routine monitoring.
62_993,20.32620877071848,72.87154312191058,24.072700691121742,13.215996809055468,0.0,LOW,NORMAL,17.147368640962075,ROUTINE,0,no current multi-signal escalation,Routine monitoring.
62_1076,13.565581359461744,82.69986320812433,24.072700691121742,13.215996809055468,0.0,LOW,NORMAL,14.105086305896542,ROUTINE,0,no current multi-signal escalation,Routine monitoring.
67_1132,11.019291989564037,83.17928146110421,24.072700691121742,13.215996809055468,0.0,LOW,NORMAL,12.959256089442572,ROUTINE,0,no current multi-signal escalation,Routine monitoring.
69_27,36.955369011907685,47.86202323468321,24.072700691121742,13.215996809055468,0.0,LOW,NORMAL,24.630490749497213,ROUTINE,0,no current multi-signal escalation,Routine monitoring.
70_593,12.878141259974615,82.5479827598055,24.072700691121742,13.215996809055468,0.0,LOW,NORMAL,13.795738261127333,ROUTINE,0,no current multi-signal escalation,Routine monitoring.
80_1256,25.08269221999952,83.02938476688934,24.072700691121742,13.215996809055468,0.0,LOW,NORMAL,19.28778619313854,ROUTINE,0,no current multi-signal escalation,Routine monitoring.
83_532,28.99267787801196,74.99957609962078,24.072700691121742,13.215996809055468,0.0,LOW,NORMAL,21.04727973924414,ROUTINE,0,no current multi-signal escalation,Routine monitoring.
84_1435,13.390410514260248,80.8952739365505,24.072700691121742,13.215996809055468,0.0,LOW,NORMAL,14.026259425555867,ROUTINE,0,no current multi-signal escalation,Routine monitoring.
85_1002,26.59310219143465,81.4716250266296,24.072700691121742,13.215996809055468,0.0,LOW,NORMAL,19.96747068028435,ROUTINE,0,no current multi-signal escalation,Routine monitoring.
87_1024,37.700876385077606,67.21582755289462,24.072700691121742,13.215996809055468,0.0,LOW,NORMAL,24.96596906742368,ROUTINE,0,no current multi-signal escalation,Routine monitoring.
92_891,17.123831267050285,83.16925127768188,24.072700691121742,13.215996809055468,0.0,LOW,NORMAL,15.706298764311384,ROUTINE,0,no current multi-signal escalation,Routine monitoring.
93_93,55.06894505286149,66.07060331563927,24.072700691121742,13.215996809055468,0.0,LOW,NORMAL,32.781599967926425,ROUTINE,0,no current multi-signal escalation,Routine monitoring.
93_428,14.131762955058534,83.0457772940384,24.072700691121742,13.215996809055468,0.0,LOW,NORMAL,14.359868023915098,ROUTINE,0,no current multi-signal escalation,Routine monitoring.
94_580,19.99225811417196,81.22581446275206,24.072700691121742,13.215996809055468,0.0,LOW,NORMAL,16.99709084551614,ROUTINE,0,no current multi-signal escalation,Routine monitoring.
96_631,23.93175950903899,82.6405715906509,24.072700691121742,13.215996809055468,0.0,LOW,NORMAL,18.769866473206303,ROUTINE,0,no current multi-signal escalation,Routine monitoring.
97_1012,20.71884533651815,76.48801534209389,24.072700691121742,13.215996809055468,0.0,LOW,NORMAL,17.324055095571925,ROUTINE,0,no current multi-signal escalation,Routine monitoring.
101_401,27.295894635502528,73.88971388860031,24.072700691121742,13.215996809055468,0.0,LOW,NORMAL,20.283727280114896,ROUTINE,0,no current multi-signal escalation,Routine monitoring.
102_554,23.9510279155931,82.16336149604254,24.072700691121742,13.215996809055468,0.0,LOW,NORMAL,18.77853725615565,ROUTINE,0,no current multi-signal escalation,Routine monitoring.
102_1442,10.809868849277445,83.05071003253279,24.072700691121742,13.215996809055468,0.0,LOW,NORMAL,12.865015676313607,ROUTINE,0,no current multi-signal escalation,Routine monitoring.
104_1297,17.763818969349998,82.15395911222024,24.072700691121742,13.215996809055468,0.0,LOW,NORMAL,15.994293230346255,ROUTINE,0,no current multi-signal escalation,Routine monitoring.
105_74,27.61828249110598,66.50378077730335,24.072700691121742,13.215996809055468,0.0,LOW,NORMAL,20.42880181513645,ROUTINE,0,no current multi-signal escalation,Routine monitoring.
107_1391,10.567948157922528,83.17928146110421,24.072700691121742,13.215996809055468,0.0,LOW,NORMAL,12.756151365203895,ROUTINE,0,no current multi-signal escalation,Routine monitoring.
110_97,28.96172042126444,60.915628127813775,24.072700691121742,13.215996809055468,0.0,LOW,NORMAL,21.033348883707756,ROUTINE,0,no current multi-signal escalation,Routine monitoring.
110_951,14.080103270887795,83.17928146110421,24.072700691121742,13.215996809055468,0.0,LOW,NORMAL,14.336621166038263,ROUTINE,0,no current multi-signal escalation,Routine monitoring.
111_1425,14.791587660879516,83.17597567598025,24.072700691121742,13.215996809055468,0.0,LOW,NORMAL,14.656789141534539,ROUTINE,0,no current multi-signal escalation,Routine monitoring.
112_1345,25.2044394964037,76.79938476688935,24.072700691121742,13.215996809055468,0.0,LOW,NORMAL,19.342572467520423,ROUTINE,0,no current multi-signal escalation,Routine monitoring.
114_1106,22.28837080941868,82.26525281851394,24.072700691121742,13.215996809055468,0.0,LOW,NORMAL,18.030341558377163,ROUTINE,0,no current multi-signal escalation,Routine monitoring.
118_1383,23.19093137925956,83.17928146110421,24.072700691121742,13.215996809055468,0.0,LOW,NORMAL,18.43649381480556,ROUTINE,0,no current multi-signal escalation,Routine monitoring.
122_433,32.10829124174433,53.73554342003146,24.072700691121742,13.215996809055468,0.0,LOW,NORMAL,22.449305752923706,ROUTINE,0,no current multi-signal escalation,Routine monitoring.
125_958,19.06263127690461,76.99928146110422,24.072700691121742,13.215996809055468,0.0,LOW,NORMAL,16.578758768745832,ROUTINE,0,no current multi-signal escalation,Routine monitoring.
126_1544,11.370707272000116,81.61544938409034,24.072700691121742,13.215996809055468,0.0,LOW,NORMAL,13.117392966538809,ROUTINE,0,no current multi-signal escalation,Routine monitoring.
130_1126,26.233356530186093,82.01444379876656,24.072700691121742,13.215996809055468,0.0,LOW,NORMAL,19.8055851327225,ROUTINE,0,no current multi-signal escalation,Routine monitoring.
132_516,28.573422210044647,77.01308311399679,24.072700691121742,13.215996809055468,0.0,LOW,NORMAL,20.858614688658847,ROUTINE,0,no current multi-signal escalation,Routine monitoring.
134_1295,24.54410606527784,83.1338891821503,24.072700691121742,13.215996809055468,0.0,LOW,NORMAL,19.045422423513784,ROUTINE,0,no current multi-signal escalation,Routine monitoring.
138_675,28.629075507896147,78.02921652603928,24.072700691121742,13.215996809055468,0.0,LOW,NORMAL,20.88365867269202,ROUTINE,0,no current multi-signal escalation,Routine monitoring.
140_27,20.187816633752504,80.73124093166834,24.072700691121742,13.215996809055468,0.0,LOW,NORMAL,17.085092179327383,ROUTINE,0,no current multi-signal escalation,Routine monitoring.
141_1564,10.165832829864712,83.17479827305938,24.072700691121742,13.215996809055468,0.0,LOW,NORMAL,12.575199467577878,ROUTINE,0,no current multi-signal escalation,Routine monitoring.
142_942,14.796515833163337,76.83750069949295,24.072700691121742,13.215996809055468,0.0,LOW,NORMAL,14.65900681906226,ROUTINE,0,no current multi-signal escalation,Routine monitoring.
149_687,21.98992625156216,73.57295778478054,24.072700691121742,13.215996809055468,11.06623528726798,LOW,NORMAL,19.555976800431925,ROUTINE,0,no current multi-signal escalation,Routine monitoring.
150_686,33.78680862371266,70.246504238327,24.072700691121742,13.215996809055468,8.220269475302171,LOW,NORMAL,24.43767899610478,ROUTINE,0,no current multi-signal escalation,Routine monitoring.
150_1110,18.636589523931647,82.22516536359598,24.072700691121742,13.215996809055468,0.0,LOW,NORMAL,16.387039979908,ROUTINE,0,no current multi-signal escalation,Routine monitoring.
154_105,27.11696831469702,70.96407241080351,24.072700691121742,13.215996809055468,23.363890817994296,LOW,NORMAL,23.707794058451558,ROUTINE,0,no current multi-signal escalation,Routine monitoring.
156_103,34.5941683353795,55.87262115046508,24.072700691121742,13.215996809055468,10.452315850815854,LOW,NORMAL,25.13579782268191,ROUTINE,0,no current multi-signal escalation,Routine monitoring.
156_878,13.55600903902546,81.8829850862462,24.072700691121742,13.215996809055468,0.0,LOW,NORMAL,14.100778761700212,ROUTINE,0,no current multi-signal escalation,Routine monitoring.
158_1490,10.521276094366533,82.94668996169453,24.072700691121742,13.215996809055468,0.0,LOW,NORMAL,12.735148936603697,ROUTINE,0,no current multi-signal escalation,Routine monitoring.
159_757,14.406377347914503,82.94386433585657,24.072700691121742,13.215996809055468,0.0,LOW,NORMAL,14.483444500700283,ROUTINE,0,no current multi-signal escalation,Routine monitoring.
160_1535,9.802284223295295,83.17597567598025,24.072700691121742,13.215996809055468,0.0,LOW,NORMAL,12.411602594621638,ROUTINE,0,no current multi-signal escalation,Routine monitoring.
162_836,13.537929777259158,82.89700873383148,24.072700691121742,13.215996809055468,0.0,LOW,NORMAL,14.092643093905377,ROUTINE,0,no current multi-signal escalation,Routine monitoring.
163_823,10.386359528959549,83.17928146110421,24.072700691121742,13.215996809055468,0.0,LOW,NORMAL,12.674436482170552,ROUTINE,0,no current multi-signal escalation,Routine monitoring.
165_1205,17.262250884476963,76.94415749416208,24.072700691121742,13.215996809055468,0.0,LOW,NORMAL,15.768587592153388,ROUTINE,0,no current multi-signal escalation,Routine monitoring.
167_997,10.044306376185803,77.17597567598025,24.072700691121742,13.215996809055468,0.0,LOW,NORMAL,12.520512563422368,ROUTINE,0,no current multi-signal escalation,Routine monitoring.
169_250,21.37035674636539,75.72246524791294,24.072700691121742,13.215996809055468,0.0,LOW,NORMAL,17.617235230003182,ROUTINE,0,no current multi-signal escalation,Routine monitoring.
171_726,14.421717833197748,82.95116190942304,24.072700691121742,13.215996809055468,0.0,LOW,NORMAL,14.490347719077743,ROUTINE,0,no current multi-signal escalation,Routine monitoring.
173_1302,10.931039854455417,83.17928146110421,24.072700691121742,13.215996809055468,0.0,LOW,NORMAL,12.919542628643693,ROUTINE,0,no current multi-signal escalation,Routine monitoring.
175_1422,12.359526202897712,83.17928146110421,24.072700691121742,13.215996809055468,0.0,LOW,NORMAL,13.562361485442725,ROUTINE,0,no current multi-signal escalation,Routine monitoring.
176_65,28.64130090650612,70.41134241352806,24.072700691121742,13.215996809055468,0.0,LOW,NORMAL,20.889160102066512,ROUTINE,0,no current multi-signal escalation,Routine monitoring.
177_441,18.70163823757762,82.60126506713488,24.072700691121742,13.215996809055468,0.0,LOW,NORMAL,16.416311901048687,ROUTINE,0,no current multi-signal escalation,Routine monitoring.
179_140,21.15547145295812,72.96040031215118,24.072700691121742,13.215996809055468,0.0,LOW,NORMAL,17.52053684796991,ROUTINE,0,no current multi-signal escalation,Routine monitoring.
179_393,19.20199071785877,80.62403956536392,24.072700691121742,13.215996809055468,0.0,LOW,NORMAL,16.641470517175204,ROUTINE,0,no current multi-signal escalation,Routine monitoring.
181_409,26.554953151553207,77.67913683300505,24.072700691121742,13.215996809055468,0.0,LOW,NORMAL,19.9503036123377,ROUTINE,0,no current multi-signal escalation,Routine monitoring.
182_1213,16.17646443168053,75.7888918507146,24.072700691121742,13.215996809055468,0.0,LOW,NORMAL,15.279983688394996,ROUTINE,0,no current multi-signal escalation,Routine monitoring.
183_57,18.458977440250408,78.92192057100618,24.072700691121742,13.215996809055468,0.0,LOW,NORMAL,16.30711454225144,ROUTINE,0,no current multi-signal escalation,Routine monitoring.
183_521,56.54807459573642,63.92965846111686,24.072700691121742,13.215996809055468,0.0,LOW,NORMAL,33.447208262220144,ROUTINE,0,no current multi-signal escalation,Routine monitoring.
185_39,55.08235970546647,69.91988499394232,24.072700691121742,13.215996809055468,0.0,LOW,NORMAL,32.78763656159867,ROUTINE,0,no current multi-signal escalation,Routine monitoring.
186_549,59.68555221351141,77.6035190187746,24.072700691121742,13.215996809055468,0.0,LOW,NORMAL,34.859073190218886,ROUTINE,0,no current multi-signal escalation,Routine monitoring.
186_772,20.350341383321272,83.13837237019513,24.072700691121742,13.215996809055468,0.0,LOW,NORMAL,17.15822831663333,ROUTINE,0,no current multi-signal escalation,Routine monitoring.
188_63,53.63357968938642,68.17573844885,24.072700691121742,13.215996809055468,0.0,LOW,NORMAL,32.135685554362645,ROUTINE,0,no current multi-signal escalation,Routine monitoring.
189_1397,16.417317672098466,83.0810996429224,24.072700691121742,13.215996809055468,0.0,LOW,NORMAL,15.388367646583067,ROUTINE,0,no current multi-signal escalation,Routine monitoring.
190_534,49.43708538321306,68.43787361368948,24.072700691121742,13.215996809055468,0.0,LOW,NORMAL,30.247263116584634,ROUTINE,0,no current multi-signal escalation,Routine monitoring.
190_544,64.63582408923716,83.89156642937076,24.072700691121742,13.215996809055468,0.0,LOW,NORMAL,37.08669553429548,ROUTINE,0,elevated landslide risk,Routine monitoring.
191_528,68.14555913945858,78.59501878900097,24.072700691121742,13.215996809055468,0.0,LOW,NORMAL,38.666076306895114,ROUTINE,0,elevated landslide risk,Routine monitoring.
191_1609,14.269258670034466,81.77764881463685,24.072700691121742,13.215996809055468,0.0,LOW,NORMAL,14.421741095654266,ROUTINE,0,no current multi-signal escalation,Routine monitoring.
193_412,70.49998032205703,84.1470665378886,24.072700691121742,13.215996809055468,96.4993814429586,LOW,NORMAL,54.200473055508205,ROUTINE,0,elevated landslide risk; elevated neighbouring-cell risk,Routine monitoring.
194_1163,11.403714668346051,83.12473600655878,24.072700691121742,13.215996809055468,0.0,LOW,NORMAL,13.132246294894479,ROUTINE,0,no current multi-signal escalation,Routine monitoring.
196_414,77.12334933436195,87.95162612551633,24.072700691121742,13.215996809055468,94.3247485032698,LOW,NORMAL,56.8547941700921,ROUTINE,0,elevated landslide risk; elevated neighbouring-cell risk,Routine monitoring.
197_397,76.16330983354555,85.66785306069183,24.072700691121742,13.215996809055468,98.3492711617339,LOW,NORMAL,57.02645479349434,ROUTINE,0,elevated landslide risk; elevated neighbouring-cell risk,Routine monitoring.
197_413,69.4502350706924,85.57031341673508,24.072700691121742,13.215996809055468,95.58596227125396,LOW,NORMAL,53.59107481663843,ROUTINE,0,elevated landslide risk; elevated neighbouring-cell risk,Routine monitoring.
198_373,26.92043123614768,74.72523623408101,24.072700691121742,13.215996809055468,0.0,LOW,NORMAL,20.114768750405215,ROUTINE,0,no current multi-signal escalation,Routine monitoring.
198_399,82.33650544123824,91.03288314552334,24.072700691121742,13.215996809055468,97.81127377566148,LOW,NORMAL,59.72369320904519,ROUTINE,0,elevated landslide risk; elevated neighbouring-cell risk,Routine monitoring.
199_37,17.436439839476762,78.4244933045967,24.072700691121742,13.215996809055468,0.0,LOW,NORMAL,15.846972621903298,ROUTINE,0,no current multi-signal escalation,Routine monitoring.
199_399,71.51795734685098,86.02742766612201,24.072700691121742,13.215996809055468,98.3141127558696,LOW,NORMAL,54.930772413602135,ROUTINE,0,elevated landslide risk; elevated neighbouring-cell risk,Routine monitoring.
199_400,83.41208523033444,90.99629223643242,24.072700691121742,13.215996809055468,97.82826822010593,LOW,NORMAL,60.21025328080514,ROUTINE,0,elevated landslide risk; elevated neighbouring-cell risk,Routine monitoring.
199_415,67.31839826229552,82.57914445996644,24.072700691121742,13.215996809055468,96.4993814429586,LOW,NORMAL,52.76876112861552,ROUTINE,0,elevated landslide risk; elevated neighbouring-cell risk,Routine monitoring.
199_995,23.507304623284966,77.17928146110421,24.072700691121742,13.215996809055468,0.0,LOW,NORMAL,18.578861774616993,ROUTINE,0,no current multi-signal escalation,Routine monitoring.
200_397,71.91432909601062,84.95426042529053,24.072700691121742,13.215996809055468,98.4769239769701,LOW,NORMAL,55.133561383889045,ROUTINE,0,elevated landslide risk; elevated neighbouring-cell risk,Routine monitoring.
200_550,67.14466803577852,82.93646070461018,24.072700691121742,13.215996809055468,0.0,LOW,NORMAL,38.21567531023909,ROUTINE,0,elevated landslide risk,Routine monitoring.
201_401,77.39451959151043,88.15859822652672,24.072700691121742,13.215996809055468,98.1057316344078,LOW,NORMAL,57.54396825547962,ROUTINE,0,elevated landslide risk; elevated neighbouring-cell risk,Routine monitoring.
202_1166,10.173983981219791,83.12473600655878,24.072700691121742,13.215996809055468,0.0,LOW,NORMAL,12.578867485687663,ROUTINE,0,no current multi-signal escalation,Routine monitoring.
202_1269,11.65325504679296,83.03279385779844,24.072700691121742,13.215996809055468,0.0,LOW,NORMAL,13.24453946519559,ROUTINE,0,no current multi-signal escalation,Routine monitoring.
203_393,77.55343354094914,89.08694789156756,24.072700691121742,13.215996809055468,97.1920062720446,LOW,NORMAL,57.478420728372555,ROUTINE,0,elevated landslide risk; elevated neighbouring-cell risk,Routine monitoring.
204_389,77.72475295768939,89.3314334060531,24.072700691121742,13.215996809055468,98.0528109493934,LOW,NORMAL,57.68463516750799,ROUTINE,0,elevated landslide risk; elevated neighbouring-cell risk,Routine monitoring.
204_786,14.756685880317113,82.54972420018332,24.072700691121742,13.215996809055468,0.0,LOW,NORMAL,14.641083340281458,ROUTINE,0,no current multi-signal escalation,Routine monitoring.
206_941,22.620587545471857,77.0810996429224,24.072700691121742,13.215996809055468,0.0,LOW,NORMAL,18.179839089601092,ROUTINE,0,no current multi-signal escalation,Routine monitoring.
206_1313,12.602660162804604,83.12473600655878,24.072700691121742,13.215996809055468,0.0,LOW,NORMAL,13.671771767400827,ROUTINE,0,no current multi-signal escalation,Routine monitoring.
207_398,63.26627561788249,85.63828507618823,24.072700691121742,13.215996809055468,0.0,LOW,NORMAL,36.47039872218588,ROUTINE,0,elevated landslide risk,Routine monitoring.
207_551,71.48090447828386,87.24898414258362,24.072700691121742,13.215996809055468,97.70165136141593,LOW,NORMAL,54.82222941357888,ROUTINE,0,elevated landslide risk; elevated neighbouring-cell risk,Routine monitoring.
208_541,81.56613132741388,89.10386330201285,24.072700691121742,13.215996809055468,98.59639413388544,LOW,NORMAL,59.49479291155782,ROUTINE,0,elevated landslide risk; elevated neighbouring-cell risk,Routine monitoring.
208_542,82.3149910391984,89.33821395136346,24.072700691121742,13.215996809055468,98.53910841959971,LOW,NORMAL,59.82318692471799,ROUTINE,0,elevated landslide risk; elevated neighbouring-cell risk,Routine monitoring.
208_550,73.84662038700213,88.67650161990557,24.072700691121742,13.215996809055468,96.48033085304048,LOW,NORMAL,55.70360349624579,ROUTINE,0,elevated landslide risk; elevated neighbouring-cell risk,Routine monitoring.
209_1184,10.73684334890248,83.17928146110421,24.072700691121742,13.215996809055468,0.0,LOW,NORMAL,12.832154201144874,ROUTINE,0,no current multi-signal escalation,Routine monitoring.
209_1258,22.863545865878628,83.17928146110421,24.072700691121742,13.215996809055468,0.0,LOW,NORMAL,18.28917033378414,ROUTINE,0,no current multi-signal escalation,Routine monitoring.
209_1337,9.169825993701812,83.17597567598025,24.072700691121742,13.215996809055468,0.0,LOW,NORMAL,12.126996391304573,ROUTINE,0,no current multi-signal escalation,Routine monitoring.
212_536,66.96946798592884,81.5264665744657,24.072700691121742,13.215996809055468,96.1307303143716,LOW,NORMAL,52.55644483496248,ROUTINE,0,elevated landslide risk; elevated neighbouring-cell risk,Routine monitoring.
212_538,78.79786714477373,89.87594122409071,24.072700691121742,13.215996809055468,96.05153913203152,LOW,NORMAL,57.867345779091664,ROUTINE,0,elevated landslide risk; elevated neighbouring-cell risk,Routine monitoring.
213_922,21.91145839418806,77.0810996429224,24.072700691121742,13.215996809055468,0.0043541683868659,LOW,NORMAL,17.861384096781414,ROUTINE,0,no current multi-signal escalation,Routine monitoring.
214_536,65.96855882115426,79.25140741698874,24.072700691121742,13.215996809055468,96.68685588619933,LOW,NORMAL,52.18945454658807,ROUTINE,0,elevated landslide risk; elevated neighbouring-cell risk,Routine monitoring.
214_923,23.14741427451509,77.17597567598025,24.072700691121742,13.215996809055468,0.085525885558582,LOW,NORMAL,18.429740000504335,ROUTINE,0,no current multi-signal escalation,Routine monitoring.
216_668,20.62784682623901,81.90837237019514,24.072700691121742,13.215996809055468,0.0,LOW,NORMAL,17.283105765946313,ROUTINE,0,no current multi-signal escalation,Routine monitoring.
218_793,13.417253478289672,83.11395911222021,24.072700691121742,13.215996809055468,0.0,LOW,NORMAL,14.038338759369108,ROUTINE,0,no current multi-signal escalation,Routine monitoring.
221_1601,10.13407902417297,83.17479827305938,24.072700691121742,13.215996809055468,0.0,LOW,NORMAL,12.56091025501659,ROUTINE,0,no current multi-signal escalation,Routine monitoring.
222_1036,14.11502634789516,76.88961203961662,24.072700691121742,13.215996809055468,0.0,LOW,NORMAL,14.352336550691579,ROUTINE,0,no current multi-signal escalation,Routine monitoring.
223_498,61.19456894918051,86.95540134856606,24.072700691121742,13.215996809055468,0.0,LOW,NORMAL,35.53813072126998,ROUTINE,0,elevated landslide risk,Routine monitoring.
223_591,22.80341806791187,82.23622684448796,24.072700691121742,13.215996809055468,0.0,LOW,NORMAL,18.2621128246991,ROUTINE,0,no current multi-signal escalation,Routine monitoring.
224_1401,9.897469876344482,83.17597567598025,24.072700691121742,13.215996809055468,0.0,LOW,NORMAL,12.454436138493772,ROUTINE,0,no current multi-signal escalation,Routine monitoring.
225_41,23.50268501737562,70.458168582012,24.072700691121742,13.215996809055468,0.0,LOW,NORMAL,18.576782951957785,ROUTINE,0,no current multi-signal escalation,Routine monitoring.
225_934,19.284927509720426,77.09746327928603,24.072700691121742,13.215996809055468,0.0,LOW,NORMAL,16.67879207351295,ROUTINE,0,no current multi-signal escalation,Routine monitoring.
226_699,21.325075815042915,83.17479827305938,24.072700691121742,13.215996809055468,0.0,LOW,NORMAL,17.596858810908067,ROUTINE,0,no current multi-signal escalation,Routine monitoring.
227_1644,10.913817444608153,82.27998984363077,24.072700691121742,13.215996809055468,0.0,LOW,NORMAL,12.911792544212425,ROUTINE,0,no current multi-signal escalation,Routine monitoring.
228_721,15.04079304815601,83.0874330958637,24.072700691121742,13.215996809055468,0.0,LOW,NORMAL,14.768931565808959,ROUTINE,0,no current multi-signal escalation,Routine monitoring.
231_1310,12.38279608670865,83.17597567598025,24.072700691121742,13.215996809055468,0.0,LOW,NORMAL,13.572832933157649,ROUTINE,0,no current multi-signal escalation,Routine monitoring.
234_382,64.71920284980487,86.34844394835687,24.072700691121742,13.215996809055468,0.0,LOW,NORMAL,37.12421597655095,ROUTINE,0,elevated landslide risk,Routine monitoring.
236_1344,10.583618940252046,83.10915159097435,24.072700691121742,13.215996809055468,0.0,LOW,NORMAL,12.763203217252176,ROUTINE,0,no current multi-signal escalation,Routine monitoring.
237_46,24.05257566493517,79.74519545034227,24.072700691121742,13.215996809055468,0.0,LOW,NORMAL,18.82423374335958,ROUTINE,0,no current multi-signal escalation,Routine monitoring.
240_1004,22.739574877103912,77.01961203961662,24.072700691121742,13.215996809055468,0.216881946164639,LOW,NORMAL,18.265915680760212,ROUTINE,0,no current multi-signal escalation,Routine monitoring.
243_522,73.40076484313633,85.85661929445806,24.072700691121742,13.215996809055468,99.14233333333334,LOW,NORMAL,55.902268873550106,ROUTINE,0,elevated landslide risk; elevated neighbouring-cell risk,Routine monitoring.
244_467,19.66840416707577,83.11382691564967,24.072700691121742,13.215996809055468,0.0,LOW,NORMAL,16.851356569322853,ROUTINE,0,no current multi-signal escalation,Routine monitoring.
244_1007,23.110062091843503,76.92756658507116,24.072700691121742,13.215996809055468,0.198131946164639,LOW,NORMAL,18.429822427393027,ROUTINE,0,no current multi-signal escalation,Routine monitoring.
244_1230,22.96112923603221,83.17928146110421,24.072700691121742,13.215996809055468,0.0,LOW,NORMAL,18.33308285035325,ROUTINE,0,no current multi-signal escalation,Routine monitoring.
245_766,29.566377146621235,73.2522633108126,24.072700691121742,13.215996809055468,0.0,LOW,NORMAL,21.305444410118312,ROUTINE,0,no current multi-signal escalation,Routine monitoring.
246_43,17.419133995902058,77.17184041819719,24.072700691121742,13.215996809055468,0.0,LOW,NORMAL,15.839184992294683,ROUTINE,0,no current multi-signal escalation,Routine monitoring.
246_358,76.21363774428859,89.18601456900069,24.072700691121742,13.215996809055468,98.91259865480686,LOW,NORMAL,57.13360147728965,ROUTINE,0,elevated landslide risk; elevated neighbouring-cell risk,Routine monitoring.
246_1003,20.676764983137083,76.9214302214348,24.072700691121742,13.215996809055468,0.216881946164639,LOW,NORMAL,17.33765122847514,ROUTINE,0,no current multi-signal escalation,Routine monitoring.
247_358,79.20385224529085,91.0832795024132,24.072700691121742,13.215996809055468,98.56271421487492,LOW,NORMAL,58.426715336750874,ROUTINE,0,elevated landslide risk; elevated neighbouring-cell risk,Routine monitoring.
247_361,76.19248661709585,88.19354737974173,24.072700691121742,13.215996809055468,99.05890795645924,LOW,NORMAL,57.146029865300775,ROUTINE,0,elevated landslide risk; elevated neighbouring-cell risk,Routine monitoring.
247_523,84.16187627803059,90.3604156130558,24.072700691121742,13.215996809055468,98.30967065046522,LOW,NORMAL,60.61986961682231,ROUTINE,0,elevated landslide risk; elevated neighbouring-cell risk,Routine monitoring.
248_366,78.69312860959121,89.852233794874,24.072700691121742,13.215996809055468,97.25489855129672,LOW,NORMAL,58.00071735114931,ROUTINE,0,elevated landslide risk; elevated neighbouring-cell risk,Routine monitoring.
248_398,69.04638897150124,90.45416708885271,24.072700691121742,13.215996809055468,0.0,LOW,NORMAL,39.07144973131432,ROUTINE,0,elevated landslide risk,Routine monitoring.
248_404,70.26862753761742,82.86054670394694,24.072700691121742,13.215996809055468,97.12501913183436,LOW,NORMAL,54.190209955841745,ROUTINE,0,elevated landslide risk; elevated neighbouring-cell risk,Routine monitoring.
249_358,79.79901304574875,90.06033444422465,24.072700691121742,13.215996809055468,98.9264284593606,LOW,NORMAL,58.74909483362978,ROUTINE,0,elevated landslide risk; elevated neighbouring-cell risk,Routine monitoring.
250_362,74.51112557926606,88.05626208800939,24.072700691121742,13.215996809055468,99.12847499765654,LOW,NORMAL,56.39985245445696,ROUTINE,0,elevated landslide risk; elevated neighbouring-cell risk,Routine monitoring.
250_404,76.74831869223344,87.60872923125581,24.072700691121742,13.215996809055468,95.96435229182552,LOW,NORMAL,56.93197094941763,ROUTINE,0,elevated landslide risk; elevated neighbouring-cell risk,Routine monitoring.
250_522,81.95100190684329,90.79939520489252,24.072700691121742,13.215996809055468,99.14233333333334,LOW,NORMAL,59.749875552218235,ROUTINE,0,elevated landslide risk; elevated neighbouring-cell risk,Routine monitoring.
250_1510,10.812935869655664,83.17928146110421,24.072700691121742,13.215996809055468,0.0,LOW,NORMAL,12.866395835483804,ROUTINE,0,no current multi-signal escalation,Routine monitoring.
251_407,80.21043624753871,88.16003056332292,24.072700691121742,13.215996809055468,95.62744592222894,LOW,NORMAL,58.439387893865515,ROUTINE,0,elevated landslide risk; elevated neighbouring-cell risk,Routine monitoring.
251_505,73.49985261771359,84.94248954583864,24.072700691121742,13.215996809055468,96.83570086683044,LOW,NORMAL,55.60086350213444,ROUTINE,0,elevated landslide risk; elevated neighbouring-cell risk,Routine monitoring.
251_510,72.89331150837134,84.56714878941636,24.072700691121742,13.215996809055468,96.8968675086178,LOW,NORMAL,55.33709499919853,ROUTINE,0,elevated landslide risk; elevated neighbouring-cell risk,Routine monitoring.
252_358,82.40178849402427,90.36411691175712,24.072700691121742,13.215996809055468,99.10078966536108,LOW,NORMAL,59.946497966253844,ROUTINE,0,elevated landslide risk; elevated neighbouring-cell risk,Routine monitoring.
252_509,79.08543887114715,87.53407489495035,24.072700691121742,13.215996809055468,96.4133684395678,LOW,NORMAL,58.05102745209014,ROUTINE,0,elevated landslide risk; elevated neighbouring-cell risk,Routine monitoring.
252_875,19.14138717210725,77.03843463669575,24.072700691121742,13.215996809055468,0.0,LOW,NORMAL,16.61419892158702,ROUTINE,0,no current multi-signal escalation,Routine monitoring.
254_507,72.95735913522596,88.65742236746837,24.072700691121742,13.215996809055468,95.81841033375272,LOW,NORMAL,55.20414785505335,ROUTINE,0,elevated landslide risk; elevated neighbouring-cell risk,Routine monitoring.
256_365,70.80601626698139,91.04379223643244,24.072700691121742,13.215996809055468,0.0,LOW,NORMAL,39.86328201428038,ROUTINE,0,elevated landslide risk,Routine monitoring.
256_1265,9.918131391568924,83.17928146110421,24.072700691121742,13.215996809055468,0.0,LOW,NORMAL,12.463733820344771,ROUTINE,0,no current multi-signal escalation,Routine monitoring.
258_206,20.40603623847268,75.45594917040755,24.072700691121742,13.215996809055468,0.0,LOW,NORMAL,17.18329100145146,ROUTINE,0,no current multi-signal escalation,Routine monitoring.
258_678,12.56393407027212,83.12143022143479,24.072700691121742,13.215996809055468,0.0,LOW,NORMAL,13.65434502576121,ROUTINE,0,no current multi-signal escalation,Routine monitoring.
258_1217,11.102478393597243,83.06688476688934,24.072700691121742,13.215996809055468,0.0,LOW,NORMAL,12.996689971257517,ROUTINE,0,no current multi-signal escalation,Routine monitoring.
260_357,73.2819528670738,89.50495776179137,24.072700691121742,13.215996809055468,96.63325768321512,LOW,NORMAL,55.47244213680423,ROUTINE,0,elevated landslide risk; elevated neighbouring-cell risk,Routine monitoring.
260_358,69.52656666092244,87.42772978824232,24.072700691121742,13.215996809055468,98.41044161614045,LOW,NORMAL,54.04909593397492,ROUTINE,0,elevated landslide risk; elevated neighbouring-cell risk,Routine monitoring.
262_507,68.59535424024216,90.1150932568406,24.072700691121742,13.215996809055468,0.0,LOW,NORMAL,38.86848410224773,ROUTINE,0,elevated landslide risk,Routine monitoring.
262_1643,10.030578720695422,83.17928146110421,24.072700691121742,13.215996809055468,0.0,LOW,NORMAL,12.514335118451697,ROUTINE,0,no current multi-signal escalation,Routine monitoring.
263_1026,18.87742665342784,77.09415749416206,24.072700691121742,13.215996809055468,0.0,LOW,NORMAL,16.495416688181283,ROUTINE,0,no current multi-signal escalation,Routine monitoring.
264_864,14.44172117214096,76.75207100033212,24.072700691121742,13.215996809055468,0.0,LOW,NORMAL,14.499349221602188,ROUTINE,0,no current multi-signal escalation,Routine monitoring.
264_1413,9.199770151173883,83.17597567598025,24.072700691121742,13.215996809055468,0.0,LOW,NORMAL,12.140471262167004,ROUTINE,0,no current multi-signal escalation,Routine monitoring.
266_413,70.89475826618681,87.41282773377507,24.072700691121742,13.215996809055468,97.51730601687976,LOW,NORMAL,54.530811816454786,ROUTINE,0,elevated landslide risk; elevated neighbouring-cell risk,Routine monitoring.
266_545,20.729794600640147,81.2275341175387,24.072700691121742,13.215996809055468,0.0,LOW,NORMAL,17.328982264426823,ROUTINE,0,no current multi-signal escalation,Routine monitoring.
267_413,72.20697254224348,88.4610330353828,24.072700691121742,13.215996809055468,96.62050814772648,LOW,NORMAL,54.98678856030729,ROUTINE,0,elevated landslide risk; elevated neighbouring-cell risk,Routine monitoring.
267_576,16.46174750652095,78.27921962175779,24.072700691121742,13.215996809055468,0.0,LOW,NORMAL,15.408361072073184,ROUTINE,0,no current multi-signal escalation,Routine monitoring.
268_406,58.38476064370776,84.81279366126446,24.072700691121742,13.215996809055468,0.0,LOW,NORMAL,34.27371698380725,ROUTINE,0,no current multi-signal escalation,Routine monitoring.
270_329,18.640392361627327,73.26137572711055,24.072700691121742,13.215996809055468,0.0,LOW,NORMAL,16.388751256871053,ROUTINE,0,no current multi-signal escalation,Routine monitoring.
271_508,69.49930026400203,90.93807795071814,24.072700691121742,13.215996809055468,0.0,LOW,NORMAL,39.275259812939666,ROUTINE,0,elevated landslide risk,Routine monitoring.
272_1254,10.943089956269636,82.82025548707824,24.072700691121742,13.215996809055468,0.0,LOW,NORMAL,12.924965174460091,ROUTINE,0,no current multi-signal escalation,Routine monitoring.
273_523,66.08697048298004,88.08539049018715,24.072700691121742,13.215996809055468,0.0,LOW,NORMAL,37.73971141147977,ROUTINE,0,elevated landslide risk,Routine monitoring.
273_611,33.08643072799881,67.1768833465607,24.072700691121742,13.215996809055468,0.0,LOW,NORMAL,22.88946852173822,ROUTINE,0,no current multi-signal escalation,Routine monitoring.
274_964,22.41368716237104,77.17597567598025,24.072700691121742,13.215996809055468,0.0,LOW,NORMAL,18.086733917205724,ROUTINE,0,no current multi-signal escalation,Routine monitoring.
275_1336,12.710396010073769,83.17928146110421,24.072700691121742,13.215996809055468,0.0,LOW,NORMAL,13.720252898671951,ROUTINE,0,no current multi-signal escalation,Routine monitoring.
277_511,68.5843328622764,85.64031935074036,24.072700691121742,13.215996809055468,0.0,LOW,NORMAL,38.863524482163136,ROUTINE,0,elevated landslide risk,Routine monitoring.
278_398,68.44714941669467,90.7696398439744,24.072700691121742,13.215996809055468,0.0,LOW,NORMAL,38.80179193165136,ROUTINE,0,elevated landslide risk,Routine monitoring.
278_421,47.50779705990944,63.75510103768255,24.072700691121742,13.215996809055468,0.0,LOW,NORMAL,29.379083371098005,ROUTINE,0,no current multi-signal escalation,Routine monitoring.
279_381,60.85790362571893,84.2925948232979,24.072700691121742,13.215996809055468,0.0,LOW,NORMAL,35.38663132571227,ROUTINE,0,elevated landslide risk,Routine monitoring.
279_1125,23.785421180097693,77.01564509746785,24.072700691121742,13.215996809055468,0.0,LOW,NORMAL,18.704014225182718,ROUTINE,0,no current multi-signal escalation,Routine monitoring.
280_522,74.6452339554479,84.95693203780755,24.072700691121742,13.215996809055468,97.78940849673204,LOW,NORMAL,56.25934124860012,ROUTINE,0,elevated landslide risk; elevated neighbouring-cell risk,Routine monitoring.
282_49,26.99043347365109,71.88998502759848,24.072700691121742,13.215996809055468,0.0,LOW,NORMAL,20.146269757281747,ROUTINE,0,no current multi-signal escalation,Routine monitoring.
282_503,67.56666168269055,89.25452966858528,24.072700691121742,13.215996809055468,0.0,LOW,NORMAL,38.4055724513495,ROUTINE,0,elevated landslide risk,Routine monitoring.
282_578,68.67678633080848,82.45991199996999,24.072700691121742,13.215996809055468,95.57916999244182,LOW,NORMAL,53.24200404186884,ROUTINE,0,elevated landslide risk; elevated neighbouring-cell risk,Routine monitoring.
282_1317,19.50138782534804,83.09746327928603,24.072700691121742,13.215996809055468,0.0,LOW,NORMAL,16.776199215545375,ROUTINE,0,no current multi-signal escalation,Routine monitoring.
283_447,25.09795746435517,82.70395911222023,24.072700691121742,13.215996809055468,0.0,LOW,NORMAL,19.294655553098583,ROUTINE,0,no current multi-signal escalation,Routine monitoring.
283_522,84.45754856427473,88.77907489495041,24.072700691121742,13.215996809055468,94.51935294117648,LOW,NORMAL,60.184374489238856,ROUTINE,0,elevated landslide risk; elevated neighbouring-cell risk,Routine monitoring.
283_560,62.09772374377172,84.37363709911557,24.072700691121742,13.215996809055468,0.0,LOW,NORMAL,35.94455037883603,ROUTINE,0,elevated landslide risk,Routine monitoring.
283_573,78.85558883032404,89.2000419009174,24.072700691121742,13.215996809055468,94.0894206340457,LOW,NORMAL,57.59900276289143,ROUTINE,0,elevated landslide risk; elevated neighbouring-cell risk,Routine monitoring.
283_574,74.53087844998547,87.37813038491498,24.072700691121742,13.215996809055468,94.98013293075796,LOW,NORMAL,55.78648993624591,ROUTINE,0,elevated landslide risk; elevated neighbouring-cell risk,Routine monitoring.
283_575,64.36143712365013,75.24904945017575,24.072700691121742,13.215996809055468,96.462576156115,LOW,NORMAL,51.432607823198566,ROUTINE,0,elevated landslide risk; elevated neighbouring-cell risk,Routine monitoring.
283_1089,23.93530717869107,77.17597567598025,24.072700691121742,13.215996809055468,0.0,LOW,NORMAL,18.771462924549738,ROUTINE,0,no current multi-signal escalation,Routine monitoring.
283_1342,15.999745461190845,83.17928146110421,24.072700691121742,13.215996809055468,0.0,LOW,NORMAL,15.200460151674637,ROUTINE,0,no current multi-signal escalation,Routine monitoring.
286_916,25.113549116626835,76.7845087338315,24.072700691121742,13.215996809055468,0.186942552225247,LOW,NORMAL,19.32971317945462,ROUTINE,0,no current multi-signal escalation,Routine monitoring.
287_381,64.08456796697298,88.70170658115383,24.072700691121742,13.215996809055468,0.0,LOW,NORMAL,36.8386302792766,ROUTINE,0,elevated landslide risk,Routine monitoring.
287_575,72.04663119266982,83.9594133074134,24.072700691121742,13.215996809055468,95.57916999244182,LOW,NORMAL,54.758434229706445,ROUTINE,0,elevated landslide risk; elevated neighbouring-cell risk,Routine monitoring.
287_915,25.123696700064343,76.96256068188345,24.072700691121742,13.215996809055468,0.339275885558582,LOW,NORMAL,19.3571295920015,ROUTINE,0,no current multi-signal escalation,Routine monitoring.
288_502,75.00390506730277,90.18155013456268,24.072700691121742,13.215996809055468,99.7092380952381,LOW,NORMAL,56.70871768871072,ROUTINE,0,elevated landslide risk; elevated neighbouring-cell risk,Routine monitoring.
289_1159,14.109861407428696,83.17928146110421,24.072700691121742,13.215996809055468,0.0,LOW,NORMAL,14.350012327481668,ROUTINE,0,no current multi-signal escalation,Routine monitoring.
290_389,64.84308204663454,89.15863608022619,24.072700691121742,13.215996809055468,0.0,LOW,NORMAL,37.1799616151243,ROUTINE,0,elevated landslide risk,Routine monitoring.
290_496,77.2432848012545,89.49941990220834,24.072700691121742,13.215996809055468,99.7092380952381,LOW,NORMAL,57.716438568989,ROUTINE,0,elevated landslide risk; elevated neighbouring-cell risk,Routine monitoring.
290_497,81.18857315142813,91.02303156852892,24.072700691121742,13.215996809055468,98.82256103382484,LOW,NORMAL,59.358816767355144,ROUTINE,0,elevated landslide risk; elevated neighbouring-cell risk,Routine monitoring.
292_192,25.78595179364716,69.83785211401126,24.072700691121742,13.215996809055468,0.0,LOW,NORMAL,19.60425300127998,ROUTINE,0,no current multi-signal escalation,Routine monitoring.
292_534,76.62871528582076,90.10914325849302,24.072700691121742,13.215996809055468,96.06445866748706,LOW,NORMAL,56.89316537288116,ROUTINE,0,elevated landslide risk; elevated neighbouring-cell risk,Routine monitoring.
293_535,74.63289857117113,87.58991805188144,24.072700691121742,13.215996809055468,96.80891216019202,LOW,NORMAL,56.10671587519457,ROUTINE,0,elevated landslide risk; elevated neighbouring-cell risk,Routine monitoring.
294_537,80.56960912496783,90.78769833033854,24.072700691121742,13.215996809055468,96.44128426678684,LOW,NORMAL,58.72309144039231,ROUTINE,0,elevated landslide risk; elevated neighbouring-cell risk,Routine monitoring.
294_571,71.16515513039316,82.85750600929063,24.072700691121742,13.215996809055468,0.0,LOW,NORMAL,40.02489450281568,ROUTINE,0,elevated landslide risk,Routine monitoring.
295_538,82.11514774153953,90.6378182104584,24.072700691121742,13.215996809055468,96.87858910705552,LOW,NORMAL,59.48417954388987,ROUTINE,0,elevated landslide risk; elevated neighbouring-cell risk,Routine monitoring.
295_704,24.55476786782424,82.94045029227306,24.072700691121742,13.215996809055468,0.0,LOW,NORMAL,19.050220234659665,ROUTINE,0,no current multi-signal escalation,Routine monitoring.
296_126,28.868228364998583,67.8627281092573,24.072700691121742,13.215996809055468,0.0,LOW,NORMAL,20.99127745838812,ROUTINE,0,no current multi-signal escalation,Routine monitoring.
296_534,64.68854529771752,65.96176880531807,24.072700691121742,13.215996809055468,98.9236645309671,LOW,NORMAL,51.9489697577567,ROUTINE,0,elevated landslide risk; elevated neighbouring-cell risk,Routine monitoring.
296_640,12.535882390922572,82.42506658507116,24.072700691121742,13.215996809055468,0.0,LOW,NORMAL,13.641721770053913,ROUTINE,0,no current multi-signal escalation,Routine monitoring.
297_393,58.34133552188406,82.60913539904313,24.072700691121742,13.215996809055468,0.0,LOW,NORMAL,34.254175678986584,ROUTINE,0,no current multi-signal escalation,Routine monitoring.
297_422,77.0340629608224,88.77368528456078,24.072700691121742,13.215996809055468,97.59962566844922,LOW,NORMAL,57.305846876776215,ROUTINE,0,elevated landslide risk; elevated neighbouring-cell risk,Routine monitoring.
297_537,78.81721195020388,88.8388045455519,24.072700691121742,13.215996809055468,96.93578717823468,LOW,NORMAL,58.0086881484657,ROUTINE,0,elevated landslide risk; elevated neighbouring-cell risk,Routine monitoring.
298_424,75.64926465096914,88.55725080994449,24.072700691121742,13.215996809055468,97.78479738562092,LOW,NORMAL,56.71046339491801,ROUTINE,0,elevated landslide risk; elevated neighbouring-cell risk,Routine monitoring.
300_218,57.875316180168376,61.4820490117427,24.072700691121742,13.215996809055468,0.0,LOW,NORMAL,34.044466975214526,ROUTINE,0,no current multi-signal escalation,Routine monitoring.
300_539,76.26293492989446,89.17007295466118,24.072700691121742,13.215996809055468,98.82156317792032,LOW,NORMAL,57.14212988927931,ROUTINE,0,elevated landslide risk; elevated neighbouring-cell risk,Routine monitoring.
301_14,14.491550127912356,81.8383901942683,24.072700691121742,13.215996809055468,0.0,LOW,NORMAL,14.521772251699318,ROUTINE,0,no current multi-signal escalation,Routine monitoring.
301_608,72.07638595407285,82.00528866019897,24.072700691121742,13.215996809055468,0.0,LOW,NORMAL,40.434948373471535,ROUTINE,0,elevated landslide risk,Routine monitoring.
301_865,21.15332696256516,75.39094585275242,24.072700691121742,13.215996809055468,0.0,LOW,NORMAL,17.519571827293078,ROUTINE,0,no current multi-signal escalation,Routine monitoring.
302_513,66.55691885286998,86.49053907311333,24.072700691121742,13.215996809055468,0.0,LOW,NORMAL,37.95118817793025,ROUTINE,0,elevated landslide risk,Routine monitoring.
302_539,76.34423612833434,89.01210592169419,24.072700691121742,13.215996809055468,98.04295233670234,LOW,NORMAL,57.06192380239456,ROUTINE,0,elevated landslide risk; elevated neighbouring-cell risk,Routine monitoring.
302_874,15.568925334028144,75.14436143716802,24.072700691121742,13.215996809055468,0.0,LOW,NORMAL,15.00659109445142,ROUTINE,0,no current multi-signal escalation,Routine monitoring.
302_1466,9.401011743149294,83.17597567598025,24.072700691121742,13.215996809055468,0.0,LOW,NORMAL,12.231029978555938,ROUTINE,0,no current multi-signal escalation,Routine monitoring.
304_429,58.044062971041946,77.95139030681125,24.072700691121742,13.215996809055468,0.0,LOW,NORMAL,34.12040303110763,ROUTINE,0,no current multi-signal escalation,Routine monitoring.
304_563,65.25817564837986,90.072764868105,24.072700691121742,13.215996809055468,0.0,LOW,NORMAL,37.36675373590969,ROUTINE,0,elevated landslide risk,Routine monitoring.
305_463,69.72831384511008,87.95688717358087,24.072700691121742,13.215996809055468,0.0,LOW,NORMAL,39.37831592443829,ROUTINE,0,elevated landslide risk,Routine monitoring.
306_907,12.873287551521663,77.09746327928603,24.072700691121742,13.215996809055468,0.0,LOW,NORMAL,13.793554092323504,ROUTINE,0,no current multi-signal escalation,Routine monitoring.
308_510,68.94667457683333,90.98467328719984,24.072700691121742,13.215996809055468,0.0,LOW,NORMAL,39.02657825371375,ROUTINE,0,elevated landslide risk,Routine monitoring.
311_430,70.65047405841715,83.63210640889098,24.072700691121742,13.215996809055468,97.09574512638494,LOW,NORMAL,54.35764978938421,ROUTINE,0,elevated landslide risk; elevated neighbouring-cell risk,Routine monitoring.
311_595,63.828868334747845,86.86759963689451,24.072700691121742,13.215996809055468,0.0,LOW,NORMAL,36.72356544477528,ROUTINE,0,elevated landslide risk,Routine monitoring.
312_430,77.73669151971467,87.96829952701222,24.072700691121742,13.215996809055468,93.38589101421454,LOW,NORMAL,56.98996953014254,ROUTINE,0,elevated landslide risk; elevated neighbouring-cell risk,Routine monitoring.
312_903,20.726927681139266,77.10537678545609,24.072700691121742,13.215996809055468,0.0,LOW,NORMAL,17.327692150651426,ROUTINE,0,no current multi-signal escalation,Routine monitoring.
313_1582,10.069477987581452,82.93194113020225,24.072700691121742,13.215996809055468,0.0,LOW,NORMAL,12.53183978855041,ROUTINE,0,no current multi-signal escalation,Routine monitoring.
314_442,68.80726237607401,90.4013826190228,24.072700691121742,13.215996809055468,0.0,LOW,NORMAL,38.96384276337206,ROUTINE,0,elevated landslide risk,Routine monitoring.
314_1575,10.55230895029576,82.94468196968654,24.072700691121742,13.215996809055468,0.0,LOW,NORMAL,12.749113721771849,ROUTINE,0,no current multi-signal escalation,Routine monitoring.
315_269,45.366431862189934,58.62508504398028,24.072700691121742,13.215996809055468,0.0,LOW,NORMAL,28.415469032124225,ROUTINE,0,no current multi-signal escalation,Routine monitoring.
315_467,67.38619630076913,83.69463687842148,24.072700691121742,13.215996809055468,0.0,LOW,NORMAL,38.324363029484864,ROUTINE,0,elevated landslide risk,Routine monitoring.
315_505,70.50211309348525,90.87408444422464,24.072700691121742,13.215996809055468,0.0,LOW,NORMAL,39.72652558620712,ROUTINE,0,elevated landslide risk,Routine monitoring.
315_1482,10.215551642035669,83.14324840325298,24.072700691121742,13.215996809055468,0.0,LOW,NORMAL,12.597572933054806,ROUTINE,0,no current multi-signal escalation,Routine monitoring.
316_50,43.36115730479847,51.38271196251624,24.072700691121742,13.215996809055468,0.0,LOW,NORMAL,27.513095481298066,ROUTINE,0,no current multi-signal escalation,Routine monitoring.
316_298,42.701183422708645,52.78233492848311,24.072700691121742,13.215996809055468,0.0,LOW,NORMAL,27.216107234357647,ROUTINE,0,no current multi-signal escalation,Routine monitoring.
317_380,63.181981379788816,85.23791305500782,24.072700691121742,13.215996809055468,0.0,LOW,NORMAL,36.43246631504372,ROUTINE,0,elevated landslide risk,Routine monitoring.
317_593,74.34139370012642,84.02434686257152,24.072700691121742,13.215996809055468,97.7222659115604,LOW,NORMAL,56.112541745929704,ROUTINE,0,elevated landslide risk; elevated neighbouring-cell risk,Routine monitoring.
318_526,58.53874839464973,75.50090034223044,24.072700691121742,13.215996809055468,0.0,LOW,NORMAL,34.34301147173113,ROUTINE,0,no current multi-signal escalation,Routine monitoring.
318_584,82.73163919637264,89.09574028838047,24.072700691121742,13.215996809055468,99.72933333333332,LOW,NORMAL,60.18921233250644,ROUTINE,0,elevated landslide risk; elevated neighbouring-cell risk,Routine monitoring.
318_593,66.7979206439953,83.49654401749132,24.072700691121742,13.215996809055468,97.85128438480224,LOW,NORMAL,52.73733164165697,ROUTINE,0,elevated landslide risk; elevated neighbouring-cell risk,Routine monitoring.
320_406,71.6933204269137,91.27814288578308,24.072700691121742,13.215996809055468,0.0,LOW,NORMAL,40.26256888624992,ROUTINE,0,elevated landslide risk,Routine monitoring.
320_590,78.96263046812442,90.78221756110774,24.072700691121742,13.215996809055468,93.59245604023272,LOW,NORMAL,57.572626810829654,ROUTINE,0,elevated landslide risk; elevated neighbouring-cell risk,Routine monitoring.
321_1016,10.589680457208209,83.17597567598025,24.072700691121742,13.215996809055468,0.0,LOW,NORMAL,12.765930899882449,ROUTINE,0,no current multi-signal escalation,Routine monitoring.
323_558,72.49923918212052,90.32147077354014,24.072700691121742,13.215996809055468,0.0,LOW,NORMAL,40.62523232609299,ROUTINE,0,elevated landslide risk,Routine monitoring.
323_585,79.88928098838882,91.04651950915968,24.072700691121742,13.215996809055468,98.06033333333332,LOW,NORMAL,58.65980113891372,ROUTINE,0,elevated landslide risk; elevated neighbouring-cell risk,Routine monitoring.
324_579,71.03496011157578,90.52229872993892,24.072700691121742,13.215996809055468,0.0,LOW,NORMAL,39.96630674434786,ROUTINE,0,elevated landslide risk,Routine monitoring.
325_476,65.71016571461666,87.41161346977819,24.072700691121742,13.215996809055468,0.0,LOW,NORMAL,37.57014926571625,ROUTINE,0,elevated landslide risk,Routine monitoring.
328_603,68.33676201139221,84.25644381596877,24.072700691121742,13.215996809055468,93.84019786294218,LOW,NORMAL,52.828147278706574,ROUTINE,0,elevated landslide risk; elevated neighbouring-cell risk,Routine monitoring.
328_1011,11.858820112528408,82.56252821435098,24.072700691121742,13.215996809055468,0.0,LOW,NORMAL,13.33704374477654,ROUTINE,0,no current multi-signal escalation,Routine monitoring.
330_410,64.21175368412374,63.642679564748974,24.072700691121742,13.215996809055468,97.04828104575162,LOW,NORMAL,51.453106008857176,ROUTINE,0,elevated landslide risk; elevated neighbouring-cell risk,Routine monitoring.
330_497,78.85318468463753,90.69879223643242,24.072700691121742,13.215996809055468,89.28386776958607,LOW,NORMAL,56.877087967663556,ROUTINE,0,elevated landslide risk; elevated neighbouring-cell risk,Routine monitoring.
331_361,81.87203551492948,91.12199260748994,24.072700691121742,13.215996809055468,99.08227355623102,LOW,NORMAL,59.70533170929168,ROUTINE,0,elevated landslide risk; elevated neighbouring-cell risk,Routine monitoring.
331_600,70.31739704259564,84.1631144138973,24.072700691121742,13.215996809055468,93.92004635138107,LOW,NORMAL,53.73141031601396,ROUTINE,0,elevated landslide risk; elevated neighbouring-cell risk,Routine monitoring.
331_1374,17.127973813053828,79.28975445603102,24.072700691121742,13.215996809055468,0.0,LOW,NORMAL,15.70816291001298,ROUTINE,0,no current multi-signal escalation,Routine monitoring.
332_495,65.36192016205601,78.83753378529926,24.072700691121742,13.215996809055468,99.43183333333332,LOW,NORMAL,52.32821376706396,ROUTINE,0,elevated landslide risk; elevated neighbouring-cell risk,Routine monitoring.
332_535,71.02627761831019,82.02829636866386,24.072700691121742,13.215996809055468,98.44948481912148,LOW,NORMAL,54.72982234524656,ROUTINE,0,elevated landslide risk; elevated neighbouring-cell risk,Routine monitoring.
333_646,19.723823326927302,79.05727156064137,24.072700691121742,13.215996809055468,0.0,LOW,NORMAL,16.876295191256045,ROUTINE,0,no current multi-signal escalation,Routine monitoring.
334_359,76.17416978901717,90.29021587358557,24.072700691121742,13.215996809055468,99.79390476190476,LOW,NORMAL,57.248036813482194,ROUTINE,0,elevated landslide risk; elevated neighbouring-cell risk,Routine monitoring.
334_406,75.17860865206639,87.91282203016809,24.072700691121742,13.215996809055468,76.28382582533749,LOW,NORMAL,53.273522461369254,ROUTINE,0,elevated landslide risk; elevated neighbouring-cell risk,Routine monitoring.
334_536,81.57639807078868,89.55059267436661,24.072700691121742,13.215996809055468,92.01374242424244,LOW,NORMAL,58.512015189630034,ROUTINE,0,elevated landslide risk; elevated neighbouring-cell risk,Routine monitoring.
334_764,24.135860900718512,77.00473600655877,24.072700691121742,13.215996809055468,0.0,LOW,NORMAL,18.86171209946209,ROUTINE,0,no current multi-signal escalation,Routine monitoring.
335_896,12.785597204133776,76.91161912344188,24.072700691121742,13.215996809055468,0.0,LOW,NORMAL,13.754093435998957,ROUTINE,0,no current multi-signal escalation,Routine monitoring.
336_399,66.27256353596233,80.35505958976873,24.072700691121742,13.215996809055468,94.50152522316183,LOW,NORMAL,51.99845706879608,ROUTINE,0,elevated landslide risk; elevated neighbouring-cell risk,Routine monitoring.
337_398,70.52761105937387,84.93609444532291,24.072700691121742,13.215996809055468,90.58219540229884,LOW,NORMAL,53.32532898120182,ROUTINE,0,elevated landslide risk; elevated neighbouring-cell risk,Routine monitoring.
337_820,18.36867641918113,77.09415749416206,24.072700691121742,13.215996809055468,0.0,LOW,NORMAL,16.266479082770267,ROUTINE,0,no current multi-signal escalation,Routine monitoring.
338_294,50.12911027363913,60.01386313754442,24.072700691121742,13.215996809055468,0.0,LOW,NORMAL,30.558674317276363,ROUTINE,0,no current multi-signal escalation,Routine monitoring.
338_466,77.91788972520311,86.4395250750224,24.072700691121742,13.215996809055468,97.30165530482373,LOW,NORMAL,57.658873366203714,ROUTINE,0,elevated landslide risk; elevated neighbouring-cell risk,Routine monitoring.
338_513,56.23313705680823,81.23491987088696,24.072700691121742,13.215996809055468,0.0,LOW,NORMAL,33.30548636970246,ROUTINE,0,no current multi-signal escalation,Routine monitoring.
338_924,16.630505868046633,76.95200873383149,24.072700691121742,13.215996809055468,0.0,LOW,NORMAL,15.48430233475974,ROUTINE,0,no current multi-signal escalation,Routine monitoring.
338_1072,24.77382384029727,76.86087237019514,24.072700691121742,13.215996809055468,0.0,LOW,NORMAL,19.148795422272528,ROUTINE,0,no current multi-signal escalation,Routine monitoring.
338_1406,29.893824600999565,60.43854135095428,24.072700691121742,13.215996809055468,0.0,LOW,NORMAL,21.45279576458856,ROUTINE,0,no current multi-signal escalation,Routine monitoring.
338_1654,14.670241259804408,82.01566780203602,24.072700691121742,13.215996809055468,0.0,LOW,NORMAL,14.60218326105074,ROUTINE,0,no current multi-signal escalation,Routine monitoring.
339_465,73.41630411876913,88.52014521246073,24.072700691121742,13.215996809055468,97.13212329362504,LOW,NORMAL,55.60773004162863,ROUTINE,0,elevated landslide risk; elevated neighbouring-cell risk,Routine monitoring.
339_466,75.0720942548634,89.71003865235417,24.072700691121742,13.215996809055468,97.03516901333742,LOW,NORMAL,56.3382924608279,ROUTINE,0,elevated landslide risk; elevated neighbouring-cell risk,Routine monitoring.
339_467,78.26516597764578,90.75703898967916,24.072700691121742,13.215996809055468,96.56595775105474,LOW,NORMAL,57.704793046737564,ROUTINE,0,elevated landslide risk; elevated neighbouring-cell risk,Routine monitoring.
339_490,77.05502098888746,89.42366510028756,24.072700691121742,13.215996809055468,99.34179184704185,LOW,NORMAL,57.57660291619439,ROUTINE,0,elevated landslide risk; elevated neighbouring-cell risk,Routine monitoring.
339_491,82.02844343111957,90.26104135095426,24.072700691121742,13.215996809055468,99.13709987465666,LOW,NORMAL,59.783939219341065,ROUTINE,0,elevated landslide risk; elevated neighbouring-cell risk,Routine monitoring.
340_465,69.42638390569161,86.05168367399915,24.072700691121742,13.215996809055468,97.33325719675896,LOW,NORMAL,53.84243603121382,ROUTINE,0,elevated landslide risk; elevated neighbouring-cell risk,Routine monitoring.
341_486,80.24359358435493,90.72655197669216,24.072700691121742,13.215996809055468,98.85262115892792,LOW,NORMAL,58.93808498093766,ROUTINE,0,elevated landslide risk; elevated neighbouring-cell risk,Routine monitoring.
342_465,62.254034231027575,76.03026337534487,24.072700691121742,13.215996809055468,98.14981736924187,LOW,NORMAL,50.73736270348744,ROUTINE,0,elevated landslide risk; elevated neighbouring-cell risk,Routine monitoring.
342_468,69.68523148338375,86.71837913889168,24.072700691121742,13.215996809055468,97.27893386258252,LOW,NORMAL,53.95076894104882,ROUTINE,0,elevated landslide risk; elevated neighbouring-cell risk,Routine monitoring.
343_359,66.05082243071963,84.36124673972135,24.072700691121742,13.215996809055468,0.0,LOW,NORMAL,37.72344478796259,ROUTINE,0,elevated landslide risk,Routine monitoring.
345_474,67.96426475163008,88.54531428581161,24.072700691121742,13.215996809055468,0.0,LOW,NORMAL,38.58449383237229,ROUTINE,0,elevated landslide risk,Routine monitoring.
346_836,21.581164327885823,77.12473600655878,24.072700691121742,13.215996809055468,0.0,LOW,NORMAL,17.712098641687376,ROUTINE,0,no current multi-signal escalation,Routine monitoring.
348_1302,10.386269884676292,83.13506658507117,24.072700691121742,13.215996809055468,0.0,LOW,NORMAL,12.674396142243086,ROUTINE,0,no current multi-signal escalation,Routine monitoring.
350_510,74.50041366100665,86.10895737778165,24.072700691121742,13.215996809055468,97.6019649446638,LOW,NORMAL,56.16605558329132,ROUTINE,0,elevated landslide risk; elevated neighbouring-cell risk,Routine monitoring.
350_606,72.94152796144361,90.80482968735362,24.072700691121742,13.215996809055468,0.0,LOW,NORMAL,40.82426227678838,ROUTINE,0,elevated landslide risk,Routine monitoring.
351_413,69.66914351630781,90.54280640408294,24.072700691121742,13.215996809055468,0.0,LOW,NORMAL,39.35168927647727,ROUTINE,0,elevated landslide risk,Routine monitoring.
351_482,61.35612034981855,86.24414826472385,24.072700691121742,13.215996809055468,0.0,LOW,NORMAL,35.6108288515571,ROUTINE,0,elevated landslide risk,Routine monitoring.
351_510,74.89145531246072,88.9550994382967,24.072700691121742,13.215996809055468,96.39917783780774,LOW,NORMAL,56.161606260417244,ROUTINE,0,elevated landslide risk; elevated neighbouring-cell risk,Routine monitoring.
353_512,73.58439892247063,87.57219900539631,24.072700691121742,13.215996809055468,97.24428365791354,LOW,NORMAL,55.70019675793757,ROUTINE,0,elevated landslide risk; elevated neighbouring-cell risk,Routine monitoring.
355_106,19.18270169919941,80.08816986519025,24.072700691121742,13.215996809055468,0.0,LOW,NORMAL,16.63279045877849,ROUTINE,0,no current multi-signal escalation,Routine monitoring.
355_852,18.8404549387394,77.09746327928603,24.072700691121742,13.215996809055468,0.0,LOW,NORMAL,16.478779416571488,ROUTINE,0,no current multi-signal escalation,Routine monitoring.
356_608,50.00591588682762,47.61597641588936,24.072700691121742,13.215996809055468,0.0,LOW,NORMAL,30.503236843211187,ROUTINE,0,no current multi-signal escalation,Routine monitoring.
358_530,58.56662819769603,85.32919194677348,24.072700691121742,13.215996809055468,0.0,LOW,NORMAL,34.35555738310197,ROUTINE,0,no current multi-signal escalation,Routine monitoring.
358_1363,12.893261058957169,82.83380530397937,24.072700691121742,13.215996809055468,0.0,LOW,NORMAL,13.802542170669483,ROUTINE,0,no current multi-signal escalation,Routine monitoring.
360_264,41.81076764681826,51.382704217867925,24.072700691121742,13.215996809055468,0.0,LOW,NORMAL,26.815420135206974,ROUTINE,0,no current multi-signal escalation,Routine monitoring.
360_519,57.1426898372783,82.57911340462593,24.072700691121742,13.215996809055468,0.0,LOW,NORMAL,33.71478512091399,ROUTINE,0,no current multi-signal escalation,Routine monitoring.
360_1070,23.205958086639622,81.35813033949856,24.072700691121742,13.215996809055468,0.0,LOW,NORMAL,18.443255833126585,ROUTINE,0,no current multi-signal escalation,Routine monitoring.
363_189,29.099995436244512,70.30059206064185,24.072700691121742,13.215996809055468,0.0,LOW,NORMAL,21.095572640448786,ROUTINE,0,no current multi-signal escalation,Routine monitoring.
363_966,17.773086253732224,76.99928146110422,24.072700691121742,13.215996809055468,0.0,LOW,NORMAL,15.998463508318256,ROUTINE,0,no current multi-signal escalation,Routine monitoring.
364_545,58.2976906947719,70.78382832334017,24.072700691121742,13.215996809055468,0.0,LOW,NORMAL,34.23453550678611,ROUTINE,0,no current multi-signal escalation,Routine monitoring.
367_468,29.19526480835909,77.67719618635891,24.072700691121742,13.215996809055468,0.0,LOW,NORMAL,21.13844385790035,ROUTINE,0,no current multi-signal escalation,Routine monitoring.
368_367,80.68829355966977,90.95888314552334,24.072700691121742,13.215996809055468,98.50797474747476,LOW,NORMAL,59.08650300811137,ROUTINE,0,elevated landslide risk; elevated neighbouring-cell risk,Routine monitoring.
368_829,15.71631219510885,77.17597567598025,24.072700691121742,13.215996809055468,0.0,LOW,NORMAL,15.072915181937738,ROUTINE,0,no current multi-signal escalation,Routine monitoring.
369_539,70.34750812120066,88.19455305315583,24.072700691121742,13.215996809055468,0.0,LOW,NORMAL,39.65695334867905,ROUTINE,0,elevated landslide risk,Routine monitoring.
370_476,21.884625228018173,70.29152911615823,24.072700691121742,13.215996809055468,0.0,LOW,NORMAL,17.848656046746935,ROUTINE,0,no current multi-signal escalation,Routine monitoring.
372_119,17.37965672442332,80.34652547471148,24.072700691121742,13.215996809055468,0.0,LOW,NORMAL,15.821420220129252,ROUTINE,0,no current multi-signal escalation,Routine monitoring.
372_368,83.18796087825785,89.61895752568861,24.072700691121742,13.215996809055468,99.65435555555555,LOW,NORMAL,60.38331042268812,ROUTINE,0,elevated landslide risk; elevated neighbouring-cell risk,Routine monitoring.
373_448,63.59635208293233,82.07628271892293,24.072700691121742,13.215996809055468,0.0,LOW,NORMAL,36.6189331314583,ROUTINE,0,elevated landslide risk,Routine monitoring.
373_717,20.853418769590483,76.96109964292239,24.072700691121742,13.215996809055468,0.0,LOW,NORMAL,17.384613140454473,ROUTINE,0,no current multi-signal escalation,Routine monitoring.
376_613,73.49140396767824,86.86990351152096,24.072700691121742,13.215996809055468,98.8285502136752,LOW,NORMAL,55.89598901164524,ROUTINE,0,elevated landslide risk; elevated neighbouring-cell risk,Routine monitoring.
376_614,79.91005577072916,89.99365612254633,24.072700691121742,13.215996809055468,96.15600631313131,LOW,NORMAL,58.38350073793657,ROUTINE,0,elevated landslide risk; elevated neighbouring-cell risk,Routine monitoring.
377_494,62.88445303089592,79.13731381248107,24.072700691121742,13.215996809055468,0.0,LOW,NORMAL,36.29857855804192,ROUTINE,0,elevated landslide risk,Routine monitoring.
377_504,61.036373053238265,86.45190300997857,24.072700691121742,13.215996809055468,0.0,LOW,NORMAL,35.46694256809597,ROUTINE,0,elevated landslide risk,Routine monitoring.
379_464,80.70957684160345,90.65333769097788,24.072700691121742,13.215996809055468,99.74734188034188,LOW,NORMAL,59.281985554911586,ROUTINE,0,elevated landslide risk; elevated neighbouring-cell risk,Routine monitoring.
381_395,59.95420500470179,86.35067351118602,24.072700691121742,13.215996809055468,0.0,LOW,NORMAL,34.979966946254564,ROUTINE,0,no current multi-signal escalation,Routine monitoring.
381_468,80.95572727096128,91.06756846020866,24.072700691121742,13.215996809055468,98.92799519681788,LOW,NORMAL,59.26985124559401,ROUTINE,0,elevated landslide risk; elevated neighbouring-cell risk,Routine monitoring.
382_638,14.66471704505372,82.65150851933485,24.072700691121742,13.215996809055468,0.0,LOW,NORMAL,14.599697364412929,ROUTINE,0,no current multi-signal escalation,Routine monitoring.
383_922,10.668209968768457,77.17928146110421,24.072700691121742,13.215996809055468,0.0,LOW,NORMAL,12.80126918008456,ROUTINE,0,no current multi-signal escalation,Routine monitoring.
384_469,73.52387060282236,87.0702622557748,24.072700691121742,13.215996809055468,99.69406733886876,LOW,NORMAL,56.04042656623913,ROUTINE,0,elevated landslide risk; elevated neighbouring-cell risk,Routine monitoring.
384_549,27.25583096255721,77.08356943761358,24.072700691121742,13.215996809055468,0.0,LOW,NORMAL,20.2656986272895,ROUTINE,0,no current multi-signal escalation,Routine monitoring.
384_1393,14.116593584696313,81.9483376909779,24.072700691121742,13.215996809055468,0.0,LOW,NORMAL,14.353041807252097,ROUTINE,0,no current multi-signal escalation,Routine monitoring.
386_469,75.39661437148945,90.87794623845878,24.072700691121742,13.215996809055468,99.07355587502396,LOW,NORMAL,56.7900845425626,ROUTINE,0,elevated landslide risk; elevated neighbouring-cell risk,Routine monitoring.
386_471,78.80390322871324,90.93027872291891,24.072700691121742,13.215996809055468,98.6543423392998,LOW,NORMAL,58.26048249795468,ROUTINE,0,elevated landslide risk; elevated neighbouring-cell risk,Routine monitoring.
386_685,22.20931302815606,76.9120087338315,24.072700691121742,13.215996809055468,0.0,LOW,NORMAL,17.994765556808986,ROUTINE,0,no current multi-signal escalation,Routine monitoring.
388_927,23.71604033053098,77.08178146110421,24.072700691121742,13.215996809055468,0.0,LOW,NORMAL,18.672792842877698,ROUTINE,0,no current multi-signal escalation,Routine monitoring.
391_315,20.88564987429138,71.69359743123763,24.072700691121742,13.215996809055468,0.0,LOW,NORMAL,17.399117137569878,ROUTINE,0,no current multi-signal escalation,Routine monitoring.
391_522,70.78805708907795,88.45658819047841,24.072700691121742,13.215996809055468,0.0,LOW,NORMAL,39.855200384223835,ROUTINE,0,elevated landslide risk,Routine monitoring.
393_437,69.04545647776386,90.0722523477497,24.072700691121742,13.215996809055468,0.0,LOW,NORMAL,39.071030109132494,ROUTINE,0,elevated landslide risk,Routine monitoring.
394_671,27.29615029365728,80.24403141703064,24.072700691121742,13.215996809055468,0.0,LOW,NORMAL,20.28384232628453,ROUTINE,0,no current multi-signal escalation,Routine monitoring.
394_1262,11.426933424442003,82.60207366889642,24.072700691121742,13.215996809055468,0.0,LOW,NORMAL,13.142694735137656,ROUTINE,0,no current multi-signal escalation,Routine monitoring.
394_1503,14.30552513877258,80.88697405461426,24.072700691121742,13.215996809055468,0.0,LOW,NORMAL,14.438061006586416,ROUTINE,0,no current multi-signal escalation,Routine monitoring.
395_1491,9.90855797377598,83.17597567598025,24.072700691121742,13.215996809055468,0.0,LOW,NORMAL,12.459425782337949,ROUTINE,0,no current multi-signal escalation,Routine monitoring.
396_198,13.684498583010258,81.40616690442803,24.072700691121742,13.215996809055468,0.0,LOW,NORMAL,14.158599056493372,ROUTINE,0,no current multi-signal escalation,Routine monitoring.
396_1282,20.86182347807564,76.9310996429224,24.072700691121742,13.215996809055468,0.0,LOW,NORMAL,17.388395259272794,ROUTINE,0,no current multi-signal escalation,Routine monitoring.
396_1560,16.86598141973531,80.46247508566148,24.072700691121742,13.215996809055468,0.0,LOW,NORMAL,15.590266333019645,ROUTINE,0,no current multi-signal escalation,Routine monitoring.
397_969,21.87722014047602,77.03269055201332,24.072700691121742,13.215996809055468,0.0,LOW,NORMAL,17.845323757352965,ROUTINE,0,no current multi-signal escalation,Routine monitoring.
398_366,69.59787824313437,88.87969981722372,24.072700691121742,13.215996809055468,0.0,LOW,NORMAL,39.319619903549224,ROUTINE,0,elevated landslide risk,Routine monitoring.
398_393,44.7924437378014,52.27403775201624,24.072700691121742,13.215996809055468,0.0,LOW,NORMAL,28.157174376149385,ROUTINE,0,no current multi-signal escalation,Routine monitoring.
398_514,71.31131134003066,89.28936416450438,24.072700691121742,13.215996809055468,0.0,LOW,NORMAL,40.09066479715255,ROUTINE,0,elevated landslide risk,Routine monitoring.
398_612,29.26394684237593,72.6134547129933,24.072700691121742,13.215996809055468,0.0,LOW,NORMAL,21.169350773207924,ROUTINE,0,no current multi-signal escalation,Routine monitoring.
398_636,26.151842677477127,68.47677847943844,24.072700691121742,13.215996809055468,0.0,LOW,NORMAL,19.768903899003465,ROUTINE,0,no current multi-signal escalation,Routine monitoring.
398_724,16.0367563444873,76.95291782474058,24.072700691121742,13.215996809055468,0.0,LOW,NORMAL,15.217115049158043,ROUTINE,0,no current multi-signal escalation,Routine monitoring.
399_176,35.78774676782468,66.99635317816451,24.072700691121742,13.215996809055468,0.0,LOW,NORMAL,24.105060739659862,ROUTINE,0,no current multi-signal escalation,Routine monitoring.
399_549,67.18849820563644,84.37069533333556,24.072700691121742,13.215996809055468,0.0,LOW,NORMAL,38.23539888667515,ROUTINE,0,elevated landslide risk,Routine monitoring.
400_148,53.44421668232804,66.79090239899718,24.072700691121742,13.215996809055468,0.0,LOW,NORMAL,32.05047220118637,ROUTINE,0,no current multi-signal escalation,Routine monitoring.
404_506,51.72368089116648,75.21849814975494,24.072700691121742,13.215996809055468,0.0,LOW,NORMAL,31.276231095163674,ROUTINE,0,no current multi-signal escalation,Routine monitoring.
405_401,62.13654808104782,82.77467030128516,24.072700691121742,13.215996809055468,0.0,LOW,NORMAL,35.96202133061028,ROUTINE,0,elevated landslide risk,Routine monitoring.
406_394,51.94659770188708,66.61395240211233,24.072700691121742,13.215996809055468,0.0,LOW,NORMAL,31.37654365998794,ROUTINE,0,no current multi-signal escalation,Routine monitoring.
406_456,60.19370312705063,85.3792070609696,24.072700691121742,13.215996809055468,0.0,LOW,NORMAL,35.087741101311536,ROUTINE,0,elevated landslide risk,Routine monitoring.
406_513,78.65168062247697,89.76046874174534,24.072700691121742,13.215996809055468,97.513006993007,LOW,NORMAL,58.02078202320445,ROUTINE,0,elevated landslide risk; elevated neighbouring-cell risk,Routine monitoring.
407_527,72.01170468000669,90.50119483383504,24.072700691121742,13.215996809055468,0.0,LOW,NORMAL,40.405841800141765,ROUTINE,0,elevated landslide risk,Routine monitoring.
407_1330,12.41249271569401,83.17597567598025,24.072700691121742,13.215996809055468,0.0,LOW,NORMAL,13.586196416201059,ROUTINE,0,no current multi-signal escalation,Routine monitoring.
408_650,56.10435571510229,72.49871177922434,24.072700691121742,13.215996809055468,0.0,LOW,NORMAL,33.24753476593478,ROUTINE,0,no current multi-signal escalation,Routine monitoring.
409_488,80.97082874726225,89.9176986365862,24.072700691121742,13.215996809055468,95.46051007164677,LOW,NORMAL,58.75652414115378,ROUTINE,0,elevated landslide risk; elevated neighbouring-cell risk,Routine monitoring.
409_509,78.97530492845863,88.45600820228478,24.072700691121742,13.215996809055468,98.62904545454548,LOW,NORMAL,58.333818730126964,ROUTINE,0,elevated landslide risk; elevated neighbouring-cell risk,Routine monitoring.
409_663,77.5104051536246,84.63986116750135,24.072700691121742,13.215996809055468,91.08981046961726,LOW,NORMAL,56.543728583712415,ROUTINE,0,elevated landslide risk; elevated neighbouring-cell risk,Routine monitoring.
410_480,73.2467492119927,84.70632400947224,24.072700691121742,13.215996809055468,93.5159640522876,LOW,NORMAL,54.989006447378614,ROUTINE,0,elevated landslide risk; elevated neighbouring-cell risk,Routine monitoring.
410_491,81.56854095472158,86.05698582666889,24.072700691121742,13.215996809055468,98.763564364576,LOW,NORMAL,59.52095277844987,ROUTINE,0,elevated landslide risk; elevated neighbouring-cell risk,Routine monitoring.
410_662,77.91140689496193,83.98338764102786,24.072700691121742,13.215996809055468,91.4909887357955,LOW,NORMAL,56.78435610724095,ROUTINE,0,elevated landslide risk; elevated neighbouring-cell risk,Routine monitoring.
410_712,21.20927526416005,82.97473600655877,24.072700691121742,13.215996809055468,0.0,LOW,NORMAL,17.544748563010778,ROUTINE,0,no current multi-signal escalation,Routine monitoring.
411_386,69.08829002596465,86.41892630332599,24.072700691121742,13.215996809055468,97.17739875589874,LOW,NORMAL,53.666915019207664,ROUTINE,0,elevated landslide risk; elevated neighbouring-cell risk,Routine monitoring.
412_399,62.42470920059856,86.56953859844717,24.072700691121742,13.215996809055468,0.0,LOW,NORMAL,36.091693834408105,ROUTINE,0,elevated landslide risk,Routine monitoring.
412_530,55.53371352215811,59.12588499568169,24.072700691121742,13.215996809055468,0.0,LOW,NORMAL,32.9907457791099,ROUTINE,0,no current multi-signal escalation,Routine monitoring.
412_660,65.40131411505168,73.36084655519629,24.072700691121742,13.215996809055468,93.78598921448922,LOW,NORMAL,51.49906442808539,ROUTINE,0,elevated landslide risk; elevated neighbouring-cell risk,Routine monitoring.
413_231,15.865883166077277,80.35862539779994,24.072700691121742,13.215996809055468,0.0,LOW,NORMAL,15.140222118873531,ROUTINE,0,no current multi-signal escalation,Routine monitoring.
413_476,81.06302014179866,83.78413983001533,24.072700691121742,13.215996809055468,94.3049438502674,LOW,NORMAL,58.62467533548826,ROUTINE,0,elevated landslide risk; elevated neighbouring-cell risk,Routine monitoring.
413_656,76.10181017802027,82.46077025841043,24.072700691121742,13.215996809055468,84.59825758383131,LOW,NORMAL,54.93612791182258,ROUTINE,0,elevated landslide risk; elevated neighbouring-cell risk,Routine monitoring.
413_847,21.341127156023333,77.17597567598025,24.072700691121742,13.215996809055468,0.0,LOW,NORMAL,17.60408191434926,ROUTINE,0,no current multi-signal escalation,Routine monitoring.
414_365,65.77825898598773,88.31650676925693,24.072700691121742,13.215996809055468,0.0,LOW,NORMAL,37.600791237833235,ROUTINE,0,elevated landslide risk,Routine monitoring.
414_425,71.59828003743938,90.16824028838047,24.072700691121742,13.215996809055468,0.0,LOW,NORMAL,40.219800710986476,ROUTINE,0,elevated landslide risk,Routine monitoring.
415_392,73.53589443175383,90.2546020826146,24.072700691121742,13.215996809055468,98.35421323529413,LOW,NORMAL,55.8448591737221,ROUTINE,0,elevated landslide risk; elevated neighbouring-cell risk,Routine monitoring.
416_384,75.01474899748746,88.06373883423615,24.072700691121742,13.215996809055468,95.77017025723116,LOW,NORMAL,56.12273728159279,ROUTINE,0,elevated landslide risk; elevated neighbouring-cell risk,Routine monitoring.
418_645,64.12974686679004,78.67706895970917,24.072700691121742,13.215996809055468,0.0,LOW,NORMAL,36.858960784194274,ROUTINE,0,elevated landslide risk,Routine monitoring.
419_394,79.37117675582513,89.4392362776853,24.072700691121742,13.215996809055468,99.05180397951142,LOW,NORMAL,58.57537483118678,ROUTINE,0,elevated landslide risk; elevated neighbouring-cell risk,Routine monitoring.
419_1157,23.465473638857013,82.87506068188344,24.072700691121742,13.215996809055468,0.0,LOW,NORMAL,18.560037831624413,ROUTINE,0,no current multi-signal escalation,Routine monitoring.
420_476,27.59925503954768,78.08990231526225,24.072700691121742,13.215996809055468,0.0,LOW,NORMAL,20.42023946193521,ROUTINE,0,no current multi-signal escalation,Routine monitoring.
422_365,79.60899654502226,89.70999202501594,24.072700691121742,13.215996809055468,92.81736302424969,LOW,NORMAL,57.74722759303623,ROUTINE,0,elevated landslide risk; elevated neighbouring-cell risk,Routine monitoring.
424_174,54.04972210046353,68.98113082707425,24.072700691121742,13.215996809055468,0.0,LOW,NORMAL,32.32294963934734,ROUTINE,0,no current multi-signal escalation,Routine monitoring.
424_402,65.3408356513017,87.6723293553419,24.072700691121742,13.215996809055468,0.0,LOW,NORMAL,37.40395073722452,ROUTINE,0,elevated landslide risk,Routine monitoring.
425_362,72.66655869247467,82.9675931738671,24.072700691121742,13.215996809055468,98.58585981912148,LOW,NORMAL,55.48840507862058,ROUTINE,0,elevated landslide risk; elevated neighbouring-cell risk,Routine monitoring.
425_396,42.92873121182745,56.50430308921602,24.072700691121742,13.215996809055468,0.0,LOW,NORMAL,27.318503739461107,ROUTINE,0,no current multi-signal escalation,Routine monitoring.
425_431,63.92141657831796,85.61781414204526,24.072700691121742,13.215996809055468,0.0,LOW,NORMAL,36.765212154381835,ROUTINE,0,elevated landslide risk,Routine monitoring.
426_225,20.060498128028406,79.87423289307146,24.072700691121742,13.215996809055468,0.0,LOW,NORMAL,17.02779885175154,ROUTINE,0,no current multi-signal escalation,Routine monitoring.
426_461,65.91271902101722,89.62338081743644,24.072700691121742,13.215996809055468,0.0,LOW,NORMAL,37.661298253596506,ROUTINE,0,elevated landslide risk,Routine monitoring.
426_780,14.008370555230403,76.72109964292241,24.072700691121742,13.215996809055468,0.0,LOW,NORMAL,14.304341443992438,ROUTINE,0,no current multi-signal escalation,Routine monitoring.
427_810,10.874977185956045,77.06688476688934,24.072700691121742,13.215996809055468,0.0,LOW,NORMAL,12.894314427818976,ROUTINE,0,no current multi-signal escalation,Routine monitoring.
427_1149,17.161101979548924,83.17597567598025,24.072700691121742,13.215996809055468,0.0,LOW,NORMAL,15.723070584935773,ROUTINE,0,no current multi-signal escalation,Routine monitoring.
428_451,77.12415984408705,90.46108429043404,24.072700691121742,13.215996809055468,95.50610460066548,LOW,NORMAL,57.032362314077744,ROUTINE,0,elevated landslide risk; elevated neighbouring-cell risk,Routine monitoring.
428_454,68.17435564672452,86.11027813331415,24.072700691121742,13.215996809055468,99.2284609795347,LOW,NORMAL,53.563303882095,ROUTINE,0,elevated landslide risk; elevated neighbouring-cell risk,Routine monitoring.
429_1090,22.627522755909723,83.17928146110421,24.072700691121742,13.215996809055468,0.0,LOW,NORMAL,18.182959934298133,ROUTINE,0,no current multi-signal escalation,Routine monitoring.
430_437,55.76703571657527,79.94912053188605,24.072700691121742,13.215996809055468,0.0,LOW,NORMAL,33.09574076659763,ROUTINE,0,no current multi-signal escalation,Routine monitoring.
431_493,64.62148637249004,88.70255235334703,24.072700691121742,13.215996809055468,0.0,LOW,NORMAL,37.080243561759275,ROUTINE,0,elevated landslide risk,Routine monitoring.
431_668,49.10675048086963,64.2643469355764,24.072700691121742,13.215996809055468,0.0,LOW,NORMAL,30.098612410530087,ROUTINE,0,no current multi-signal escalation,Routine monitoring.
435_1590,20.7433240449202,73.61788314552334,24.072700691121742,13.215996809055468,0.0,LOW,NORMAL,17.335070514352847,ROUTINE,0,no current multi-signal escalation,Routine monitoring.
437_491,62.39450844127935,89.04693756333944,24.072700691121742,13.215996809055468,0.0,LOW,NORMAL,36.07810349271446,ROUTINE,0,elevated landslide risk,Routine monitoring.
441_401,54.009425031104605,61.18930859173493,24.072700691121742,13.215996809055468,0.0,LOW,NORMAL,32.304815958135826,ROUTINE,0,no current multi-signal escalation,Routine monitoring.
443_1108,20.16144847768016,83.17928146110421,24.072700691121742,13.215996809055468,0.0,LOW,NORMAL,17.07322650909483,ROUTINE,0,no current multi-signal escalation,Routine monitoring.
445_369,80.16856851143925,89.67436041825061,24.072700691121742,13.215996809055468,96.42900485290558,LOW,NORMAL,58.54078125222225,ROUTINE,0,elevated landslide risk; elevated neighbouring-cell risk,Routine monitoring.
445_447,61.99169706453964,83.83860811446155,24.072700691121742,13.215996809055468,0.0,LOW,NORMAL,35.896838373181595,ROUTINE,0,elevated landslide risk,Routine monitoring.
446_347,58.18785656753366,79.8083081750393,24.072700691121742,13.215996809055468,0.0,LOW,NORMAL,34.1851101495289,ROUTINE,0,no current multi-signal escalation,Routine monitoring.
446_365,73.47898020872879,87.19696974557127,24.072700691121742,13.215996809055468,97.85025777844538,LOW,NORMAL,55.74365445483352,ROUTINE,0,elevated landslide risk; elevated neighbouring-cell risk,Routine monitoring.
447_1052,13.634112693001915,82.84519055201332,24.072700691121742,13.215996809055468,0.097687501720193,LOW,NORMAL,14.150578531247646,ROUTINE,0,no current multi-signal escalation,Routine monitoring.
448_373,70.1606155088722,87.1690501345627,24.072700691121742,13.215996809055468,98.65193871983068,LOW,NORMAL,54.37064248110585,ROUTINE,0,elevated landslide risk; elevated neighbouring-cell risk,Routine monitoring.
448_377,75.53309640468176,89.83237377797352,24.072700691121742,13.215996809055468,96.41194286840036,LOW,NORMAL,56.4522595065056,ROUTINE,0,elevated landslide risk; elevated neighbouring-cell risk,Routine monitoring.
448_400,83.48449972095167,88.39467181140296,24.072700691121742,13.215996809055468,95.87879901121832,LOW,NORMAL,59.95041942024976,ROUTINE,0,elevated landslide risk; elevated neighbouring-cell risk,Routine monitoring.
449_361,72.61343477330558,86.78978996643625,24.072700691121742,13.215996809055468,96.43582964670767,LOW,NORMAL,55.14199478913242,ROUTINE,0,elevated landslide risk; elevated neighbouring-cell risk,Routine monitoring.
449_400,80.35501161804908,87.88934713607827,24.072700691121742,13.215996809055468,96.18760853502786,LOW,NORMAL,58.588471202515024,ROUTINE,0,elevated landslide risk; elevated neighbouring-cell risk,Routine monitoring.
449_1054,11.204440517312545,83.06688476688934,24.072700691121742,13.215996809055468,0.2873592188919129,LOW,NORMAL,13.08567680976319,ROUTINE,0,no current multi-signal escalation,Routine monitoring.
450_489,67.55626557850934,78.0963181409884,24.072700691121742,13.215996809055468,97.60472261072262,LOW,NORMAL,53.04160259607635,ROUTINE,0,elevated landslide risk; elevated neighbouring-cell risk,Routine monitoring.
450_532,19.74182501740012,80.61332437471233,24.072700691121742,13.215996809055468,1.2160020687956332,LOW,NORMAL,17.066796262288157,ROUTINE,0,no current multi-signal escalation,Routine monitoring.
450_1086,17.44530219212768,83.12473600655878,24.072700691121742,13.215996809055468,0.0,LOW,NORMAL,15.850960680596213,ROUTINE,0,no current multi-signal escalation,Routine monitoring.
451_746,22.67875441137356,82.97746327928604,24.072700691121742,13.215996809055468,0.0,LOW,NORMAL,18.206014179256858,ROUTINE,0,no current multi-signal escalation,Routine monitoring.
452_484,77.99225614338665,88.56320827493937,24.072700691121742,13.215996809055468,88.64971660723123,LOW,NORMAL,56.394547449747435,ROUTINE,0,elevated landslide risk; elevated neighbouring-cell risk,Routine monitoring.
452_495,80.1068083046416,88.20239363503383,24.072700691121742,13.215996809055468,96.31357488344987,LOW,NORMAL,58.495674663744964,ROUTINE,0,elevated landslide risk; elevated neighbouring-cell risk,Routine monitoring.
452_529,16.132966084454463,81.75976384433363,24.072700691121742,13.215996809055468,2.196844726138293,LOW,NORMAL,15.58993614106401,ROUTINE,0,no current multi-signal escalation,Routine monitoring.
452_784,22.032901804522723,77.17928146110421,24.072700691121742,13.215996809055468,0.0,LOW,NORMAL,17.91538050617398,ROUTINE,0,no current multi-signal escalation,Routine monitoring.
453_391,73.00473532126874,89.19514255630281,24.072700691121742,13.215996809055468,0.0,LOW,NORMAL,40.85270558870969,ROUTINE,0,elevated landslide risk,Routine monitoring.
453_400,76.57925595989255,83.18726457866552,24.072700691121742,13.215996809055468,97.33700649350652,LOW,NORMAL,57.06179085011638,ROUTINE,0,elevated landslide risk; elevated neighbouring-cell risk,Routine monitoring.
453_407,71.78937343369881,81.71730459880581,24.072700691121742,13.215996809055468,98.12049783549786,LOW,NORMAL,55.0238674146279,ROUTINE,0,elevated landslide risk; elevated neighbouring-cell risk,Routine monitoring.
453_408,78.84082423384099,89.06754666382324,24.072700691121742,13.215996809055468,96.32377199738248,LOW,NORMAL,57.92751139897457,ROUTINE,0,elevated landslide risk; elevated neighbouring-cell risk,Routine monitoring.
453_411,78.77494680326896,89.20546874174534,24.072700691121742,13.215996809055468,96.23948628309677,LOW,NORMAL,57.885223698074306,ROUTINE,0,elevated landslide risk; elevated neighbouring-cell risk,Routine monitoring.
453_1353,20.9214247904929,82.96109964292239,24.072700691121742,13.215996809055468,0.0,LOW,NORMAL,17.415215849860562,ROUTINE,0,no current multi-signal escalation,Routine monitoring.
454_496,80.08100178890899,87.05407456773749,24.072700691121742,13.215996809055468,97.0794303096663,LOW,NORMAL,58.59894004559774,ROUTINE,0,elevated landslide risk; elevated neighbouring-cell risk,Routine monitoring.
455_445,74.35912259768155,86.51767541713382,24.072700691121742,13.215996809055468,96.91171717171716,LOW,NORMAL,55.99893743885302,ROUTINE,0,elevated landslide risk; elevated neighbouring-cell risk,Routine monitoring.
456_342,57.0698447281737,79.58306297514001,24.072700691121742,13.215996809055468,0.0,LOW,NORMAL,33.68200482181692,ROUTINE,0,no current multi-signal escalation,Routine monitoring.
457_503,29.600500365751444,73.67708733008442,24.072700691121742,13.215996809055468,0.0,LOW,NORMAL,21.320799858726907,ROUTINE,0,no current multi-signal escalation,Routine monitoring.
457_1000,14.704188596341051,77.17928146110421,24.072700691121742,13.215996809055468,0.0,LOW,NORMAL,14.617459562492229,ROUTINE,0,no current multi-signal escalation,Routine monitoring.
458_197,23.61040044948741,72.80637375047755,24.072700691121742,13.215996809055468,0.0,LOW,NORMAL,18.62525489640809,ROUTINE,0,no current multi-signal escalation,Routine monitoring.
458_494,70.68620778919788,87.31632182492744,24.072700691121742,13.215996809055468,96.31357488344987,LOW,NORMAL,54.256404431795275,ROUTINE,0,elevated landslide risk; elevated neighbouring-cell risk,Routine monitoring.
458_665,29.837892583854213,70.46490133426205,24.072700691121742,13.215996809055468,5.32154414249346,LOW,NORMAL,22.22585797824717,ROUTINE,0,no current multi-signal escalation,Routine monitoring.
459_415,64.18080624870073,86.90098228475622,24.072700691121742,13.215996809055468,0.0,LOW,NORMAL,36.881937506054086,ROUTINE,0,elevated landslide risk,Routine monitoring.
459_447,79.46131877392446,87.7532019176603,24.072700691121742,13.215996809055468,95.85465561015565,LOW,NORMAL,58.13636648392811,ROUTINE,0,elevated landslide risk; elevated neighbouring-cell risk,Routine monitoring.
459_669,21.216989773421965,76.96107830364787,24.072700691121742,13.215996809055468,10.879384438523545,LOW,NORMAL,19.180127757957173,ROUTINE,0,no current multi-signal escalation,Routine monitoring.
459_1218,11.205368166426547,82.97039035221312,24.072700691121742,13.215996809055468,0.0,LOW,NORMAL,13.0429903690307,ROUTINE,0,no current multi-signal escalation,Routine monitoring.
460_1285,17.27222785966994,83.17597567598025,24.072700691121742,13.215996809055468,0.0,LOW,NORMAL,15.773077230990229,ROUTINE,0,no current multi-signal escalation,Routine monitoring.
463_1201,11.276483956110097,82.35876198058475,24.072700691121742,13.215996809055468,0.0,LOW,NORMAL,13.0749924743883,ROUTINE,0,no current multi-signal escalation,Routine monitoring.
464_214,36.75880930415276,48.62565363011575,24.072700691121742,13.215996809055468,0.0,LOW,NORMAL,24.5420388810075,ROUTINE,0,no current multi-signal escalation,Routine monitoring.
464_647,57.23584023691332,73.33736106605544,24.072700691121742,13.215996809055468,0.0,LOW,NORMAL,33.75670280074975,ROUTINE,0,no current multi-signal escalation,Routine monitoring.
466_1167,11.365617105736012,83.12473600655878,24.072700691121742,13.215996809055468,0.0,LOW,NORMAL,13.115102391719962,ROUTINE,0,no current multi-signal escalation,Routine monitoring.
467_337,66.86740680171937,79.2817917235763,24.072700691121742,13.215996809055468,0.0,LOW,NORMAL,38.09090775491247,ROUTINE,0,elevated landslide risk,Routine monitoring.
468_344,61.64023669655069,78.26908930971109,24.072700691121742,13.215996809055468,0.0,LOW,NORMAL,35.738681207586566,ROUTINE,0,elevated landslide risk,Routine monitoring.
468_413,65.55059771069436,74.04427453488265,24.072700691121742,13.215996809055468,0.0,LOW,NORMAL,37.49834366395122,ROUTINE,0,elevated landslide risk,Routine monitoring.
471_565,62.915053425732594,78.68613056655153,24.072700691121742,13.215996809055468,0.0,LOW,NORMAL,36.31234873571842,ROUTINE,0,elevated landslide risk,Routine monitoring.
472_104,22.38574015257759,77.26583093146193,24.072700691121742,13.215996809055468,0.0,LOW,NORMAL,18.074157762798674,ROUTINE,0,no current multi-signal escalation,Routine monitoring.
472_500,16.957018610550477,78.21550052814074,24.072700691121742,13.215996809055468,0.0,LOW,NORMAL,15.63123306888647,ROUTINE,0,no current multi-signal escalation,Routine monitoring.
472_543,76.13892741040682,88.73192634703113,24.072700691121742,13.215996809055468,98.48646066066064,LOW,NORMAL,57.03606112792092,ROUTINE,0,elevated landslide risk; elevated neighbouring-cell risk,Routine monitoring.
472_912,15.36430942473849,75.73432216430982,24.072700691121742,13.215996809055468,0.0,LOW,NORMAL,14.914513935271078,ROUTINE,0,no current multi-signal escalation,Routine monitoring.
473_380,78.23667606036173,90.08090325174652,24.072700691121742,13.215996809055468,99.40394022289767,LOW,NORMAL,58.117669954736186,ROUTINE,0,elevated landslide risk; elevated neighbouring-cell risk,Routine monitoring.
473_381,77.67769924285352,90.66618989955958,24.072700691121742,13.215996809055468,99.50060672891352,LOW,NORMAL,57.880630362759874,ROUTINE,0,elevated landslide risk; elevated neighbouring-cell risk,Routine monitoring.
473_540,78.7138480205306,89.59381119045136,24.072700691121742,13.215996809055468,97.74907029462337,LOW,NORMAL,58.08416684757103,ROUTINE,0,elevated landslide risk; elevated neighbouring-cell risk,Routine monitoring.
474_421,68.14378347512901,70.71900505743807,24.072700691121742,13.215996809055468,76.81938655788657,LOW,NORMAL,50.188185241629796,ROUTINE,0,elevated landslide risk; elevated neighbouring-cell risk,Routine monitoring.
474_471,77.48430210650002,90.5995409500535,24.072700691121742,13.215996809055468,99.35692063492064,LOW,NORMAL,57.772048737301866,ROUTINE,0,elevated landslide risk; elevated neighbouring-cell risk,Routine monitoring.
475_374,62.329306934655776,89.50829130878864,24.072700691121742,13.215996809055468,0.0,LOW,NORMAL,36.048762814733855,ROUTINE,0,elevated landslide risk,Routine monitoring.
475_386,79.47497514637914,91.05848611398343,24.072700691121742,13.215996809055468,99.0255747362058,LOW,NORMAL,58.618149720440236,ROUTINE,0,elevated landslide risk; elevated neighbouring-cell risk,Routine monitoring.
475_1305,15.99608600956145,83.12473600655878,24.072700691121742,13.215996809055468,0.0,LOW,NORMAL,15.198813398441409,ROUTINE,0,no current multi-signal escalation,Routine monitoring.
476_163,12.972765031743444,80.70553367681023,24.072700691121742,13.215996809055468,0.0,LOW,NORMAL,13.838318958423304,ROUTINE,0,no current multi-signal escalation,Routine monitoring.
476_416,59.94214374005176,64.2686596417544,24.072700691121742,13.215996809055468,82.33801541352705,LOW,NORMAL,47.3252416891911,ROUTINE,0,elevated neighbouring-cell risk,Routine monitoring.
476_474,82.08314554012628,90.725220807861,24.072700691121742,13.215996809055468,99.39683034592343,LOW,NORMAL,59.8475147390841,ROUTINE,0,elevated landslide risk; elevated neighbouring-cell risk,Routine monitoring.
477_475,81.0751724696338,90.32625976889996,24.072700691121742,13.215996809055468,99.46184621893931,LOW,NORMAL,59.40367923831486,ROUTINE,0,elevated landslide risk; elevated neighbouring-cell risk,Routine monitoring.
477_561,76.3194249447478,82.66483299792515,24.072700691121742,13.215996809055468,98.74050000000004,LOW,NORMAL,57.15539091927528,ROUTINE,0,elevated landslide risk; elevated neighbouring-cell risk,Routine monitoring.
477_1226,20.555435410524417,83.17928146110421,24.072700691121742,13.215996809055468,0.0,LOW,NORMAL,17.250520628874746,ROUTINE,0,no current multi-signal escalation,Routine monitoring.
478_384,75.83139569147171,89.11833109036556,24.072700691121742,13.215996809055468,99.73957142857142,LOW,NORMAL,57.08563846958674,ROUTINE,0,elevated landslide risk; elevated neighbouring-cell risk,Routine monitoring.
478_565,81.28218653178045,89.8907402883805,24.072700691121742,13.215996809055468,92.55833487372152,LOW,NORMAL,58.46130886449819,ROUTINE,0,elevated landslide risk; elevated neighbouring-cell risk,Routine monitoring.
480_471,81.99352168441919,90.7778669117571,24.072700691121742,13.215996809055468,99.35692063492064,LOW,NORMAL,59.80119754736549,ROUTINE,0,elevated landslide risk; elevated neighbouring-cell risk,Routine monitoring.
480_517,63.00512361987987,87.14705035534503,24.072700691121742,13.215996809055468,0.0,LOW,NORMAL,36.3528803230847,ROUTINE,0,elevated landslide risk,Routine monitoring.
480_1139,12.487228726875657,83.17928146110421,24.072700691121742,13.215996809055468,0.0,LOW,NORMAL,13.619827621232801,ROUTINE,0,no current multi-signal escalation,Routine monitoring.
482_479,76.08604874893027,82.97588069342996,24.072700691121742,13.215996809055468,73.72230445781612,LOW,NORMAL,53.297642299829796,ROUTINE,0,elevated landslide risk; elevated neighbouring-cell risk,Routine monitoring.
482_483,58.16336976994754,60.64869355076297,24.072700691121742,13.215996809055468,92.82445345765343,LOW,NORMAL,48.097759109263166,ROUTINE,0,elevated neighbouring-cell risk,Routine monitoring.
483_365,70.67538620827433,91.05756078930813,24.072700691121742,13.215996809055468,0.0,LOW,NORMAL,39.804498487862205,ROUTINE,0,elevated landslide risk,Routine monitoring.
483_403,64.6926559118923,87.43647978824231,24.072700691121742,13.215996809055468,0.0,LOW,NORMAL,37.11226985449029,ROUTINE,0,elevated landslide risk,Routine monitoring.
484_334,59.79627536843781,80.06121526365092,24.072700691121742,13.215996809055468,0.0,LOW,NORMAL,34.90889860993577,ROUTINE,0,no current multi-signal escalation,Routine monitoring.
486_416,77.29567623514014,87.1138571714974,24.072700691121742,13.215996809055468,97.14058735929748,LOW,NORMAL,57.35471710384644,ROUTINE,0,elevated landslide risk; elevated neighbouring-cell risk,Routine monitoring.
488_406,68.36270785521391,89.54111366500388,24.072700691121742,13.215996809055468,0.0,LOW,NORMAL,38.763793228985016,ROUTINE,0,elevated landslide risk,Routine monitoring.
488_504,74.93932154557818,89.57328653986858,24.072700691121742,13.215996809055468,98.689109535067,LOW,NORMAL,56.52663581990899,ROUTINE,0,elevated landslide risk; elevated neighbouring-cell risk,Routine monitoring.
489_364,59.174894758207365,85.39770014670398,24.072700691121742,13.215996809055468,0.0,LOW,NORMAL,34.62927733533207,ROUTINE,0,no current multi-signal escalation,Routine monitoring.
489_371,71.5353069161102,87.95919252878076,24.072700691121742,13.215996809055468,99.76756410256412,LOW,NORMAL,55.15659742177296,ROUTINE,0,elevated landslide risk; elevated neighbouring-cell risk,Routine monitoring.
489_412,75.58282587575628,88.39015860678107,24.072700691121742,13.215996809055468,97.4901830411224,LOW,NORMAL,56.63637379439744,ROUTINE,0,elevated landslide risk; elevated neighbouring-cell risk,Routine monitoring.
489_418,82.9871938625393,88.66481345358739,24.072700691121742,13.215996809055468,96.71337861319272,LOW,NORMAL,59.851818724260355,ROUTINE,0,elevated landslide risk; elevated neighbouring-cell risk,Routine monitoring.
489_419,69.82200814295835,83.26793430648362,24.072700691121742,13.215996809055468,97.5928700297578,LOW,NORMAL,54.05940886293368,ROUTINE,0,elevated landslide risk; elevated neighbouring-cell risk,Routine monitoring.
489_470,77.12688742402717,88.009366866348,24.072700691121742,13.215996809055468,91.17651960784316,LOW,NORMAL,56.384151976127455,ROUTINE,0,elevated landslide risk; elevated neighbouring-cell risk,Routine monitoring.
491_371,79.50980892347161,91.091204823845,24.072700691121742,13.215996809055468,97.4342688191438,LOW,NORMAL,58.39512903257255,ROUTINE,0,elevated landslide risk; elevated neighbouring-cell risk,Routine monitoring.
491_416,74.82361562584441,88.95552032969766,24.072700691121742,13.215996809055468,96.80890267427702,LOW,NORMAL,56.192537126910295,ROUTINE,0,elevated landslide risk; elevated neighbouring-cell risk,Routine monitoring.
491_442,77.54927975237658,88.34282407932528,24.072700691121742,13.215996809055468,92.25043033194196,LOW,NORMAL,56.735315132499515,ROUTINE,0,elevated landslide risk; elevated neighbouring-cell risk,Routine monitoring.
491_456,63.28107068781374,88.56583991207606,24.072700691121742,13.215996809055468,0.0,LOW,NORMAL,36.477056503654936,ROUTINE,0,elevated landslide risk,Routine monitoring.
491_555,64.80906286806639,88.81969948521203,24.072700691121742,13.215996809055468,0.0,LOW,NORMAL,37.16465298476863,ROUTINE,0,elevated landslide risk,Routine monitoring.
491_1386,11.498820184306265,83.03200873383149,24.072700691121742,13.215996809055468,0.0,LOW,NORMAL,13.175043777076574,ROUTINE,0,no current multi-signal escalation,Routine monitoring.
492_301,47.9451365582911,67.9633581982749,24.072700691121742,13.215996809055468,0.0,LOW,NORMAL,29.57588614536975,ROUTINE,0,no current multi-signal escalation,Routine monitoring.
492_508,73.64225615186972,89.83067351118606,24.072700691121742,13.215996809055468,98.40175284592236,LOW,NORMAL,55.89985288936848,ROUTINE,0,elevated landslide risk; elevated neighbouring-cell risk,Routine monitoring.
492_528,79.03746642124808,91.18366236630254,24.072700691121742,13.215996809055468,97.64445970341714,LOW,NORMAL,58.21410353921297,ROUTINE,0,elevated landslide risk; elevated neighbouring-cell risk,Routine monitoring.
492_909,10.406482966640873,75.81542439967036,24.072700691121742,13.215996809055468,0.0,LOW,NORMAL,12.683492029127148,ROUTINE,0,no current multi-signal escalation,Routine monitoring.
493_355,22.637175936412675,74.90310052173004,24.072700691121742,13.215996809055468,0.0,LOW,NORMAL,18.18730386552446,ROUTINE,0,no current multi-signal escalation,Routine monitoring.
493_441,72.8094142192067,82.30494457246851,24.072700691121742,13.215996809055468,97.41617168780832,LOW,NORMAL,55.377236845953014,ROUTINE,0,elevated landslide risk; elevated neighbouring-cell risk,Routine monitoring.
494_471,69.02001242320718,81.04972424559975,24.072700691121742,13.215996809055468,98.06978203024366,LOW,NORMAL,53.77004758911853,ROUTINE,0,elevated landslide risk; elevated neighbouring-cell risk,Routine monitoring.
494_508,75.92262854778855,89.29859084752444,24.072700691121742,13.215996809055468,98.689109535067,LOW,NORMAL,56.96912397090365,ROUTINE,0,elevated landslide risk; elevated neighbouring-cell risk,Routine monitoring.
495_374,76.81862749204481,88.52589018718297,24.072700691121742,13.215996809055468,98.76996588336254,LOW,NORMAL,57.3844519480633,ROUTINE,0,elevated landslide risk; elevated neighbouring-cell risk,Routine monitoring.
495_395,79.6277423066528,91.03861598411332,24.072700691121742,13.215996809055468,99.39705326617826,LOW,NORMAL,58.74261672205926,ROUTINE,0,elevated landslide risk; elevated neighbouring-cell risk,Routine monitoring.
495_397,81.10489288267065,90.65814020988752,24.072700691121742,13.215996809055468,99.72257142857144,LOW,NORMAL,59.45616220562627,ROUTINE,0,elevated landslide risk; elevated neighbouring-cell risk,Routine monitoring.
495_435,67.7665458987378,88.96411691175713,24.072700691121742,13.215996809055468,0.0,LOW,NORMAL,38.495520348570764,ROUTINE,0,elevated landslide risk,Routine monitoring.
495_450,64.43383046808232,88.38386909622062,24.072700691121742,13.215996809055468,0.0,LOW,NORMAL,36.9957984047758,ROUTINE,0,elevated landslide risk,Routine monitoring.
495_461,80.9607887994325,91.15379223643242,24.072700691121742,13.215996809055468,98.99774661984762,LOW,NORMAL,59.282591646860524,ROUTINE,0,elevated landslide risk; elevated neighbouring-cell risk,Routine monitoring.
495_469,78.60195547450789,89.54575116122855,24.072700691121742,13.215996809055468,97.49291687159092,LOW,NORMAL,57.995392188405944,ROUTINE,0,elevated landslide risk; elevated neighbouring-cell risk,Routine monitoring.
495_1418,12.63806329799982,83.17928146110421,24.072700691121742,13.215996809055468,0.0,LOW,NORMAL,13.687703178238674,ROUTINE,0,no current multi-signal escalation,Routine monitoring.
496_376,76.73470477923416,90.04654213069102,24.072700691121742,13.215996809055468,96.95883648746148,LOW,NORMAL,57.07501731791335,ROUTINE,0,elevated landslide risk; elevated neighbouring-cell risk,Routine monitoring.
496_463,74.4613620842283,90.28390679172048,24.072700691121742,13.215996809055468,99.26011525316576,LOW,NORMAL,56.39720492001636,ROUTINE,0,elevated landslide risk; elevated neighbouring-cell risk,Routine monitoring.
496_465,82.19447205595054,90.82485717149736,24.072700691121742,13.215996809055468,99.13770970648778,LOW,NORMAL,59.85874357528967,ROUTINE,0,elevated landslide risk; elevated neighbouring-cell risk,Routine monitoring.
496_1659,14.30528287297684,80.25986750503735,24.072700691121742,13.215996809055468,0.0,LOW,NORMAL,14.437951986978334,ROUTINE,0,no current multi-signal escalation,Routine monitoring.
497_464,74.41756771676576,88.04025271852097,24.072700691121742,13.215996809055468,99.47805025074044,LOW,NORMAL,56.41018770429441,ROUTINE,0,elevated landslide risk; elevated neighbouring-cell risk,Routine monitoring.
497_527,73.94751372579722,88.60965422743948,24.072700691121742,13.215996809055468,99.40745136302112,LOW,NORMAL,56.188073575200676,ROUTINE,0,elevated landslide risk; elevated neighbouring-cell risk,Routine monitoring.
497_916,14.94441240946318,76.98155418837695,24.072700691121742,13.215996809055468,0.0,LOW,NORMAL,14.725560278397186,ROUTINE,0,no current multi-signal escalation,Routine monitoring.
499_373,74.79783820628504,86.01424208098939,24.072700691121742,13.215996809055468,98.5020822122304,LOW,NORMAL,56.43491421880158,ROUTINE,0,elevated landslide risk; elevated neighbouring-cell risk,Routine monitoring.
499_1383,11.174181389201152,83.17928146110421,24.072700691121742,13.215996809055468,0.0,LOW,NORMAL,13.028956319279274,ROUTINE,0,no current multi-signal escalation,Routine monitoring.
500_338,80.81310935939332,90.33358562486217,24.072700691121742,13.215996809055468,95.8227102649569,LOW,NORMAL,58.73988044560929,ROUTINE,0,elevated landslide risk; elevated neighbouring-cell risk,Routine monitoring.
500_339,77.2448169094397,89.62337571848946,24.072700691121742,13.215996809055468,96.25672742996244,LOW,NORMAL,57.19925141788099,ROUTINE,0,elevated landslide risk; elevated neighbouring-cell risk,Routine monitoring.
500_427,71.25720720818012,89.06312514189906,24.072700691121742,13.215996809055468,0.0,LOW,NORMAL,40.06631793781981,ROUTINE,0,elevated landslide risk,Routine monitoring.
500_508,63.78161062071782,89.74487918922893,24.072700691121742,13.215996809055468,0.0,LOW,NORMAL,36.70229947346177,ROUTINE,0,elevated landslide risk,Routine monitoring.
501_470,70.27884779064088,90.4467502783905,24.072700691121742,13.215996809055468,0.0,LOW,NORMAL,39.62605619992715,ROUTINE,0,elevated landslide risk,Routine monitoring.
501_529,77.81200963115336,89.80297430172442,24.072700691121742,13.215996809055468,98.41416110573824,LOW,NORMAL,57.7781031940185,ROUTINE,0,elevated landslide risk; elevated neighbouring-cell risk,Routine monitoring.
501_531,81.4634417787113,89.8691656130558,24.072700691121742,13.215996809055468,98.3737108599246,LOW,NORMAL,59.41518012354753,ROUTINE,0,elevated landslide risk; elevated neighbouring-cell risk,Routine monitoring.
503_461,81.24838926443408,90.54151950915973,24.072700691121742,13.215996809055468,97.5630469552458,LOW,NORMAL,59.19680690642096,ROUTINE,0,elevated landslide risk; elevated neighbouring-cell risk,Routine monitoring.
505_335,68.14114441818201,84.22734017785271,24.072700691121742,13.215996809055468,95.17511313434346,LOW,NORMAL,52.940356652472175,ROUTINE,0,elevated landslide risk; elevated neighbouring-cell risk,Routine monitoring.
505_338,64.6378983782612,78.62273916065894,24.072700691121742,13.215996809055468,97.5962579656546,LOW,NORMAL,51.72706765920448,ROUTINE,0,elevated landslide risk; elevated neighbouring-cell risk,Routine monitoring.
505_410,51.33884471586733,74.31005150496817,24.072700691121742,13.215996809055468,0.0,LOW,NORMAL,31.103054816279055,ROUTINE,0,no current multi-signal escalation,Routine monitoring.
505_647,12.906405795412644,83.05324840325298,24.072700691121742,13.215996809055468,0.0,LOW,NORMAL,13.808457302074444,ROUTINE,0,no current multi-signal escalation,Routine monitoring.
506_339,75.28272172109091,88.16537429074178,24.072700691121742,13.215996809055468,94.93960683462996,LOW,NORMAL,56.11874049382416,ROUTINE,0,elevated landslide risk; elevated neighbouring-cell risk,Routine monitoring.
506_378,82.85047403602732,90.9813432568406,24.072700691121742,13.215996809055468,98.95965476190476,LOW,NORMAL,60.12723622463676,ROUTINE,0,elevated landslide risk; elevated neighbouring-cell risk,Routine monitoring.
506_420,73.88240362079759,84.95575478498327,24.072700691121742,13.215996809055468,97.63910512936675,LOW,NORMAL,55.893522092902685,ROUTINE,0,elevated landslide risk; elevated neighbouring-cell risk,Routine monitoring.
506_422,81.10004750513113,89.34918033670424,24.072700691121742,13.215996809055468,95.60806629320292,LOW,NORMAL,58.8368060154282,ROUTINE,0,elevated landslide risk; elevated neighbouring-cell risk,Routine monitoring.
506_464,73.46809986400363,88.5144964698366,24.072700691121742,13.215996809055468,99.29727777777778,LOW,NORMAL,55.95581129960706,ROUTINE,0,elevated landslide risk; elevated neighbouring-cell risk,Routine monitoring.
507_422,80.8542880249936,86.73893387861688,24.072700691121742,13.215996809055468,97.20321690647852,LOW,NORMAL,58.96548684135765,ROUTINE,0,elevated landslide risk; elevated neighbouring-cell risk,Routine monitoring.
508_338,72.74010569662317,84.88767059644454,24.072700691121742,13.215996809055468,95.64887048693372,LOW,NORMAL,55.08095283065924,ROUTINE,0,elevated landslide risk; elevated neighbouring-cell risk,Routine monitoring.
508_340,72.60923932628,87.10507319384712,24.072700691121742,13.215996809055468,95.4552991322771,LOW,NORMAL,54.99302726080632,ROUTINE,0,elevated landslide risk; elevated neighbouring-cell risk,Routine monitoring.
508_349,66.60550406250331,87.77191502273703,24.072700691121742,13.215996809055468,0.0,LOW,NORMAL,37.973051522265244,ROUTINE,0,elevated landslide risk,Routine monitoring.
508_1254,14.746954925245973,83.17928146110421,24.072700691121742,13.215996809055468,0.0,LOW,NORMAL,14.636704410499444,ROUTINE,0,no current multi-signal escalation,Routine monitoring.
509_340,72.96146281687903,86.18435890813284,24.072700691121742,13.215996809055468,95.56783087830884,LOW,NORMAL,55.16840759348065,ROUTINE,0,elevated landslide risk; elevated neighbouring-cell risk,Routine monitoring.
509_374,81.15212012885424,90.14689520489254,24.072700691121742,13.215996809055468,99.67357142857144,LOW,NORMAL,59.47006446640888,ROUTINE,0,elevated landslide risk; elevated neighbouring-cell risk,Routine monitoring.
509_731,13.570958868031502,83.17597567598025,24.072700691121742,13.215996809055468,0.0,LOW,NORMAL,14.107506184752932,ROUTINE,0,no current multi-signal escalation,Routine monitoring.
510_407,60.90147344842202,73.59920235411902,24.072700691121742,13.215996809055468,99.67333333333336,LOW,NORMAL,50.35723774592867,ROUTINE,0,elevated landslide risk; elevated neighbouring-cell risk,Routine monitoring.
512_326,50.96268992380078,67.31912665201686,24.072700691121742,13.215996809055468,0.0,LOW,NORMAL,30.93378515984911,ROUTINE,0,no current multi-signal escalation,Routine monitoring.
512_511,54.70572811212364,67.56604146930206,24.072700691121742,13.215996809055468,0.0,LOW,NORMAL,32.61815234459439,ROUTINE,0,no current multi-signal escalation,Routine monitoring.
515_405,81.80040400980056,90.98106496370517,24.072700691121742,13.215996809055468,96.44562726125044,LOW,NORMAL,59.27760058773657,ROUTINE,0,elevated landslide risk; elevated neighbouring-cell risk,Routine monitoring.
516_395,71.85938654663786,91.28106496370516,24.072700691121742,13.215996809055468,0.0,LOW,NORMAL,40.337298640125795,ROUTINE,0,elevated landslide risk,Routine monitoring.
517_370,65.48982819983803,86.60153084922283,24.072700691121742,13.215996809055468,0.0,LOW,NORMAL,37.47099738406587,ROUTINE,0,elevated landslide risk,Routine monitoring.
517_406,81.31469013282621,91.22756846020866,24.072700691121742,13.215996809055468,98.79614514625106,LOW,NORMAL,59.41160702584821,ROUTINE,0,elevated landslide risk; elevated neighbouring-cell risk,Routine monitoring.
518_325,46.89159380449408,53.94719542415381,24.072700691121742,13.215996809055468,82.90561385281384,LOW,NORMAL,41.53763398408317,ROUTINE,0,elevated neighbouring-cell risk,Routine monitoring.
518_538,73.05442810183098,89.53949028838046,24.072700691121742,13.215996809055468,0.0,LOW,NORMAL,40.8750673399627,ROUTINE,0,elevated landslide risk,Routine monitoring.
519_403,74.59984656571058,87.75541304005544,24.072700691121742,13.215996809055468,99.74562654805511,LOW,NORMAL,56.532349630916784,ROUTINE,0,elevated landslide risk; elevated neighbouring-cell risk,Routine monitoring.
520_446,37.88206863035251,64.91468134732155,24.072700691121742,13.215996809055468,0.0,LOW,NORMAL,25.047505577797384,ROUTINE,0,no current multi-signal escalation,Routine monitoring.
520_574,66.40499185396098,82.5076807307168,24.072700691121742,13.215996809055468,96.083664983165,LOW,NORMAL,52.29537077589595,ROUTINE,0,elevated landslide risk; elevated neighbouring-cell risk,Routine monitoring.
521_323,64.29686855681575,71.3824318046564,24.072700691121742,13.215996809055468,67.9888005050505,LOW,NORMAL,47.13248562046341,ROUTINE,0,elevated landslide risk; elevated neighbouring-cell risk,Routine monitoring.
521_410,74.44229112124447,88.82397119389547,24.072700691121742,13.215996809055468,99.88423076923075,LOW,NORMAL,56.48224031408338,ROUTINE,0,elevated landslide risk; elevated neighbouring-cell risk,Routine monitoring.
521_571,71.06018867939609,86.78534871026164,24.072700691121742,13.215996809055468,92.4238823784433,LOW,NORMAL,53.84124195663349,ROUTINE,0,elevated landslide risk; elevated neighbouring-cell risk,Routine monitoring.
521_736,18.94462900127529,82.78564509746785,24.072700691121742,13.215996809055468,0.0,LOW,NORMAL,16.525657744712635,ROUTINE,0,no current multi-signal escalation,Routine monitoring.
522_511,79.86513881905823,90.39671280423671,24.072700691121742,13.215996809055468,98.90133333333334,LOW,NORMAL,58.77508716271496,ROUTINE,0,elevated landslide risk; elevated neighbouring-cell risk,Routine monitoring.
522_558,65.41671050361985,84.8697891806647,24.072700691121742,13.215996809055468,0.0,LOW,NORMAL,37.43809442076769,ROUTINE,0,elevated landslide risk,Routine monitoring.
523_1106,10.063351504998105,83.17597567598025,24.072700691121742,13.215996809055468,0.0,LOW,NORMAL,12.529082871387903,ROUTINE,0,no current multi-signal escalation,Routine monitoring.
524_401,81.67742858915574,90.62354605404336,24.072700691121742,13.215996809055468,98.90748945040944,LOW,NORMAL,59.591540976820255,ROUTINE,0,elevated landslide risk; elevated neighbouring-cell risk,Routine monitoring.
524_1025,15.749726468036789,83.17928146110421,24.072700691121742,13.215996809055468,0.0,LOW,NORMAL,15.087951604755311,ROUTINE,0,no current multi-signal escalation,Routine monitoring.
526_513,80.66750727864515,90.07872730136752,24.072700691121742,13.215996809055468,99.17338759689925,LOW,NORMAL,59.17696110906395,ROUTINE,0,elevated landslide risk; elevated neighbouring-cell risk,Routine monitoring.
527_361,30.893825077024594,59.80575028303592,24.072700691121742,13.215996809055468,0.0,LOW,NORMAL,21.902795978799823,ROUTINE,0,no current multi-signal escalation,Routine monitoring.
527_403,81.49532078524169,91.01812665201685,24.072700691121742,13.215996809055468,99.60253846153844,LOW,NORMAL,59.61384981672828,ROUTINE,0,elevated landslide risk; elevated neighbouring-cell risk,Routine monitoring.
527_479,49.747364703246966,60.71139802636441,24.072700691121742,13.215996809055468,0.0,LOW,NORMAL,30.386888810599892,ROUTINE,0,no current multi-signal escalation,Routine monitoring.
527_1427,14.308687798929114,81.42067535331554,24.072700691121742,13.215996809055468,0.0,LOW,NORMAL,14.439484203656857,ROUTINE,0,no current multi-signal escalation,Routine monitoring.
531_260,32.67997326184308,63.48439922302872,24.072700691121742,13.215996809055468,0.0,LOW,NORMAL,22.706562661968142,ROUTINE,0,no current multi-signal escalation,Routine monitoring.
531_402,82.31203059940103,91.00822637372372,24.072700691121742,13.215996809055468,99.02063853874884,LOW,NORMAL,59.894084244681544,ROUTINE,0,elevated landslide risk; elevated neighbouring-cell risk,Routine monitoring.
533_95,19.902654359173447,81.83989606048584,24.072700691121742,13.215996809055468,0.0,LOW,NORMAL,16.956769155766807,ROUTINE,0,no current multi-signal escalation,Routine monitoring.
533_421,78.29353749540928,90.4318155118583,24.072700691121742,13.215996809055468,78.78421761138704,LOW,NORMAL,55.050299208780984,ROUTINE,0,elevated landslide risk; elevated neighbouring-cell risk,Routine monitoring.
533_516,64.29109898726098,88.83630567717951,24.072700691121742,13.215996809055468,0.0,LOW,NORMAL,36.9315692384062,ROUTINE,0,elevated landslide risk,Routine monitoring.
533_525,79.93154105312227,89.83126583426318,24.072700691121742,13.215996809055468,99.69433333333336,LOW,NORMAL,58.923918168043784,ROUTINE,0,elevated landslide risk; elevated neighbouring-cell risk,Routine monitoring.
533_527,79.86561517511828,91.00561041825064,24.072700691121742,13.215996809055468,98.68961630036632,LOW,NORMAL,58.74354396799693,ROUTINE,0,elevated landslide risk; elevated neighbouring-cell risk,Routine monitoring.
534_423,62.01471409866812,66.56521541857312,24.072700691121742,13.215996809055468,99.2034199134199,LOW,NORMAL,50.787709025552395,ROUTINE,0,elevated landslide risk; elevated neighbouring-cell risk,Routine monitoring.
535_207,14.170111539418942,80.61696179508127,24.072700691121742,13.215996809055468,0.0,LOW,NORMAL,14.37712488687728,ROUTINE,0,no current multi-signal escalation,Routine monitoring.
535_399,80.81879732190782,88.21829567417117,24.072700691121742,13.215996809055468,99.69657142857145,LOW,NORMAL,59.32351920328299,ROUTINE,0,elevated landslide risk; elevated neighbouring-cell risk,Routine monitoring.
535_562,64.27027163223528,89.6411167751724,24.072700691121742,13.215996809055468,0.0,LOW,NORMAL,36.92219692864463,ROUTINE,0,elevated landslide risk,Routine monitoring.
535_1002,22.660098896224568,83.17928146110421,24.072700691121742,13.215996809055468,0.099525885558582,LOW,NORMAL,18.2125480802736,ROUTINE,0,no current multi-signal escalation,Routine monitoring.
535_1337,14.285627314777203,83.17928146110421,24.072700691121742,13.215996809055468,0.0,LOW,NORMAL,14.429106985788497,ROUTINE,0,no current multi-signal escalation,Routine monitoring.
536_487,63.579638542596285,88.36415626634192,24.072700691121742,13.215996809055468,0.0,LOW,NORMAL,36.61141203830708,ROUTINE,0,elevated landslide risk,Routine monitoring.
536_1256,17.439187463785828,82.63265808448085,24.072700691121742,13.215996809055468,0.0,LOW,NORMAL,15.848209052842378,ROUTINE,0,no current multi-signal escalation,Routine monitoring.
538_333,62.52749716545807,89.24067535331557,24.072700691121742,13.215996809055468,0.0,LOW,NORMAL,36.13794841859489,ROUTINE,0,elevated landslide risk,Routine monitoring.
538_344,55.42110305392063,81.47063810216542,24.072700691121742,13.215996809055468,0.0,LOW,NORMAL,32.940071068403036,ROUTINE,0,no current multi-signal escalation,Routine monitoring.
539_87,11.84983318235226,82.13663049310128,24.072700691121742,13.215996809055468,0.0,LOW,NORMAL,13.332999626197275,ROUTINE,0,no current multi-signal escalation,Routine monitoring.
539_536,65.17404167359726,89.49290098068627,24.072700691121742,13.215996809055468,0.0,LOW,NORMAL,37.32889344725752,ROUTINE,0,elevated landslide risk,Routine monitoring.
539_999,21.95335104544389,77.06473600655877,24.072700691121742,13.215996809055468,0.0015258855585831,LOW,NORMAL,17.879811547422296,ROUTINE,0,no current multi-signal escalation,Routine monitoring.
540_318,62.04061396531289,85.67346605098999,24.072700691121742,13.215996809055468,0.0,LOW,NORMAL,35.918850978529555,ROUTINE,0,elevated landslide risk,Routine monitoring.
540_410,71.76307364838092,89.6695324961727,24.072700691121742,13.215996809055468,0.0,LOW,NORMAL,40.29395783591017,ROUTINE,0,elevated landslide risk,Routine monitoring.
540_1507,9.068211791324783,83.17597567598025,24.072700691121742,13.215996809055468,0.0,LOW,NORMAL,12.081270000234909,ROUTINE,0,no current multi-signal escalation,Routine monitoring.
542_393,68.72687057554697,84.48860990539453,24.072700691121742,13.215996809055468,0.0,LOW,NORMAL,38.92766645313489,ROUTINE,0,elevated landslide risk,Routine monitoring.
542_1302,13.215423233003634,82.98889684571961,24.072700691121742,13.215996809055468,0.0,LOW,NORMAL,13.94751514899039,ROUTINE,0,no current multi-signal escalation,Routine monitoring.
542_1519,12.892697090466172,83.17928146110421,24.072700691121742,13.215996809055468,0.0,LOW,NORMAL,13.802288384848534,ROUTINE,0,no current multi-signal escalation,Routine monitoring.
544_1333,12.582709305960911,82.84636437818713,24.072700691121742,13.215996809055468,0.0,LOW,NORMAL,13.662793881821166,ROUTINE,0,no current multi-signal escalation,Routine monitoring.
545_453,80.00075255885315,91.0165195091597,24.072700691121742,13.215996809055468,98.54669240766135,LOW,NORMAL,58.782917206771884,ROUTINE,0,elevated landslide risk; elevated neighbouring-cell risk,Routine monitoring.
546_369,56.98455512257595,68.24407354603193,24.072700691121742,13.215996809055468,98.38281517094018,LOW,NORMAL,48.401046774938955,ROUTINE,0,elevated neighbouring-cell risk,Routine monitoring.
546_455,80.46845245272924,91.26246992238283,24.072700691121742,13.215996809055468,98.39638937735832,LOW,NORMAL,58.97083670447066,ROUTINE,0,elevated landslide risk; elevated neighbouring-cell risk,Routine monitoring.
547_369,76.17043753843929,89.47266711155731,24.072700691121742,13.215996809055468,89.00851856476862,LOW,NORMAL,55.62854937115173,ROUTINE,0,elevated landslide risk; elevated neighbouring-cell risk,Routine monitoring.
547_397,77.97996425664276,86.99854839442389,24.072700691121742,13.215996809055468,97.8243251633987,LOW,NORMAL,57.765207384137796,ROUTINE,0,elevated landslide risk; elevated neighbouring-cell risk,Routine monitoring.
548_402,81.40211139924729,88.81988658326208,24.072700691121742,13.215996809055468,96.2660691573927,LOW,NORMAL,59.07143519740894,ROUTINE,0,elevated landslide risk; elevated neighbouring-cell risk,Routine monitoring.
548_409,70.3078036731856,90.9599286000688,24.072700691121742,13.215996809055468,0.0,LOW,NORMAL,39.63908634707228,ROUTINE,0,elevated landslide risk,Routine monitoring.
548_1170,13.683805235103156,83.07019055201332,24.072700691121742,13.215996809055468,0.0,LOW,NORMAL,14.158287049935176,ROUTINE,0,no current multi-signal escalation,Routine monitoring.
549_320,75.92581051253197,85.77526799904192,24.072700691121742,13.215996809055468,79.85014643528308,LOW,NORMAL,54.144711390070604,ROUTINE,0,elevated landslide risk; elevated neighbouring-cell risk,Routine monitoring.
549_343,74.25706372970966,87.21931331834855,24.072700691121742,13.215996809055468,97.70025768321514,LOW,NORMAL,56.07129202499037,ROUTINE,0,elevated landslide risk; elevated neighbouring-cell risk,Routine monitoring.
549_364,78.25703598102095,82.62434645494127,24.072700691121742,13.215996809055468,98.38281517094018,LOW,NORMAL,57.97366316123921,ROUTINE,0,elevated landslide risk; elevated neighbouring-cell risk,Routine monitoring.
549_640,16.014462673524456,81.13221684895613,24.072700691121742,13.215996809055468,0.0,LOW,NORMAL,15.207082897224762,ROUTINE,0,no current multi-signal escalation,Routine monitoring.
550_455,80.06465824391373,85.66856696198921,24.072700691121742,13.215996809055468,99.8539696969697,LOW,NORMAL,59.00776635844539,ROUTINE,0,elevated landslide risk; elevated neighbouring-cell risk,Routine monitoring.
551_319,65.59672074010624,67.81110625169836,24.072700691121742,13.215996809055468,95.21948481912143,LOW,NORMAL,51.80202175005478,ROUTINE,0,elevated landslide risk; elevated neighbouring-cell risk,Routine monitoring.
551_633,63.74813783646253,89.14606806556999,24.072700691121742,13.215996809055468,0.0,LOW,NORMAL,36.68723672054689,ROUTINE,0,elevated landslide risk,Routine monitoring.
552_593,63.45920622964324,90.31889861941114,24.072700691121742,13.215996809055468,0.0,LOW,NORMAL,36.55721749747821,ROUTINE,0,elevated landslide risk,Routine monitoring.
553_61,8.621986849794403,82.98472891641708,24.072700691121742,13.215996809055468,0.0,LOW,NORMAL,11.880468776546238,ROUTINE,0,no current multi-signal escalation,Routine monitoring.
554_344,75.40811940149176,88.67487264538518,24.072700691121742,13.215996809055468,96.45494581452824,LOW,NORMAL,56.402470296989286,ROUTINE,0,elevated landslide risk; elevated neighbouring-cell risk,Routine monitoring.
556_419,59.62580422028395,85.6271416083063,24.072700691121742,13.215996809055468,0.0,LOW,NORMAL,34.832186593266535,ROUTINE,0,no current multi-signal escalation,Routine monitoring.
558_636,62.69283769156003,89.35472844800336,24.072700691121742,13.215996809055468,0.0,LOW,NORMAL,36.21235165534077,ROUTINE,0,elevated landslide risk,Routine monitoring.
558_1664,10.655645127528455,82.41895678577954,24.072700691121742,13.215996809055468,0.0,LOW,NORMAL,12.79561500152656,ROUTINE,0,no current multi-signal escalation,Routine monitoring.
559_21,12.473042839501622,79.9868441844844,24.072700691121742,13.215996809055468,0.0,LOW,NORMAL,13.613443971914485,ROUTINE,0,no current multi-signal escalation,Routine monitoring.
559_258,24.21356654718184,78.93384933013485,24.072700691121742,13.215996809055468,0.0,LOW,NORMAL,18.896679640370586,ROUTINE,0,no current multi-signal escalation,Routine monitoring.
559_826,33.46381795091777,70.84698866660592,24.072700691121742,13.215996809055468,0.0,LOW,NORMAL,23.059292772051755,ROUTINE,0,no current multi-signal escalation,Routine monitoring.
561_186,31.74159444510465,71.7951796865843,24.072700691121742,13.215996809055468,0.0,LOW,NORMAL,22.28429219443585,ROUTINE,0,no current multi-signal escalation,Routine monitoring.
562_330,57.366625226791655,74.56617188886557,24.072700691121742,13.215996809055468,0.0,LOW,NORMAL,33.815556046195,ROUTINE,0,no current multi-signal escalation,Routine monitoring.
562_407,74.57084302953118,88.62407052956786,24.072700691121742,13.215996809055468,97.22235869331618,LOW,NORMAL,56.14080786142521,ROUTINE,0,elevated landslide risk; elevated neighbouring-cell risk,Routine monitoring.
562_504,55.8220494309424,79.96357626319593,24.072700691121742,13.215996809055468,0.0,LOW,NORMAL,33.120496938062836,ROUTINE,0,no current multi-signal escalation,Routine monitoring.
563_339,63.65676859073066,87.74011728446702,24.072700691121742,13.215996809055468,0.0,LOW,NORMAL,36.64612055996755,ROUTINE,0,elevated landslide risk,Routine monitoring.
564_748,21.30157521724876,82.08409970506122,24.072700691121742,13.215996809055468,0.0,LOW,NORMAL,17.5862835419007,ROUTINE,0,no current multi-signal escalation,Routine monitoring.
566_408,70.9837770646326,88.11628941043836,24.072700691121742,13.215996809055468,97.65679365079365,LOW,NORMAL,54.59179342084247,ROUTINE,0,elevated landslide risk; elevated neighbouring-cell risk,Routine monitoring.
566_414,64.61921447344162,89.85049607234585,24.072700691121742,13.215996809055468,0.0,LOW,NORMAL,37.07922120718748,ROUTINE,0,elevated landslide risk,Routine monitoring.
566_970,17.56363975054014,76.39315595333002,24.072700691121742,13.215996809055468,0.0,LOW,NORMAL,15.904212581881819,ROUTINE,0,no current multi-signal escalation,Routine monitoring.
568_890,22.062555100614404,81.96974190974649,24.072700691121742,13.215996809055468,0.0,LOW,NORMAL,17.928724489415238,ROUTINE,0,no current multi-signal escalation,Routine monitoring.
570_402,67.30916080347352,90.0200038814813,24.072700691121742,13.215996809055468,0.0,LOW,NORMAL,38.289697055701836,ROUTINE,0,elevated landslide risk,Routine monitoring.
577_896,16.452514838334032,76.49688476688934,24.072700691121742,13.215996809055468,0.0,LOW,NORMAL,15.40420637138907,ROUTINE,0,no current multi-signal escalation,Routine monitoring.
583_493,77.67926646704012,89.34344326721984,24.072700691121742,13.215996809055468,70.16869404254749,LOW,NORMAL,53.481548710688934,ROUTINE,0,elevated landslide risk; elevated neighbouring-cell risk,Routine monitoring.
587_470,34.437463666511135,64.42894683613248,24.072700691121742,13.215996809055468,0.0,LOW,NORMAL,23.497433344068767,ROUTINE,0,no current multi-signal escalation,Routine monitoring.
587_492,50.55255507422872,56.49512293551392,24.072700691121742,13.215996809055468,98.66352417952416,LOW,NORMAL,45.54875310447031,ROUTINE,0,elevated neighbouring-cell risk,Routine monitoring.
588_407,73.98831174639271,89.9639202644328,24.072700691121742,13.215996809055468,97.71397883597886,LOW,NORMAL,55.952411805412304,ROUTINE,0,elevated landslide risk; elevated neighbouring-cell risk,Routine monitoring.
589_492,77.35941201522037,90.08689231816888,24.072700691121742,13.215996809055468,90.23334710739452,LOW,NORMAL,56.3473121670971,ROUTINE,0,elevated landslide risk; elevated neighbouring-cell risk,Routine monitoring.
589_493,78.25812813576199,89.32819158708179,24.072700691121742,13.215996809055468,90.69699755416995,LOW,NORMAL,56.82128198835715,ROUTINE,0,elevated landslide risk; elevated neighbouring-cell risk,Routine monitoring.
589_500,30.36679872758687,66.61069519977926,24.072700691121742,13.215996809055468,0.0,LOW,NORMAL,21.66563412155285,ROUTINE,0,no current multi-signal escalation,Routine monitoring.
590_414,78.62944566482591,89.04427924941945,24.072700691121742,13.215996809055468,97.71397883597886,LOW,NORMAL,58.040922068707246,ROUTINE,0,elevated landslide risk; elevated neighbouring-cell risk,Routine monitoring.
590_952,26.593083059664345,80.644089700129,24.072700691121742,13.215996809055468,0.0,LOW,NORMAL,19.96746207098771,ROUTINE,0,no current multi-signal escalation,Routine monitoring.
590_1117,22.786059847676285,76.90928146110421,24.072700691121742,13.215996809055468,0.0,LOW,NORMAL,18.254301625593087,ROUTINE,0,no current multi-signal escalation,Routine monitoring.
592_410,74.63952788865245,88.69091035640771,24.072700691121742,13.215996809055468,98.60033967466072,LOW,NORMAL,56.37841319523147,ROUTINE,0,elevated landslide risk; elevated neighbouring-cell risk,Routine monitoring.
592_748,24.232512119587504,80.07918518922406,24.072700691121742,13.215996809055468,0.0,LOW,NORMAL,18.905205147953133,ROUTINE,0,no current multi-signal escalation,Routine monitoring.
593_445,65.03513427705447,86.40367577407469,24.072700691121742,13.215996809055468,0.0,LOW,NORMAL,37.26638511881327,ROUTINE,0,elevated landslide risk,Routine monitoring.
593_593,63.98901903064362,89.17204172366422,24.072700691121742,13.215996809055468,0.0,LOW,NORMAL,36.79563325792838,ROUTINE,0,elevated landslide risk,Routine monitoring.
593_607,53.08065315076598,61.92402437464615,24.072700691121742,13.215996809055468,0.0,LOW,NORMAL,31.88686861198345,ROUTINE,0,no current multi-signal escalation,Routine monitoring.
594_452,15.81383705596426,79.50635122928071,24.072700691121742,13.215996809055468,0.0,LOW,NORMAL,15.116801369322673,ROUTINE,0,no current multi-signal escalation,Routine monitoring.
594_475,59.5724611083169,68.14167393798742,24.072700691121742,13.215996809055468,88.6641568203039,LOW,NORMAL,48.10780571592694,ROUTINE,0,elevated neighbouring-cell risk,Routine monitoring.
594_1271,12.219256866460782,83.17928146110421,24.072700691121742,13.215996809055468,0.0,LOW,NORMAL,13.49924028404611,ROUTINE,0,no current multi-signal escalation,Routine monitoring.
595_402,82.25947036866394,90.79600677514048,24.072700691121742,13.215996809055468,98.4891232436402,LOW,NORMAL,59.79070484658356,ROUTINE,0,elevated landslide risk; elevated neighbouring-cell risk,Routine monitoring.
595_406,77.4453987156221,89.63929168149858,24.072700691121742,13.215996809055468,99.00042664742666,LOW,NORMAL,57.7010681132827,ROUTINE,0,elevated landslide risk; elevated neighbouring-cell risk,Routine monitoring.
596_477,78.37029554730042,80.98144797641439,24.072700691121742,13.215996809055468,81.84462241950075,LOW,NORMAL,55.54390105334906,ROUTINE,0,elevated landslide risk; elevated neighbouring-cell risk,Routine monitoring.
596_480,62.21695337151547,70.94256715135712,24.072700691121742,13.215996809055468,87.97949403481353,LOW,NORMAL,49.19512781654275,ROUTINE,0,elevated landslide risk; elevated neighbouring-cell risk,Routine monitoring.
596_820,68.94266377800926,88.54801301565323,24.072700691121742,13.215996809055468,0.0,LOW,NORMAL,39.02477339424292,ROUTINE,0,elevated landslide risk,Routine monitoring.
597_398,76.50765941709113,89.49100234774966,24.072700691121742,13.215996809055468,98.90142912039651,LOW,NORMAL,57.26423579988924,ROUTINE,0,elevated landslide risk; elevated neighbouring-cell risk,Routine monitoring.
597_790,15.514496312840988,81.02554383184842,24.072700691121742,13.215996809055468,0.0,LOW,NORMAL,14.9820980349172,ROUTINE,0,no current multi-signal escalation,Routine monitoring.
597_841,29.45775621905669,70.99499763322001,24.072700691121742,13.215996809055468,0.0,LOW,NORMAL,21.256564992714267,ROUTINE,0,no current multi-signal escalation,Routine monitoring.
598_397,71.67407768970803,88.28592047310262,24.072700691121742,13.215996809055468,98.39850198412697,LOW,NORMAL,55.01368495212641,ROUTINE,0,elevated landslide risk; elevated neighbouring-cell risk,Routine monitoring.
600_410,33.138111966635975,59.36655712163946,24.072700691121742,13.215996809055468,0.0,LOW,NORMAL,22.912725079124947,ROUTINE,0,no current multi-signal escalation,Routine monitoring.
600_634,39.32304938877997,49.17493403350685,24.072700691121742,13.215996809055468,0.0,LOW,NORMAL,25.695946919089742,ROUTINE,0,no current multi-signal escalation,Routine monitoring.
601_1438,10.18833777966258,83.17597567598025,24.072700691121742,13.215996809055468,0.0,LOW,NORMAL,12.585326694986918,ROUTINE,0,no current multi-signal escalation,Routine monitoring.
601_1652,16.264933098685333,82.99123183949294,24.072700691121742,13.215996809055468,0.0,LOW,NORMAL,15.319794588547158,ROUTINE,0,no current multi-signal escalation,Routine monitoring.
603_1213,18.57368757812489,81.29026139026595,24.072700691121742,13.215996809055468,0.0,LOW,NORMAL,16.358734104294957,ROUTINE,0,no current multi-signal escalation,Routine monitoring.
604_398,67.63648310939755,89.2346083521349,24.072700691121742,13.215996809055468,0.0,LOW,NORMAL,38.43699209336765,ROUTINE,0,elevated landslide risk,Routine monitoring.
604_436,60.28889220679968,74.26036838755408,24.072700691121742,13.215996809055468,0.0,LOW,NORMAL,35.13057618719861,ROUTINE,0,elevated landslide risk,Routine monitoring.
604_485,68.3188793694889,77.74005482411216,24.072700691121742,13.215996809055468,94.225405466429,LOW,NORMAL,52.877881230373106,ROUTINE,0,elevated landslide risk; elevated neighbouring-cell risk,Routine monitoring.
604_932,19.54293252121725,81.86226005778173,24.072700691121742,13.215996809055468,0.0,LOW,NORMAL,16.794894328686517,ROUTINE,0,no current multi-signal escalation,Routine monitoring.
607_142,40.66149087504005,47.17080217040561,24.072700691121742,13.215996809055468,0.0,LOW,NORMAL,26.29824558790678,ROUTINE,0,no current multi-signal escalation,Routine monitoring.
607_576,65.33320588284401,87.02818964497256,24.072700691121742,13.215996809055468,0.0,LOW,NORMAL,37.40051734141856,ROUTINE,0,elevated landslide risk,Routine monitoring.
608_488,76.76021885618798,84.61335706732348,24.072700691121742,13.215996809055468,97.0679392302566,LOW,NORMAL,57.10286406396183,ROUTINE,0,elevated landslide risk; elevated neighbouring-cell risk,Routine monitoring.
609_405,74.0256852518815,89.76045706096957,24.072700691121742,13.215996809055468,97.70261038975669,LOW,NORMAL,55.96752461594893,ROUTINE,0,elevated landslide risk; elevated neighbouring-cell risk,Routine monitoring.
609_488,78.61839389550491,89.7237257912497,24.072700691121742,13.215996809055468,97.50401840834652,LOW,NORMAL,58.004454708367945,ROUTINE,0,elevated landslide risk; elevated neighbouring-cell risk,Routine monitoring.
610_488,72.13588961122801,87.0644887782627,24.072700691121742,13.215996809055468,97.85060971435354,LOW,NORMAL,55.13931647634439,ROUTINE,0,elevated landslide risk; elevated neighbouring-cell risk,Routine monitoring.
610_595,42.38142497972768,55.89393936203412,24.072700691121742,13.215996809055468,0.0,LOW,NORMAL,27.072215935016214,ROUTINE,0,no current multi-signal escalation,Routine monitoring.
610_1049,20.46698774489532,82.73680121407853,24.072700691121742,13.215996809055468,0.0,LOW,NORMAL,17.210719179341652,ROUTINE,0,no current multi-signal escalation,Routine monitoring.
611_429,77.8295852362367,77.24522671104874,24.072700691121742,13.215996809055468,93.95559233511588,LOW,NORMAL,57.11722690071265,ROUTINE,0,elevated landslide risk; elevated neighbouring-cell risk,Routine monitoring.
611_489,77.31535385360016,88.78111215488609,24.072700691121742,13.215996809055468,98.06485883572134,LOW,NORMAL,57.50221275361702,ROUTINE,0,elevated landslide risk; elevated neighbouring-cell risk,Routine monitoring.
611_737,28.17394524566648,72.35032966191527,24.072700691121742,13.215996809055468,0.0,LOW,NORMAL,20.678850054688674,ROUTINE,0,no current multi-signal escalation,Routine monitoring.
612_489,76.47997943527754,89.6648891125293,24.072700691121742,13.215996809055468,97.97844508875176,LOW,NORMAL,57.11333220332641,ROUTINE,0,elevated landslide risk; elevated neighbouring-cell risk,Routine monitoring.
613_406,73.17486618457878,89.54852244386257,24.072700691121742,13.215996809055468,98.48393601776633,LOW,NORMAL,55.70185487986415,ROUTINE,0,elevated landslide risk; elevated neighbouring-cell risk,Routine monitoring.
613_427,78.3976747767028,84.29799106968476,24.072700691121742,13.215996809055468,87.92156060606062,LOW,NORMAL,56.46776243456411,ROUTINE,0,elevated landslide risk; elevated neighbouring-cell risk,Routine monitoring.
613_715,78.99753976219785,89.42750534150917,24.072700691121742,13.215996809055468,96.56360079004016,LOW,NORMAL,58.03400770563381,ROUTINE,0,elevated landslide risk; elevated neighbouring-cell risk,Routine monitoring.
614_407,72.80271323640824,86.50037285777071,24.072700691121742,13.215996809055468,98.81792096726454,LOW,NORMAL,55.584483795612144,ROUTINE,0,elevated landslide risk; elevated neighbouring-cell risk,Routine monitoring.
614_699,65.62549878043468,88.5080880636878,24.072700691121742,13.215996809055468,0.0,LOW,NORMAL,37.53204914533436,ROUTINE,0,elevated landslide risk,Routine monitoring.
614_707,81.68425871614076,89.4449492612258,24.072700691121742,13.215996809055468,96.34152020202022,LOW,NORMAL,59.209719146705126,ROUTINE,0,elevated landslide risk; elevated neighbouring-cell risk,Routine monitoring.
614_713,73.73127609079602,87.4501425256835,24.072700691121742,13.215996809055468,97.7719891774892,LOW,NORMAL,55.84544731162034,ROUTINE,0,elevated landslide risk; elevated neighbouring-cell risk,Routine monitoring.
614_1649,22.63067288264807,76.68099592207486,24.072700691121742,13.215996809055468,0.0,LOW,NORMAL,18.184377491330387,ROUTINE,0,no current multi-signal escalation,Routine monitoring.
615_710,80.66031747839277,87.08673792710542,24.072700691121742,13.215996809055468,98.03117868109584,LOW,NORMAL,59.002394361579874,ROUTINE,0,elevated landslide risk; elevated neighbouring-cell risk,Routine monitoring.
616_401,74.80852021212394,89.78036135994961,24.072700691121742,13.215996809055468,98.77580590982517,LOW,NORMAL,56.48077967606831,ROUTINE,0,elevated landslide risk; elevated neighbouring-cell risk,Routine monitoring.
616_402,72.44697891855844,89.78993042724596,24.072700691121742,13.215996809055468,98.5515047748538,LOW,NORMAL,55.38444092371813,ROUTINE,0,elevated landslide risk; elevated neighbouring-cell risk,Routine monitoring.
616_405,69.64547162378953,87.29788130339386,24.072700691121742,13.215996809055468,98.75456062938991,LOW,NORMAL,54.15422101925253,ROUTINE,0,elevated landslide risk; elevated neighbouring-cell risk,Routine monitoring.
616_406,76.9764244203158,90.64660759066322,24.072700691121742,13.215996809055468,98.1895410359621,LOW,NORMAL,57.368396838675174,ROUTINE,0,elevated landslide risk; elevated neighbouring-cell risk,Routine monitoring.
616_490,76.86691705882062,90.224747436024,24.072700691121742,13.215996809055468,98.33123740434787,LOW,NORMAL,57.34037298126022,ROUTINE,0,elevated landslide risk; elevated neighbouring-cell risk,Routine monitoring.
616_683,69.41428517494151,83.4552975493014,24.072700691121742,13.215996809055468,0.0,LOW,NORMAL,39.23700302286243,ROUTINE,0,elevated landslide risk,Routine monitoring.
616_692,71.66706495774277,90.13591522707816,24.072700691121742,13.215996809055468,0.0,LOW,NORMAL,40.250753925123,ROUTINE,0,elevated landslide risk,Routine monitoring.
617_665,78.66876992468896,86.32699697287245,24.072700691121742,13.215996809055468,96.24201533433887,LOW,NORMAL,57.83782346039962,ROUTINE,0,elevated landslide risk; elevated neighbouring-cell risk,Routine monitoring.
617_1559,14.17746498031581,82.36181625507737,24.072700691121742,13.215996809055468,0.0,LOW,NORMAL,14.38043393528087,ROUTINE,0,no current multi-signal escalation,Routine monitoring.
618_403,75.08377244414389,89.84980646030377,24.072700691121742,13.215996809055468,98.48588221588884,LOW,NORMAL,56.56115462638683,ROUTINE,0,elevated landslide risk; elevated neighbouring-cell risk,Routine monitoring.
619_667,76.62274913555493,86.97043353630903,24.072700691121742,13.215996809055468,95.69151960784312,LOW,NORMAL,56.83453974631494,ROUTINE,0,elevated landslide risk; elevated neighbouring-cell risk,Routine monitoring.
619_724,65.36886895168338,88.99543015341625,24.072700691121742,13.215996809055468,0.0,LOW,NORMAL,37.41656572239628,ROUTINE,0,elevated landslide risk,Routine monitoring.
620_413,61.186985804577866,68.57000466037218,24.072700691121742,13.215996809055468,0.0,LOW,NORMAL,35.53471830619879,ROUTINE,0,elevated landslide risk,Routine monitoring.
621_427,75.75319398393063,87.73840111592503,24.072700691121742,13.215996809055468,98.2319292635659,LOW,NORMAL,56.82430137644242,ROUTINE,0,elevated landslide risk; elevated neighbouring-cell risk,Routine monitoring.
622_738,66.23604917962466,86.27522667672785,24.072700691121742,13.215996809055468,0.0,LOW,NORMAL,37.80679682496985,ROUTINE,0,elevated landslide risk,Routine monitoring.
623_426,82.50103600750835,89.29630696008087,24.072700691121742,13.215996809055468,96.89905426356589,LOW,NORMAL,59.660899037052395,ROUTINE,0,elevated landslide risk; elevated neighbouring-cell risk,Routine monitoring.
623_1379,15.570550358287806,83.17597567598025,24.072700691121742,13.215996809055468,0.0,LOW,NORMAL,15.00732235536827,ROUTINE,0,no current multi-signal escalation,Routine monitoring.
624_377,26.609985764049725,78.38131443115672,24.072700691121742,13.215996809055468,0.0,LOW,NORMAL,19.975068287961133,ROUTINE,0,no current multi-signal escalation,Routine monitoring.
625_402,80.2237771868779,90.84816286580306,24.072700691121742,13.215996809055468,99.18383653846156,LOW,NORMAL,58.978849909003046,ROUTINE,0,elevated landslide risk; elevated neighbouring-cell risk,Routine monitoring.
626_401,79.79843257845899,90.40892585281604,24.072700691121742,13.215996809055468,99.5596282051282,LOW,NORMAL,58.84381358521453,ROUTINE,0,elevated landslide risk; elevated neighbouring-cell risk,Routine monitoring.
626_498,80.58995487956385,90.50106496370512,24.072700691121742,13.215996809055468,98.9321197633185,LOW,NORMAL,59.105872354440265,ROUTINE,0,elevated landslide risk; elevated neighbouring-cell risk,Routine monitoring.
626_499,75.80718446713126,90.1147114403112,24.072700691121742,13.215996809055468,99.26266666666665,LOW,NORMAL,57.00320770434782,ROUTINE,0,elevated landslide risk; elevated neighbouring-cell risk,Routine monitoring.
626_533,18.77668030029551,77.38275848518552,24.072700691121742,13.215996809055468,0.0,LOW,NORMAL,16.450080829271737,ROUTINE,0,no current multi-signal escalation,Routine monitoring.
626_711,74.46796314080008,90.37066875270324,24.072700691121742,13.215996809055468,93.61001941673489,LOW,NORMAL,55.552661020009026,ROUTINE,0,elevated landslide risk; elevated neighbouring-cell risk,Routine monitoring.
626_712,78.01876138311144,90.46736103989076,24.072700691121742,13.215996809055468,93.55092968567584,LOW,NORMAL,57.14165676939028,ROUTINE,0,elevated landslide risk; elevated neighbouring-cell risk,Routine monitoring.
627_713,60.54174209089834,67.46085875079292,24.072700691121742,13.215996809055468,99.21019519497963,LOW,NORMAL,50.12588791428995,ROUTINE,0,elevated landslide risk; elevated neighbouring-cell risk,Routine monitoring.
627_758,71.61344775359382,81.50322907276936,24.072700691121742,13.215996809055468,96.76734798247575,LOW,NORMAL,54.741728380627336,ROUTINE,0,elevated landslide risk; elevated neighbouring-cell risk,Routine monitoring.
627_762,72.51767490161018,84.66740001810311,24.072700691121742,13.215996809055468,95.62745495372964,LOW,NORMAL,54.977646642922785,ROUTINE,0,elevated landslide risk; elevated neighbouring-cell risk,Routine monitoring.
627_1306,11.308834720724589,83.12473600655878,24.072700691121742,13.215996809055468,0.0,LOW,NORMAL,13.08955031846482,ROUTINE,0,no current multi-signal escalation,Routine monitoring.
628_762,72.72045630389007,83.06864350723427,24.072700691121742,13.215996809055468,95.78377781257014,LOW,NORMAL,55.09234670277481,ROUTINE,0,elevated landslide risk; elevated neighbouring-cell risk,Routine monitoring.
628_1374,24.067688735121656,83.14324840325298,24.072700691121742,13.215996809055468,0.0,LOW,NORMAL,18.831034624943502,ROUTINE,0,no current multi-signal escalation,Routine monitoring.
629_760,80.39832170870115,89.64147395044034,24.072700691121742,13.215996809055468,94.72686609437775,LOW,NORMAL,58.38884937721093,ROUTINE,0,elevated landslide risk; elevated neighbouring-cell risk,Routine monitoring.
629_1017,15.083021792324976,82.60335965563696,24.072700691121742,13.215996809055468,0.0,LOW,NORMAL,14.787934500684994,ROUTINE,0,no current multi-signal escalation,Routine monitoring.
630_759,76.52868664296315,86.78927163909367,24.072700691121742,13.215996809055468,96.12127611325836,LOW,NORMAL,56.85667510046093,ROUTINE,0,elevated landslide risk; elevated neighbouring-cell risk,Routine monitoring.
631_766,64.51298259668023,77.54787133914792,24.072700691121742,13.215996809055468,93.88083506610586,LOW,NORMAL,51.11354212256074,ROUTINE,0,elevated landslide risk; elevated neighbouring-cell risk,Routine monitoring.
633_506,67.64592185876083,83.38823563036257,24.072700691121742,13.215996809055468,98.65290476190476,LOW,NORMAL,53.23917524486684,ROUTINE,0,elevated landslide risk; elevated neighbouring-cell risk,Routine monitoring.
634_1356,24.75933618980406,77.09541782474058,24.072700691121742,13.215996809055468,0.0,LOW,NORMAL,19.142275979550583,ROUTINE,0,no current multi-signal escalation,Routine monitoring.
635_505,78.01069142526237,89.78835624385358,24.072700691121742,13.215996809055468,93.1772460148069,LOW,NORMAL,57.08197273772786,ROUTINE,0,elevated landslide risk; elevated neighbouring-cell risk,Routine monitoring.
636_425,73.42176860609462,87.78504892092442,24.072700691121742,13.215996809055468,0.0,LOW,NORMAL,41.040370566881336,ROUTINE,0,elevated landslide risk,Routine monitoring.
636_522,70.9591090067072,88.8781224776198,24.072700691121742,13.215996809055468,0.0,LOW,NORMAL,39.932173747156995,ROUTINE,0,elevated landslide risk,Routine monitoring.
636_783,56.73476017018879,74.76271262086085,24.072700691121742,13.215996809055468,0.0,LOW,NORMAL,33.53121677072371,ROUTINE,0,no current multi-signal escalation,Routine monitoring.
637_791,59.93742175036084,81.92603669243357,24.072700691121742,13.215996809055468,0.0,LOW,NORMAL,34.97241448180113,ROUTINE,0,no current multi-signal escalation,Routine monitoring.
638_800,76.23934601343575,87.9307871300837,24.072700691121742,13.215996809055468,97.59309563123496,LOW,NORMAL,56.94724474487008,ROUTINE,0,elevated landslide risk; elevated neighbouring-cell risk,Routine monitoring.
638_1057,75.49153082703195,81.36856201211128,24.072700691121742,13.215996809055468,90.05936390217964,LOW,NORMAL,55.48066815163008,ROUTINE,0,elevated landslide risk; elevated neighbouring-cell risk,Routine monitoring.
638_1523,9.98542806242691,83.14324840325298,24.072700691121742,13.215996809055468,0.0,LOW,NORMAL,12.494017322230867,ROUTINE,0,no current multi-signal escalation,Routine monitoring.
639_392,34.21816969770104,63.86421275174598,24.072700691121742,13.215996809055468,0.0,LOW,NORMAL,23.398751058104228,ROUTINE,0,no current multi-signal escalation,Routine monitoring.
639_1053,72.45479537440596,79.74395783638266,24.072700691121742,13.215996809055468,90.67649597940184,LOW,NORMAL,54.20670700953172,ROUTINE,0,elevated landslide risk; elevated neighbouring-cell risk,Routine monitoring.
639_1151,26.436093964560754,74.98114940495562,24.072700691121742,13.215996809055468,0.0,LOW,NORMAL,19.896816978191097,ROUTINE,0,no current multi-signal escalation,Routine monitoring.
640_1048,70.32646434384975,78.20707862206103,24.072700691121742,13.215996809055468,90.05936390217964,LOW,NORMAL,53.15638823419809,ROUTINE,0,elevated landslide risk; elevated neighbouring-cell risk,Routine monitoring.
641_800,78.58555081084967,88.54961829891484,24.072700691121742,13.215996809055468,97.06365118679052,LOW,NORMAL,57.923620237039685,ROUTINE,0,elevated landslide risk; elevated neighbouring-cell risk,Routine monitoring.
641_823,56.6761898006412,62.01980027413165,24.072700691121742,13.215996809055468,0.0,LOW,NORMAL,33.504860104427294,ROUTINE,0,no current multi-signal escalation,Routine monitoring.
642_642,82.3144561557896,90.65366236630256,24.072700691121742,13.215996809055468,93.38636456462464,LOW,NORMAL,59.05003464893777,ROUTINE,0,elevated landslide risk; elevated neighbouring-cell risk,Routine monitoring.
642_646,74.60613287143445,87.49925808137777,24.072700691121742,13.215996809055468,94.18882634756474,LOW,NORMAL,55.701658438418974,ROUTINE,0,elevated landslide risk; elevated neighbouring-cell risk,Routine monitoring.
643_643,82.20895850764911,89.86708769097791,24.072700691121742,13.215996809055468,93.80295781859289,LOW,NORMAL,59.065049695369794,ROUTINE,0,elevated landslide risk; elevated neighbouring-cell risk,Routine monitoring.
643_681,71.31323610062255,91.0121224776198,24.072700691121742,13.215996809055468,0.0,LOW,NORMAL,40.0915309394189,ROUTINE,0,elevated landslide risk,Routine monitoring.
644_509,78.6030284447894,89.86885717149735,24.072700691121742,13.215996809055468,98.71868888888888,LOW,NORMAL,58.17974082762732,ROUTINE,0,elevated landslide risk; elevated neighbouring-cell risk,Routine monitoring.
644_1042,68.43094236973678,77.2584911738586,24.072700691121742,13.215996809055468,0.0,LOW,NORMAL,38.794498760520305,ROUTINE,0,elevated landslide risk,Routine monitoring.
645_138,9.783864962985971,82.67956162608031,24.072700691121742,13.215996809055468,0.0,LOW,NORMAL,12.403313927482444,ROUTINE,0,no current multi-signal escalation,Routine monitoring.
645_173,20.10749078086224,77.30952346172889,24.072700691121742,13.215996809055468,0.0,LOW,NORMAL,17.048945545526763,ROUTINE,0,no current multi-signal escalation,Routine monitoring.
645_510,80.23085653432115,89.86524678188698,24.072700691121742,13.215996809055468,98.7217777777778,LOW,NORMAL,58.91272680124994,ROUTINE,0,elevated landslide risk; elevated neighbouring-cell risk,Routine monitoring.
645_637,57.79357885225515,57.62291382269869,24.072700691121742,13.215996809055468,72.74310221360376,LOW,NORMAL,44.919150509694134,ROUTINE,0,elevated neighbouring-cell risk,Routine monitoring.
645_642,60.45251469569187,59.50417144713813,24.072700691121742,13.215996809055468,94.87445552730682,LOW,NORMAL,49.43537463629612,ROUTINE,0,elevated landslide risk; elevated neighbouring-cell risk,Routine monitoring.
645_1029,71.2705279736922,80.10150492481353,24.072700691121742,13.215996809055468,89.30181141516434,LOW,NORMAL,53.467583994574895,ROUTINE,0,elevated landslide risk; elevated neighbouring-cell risk,Routine monitoring.
645_1032,77.17190481965403,80.60827206142028,24.072700691121742,13.215996809055468,89.21922714105064,LOW,NORMAL,56.11081593414067,ROUTINE,0,elevated landslide risk; elevated neighbouring-cell risk,Routine monitoring.
647_542,64.15913191729199,89.99665604873309,24.072700691121742,13.215996809055468,0.0,LOW,NORMAL,36.87218405692015,ROUTINE,0,elevated landslide risk,Routine monitoring.
647_1034,67.71814896958156,70.8840349349104,24.072700691121742,13.215996809055468,90.80391763574112,LOW,NORMAL,52.094329375811625,ROUTINE,0,elevated landslide risk; elevated neighbouring-cell risk,Routine monitoring.
648_1030,72.86853721600663,80.77380126483713,24.072700691121742,13.215996809055468,89.13155797035208,LOW,NORMAL,54.16115013689455,ROUTINE,0,elevated landslide risk; elevated neighbouring-cell risk,Routine monitoring.
649_1368,24.452211343871653,77.14655418837694,24.072700691121742,13.215996809055468,0.0,LOW,NORMAL,19.004069798881,ROUTINE,0,no current multi-signal escalation,Routine monitoring.
650_513,79.48898778831631,90.89242860006878,24.072700691121742,13.215996809055468,99.32769470608756,LOW,NORMAL,58.66977340479423,ROUTINE,0,elevated landslide risk; elevated neighbouring-cell risk,Routine monitoring.
650_1051,24.18130755785489,78.67755662050129,24.072700691121742,13.215996809055468,0.0,LOW,NORMAL,18.882163095173457,ROUTINE,0,no current multi-signal escalation,Routine monitoring.
651_1624,13.161528014561693,83.17928146110421,24.072700691121742,13.215996809055468,0.0,LOW,NORMAL,13.923262300691519,ROUTINE,0,no current multi-signal escalation,Routine monitoring.
652_418,39.96037848576563,60.089108485058574,24.072700691121742,13.215996809055468,0.0,LOW,NORMAL,25.98274501273329,ROUTINE,0,no current multi-signal escalation,Routine monitoring.
652_515,79.0387382290909,90.83583769097788,24.072700691121742,13.215996809055468,99.36227803942089,LOW,NORMAL,58.47234860314279,ROUTINE,0,elevated landslide risk; elevated neighbouring-cell risk,Routine monitoring.
652_1018,68.07608919314372,79.65918841779117,24.072700691121742,13.215996809055468,0.0,LOW,NORMAL,38.634814831053426,ROUTINE,0,elevated landslide risk,Routine monitoring.
654_952,15.287427443677265,83.12473600655878,24.072700691121742,13.215996809055468,0.0,LOW,NORMAL,14.879917043793526,ROUTINE,0,no current multi-signal escalation,Routine monitoring.
655_512,79.04926279965532,89.93015694315429,24.072700691121742,13.215996809055468,99.58366666666666,LOW,NORMAL,58.51029295398365,ROUTINE,0,elevated landslide risk; elevated neighbouring-cell risk,Routine monitoring.
655_1178,14.307627997074857,82.67622360986455,24.072700691121742,13.215996809055468,0.0,LOW,NORMAL,14.439007292822442,ROUTINE,0,no current multi-signal escalation,Routine monitoring.
656_324,36.52676271946227,49.530140762181375,24.072700691121742,13.215996809055468,0.0,LOW,NORMAL,24.437617917896777,ROUTINE,0,no current multi-signal escalation,Routine monitoring.
656_1008,77.28380117905299,84.5160826732683,24.072700691121742,13.215996809055468,92.40743777056277,LOW,NORMAL,56.63940089029701,ROUTINE,0,elevated landslide risk; elevated neighbouring-cell risk,Routine monitoring.
657_85,16.27817291972037,79.46883355874648,24.072700691121742,13.215996809055468,0.0,LOW,NORMAL,15.325752508012922,ROUTINE,0,no current multi-signal escalation,Routine monitoring.
657_1007,75.27064463920149,82.46132617976184,24.072700691121742,13.215996809055468,94.39048804150931,LOW,NORMAL,56.03093798800583,ROUTINE,0,elevated landslide risk; elevated neighbouring-cell risk,Routine monitoring.
658_575,71.88214964227679,86.60494714342695,24.072700691121742,13.215996809055468,94.5348719100605,LOW,NORMAL,54.52777281967238,ROUTINE,0,elevated landslide risk; elevated neighbouring-cell risk,Routine monitoring.
659_576,61.90932116661053,73.39394093569557,24.072700691121742,13.215996809055468,96.68777662539448,LOW,NORMAL,50.36293571292266,ROUTINE,0,elevated landslide risk; elevated neighbouring-cell risk,Routine monitoring.
659_1047,16.65625741413119,81.40642664468777,24.072700691121742,13.215996809055468,0.0,LOW,NORMAL,15.495890530497793,ROUTINE,0,no current multi-signal escalation,Routine monitoring.
660_520,48.74768117274337,57.26408352038362,24.072700691121742,13.215996809055468,92.27255801226764,LOW,NORMAL,43.77791492371342,ROUTINE,0,elevated neighbouring-cell risk,Routine monitoring.
660_577,76.11051015499692,88.91335933599953,24.072700691121742,13.215996809055468,93.31226841547576,LOW,NORMAL,56.247144526208736,ROUTINE,0,elevated landslide risk; elevated neighbouring-cell risk,Routine monitoring.
660_681,19.01271840290773,78.04850952552991,24.072700691121742,13.215996809055468,0.0,LOW,NORMAL,16.556297975447237,ROUTINE,0,no current multi-signal escalation,Routine monitoring.
660_1004,77.54284893462074,82.49931319274884,24.072700691121742,13.215996809055468,94.38429756531886,LOW,NORMAL,57.052501349515914,ROUTINE,0,elevated landslide risk; elevated neighbouring-cell risk,Routine monitoring.
661_579,69.73957631186464,83.7567644571293,24.072700691121742,13.215996809055468,94.99902019967938,LOW,NORMAL,53.63323706442975,ROUTINE,0,elevated landslide risk; elevated neighbouring-cell risk,Routine monitoring.
661_798,71.71313513237355,86.71934943646912,24.072700691121742,13.215996809055468,89.97038251860397,LOW,NORMAL,53.76704288149745,ROUTINE,0,elevated landslide risk; elevated neighbouring-cell risk,Routine monitoring.
661_1004,73.47592843507087,85.60545706096961,24.072700691121742,13.215996809055468,95.24903774911166,LOW,NORMAL,55.3520981522874,ROUTINE,0,elevated landslide risk; elevated neighbouring-cell risk,Routine monitoring.
661_1267,20.21893037712085,82.829227424232,24.072700691121742,13.215996809055468,0.0,LOW,NORMAL,17.09909336384314,ROUTINE,0,no current multi-signal escalation,Routine monitoring.
662_496,21.959668387391982,81.65029171463269,24.072700691121742,13.215996809055468,0.0,LOW,NORMAL,17.882425468465147,ROUTINE,0,no current multi-signal escalation,Routine monitoring.
662_798,71.68946916829077,87.92855018701727,24.072700691121742,13.215996809055468,89.32995397294329,LOW,NORMAL,53.6603289158111,ROUTINE,0,elevated landslide risk; elevated neighbouring-cell risk,Routine monitoring.
663_192,40.40499595721427,66.95739908413019,24.072700691121742,13.215996809055468,68.22938134119967,LOW,NORMAL,36.417230076065124,ROUTINE,0,elevated neighbouring-cell risk,Routine monitoring.
663_798,67.88463076789726,83.4544351589116,24.072700691121742,13.215996809055468,90.50244262309482,LOW,NORMAL,52.12402493315675,ROUTINE,0,elevated landslide risk; elevated neighbouring-cell risk,Routine monitoring.
664_436,73.05577146414518,87.54549024621485,24.072700691121742,13.215996809055468,92.91653180354264,LOW,NORMAL,54.81315162353548,ROUTINE,0,elevated landslide risk; elevated neighbouring-cell risk,Routine monitoring.
664_518,64.23848539665852,82.33080809492705,24.072700691121742,13.215996809055468,70.82658254293602,LOW,NORMAL,47.53188050407549,ROUTINE,0,elevated landslide risk; elevated neighbouring-cell risk,Routine monitoring.
664_552,46.610084984804,52.62614488378506,24.072700691121742,13.215996809055468,0.0,LOW,NORMAL,28.975112937300555,ROUTINE,0,no current multi-signal escalation,Routine monitoring.
665_191,41.49647616057596,54.2283938040684,24.072700691121742,13.215996809055468,13.880247474747472,LOW,NORMAL,28.75602608761006,ROUTINE,0,no current multi-signal escalation,Routine monitoring.
665_436,65.75203213799747,83.08350473407968,24.072700691121742,13.215996809055468,96.7340082972583,LOW,NORMAL,52.09909040082636,ROUTINE,0,elevated landslide risk; elevated neighbouring-cell risk,Routine monitoring.
665_797,49.24165839032882,48.8875332478042,24.072700691121742,13.215996809055468,96.135567378979,LOW,NORMAL,44.579656076633576,ROUTINE,0,elevated neighbouring-cell risk,Routine monitoring.
665_1000,75.78668704996953,87.85872773766133,24.072700691121742,13.215996809055468,95.0742021276596,LOW,NORMAL,56.36571418577398,ROUTINE,0,elevated landslide risk; elevated neighbouring-cell risk,Routine monitoring.
666_786,20.654237219840176,80.30122262429025,24.072700691121742,13.215996809055468,0.0,LOW,NORMAL,17.294981443066835,ROUTINE,0,no current multi-signal escalation,Routine monitoring.
666_1210,15.552013192272703,82.90941365767478,24.072700691121742,13.215996809055468,0.0,LOW,NORMAL,14.998980630661471,ROUTINE,0,no current multi-signal escalation,Routine monitoring.
667_826,73.01595314273283,90.32678537993488,24.072700691121742,13.215996809055468,0.0,LOW,NORMAL,40.857753608368526,ROUTINE,0,elevated landslide risk,Routine monitoring.
668_1439,22.076284872936498,82.62813860396136,24.072700691121742,13.215996809055468,0.0,LOW,NORMAL,17.93490288696018,ROUTINE,0,no current multi-signal escalation,Routine monitoring.
670_680,60.29498639951397,78.39799680947282,24.072700691121742,13.215996809055468,0.0,LOW,NORMAL,35.133318573920036,ROUTINE,0,elevated landslide risk,Routine monitoring.
670_1073,15.885609235296004,83.17373446572671,24.072700691121742,13.215996809055468,0.0,LOW,NORMAL,15.149098850021957,ROUTINE,0,no current multi-signal escalation,Routine monitoring.
674_841,74.67567161326033,74.91912740126759,24.072700691121742,13.215996809055468,96.497114555308,LOW,NORMAL,56.07919410340211,ROUTINE,0,elevated landslide risk; elevated neighbouring-cell risk,Routine monitoring.
675_428,13.04951294380458,82.13740319865659,24.072700691121742,13.215996809055468,0.0,LOW,NORMAL,13.872855518850816,ROUTINE,0,no current multi-signal escalation,Routine monitoring.
675_1528,13.092885258498882,82.07611735248557,24.072700691121742,13.215996809055468,0.507905450438141,LOW,NORMAL,13.968558878028974,ROUTINE,0,no current multi-signal escalation,Routine monitoring.
676_677,36.99563129157528,69.43907229130579,24.072700691121742,13.215996809055468,0.0,LOW,NORMAL,24.648608775347633,ROUTINE,0,no current multi-signal escalation,Routine monitoring.
677_766,24.57121334923933,82.47789030988255,24.072700691121742,13.215996809055468,0.0,LOW,NORMAL,19.057620701296454,ROUTINE,0,no current multi-signal escalation,Routine monitoring.
677_822,21.447348091004628,80.07666957417207,24.072700691121742,13.215996809055468,0.0,LOW,NORMAL,17.651881335090838,ROUTINE,0,no current multi-signal escalation,Routine monitoring.
678_841,73.13430600684435,84.84647497191241,24.072700691121742,13.215996809055468,95.53709626026148,LOW,NORMAL,55.24157683625794,ROUTINE,0,elevated landslide risk; elevated neighbouring-cell risk,Routine monitoring.
678_1443,14.4813980099831,82.96636528636986,24.072700691121742,13.215996809055468,0.0,LOW,NORMAL,14.51720379863115,ROUTINE,0,no current multi-signal escalation,Routine monitoring.
679_840,77.12754368078369,88.23745205092621,24.072700691121742,13.215996809055468,94.1202981175401,LOW,NORMAL,56.82601406812243,ROUTINE,0,elevated landslide risk; elevated neighbouring-cell risk,Routine monitoring.
679_1526,13.2841410473623,82.58740924241383,24.072700691121742,13.215996809055468,0.9453440673767648,LOW,NORMAL,14.120239775558307,ROUTINE,0,no current multi-signal escalation,Routine monitoring.
681_836,80.6822060670405,85.47986009742519,24.072700691121742,13.215996809055468,96.8984813666122,LOW,NORMAL,58.84233962929881,ROUTINE,0,elevated landslide risk; elevated neighbouring-cell risk,Routine monitoring.
681_945,16.91988790197081,83.01961203961662,24.072700691121742,13.215996809055468,0.0,LOW,NORMAL,15.614524250025621,ROUTINE,0,no current multi-signal escalation,Routine monitoring.
681_1322,20.74971840673353,70.97690911954932,24.072700691121742,13.215996809055468,0.0,LOW,NORMAL,17.337947977168845,ROUTINE,0,no current multi-signal escalation,Routine monitoring.
682_700,52.5330734609768,69.86124432979364,24.072700691121742,13.215996809055468,0.0,LOW,NORMAL,31.640457751578317,ROUTINE,0,no current multi-signal escalation,Routine monitoring.
682_830,65.37351773469321,69.58678550553465,24.072700691121742,13.215996809055468,96.49147709832054,LOW,NORMAL,51.89237923949878,ROUTINE,0,elevated landslide risk; elevated neighbouring-cell risk,Routine monitoring.
682_832,69.24780841819951,82.18839101366288,24.072700691121742,13.215996809055468,95.37327881730964,LOW,NORMAL,53.46808030492498,ROUTINE,0,elevated landslide risk; elevated neighbouring-cell risk,Routine monitoring.
682_889,24.42793151088499,76.97814509746786,24.072700691121742,13.215996809055468,0.0,LOW,NORMAL,18.993143874037003,ROUTINE,0,no current multi-signal escalation,Routine monitoring.
683_833,78.72809335314156,89.29146070461022,24.072700691121742,13.215996809055468,92.81815464503929,LOW,NORMAL,57.35093989980835,ROUTINE,0,elevated landslide risk; elevated neighbouring-cell risk,Routine monitoring.
683_1168,20.160418049383665,77.05479827305939,24.072700691121742,13.215996809055468,0.0,LOW,NORMAL,17.072762816361408,ROUTINE,0,no current multi-signal escalation,Routine monitoring.
684_539,23.88520110158509,71.91634727497677,24.072700691121742,13.215996809055468,0.0,LOW,NORMAL,18.748915189852045,ROUTINE,0,no current multi-signal escalation,Routine monitoring.
685_800,53.63309758351842,76.9171451028355,24.072700691121742,13.215996809055468,0.0,LOW,NORMAL,32.13546860672204,ROUTINE,0,no current multi-signal escalation,Routine monitoring.
685_1307,11.621148176085915,83.17928146110421,24.072700691121742,13.215996809055468,0.0,LOW,NORMAL,13.23009137337742,ROUTINE,0,no current multi-signal escalation,Routine monitoring.
686_1225,24.810679162483176,76.80983931234388,24.072700691121742,13.215996809055468,0.0,LOW,NORMAL,19.165380317256187,ROUTINE,0,no current multi-signal escalation,Routine monitoring.
688_812,65.97741836758726,83.29309107424058,24.072700691121742,13.215996809055468,0.0,LOW,NORMAL,37.69041295955302,ROUTINE,0,elevated landslide risk,Routine monitoring.
688_1274,13.144123287408531,82.59505801331913,24.072700691121742,13.215996809055468,0.0,LOW,NORMAL,13.915430173472597,ROUTINE,0,no current multi-signal escalation,Routine monitoring.
688_1556,12.095146833969617,81.49559787196608,24.072700691121742,13.215996809055468,0.0,LOW,NORMAL,13.443390769425083,ROUTINE,0,no current multi-signal escalation,Routine monitoring.
688_1616,15.553166238836582,83.15882691564968,24.072700691121742,13.215996809055468,0.0,LOW,NORMAL,14.999499501615219,ROUTINE,0,no current multi-signal escalation,Routine monitoring.
689_462,74.00042501162272,89.01743871303844,24.072700691121742,13.215996809055468,98.28235564666244,LOW,NORMAL,56.043119296368346,ROUTINE,0,elevated landslide risk; elevated neighbouring-cell risk,Routine monitoring.
690_463,82.79744409518679,90.852233794874,24.072700691121742,13.215996809055468,97.16109198554072,LOW,NORMAL,59.83358833480392,ROUTINE,0,elevated landslide risk; elevated neighbouring-cell risk,Routine monitoring.
690_466,72.01752261529631,85.61277962212935,24.072700691121742,13.215996809055468,99.11460564666244,LOW,NORMAL,55.27565071802146,ROUTINE,0,elevated landslide risk; elevated neighbouring-cell risk,Routine monitoring.
690_552,59.44026459059004,75.9228011686767,24.072700691121742,13.215996809055468,0.0,LOW,NORMAL,34.74869375990427,ROUTINE,0,no current multi-signal escalation,Routine monitoring.
690_1038,24.05853428362088,82.6046435566358,24.072700691121742,13.215996809055468,0.0,LOW,NORMAL,18.826915121768153,ROUTINE,0,no current multi-signal escalation,Routine monitoring.
691_75,15.708001468494388,77.85821281585301,24.072700691121742,13.215996809055468,0.0,LOW,NORMAL,15.069175354961232,ROUTINE,0,no current multi-signal escalation,Routine monitoring.
691_421,15.29995491227635,81.80292478466086,24.072700691121742,13.215996809055468,0.0,LOW,NORMAL,14.885554404663115,ROUTINE,0,no current multi-signal escalation,Routine monitoring.
691_453,75.53503447781998,90.13669082720337,24.072700691121742,13.215996809055468,99.63016666666668,LOW,NORMAL,56.935865209157754,ROUTINE,0,elevated landslide risk; elevated neighbouring-cell risk,Routine monitoring.
692_978,57.40047783139508,73.65581561150998,24.072700691121742,13.215996809055468,0.0,LOW,NORMAL,33.83078971826654,ROUTINE,0,no current multi-signal escalation,Routine monitoring.
693_857,18.59667805801308,82.82895088259184,24.072700691121742,13.215996809055468,0.0,LOW,NORMAL,16.369079820244643,ROUTINE,0,no current multi-signal escalation,Routine monitoring.
694_455,82.48748338898677,90.9306104182506,24.072700691121742,13.215996809055468,98.9509243498818,LOW,NORMAL,59.962580871665075,ROUTINE,0,elevated landslide risk; elevated neighbouring-cell risk,Routine monitoring.
694_1647,16.56099196057648,83.17597567598025,24.072700691121742,13.215996809055468,0.0,LOW,NORMAL,15.453021076398173,ROUTINE,0,no current multi-signal escalation,Routine monitoring.
695_815,73.44914934999827,87.33250010194301,24.072700691121742,13.215996809055468,97.3005658182857,LOW,NORMAL,55.64777677438083,ROUTINE,0,elevated landslide risk; elevated neighbouring-cell risk,Routine monitoring.
697_813,77.15137954679562,86.43308982548932,24.072700691121742,13.215996809055468,97.12185150528902,LOW,NORMAL,57.28697321599014,ROUTINE,0,elevated landslide risk; elevated neighbouring-cell risk,Routine monitoring.
698_299,36.06380499345616,47.15644700840163,24.072700691121742,13.215996809055468,0.0,LOW,NORMAL,24.22928694119403,ROUTINE,0,no current multi-signal escalation,Routine monitoring.
698_438,81.01012578407418,90.5521039247441,24.072700691121742,13.215996809055468,98.48570212765958,LOW,NORMAL,59.22798661612107,ROUTINE,0,elevated landslide risk; elevated neighbouring-cell risk,Routine monitoring.
698_814,80.30261104014019,87.67007851537088,24.072700691121742,13.215996809055468,96.97066399874792,LOW,NORMAL,58.68234926201403,ROUTINE,0,elevated landslide risk; elevated neighbouring-cell risk,Routine monitoring.
698_962,54.298046018050506,70.15547900421012,24.072700691121742,13.215996809055468,0.0,LOW,NORMAL,32.43469540226148,ROUTINE,0,no current multi-signal escalation,Routine monitoring.
699_342,25.481391259128195,65.70049553313574,24.072700691121742,13.215996809055468,0.0,LOW,NORMAL,19.467200760746444,ROUTINE,0,no current multi-signal escalation,Routine monitoring.
699_439,74.79943600983891,89.59292459343712,24.072700691121742,13.215996809055468,99.30633333333331,LOW,NORMAL,56.55627089856627,ROUTINE,0,elevated landslide risk; elevated neighbouring-cell risk,Routine monitoring.
699_780,11.54222301262092,82.8514302214348,24.072700691121742,13.215996809055468,0.0,LOW,NORMAL,13.19457504981817,ROUTINE,0,no current multi-signal escalation,Routine monitoring.
699_813,80.35900855117681,88.91915643744883,24.072700691121742,13.215996809055468,96.50091134096816,LOW,NORMAL,58.63726524331355,ROUTINE,0,elevated landslide risk; elevated neighbouring-cell risk,Routine monitoring.
699_834,66.79053763464147,81.76750503621847,24.072700691121742,13.215996809055468,0.0,LOW,NORMAL,38.05631662972741,ROUTINE,0,elevated landslide risk,Routine monitoring.
700_491,71.75812024120575,85.0379237733447,24.072700691121742,13.215996809055468,97.32520719803072,LOW,NORMAL,54.89050988238595,ROUTINE,0,elevated landslide risk; elevated neighbouring-cell risk,Routine monitoring.
700_541,56.426127530291225,80.54947517418435,24.072700691121742,13.215996809055468,0.0,LOW,NORMAL,33.392332082769805,ROUTINE,0,no current multi-signal escalation,Routine monitoring.
700_614,63.68143256458395,86.9732944009346,24.072700691121742,13.215996809055468,0.0,LOW,NORMAL,36.65721934820153,ROUTINE,0,elevated landslide risk,Routine monitoring.
700_713,63.800030590920585,88.81225543989564,24.072700691121742,13.215996809055468,0.0,LOW,NORMAL,36.71058846005302,ROUTINE,0,elevated landslide risk,Routine monitoring.
700_812,79.80815710125755,85.31248996755511,24.072700691121742,13.215996809055468,94.84908474129392,LOW,NORMAL,58.14160810089874,ROUTINE,0,elevated landslide risk; elevated neighbouring-cell risk,Routine monitoring.
702_453,68.51995784537263,91.10447601498852,24.072700691121742,13.215996809055468,0.0,LOW,NORMAL,38.83455572455644,ROUTINE,0,elevated landslide risk,Routine monitoring.
702_951,41.70502142719492,51.6357499131431,24.072700691121742,13.215996809055468,0.0,LOW,NORMAL,26.76783433637647,ROUTINE,0,no current multi-signal escalation,Routine monitoring.
702_1183,16.046390763129455,83.17597567598025,24.072700691121742,13.215996809055468,0.0,LOW,NORMAL,15.22145053754701,ROUTINE,0,no current multi-signal escalation,Routine monitoring.
703_492,72.37614381068505,85.24649520191613,24.072700691121742,13.215996809055468,97.2742230710466,LOW,NORMAL,55.160972869604024,ROUTINE,0,elevated landslide risk; elevated neighbouring-cell risk,Routine monitoring.
703_654,17.232696387341306,77.5647002226616,24.072700691121742,13.215996809055468,0.0,LOW,NORMAL,15.755288068442344,ROUTINE,0,no current multi-signal escalation,Routine monitoring.
703_817,80.21605561241363,87.76651265266217,24.072700691121742,13.215996809055468,94.70796547077214,LOW,NORMAL,58.30399454034071,ROUTINE,0,elevated landslide risk; elevated neighbouring-cell risk,Routine monitoring.
703_1649,10.555617665467198,83.17597567598025,24.072700691121742,13.215996809055468,0.0,LOW,NORMAL,12.750602643598995,ROUTINE,0,no current multi-signal escalation,Routine monitoring.
704_489,81.55222945797948,89.43250464701647,24.072700691121742,13.215996809055468,94.71610618792973,LOW,NORMAL,58.906493878418985,ROUTINE,0,elevated landslide risk; elevated neighbouring-cell risk,Routine monitoring.
705_442,65.21306531571706,87.40840783473786,24.072700691121742,13.215996809055468,0.0,LOW,NORMAL,37.34645408621143,ROUTINE,0,elevated landslide risk,Routine monitoring.
705_813,68.82858353276238,67.6165358113217,24.072700691121742,13.215996809055468,96.32323303308152,LOW,NORMAL,53.421922238844054,ROUTINE,0,elevated landslide risk; elevated neighbouring-cell risk,Routine monitoring.
705_835,70.26253255642361,85.61037678852631,24.072700691121742,13.215996809055468,0.0,LOW,NORMAL,39.61871434452938,ROUTINE,0,elevated landslide risk,Routine monitoring.
706_75,12.610240635928674,81.02765163790053,24.072700691121742,13.215996809055468,0.0,LOW,NORMAL,13.675182980306658,ROUTINE,0,no current multi-signal escalation,Routine monitoring.
706_819,79.94499623880111,84.9193916373139,24.072700691121742,13.215996809055468,97.08361470126134,LOW,NORMAL,58.538365206788455,ROUTINE,0,elevated landslide risk; elevated neighbouring-cell risk,Routine monitoring.
707_586,51.066483235809606,55.04054139636342,24.072700691121742,13.215996809055468,0.0,LOW,NORMAL,30.980492150253077,ROUTINE,0,no current multi-signal escalation,Routine monitoring.
707_821,73.78355290683886,88.02916449018636,24.072700691121742,13.215996809055468,96.22714233013366,LOW,NORMAL,55.63724485173629,ROUTINE,0,elevated landslide risk; elevated neighbouring-cell risk,Routine monitoring.
707_938,41.80387884876389,57.857058588793535,24.072700691121742,13.215996809055468,0.0,LOW,NORMAL,26.812320176082505,ROUTINE,0,no current multi-signal escalation,Routine monitoring.
708_52,12.42248402617672,79.82739321101438,24.072700691121742,13.215996809055468,0.0,LOW,NORMAL,13.59069250591828,ROUTINE,0,no current multi-signal escalation,Routine monitoring.
708_495,60.18449436464758,82.66170588465036,24.072700691121742,13.215996809055468,0.0,LOW,NORMAL,35.08359715823016,ROUTINE,0,elevated landslide risk,Routine monitoring.
709_331,24.84875242655354,78.41497674019865,24.072700691121742,13.215996809055468,0.0,LOW,NORMAL,19.18251328608785,ROUTINE,0,no current multi-signal escalation,Routine monitoring.
710_465,63.07746258178797,89.22666490351463,24.072700691121742,13.215996809055468,0.0,LOW,NORMAL,36.38543285594334,ROUTINE,0,elevated landslide risk,Routine monitoring.
710_704,65.65690797965853,84.39320122316764,24.072700691121742,13.215996809055468,0.0,LOW,NORMAL,37.54618328498509,ROUTINE,0,elevated landslide risk,Routine monitoring.
712_482,16.355896797829402,75.96369257093815,24.072700691121742,13.215996809055468,0.0,LOW,NORMAL,15.360728253161987,ROUTINE,0,no current multi-signal escalation,Routine monitoring.
712_713,65.71395566708267,87.5915963689479,24.072700691121742,13.215996809055468,0.0,LOW,NORMAL,37.571854744325954,ROUTINE,0,elevated landslide risk,Routine monitoring.
713_669,71.28975268875999,82.07871480049937,24.072700691121742,13.215996809055468,0.0,LOW,NORMAL,40.080963404080755,ROUTINE,0,elevated landslide risk,Routine monitoring.
713_1038,22.91740239511608,83.17928146110421,24.072700691121742,13.215996809055468,0.0,LOW,NORMAL,18.313405771940992,ROUTINE,0,no current multi-signal escalation,Routine monitoring.
714_190,12.73845216529361,79.9691281070302,24.072700691121742,13.215996809055468,0.0,LOW,NORMAL,13.73287816852088,ROUTINE,0,no current multi-signal escalation,Routine monitoring.
714_915,75.77705792255075,80.09501351515371,24.072700691121742,13.215996809055468,88.38886124603367,LOW,NORMAL,55.35857994619165,ROUTINE,0,elevated landslide risk; elevated neighbouring-cell risk,Routine monitoring.
714_917,78.74528962672602,77.07208621518095,24.072700691121742,13.215996809055468,95.49304487179488,LOW,NORMAL,57.7599117569347,ROUTINE,0,elevated landslide risk; elevated neighbouring-cell risk,Routine monitoring.
715_692,72.49361682620668,85.21842299960869,24.072700691121742,13.215996809055468,93.44665042735042,LOW,NORMAL,54.639699830034324,ROUTINE,0,elevated landslide risk; elevated neighbouring-cell risk,Routine monitoring.
715_926,72.22101296928687,89.68806319274884,24.072700691121742,13.215996809055468,0.0,LOW,NORMAL,40.50003053031785,ROUTINE,0,elevated landslide risk,Routine monitoring.
716_753,14.52242141361532,82.88347472546698,24.072700691121742,13.215996809055468,0.0,LOW,NORMAL,14.53566433026565,ROUTINE,0,no current multi-signal escalation,Routine monitoring.
717_222,13.91723510354922,82.77734471800542,24.072700691121742,13.215996809055468,0.0,LOW,NORMAL,14.263330490735907,ROUTINE,0,no current multi-signal escalation,Routine monitoring.
717_641,70.19224678700026,88.49895752568864,24.072700691121742,13.215996809055468,0.0,LOW,NORMAL,39.58708574828887,ROUTINE,0,elevated landslide risk,Routine monitoring.
718_841,82.47709507710917,91.05122519308615,24.072700691121742,13.215996809055468,99.13311309523812,LOW,NORMAL,59.9852344431236,ROUTINE,0,elevated landslide risk; elevated neighbouring-cell risk,Routine monitoring.
719_841,79.33832121280757,90.34963871138608,24.072700691121742,13.215996809055468,99.73335930735932,LOW,NORMAL,58.66282313600606,ROUTINE,0,elevated landslide risk; elevated neighbouring-cell risk,Routine monitoring.
719_913,54.9517768424369,64.58976238697157,24.072700691121742,13.215996809055468,95.49304487179488,LOW,NORMAL,47.052831004004595,ROUTINE,0,elevated neighbouring-cell risk,Routine monitoring.
719_1244,10.939884669143886,83.17479827305938,24.072700691121742,13.215996809055468,0.0,LOW,NORMAL,12.923522795253504,ROUTINE,0,no current multi-signal escalation,Routine monitoring.
720_667,77.12017901445714,88.89078173629426,24.072700691121742,13.215996809055468,98.80144992372102,LOW,NORMAL,57.52487273920262,ROUTINE,0,elevated landslide risk; elevated neighbouring-cell risk,Routine monitoring.
720_691,78.05011473358309,83.7031239047641,24.072700691121742,13.215996809055468,93.32311110768484,LOW,NORMAL,57.12159299040387,ROUTINE,0,elevated landslide risk; elevated neighbouring-cell risk,Routine monitoring.
721_483,70.78400902971526,89.81197637372371,24.072700691121742,13.215996809055468,0.0,LOW,NORMAL,39.853378757510626,ROUTINE,0,elevated landslide risk,Routine monitoring.
721_602,49.10106424577812,63.08110628601925,24.072700691121742,13.215996809055468,0.0,LOW,NORMAL,30.09605360473891,ROUTINE,0,no current multi-signal escalation,Routine monitoring.
721_691,70.38492216178068,80.12829545618567,24.072700691121742,13.215996809055468,92.931367454378,LOW,NORMAL,53.61349478509676,ROUTINE,0,elevated landslide risk; elevated neighbouring-cell risk,Routine monitoring.
721_1282,11.718307003157012,83.17479827305938,24.072700691121742,13.215996809055468,0.0,LOW,NORMAL,13.273812845559412,ROUTINE,0,no current multi-signal escalation,Routine monitoring.
722_666,74.90522358294628,89.64235361269374,24.072700691121742,13.215996809055468,98.61773235393449,LOW,NORMAL,56.50058515955475,ROUTINE,0,elevated landslide risk; elevated neighbouring-cell risk,Routine monitoring.
722_691,71.67726533874625,81.59514810624052,24.072700691121742,13.215996809055468,92.57280347325349,LOW,NORMAL,54.14126461756259,ROUTINE,0,elevated landslide risk; elevated neighbouring-cell risk,Routine monitoring.
723_1336,25.17126972956805,82.76291782474058,24.072700691121742,13.215996809055468,0.0,LOW,NORMAL,19.327646072444377,ROUTINE,0,no current multi-signal escalation,Routine monitoring.
724_645,81.20418423579537,89.32457145721168,24.072700691121742,13.215996809055468,98.588375,LOW,NORMAL,59.33071385024667,ROUTINE,0,elevated landslide risk; elevated neighbouring-cell risk,Routine monitoring.
724_665,81.44882820526246,90.0898311974714,24.072700691121742,13.215996809055468,98.3442738299037,LOW,NORMAL,59.404188460992415,ROUTINE,0,elevated landslide risk; elevated neighbouring-cell risk,Routine monitoring.
725_685,66.9153241983456,82.75600034121877,24.072700691121742,13.215996809055468,88.97433369979117,LOW,NORMAL,51.45862063836295,ROUTINE,0,elevated landslide risk; elevated neighbouring-cell risk,Routine monitoring.
725_830,71.03398723794774,89.57375021962572,24.072700691121742,13.215996809055468,0.0,LOW,NORMAL,39.965868951215235,ROUTINE,0,elevated landslide risk,Routine monitoring.
726_607,69.5064735790899,77.8368913756653,24.072700691121742,13.215996809055468,91.06569696969696,LOW,NORMAL,52.93834235018375,ROUTINE,0,elevated landslide risk; elevated neighbouring-cell risk,Routine monitoring.
726_685,63.91798146120629,78.47574071670782,24.072700691121742,13.215996809055468,92.63633360076165,LOW,NORMAL,50.659116391795834,ROUTINE,0,elevated landslide risk; elevated neighbouring-cell risk,Routine monitoring.
727_445,70.02527103387112,90.01854748118768,24.072700691121742,13.215996809055468,0.0,LOW,NORMAL,39.51194665938076,ROUTINE,0,elevated landslide risk,Routine monitoring.
727_501,64.78736387998521,86.97556677004638,24.072700691121742,13.215996809055468,0.0,LOW,NORMAL,37.1548884401321,ROUTINE,0,elevated landslide risk,Routine monitoring.
728_350,22.455305317167564,81.68368138978104,24.072700691121742,13.215996809055468,0.0,LOW,NORMAL,18.10546208686416,ROUTINE,0,no current multi-signal escalation,Routine monitoring.
728_606,72.99940349400218,80.92019129192241,24.072700691121742,13.215996809055468,88.42776259689924,LOW,NORMAL,54.11447065597462,ROUTINE,0,elevated landslide risk; elevated neighbouring-cell risk,Routine monitoring.
729_645,81.73038197378017,89.71293184682207,24.072700691121742,13.215996809055468,98.42097222222225,LOW,NORMAL,59.54239241567316,ROUTINE,0,elevated landslide risk; elevated neighbouring-cell risk,Routine monitoring.
730_648,83.03635874347374,89.59434418448438,24.072700691121742,13.215996809055468,98.4991036318333,LOW,NORMAL,60.141801673476934,ROUTINE,0,elevated landslide risk; elevated neighbouring-cell risk,Routine monitoring.
731_651,77.63675127817248,89.34773079523093,24.072700691121742,13.215996809055468,95.68269683094684,LOW,NORMAL,57.2895172939584,ROUTINE,0,elevated landslide risk; elevated neighbouring-cell risk,Routine monitoring.
732_654,63.95311049046379,78.1225357656305,24.072700691121742,13.215996809055468,98.27592521141648,LOW,NORMAL,51.52086319655994,ROUTINE,0,elevated landslide risk; elevated neighbouring-cell risk,Routine monitoring.
732_689,27.89437713664575,78.30780402050863,24.072700691121742,13.215996809055468,0.0,LOW,NORMAL,20.553044405629343,ROUTINE,0,no current multi-signal escalation,Routine monitoring.
732_833,65.4590472982287,90.09155575287998,24.072700691121742,13.215996809055468,0.0,LOW,NORMAL,37.45714597834167,ROUTINE,0,elevated landslide risk,Routine monitoring.
733_1560,10.956753969738369,83.17597567598025,24.072700691121742,13.215996809055468,0.0,LOW,NORMAL,12.931113980521022,ROUTINE,0,no current multi-signal escalation,Routine monitoring.
734_444,74.09083500097465,85.03257893479605,24.072700691121742,13.215996809055468,98.11466366612116,LOW,NORMAL,56.058649994495525,ROUTINE,0,elevated landslide risk; elevated neighbouring-cell risk,Routine monitoring.
734_749,24.678548401307182,76.25094225793451,24.072700691121742,13.215996809055468,0.0,LOW,NORMAL,19.10592147472699,ROUTINE,0,no current multi-signal escalation,Routine monitoring.
736_445,75.78628246563136,89.15924327475584,24.072700691121742,13.215996809055468,96.4162451479863,LOW,NORMAL,56.56683857587082,ROUTINE,0,elevated landslide risk; elevated neighbouring-cell risk,Routine monitoring.
736_487,70.53751811998428,90.89379223643245,24.072700691121742,13.215996809055468,0.0,LOW,NORMAL,39.742457848131686,ROUTINE,0,elevated landslide risk,Routine monitoring.
736_1158,21.169635579467226,82.34386433585658,24.072700691121742,13.215996809055468,0.0,LOW,NORMAL,17.52691070489901,ROUTINE,0,no current multi-signal escalation,Routine monitoring.
738_651,77.05380549685844,88.90706443720464,24.072700691121742,13.215996809055468,96.4135003238302,LOW,NORMAL,57.13681221629959,ROUTINE,0,elevated landslide risk; elevated neighbouring-cell risk,Routine monitoring.
738_654,72.29226239613037,89.35639659863858,24.072700691121742,13.215996809055468,96.34027582344837,LOW,NORMAL,54.983134145914676,ROUTINE,0,elevated landslide risk; elevated neighbouring-cell risk,Routine monitoring.
738_836,81.77841253554679,91.11197405461424,24.072700691121742,13.215996809055468,97.85667508237722,LOW,NORMAL,59.4793615974914,ROUTINE,0,elevated landslide risk; elevated neighbouring-cell risk,Routine monitoring.
739_651,62.70211699820208,75.46757215601949,24.072700691121742,13.215996809055468,98.60363980669,LOW,NORMAL,51.007073314333184,ROUTINE,0,elevated landslide risk; elevated neighbouring-cell risk,Routine monitoring.
739_652,81.04050667390095,90.09941586604955,24.072700691121742,13.215996809055468,95.9467508040418,LOW,NORMAL,58.86081531800045,ROUTINE,0,elevated landslide risk; elevated neighbouring-cell risk,Routine monitoring.
739_864,23.10115211651512,80.25497364116956,24.072700691121742,13.215996809055468,0.0,LOW,NORMAL,18.39609314657056,ROUTINE,0,no current multi-signal escalation,Routine monitoring.
740_137,16.84495699014238,74.18383355874647,24.072700691121742,13.215996809055468,0.0,LOW,NORMAL,15.580805339702827,ROUTINE,0,no current multi-signal escalation,Routine monitoring.
740_449,75.35800754398512,88.03067870833728,24.072700691121742,13.215996809055468,98.78466809874524,LOW,NORMAL,56.72937830374385,ROUTINE,0,elevated landslide risk; elevated neighbouring-cell risk,Routine monitoring.
740_937,23.40310909094135,75.83621412992979,24.072700691121742,13.215996809055468,0.0,LOW,NORMAL,18.531973785062362,ROUTINE,0,no current multi-signal escalation,Routine monitoring.
741_64,12.83296662300701,80.75294808058828,24.072700691121742,13.215996809055468,0.0,LOW,NORMAL,13.775409674491911,ROUTINE,0,no current multi-signal escalation,Routine monitoring.
741_276,14.988432342713802,82.01509560348357,24.072700691121742,13.215996809055468,0.0,LOW,NORMAL,14.745369248359967,ROUTINE,0,no current multi-signal escalation,Routine monitoring.
741_837,74.63308249459295,86.16161887213146,24.072700691121742,13.215996809055468,99.49790476190476,LOW,NORMAL,56.510147530991304,ROUTINE,0,elevated landslide risk; elevated neighbouring-cell risk,Routine monitoring.
742_554,60.80328108818732,84.99203106282343,24.072700691121742,13.215996809055468,0.0,LOW,NORMAL,35.36205118382305,ROUTINE,0,elevated landslide risk,Routine monitoring.
742_839,80.16693464193025,89.9361298987701,24.072700691121742,13.215996809055468,97.96366649954156,LOW,NORMAL,58.770245257938605,ROUTINE,0,elevated landslide risk; elevated neighbouring-cell risk,Routine monitoring.
743_450,80.88048525251459,90.25561416450438,24.072700691121742,13.215996809055468,97.14911398151858,LOW,NORMAL,58.96916015499811,ROUTINE,0,elevated landslide risk; elevated neighbouring-cell risk,Routine monitoring.
744_844,81.36352779998249,84.88391912064762,24.072700691121742,13.215996809055468,98.77933333333334,LOW,NORMAL,59.43106220413088,ROUTINE,0,elevated landslide risk; elevated neighbouring-cell risk,Routine monitoring.
745_561,24.12657999722936,78.80730279138557,24.072700691121742,13.215996809055468,0.0,LOW,NORMAL,18.857535692891968,ROUTINE,0,no current multi-signal escalation,Routine monitoring.
745_976,24.54982238939972,82.28406504423911,24.072700691121742,13.215996809055468,0.0,LOW,NORMAL,19.04799476936863,ROUTINE,0,no current multi-signal escalation,Routine monitoring.
746_490,70.0266646140948,84.43023130375896,24.072700691121742,13.215996809055468,0.0,LOW,NORMAL,39.51257377048142,ROUTINE,0,elevated landslide risk,Routine monitoring.
747_866,74.64071558108132,91.1883376909779,24.072700691121742,13.215996809055468,20.54588842736461,LOW,NORMAL,44.67077996973004,ROUTINE,0,elevated landslide risk,Routine monitoring.
747_903,75.7970160286942,84.54725671313221,24.072700691121742,13.215996809055468,99.766,LOW,NORMAL,57.07413190705115,ROUTINE,0,elevated landslide risk; elevated neighbouring-cell risk,Routine monitoring.
748_455,70.03085798783806,90.47558401608136,24.072700691121742,13.215996809055468,0.0,LOW,NORMAL,39.51446078866588,ROUTINE,0,elevated landslide risk,Routine monitoring.
748_594,65.20475049202068,76.81006799276167,24.072700691121742,13.215996809055468,90.2469285752799,LOW,NORMAL,50.87975170184004,ROUTINE,0,elevated landslide risk; elevated neighbouring-cell risk,Routine monitoring.
749_593,68.42422029933039,79.96318927247387,24.072700691121742,13.215996809055468,87.54925814708169,LOW,NORMAL,51.92386255089968,ROUTINE,0,elevated landslide risk; elevated neighbouring-cell risk,Routine monitoring.
749_859,53.37741086260847,76.86979076768174,24.072700691121742,13.215996809055468,0.0,LOW,NORMAL,32.02040958231257,ROUTINE,0,no current multi-signal escalation,Routine monitoring.
749_883,56.82506775470933,62.01030390658049,24.072700691121742,13.215996809055468,0.0,LOW,NORMAL,33.571855183757954,ROUTINE,0,no current multi-signal escalation,Routine monitoring.
750_433,20.117895276322287,78.41646602555164,24.072700691121742,13.215996809055468,0.0,LOW,NORMAL,17.053627568483787,ROUTINE,0,no current multi-signal escalation,Routine monitoring.
750_841,82.59917428254442,89.90814137566531,24.072700691121742,13.215996809055468,90.00353911205073,LOW,NORMAL,58.67073398809136,ROUTINE,0,elevated landslide risk; elevated neighbouring-cell risk,Routine monitoring.
750_843,78.97154361420823,79.67870808168654,24.072700691121742,13.215996809055468,98.75538759689924,LOW,NORMAL,58.351077460067344,ROUTINE,0,elevated landslide risk; elevated neighbouring-cell risk,Routine monitoring.
750_850,49.49011784208453,55.023988537457626,24.072700691121742,13.215996809055468,0.0,LOW,NORMAL,30.271127723076795,ROUTINE,0,no current multi-signal escalation,Routine monitoring.
750_866,38.97012699479272,53.16639017847381,24.072700691121742,13.215996809055468,99.85066666666668,LOW,NORMAL,40.51473184179548,ROUTINE,0,elevated neighbouring-cell risk,Routine monitoring.
750_906,82.53641696357444,91.08937665201684,24.072700691121742,13.215996809055468,98.23626567550096,LOW,NORMAL,59.87740217907239,ROUTINE,0,elevated landslide risk; elevated neighbouring-cell risk,Routine monitoring.
751_60,12.77575394089986,78.63241081791342,24.072700691121742,13.215996809055468,0.0,LOW,NORMAL,13.749663967543693,ROUTINE,0,no current multi-signal escalation,Routine monitoring.
751_145,14.020156597881948,80.23074028838047,24.072700691121742,13.215996809055468,0.0,LOW,NORMAL,14.309645163185632,ROUTINE,0,no current multi-signal escalation,Routine monitoring.
752_443,70.34176777802631,90.86481939109596,24.072700691121742,13.215996809055468,0.0,LOW,NORMAL,39.654370194250596,ROUTINE,0,elevated landslide risk,Routine monitoring.
752_908,80.72325057299034,91.2030230056632,24.072700691121742,13.215996809055468,99.766,LOW,NORMAL,59.29093745198441,ROUTINE,0,elevated landslide risk; elevated neighbouring-cell risk,Routine monitoring.
753_473,65.0240609012946,79.32446939659633,24.072700691121742,13.215996809055468,92.23044231315713,LOW,NORMAL,51.09596844669489,ROUTINE,0,elevated landslide risk; elevated neighbouring-cell risk,Routine monitoring.
754_633,69.0377878246193,89.52719740269472,24.072700691121742,13.215996809055468,0.0,LOW,NORMAL,39.06757921521744,ROUTINE,0,elevated landslide risk,Routine monitoring.
758_453,81.90644097218271,90.1887658342632,24.072700691121742,13.215996809055468,98.905332842848,LOW,NORMAL,59.694273058048175,ROUTINE,0,elevated landslide risk; elevated neighbouring-cell risk,Routine monitoring.
758_473,76.9426208098168,82.2815819531096,24.072700691121742,13.215996809055468,89.70046823702911,LOW,NORMAL,56.079824294110686,ROUTINE,0,elevated landslide risk; elevated neighbouring-cell risk,Routine monitoring.
760_455,71.2066182349661,87.68416592563437,24.072700691121742,13.215996809055468,98.99547741147742,LOW,NORMAL,54.89287451159512,ROUTINE,0,elevated landslide risk; elevated neighbouring-cell risk,Routine monitoring.
760_507,53.87418652014213,71.71329276798647,24.072700691121742,13.215996809055468,0.0,LOW,NORMAL,32.24395862820271,ROUTINE,0,no current multi-signal escalation,Routine monitoring.
760_513,48.47266051260708,61.86097071073334,24.072700691121742,13.215996809055468,0.0,LOW,NORMAL,29.813271924811943,ROUTINE,0,no current multi-signal escalation,Routine monitoring.
760_1007,12.730843949911351,83.17928146110421,24.072700691121742,13.215996809055468,0.0,LOW,NORMAL,13.729454471598864,ROUTINE,0,no current multi-signal escalation,Routine monitoring.
761_541,24.26357138983721,76.6870783700776,24.072700691121742,13.215996809055468,0.0,LOW,NORMAL,18.9191818195655,ROUTINE,0,no current multi-signal escalation,Routine monitoring.
762_449,81.5371434211329,91.04309650359386,24.072700691121742,13.215996809055468,98.99547741147742,LOW,NORMAL,59.54161084537017,ROUTINE,0,elevated landslide risk; elevated neighbouring-cell risk,Routine monitoring.
765_413,15.545042534698704,77.72686192411948,24.072700691121742,13.215996809055468,0.0,LOW,NORMAL,14.995843834753174,ROUTINE,0,no current multi-signal escalation,Routine monitoring.
765_1047,14.596028358221051,83.17597567598025,24.072700691121742,13.215996809055468,0.0,LOW,NORMAL,14.568787455338228,ROUTINE,0,no current multi-signal escalation,Routine monitoring.
766_129,12.815583709360917,81.4689221065623,24.072700691121742,13.215996809055468,0.0,LOW,NORMAL,13.767587363351169,ROUTINE,0,no current multi-signal escalation,Routine monitoring.
767_452,76.95088424161881,89.94881976968946,24.072700691121742,13.215996809055468,96.68100966734212,LOW,NORMAL,57.130624052968535,ROUTINE,0,elevated landslide risk; elevated neighbouring-cell risk,Routine monitoring.
768_452,75.47021569414795,87.48354379566348,24.072700691121742,13.215996809055468,98.7901902228977,LOW,NORMAL,56.780700289939986,ROUTINE,0,elevated landslide risk; elevated neighbouring-cell risk,Routine monitoring.
770_182,12.491570921094867,80.5543117169519,24.072700691121742,13.215996809055468,0.0,LOW,NORMAL,13.621781608631448,ROUTINE,0,no current multi-signal escalation,Routine monitoring.
771_992,13.902933658448717,82.83146764164171,24.072700691121742,13.215996809055468,0.0,LOW,NORMAL,14.25689484044068,ROUTINE,0,no current multi-signal escalation,Routine monitoring.
772_208,11.390220389437111,82.31802154236198,24.072700691121742,13.215996809055468,0.0,LOW,NORMAL,13.126173869385457,ROUTINE,0,no current multi-signal escalation,Routine monitoring.
774_458,72.40680420279054,84.70673170401184,24.072700691121742,13.215996809055468,98.01165176135925,LOW,NORMAL,55.28538434959839,ROUTINE,0,elevated landslide risk; elevated neighbouring-cell risk,Routine monitoring.
776_641,66.43556659456597,77.26923763775959,24.072700691121742,13.215996809055468,91.63891702741704,LOW,NORMAL,51.642417215806,ROUTINE,0,elevated landslide risk; elevated neighbouring-cell risk,Routine monitoring.
777_459,75.91051813155869,89.03883974970945,24.072700691121742,13.215996809055468,95.5197441710504,LOW,NORMAL,56.48826947899772,ROUTINE,0,elevated landslide risk; elevated neighbouring-cell risk,Routine monitoring.
778_639,78.50127343679631,83.53705669924236,24.072700691121742,13.215996809055468,90.79553747088488,LOW,NORMAL,56.945478361329826,ROUTINE,0,elevated landslide risk; elevated neighbouring-cell risk,Routine monitoring.
778_640,68.86793447536738,76.72301891884092,24.072700691121742,13.215996809055468,92.16709446944188,LOW,NORMAL,52.816209378470354,ROUTINE,0,elevated landslide risk; elevated neighbouring-cell risk,Routine monitoring.
780_730,21.460745278377253,76.2966097477908,24.072700691121742,13.215996809055468,0.0,LOW,NORMAL,17.65791006940852,ROUTINE,0,no current multi-signal escalation,Routine monitoring.
780_925,66.1554629663011,81.13583519347537,24.072700691121742,13.215996809055468,0.0,LOW,NORMAL,37.77053302897425,ROUTINE,0,elevated landslide risk,Routine monitoring.
780_1405,22.35296183945828,71.15905197669218,24.072700691121742,13.215996809055468,0.0,LOW,NORMAL,18.059407521894983,ROUTINE,0,no current multi-signal escalation,Routine monitoring.
781_458,76.02084220168257,86.69401600202858,24.072700691121742,13.215996809055468,98.01165176135925,LOW,NORMAL,56.9117014490998,ROUTINE,0,elevated landslide risk; elevated neighbouring-cell risk,Routine monitoring.
782_640,78.00735415522014,82.82490793891176,24.072700691121742,13.215996809055468,88.76747624597625,LOW,NORMAL,56.41900550088426,ROUTINE,0,elevated landslide risk; elevated neighbouring-cell risk,Routine monitoring.
784_1110,28.02821557220239,74.14635455796784,24.072700691121742,13.215996809055468,0.0,LOW,NORMAL,20.613271701629834,ROUTINE,0,no current multi-signal escalation,Routine monitoring.
784_1298,14.30081540856436,76.63382691564968,24.072700691121742,13.215996809055468,0.0,LOW,NORMAL,14.435941627992719,ROUTINE,0,no current multi-signal escalation,Routine monitoring.
785_639,79.21800784058298,83.9735443025481,24.072700691121742,13.215996809055468,88.64080675990675,LOW,NORMAL,56.94479923638711,ROUTINE,0,elevated landslide risk; elevated neighbouring-cell risk,Routine monitoring.
787_642,61.49216611610312,51.48346211201145,24.072700691121742,13.215996809055468,93.9354868205868,LOW,NORMAL,49.76237246947318,ROUTINE,0,elevated landslide risk; elevated neighbouring-cell risk,Routine monitoring.
787_927,69.72484211259047,76.99865691720623,24.072700691121742,13.215996809055468,91.03204488754491,LOW,NORMAL,53.0315603779362,ROUTINE,0,elevated landslide risk; elevated neighbouring-cell risk,Routine monitoring.
788_1433,12.379560713401595,82.62622951305227,24.072700691121742,13.215996809055468,0.0,LOW,NORMAL,13.571377015169475,ROUTINE,0,no current multi-signal escalation,Routine monitoring.
789_652,75.59389034316409,78.27814878897081,24.072700691121742,13.215996809055468,88.37967171717172,LOW,NORMAL,55.274776106138354,ROUTINE,0,elevated landslide risk; elevated neighbouring-cell risk,Routine monitoring.
790_456,20.692930072788904,71.11946156710177,24.072700691121742,13.215996809055468,0.0,LOW,NORMAL,17.312393226893764,ROUTINE,0,no current multi-signal escalation,Routine monitoring.
790_638,78.097800797074,84.81311573111952,24.072700691121742,13.215996809055468,85.73599000999002,LOW,NORMAL,56.00498355432056,ROUTINE,0,elevated landslide risk; elevated neighbouring-cell risk,Routine monitoring.
790_652,74.99017220974748,77.78068125650327,24.072700691121742,13.215996809055468,88.80528282828283,LOW,NORMAL,55.06694461276754,ROUTINE,0,elevated landslide risk; elevated neighbouring-cell risk,Routine monitoring.
790_926,70.40749681877406,80.88085768940698,24.072700691121742,13.215996809055468,87.71060644910648,LOW,NORMAL,52.84053922995305,ROUTINE,0,elevated landslide risk; elevated neighbouring-cell risk,Routine monitoring.
792_684,20.154480736067924,82.71194379876655,24.072700691121742,13.215996809055468,0.0,LOW,NORMAL,17.070091025369322,ROUTINE,0,no current multi-signal escalation,Routine monitoring.
792_1040,22.074891085880992,76.91132691564968,24.072700691121742,13.215996809055468,0.0,LOW,NORMAL,17.934275682785202,ROUTINE,0,no current multi-signal escalation,Routine monitoring.
794_509,57.60437235586416,73.12998204583985,24.072700691121742,13.215996809055468,0.0,LOW,NORMAL,33.92254225427762,ROUTINE,0,no current multi-signal escalation,Routine monitoring.
795_648,77.91067505106113,81.15004754930135,24.072700691121742,13.215996809055468,94.25842121212116,LOW,NORMAL,57.19914164893444,ROUTINE,0,elevated landslide risk; elevated neighbouring-cell risk,Routine monitoring.
797_514,63.053493352074014,72.41222565328299,24.072700691121742,13.215996809055468,80.28323235065591,LOW,NORMAL,48.41713155517044,ROUTINE,0,elevated landslide risk; elevated neighbouring-cell risk,Routine monitoring.
798_514,60.68831309214218,68.3173105683679,24.072700691121742,13.215996809055468,83.78665970108325,LOW,NORMAL,47.878314540765224,ROUTINE,0,elevated landslide risk; elevated neighbouring-cell risk,Routine monitoring.
798_649,80.34631066081161,84.65194689995067,24.072700691121742,13.215996809055468,91.26235176767676,LOW,NORMAL,57.84576725665549,ROUTINE,0,elevated landslide risk; elevated neighbouring-cell risk,Routine monitoring.
798_1474,13.454225474301014,81.8787796901479,24.072700691121742,13.215996809055468,0.0,LOW,NORMAL,14.054976157574213,ROUTINE,0,no current multi-signal escalation,Routine monitoring.
799_786,17.89338360097402,83.13506658507117,24.072700691121742,13.215996809055468,0.0,LOW,NORMAL,16.052597314577067,ROUTINE,0,no current multi-signal escalation,Routine monitoring.
800_474,29.538036684957504,76.6061227018273,24.072700691121742,13.215996809055468,0.0,LOW,NORMAL,21.292691202369635,ROUTINE,0,no current multi-signal escalation,Routine monitoring.
801_438,26.89560919663557,71.57554154444142,24.072700691121742,13.215996809055468,0.0,LOW,NORMAL,20.103598832624762,ROUTINE,0,no current multi-signal escalation,Routine monitoring.
801_654,70.68303800965201,85.12662222462606,24.072700691121742,13.215996809055468,0.0,LOW,NORMAL,39.80794179848216,ROUTINE,0,elevated landslide risk,Routine monitoring.
802_101,16.757225874718042,79.0617143143545,24.072700691121742,13.215996809055468,0.0,LOW,NORMAL,15.541326337761877,ROUTINE,0,no current multi-signal escalation,Routine monitoring.
805_515,60.74524530972448,67.58505482411215,24.072700691121742,13.215996809055468,87.3568640522876,LOW,NORMAL,48.43946469135791,ROUTINE,0,elevated landslide risk; elevated neighbouring-cell risk,Routine monitoring.
806_513,66.00288739531527,76.58519177806728,24.072700691121742,13.215996809055468,88.8029348951702,LOW,NORMAL,51.02231425630615,ROUTINE,0,elevated landslide risk; elevated neighbouring-cell risk,Routine monitoring.
806_645,74.33478340379594,80.78931171695194,24.072700691121742,13.215996809055468,91.94471802054156,LOW,NORMAL,55.242934928928165,ROUTINE,0,elevated landslide risk; elevated neighbouring-cell risk,Routine monitoring.
806_935,68.57159533477147,78.61984824430667,24.072700691121742,13.215996809055468,77.27063246785082,LOW,NORMAL,50.448387464963545,ROUTINE,0,elevated landslide risk; elevated neighbouring-cell risk,Routine monitoring.
806_937,55.92871379059553,64.79608992612819,24.072700691121742,13.215996809055468,89.09762569562574,LOW,NORMAL,46.533139754250605,ROUTINE,0,elevated neighbouring-cell risk,Routine monitoring.
807_217,31.547616463437848,57.297491048258905,24.072700691121742,13.215996809055468,0.0,LOW,NORMAL,22.19700210268579,ROUTINE,0,no current multi-signal escalation,Routine monitoring.
807_722,23.4069007968304,82.82473600655877,24.072700691121742,13.215996809055468,0.0,LOW,NORMAL,18.533680052712437,ROUTINE,0,no current multi-signal escalation,Routine monitoring.
808_640,80.08673960135192,80.49691432824439,24.072700691121742,13.215996809055468,89.35770472991064,LOW,NORMAL,57.44326322423372,ROUTINE,0,elevated landslide risk; elevated neighbouring-cell risk,Routine monitoring.
808_641,81.26497764727685,82.52790016059384,24.072700691121742,13.215996809055468,88.47199069884367,LOW,NORMAL,57.84061324023989,ROUTINE,0,elevated landslide risk; elevated neighbouring-cell risk,Routine monitoring.
809_637,73.15623605417358,71.88835016513477,24.072700691121742,13.215996809055468,90.01608187890542,LOW,NORMAL,54.423293200352674,ROUTINE,0,elevated landslide risk; elevated neighbouring-cell risk,Routine monitoring.
811_512,77.36782887959447,82.55154430254814,24.072700691121742,13.215996809055468,90.7494335086189,LOW,NORMAL,56.4285127162491,ROUTINE,0,elevated landslide risk; elevated neighbouring-cell risk,Routine monitoring.
811_613,35.68253077083109,47.16617326449527,24.072700691121742,13.215996809055468,0.0,LOW,NORMAL,24.05771354101275,ROUTINE,0,no current multi-signal escalation,Routine monitoring.
812_517,69.08311021614988,82.13666907024579,24.072700691121742,13.215996809055468,92.24108515380412,LOW,NORMAL,52.92413706447682,ROUTINE,0,elevated landslide risk; elevated neighbouring-cell risk,Routine monitoring.
813_639,64.84641306175648,69.67759455710643,24.072700691121742,13.215996809055468,90.37635316317672,LOW,NORMAL,50.73791354640568,ROUTINE,0,elevated landslide risk; elevated neighbouring-cell risk,Routine monitoring.
813_1458,13.664034240770215,81.77514332651154,24.072700691121742,13.215996809055468,0.0,LOW,NORMAL,14.149390102485352,ROUTINE,0,no current multi-signal escalation,Routine monitoring.
813_1533,9.332357557080169,83.01564509746785,24.072700691121742,13.215996809055468,0.0,LOW,NORMAL,12.200135594824832,ROUTINE,0,no current multi-signal escalation,Routine monitoring.
814_518,75.54588334278193,81.65021497306903,24.072700691121742,13.215996809055468,92.10646129115143,LOW,NORMAL,55.81219139206334,ROUTINE,0,elevated landslide risk; elevated neighbouring-cell risk,Routine monitoring.
814_1297,21.64096817589468,82.8220087338315,24.072700691121742,13.215996809055468,0.0,LOW,NORMAL,17.739010373291364,ROUTINE,0,no current multi-signal escalation,Routine monitoring.
814_1408,15.361807072747922,82.9438968457196,24.072700691121742,13.215996809055468,0.0,LOW,NORMAL,14.913387876875323,ROUTINE,0,no current multi-signal escalation,Routine monitoring.
815_14,16.37253855924885,78.0155513863734,24.072700691121742,13.215996809055468,0.0,LOW,NORMAL,15.368217045800737,ROUTINE,0,no current multi-signal escalation,Routine monitoring.
815_507,38.37033144367482,52.14813131053812,24.072700691121742,13.215996809055468,0.0,LOW,NORMAL,25.267223843792426,ROUTINE,0,no current multi-signal escalation,Routine monitoring.
816_878,19.181098466123032,83.17928146110421,24.072700691121742,13.215996809055468,0.0,LOW,NORMAL,16.63206900389412,ROUTINE,0,no current multi-signal escalation,Routine monitoring.
817_215,19.05979870104041,74.07797949186475,24.072700691121742,13.215996809055468,0.0,LOW,NORMAL,16.577484109606942,ROUTINE,0,no current multi-signal escalation,Routine monitoring.
818_643,68.23864910789085,72.81391266146194,24.072700691121742,13.215996809055468,87.24542626262627,LOW,NORMAL,51.79478073208358,ROUTINE,0,elevated landslide risk; elevated neighbouring-cell risk,Routine monitoring.
820_643,69.61774196180099,76.45493981612546,24.072700691121742,13.215996809055468,84.13032525252525,LOW,NORMAL,51.94810736482799,ROUTINE,0,elevated landslide risk; elevated neighbouring-cell risk,Routine monitoring.
820_1220,13.177012276524971,83.14870294870752,24.072700691121742,13.215996809055468,0.0,LOW,NORMAL,13.930230218574994,ROUTINE,0,no current multi-signal escalation,Routine monitoring.
821_178,12.055854704617644,81.93040306677128,24.072700691121742,13.215996809055468,0.0,LOW,NORMAL,13.425709311216696,ROUTINE,0,no current multi-signal escalation,Routine monitoring.
822_524,30.73339868286262,51.28604937403435,24.072700691121742,13.215996809055468,19.895865620934494,LOW,NORMAL,24.81498394456711,ROUTINE,0,no current multi-signal escalation,Routine monitoring.
824_651,34.72720472534881,78.82330976157087,24.072700691121742,13.215996809055468,77.00667171717171,LOW,NORMAL,35.17881757812148,ROUTINE,0,elevated neighbouring-cell risk,Routine monitoring.
825_466,31.09748633783942,61.67676049811729,24.072700691121742,13.215996809055468,0.0,LOW,NORMAL,21.994443546166497,ROUTINE,0,no current multi-signal escalation,Routine monitoring.
825_646,54.797871798336686,64.48756437338639,24.072700691121742,13.215996809055468,58.98241979927376,LOW,NORMAL,41.50697997328133,ROUTINE,0,no current multi-signal escalation,Routine monitoring.
826_645,70.4610770396521,79.7728316452994,24.072700691121742,13.215996809055468,73.18720923520924,LOW,NORMAL,50.686140747263586,ROUTINE,0,elevated landslide risk; elevated neighbouring-cell risk,Routine monitoring.
826_1489,10.911007458467976,82.97961203961663,24.072700691121742,13.215996809055468,0.0,LOW,NORMAL,12.910528050449347,ROUTINE,0,no current multi-signal escalation,Routine monitoring.
827_524,33.86466748055558,53.92615709508043,24.072700691121742,13.215996809055468,22.154624448940588,LOW,NORMAL,26.562868727729857,ROUTINE,0,no current multi-signal escalation,Routine monitoring.
827_978,64.68508219581983,81.86390587279604,24.072700691121742,13.215996809055468,0.0,LOW,NORMAL,37.108861682257675,ROUTINE,0,elevated landslide risk,Routine monitoring.
828_97,17.425123062042207,77.24217385481406,24.072700691121742,13.215996809055468,0.0,LOW,NORMAL,15.841880072057748,ROUTINE,0,no current multi-signal escalation,Routine monitoring.
830_286,20.014682824352285,80.56564258360831,24.072700691121742,13.215996809055468,0.0,LOW,NORMAL,17.007181965097285,ROUTINE,0,no current multi-signal escalation,Routine monitoring.
830_643,48.62375543379704,48.862490583539866,24.072700691121742,13.215996809055468,90.08406704980844,LOW,NORMAL,43.393874696818685,ROUTINE,0,elevated neighbouring-cell risk,Routine monitoring.
831_375,18.544507386140104,82.97928146110422,24.072700691121742,13.215996809055468,0.0,LOW,NORMAL,16.345603017901805,ROUTINE,0,no current multi-signal escalation,Routine monitoring.
832_990,73.59881740813044,84.11600523733526,24.072700691121742,13.215996809055468,0.0,LOW,NORMAL,41.12004252779746,ROUTINE,0,elevated landslide risk,Routine monitoring.
837_643,70.64738755352505,87.08633060715263,24.072700691121742,13.215996809055468,0.0,LOW,NORMAL,39.79189909322503,ROUTINE,0,elevated landslide risk,Routine monitoring.
840_198,9.628828423827542,82.58715045692568,24.072700691121742,13.215996809055468,0.0,LOW,NORMAL,12.33354748486115,ROUTINE,0,no current multi-signal escalation,Routine monitoring.
842_1240,14.088327708903456,83.17479827305938,24.072700691121742,13.215996809055468,0.0,LOW,NORMAL,14.340322163145313,ROUTINE,0,no current multi-signal escalation,Routine monitoring.
846_1668,9.711250848413853,82.91434639616915,24.072700691121742,13.215996809055468,0.0,LOW,NORMAL,12.370637575924992,ROUTINE,0,no current multi-signal escalation,Routine monitoring.
848_85,23.940974502656992,69.84306024115499,24.072700691121742,13.215996809055468,0.0,LOW,NORMAL,18.774013220334403,ROUTINE,0,no current multi-signal escalation,Routine monitoring.
851_953,14.901843226227824,82.9305211305257,24.072700691121742,13.215996809055468,0.0,LOW,NORMAL,14.706404145941278,ROUTINE,0,no current multi-signal escalation,Routine monitoring.
854_110,16.81467004352525,78.26885717149736,24.072700691121742,13.215996809055468,0.0,LOW,NORMAL,15.56717621372512,ROUTINE,0,no current multi-signal escalation,Routine monitoring.
854_858,21.94796437837248,76.71587237019513,24.072700691121742,13.215996809055468,0.0,LOW,NORMAL,17.877158664406373,ROUTINE,0,no current multi-signal escalation,Routine monitoring.
856_147,11.065930464934093,82.29500950381251,24.072700691121742,13.215996809055468,0.0,LOW,NORMAL,12.980243403359097,ROUTINE,0,no current multi-signal escalation,Routine monitoring.
856_1234,10.37888617311701,82.94571003253279,24.072700691121742,13.215996809055468,0.0,LOW,NORMAL,12.67107347204141,ROUTINE,0,no current multi-signal escalation,Routine monitoring.
856_1274,12.695092495299535,82.61025548707823,24.072700691121742,13.215996809055468,0.0,LOW,NORMAL,13.713366317023546,ROUTINE,0,no current multi-signal escalation,Routine monitoring.
857_241,11.541206925930537,81.884942079452,24.072700691121742,13.215996809055468,0.0,LOW,NORMAL,13.194117810807498,ROUTINE,0,no current multi-signal escalation,Routine monitoring.
858_291,18.72719146350977,76.98439951546365,24.072700691121742,13.215996809055468,0.0,LOW,NORMAL,16.427810852718153,ROUTINE,0,no current multi-signal escalation,Routine monitoring.
860_566,23.21379835534629,83.09200873383149,24.072700691121742,13.215996809055468,0.0,LOW,NORMAL,18.446783954044587,ROUTINE,0,no current multi-signal escalation,Routine monitoring.
860_711,23.781557327589503,82.89291782474058,24.072700691121742,13.215996809055468,0.0,LOW,NORMAL,18.702275491554033,ROUTINE,0,no current multi-signal escalation,Routine monitoring.
860_1568,21.159764800664057,71.54836191971357,24.072700691121742,13.215996809055468,0.0,LOW,NORMAL,17.522468854437584,ROUTINE,0,no current multi-signal escalation,Routine monitoring.
864_648,69.23448264407148,72.20349365800556,24.072700691121742,13.215996809055468,83.99343141825497,LOW,NORMAL,51.75510659670916,ROUTINE,0,elevated landslide risk; elevated neighbouring-cell risk,Routine monitoring.
867_649,67.5698100341119,72.65390688114604,24.072700691121742,13.215996809055468,83.60807788290145,LOW,NORMAL,50.94820089192432,ROUTINE,0,elevated landslide risk; elevated neighbouring-cell risk,Routine monitoring.
869_1488,9.12487857442264,82.94571003253279,24.072700691121742,13.215996809055468,0.0,LOW,NORMAL,12.106770052628946,ROUTINE,0,no current multi-signal escalation,Routine monitoring.
870_1206,15.580358017045617,83.15882691564968,24.072700691121742,13.215996809055468,0.0,LOW,NORMAL,15.011735801809284,ROUTINE,0,no current multi-signal escalation,Routine monitoring.
870_1438,10.548529866934178,82.94571003253279,24.072700691121742,13.215996809055468,0.0,LOW,NORMAL,12.747413134259137,ROUTINE,0,no current multi-signal escalation,Routine monitoring.
871_353,22.695774146014813,82.73616457798734,24.072700691121742,13.215996809055468,0.0,LOW,NORMAL,18.213673059845423,ROUTINE,0,no current multi-signal escalation,Routine monitoring.
872_911,13.773877251306796,82.62252821435098,24.072700691121742,13.215996809055468,0.0,LOW,NORMAL,14.198819457226815,ROUTINE,0,no current multi-signal escalation,Routine monitoring.
874_637,62.89618549436023,79.5095468532412,24.072700691121742,13.215996809055468,0.0,LOW,NORMAL,36.30385816660086,ROUTINE,0,elevated landslide risk,Routine monitoring.
875_51,16.833050080175333,73.91917594363431,24.072700691121742,13.215996809055468,0.0,LOW,NORMAL,15.575447230217655,ROUTINE,0,no current multi-signal escalation,Routine monitoring.
875_463,17.8399573664678,82.76842626886562,24.072700691121742,13.215996809055468,0.0,LOW,NORMAL,16.028555509049266,ROUTINE,0,no current multi-signal escalation,Routine monitoring.
875_1630,21.024376513264222,70.43675563666856,24.072700691121742,13.215996809055468,0.0,LOW,NORMAL,17.461544125107658,ROUTINE,0,no current multi-signal escalation,Routine monitoring.
877_266,21.95182213757534,78.29903434128751,24.072700691121742,13.215996809055468,0.0,LOW,NORMAL,17.87889465604766,ROUTINE,0,no current multi-signal escalation,Routine monitoring.
877_1645,10.381535064389704,83.17928146110421,24.072700691121742,13.215996809055468,0.0,LOW,NORMAL,12.672265473114123,ROUTINE,0,no current multi-signal escalation,Routine monitoring.
878_1496,8.990964497864033,82.96733931234388,24.072700691121742,13.215996809055468,0.0,LOW,NORMAL,12.04650871817757,ROUTINE,0,no current multi-signal escalation,Routine monitoring.
880_646,58.169662046101045,69.73862916421054,24.072700691121742,13.215996809055468,0.0,LOW,NORMAL,34.17692261488423,ROUTINE,0,no current multi-signal escalation,Routine monitoring.
882_411,19.328356478280377,80.19144650312546,24.072700691121742,13.215996809055468,0.0,LOW,NORMAL,16.698335109364926,ROUTINE,0,no current multi-signal escalation,Routine monitoring.
885_511,72.6775288312682,83.75834289967294,24.072700691121742,13.215996809055468,0.0,LOW,NORMAL,40.70546266820945,ROUTINE,0,elevated landslide risk,Routine monitoring.
885_634,62.59399801674932,80.93391177598382,24.072700691121742,13.215996809055468,0.0,LOW,NORMAL,36.167873801675945,ROUTINE,0,elevated landslide risk,Routine monitoring.
886_522,82.81235750290512,88.94103629107909,24.072700691121742,13.215996809055468,97.58521361354696,LOW,NORMAL,59.903917612478104,ROUTINE,0,elevated landslide risk; elevated neighbouring-cell risk,Routine monitoring.
887_524,72.03819001765588,85.91916528329901,24.072700691121742,13.215996809055468,97.74217366208671,LOW,NORMAL,55.07908625139691,ROUTINE,0,elevated landslide risk; elevated neighbouring-cell risk,Routine monitoring.
887_1019,18.98497268794746,76.59031451895547,24.072700691121742,13.215996809055468,0.0,LOW,NORMAL,16.543812403715116,ROUTINE,0,no current multi-signal escalation,Routine monitoring.
888_520,83.15588404593386,89.45064668068947,24.072700691121742,13.215996809055468,97.12369101510406,LOW,NORMAL,59.9892761670746,ROUTINE,0,elevated landslide risk; elevated neighbouring-cell risk,Routine monitoring.
888_1672,15.428647738325973,76.35330743513019,24.072700691121742,13.215996809055468,0.0,LOW,NORMAL,14.943466176385442,ROUTINE,0,no current multi-signal escalation,Routine monitoring.
889_524,81.55059045276074,88.2033621470413,24.072700691121742,13.215996809055468,97.4629940454071,LOW,NORMAL,59.31778950469216,ROUTINE,0,elevated landslide risk; elevated neighbouring-cell risk,Routine monitoring.
890_1332,11.522810474010711,82.78207366889643,24.072700691121742,13.215996809055468,0.0,LOW,NORMAL,13.185839407443577,ROUTINE,0,no current multi-signal escalation,Routine monitoring.
892_524,80.7611580578928,86.12007227485815,24.072700691121742,13.215996809055468,97.58521361354696,LOW,NORMAL,58.98087786222256,ROUTINE,0,elevated landslide risk; elevated neighbouring-cell risk,Routine monitoring.
892_639,67.78940374809461,80.76270604989169,24.072700691121742,13.215996809055468,0.0,LOW,NORMAL,38.50580638078133,ROUTINE,0,elevated landslide risk,Routine monitoring.
894_251,18.739765669574,75.93734141917251,24.072700691121742,13.215996809055468,0.0,LOW,NORMAL,16.433469245447057,ROUTINE,0,no current multi-signal escalation,Routine monitoring.
897_647,68.28596313680065,81.02134241352803,24.072700691121742,13.215996809055468,0.0,LOW,NORMAL,38.729258105699046,ROUTINE,0,elevated landslide risk,Routine monitoring.
898_1638,12.249185480438411,82.94027319664141,24.072700691121742,13.215996809055468,0.0,LOW,NORMAL,13.512708160336043,ROUTINE,0,no current multi-signal escalation,Routine monitoring.
899_269,13.743875558029384,79.57761432437016,24.072700691121742,13.215996809055468,0.0,LOW,NORMAL,14.18531869525198,ROUTINE,0,no current multi-signal escalation,Routine monitoring.
899_1425,11.058893047531706,83.17928146110421,24.072700691121742,13.215996809055468,0.0,LOW,NORMAL,12.977076565528023,ROUTINE,0,no current multi-signal escalation,Routine monitoring.
903_541,62.22574933345575,78.87397572139666,24.072700691121742,13.215996809055468,0.0,LOW,NORMAL,36.00216189419384,ROUTINE,0,elevated landslide risk,Routine monitoring.
906_656,57.34208638623065,64.7210926632783,24.072700691121742,13.215996809055468,81.94000406782762,LOW,NORMAL,46.09551417811669,ROUTINE,0,elevated neighbouring-cell risk,Routine monitoring.
909_653,67.83770301064888,70.25379699103614,24.072700691121742,13.215996809055468,77.20646814296813,LOW,NORMAL,50.10851127037597,ROUTINE,0,elevated landslide risk; elevated neighbouring-cell risk,Routine monitoring.
909_849,23.60019982138023,82.21340424740882,24.072700691121742,13.215996809055468,0.0,LOW,NORMAL,18.62066461375986,ROUTINE,0,no current multi-signal escalation,Routine monitoring.
910_140,19.342704796559296,75.09091738401213,24.072700691121742,13.215996809055468,0.0,LOW,NORMAL,16.70479185259044,ROUTINE,0,no current multi-signal escalation,Routine monitoring.
911_877,14.40959767250731,82.86233931234389,24.072700691121742,13.215996809055468,0.0,LOW,NORMAL,14.484893646767045,ROUTINE,0,no current multi-signal escalation,Routine monitoring.
912_1617,13.211996113560147,82.59939952485865,24.072700691121742,13.215996809055468,0.0,LOW,NORMAL,13.945972945240822,ROUTINE,0,no current multi-signal escalation,Routine monitoring.
913_280,16.72270502570553,79.51576250408667,24.072700691121742,13.215996809055468,0.0,LOW,NORMAL,15.525791955706243,ROUTINE,0,no current multi-signal escalation,Routine monitoring.
914_551,47.16567810358655,61.7834210621522,24.072700691121742,13.215996809055468,0.0,LOW,NORMAL,29.225129840752704,ROUTINE,0,no current multi-signal escalation,Routine monitoring.
914_1536,10.999553928808975,83.17928146110421,24.072700691121742,13.215996809055468,0.0,LOW,NORMAL,12.950373962102795,ROUTINE,0,no current multi-signal escalation,Routine monitoring.
915_1203,19.8690127840716,83.17928146110421,24.072700691121742,13.215996809055468,0.0,LOW,NORMAL,16.941630446970976,ROUTINE,0,no current multi-signal escalation,Routine monitoring.
917_1139,20.97003506638258,73.38367579404401,24.072700691121742,13.215996809055468,0.0,LOW,NORMAL,17.43709047401092,ROUTINE,0,no current multi-signal escalation,Routine monitoring.
918_987,26.59057962653324,75.90196994804887,24.072700691121742,13.215996809055468,0.0,LOW,NORMAL,19.966335526078716,ROUTINE,0,no current multi-signal escalation,Routine monitoring.
919_189,10.114585722753372,82.05659388456252,24.072700691121742,13.215996809055468,0.0,LOW,NORMAL,12.552138269377775,ROUTINE,0,no current multi-signal escalation,Routine monitoring.
919_555,36.5985960905916,47.1678786243528,24.072700691121742,13.215996809055468,0.0,LOW,NORMAL,24.469942934904974,ROUTINE,0,no current multi-signal escalation,Routine monitoring.
919_1247,10.247374549530914,83.13252821435097,24.072700691121742,13.215996809055468,0.0,LOW,NORMAL,12.61189324142767,ROUTINE,0,no current multi-signal escalation,Routine monitoring.
919_1636,21.174439026085984,69.2231192730322,24.072700691121742,13.215996809055468,0.0,LOW,NORMAL,17.52907225587745,ROUTINE,0,no current multi-signal escalation,Routine monitoring.
924_413,18.13830858785026,77.38381900569269,24.072700691121742,13.215996809055468,0.0,LOW,NORMAL,16.162813558671374,ROUTINE,0,no current multi-signal escalation,Routine monitoring.
925_376,46.39718242378835,49.14899554986542,24.072700691121742,13.215996809055468,0.0,LOW,NORMAL,28.879306784843514,ROUTINE,0,no current multi-signal escalation,Routine monitoring.
925_829,28.78525203090455,79.94585761222584,24.072700691121742,13.215996809055468,0.0,LOW,NORMAL,20.953938108045804,ROUTINE,0,no current multi-signal escalation,Routine monitoring.
927_907,28.74739000859777,72.591671175675,24.072700691121742,13.215996809055468,0.0,LOW,NORMAL,20.936900198007752,ROUTINE,0,no current multi-signal escalation,Routine monitoring.
927_1239,10.768755258221356,83.17928146110421,24.072700691121742,13.215996809055468,0.0,LOW,NORMAL,12.846514560338367,ROUTINE,0,no current multi-signal escalation,Routine monitoring.
931_659,35.71026268578478,56.96010546865477,24.072700691121742,13.215996809055468,0.0,LOW,NORMAL,24.070192902741905,ROUTINE,0,no current multi-signal escalation,Routine monitoring.
932_635,76.22927013786472,85.03768722350924,24.072700691121742,13.215996809055468,94.70541991341992,LOW,NORMAL,56.509559243190864,ROUTINE,0,elevated landslide risk; elevated neighbouring-cell risk,Routine monitoring.
932_842,26.211030519256298,71.33893391293775,24.072700691121742,13.215996809055468,0.0,LOW,NORMAL,19.79553842780409,ROUTINE,0,no current multi-signal escalation,Routine monitoring.
934_580,56.20006572717126,72.58986009742517,24.072700691121742,13.215996809055468,0.0,LOW,NORMAL,33.29060427136582,ROUTINE,0,no current multi-signal escalation,Routine monitoring.
936_632,79.2135983365441,85.17441291445573,24.072700691121742,13.215996809055468,91.14514361764364,LOW,NORMAL,57.318465488230146,ROUTINE,0,elevated landslide risk; elevated neighbouring-cell risk,Routine monitoring.
937_490,14.102529890786563,79.23613478019892,24.072700691121742,13.215996809055468,0.0,LOW,NORMAL,14.346713144992709,ROUTINE,0,no current multi-signal escalation,Routine monitoring.
937_628,61.34057991467526,70.9514604772825,24.072700691121742,13.215996809055468,94.70541991341992,LOW,NORMAL,49.809648642755604,ROUTINE,0,elevated landslide risk; elevated neighbouring-cell risk,Routine monitoring.
938_1524,10.998006824240354,83.17597567598025,24.072700691121742,13.215996809055468,0.0,LOW,NORMAL,12.949677765046914,ROUTINE,0,no current multi-signal escalation,Routine monitoring.
938_1636,10.620947692628008,83.16968196968655,24.072700691121742,13.215996809055468,0.0,LOW,NORMAL,12.78000115582136,ROUTINE,0,no current multi-signal escalation,Routine monitoring.
939_320,13.915767927542358,80.99249841656255,24.072700691121742,13.215996809055468,0.0,LOW,NORMAL,14.262670261532818,ROUTINE,0,no current multi-signal escalation,Routine monitoring.
940_32,12.963324181814052,79.83111065720595,24.072700691121742,13.215996809055468,4.737543468264775,LOW,NORMAL,14.544702096194793,ROUTINE,0,no current multi-signal escalation,Routine monitoring.
940_1007,14.32757436781893,83.02650015150473,24.072700691121742,13.215996809055468,0.0,LOW,NORMAL,14.447983159657273,ROUTINE,0,no current multi-signal escalation,Routine monitoring.
942_891,16.341468864957463,82.29879385779844,24.072700691121742,13.215996809055468,0.0,LOW,NORMAL,15.354235683369616,ROUTINE,0,no current multi-signal escalation,Routine monitoring.
944_107,10.17932102309486,82.64332195665882,24.072700691121742,13.215996809055468,0.0,LOW,NORMAL,12.581269154531444,ROUTINE,0,no current multi-signal escalation,Routine monitoring.
945_33,12.564678900058114,77.64367649430477,24.072700691121742,13.215996809055468,2.866072017782659,LOW,NORMAL,14.084591001832306,ROUTINE,0,no current multi-signal escalation,Routine monitoring.
945_584,14.159231742155958,82.60787559424381,24.072700691121742,13.215996809055468,0.0,LOW,NORMAL,14.372228978108936,ROUTINE,0,no current multi-signal escalation,Routine monitoring.
946_1451,11.145364382227818,83.17928146110421,24.072700691121742,13.215996809055468,0.0,LOW,NORMAL,13.015988666141276,ROUTINE,0,no current multi-signal escalation,Routine monitoring.
947_1256,24.502780192022435,77.10564509746786,24.072700691121742,13.215996809055468,0.0,LOW,NORMAL,19.02682578054885,ROUTINE,0,no current multi-signal escalation,Routine monitoring.
948_1238,12.248741089653835,83.08382691564967,24.072700691121742,13.215996809055468,0.0,LOW,NORMAL,13.512508184482982,ROUTINE,0,no current multi-signal escalation,Routine monitoring.
949_926,16.795328155232752,82.24261645487758,24.072700691121742,13.215996809055468,0.0,LOW,NORMAL,15.558472363993495,ROUTINE,0,no current multi-signal escalation,Routine monitoring.
953_463,27.602782517230217,75.44421745944187,24.072700691121742,13.215996809055468,0.0,LOW,NORMAL,20.421826826892353,ROUTINE,0,no current multi-signal escalation,Routine monitoring.
954_842,24.34268751351189,82.05365541591652,24.072700691121742,13.215996809055468,0.0,LOW,NORMAL,18.95478407521911,ROUTINE,0,no current multi-signal escalation,Routine monitoring.
955_518,18.748344291575563,82.97597567598025,24.072700691121742,13.215996809055468,0.0,LOW,NORMAL,16.43732962534776,ROUTINE,0,no current multi-signal escalation,Routine monitoring.
957_127,10.290058176006635,81.25481023487737,24.072700691121742,13.215996809055468,0.0,LOW,NORMAL,12.631100873341744,ROUTINE,0,no current multi-signal escalation,Routine monitoring.
957_226,17.30575236318905,75.58777688814436,24.072700691121742,13.215996809055468,0.0,LOW,NORMAL,15.788163257573828,ROUTINE,0,no current multi-signal escalation,Routine monitoring.
958_779,21.79376019678876,82.32269067947345,24.072700691121742,13.215996809055468,0.0,LOW,NORMAL,17.807766782693697,ROUTINE,0,no current multi-signal escalation,Routine monitoring.
964_258,31.17556088755419,69.11059757013616,24.072700691121742,13.215996809055468,0.0,LOW,NORMAL,22.029577093538144,ROUTINE,0,no current multi-signal escalation,Routine monitoring.
964_1058,26.022768843176465,82.32172242922701,24.072700691121742,13.215996809055468,0.0,LOW,NORMAL,19.710820673568165,ROUTINE,0,no current multi-signal escalation,Routine monitoring.
965_975,22.79928540521591,83.12025281851393,24.072700691121742,13.215996809055468,0.0,LOW,NORMAL,18.260253126485917,ROUTINE,0,no current multi-signal escalation,Routine monitoring.
966_677,40.86170882426144,60.41774242232785,24.072700691121742,13.215996809055468,0.0,LOW,NORMAL,26.388343665056404,ROUTINE,0,no current multi-signal escalation,Routine monitoring.
969_529,28.727234632760062,71.79130299560957,24.072700691121742,13.215996809055468,0.0,LOW,NORMAL,20.927830278880784,ROUTINE,0,no current multi-signal escalation,Routine monitoring.
970_131,8.850072830971973,82.6833997087792,24.072700691121742,13.215996809055468,0.0,LOW,NORMAL,11.983107468076145,ROUTINE,0,no current multi-signal escalation,Routine monitoring.
974_800,16.008013329039645,80.42513006856078,24.072700691121742,13.215996809055468,0.0,LOW,NORMAL,15.204180692206595,ROUTINE,0,no current multi-signal escalation,Routine monitoring.
975_590,19.294314195821578,78.99235185862841,24.072700691121742,13.215996809055468,0.0,LOW,NORMAL,16.683016082258465,ROUTINE,0,no current multi-signal escalation,Routine monitoring.
980_1051,15.999294733475631,81.4209874823557,24.072700691121742,13.215996809055468,8.807099472990776,LOW,NORMAL,16.521322245151406,ROUTINE,0,no current multi-signal escalation,Routine monitoring.
982_1047,21.557931810846405,72.88705259267698,24.072700691121742,13.215996809055468,1.505844067376761,LOW,NORMAL,17.927520619126152,ROUTINE,0,no current multi-signal escalation,Routine monitoring.
987_224,18.74639936608165,73.1813914553953,24.072700691121742,13.215996809055468,0.0,LOW,NORMAL,16.4364544088755,ROUTINE,0,no current multi-signal escalation,Routine monitoring.
988_92,14.394865566015612,78.64776552249737,24.072700691121742,13.215996809055468,0.0,LOW,NORMAL,14.478264198845782,ROUTINE,0,no current multi-signal escalation,Routine monitoring.
991_998,41.91676143525682,50.25267129854676,24.072700691121742,13.215996809055468,0.0,LOW,NORMAL,26.863117340004322,ROUTINE,0,no current multi-signal escalation,Routine monitoring.
992_1158,20.373711052858788,83.08207866390141,24.072700691121742,13.215996809055468,0.0,LOW,NORMAL,17.16874466792521,ROUTINE,0,no current multi-signal escalation,Routine monitoring.
993_19,9.741150262086824,81.86650110627633,24.072700691121742,13.215996809055468,0.0,LOW,NORMAL,12.384092312077826,ROUTINE,0,no current multi-signal escalation,Routine monitoring.
993_1052,15.025208514765136,82.37298275980552,24.072700691121742,13.215996809055468,0.0,LOW,NORMAL,14.761918525783067,ROUTINE,0,no current multi-signal escalation,Routine monitoring.
997_899,26.384075344891656,81.65892740479723,24.072700691121742,13.215996809055468,0.0,LOW,NORMAL,19.873408599340003,ROUTINE,0,no current multi-signal escalation,Routine monitoring.
999_1162,10.836185427662665,83.17928146110421,24.072700691121742,13.215996809055468,0.0,LOW,NORMAL,12.876858136586954,ROUTINE,0,no current multi-signal escalation,Routine monitoring.
1001_1328,10.872458931237222,83.10915159097435,24.072700691121742,13.215996809055468,0.0,LOW,NORMAL,12.893181213195508,ROUTINE,0,no current multi-signal escalation,Routine monitoring.
1003_1062,10.923778667281525,83.01824250006527,24.072700691121742,13.215996809055468,0.0,LOW,NORMAL,12.916275094415443,ROUTINE,0,no current multi-signal escalation,Routine monitoring.
1007_87,16.982374466254953,76.89424678188698,24.072700691121742,13.215996809055468,0.0,LOW,NORMAL,15.642643203953487,ROUTINE,0,no current multi-signal escalation,Routine monitoring.
1008_81,15.893262471706088,76.22780050089524,24.072700691121742,13.215996809055468,0.0,LOW,NORMAL,15.152542806406494,ROUTINE,0,no current multi-signal escalation,Routine monitoring.
1009_1179,14.699536883758917,83.17928146110421,24.072700691121742,13.215996809055468,0.0,LOW,NORMAL,14.61536629183027,ROUTINE,0,no current multi-signal escalation,Routine monitoring.
1010_457,20.83343672931386,79.47378416546314,24.072700691121742,13.215996809055468,0.0,LOW,NORMAL,17.375621222329993,ROUTINE,0,no current multi-signal escalation,Routine monitoring.
1011_1108,16.2106754038779,83.15882691564968,24.072700691121742,13.215996809055468,0.339187501720193,LOW,NORMAL,15.346256751141839,ROUTINE,0,no current multi-signal escalation,Routine monitoring.
1014_1107,12.6307922280731,82.78461203961662,24.072700691121742,13.215996809055468,0.019025885558582,LOW,NORMAL,13.687285079605438,ROUTINE,0,no current multi-signal escalation,Routine monitoring.
1016_443,15.17208878767522,82.06638526638984,24.072700691121742,13.215996809055468,0.0,LOW,NORMAL,14.828014648592607,ROUTINE,0,no current multi-signal escalation,Routine monitoring.
1016_619,17.531127652504452,80.25340262604283,24.072700691121742,13.215996809055468,0.0,LOW,NORMAL,15.88958213776576,ROUTINE,0,no current multi-signal escalation,Routine monitoring.
1016_1253,14.151505566392435,76.89564509746786,24.072700691121742,13.215996809055468,0.0,LOW,NORMAL,14.36875219901535,ROUTINE,0,no current multi-signal escalation,Routine monitoring.
1016_1530,17.715246905994583,83.17597567598025,24.072700691121742,13.215996809055468,0.0,LOW,NORMAL,15.972435801836319,ROUTINE,0,no current multi-signal escalation,Routine monitoring.
1020_1076,10.850937191514356,83.17597567598025,24.072700691121742,13.215996809055468,0.0,LOW,NORMAL,12.883496430320218,ROUTINE,0,no current multi-signal escalation,Routine monitoring.
1025_201,18.069294922664465,73.63458825859209,24.072700691121742,13.215996809055468,0.0,LOW,NORMAL,16.131757409337766,ROUTINE,0,no current multi-signal escalation,Routine monitoring.
1026_880,18.60924584572212,83.03113938957,24.072700691121742,13.215996809055468,0.0,LOW,NORMAL,16.37473532471371,ROUTINE,0,no current multi-signal escalation,Routine monitoring.
1026_1098,21.63813541803207,82.56155918338195,24.072700691121742,13.215996809055468,0.0,LOW,NORMAL,17.737735632253187,ROUTINE,0,no current multi-signal escalation,Routine monitoring.
1026_1319,9.730084658443374,83.10915159097435,24.072700691121742,13.215996809055468,0.0,LOW,NORMAL,12.379112790438274,ROUTINE,0,no current multi-signal escalation,Routine monitoring.
1029_1610,12.266077840485806,82.94882691564968,24.072700691121742,13.215996809055468,0.0,LOW,NORMAL,13.520309722357368,ROUTINE,0,no current multi-signal escalation,Routine monitoring.
1032_360,13.881980474377658,82.25721110295737,24.072700691121742,13.215996809055468,0.0,LOW,NORMAL,14.247465907608703,ROUTINE,0,no current multi-signal escalation,Routine monitoring.
1034_1025,18.88406823388128,82.00681197785127,24.072700691121742,13.215996809055468,0.0,LOW,NORMAL,16.498405399385334,ROUTINE,0,no current multi-signal escalation,Routine monitoring.
1036_471,17.397943267984758,81.71343463669575,24.072700691121742,13.215996809055468,0.0,LOW,NORMAL,15.829649164731897,ROUTINE,0,no current multi-signal escalation,Routine monitoring.
1039_973,22.298693838607747,77.98506658507117,24.072700691121742,13.215996809055468,0.0,LOW,NORMAL,18.034986921512242,ROUTINE,0,no current multi-signal escalation,Routine monitoring.
1041_497,19.986519377195904,81.39779028105139,24.072700691121742,13.215996809055468,0.0,LOW,NORMAL,16.994508413876915,ROUTINE,0,no current multi-signal escalation,Routine monitoring.
1043_279,28.199178770686807,61.904561013110296,24.072700691121742,13.215996809055468,0.0,LOW,NORMAL,20.69020514094782,ROUTINE,0,no current multi-signal escalation,Routine monitoring.
1045_181,21.566809553786385,68.73946747028947,24.072700691121742,13.215996809055468,0.0,LOW,NORMAL,17.70563899334263,ROUTINE,0,no current multi-signal escalation,Routine monitoring.
1045_618,23.532619421570693,78.13794879377156,24.072700691121742,13.215996809055468,0.0,LOW,NORMAL,18.590253433845568,ROUTINE,0,no current multi-signal escalation,Routine monitoring.
1046_339,12.193195672044835,82.58138193212821,24.072700691121742,13.215996809055468,0.0,LOW,NORMAL,13.48751274655893,ROUTINE,0,no current multi-signal escalation,Routine monitoring.
1046_1566,10.333281274598631,83.17928146110421,24.072700691121742,13.215996809055468,0.0,LOW,NORMAL,12.650551267708142,ROUTINE,0,no current multi-signal escalation,Routine monitoring.
1050_433,25.653396285818083,74.78240037683796,24.072700691121742,13.215996809055468,0.0,LOW,NORMAL,19.544603022756895,ROUTINE,0,no current multi-signal escalation,Routine monitoring.
1050_1505,13.450707060892428,83.17928146110421,24.072700691121742,13.215996809055468,0.0,LOW,NORMAL,14.05339287154035,ROUTINE,0,no current multi-signal escalation,Routine monitoring.
1050_1612,9.938134951546544,83.17928146110421,24.072700691121742,13.215996809055468,0.174303663336355,LOW,NORMAL,12.498880971835154,ROUTINE,0,no current multi-signal escalation,Routine monitoring.
1051_1104,12.342241586904198,82.50876788377246,24.072700691121742,13.215996809055468,0.0,LOW,NORMAL,13.554583408245644,ROUTINE,0,no current multi-signal escalation,Routine monitoring.
1052_1614,12.269653508385368,82.97733340915616,24.072700691121742,13.215996809055468,0.0015258855585831,LOW,NORMAL,13.522147655745961,ROUTINE,0,no current multi-signal escalation,Routine monitoring.
1057_120,10.808511157162467,81.930220807861,24.072700691121742,13.215996809055468,0.0,LOW,NORMAL,12.864404714861866,ROUTINE,0,no current multi-signal escalation,Routine monitoring.
1057_918,13.918192339081072,82.81656009156467,24.072700691121742,13.215996809055468,0.0,LOW,NORMAL,14.263761246725238,ROUTINE,0,no current multi-signal escalation,Routine monitoring.
1058_278,34.356979798142625,50.72641325178074,24.072700691121742,13.215996809055468,0.0,LOW,NORMAL,23.46121560330294,ROUTINE,0,no current multi-signal escalation,Routine monitoring.
1059_152,11.921689608723945,81.41146274773931,24.072700691121742,13.215996809055468,0.0,LOW,NORMAL,13.365335018064531,ROUTINE,0,no current multi-signal escalation,Routine monitoring.
1066_289,23.543563764286816,76.27698994781196,24.072700691121742,13.215996809055468,0.0,LOW,NORMAL,18.595178388067826,ROUTINE,0,no current multi-signal escalation,Routine monitoring.
1068_486,23.029403676662284,82.42664242890353,24.072700691121742,13.215996809055468,0.0,LOW,NORMAL,18.363806348636786,ROUTINE,0,no current multi-signal escalation,Routine monitoring.
1068_1321,9.358530330000471,82.96733931234388,24.072700691121742,13.215996809055468,0.0,LOW,NORMAL,12.211913342638969,ROUTINE,0,no current multi-signal escalation,Routine monitoring.
1074_637,59.818474070217945,77.28615251173754,24.072700691121742,13.215996809055468,0.0,LOW,NORMAL,34.91888802573683,ROUTINE,0,no current multi-signal escalation,Routine monitoring.
1077_1335,16.86204519597014,83.16116190942302,24.072700691121742,13.215996809055468,0.0,LOW,NORMAL,15.58849503232532,ROUTINE,0,no current multi-signal escalation,Routine monitoring.
1078_1103,31.622471604983936,61.759327610149626,24.072700691121742,13.215996809055468,0.0,LOW,NORMAL,22.23068691638153,ROUTINE,0,no current multi-signal escalation,Routine monitoring.
1082_1562,12.052449974635522,83.13506658507117,24.072700691121742,13.215996809055468,0.0043541683868659,LOW,NORMAL,13.42483030798277,ROUTINE,0,no current multi-signal escalation,Routine monitoring.
1082_1567,10.303714824938934,83.17597567598025,24.072700691121742,13.215996809055468,0.0393541683868619,LOW,NORMAL,12.643149490619308,ROUTINE,0,no current multi-signal escalation,Routine monitoring.
1083_787,17.60792425209841,81.57379021322167,24.072700691121742,13.215996809055468,0.0,LOW,NORMAL,15.924140607583041,ROUTINE,0,no current multi-signal escalation,Routine monitoring.
1083_1321,17.445563059955838,82.8765211305257,24.072700691121742,13.215996809055468,0.0,LOW,NORMAL,15.851078071118884,ROUTINE,0,no current multi-signal escalation,Routine monitoring.
1086_1067,20.985990824303062,81.22025566059165,24.072700691121742,13.215996809055468,1.764747959330454,LOW,NORMAL,17.708982758974706,ROUTINE,0,no current multi-signal escalation,Routine monitoring.
1087_302,18.80109380381964,80.07673423560246,24.072700691121742,13.215996809055468,0.0,LOW,NORMAL,16.461066905857596,ROUTINE,0,no current multi-signal escalation,Routine monitoring.
1087_1067,18.58957980232629,81.11837254370852,24.072700691121742,13.215996809055468,1.677581292663787,LOW,NORMAL,16.617522799085158,ROUTINE,0,no current multi-signal escalation,Routine monitoring.
1088_1411,9.580721678289288,83.17597567598025,24.072700691121742,13.215996809055468,0.0,LOW,NORMAL,12.311899449368937,ROUTINE,0,no current multi-signal escalation,Routine monitoring.
1091_321,53.39600524161362,52.17201791983989,24.072700691121742,13.215996809055468,0.0,LOW,NORMAL,32.02877705286488,ROUTINE,0,no current multi-signal escalation,Routine monitoring.
1092_1117,22.69540476388041,81.1734432084478,24.072700691121742,13.215996809055468,0.0,LOW,NORMAL,18.213506837884943,ROUTINE,0,no current multi-signal escalation,Routine monitoring.
1094_201,28.990949172873016,73.63968145754063,24.072700691121742,13.215996809055468,0.0,LOW,NORMAL,21.046501821931614,ROUTINE,0,no current multi-signal escalation,Routine monitoring.
1097_795,18.998447744139547,78.17525622698733,24.072700691121742,13.215996809055468,0.0,LOW,NORMAL,16.549876179001554,ROUTINE,0,no current multi-signal escalation,Routine monitoring.
1100_1252,19.95680637889489,73.53402836394127,24.072700691121742,13.215996809055468,0.0,LOW,NORMAL,16.981137564641458,ROUTINE,0,no current multi-signal escalation,Routine monitoring.
1101_1475,13.189481118313877,83.01934372760485,24.072700691121742,13.215996809055468,0.0,LOW,NORMAL,13.93584119738,ROUTINE,0,no current multi-signal escalation,Routine monitoring.
1103_337,27.63091188455132,78.29327907846013,24.072700691121742,13.215996809055468,0.0,LOW,NORMAL,20.43448504218685,ROUTINE,0,no current multi-signal escalation,Routine monitoring.
1104_399,16.591755099150262,82.49824840325299,24.072700691121742,13.215996809055468,0.0,LOW,NORMAL,15.466864488756375,ROUTINE,0,no current multi-signal escalation,Routine monitoring.
1107_88,9.293237860501051,82.58135466063197,24.072700691121742,13.215996809055468,0.0,LOW,NORMAL,12.182531731364229,ROUTINE,0,no current multi-signal escalation,Routine monitoring.
1107_435,18.96243824888256,82.88569250768475,24.072700691121742,13.215996809055468,0.0,LOW,NORMAL,16.533671906135908,ROUTINE,0,no current multi-signal escalation,Routine monitoring.
1107_500,27.06948018501392,78.79697455748152,24.072700691121742,13.215996809055468,0.0,LOW,NORMAL,20.18184077739502,ROUTINE,0,no current multi-signal escalation,Routine monitoring.
1109_795,24.62059300164368,76.89922135277064,24.072700691121742,13.215996809055468,0.0,LOW,NORMAL,19.079841544878413,ROUTINE,0,no current multi-signal escalation,Routine monitoring.
1109_1267,16.699209376972288,79.12804769487046,24.072700691121742,13.215996809055468,0.0,LOW,NORMAL,15.515218913776287,ROUTINE,0,no current multi-signal escalation,Routine monitoring.
1110_199,46.21991039869565,61.05118233296688,24.072700691121742,13.215996809055468,0.0,LOW,NORMAL,28.7995343735518,ROUTINE,0,no current multi-signal escalation,Routine monitoring.
1111_515,25.46899167777294,81.14198545567425,24.072700691121742,13.215996809055468,0.0,LOW,NORMAL,19.46162094913658,ROUTINE,0,no current multi-signal escalation,Routine monitoring.
1111_1100,14.31515478136842,82.35002897446043,24.072700691121742,13.215996809055468,0.0,LOW,NORMAL,14.442394345754547,ROUTINE,0,no current multi-signal escalation,Routine monitoring.
1121_1124,20.834652459932137,81.73370140787547,24.072700691121742,13.215996809055468,0.0,LOW,NORMAL,17.37616830110822,ROUTINE,0,no current multi-signal escalation,Routine monitoring.
1123_788,22.05180272947725,81.93714093040205,24.072700691121742,13.215996809055468,0.0,LOW,NORMAL,17.923885922403517,ROUTINE,0,no current multi-signal escalation,Routine monitoring.
1123_1591,12.480586863774665,82.8685848849531,24.072700691121742,13.215996809055468,0.0,LOW,NORMAL,13.616838782837355,ROUTINE,0,no current multi-signal escalation,Routine monitoring.
1124_781,61.74798844322745,66.33311269509488,24.072700691121742,13.215996809055468,0.0,LOW,NORMAL,35.78716949359111,ROUTINE,0,elevated landslide risk,Routine monitoring.
1135_1482,14.468634966355856,83.17597567598025,24.072700691121742,13.215996809055468,0.0043541683868659,LOW,NORMAL,14.51211355425692,ROUTINE,0,no current multi-signal escalation,Routine monitoring.
1138_1485,10.912214445260505,83.17597567598025,24.072700691121742,13.215996809055468,0.0043541683868659,LOW,NORMAL,12.911724319764012,ROUTINE,0,no current multi-signal escalation,Routine monitoring.
1139_1010,38.55834340552018,48.21956493803911,24.072700691121742,13.215996809055468,0.0,LOW,NORMAL,25.35182922662284,ROUTINE,0,no current multi-signal escalation,Routine monitoring.
1140_819,30.797198715187378,57.303511607969966,24.072700691121742,13.215996809055468,0.0,LOW,NORMAL,21.859314115973078,ROUTINE,0,no current multi-signal escalation,Routine monitoring.
1146_1185,9.611742168841634,83.17928146110421,24.072700691121742,13.215996809055468,0.0,LOW,NORMAL,12.32585867011749,ROUTINE,0,no current multi-signal escalation,Routine monitoring.
1148_459,19.9909578400934,81.91602861798863,24.072700691121742,13.215996809055468,0.0,LOW,NORMAL,16.99650572218079,ROUTINE,0,no current multi-signal escalation,Routine monitoring.
1151_1077,11.308642277420638,83.17479827305938,24.072700691121742,13.215996809055468,0.0,LOW,NORMAL,13.089463718978042,ROUTINE,0,no current multi-signal escalation,Routine monitoring.
1152_1100,14.76914694609789,81.29475371612193,24.072700691121742,13.215996809055468,0.0,LOW,NORMAL,14.646690819882807,ROUTINE,0,no current multi-signal escalation,Routine monitoring.
1162_368,22.160205258227712,80.58779161267171,24.072700691121742,13.215996809055468,0.0,LOW,NORMAL,17.972667060341227,ROUTINE,0,no current multi-signal escalation,Routine monitoring.
1163_290,11.557117127288976,83.17597567598025,24.072700691121742,13.215996809055468,0.0,LOW,NORMAL,13.201277401418796,ROUTINE,0,no current multi-signal escalation,Routine monitoring.
1165_587,23.36487211973428,82.91473600655877,24.072700691121742,13.215996809055468,0.0,LOW,NORMAL,18.51476714801918,ROUTINE,0,no current multi-signal escalation,Routine monitoring.
1166_1096,17.55719072961446,78.62297939314925,24.072700691121742,13.215996809055468,0.0,LOW,NORMAL,15.901310522465263,ROUTINE,0,no current multi-signal escalation,Routine monitoring.
1166_1256,14.877674034632545,81.52061041825061,24.072700691121742,13.215996809055468,0.0,LOW,NORMAL,14.6955280097234,ROUTINE,0,no current multi-signal escalation,Routine monitoring.
1167_1345,11.84743781677016,83.02650015150473,24.072700691121742,13.215996809055468,0.0,LOW,NORMAL,13.331921711685329,ROUTINE,0,no current multi-signal escalation,Routine monitoring.
1167_1471,10.885738884872412,83.17928146110421,24.072700691121742,13.215996809055468,0.0,LOW,NORMAL,12.89915719233134,ROUTINE,0,no current multi-signal escalation,Routine monitoring.
1169_1408,11.881502141950817,83.06059106059564,24.072700691121742,13.215996809055468,0.0,LOW,NORMAL,13.347250658016623,ROUTINE,0,no current multi-signal escalation,Routine monitoring.
1170_1438,21.84831908520338,72.49275327539347,24.072700691121742,13.215996809055468,0.0,LOW,NORMAL,17.832318282480276,ROUTINE,0,no current multi-signal escalation,Routine monitoring.
1172_572,13.975178987092876,83.17928146110421,24.072700691121742,13.215996809055468,0.0,LOW,NORMAL,14.289405238330552,ROUTINE,0,no current multi-signal escalation,Routine monitoring.
1177_1024,19.1705854318606,72.57873910774293,24.072700691121742,13.215996809055468,0.0,LOW,NORMAL,16.627338138476027,ROUTINE,0,no current multi-signal escalation,Routine monitoring.
1180_41,9.73877610737571,82.47154356263906,24.072700691121742,13.215996809055468,0.0,LOW,NORMAL,12.383023942457825,ROUTINE,0,no current multi-signal escalation,Routine monitoring.
1181_470,16.548787893701366,82.63109697435809,24.072700691121742,13.215996809055468,0.0,LOW,NORMAL,15.44752924630437,ROUTINE,0,no current multi-signal escalation,Routine monitoring.
1182_108,12.227219539732056,81.09006367564099,24.072700691121742,13.215996809055468,0.0,LOW,NORMAL,13.50282348701818,ROUTINE,0,no current multi-signal escalation,Routine monitoring.
1192_259,23.920022361395795,80.55626248008525,24.072700691121742,13.215996809055468,0.0,LOW,NORMAL,18.764584756766865,ROUTINE,0,no current multi-signal escalation,Routine monitoring.
1193_167,25.421270216727272,81.18252272456246,24.072700691121742,13.215996809055468,0.0,LOW,NORMAL,19.44014629166603,ROUTINE,0,no current multi-signal escalation,Routine monitoring.
1196_88,14.828244215556404,79.38905197669217,24.072700691121742,13.215996809055468,0.0,LOW,NORMAL,14.673284591139137,ROUTINE,0,no current multi-signal escalation,Routine monitoring.
1200_189,14.677971446860845,81.44216507006715,24.072700691121742,13.215996809055468,0.0,LOW,NORMAL,14.605661845226138,ROUTINE,0,no current multi-signal escalation,Routine monitoring.
