incident_id,cell_count,max_risk_score,mean_risk_score,max_alert_priority,highest_decision_state,active_alert_cells,latitude,longitude,affected_cells,incident_category,risk_component,mean_risk_component,priority_component,size_component,priority_score,priority_level,priority_rank,priority_recommendation
RISK_ZONE_CLUSTER_1,8,83.41208523033444,77.2521116297661,60.21025328080514,CRITICAL,0,3004338.0044235187,608308.500872824,"197_397,198_399,199_399,199_400,200_397,201_401,203_393,204_389",CRITICAL_RISK_ZONE,96.96541715822752,83.25620639526602,98.6398999546321,100.0,94.94565398891362,P1_CRITICAL,1,Immediate review and prioritized assessment.
RISK_ZONE_CLUSTER_5,7,82.40178849402427,78.14500461932937,59.94649796625384,CRITICAL,0,3000664.7901378046,613138.8580156812,"246_358,247_358,247_361,248_366,249_358,250_362,252_358",CRITICAL_RISK_ZONE,94.0329095880666,85.98461970218547,97.76412039277348,85.71428571428571,92.52419192468899,P1_CRITICAL,2,Immediate review and prioritized assessment.
RISK_ZONE_CLUSTER_13,8,82.11514774153953,76.25741237870619,59.48417954388987,CRITICAL,0,3018313.0044235187,617908.500872824,"292_534,293_535,294_537,295_538,296_534,297_537,300_539,302_539",CRITICAL_RISK_ZONE,93.20090039080037,80.21670367243455,96.22902705800645,100.0,92.0410026748487,P1_CRITICAL,3,Immediate review and prioritized assessment.
RISK_ZONE_CLUSTER_130,5,83.15588404593386,80.0636360154297,59.9892761670746,CRITICAL,0,3016930.5044235187,677136.000872824,"886_522,887_524,888_520,889_524,892_524",CRITICAL_RISK_ZONE,96.22176246180352,91.84738208623557,97.90616217128945,57.14285714285714,91.86009578216677,P1_CRITICAL,4,Immediate review and prioritized assessment.
RISK_ZONE_CLUSTER_69,7,82.25947036866394,76.4491273558509,59.79070484658356,CRITICAL,0,3005136.218709233,647653.1437299668,"588_407,590_414,592_410,595_402,595_406,597_398,598_397",CRITICAL_RISK_ZONE,93.61981414294567,80.80252717076132,97.246821128804,85.71428571428571,91.17255565210739,P1_CRITICAL,5,Immediate review and prioritized assessment.
RISK_ZONE_CLUSTER_4,3,84.16187627803059,79.83788100933673,60.61986961682231,CRITICAL,0,3016883.837756852,612962.6675394906,"243_522,247_523,250_522",CRITICAL_RISK_ZONE,99.14177569169982,91.15754246387611,100.0,28.57142857142857,90.70245041118301,P1_CRITICAL,6,Immediate review and prioritized assessment.
RISK_ZONE_CLUSTER_104,5,83.03635874347374,77.51215734433711,60.14180167347693,CRITICAL,0,3029510.5044235187,661216.000872824,"724_645,729_645,730_648,731_651,732_654",CRITICAL_RISK_ZONE,95.87482592158445,84.05082814315314,98.41261157268461,57.14285714285714,90.27127590080049,P1_CRITICAL,7,Immediate review and prioritized assessment.
RISK_ZONE_CLUSTER_61,4,82.31203059940103,81.57589432392658,59.89408424468154,CRITICAL,0,3004775.5044235187,641221.000872824,"524_401,527_403,531_402,535_399",CRITICAL_RISK_ZONE,93.7723765228746,96.46839013605859,97.5900845967856,42.857142857142854,90.17448289741598,P1_CRITICAL,8,Immediate review and prioritized assessment.
RISK_ZONE_CLUSTER_50,6,82.19447205595054,76.60935975901536,59.85874357528967,CRITICAL,0,3011200.5044235187,637846.000872824,"494_471,495_461,495_469,496_463,496_465,497_464",CRITICAL_RISK_ZONE,93.43114873680382,81.29214936077025,97.47273857853209,71.42857142857143,89.81348859120594,P1_CRITICAL,9,Immediate review and prioritized assessment.
RISK_ZONE_CLUSTER_36,3,83.48449972095167,80.1395890996311,59.95041942024976,CRITICAL,0,3004650.5044235187,633296.000872824,"448_400,449_400,453_400",CRITICAL_RISK_ZONE,97.17560891109804,92.07947194253295,97.77714128400457,28.57142857142857,89.44634657664471,P1_CRITICAL,10,Immediate review and prioritized assessment.
RISK_ZONE_CLUSTER_42,4,82.08314554012628,80.65903545016982,59.8475147390841,CRITICAL,0,3011925.5044235187,635971.000872824,"474_471,476_474,477_475,480_471",CRITICAL_RISK_ZONE,93.10801015911564,93.66674427147557,97.43545407767178,42.857142857142854,89.27653123102938,P1_CRITICAL,11,Immediate review and prioritized assessment.
RISK_ZONE_CLUSTER_10,2,84.45754856427473,79.55139125986132,60.184374489238856,CRITICAL,0,3016850.5044235187,616446.000872824,"280_522,283_522",CRITICAL_RISK_ZONE,100.0,90.28211567264658,98.55397138565557,14.285714285714285,89.12348740951465,P1_CRITICAL,12,Immediate review and prioritized assessment.
RISK_ZONE_CLUSTER_46,5,82.9871938625393,76.1022639484477,59.85181872426036,CRITICAL,0,3006270.5044235187,637176.000872824,"486_416,489_412,489_418,489_419,491_416",CRITICAL_RISK_ZONE,95.73211895209262,79.7426165795658,97.44974513473854,57.14285714285714,89.10469884232519,P1_CRITICAL,13,Immediate review and prioritized assessment.
RISK_ZONE_CLUSTER_25,2,83.18796087825785,81.93812721896381,60.38331042268812,CRITICAL,0,3001400.5044235187,625296.000872824,"368_367,372_368",CRITICAL_RISK_ZONE,96.31486931866662,97.57526527403786,99.21452309787611,14.285714285714285,89.08894645124802,P1_CRITICAL,14,Immediate review and prioritized assessment.
RISK_ZONE_CLUSTER_55,2,82.85047403602732,82.00129708244077,60.12723622463676,CRITICAL,0,3002250.5044235187,639046.000872824,"506_378,509_374",CRITICAL_RISK_ZONE,95.33527324149303,97.76829343992269,98.36424810207467,14.285714285714285,88.47416510074649,P1_CRITICAL,15,Immediate review and prioritized assessment.
RISK_ZONE_CLUSTER_111,3,82.53641696357444,79.68556118841965,59.87740217907239,CRITICAL,0,3055217.1710901856,663262.6675394906,"747_903,750_906,752_908",CRITICAL_RISK_ZONE,94.42368488400287,90.69209875320145,97.53469306037267,28.57142857142857,87.86989407067762,P1_CRITICAL,16,Immediate review and prioritized assessment.
RISK_ZONE_CLUSTER_53,8,80.81310935939332,73.05381232826866,58.73988044560929,CRITICAL,0,2998488.0044235187,638808.500872824,"500_338,500_339,505_335,505_338,506_339,508_338,508_340,509_340",CRITICAL_RISK_ZONE,89.421577668024,70.42746228535987,93.7576382282009,100.0,87.764611964733,P1_CRITICAL,17,Immediate review and prioritized assessment.
RISK_ZONE_CLUSTER_3,5,82.3149910391984,75.12340326369383,59.82318692471799,CRITICAL,0,3018510.5044235187,609376.000872824,"208_541,208_542,212_536,212_538,214_536",CRITICAL_RISK_ZONE,93.7809695548075,76.75151176732055,97.35467541111571,57.14285714285714,87.60469322019213,P1_CRITICAL,18,Immediate review and prioritized assessment.
RISK_ZONE_ISOLATED_41,1,82.73163919637264,82.73163919637264,60.18921233250644,CRITICAL,0,3023050.5044235187,620096.000872824,318_584,CRITICAL_RISK_ZONE,94.99034085246151,100.0,98.57003507811399,0.0,87.38816215313618,P1_CRITICAL,19,Immediate review and prioritized assessment.
RISK_ZONE_CLUSTER_101,2,82.47709507710917,80.90770814495838,59.9852344431236,CRITICAL,0,3048750.5044235187,660146.000872824,"718_841,719_841",CRITICAL_RISK_ZONE,94.25149598653995,94.4266134802824,97.89274193277416,14.285714285714285,87.20025280176442,P1_CRITICAL,20,Immediate review and prioritized assessment.
RISK_ZONE_CLUSTER_23,3,82.02844343111957,79.77568600145399,59.783939219341065,CRITICAL,0,3013550.5044235187,622262.6675394906,"339_490,339_491,341_486",CRITICAL_RISK_ZONE,92.94923072036202,90.9674931644475,97.22435637554506,28.57142857142857,87.18388440808154,P1_CRITICAL,21,Immediate review and prioritized assessment.
RISK_ZONE_CLUSTER_74,4,81.68425871614076,78.76834801188184,59.209719146705126,CRITICAL,0,3035775.5044235187,649696.000872824,"613_715,614_707,614_713,615_710",CRITICAL_RISK_ZONE,91.95019326341118,87.88937024553148,95.31770207938789,42.857142857142854,87.0706008232026,P1_CRITICAL,22,Immediate review and prioritized assessment.
RISK_ZONE_CLUSTER_27,5,80.95572727096128,77.87793846311794,59.28198555491159,CRITICAL,0,3011470.5044235187,626616.000872824,"379_464,381_468,384_469,386_469,386_471",CRITICAL_RISK_ZONE,89.83554327860394,85.16854558921534,95.55765721896043,57.14285714285714,87.06340361224066,P1_CRITICAL,23,Immediate review and prioritized assessment.
RISK_ZONE_CLUSTER_93,7,80.6822060670405,74.13844955342331,58.84233962929881,CRITICAL,0,3048264.7901378046,656281.7151585383,"674_841,678_841,679_840,681_836,682_830,682_832,683_833",CRITICAL_RISK_ZONE,89.04161514613597,73.74178849564808,94.09784619387793,85.71428571428571,86.91297463478885,P1_CRITICAL,24,Immediate review and prioritized assessment.
RISK_ZONE_CLUSTER_57,3,81.80040400980056,79.2383135694458,59.41160702584821,CRITICAL,0,3005117.1710901856,639996.000872824,"515_405,517_406,519_403",CRITICAL_RISK_ZONE,92.28731892229419,89.32544410436924,95.98805550389152,28.57142857142857,86.24853906902197,P1_CRITICAL,25,Immediate review and prioritized assessment.
RISK_ZONE_CLUSTER_113,2,82.59917428254442,80.78535894837633,58.67073398809136,CRITICAL,0,3048850.5044235187,663296.000872824,"750_841,750_843",CRITICAL_RISK_ZONE,94.60584553675785,94.05275101305813,93.52804264878235,14.285714285714285,86.19376278491967,P1_CRITICAL,26,Immediate review and prioritized assessment.
RISK_ZONE_CLUSTER_94,3,82.79744409518679,76.27179724070194,59.83358833480392,CRITICAL,0,3011017.1710901856,657262.6675394906,"689_462,690_463,690_466",CRITICAL_RISK_ZONE,95.18134747159694,80.26065949843628,97.38921250616256,28.57142857142857,86.08818424558937,P1_CRITICAL,27,Immediate review and prioritized assessment.
RISK_ZONE_CLUSTER_109,3,81.77841253554679,78.85947655735667,59.4793615974914,CRITICAL,0,3048383.837756852,662329.3342061572,"738_836,741_837,742_839",CRITICAL_RISK_ZONE,92.22348602804603,88.16783176221934,96.21302943159618,28.57142857142857,86.04453528010649,P1_CRITICAL,28,Immediate review and prioritized assessment.
RISK_ZONE_CLUSTER_95,2,82.48748338898677,79.01125893340338,59.96258087166508,CRITICAL,0,3010050.5044235187,657546.000872824,"691_453,694_455",CRITICAL_RISK_ZONE,94.28164930895247,88.63163320248404,97.8175224630917,14.285714285714285,86.03602087386977,P1_CRITICAL,29,Immediate review and prioritized assessment.
RISK_ZONE_CLUSTER_96,5,80.35900855117681,78.21406111787368,58.68234926201403,CRITICAL,0,3045990.5044235187,658076.000872824,"695_815,697_813,698_814,699_813,700_812",CRITICAL_RISK_ZONE,88.10349555427332,86.19563566015567,93.56661028683799,57.14285714285714,85.99163841744932,P1_CRITICAL,30,Immediate review and prioritized assessment.
RISK_ZONE_CLUSTER_76,2,82.50103600750835,79.1271149957195,59.6608990370524,CRITICAL,0,3007300.5044235187,650496.000872824,"621_427,623_426",CRITICAL_RISK_ZONE,94.3209874112957,88.98565459788685,96.81581076151987,14.285714285714285,85.87409937361184,P1_CRITICAL,31,Immediate review and prioritized assessment.
RISK_ZONE_CLUSTER_29,2,81.56854095472158,81.26968485099192,59.52095277844987,CRITICAL,0,3013600.5044235187,629246.000872824,"409_488,410_491",CRITICAL_RISK_ZONE,91.61430856818474,95.53270578146606,96.35112980048906,14.285714285714285,85.84933389067005,P1_CRITICAL,32,Immediate review and prioritized assessment.
RISK_ZONE_CLUSTER_19,2,81.87203551492948,79.02310265197332,59.70533170929168,CRITICAL,0,3000650.5044235187,621546.000872824,"331_361,334_359",CRITICAL_RISK_ZONE,92.49523796578212,88.66782405595399,96.96334608717623,14.285714285714285,85.02582984615825,P1_CRITICAL,33,Immediate review and prioritized assessment.
RISK_ZONE_CLUSTER_102,3,81.44882820526246,77.82474360088862,59.404188460992415,CRITICAL,0,3031250.5044235187,660496.000872824,"720_667,722_666,724_665",CRITICAL_RISK_ZONE,91.26682794054676,85.00599803686283,95.96342272069971,28.57142857142857,84.9192707179364,P1_CRITICAL,34,Immediate review and prioritized assessment.
RISK_ZONE_CLUSTER_52,3,81.4634417787113,77.74098837855395,59.41518012354753,CRITICAL,0,3017550.5044235187,638262.6675394906,"497_527,501_529,501_531",CRITICAL_RISK_ZONE,91.30924559194128,84.75006718533528,95.99991970440217,28.57142857142857,84.89629673668404,P1_CRITICAL,35,Immediate review and prioritized assessment.
RISK_ZONE_CLUSTER_64,3,80.46845245272924,80.17795441849871,59.00776635844539,CRITICAL,0,3010083.837756852,642996.000872824,"545_453,546_455,550_455",CRITICAL_RISK_ZONE,88.42116961801682,92.19670485593484,94.6471331290745,28.57142857142857,84.74779343870603,P1_CRITICAL,36,Immediate review and prioritized assessment.
RISK_ZONE_CLUSTER_84,5,82.3144561557896,71.47512821656404,59.065049695369794,CRITICAL,0,3028850.5044235187,652636.000872824,"642_642,642_646,643_643,645_637,645_642",CRITICAL_RISK_ZONE,93.77941699149703,65.6034768938921,94.83733811432306,57.14285714285714,84.74505326781856,P1_CRITICAL,37,Immediate review and prioritized assessment.
RISK_ZONE_CLUSTER_51,2,81.10489288267065,80.36631759466172,59.45616220562627,CRITICAL,0,3004250.5044235187,637796.000872824,"495_395,495_397",CRITICAL_RISK_ZONE,90.26851437494047,92.77228625525588,96.13599760655944,14.285714285714285,84.63785954998568,P1_CRITICAL,38,Immediate review and prioritized assessment.
RISK_ZONE_CLUSTER_56,3,81.10004750513113,78.61224638364077,58.96548684135765,CRITICAL,0,3006783.837756852,638929.3342061572,"506_420,506_422,507_422",CRITICAL_RISK_ZONE,90.25445008491134,87.41237046537522,94.50674719215534,28.57142857142857,84.58080628646684,P1_CRITICAL,39,Immediate review and prioritized assessment.
RISK_ZONE_ISOLATED_222,1,81.5371434211329,81.5371434211329,59.54161084537017,CRITICAL,0,3009550.5044235187,664496.000872824,762_449,CRITICAL_RISK_ZONE,91.52317345745531,96.34997899376803,96.4197233483654,0.0,84.56035469169986,P1_CRITICAL,40,Immediate review and prioritized assessment.
RISK_ZONE_CLUSTER_124,5,81.26497764727685,74.73782995367097,57.84061324023989,CRITICAL,0,3028690.5044235187,669176.000872824,"806_645,808_640,808_641,809_637,813_639",CRITICAL_RISK_ZONE,90.73317962347888,75.57331531807536,90.77168952626847,57.14285714285714,84.3518019900334,P1_CRITICAL,41,Immediate review and prioritized assessment.
RISK_ZONE_CLUSTER_71,7,78.61839389550491,75.21366172572972,58.004454708367945,CRITICAL,0,3013464.7901378046,649296.000872824,"604_485,608_488,609_488,610_488,611_489,612_489,616_490",CRITICAL_RISK_ZONE,83.05115254351276,77.0273145698504,91.31571272222023,85.71428571428571,84.17883831053445,P1_CRITICAL,42,Immediate review and prioritized assessment.
RISK_ZONE_ISOLATED_213,1,81.36352779998249,81.36352779998249,59.43106220413088,CRITICAL,0,3049050.5044235187,662696.000872824,744_844,CRITICAL_RISK_ZONE,91.01923327332565,95.81946170158105,96.05265495107712,0.0,84.13571105108204,P1_CRITICAL,43,Immediate review and prioritized assessment.
RISK_ZONE_CLUSTER_80,6,80.39832170870115,73.04859498457309,58.38884937721093,CRITICAL,0,3040767.1710901856,651162.6675394906,"627_758,627_762,628_762,629_760,630_759,631_766",CRITICAL_RISK_ZONE,88.21760671380066,70.41151964706819,92.59206613042662,71.42857142857143,84.07110062608773,P1_CRITICAL,44,Immediate review and prioritized assessment.
RISK_ZONE_CLUSTER_12,2,81.18857315142813,79.21592897634132,59.35881676735514,CRITICAL,0,3014300.5044235187,617296.000872824,"290_496,290_497",CRITICAL_RISK_ZONE,90.51140640139661,89.25704349823826,95.81276944555324,14.285714285714285,83.96330537023587,P1_CRITICAL,45,Immediate review and prioritized assessment.
RISK_ZONE_ISOLATED_143,1,81.40211139924729,81.40211139924729,59.07143519740894,CRITICAL,0,3004850.5044235187,643096.000872824,548_402,CRITICAL_RISK_ZONE,91.13122680241624,95.93736161444116,94.85854069061087,0.0,83.91115955662826,P1_CRITICAL,46,Immediate review and prioritized assessment.
RISK_ZONE_CLUSTER_60,2,80.66750727864515,80.26632304885169,59.17696110906395,CRITICAL,0,3015850.5044235187,640696.000872824,"522_511,526_513",CRITICAL_RISK_ZONE,88.99895014812857,92.46673289937063,95.20893149441771,14.285714285714285,83.77367844870784,P1_CRITICAL,47,Immediate review and prioritized assessment.
RISK_ZONE_CLUSTER_115,2,81.90644097218271,76.5565296035744,59.694273058048175,CRITICAL,0,3010050.5044235187,664196.000872824,"758_453,760_455",CRITICAL_RISK_ZONE,92.59510393606965,81.1307162430321,96.92662667260346,14.285714285714285,83.55416811656006,P1_CRITICAL,48,Immediate review and prioritized assessment.
RISK_ZONE_CLUSTER_35,5,80.16856851143925,74.39093908140552,58.54078125222225,CRITICAL,0,3001550.5044235187,633016.000872824,"445_369,446_365,448_373,448_377,449_361",CRITICAL_RISK_ZONE,87.55072047530811,74.51332080249419,93.09654442371195,57.14285714285714,83.28891019460119,P1_CRITICAL,49,Immediate review and prioritized assessment.
RISK_ZONE_CLUSTER_47,5,79.50980892347161,75.87925726342917,58.39512903257255,CRITICAL,0,3001950.5044235187,637696.000872824,"489_371,491_371,495_374,496_376,499_373",CRITICAL_RISK_ZONE,85.63859168264605,79.06117500252513,92.61291725083181,57.14285714285714,83.21711628468941,P1_CRITICAL,50,Immediate review and prioritized assessment.
RISK_ZONE_CLUSTER_44,2,81.28218653178045,78.80080573826413,58.46130886449819,CRITICAL,0,3020950.5044235187,636046.000872824,"477_561,478_565",CRITICAL_RISK_ZONE,90.78313047679465,87.98855132726122,92.83266237447536,14.285714285714285,83.08685600220012,P1_CRITICAL,51,Immediate review and prioritized assessment.
RISK_ZONE_CLUSTER_98,3,81.55222945797948,75.22883116995676,58.906493878418985,CRITICAL,0,3013717.1710901856,658529.3342061572,"700_491,703_492,704_489",CRITICAL_RISK_ZONE,91.56696249058423,77.07366784395089,94.31086552310516,28.57142857142857,83.05472592747223,P1_CRITICAL,52,Immediate review and prioritized assessment.
RISK_ZONE_CLUSTER_77,2,80.2237771868779,80.01110488266843,58.978849909003046,CRITICAL,0,3004800.5044235187,650846.000872824,"625_402,626_401",CRITICAL_RISK_ZONE,87.71097028394719,91.68686269216633,94.55111824700018,14.285714285714285,82.87366015653097,P1_CRITICAL,53,Immediate review and prioritized assessment.
RISK_ZONE_CLUSTER_97,2,81.01012578407418,77.90478089695654,59.22798661612107,CRITICAL,0,3008500.5044235187,658146.000872824,"698_438,699_439",CRITICAL_RISK_ZONE,89.99344149382702,85.25056802026964,95.3783578291633,14.285714285714285,82.82032316213835,P1_CRITICAL,54,Immediate review and prioritized assessment.
RISK_ZONE_CLUSTER_54,2,81.24838926443408,77.35824456421886,59.19680690642096,CRITICAL,0,3010900.5044235187,638746.000872824,"503_461,506_464",CRITICAL_RISK_ZONE,90.68502985072912,83.58051682669291,95.27482796267893,14.285714285714285,82.77164521740785,P1_CRITICAL,55,Immediate review and prioritized assessment.
RISK_ZONE_CLUSTER_99,4,80.21605561241363,75.693297072704,58.538365206788455,CRITICAL,0,3046400.5044235187,658821.000872824,"703_817,705_813,706_819,707_821",CRITICAL_RISK_ZONE,87.68855748703692,78.49293640634129,93.08852212768716,42.857142857142854,82.71628296807096,P1_CRITICAL,56,Immediate review and prioritized assessment.
RISK_ZONE_CLUSTER_118,7,79.21800784058298,72.94572905938713,56.94547836132983,CRITICAL,0,3028636.218709233,666524.5723013955,"776_641,778_639,778_640,782_640,785_639,787_642,790_638",CRITICAL_RISK_ZONE,84.79160400684964,70.09719221658493,87.79946190162381,85.71428571428571,82.69695429323384,P1_CRITICAL,57,Immediate review and prioritized assessment.
RISK_ZONE_CLUSTER_87,3,79.48898778831631,79.1923296056875,58.66977340479423,CRITICAL,0,3015983.837756852,653529.3342061572,"650_513,652_515,655_512",CRITICAL_RISK_ZONE,85.57815583813836,89.18493089607942,93.52485310463791,28.57142857142857,82.58551243968049,P1_CRITICAL,58,Immediate review and prioritized assessment.
RISK_ZONE_CLUSTER_108,4,81.04050667390095,73.27217289127296,58.86081531800045,CRITICAL,0,3029850.5044235187,662146.000872824,"738_651,738_654,739_651,739_652",CRITICAL_RISK_ZONE,90.08162567398247,71.09470670632766,94.15919332003416,42.857142857142854,82.58118551028048,P1_CRITICAL,59,Immediate review and prioritized assessment.
RISK_ZONE_CLUSTER_110,2,80.88048525251459,78.11924639824986,58.96916015499811,CRITICAL,0,3009600.5044235187,662446.000872824,"740_449,743_450",CRITICAL_RISK_ZONE,89.61714428674442,85.90591030030038,94.51894415211454,14.285714285714285,82.56720445569513,P1_CRITICAL,60,Immediate review and prioritized assessment.
RISK_ZONE_CLUSTER_85,2,80.23085653432115,79.41694248955528,58.91272680124994,CRITICAL,0,3015600.5044235187,652746.000872824,"644_509,645_510",CRITICAL_RISK_ZONE,87.73151893982522,89.8712805353012,94.33156147167885,14.285714285714285,82.46490142647274,P1_CRITICAL,61,Immediate review and prioritized assessment.
RISK_ZONE_CLUSTER_63,2,79.93154105312227,79.89857811412028,58.92391816804378,CRITICAL,0,3017250.5044235187,641596.000872824,"533_525,533_527",CRITICAL_RISK_ZONE,86.8627198207785,91.34301462047121,94.36872155819304,14.285714285714285,82.37757866156426,P1_CRITICAL,62,Immediate review and prioritized assessment.
RISK_ZONE_CLUSTER_78,2,80.58995487956385,78.19856967334755,59.105872354440265,CRITICAL,0,3014500.5044235187,650896.000872824,"626_498,626_499",CRITICAL_RISK_ZONE,88.77384499910012,86.14829844966958,94.97288666444597,14.285714285714285,82.3496830342119,P1_CRITICAL,63,Immediate review and prioritized assessment.
RISK_ZONE_CLUSTER_20,2,81.57639807078868,76.30133784454944,58.512015189630034,CRITICAL,0,3018200.5044235187,621596.000872824,"332_535,334_536",CRITICAL_RISK_ZONE,91.63711479086993,80.35092672818726,93.00102888979268,14.285714285714285,81.98571565254852,P1_CRITICAL,64,Immediate review and prioritized assessment.
RISK_ZONE_CLUSTER_37,3,80.1068083046416,76.95800596091615,58.59894004559774,CRITICAL,0,3014150.5044235187,633762.6675394906,"452_495,454_496,458_494",CRITICAL_RISK_ZONE,87.37145406034348,82.35750763750879,93.28965629585474,28.57142857142857,81.96821278576287,P1_CRITICAL,65,Immediate review and prioritized assessment.
RISK_ZONE_CLUSTER_72,8,76.9764244203158,73.62055403647501,57.36839683867517,CRITICAL,0,3005088.0044235187,649771.000872824,"609_405,613_406,614_407,616_401,616_402,616_405,616_406,618_403",CRITICAL_RISK_ZONE,78.28513901213087,72.15925504925288,89.20373070061089,100.0,81.96109624046218,P1_CRITICAL,66,Immediate review and prioritized assessment.
RISK_ZONE_CLUSTER_31,2,81.06302014179866,77.15488467689568,58.62467533548826,CRITICAL,0,3012450.5044235187,629446.000872824,"410_480,413_476",CRITICAL_RISK_ZONE,90.14697371745109,82.95910997374224,93.37510837837662,14.285714285714285,81.93030869076703,P1_CRITICAL,67,Immediate review and prioritized assessment.
RISK_ZONE_CLUSTER_22,7,78.26516597764578,72.29101481379776,57.70479304673757,CRITICAL,0,3011250.504423519,622281.7151585383,"338_466,339_465,339_466,339_467,340_465,342_465,342_468",CRITICAL_RISK_ZONE,82.02586610450355,68.09658175063255,90.3207088521563,85.71428571428571,81.68256188162076,P1_CRITICAL,68,Immediate review and prioritized assessment.
RISK_ZONE_CLUSTER_121,2,80.34631066081161,79.12849285593637,57.84576725665549,CRITICAL,0,3029500.5044235187,667946.000872824,"795_648,798_649",CRITICAL_RISK_ZONE,88.06663840301991,88.9898649256582,90.78880304773797,14.285714285714285,81.55373245699651,P1_CRITICAL,69,Immediate review and prioritized assessment.
RISK_ZONE_CLUSTER_6,3,80.21043624753871,75.74246082579653,58.43938789386552,CRITICAL,0,3005150.5044235187,613262.6675394906,"248_404,250_404,251_407",CRITICAL_RISK_ZONE,87.67224660584435,78.64316609760739,92.7598754503944,28.57142857142857,81.2282559118929,P1_CRITICAL,70,Immediate review and prioritized assessment.
RISK_ZONE_ISOLATED_44,1,79.88928098838882,79.88928098838882,58.65980113891372,CRITICAL,0,3023150.5044235187,620596.000872824,323_585,CRITICAL_RISK_ZONE,86.74005490928036,91.31460539130453,93.49174095044901,0.0,80.66888102504932,P1_CRITICAL,71,Immediate review and prioritized assessment.
RISK_ZONE_CLUSTER_7,4,79.08543887114715,74.60899053311451,58.05102745209014,CRITICAL,0,3015425.5044235187,613496.000872824,"251_505,251_510,252_509,254_507",CRITICAL_RISK_ZONE,84.40680665725228,75.17962067200811,91.47035399328226,42.857142857142854,80.17228991420001,P1_CRITICAL,72,Immediate review and prioritized assessment.
RISK_ZONE_CLUSTER_43,2,79.47497514637914,77.65318541892543,58.61814972044024,CRITICAL,0,3003150.5044235187,635946.000872824,"475_386,478_384",CRITICAL_RISK_ZONE,85.53748246260238,84.48176766205809,93.35344056744613,14.285714285714285,80.15515221101566,P1_CRITICAL,73,Immediate review and prioritized assessment.
RISK_ZONE_CLUSTER_28,2,78.97530492845863,78.81349277546781,58.33381873012696,CRITICAL,0,3015750.5044235187,629046.000872824,"406_513,409_509",CRITICAL_RISK_ZONE,84.08712966626712,88.02731910966797,92.40934103131728,14.285714285714285,79.97557885815455,P2_HIGH,74,High-priority monitoring and infrastructure review.
RISK_ZONE_CLUSTER_26,2,79.91005577072916,76.7007298692037,58.38350073793657,CRITICAL,0,3026000.5044235187,625896.000872824,"376_613,376_614",CRITICAL_RISK_ZONE,86.80035620917764,81.57134902680691,92.57430637848302,14.285714285714285,79.9465781226835,P2_HIGH,75,High-priority monitoring and infrastructure review.
RISK_ZONE_CLUSTER_38,3,78.84082423384099,76.46838149026958,57.92751139897457,CRITICAL,0,3005517.1710901856,633596.000872824,"453_407,453_408,453_411",CRITICAL_RISK_ZONE,83.69678330481392,80.86136203358942,91.06022828618863,28.57142857142857,79.45802482257416,P2_HIGH,76,High-priority monitoring and infrastructure review.
RISK_ZONE_CLUSTER_39,2,79.46131877392446,76.91022068580301,58.13636648392811,CRITICAL,0,3009250.5044235187,633996.000872824,"455_445,459_447",CRITICAL_RISK_ZONE,85.49784320201195,82.21149016171108,91.75371579033131,14.285714285714285,79.28332784940186,P2_HIGH,77,High-priority monitoring and infrastructure review.
RISK_ZONE_CLUSTER_32,2,79.37117675582513,76.45353559378948,58.57537483118678,CRITICAL,0,3003950.5044235187,629996.000872824,"415_392,419_394",CRITICAL_RISK_ZONE,85.23619517231396,80.81599742441126,93.21140978473875,14.285714285714285,79.25091118717965,P2_HIGH,78,High-priority monitoring and infrastructure review.
RISK_ZONE_CLUSTER_11,5,78.85558883032404,71.69426438548757,57.59900276289143,CRITICAL,0,3022150.5044235187,616656.000872824,"282_578,283_573,283_574,283_575,287_575",CRITICAL_RISK_ZONE,83.73963931869656,66.27309133403988,89.9694402204956,57.14285714285714,79.14410172963105,P2_HIGH,79,High-priority monitoring and infrastructure review.
RISK_ZONE_CLUSTER_33,2,79.60899654502226,76.13777761874846,57.74722759303623,CRITICAL,0,3001000.5044235187,630646.000872824,"422_365,425_362",CRITICAL_RISK_ZONE,85.92649566234796,79.85113570980731,90.46160955183824,14.285714285714285,78.68112400654903,P2_HIGH,80,High-priority monitoring and infrastructure review.
RISK_ZONE_ISOLATED_117,1,79.03746642124808,79.03746642124808,58.21410353921297,CRITICAL,0,3017450.5044235187,637496.000872824,492_528,CRITICAL_RISK_ZONE,84.26756086200011,88.7117154289235,92.01183579952762,0.0,78.66570442356665,P2_HIGH,81,High-priority monitoring and infrastructure review.
RISK_ZONE_CLUSTER_40,2,78.7138480205306,77.4263877154687,58.08416684757103,CRITICAL,0,3018800.5044235187,635546.000872824,"472_543,473_540",CRITICAL_RISK_ZONE,83.32821960131923,83.78874186913214,91.58039084809934,14.285714285714285,78.57911633501635,P2_HIGH,82,High-priority monitoring and infrastructure review.
RISK_ZONE_CLUSTER_75,2,78.66876992468896,77.64575953012195,57.83782346039962,CRITICAL,0,3031250.5044235187,650096.000872824,"617_665,619_667",CRITICAL_RISK_ZONE,83.19737501620568,84.45907637198867,90.76242627342994,14.285714285714285,78.4498120286192,P2_HIGH,83,High-priority monitoring and infrastructure review.
RISK_ZONE_CLUSTER_41,2,78.23667606036173,77.95718765160763,58.117669954736186,CRITICAL,0,3002700.5044235187,635596.000872824,"473_380,473_381",CRITICAL_RISK_ZONE,81.94317069917753,85.41070735211996,91.69163538003954,14.285714285714285,78.3080485586352,P2_HIGH,84,High-priority monitoring and infrastructure review.
RISK_ZONE_CLUSTER_82,2,78.58555081084967,77.41244841214271,57.923620237039685,CRITICAL,0,3044650.5044235187,652246.000872824,"638_800,641_800",CRITICAL_RISK_ZONE,82.95582154726439,83.74614753685674,91.04730797745378,14.285714285714285,78.26974762657521,P2_HIGH,85,High-priority monitoring and infrastructure review.
RISK_ZONE_CLUSTER_100,2,78.74528962672602,77.2611737746384,57.7599117569347,CRITICAL,0,3056250.5044235187,659696.000872824,"714_915,714_917",CRITICAL_RISK_ZONE,83.4194826380809,83.28389759336903,90.50372635816854,14.285714285714285,78.25004972392377,P2_HIGH,86,High-priority monitoring and infrastructure review.
RISK_ZONE_CLUSTER_88,4,77.54284893462074,75.89330579698651,57.05250134951592,CRITICAL,0,3065225.5044235187,654146.000872824,"656_1008,657_1007,660_1004,661_1004",CRITICAL_RISK_ZONE,79.92925416803097,79.10410310964276,88.15482363475842,42.857142857142854,78.1134051919464,P2_HIGH,87,High-priority monitoring and infrastructure review.
RISK_ZONE_CLUSTER_73,2,78.3976747767028,78.11363000646975,57.11722690071265,CRITICAL,0,3007450.5044235187,649496.000872824,"611_429,613_427",CRITICAL_RISK_ZONE,82.41048880235255,85.88874829068799,88.36973992929664,14.285714285714285,77.78347603009183,P2_HIGH,88,High-priority monitoring and infrastructure review.
RISK_ZONE_CLUSTER_16,3,78.96263046812442,73.36731493741537,57.57262681082965,CRITICAL,0,3023850.5044235187,620129.3342061572,"317_593,318_593,320_590",CRITICAL_RISK_ZONE,84.05034052349157,71.38543227789864,89.88186086771718,28.57142857142857,77.4273477652231,P2_HIGH,89,High-priority monitoring and infrastructure review.
RISK_ZONE_CLUSTER_30,4,77.91140689496193,74.23123408541463,56.78435610724095,CRITICAL,0,3030675.5044235187,629396.000872824,"409_663,410_662,412_660,413_656",CRITICAL_RISK_ZONE,80.99903789582062,74.02531021070288,87.26446765010823,42.857142857142854,77.3564602935012,P2_HIGH,90,High-priority monitoring and infrastructure review.
RISK_ZONE_ISOLATED_146,1,78.25703598102095,78.25703598102095,57.97366316123921,CRITICAL,0,3001050.5044235187,643196.000872824,549_364,CRITICAL_RISK_ZONE,82.00226781323838,86.3269539590387,91.21347172017927,0.0,76.96977923780983,P2_HIGH,91,High-priority monitoring and infrastructure review.
RISK_ZONE_CLUSTER_132,3,79.2135983365441,72.26114946302802,57.31846548823015,CRITICAL,0,3027817.1710901856,681796.000872824,"932_635,936_632,937_628",CRITICAL_RISK_ZONE,84.77880489198569,68.00532219163901,89.03793743009372,28.57142857142857,76.86815385438766,P2_HIGH,92,High-priority monitoring and infrastructure review.
RISK_ZONE_ISOLATED_142,1,77.97996425664276,77.97996425664276,57.7652073841378,CRITICAL,0,3004350.5044235187,642996.000872824,547_397,CRITICAL_RISK_ZONE,81.19803386887855,85.48030582919469,90.52131008754132,0.0,76.26550392871962,P2_HIGH,93,High-priority monitoring and infrastructure review.
RISK_ZONE_CLUSTER_103,3,78.05011473358309,73.37076741137001,57.12159299040387,CRITICAL,0,3033750.5044235187,660396.000872824,"720_691,721_691,722_691",CRITICAL_RISK_ZONE,81.40165405024155,71.39598200333018,88.38423719970545,28.57142857142857,75.86314288034396,P2_HIGH,94,High-priority monitoring and infrastructure review.
RISK_ZONE_CLUSTER_68,4,78.25812813576199,70.9623404230628,56.82128198835715,CRITICAL,0,3013900.5044235187,646996.000872824,"583_493,587_492,589_492,589_493",CRITICAL_RISK_ZONE,82.0054379234949,64.03655111917075,87.38707724392893,42.857142857142854,75.84224088610337,P2_HIGH,95,High-priority monitoring and infrastructure review.
RISK_ZONE_ISOLATED_95,1,77.99225614338665,77.99225614338665,56.39454744974744,CRITICAL,0,3013050.5044235187,633496.000872824,452_484,CRITICAL_RISK_ZONE,81.23371254587764,85.51786615025354,85.97013750230009,0.0,75.15127825127067,P2_HIGH,96,High-priority monitoring and infrastructure review.
RISK_ZONE_CLUSTER_14,2,77.0340629608224,76.34166380589576,57.305846876776215,CRITICAL,0,3006950.5044235187,618046.000872824,"297_422,298_424",CRITICAL_RISK_ZONE,78.45244179585157,80.47415077724766,88.9960382856947,14.285714285714285,75.07600996357785,P2_HIGH,97,High-priority monitoring and infrastructure review.
RISK_ZONE_CLUSTER_116,2,76.95088424161881,76.21054996788338,57.130624052968535,CRITICAL,0,3009850.5044235187,665046.000872824,"767_452,768_452",CRITICAL_RISK_ZONE,78.21100557719004,80.07350619325419,88.41422415951119,14.285714285714285,74.74178121683559,P2_HIGH,98,High-priority monitoring and infrastructure review.
RISK_ZONE_CLUSTER_86,4,77.17190481965403,72.25727974473361,56.11081593414067,CRITICAL,0,3067775.5044235187,652921.000872824,"645_1029,645_1032,647_1034,648_1030",CRITICAL_RISK_ZONE,78.85254433996661,67.99349749258558,85.02802847656802,42.857142857142854,74.62506585635839,P2_HIGH,99,High-priority monitoring and infrastructure review.
RISK_ZONE_CLUSTER_48,2,77.54927975237658,75.17934698579164,56.73531513249952,CRITICAL,0,3008800.5044235187,637496.000872824,"491_442,493_441",CRITICAL_RISK_ZONE,79.94792038863088,76.92245901138494,87.10163080473419,14.285714285714285,74.56503510691586,P2_HIGH,100,High-priority monitoring and infrastructure review.
RISK_ZONE_CLUSTER_18,2,78.85318468463753,72.10755242334676,56.87708796766356,CRITICAL,0,3014250.5044235187,621396.000872824,"330_497,332_495",CRITICAL_RISK_ZONE,83.73266099720736,67.53597568330237,87.57237677500834,14.285714285714285,74.5085582077273,P2_HIGH,101,High-priority monitoring and infrastructure review.
RISK_ZONE_CLUSTER_0,4,77.12334933436195,71.09799074735173,56.8547941700921,CRITICAL,0,3006000.5044235187,607921.000872824,"193_412,196_414,197_413,199_415",CRITICAL_RISK_ZONE,78.71160621448884,64.45105784528907,87.4983519072914,42.857142857142854,74.47073662811493,P2_HIGH,102,High-priority monitoring and infrastructure review.
RISK_ZONE_CLUSTER_15,2,77.73669151971467,74.19358278906591,56.98996953014254,CRITICAL,0,3007650.5044235187,619446.000872824,"311_430,312_430",CRITICAL_RISK_ZONE,80.49190554339185,73.91025913607093,87.94719146072542,14.285714285714285,74.41877861549331,P2_HIGH,103,High-priority monitoring and infrastructure review.
RISK_ZONE_CLUSTER_79,3,78.01876138311144,71.00948887160328,57.14165676939028,CRITICAL,0,3035850.5044235187,650929.3342061572,"626_711,626_712,627_713",CRITICAL_RISK_ZONE,81.31064718631382,64.18062264386867,88.45085745947098,28.57142857142857,74.39577298462557,P2_HIGH,104,High-priority monitoring and infrastructure review.
RISK_ZONE_CLUSTER_81,2,78.01069142526237,72.8283066420116,57.08197273772786,CRITICAL,0,3015200.5044235187,651696.000872824,"633_506,635_505",CRITICAL_RISK_ZONE,81.28722316480334,69.73838450967845,88.2526811490213,14.285714285714285,74.01866904192394,P2_HIGH,105,High-priority monitoring and infrastructure review.
RISK_ZONE_ISOLATED_226,1,77.36782887959447,77.36782887959447,56.4285127162491,CRITICAL,0,3015850.5044235187,669396.000872824,811_512,CRITICAL_RISK_ZONE,79.42123744596475,83.60980362131912,86.08291659934252,0.0,73.9822467247836,P2_HIGH,106,High-priority monitoring and infrastructure review.
RISK_ZONE_CLUSTER_117,3,76.02084220168257,74.77938817867727,56.9117014490998,CRITICAL,0,3010483.837756852,666029.3342061572,"774_458,777_459,781_458",CRITICAL_RISK_ZONE,75.51144689837867,75.70030479547579,87.68730822068632,28.57142857142857,73.89918197568,P2_HIGH,107,High-priority monitoring and infrastructure review.
RISK_ZONE_ISOLATED_114,1,77.12688742402717,77.12688742402717,56.384151976127455,CRITICAL,0,3011650.5044235187,637196.000872824,489_470,CRITICAL_RISK_ZONE,78.72187594451397,82.87355876192125,85.93562011883917,0.0,73.48346095712533,P2_HIGH,108,High-priority monitoring and infrastructure review.
RISK_ZONE_CLUSTER_34,2,77.12415984408705,72.64925774540578,57.032362314077744,CRITICAL,0,3009900.5044235187,631096.000872824,"428_451,428_454",CRITICAL_RISK_ZONE,78.71395881627316,69.19126475647319,88.08795349163995,14.285714285714285,72.71009422009898,P2_HIGH,109,High-priority monitoring and infrastructure review.
RISK_ZONE_CLUSTER_49,2,75.92262854778855,74.78244234982913,56.96912397090365,CRITICAL,0,3015450.5044235187,637596.000872824,"492_508,494_508",CRITICAL_RISK_ZONE,75.2263699767316,75.70963742694423,87.87797535879403,14.285714285714285,72.39185924318801,P2_HIGH,110,High-priority monitoring and infrastructure review.
RISK_ZONE_CLUSTER_107,2,75.78628246563136,74.93855873330301,56.56683857587082,CRITICAL,0,3009100.5044235187,661796.000872824,"734_444,736_445",CRITICAL_RISK_ZONE,74.83060910399234,76.18668229466866,86.54221714818382,14.285714285714285,71.97523627134767,P2_HIGH,111,High-priority monitoring and infrastructure review.
RISK_ZONE_CLUSTER_89,4,76.11051015499692,69.91038931893722,56.247144526208736,CRITICAL,0,3022325.5044235187,654246.000872824,"658_575,659_576,660_577,661_579",CRITICAL_RISK_ZONE,75.77171889812352,60.82210389618529,85.4806972496439,42.857142857142854,71.91758288151792,P2_HIGH,112,High-priority monitoring and infrastructure review.
RISK_ZONE_CLUSTER_24,3,74.89145531246072,74.32542263197932,56.16605558329132,WATCH,0,3015717.1710901856,623429.3342061572,"350_510,351_510,353_512",MONITORING_RISK_ZONE,72.23326586180569,74.31312217340205,85.21144755122319,28.57142857142857,71.52759881744163,P2_HIGH,113,High-priority monitoring and infrastructure review.
RISK_ZONE_CLUSTER_62,2,78.29353749540928,70.1541257970387,55.05029920878098,CRITICAL,0,3006850.5044235187,641646.000872824,"533_421,534_423",CRITICAL_RISK_ZONE,82.10821784100652,61.566889506562894,81.50666294632542,14.285714285714285,71.0673130949183,P2_HIGH,114,High-priority monitoring and infrastructure review.
RISK_ZONE_CLUSTER_70,3,78.37029554730042,66.71990334237759,55.54390105334906,CRITICAL,0,3012383.837756852,647829.3342061572,"594_475,596_477,596_480",CRITICAL_RISK_ZONE,82.3310173019487,51.072935187577805,83.14563051709776,28.57142857142857,70.90709530980978,P2_HIGH,115,High-priority monitoring and infrastructure review.
RISK_ZONE_ISOLATED_180,1,75.78668704996953,75.78668704996953,56.36571418577398,CRITICAL,0,3064650.5044235187,654796.000872824,665_1000,CRITICAL_RISK_ZONE,74.83178345860699,78.77830818065526,85.87439883127999,0.0,70.8985639003242,P2_HIGH,116,High-priority monitoring and infrastructure review.
RISK_ZONE_CLUSTER_120,2,75.59389034316409,75.29203127645579,55.274776106138354,CRITICAL,0,3029850.5044235187,667246.000872824,"789_652,790_652",CRITICAL_RISK_ZONE,74.2721678705433,77.26678842344498,82.2520214963492,14.285714285714285,70.86741002909221,P2_HIGH,117,High-priority monitoring and infrastructure review.
RISK_ZONE_CLUSTER_114,2,76.9426208098168,70.9833408555557,56.079824294110686,CRITICAL,0,3011950.5044235187,663846.000872824,"753_473,758_473",CRITICAL_RISK_ZONE,78.18701997430331,64.10072214541289,84.92512308119083,14.285714285714285,70.66415561638821,P2_HIGH,118,High-priority monitoring and infrastructure review.
RISK_ZONE_ISOLATED_149,1,75.40811940149176,75.40811940149176,56.402470296989286,CRITICAL,0,2999050.5044235187,643696.000872824,554_344,CRITICAL_RISK_ZONE,73.73294540926952,77.62151893295251,85.99644471699239,0.0,70.20324040000989,P2_HIGH,119,High-priority monitoring and infrastructure review.
RISK_ZONE_CLUSTER_83,2,75.49153082703195,73.97316310071895,55.48066815163008,CRITICAL,0,3070150.5044235187,652146.000872824,"638_1057,639_1053",CRITICAL_RISK_ZONE,73.97505708601103,73.23672264533529,82.93567045219173,14.285714285714285,70.09860925939138,P2_HIGH,120,High-priority monitoring and infrastructure review.
RISK_ZONE_ISOLATED_24,1,75.00390506730277,75.00390506730277,56.70871768871072,CRITICAL,0,3014850.5044235187,617096.000872824,288_502,CRITICAL_RISK_ZONE,72.55966477559552,76.38636110201436,87.01331600543794,0.0,69.68245037078034,P2_HIGH,121,High-priority monitoring and infrastructure review.
RISK_ZONE_CLUSTER_126,2,75.54588334278193,72.31449677946591,55.81219139206334,CRITICAL,0,3016400.5044235187,669596.000872824,"812_517,814_518",CRITICAL_RISK_ZONE,74.13282178836594,68.16833559835058,84.03646828349429,14.285714285714285,69.43112542387979,P2_HIGH,122,High-priority monitoring and infrastructure review.
RISK_ZONE_ISOLATED_112,1,74.93932154557818,74.93932154557818,56.52663581990899,WATCH,0,3015050.5044235187,637096.000872824,488_504,MONITORING_RISK_ZONE,72.3722033500972,76.18901322030766,86.40872693942099,0.0,69.40747588646052,P2_HIGH,123,High-priority monitoring and infrastructure review.
RISK_ZONE_ISOLATED_82,1,75.01474899748746,75.01474899748746,56.12273728159279,CRITICAL,0,3003050.5044235187,629896.000872824,416_384,CRITICAL_RISK_ZONE,72.59114058484444,76.41949690189301,85.06761240861559,0.0,69.2168157457125,P2_HIGH,124,High-priority monitoring and infrastructure review.
RISK_ZONE_CLUSTER_67,2,74.57084302953118,72.7773100470819,56.14080786142521,WATCH,0,3005400.5044235187,644696.000872824,"562_407,566_408",MONITORING_RISK_ZONE,71.30265021890926,69.58255420320262,85.12761440142886,14.285714285714285,68.71317846807834,P2_HIGH,125,High-priority monitoring and infrastructure review.
RISK_ZONE_ISOLATED_131,1,74.44229112124447,74.44229112124447,56.48224031408338,WATCH,0,3005650.5044235187,640396.000872824,521_410,MONITORING_RISK_ZONE,70.92951287157284,74.6702372420583,86.26131502202857,0.0,68.41765699612658,P2_HIGH,126,High-priority monitoring and infrastructure review.
RISK_ZONE_ISOLATED_145,1,74.25706372970966,74.25706372970966,56.07129202499037,WATCH,0,2998950.5044235187,643196.000872824,549_343,MONITORING_RISK_ZONE,70.39186812983013,74.10423786052354,84.89679232727005,0.0,67.72138631234579,P2_HIGH,127,High-priority monitoring and infrastructure review.
RISK_ZONE_CLUSTER_66,2,75.92581051253197,70.7612656263191,54.14471139007061,CRITICAL,0,2996600.5044235187,643296.000872824,"549_320,551_319",CRITICAL_RISK_ZONE,75.23560601141597,63.42212681801238,78.49972712611691,14.285714285714285,67.59395127884032,P2_HIGH,128,High-priority monitoring and infrastructure review.
RISK_ZONE_CLUSTER_2,2,73.84662038700213,72.663762432643,55.70360349624579,WATCH,0,3019700.5044235187,609046.000872824,"207_551,208_550",MONITORING_RISK_ZONE,69.2005070510961,69.23558673249195,83.67591039299633,14.285714285714285,67.33489454631214,P2_HIGH,129,High-priority monitoring and infrastructure review.
RISK_ZONE_ISOLATED_48,1,75.17860865206639,75.17860865206639,53.27352246136925,CRITICAL,0,3005250.5044235187,621696.000872824,334_406,CRITICAL_RISK_ZONE,73.06676290473001,76.92020288485638,75.6070102169918,0.0,67.16583643834774,P2_HIGH,130,High-priority monitoring and infrastructure review.
RISK_ZONE_CLUSTER_65,2,76.17043753843929,66.57749633050761,55.62854937115173,CRITICAL,0,3001550.5044235187,642946.000872824,"546_369,547_369",CRITICAL_RISK_ZONE,75.94566532325653,50.63778204971441,83.4266988504635,14.285714285714285,66.58835194659562,P2_HIGH,131,High-priority monitoring and infrastructure review.
RISK_ZONE_CLUSTER_8,2,73.2819528670738,71.40425976399811,55.47244213680423,WATCH,0,3000400.5044235187,614296.000872824,"260_357,260_358",MONITORING_RISK_ZONE,67.56149178231325,65.38692414761478,82.90835659247946,14.285714285714285,65.63571670825522,P2_HIGH,132,High-priority monitoring and infrastructure review.
RISK_ZONE_CLUSTER_45,2,76.08604874893027,67.1247092594389,53.2976422998298,CRITICAL,0,3012750.5044235187,636496.000872824,"482_479,482_483",CRITICAL_RISK_ZONE,75.70071673025629,52.309900718430534,75.68709831529239,14.285714285714285,64.87764867969597,P2_HIGH,133,High-priority monitoring and infrastructure review.
RISK_ZONE_CLUSTER_106,2,72.99940349400218,71.25293853654604,54.11447065597462,WATCH,0,3025300.5044235187,660996.000872824,"726_607,728_606",MONITORING_RISK_ZONE,66.74135830499164,64.92453183921334,78.39931505706753,14.285714285714285,64.04691779792722,P2_HIGH,134,High-priority monitoring and infrastructure review.
RISK_ZONE_CLUSTER_9,2,72.20697254224348,71.55086540421514,54.98678856030729,WATCH,0,3005950.5044235187,614946.000872824,"266_413,267_413",MONITORING_RISK_ZONE,64.44123233076618,65.83490703505265,81.29578064433932,14.285714285714285,63.91805254551158,P2_HIGH,135,High-priority monitoring and infrastructure review.
RISK_ZONE_CLUSTER_92,2,73.05577146414518,69.40390180107133,54.81315162353548,WATCH,0,3008250.5044235187,654746.000872824,"664_436,665_436",MONITORING_RISK_ZONE,66.90497310569134,59.27442987512502,80.71923233604387,14.285714285714285,63.57050338516851,P2_HIGH,136,High-priority monitoring and infrastructure review.
RISK_ZONE_ISOLATED_202,1,72.49361682620668,72.49361682620668,54.63969983003432,WATCH,0,3033850.5044235187,659796.000872824,715_692,MONITORING_RISK_ZONE,65.27325177857263,68.71567276503903,80.14329878196759,0.0,63.151922548857385,P2_HIGH,137,High-priority monitoring and infrastructure review.
RISK_ZONE_CLUSTER_91,4,71.71313513237355,65.1322233647226,53.76704288149745,WATCH,0,3044425.5044235187,654571.000872824,"661_798,662_798,663_798,665_797",MONITORING_RISK_ZONE,63.00780996006616,46.22146112652348,77.24570742407346,42.857142857142854,61.19494784906712,P2_HIGH,138,High-priority monitoring and infrastructure review.
RISK_ZONE_CLUSTER_59,2,71.06018867939609,68.73259026667853,53.84124195663349,WATCH,0,3021900.5044235187,640346.000872824,"520_574,521_571",MONITORING_RISK_ZONE,61.11255448961964,57.22310307008234,77.49207983792795,14.285714285714285,59.74686152239873,P3_MODERATE,139,Enhanced monitoring recommended.
RISK_ZONE_CLUSTER_17,2,70.31739704259564,69.32707952699393,53.73141031601396,WATCH,0,3024800.5044235187,621246.000872824,"328_603,331_600",MONITORING_RISK_ZONE,58.95651258659919,59.039684035130115,77.1273921869374,14.285714285714285,59.04878694630144,P3_MODERATE,140,Enhanced monitoring recommended.
RISK_ZONE_CLUSTER_119,2,70.40749681877406,70.06616946568226,53.0315603779362,WATCH,0,3057300.5044235187,667146.000872824,"787_927,790_926",MONITORING_RISK_ZONE,59.2180380040503,61.29812132526258,74.80359342982342,14.285714285714285,59.03721115290244,P3_MODERATE,141,Enhanced monitoring recommended.
RISK_ZONE_ISOLATED_215,1,74.64071558108132,74.64071558108132,44.67077996973004,WARNING,0,3051250.5044235187,662996.000872824,747_866,HIGH_PRIORITY_RISK_ZONE,71.5054636884604,75.27656290814065,47.04225479992165,0.0,58.993334941415725,P3_MODERATE,142,Enhanced monitoring recommended.
RISK_ZONE_CLUSTER_21,2,70.52761105937387,68.40008729766811,53.32532898120182,WATCH,0,3004500.5044235187,621946.000872824,"336_399,337_398",MONITORING_RISK_ZONE,59.56668400792585,56.207073673679545,75.7790298455539,14.285714285714285,58.419751428262444,P3_MODERATE,143,Enhanced monitoring recommended.
RISK_ZONE_ISOLATED_174,1,70.32646434384975,70.32646434384975,53.15638823419809,WATCH,0,3069450.5044235187,652296.000872824,640_1048,MONITORING_RISK_ZONE,58.98283151708065,62.093504442406896,75.2180748799916,0.0,57.765493791165575,P3_MODERATE,144,Enhanced monitoring recommended.
RISK_ZONE_CLUSTER_127,2,69.61774196180099,68.92819553484591,51.94810736482799,WATCH,0,3028950.5044235187,670196.000872824,"818_643,820_643",MONITORING_RISK_ZONE,56.925679716223584,57.820814131552844,71.20606969185242,14.285714285714285,56.41080755014572,P3_MODERATE,145,Enhanced monitoring recommended.
RISK_ZONE_ISOLATED_77,1,69.08829002596465,69.08829002596465,53.666915019207664,WATCH,0,3003250.5044235187,629396.000872824,411_386,MONITORING_RISK_ZONE,55.388881908139076,58.31001490369299,76.91324043467775,0.0,55.81530994807062,P3_MODERATE,146,Enhanced monitoring recommended.
RISK_ZONE_CLUSTER_129,2,69.23448264407148,68.40214633909169,51.75510659670916,WATCH,0,3029500.5044235187,674846.000872824,"864_648,867_649",MONITORING_RISK_ZONE,55.81322353361602,56.2133654870158,70.56522524695838,14.285714285714285,55.4285014278414,P3_MODERATE,147,Enhanced monitoring recommended.
RISK_ZONE_ISOLATED_228,1,73.59881740813044,73.59881740813044,41.12004252779746,WARNING,0,3063650.5044235187,671496.000872824,832_990,HIGH_PRIORITY_RISK_ZONE,68.48122915448161,72.09283442918294,35.252299831769236,0.0,54.04819496329562,P3_MODERATE,148,Enhanced monitoring recommended.
RISK_ZONE_ISOLATED_170,1,73.42176860609462,73.42176860609462,41.040370566881336,WARNING,0,3007150.5044235187,651896.000872824,636_425,HIGH_PRIORITY_RISK_ZONE,67.9673237506552,71.55182636540033,34.98775511485144,0.0,53.642599739587766,P3_MODERATE,149,Enhanced monitoring recommended.
RISK_ZONE_CLUSTER_112,2,68.42422029933039,66.81448539567553,51.92386255089968,WATCH,0,3024000.5044235187,663146.000872824,"748_594,749_593",MONITORING_RISK_ZONE,53.461339800478726,51.36194958888931,71.12556662196889,14.285714285714285,53.539955912056946,P3_MODERATE,150,Enhanced monitoring recommended.
RISK_ZONE_ISOLATED_130,1,73.05442810183098,73.05442810183098,40.8750673399627,WARNING,0,3018450.5044235187,640096.000872824,518_538,HIGH_PRIORITY_RISK_ZONE,66.90107383529455,70.42934390477129,34.438878259456494,0.0,52.80107157170093,P3_MODERATE,151,Enhanced monitoring recommended.
RISK_ZONE_ISOLATED_181,1,73.01595314273283,73.01595314273283,40.857753608368526,WARNING,0,3047250.5044235187,654996.000872824,667_826,HIGH_PRIORITY_RISK_ZONE,66.78939564733065,70.31177596369254,34.38138932394262,0.0,52.71293056502296,P3_MODERATE,152,Enhanced monitoring recommended.
RISK_ZONE_ISOLATED_96,1,73.00473532126874,73.00473532126874,40.85270558870969,WARNING,0,3003750.5044235187,633596.000872824,453_391,HIGH_PRIORITY_RISK_ZONE,66.75683457375509,70.27749766414824,34.36462775668249,0.0,52.68723203019006,P3_MODERATE,153,Enhanced monitoring recommended.
RISK_ZONE_ISOLATED_53,1,72.94152796144361,72.94152796144361,40.82426227678838,WARNING,0,3025250.5044235187,623296.000872824,350_606,HIGH_PRIORITY_RISK_ZONE,66.57336762338758,70.08435492066397,34.27018389194131,0.0,52.542432387642535,P3_MODERATE,154,Enhanced monitoring recommended.
RISK_ZONE_ISOLATED_94,1,67.55626557850934,67.55626557850934,53.04160259607635,WATCH,0,3013550.5044235187,633296.000872824,450_489,MONITORING_RISK_ZONE,50.941997019405726,53.6286074586558,74.83693785519672,0.0,52.358854614262924,P3_MODERATE,155,Enhanced monitoring recommended.
RISK_ZONE_ISOLATED_232,1,72.6775288312682,72.6775288312682,40.70546266820945,WARNING,0,3015750.5044235187,676796.000872824,885_511,HIGH_PRIORITY_RISK_ZONE,65.80707845315553,69.27765271983468,33.87571878200701,0.0,51.937645543388676,P3_MODERATE,156,Enhanced monitoring recommended.
RISK_ZONE_ISOLATED_43,1,72.49923918212052,72.49923918212052,40.62523232609299,WARNING,0,3020450.5044235187,620596.000872824,323_558,HIGH_PRIORITY_RISK_ZONE,65.28957134161477,68.7328529992562,33.609320002569895,0.0,51.52920770422036,P3_MODERATE,157,Enhanced monitoring recommended.
RISK_ZONE_CLUSTER_128,3,70.4610770396521,57.96090142392861,50.68614074726359,WATCH,0,3029117.1710901856,670996.000872824,"825_646,826_645,830_643",MONITORING_RISK_ZONE,59.37356102782011,24.30805107608051,67.01580503958971,28.57142857142857,51.19080679477543,P3_MODERATE,158,Enhanced monitoring recommended.
RISK_ZONE_ISOLATED_104,1,68.14378347512901,68.14378347512901,50.1881852416298,WATCH,0,3006750.5044235187,635696.000872824,474_421,MONITORING_RISK_ZONE,52.647338249878906,55.423886026107084,65.362381466719,0.0,51.11667478434667,P3_MODERATE,159,Enhanced monitoring recommended.
RISK_ZONE_ISOLATED_203,1,72.22101296928687,72.22101296928687,40.50003053031785,WARNING,0,3057250.5044235187,659796.000872824,715_926,HIGH_PRIORITY_RISK_ZONE,64.48198635590877,67.88267709878191,33.19359691454644,0.0,50.89182850855194,P3_MODERATE,160,Enhanced monitoring recommended.
RISK_ZONE_ISOLATED_29,1,72.07638595407285,72.07638595407285,40.434948373471535,WARNING,0,3025450.5044235187,618396.000872824,301_608,HIGH_PRIORITY_RISK_ZONE,64.0621890807895,67.44074029620606,32.97749653793547,0.0,50.56050728008035,P3_MODERATE,161,Enhanced monitoring recommended.
RISK_ZONE_ISOLATED_75,1,72.01170468000669,72.01170468000669,40.405841800141765,WARNING,0,3017350.5044235187,628996.000872824,407_527,HIGH_PRIORITY_RISK_ZONE,63.874443917383914,67.24309371264744,32.88085036388087,0.0,50.41233109632247,P3_MODERATE,162,Enhanced monitoring recommended.
RISK_ZONE_CLUSTER_105,2,66.9153241983456,65.41665282977594,51.45862063836295,WATCH,0,3033150.5044235187,660846.000872824,"725_685,726_685",MONITORING_RISK_ZONE,49.08158771409198,47.09059230618598,69.58076605932304,14.285714285714285,50.32859587598078,P3_MODERATE,163,Enhanced monitoring recommended.
RISK_ZONE_ISOLATED_128,1,71.85938654663786,71.85938654663786,40.3372986401258,WARNING,0,3004150.5044235187,639896.000872824,516_395,HIGH_PRIORITY_RISK_ZONE,63.432322248449104,66.77765515861434,32.65325798816209,0.0,50.063390540565486,P3_MODERATE,164,Enhanced monitoring recommended.
RISK_ZONE_ISOLATED_140,1,71.76307364838092,71.76307364838092,40.29395783591017,WARNING,0,3005650.5044235187,642296.000872824,540_410,HIGH_PRIORITY_RISK_ZONE,63.152762498237344,66.48335181397643,32.50934812764937,0.0,49.84275051891443,P3_MODERATE,165,Enhanced monitoring recommended.
RISK_ZONE_CLUSTER_125,2,68.57159533477147,62.25015456268351,50.448387464963545,WATCH,0,3058250.5044235187,668896.000872824,"806_935,806_937",MONITORING_RISK_ZONE,53.88911353422563,37.41472284673582,66.22636325807562,14.285714285714285,49.71820790283904,P3_MODERATE,166,Enhanced monitoring recommended.
RISK_ZONE_ISOLATED_42,1,71.6933204269137,71.6933204269137,40.26256888624992,WARNING,0,3005250.5044235187,620296.000872824,320_406,HIGH_PRIORITY_RISK_ZONE,62.950295398578284,66.27020687961563,32.405123495711926,0.0,49.68295517921133,P3_MODERATE,167,Enhanced monitoring recommended.
RISK_ZONE_ISOLATED_166,1,71.66706495774277,71.66706495774277,40.250753925123,WARNING,0,3033850.5044235187,649896.000872824,616_692,HIGH_PRIORITY_RISK_ZONE,62.874085747161324,66.18997803662691,32.365892811406226,0.0,49.62280739639953,P3_MODERATE,168,Enhanced monitoring recommended.
RISK_ZONE_ISOLATED_81,1,71.59828003743938,71.59828003743938,40.21980071098648,WARNING,0,3007150.5044235187,629696.000872824,414_425,HIGH_PRIORITY_RISK_ZONE,62.67442925788145,65.97979194034797,32.26311500630034,0.0,49.46523030569133,P3_MODERATE,169,Enhanced monitoring recommended.
RISK_ZONE_ISOLATED_176,1,71.31323610062255,71.31323610062255,40.0915309394189,WARNING,0,3032750.5044235187,652596.000872824,643_681,HIGH_PRIORITY_RISK_ZONE,61.84705500979993,65.10878311918098,31.8372049368321,0.0,48.81223261245419,P3_MODERATE,170,Enhanced monitoring recommended.
RISK_ZONE_ISOLATED_68,1,71.31131134003066,71.31131134003066,40.09066479715255,WARNING,0,3016050.5044235187,628096.000872824,398_514,HIGH_PRIORITY_RISK_ZONE,61.84146816110132,65.10290162781199,31.83432897698339,0.0,48.80782324230384,P3_MODERATE,171,Enhanced monitoring recommended.
RISK_ZONE_ISOLATED_201,1,71.28975268875999,71.28975268875999,40.08096340408076,WARNING,0,3031550.5044235187,659596.000872824,713_669,HIGH_PRIORITY_RISK_ZONE,61.77889158752494,65.0370248523264,31.802116235457095,0.0,48.75843524371578,P3_MODERATE,172,Enhanced monitoring recommended.
RISK_ZONE_CLUSTER_131,2,67.83770301064888,62.58989469843976,50.10851127037597,WATCH,0,3030100.5044235187,679046.000872824,"906_656,909_653",MONITORING_RISK_ZONE,51.758902954675904,38.45286685517444,65.09783007462697,14.285714285714285,48.68510864786722,P3_MODERATE,173,Enhanced monitoring recommended.
RISK_ZONE_ISOLATED_120,1,71.25720720818012,71.25720720818012,40.06631793781981,WARNING,0,3007350.5044235187,638296.000872824,500_427,HIGH_PRIORITY_RISK_ZONE,61.68442442283474,64.93757562007558,31.753487073056895,0.0,48.683877882554974,P3_MODERATE,174,Enhanced monitoring recommended.
RISK_ZONE_ISOLATED_26,1,71.16515513039316,71.16515513039316,40.02489450281568,WARNING,0,3021750.5044235187,617696.000872824,294_571,HIGH_PRIORITY_RISK_ZONE,61.41723221557769,64.65629206549602,31.615943691910946,0.0,48.472998833086905,P3_MODERATE,175,Enhanced monitoring recommended.
RISK_ZONE_ISOLATED_45,1,71.03496011157578,71.03496011157578,39.96630674434786,WARNING,0,3022550.5044235187,620696.000872824,324_579,HIGH_PRIORITY_RISK_ZONE,61.0393255426594,64.25845511752121,31.42140747364171,0.0,48.174739386111405,P3_MODERATE,176,Enhanced monitoring recommended.
RISK_ZONE_ISOLATED_207,1,71.03398723794774,71.03398723794774,39.96586895121524,WARNING,0,3047650.5044235187,660796.000872824,725_830,HIGH_PRIORITY_RISK_ZONE,61.036501660153874,64.25548230735949,31.419953814675555,0.0,48.17251066221003,P3_MODERATE,177,Enhanced monitoring recommended.
RISK_ZONE_ISOLATED_171,1,70.9591090067072,70.9591090067072,39.932173747157,WARNING,0,3016850.5044235187,651896.000872824,636_522,HIGH_PRIORITY_RISK_ZONE,60.81915860433532,64.02667687949379,31.3080714395391,0.0,48.00097460773443,P3_MODERATE,178,Enhanced monitoring recommended.
RISK_ZONE_ISOLATED_13,1,70.80601626698139,70.80601626698139,39.86328201428038,WARNING,0,3001150.5044235187,613896.000872824,256_365,HIGH_PRIORITY_RISK_ZONE,60.374788547452575,63.558871360643266,31.079321654015306,0.0,47.65025953198614,P3_MODERATE,179,Enhanced monitoring recommended.
RISK_ZONE_ISOLATED_65,1,70.78805708907795,70.78805708907795,39.85520038422384,WARNING,0,3016850.5044235187,627396.000872824,391_522,HIGH_PRIORITY_RISK_ZONE,60.32265987746593,63.50399349672698,31.052487213002973,0.0,47.60911744745581,P3_MODERATE,180,Enhanced monitoring recommended.
RISK_ZONE_ISOLATED_206,1,70.78400902971526,70.78400902971526,39.85337875751063,WARNING,0,3012950.5044235187,660396.000872824,721_483,HIGH_PRIORITY_RISK_ZONE,60.310909899168564,63.491623840831515,31.0464386393563,0.0,47.599843882631234,P3_MODERATE,181,Enhanced monitoring recommended.
RISK_ZONE_CLUSTER_123,2,66.00288739531527,63.37406635251988,51.02231425630615,WATCH,0,3016050.5044235187,668846.000872824,"805_515,806_513",MONITORING_RISK_ZONE,46.433130349028886,40.84906035306241,68.13204373589285,14.285714285714285,47.526303090220125,P3_MODERATE,182,Enhanced monitoring recommended.
RISK_ZONE_ISOLATED_225,1,70.68303800965201,70.68303800965201,39.80794179848216,WARNING,0,3030050.5044235187,668396.000872824,801_654,HIGH_PRIORITY_RISK_ZONE,60.01782939117467,63.1830866723534,30.895568655417442,0.0,47.36853272435364,P3_MODERATE,183,Enhanced monitoring recommended.
RISK_ZONE_ISOLATED_108,1,70.67538620827433,70.67538620827433,39.804498487862205,WARNING,0,3001150.5044235187,636596.000872824,483_365,HIGH_PRIORITY_RISK_ZONE,59.995619119024965,63.15970506118074,30.884135403081963,0.0,47.351003466567875,P3_MODERATE,184,Enhanced monitoring recommended.
RISK_ZONE_ISOLATED_229,1,70.64738755352505,70.64738755352505,39.79189909322503,WARNING,0,3028950.5044235187,671996.000872824,837_643,HIGH_PRIORITY_RISK_ZONE,59.914349662185515,63.07414956563233,30.84230006666873,0.0,47.28686227777713,P3_MODERATE,185,Enhanced monitoring recommended.
RISK_ZONE_ISOLATED_211,1,70.53751811998428,70.53751811998428,39.742457848131686,WARNING,0,3013350.5044235187,661896.000872824,736_487,HIGH_PRIORITY_RISK_ZONE,59.595440440757855,62.738421513110666,30.678134153882286,0.0,47.03516603943375,P3_MODERATE,186,Enhanced monitoring recommended.
RISK_ZONE_ISOLATED_38,1,70.50211309348525,70.50211309348525,39.72652558620712,WARNING,0,3015150.5044235187,619796.000872824,315_505,HIGH_PRIORITY_RISK_ZONE,59.492673100729256,62.63023436575826,30.62523228386138,0.0,46.95405783944517,P3_MODERATE,187,Enhanced monitoring recommended.
RISK_ZONE_ISOLATED_60,1,70.34750812120066,70.34750812120066,39.65695334867905,WATCH,0,3018550.5044235187,625196.000872824,369_539,MONITORING_RISK_ZONE,59.04391360729081,62.15780791754132,30.394222934140767,0.0,46.59987844032432,P3_MODERATE,188,Enhanced monitoring recommended.
RISK_ZONE_ISOLATED_219,1,70.34176777802631,70.34176777802631,39.6543701942506,WARNING,0,3008950.5044235187,663496.000872824,752_443,HIGH_PRIORITY_RISK_ZONE,59.02725157205986,62.14026714962595,30.38564576534548,0.0,46.5867280786885,P3_MODERATE,189,Enhanced monitoring recommended.
RISK_ZONE_ISOLATED_144,1,70.3078036731856,70.3078036731856,39.63908634707228,WATCH,0,3005550.5044235187,643096.000872824,548_409,MONITORING_RISK_ZONE,58.92866668013704,62.036483026905586,30.33489690741965,0.0,46.508920838297705,P3_MODERATE,190,Enhanced monitoring recommended.
RISK_ZONE_ISOLATED_122,1,70.27884779064088,70.27884779064088,39.62605619992715,WARNING,0,3011650.5044235187,638396.000872824,501_470,HIGH_PRIORITY_RISK_ZONE,58.84461875469961,61.948002530169624,30.291631289901648,0.0,46.44258676812416,P3_MODERATE,191,Enhanced monitoring recommended.
RISK_ZONE_ISOLATED_195,1,70.26253255642361,70.26253255642361,39.61871434452938,WARNING,0,3048150.5044235187,658796.000872824,705_835,HIGH_PRIORITY_RISK_ZONE,58.79726182862871,61.898148065341,30.267253214660112,0.0,46.40521073961615,P3_MODERATE,192,Enhanced monitoring recommended.
RISK_ZONE_ISOLATED_204,1,70.19224678700026,70.19224678700026,39.58708574828887,WATCH,0,3028750.5044235187,659996.000872824,717_641,MONITORING_RISK_ZONE,58.59324894459097,61.68337582407215,30.162232854388556,0.0,46.244195403477505,P3_MODERATE,193,Enhanced monitoring recommended.
RISK_ZONE_ISOLATED_216,1,70.03085798783806,70.03085798783806,39.51446078866588,WARNING,0,3010150.5044235187,663096.000872824,748_455,HIGH_PRIORITY_RISK_ZONE,58.12479857919553,61.19022003455557,29.9210871719714,0.0,45.874475160541955,P3_MODERATE,194,Enhanced monitoring recommended.
RISK_ZONE_ISOLATED_214,1,70.0266646140948,70.0266646140948,39.51257377048142,WARNING,0,3013650.5044235187,662896.000872824,746_490,HIGH_PRIORITY_RISK_ZONE,58.112626808462565,61.17740634147506,29.914821470893045,0.0,45.864868699826424,P3_MODERATE,195,Enhanced monitoring recommended.
RISK_ZONE_ISOLATED_208,1,70.02527103387112,70.02527103387112,39.51194665938076,WATCH,0,3009150.5044235187,660996.000872824,727_445,MONITORING_RISK_ZONE,58.108581774554516,61.173147978075434,29.912739195940958,0.0,45.86167619314986,P3_MODERATE,196,Enhanced monitoring recommended.
RISK_ZONE_ISOLATED_33,1,69.72831384511008,69.72831384511008,39.37831592443829,WARNING,0,3010950.5044235187,618796.000872824,305_463,HIGH_PRIORITY_RISK_ZONE,57.24662788243771,60.26573583029128,29.46902845328595,0.0,45.18138682647671,P3_MODERATE,197,Enhanced monitoring recommended.
RISK_ZONE_ISOLATED_54,1,69.66914351630781,69.66914351630781,39.35168927647727,WATCH,0,3005950.5044235187,623396.000872824,351_413,MONITORING_RISK_ZONE,57.074878899287185,60.08492904340199,29.38061668374594,0.0,45.04583548429612,P3_MODERATE,198,Enhanced monitoring recommended.
RISK_ZONE_ISOLATED_67,1,69.59787824313437,69.59787824313437,39.31961990354922,WATCH,0,3001250.5044235187,628096.000872824,398_366,MONITORING_RISK_ZONE,56.8680228880187,59.86716373230602,29.274132757839865,0.0,44.88257623552959,P3_MODERATE,199,Enhanced monitoring recommended.
RISK_ZONE_ISOLATED_16,1,69.49930026400203,69.49930026400203,39.27525981293967,WATCH,0,3015450.5044235187,615396.000872824,271_508,MONITORING_RISK_ZONE,56.581888468627675,59.56593897953305,29.1268384339923,0.0,44.65674721528714,P3_MODERATE,200,Enhanced monitoring recommended.
RISK_ZONE_ISOLATED_47,1,64.21175368412374,64.21175368412374,51.453106008857176,WATCH,0,3005650.5044235187,621296.000872824,330_410,MONITORING_RISK_ZONE,41.234149714465076,43.40878171866942,69.5624551493776,0.0,44.627737502587564,P3_MODERATE,201,Enhanced monitoring recommended.
RISK_ZONE_ISOLATED_165,1,69.41428517494151,69.41428517494151,39.23700302286243,WARNING,0,3032950.5044235187,649896.000872824,616_683,HIGH_PRIORITY_RISK_ZONE,56.33512196598765,59.30615835297094,28.999809657685137,0.0,44.461988969709914,P3_MODERATE,202,Enhanced monitoring recommended.
RISK_ZONE_ISOLATED_12,1,69.04638897150124,69.04638897150124,39.07144973131432,WARNING,0,3004450.5044235187,613096.000872824,248_398,HIGH_PRIORITY_RISK_ZONE,55.26725906705138,58.18197784224418,28.450102481612067,0.0,43.619187769024975,P3_MODERATE,203,Enhanced monitoring recommended.
RISK_ZONE_ISOLATED_66,1,69.04545647776386,69.04545647776386,39.071030109132494,WATCH,0,3008350.5044235187,627596.000872824,393_437,MONITORING_RISK_ZONE,55.26455239202639,58.17912842092334,28.448709157912905,0.0,43.61705155007477,P3_MODERATE,204,Enhanced monitoring recommended.
RISK_ZONE_ISOLATED_220,1,69.0377878246193,69.0377878246193,39.06757921521744,WATCH,0,3027950.5044235187,663696.000872824,754_633,MONITORING_RISK_ZONE,55.242293205600134,58.155695315802866,28.437250725819947,0.0,43.599483687135624,P3_MODERATE,205,Enhanced monitoring recommended.
RISK_ZONE_ISOLATED_34,1,68.94667457683333,68.94667457683333,39.02657825371375,WATCH,0,3015650.5044235187,619096.000872824,308_510,MONITORING_RISK_ZONE,54.97782606513392,57.87728054426626,28.30111013596085,0.0,43.390755372153734,P3_MODERATE,206,Enhanced monitoring recommended.
RISK_ZONE_ISOLATED_160,1,68.94266377800926,68.94266377800926,39.02477339424292,WARNING,0,3046650.5044235187,647896.000872824,596_820,HIGH_PRIORITY_RISK_ZONE,54.966184240023274,57.86502474540697,28.29511723667361,0.0,43.38156716626027,P3_MODERATE,207,Enhanced monitoring recommended.
RISK_ZONE_ISOLATED_36,1,68.80726237607401,68.80726237607401,38.96384276337206,WATCH,0,3008850.5044235187,619696.000872824,314_442,MONITORING_RISK_ZONE,54.573165415043476,57.45127865138018,28.092801687890706,0.0,43.071380589018275,P3_MODERATE,208,Enhanced monitoring recommended.
RISK_ZONE_ISOLATED_141,1,68.72687057554697,68.72687057554697,38.92766645313489,WATCH,0,3003950.5044235187,642496.000872824,542_393,MONITORING_RISK_ZONE,54.33981856242925,57.20562540861872,27.972680987448832,0.0,42.88721368167912,P3_MODERATE,209,Enhanced monitoring recommended.
RISK_ZONE_ISOLATED_14,1,68.59535424024216,68.59535424024216,38.86848410224773,WATCH,0,3015350.5044235187,614496.000872824,262_507,MONITORING_RISK_ZONE,53.95807660977311,56.803750913559206,27.7761704700479,0.0,42.58592727462172,P3_MODERATE,210,Enhanced monitoring recommended.
RISK_ZONE_ISOLATED_18,1,68.5843328622764,68.5843328622764,38.863524482163136,WATCH,0,3015750.5044235187,615996.000872824,277_511,MONITORING_RISK_ZONE,53.92608573703581,56.77007288645645,27.75970242688427,0.0,42.560678765678475,P3_MODERATE,211,Enhanced monitoring recommended.
RISK_ZONE_ISOLATED_193,1,68.51995784537263,68.51995784537263,38.83455572455644,WATCH,0,3009950.5044235187,658496.000872824,702_453,MONITORING_RISK_ZONE,53.73922952181235,56.573362132977124,27.663513859508697,0.0,42.41320417628816,P3_MODERATE,212,Enhanced monitoring recommended.
RISK_ZONE_ISOLATED_19,1,68.44714941669467,68.44714941669467,38.80179193165136,WATCH,0,3004450.5044235187,616096.000872824,278_398,MONITORING_RISK_ZONE,53.52789431642564,56.350881401262555,27.55472416462027,0.0,42.246409763799115,P3_MODERATE,213,Enhanced monitoring recommended.
RISK_ZONE_ISOLATED_177,1,68.43094236973678,68.43094236973678,38.79449876052031,WARNING,0,3068850.5044235187,652696.000872824,644_1042,HIGH_PRIORITY_RISK_ZONE,53.48085141686373,56.30135752426651,27.530507741802126,0.0,42.20928157789251,P3_MODERATE,214,Enhanced monitoring recommended.
RISK_ZONE_ISOLATED_111,1,68.36270785521391,68.36270785521391,38.763793228985016,WATCH,0,3005250.5044235187,637096.000872824,488_406,MONITORING_RISK_ZONE,53.28279254644178,56.09285330305356,27.42855234802981,0.0,42.05296539351697,P3_MODERATE,215,Enhanced monitoring recommended.
RISK_ZONE_ISOLATED_235,1,68.28596313680065,68.28596313680065,38.729258105699046,WARNING,0,3029350.5044235187,677996.000872824,897_647,HIGH_PRIORITY_RISK_ZONE,53.060031787519875,55.8583444499188,27.313881084659926,0.0,41.877153465532686,P3_MODERATE,216,Enhanced monitoring recommended.
RISK_ZONE_ISOLATED_7,1,68.14555913945858,68.14555913945858,38.66607630689512,WARNING,0,3017450.5044235187,607396.000872824,191_528,HIGH_PRIORITY_RISK_ZONE,52.6524923287761,55.42931192399413,27.10409070311605,0.0,41.55550660852708,P3_MODERATE,217,Enhanced monitoring recommended.
RISK_ZONE_ISOLATED_179,1,68.07608919314372,68.07608919314372,38.63481483105343,WARNING,0,3066450.5044235187,653496.000872824,652_1018,HIGH_PRIORITY_RISK_ZONE,52.45084746925587,55.21703259357943,27.00028933834635,0.0,41.39636021446762,P3_MODERATE,218,Enhanced monitoring recommended.
RISK_ZONE_ISOLATED_52,1,67.96426475163008,67.96426475163008,38.58449383237229,WATCH,0,3012050.5044235187,622796.000872824,345_474,MONITORING_RISK_ZONE,52.1262636024749,54.87533062275999,26.833202270348373,0.0,41.1401853132528,P3_MODERATE,219,Enhanced monitoring recommended.
RISK_ZONE_ISOLATED_234,1,67.78940374809461,67.78940374809461,38.50580638078133,WARNING,0,3028550.5044235187,677496.000872824,892_639,HIGH_PRIORITY_RISK_ZONE,51.61870854645591,54.341007815341804,26.57192654214045,0.0,40.73960204450863,P3_MODERATE,220,Enhanced monitoring recommended.
RISK_ZONE_ISOLATED_118,1,67.7665458987378,67.7665458987378,38.49552034857077,WATCH,0,3008150.5044235187,637796.000872824,495_435,MONITORING_RISK_ZONE,51.5523608944569,54.271161079975236,26.53777255059737,0.0,40.68723775615,P3_MODERATE,221,Enhanced monitoring recommended.
RISK_ZONE_CLUSTER_122,2,63.053493352074014,61.8709032221081,48.41713155517044,WATCH,0,3016050.5044235187,668046.000872824,"797_514,798_514",MONITORING_RISK_ZONE,37.87216004363027,36.25584444093814,59.48173172817586,14.285714285714285,40.59264526843664,P3_MODERATE,222,Enhanced monitoring recommended.
RISK_ZONE_ISOLATED_161,1,67.63648310939755,67.63648310939755,38.43699209336765,WATCH,0,3004450.5044235187,648696.000872824,604_398,MONITORING_RISK_ZONE,51.17483803347099,53.87372818564309,26.34343390841555,0.0,40.389281229294454,P3_MODERATE,223,Enhanced monitoring recommended.
RISK_ZONE_ISOLATED_21,1,67.56666168269055,67.56666168269055,38.4055724513495,WATCH,0,3014950.5044235187,616496.000872824,282_503,MONITORING_RISK_ZONE,50.972172959914985,53.66037483651594,26.239107364826385,0.0,40.229329640471526,P3_MODERATE,224,Enhanced monitoring recommended.
RISK_ZONE_ISOLATED_37,1,67.38619630076913,67.38619630076913,38.324363029484864,WATCH,0,3011350.5044235187,619796.000872824,315_467,MONITORING_RISK_ZONE,50.44835052278689,53.10892672881656,25.969457625178887,0.0,39.81590748731214,P3_MODERATE,225,Enhanced monitoring recommended.
RISK_ZONE_ISOLATED_156,1,67.30916080347352,67.30916080347352,38.28969705570184,WATCH,0,3004850.5044235187,645296.000872824,570_402,MONITORING_RISK_ZONE,50.22474574324899,52.87352934258631,25.85435188263586,0.0,39.639429423638276,P3_MODERATE,226,Enhanced monitoring recommended.
RISK_ZONE_ISOLATED_69,1,67.18849820563644,67.18849820563644,38.23539888667515,WARNING,0,3019550.5044235187,628196.000872824,399_549,HIGH_PRIORITY_RISK_ZONE,49.87450806665821,52.5048206155224,25.67405892148427,0.0,39.36300748347175,P3_MODERATE,227,Enhanced monitoring recommended.
RISK_ZONE_ISOLATED_8,1,67.14466803577852,67.14466803577852,38.21567531023909,WARNING,0,3019650.5044235187,608296.000872824,200_550,HIGH_PRIORITY_RISK_ZONE,49.74728573653449,52.37088875573329,25.608568278541817,0.0,39.262598402222636,P3_MODERATE,228,Enhanced monitoring recommended.
RISK_ZONE_ISOLATED_100,1,66.86740680171937,66.86740680171937,38.09090775491247,WATCH,0,2998350.5044235187,634996.000872824,467_337,MONITORING_RISK_ZONE,48.94250171757374,51.523661541114976,25.19428705306582,0.0,38.62742984439764,P3_MODERATE,229,Enhanced monitoring recommended.
RISK_ZONE_ISOLATED_189,1,66.79053763464147,66.79053763464147,38.05631662972741,WATCH,0,3048050.5044235187,658196.000872824,699_834,MONITORING_RISK_ZONE,48.71937973146182,51.28877241016801,25.07942983962804,0.0,38.45133282109843,P3_MODERATE,230,Enhanced monitoring recommended.
RISK_ZONE_CLUSTER_90,2,64.23848539665852,56.493083284700944,47.53188050407549,WATCH,0,3016550.5044235187,654496.000872824,"660_520,664_518",MONITORING_RISK_ZONE,41.311741719421875,19.82283886138348,56.54232260581663,14.285714285714285,38.11900362604213,P3_MODERATE,231,Enhanced monitoring recommended.
RISK_ZONE_ISOLATED_124,1,66.60550406250331,66.60550406250331,37.97305152226525,WATCH,0,2999550.5044235187,639096.000872824,508_349,MONITORING_RISK_ZONE,48.182297573787245,50.723365282606714,24.802954351521283,0.0,38.027445552605926,P3_MODERATE,232,Enhanced monitoring recommended.
RISK_ZONE_ISOLATED_30,1,66.55691885286998,66.55691885286998,37.95118817793025,WATCH,0,3015950.5044235187,618496.000872824,302_513,MONITORING_RISK_ZONE,48.04127316984039,50.57490344671764,24.730358771200763,0.0,37.91614330857189,P3_MODERATE,233,Enhanced monitoring recommended.
RISK_ZONE_ISOLATED_125,1,60.90147344842202,60.90147344842202,50.35723774592867,WATCH,0,3005350.5044235187,639296.000872824,510_407,MONITORING_RISK_ZONE,31.62566390859872,33.293557665741545,65.92370751392238,0.0,37.37118717049833,P3_MODERATE,234,Enhanced monitoring recommended.
RISK_ZONE_CLUSTER_58,2,64.29686855681575,55.59423118065492,47.13248562046341,WATCH,0,2997050.5044235187,640246.000872824,"518_325,521_323",MONITORING_RISK_ZONE,41.48120585107522,17.07621628701289,55.21616211963495,14.285714285714285,37.3143978488666,P3_MODERATE,235,Enhanced monitoring recommended.
RISK_ZONE_ISOLATED_169,1,66.23604917962466,66.23604917962466,37.80679682496985,WATCH,0,3038450.5044235187,650496.000872824,622_738,MONITORING_RISK_ZONE,47.10991042065093,49.59442191477319,24.250918210744363,0.0,37.181073624933646,P3_MODERATE,236,Enhanced monitoring recommended.
RISK_ZONE_ISOLATED_223,1,66.1554629663011,66.1554629663011,37.77053302897425,WARNING,0,3057150.5044235187,666296.000872824,780_925,HIGH_PRIORITY_RISK_ZONE,46.87599926155422,49.34817460478616,24.130507020462236,0.0,36.99646134377219,P3_MODERATE,237,Enhanced monitoring recommended.
RISK_ZONE_ISOLATED_17,1,66.08697048298004,66.08697048298004,37.73971141147977,WATCH,0,3016950.5044235187,615596.000872824,273_523,MONITORING_RISK_ZONE,46.677191605724595,49.13888210825916,24.02816617204744,0.0,36.83955418723976,P3_MODERATE,238,Enhanced monitoring recommended.
RISK_ZONE_ISOLATED_51,1,66.05082243071963,66.05082243071963,37.72344478796259,WARNING,0,3000550.5044235187,622596.000872824,343_359,HIGH_PRIORITY_RISK_ZONE,46.57226754421831,49.0284244969224,23.974154079661638,0.0,36.75674381419813,P3_MODERATE,239,Enhanced monitoring recommended.
RISK_ZONE_ISOLATED_185,1,65.97741836758726,65.97741836758726,37.69041295955302,WARNING,0,3045850.5044235187,657096.000872824,688_812,HIGH_PRIORITY_RISK_ZONE,46.359203438317685,48.80412368487293,23.864474393164574,0.0,36.588584882508684,P3_MODERATE,240,Enhanced monitoring recommended.
RISK_ZONE_ISOLATED_87,1,65.91271902101722,65.91271902101722,37.661298253596506,WATCH,0,3010750.5044235187,630896.000872824,426_461,MONITORING_RISK_ZONE,46.171405817299885,48.606421877160194,23.76780121533831,0.0,36.440367297051566,P3_MODERATE,241,Enhanced monitoring recommended.
RISK_ZONE_ISOLATED_80,1,65.77825898598773,65.77825898598773,37.60079123783324,WATCH,0,3001150.5044235187,629696.000872824,414_365,MONITORING_RISK_ZONE,45.7811194227816,48.195552318196846,23.56689224846243,0.0,36.1323372660067,P3_MODERATE,242,Enhanced monitoring recommended.
RISK_ZONE_ISOLATED_200,1,65.71395566708267,65.71395566708267,37.571854744325954,WATCH,0,3035950.5044235187,659496.000872824,712_713,MONITORING_RISK_ZONE,45.594471319607216,47.999060652308124,23.470810811587313,0.0,35.9850269271817,P3_MODERATE,243,Enhanced monitoring recommended.
RISK_ZONE_ISOLATED_46,1,65.71016571461666,65.71016571461666,37.57014926571625,WATCH,0,3012250.5044235187,620796.000872824,325_476,MONITORING_RISK_ZONE,45.58347052756496,47.9874796937143,23.46514789892865,0.0,35.976344650879255,P3_MODERATE,244,Enhanced monitoring recommended.
RISK_ZONE_ISOLATED_199,1,65.65690797965853,65.65690797965853,37.54618328498509,WATCH,0,3035050.5044235187,659296.000872824,710_704,MONITORING_RISK_ZONE,45.42888355789428,47.82474002115035,23.38557067357508,0.0,35.85433827367626,P3_MODERATE,245,Enhanced monitoring recommended.
RISK_ZONE_ISOLATED_164,1,65.62549878043468,65.62549878043468,37.53204914533436,WATCH,0,3034550.5044235187,649696.000872824,614_699,MONITORING_RISK_ZONE,45.33771458625828,47.72876292409201,23.338639332488658,0.0,35.782383981756794,P3_MODERATE,246,Enhanced monitoring recommended.
RISK_ZONE_ISOLATED_102,1,65.55059771069436,65.55059771069436,37.49834366395122,WARNING,0,3005950.5044235187,635096.000872824,468_413,HIGH_PRIORITY_RISK_ZONE,45.120305238952206,47.49988770861748,23.22672283227261,0.0,35.61079560732014,P3_MODERATE,247,Enhanced monitoring recommended.
RISK_ZONE_ISOLATED_129,1,65.48982819983803,65.48982819983803,37.47099738406587,WATCH,0,3001650.5044235187,639996.000872824,517_370,MONITORING_RISK_ZONE,44.94391443789704,47.31419430076969,23.13592157938716,0.0,35.4715807520544,P3_MODERATE,248,Enhanced monitoring recommended.
RISK_ZONE_ISOLATED_210,1,65.4590472982287,65.4590472982287,37.45714597834167,WATCH,0,3047950.5044235187,661496.000872824,732_833,MONITORING_RISK_ZONE,44.85456917551857,47.220137092871845,23.089929034907442,0.0,35.401065806284585,P3_MODERATE,249,Enhanced monitoring recommended.
RISK_ZONE_ISOLATED_132,1,65.41671050361985,65.41671050361985,37.43809442076769,WATCH,0,3020450.5044235187,640496.000872824,522_558,MONITORING_RISK_ZONE,44.73168154634517,47.09076854016366,23.026669779740395,0.0,35.30407784882316,P3_MODERATE,250,Enhanced monitoring recommended.
RISK_ZONE_ISOLATED_167,1,65.36886895168338,65.36886895168338,37.41656572239628,WATCH,0,3037050.5044235187,650196.000872824,619_724,MONITORING_RISK_ZONE,44.592815698144626,46.944579099264374,22.955185366017105,0.0,35.19447922552223,P3_MODERATE,251,Enhanced monitoring recommended.
RISK_ZONE_ISOLATED_85,1,65.3408356513017,65.3408356513017,37.40395073722452,WATCH,0,3004850.5044235187,630696.000872824,424_402,MONITORING_RISK_ZONE,44.51144567819771,46.85891773704934,22.913298262413637,0.0,35.130258668202245,P3_MODERATE,252,Enhanced monitoring recommended.
RISK_ZONE_ISOLATED_163,1,65.33320588284401,65.33320588284401,37.40051734141856,WATCH,0,3022250.5044235187,648996.000872824,607_576,MONITORING_RISK_ZONE,44.48929935924347,46.835603451875194,22.901897931467726,0.0,35.11277988490153,P3_MODERATE,253,Enhanced monitoring recommended.
RISK_ZONE_ISOLATED_32,1,65.25817564837986,65.25817564837986,37.36675373590969,WATCH,0,3020950.5044235187,618696.000872824,304_563,MONITORING_RISK_ZONE,44.27151509581938,46.606333547725306,22.78978843449083,0.0,34.94089561128649,P4_LOW,254,Routine monitoring.
RISK_ZONE_ISOLATED_194,1,65.21306531571706,65.21306531571706,37.34645408621143,WATCH,0,3008850.5044235187,658796.000872824,705_442,MONITORING_RISK_ZONE,44.140576939462186,46.4684898941684,22.722384983876506,0.0,34.83755384756079,P4_LOW,255,Routine monitoring.
RISK_ZONE_ISOLATED_138,1,65.17404167359726,65.17404167359726,37.32889344725752,WATCH,0,3018250.5044235187,642196.000872824,539_536,MONITORING_RISK_ZONE,44.0273061331548,46.349245342258314,22.664076211159735,0.0,34.74815588116126,P4_LOW,256,Routine monitoring.
RISK_ZONE_ISOLATED_157,1,65.03513427705447,65.03513427705447,37.26638511881327,WATCH,0,3009150.5044235187,647596.000872824,593_445,MONITORING_RISK_ZONE,43.624110737908055,45.92478597972903,22.456522036979198,0.0,34.42993753724923,P4_LOW,257,Routine monitoring.
RISK_ZONE_ISOLATED_25,1,64.84308204663454,64.84308204663454,37.1799616151243,WATCH,0,3003550.5044235187,617296.000872824,290_389,MONITORING_RISK_ZONE,43.06665608193277,45.33793193649412,22.169559333218057,0.0,33.98997145747309,P4_LOW,258,Routine monitoring.
RISK_ZONE_ISOLATED_116,1,64.80906286806639,64.80906286806639,37.16465298476863,WATCH,0,3020150.5044235187,637396.000872824,491_555,MONITORING_RISK_ZONE,42.96791133190409,45.23397952497257,22.118728184627358,0.0,33.912038050508194,P4_LOW,259,Routine monitoring.
RISK_ZONE_ISOLATED_209,1,64.78736387998521,64.78736387998521,37.1548884401321,WATCH,0,3014750.5044235187,660996.000872824,727_501,MONITORING_RISK_ZONE,42.90492741388679,45.16767392226384,22.08630575310942,0.0,33.86232855897918,P4_LOW,260,Routine monitoring.
RISK_ZONE_ISOLATED_11,1,64.71920284980487,64.71920284980487,37.12421597655095,WATCH,0,3002850.5044235187,611696.000872824,234_382,MONITORING_RISK_ZONE,42.70708184059136,44.95939424717273,21.98446015897639,0.0,33.70618071744476,P4_LOW,261,Routine monitoring.
RISK_ZONE_ISOLATED_109,1,64.6926559118923,64.6926559118923,37.11226985449029,WATCH,0,3004950.5044235187,636596.000872824,483_403,MONITORING_RISK_ZONE,42.63002616615898,44.878274763085344,21.944793964716037,0.0,33.64536521856762,P4_LOW,262,Routine monitoring.
RISK_ZONE_ISOLATED_227,1,64.68508219581983,64.68508219581983,37.10886168225768,WATCH,0,3062450.5044235187,670996.000872824,827_978,MONITORING_RISK_ZONE,42.60804254598231,44.85513175719718,21.933477386736588,0.0,33.62801484381562,P4_LOW,263,Routine monitoring.
RISK_ZONE_ISOLATED_6,1,64.63582408923716,64.63582408923716,37.08669553429548,WATCH,0,3019050.5044235187,607296.000872824,190_544,MONITORING_RISK_ZONE,42.46506497785412,44.704613749950255,21.859876369887104,0.0,33.51517108249618,P4_LOW,264,Routine monitoring.
RISK_ZONE_ISOLATED_89,1,64.62148637249004,64.62148637249004,37.08024356175928,WATCH,0,3013950.5044235187,631396.000872824,431_493,MONITORING_RISK_ZONE,42.42344803365482,44.66080198569526,21.838453083344092,0.0,33.48232528311974,P4_LOW,265,Routine monitoring.
RISK_ZONE_ISOLATED_155,1,64.61921447344162,64.61921447344162,37.07922120718748,WATCH,0,3006050.5044235187,644896.000872824,566_414,MONITORING_RISK_ZONE,42.416853573909776,44.65385974326738,21.835058432356753,0.0,33.47712066500207,P4_LOW,266,Routine monitoring.
RISK_ZONE_ISOLATED_119,1,64.43383046808232,64.43383046808232,36.9957984047758,WATCH,0,3009650.5044235187,637796.000872824,495_450,MONITORING_RISK_ZONE,41.87875424173893,44.087381796834265,21.558059330103934,0.0,33.05243060067536,P4_LOW,267,Routine monitoring.
RISK_ZONE_ISOLATED_106,1,59.94214374005176,59.94214374005176,47.3252416891911,WATCH,0,3006250.5044235187,635896.000872824,476_416,MONITORING_RISK_ZONE,28.841094255973072,30.362133662378266,55.85619405871874,0.0,33.014967662343224,P4_LOW,268,Routine monitoring.
RISK_ZONE_ISOLATED_133,1,64.29109898726098,64.29109898726098,36.9315692384062,WATCH,0,3016250.5044235187,641596.000872824,533_516,MONITORING_RISK_ZONE,41.464458982766274,43.65123717912398,21.344791243819465,0.0,32.72545178902449,P4_LOW,269,Routine monitoring.
RISK_ZONE_ISOLATED_134,1,64.27027163223528,64.27027163223528,36.92219692864463,WATCH,0,3020850.5044235187,641796.000872824,535_562,MONITORING_RISK_ZONE,41.40400508433801,43.58759502573687,21.313671198520847,0.0,32.677739092729695,P4_LOW,270,Routine monitoring.
RISK_ZONE_ISOLATED_98,1,64.18080624870073,64.18080624870073,36.881937506054086,WATCH,0,3006150.5044235187,634196.000872824,459_415,MONITORING_RISK_ZONE,41.144321067698904,43.31421563336008,21.179992832505704,0.0,32.47278581526295,P4_LOW,271,Routine monitoring.
RISK_ZONE_ISOLATED_178,1,64.15913191729199,64.15913191729199,36.87218405692015,WATCH,0,3018850.5044235187,652996.000872824,647_542,MONITORING_RISK_ZONE,41.081408718633554,43.247985374050806,21.14760724276446,0.0,32.42313280888638,P4_LOW,272,Routine monitoring.
RISK_ZONE_ISOLATED_83,1,64.12974686679004,64.12974686679004,36.858960784194274,WARNING,0,3029150.5044235187,630096.000872824,418_645,HIGH_PRIORITY_RISK_ZONE,40.99611508167574,43.15819346869245,21.103700366370695,0.0,32.35581557208525,P4_LOW,273,Routine monitoring.
RISK_ZONE_ISOLATED_23,1,64.08456796697298,64.08456796697298,36.8386302792766,WATCH,0,3002750.5044235187,616996.000872824,287_381,MONITORING_RISK_ZONE,40.86497790092135,43.02014029446701,21.03619446333532,0.0,32.25231673014184,P4_LOW,274,Routine monitoring.
RISK_ZONE_ISOLATED_158,1,63.98901903064362,63.98901903064362,36.79563325792838,WATCH,0,3023950.5044235187,647596.000872824,593_593,MONITORING_RISK_ZONE,40.587635641923235,42.72817138846121,20.89342610781752,0.0,32.033426843512075,P4_LOW,275,Routine monitoring.
RISK_ZONE_ISOLATED_86,1,63.92141657831796,63.92141657831796,36.76521215438184,WATCH,0,3007750.5044235187,630796.000872824,425_431,MONITORING_RISK_ZONE,40.39141140791208,42.521598559844946,20.792415135657333,0.0,31.87855862944376,P4_LOW,276,Routine monitoring.
RISK_ZONE_ISOLATED_35,1,63.828868334747845,63.828868334747845,36.72356544477528,WATCH,0,3024150.5044235187,619396.000872824,311_595,MONITORING_RISK_ZONE,40.12277901990134,42.23879887137139,20.654130388090692,0.0,31.666542930252554,P4_LOW,277,Routine monitoring.
RISK_ZONE_ISOLATED_192,1,63.800030590920585,63.800030590920585,36.71058846005302,WATCH,0,3035950.5044235187,658296.000872824,700_713,MONITORING_RISK_ZONE,40.03907400627469,42.15067937114066,20.61104129237467,0.0,31.60047950014541,P4_LOW,278,Routine monitoring.
RISK_ZONE_ISOLATED_121,1,63.78161062071782,63.78161062071782,36.70229947346177,WATCH,0,3015450.5044235187,638296.000872824,500_508,MONITORING_RISK_ZONE,39.985607831317985,42.094393464092754,20.583518339680868,0.0,31.55828180183186,P4_LOW,279,Routine monitoring.
RISK_ZONE_ISOLATED_147,1,63.74813783646253,63.74813783646253,36.68723672054689,WATCH,0,3027950.5044235187,643396.000872824,551_633,MONITORING_RISK_ZONE,39.88844905638074,41.9921106697946,20.53350360852514,0.0,31.48160011146154,P4_LOW,280,Routine monitoring.
RISK_ZONE_ISOLATED_191,1,63.68143256458395,63.68143256458395,36.65721934820153,WATCH,0,3026050.5044235187,658296.000872824,700_614,MONITORING_RISK_ZONE,39.69482899632985,41.78827935567013,20.433833195265446,0.0,31.32878721829882,P4_LOW,281,Routine monitoring.
RISK_ZONE_ISOLATED_154,1,63.65676859073066,63.65676859073066,36.64612055996755,WATCH,0,2998550.5044235187,644596.000872824,563_339,MONITORING_RISK_ZONE,39.623238851142226,41.712913645277716,20.396980508853225,0.0,31.272285339282853,P4_LOW,282,Routine monitoring.
RISK_ZONE_ISOLATED_61,1,63.59635208293233,63.59635208293233,36.6189331314583,WATCH,0,3009450.5044235187,625596.000872824,373_448,MONITORING_RISK_ZONE,39.44787268384334,41.52829890895283,20.306706709940777,0.0,31.13387916700527,P4_LOW,283,Routine monitoring.
RISK_ZONE_ISOLATED_135,1,63.579638542596285,63.579638542596285,36.61141203830708,WATCH,0,3013350.5044235187,641896.000872824,536_487,MONITORING_RISK_ZONE,39.399359626443356,41.47722734002843,20.28173348930301,0.0,31.095590672230948,P4_LOW,284,Routine monitoring.
RISK_ZONE_ISOLATED_148,1,63.45920622964324,63.45920622964324,36.55721749747821,WATCH,0,3023950.5044235187,643496.000872824,552_593,MONITORING_RISK_ZONE,39.04979037937577,41.109222294535925,20.101784617740073,0.0,30.8196962840613,P4_LOW,285,Routine monitoring.
RISK_ZONE_ISOLATED_115,1,63.28107068781374,63.28107068781374,36.477056503654936,WATCH,0,3010250.5044235187,637396.000872824,491_456,MONITORING_RISK_ZONE,38.53273058282768,40.564893479723914,19.835616104062424,0.0,30.411611484232846,P4_LOW,286,Routine monitoring.
RISK_ZONE_ISOLATED_9,1,63.26627561788249,63.26627561788249,36.47039872218588,WATCH,0,3004450.5044235187,608996.000872824,207_398,MONITORING_RISK_ZONE,38.48978611610308,40.5196841812424,19.813509444532766,0.0,30.37771794962806,P4_LOW,287,Routine monitoring.
RISK_ZONE_ISOLATED_39,1,63.181981379788816,63.181981379788816,36.43246631504372,WATCH,0,3002650.5044235187,619996.000872824,317_380,MONITORING_RISK_ZONE,38.24511196993741,40.2621062591401,19.68755775721334,0.0,30.184611077603194,P4_LOW,288,Routine monitoring.
RISK_ZONE_ISOLATED_198,1,63.07746258178797,63.07746258178797,36.38543285594334,WATCH,0,3011150.5044235187,659296.000872824,710_465,MONITORING_RISK_ZONE,37.94173361054469,39.94272814482853,19.531386715603443,0.0,29.945172432611677,P4_LOW,289,Routine monitoring.
RISK_ZONE_ISOLATED_107,1,63.00512361987987,63.00512361987987,36.3528803230847,WATCH,0,3016350.5044235187,636296.000872824,480_517,MONITORING_RISK_ZONE,37.73176108882018,39.72168196282709,19.42329849371176,0.0,29.779453505962437,P4_LOW,290,Routine monitoring.
RISK_ZONE_ISOLATED_103,1,62.915053425732594,62.915053425732594,36.31234873571842,WATCH,0,3021150.5044235187,635396.000872824,471_565,MONITORING_RISK_ZONE,37.47032153676598,39.44645445052639,19.28871642515531,0.0,29.573114687938798,P4_LOW,291,Routine monitoring.
RISK_ZONE_ISOLATED_230,1,62.89618549436023,62.89618549436023,36.30385816660086,WATCH,0,3028350.5044235187,675696.000872824,874_637,MONITORING_RISK_ZONE,37.41555510073373,39.38879970843285,19.260524132937963,0.0,29.52989077025124,P4_LOW,292,Routine monitoring.
RISK_ZONE_ISOLATED_62,1,62.88445303089592,62.88445303089592,36.29857855804192,WATCH,0,3014050.5044235187,625996.000872824,377_494,MONITORING_RISK_ZONE,37.381500216966224,39.35294881721392,19.242993592260888,0.0,29.503013259142808,P4_LOW,293,Routine monitoring.
RISK_ZONE_ISOLATED_151,1,62.69283769156003,62.69283769156003,36.21235165534077,WATCH,0,3028250.5044235187,644096.000872824,558_636,MONITORING_RISK_ZONE,36.825313689814124,38.767429782161756,18.956683687201703,0.0,29.064048038649133,P4_LOW,294,Routine monitoring.
RISK_ZONE_ISOLATED_233,1,62.59399801674932,62.59399801674932,36.167873801675945,WATCH,0,3028050.5044235187,676796.000872824,885_634,MONITORING_RISK_ZONE,36.53841966729828,38.46540536584616,18.808998340040997,0.0,28.837619508463707,P4_LOW,295,Routine monitoring.
RISK_ZONE_ISOLATED_136,1,62.52749716545807,62.52749716545807,36.13794841859489,WATCH,0,2997950.5044235187,642096.000872824,538_333,MONITORING_RISK_ZONE,36.34539296254423,38.262198699755906,18.709633370171993,0.0,28.68527491563908,P4_LOW,296,Routine monitoring.
RISK_ZONE_ISOLATED_78,1,62.42470920059856,62.42470920059856,36.091693834408105,WATCH,0,3004550.5044235187,629496.000872824,412_399,MONITORING_RISK_ZONE,36.047038554142574,37.94810949265951,18.556048523770063,0.0,28.449801378838576,P4_LOW,297,Routine monitoring.
RISK_ZONE_ISOLATED_90,1,62.39450844127935,62.39450844127935,36.07810349271446,WATCH,0,3013750.5044235187,631996.000872824,437_491,MONITORING_RISK_ZONE,35.95937722441121,37.8558250256867,18.51092282264736,0.0,28.380615461784224,P4_LOW,298,Routine monitoring.
RISK_ZONE_ISOLATED_105,1,62.329306934655776,62.329306934655776,36.048762814733855,WATCH,0,3002050.5044235187,635796.000872824,475_374,MONITORING_RISK_ZONE,35.77012202355028,37.656588767386616,18.413499321815898,0.0,28.231247494528922,P4_LOW,299,Routine monitoring.
RISK_ZONE_ISOLATED_236,1,62.22574933345575,62.22574933345575,36.00216189419384,WATCH,0,3018750.5044235187,678596.000872824,903_541,MONITORING_RISK_ZONE,35.46953365327018,37.340147782353235,18.258764491762626,0.0,27.994010823382887,P4_LOW,300,Routine monitoring.
RISK_ZONE_ISOLATED_72,1,62.13654808104782,62.13654808104782,35.96202133061028,WATCH,0,3004750.5044235187,628796.000872824,405_401,MONITORING_RISK_ZONE,35.210616308936814,37.06757549551881,18.125480788085316,0.0,27.78966263514666,P4_LOW,301,Routine monitoring.
RISK_ZONE_ISOLATED_22,1,62.09772374377172,62.09772374377172,35.94455037883603,WATCH,0,3020650.5044235187,616596.000872824,283_560,MONITORING_RISK_ZONE,35.0979240088662,36.94893995946399,18.067469814861383,0.0,27.700721249597937,P4_LOW,302,Routine monitoring.
RISK_ZONE_ISOLATED_139,1,62.04061396531289,62.04061396531289,35.918850978529555,WATCH,0,2996450.5044235187,642296.000872824,540_318,MONITORING_RISK_ZONE,34.93215602047064,36.77442959671771,17.982136900987324,0.0,27.569890353802162,P4_LOW,303,Routine monitoring.
RISK_ZONE_ISOLATED_92,1,61.99169706453964,61.99169706453964,35.896838373181595,WATCH,0,3009350.5044235187,632796.000872824,445_447,MONITORING_RISK_ZONE,34.79016884316838,36.62495421213857,17.909045710768847,0.0,27.457828249545695,P4_LOW,304,Routine monitoring.
RISK_ZONE_ISOLATED_240,1,61.74798844322745,61.74798844322745,35.78716949359111,WARNING,0,3042750.5044235187,700696.000872824,1124_781,HIGH_PRIORITY_RISK_ZONE,34.08277531092591,35.88025372375818,17.544898495458042,0.0,26.899524258532807,P4_LOW,305,Routine monitoring.
RISK_ZONE_ISOLATED_101,1,61.64023669655069,61.64023669655069,35.738681207586566,WATCH,0,2999050.5044235187,635096.000872824,468_344,MONITORING_RISK_ZONE,33.77001292986378,35.55099668745814,17.383896811209233,0.0,26.65267935873264,P4_LOW,306,Routine monitoring.
RISK_ZONE_ISOLATED_55,1,61.35612034981855,61.35612034981855,35.6108288515571,WATCH,0,3012850.5044235187,623396.000872824,351_482,MONITORING_RISK_ZONE,32.945331123366635,34.68282230351941,16.95937273844672,0.0,26.00180665083055,P4_LOW,307,Routine monitoring.
RISK_ZONE_ISOLATED_10,1,61.19456894918051,61.19456894918051,35.53813072126998,WATCH,0,3014450.5044235187,610596.000872824,223_498,MONITORING_RISK_ZONE,32.47640878766612,34.1891696526369,16.717984098376633,0.0,25.631713909571292,P4_LOW,308,Routine monitoring.
RISK_ZONE_ISOLATED_168,1,61.186985804577866,61.186985804577866,35.53471830619879,WARNING,0,3005950.5044235187,650296.000872824,620_413,HIGH_PRIORITY_RISK_ZONE,32.45439780004867,34.16599783598699,16.706653432372764,0.0,25.61434193531249,P4_LOW,309,Routine monitoring.
RISK_ZONE_ISOLATED_63,1,61.036373053238265,61.036373053238265,35.46694256809597,WATCH,0,3015050.5044235187,625996.000872824,377_504,MONITORING_RISK_ZONE,32.01722620719642,33.70577041820011,16.481609223040692,0.0,25.269308182638586,P4_LOW,310,Routine monitoring.
RISK_ZONE_ISOLATED_20,1,60.85790362571893,60.85790362571893,35.38663132571227,WATCH,0,3002750.5044235187,616196.000872824,279_381,MONITORING_RISK_ZONE,31.49919726734835,33.16042134881138,16.214941820388457,0.0,24.86045849516615,P4_LOW,311,Routine monitoring.
RISK_ZONE_ISOLATED_212,1,60.80328108818732,60.80328108818732,35.36205118382305,WATCH,0,3020050.5044235187,662496.000872824,742_554,MONITORING_RISK_ZONE,31.34064879435429,32.99351124871993,16.133325319387183,0.0,24.735325537050215,P4_LOW,312,Routine monitoring.
RISK_ZONE_ISOLATED_182,1,60.29498639951397,60.29498639951397,35.13331857392004,WATCH,0,3032650.5044235187,655296.000872824,670_680,MONITORING_RISK_ZONE,29.865262436232303,31.44031505542113,15.373835997913549,0.0,23.57089010686715,P4_LOW,313,Routine monitoring.
RISK_ZONE_ISOLATED_162,1,60.28889220679968,60.28889220679968,35.13057618719861,WATCH,0,3008250.5044235187,648696.000872824,604_436,MONITORING_RISK_ZONE,29.84757331022964,31.421693029387836,15.36473011033958,0.0,23.556929123065803,P4_LOW,314,Routine monitoring.
RISK_ZONE_ISOLATED_74,1,60.19370312705063,60.19370312705063,35.087741101311536,WATCH,0,3010250.5044235187,628896.000872824,406_456,MONITORING_RISK_ZONE,29.57127557815914,31.13082373721459,15.222499449265777,0.0,23.338863619930976,P4_LOW,315,Routine monitoring.
RISK_ZONE_ISOLATED_197,1,60.18449436464758,60.18449436464758,35.08359715823016,WATCH,0,3014150.5044235187,659096.000872824,708_495,MONITORING_RISK_ZONE,29.544546039709473,31.10268451989019,15.208739799863652,0.0,23.317767571813214,P4_LOW,316,Routine monitoring.
RISK_ZONE_ISOLATED_205,1,54.9517768424369,54.9517768424369,47.0528310040046,WATCH,0,3055950.5044235187,660196.000872824,719_913,MONITORING_RISK_ZONE,14.355955208029837,15.113068422743561,54.951674993675084,0.0,23.220712276580908,P4_LOW,317,Routine monitoring.
RISK_ZONE_ISOLATED_64,1,59.95420500470179,59.95420500470179,34.979966946254564,WATCH,0,3004150.5044235187,626396.000872824,381_395,MONITORING_RISK_ZONE,28.876103524656944,30.398989271453562,14.864643523382167,0.0,22.79020532123188,P4_LOW,318,Routine monitoring.
RISK_ZONE_ISOLATED_173,1,59.93742175036084,59.93742175036084,34.97241448180113,WATCH,0,3043750.5044235187,651996.000872824,637_791,MONITORING_RISK_ZONE,28.82738811398807,30.347704677428855,14.839566136709479,0.0,22.751757120957773,P4_LOW,319,Routine monitoring.
RISK_ZONE_ISOLATED_238,1,59.818474070217945,59.818474070217945,34.91888802573683,WATCH,0,3028350.5044235187,695696.000872824,1074_637,MONITORING_RISK_ZONE,28.482128191892244,29.984236224744716,14.661835590048877,0.0,22.47926382881267,P4_LOW,320,Routine monitoring.
RISK_ZONE_ISOLATED_110,1,59.79627536843781,59.79627536843781,34.90889860993577,WATCH,0,2998050.5044235187,636696.000872824,484_334,MONITORING_RISK_ZONE,28.4176937948697,29.916403646774896,14.62866649084662,0.0,22.428409559758002,P4_LOW,321,Routine monitoring.
RISK_ZONE_ISOLATED_4,1,59.68555221351141,59.68555221351141,34.859073190218886,WATCH,0,3019550.5044235187,606896.000872824,186_549,MONITORING_RISK_ZONE,28.096306544625136,29.57806687762514,14.46322495529574,0.0,22.174757559430276,P4_LOW,322,Routine monitoring.
RISK_ZONE_ISOLATED_150,1,59.62580422028395,59.62580422028395,34.832186593266535,WATCH,0,3006550.5044235187,643896.000872824,556_419,MONITORING_RISK_ZONE,27.922880821127954,29.39549492142325,14.373950044802058,0.0,22.037882864992742,P4_LOW,323,Routine monitoring.
RISK_ZONE_ISOLATED_186,1,59.44026459059004,59.44026459059004,34.74869375990427,WATCH,0,3019850.5044235187,657296.000872824,690_552,MONITORING_RISK_ZONE,27.38432977064212,28.828541433676204,14.096718410077536,0.0,21.612836286043578,P4_LOW,324,Routine monitoring.
RISK_ZONE_ISOLATED_113,1,59.174894758207365,59.174894758207365,34.62927733533207,WATCH,0,3001050.5044235187,637196.000872824,489_364,MONITORING_RISK_ZONE,26.614061972691307,28.017650777807113,13.700205209316142,0.0,21.004909345601547,P4_LOW,325,Routine monitoring.
RISK_ZONE_ISOLATED_57,1,58.56662819769603,58.56662819769603,34.35555738310197,WATCH,0,3017650.5044235187,624096.000872824,358_530,MONITORING_RISK_ZONE,24.84849525425384,26.15897051348452,12.791338822135092,0.0,19.611451672644904,P4_LOW,326,Routine monitoring.
RISK_ZONE_ISOLATED_40,1,58.53874839464973,58.53874839464973,34.34301147173113,WATCH,0,3017250.5044235187,620096.000872824,318_526,MONITORING_RISK_ZONE,24.76757077875125,26.07377819311135,12.749681072860316,0.0,19.547582757275414,P4_LOW,327,Routine monitoring.
RISK_ZONE_ISOLATED_15,1,58.38476064370776,58.38476064370776,34.27371698380725,WATCH,0,3005250.5044235187,615096.000872824,268_406,MONITORING_RISK_ZONE,24.320602844361375,25.603237788288396,12.519593969681237,0.0,19.194817330040607,P4_LOW,328,Routine monitoring.
RISK_ZONE_ISOLATED_27,1,58.34133552188406,58.34133552188406,34.254175678986584,WATCH,0,3003950.5044235187,617996.000872824,297_393,MONITORING_RISK_ZONE,24.194556214785756,25.47054363386759,12.454708545843994,0.0,19.095336159888106,P4_LOW,329,Routine monitoring.
RISK_ZONE_ISOLATED_59,1,58.2976906947719,58.2976906947719,34.23453550678611,WATCH,0,3019150.5044235187,624696.000872824,364_545,MONITORING_RISK_ZONE,24.067871864233243,25.33717812594792,12.389494840354034,0.0,18.995351674183052,P4_LOW,330,Routine monitoring.
RISK_ZONE_ISOLATED_93,1,58.18785656753366,58.18785656753366,34.1851101495289,WATCH,0,2999350.5044235187,632896.000872824,446_347,MONITORING_RISK_ZONE,23.74906512358741,25.00155795890272,12.225381681925136,0.0,18.743736317876163,P4_LOW,331,Routine monitoring.
RISK_ZONE_ISOLATED_231,1,58.169662046101045,58.169662046101045,34.17692261488423,WATCH,0,3029250.5044235187,676296.000872824,880_646,MONITORING_RISK_ZONE,23.696253340752737,24.945960955711943,12.198195592742382,0.0,18.702055092666715,P4_LOW,332,Routine monitoring.
RISK_ZONE_ISOLATED_31,1,58.044062971041946,58.044062971041946,34.12040303110763,WATCH,0,3007550.5044235187,618696.000872824,304_429,MONITORING_RISK_ZONE,23.331686946367256,24.562167834102112,12.01052659202288,0.0,18.414324340691408,P4_LOW,333,Routine monitoring.
RISK_ZONE_ISOLATED_28,1,57.875316180168376,57.875316180168376,34.044466975214526,WARNING,0,2986450.5044235187,618296.000872824,300_218,HIGH_PRIORITY_RISK_ZONE,22.841879126652415,24.04652822767559,11.75838666501338,0.0,18.02774791878205,P4_LOW,334,Routine monitoring.
RISK_ZONE_ISOLATED_224,1,57.60437235586416,57.60437235586416,33.92254225427762,WATCH,0,3015550.5044235187,667696.000872824,794_509,MONITORING_RISK_ZONE,22.055432147953535,23.218605123451358,11.353544855992363,0.0,17.407051705267452,P4_LOW,335,Routine monitoring.
RISK_ZONE_ISOLATED_187,1,57.40047783139508,57.40047783139508,33.83078971826654,WATCH,0,3062450.5044235187,657496.000872824,692_978,MONITORING_RISK_ZONE,21.463603811752353,22.595564579655008,11.04888750368875,0.0,16.93995650714175,P4_LOW,336,Routine monitoring.
RISK_ZONE_ISOLATED_0,1,57.39934535637536,57.39934535637536,33.830280104507665,WATCH,0,2986450.5044235187,594496.000872824,62_218,MONITORING_RISK_ZONE,21.46031666704627,22.59210407548523,11.047195369768259,0.0,16.937362157709934,P4_LOW,337,Routine monitoring.
RISK_ZONE_ISOLATED_152,1,57.366625226791655,57.366625226791655,33.815556046195,WATCH,0,2997650.5044235187,644496.000872824,562_330,MONITORING_RISK_ZONE,21.365342562654615,22.492121168234515,10.99830524840792,0.0,16.86240469894346,P4_LOW,338,Routine monitoring.
RISK_ZONE_ISOLATED_99,1,57.23584023691332,57.23584023691332,33.75670280074975,WATCH,0,3029350.5044235187,634696.000872824,464_647,MONITORING_RISK_ZONE,20.985723427901817,22.09248144555743,10.802887500721274,0.0,16.56279370684762,P4_LOW,339,Routine monitoring.
RISK_ZONE_ISOLATED_58,1,57.1426898372783,57.1426898372783,33.71478512091399,WATCH,0,3016550.5044235187,624296.000872824,360_519,MONITORING_RISK_ZONE,20.71534320961974,21.80784174866232,10.663703017014676,0.0,16.349398548315015,P4_LOW,340,Routine monitoring.
RISK_ZONE_ISOLATED_97,1,57.0698447281737,57.0698447281737,33.68200482181692,WATCH,0,2998850.5044235187,633896.000872824,456_342,MONITORING_RISK_ZONE,20.50390153489097,21.58524893255991,10.55485851456488,0.0,16.18252010585414,P4_LOW,341,Routine monitoring.
RISK_ZONE_ISOLATED_218,1,56.82506775470933,56.82506775470933,33.571855183757954,WARNING,0,3052950.5044235187,663196.000872824,749_883,HIGH_PRIORITY_RISK_ZONE,19.793406982263843,20.83728388027037,10.189114977141669,0.0,15.621768662358221,P4_LOW,342,Routine monitoring.
RISK_ZONE_ISOLATED_172,1,56.73476017018879,56.73476017018879,33.53121677072371,WATCH,0,3042950.5044235187,651896.000872824,636_783,MONITORING_RISK_ZONE,19.531278376150915,20.56133097415325,10.054178202038932,0.0,15.414886014608296,P4_LOW,343,Routine monitoring.
RISK_ZONE_ISOLATED_175,1,56.6761898006412,56.6761898006412,33.504860104427294,WATCH,0,3046950.5044235187,652396.000872824,641_823,MONITORING_RISK_ZONE,19.361270846766285,20.38235748289198,9.966662886184931,0.0,15.280709099169457,P4_LOW,344,Routine monitoring.
RISK_ZONE_ISOLATED_2,1,56.54807459573642,56.54807459573642,33.447208262220144,WARNING,0,3016750.5044235187,606596.000872824,183_521,HIGH_PRIORITY_RISK_ZONE,18.989401083425168,19.990875822752766,9.775234307032264,0.0,14.987214228849947,P4_LOW,345,Routine monitoring.
RISK_ZONE_ISOLATED_190,1,56.426127530291225,56.426127530291225,33.392332082769805,WATCH,0,3018750.5044235187,658296.000872824,700_541,MONITORING_RISK_ZONE,18.63543508539272,19.618242147732875,9.593022106010832,0.0,14.707849744476007,P4_LOW,346,Routine monitoring.
RISK_ZONE_ISOLATED_50,1,56.23313705680823,56.23313705680823,33.30548636970246,WATCH,0,3015950.5044235187,622096.000872824,338_513,MONITORING_RISK_ZONE,18.07525706628442,19.02852111496137,9.304657487960158,0.0,14.2657342748103,P4_LOW,347,Routine monitoring.
RISK_ZONE_ISOLATED_237,1,56.20006572717126,56.20006572717126,33.29060427136582,WATCH,0,3022650.5044235187,681696.000872824,934_580,MONITORING_RISK_ZONE,17.97926356157419,18.92746504562973,9.255242606660163,0.0,14.189972263499373,P4_LOW,348,Routine monitoring.
RISK_ZONE_ISOLATED_76,1,56.10435571510229,56.10435571510229,33.24753476593478,WATCH,0,3029650.5044235187,629096.000872824,408_650,MONITORING_RISK_ZONE,17.701453760903625,18.635003940450567,9.112233573230702,0.0,13.970713373804422,P4_LOW,349,Routine monitoring.
RISK_ZONE_ISOLATED_153,1,55.8220494309424,55.8220494309424,33.12049693806284,WATCH,0,3015050.5044235187,644496.000872824,562_504,MONITORING_RISK_ZONE,16.88202587833279,17.77236056511668,8.690414079574522,0.0,13.323987278166722,P4_LOW,350,Routine monitoring.
RISK_ZONE_ISOLATED_88,1,55.76703571657527,55.76703571657527,33.09574076659763,WATCH,0,3008350.5044235187,631296.000872824,430_437,MONITORING_RISK_ZONE,16.722341967610205,17.604255145881893,8.608213085687497,0.0,13.197958186022847,P4_LOW,351,Routine monitoring.
RISK_ZONE_ISOLATED_79,1,55.53371352215811,55.53371352215811,32.9907457791099,WARNING,0,3017650.5044235187,629496.000872824,412_530,HIGH_PRIORITY_RISK_ZONE,16.04509628639202,16.89129246447613,8.259585175399572,0.0,12.663448115621529,P4_LOW,352,Routine monitoring.
RISK_ZONE_ISOLATED_137,1,55.42110305392063,55.42110305392063,32.94007106840304,WATCH,0,2999050.5044235187,642096.000872824,538_344,MONITORING_RISK_ZONE,15.718230882677222,16.547188631621708,8.091323633387944,0.0,12.405472531876077,P4_LOW,353,Routine monitoring.
RISK_ZONE_ISOLATED_3,1,55.08235970546647,55.08235970546647,32.78763656159867,WATCH,0,2968550.5044235187,606796.000872824,185_39,MONITORING_RISK_ZONE,14.73498764533739,15.512090506363899,7.585176389271256,0.0,11.62945663899242,P4_LOW,354,Routine monitoring.
RISK_ZONE_ISOLATED_1,1,55.06894505286149,55.06894505286149,32.781599967926425,WATCH,0,2973950.5044235187,597596.000872824,93_93,MONITORING_RISK_ZONE,14.696050005630786,15.471099349413448,7.565132336811543,0.0,11.598725456619428,P4_LOW,355,Routine monitoring.
RISK_ZONE_ISOLATED_127,1,54.70572811212364,54.70572811212364,32.61815234459439,WATCH,0,3015750.5044235187,639496.000872824,512_511,MONITORING_RISK_ZONE,13.641769228465703,14.361217262767829,7.022416872700132,0.0,10.766643823538166,P4_LOW,356,Routine monitoring.
RISK_ZONE_ISOLATED_188,1,54.298046018050506,54.298046018050506,32.43469540226148,WATCH,0,3060850.5044235187,658096.000872824,698_962,MONITORING_RISK_ZONE,12.458423005399736,13.11546299717999,6.413261979083808,0.0,9.832698446636831,P4_LOW,357,Routine monitoring.
RISK_ZONE_ISOLATED_84,1,54.04972210046353,54.04972210046353,32.32294963934734,WATCH,0,2982050.5044235187,630696.000872824,424_174,MONITORING_RISK_ZONE,11.737633021621892,12.356659546945645,6.042218629868307,0.0,9.263821426586057,P4_LOW,358,Routine monitoring.
RISK_ZONE_ISOLATED_91,1,54.009425031104605,54.009425031104605,32.304815958135826,WATCH,0,3004750.5044235187,632396.000872824,441_401,MONITORING_RISK_ZONE,11.620665939869314,12.233523783137562,5.98200711370105,0.0,9.171506207993966,P4_LOW,359,Routine monitoring.
RISK_ZONE_ISOLATED_221,1,53.87418652014213,53.87418652014213,32.24395862820271,WATCH,0,3015350.5044235187,664296.000872824,760_507,MONITORING_RISK_ZONE,11.228119925494198,11.820275435092558,5.779934955134776,0.0,8.861692792274596,P4_LOW,360,Routine monitoring.
RISK_ZONE_ISOLATED_5,1,53.63357968938642,53.63357968938642,32.135685554362645,WATCH,0,2970950.5044235187,607096.000872824,188_63,MONITORING_RISK_ZONE,10.529729712733058,11.085053088805923,5.420422407188385,0.0,8.310494590288156,P4_LOW,361,Routine monitoring.
RISK_ZONE_ISOLATED_184,1,53.63309758351842,53.63309758351842,32.13546860672204,WATCH,0,3044650.5044235187,656796.000872824,685_800,MONITORING_RISK_ZONE,10.528330342571081,11.083579917797778,5.419702048965627,0.0,8.30939014995795,P4_LOW,362,Routine monitoring.
RISK_ZONE_ISOLATED_70,1,53.44421668232804,53.44421668232804,32.05047220118637,WATCH,0,2979450.5044235187,628296.000872824,400_148,MONITORING_RISK_ZONE,9.980080850424294,10.506416505995386,5.13747791662456,0.0,7.87668916304615,P4_LOW,363,Routine monitoring.
RISK_ZONE_ISOLATED_239,1,53.39600524161362,53.39600524161362,32.02877705286488,WARNING,0,2996750.5044235187,697396.000872824,1091_321,HIGH_PRIORITY_RISK_ZONE,9.84014135563809,10.35909679587501,5.0654408184384,0.0,7.766243173821742,P4_LOW,364,Routine monitoring.
RISK_ZONE_ISOLATED_217,1,53.37741086260847,53.37741086260847,32.02040958231257,WATCH,0,3050550.5044235187,663196.000872824,749_859,MONITORING_RISK_ZONE,9.786168938193493,10.302277947810841,5.037657265691273,0.0,7.723645928172058,P4_LOW,365,Routine monitoring.
RISK_ZONE_ISOLATED_159,1,53.08065315076598,53.08065315076598,31.88686861198345,WATCH,0,3025350.5044235187,647596.000872824,593_607,MONITORING_RISK_ZONE,8.924794051781351,9.395475341691103,4.594244579641821,0.0,7.043813536550284,P4_LOW,366,Routine monitoring.
RISK_ZONE_ISOLATED_183,1,52.5330734609768,52.5330734609768,31.64045775157832,WATCH,0,3034650.5044235187,656496.000872824,682_700,MONITORING_RISK_ZONE,7.33537826148808,7.722235961739889,3.776055965206019,0.0,5.789381401319119,P4_LOW,367,Routine monitoring.
RISK_ZONE_ISOLATED_73,1,51.94659770188708,51.94659770188708,31.37654365998794,WATCH,0,3004050.5044235187,628896.000872824,406_394,MONITORING_RISK_ZONE,5.633061960311316,5.930141854170793,2.8997491962048474,0.0,4.445843552025463,P4_LOW,368,Routine monitoring.
RISK_ZONE_ISOLATED_71,1,51.72368089116648,51.72368089116648,31.27623109516368,WATCH,0,3015250.5044235187,628696.000872824,404_506,MONITORING_RISK_ZONE,4.986019154509765,5.248974906042314,2.566668916021078,0.0,3.9351708297431265,P4_LOW,369,Routine monitoring.
RISK_ZONE_ISOLATED_123,1,51.33884471586733,51.33884471586733,31.10305481627905,WATCH,0,3005650.5044235187,638796.000872824,505_410,MONITORING_RISK_ZONE,3.8689859534938003,4.0730309195364285,1.9916501873789774,0.0,3.05356240982424,P4_LOW,370,Routine monitoring.
RISK_ZONE_ISOLATED_196,1,51.066483235809606,51.066483235809606,30.98049215025308,WATCH,0,3023250.5044235187,658996.000872824,707_586,MONITORING_RISK_ZONE,3.0784240587711165,3.2407758843107093,1.5846901299672373,0.0,2.4296185358009534,P4_LOW,371,Routine monitoring.
RISK_ZONE_ISOLATED_126,1,50.96268992380078,50.96268992380078,30.93378515984911,WATCH,0,2997250.5044235187,639496.000872824,512_326,MONITORING_RISK_ZONE,2.7771515095697805,2.923614637706414,1.4296031029577032,0.0,2.1918418825871098,P4_LOW,372,Routine monitoring.
RISK_ZONE_ISOLATED_49,1,50.12911027363913,50.12911027363913,30.558674317276363,WATCH,0,2994050.5044235187,622096.000872824,338_294,MONITORING_RISK_ZONE,0.35758649804759873,0.37644511519650214,0.18407593731312333,0.0,0.2822219314890007,P4_LOW,373,Routine monitoring.
RISK_ZONE_ISOLATED_56,1,50.00591588682762,50.00591588682762,30.503236843211187,WARNING,0,3025450.5044235187,623896.000872824,356_608,HIGH_PRIORITY_RISK_ZONE,0.0,0.0,0.0,0.0,0.0,P4_LOW,374,Routine monitoring.
