{
"type": "FeatureCollection",
"name": "awareon_incidents",
"crs": { "type": "name", "properties": { "name": "urn:ogc:def:crs:OGC:1.3:CRS84" } },
"features": [
{ "type": "Feature", "properties": { "incident_id": "RISK_ZONE_CLUSTER_0", "cell_count": 4, "max_risk_score": 77.123349334361947, "mean_risk_score": 71.09799074735173, "max_alert_priority": 56.854794170092099, "highest_decision_state": "CRITICAL", "active_alert_cells": 0, "latitude": 3006000.5044235187, "longitude": 607921.00087282399, "affected_cells": "193_412,196_414,197_413,199_415", "incident_category": "CRITICAL_RISK_ZONE" }, "geometry": { "type": "Point", "coordinates": [ 88.089374627418806, 27.172414265589573 ] } },
{ "type": "Feature", "properties": { "incident_id": "RISK_ZONE_CLUSTER_1", "cell_count": 8, "max_risk_score": 83.412085230334441, "mean_risk_score": 77.252111629766105, "max_alert_priority": 60.210253280805141, "highest_decision_state": "CRITICAL", "active_alert_cells": 0, "latitude": 3004338.0044235187, "longitude": 608308.50087282399, "affected_cells": "197_397,198_399,199_399,199_400,200_397,201_401,203_393,204_389", "incident_category": "CRITICAL_RISK_ZONE" }, "geometry": { "type": "Point", "coordinates": [ 88.093139377084, 27.157376892153827 ] } },
{ "type": "Feature", "properties": { "incident_id": "RISK_ZONE_CLUSTER_10", "cell_count": 2, "max_risk_score": 84.457548564274731, "mean_risk_score": 79.551391259861319, "max_alert_priority": 60.184374489238856, "highest_decision_state": "CRITICAL", "active_alert_cells": 0, "latitude": 3016850.5044235187, "longitude": 616446.00087282399, "affected_cells": "280_522,283_522", "incident_category": "CRITICAL_RISK_ZONE" }, "geometry": { "type": "Point", "coordinates": [ 88.176442054016618, 27.269656109614022 ] } },
{ "type": "Feature", "properties": { "incident_id": "RISK_ZONE_CLUSTER_100", "cell_count": 2, "max_risk_score": 78.74528962672602, "mean_risk_score": 77.261173774638394, "max_alert_priority": 57.759911756934699, "highest_decision_state": "CRITICAL", "active_alert_cells": 0, "latitude": 3056250.5044235187, "longitude": 659696.00087282399, "affected_cells": "714_915,714_917", "incident_category": "CRITICAL_RISK_ZONE" }, "geometry": { "type": "Point", "coordinates": [ 88.618452467068707, 27.620863517123947 ] } },
{ "type": "Feature", "properties": { "incident_id": "RISK_ZONE_CLUSTER_101", "cell_count": 2, "max_risk_score": 82.477095077109169, "mean_risk_score": 80.907708144958377, "max_alert_priority": 59.985234443123602, "highest_decision_state": "CRITICAL", "active_alert_cells": 0, "latitude": 3048750.5044235187, "longitude": 660146.00087282399, "affected_cells": "718_841,719_841", "incident_category": "CRITICAL_RISK_ZONE" }, "geometry": { "type": "Point", "coordinates": [ 88.62201511950191, 27.553128725244733 ] } },
{ "type": "Feature", "properties": { "incident_id": "RISK_ZONE_CLUSTER_102", "cell_count": 3, "max_risk_score": 81.448828205262458, "mean_risk_score": 77.824743600888624, "max_alert_priority": 59.404188460992415, "highest_decision_state": "CRITICAL", "active_alert_cells": 0, "latitude": 3031250.5044235187, "longitude": 660496.00087282399, "affected_cells": "720_667,722_666,724_665", "incident_category": "CRITICAL_RISK_ZONE" }, "geometry": { "type": "Point", "coordinates": [ 88.623242333916693, 27.395161343436161 ] } },
{ "type": "Feature", "properties": { "incident_id": "RISK_ZONE_CLUSTER_103", "cell_count": 3, "max_risk_score": 78.050114733583086, "mean_risk_score": 73.370767411370011, "max_alert_priority": 57.121592990403869, "highest_decision_state": "CRITICAL", "active_alert_cells": 0, "latitude": 3033750.5044235187, "longitude": 660396.00087282399, "affected_cells": "720_691,721_691,722_691", "incident_category": "CRITICAL_RISK_ZONE" }, "geometry": { "type": "Point", "coordinates": [ 88.622560846861035, 27.417734200710093 ] } },
{ "type": "Feature", "properties": { "incident_id": "RISK_ZONE_CLUSTER_104", "cell_count": 5, "max_risk_score": 83.036358743473741, "mean_risk_score": 77.512157344337112, "max_alert_priority": 60.141801673476927, "highest_decision_state": "CRITICAL", "active_alert_cells": 0, "latitude": 3029510.5044235187, "longitude": 661216.00087282399, "affected_cells": "724_645,729_645,730_648,731_651,732_654", "incident_category": "CRITICAL_RISK_ZONE" }, "geometry": { "type": "Point", "coordinates": [ 88.630291637528899, 27.379373927587249 ] } },
{ "type": "Feature", "properties": { "incident_id": "RISK_ZONE_CLUSTER_105", "cell_count": 2, "max_risk_score": 66.915324198345601, "mean_risk_score": 65.416652829775941, "max_alert_priority": 51.458620638362952, "highest_decision_state": "WATCH", "active_alert_cells": 0, "latitude": 3033150.5044235187, "longitude": 660846.00087282399, "affected_cells": "725_685,726_685", "incident_category": "MONITORING_RISK_ZONE" }, "geometry": { "type": "Point", "coordinates": [ 88.627032191459847, 27.412266512780302 ] } },
{ "type": "Feature", "properties": { "incident_id": "RISK_ZONE_CLUSTER_106", "cell_count": 2, "max_risk_score": 72.999403494002181, "mean_risk_score": 71.25293853654604, "max_alert_priority": 54.114470655974621, "highest_decision_state": "WATCH", "active_alert_cells": 0, "latitude": 3025300.5044235187, "longitude": 660996.00087282399, "affected_cells": "726_607,728_606", "incident_category": "MONITORING_RISK_ZONE" }, "geometry": { "type": "Point", "coordinates": [ 88.627511866986438, 27.341406865855291 ] } },
{ "type": "Feature", "properties": { "incident_id": "RISK_ZONE_CLUSTER_107", "cell_count": 2, "max_risk_score": 75.786282465631359, "mean_risk_score": 74.938558733303012, "max_alert_priority": 56.566838575870818, "highest_decision_state": "CRITICAL", "active_alert_cells": 0, "latitude": 3009100.5044235187, "longitude": 661796.00087282399, "affected_cells": "734_444,736_445", "incident_category": "CRITICAL_RISK_ZONE" }, "geometry": { "type": "Point", "coordinates": [ 88.63345748061586, 27.195114520975423 ] } },
{ "type": "Feature", "properties": { "incident_id": "RISK_ZONE_CLUSTER_108", "cell_count": 4, "max_risk_score": 81.04050667390095, "mean_risk_score": 73.272172891272959, "max_alert_priority": 58.860815318000448, "highest_decision_state": "CRITICAL", "active_alert_cells": 0, "latitude": 3029850.5044235187, "longitude": 662146.00087282399, "affected_cells": "738_651,738_654,739_651,739_652", "incident_category": "CRITICAL_RISK_ZONE" }, "geometry": { "type": "Point", "coordinates": [ 88.639738371481243, 27.382332052346435 ] } },
{ "type": "Feature", "properties": { "incident_id": "RISK_ZONE_CLUSTER_109", "cell_count": 3, "max_risk_score": 81.778412535546792, "mean_risk_score": 78.859476557356672, "max_alert_priority": 59.479361597491398, "highest_decision_state": "CRITICAL", "active_alert_cells": 0, "latitude": 3048383.8377568522, "longitude": 662329.33420615725, "affected_cells": "738_836,741_837,742_839", "incident_category": "CRITICAL_RISK_ZONE" }, "geometry": { "type": "Point", "coordinates": [ 88.644072057757498, 27.549560029539251 ] } },
{ "type": "Feature", "properties": { "incident_id": "RISK_ZONE_CLUSTER_11", "cell_count": 5, "max_risk_score": 78.855588830324038, "mean_risk_score": 71.694264385487571, "max_alert_priority": 57.599002762891431, "highest_decision_state": "CRITICAL", "active_alert_cells": 0, "latitude": 3022150.5044235187, "longitude": 616656.00087282399, "affected_cells": "282_578,283_573,283_574,283_575,287_575", "incident_category": "CRITICAL_RISK_ZONE" }, "geometry": { "type": "Point", "coordinates": [ 88.17906855631135, 27.317477642987122 ] } },
{ "type": "Feature", "properties": { "incident_id": "RISK_ZONE_CLUSTER_110", "cell_count": 2, "max_risk_score": 80.880485252514589, "mean_risk_score": 78.119246398249857, "max_alert_priority": 58.969160154998107, "highest_decision_state": "CRITICAL", "active_alert_cells": 0, "latitude": 3009600.5044235187, "longitude": 662446.00087282399, "affected_cells": "740_449,743_450", "incident_category": "CRITICAL_RISK_ZONE" }, "geometry": { "type": "Point", "coordinates": [ 88.64008360915561, 27.199550230078639 ] } },
{ "type": "Feature", "properties": { "incident_id": "RISK_ZONE_CLUSTER_111", "cell_count": 3, "max_risk_score": 82.536416963574439, "mean_risk_score": 79.685561188419655, "max_alert_priority": 59.877402179072391, "highest_decision_state": "CRITICAL", "active_alert_cells": 0, "latitude": 3055217.1710901856, "longitude": 663262.66753949062, "affected_cells": "747_903,750_906,752_908", "incident_category": "CRITICAL_RISK_ZONE" }, "geometry": { "type": "Point", "coordinates": [ 88.654446868879603, 27.611112369308337 ] } },
{ "type": "Feature", "properties": { "incident_id": "RISK_ZONE_CLUSTER_112", "cell_count": 2, "max_risk_score": 68.424220299330386, "mean_risk_score": 66.814485395675533, "max_alert_priority": 51.923862550899678, "highest_decision_state": "WATCH", "active_alert_cells": 0, "latitude": 3024000.5044235187, "longitude": 663146.00087282399, "affected_cells": "748_594,749_593", "incident_category": "MONITORING_RISK_ZONE" }, "geometry": { "type": "Point", "coordinates": [ 88.649065338596571, 27.329420242443131 ] } },
{ "type": "Feature", "properties": { "incident_id": "RISK_ZONE_CLUSTER_113", "cell_count": 2, "max_risk_score": 82.599174282544425, "mean_risk_score": 80.785358948376327, "max_alert_priority": 58.670733988091357, "highest_decision_state": "CRITICAL", "active_alert_cells": 0, "latitude": 3048850.5044235187, "longitude": 663296.00087282399, "affected_cells": "750_841,750_843", "incident_category": "CRITICAL_RISK_ZONE" }, "geometry": { "type": "Point", "coordinates": [ 88.653922262126457, 27.553655129717207 ] } },
{ "type": "Feature", "properties": { "incident_id": "RISK_ZONE_CLUSTER_114", "cell_count": 2, "max_risk_score": 76.942620809816802, "mean_risk_score": 70.983340855555696, "max_alert_priority": 56.079824294110686, "highest_decision_state": "CRITICAL", "active_alert_cells": 0, "latitude": 3011950.5044235187, "longitude": 663846.00087282399, "affected_cells": "753_473,758_473", "incident_category": "CRITICAL_RISK_ZONE" }, "geometry": { "type": "Point", "coordinates": [ 88.654526774567785, 27.220591845216049 ] } },
{ "type": "Feature", "properties": { "incident_id": "RISK_ZONE_CLUSTER_115", "cell_count": 2, "max_risk_score": 81.906440972182708, "mean_risk_score": 76.556529603574404, "max_alert_priority": 59.694273058048175, "highest_decision_state": "CRITICAL", "active_alert_cells": 0, "latitude": 3010050.5044235187, "longitude": 664196.00087282399, "affected_cells": "758_453,760_455", "incident_category": "CRITICAL_RISK_ZONE" }, "geometry": { "type": "Point", "coordinates": [ 88.65780605748526, 27.203403465403088 ] } },
{ "type": "Feature", "properties": { "incident_id": "RISK_ZONE_CLUSTER_116", "cell_count": 2, "max_risk_score": 76.950884241618809, "mean_risk_score": 76.210549967883381, "max_alert_priority": 57.130624052968535, "highest_decision_state": "CRITICAL", "active_alert_cells": 0, "latitude": 3009850.5044235187, "longitude": 665046.00087282399, "affected_cells": "767_452,768_452", "incident_category": "CRITICAL_RISK_ZONE" }, "geometry": { "type": "Point", "coordinates": [ 88.666358315033406, 27.201496809535595 ] } },
{ "type": "Feature", "properties": { "incident_id": "RISK_ZONE_CLUSTER_117", "cell_count": 3, "max_risk_score": 76.020842201682569, "mean_risk_score": 74.779388178677266, "max_alert_priority": 56.911701449099802, "highest_decision_state": "CRITICAL", "active_alert_cells": 0, "latitude": 3010483.8377568522, "longitude": 666029.33420615725, "affected_cells": "774_458,777_459,781_458", "incident_category": "CRITICAL_RISK_ZONE" }, "geometry": { "type": "Point", "coordinates": [ 88.676368467186208, 27.207093933522547 ] } },
{ "type": "Feature", "properties": { "incident_id": "RISK_ZONE_CLUSTER_118", "cell_count": 7, "max_risk_score": 79.218007840582985, "mean_risk_score": 72.945729059387133, "max_alert_priority": 56.945478361329833, "highest_decision_state": "CRITICAL", "active_alert_cells": 0, "latitude": 3028636.2187092332, "longitude": 666524.57230139547, "affected_cells": "776_641,778_639,778_640,782_640,785_639,787_642,790_638", "incident_category": "CRITICAL_RISK_ZONE" }, "geometry": { "type": "Point", "coordinates": [ 88.683836440618663, 27.37084683734431 ] } },
{ "type": "Feature", "properties": { "incident_id": "RISK_ZONE_CLUSTER_119", "cell_count": 2, "max_risk_score": 70.407496818774064, "mean_risk_score": 70.066169465682265, "max_alert_priority": 53.031560377936202, "highest_decision_state": "WATCH", "active_alert_cells": 0, "latitude": 3057300.5044235187, "longitude": 667146.00087282399, "affected_cells": "787_927,790_926", "incident_category": "MONITORING_RISK_ZONE" }, "geometry": { "type": "Point", "coordinates": [ 88.694074771792572, 27.629437336652131 ] } },
{ "type": "Feature", "properties": { "incident_id": "RISK_ZONE_CLUSTER_12", "cell_count": 2, "max_risk_score": 81.18857315142813, "mean_risk_score": 79.215928976341317, "max_alert_priority": 59.358816767355137, "highest_decision_state": "CRITICAL", "active_alert_cells": 0, "latitude": 3014300.5044235187, "longitude": 617296.00087282399, "affected_cells": "290_496,290_497", "incident_category": "CRITICAL_RISK_ZONE" }, "geometry": { "type": "Point", "coordinates": [ 88.184784055772838, 27.246566528163321 ] } },
{ "type": "Feature", "properties": { "incident_id": "RISK_ZONE_CLUSTER_120", "cell_count": 2, "max_risk_score": 75.593890343164091, "mean_risk_score": 75.292031276455788, "max_alert_priority": 55.274776106138354, "highest_decision_state": "CRITICAL", "active_alert_cells": 0, "latitude": 3029850.5044235187, "longitude": 667246.00087282399, "affected_cells": "789_652,790_652", "incident_category": "CRITICAL_RISK_ZONE" }, "geometry": { "type": "Point", "coordinates": [ 88.691295349241273, 27.38171656917455 ] } },
{ "type": "Feature", "properties": { "incident_id": "RISK_ZONE_CLUSTER_121", "cell_count": 2, "max_risk_score": 80.346310660811611, "mean_risk_score": 79.128492855936372, "max_alert_priority": 57.845767256655492, "highest_decision_state": "CRITICAL", "active_alert_cells": 0, "latitude": 3029500.5044235187, "longitude": 667946.00087282399, "affected_cells": "795_648,798_649", "incident_category": "CRITICAL_RISK_ZONE" }, "geometry": { "type": "Point", "coordinates": [ 88.69832342274421, 27.378472162343588 ] } },
{ "type": "Feature", "properties": { "incident_id": "RISK_ZONE_CLUSTER_122", "cell_count": 2, "max_risk_score": 63.053493352074014, "mean_risk_score": 61.870903222108097, "max_alert_priority": 48.417131555170442, "highest_decision_state": "WATCH", "active_alert_cells": 0, "latitude": 3016050.5044235187, "longitude": 668046.00087282399, "affected_cells": "797_514,798_514", "incident_category": "MONITORING_RISK_ZONE" }, "geometry": { "type": "Point", "coordinates": [ 88.697485143338824, 27.257084316220251 ] } },
{ "type": "Feature", "properties": { "incident_id": "RISK_ZONE_CLUSTER_123", "cell_count": 2, "max_risk_score": 66.00288739531527, "mean_risk_score": 63.374066352519876, "max_alert_priority": 51.022314256306153, "highest_decision_state": "WATCH", "active_alert_cells": 0, "latitude": 3016050.5044235187, "longitude": 668846.00087282399, "affected_cells": "805_515,806_513", "incident_category": "MONITORING_RISK_ZONE" }, "geometry": { "type": "Point", "coordinates": [ 88.70556330242907, 27.256986097067276 ] } },
{ "type": "Feature", "properties": { "incident_id": "RISK_ZONE_CLUSTER_124", "cell_count": 5, "max_risk_score": 81.264977647276851, "mean_risk_score": 74.737829953670968, "max_alert_priority": 57.84061324023989, "highest_decision_state": "CRITICAL", "active_alert_cells": 0, "latitude": 3028690.5044235187, "longitude": 669176.00087282399, "affected_cells": "806_645,808_640,808_641,809_637,813_639", "incident_category": "CRITICAL_RISK_ZONE" }, "geometry": { "type": "Point", "coordinates": [ 88.710644656978772, 27.371010765296791 ] } },
{ "type": "Feature", "properties": { "incident_id": "RISK_ZONE_CLUSTER_125", "cell_count": 2, "max_risk_score": 68.571595334771473, "mean_risk_score": 62.250154562683505, "max_alert_priority": 50.448387464963545, "highest_decision_state": "WATCH", "active_alert_cells": 0, "latitude": 3058250.5044235187, "longitude": 668896.00087282399, "affected_cells": "806_935,806_937", "incident_category": "MONITORING_RISK_ZONE" }, "geometry": { "type": "Point", "coordinates": [ 88.711938571136912, 27.637792152136672 ] } },
{ "type": "Feature", "properties": { "incident_id": "RISK_ZONE_CLUSTER_126", "cell_count": 2, "max_risk_score": 75.545883342781934, "mean_risk_score": 72.314496779465912, "max_alert_priority": 55.81219139206334, "highest_decision_state": "CRITICAL", "active_alert_cells": 0, "latitude": 3016400.5044235187, "longitude": 669596.00087282399, "affected_cells": "812_517,814_518", "incident_category": "CRITICAL_RISK_ZONE" }, "geometry": { "type": "Point", "coordinates": [ 88.713184953143468, 27.260052067243656 ] } },
{ "type": "Feature", "properties": { "incident_id": "RISK_ZONE_CLUSTER_127", "cell_count": 2, "max_risk_score": 69.617741961800988, "mean_risk_score": 68.928195534845912, "max_alert_priority": 51.94810736482799, "highest_decision_state": "WATCH", "active_alert_cells": 0, "latitude": 3028950.5044235187, "longitude": 670196.00087282399, "affected_cells": "818_643,820_643", "incident_category": "MONITORING_RISK_ZONE" }, "geometry": { "type": "Point", "coordinates": [ 88.720991062248373, 27.373230247534053 ] } },
{ "type": "Feature", "properties": { "incident_id": "RISK_ZONE_CLUSTER_128", "cell_count": 3, "max_risk_score": 70.461077039652096, "mean_risk_score": 57.960901423928611, "max_alert_priority": 50.686140747263593, "highest_decision_state": "WATCH", "active_alert_cells": 0, "latitude": 3029117.1710901856, "longitude": 670996.00087282399, "affected_cells": "825_646,826_645,830_643", "incident_category": "MONITORING_RISK_ZONE" }, "geometry": { "type": "Point", "coordinates": [ 88.72910092243886, 27.374634279402034 ] } },
{ "type": "Feature", "properties": { "incident_id": "RISK_ZONE_CLUSTER_129", "cell_count": 2, "max_risk_score": 69.234482644071477, "mean_risk_score": 68.402146339091686, "max_alert_priority": 51.755106596709162, "highest_decision_state": "WATCH", "active_alert_cells": 0, "latitude": 3029500.5044235187, "longitude": 674846.00087282399, "affected_cells": "864_648,867_649", "incident_category": "MONITORING_RISK_ZONE" }, "geometry": { "type": "Point", "coordinates": [ 88.768072025552513, 27.377605737085332 ] } },
{ "type": "Feature", "properties": { "incident_id": "RISK_ZONE_CLUSTER_13", "cell_count": 8, "max_risk_score": 82.115147741539531, "mean_risk_score": 76.257412378706192, "max_alert_priority": 59.484179543889873, "highest_decision_state": "CRITICAL", "active_alert_cells": 0, "latitude": 3018313.0044235187, "longitude": 617908.50087282399, "affected_cells": "292_534,293_535,294_537,295_538,296_534,297_537,300_539,302_539", "incident_category": "CRITICAL_RISK_ZONE" }, "geometry": { "type": "Point", "coordinates": [ 88.191355765200825, 27.282732056822759 ] } },
{ "type": "Feature", "properties": { "incident_id": "RISK_ZONE_CLUSTER_130", "cell_count": 5, "max_risk_score": 83.15588404593386, "mean_risk_score": 80.063636015429694, "max_alert_priority": 59.9892761670746, "highest_decision_state": "CRITICAL", "active_alert_cells": 0, "latitude": 3016930.5044235187, "longitude": 677136.00087282399, "affected_cells": "886_522,887_524,888_520,889_524,892_524", "incident_category": "CRITICAL_RISK_ZONE" }, "geometry": { "type": "Point", "coordinates": [ 88.789397911563896, 27.263881857383041 ] } },
{ "type": "Feature", "properties": { "incident_id": "RISK_ZONE_CLUSTER_131", "cell_count": 2, "max_risk_score": 67.83770301064888, "mean_risk_score": 62.589894698439764, "max_alert_priority": 50.108511270375971, "highest_decision_state": "WATCH", "active_alert_cells": 0, "latitude": 3030100.5044235187, "longitude": 679046.00087282399, "affected_cells": "906_656,909_653", "incident_category": "MONITORING_RISK_ZONE" }, "geometry": { "type": "Point", "coordinates": [ 88.81061431390701, 27.382475443278388 ] } },
{ "type": "Feature", "properties": { "incident_id": "RISK_ZONE_CLUSTER_132", "cell_count": 3, "max_risk_score": 79.213598336544095, "mean_risk_score": 72.261149463028019, "max_alert_priority": 57.318465488230153, "highest_decision_state": "CRITICAL", "active_alert_cells": 0, "latitude": 3027817.1710901856, "longitude": 681796.00087282399, "affected_cells": "932_635,936_632,937_628", "incident_category": "CRITICAL_RISK_ZONE" }, "geometry": { "type": "Point", "coordinates": [ 88.838071810097375, 27.361508343124672 ] } },
{ "type": "Feature", "properties": { "incident_id": "RISK_ZONE_CLUSTER_14", "cell_count": 2, "max_risk_score": 77.034062960822396, "mean_risk_score": 76.341663805895763, "max_alert_priority": 57.305846876776215, "highest_decision_state": "CRITICAL", "active_alert_cells": 0, "latitude": 3006950.5044235187, "longitude": 618046.00087282399, "affected_cells": "297_422,298_424", "incident_category": "CRITICAL_RISK_ZONE" }, "geometry": { "type": "Point", "coordinates": [ 88.191652241727454, 27.18015848444881 ] } },
{ "type": "Feature", "properties": { "incident_id": "RISK_ZONE_CLUSTER_15", "cell_count": 2, "max_risk_score": 77.736691519714668, "mean_risk_score": 74.193582789065914, "max_alert_priority": 56.989969530142538, "highest_decision_state": "CRITICAL", "active_alert_cells": 0, "latitude": 3007650.5044235187, "longitude": 619446.00087282399, "affected_cells": "311_430,312_430", "incident_category": "CRITICAL_RISK_ZONE" }, "geometry": { "type": "Point", "coordinates": [ 88.205850401753736, 27.186356145362844 ] } },
{ "type": "Feature", "properties": { "incident_id": "RISK_ZONE_CLUSTER_16", "cell_count": 3, "max_risk_score": 78.962630468124416, "mean_risk_score": 73.367314937415372, "max_alert_priority": 57.572626810829647, "highest_decision_state": "CRITICAL", "active_alert_cells": 0, "latitude": 3023850.5044235187, "longitude": 620129.33420615725, "affected_cells": "317_593,318_593,320_590", "incident_category": "CRITICAL_RISK_ZONE" }, "geometry": { "type": "Point", "coordinates": [ 88.214335187494257, 27.332521556014623 ] } },
{ "type": "Feature", "properties": { "incident_id": "RISK_ZONE_CLUSTER_17", "cell_count": 2, "max_risk_score": 70.317397042595644, "mean_risk_score": 69.327079526993927, "max_alert_priority": 53.731410316013957, "highest_decision_state": "WATCH", "active_alert_cells": 0, "latitude": 3024800.5044235187, "longitude": 621246.00087282399, "affected_cells": "328_603,331_600", "incident_category": "MONITORING_RISK_ZONE" }, "geometry": { "type": "Point", "coordinates": [ 88.225715340604452, 27.340997784547483 ] } },
{ "type": "Feature", "properties": { "incident_id": "RISK_ZONE_CLUSTER_18", "cell_count": 2, "max_risk_score": 78.853184684637526, "mean_risk_score": 72.10755242334676, "max_alert_priority": 56.877087967663563, "highest_decision_state": "CRITICAL", "active_alert_cells": 0, "latitude": 3014250.5044235187, "longitude": 621396.00087282399, "affected_cells": "330_497,332_495", "incident_category": "CRITICAL_RISK_ZONE" }, "geometry": { "type": "Point", "coordinates": [ 88.2261848643235, 27.245758693159015 ] } },
{ "type": "Feature", "properties": { "incident_id": "RISK_ZONE_CLUSTER_19", "cell_count": 2, "max_risk_score": 81.872035514929479, "mean_risk_score": 79.023102651973318, "max_alert_priority": 59.705331709291677, "highest_decision_state": "CRITICAL", "active_alert_cells": 0, "latitude": 3000650.5044235187, "longitude": 621546.00087282399, "affected_cells": "331_361,334_359", "incident_category": "CRITICAL_RISK_ZONE" }, "geometry": { "type": "Point", "coordinates": [ 88.226356460506139, 27.122988015868181 ] } },
{ "type": "Feature", "properties": { "incident_id": "RISK_ZONE_CLUSTER_2", "cell_count": 2, "max_risk_score": 73.846620387002133, "mean_risk_score": 72.663762432642997, "max_alert_priority": 55.70360349624579, "highest_decision_state": "WATCH", "active_alert_cells": 0, "latitude": 3019700.5044235187, "longitude": 609046.00087282399, "affected_cells": "207_551,208_550", "incident_category": "MONITORING_RISK_ZONE" }, "geometry": { "type": "Point", "coordinates": [ 88.101946013273633, 27.295990308802111 ] } },
{ "type": "Feature", "properties": { "incident_id": "RISK_ZONE_CLUSTER_20", "cell_count": 2, "max_risk_score": 81.576398070788684, "mean_risk_score": 76.301337844549437, "max_alert_priority": 58.512015189630034, "highest_decision_state": "CRITICAL", "active_alert_cells": 0, "latitude": 3018200.5044235187, "longitude": 621596.00087282399, "affected_cells": "332_535,334_536", "incident_category": "CRITICAL_RISK_ZONE" }, "geometry": { "type": "Point", "coordinates": [ 88.228596522320373, 27.281394371752473 ] } },
{ "type": "Feature", "properties": { "incident_id": "RISK_ZONE_CLUSTER_21", "cell_count": 2, "max_risk_score": 70.527611059373868, "mean_risk_score": 68.400087297668108, "max_alert_priority": 53.325328981201821, "highest_decision_state": "WATCH", "active_alert_cells": 0, "latitude": 3004500.5044235187, "longitude": 621946.00087282399, "affected_cells": "336_399,337_398", "incident_category": "MONITORING_RISK_ZONE" }, "geometry": { "type": "Point", "coordinates": [ 88.230772202150035, 27.157704068423701 ] } },
{ "type": "Feature", "properties": { "incident_id": "RISK_ZONE_CLUSTER_22", "cell_count": 7, "max_risk_score": 78.265165977645779, "mean_risk_score": 72.291014813797759, "max_alert_priority": 57.704793046737571, "highest_decision_state": "CRITICAL", "active_alert_cells": 0, "latitude": 3011250.5044235191, "longitude": 622281.71515853831, "affected_cells": "338_466,339_465,339_466,339_467,340_465,342_465,342_468", "incident_category": "CRITICAL_RISK_ZONE" }, "geometry": { "type": "Point", "coordinates": [ 88.234830693063572, 27.218601494729295 ] } },
{ "type": "Feature", "properties": { "incident_id": "RISK_ZONE_CLUSTER_23", "cell_count": 3, "max_risk_score": 82.02844343111957, "mean_risk_score": 79.775686001453991, "max_alert_priority": 59.783939219341065, "highest_decision_state": "CRITICAL", "active_alert_cells": 0, "latitude": 3013550.5044235187, "longitude": 622262.66753949062, "affected_cells": "339_490,339_491,341_486", "incident_category": "CRITICAL_RISK_ZONE" }, "geometry": { "type": "Point", "coordinates": [ 88.234867412734516, 27.239363440088368 ] } },
{ "type": "Feature", "properties": { "incident_id": "RISK_ZONE_CLUSTER_24", "cell_count": 3, "max_risk_score": 74.891455312460721, "mean_risk_score": 74.325422631979322, "max_alert_priority": 56.166055583291318, "highest_decision_state": "WATCH", "active_alert_cells": 0, "latitude": 3015717.1710901856, "longitude": 623429.33420615725, "affected_cells": "350_510,351_510,353_512", "incident_category": "MONITORING_RISK_ZONE" }, "geometry": { "type": "Point", "coordinates": [ 88.246866676378787, 27.258815659546773 ] } },
{ "type": "Feature", "properties": { "incident_id": "RISK_ZONE_CLUSTER_25", "cell_count": 2, "max_risk_score": 83.187960878257854, "mean_risk_score": 81.938127218963814, "max_alert_priority": 60.383310422688119, "highest_decision_state": "CRITICAL", "active_alert_cells": 0, "latitude": 3001400.5044235187, "longitude": 625296.00087282399, "affected_cells": "368_367,372_368", "incident_category": "CRITICAL_RISK_ZONE" }, "geometry": { "type": "Point", "coordinates": [ 88.26426144200309, 27.129422241575423 ] } },
{ "type": "Feature", "properties": { "incident_id": "RISK_ZONE_CLUSTER_26", "cell_count": 2, "max_risk_score": 79.910055770729159, "mean_risk_score": 76.700729869203698, "max_alert_priority": 58.383500737936572, "highest_decision_state": "CRITICAL", "active_alert_cells": 0, "latitude": 3026000.5044235187, "longitude": 625896.00087282399, "affected_cells": "376_613,376_614", "incident_category": "CRITICAL_RISK_ZONE" }, "geometry": { "type": "Point", "coordinates": [ 88.272838276500607, 27.351408529398007 ] } },
{ "type": "Feature", "properties": { "incident_id": "RISK_ZONE_CLUSTER_27", "cell_count": 5, "max_risk_score": 80.955727270961276, "mean_risk_score": 77.877938463117943, "max_alert_priority": 59.281985554911593, "highest_decision_state": "CRITICAL", "active_alert_cells": 0, "latitude": 3011470.5044235187, "longitude": 626616.00087282399, "affected_cells": "379_464,381_468,384_469,386_469,386_471", "incident_category": "CRITICAL_RISK_ZONE" }, "geometry": { "type": "Point", "coordinates": [ 88.278613381721158, 27.220194687811276 ] } },
{ "type": "Feature", "properties": { "incident_id": "RISK_ZONE_CLUSTER_28", "cell_count": 2, "max_risk_score": 78.975304928458627, "mean_risk_score": 78.813492775467807, "max_alert_priority": 58.333818730126957, "highest_decision_state": "CRITICAL", "active_alert_cells": 0, "latitude": 3015750.5044235187, "longitude": 629046.00087282399, "affected_cells": "406_513,409_509", "incident_category": "CRITICAL_RISK_ZONE" }, "geometry": { "type": "Point", "coordinates": [ 88.303597376120152, 27.258599648734542 ] } },
{ "type": "Feature", "properties": { "incident_id": "RISK_ZONE_CLUSTER_29", "cell_count": 2, "max_risk_score": 81.568540954721584, "mean_risk_score": 81.269684850991922, "max_alert_priority": 59.520952778449868, "highest_decision_state": "CRITICAL", "active_alert_cells": 0, "latitude": 3013600.5044235187, "longitude": 629246.00087282399, "affected_cells": "409_488,410_491", "incident_category": "CRITICAL_RISK_ZONE" }, "geometry": { "type": "Point", "coordinates": [ 88.305390759879401, 27.239175087373056 ] } },
{ "type": "Feature", "properties": { "incident_id": "RISK_ZONE_CLUSTER_3", "cell_count": 5, "max_risk_score": 82.314991039198404, "mean_risk_score": 75.123403263693831, "max_alert_priority": 59.823186924717987, "highest_decision_state": "CRITICAL", "active_alert_cells": 0, "latitude": 3018510.5044235187, "longitude": 609376.00087282399, "affected_cells": "208_541,208_542,212_536,212_538,214_536", "incident_category": "CRITICAL_RISK_ZONE" }, "geometry": { "type": "Point", "coordinates": [ 88.105173921165672, 27.285222417170591 ] } },
{ "type": "Feature", "properties": { "incident_id": "RISK_ZONE_CLUSTER_30", "cell_count": 4, "max_risk_score": 77.911406894961928, "mean_risk_score": 74.231234085414627, "max_alert_priority": 56.784356107240953, "highest_decision_state": "CRITICAL", "active_alert_cells": 0, "latitude": 3030675.5044235187, "longitude": 629396.00087282399, "affected_cells": "409_663,410_662,412_660,413_656", "incident_category": "CRITICAL_RISK_ZONE" }, "geometry": { "type": "Point", "coordinates": [ 88.308713078314199, 27.393276950913695 ] } },
{ "type": "Feature", "properties": { "incident_id": "RISK_ZONE_CLUSTER_31", "cell_count": 2, "max_risk_score": 81.06302014179866, "mean_risk_score": 77.154884676895676, "max_alert_priority": 58.624675335488263, "highest_decision_state": "CRITICAL", "active_alert_cells": 0, "latitude": 3012450.5044235187, "longitude": 629446.00087282399, "affected_cells": "410_480,413_476", "incident_category": "CRITICAL_RISK_ZONE" }, "geometry": { "type": "Point", "coordinates": [ 88.307289071003822, 27.22877642008465 ] } },
{ "type": "Feature", "properties": { "incident_id": "RISK_ZONE_CLUSTER_32", "cell_count": 2, "max_risk_score": 79.371176755825132, "mean_risk_score": 76.453535593789482, "max_alert_priority": 58.575374831186778, "highest_decision_state": "CRITICAL", "active_alert_cells": 0, "latitude": 3003950.5044235187, "longitude": 629996.00087282399, "affected_cells": "415_392,419_394", "incident_category": "CRITICAL_RISK_ZONE" }, "geometry": { "type": "Point", "coordinates": [ 88.31194425856232, 27.152003709767847 ] } },
{ "type": "Feature", "properties": { "incident_id": "RISK_ZONE_CLUSTER_33", "cell_count": 2, "max_risk_score": 79.608996545022265, "mean_risk_score": 76.137777618748459, "max_alert_priority": 57.747227593036229, "highest_decision_state": "CRITICAL", "active_alert_cells": 0, "latitude": 3001000.5044235187, "longitude": 630646.00087282399, "affected_cells": "422_365,425_362", "incident_category": "CRITICAL_RISK_ZONE" }, "geometry": { "type": "Point", "coordinates": [ 88.318190353057247, 27.125315488218128 ] } },
{ "type": "Feature", "properties": { "incident_id": "RISK_ZONE_CLUSTER_34", "cell_count": 2, "max_risk_score": 77.124159844087046, "mean_risk_score": 72.649257745405777, "max_alert_priority": 57.032362314077744, "highest_decision_state": "CRITICAL", "active_alert_cells": 0, "latitude": 3009900.5044235187, "longitude": 631096.00087282399, "affected_cells": "428_451,428_454", "incident_category": "CRITICAL_RISK_ZONE" }, "geometry": { "type": "Point", "coordinates": [ 88.323676922444335, 27.205603892003605 ] } },
{ "type": "Feature", "properties": { "incident_id": "RISK_ZONE_CLUSTER_35", "cell_count": 5, "max_risk_score": 80.168568511439247, "mean_risk_score": 74.39093908140552, "max_alert_priority": 58.540781252222253, "highest_decision_state": "CRITICAL", "active_alert_cells": 0, "latitude": 3001550.5044235187, "longitude": 633016.00087282399, "affected_cells": "445_369,446_365,448_373,448_377,449_361", "incident_category": "CRITICAL_RISK_ZONE" }, "geometry": { "type": "Point", "coordinates": [ 88.342157166495866, 27.130053291767542 ] } },
{ "type": "Feature", "properties": { "incident_id": "RISK_ZONE_CLUSTER_36", "cell_count": 3, "max_risk_score": 83.484499720951675, "mean_risk_score": 80.139589099631095, "max_alert_priority": 59.950419420249759, "highest_decision_state": "CRITICAL", "active_alert_cells": 0, "latitude": 3004650.5044235187, "longitude": 633296.00087282399, "affected_cells": "448_400,449_400,453_400", "incident_category": "CRITICAL_RISK_ZONE" }, "geometry": { "type": "Point", "coordinates": [ 88.345316857614989, 27.158006588936459 ] } },
{ "type": "Feature", "properties": { "incident_id": "RISK_ZONE_CLUSTER_37", "cell_count": 3, "max_risk_score": 80.106808304641604, "mean_risk_score": 76.958005960916154, "max_alert_priority": 58.598940045597743, "highest_decision_state": "CRITICAL", "active_alert_cells": 0, "latitude": 3014150.5044235187, "longitude": 633762.66753949062, "affected_cells": "452_495,454_496,458_494", "incident_category": "CRITICAL_RISK_ZONE" }, "geometry": { "type": "Point", "coordinates": [ 88.351059176453802, 27.243706637033519 ] } },
{ "type": "Feature", "properties": { "incident_id": "RISK_ZONE_CLUSTER_38", "cell_count": 3, "max_risk_score": 78.840824233840991, "mean_risk_score": 76.468381490269579, "max_alert_priority": 57.927511398974573, "highest_decision_state": "CRITICAL", "active_alert_cells": 0, "latitude": 3005517.1710901856, "longitude": 633596.00087282399, "affected_cells": "453_407,453_408,453_411", "incident_category": "CRITICAL_RISK_ZONE" }, "geometry": { "type": "Point", "coordinates": [ 88.348437963290564, 27.165799957199976 ] } },
{ "type": "Feature", "properties": { "incident_id": "RISK_ZONE_CLUSTER_39", "cell_count": 2, "max_risk_score": 79.461318773924461, "mean_risk_score": 76.910220685803012, "max_alert_priority": 58.136366483928107, "highest_decision_state": "CRITICAL", "active_alert_cells": 0, "latitude": 3009250.5044235187, "longitude": 633996.00087282399, "affected_cells": "455_445,459_447", "incident_category": "CRITICAL_RISK_ZONE" }, "geometry": { "type": "Point", "coordinates": [ 88.352880865816232, 27.199457546052081 ] } },
{ "type": "Feature", "properties": { "incident_id": "RISK_ZONE_CLUSTER_4", "cell_count": 3, "max_risk_score": 84.16187627803059, "mean_risk_score": 79.837881009336726, "max_alert_priority": 60.619869616822307, "highest_decision_state": "CRITICAL", "active_alert_cells": 0, "latitude": 3016883.8377568522, "longitude": 612962.66753949062, "affected_cells": "243_522,247_523,250_522", "incident_category": "CRITICAL_RISK_ZONE" }, "geometry": { "type": "Point", "coordinates": [ 88.141259104424904, 27.270248405494719 ] } },
{ "type": "Feature", "properties": { "incident_id": "RISK_ZONE_CLUSTER_40", "cell_count": 2, "max_risk_score": 78.713848020530605, "mean_risk_score": 77.426387715468707, "max_alert_priority": 58.084166847571034, "highest_decision_state": "CRITICAL", "active_alert_cells": 0, "latitude": 3018800.5044235187, "longitude": 635546.00087282399, "affected_cells": "472_543,473_540", "incident_category": "CRITICAL_RISK_ZONE" }, "geometry": { "type": "Point", "coordinates": [ 88.369581738757347, 27.285501046029719 ] } },
{ "type": "Feature", "properties": { "incident_id": "RISK_ZONE_CLUSTER_41", "cell_count": 2, "max_risk_score": 78.236676060361731, "mean_risk_score": 77.957187651607626, "max_alert_priority": 58.117669954736186, "highest_decision_state": "CRITICAL", "active_alert_cells": 0, "latitude": 3002700.5044235187, "longitude": 635596.00087282399, "affected_cells": "473_380,473_381", "incident_category": "CRITICAL_RISK_ZONE" }, "geometry": { "type": "Point", "coordinates": [ 88.368310307731491, 27.140181794042466 ] } },
{ "type": "Feature", "properties": { "incident_id": "RISK_ZONE_CLUSTER_42", "cell_count": 4, "max_risk_score": 82.083145540126282, "mean_risk_score": 80.659035450169824, "max_alert_priority": 59.847514739084097, "highest_decision_state": "CRITICAL", "active_alert_cells": 0, "latitude": 3011925.5044235187, "longitude": 635971.00087282399, "affected_cells": "474_471,476_474,477_475,480_471", "incident_category": "CRITICAL_RISK_ZONE" }, "geometry": { "type": "Point", "coordinates": [ 88.373112674070256, 27.223407502390842 ] } },
{ "type": "Feature", "properties": { "incident_id": "RISK_ZONE_CLUSTER_43", "cell_count": 2, "max_risk_score": 79.474975146379137, "mean_risk_score": 77.653185418925432, "max_alert_priority": 58.618149720440243, "highest_decision_state": "CRITICAL", "active_alert_cells": 0, "latitude": 3003150.5044235187, "longitude": 635946.00087282399, "affected_cells": "475_386,478_384", "incident_category": "CRITICAL_RISK_ZONE" }, "geometry": { "type": "Point", "coordinates": [ 88.371890969592698, 27.144208944744776 ] } },
{ "type": "Feature", "properties": { "incident_id": "RISK_ZONE_CLUSTER_44", "cell_count": 2, "max_risk_score": 81.282186531780454, "mean_risk_score": 78.800805738264131, "max_alert_priority": 58.461308864498193, "highest_decision_state": "CRITICAL", "active_alert_cells": 0, "latitude": 3020950.5044235187, "longitude": 636046.00087282399, "affected_cells": "477_561,478_565", "incident_category": "CRITICAL_RISK_ZONE" }, "geometry": { "type": "Point", "coordinates": [ 88.374871696500819, 27.304856546712099 ] } },
{ "type": "Feature", "properties": { "incident_id": "RISK_ZONE_CLUSTER_45", "cell_count": 2, "max_risk_score": 76.086048748930267, "mean_risk_score": 67.124709259438902, "max_alert_priority": 53.297642299829803, "highest_decision_state": "CRITICAL", "active_alert_cells": 0, "latitude": 3012750.5044235187, "longitude": 636496.00087282399, "affected_cells": "482_479,482_483", "incident_category": "CRITICAL_RISK_ZONE" }, "geometry": { "type": "Point", "coordinates": [ 88.378504889007672, 27.230801628778256 ] } },
{ "type": "Feature", "properties": { "incident_id": "RISK_ZONE_CLUSTER_46", "cell_count": 5, "max_risk_score": 82.9871938625393, "mean_risk_score": 76.1022639484477, "max_alert_priority": 59.851818724260362, "highest_decision_state": "CRITICAL", "active_alert_cells": 0, "latitude": 3006270.5044235187, "longitude": 637176.00087282399, "affected_cells": "486_416,489_412,489_418,489_419,491_416", "incident_category": "CRITICAL_RISK_ZONE" }, "geometry": { "type": "Point", "coordinates": [ 88.384647821160641, 27.17224742340953 ] } },
{ "type": "Feature", "properties": { "incident_id": "RISK_ZONE_CLUSTER_47", "cell_count": 5, "max_risk_score": 79.50980892347161, "mean_risk_score": 75.879257263429167, "max_alert_priority": 58.395129032572548, "highest_decision_state": "CRITICAL", "active_alert_cells": 0, "latitude": 3001950.5044235187, "longitude": 637696.00087282399, "affected_cells": "489_371,491_371,495_374,496_376,499_373", "incident_category": "CRITICAL_RISK_ZONE" }, "geometry": { "type": "Point", "coordinates": [ 88.38941287399571, 27.133204353022464 ] } },
{ "type": "Feature", "properties": { "incident_id": "RISK_ZONE_CLUSTER_48", "cell_count": 2, "max_risk_score": 77.549279752376577, "mean_risk_score": 75.179346985791639, "max_alert_priority": 56.735315132499522, "highest_decision_state": "CRITICAL", "active_alert_cells": 0, "latitude": 3008800.5044235187, "longitude": 637496.00087282399, "affected_cells": "491_442,493_441", "incident_category": "CRITICAL_RISK_ZONE" }, "geometry": { "type": "Point", "coordinates": [ 88.388159770214514, 27.19505052408438 ] } },
{ "type": "Feature", "properties": { "incident_id": "RISK_ZONE_CLUSTER_49", "cell_count": 2, "max_risk_score": 75.922628547788548, "mean_risk_score": 74.782442349829125, "max_alert_priority": 56.969123970903652, "highest_decision_state": "CRITICAL", "active_alert_cells": 0, "latitude": 3015450.5044235187, "longitude": 637596.00087282399, "affected_cells": "492_508,494_508", "incident_category": "CRITICAL_RISK_ZONE" }, "geometry": { "type": "Point", "coordinates": [ 88.389914201524959, 27.255061030788667 ] } },
{ "type": "Feature", "properties": { "incident_id": "RISK_ZONE_CLUSTER_5", "cell_count": 7, "max_risk_score": 82.401788494024274, "mean_risk_score": 78.14500461932937, "max_alert_priority": 59.946497966253837, "highest_decision_state": "CRITICAL", "active_alert_cells": 0, "latitude": 3000664.7901378046, "longitude": 613138.85801568115, "affected_cells": "246_358,247_358,247_361,248_366,249_358,250_362,252_358", "incident_category": "CRITICAL_RISK_ZONE" }, "geometry": { "type": "Point", "coordinates": [ 88.141546760764555, 27.123831988260029 ] } },
{ "type": "Feature", "properties": { "incident_id": "RISK_ZONE_CLUSTER_50", "cell_count": 6, "max_risk_score": 82.194472055950541, "mean_risk_score": 76.609359759015362, "max_alert_priority": 59.858743575289672, "highest_decision_state": "CRITICAL", "active_alert_cells": 0, "latitude": 3011200.5044235187, "longitude": 637846.00087282399, "affected_cells": "494_471,495_461,495_469,496_463,496_465,497_464", "incident_category": "CRITICAL_RISK_ZONE" }, "geometry": { "type": "Point", "coordinates": [ 88.391961647008955, 27.216677068535219 ] } },
{ "type": "Feature", "properties": { "incident_id": "RISK_ZONE_CLUSTER_51", "cell_count": 2, "max_risk_score": 81.104892882670654, "mean_risk_score": 80.366317594661723, "max_alert_priority": 59.456162205626271, "highest_decision_state": "CRITICAL", "active_alert_cells": 0, "latitude": 3004250.5044235187, "longitude": 637796.00087282399, "affected_cells": "495_395,495_397", "incident_category": "CRITICAL_RISK_ZONE" }, "geometry": { "type": "Point", "coordinates": [ 88.390678658641406, 27.153953569834545 ] } },
{ "type": "Feature", "properties": { "incident_id": "RISK_ZONE_CLUSTER_52", "cell_count": 3, "max_risk_score": 81.463441778711299, "mean_risk_score": 77.740988378553951, "max_alert_priority": 59.415180123547529, "highest_decision_state": "CRITICAL", "active_alert_cells": 0, "latitude": 3017550.5044235187, "longitude": 638262.66753949062, "affected_cells": "497_527,501_529,501_531", "incident_category": "CRITICAL_RISK_ZONE" }, "geometry": { "type": "Point", "coordinates": [ 88.396883770603125, 27.273947689429381 ] } },
{ "type": "Feature", "properties": { "incident_id": "RISK_ZONE_CLUSTER_53", "cell_count": 8, "max_risk_score": 80.813109359393323, "mean_risk_score": 73.053812328268663, "max_alert_priority": 58.739880445609288, "highest_decision_state": "CRITICAL", "active_alert_cells": 0, "latitude": 2998488.0044235187, "longitude": 638808.50087282399, "affected_cells": "500_338,500_339,505_335,505_338,506_339,508_338,508_340,509_340", "incident_category": "CRITICAL_RISK_ZONE" }, "geometry": { "type": "Point", "coordinates": [ 88.40024660315504, 27.101841221063044 ] } },
{ "type": "Feature", "properties": { "incident_id": "RISK_ZONE_CLUSTER_54", "cell_count": 2, "max_risk_score": 81.248389264434081, "mean_risk_score": 77.358244564218865, "max_alert_priority": 59.19680690642096, "highest_decision_state": "CRITICAL", "active_alert_cells": 0, "latitude": 3010900.5044235187, "longitude": 638746.00087282399, "affected_cells": "503_461,506_464", "incident_category": "CRITICAL_RISK_ZONE" }, "geometry": { "type": "Point", "coordinates": [ 88.401013732889666, 27.213878816700579 ] } },
{ "type": "Feature", "properties": { "incident_id": "RISK_ZONE_CLUSTER_55", "cell_count": 2, "max_risk_score": 82.850474036027322, "mean_risk_score": 82.001297082440772, "max_alert_priority": 60.127236224636761, "highest_decision_state": "CRITICAL", "active_alert_cells": 0, "latitude": 3002250.5044235187, "longitude": 639046.00087282399, "affected_cells": "506_378,509_374", "incident_category": "CRITICAL_RISK_ZONE" }, "geometry": { "type": "Point", "coordinates": [ 88.403065487025003, 27.135776621287466 ] } },
{ "type": "Feature", "properties": { "incident_id": "RISK_ZONE_CLUSTER_56", "cell_count": 3, "max_risk_score": 81.10004750513113, "mean_risk_score": 78.612246383640766, "max_alert_priority": 58.965486841357652, "highest_decision_state": "CRITICAL", "active_alert_cells": 0, "latitude": 3006783.8377568522, "longitude": 638929.33420615725, "affected_cells": "506_420,506_422,507_422", "incident_category": "CRITICAL_RISK_ZONE" }, "geometry": { "type": "Point", "coordinates": [ 88.402399542054653, 27.176704795821617 ] } },
{ "type": "Feature", "properties": { "incident_id": "RISK_ZONE_CLUSTER_57", "cell_count": 3, "max_risk_score": 81.800404009800559, "mean_risk_score": 79.238313569445793, "max_alert_priority": 59.411607025848213, "highest_decision_state": "CRITICAL", "active_alert_cells": 0, "latitude": 3005117.1710901856, "longitude": 639996.00087282399, "affected_cells": "515_405,517_406,519_403", "incident_category": "CRITICAL_RISK_ZONE" }, "geometry": { "type": "Point", "coordinates": [ 88.41297475659303, 27.161554032244194 ] } },
{ "type": "Feature", "properties": { "incident_id": "RISK_ZONE_CLUSTER_58", "cell_count": 2, "max_risk_score": 64.296868556815753, "mean_risk_score": 55.594231180654916, "max_alert_priority": 47.132485620463413, "highest_decision_state": "WATCH", "active_alert_cells": 0, "latitude": 2997050.5044235187, "longitude": 640246.00087282399, "affected_cells": "518_325,521_323", "incident_category": "MONITORING_RISK_ZONE" }, "geometry": { "type": "Point", "coordinates": [ 88.414580937310816, 27.088721531914128 ] } },
{ "type": "Feature", "properties": { "incident_id": "RISK_ZONE_CLUSTER_59", "cell_count": 2, "max_risk_score": 71.060188679396092, "mean_risk_score": 68.732590266678528, "max_alert_priority": 53.841241956633489, "highest_decision_state": "WATCH", "active_alert_cells": 0, "latitude": 3021900.5044235187, "longitude": 640346.00087282399, "affected_cells": "520_574,521_571", "incident_category": "MONITORING_RISK_ZONE" }, "geometry": { "type": "Point", "coordinates": [ 88.418425626333246, 27.312996661774381 ] } },
{ "type": "Feature", "properties": { "incident_id": "RISK_ZONE_CLUSTER_6", "cell_count": 3, "max_risk_score": 80.210436247538709, "mean_risk_score": 75.742460825796528, "max_alert_priority": 58.439387893865522, "highest_decision_state": "CRITICAL", "active_alert_cells": 0, "latitude": 3005150.5044235187, "longitude": 613262.66753949062, "affected_cells": "248_404,250_404,251_407", "incident_category": "CRITICAL_RISK_ZONE" }, "geometry": { "type": "Point", "coordinates": [ 88.143207762622225, 27.164312607002426 ] } },
{ "type": "Feature", "properties": { "incident_id": "RISK_ZONE_CLUSTER_60", "cell_count": 2, "max_risk_score": 80.667507278645147, "mean_risk_score": 80.266323048851689, "max_alert_priority": 59.176961109063953, "highest_decision_state": "CRITICAL", "active_alert_cells": 0, "latitude": 3015850.5044235187, "longitude": 640696.00087282399, "affected_cells": "522_511,526_513", "incident_category": "CRITICAL_RISK_ZONE" }, "geometry": { "type": "Point", "coordinates": [ 88.421266775539337, 27.258356830225804 ] } },
{ "type": "Feature", "properties": { "incident_id": "RISK_ZONE_CLUSTER_61", "cell_count": 4, "max_risk_score": 82.312030599401027, "mean_risk_score": 81.575894323926576, "max_alert_priority": 59.894084244681537, "highest_decision_state": "CRITICAL", "active_alert_cells": 0, "latitude": 3004775.5044235187, "longitude": 641221.00087282399, "affected_cells": "524_401,527_403,531_402,535_399", "incident_category": "CRITICAL_RISK_ZONE" }, "geometry": { "type": "Point", "coordinates": [ 88.42529640316576, 27.158345250291877 ] } },
{ "type": "Feature", "properties": { "incident_id": "RISK_ZONE_CLUSTER_62", "cell_count": 2, "max_risk_score": 78.293537495409282, "mean_risk_score": 70.154125797038702, "max_alert_priority": 55.050299208780977, "highest_decision_state": "CRITICAL", "active_alert_cells": 0, "latitude": 3006850.5044235187, "longitude": 641646.00087282399, "affected_cells": "533_421,534_423", "incident_category": "CRITICAL_RISK_ZONE" }, "geometry": { "type": "Point", "coordinates": [ 88.429823323342987, 27.177029652331683 ] } },
{ "type": "Feature", "properties": { "incident_id": "RISK_ZONE_CLUSTER_63", "cell_count": 2, "max_risk_score": 79.931541053122274, "mean_risk_score": 79.898578114120284, "max_alert_priority": 58.923918168043777, "highest_decision_state": "CRITICAL", "active_alert_cells": 0, "latitude": 3017250.5044235187, "longitude": 641596.00087282399, "affected_cells": "533_525,533_527", "incident_category": "CRITICAL_RISK_ZONE" }, "geometry": { "type": "Point", "coordinates": [ 88.430517753293657, 27.270899832193969 ] } },
{ "type": "Feature", "properties": { "incident_id": "RISK_ZONE_CLUSTER_64", "cell_count": 3, "max_risk_score": 80.468452452729238, "mean_risk_score": 80.177954418498715, "max_alert_priority": 59.007766358445387, "highest_decision_state": "CRITICAL", "active_alert_cells": 0, "latitude": 3010083.8377568522, "longitude": 642996.00087282399, "affected_cells": "545_453,546_455,550_455", "incident_category": "CRITICAL_RISK_ZONE" }, "geometry": { "type": "Point", "coordinates": [ 88.443823029857185, 27.206072440937344 ] } },
{ "type": "Feature", "properties": { "incident_id": "RISK_ZONE_CLUSTER_65", "cell_count": 2, "max_risk_score": 76.170437538439288, "mean_risk_score": 66.577496330507614, "max_alert_priority": 55.628549371151728, "highest_decision_state": "CRITICAL", "active_alert_cells": 0, "latitude": 3001550.5044235187, "longitude": 642946.00087282399, "affected_cells": "546_369,547_369", "incident_category": "CRITICAL_RISK_ZONE" }, "geometry": { "type": "Point", "coordinates": [ 88.442328021996985, 27.129059992003317 ] } },
{ "type": "Feature", "properties": { "incident_id": "RISK_ZONE_CLUSTER_66", "cell_count": 2, "max_risk_score": 75.925810512531967, "mean_risk_score": 70.761265626319101, "max_alert_priority": 54.144711390070611, "highest_decision_state": "CRITICAL", "active_alert_cells": 0, "latitude": 2996600.5044235187, "longitude": 643296.00087282399, "affected_cells": "549_320,551_319", "incident_category": "CRITICAL_RISK_ZONE" }, "geometry": { "type": "Point", "coordinates": [ 88.445284584917061, 27.084347092294145 ] } },
{ "type": "Feature", "properties": { "incident_id": "RISK_ZONE_CLUSTER_67", "cell_count": 2, "max_risk_score": 74.570843029531176, "mean_risk_score": 72.777310047081897, "max_alert_priority": 56.140807861425209, "highest_decision_state": "WATCH", "active_alert_cells": 0, "latitude": 3005400.5044235187, "longitude": 644696.00087282399, "affected_cells": "562_407,566_408", "incident_category": "MONITORING_RISK_ZONE" }, "geometry": { "type": "Point", "coordinates": [ 88.460432711948641, 27.163625571198704 ] } },
{ "type": "Feature", "properties": { "incident_id": "RISK_ZONE_CLUSTER_68", "cell_count": 4, "max_risk_score": 78.258128135761993, "mean_risk_score": 70.962340423062798, "max_alert_priority": 56.82128198835715, "highest_decision_state": "CRITICAL", "active_alert_cells": 0, "latitude": 3013900.5044235187, "longitude": 646996.00087282399, "affected_cells": "583_493,587_492,589_492,589_493", "incident_category": "CRITICAL_RISK_ZONE" }, "geometry": { "type": "Point", "coordinates": [ 88.484656780535303, 27.240097043118705 ] } },
{ "type": "Feature", "properties": { "incident_id": "RISK_ZONE_CLUSTER_69", "cell_count": 7, "max_risk_score": 82.259470368663941, "mean_risk_score": 76.449127355850905, "max_alert_priority": 59.790704846583559, "highest_decision_state": "CRITICAL", "active_alert_cells": 0, "latitude": 3005136.2187092332, "longitude": 647653.14372996683, "affected_cells": "588_407,590_414,592_410,595_402,595_406,597_398,598_397", "incident_category": "CRITICAL_RISK_ZONE" }, "geometry": { "type": "Point", "coordinates": [ 88.490239730062356, 27.160926489728336 ] } },
{ "type": "Feature", "properties": { "incident_id": "RISK_ZONE_CLUSTER_7", "cell_count": 4, "max_risk_score": 79.085438871147147, "mean_risk_score": 74.608990533114508, "max_alert_priority": 58.051027452090139, "highest_decision_state": "CRITICAL", "active_alert_cells": 0, "latitude": 3015425.5044235187, "longitude": 613496.00087282399, "affected_cells": "251_505,251_510,252_509,254_507", "incident_category": "CRITICAL_RISK_ZONE" }, "geometry": { "type": "Point", "coordinates": [ 88.146511436373459, 27.257040799934522 ] } },
{ "type": "Feature", "properties": { "incident_id": "RISK_ZONE_CLUSTER_70", "cell_count": 3, "max_risk_score": 78.370295547300415, "mean_risk_score": 66.719903342377592, "max_alert_priority": 55.54390105334906, "highest_decision_state": "CRITICAL", "active_alert_cells": 0, "latitude": 3012383.8377568522, "longitude": 647829.33420615725, "affected_cells": "594_475,596_477,596_480", "incident_category": "CRITICAL_RISK_ZONE" }, "geometry": { "type": "Point", "coordinates": [ 88.492888486529537, 27.226319319746114 ] } },
{ "type": "Feature", "properties": { "incident_id": "RISK_ZONE_CLUSTER_71", "cell_count": 7, "max_risk_score": 78.618393895504909, "mean_risk_score": 75.213661725729722, "max_alert_priority": 58.004454708367945, "highest_decision_state": "CRITICAL", "active_alert_cells": 0, "latitude": 3013464.7901378046, "longitude": 649296.00087282399, "affected_cells": "604_485,608_488,609_488,610_488,611_489,612_489,616_490", "incident_category": "CRITICAL_RISK_ZONE" }, "geometry": { "type": "Point", "coordinates": [ 88.507827274506454, 27.235916474603698 ] } },
{ "type": "Feature", "properties": { "incident_id": "RISK_ZONE_CLUSTER_72", "cell_count": 8, "max_risk_score": 76.976424420315794, "mean_risk_score": 73.620554036475014, "max_alert_priority": 57.368396838675167, "highest_decision_state": "CRITICAL", "active_alert_cells": 0, "latitude": 3005088.0044235187, "longitude": 649771.00087282399, "affected_cells": "609_405,613_406,614_407,616_401,616_402,616_405,616_406,618_403", "incident_category": "CRITICAL_RISK_ZONE" }, "geometry": { "type": "Point", "coordinates": [ 88.511603094454713, 27.160262718915661 ] } },
{ "type": "Feature", "properties": { "incident_id": "RISK_ZONE_CLUSTER_73", "cell_count": 2, "max_risk_score": 78.3976747767028, "mean_risk_score": 78.113630006469748, "max_alert_priority": 57.117226900712652, "highest_decision_state": "CRITICAL", "active_alert_cells": 0, "latitude": 3007450.5044235187, "longitude": 649496.00087282399, "affected_cells": "611_429,613_427", "incident_category": "CRITICAL_RISK_ZONE" }, "geometry": { "type": "Point", "coordinates": [ 88.509115139245168, 27.18161469863589 ] } },
{ "type": "Feature", "properties": { "incident_id": "RISK_ZONE_CLUSTER_74", "cell_count": 4, "max_risk_score": 81.684258716140761, "mean_risk_score": 78.768348011881841, "max_alert_priority": 59.209719146705126, "highest_decision_state": "CRITICAL", "active_alert_cells": 0, "latitude": 3035775.5044235187, "longitude": 649696.00087282399, "affected_cells": "613_715,614_707,614_713,615_710", "incident_category": "CRITICAL_RISK_ZONE" }, "geometry": { "type": "Point", "coordinates": [ 88.514601169776938, 27.437227132225303 ] } },
{ "type": "Feature", "properties": { "incident_id": "RISK_ZONE_CLUSTER_75", "cell_count": 2, "max_risk_score": 78.668769924688959, "mean_risk_score": 77.64575953012195, "max_alert_priority": 57.837823460399619, "highest_decision_state": "CRITICAL", "active_alert_cells": 0, "latitude": 3031250.5044235187, "longitude": 650096.00087282399, "affected_cells": "617_665,619_667", "incident_category": "CRITICAL_RISK_ZONE" }, "geometry": { "type": "Point", "coordinates": [ 88.518088620448012, 27.396345531726858 ] } },
{ "type": "Feature", "properties": { "incident_id": "RISK_ZONE_CLUSTER_76", "cell_count": 2, "max_risk_score": 82.501036007508347, "mean_risk_score": 79.127114995719495, "max_alert_priority": 59.660899037052403, "highest_decision_state": "CRITICAL", "active_alert_cells": 0, "latitude": 3007300.5044235187, "longitude": 650496.00087282399, "affected_cells": "621_427,623_426", "incident_category": "CRITICAL_RISK_ZONE" }, "geometry": { "type": "Point", "coordinates": [ 88.519188625960766, 27.180151942480634 ] } },
{ "type": "Feature", "properties": { "incident_id": "RISK_ZONE_CLUSTER_77", "cell_count": 2, "max_risk_score": 80.223777186877896, "mean_risk_score": 80.011104882668434, "max_alert_priority": 58.978849909003046, "highest_decision_state": "CRITICAL", "active_alert_cells": 0, "latitude": 3004800.5044235187, "longitude": 650846.00087282399, "affected_cells": "625_402,626_401", "incident_category": "CRITICAL_RISK_ZONE" }, "geometry": { "type": "Point", "coordinates": [ 88.522414536853958, 27.157550686522949 ] } },
{ "type": "Feature", "properties": { "incident_id": "RISK_ZONE_CLUSTER_78", "cell_count": 2, "max_risk_score": 80.589954879563848, "mean_risk_score": 78.198569673347549, "max_alert_priority": 59.105872354440265, "highest_decision_state": "CRITICAL", "active_alert_cells": 0, "latitude": 3014500.5044235187, "longitude": 650896.00087282399, "affected_cells": "626_498,626_499", "incident_category": "CRITICAL_RISK_ZONE" }, "geometry": { "type": "Point", "coordinates": [ 88.524109362035233, 27.245088989155356 ] } },
{ "type": "Feature", "properties": { "incident_id": "RISK_ZONE_CLUSTER_79", "cell_count": 3, "max_risk_score": 78.018761383111439, "mean_risk_score": 71.009488871603281, "max_alert_priority": 57.141656769390281, "highest_decision_state": "CRITICAL", "active_alert_cells": 0, "latitude": 3035850.5044235187, "longitude": 650929.33420615725, "affected_cells": "626_711,626_712,627_713", "incident_category": "CRITICAL_RISK_ZONE" }, "geometry": { "type": "Point", "coordinates": [ 88.527085586234378, 27.437767825729718 ] } },
{ "type": "Feature", "properties": { "incident_id": "RISK_ZONE_CLUSTER_8", "cell_count": 2, "max_risk_score": 73.281952867073798, "mean_risk_score": 71.404259763998112, "max_alert_priority": 55.472442136804233, "highest_decision_state": "WATCH", "active_alert_cells": 0, "latitude": 3000400.5044235187, "longitude": 614296.00087282399, "affected_cells": "260_357,260_358", "incident_category": "MONITORING_RISK_ZONE" }, "geometry": { "type": "Point", "coordinates": [ 88.15319571471251, 27.121351010150189 ] } },
{ "type": "Feature", "properties": { "incident_id": "RISK_ZONE_CLUSTER_80", "cell_count": 6, "max_risk_score": 80.398321708701147, "mean_risk_score": 73.048594984573086, "max_alert_priority": 58.388849377210931, "highest_decision_state": "CRITICAL", "active_alert_cells": 0, "latitude": 3040767.1710901856, "longitude": 651162.66753949062, "affected_cells": "627_758,627_762,628_762,629_760,630_759,631_766", "incident_category": "CRITICAL_RISK_ZONE" }, "geometry": { "type": "Point", "coordinates": [ 88.530058300866514, 27.482113730844492 ] } },
{ "type": "Feature", "properties": { "incident_id": "RISK_ZONE_CLUSTER_81", "cell_count": 2, "max_risk_score": 78.010691425262365, "mean_risk_score": 72.828306642011597, "max_alert_priority": 57.08197273772786, "highest_decision_state": "CRITICAL", "active_alert_cells": 0, "latitude": 3015200.5044235187, "longitude": 651696.00087282399, "affected_cells": "633_506,635_505", "incident_category": "CRITICAL_RISK_ZONE" }, "geometry": { "type": "Point", "coordinates": [ 88.532273913089824, 27.251318335428678 ] } },
{ "type": "Feature", "properties": { "incident_id": "RISK_ZONE_CLUSTER_82", "cell_count": 2, "max_risk_score": 78.585550810849668, "mean_risk_score": 77.412448412142709, "max_alert_priority": 57.923620237039685, "highest_decision_state": "CRITICAL", "active_alert_cells": 0, "latitude": 3044650.5044235187, "longitude": 652246.00087282399, "affected_cells": "638_800,641_800", "incident_category": "CRITICAL_RISK_ZONE" }, "geometry": { "type": "Point", "coordinates": [ 88.54150879940353, 27.517038593884561 ] } },
{ "type": "Feature", "properties": { "incident_id": "RISK_ZONE_CLUSTER_83", "cell_count": 2, "max_risk_score": 75.491530827031951, "mean_risk_score": 73.973163100718949, "max_alert_priority": 55.480668151630077, "highest_decision_state": "CRITICAL", "active_alert_cells": 0, "latitude": 3070150.5044235187, "longitude": 652146.00087282399, "affected_cells": "638_1057,639_1053", "incident_category": "CRITICAL_RISK_ZONE" }, "geometry": { "type": "Point", "coordinates": [ 88.54372276734837, 27.747174443040514 ] } },
{ "type": "Feature", "properties": { "incident_id": "RISK_ZONE_CLUSTER_84", "cell_count": 5, "max_risk_score": 82.3144561557896, "mean_risk_score": 71.475128216564045, "max_alert_priority": 59.065049695369794, "highest_decision_state": "CRITICAL", "active_alert_cells": 0, "latitude": 3028850.5044235187, "longitude": 652636.00087282399, "affected_cells": "642_642,642_646,643_643,645_637,645_642", "incident_category": "CRITICAL_RISK_ZONE" }, "geometry": { "type": "Point", "coordinates": [ 88.543470222006093, 27.374404085069109 ] } },
{ "type": "Feature", "properties": { "incident_id": "RISK_ZONE_CLUSTER_85", "cell_count": 2, "max_risk_score": 80.230856534321148, "mean_risk_score": 79.416942489555282, "max_alert_priority": 58.912726801249939, "highest_decision_state": "CRITICAL", "active_alert_cells": 0, "latitude": 3015600.5044235187, "longitude": 652746.00087282399, "affected_cells": "644_509,645_510", "incident_category": "CRITICAL_RISK_ZONE" }, "geometry": { "type": "Point", "coordinates": [ 88.542926631785548, 27.254811856873427 ] } },
{ "type": "Feature", "properties": { "incident_id": "RISK_ZONE_CLUSTER_86", "cell_count": 4, "max_risk_score": 77.171904819654031, "mean_risk_score": 72.257279744733609, "max_alert_priority": 56.110815934140668, "highest_decision_state": "CRITICAL", "active_alert_cells": 0, "latitude": 3067775.5044235187, "longitude": 652921.00087282399, "affected_cells": "645_1029,645_1032,647_1034,648_1030", "incident_category": "CRITICAL_RISK_ZONE" }, "geometry": { "type": "Point", "coordinates": [ 88.551280196498595, 27.725653708466353 ] } },
{ "type": "Feature", "properties": { "incident_id": "RISK_ZONE_CLUSTER_87", "cell_count": 3, "max_risk_score": 79.488987788316308, "mean_risk_score": 79.192329605687505, "max_alert_priority": 58.669773404794228, "highest_decision_state": "CRITICAL", "active_alert_cells": 0, "latitude": 3015983.8377568522, "longitude": 653529.33420615725, "affected_cells": "650_513,652_515,655_512", "incident_category": "CRITICAL_RISK_ZONE" }, "geometry": { "type": "Point", "coordinates": [ 88.550884941948397, 27.258183991184573 ] } },
{ "type": "Feature", "properties": { "incident_id": "RISK_ZONE_CLUSTER_88", "cell_count": 4, "max_risk_score": 77.542848934620736, "mean_risk_score": 75.89330579698651, "max_alert_priority": 57.052501349515921, "highest_decision_state": "CRITICAL", "active_alert_cells": 0, "latitude": 3065225.5044235187, "longitude": 654146.00087282399, "affected_cells": "656_1008,657_1007,660_1004,661_1004", "incident_category": "CRITICAL_RISK_ZONE" }, "geometry": { "type": "Point", "coordinates": [ 88.563375005246087, 27.702501909888497 ] } },
{ "type": "Feature", "properties": { "incident_id": "RISK_ZONE_CLUSTER_89", "cell_count": 4, "max_risk_score": 76.110510154996916, "mean_risk_score": 69.91038931893722, "max_alert_priority": 56.247144526208736, "highest_decision_state": "CRITICAL", "active_alert_cells": 0, "latitude": 3022325.5044235187, "longitude": 654246.00087282399, "affected_cells": "658_575,659_576,660_577,661_579", "incident_category": "CRITICAL_RISK_ZONE" }, "geometry": { "type": "Point", "coordinates": [ 88.558921246407067, 27.315336335217779 ] } },
{ "type": "Feature", "properties": { "incident_id": "RISK_ZONE_CLUSTER_9", "cell_count": 2, "max_risk_score": 72.206972542243477, "mean_risk_score": 71.550865404215145, "max_alert_priority": 54.986788560307289, "highest_decision_state": "WATCH", "active_alert_cells": 0, "latitude": 3005950.5044235187, "longitude": 614946.00087282399, "affected_cells": "266_413,267_413", "incident_category": "MONITORING_RISK_ZONE" }, "geometry": { "type": "Point", "coordinates": [ 88.160270218432316, 27.171394363723476 ] } },
{ "type": "Feature", "properties": { "incident_id": "RISK_ZONE_CLUSTER_90", "cell_count": 2, "max_risk_score": 64.238485396658518, "mean_risk_score": 56.493083284700944, "max_alert_priority": 47.531880504075488, "highest_decision_state": "WATCH", "active_alert_cells": 0, "latitude": 3016550.5044235187, "longitude": 654496.00087282399, "affected_cells": "660_520,664_518", "incident_category": "MONITORING_RISK_ZONE" }, "geometry": { "type": "Point", "coordinates": [ 88.560718271808469, 27.263189578097034 ] } },
{ "type": "Feature", "properties": { "incident_id": "RISK_ZONE_CLUSTER_91", "cell_count": 4, "max_risk_score": 71.713135132373552, "mean_risk_score": 65.132223364722606, "max_alert_priority": 53.767042881497453, "highest_decision_state": "WATCH", "active_alert_cells": 0, "latitude": 3044425.5044235187, "longitude": 654571.00087282399, "affected_cells": "661_798,662_798,663_798,665_797", "incident_category": "MONITORING_RISK_ZONE" }, "geometry": { "type": "Point", "coordinates": [ 88.565013877775002, 27.514745203461917 ] } },
{ "type": "Feature", "properties": { "incident_id": "RISK_ZONE_CLUSTER_92", "cell_count": 2, "max_risk_score": 73.055771464145181, "mean_risk_score": 69.403901801071328, "max_alert_priority": 54.813151623535482, "highest_decision_state": "WATCH", "active_alert_cells": 0, "latitude": 3008250.5044235187, "longitude": 654746.00087282399, "affected_cells": "664_436,665_436", "incident_category": "MONITORING_RISK_ZONE" }, "geometry": { "type": "Point", "coordinates": [ 88.562197171892834, 27.188254449323555 ] } },
{ "type": "Feature", "properties": { "incident_id": "RISK_ZONE_CLUSTER_93", "cell_count": 7, "max_risk_score": 80.682206067040497, "mean_risk_score": 74.138449553423314, "max_alert_priority": 58.842339629298813, "highest_decision_state": "CRITICAL", "active_alert_cells": 0, "latitude": 3048264.7901378046, "longitude": 656281.71515853831, "affected_cells": "674_841,678_841,679_840,681_836,682_830,682_832,683_833", "incident_category": "CRITICAL_RISK_ZONE" }, "geometry": { "type": "Point", "coordinates": [ 88.582825693283937, 27.549196710225825 ] } },
{ "type": "Feature", "properties": { "incident_id": "RISK_ZONE_CLUSTER_94", "cell_count": 3, "max_risk_score": 82.79744409518679, "mean_risk_score": 76.271797240701943, "max_alert_priority": 59.83358833480392, "highest_decision_state": "CRITICAL", "active_alert_cells": 0, "latitude": 3011017.1710901856, "longitude": 657262.66753949062, "affected_cells": "689_462,690_463,690_466", "incident_category": "CRITICAL_RISK_ZONE" }, "geometry": { "type": "Point", "coordinates": [ 88.587949505228821, 27.212937892395498 ] } },
{ "type": "Feature", "properties": { "incident_id": "RISK_ZONE_CLUSTER_95", "cell_count": 2, "max_risk_score": 82.487483388986774, "mean_risk_score": 79.011258933403383, "max_alert_priority": 59.962580871665082, "highest_decision_state": "CRITICAL", "active_alert_cells": 0, "latitude": 3010050.5044235187, "longitude": 657546.00087282399, "affected_cells": "691_453,694_455", "incident_category": "CRITICAL_RISK_ZONE" }, "geometry": { "type": "Point", "coordinates": [ 88.590685656459797, 27.204181441339383 ] } },
{ "type": "Feature", "properties": { "incident_id": "RISK_ZONE_CLUSTER_96", "cell_count": 5, "max_risk_score": 80.359008551176814, "mean_risk_score": 78.214061117873683, "max_alert_priority": 58.682349262014029, "highest_decision_state": "CRITICAL", "active_alert_cells": 0, "latitude": 3045990.5044235187, "longitude": 658076.00087282399, "affected_cells": "695_815,697_813,698_814,699_813,700_812", "incident_category": "CRITICAL_RISK_ZONE" }, "geometry": { "type": "Point", "coordinates": [ 88.600695032963202, 27.528464601228112 ] } },
{ "type": "Feature", "properties": { "incident_id": "RISK_ZONE_CLUSTER_97", "cell_count": 2, "max_risk_score": 81.010125784074177, "mean_risk_score": 77.904780896956538, "max_alert_priority": 59.227986616121072, "highest_decision_state": "CRITICAL", "active_alert_cells": 0, "latitude": 3008500.5044235187, "longitude": 658146.00087282399, "affected_cells": "698_438,699_439", "incident_category": "CRITICAL_RISK_ZONE" }, "geometry": { "type": "Point", "coordinates": [ 88.596542441549389, 27.190124092080715 ] } },
{ "type": "Feature", "properties": { "incident_id": "RISK_ZONE_CLUSTER_98", "cell_count": 3, "max_risk_score": 81.552229457979479, "mean_risk_score": 75.228831169956763, "max_alert_priority": 58.906493878418985, "highest_decision_state": "CRITICAL", "active_alert_cells": 0, "latitude": 3013717.1710901856, "longitude": 658529.33420615725, "affected_cells": "700_491,703_492,704_489", "incident_category": "CRITICAL_RISK_ZONE" }, "geometry": { "type": "Point", "coordinates": [ 88.601084081311583, 27.237159261330106 ] } },
{ "type": "Feature", "properties": { "incident_id": "RISK_ZONE_CLUSTER_99", "cell_count": 4, "max_risk_score": 80.216055612413626, "mean_risk_score": 75.693297072703999, "max_alert_priority": 58.538365206788455, "highest_decision_state": "CRITICAL", "active_alert_cells": 0, "latitude": 3046400.5044235187, "longitude": 658821.00087282399, "affected_cells": "703_817,705_813,706_819,707_821", "incident_category": "CRITICAL_RISK_ZONE" }, "geometry": { "type": "Point", "coordinates": [ 88.608290441028529, 27.532077541527475 ] } },
{ "type": "Feature", "properties": { "incident_id": "RISK_ZONE_ISOLATED_0", "cell_count": 1, "max_risk_score": 57.399345356375363, "mean_risk_score": 57.399345356375363, "max_alert_priority": 33.830280104507665, "highest_decision_state": "WATCH", "active_alert_cells": 0, "latitude": 2986450.5044235187, "longitude": 594496.00087282399, "affected_cells": "62_218", "incident_category": "MONITORING_RISK_ZONE" }, "geometry": { "type": "Point", "coordinates": [ 87.952382903840586, 26.996918802087521 ] } },
{ "type": "Feature", "properties": { "incident_id": "RISK_ZONE_ISOLATED_1", "cell_count": 1, "max_risk_score": 55.068945052861487, "mean_risk_score": 55.068945052861487, "max_alert_priority": 32.781599967926425, "highest_decision_state": "WATCH", "active_alert_cells": 0, "latitude": 2973950.5044235187, "longitude": 597596.00087282399, "affected_cells": "93_93", "incident_category": "MONITORING_RISK_ZONE" }, "geometry": { "type": "Point", "coordinates": [ 87.98264388189007, 26.883862445394048 ] } },
{ "type": "Feature", "properties": { "incident_id": "RISK_ZONE_ISOLATED_10", "cell_count": 1, "max_risk_score": 61.194568949180507, "mean_risk_score": 61.194568949180507, "max_alert_priority": 35.53813072126998, "highest_decision_state": "WATCH", "active_alert_cells": 0, "latitude": 3014450.5044235187, "longitude": 610596.00087282399, "affected_cells": "223_498", "incident_category": "MONITORING_RISK_ZONE" }, "geometry": { "type": "Point", "coordinates": [ 88.117132910348957, 27.248476780206492 ] } },
{ "type": "Feature", "properties": { "incident_id": "RISK_ZONE_ISOLATED_100", "cell_count": 1, "max_risk_score": 66.867406801719369, "mean_risk_score": 66.867406801719369, "max_alert_priority": 38.090907754912472, "highest_decision_state": "WATCH", "active_alert_cells": 0, "latitude": 2998350.5044235187, "longitude": 634996.00087282399, "affected_cells": "467_337", "incident_category": "MONITORING_RISK_ZONE" }, "geometry": { "type": "Point", "coordinates": [ 88.361781455514873, 27.10097809789459 ] } },
{ "type": "Feature", "properties": { "incident_id": "RISK_ZONE_ISOLATED_101", "cell_count": 1, "max_risk_score": 61.640236696550687, "mean_risk_score": 61.640236696550687, "max_alert_priority": 35.738681207586566, "highest_decision_state": "WATCH", "active_alert_cells": 0, "latitude": 2999050.5044235187, "longitude": 635096.00087282399, "affected_cells": "468_344", "incident_category": "MONITORING_RISK_ZONE" }, "geometry": { "type": "Point", "coordinates": [ 88.362866504829768, 27.107286447543999 ] } },
{ "type": "Feature", "properties": { "incident_id": "RISK_ZONE_ISOLATED_102", "cell_count": 1, "max_risk_score": 65.550597710694362, "mean_risk_score": 65.550597710694362, "max_alert_priority": 37.498343663951218, "highest_decision_state": "WARNING", "active_alert_cells": 0, "latitude": 3005950.5044235187, "longitude": 635096.00087282399, "affected_cells": "468_413", "incident_category": "HIGH_PRIORITY_RISK_ZONE" }, "geometry": { "type": "Point", "coordinates": [ 88.363622144677223, 27.169564822677227 ] } },
{ "type": "Feature", "properties": { "incident_id": "RISK_ZONE_ISOLATED_103", "cell_count": 1, "max_risk_score": 62.915053425732594, "mean_risk_score": 62.915053425732594, "max_alert_priority": 36.312348735718423, "highest_decision_state": "WATCH", "active_alert_cells": 0, "latitude": 3021150.5044235187, "longitude": 635396.00087282399, "affected_cells": "471_565", "incident_category": "MONITORING_RISK_ZONE" }, "geometry": { "type": "Point", "coordinates": [ 88.368326503222619, 27.306726105896129 ] } },
{ "type": "Feature", "properties": { "incident_id": "RISK_ZONE_ISOLATED_104", "cell_count": 1, "max_risk_score": 68.143783475129013, "mean_risk_score": 68.143783475129013, "max_alert_priority": 50.188185241629803, "highest_decision_state": "WATCH", "active_alert_cells": 0, "latitude": 3006750.5044235187, "longitude": 635696.00087282399, "affected_cells": "474_421", "incident_category": "MONITORING_RISK_ZONE" }, "geometry": { "type": "Point", "coordinates": [ 88.369765142626463, 27.176726453706021 ] } },
{ "type": "Feature", "properties": { "incident_id": "RISK_ZONE_ISOLATED_105", "cell_count": 1, "max_risk_score": 62.329306934655776, "mean_risk_score": 62.329306934655776, "max_alert_priority": 36.048762814733855, "highest_decision_state": "WATCH", "active_alert_cells": 0, "latitude": 3002050.5044235187, "longitude": 635796.00087282399, "affected_cells": "475_374", "incident_category": "MONITORING_RISK_ZONE" }, "geometry": { "type": "Point", "coordinates": [ 88.370256510145538, 27.134295323096243 ] } },
{ "type": "Feature", "properties": { "incident_id": "RISK_ZONE_ISOLATED_106", "cell_count": 1, "max_risk_score": 59.942143740051762, "mean_risk_score": 59.942143740051762, "max_alert_priority": 47.325241689191103, "highest_decision_state": "WATCH", "active_alert_cells": 0, "latitude": 3006250.5044235187, "longitude": 635896.00087282399, "affected_cells": "476_416", "incident_category": "MONITORING_RISK_ZONE" }, "geometry": { "type": "Point", "coordinates": [ 88.371728364777667, 27.172193838104111 ] } },
{ "type": "Feature", "properties": { "incident_id": "RISK_ZONE_ISOLATED_107", "cell_count": 1, "max_risk_score": 63.005123619879868, "mean_risk_score": 63.005123619879868, "max_alert_priority": 36.352880323084698, "highest_decision_state": "WATCH", "active_alert_cells": 0, "latitude": 3016350.5044235187, "longitude": 636296.00087282399, "affected_cells": "480_517", "incident_category": "MONITORING_RISK_ZONE" }, "geometry": { "type": "Point", "coordinates": [ 88.376885507173299, 27.263313869622568 ] } },
{ "type": "Feature", "properties": { "incident_id": "RISK_ZONE_ISOLATED_108", "cell_count": 1, "max_risk_score": 70.675386208274332, "mean_risk_score": 70.675386208274332, "max_alert_priority": 39.804498487862205, "highest_decision_state": "WARNING", "active_alert_cells": 0, "latitude": 3001150.5044235187, "longitude": 636596.00087282399, "affected_cells": "483_365", "incident_category": "HIGH_PRIORITY_RISK_ZONE" }, "geometry": { "type": "Point", "coordinates": [ 88.378227456014727, 27.126093093280907 ] } },
{ "type": "Feature", "properties": { "incident_id": "RISK_ZONE_ISOLATED_109", "cell_count": 1, "max_risk_score": 64.692655911892302, "mean_risk_score": 64.692655911892302, "max_alert_priority": 37.112269854490293, "highest_decision_state": "WATCH", "active_alert_cells": 0, "latitude": 3004950.5044235187, "longitude": 636596.00087282399, "affected_cells": "483_403", "incident_category": "MONITORING_RISK_ZONE" }, "geometry": { "type": "Point", "coordinates": [ 88.378648329686484, 27.160391086773846 ] } },
{ "type": "Feature", "properties": { "incident_id": "RISK_ZONE_ISOLATED_11", "cell_count": 1, "max_risk_score": 64.719202849804873, "mean_risk_score": 64.719202849804873, "max_alert_priority": 37.12421597655095, "highest_decision_state": "WATCH", "active_alert_cells": 0, "latitude": 3002850.5044235187, "longitude": 611696.00087282399, "affected_cells": "234_382", "incident_category": "MONITORING_RISK_ZONE" }, "geometry": { "type": "Point", "coordinates": [ 88.127188798509621, 27.143679275842384 ] } },
{ "type": "Feature", "properties": { "incident_id": "RISK_ZONE_ISOLATED_110", "cell_count": 1, "max_risk_score": 59.796275368437811, "mean_risk_score": 59.796275368437811, "max_alert_priority": 34.908898609935768, "highest_decision_state": "WATCH", "active_alert_cells": 0, "latitude": 2998050.5044235187, "longitude": 636696.00087282399, "affected_cells": "484_334", "incident_category": "MONITORING_RISK_ZONE" }, "geometry": { "type": "Point", "coordinates": [ 88.378893159648641, 27.098103129712477 ] } },
{ "type": "Feature", "properties": { "incident_id": "RISK_ZONE_ISOLATED_111", "cell_count": 1, "max_risk_score": 68.362707855213912, "mean_risk_score": 68.362707855213912, "max_alert_priority": 38.763793228985016, "highest_decision_state": "WATCH", "active_alert_cells": 0, "latitude": 3005250.5044235187, "longitude": 637096.00087282399, "affected_cells": "488_406", "incident_category": "MONITORING_RISK_ZONE" }, "geometry": { "type": "Point", "coordinates": [ 88.383726967273361, 27.163049140680997 ] } },
{ "type": "Feature", "properties": { "incident_id": "RISK_ZONE_ISOLATED_112", "cell_count": 1, "max_risk_score": 74.939321545578181, "mean_risk_score": 74.939321545578181, "max_alert_priority": 56.526635819908989, "highest_decision_state": "WATCH", "active_alert_cells": 0, "latitude": 3015050.5044235187, "longitude": 637096.00087282399, "affected_cells": "488_504", "incident_category": "MONITORING_RISK_ZONE" }, "geometry": { "type": "Point", "coordinates": [ 88.384819971702399, 27.251500835016181 ] } },
{ "type": "Feature", "properties": { "incident_id": "RISK_ZONE_ISOLATED_113", "cell_count": 1, "max_risk_score": 59.174894758207365, "mean_risk_score": 59.174894758207365, "max_alert_priority": 34.62927733533207, "highest_decision_state": "WATCH", "active_alert_cells": 0, "latitude": 3001050.5044235187, "longitude": 637196.00087282399, "affected_cells": "489_364", "incident_category": "MONITORING_RISK_ZONE" }, "geometry": { "type": "Point", "coordinates": [ 88.384268802218742, 27.125130977044378 ] } },
{ "type": "Feature", "properties": { "incident_id": "RISK_ZONE_ISOLATED_114", "cell_count": 1, "max_risk_score": 77.126887424027174, "mean_risk_score": 77.126887424027174, "max_alert_priority": 56.384151976127455, "highest_decision_state": "CRITICAL", "active_alert_cells": 0, "latitude": 3011650.5044235187, "longitude": 637196.00087282399, "affected_cells": "489_470", "incident_category": "CRITICAL_RISK_ZONE" }, "geometry": { "type": "Point", "coordinates": [ 88.385449792580857, 27.220803662226761 ] } },
{ "type": "Feature", "properties": { "incident_id": "RISK_ZONE_ISOLATED_115", "cell_count": 1, "max_risk_score": 63.281070687813738, "mean_risk_score": 63.281070687813738, "max_alert_priority": 36.477056503654936, "highest_decision_state": "WATCH", "active_alert_cells": 0, "latitude": 3010250.5044235187, "longitude": 637396.00087282399, "affected_cells": "491_456", "incident_category": "MONITORING_RISK_ZONE" }, "geometry": { "type": "Point", "coordinates": [ 88.387312435596499, 27.208147750968571 ] } },
{ "type": "Feature", "properties": { "incident_id": "RISK_ZONE_ISOLATED_116", "cell_count": 1, "max_risk_score": 64.809062868066391, "mean_risk_score": 64.809062868066391, "max_alert_priority": 37.16465298476863, "highest_decision_state": "WATCH", "active_alert_cells": 0, "latitude": 3020150.5044235187, "longitude": 637396.00087282399, "affected_cells": "491_555", "incident_category": "MONITORING_RISK_ZONE" }, "geometry": { "type": "Point", "coordinates": [ 88.388421621779614, 27.29750129637933 ] } },
{ "type": "Feature", "properties": { "incident_id": "RISK_ZONE_ISOLATED_117", "cell_count": 1, "max_risk_score": 79.037466421248084, "mean_risk_score": 79.037466421248084, "max_alert_priority": 58.214103539212971, "highest_decision_state": "CRITICAL", "active_alert_cells": 0, "latitude": 3017450.5044235187, "longitude": 637496.00087282399, "affected_cells": "492_528", "incident_category": "CRITICAL_RISK_ZONE" }, "geometry": { "type": "Point", "coordinates": [ 88.389128672174607, 27.273122239356191 ] } },
{ "type": "Feature", "properties": { "incident_id": "RISK_ZONE_ISOLATED_118", "cell_count": 1, "max_risk_score": 67.766545898737803, "mean_risk_score": 67.766545898737803, "max_alert_priority": 38.495520348570771, "highest_decision_state": "WATCH", "active_alert_cells": 0, "latitude": 3008150.5044235187, "longitude": 637796.00087282399, "affected_cells": "495_435", "incident_category": "MONITORING_RISK_ZONE" }, "geometry": { "type": "Point", "coordinates": [ 88.391115041385675, 27.189153814285373 ] } },
{ "type": "Feature", "properties": { "incident_id": "RISK_ZONE_ISOLATED_119", "cell_count": 1, "max_risk_score": 64.43383046808232, "mean_risk_score": 64.43383046808232, "max_alert_priority": 36.995798404775798, "highest_decision_state": "WATCH", "active_alert_cells": 0, "latitude": 3009650.5044235187, "longitude": 637796.00087282399, "affected_cells": "495_450", "incident_category": "MONITORING_RISK_ZONE" }, "geometry": { "type": "Point", "coordinates": [ 88.391283092956996, 27.202692321056595 ] } },
{ "type": "Feature", "properties": { "incident_id": "RISK_ZONE_ISOLATED_12", "cell_count": 1, "max_risk_score": 69.046388971501244, "mean_risk_score": 69.046388971501244, "max_alert_priority": 39.071449731314317, "highest_decision_state": "WARNING", "active_alert_cells": 0, "latitude": 3004450.5044235187, "longitude": 613096.00087282399, "affected_cells": "248_398", "incident_category": "HIGH_PRIORITY_RISK_ZONE" }, "geometry": { "type": "Point", "coordinates": [ 88.141461542008273, 27.158007690657996 ] } },
{ "type": "Feature", "properties": { "incident_id": "RISK_ZONE_ISOLATED_120", "cell_count": 1, "max_risk_score": 71.25720720818012, "mean_risk_score": 71.25720720818012, "max_alert_priority": 40.066317937819811, "highest_decision_state": "WARNING", "active_alert_cells": 0, "latitude": 3007350.5044235187, "longitude": 638296.00087282399, "affected_cells": "500_427", "incident_category": "HIGH_PRIORITY_RISK_ZONE" }, "geometry": { "type": "Point", "coordinates": [ 88.396071661374364, 27.181883115385446 ] } },
{ "type": "Feature", "properties": { "incident_id": "RISK_ZONE_ISOLATED_121", "cell_count": 1, "max_risk_score": 63.781610620717821, "mean_risk_score": 63.781610620717821, "max_alert_priority": 36.702299473461771, "highest_decision_state": "WATCH", "active_alert_cells": 0, "latitude": 3015450.5044235187, "longitude": 638296.00087282399, "affected_cells": "500_508", "incident_category": "MONITORING_RISK_ZONE" }, "geometry": { "type": "Point", "coordinates": [ 88.396983494834984, 27.254990650920469 ] } },
{ "type": "Feature", "properties": { "incident_id": "RISK_ZONE_ISOLATED_122", "cell_count": 1, "max_risk_score": 70.278847790640881, "mean_risk_score": 70.278847790640881, "max_alert_priority": 39.626056199927149, "highest_decision_state": "WARNING", "active_alert_cells": 0, "latitude": 3011650.5044235187, "longitude": 638396.00087282399, "affected_cells": "501_470", "incident_category": "HIGH_PRIORITY_RISK_ZONE" }, "geometry": { "type": "Point", "coordinates": [ 88.397564878805738, 27.220683318469369 ] } },
{ "type": "Feature", "properties": { "incident_id": "RISK_ZONE_ISOLATED_123", "cell_count": 1, "max_risk_score": 51.338844715867332, "mean_risk_score": 51.338844715867332, "max_alert_priority": 31.103054816279052, "highest_decision_state": "WATCH", "active_alert_cells": 0, "latitude": 3005650.5044235187, "longitude": 638796.00087282399, "affected_cells": "505_410", "incident_category": "MONITORING_RISK_ZONE" }, "geometry": { "type": "Point", "coordinates": [ 88.400926223548282, 27.166489158791979 ] } },
{ "type": "Feature", "properties": { "incident_id": "RISK_ZONE_ISOLATED_124", "cell_count": 1, "max_risk_score": 66.605504062503314, "mean_risk_score": 66.605504062503314, "max_alert_priority": 37.973051522265251, "highest_decision_state": "WATCH", "active_alert_cells": 0, "latitude": 2999550.5044235187, "longitude": 639096.00087282399, "affected_cells": "508_349", "incident_category": "MONITORING_RISK_ZONE" }, "geometry": { "type": "Point", "coordinates": [ 88.403265694528059, 27.111402142831782 ] } },
{ "type": "Feature", "properties": { "incident_id": "RISK_ZONE_ISOLATED_125", "cell_count": 1, "max_risk_score": 60.901473448422017, "mean_risk_score": 60.901473448422017, "max_alert_priority": 50.357237745928671, "highest_decision_state": "WATCH", "active_alert_cells": 0, "latitude": 3005350.5044235187, "longitude": 639296.00087282399, "affected_cells": "510_407", "incident_category": "MONITORING_RISK_ZONE" }, "geometry": { "type": "Point", "coordinates": [ 88.405937785126042, 27.163730981935604 ] } },
{ "type": "Feature", "properties": { "incident_id": "RISK_ZONE_ISOLATED_126", "cell_count": 1, "max_risk_score": 50.962689923800781, "mean_risk_score": 50.962689923800781, "max_alert_priority": 30.933785159849108, "highest_decision_state": "WATCH", "active_alert_cells": 0, "latitude": 2997250.5044235187, "longitude": 639496.00087282399, "affected_cells": "512_326", "incident_category": "MONITORING_RISK_ZONE" }, "geometry": { "type": "Point", "coordinates": [ 88.40704052370198, 27.090602598393829 ] } },
{ "type": "Feature", "properties": { "incident_id": "RISK_ZONE_ISOLATED_127", "cell_count": 1, "max_risk_score": 54.705728112123637, "mean_risk_score": 54.705728112123637, "max_alert_priority": 32.618152344594392, "highest_decision_state": "WATCH", "active_alert_cells": 0, "latitude": 3015750.5044235187, "longitude": 639496.00087282399, "affected_cells": "512_511", "incident_category": "MONITORING_RISK_ZONE" }, "geometry": { "type": "Point", "coordinates": [ 88.409136354473574, 27.257576826840946 ] } },
{ "type": "Feature", "properties": { "incident_id": "RISK_ZONE_ISOLATED_128", "cell_count": 1, "max_risk_score": 71.859386546637865, "mean_risk_score": 71.859386546637865, "max_alert_priority": 40.337298640125802, "highest_decision_state": "WARNING", "active_alert_cells": 0, "latitude": 3004150.5044235187, "longitude": 639896.00087282399, "affected_cells": "516_395", "incident_category": "HIGH_PRIORITY_RISK_ZONE" }, "geometry": { "type": "Point", "coordinates": [ 88.411855978467031, 27.15283940542955 ] } },
{ "type": "Feature", "properties": { "incident_id": "RISK_ZONE_ISOLATED_129", "cell_count": 1, "max_risk_score": 65.48982819983803, "mean_risk_score": 65.48982819983803, "max_alert_priority": 37.470997384065868, "highest_decision_state": "WATCH", "active_alert_cells": 0, "latitude": 3001650.5044235187, "longitude": 639996.00087282399, "affected_cells": "517_370", "incident_category": "MONITORING_RISK_ZONE" }, "geometry": { "type": "Point", "coordinates": [ 88.412581193270839, 27.130265105369318 ] } },
{ "type": "Feature", "properties": { "incident_id": "RISK_ZONE_ISOLATED_13", "cell_count": 1, "max_risk_score": 70.806016266981388, "mean_risk_score": 70.806016266981388, "max_alert_priority": 39.863282014280379, "highest_decision_state": "WARNING", "active_alert_cells": 0, "latitude": 3001150.5044235187, "longitude": 613896.00087282399, "affected_cells": "256_365", "incident_category": "HIGH_PRIORITY_RISK_ZONE" }, "geometry": { "type": "Point", "coordinates": [ 88.14922974970402, 27.128154044728387 ] } },
{ "type": "Feature", "properties": { "incident_id": "RISK_ZONE_ISOLATED_130", "cell_count": 1, "max_risk_score": 73.054428101830979, "mean_risk_score": 73.054428101830979, "max_alert_priority": 40.875067339962698, "highest_decision_state": "WARNING", "active_alert_cells": 0, "latitude": 3018450.5044235187, "longitude": 640096.00087282399, "affected_cells": "518_538", "incident_category": "HIGH_PRIORITY_RISK_ZONE" }, "geometry": { "type": "Point", "coordinates": [ 88.415504554060263, 27.281884488696683 ] } },
{ "type": "Feature", "properties": { "incident_id": "RISK_ZONE_ISOLATED_131", "cell_count": 1, "max_risk_score": 74.442291121244466, "mean_risk_score": 74.442291121244466, "max_alert_priority": 56.482240314083377, "highest_decision_state": "WATCH", "active_alert_cells": 0, "latitude": 3005650.5044235187, "longitude": 640396.00087282399, "affected_cells": "521_410", "incident_category": "MONITORING_RISK_ZONE" }, "geometry": { "type": "Point", "coordinates": [ 88.417071723802351, 27.166326982197106 ] } },
{ "type": "Feature", "properties": { "incident_id": "RISK_ZONE_ISOLATED_132", "cell_count": 1, "max_risk_score": 65.416710503619854, "mean_risk_score": 65.416710503619854, "max_alert_priority": 37.43809442076769, "highest_decision_state": "WATCH", "active_alert_cells": 0, "latitude": 3020450.5044235187, "longitude": 640496.00087282399, "affected_cells": "522_558", "incident_category": "MONITORING_RISK_ZONE" }, "geometry": { "type": "Point", "coordinates": [ 88.419774662317252, 27.299894416542443 ] } },
{ "type": "Feature", "properties": { "incident_id": "RISK_ZONE_ISOLATED_133", "cell_count": 1, "max_risk_score": 64.29109898726098, "mean_risk_score": 64.29109898726098, "max_alert_priority": 36.931569238406198, "highest_decision_state": "WATCH", "active_alert_cells": 0, "latitude": 3016250.5044235187, "longitude": 641596.00087282399, "affected_cells": "533_516", "incident_category": "MONITORING_RISK_ZONE" }, "geometry": { "type": "Point", "coordinates": [ 88.430402209501167, 27.261874404769951 ] } },
{ "type": "Feature", "properties": { "incident_id": "RISK_ZONE_ISOLATED_134", "cell_count": 1, "max_risk_score": 64.270271632235279, "mean_risk_score": 64.270271632235279, "max_alert_priority": 36.922196928644631, "highest_decision_state": "WATCH", "active_alert_cells": 0, "latitude": 3020850.5044235187, "longitude": 641796.00087282399, "affected_cells": "535_562", "incident_category": "MONITORING_RISK_ZONE" }, "geometry": { "type": "Point", "coordinates": [ 88.432954797124538, 27.303370573086323 ] } },
{ "type": "Feature", "properties": { "incident_id": "RISK_ZONE_ISOLATED_135", "cell_count": 1, "max_risk_score": 63.579638542596285, "mean_risk_score": 63.579638542596285, "max_alert_priority": 36.61141203830708, "highest_decision_state": "WATCH", "active_alert_cells": 0, "latitude": 3013350.5044235187, "longitude": 641896.00087282399, "affected_cells": "536_487", "incident_category": "MONITORING_RISK_ZONE" }, "geometry": { "type": "Point", "coordinates": [ 88.433096561042788, 27.235669629007127 ] } },
{ "type": "Feature", "properties": { "incident_id": "RISK_ZONE_ISOLATED_136", "cell_count": 1, "max_risk_score": 62.527497165458072, "mean_risk_score": 62.527497165458072, "max_alert_priority": 36.137948418594888, "highest_decision_state": "WATCH", "active_alert_cells": 0, "latitude": 2997950.5044235187, "longitude": 642096.00087282399, "affected_cells": "538_333", "incident_category": "MONITORING_RISK_ZONE" }, "geometry": { "type": "Point", "coordinates": [ 88.433339561743992, 27.096655606653698 ] } },
{ "type": "Feature", "properties": { "incident_id": "RISK_ZONE_ISOLATED_137", "cell_count": 1, "max_risk_score": 55.421103053920632, "mean_risk_score": 55.421103053920632, "max_alert_priority": 32.940071068403043, "highest_decision_state": "WATCH", "active_alert_cells": 0, "latitude": 2999050.5044235187, "longitude": 642096.00087282399, "affected_cells": "538_344", "incident_category": "MONITORING_RISK_ZONE" }, "geometry": { "type": "Point", "coordinates": [ 88.433466024266522, 27.106583797284301 ] } },
{ "type": "Feature", "properties": { "incident_id": "RISK_ZONE_ISOLATED_138", "cell_count": 1, "max_risk_score": 65.174041673597259, "mean_risk_score": 65.174041673597259, "max_alert_priority": 37.328893447257521, "highest_decision_state": "WATCH", "active_alert_cells": 0, "latitude": 3018250.5044235187, "longitude": 642196.00087282399, "affected_cells": "539_536", "incident_category": "MONITORING_RISK_ZONE" }, "geometry": { "type": "Point", "coordinates": [ 88.436693988449832, 27.279863129213695 ] } },
{ "type": "Feature", "properties": { "incident_id": "RISK_ZONE_ISOLATED_139", "cell_count": 1, "max_risk_score": 62.040613965312893, "mean_risk_score": 62.040613965312893, "max_alert_priority": 35.918850978529555, "highest_decision_state": "WATCH", "active_alert_cells": 0, "latitude": 2996450.5044235187, "longitude": 642296.00087282399, "affected_cells": "540_318", "incident_category": "MONITORING_RISK_ZONE" }, "geometry": { "type": "Point", "coordinates": [ 88.435183888655729, 27.083096565401171 ] } },
{ "type": "Feature", "properties": { "incident_id": "RISK_ZONE_ISOLATED_14", "cell_count": 1, "max_risk_score": 68.595354240242159, "mean_risk_score": 68.595354240242159, "max_alert_priority": 38.868484102247727, "highest_decision_state": "WATCH", "active_alert_cells": 0, "latitude": 3015350.5044235187, "longitude": 614496.00087282399, "affected_cells": "262_507", "incident_category": "MONITORING_RISK_ZONE" }, "geometry": { "type": "Point", "coordinates": [ 88.156604552069751, 27.256280720899518 ] } },
{ "type": "Feature", "properties": { "incident_id": "RISK_ZONE_ISOLATED_140", "cell_count": 1, "max_risk_score": 71.763073648380924, "mean_risk_score": 71.763073648380924, "max_alert_priority": 40.29395783591017, "highest_decision_state": "WARNING", "active_alert_cells": 0, "latitude": 3005650.5044235187, "longitude": 642296.00087282399, "affected_cells": "540_410", "incident_category": "HIGH_PRIORITY_RISK_ZONE" }, "geometry": { "type": "Point", "coordinates": [ 88.436244327958178, 27.166131985485709 ] } },
{ "type": "Feature", "properties": { "incident_id": "RISK_ZONE_ISOLATED_141", "cell_count": 1, "max_risk_score": 68.726870575546968, "mean_risk_score": 68.726870575546968, "max_alert_priority": 38.92766645313489, "highest_decision_state": "WATCH", "active_alert_cells": 0, "latitude": 3003950.5044235187, "longitude": 642496.00087282399, "affected_cells": "542_393", "incident_category": "MONITORING_RISK_ZONE" }, "geometry": { "type": "Point", "coordinates": [ 88.438065915140285, 27.150767896088965 ] } },
{ "type": "Feature", "properties": { "incident_id": "RISK_ZONE_ISOLATED_142", "cell_count": 1, "max_risk_score": 77.979964256642759, "mean_risk_score": 77.979964256642759, "max_alert_priority": 57.765207384137803, "highest_decision_state": "CRITICAL", "active_alert_cells": 0, "latitude": 3004350.5044235187, "longitude": 642996.00087282399, "affected_cells": "547_397", "incident_category": "CRITICAL_RISK_ZONE" }, "geometry": { "type": "Point", "coordinates": [ 88.443157010427029, 27.154326316909064 ] } },
{ "type": "Feature", "properties": { "incident_id": "RISK_ZONE_ISOLATED_143", "cell_count": 1, "max_risk_score": 81.402111399247289, "mean_risk_score": 81.402111399247289, "max_alert_priority": 59.071435197408938, "highest_decision_state": "CRITICAL", "active_alert_cells": 0, "latitude": 3004850.5044235187, "longitude": 643096.00087282399, "affected_cells": "548_402", "incident_category": "CRITICAL_RISK_ZONE" }, "geometry": { "type": "Point", "coordinates": [ 88.444224032852233, 27.158828692988873 ] } },
{ "type": "Feature", "properties": { "incident_id": "RISK_ZONE_ISOLATED_144", "cell_count": 1, "max_risk_score": 70.307803673185603, "mean_risk_score": 70.307803673185603, "max_alert_priority": 39.639086347072279, "highest_decision_state": "WATCH", "active_alert_cells": 0, "latitude": 3005550.5044235187, "longitude": 643096.00087282399, "affected_cells": "548_409", "incident_category": "MONITORING_RISK_ZONE" }, "geometry": { "type": "Point", "coordinates": [ 88.444305329241743, 27.165146547954986 ] } },
{ "type": "Feature", "properties": { "incident_id": "RISK_ZONE_ISOLATED_145", "cell_count": 1, "max_risk_score": 74.257063729709657, "mean_risk_score": 74.257063729709657, "max_alert_priority": 56.07129202499037, "highest_decision_state": "WATCH", "active_alert_cells": 0, "latitude": 2998950.5044235187, "longitude": 643196.00087282399, "affected_cells": "549_343", "incident_category": "MONITORING_RISK_ZONE" }, "geometry": { "type": "Point", "coordinates": [ 88.444548409733741, 27.105567599508408 ] } },
{ "type": "Feature", "properties": { "incident_id": "RISK_ZONE_ISOLATED_146", "cell_count": 1, "max_risk_score": 78.257035981020948, "mean_risk_score": 78.257035981020948, "max_alert_priority": 57.973663161239209, "highest_decision_state": "CRITICAL", "active_alert_cells": 0, "latitude": 3001050.5044235187, "longitude": 643196.00087282399, "affected_cells": "549_364", "incident_category": "CRITICAL_RISK_ZONE" }, "geometry": { "type": "Point", "coordinates": [ 88.444791875998334, 27.124521287739082 ] } },
{ "type": "Feature", "properties": { "incident_id": "RISK_ZONE_ISOLATED_147", "cell_count": 1, "max_risk_score": 63.748137836462533, "mean_risk_score": 63.748137836462533, "max_alert_priority": 36.687236720546892, "highest_decision_state": "WATCH", "active_alert_cells": 0, "latitude": 3027950.5044235187, "longitude": 643396.00087282399, "affected_cells": "551_633", "incident_category": "MONITORING_RISK_ZONE" }, "geometry": { "type": "Point", "coordinates": [ 88.449953582442873, 27.367283306291093 ] } },
{ "type": "Feature", "properties": { "incident_id": "RISK_ZONE_ISOLATED_148", "cell_count": 1, "max_risk_score": 63.459206229643243, "mean_risk_score": 63.459206229643243, "max_alert_priority": 36.557217497478213, "highest_decision_state": "WATCH", "active_alert_cells": 0, "latitude": 3023950.5044235187, "longitude": 643496.00087282399, "affected_cells": "552_593", "incident_category": "MONITORING_RISK_ZONE" }, "geometry": { "type": "Point", "coordinates": [ 88.450494087028062, 27.331171841740098 ] } },
{ "type": "Feature", "properties": { "incident_id": "RISK_ZONE_ISOLATED_149", "cell_count": 1, "max_risk_score": 75.40811940149176, "mean_risk_score": 75.40811940149176, "max_alert_priority": 56.402470296989286, "highest_decision_state": "CRITICAL", "active_alert_cells": 0, "latitude": 2999050.5044235187, "longitude": 643696.00087282399, "affected_cells": "554_344", "incident_category": "CRITICAL_RISK_ZONE" }, "geometry": { "type": "Point", "coordinates": [ 88.449602691574071, 27.106418213344064 ] } },
{ "type": "Feature", "properties": { "incident_id": "RISK_ZONE_ISOLATED_15", "cell_count": 1, "max_risk_score": 58.384760643707757, "mean_risk_score": 58.384760643707757, "max_alert_priority": 34.273716983807248, "highest_decision_state": "WATCH", "active_alert_cells": 0, "latitude": 3005250.5044235187, "longitude": 615096.00087282399, "affected_cells": "268_406", "incident_category": "MONITORING_RISK_ZONE" }, "geometry": { "type": "Point", "coordinates": [ 88.161718659953337, 27.165063271979616 ] } },
{ "type": "Feature", "properties": { "incident_id": "RISK_ZONE_ISOLATED_150", "cell_count": 1, "max_risk_score": 59.625804220283953, "mean_risk_score": 59.625804220283953, "max_alert_priority": 34.832186593266535, "highest_decision_state": "WATCH", "active_alert_cells": 0, "latitude": 3006550.5044235187, "longitude": 643896.00087282399, "affected_cells": "556_419", "incident_category": "MONITORING_RISK_ZONE" }, "geometry": { "type": "Point", "coordinates": [ 88.452494679530901, 27.174088664276681 ] } },
{ "type": "Feature", "properties": { "incident_id": "RISK_ZONE_ISOLATED_151", "cell_count": 1, "max_risk_score": 62.69283769156003, "mean_risk_score": 62.69283769156003, "max_alert_priority": 36.212351655340768, "highest_decision_state": "WATCH", "active_alert_cells": 0, "latitude": 3028250.5044235187, "longitude": 644096.00087282399, "affected_cells": "558_636", "incident_category": "MONITORING_RISK_ZONE" }, "geometry": { "type": "Point", "coordinates": [ 88.457065268236107, 27.369917173480452 ] } },
{ "type": "Feature", "properties": { "incident_id": "RISK_ZONE_ISOLATED_152", "cell_count": 1, "max_risk_score": 57.366625226791655, "mean_risk_score": 57.366625226791655, "max_alert_priority": 33.815556046194999, "highest_decision_state": "WATCH", "active_alert_cells": 0, "latitude": 2997650.5044235187, "longitude": 644496.00087282399, "affected_cells": "562_330", "incident_category": "MONITORING_RISK_ZONE" }, "geometry": { "type": "Point", "coordinates": [ 88.457507316800715, 27.093698980090917 ] } },
{ "type": "Feature", "properties": { "incident_id": "RISK_ZONE_ISOLATED_153", "cell_count": 1, "max_risk_score": 55.8220494309424, "mean_risk_score": 55.8220494309424, "max_alert_priority": 33.120496938062843, "highest_decision_state": "WATCH", "active_alert_cells": 0, "latitude": 3015050.5044235187, "longitude": 644496.00087282399, "affected_cells": "562_504", "incident_category": "MONITORING_RISK_ZONE" }, "geometry": { "type": "Point", "coordinates": [ 88.459548963493475, 27.250741579254345 ] } },
{ "type": "Feature", "properties": { "incident_id": "RISK_ZONE_ISOLATED_154", "cell_count": 1, "max_risk_score": 63.656768590730657, "mean_risk_score": 63.656768590730657, "max_alert_priority": 36.646120559967549, "highest_decision_state": "WATCH", "active_alert_cells": 0, "latitude": 2998550.5044235187, "longitude": 644596.00087282399, "affected_cells": "563_339", "incident_category": "MONITORING_RISK_ZONE" }, "geometry": { "type": "Point", "coordinates": [ 88.458621004395354, 27.101811496471985 ] } },
{ "type": "Feature", "properties": { "incident_id": "RISK_ZONE_ISOLATED_155", "cell_count": 1, "max_risk_score": 64.619214473441616, "mean_risk_score": 64.619214473441616, "max_alert_priority": 37.07922120718748, "highest_decision_state": "WATCH", "active_alert_cells": 0, "latitude": 3006050.5044235187, "longitude": 644896.00087282399, "affected_cells": "566_414", "incident_category": "MONITORING_RISK_ZONE" }, "geometry": { "type": "Point", "coordinates": [ 88.4625272595826, 27.169471075010925 ] } },
{ "type": "Feature", "properties": { "incident_id": "RISK_ZONE_ISOLATED_156", "cell_count": 1, "max_risk_score": 67.309160803473517, "mean_risk_score": 67.309160803473517, "max_alert_priority": 38.289697055701843, "highest_decision_state": "WATCH", "active_alert_cells": 0, "latitude": 3004850.5044235187, "longitude": 645296.00087282399, "affected_cells": "570_402", "incident_category": "MONITORING_RISK_ZONE" }, "geometry": { "type": "Point", "coordinates": [ 88.466422123478694, 27.158598430318087 ] } },
{ "type": "Feature", "properties": { "incident_id": "RISK_ZONE_ISOLATED_157", "cell_count": 1, "max_risk_score": 65.035134277054468, "mean_risk_score": 65.035134277054468, "max_alert_priority": 37.266385118813268, "highest_decision_state": "WATCH", "active_alert_cells": 0, "latitude": 3009150.5044235187, "longitude": 647596.00087282399, "affected_cells": "593_445", "incident_category": "MONITORING_RISK_ZONE" }, "geometry": { "type": "Point", "coordinates": [ 88.490144445170486, 27.19716274715012 ] } },
{ "type": "Feature", "properties": { "incident_id": "RISK_ZONE_ISOLATED_158", "cell_count": 1, "max_risk_score": 63.989019030643618, "mean_risk_score": 63.989019030643618, "max_alert_priority": 36.79563325792838, "highest_decision_state": "WATCH", "active_alert_cells": 0, "latitude": 3023950.5044235187, "longitude": 647596.00087282399, "affected_cells": "593_593", "incident_category": "MONITORING_RISK_ZONE" }, "geometry": { "type": "Point", "coordinates": [ 88.491926707561163, 27.330735502915793 ] } },
{ "type": "Feature", "properties": { "incident_id": "RISK_ZONE_ISOLATED_159", "cell_count": 1, "max_risk_score": 53.080653150765983, "mean_risk_score": 53.080653150765983, "max_alert_priority": 31.886868611983449, "highest_decision_state": "WATCH", "active_alert_cells": 0, "latitude": 3025350.5044235187, "longitude": 647596.00087282399, "affected_cells": "593_607", "incident_category": "MONITORING_RISK_ZONE" }, "geometry": { "type": "Point", "coordinates": [ 88.492095938541141, 27.343370625902331 ] } },
{ "type": "Feature", "properties": { "incident_id": "RISK_ZONE_ISOLATED_16", "cell_count": 1, "max_risk_score": 69.499300264002031, "mean_risk_score": 69.499300264002031, "max_alert_priority": 39.275259812939673, "highest_decision_state": "WATCH", "active_alert_cells": 0, "latitude": 3015450.5044235187, "longitude": 615396.00087282399, "affected_cells": "271_508", "incident_category": "MONITORING_RISK_ZONE" }, "geometry": { "type": "Point", "coordinates": [ 88.165703979775216, 27.257107951217382 ] } },
{ "type": "Feature", "properties": { "incident_id": "RISK_ZONE_ISOLATED_160", "cell_count": 1, "max_risk_score": 68.942663778009262, "mean_risk_score": 68.942663778009262, "max_alert_priority": 39.024773394242921, "highest_decision_state": "WARNING", "active_alert_cells": 0, "latitude": 3046650.5044235187, "longitude": 647896.00087282399, "affected_cells": "596_820", "incident_category": "HIGH_PRIORITY_RISK_ZONE" }, "geometry": { "type": "Point", "coordinates": [ 88.497721557050653, 27.535569360275776 ] } },
{ "type": "Feature", "properties": { "incident_id": "RISK_ZONE_ISOLATED_161", "cell_count": 1, "max_risk_score": 67.636483109397545, "mean_risk_score": 67.636483109397545, "max_alert_priority": 38.43699209336765, "highest_decision_state": "WATCH", "active_alert_cells": 0, "latitude": 3004450.5044235187, "longitude": 648696.00087282399, "affected_cells": "604_398", "incident_category": "MONITORING_RISK_ZONE" }, "geometry": { "type": "Point", "coordinates": [ 88.500679478467362, 27.154625552840486 ] } },
{ "type": "Feature", "properties": { "incident_id": "RISK_ZONE_ISOLATED_162", "cell_count": 1, "max_risk_score": 60.28889220679968, "mean_risk_score": 60.28889220679968, "max_alert_priority": 35.130576187198614, "highest_decision_state": "WATCH", "active_alert_cells": 0, "latitude": 3008250.5044235187, "longitude": 648696.00087282399, "affected_cells": "604_436", "incident_category": "MONITORING_RISK_ZONE" }, "geometry": { "type": "Point", "coordinates": [ 88.501138299308067, 27.188921556636991 ] } },
{ "type": "Feature", "properties": { "incident_id": "RISK_ZONE_ISOLATED_163", "cell_count": 1, "max_risk_score": 65.333205882844013, "mean_risk_score": 65.333205882844013, "max_alert_priority": 37.400517341418563, "highest_decision_state": "WATCH", "active_alert_cells": 0, "latitude": 3022250.5044235187, "longitude": 648996.00087282399, "affected_cells": "607_576", "incident_category": "MONITORING_RISK_ZONE" }, "geometry": { "type": "Point", "coordinates": [ 88.50586692422182, 27.315241114761776 ] } },
{ "type": "Feature", "properties": { "incident_id": "RISK_ZONE_ISOLATED_164", "cell_count": 1, "max_risk_score": 65.625498780434683, "mean_risk_score": 65.625498780434683, "max_alert_priority": 37.532049145334362, "highest_decision_state": "WATCH", "active_alert_cells": 0, "latitude": 3034550.5044235187, "longitude": 649696.00087282399, "affected_cells": "614_699", "incident_category": "MONITORING_RISK_ZONE" }, "geometry": { "type": "Point", "coordinates": [ 88.514450250200767, 27.426171664050035 ] } },
{ "type": "Feature", "properties": { "incident_id": "RISK_ZONE_ISOLATED_165", "cell_count": 1, "max_risk_score": 69.414285174941512, "mean_risk_score": 69.414285174941512, "max_alert_priority": 39.237003022862432, "highest_decision_state": "WARNING", "active_alert_cells": 0, "latitude": 3032950.5044235187, "longitude": 649896.00087282399, "affected_cells": "616_683", "incident_category": "HIGH_PRIORITY_RISK_ZONE" }, "geometry": { "type": "Point", "coordinates": [ 88.516275791005413, 27.411709859765065 ] } },
{ "type": "Feature", "properties": { "incident_id": "RISK_ZONE_ISOLATED_166", "cell_count": 1, "max_risk_score": 71.667064957742767, "mean_risk_score": 71.667064957742767, "max_alert_priority": 40.250753925123, "highest_decision_state": "WARNING", "active_alert_cells": 0, "latitude": 3033850.5044235187, "longitude": 649896.00087282399, "affected_cells": "616_692", "incident_category": "HIGH_PRIORITY_RISK_ZONE" }, "geometry": { "type": "Point", "coordinates": [ 88.516386727468571, 27.419832256305604 ] } },
{ "type": "Feature", "properties": { "incident_id": "RISK_ZONE_ISOLATED_167", "cell_count": 1, "max_risk_score": 65.368868951683382, "mean_risk_score": 65.368868951683382, "max_alert_priority": 37.416565722396278, "highest_decision_state": "WATCH", "active_alert_cells": 0, "latitude": 3037050.5044235187, "longitude": 650196.00087282399, "affected_cells": "619_724", "incident_category": "MONITORING_RISK_ZONE" }, "geometry": { "type": "Point", "coordinates": [ 88.519816347785735, 27.448678729148739 ] } },
{ "type": "Feature", "properties": { "incident_id": "RISK_ZONE_ISOLATED_168", "cell_count": 1, "max_risk_score": 61.186985804577866, "mean_risk_score": 61.186985804577866, "max_alert_priority": 35.534718306198791, "highest_decision_state": "WARNING", "active_alert_cells": 0, "latitude": 3005950.5044235187, "longitude": 650296.00087282399, "affected_cells": "620_413", "incident_category": "HIGH_PRIORITY_RISK_ZONE" }, "geometry": { "type": "Point", "coordinates": [ 88.51700551456787, 27.167989783633089 ] } },
{ "type": "Feature", "properties": { "incident_id": "RISK_ZONE_ISOLATED_169", "cell_count": 1, "max_risk_score": 66.236049179624658, "mean_risk_score": 66.236049179624658, "max_alert_priority": 37.806796824969851, "highest_decision_state": "WATCH", "active_alert_cells": 0, "latitude": 3038450.5044235187, "longitude": 650496.00087282399, "affected_cells": "622_738", "incident_category": "MONITORING_RISK_ZONE" }, "geometry": { "type": "Point", "coordinates": [ 88.523024754388885, 27.461280313016697 ] } },
{ "type": "Feature", "properties": { "incident_id": "RISK_ZONE_ISOLATED_17", "cell_count": 1, "max_risk_score": 66.086970482980036, "mean_risk_score": 66.086970482980036, "max_alert_priority": 37.739711411479767, "highest_decision_state": "WATCH", "active_alert_cells": 0, "latitude": 3016950.5044235187, "longitude": 615596.00087282399, "affected_cells": "273_523", "incident_category": "MONITORING_RISK_ZONE" }, "geometry": { "type": "Point", "coordinates": [ 88.167865475185678, 27.270630672478045 ] } },
{ "type": "Feature", "properties": { "incident_id": "RISK_ZONE_ISOLATED_170", "cell_count": 1, "max_risk_score": 73.421768606094616, "mean_risk_score": 73.421768606094616, "max_alert_priority": 41.040370566881336, "highest_decision_state": "WARNING", "active_alert_cells": 0, "latitude": 3007150.5044235187, "longitude": 651896.00087282399, "affected_cells": "636_425", "incident_category": "HIGH_PRIORITY_RISK_ZONE" }, "geometry": { "type": "Point", "coordinates": [ 88.533298407381366, 27.178644392681129 ] } },
{ "type": "Feature", "properties": { "incident_id": "RISK_ZONE_ISOLATED_171", "cell_count": 1, "max_risk_score": 70.959109006707195, "mean_risk_score": 70.959109006707195, "max_alert_priority": 39.932173747157002, "highest_decision_state": "WARNING", "active_alert_cells": 0, "latitude": 3016850.5044235187, "longitude": 651896.00087282399, "affected_cells": "636_522", "incident_category": "HIGH_PRIORITY_RISK_ZONE" }, "geometry": { "type": "Point", "coordinates": [ 88.534497946967761, 27.26618748168509 ] } },
{ "type": "Feature", "properties": { "incident_id": "RISK_ZONE_ISOLATED_172", "cell_count": 1, "max_risk_score": 56.734760170188792, "mean_risk_score": 56.734760170188792, "max_alert_priority": 33.531216770723709, "highest_decision_state": "WATCH", "active_alert_cells": 0, "latitude": 3042950.5044235187, "longitude": 651896.00087282399, "affected_cells": "636_783", "incident_category": "MONITORING_RISK_ZONE" }, "geometry": { "type": "Point", "coordinates": [ 88.537752675000434, 27.501735876657808 ] } },
{ "type": "Feature", "properties": { "incident_id": "RISK_ZONE_ISOLATED_173", "cell_count": 1, "max_risk_score": 59.937421750360841, "mean_risk_score": 59.937421750360841, "max_alert_priority": 34.972414481801131, "highest_decision_state": "WATCH", "active_alert_cells": 0, "latitude": 3043750.5044235187, "longitude": 651996.00087282399, "affected_cells": "637_791", "incident_category": "MONITORING_RISK_ZONE" }, "geometry": { "type": "Point", "coordinates": [ 88.538865205450364, 27.50894442482457 ] } },
{ "type": "Feature", "properties": { "incident_id": "RISK_ZONE_ISOLATED_174", "cell_count": 1, "max_risk_score": 70.32646434384975, "mean_risk_score": 70.32646434384975, "max_alert_priority": 53.15638823419809, "highest_decision_state": "WATCH", "active_alert_cells": 0, "latitude": 3069450.5044235187, "longitude": 652296.00087282399, "affected_cells": "640_1048", "incident_category": "MONITORING_RISK_ZONE" }, "geometry": { "type": "Point", "coordinates": [ 88.545155104943959, 27.740840414912523 ] } },
{ "type": "Feature", "properties": { "incident_id": "RISK_ZONE_ISOLATED_175", "cell_count": 1, "max_risk_score": 56.676189800641197, "mean_risk_score": 56.676189800641197, "max_alert_priority": 33.504860104427294, "highest_decision_state": "WATCH", "active_alert_cells": 0, "latitude": 3046950.5044235187, "longitude": 652396.00087282399, "affected_cells": "641_823", "incident_category": "MONITORING_RISK_ZONE" }, "geometry": { "type": "Point", "coordinates": [ 88.543317016909, 27.537778396881631 ] } },
{ "type": "Feature", "properties": { "incident_id": "RISK_ZONE_ISOLATED_176", "cell_count": 1, "max_risk_score": 71.313236100622547, "mean_risk_score": 71.313236100622547, "max_alert_priority": 40.091530939418902, "highest_decision_state": "WARNING", "active_alert_cells": 0, "latitude": 3032750.5044235187, "longitude": 652596.00087282399, "affected_cells": "643_681", "incident_category": "HIGH_PRIORITY_RISK_ZONE" }, "geometry": { "type": "Point", "coordinates": [ 88.543554636991871, 27.409605284128929 ] } },
{ "type": "Feature", "properties": { "incident_id": "RISK_ZONE_ISOLATED_177", "cell_count": 1, "max_risk_score": 68.430942369736783, "mean_risk_score": 68.430942369736783, "max_alert_priority": 38.794498760520312, "highest_decision_state": "WARNING", "active_alert_cells": 0, "latitude": 3068850.5044235187, "longitude": 652696.00087282399, "affected_cells": "644_1042", "incident_category": "HIGH_PRIORITY_RISK_ZONE" }, "geometry": { "type": "Point", "coordinates": [ 88.549135592820861, 27.735380435344968 ] } },
{ "type": "Feature", "properties": { "incident_id": "RISK_ZONE_ISOLATED_178", "cell_count": 1, "max_risk_score": 64.159131917291987, "mean_risk_score": 64.159131917291987, "max_alert_priority": 36.872184056920148, "highest_decision_state": "WATCH", "active_alert_cells": 0, "latitude": 3018850.5044235187, "longitude": 652996.00087282399, "affected_cells": "647_542", "incident_category": "MONITORING_RISK_ZONE" }, "geometry": { "type": "Point", "coordinates": [ 88.545857006974657, 27.284115090821089 ] } },
{ "type": "Feature", "properties": { "incident_id": "RISK_ZONE_ISOLATED_179", "cell_count": 1, "max_risk_score": 68.076089193143716, "mean_risk_score": 68.076089193143716, "max_alert_priority": 38.634814831053433, "highest_decision_state": "WARNING", "active_alert_cells": 0, "latitude": 3066450.5044235187, "longitude": 653496.00087282399, "affected_cells": "652_1018", "incident_category": "HIGH_PRIORITY_RISK_ZONE" }, "geometry": { "type": "Point", "coordinates": [ 88.556941548603248, 27.713630986486134 ] } },
{ "type": "Feature", "properties": { "incident_id": "RISK_ZONE_ISOLATED_18", "cell_count": 1, "max_risk_score": 68.584332862276398, "mean_risk_score": 68.584332862276398, "max_alert_priority": 38.863524482163136, "highest_decision_state": "WATCH", "active_alert_cells": 0, "latitude": 3015750.5044235187, "longitude": 615996.00087282399, "affected_cells": "277_511", "incident_category": "MONITORING_RISK_ZONE" }, "geometry": { "type": "Point", "coordinates": [ 88.171792405219762, 27.259765259215801 ] } },
{ "type": "Feature", "properties": { "incident_id": "RISK_ZONE_ISOLATED_180", "cell_count": 1, "max_risk_score": 75.78668704996953, "mean_risk_score": 75.78668704996953, "max_alert_priority": 56.365714185773982, "highest_decision_state": "CRITICAL", "active_alert_cells": 0, "latitude": 3064650.5044235187, "longitude": 654796.00087282399, "affected_cells": "665_1000", "incident_category": "CRITICAL_RISK_ZONE" }, "geometry": { "type": "Point", "coordinates": [ 88.569891134836766, 27.697238362725351 ] } },
{ "type": "Feature", "properties": { "incident_id": "RISK_ZONE_ISOLATED_181", "cell_count": 1, "max_risk_score": 73.015953142732826, "mean_risk_score": 73.015953142732826, "max_alert_priority": 40.857753608368526, "highest_decision_state": "WARNING", "active_alert_cells": 0, "latitude": 3047250.5044235187, "longitude": 654996.00087282399, "affected_cells": "667_826", "incident_category": "HIGH_PRIORITY_RISK_ZONE" }, "geometry": { "type": "Point", "coordinates": [ 88.569677788165194, 27.540190977976856 ] } },
{ "type": "Feature", "properties": { "incident_id": "RISK_ZONE_ISOLATED_182", "cell_count": 1, "max_risk_score": 60.294986399513967, "mean_risk_score": 60.294986399513967, "max_alert_priority": 35.133318573920043, "highest_decision_state": "WATCH", "active_alert_cells": 0, "latitude": 3032650.5044235187, "longitude": 655296.00087282399, "affected_cells": "670_680", "incident_category": "MONITORING_RISK_ZONE" }, "geometry": { "type": "Point", "coordinates": [ 88.570844937246818, 27.408397878321775 ] } },
{ "type": "Feature", "properties": { "incident_id": "RISK_ZONE_ISOLATED_183", "cell_count": 1, "max_risk_score": 52.533073460976802, "mean_risk_score": 52.533073460976802, "max_alert_priority": 31.640457751578321, "highest_decision_state": "WATCH", "active_alert_cells": 0, "latitude": 3034650.5044235187, "longitude": 656496.00087282399, "affected_cells": "682_700", "incident_category": "MONITORING_RISK_ZONE" }, "geometry": { "type": "Point", "coordinates": [ 88.583236791858695, 27.426309834774393 ] } },
{ "type": "Feature", "properties": { "incident_id": "RISK_ZONE_ISOLATED_184", "cell_count": 1, "max_risk_score": 53.63309758351842, "mean_risk_score": 53.63309758351842, "max_alert_priority": 32.135468606722043, "highest_decision_state": "WATCH", "active_alert_cells": 0, "latitude": 3044650.5044235187, "longitude": 656796.00087282399, "affected_cells": "685_800", "incident_category": "MONITORING_RISK_ZONE" }, "geometry": { "type": "Point", "coordinates": [ 88.5875639410975, 27.516520439582198 ] } },
{ "type": "Feature", "properties": { "incident_id": "RISK_ZONE_ISOLATED_185", "cell_count": 1, "max_risk_score": 65.977418367587262, "mean_risk_score": 65.977418367587262, "max_alert_priority": 37.690412959553022, "highest_decision_state": "WARNING", "active_alert_cells": 0, "latitude": 3045850.5044235187, "longitude": 657096.00087282399, "affected_cells": "688_812", "incident_category": "HIGH_PRIORITY_RISK_ZONE" }, "geometry": { "type": "Point", "coordinates": [ 88.590756369330379, 27.527315054326209 ] } },
{ "type": "Feature", "properties": { "incident_id": "RISK_ZONE_ISOLATED_186", "cell_count": 1, "max_risk_score": 59.44026459059004, "mean_risk_score": 59.44026459059004, "max_alert_priority": 34.74869375990427, "highest_decision_state": "WATCH", "active_alert_cells": 0, "latitude": 3019850.5044235187, "longitude": 657296.00087282399, "affected_cells": "690_552", "incident_category": "MONITORING_RISK_ZONE" }, "geometry": { "type": "Point", "coordinates": [ 88.589418945420661, 27.292653009276869 ] } },
{ "type": "Feature", "properties": { "incident_id": "RISK_ZONE_ISOLATED_187", "cell_count": 1, "max_risk_score": 57.400477831395079, "mean_risk_score": 57.400477831395079, "max_alert_priority": 33.830789718266537, "highest_decision_state": "WATCH", "active_alert_cells": 0, "latitude": 3062450.5044235187, "longitude": 657496.00087282399, "affected_cells": "692_978", "incident_category": "MONITORING_RISK_ZONE" }, "geometry": { "type": "Point", "coordinates": [ 88.596976148037342, 27.677072066673116 ] } },
{ "type": "Feature", "properties": { "incident_id": "RISK_ZONE_ISOLATED_188", "cell_count": 1, "max_risk_score": 54.298046018050506, "mean_risk_score": 54.298046018050506, "max_alert_priority": 32.434695402261482, "highest_decision_state": "WATCH", "active_alert_cells": 0, "latitude": 3060850.5044235187, "longitude": 658096.00087282399, "affected_cells": "698_962", "incident_category": "MONITORING_RISK_ZONE" }, "geometry": { "type": "Point", "coordinates": [ 88.602847340355225, 27.66256312461617 ] } },
{ "type": "Feature", "properties": { "incident_id": "RISK_ZONE_ISOLATED_189", "cell_count": 1, "max_risk_score": 66.790537634641467, "mean_risk_score": 66.790537634641467, "max_alert_priority": 38.056316629727412, "highest_decision_state": "WATCH", "active_alert_cells": 0, "latitude": 3048050.5044235187, "longitude": 658196.00087282399, "affected_cells": "699_834", "incident_category": "MONITORING_RISK_ZONE" }, "geometry": { "type": "Point", "coordinates": [ 88.602179449027901, 27.54704078643525 ] } },
{ "type": "Feature", "properties": { "incident_id": "RISK_ZONE_ISOLATED_19", "cell_count": 1, "max_risk_score": 68.447149416694671, "mean_risk_score": 68.447149416694671, "max_alert_priority": 38.801791931651358, "highest_decision_state": "WATCH", "active_alert_cells": 0, "latitude": 3004450.5044235187, "longitude": 616096.00087282399, "affected_cells": "278_398", "incident_category": "MONITORING_RISK_ZONE" }, "geometry": { "type": "Point", "coordinates": [ 88.171735054827622, 27.157758145004063 ] } },
{ "type": "Feature", "properties": { "incident_id": "RISK_ZONE_ISOLATED_190", "cell_count": 1, "max_risk_score": 56.426127530291225, "mean_risk_score": 56.426127530291225, "max_alert_priority": 33.392332082769805, "highest_decision_state": "WATCH", "active_alert_cells": 0, "latitude": 3018750.5044235187, "longitude": 658296.00087282399, "affected_cells": "700_541", "incident_category": "MONITORING_RISK_ZONE" }, "geometry": { "type": "Point", "coordinates": [ 88.599378165821207, 27.282610657398234 ] } },
{ "type": "Feature", "properties": { "incident_id": "RISK_ZONE_ISOLATED_191", "cell_count": 1, "max_risk_score": 63.68143256458395, "mean_risk_score": 63.68143256458395, "max_alert_priority": 36.657219348201529, "highest_decision_state": "WATCH", "active_alert_cells": 0, "latitude": 3026050.5044235187, "longitude": 658296.00087282399, "affected_cells": "700_614", "incident_category": "MONITORING_RISK_ZONE" }, "geometry": { "type": "Point", "coordinates": [ 88.600323478878423, 27.348490640800282 ] } },
{ "type": "Feature", "properties": { "incident_id": "RISK_ZONE_ISOLATED_192", "cell_count": 1, "max_risk_score": 63.800030590920585, "mean_risk_score": 63.800030590920585, "max_alert_priority": 36.710588460053017, "highest_decision_state": "WATCH", "active_alert_cells": 0, "latitude": 3035950.5044235187, "longitude": 658296.00087282399, "affected_cells": "700_713", "incident_category": "MONITORING_RISK_ZONE" }, "geometry": { "type": "Point", "coordinates": [ 88.601610633519314, 27.437833686087213 ] } },
{ "type": "Feature", "properties": { "incident_id": "RISK_ZONE_ISOLATED_193", "cell_count": 1, "max_risk_score": 68.51995784537263, "mean_risk_score": 68.51995784537263, "max_alert_priority": 38.834555724556438, "highest_decision_state": "WATCH", "active_alert_cells": 0, "latitude": 3009950.5044235187, "longitude": 658496.00087282399, "affected_cells": "702_453", "incident_category": "MONITORING_RISK_ZONE" }, "geometry": { "type": "Point", "coordinates": [ 88.600261559039524, 27.203169788722047 ] } },
{ "type": "Feature", "properties": { "incident_id": "RISK_ZONE_ISOLATED_194", "cell_count": 1, "max_risk_score": 65.21306531571706, "mean_risk_score": 65.21306531571706, "max_alert_priority": 37.34645408621143, "highest_decision_state": "WATCH", "active_alert_cells": 0, "latitude": 3008850.5044235187, "longitude": 658796.00087282399, "affected_cells": "705_442", "incident_category": "MONITORING_RISK_ZONE" }, "geometry": { "type": "Point", "coordinates": [ 88.603147534942721, 27.193207907366968 ] } },
{ "type": "Feature", "properties": { "incident_id": "RISK_ZONE_ISOLATED_195", "cell_count": 1, "max_risk_score": 70.262532556423608, "mean_risk_score": 70.262532556423608, "max_alert_priority": 39.61871434452938, "highest_decision_state": "WARNING", "active_alert_cells": 0, "latitude": 3048150.5044235187, "longitude": 658796.00087282399, "affected_cells": "705_835", "incident_category": "HIGH_PRIORITY_RISK_ZONE" }, "geometry": { "type": "Point", "coordinates": [ 88.608267343208269, 27.547873043315413 ] } },
{ "type": "Feature", "properties": { "incident_id": "RISK_ZONE_ISOLATED_196", "cell_count": 1, "max_risk_score": 51.066483235809606, "mean_risk_score": 51.066483235809606, "max_alert_priority": 30.980492150253081, "highest_decision_state": "WATCH", "active_alert_cells": 0, "latitude": 3023250.5044235187, "longitude": 658996.00087282399, "affected_cells": "707_586", "incident_category": "MONITORING_RISK_ZONE" }, "geometry": { "type": "Point", "coordinates": [ 88.607033440946509, 27.323140510566876 ] } },
{ "type": "Feature", "properties": { "incident_id": "RISK_ZONE_ISOLATED_197", "cell_count": 1, "max_risk_score": 60.184494364647577, "mean_risk_score": 60.184494364647577, "max_alert_priority": 35.083597158230162, "highest_decision_state": "WATCH", "active_alert_cells": 0, "latitude": 3014150.5044235187, "longitude": 659096.00087282399, "affected_cells": "708_495", "incident_category": "MONITORING_RISK_ZONE" }, "geometry": { "type": "Point", "coordinates": [ 88.606861549698664, 27.241004435558885 ] } },
{ "type": "Feature", "properties": { "incident_id": "RISK_ZONE_ISOLATED_198", "cell_count": 1, "max_risk_score": 63.077462581787969, "mean_risk_score": 63.077462581787969, "max_alert_priority": 36.385432855943343, "highest_decision_state": "WATCH", "active_alert_cells": 0, "latitude": 3011150.5044235187, "longitude": 659296.00087282399, "affected_cells": "710_465", "incident_category": "MONITORING_RISK_ZONE" }, "geometry": { "type": "Point", "coordinates": [ 88.608491736340468, 27.213907055239375 ] } },
{ "type": "Feature", "properties": { "incident_id": "RISK_ZONE_ISOLATED_199", "cell_count": 1, "max_risk_score": 65.656907979658527, "mean_risk_score": 65.656907979658527, "max_alert_priority": 37.546183284985091, "highest_decision_state": "WATCH", "active_alert_cells": 0, "latitude": 3035050.5044235187, "longitude": 659296.00087282399, "affected_cells": "710_704", "incident_category": "MONITORING_RISK_ZONE" }, "geometry": { "type": "Point", "coordinates": [ 88.611607218892416, 27.429595043293737 ] } },
{ "type": "Feature", "properties": { "incident_id": "RISK_ZONE_ISOLATED_2", "cell_count": 1, "max_risk_score": 56.548074595736423, "mean_risk_score": 56.548074595736423, "max_alert_priority": 33.447208262220144, "highest_decision_state": "WARNING", "active_alert_cells": 0, "latitude": 3016750.5044235187, "longitude": 606596.00087282399, "affected_cells": "183_521", "incident_category": "HIGH_PRIORITY_RISK_ZONE" }, "geometry": { "type": "Point", "coordinates": [ 88.076934695678432, 27.269554635780135 ] } },
{ "type": "Feature", "properties": { "incident_id": "RISK_ZONE_ISOLATED_20", "cell_count": 1, "max_risk_score": 60.857903625718933, "mean_risk_score": 60.857903625718933, "max_alert_priority": 35.386631325712273, "highest_decision_state": "WATCH", "active_alert_cells": 0, "latitude": 3002750.5044235187, "longitude": 616196.00087282399, "affected_cells": "279_381", "incident_category": "MONITORING_RISK_ZONE" }, "geometry": { "type": "Point", "coordinates": [ 88.172583935684585, 27.142404657875609 ] } },
{ "type": "Feature", "properties": { "incident_id": "RISK_ZONE_ISOLATED_200", "cell_count": 1, "max_risk_score": 65.713955667082672, "mean_risk_score": 65.713955667082672, "max_alert_priority": 37.571854744325954, "highest_decision_state": "WATCH", "active_alert_cells": 0, "latitude": 3035950.5044235187, "longitude": 659496.00087282399, "affected_cells": "712_713", "incident_category": "MONITORING_RISK_ZONE" }, "geometry": { "type": "Point", "coordinates": [ 88.613748128012958, 27.437693632891101 ] } },
{ "type": "Feature", "properties": { "incident_id": "RISK_ZONE_ISOLATED_201", "cell_count": 1, "max_risk_score": 71.289752688759989, "mean_risk_score": 71.289752688759989, "max_alert_priority": 40.080963404080762, "highest_decision_state": "WARNING", "active_alert_cells": 0, "latitude": 3031550.5044235187, "longitude": 659596.00087282399, "affected_cells": "713_669", "incident_category": "HIGH_PRIORITY_RISK_ZONE" }, "geometry": { "type": "Point", "coordinates": [ 88.614182081864527, 27.39797429814282 ] } },
{ "type": "Feature", "properties": { "incident_id": "RISK_ZONE_ISOLATED_202", "cell_count": 1, "max_risk_score": 72.493616826206676, "mean_risk_score": 72.493616826206676, "max_alert_priority": 54.639699830034317, "highest_decision_state": "WATCH", "active_alert_cells": 0, "latitude": 3033850.5044235187, "longitude": 659796.00087282399, "affected_cells": "715_692", "incident_category": "MONITORING_RISK_ZONE" }, "geometry": { "type": "Point", "coordinates": [ 88.616506369991384, 27.418707140868783 ] } },
{ "type": "Feature", "properties": { "incident_id": "RISK_ZONE_ISOLATED_203", "cell_count": 1, "max_risk_score": 72.221012969286875, "mean_risk_score": 72.221012969286875, "max_alert_priority": 40.500030530317851, "highest_decision_state": "WARNING", "active_alert_cells": 0, "latitude": 3057250.5044235187, "longitude": 659796.00087282399, "affected_cells": "715_926", "incident_category": "HIGH_PRIORITY_RISK_ZONE" }, "geometry": { "type": "Point", "coordinates": [ 88.619598425463238, 27.629875858482155 ] } },
{ "type": "Feature", "properties": { "incident_id": "RISK_ZONE_ISOLATED_204", "cell_count": 1, "max_risk_score": 70.192246787000258, "mean_risk_score": 70.192246787000258, "max_alert_priority": 39.587085748288871, "highest_decision_state": "WATCH", "active_alert_cells": 0, "latitude": 3028750.5044235187, "longitude": 659996.00087282399, "affected_cells": "717_641", "incident_category": "MONITORING_RISK_ZONE" }, "geometry": { "type": "Point", "coordinates": [ 88.617858644065223, 27.372658872702338 ] } },
{ "type": "Feature", "properties": { "incident_id": "RISK_ZONE_ISOLATED_205", "cell_count": 1, "max_risk_score": 54.9517768424369, "mean_risk_score": 54.9517768424369, "max_alert_priority": 47.052831004004602, "highest_decision_state": "WATCH", "active_alert_cells": 0, "latitude": 3055950.5044235187, "longitude": 660196.00087282399, "affected_cells": "719_913", "incident_category": "MONITORING_RISK_ZONE" }, "geometry": { "type": "Point", "coordinates": [ 88.623478171853961, 27.618097071666011 ] } },
{ "type": "Feature", "properties": { "incident_id": "RISK_ZONE_ISOLATED_206", "cell_count": 1, "max_risk_score": 70.784009029715264, "mean_risk_score": 70.784009029715264, "max_alert_priority": 39.853378757510633, "highest_decision_state": "WARNING", "active_alert_cells": 0, "latitude": 3012950.5044235187, "longitude": 660396.00087282399, "affected_cells": "721_483", "incident_category": "HIGH_PRIORITY_RISK_ZONE" }, "geometry": { "type": "Point", "coordinates": [ 88.619830451350637, 27.230023570077833 ] } },
{ "type": "Feature", "properties": { "incident_id": "RISK_ZONE_ISOLATED_207", "cell_count": 1, "max_risk_score": 71.033987237947741, "mean_risk_score": 71.033987237947741, "max_alert_priority": 39.965868951215242, "highest_decision_state": "WARNING", "active_alert_cells": 0, "latitude": 3047650.5044235187, "longitude": 660796.00087282399, "affected_cells": "725_830", "incident_category": "HIGH_PRIORITY_RISK_ZONE" }, "geometry": { "type": "Point", "coordinates": [ 88.628449951720725, 27.543125086634696 ] } },
{ "type": "Feature", "properties": { "incident_id": "RISK_ZONE_ISOLATED_208", "cell_count": 1, "max_risk_score": 70.025271033871121, "mean_risk_score": 70.025271033871121, "max_alert_priority": 39.511946659380762, "highest_decision_state": "WATCH", "active_alert_cells": 0, "latitude": 3009150.5044235187, "longitude": 660996.00087282399, "affected_cells": "727_445", "incident_category": "MONITORING_RISK_ZONE" }, "geometry": { "type": "Point", "coordinates": [ 88.625390032526582, 27.195659617565866 ] } },
{ "type": "Feature", "properties": { "incident_id": "RISK_ZONE_ISOLATED_209", "cell_count": 1, "max_risk_score": 64.787363879985207, "mean_risk_score": 64.787363879985207, "max_alert_priority": 37.154888440132098, "highest_decision_state": "WATCH", "active_alert_cells": 0, "latitude": 3014750.5044235187, "longitude": 660996.00087282399, "affected_cells": "727_501", "incident_category": "MONITORING_RISK_ZONE" }, "geometry": { "type": "Point", "coordinates": [ 88.626123964688745, 27.2461977242233 ] } },
{ "type": "Feature", "properties": { "incident_id": "RISK_ZONE_ISOLATED_21", "cell_count": 1, "max_risk_score": 67.566661682690551, "mean_risk_score": 67.566661682690551, "max_alert_priority": 38.405572451349499, "highest_decision_state": "WATCH", "active_alert_cells": 0, "latitude": 3014950.5044235187, "longitude": 616496.00087282399, "affected_cells": "282_503", "incident_category": "MONITORING_RISK_ZONE" }, "geometry": { "type": "Point", "coordinates": [ 88.176766535098423, 27.252501802463247 ] } },
{ "type": "Feature", "properties": { "incident_id": "RISK_ZONE_ISOLATED_210", "cell_count": 1, "max_risk_score": 65.459047298228697, "mean_risk_score": 65.459047298228697, "max_alert_priority": 37.457145978341671, "highest_decision_state": "WATCH", "active_alert_cells": 0, "latitude": 3047950.5044235187, "longitude": 661496.00087282399, "affected_cells": "732_833", "incident_category": "MONITORING_RISK_ZONE" }, "geometry": { "type": "Point", "coordinates": [ 88.635576915923423, 27.545749121323059 ] } },
{ "type": "Feature", "properties": { "incident_id": "RISK_ZONE_ISOLATED_211", "cell_count": 1, "max_risk_score": 70.537518119984284, "mean_risk_score": 70.537518119984284, "max_alert_priority": 39.742457848131686, "highest_decision_state": "WARNING", "active_alert_cells": 0, "latitude": 3013350.5044235187, "longitude": 661896.00087282399, "affected_cells": "736_487", "incident_category": "HIGH_PRIORITY_RISK_ZONE" }, "geometry": { "type": "Point", "coordinates": [ 88.635026648526875, 27.23345743306934 ] } },
{ "type": "Feature", "properties": { "incident_id": "RISK_ZONE_ISOLATED_212", "cell_count": 1, "max_risk_score": 60.803281088187319, "mean_risk_score": 60.803281088187319, "max_alert_priority": 35.362051183823048, "highest_decision_state": "WATCH", "active_alert_cells": 0, "latitude": 3020050.5044235187, "longitude": 662496.00087282399, "affected_cells": "742_554", "incident_category": "MONITORING_RISK_ZONE" }, "geometry": { "type": "Point", "coordinates": [ 88.641972421814259, 27.293850961696787 ] } },
{ "type": "Feature", "properties": { "incident_id": "RISK_ZONE_ISOLATED_213", "cell_count": 1, "max_risk_score": 81.363527799982492, "mean_risk_score": 81.363527799982492, "max_alert_priority": 59.431062204130882, "highest_decision_state": "CRITICAL", "active_alert_cells": 0, "latitude": 3049050.5044235187, "longitude": 662696.00087282399, "affected_cells": "744_844", "incident_category": "CRITICAL_RISK_ZONE" }, "geometry": { "type": "Point", "coordinates": [ 88.647874234446405, 27.555532142697512 ] } },
{ "type": "Feature", "properties": { "incident_id": "RISK_ZONE_ISOLATED_214", "cell_count": 1, "max_risk_score": 70.026664614094798, "mean_risk_score": 70.026664614094798, "max_alert_priority": 39.512573770481417, "highest_decision_state": "WARNING", "active_alert_cells": 0, "latitude": 3013650.5044235187, "longitude": 662896.00087282399, "affected_cells": "746_490", "incident_category": "HIGH_PRIORITY_RISK_ZONE" }, "geometry": { "type": "Point", "coordinates": [ 88.645162341042976, 27.236046553186625 ] } },
{ "type": "Feature", "properties": { "incident_id": "RISK_ZONE_ISOLATED_215", "cell_count": 1, "max_risk_score": 74.640715581081324, "mean_risk_score": 74.640715581081324, "max_alert_priority": 44.670779969730042, "highest_decision_state": "WARNING", "active_alert_cells": 0, "latitude": 3051250.5044235187, "longitude": 662996.00087282399, "affected_cells": "747_866", "incident_category": "HIGH_PRIORITY_RISK_ZONE" }, "geometry": { "type": "Point", "coordinates": [ 88.651208929060957, 27.575349103731973 ] } },
{ "type": "Feature", "properties": { "incident_id": "RISK_ZONE_ISOLATED_216", "cell_count": 1, "max_risk_score": 70.030857987838061, "mean_risk_score": 70.030857987838061, "max_alert_priority": 39.514460788665879, "highest_decision_state": "WARNING", "active_alert_cells": 0, "latitude": 3010150.5044235187, "longitude": 663096.00087282399, "affected_cells": "748_455", "incident_category": "HIGH_PRIORITY_RISK_ZONE" }, "geometry": { "type": "Point", "coordinates": [ 88.646716887494165, 27.204436829142423 ] } },
{ "type": "Feature", "properties": { "incident_id": "RISK_ZONE_ISOLATED_217", "cell_count": 1, "max_risk_score": 53.377410862608471, "mean_risk_score": 53.377410862608471, "max_alert_priority": 32.020409582312567, "highest_decision_state": "WATCH", "active_alert_cells": 0, "latitude": 3050550.5044235187, "longitude": 663196.00087282399, "affected_cells": "749_859", "incident_category": "MONITORING_RISK_ZONE" }, "geometry": { "type": "Point", "coordinates": [ 88.653139619505765, 27.569008146223933 ] } },
{ "type": "Feature", "properties": { "incident_id": "RISK_ZONE_ISOLATED_218", "cell_count": 1, "max_risk_score": 56.82506775470933, "mean_risk_score": 56.82506775470933, "max_alert_priority": 33.571855183757954, "highest_decision_state": "WARNING", "active_alert_cells": 0, "latitude": 3052950.5044235187, "longitude": 663196.00087282399, "affected_cells": "749_883", "incident_category": "HIGH_PRIORITY_RISK_ZONE" }, "geometry": { "type": "Point", "coordinates": [ 88.653464426048501, 27.590665921172462 ] } },
{ "type": "Feature", "properties": { "incident_id": "RISK_ZONE_ISOLATED_219", "cell_count": 1, "max_risk_score": 70.341767778026309, "mean_risk_score": 70.341767778026309, "max_alert_priority": 39.654370194250603, "highest_decision_state": "WARNING", "active_alert_cells": 0, "latitude": 3008950.5044235187, "longitude": 663496.00087282399, "affected_cells": "752_443", "incident_category": "HIGH_PRIORITY_RISK_ZONE" }, "geometry": { "type": "Point", "coordinates": [ 88.650594647103006, 27.193559834288749 ] } },
{ "type": "Feature", "properties": { "incident_id": "RISK_ZONE_ISOLATED_22", "cell_count": 1, "max_risk_score": 62.097723743771724, "mean_risk_score": 62.097723743771724, "max_alert_priority": 35.944550378836027, "highest_decision_state": "WATCH", "active_alert_cells": 0, "latitude": 3020650.5044235187, "longitude": 616596.00087282399, "affected_cells": "283_560", "incident_category": "MONITORING_RISK_ZONE" }, "geometry": { "type": "Point", "coordinates": [ 88.178319176136696, 27.303943339709971 ] } },
{ "type": "Feature", "properties": { "incident_id": "RISK_ZONE_ISOLATED_220", "cell_count": 1, "max_risk_score": 69.037787824619301, "mean_risk_score": 69.037787824619301, "max_alert_priority": 39.067579215217442, "highest_decision_state": "WATCH", "active_alert_cells": 0, "latitude": 3027950.5044235187, "longitude": 663696.00087282399, "affected_cells": "754_633", "incident_category": "MONITORING_RISK_ZONE" }, "geometry": { "type": "Point", "coordinates": [ 88.655152627730232, 27.365000777900601 ] } },
{ "type": "Feature", "properties": { "incident_id": "RISK_ZONE_ISOLATED_221", "cell_count": 1, "max_risk_score": 53.874186520142132, "mean_risk_score": 53.874186520142132, "max_alert_priority": 32.243958628202712, "highest_decision_state": "WATCH", "active_alert_cells": 0, "latitude": 3015350.5044235187, "longitude": 664296.00087282399, "affected_cells": "760_507", "incident_category": "MONITORING_RISK_ZONE" }, "geometry": { "type": "Point", "coordinates": [ 88.659524446147017, 27.251221382754558 ] } },
{ "type": "Feature", "properties": { "incident_id": "RISK_ZONE_ISOLATED_222", "cell_count": 1, "max_risk_score": 81.537143421132896, "mean_risk_score": 81.537143421132896, "max_alert_priority": 59.541610845370172, "highest_decision_state": "CRITICAL", "active_alert_cells": 0, "latitude": 3009550.5044235187, "longitude": 664496.00087282399, "affected_cells": "762_449", "incident_category": "CRITICAL_RISK_ZONE" }, "geometry": { "type": "Point", "coordinates": [ 88.660767096331341, 27.198855347363967 ] } },
{ "type": "Feature", "properties": { "incident_id": "RISK_ZONE_ISOLATED_223", "cell_count": 1, "max_risk_score": 66.155462966301101, "mean_risk_score": 66.155462966301101, "max_alert_priority": 37.770533028974249, "highest_decision_state": "WARNING", "active_alert_cells": 0, "latitude": 3057150.5044235187, "longitude": 666296.00087282399, "affected_cells": "780_925", "incident_category": "HIGH_PRIORITY_RISK_ZONE" }, "geometry": { "type": "Point", "coordinates": [ 88.685442066609156, 27.628188694440475 ] } },
{ "type": "Feature", "properties": { "incident_id": "RISK_ZONE_ISOLATED_224", "cell_count": 1, "max_risk_score": 57.604372355864157, "mean_risk_score": 57.604372355864157, "max_alert_priority": 33.922542254277623, "highest_decision_state": "WATCH", "active_alert_cells": 0, "latitude": 3015550.5044235187, "longitude": 667696.00087282399, "affected_cells": "794_509", "incident_category": "MONITORING_RISK_ZONE" }, "geometry": { "type": "Point", "coordinates": [ 88.693882560279121, 27.252614987728936 ] } },
{ "type": "Feature", "properties": { "incident_id": "RISK_ZONE_ISOLATED_225", "cell_count": 1, "max_risk_score": 70.683038009652009, "mean_risk_score": 70.683038009652009, "max_alert_priority": 39.807941798482162, "highest_decision_state": "WARNING", "active_alert_cells": 0, "latitude": 3030050.5044235187, "longitude": 668396.00087282399, "affected_cells": "801_654", "incident_category": "HIGH_PRIORITY_RISK_ZONE" }, "geometry": { "type": "Point", "coordinates": [ 88.702948360191328, 27.383379973603429 ] } },
{ "type": "Feature", "properties": { "incident_id": "RISK_ZONE_ISOLATED_226", "cell_count": 1, "max_risk_score": 77.36782887959447, "mean_risk_score": 77.36782887959447, "max_alert_priority": 56.428512716249102, "highest_decision_state": "CRITICAL", "active_alert_cells": 0, "latitude": 3015850.5044235187, "longitude": 669396.00087282399, "affected_cells": "811_512", "incident_category": "CRITICAL_RISK_ZONE" }, "geometry": { "type": "Point", "coordinates": [ 88.711089383940802, 27.255113456476483 ] } },
{ "type": "Feature", "properties": { "incident_id": "RISK_ZONE_ISOLATED_227", "cell_count": 1, "max_risk_score": 64.685082195819831, "mean_risk_score": 64.685082195819831, "max_alert_priority": 37.108861682257682, "highest_decision_state": "WATCH", "active_alert_cells": 0, "latitude": 3062450.5044235187, "longitude": 670996.00087282399, "affected_cells": "827_978", "incident_category": "MONITORING_RISK_ZONE" }, "geometry": { "type": "Point", "coordinates": [ 88.733814333851598, 27.675426904602158 ] } },
{ "type": "Feature", "properties": { "incident_id": "RISK_ZONE_ISOLATED_228", "cell_count": 1, "max_risk_score": 73.598817408130444, "mean_risk_score": 73.598817408130444, "max_alert_priority": 41.120042527797459, "highest_decision_state": "WARNING", "active_alert_cells": 0, "latitude": 3063650.5044235187, "longitude": 671496.00087282399, "affected_cells": "832_990", "incident_category": "HIGH_PRIORITY_RISK_ZONE" }, "geometry": { "type": "Point", "coordinates": [ 88.739053737811673, 27.686191627783984 ] } },
{ "type": "Feature", "properties": { "incident_id": "RISK_ZONE_ISOLATED_229", "cell_count": 1, "max_risk_score": 70.64738755352505, "mean_risk_score": 70.64738755352505, "max_alert_priority": 39.791899093225027, "highest_decision_state": "WARNING", "active_alert_cells": 0, "latitude": 3028950.5044235187, "longitude": 671996.00087282399, "affected_cells": "837_643", "incident_category": "HIGH_PRIORITY_RISK_ZONE" }, "geometry": { "type": "Point", "coordinates": [ 88.739185575525255, 27.373004666208068 ] } },
{ "type": "Feature", "properties": { "incident_id": "RISK_ZONE_ISOLATED_23", "cell_count": 1, "max_risk_score": 64.084567966972983, "mean_risk_score": 64.084567966972983, "max_alert_priority": 36.8386302792766, "highest_decision_state": "WATCH", "active_alert_cells": 0, "latitude": 3002750.5044235187, "longitude": 616996.00087282399, "affected_cells": "287_381", "incident_category": "MONITORING_RISK_ZONE" }, "geometry": { "type": "Point", "coordinates": [ 88.180655699964234, 27.142336996158708 ] } },
{ "type": "Feature", "properties": { "incident_id": "RISK_ZONE_ISOLATED_230", "cell_count": 1, "max_risk_score": 62.896185494360232, "mean_risk_score": 62.896185494360232, "max_alert_priority": 36.303858166600861, "highest_decision_state": "WATCH", "active_alert_cells": 0, "latitude": 3028350.5044235187, "longitude": 675696.00087282399, "affected_cells": "874_637", "incident_category": "MONITORING_RISK_ZONE" }, "geometry": { "type": "Point", "coordinates": [ 88.776498260495913, 27.367119272096669 ] } },
{ "type": "Feature", "properties": { "incident_id": "RISK_ZONE_ISOLATED_231", "cell_count": 1, "max_risk_score": 58.169662046101045, "mean_risk_score": 58.169662046101045, "max_alert_priority": 34.176922614884226, "highest_decision_state": "WATCH", "active_alert_cells": 0, "latitude": 3029250.5044235187, "longitude": 676296.00087282399, "affected_cells": "880_646", "incident_category": "MONITORING_RISK_ZONE" }, "geometry": { "type": "Point", "coordinates": [ 88.782692773104941, 27.375163302741861 ] } },
{ "type": "Feature", "properties": { "incident_id": "RISK_ZONE_ISOLATED_232", "cell_count": 1, "max_risk_score": 72.677528831268205, "mean_risk_score": 72.677528831268205, "max_alert_priority": 40.705462668209449, "highest_decision_state": "WARNING", "active_alert_cells": 0, "latitude": 3015750.5044235187, "longitude": 676796.00087282399, "affected_cells": "885_511", "incident_category": "HIGH_PRIORITY_RISK_ZONE" }, "geometry": { "type": "Point", "coordinates": [ 88.785794489548067, 27.253277569921899 ] } },
{ "type": "Feature", "properties": { "incident_id": "RISK_ZONE_ISOLATED_233", "cell_count": 1, "max_risk_score": 62.593998016749318, "mean_risk_score": 62.593998016749318, "max_alert_priority": 36.167873801675945, "highest_decision_state": "WATCH", "active_alert_cells": 0, "latitude": 3028050.5044235187, "longitude": 676796.00087282399, "affected_cells": "885_634", "incident_category": "MONITORING_RISK_ZONE" }, "geometry": { "type": "Point", "coordinates": [ 88.787572713803655, 27.364270192369119 ] } },
{ "type": "Feature", "properties": { "incident_id": "RISK_ZONE_ISOLATED_234", "cell_count": 1, "max_risk_score": 67.789403748094614, "mean_risk_score": 67.789403748094614, "max_alert_priority": 38.50580638078133, "highest_decision_state": "WARNING", "active_alert_cells": 0, "latitude": 3028550.5044235187, "longitude": 677496.00087282399, "affected_cells": "892_639", "incident_category": "HIGH_PRIORITY_RISK_ZONE" }, "geometry": { "type": "Point", "coordinates": [ 88.794720348061588, 27.368691238421743 ] } },
{ "type": "Feature", "properties": { "incident_id": "RISK_ZONE_ISOLATED_235", "cell_count": 1, "max_risk_score": 68.285963136800646, "mean_risk_score": 68.285963136800646, "max_alert_priority": 38.729258105699046, "highest_decision_state": "WARNING", "active_alert_cells": 0, "latitude": 3029350.5044235187, "longitude": 677996.00087282399, "affected_cells": "897_647", "incident_category": "HIGH_PRIORITY_RISK_ZONE" }, "geometry": { "type": "Point", "coordinates": [ 88.799890817929096, 27.375845069761166 ] } },
{ "type": "Feature", "properties": { "incident_id": "RISK_ZONE_ISOLATED_236", "cell_count": 1, "max_risk_score": 62.225749333455752, "mean_risk_score": 62.225749333455752, "max_alert_priority": 36.00216189419384, "highest_decision_state": "WATCH", "active_alert_cells": 0, "latitude": 3018750.5044235187, "longitude": 678596.00087282399, "affected_cells": "903_541", "incident_category": "MONITORING_RISK_ZONE" }, "geometry": { "type": "Point", "coordinates": [ 88.804405980784622, 27.280115760196594 ] } },
{ "type": "Feature", "properties": { "incident_id": "RISK_ZONE_ISOLATED_237", "cell_count": 1, "max_risk_score": 56.200065727171257, "mean_risk_score": 56.200065727171257, "max_alert_priority": 33.290604271365822, "highest_decision_state": "WATCH", "active_alert_cells": 0, "latitude": 3022650.5044235187, "longitude": 681696.00087282399, "affected_cells": "934_580", "incident_category": "MONITORING_RISK_ZONE" }, "geometry": { "type": "Point", "coordinates": [ 88.836292357770873, 27.314900219655538 ] } },
{ "type": "Feature", "properties": { "incident_id": "RISK_ZONE_ISOLATED_238", "cell_count": 1, "max_risk_score": 59.818474070217945, "mean_risk_score": 59.818474070217945, "max_alert_priority": 34.918888025736827, "highest_decision_state": "WATCH", "active_alert_cells": 0, "latitude": 3028350.5044235187, "longitude": 695696.00087282399, "affected_cells": "1074_637", "incident_category": "MONITORING_RISK_ZONE" }, "geometry": { "type": "Point", "coordinates": [ 88.978629635858226, 27.364399900471632 ] } },
{ "type": "Feature", "properties": { "incident_id": "RISK_ZONE_ISOLATED_239", "cell_count": 1, "max_risk_score": 53.396005241613622, "mean_risk_score": 53.396005241613622, "max_alert_priority": 32.028777052864882, "highest_decision_state": "WARNING", "active_alert_cells": 0, "latitude": 2996750.5044235187, "longitude": 697396.00087282399, "affected_cells": "1091_321", "incident_category": "HIGH_PRIORITY_RISK_ZONE" }, "geometry": { "type": "Point", "coordinates": [ 88.990731964859606, 27.079034013070522 ] } },
{ "type": "Feature", "properties": { "incident_id": "RISK_ZONE_ISOLATED_24", "cell_count": 1, "max_risk_score": 75.003905067302767, "mean_risk_score": 75.003905067302767, "max_alert_priority": 56.70871768871072, "highest_decision_state": "CRITICAL", "active_alert_cells": 0, "latitude": 3014850.5044235187, "longitude": 617096.00087282399, "affected_cells": "288_502", "incident_category": "CRITICAL_RISK_ZONE" }, "geometry": { "type": "Point", "coordinates": [ 88.182816752299345, 27.251548095399507 ] } },
{ "type": "Feature", "properties": { "incident_id": "RISK_ZONE_ISOLATED_240", "cell_count": 1, "max_risk_score": 61.747988443227449, "mean_risk_score": 61.747988443227449, "max_alert_priority": 35.787169493591108, "highest_decision_state": "WARNING", "active_alert_cells": 0, "latitude": 3042750.5044235187, "longitude": 700696.00087282399, "affected_cells": "1124_781", "incident_category": "HIGH_PRIORITY_RISK_ZONE" }, "geometry": { "type": "Point", "coordinates": [ 89.031535687320428, 27.493596237267823 ] } },
{ "type": "Feature", "properties": { "incident_id": "RISK_ZONE_ISOLATED_25", "cell_count": 1, "max_risk_score": 64.843082046634535, "mean_risk_score": 64.843082046634535, "max_alert_priority": 37.179961615124299, "highest_decision_state": "WATCH", "active_alert_cells": 0, "latitude": 3003550.5044235187, "longitude": 617296.00087282399, "affected_cells": "290_389", "incident_category": "MONITORING_RISK_ZONE" }, "geometry": { "type": "Point", "coordinates": [ 88.183758703613734, 27.149532681958018 ] } },
{ "type": "Feature", "properties": { "incident_id": "RISK_ZONE_ISOLATED_26", "cell_count": 1, "max_risk_score": 71.16515513039316, "mean_risk_score": 71.16515513039316, "max_alert_priority": 40.024894502815677, "highest_decision_state": "WARNING", "active_alert_cells": 0, "latitude": 3021750.5044235187, "longitude": 617696.00087282399, "affected_cells": "294_571", "incident_category": "HIGH_PRIORITY_RISK_ZONE" }, "geometry": { "type": "Point", "coordinates": [ 88.189539728235701, 27.313778087751984 ] } },
{ "type": "Feature", "properties": { "incident_id": "RISK_ZONE_ISOLATED_27", "cell_count": 1, "max_risk_score": 58.341335521884062, "mean_risk_score": 58.341335521884062, "max_alert_priority": 34.254175678986584, "highest_decision_state": "WATCH", "active_alert_cells": 0, "latitude": 3003950.5044235187, "longitude": 617996.00087282399, "affected_cells": "297_393", "incident_category": "MONITORING_RISK_ZONE" }, "geometry": { "type": "Point", "coordinates": [ 88.190860205833204, 27.153083503862767 ] } },
{ "type": "Feature", "properties": { "incident_id": "RISK_ZONE_ISOLATED_28", "cell_count": 1, "max_risk_score": 57.875316180168376, "mean_risk_score": 57.875316180168376, "max_alert_priority": 34.044466975214526, "highest_decision_state": "WARNING", "active_alert_cells": 0, "latitude": 2986450.5044235187, "longitude": 618296.00087282399, "affected_cells": "300_218", "incident_category": "HIGH_PRIORITY_RISK_ZONE" }, "geometry": { "type": "Point", "coordinates": [ 88.192214767304776, 26.995093421734072 ] } },
{ "type": "Feature", "properties": { "incident_id": "RISK_ZONE_ISOLATED_29", "cell_count": 1, "max_risk_score": 72.076385954072848, "mean_risk_score": 72.076385954072848, "max_alert_priority": 40.434948373471535, "highest_decision_state": "WARNING", "active_alert_cells": 0, "latitude": 3025450.5044235187, "longitude": 618396.00087282399, "affected_cells": "301_608", "incident_category": "HIGH_PRIORITY_RISK_ZONE" }, "geometry": { "type": "Point", "coordinates": [ 88.196971970100506, 27.347114619221628 ] } },
{ "type": "Feature", "properties": { "incident_id": "RISK_ZONE_ISOLATED_3", "cell_count": 1, "max_risk_score": 55.082359705466473, "mean_risk_score": 55.082359705466473, "max_alert_priority": 32.787636561598667, "highest_decision_state": "WATCH", "active_alert_cells": 0, "latitude": 2968550.5044235187, "longitude": 606796.00087282399, "affected_cells": "185_39", "incident_category": "MONITORING_RISK_ZONE" }, "geometry": { "type": "Point", "coordinates": [ 88.074800592331997, 26.834441184103795 ] } },
{ "type": "Feature", "properties": { "incident_id": "RISK_ZONE_ISOLATED_30", "cell_count": 1, "max_risk_score": 66.556918852869984, "mean_risk_score": 66.556918852869984, "max_alert_priority": 37.951188177930248, "highest_decision_state": "WATCH", "active_alert_cells": 0, "latitude": 3015950.5044235187, "longitude": 618496.00087282399, "affected_cells": "302_513", "incident_category": "MONITORING_RISK_ZONE" }, "geometry": { "type": "Point", "coordinates": [ 88.197062342531353, 27.261356825743469 ] } },
{ "type": "Feature", "properties": { "incident_id": "RISK_ZONE_ISOLATED_31", "cell_count": 1, "max_risk_score": 58.044062971041946, "mean_risk_score": 58.044062971041946, "max_alert_priority": 34.120403031107628, "highest_decision_state": "WATCH", "active_alert_cells": 0, "latitude": 3007550.5044235187, "longitude": 618696.00087282399, "affected_cells": "304_429", "incident_category": "MONITORING_RISK_ZONE" }, "geometry": { "type": "Point", "coordinates": [ 88.198270578923285, 27.185518409128413 ] } },
{ "type": "Feature", "properties": { "incident_id": "RISK_ZONE_ISOLATED_32", "cell_count": 1, "max_risk_score": 65.258175648379861, "mean_risk_score": 65.258175648379861, "max_alert_priority": 37.36675373590969, "highest_decision_state": "WATCH", "active_alert_cells": 0, "latitude": 3020950.5044235187, "longitude": 618696.00087282399, "affected_cells": "304_563", "incident_category": "MONITORING_RISK_ZONE" }, "geometry": { "type": "Point", "coordinates": [ 88.199567159957368, 27.306470752947114 ] } },
{ "type": "Feature", "properties": { "incident_id": "RISK_ZONE_ISOLATED_33", "cell_count": 1, "max_risk_score": 69.72831384511008, "mean_risk_score": 69.72831384511008, "max_alert_priority": 39.37831592443829, "highest_decision_state": "WARNING", "active_alert_cells": 0, "latitude": 3010950.5044235187, "longitude": 618796.00087282399, "affected_cells": "305_463", "incident_category": "HIGH_PRIORITY_RISK_ZONE" }, "geometry": { "type": "Point", "coordinates": [ 88.199608420337057, 27.216199372150289 ] } },
{ "type": "Feature", "properties": { "incident_id": "RISK_ZONE_ISOLATED_34", "cell_count": 1, "max_risk_score": 68.946674576833331, "mean_risk_score": 68.946674576833331, "max_alert_priority": 39.026578253713751, "highest_decision_state": "WATCH", "active_alert_cells": 0, "latitude": 3015650.5044235187, "longitude": 619096.00087282399, "affected_cells": "308_510", "incident_category": "MONITORING_RISK_ZONE" }, "geometry": { "type": "Point", "coordinates": [ 88.203093396667256, 27.258596979894904 ] } },
{ "type": "Feature", "properties": { "incident_id": "RISK_ZONE_ISOLATED_35", "cell_count": 1, "max_risk_score": 63.828868334747845, "mean_risk_score": 63.828868334747845, "max_alert_priority": 36.723565444775282, "highest_decision_state": "WATCH", "active_alert_cells": 0, "latitude": 3024150.5044235187, "longitude": 619396.00087282399, "affected_cells": "311_595", "incident_category": "MONITORING_RISK_ZONE" }, "geometry": { "type": "Point", "coordinates": [ 88.206952908317234, 27.335293629089875 ] } },
{ "type": "Feature", "properties": { "incident_id": "RISK_ZONE_ISOLATED_36", "cell_count": 1, "max_risk_score": 68.807262376074007, "mean_risk_score": 68.807262376074007, "max_alert_priority": 38.963842763372057, "highest_decision_state": "WATCH", "active_alert_cells": 0, "latitude": 3008850.5044235187, "longitude": 619696.00087282399, "affected_cells": "314_442", "incident_category": "MONITORING_RISK_ZONE" }, "geometry": { "type": "Point", "coordinates": [ 88.208490549487422, 27.197166019982411 ] } },
{ "type": "Feature", "properties": { "incident_id": "RISK_ZONE_ISOLATED_37", "cell_count": 1, "max_risk_score": 67.386196300769129, "mean_risk_score": 67.386196300769129, "max_alert_priority": 38.324363029484864, "highest_decision_state": "WATCH", "active_alert_cells": 0, "latitude": 3011350.5044235187, "longitude": 619796.00087282399, "affected_cells": "315_467", "incident_category": "MONITORING_RISK_ZONE" }, "geometry": { "type": "Point", "coordinates": [ 88.209743666883952, 27.219723081273287 ] } },
{ "type": "Feature", "properties": { "incident_id": "RISK_ZONE_ISOLATED_38", "cell_count": 1, "max_risk_score": 70.502113093485249, "mean_risk_score": 70.502113093485249, "max_alert_priority": 39.726525586207117, "highest_decision_state": "WARNING", "active_alert_cells": 0, "latitude": 3015150.5044235187, "longitude": 619796.00087282399, "affected_cells": "315_505", "incident_category": "HIGH_PRIORITY_RISK_ZONE" }, "geometry": { "type": "Point", "coordinates": [ 88.210114585105956, 27.254022905254896 ] } },
{ "type": "Feature", "properties": { "incident_id": "RISK_ZONE_ISOLATED_39", "cell_count": 1, "max_risk_score": 63.181981379788816, "mean_risk_score": 63.181981379788816, "max_alert_priority": 36.432466315043719, "highest_decision_state": "WATCH", "active_alert_cells": 0, "latitude": 3002650.5044235187, "longitude": 619996.00087282399, "affected_cells": "317_380", "incident_category": "MONITORING_RISK_ZONE" }, "geometry": { "type": "Point", "coordinates": [ 88.210914832217412, 27.141176493879026 ] } },
{ "type": "Feature", "properties": { "incident_id": "RISK_ZONE_ISOLATED_4", "cell_count": 1, "max_risk_score": 59.685552213511407, "mean_risk_score": 59.685552213511407, "max_alert_priority": 34.859073190218886, "highest_decision_state": "WATCH", "active_alert_cells": 0, "latitude": 3019550.5044235187, "longitude": 606896.00087282399, "affected_cells": "186_549", "incident_category": "MONITORING_RISK_ZONE" }, "geometry": { "type": "Point", "coordinates": [ 88.080209603054996, 27.294805819656968 ] } },
{ "type": "Feature", "properties": { "incident_id": "RISK_ZONE_ISOLATED_40", "cell_count": 1, "max_risk_score": 58.53874839464973, "mean_risk_score": 58.53874839464973, "max_alert_priority": 34.343011471731131, "highest_decision_state": "WATCH", "active_alert_cells": 0, "latitude": 3017250.5044235187, "longitude": 620096.00087282399, "affected_cells": "318_526", "incident_category": "MONITORING_RISK_ZONE" }, "geometry": { "type": "Point", "coordinates": [ 88.2133502517473, 27.272951748962242 ] } },
{ "type": "Feature", "properties": { "incident_id": "RISK_ZONE_ISOLATED_41", "cell_count": 1, "max_risk_score": 82.73163919637264, "mean_risk_score": 82.73163919637264, "max_alert_priority": 60.189212332506443, "highest_decision_state": "CRITICAL", "active_alert_cells": 0, "latitude": 3023050.5044235187, "longitude": 620096.00087282399, "affected_cells": "318_584", "incident_category": "CRITICAL_RISK_ZONE" }, "geometry": { "type": "Point", "coordinates": [ 88.213919639305857, 27.325303574172811 ] } },
{ "type": "Feature", "properties": { "incident_id": "RISK_ZONE_ISOLATED_42", "cell_count": 1, "max_risk_score": 71.693320426913701, "mean_risk_score": 71.693320426913701, "max_alert_priority": 40.262568886249923, "highest_decision_state": "WARNING", "active_alert_cells": 0, "latitude": 3005250.5044235187, "longitude": 620296.00087282399, "affected_cells": "320_406", "incident_category": "HIGH_PRIORITY_RISK_ZONE" }, "geometry": { "type": "Point", "coordinates": [ 88.214195410318339, 27.164618895501395 ] } },
{ "type": "Feature", "properties": { "incident_id": "RISK_ZONE_ISOLATED_43", "cell_count": 1, "max_risk_score": 72.499239182120519, "mean_risk_score": 72.499239182120519, "max_alert_priority": 40.625232326092991, "highest_decision_state": "WARNING", "active_alert_cells": 0, "latitude": 3020450.5044235187, "longitude": 620596.00087282399, "affected_cells": "323_558", "incident_category": "HIGH_PRIORITY_RISK_ZONE" }, "geometry": { "type": "Point", "coordinates": [ 88.218716174076107, 27.301791617787543 ] } },
{ "type": "Feature", "properties": { "incident_id": "RISK_ZONE_ISOLATED_44", "cell_count": 1, "max_risk_score": 79.889280988388819, "mean_risk_score": 79.889280988388819, "max_alert_priority": 58.659801138913721, "highest_decision_state": "CRITICAL", "active_alert_cells": 0, "latitude": 3023150.5044235187, "longitude": 620596.00087282399, "affected_cells": "323_585", "incident_category": "CRITICAL_RISK_ZONE" }, "geometry": { "type": "Point", "coordinates": [ 88.218982541565282, 27.326162195994392 ] } },
{ "type": "Feature", "properties": { "incident_id": "RISK_ZONE_ISOLATED_45", "cell_count": 1, "max_risk_score": 71.034960111575785, "mean_risk_score": 71.034960111575785, "max_alert_priority": 39.966306744347861, "highest_decision_state": "WARNING", "active_alert_cells": 0, "latitude": 3022550.5044235187, "longitude": 620696.00087282399, "affected_cells": "324_579", "incident_category": "HIGH_PRIORITY_RISK_ZONE" }, "geometry": { "type": "Point", "coordinates": [ 88.219933883659664, 27.320737701155075 ] } },
{ "type": "Feature", "properties": { "incident_id": "RISK_ZONE_ISOLATED_46", "cell_count": 1, "max_risk_score": 65.710165714616664, "mean_risk_score": 65.710165714616664, "max_alert_priority": 37.570149265716253, "highest_decision_state": "WATCH", "active_alert_cells": 0, "latitude": 3012250.5044235187, "longitude": 620796.00087282399, "affected_cells": "325_476", "incident_category": "MONITORING_RISK_ZONE" }, "geometry": { "type": "Point", "coordinates": [ 88.219928709255015, 27.22775915962735 ] } },
{ "type": "Feature", "properties": { "incident_id": "RISK_ZONE_ISOLATED_47", "cell_count": 1, "max_risk_score": 64.211753684123735, "mean_risk_score": 64.211753684123735, "max_alert_priority": 51.453106008857176, "highest_decision_state": "WATCH", "active_alert_cells": 0, "latitude": 3005650.5044235187, "longitude": 621296.00087282399, "affected_cells": "330_410", "incident_category": "MONITORING_RISK_ZONE" }, "geometry": { "type": "Point", "coordinates": [ 88.224326341699552, 27.1681417139452 ] } },
{ "type": "Feature", "properties": { "incident_id": "RISK_ZONE_ISOLATED_48", "cell_count": 1, "max_risk_score": 75.178608652066387, "mean_risk_score": 75.178608652066387, "max_alert_priority": 53.273522461369247, "highest_decision_state": "CRITICAL", "active_alert_cells": 0, "latitude": 3005250.5044235187, "longitude": 621696.00087282399, "affected_cells": "334_406", "incident_category": "CRITICAL_RISK_ZONE" }, "geometry": { "type": "Point", "coordinates": [ 88.228323557345334, 27.164495903454085 ] } },
{ "type": "Feature", "properties": { "incident_id": "RISK_ZONE_ISOLATED_49", "cell_count": 1, "max_risk_score": 50.129110273639128, "mean_risk_score": 50.129110273639128, "max_alert_priority": 30.558674317276363, "highest_decision_state": "WATCH", "active_alert_cells": 0, "latitude": 2994050.5044235187, "longitude": 622096.00087282399, "affected_cells": "338_294", "incident_category": "MONITORING_RISK_ZONE" }, "geometry": { "type": "Point", "coordinates": [ 88.231253013689937, 27.063365337507161 ] } },
{ "type": "Feature", "properties": { "incident_id": "RISK_ZONE_ISOLATED_5", "cell_count": 1, "max_risk_score": 53.633579689386423, "mean_risk_score": 53.633579689386423, "max_alert_priority": 32.135685554362645, "highest_decision_state": "WATCH", "active_alert_cells": 0, "latitude": 2970950.5044235187, "longitude": 607096.00087282399, "affected_cells": "188_63", "incident_category": "MONITORING_RISK_ZONE" }, "geometry": { "type": "Point", "coordinates": [ 88.078024597251996, 26.856083469702209 ] } },
{ "type": "Feature", "properties": { "incident_id": "RISK_ZONE_ISOLATED_50", "cell_count": 1, "max_risk_score": 56.233137056808232, "mean_risk_score": 56.233137056808232, "max_alert_priority": 33.305486369702457, "highest_decision_state": "WATCH", "active_alert_cells": 0, "latitude": 3015950.5044235187, "longitude": 622096.00087282399, "affected_cells": "338_513", "incident_category": "MONITORING_RISK_ZONE" }, "geometry": { "type": "Point", "coordinates": [ 88.233423301053548, 27.261041088720269 ] } },
{ "type": "Feature", "properties": { "incident_id": "RISK_ZONE_ISOLATED_51", "cell_count": 1, "max_risk_score": 66.050822430719634, "mean_risk_score": 66.050822430719634, "max_alert_priority": 37.723444787962592, "highest_decision_state": "WARNING", "active_alert_cells": 0, "latitude": 3000550.5044235187, "longitude": 622596.00087282399, "affected_cells": "343_359", "incident_category": "HIGH_PRIORITY_RISK_ZONE" }, "geometry": { "type": "Point", "coordinates": [ 88.236938675276406, 27.121992485547842 ] } },
{ "type": "Feature", "properties": { "incident_id": "RISK_ZONE_ISOLATED_52", "cell_count": 1, "max_risk_score": 67.964264751630083, "mean_risk_score": 67.964264751630083, "max_alert_priority": 38.584493832372289, "highest_decision_state": "WATCH", "active_alert_cells": 0, "latitude": 3012050.5044235187, "longitude": 622796.00087282399, "affected_cells": "345_474", "incident_category": "MONITORING_RISK_ZONE" }, "geometry": { "type": "Point", "coordinates": [ 88.24010307640026, 27.225776581399369 ] } },
{ "type": "Feature", "properties": { "incident_id": "RISK_ZONE_ISOLATED_53", "cell_count": 1, "max_risk_score": 72.941527961443612, "mean_risk_score": 72.941527961443612, "max_alert_priority": 40.824262276788382, "highest_decision_state": "WARNING", "active_alert_cells": 0, "latitude": 3025250.5044235187, "longitude": 623296.00087282399, "affected_cells": "350_606", "incident_category": "HIGH_PRIORITY_RISK_ZONE" }, "geometry": { "type": "Point", "coordinates": [ 88.246480975249412, 27.344876120651051 ] } },
{ "type": "Feature", "properties": { "incident_id": "RISK_ZONE_ISOLATED_54", "cell_count": 1, "max_risk_score": 69.669143516307813, "mean_risk_score": 69.669143516307813, "max_alert_priority": 39.351689276477273, "highest_decision_state": "WATCH", "active_alert_cells": 0, "latitude": 3005950.5044235187, "longitude": 623396.00087282399, "affected_cells": "351_413", "incident_category": "MONITORING_RISK_ZONE" }, "geometry": { "type": "Point", "coordinates": [ 88.245549169946841, 27.170663010838066 ] } },
{ "type": "Feature", "properties": { "incident_id": "RISK_ZONE_ISOLATED_55", "cell_count": 1, "max_risk_score": 61.356120349818553, "mean_risk_score": 61.356120349818553, "max_alert_priority": 35.610828851557102, "highest_decision_state": "WATCH", "active_alert_cells": 0, "latitude": 3012850.5044235187, "longitude": 623396.00087282399, "affected_cells": "351_482", "incident_category": "MONITORING_RISK_ZONE" }, "geometry": { "type": "Point", "coordinates": [ 88.24624165533973, 27.232943740387864 ] } },
{ "type": "Feature", "properties": { "incident_id": "RISK_ZONE_ISOLATED_56", "cell_count": 1, "max_risk_score": 50.005915886827623, "mean_risk_score": 50.005915886827623, "max_alert_priority": 30.503236843211187, "highest_decision_state": "WARNING", "active_alert_cells": 0, "latitude": 3025450.5044235187, "longitude": 623896.00087282399, "affected_cells": "356_608", "incident_category": "HIGH_PRIORITY_RISK_ZONE" }, "geometry": { "type": "Point", "coordinates": [ 88.252565905462916, 27.34662705826695 ] } },
{ "type": "Feature", "properties": { "incident_id": "RISK_ZONE_ISOLATED_57", "cell_count": 1, "max_risk_score": 58.566628197696033, "mean_risk_score": 58.566628197696033, "max_alert_priority": 34.355557383101967, "highest_decision_state": "WATCH", "active_alert_cells": 0, "latitude": 3017650.5044235187, "longitude": 624096.00087282399, "affected_cells": "358_530", "incident_category": "MONITORING_RISK_ZONE" }, "geometry": { "type": "Point", "coordinates": [ 88.253795747875131, 27.276205934854282 ] } },
{ "type": "Feature", "properties": { "incident_id": "RISK_ZONE_ISOLATED_58", "cell_count": 1, "max_risk_score": 57.142689837278297, "mean_risk_score": 57.142689837278297, "max_alert_priority": 33.714785120913987, "highest_decision_state": "WATCH", "active_alert_cells": 0, "latitude": 3016550.5044235187, "longitude": 624296.00087282399, "affected_cells": "360_519", "incident_category": "MONITORING_RISK_ZONE" }, "geometry": { "type": "Point", "coordinates": [ 88.255704440467866, 27.266259137722535 ] } },
{ "type": "Feature", "properties": { "incident_id": "RISK_ZONE_ISOLATED_59", "cell_count": 1, "max_risk_score": 58.297690694771902, "mean_risk_score": 58.297690694771902, "max_alert_priority": 34.234535506786109, "highest_decision_state": "WATCH", "active_alert_cells": 0, "latitude": 3019150.5044235187, "longitude": 624696.00087282399, "affected_cells": "364_545", "incident_category": "MONITORING_RISK_ZONE" }, "geometry": { "type": "Point", "coordinates": [ 88.26000939087281, 27.289690543480596 ] } },
{ "type": "Feature", "properties": { "incident_id": "RISK_ZONE_ISOLATED_6", "cell_count": 1, "max_risk_score": 64.635824089237161, "mean_risk_score": 64.635824089237161, "max_alert_priority": 37.08669553429548, "highest_decision_state": "WATCH", "active_alert_cells": 0, "latitude": 3019050.5044235187, "longitude": 607296.00087282399, "affected_cells": "190_544", "incident_category": "MONITORING_RISK_ZONE" }, "geometry": { "type": "Point", "coordinates": [ 88.084207274016904, 27.290261243790852 ] } },
{ "type": "Feature", "properties": { "incident_id": "RISK_ZONE_ISOLATED_60", "cell_count": 1, "max_risk_score": 70.347508121200661, "mean_risk_score": 70.347508121200661, "max_alert_priority": 39.656953348679053, "highest_decision_state": "WATCH", "active_alert_cells": 0, "latitude": 3018550.5044235187, "longitude": 625196.00087282399, "affected_cells": "369_539", "incident_category": "MONITORING_RISK_ZONE" }, "geometry": { "type": "Point", "coordinates": [ 88.264999356448229, 27.284229331130224 ] } },
{ "type": "Feature", "properties": { "incident_id": "RISK_ZONE_ISOLATED_61", "cell_count": 1, "max_risk_score": 63.596352082932327, "mean_risk_score": 63.596352082932327, "max_alert_priority": 36.618933131458299, "highest_decision_state": "WATCH", "active_alert_cells": 0, "latitude": 3009450.5044235187, "longitude": 625596.00087282399, "affected_cells": "373_448", "incident_category": "MONITORING_RISK_ZONE" }, "geometry": { "type": "Point", "coordinates": [ 88.268108667834326, 27.202055573958514 ] } },
{ "type": "Feature", "properties": { "incident_id": "RISK_ZONE_ISOLATED_62", "cell_count": 1, "max_risk_score": 62.884453030895919, "mean_risk_score": 62.884453030895919, "max_alert_priority": 36.298578558041918, "highest_decision_state": "WATCH", "active_alert_cells": 0, "latitude": 3014050.5044235187, "longitude": 625996.00087282399, "affected_cells": "377_494", "incident_category": "MONITORING_RISK_ZONE" }, "geometry": { "type": "Point", "coordinates": [ 88.272618449242529, 27.243538919506676 ] } },
{ "type": "Feature", "properties": { "incident_id": "RISK_ZONE_ISOLATED_63", "cell_count": 1, "max_risk_score": 61.036373053238265, "mean_risk_score": 61.036373053238265, "max_alert_priority": 35.466942568095973, "highest_decision_state": "WATCH", "active_alert_cells": 0, "latitude": 3015050.5044235187, "longitude": 625996.00087282399, "affected_cells": "377_504", "incident_category": "MONITORING_RISK_ZONE" }, "geometry": { "type": "Point", "coordinates": [ 88.272721169228703, 27.252564959497537 ] } },
{ "type": "Feature", "properties": { "incident_id": "RISK_ZONE_ISOLATED_64", "cell_count": 1, "max_risk_score": 59.954205004701791, "mean_risk_score": 59.954205004701791, "max_alert_priority": 34.979966946254564, "highest_decision_state": "WATCH", "active_alert_cells": 0, "latitude": 3004150.5044235187, "longitude": 626396.00087282399, "affected_cells": "381_395", "incident_category": "MONITORING_RISK_ZONE" }, "geometry": { "type": "Point", "coordinates": [ 88.275640267199307, 27.154143842647645 ] } },
{ "type": "Feature", "properties": { "incident_id": "RISK_ZONE_ISOLATED_65", "cell_count": 1, "max_risk_score": 70.788057089077952, "mean_risk_score": 70.788057089077952, "max_alert_priority": 39.855200384223842, "highest_decision_state": "WARNING", "active_alert_cells": 0, "latitude": 3016850.5044235187, "longitude": 627396.00087282399, "affected_cells": "391_522", "incident_category": "HIGH_PRIORITY_RISK_ZONE" }, "geometry": { "type": "Point", "coordinates": [ 88.287047164659299, 27.268682442119143 ] } },
{ "type": "Feature", "properties": { "incident_id": "RISK_ZONE_ISOLATED_66", "cell_count": 1, "max_risk_score": 69.045456477763864, "mean_risk_score": 69.045456477763864, "max_alert_priority": 39.071030109132494, "highest_decision_state": "WATCH", "active_alert_cells": 0, "latitude": 3008350.5044235187, "longitude": 627596.00087282399, "affected_cells": "393_437", "incident_category": "MONITORING_RISK_ZONE" }, "geometry": { "type": "Point", "coordinates": [ 88.288183903912241, 27.191942790966838 ] } },
{ "type": "Feature", "properties": { "incident_id": "RISK_ZONE_ISOLATED_67", "cell_count": 1, "max_risk_score": 69.597878243134375, "mean_risk_score": 69.597878243134375, "max_alert_priority": 39.319619903549217, "highest_decision_state": "WATCH", "active_alert_cells": 0, "latitude": 3001250.5044235187, "longitude": 628096.00087282399, "affected_cells": "398_366", "incident_category": "MONITORING_RISK_ZONE" }, "geometry": { "type": "Point", "coordinates": [ 88.292492682261667, 27.127811142259819 ] } },
{ "type": "Feature", "properties": { "incident_id": "RISK_ZONE_ISOLATED_68", "cell_count": 1, "max_risk_score": 71.311311340030656, "mean_risk_score": 71.311311340030656, "max_alert_priority": 40.090664797152549, "highest_decision_state": "WARNING", "active_alert_cells": 0, "latitude": 3016050.5044235187, "longitude": 628096.00087282399, "affected_cells": "398_514", "incident_category": "HIGH_PRIORITY_RISK_ZONE" }, "geometry": { "type": "Point", "coordinates": [ 88.294033999627473, 27.261396473124421 ] } },
{ "type": "Feature", "properties": { "incident_id": "RISK_ZONE_ISOLATED_69", "cell_count": 1, "max_risk_score": 67.188498205636435, "mean_risk_score": 67.188498205636435, "max_alert_priority": 38.235398886675149, "highest_decision_state": "WARNING", "active_alert_cells": 0, "latitude": 3019550.5044235187, "longitude": 628196.00087282399, "affected_cells": "399_549", "incident_category": "HIGH_PRIORITY_RISK_ZONE" }, "geometry": { "type": "Point", "coordinates": [ 88.295410345083724, 27.292977858938791 ] } },
{ "type": "Feature", "properties": { "incident_id": "RISK_ZONE_ISOLATED_7", "cell_count": 1, "max_risk_score": 68.145559139458584, "mean_risk_score": 68.145559139458584, "max_alert_priority": 38.666076306895121, "highest_decision_state": "WARNING", "active_alert_cells": 0, "latitude": 3017450.5044235187, "longitude": 607396.00087282399, "affected_cells": "191_528", "incident_category": "HIGH_PRIORITY_RISK_ZONE" }, "geometry": { "type": "Point", "coordinates": [ 88.085077261242716, 27.275810838984729 ] } },
{ "type": "Feature", "properties": { "incident_id": "RISK_ZONE_ISOLATED_70", "cell_count": 1, "max_risk_score": 53.44421668232804, "mean_risk_score": 53.44421668232804, "max_alert_priority": 32.050472201186373, "highest_decision_state": "WATCH", "active_alert_cells": 0, "latitude": 2979450.5044235187, "longitude": 628296.00087282399, "affected_cells": "400_148", "incident_category": "MONITORING_RISK_ZONE" }, "geometry": { "type": "Point", "coordinates": [ 88.292255805728857, 26.931020356738557 ] } },
{ "type": "Feature", "properties": { "incident_id": "RISK_ZONE_ISOLATED_71", "cell_count": 1, "max_risk_score": 51.723680891166481, "mean_risk_score": 51.723680891166481, "max_alert_priority": 31.276231095163677, "highest_decision_state": "WATCH", "active_alert_cells": 0, "latitude": 3015250.5044235187, "longitude": 628696.00087282399, "affected_cells": "404_506", "incident_category": "MONITORING_RISK_ZONE" }, "geometry": { "type": "Point", "coordinates": [ 88.300009999510493, 27.254119563305796 ] } },
{ "type": "Feature", "properties": { "incident_id": "RISK_ZONE_ISOLATED_72", "cell_count": 1, "max_risk_score": 62.13654808104782, "mean_risk_score": 62.13654808104782, "max_alert_priority": 35.962021330610277, "highest_decision_state": "WATCH", "active_alert_cells": 0, "latitude": 3004750.5044235187, "longitude": 628796.00087282399, "affected_cells": "405_401", "incident_category": "MONITORING_RISK_ZONE" }, "geometry": { "type": "Point", "coordinates": [ 88.299919763100831, 27.159337237892913 ] } },
{ "type": "Feature", "properties": { "incident_id": "RISK_ZONE_ISOLATED_73", "cell_count": 1, "max_risk_score": 51.946597701887079, "mean_risk_score": 51.946597701887079, "max_alert_priority": 31.376543659987941, "highest_decision_state": "WATCH", "active_alert_cells": 0, "latitude": 3004050.5044235187, "longitude": 628896.00087282399, "affected_cells": "406_394", "incident_category": "MONITORING_RISK_ZONE" }, "geometry": { "type": "Point", "coordinates": [ 88.300855629443049, 27.153009644404609 ] } },
{ "type": "Feature", "properties": { "incident_id": "RISK_ZONE_ISOLATED_74", "cell_count": 1, "max_risk_score": 60.193703127050632, "mean_risk_score": 60.193703127050632, "max_alert_priority": 35.087741101311536, "highest_decision_state": "WATCH", "active_alert_cells": 0, "latitude": 3010250.5044235187, "longitude": 628896.00087282399, "affected_cells": "406_456", "incident_category": "MONITORING_RISK_ZONE" }, "geometry": { "type": "Point", "coordinates": [ 88.30150488895633, 27.208970999714857 ] } },
{ "type": "Feature", "properties": { "incident_id": "RISK_ZONE_ISOLATED_75", "cell_count": 1, "max_risk_score": 72.011704680006687, "mean_risk_score": 72.011704680006687, "max_alert_priority": 40.405841800141765, "highest_decision_state": "WARNING", "active_alert_cells": 0, "latitude": 3017350.5044235187, "longitude": 628996.00087282399, "affected_cells": "407_527", "incident_category": "HIGH_PRIORITY_RISK_ZONE" }, "geometry": { "type": "Point", "coordinates": [ 88.30326081075431, 27.273045805138953 ] } },
{ "type": "Feature", "properties": { "incident_id": "RISK_ZONE_ISOLATED_76", "cell_count": 1, "max_risk_score": 56.104355715102287, "mean_risk_score": 56.104355715102287, "max_alert_priority": 33.24753476593478, "highest_decision_state": "WATCH", "active_alert_cells": 0, "latitude": 3029650.5044235187, "longitude": 629096.00087282399, "affected_cells": "408_650", "incident_category": "MONITORING_RISK_ZONE" }, "geometry": { "type": "Point", "coordinates": [ 88.305570847876112, 27.384053994336089 ] } },
{ "type": "Feature", "properties": { "incident_id": "RISK_ZONE_ISOLATED_77", "cell_count": 1, "max_risk_score": 69.088290025964653, "mean_risk_score": 69.088290025964653, "max_alert_priority": 53.666915019207664, "highest_decision_state": "WATCH", "active_alert_cells": 0, "latitude": 3003250.5044235187, "longitude": 629396.00087282399, "affected_cells": "411_386", "incident_category": "MONITORING_RISK_ZONE" }, "geometry": { "type": "Point", "coordinates": [ 88.305816753765043, 27.145741944791631 ] } },
{ "type": "Feature", "properties": { "incident_id": "RISK_ZONE_ISOLATED_78", "cell_count": 1, "max_risk_score": 62.424709200598564, "mean_risk_score": 62.424709200598564, "max_alert_priority": 36.091693834408105, "highest_decision_state": "WATCH", "active_alert_cells": 0, "latitude": 3004550.5044235187, "longitude": 629496.00087282399, "affected_cells": "412_399", "incident_category": "MONITORING_RISK_ZONE" }, "geometry": { "type": "Point", "coordinates": [ 88.306962265198763, 27.157466408823126 ] } },
{ "type": "Feature", "properties": { "incident_id": "RISK_ZONE_ISOLATED_79", "cell_count": 1, "max_risk_score": 55.533713522158109, "mean_risk_score": 55.533713522158109, "max_alert_priority": 32.990745779109901, "highest_decision_state": "WARNING", "active_alert_cells": 0, "latitude": 3017650.5044235187, "longitude": 629496.00087282399, "affected_cells": "412_530", "incident_category": "HIGH_PRIORITY_RISK_ZONE" }, "geometry": { "type": "Point", "coordinates": [ 88.308343016819691, 27.275706430948588 ] } },
{ "type": "Feature", "properties": { "incident_id": "RISK_ZONE_ISOLATED_8", "cell_count": 1, "max_risk_score": 67.144668035778523, "mean_risk_score": 67.144668035778523, "max_alert_priority": 38.215675310239092, "highest_decision_state": "WARNING", "active_alert_cells": 0, "latitude": 3019650.5044235187, "longitude": 608296.00087282399, "affected_cells": "200_550", "incident_category": "HIGH_PRIORITY_RISK_ZONE" }, "geometry": { "type": "Point", "coordinates": [ 88.094363712149743, 27.295598492293156 ] } },
{ "type": "Feature", "properties": { "incident_id": "RISK_ZONE_ISOLATED_80", "cell_count": 1, "max_risk_score": 65.778258985987733, "mean_risk_score": 65.778258985987733, "max_alert_priority": 37.600791237833242, "highest_decision_state": "WATCH", "active_alert_cells": 0, "latitude": 3001150.5044235187, "longitude": 629696.00087282399, "affected_cells": "414_365", "incident_category": "MONITORING_RISK_ZONE" }, "geometry": { "type": "Point", "coordinates": [ 88.308622843241068, 27.126759033855844 ] } },
{ "type": "Feature", "properties": { "incident_id": "RISK_ZONE_ISOLATED_81", "cell_count": 1, "max_risk_score": 71.59828003743938, "mean_risk_score": 71.59828003743938, "max_alert_priority": 40.219800710986483, "highest_decision_state": "WARNING", "active_alert_cells": 0, "latitude": 3007150.5044235187, "longitude": 629696.00087282399, "affected_cells": "414_425", "incident_category": "HIGH_PRIORITY_RISK_ZONE" }, "geometry": { "type": "Point", "coordinates": [ 88.3092541684222, 27.180915226008501 ] } },
{ "type": "Feature", "properties": { "incident_id": "RISK_ZONE_ISOLATED_82", "cell_count": 1, "max_risk_score": 75.014748997487459, "mean_risk_score": 75.014748997487459, "max_alert_priority": 56.122737281592791, "highest_decision_state": "CRITICAL", "active_alert_cells": 0, "latitude": 3003050.5044235187, "longitude": 629896.00087282399, "affected_cells": "416_384", "incident_category": "CRITICAL_RISK_ZONE" }, "geometry": { "type": "Point", "coordinates": [ 88.310840437425014, 27.143889710217074 ] } },
{ "type": "Feature", "properties": { "incident_id": "RISK_ZONE_ISOLATED_83", "cell_count": 1, "max_risk_score": 64.129746866790043, "mean_risk_score": 64.129746866790043, "max_alert_priority": 36.858960784194274, "highest_decision_state": "WARNING", "active_alert_cells": 0, "latitude": 3029150.5044235187, "longitude": 630096.00087282399, "affected_cells": "418_645", "incident_category": "HIGH_PRIORITY_RISK_ZONE" }, "geometry": { "type": "Point", "coordinates": [ 88.31562847448663, 27.379446158416695 ] } },
{ "type": "Feature", "properties": { "incident_id": "RISK_ZONE_ISOLATED_84", "cell_count": 1, "max_risk_score": 54.049722100463534, "mean_risk_score": 54.049722100463534, "max_alert_priority": 32.322949639347343, "highest_decision_state": "WATCH", "active_alert_cells": 0, "latitude": 2982050.5044235187, "longitude": 630696.00087282399, "affected_cells": "424_174", "incident_category": "MONITORING_RISK_ZONE" }, "geometry": { "type": "Point", "coordinates": [ 88.316697278006899, 26.954265272318366 ] } },
{ "type": "Feature", "properties": { "incident_id": "RISK_ZONE_ISOLATED_85", "cell_count": 1, "max_risk_score": 65.340835651301703, "mean_risk_score": 65.340835651301703, "max_alert_priority": 37.40395073722452, "highest_decision_state": "WATCH", "active_alert_cells": 0, "latitude": 3004850.5044235187, "longitude": 630696.00087282399, "affected_cells": "424_402", "incident_category": "MONITORING_RISK_ZONE" }, "geometry": { "type": "Point", "coordinates": [ 88.319102721404619, 27.16006089183966 ] } },
{ "type": "Feature", "properties": { "incident_id": "RISK_ZONE_ISOLATED_86", "cell_count": 1, "max_risk_score": 63.92141657831796, "mean_risk_score": 63.92141657831796, "max_alert_priority": 36.765212154381842, "highest_decision_state": "WATCH", "active_alert_cells": 0, "latitude": 3007750.5044235187, "longitude": 630796.00087282399, "affected_cells": "425_431", "incident_category": "MONITORING_RISK_ZONE" }, "geometry": { "type": "Point", "coordinates": [ 88.320419831477651, 27.186226702408185 ] } },
{ "type": "Feature", "properties": { "incident_id": "RISK_ZONE_ISOLATED_87", "cell_count": 1, "max_risk_score": 65.912719021017224, "mean_risk_score": 65.912719021017224, "max_alert_priority": 37.661298253596506, "highest_decision_state": "WATCH", "active_alert_cells": 0, "latitude": 3010750.5044235187, "longitude": 630896.00087282399, "affected_cells": "426_461", "incident_category": "MONITORING_RISK_ZONE" }, "geometry": { "type": "Point", "coordinates": [ 88.32174848194343, 27.213294974427178 ] } },
{ "type": "Feature", "properties": { "incident_id": "RISK_ZONE_ISOLATED_88", "cell_count": 1, "max_risk_score": 55.767035716575272, "mean_risk_score": 55.767035716575272, "max_alert_priority": 33.095740766597629, "highest_decision_state": "WATCH", "active_alert_cells": 0, "latitude": 3008350.5044235187, "longitude": 631296.00087282399, "affected_cells": "430_437", "incident_category": "MONITORING_RISK_ZONE" }, "geometry": { "type": "Point", "coordinates": [ 88.325530399406148, 27.191594641116222 ] } },
{ "type": "Feature", "properties": { "incident_id": "RISK_ZONE_ISOLATED_89", "cell_count": 1, "max_risk_score": 64.62148637249004, "mean_risk_score": 64.62148637249004, "max_alert_priority": 37.080243561759282, "highest_decision_state": "WATCH", "active_alert_cells": 0, "latitude": 3013950.5044235187, "longitude": 631396.00087282399, "affected_cells": "431_493", "incident_category": "MONITORING_RISK_ZONE" }, "geometry": { "type": "Point", "coordinates": [ 88.327138665373411, 27.242130053907328 ] } },
{ "type": "Feature", "properties": { "incident_id": "RISK_ZONE_ISOLATED_9", "cell_count": 1, "max_risk_score": 63.266275617882492, "mean_risk_score": 63.266275617882492, "max_alert_priority": 36.470398722185877, "highest_decision_state": "WATCH", "active_alert_cells": 0, "latitude": 3004450.5044235187, "longitude": 608996.00087282399, "affected_cells": "207_398", "incident_category": "MONITORING_RISK_ZONE" }, "geometry": { "type": "Point", "coordinates": [ 88.100087118178607, 27.158338177587705 ] } },
{ "type": "Feature", "properties": { "incident_id": "RISK_ZONE_ISOLATED_90", "cell_count": 1, "max_risk_score": 62.394508441279349, "mean_risk_score": 62.394508441279349, "max_alert_priority": 36.078103492714462, "highest_decision_state": "WATCH", "active_alert_cells": 0, "latitude": 3013750.5044235187, "longitude": 631996.00087282399, "affected_cells": "437_491", "incident_category": "MONITORING_RISK_ZONE" }, "geometry": { "type": "Point", "coordinates": [ 88.333176004845456, 27.240267326265577 ] } },
{ "type": "Feature", "properties": { "incident_id": "RISK_ZONE_ISOLATED_91", "cell_count": 1, "max_risk_score": 54.009425031104605, "mean_risk_score": 54.009425031104605, "max_alert_priority": 32.304815958135826, "highest_decision_state": "WATCH", "active_alert_cells": 0, "latitude": 3004750.5044235187, "longitude": 632396.00087282399, "affected_cells": "441_401", "incident_category": "MONITORING_RISK_ZONE" }, "geometry": { "type": "Point", "coordinates": [ 88.336246172911984, 27.158995965115384 ] } },
{ "type": "Feature", "properties": { "incident_id": "RISK_ZONE_ISOLATED_92", "cell_count": 1, "max_risk_score": 61.991697064539643, "mean_risk_score": 61.991697064539643, "max_alert_priority": 35.896838373181595, "highest_decision_state": "WATCH", "active_alert_cells": 0, "latitude": 3009350.5044235187, "longitude": 632796.00087282399, "affected_cells": "445_447", "incident_category": "MONITORING_RISK_ZONE" }, "geometry": { "type": "Point", "coordinates": [ 88.340778647560043, 27.200476528200902 ] } },
{ "type": "Feature", "properties": { "incident_id": "RISK_ZONE_ISOLATED_93", "cell_count": 1, "max_risk_score": 58.187856567533657, "mean_risk_score": 58.187856567533657, "max_alert_priority": 34.185110149528903, "highest_decision_state": "WATCH", "active_alert_cells": 0, "latitude": 2999350.5044235187, "longitude": 632896.00087282399, "affected_cells": "446_347", "incident_category": "MONITORING_RISK_ZONE" }, "geometry": { "type": "Point", "coordinates": [ 88.340709829800545, 27.110207749530534 ] } },
{ "type": "Feature", "properties": { "incident_id": "RISK_ZONE_ISOLATED_94", "cell_count": 1, "max_risk_score": 67.55626557850934, "mean_risk_score": 67.55626557850934, "max_alert_priority": 53.041602596076352, "highest_decision_state": "WATCH", "active_alert_cells": 0, "latitude": 3013550.5044235187, "longitude": 633296.00087282399, "affected_cells": "450_489", "incident_category": "MONITORING_RISK_ZONE" }, "geometry": { "type": "Point", "coordinates": [ 88.346281523597028, 27.238336563613391 ] } },
{ "type": "Feature", "properties": { "incident_id": "RISK_ZONE_ISOLATED_95", "cell_count": 1, "max_risk_score": 77.992256143386655, "mean_risk_score": 77.992256143386655, "max_alert_priority": 56.394547449747442, "highest_decision_state": "CRITICAL", "active_alert_cells": 0, "latitude": 3013050.5044235187, "longitude": 633496.00087282399, "affected_cells": "452_484", "incident_category": "CRITICAL_RISK_ZONE" }, "geometry": { "type": "Point", "coordinates": [ 88.348246676657013, 27.233804241076939 ] } },
{ "type": "Feature", "properties": { "incident_id": "RISK_ZONE_ISOLATED_96", "cell_count": 1, "max_risk_score": 73.00473532126874, "mean_risk_score": 73.00473532126874, "max_alert_priority": 40.852705588709689, "highest_decision_state": "WARNING", "active_alert_cells": 0, "latitude": 3003750.5044235187, "longitude": 633596.00087282399, "affected_cells": "453_391", "incident_category": "HIGH_PRIORITY_RISK_ZONE" }, "geometry": { "type": "Point", "coordinates": [ 88.348246445359194, 27.149854231769993 ] } },
{ "type": "Feature", "properties": { "incident_id": "RISK_ZONE_ISOLATED_97", "cell_count": 1, "max_risk_score": 57.069844728173699, "mean_risk_score": 57.069844728173699, "max_alert_priority": 33.682004821816918, "highest_decision_state": "WATCH", "active_alert_cells": 0, "latitude": 2998850.5044235187, "longitude": 633896.00087282399, "affected_cells": "456_342", "incident_category": "MONITORING_RISK_ZONE" }, "geometry": { "type": "Point", "coordinates": [ 88.350741802434086, 27.105598153814636 ] } },
{ "type": "Feature", "properties": { "incident_id": "RISK_ZONE_ISOLATED_98", "cell_count": 1, "max_risk_score": 64.180806248700733, "mean_risk_score": 64.180806248700733, "max_alert_priority": 36.881937506054086, "highest_decision_state": "WATCH", "active_alert_cells": 0, "latitude": 3006150.5044235187, "longitude": 634196.00087282399, "affected_cells": "459_415", "incident_category": "MONITORING_RISK_ZONE" }, "geometry": { "type": "Point", "coordinates": [ 88.354561642774613, 27.17145799382077 ] } },
{ "type": "Feature", "properties": { "incident_id": "RISK_ZONE_ISOLATED_99", "cell_count": 1, "max_risk_score": 57.235840236913319, "mean_risk_score": 57.235840236913319, "max_alert_priority": 33.75670280074975, "highest_decision_state": "WATCH", "active_alert_cells": 0, "latitude": 3029350.5044235187, "longitude": 634696.00087282399, "affected_cells": "464_647", "incident_category": "MONITORING_RISK_ZONE" }, "geometry": { "type": "Point", "coordinates": [ 88.362158769558633, 27.380805017669964 ] } }
]
}
