cell_id,susceptibility_probability,susceptibility_category,terrain_instability_score,terrain_instability_category,exposure_score,exposure_category,dominant_exposure,spatial_pressure_score,spatial_category,confidence_score,uncertainty_score,confidence_category,risk_label,primary_reason,recommended_action,explanation,rainfall_trigger_score,rainfall_trigger_category,soil_wetness_score,soil_wetness_category,temporal_trajectory,temporal_category,anomaly_score,anomaly_category,sar_data_quality,unified_risk_score,unified_risk_category
3_1656,0.0100098936032178,LOW,27.75423728813559,MODERATE,18.83548738714636,LOW,SETTLEMENT,0.0,LOW,82.36207366889643,17.63792633110357,HIGH,LOW SUSCEPTIBILITY,no major independent warning signal,continue routine monitoring,LOW SUSCEPTIBILITY. Main evidence: no major independent warning signal. Recommended response: continue routine monitoring.,24.072700691121742,LOW,13.215996809055468,LOW,STABLE_LOW,LOW,23.62883145523344,NORMAL,UNREFERENCED,11.233885846956047,LOW
4_988,0.016950869485096,LOW,85.32742681047765,EXTREME,21.683059896595264,LOW,INFRASTRUCTURE,0.0,LOW,75.7941756421973,24.205824357802697,MODERATE,LOW SUSCEPTIBILITY,unstable terrain conditions,continue routine monitoring,LOW SUSCEPTIBILITY. Main evidence: unstable terrain conditions. Recommended response: continue routine monitoring.,24.072700691121742,LOW,13.215996809055468,LOW,STABLE_LOW,LOW,23.62883145523344,NORMAL,UNREFERENCED,23.488003542526315,LOW
5_1571,0.0141702832136074,LOW,40.21186440677966,MODERATE,27.286989113146326,MODERATE,SETTLEMENT,0.0,LOW,82.0216781553191,17.978321844680906,HIGH,LOW SUSCEPTIBILITY,no major independent warning signal,continue routine monitoring,LOW SUSCEPTIBILITY. Main evidence: no major independent warning signal. Recommended response: continue routine monitoring.,24.072700691121742,LOW,13.215996809055468,LOW,STABLE_LOW,LOW,23.62883145523344,NORMAL,UNREFERENCED,15.18035406205239,LOW
10_680,0.028521037330115,LOW,93.1895223420647,EXTREME,24.362685820754297,LOW,SETTLEMENT,0.0,LOW,80.84752554578665,19.152474454213348,HIGH,LOW SUSCEPTIBILITY,unstable terrain conditions,continue routine monitoring,LOW SUSCEPTIBILITY. Main evidence: unstable terrain conditions. Recommended response: continue routine monitoring.,24.072700691121742,LOW,13.215996809055468,LOW,STABLE_LOW,LOW,23.62883145523344,NORMAL,UNREFERENCED,25.983024090493437,MODERATE
12_491,0.0007432595523372,LOW,39.19491525423729,MODERATE,23.56777857769064,LOW,SETTLEMENT,0.0,LOW,83.12025281851393,16.879747181486067,HIGH,LOW SUSCEPTIBILITY,no major independent warning signal,continue routine monitoring,LOW SUSCEPTIBILITY. Main evidence: no major independent warning signal. Recommended response: continue routine monitoring.,24.072700691121742,LOW,13.215996809055468,LOW,STABLE_LOW,LOW,23.62883145523344,NORMAL,UNREFERENCED,13.814866586468401,LOW
13_1255,0.0012717983651226,LOW,74.9653312788906,HIGH,15.63261121375341,LOW,SETTLEMENT,0.0,LOW,83.07700873383149,16.92299126616851,HIGH,LOW SUSCEPTIBILITY,unstable terrain conditions,continue routine monitoring,LOW SUSCEPTIBILITY. Main evidence: unstable terrain conditions. Recommended response: continue routine monitoring.,24.072700691121742,LOW,13.215996809055468,LOW,STABLE_LOW,LOW,23.62883145523344,NORMAL,UNREFERENCED,19.802458933383825,LOW
15_652,0.2646531801531802,MODERATE,75.48921417565485,EXTREME,58.77592199823257,HIGH,SETTLEMENT,0.0,LOW,61.52762295117223,38.47237704882777,MODERATE,MODERATE SUSCEPTIBILITY,unstable terrain conditions,continue routine monitoring,MODERATE SUSCEPTIBILITY. Main evidence: unstable terrain conditions. Recommended response: continue routine monitoring.,24.072700691121742,LOW,13.215996809055468,LOW,STABLE_LOW,LOW,23.62883145523344,NORMAL,UNREFERENCED,38.230894310871136,MODERATE
15_1456,0.0052932269365511,LOW,29.655238828967644,MODERATE,18.48215017184094,LOW,INFRASTRUCTURE,0.0,LOW,82.74798275980552,17.252017240194476,HIGH,LOW SUSCEPTIBILITY,no major independent warning signal,continue routine monitoring,LOW SUSCEPTIBILITY. Main evidence: no major independent warning signal. Recommended response: continue routine monitoring.,24.072700691121742,LOW,13.215996809055468,LOW,STABLE_LOW,LOW,23.62883145523344,NORMAL,UNREFERENCED,11.348835572826644,LOW
16_317,0.0220009300177836,LOW,28.37442218798151,MODERATE,31.13014067564469,MODERATE,SETTLEMENT,0.0,LOW,81.38098887134105,18.619011128658958,HIGH,LOW SUSCEPTIBILITY,no major independent warning signal,continue routine monitoring,LOW SUSCEPTIBILITY. Main evidence: no major independent warning signal. Recommended response: continue routine monitoring.,24.072700691121742,LOW,13.215996809055468,LOW,STABLE_LOW,LOW,23.62883145523344,NORMAL,UNREFERENCED,13.741717458855442,LOW
17_355,0.1212580213903743,LOW,90.66833590138675,EXTREME,40.96686532463672,MODERATE,TRANSPORT,0.0,LOW,73.25995412267454,26.740045877325457,MODERATE,LOW SUSCEPTIBILITY,unstable terrain conditions,continue routine monitoring,LOW SUSCEPTIBILITY. Main evidence: unstable terrain conditions. Recommended response: continue routine monitoring.,24.072700691121742,LOW,13.215996809055468,LOW,STABLE_LOW,LOW,23.62883145523344,NORMAL,UNREFERENCED,32.14257801065188,MODERATE
20_1290,2.1798365122615804e-05,LOW,76.00539291217258,EXTREME,17.19946431166758,LOW,SETTLEMENT,0.0,LOW,83.17928146110421,16.82071853889579,HIGH,LOW SUSCEPTIBILITY,unstable terrain conditions,continue routine monitoring,LOW SUSCEPTIBILITY. Main evidence: unstable terrain conditions. Recommended response: continue routine monitoring.,24.072700691121742,LOW,13.215996809055468,LOW,STABLE_LOW,LOW,23.62883145523344,NORMAL,UNREFERENCED,20.189249224727348,LOW
20_1453,0.0030122024055266,LOW,22.395993836671803,LOW,18.694816240302583,LOW,INFRASTRUCTURE,0.0,LOW,82.93461203961661,17.06538796038339,HIGH,LOW SUSCEPTIBILITY,no major independent warning signal,continue routine monitoring,LOW SUSCEPTIBILITY. Main evidence: no major independent warning signal. Recommended response: continue routine monitoring.,24.072700691121742,LOW,13.215996809055468,LOW,STABLE_LOW,LOW,23.62883145523344,NORMAL,UNREFERENCED,9.82624038074062,LOW
23_244,0.1526538406038406,LOW,27.659861325115564,MODERATE,57.61513080372702,HIGH,TRANSPORT,0.0,LOW,70.69120527793638,29.308794722063624,MODERATE,LOW SUSCEPTIBILITY,no major independent warning signal,continue routine monitoring,LOW SUSCEPTIBILITY. Main evidence: no major independent warning signal. Recommended response: continue routine monitoring.,24.072700691121742,LOW,13.215996809055468,LOW,STABLE_LOW,LOW,23.62883145523344,NORMAL,UNREFERENCED,23.45093478186717,LOW
27_1200,0.0099023539206781,LOW,65.75308166409862,HIGH,14.779763527060302,LOW,INFRASTRUCTURE,0.0,LOW,76.37087237019513,23.62912762980487,MODERATE,LOW SUSCEPTIBILITY,unstable terrain conditions,continue routine monitoring,LOW SUSCEPTIBILITY. Main evidence: unstable terrain conditions. Recommended response: continue routine monitoring.,24.072700691121742,LOW,13.215996809055468,LOW,STABLE_LOW,LOW,23.62883145523344,NORMAL,UNREFERENCED,18.22045685742146,LOW
29_729,0.0211548351491634,LOW,70.72033898305085,HIGH,41.72717360558201,MODERATE,SETTLEMENT,0.0,LOW,81.45021481513726,18.549785184862746,HIGH,LOW SUSCEPTIBILITY,unstable terrain conditions,continue routine monitoring,LOW SUSCEPTIBILITY. Main evidence: unstable terrain conditions. Recommended response: continue routine monitoring.,24.072700691121742,LOW,13.215996809055468,LOW,STABLE_LOW,LOW,23.62883145523344,NORMAL,UNREFERENCED,23.762381488272,LOW
31_874,0.01915013636699,LOW,35.39098613251156,MODERATE,26.81591231068999,MODERATE,INFRASTRUCTURE,0.0,LOW,81.61423562458779,18.385764375412208,HIGH,LOW SUSCEPTIBILITY,no major independent warning signal,continue routine monitoring,LOW SUSCEPTIBILITY. Main evidence: no major independent warning signal. Recommended response: continue routine monitoring.,24.072700691121742,LOW,13.215996809055468,LOW,STABLE_LOW,LOW,23.62883145523344,NORMAL,UNREFERENCED,14.369610278732534,LOW
31_1025,0.002457848943546,LOW,28.75,MODERATE,20.98770047590807,LOW,INFRASTRUCTURE,0.0,LOW,82.97996823196048,17.020031768039516,HIGH,LOW SUSCEPTIBILITY,no major independent warning signal,continue routine monitoring,LOW SUSCEPTIBILITY. Main evidence: no major independent warning signal. Recommended response: continue routine monitoring.,24.072700691121742,LOW,13.215996809055468,LOW,STABLE_LOW,LOW,23.62883145523344,NORMAL,UNREFERENCED,11.416028342957954,LOW
32_1418,6.220240552665621e-05,LOW,55.93027734976887,HIGH,17.804950213544075,LOW,INFRASTRUCTURE,0.0,LOW,83.17597567598025,16.824024324019746,HIGH,LOW SUSCEPTIBILITY,no major independent warning signal,continue routine monitoring,LOW SUSCEPTIBILITY. Main evidence: no major independent warning signal. Recommended response: continue routine monitoring.,24.072700691121742,LOW,13.215996809055468,LOW,STABLE_LOW,LOW,23.62883145523344,NORMAL,UNREFERENCED,16.26686717934626,LOW
33_13,0.4260781725964528,MODERATE,48.46494607087828,MODERATE,53.04956660213237,HIGH,TRANSPORT,0.0,LOW,48.32012356944993,51.67987643055007,LOW,MODERATE SUSCEPTIBILITY,no major independent warning signal,continue routine monitoring,MODERATE SUSCEPTIBILITY. Main evidence: no major independent warning signal. Recommended response: continue routine monitoring.,24.072700691121742,LOW,13.215996809055468,LOW,STABLE_LOW,LOW,23.62883145523344,NORMAL,UNREFERENCED,39.23121204044806,MODERATE
33_708,0.0023055357388599,LOW,72.85824345146379,HIGH,26.755093940984263,MODERATE,SETTLEMENT,0.0,LOW,82.9924302214348,17.0075697785652,HIGH,LOW SUSCEPTIBILITY,unstable terrain conditions,continue routine monitoring,LOW SUSCEPTIBILITY. Main evidence: unstable terrain conditions. Recommended response: continue routine monitoring.,24.072700691121742,LOW,13.215996809055468,LOW,STABLE_LOW,LOW,23.62883145523344,NORMAL,UNREFERENCED,21.095931958801266,LOW
39_194,0.1300831612831613,LOW,21.535053929121727,LOW,54.89721926504919,HIGH,TRANSPORT,0.0,LOW,72.5378972223556,27.462102777644404,MODERATE,LOW SUSCEPTIBILITY,no major independent warning signal,continue routine monitoring,LOW SUSCEPTIBILITY. Main evidence: no major independent warning signal. Recommended response: continue routine monitoring.,24.072700691121742,LOW,13.215996809055468,LOW,STABLE_LOW,LOW,23.62883145523344,NORMAL,UNREFERENCED,20.802606002436157,LOW
40_15,0.0928772099880795,LOW,32.625192604006166,MODERATE,49.275118106876,MODERATE,TRANSPORT,0.0,LOW,75.58202051013501,24.41797948986499,MODERATE,LOW SUSCEPTIBILITY,no major independent warning signal,continue routine monitoring,LOW SUSCEPTIBILITY. Main evidence: no major independent warning signal. Recommended response: continue routine monitoring.,24.072700691121742,LOW,13.215996809055468,LOW,STABLE_LOW,LOW,23.62883145523344,NORMAL,UNREFERENCED,20.50305075540839,LOW
41_966,0.0448966596305199,LOW,83.42064714946072,EXTREME,38.74160553963446,MODERATE,SETTLEMENT,0.0,LOW,73.50770190302626,26.49229809697374,MODERATE,LOW SUSCEPTIBILITY,unstable terrain conditions,continue routine monitoring,LOW SUSCEPTIBILITY. Main evidence: unstable terrain conditions. Recommended response: continue routine monitoring.,24.072700691121742,LOW,13.215996809055468,LOW,STABLE_LOW,LOW,23.62883145523344,NORMAL,UNREFERENCED,26.922990013322888,MODERATE
44_642,0.04196158579991,LOW,41.33474576271187,MODERATE,50.67563541694968,HIGH,SETTLEMENT,0.0,LOW,79.74784430734888,20.252155692651115,MODERATE,LOW SUSCEPTIBILITY,no major independent warning signal,continue routine monitoring,LOW SUSCEPTIBILITY. Main evidence: no major independent warning signal. Recommended response: continue routine monitoring.,24.072700691121742,LOW,13.215996809055468,LOW,STABLE_LOW,LOW,23.62883145523344,NORMAL,UNREFERENCED,20.163835895192953,LOW
44_777,0.0154936309769552,LOW,89.15254237288136,EXTREME,25.199250437014985,MODERATE,SETTLEMENT,0.0,LOW,81.91340424740882,18.08659575259118,HIGH,LOW SUSCEPTIBILITY,unstable terrain conditions,continue routine monitoring,LOW SUSCEPTIBILITY. Main evidence: unstable terrain conditions. Recommended response: continue routine monitoring.,24.072700691121742,LOW,13.215996809055468,LOW,STABLE_LOW,LOW,23.62883145523344,NORMAL,UNREFERENCED,24.714879503203676,LOW
44_843,0.0023868492959269,LOW,57.30161787365178,HIGH,30.842482628641328,MODERATE,INFRASTRUCTURE,0.0,LOW,82.98577729403841,17.014222705961586,HIGH,LOW SUSCEPTIBILITY,no major independent warning signal,continue routine monitoring,LOW SUSCEPTIBILITY. Main evidence: no major independent warning signal. Recommended response: continue routine monitoring.,24.072700691121742,LOW,13.215996809055468,LOW,STABLE_LOW,LOW,23.62883145523344,NORMAL,UNREFERENCED,18.601374256455436,LOW
44_1523,0.0986740981240981,LOW,17.40947611710323,LOW,53.51384671088353,HIGH,TRANSPORT,0.0,LOW,75.10772966264258,24.892270337357417,MODERATE,LOW SUSCEPTIBILITY,no major independent warning signal,continue routine monitoring,LOW SUSCEPTIBILITY. Main evidence: no major independent warning signal. Recommended response: continue routine monitoring.,24.072700691121742,LOW,13.215996809055468,LOW,STABLE_LOW,LOW,23.62883145523344,NORMAL,UNREFERENCED,18.356576714749764,LOW
47_1039,7.659288567056101e-05,LOW,26.77773497688752,MODERATE,26.026095948753973,MODERATE,SETTLEMENT,0.0,LOW,77.17479827305938,22.82520172694062,MODERATE,LOW SUSCEPTIBILITY,no major independent warning signal,continue routine monitoring,LOW SUSCEPTIBILITY. Main evidence: no major independent warning signal. Recommended response: continue routine monitoring.,24.072700691121742,LOW,13.215996809055468,LOW,STABLE_LOW,LOW,23.62883145523344,NORMAL,UNREFERENCED,11.670178136657949,LOW
51_586,0.00637540240948,LOW,93.42449922958396,EXTREME,25.22189939749117,MODERATE,SETTLEMENT,0.0,LOW,76.65944113020225,23.340558869797743,MODERATE,LOW SUSCEPTIBILITY,unstable terrain conditions,continue routine monitoring,LOW SUSCEPTIBILITY. Main evidence: unstable terrain conditions. Recommended response: continue routine monitoring.,24.072700691121742,LOW,13.215996809055468,LOW,STABLE_LOW,LOW,23.62883145523344,NORMAL,UNREFERENCED,25.16234793307924,MODERATE
51_1520,0.0140601257382325,LOW,18.405238828967644,LOW,44.30780803533816,MODERATE,TRANSPORT,0.0,LOW,82.03069103966794,17.969308960332057,HIGH,LOW SUSCEPTIBILITY,no major independent warning signal,continue routine monitoring,LOW SUSCEPTIBILITY. Main evidence: no major independent warning signal. Recommended response: continue routine monitoring.,24.072700691121742,LOW,13.215996809055468,LOW,STABLE_LOW,LOW,23.62883145523344,NORMAL,UNREFERENCED,13.36719469842689,LOW
52_235,0.3170483753834816,MODERATE,36.15177195685671,MODERATE,56.29133432994317,HIGH,TRANSPORT,0.0,LOW,57.2407433414203,42.7592566585797,LOW,MODERATE SUSCEPTIBILITY,no major independent warning signal,continue routine monitoring,MODERATE SUSCEPTIBILITY. Main evidence: no major independent warning signal. Recommended response: continue routine monitoring.,24.072700691121742,LOW,13.215996809055468,LOW,STABLE_LOW,LOW,23.62883145523344,NORMAL,UNREFERENCED,32.34850150223166,MODERATE
53_566,0.3586772402235446,MODERATE,28.04699537750385,MODERATE,52.35401120032919,HIGH,TRANSPORT,0.0,LOW,53.83474530905151,46.16525469094849,LOW,MODERATE SUSCEPTIBILITY,no major independent warning signal,continue routine monitoring,MODERATE SUSCEPTIBILITY. Main evidence: no major independent warning signal. Recommended response: continue routine monitoring.,24.072700691121742,LOW,13.215996809055468,LOW,STABLE_LOW,LOW,23.62883145523344,NORMAL,UNREFERENCED,32.01024663472183,MODERATE
53_801,0.0006665180522151,LOW,74.8555469953775,HIGH,23.609686367500583,LOW,INFRASTRUCTURE,0.0,LOW,83.12653166852391,16.87346833147609,HIGH,LOW SUSCEPTIBILITY,unstable terrain conditions,continue routine monitoring,LOW SUSCEPTIBILITY. Main evidence: unstable terrain conditions. Recommended response: continue routine monitoring.,24.072700691121742,LOW,13.215996809055468,LOW,STABLE_LOW,LOW,23.62883145523344,NORMAL,UNREFERENCED,20.949825735662444,LOW
59_1544,0.0123489023345994,LOW,18.7037750385208,LOW,41.38803324082538,MODERATE,TRANSPORT,0.0,LOW,82.17070022723794,17.829299772762056,HIGH,LOW SUSCEPTIBILITY,no major independent warning signal,continue routine monitoring,LOW SUSCEPTIBILITY. Main evidence: no major independent warning signal. Recommended response: continue routine monitoring.,24.072700691121742,LOW,13.215996809055468,LOW,STABLE_LOW,LOW,23.62883145523344,NORMAL,UNREFERENCED,12.911930667997114,LOW
61_1203,6.220240552665621e-05,LOW,42.88713405238829,MODERATE,15.262738907667522,LOW,INFRASTRUCTURE,0.0,LOW,83.17597567598025,16.824024324019746,HIGH,LOW SUSCEPTIBILITY,no major independent warning signal,continue routine monitoring,LOW SUSCEPTIBILITY. Main evidence: no major independent warning signal. Recommended response: continue routine monitoring.,24.072700691121742,LOW,13.215996809055468,LOW,STABLE_LOW,LOW,23.62883145523344,NORMAL,UNREFERENCED,13.276906823988663,LOW
62_218,0.7532799020424019,VERY_HIGH,64.0215716486903,HIGH,55.26776910411356,HIGH,TRANSPORT,0.0,LOW,71.17669331262896,28.823306687371044,MODERATE,VERY HIGH SUSCEPTIBILITY,high static landslide susceptibility; unstable terrain conditions,prioritize location for detailed assessment,VERY HIGH SUSCEPTIBILITY. Main evidence: high static landslide susceptibility; unstable terrain conditions. Recommended response: prioritize location for detailed assessment.,24.072700691121742,LOW,13.215996809055468,LOW,STABLE_LOW,LOW,23.62883145523344,NORMAL,UNREFERENCED,57.399345356375356,HIGH
62_993,0.126005266955267,LOW,23.946456086286595,LOW,49.72940314241317,MODERATE,TRANSPORT,0.0,LOW,72.87154312191058,27.128456878089423,MODERATE,LOW SUSCEPTIBILITY,no major independent warning signal,continue routine monitoring,LOW SUSCEPTIBILITY. Main evidence: no major independent warning signal. Recommended response: continue routine monitoring.,24.072700691121742,LOW,13.215996809055468,LOW,STABLE_LOW,LOW,23.62883145523344,NORMAL,UNREFERENCED,20.32620877071848,LOW
62_1076,0.0058813547904324,LOW,34.707241910631744,MODERATE,26.348012951025076,MODERATE,SETTLEMENT,0.0,LOW,82.69986320812433,17.300136791875673,HIGH,LOW SUSCEPTIBILITY,no major independent warning signal,continue routine monitoring,LOW SUSCEPTIBILITY. Main evidence: no major independent warning signal. Recommended response: continue routine monitoring.,24.072700691121742,LOW,13.215996809055468,LOW,STABLE_LOW,LOW,23.62883145523344,NORMAL,UNREFERENCED,13.565581359461744,LOW
67_1132,2.1798365122615804e-05,LOW,29.81317411402157,MODERATE,17.656041141446856,LOW,SETTLEMENT,0.0,LOW,83.17928146110421,16.82071853889579,HIGH,LOW SUSCEPTIBILITY,no major independent warning signal,continue routine monitoring,LOW SUSCEPTIBILITY. Main evidence: no major independent warning signal. Recommended response: continue routine monitoring.,24.072700691121742,LOW,13.215996809055468,LOW,STABLE_LOW,LOW,23.62883145523344,NORMAL,UNREFERENCED,11.019291989564035,LOW
69_27,0.4316771766880461,MODERATE,26.92989214175655,MODERATE,64.91098375654751,HIGH,TRANSPORT,0.0,LOW,47.86202323468321,52.13797676531679,LOW,MODERATE SUSCEPTIBILITY,"high exposure to roads, settlements or infrastructure","check nearby roads, settlements and infrastructure","MODERATE SUSCEPTIBILITY. Main evidence: high exposure to roads, settlements or infrastructure. Recommended response: check nearby roads, settlements and infrastructure.",24.072700691121742,LOW,13.215996809055468,LOW,STABLE_LOW,LOW,23.62883145523344,NORMAL,UNREFERENCED,36.955369011907685,MODERATE
70_593,0.0077376713809956,LOW,31.04969183359014,MODERATE,26.084917413330743,MODERATE,SETTLEMENT,0.0,LOW,82.5479827598055,17.452017240194493,HIGH,LOW SUSCEPTIBILITY,no major independent warning signal,continue routine monitoring,LOW SUSCEPTIBILITY. Main evidence: no major independent warning signal. Recommended response: continue routine monitoring.,24.072700691121742,LOW,13.215996809055468,LOW,STABLE_LOW,LOW,23.62883145523344,NORMAL,UNREFERENCED,12.878141259974615,LOW
80_1256,0.0018538690721933,LOW,98.82896764252698,EXTREME,18.841363427554985,LOW,SETTLEMENT,0.0,LOW,83.02938476688934,16.970615233110664,HIGH,LOW SUSCEPTIBILITY,unstable terrain conditions,continue routine monitoring,LOW SUSCEPTIBILITY. Main evidence: unstable terrain conditions. Recommended response: continue routine monitoring.,24.072700691121742,LOW,13.215996809055468,LOW,STABLE_LOW,LOW,23.62883145523344,NORMAL,UNREFERENCED,25.082692219999522,MODERATE
83_532,0.0999959750054757,LOW,66.47342064714945,HIGH,58.60603202815658,HIGH,SETTLEMENT,0.0,LOW,74.99957609962078,25.000423900379214,MODERATE,LOW SUSCEPTIBILITY,unstable terrain conditions,continue routine monitoring,LOW SUSCEPTIBILITY. Main evidence: unstable terrain conditions. Recommended response: continue routine monitoring.,24.072700691121742,LOW,13.215996809055468,LOW,STABLE_LOW,LOW,23.62883145523344,NORMAL,UNREFERENCED,28.992677878011953,MODERATE
84_1435,0.0279374458874458,LOW,17.973805855161785,LOW,40.87462806120437,MODERATE,TRANSPORT,0.0,LOW,80.8952739365505,19.104726063449505,HIGH,LOW SUSCEPTIBILITY,no major independent warning signal,continue routine monitoring,LOW SUSCEPTIBILITY. Main evidence: no major independent warning signal. Recommended response: continue routine monitoring.,24.072700691121742,LOW,13.215996809055468,LOW,STABLE_LOW,LOW,23.62883145523344,NORMAL,UNREFERENCED,13.390410514260248,LOW
85_1002,0.020893154786479,LOW,95.34668721109398,EXTREME,27.84201809808081,MODERATE,INFRASTRUCTURE,0.0,LOW,81.4716250266296,18.528374973370404,HIGH,LOW SUSCEPTIBILITY,unstable terrain conditions,continue routine monitoring,LOW SUSCEPTIBILITY. Main evidence: unstable terrain conditions. Recommended response: continue routine monitoring.,24.072700691121742,LOW,13.215996809055468,LOW,STABLE_LOW,LOW,23.62883145523344,NORMAL,UNREFERENCED,26.593102191434646,MODERATE
87_1024,0.1951306794654621,LOW,94.43952234206472,EXTREME,50.83214181071132,HIGH,TRANSPORT,0.0,LOW,67.21582755289462,32.78417244710538,MODERATE,LOW SUSCEPTIBILITY,unstable terrain conditions,continue routine monitoring,LOW SUSCEPTIBILITY. Main evidence: unstable terrain conditions. Recommended response: continue routine monitoring.,24.072700691121742,LOW,13.215996809055468,LOW,STABLE_LOW,LOW,23.62883145523344,NORMAL,UNREFERENCED,37.700876385077606,MODERATE
92_891,0.00014438949584,LOW,55.98805855161788,HIGH,23.416346402011555,LOW,INFRASTRUCTURE,0.0,LOW,83.16925127768188,16.83074872231812,HIGH,LOW SUSCEPTIBILITY,no major independent warning signal,continue routine monitoring,LOW SUSCEPTIBILITY. Main evidence: no major independent warning signal. Recommended response: continue routine monitoring.,24.072700691121742,LOW,13.215996809055468,LOW,STABLE_LOW,LOW,23.62883145523344,NORMAL,UNREFERENCED,17.123831267050285,LOW
93_93,0.6908721354125281,HIGH,58.72688751926041,HIGH,65.51367590888982,HIGH,TRANSPORT,0.0,LOW,66.07060331563927,33.929396684360725,MODERATE,HIGH SUSCEPTIBILITY,"high static landslide susceptibility; high exposure to roads, settlements or infrastructure","check nearby roads, settlements and infrastructure","HIGH SUSCEPTIBILITY. Main evidence: high static landslide susceptibility; high exposure to roads, settlements or infrastructure. Recommended response: check nearby roads, settlements and infrastructure.",24.072700691121742,LOW,13.215996809055468,LOW,STABLE_LOW,LOW,23.62883145523344,NORMAL,UNREFERENCED,55.068945052861494,HIGH
93_428,0.0016535159625936,LOW,34.89021571648691,MODERATE,31.14694349554844,MODERATE,TRANSPORT,0.0,LOW,83.0457772940384,16.954222705961598,HIGH,LOW SUSCEPTIBILITY,no major independent warning signal,continue routine monitoring,LOW SUSCEPTIBILITY. Main evidence: no major independent warning signal. Recommended response: continue routine monitoring.,24.072700691121742,LOW,13.215996809055468,LOW,STABLE_LOW,LOW,23.62883145523344,NORMAL,UNREFERENCED,14.131762955058534,LOW
94_580,0.0238975061227602,LOW,58.64791987673344,HIGH,31.86677529459256,MODERATE,SETTLEMENT,0.0,LOW,81.22581446275206,18.774185537247945,HIGH,LOW SUSCEPTIBILITY,no major independent warning signal,continue routine monitoring,LOW SUSCEPTIBILITY. Main evidence: no major independent warning signal. Recommended response: continue routine monitoring.,24.072700691121742,LOW,13.215996809055468,LOW,STABLE_LOW,LOW,23.62883145523344,NORMAL,UNREFERENCED,19.992258114171953,LOW
96_631,0.0066060301151077,LOW,86.36748844375963,EXTREME,26.35813597330029,MODERATE,TRANSPORT,0.0,LOW,82.6405715906509,17.359428409349107,HIGH,LOW SUSCEPTIBILITY,unstable terrain conditions,continue routine monitoring,LOW SUSCEPTIBILITY. Main evidence: unstable terrain conditions. Recommended response: continue routine monitoring.,24.072700691121742,LOW,13.215996809055468,LOW,STABLE_LOW,LOW,23.62883145523344,NORMAL,UNREFERENCED,23.93175950903899,LOW
97_1012,0.0818039398196932,LOW,31.276964560862865,MODERATE,55.83336708898141,HIGH,INFRASTRUCTURE,0.0,LOW,76.48801534209389,23.511984657906112,MODERATE,LOW SUSCEPTIBILITY,no major independent warning signal,continue routine monitoring,LOW SUSCEPTIBILITY. Main evidence: no major independent warning signal. Recommended response: continue routine monitoring.,24.072700691121742,LOW,13.215996809055468,LOW,STABLE_LOW,LOW,23.62883145523344,NORMAL,UNREFERENCED,20.71884533651815,LOW
101_401,0.1135609575846148,LOW,66.33667180277351,HIGH,43.406980763519925,MODERATE,TRANSPORT,0.0,LOW,73.88971388860031,26.110286111399688,MODERATE,LOW SUSCEPTIBILITY,unstable terrain conditions,continue routine monitoring,LOW SUSCEPTIBILITY. Main evidence: unstable terrain conditions. Recommended response: continue routine monitoring.,24.072700691121742,LOW,13.215996809055468,LOW,STABLE_LOW,LOW,23.62883145523344,NORMAL,UNREFERENCED,27.295894635502528,MODERATE
102_554,0.0124385979380986,LOW,70.9553158705701,HIGH,45.28638510101645,MODERATE,SETTLEMENT,0.0,LOW,82.16336149604254,17.83663850395746,HIGH,LOW SUSCEPTIBILITY,unstable terrain conditions,continue routine monitoring,LOW SUSCEPTIBILITY. Main evidence: unstable terrain conditions. Recommended response: continue routine monitoring.,24.072700691121742,LOW,13.215996809055468,LOW,STABLE_LOW,LOW,23.62883145523344,NORMAL,UNREFERENCED,23.9510279155931,LOW
102_1442,0.0015932269365511,LOW,25.0462249614792,MODERATE,22.14439050483086,LOW,INFRASTRUCTURE,0.0,LOW,83.05071003253279,16.94928996746721,HIGH,LOW SUSCEPTIBILITY,no major independent warning signal,continue routine monitoring,LOW SUSCEPTIBILITY. Main evidence: no major independent warning signal. Recommended response: continue routine monitoring.,24.072700691121742,LOW,13.215996809055468,LOW,STABLE_LOW,LOW,23.62883145523344,NORMAL,UNREFERENCED,10.809868849277443,LOW
104_1297,0.0125535159625936,LOW,42.062788906009246,MODERATE,42.52721933812843,MODERATE,SETTLEMENT,0.0,LOW,82.15395911222024,17.846040887779765,HIGH,LOW SUSCEPTIBILITY,no major independent warning signal,continue routine monitoring,LOW SUSCEPTIBILITY. Main evidence: no major independent warning signal. Recommended response: continue routine monitoring.,24.072700691121742,LOW,13.215996809055468,LOW,STABLE_LOW,LOW,23.62883145523344,NORMAL,UNREFERENCED,17.763818969349998,LOW
105_74,0.2038334733893556,LOW,37.33436055469954,MODERATE,57.14422672355264,HIGH,TRANSPORT,0.0,LOW,66.50378077730335,33.49621922269665,MODERATE,LOW SUSCEPTIBILITY,no major independent warning signal,continue routine monitoring,LOW SUSCEPTIBILITY. Main evidence: no major independent warning signal. Recommended response: continue routine monitoring.,24.072700691121742,LOW,13.215996809055468,LOW,STABLE_LOW,LOW,23.62883145523344,NORMAL,UNREFERENCED,27.61828249110598,MODERATE
107_1391,2.1798365122615804e-05,LOW,27.28813559322034,MODERATE,18.01380029157178,LOW,INFRASTRUCTURE,0.0,LOW,83.17928146110421,16.82071853889579,HIGH,LOW SUSCEPTIBILITY,no major independent warning signal,continue routine monitoring,LOW SUSCEPTIBILITY. Main evidence: no major independent warning signal. Recommended response: continue routine monitoring.,24.072700691121742,LOW,13.215996809055468,LOW,STABLE_LOW,LOW,23.62883145523344,NORMAL,UNREFERENCED,10.567948157922528,LOW
110_97,0.272133116883117,MODERATE,19.75539291217257,LOW,69.0492100665166,HIGH,INFRASTRUCTURE,0.0,LOW,60.915628127813775,39.08437187218623,MODERATE,MODERATE SUSCEPTIBILITY,"high exposure to roads, settlements or infrastructure","check nearby roads, settlements and infrastructure","MODERATE SUSCEPTIBILITY. Main evidence: high exposure to roads, settlements or infrastructure. Recommended response: check nearby roads, settlements and infrastructure.",24.072700691121742,LOW,13.215996809055468,LOW,STABLE_LOW,LOW,23.62883145523344,NORMAL,UNREFERENCED,28.961720421264438,MODERATE
110_951,2.1798365122615804e-05,LOW,44.387519260400616,MODERATE,18.62898948843321,LOW,INFRASTRUCTURE,0.0,LOW,83.17928146110421,16.82071853889579,HIGH,LOW SUSCEPTIBILITY,no major independent warning signal,continue routine monitoring,LOW SUSCEPTIBILITY. Main evidence: no major independent warning signal. Recommended response: continue routine monitoring.,24.072700691121742,LOW,13.215996809055468,LOW,STABLE_LOW,LOW,23.62883145523344,NORMAL,UNREFERENCED,14.080103270887797,LOW
111_1425,6.220240552665621e-05,LOW,47.33050847457628,MODERATE,19.436111924022576,LOW,INFRASTRUCTURE,0.0,LOW,83.17597567598025,16.824024324019746,HIGH,LOW SUSCEPTIBILITY,no major independent warning signal,continue routine monitoring,LOW SUSCEPTIBILITY. Main evidence: no major independent warning signal. Recommended response: continue routine monitoring.,24.072700691121742,LOW,13.215996809055468,LOW,STABLE_LOW,LOW,23.62883145523344,NORMAL,UNREFERENCED,14.791587660879516,LOW
112_1345,0.0046649801833044,LOW,99.57241910631744,EXTREME,17.818409985195593,LOW,SETTLEMENT,0.0,LOW,76.79938476688935,23.200615233110653,MODERATE,LOW SUSCEPTIBILITY,unstable terrain conditions,continue routine monitoring,LOW SUSCEPTIBILITY. Main evidence: unstable terrain conditions. Recommended response: continue routine monitoring.,24.072700691121742,LOW,13.215996809055468,LOW,STABLE_LOW,LOW,23.62883145523344,NORMAL,UNREFERENCED,25.2044394964037,MODERATE
114_1106,0.0111932595523372,LOW,78.24152542372882,EXTREME,24.860659838037048,LOW,SETTLEMENT,0.0,LOW,82.26525281851394,17.734747181486057,HIGH,LOW SUSCEPTIBILITY,unstable terrain conditions,continue routine monitoring,LOW SUSCEPTIBILITY. Main evidence: unstable terrain conditions. Recommended response: continue routine monitoring.,24.072700691121742,LOW,13.215996809055468,LOW,STABLE_LOW,LOW,23.62883145523344,NORMAL,UNREFERENCED,22.288370809418673,LOW
118_1383,2.1798365122615804e-05,LOW,91.14791987673344,EXTREME,17.020642722467798,LOW,INFRASTRUCTURE,0.0,LOW,83.17928146110421,16.82071853889579,HIGH,LOW SUSCEPTIBILITY,unstable terrain conditions,continue routine monitoring,LOW SUSCEPTIBILITY. Main evidence: unstable terrain conditions. Recommended response: continue routine monitoring.,24.072700691121742,LOW,13.215996809055468,LOW,STABLE_LOW,LOW,23.62883145523344,NORMAL,UNREFERENCED,23.190931379259553,LOW
122_433,0.359889707756012,MODERATE,28.7731124807396,MODERATE,51.67574551642468,HIGH,TRANSPORT,0.0,LOW,53.73554342003146,46.26445657996854,LOW,MODERATE SUSCEPTIBILITY,no major independent warning signal,continue routine monitoring,MODERATE SUSCEPTIBILITY. Main evidence: no major independent warning signal. Recommended response: continue routine monitoring.,24.072700691121742,LOW,13.215996809055468,LOW,STABLE_LOW,LOW,23.62883145523344,NORMAL,UNREFERENCED,32.10829124174433,MODERATE
125_958,0.0022217983651226,LOW,69.18721109399075,HIGH,18.119587083758447,LOW,INFRASTRUCTURE,0.0,LOW,76.99928146110422,23.000718538895786,MODERATE,LOW SUSCEPTIBILITY,unstable terrain conditions,continue routine monitoring,LOW SUSCEPTIBILITY. Main evidence: unstable terrain conditions. Recommended response: continue routine monitoring.,24.072700691121742,LOW,13.215996809055468,LOW,STABLE_LOW,LOW,23.62883145523344,NORMAL,UNREFERENCED,19.06263127690461,LOW
126_1544,0.0191353015286257,LOW,17.062788906009246,LOW,31.2652723526529,MODERATE,SETTLEMENT,0.0,LOW,81.61544938409034,18.38455061590966,HIGH,LOW SUSCEPTIBILITY,no major independent warning signal,continue routine monitoring,LOW SUSCEPTIBILITY. Main evidence: no major independent warning signal. Recommended response: continue routine monitoring.,24.072700691121742,LOW,13.215996809055468,LOW,STABLE_LOW,LOW,23.62883145523344,NORMAL,UNREFERENCED,11.370707272000116,LOW
130_1126,0.0142587031270273,LOW,97.8582434514638,EXTREME,24.08530753376618,LOW,SETTLEMENT,0.0,LOW,82.01444379876656,17.985556201233436,HIGH,LOW SUSCEPTIBILITY,unstable terrain conditions,continue routine monitoring,LOW SUSCEPTIBILITY. Main evidence: unstable terrain conditions. Recommended response: continue routine monitoring.,24.072700691121742,LOW,13.215996809055468,LOW,STABLE_LOW,LOW,23.62883145523344,NORMAL,UNREFERENCED,26.233356530186093,MODERATE
132_516,0.075386444829769,LOW,78.87711864406779,EXTREME,46.65558929852874,MODERATE,TRANSPORT,0.0,LOW,77.01308311399679,22.98691688600321,MODERATE,LOW SUSCEPTIBILITY,unstable terrain conditions,continue routine monitoring,LOW SUSCEPTIBILITY. Main evidence: unstable terrain conditions. Recommended response: continue routine monitoring.,24.072700691121742,LOW,13.215996809055468,LOW,STABLE_LOW,LOW,23.62883145523344,NORMAL,UNREFERENCED,28.573422210044647,MODERATE
134_1295,0.0005765928856705,LOW,89.07550077041604,EXTREME,28.638594414848527,MODERATE,SETTLEMENT,0.0,LOW,83.1338891821503,16.8661108178497,HIGH,LOW SUSCEPTIBILITY,unstable terrain conditions,continue routine monitoring,LOW SUSCEPTIBILITY. Main evidence: unstable terrain conditions. Recommended response: continue routine monitoring.,24.072700691121742,LOW,13.215996809055468,LOW,STABLE_LOW,LOW,23.62883145523344,NORMAL,UNREFERENCED,24.544106065277838,LOW
138_675,0.0629670364603607,LOW,85.29275808936828,EXTREME,42.19824786796055,MODERATE,TRANSPORT,0.0,LOW,78.02921652603928,21.97078347396072,MODERATE,LOW SUSCEPTIBILITY,unstable terrain conditions,continue routine monitoring,LOW SUSCEPTIBILITY. Main evidence: unstable terrain conditions. Recommended response: continue routine monitoring.,24.072700691121742,LOW,13.215996809055468,LOW,STABLE_LOW,LOW,23.62883145523344,NORMAL,UNREFERENCED,28.629075507896147,MODERATE
140_27,0.0299422937248946,LOW,57.79275808936826,HIGH,32.49727819430948,MODERATE,TRANSPORT,0.0,LOW,80.73124093166834,19.26875906833166,HIGH,LOW SUSCEPTIBILITY,no major independent warning signal,continue routine monitoring,LOW SUSCEPTIBILITY. Main evidence: no major independent warning signal. Recommended response: continue routine monitoring.,24.072700691121742,LOW,13.215996809055468,LOW,STABLE_LOW,LOW,23.62883145523344,NORMAL,UNREFERENCED,20.187816633752504,LOW
141_1564,7.659288567056101e-05,LOW,20.28120184899846,LOW,24.659171407317803,LOW,SETTLEMENT,0.0,LOW,83.17479827305938,16.82520172694062,HIGH,LOW SUSCEPTIBILITY,no major independent warning signal,continue routine monitoring,LOW SUSCEPTIBILITY. Main evidence: no major independent warning signal. Recommended response: continue routine monitoring.,24.072700691121742,LOW,13.215996809055468,LOW,STABLE_LOW,LOW,23.62883145523344,NORMAL,UNREFERENCED,10.165832829864712,LOW
142_942,0.0041991187848159,LOW,46.61402157164869,MODERATE,19.183207362698045,LOW,INFRASTRUCTURE,0.0,LOW,76.83750069949295,23.16249930050705,MODERATE,LOW SUSCEPTIBILITY,no major independent warning signal,continue routine monitoring,LOW SUSCEPTIBILITY. Main evidence: no major independent warning signal. Recommended response: continue routine monitoring.,24.072700691121742,LOW,13.215996809055468,LOW,STABLE_LOW,LOW,23.62883145523344,NORMAL,UNREFERENCED,14.796515833163335,LOW
149_687,0.1174324210757453,LOW,26.16718027734977,MODERATE,53.05425099896457,HIGH,TRANSPORT,11.06623528726798,LOW,73.57295778478054,26.42704221521946,MODERATE,LOW SUSCEPTIBILITY,no major independent warning signal,continue routine monitoring,LOW SUSCEPTIBILITY. Main evidence: no major independent warning signal. Recommended response: continue routine monitoring.,24.072700691121742,LOW,13.215996809055468,LOW,STABLE_LOW,LOW,23.62883145523344,NORMAL,UNREFERENCED,21.989926251562153,LOW
150_686,0.1580890755323997,LOW,76.43297380585516,EXTREME,54.37938964627504,HIGH,TRANSPORT,8.220269475302171,LOW,70.246504238327,29.753495761672998,MODERATE,LOW SUSCEPTIBILITY,unstable terrain conditions,continue routine monitoring,LOW SUSCEPTIBILITY. Main evidence: unstable terrain conditions. Recommended response: continue routine monitoring.,24.072700691121742,LOW,13.215996809055468,LOW,STABLE_LOW,LOW,23.62883145523344,NORMAL,UNREFERENCED,33.78680862371266,MODERATE
150_1110,0.0116832173346678,LOW,55.841679506933744,HIGH,30.234925155817827,MODERATE,SETTLEMENT,0.0,LOW,82.22516536359598,17.774834636404023,HIGH,LOW SUSCEPTIBILITY,no major independent warning signal,continue routine monitoring,LOW SUSCEPTIBILITY. Main evidence: no major independent warning signal. Recommended response: continue routine monitoring.,24.072700691121742,LOW,13.215996809055468,LOW,STABLE_LOW,LOW,23.62883145523344,NORMAL,UNREFERENCED,18.636589523931647,LOW
154_105,0.1493187978687979,LOW,18.946456086286595,LOW,79.09781361621462,VERY_HIGH,INFRASTRUCTURE,23.363890817994296,LOW,70.96407241080351,29.03592758919649,MODERATE,LOW SUSCEPTIBILITY,"high exposure to roads, settlements or infrastructure","check nearby roads, settlements and infrastructure","LOW SUSCEPTIBILITY. Main evidence: high exposure to roads, settlements or infrastructure. Recommended response: check nearby roads, settlements and infrastructure.",24.072700691121742,LOW,13.215996809055468,LOW,STABLE_LOW,LOW,23.62883145523344,NORMAL,UNREFERENCED,27.11696831469702,MODERATE
156_103,0.3337698688284899,MODERATE,23.391756548536208,LOW,76.29114182797636,VERY_HIGH,TRANSPORT,10.452315850815854,LOW,55.87262115046508,44.12737884953492,LOW,MODERATE SUSCEPTIBILITY,"high exposure to roads, settlements or infrastructure","check nearby roads, settlements and infrastructure","MODERATE SUSCEPTIBILITY. Main evidence: high exposure to roads, settlements or infrastructure. Recommended response: check nearby roads, settlements and infrastructure.",24.072700691121742,LOW,13.215996809055468,LOW,STABLE_LOW,LOW,23.62883145523344,NORMAL,UNREFERENCED,34.5941683353795,MODERATE
156_878,0.0158654207244984,LOW,26.30392912172573,MODERATE,34.49339475310474,MODERATE,INFRASTRUCTURE,0.0,LOW,81.8829850862462,18.11701491375381,HIGH,LOW SUSCEPTIBILITY,no major independent warning signal,continue routine monitoring,LOW SUSCEPTIBILITY. Main evidence: no major independent warning signal. Recommended response: continue routine monitoring.,24.072700691121742,LOW,13.215996809055468,LOW,STABLE_LOW,LOW,23.62883145523344,NORMAL,UNREFERENCED,13.55600903902546,LOW
158_1490,0.0028645833579076,LOW,21.17103235747304,LOW,25.005955351026053,MODERATE,SETTLEMENT,0.0,LOW,82.94668996169453,17.05331003830547,HIGH,LOW SUSCEPTIBILITY,no major independent warning signal,continue routine monitoring,LOW SUSCEPTIBILITY. Main evidence: no major independent warning signal. Recommended response: continue routine monitoring.,24.072700691121742,LOW,13.215996809055468,LOW,STABLE_LOW,LOW,23.62883145523344,NORMAL,UNREFERENCED,10.521276094366533,LOW
159_757,0.0028991187848159,LOW,45.29853620955316,MODERATE,18.72626461049987,LOW,INFRASTRUCTURE,0.0,LOW,82.94386433585657,17.056135664143426,HIGH,LOW SUSCEPTIBILITY,no major independent warning signal,continue routine monitoring,LOW SUSCEPTIBILITY. Main evidence: no major independent warning signal. Recommended response: continue routine monitoring.,24.072700691121742,LOW,13.215996809055468,LOW,STABLE_LOW,LOW,23.62883145523344,NORMAL,UNREFERENCED,14.406377347914503,LOW
160_1535,6.220240552665621e-05,LOW,19.45685670261941,LOW,23.338958036070263,LOW,SETTLEMENT,0.0,LOW,83.17597567598025,16.824024324019746,HIGH,LOW SUSCEPTIBILITY,no major independent warning signal,continue routine monitoring,LOW SUSCEPTIBILITY. Main evidence: no major independent warning signal. Recommended response: continue routine monitoring.,24.072700691121742,LOW,13.215996809055468,LOW,STABLE_LOW,LOW,23.62883145523344,NORMAL,UNREFERENCED,9.802284223295295,LOW
162_836,0.0034717983651226,LOW,40.35824345146379,MODERATE,19.35186727615805,LOW,INFRASTRUCTURE,0.0,LOW,82.89700873383148,17.102991266168516,HIGH,LOW SUSCEPTIBILITY,no major independent warning signal,continue routine monitoring,LOW SUSCEPTIBILITY. Main evidence: no major independent warning signal. Recommended response: continue routine monitoring.,24.072700691121742,LOW,13.215996809055468,LOW,STABLE_LOW,LOW,23.62883145523344,NORMAL,UNREFERENCED,13.537929777259158,LOW
163_823,2.1798365122615804e-05,LOW,26.3308936825886,MODERATE,18.07953197932757,LOW,INFRASTRUCTURE,0.0,LOW,83.17928146110421,16.82071853889579,HIGH,LOW SUSCEPTIBILITY,no major independent warning signal,continue routine monitoring,LOW SUSCEPTIBILITY. Main evidence: no major independent warning signal. Recommended response: continue routine monitoring.,24.072700691121742,LOW,13.215996809055468,LOW,STABLE_LOW,LOW,23.62883145523344,NORMAL,UNREFERENCED,10.386359528959547,LOW
165_1205,0.0028955357388599,LOW,61.352080123266575,HIGH,16.361771216418504,LOW,INFRASTRUCTURE,0.0,LOW,76.94415749416208,23.05584250583792,MODERATE,LOW SUSCEPTIBILITY,unstable terrain conditions,continue routine monitoring,LOW SUSCEPTIBILITY. Main evidence: unstable terrain conditions. Recommended response: continue routine monitoring.,24.072700691121742,LOW,13.215996809055468,LOW,STABLE_LOW,LOW,23.62883145523344,NORMAL,UNREFERENCED,17.262250884476963,LOW
167_997,6.220240552665621e-05,LOW,25.21571648690293,MODERATE,17.273959342962286,LOW,INFRASTRUCTURE,0.0,LOW,77.17597567598025,22.824024324019742,MODERATE,LOW SUSCEPTIBILITY,no major independent warning signal,continue routine monitoring,LOW SUSCEPTIBILITY. Main evidence: no major independent warning signal. Recommended response: continue routine monitoring.,24.072700691121742,LOW,13.215996809055468,LOW,STABLE_LOW,LOW,23.62883145523344,NORMAL,UNREFERENCED,10.044306376185803,LOW
169_250,0.0911606631930161,LOW,31.103620955315872,MODERATE,57.6008842833621,HIGH,INFRASTRUCTURE,0.0,LOW,75.72246524791294,24.277534752087064,MODERATE,LOW SUSCEPTIBILITY,no major independent warning signal,continue routine monitoring,LOW SUSCEPTIBILITY. Main evidence: no major independent warning signal. Recommended response: continue routine monitoring.,24.072700691121742,LOW,13.215996809055468,LOW,STABLE_LOW,LOW,23.62883145523344,NORMAL,UNREFERENCED,21.37035674636539,LOW
171_726,0.0028099262190038,LOW,40.39483821263482,MODERATE,25.39355627802292,MODERATE,INFRASTRUCTURE,0.0,LOW,82.95116190942304,17.048838090576965,HIGH,LOW SUSCEPTIBILITY,no major independent warning signal,continue routine monitoring,LOW SUSCEPTIBILITY. Main evidence: no major independent warning signal. Recommended response: continue routine monitoring.,24.072700691121742,LOW,13.215996809055468,LOW,STABLE_LOW,LOW,23.62883145523344,NORMAL,UNREFERENCED,14.421717833197748,LOW
173_1302,2.1798365122615804e-05,LOW,28.17218798151001,MODERATE,19.255675084071484,LOW,SETTLEMENT,0.0,LOW,83.17928146110421,16.82071853889579,HIGH,LOW SUSCEPTIBILITY,no major independent warning signal,continue routine monitoring,LOW SUSCEPTIBILITY. Main evidence: no major independent warning signal. Recommended response: continue routine monitoring.,24.072700691121742,LOW,13.215996809055468,LOW,STABLE_LOW,LOW,23.62883145523344,NORMAL,UNREFERENCED,10.931039854455417,LOW
175_1422,2.1798365122615804e-05,LOW,36.85477657935285,MODERATE,17.20213260989633,LOW,INFRASTRUCTURE,0.0,LOW,83.17928146110421,16.82071853889579,HIGH,LOW SUSCEPTIBILITY,no major independent warning signal,continue routine monitoring,LOW SUSCEPTIBILITY. Main evidence: no major independent warning signal. Recommended response: continue routine monitoring.,24.072700691121742,LOW,13.215996809055468,LOW,STABLE_LOW,LOW,23.62883145523344,NORMAL,UNREFERENCED,12.359526202897712,LOW
176_65,0.1560743867243867,LOW,57.58474576271187,HIGH,51.29156188169444,HIGH,TRANSPORT,0.0,LOW,70.41134241352806,29.58865758647194,MODERATE,LOW SUSCEPTIBILITY,no major independent warning signal,continue routine monitoring,LOW SUSCEPTIBILITY. Main evidence: no major independent warning signal. Recommended response: continue routine monitoring.,24.072700691121742,LOW,13.215996809055468,LOW,STABLE_LOW,LOW,23.62883145523344,NORMAL,UNREFERENCED,28.641300906506117,MODERATE
177_441,0.0070864431803034,LOW,52.492295839753474,HIGH,36.513460382673976,MODERATE,SETTLEMENT,0.0,LOW,82.60126506713488,17.398734932865125,HIGH,LOW SUSCEPTIBILITY,no major independent warning signal,continue routine monitoring,LOW SUSCEPTIBILITY. Main evidence: no major independent warning signal. Recommended response: continue routine monitoring.,24.072700691121742,LOW,13.215996809055468,LOW,STABLE_LOW,LOW,23.62883145523344,NORMAL,UNREFERENCED,18.70163823757762,LOW
179_140,0.1249192346301042,LOW,28.815485362095533,MODERATE,49.091591687147634,MODERATE,TRANSPORT,0.0,LOW,72.96040031215118,27.03959968784882,MODERATE,LOW SUSCEPTIBILITY,no major independent warning signal,continue routine monitoring,LOW SUSCEPTIBILITY. Main evidence: no major independent warning signal. Recommended response: continue routine monitoring.,24.072700691121742,LOW,13.215996809055468,LOW,STABLE_LOW,LOW,23.62883145523344,NORMAL,UNREFERENCED,21.155471452958118,LOW
179_393,0.0312525326463929,LOW,42.74268104776579,MODERATE,45.59880313403838,MODERATE,SETTLEMENT,0.0,LOW,80.62403956536392,19.375960434636085,HIGH,LOW SUSCEPTIBILITY,no major independent warning signal,continue routine monitoring,LOW SUSCEPTIBILITY. Main evidence: no major independent warning signal. Recommended response: continue routine monitoring.,24.072700691121742,LOW,13.215996809055468,LOW,STABLE_LOW,LOW,23.62883145523344,NORMAL,UNREFERENCED,19.20199071785877,LOW
181_409,0.0672457882641125,LOW,62.47303543913715,HIGH,57.51343681819028,HIGH,INFRASTRUCTURE,0.0,LOW,77.67913683300505,22.320863166994958,MODERATE,LOW SUSCEPTIBILITY,unstable terrain conditions,continue routine monitoring,LOW SUSCEPTIBILITY. Main evidence: unstable terrain conditions. Recommended response: continue routine monitoring.,24.072700691121742,LOW,13.215996809055468,LOW,STABLE_LOW,LOW,23.62883145523344,NORMAL,UNREFERENCED,26.554953151553207,MODERATE
182_1213,0.0170154491587734,LOW,52.67141756548537,HIGH,16.461437582176536,LOW,INFRASTRUCTURE,0.0,LOW,75.7888918507146,24.211108149285398,MODERATE,LOW SUSCEPTIBILITY,no major independent warning signal,continue routine monitoring,LOW SUSCEPTIBILITY. Main evidence: no major independent warning signal. Recommended response: continue routine monitoring.,24.072700691121742,LOW,13.215996809055468,LOW,STABLE_LOW,LOW,23.62883145523344,NORMAL,UNREFERENCED,16.17646443168053,LOW
183_57,0.0520562092440987,LOW,33.61517719568567,MODERATE,46.57428344011104,MODERATE,TRANSPORT,0.0,LOW,78.92192057100618,21.078079428993817,MODERATE,LOW SUSCEPTIBILITY,no major independent warning signal,continue routine monitoring,LOW SUSCEPTIBILITY. Main evidence: no major independent warning signal. Recommended response: continue routine monitoring.,24.072700691121742,LOW,13.215996809055468,LOW,STABLE_LOW,LOW,23.62883145523344,NORMAL,UNREFERENCED,18.458977440250408,LOW
183_521,0.6647050316350318,HIGH,71.10362095531588,HIGH,66.72235941323095,HIGH,TRANSPORT,0.0,LOW,63.92965846111686,36.07034153888314,MODERATE,HIGH SUSCEPTIBILITY,"high static landslide susceptibility; unstable terrain conditions; high exposure to roads, settlements or infrastructure","check nearby roads, settlements and infrastructure","HIGH SUSCEPTIBILITY. Main evidence: high static landslide susceptibility; unstable terrain conditions; high exposure to roads, settlements or infrastructure. Recommended response: check nearby roads, settlements and infrastructure.",24.072700691121742,LOW,13.215996809055468,LOW,STABLE_LOW,LOW,23.62883145523344,NORMAL,UNREFERENCED,56.54807459573642,HIGH
185_39,0.7379189114806763,HIGH,40.73382126348229,MODERATE,75.47982911351603,VERY_HIGH,SETTLEMENT,0.0,LOW,69.91988499394232,30.08011500605768,MODERATE,HIGH SUSCEPTIBILITY,"high static landslide susceptibility; high exposure to roads, settlements or infrastructure","check nearby roads, settlements and infrastructure","HIGH SUSCEPTIBILITY. Main evidence: high static landslide susceptibility; high exposure to roads, settlements or infrastructure. Recommended response: check nearby roads, settlements and infrastructure.",24.072700691121742,LOW,13.215996809055468,LOW,STABLE_LOW,LOW,23.62883145523344,NORMAL,UNREFERENCED,55.08235970546647,HIGH
186_549,0.8318299940064043,VERY_HIGH,59.067796610169495,HIGH,53.54915394718095,HIGH,TRANSPORT,0.0,LOW,77.6035190187746,22.396480981225395,MODERATE,VERY HIGH SUSCEPTIBILITY,high static landslide susceptibility,prioritize location for detailed assessment,VERY HIGH SUSCEPTIBILITY. Main evidence: high static landslide susceptibility. Recommended response: prioritize location for detailed assessment.,24.072700691121742,LOW,13.215996809055468,LOW,STABLE_LOW,LOW,23.62883145523344,NORMAL,UNREFERENCED,59.68555221351141,HIGH
186_772,0.0005217983651226,LOW,74.51848998459168,HIGH,20.10594927240162,LOW,INFRASTRUCTURE,0.0,LOW,83.13837237019513,16.86162762980487,HIGH,LOW SUSCEPTIBILITY,unstable terrain conditions,continue routine monitoring,LOW SUSCEPTIBILITY. Main evidence: unstable terrain conditions. Recommended response: continue routine monitoring.,24.072700691121742,LOW,13.215996809055468,LOW,STABLE_LOW,LOW,23.62883145523344,NORMAL,UNREFERENCED,20.350341383321272,LOW
188_63,0.716601564818437,HIGH,45.21764252696456,MODERATE,66.23807132034449,HIGH,TRANSPORT,0.0,LOW,68.17573844885,31.82426155115,MODERATE,HIGH SUSCEPTIBILITY,"high static landslide susceptibility; high exposure to roads, settlements or infrastructure","check nearby roads, settlements and infrastructure","HIGH SUSCEPTIBILITY. Main evidence: high static landslide susceptibility; high exposure to roads, settlements or infrastructure. Recommended response: check nearby roads, settlements and infrastructure.",24.072700691121742,LOW,13.215996809055468,LOW,STABLE_LOW,LOW,23.62883145523344,NORMAL,UNREFERENCED,53.63357968938642,HIGH
189_1397,0.0012217983651226,LOW,57.45570107858244,HIGH,16.426176405595243,LOW,INFRASTRUCTURE,0.0,LOW,83.0810996429224,16.918900357077604,HIGH,LOW SUSCEPTIBILITY,no major independent warning signal,continue routine monitoring,LOW SUSCEPTIBILITY. Main evidence: no major independent warning signal. Recommended response: continue routine monitoring.,24.072700691121742,LOW,13.215996809055468,LOW,STABLE_LOW,LOW,23.62883145523344,NORMAL,UNREFERENCED,16.417317672098466,LOW
190_534,0.7198054390553639,HIGH,31.15755007704161,MODERATE,56.047070274674624,HIGH,TRANSPORT,0.0,LOW,68.43787361368948,31.562126386310524,MODERATE,HIGH SUSCEPTIBILITY,high static landslide susceptibility,continue routine monitoring,HIGH SUSCEPTIBILITY. Main evidence: high static landslide susceptibility. Recommended response: continue routine monitoring.,24.072700691121742,LOW,13.215996809055468,LOW,STABLE_LOW,LOW,23.62883145523344,NORMAL,UNREFERENCED,49.43708538321306,MODERATE
190_544,0.9086839068025796,VERY_HIGH,66.58127889060094,HIGH,53.476816239258085,HIGH,TRANSPORT,0.0,LOW,83.89156642937076,16.108433570629245,HIGH,VERY HIGH SUSCEPTIBILITY,high static landslide susceptibility; unstable terrain conditions,prioritize location for detailed assessment,VERY HIGH SUSCEPTIBILITY. Main evidence: high static landslide susceptibility; unstable terrain conditions. Recommended response: prioritize location for detailed assessment.,24.072700691121742,LOW,13.215996809055468,LOW,STABLE_LOW,LOW,23.62883145523344,NORMAL,UNREFERENCED,64.63582408923716,HIGH
191_528,0.8439483245313933,VERY_HIGH,90.50654853620956,EXTREME,64.3953650612787,HIGH,TRANSPORT,0.0,LOW,78.59501878900097,21.404981210999026,MODERATE,VERY HIGH SUSCEPTIBILITY,"high static landslide susceptibility; unstable terrain conditions; high exposure to roads, settlements or infrastructure","prioritize location for detailed assessment; check nearby roads, settlements and infrastructure","VERY HIGH SUSCEPTIBILITY. Main evidence: high static landslide susceptibility; unstable terrain conditions; high exposure to roads, settlements or infrastructure. Recommended response: prioritize location for detailed assessment; check nearby roads, settlements and infrastructure.",24.072700691121742,LOW,13.215996809055468,LOW,STABLE_LOW,LOW,23.62883145523344,NORMAL,UNREFERENCED,68.14555913945858,HIGH
191_1609,0.0171528640441683,LOW,21.41371340523883,LOW,45.38244691924634,MODERATE,TRANSPORT,0.0,LOW,81.77764881463685,18.222351185363152,HIGH,LOW SUSCEPTIBILITY,no major independent warning signal,continue routine monitoring,LOW SUSCEPTIBILITY. Main evidence: no major independent warning signal. Recommended response: continue routine monitoring.,24.072700691121742,LOW,13.215996809055468,LOW,STABLE_LOW,LOW,23.62883145523344,NORMAL,UNREFERENCED,14.269258670034466,LOW
193_412,0.9118066859066865,VERY_HIGH,35.1271186440678,MODERATE,69.2403167602303,HIGH,TRANSPORT,96.4993814429586,EXTREME,84.1470665378886,15.852933462111396,HIGH,VERY HIGH SUSCEPTIBILITY,"high static landslide susceptibility; high exposure to roads, settlements or infrastructure; elevated neighbouring-cell risk","prioritize location for detailed assessment; check nearby roads, settlements and infrastructure","VERY HIGH SUSCEPTIBILITY. Main evidence: high static landslide susceptibility; high exposure to roads, settlements or infrastructure; elevated neighbouring-cell risk. Recommended response: prioritize location for detailed assessment; check nearby roads, settlements and infrastructure.",24.072700691121742,LOW,13.215996809055468,LOW,STABLE_LOW,LOW,23.62883145523344,NORMAL,UNREFERENCED,70.49998032205703,HIGH
194_1163,0.0006884650317892,LOW,31.55624036979969,MODERATE,17.694770658956188,LOW,INFRASTRUCTURE,0.0,LOW,83.12473600655878,16.875263993441223,HIGH,LOW SUSCEPTIBILITY,no major independent warning signal,continue routine monitoring,LOW SUSCEPTIBILITY. Main evidence: no major independent warning signal. Recommended response: continue routine monitoring.,24.072700691121742,LOW,13.215996809055468,LOW,STABLE_LOW,LOW,23.62883145523344,NORMAL,UNREFERENCED,11.403714668346053,LOW
196_414,0.9583068586443588,VERY_HIGH,65.14252696456086,HIGH,60.87526922009654,HIGH,TRANSPORT,94.3247485032698,EXTREME,87.95162612551633,12.048373874483673,HIGH,VERY HIGH SUSCEPTIBILITY,"high static landslide susceptibility; unstable terrain conditions; high exposure to roads, settlements or infrastructure; elevated neighbouring-cell risk","prioritize location for detailed assessment; check nearby roads, settlements and infrastructure","VERY HIGH SUSCEPTIBILITY. Main evidence: high static landslide susceptibility; unstable terrain conditions; high exposure to roads, settlements or infrastructure; elevated neighbouring-cell risk. Recommended response: prioritize location for detailed assessment; check nearby roads, settlements and infrastructure.",24.072700691121742,LOW,13.215996809055468,LOW,STABLE_LOW,LOW,23.62883145523344,NORMAL,UNREFERENCED,77.12334933436195,EXTREME
197_397,0.9303940767409482,VERY_HIGH,57.88713405238829,HIGH,69.83968256293109,HIGH,TRANSPORT,98.3492711617339,EXTREME,85.66785306069183,14.332146939308174,HIGH,VERY HIGH SUSCEPTIBILITY,"high static landslide susceptibility; high exposure to roads, settlements or infrastructure; elevated neighbouring-cell risk","prioritize location for detailed assessment; check nearby roads, settlements and infrastructure","VERY HIGH SUSCEPTIBILITY. Main evidence: high static landslide susceptibility; high exposure to roads, settlements or infrastructure; elevated neighbouring-cell risk. Recommended response: prioritize location for detailed assessment; check nearby roads, settlements and infrastructure.",24.072700691121742,LOW,13.215996809055468,LOW,STABLE_LOW,LOW,23.62883145523344,NORMAL,UNREFERENCED,76.16330983354555,EXTREME
197_413,0.9292019255370324,VERY_HIGH,31.99345146379045,MODERATE,61.81061221686854,HIGH,TRANSPORT,95.58596227125396,EXTREME,85.57031341673508,14.429686583264925,HIGH,VERY HIGH SUSCEPTIBILITY,"high static landslide susceptibility; high exposure to roads, settlements or infrastructure; elevated neighbouring-cell risk","prioritize location for detailed assessment; check nearby roads, settlements and infrastructure","VERY HIGH SUSCEPTIBILITY. Main evidence: high static landslide susceptibility; high exposure to roads, settlements or infrastructure; elevated neighbouring-cell risk. Recommended response: prioritize location for detailed assessment; check nearby roads, settlements and infrastructure.",24.072700691121742,LOW,13.215996809055468,LOW,STABLE_LOW,LOW,23.62883145523344,NORMAL,UNREFERENCED,69.4502350706924,HIGH
198_373,0.1033490178065174,LOW,65.11941448382126,HIGH,45.59048312651979,MODERATE,INFRASTRUCTURE,0.0,LOW,74.72523623408101,25.27476376591899,MODERATE,LOW SUSCEPTIBILITY,unstable terrain conditions,continue routine monitoring,LOW SUSCEPTIBILITY. Main evidence: unstable terrain conditions. Recommended response: continue routine monitoring.,24.072700691121742,LOW,13.215996809055468,LOW,STABLE_LOW,LOW,23.62883145523344,NORMAL,UNREFERENCED,26.920431236147678,MODERATE
198_399,0.9959666666666668,VERY_HIGH,77.97380585516179,EXTREME,64.89897882351703,HIGH,TRANSPORT,97.81127377566148,EXTREME,91.03288314552334,8.967116854476657,HIGH,VERY HIGH SUSCEPTIBILITY,"high static landslide susceptibility; unstable terrain conditions; high exposure to roads, settlements or infrastructure; elevated neighbouring-cell risk","prioritize location for detailed assessment; check nearby roads, settlements and infrastructure","VERY HIGH SUSCEPTIBILITY. Main evidence: high static landslide susceptibility; unstable terrain conditions; high exposure to roads, settlements or infrastructure; elevated neighbouring-cell risk. Recommended response: prioritize location for detailed assessment; check nearby roads, settlements and infrastructure.",24.072700691121742,LOW,13.215996809055468,LOW,STABLE_LOW,LOW,23.62883145523344,NORMAL,UNREFERENCED,82.33650544123824,EXTREME
199_37,0.0581358758335478,LOW,26.07473035439137,MODERATE,47.98739524651109,MODERATE,TRANSPORT,0.0,LOW,78.4244933045967,21.575506695403305,MODERATE,LOW SUSCEPTIBILITY,no major independent warning signal,continue routine monitoring,LOW SUSCEPTIBILITY. Main evidence: no major independent warning signal. Recommended response: continue routine monitoring.,24.072700691121742,LOW,13.215996809055468,LOW,STABLE_LOW,LOW,23.62883145523344,NORMAL,UNREFERENCED,17.436439839476762,LOW
199_399,0.9347888774739838,VERY_HIGH,37.625192604006166,MODERATE,64.59158663347557,HIGH,TRANSPORT,98.3141127558696,EXTREME,86.02742766612201,13.972572333877991,HIGH,VERY HIGH SUSCEPTIBILITY,"high static landslide susceptibility; high exposure to roads, settlements or infrastructure; elevated neighbouring-cell risk","prioritize location for detailed assessment; check nearby roads, settlements and infrastructure","VERY HIGH SUSCEPTIBILITY. Main evidence: high static landslide susceptibility; high exposure to roads, settlements or infrastructure; elevated neighbouring-cell risk. Recommended response: prioritize location for detailed assessment; check nearby roads, settlements and infrastructure.",24.072700691121742,LOW,13.215996809055468,LOW,STABLE_LOW,LOW,23.62883145523344,NORMAL,UNREFERENCED,71.51795734685098,HIGH
199_400,0.9955194444444444,VERY_HIGH,82.58474576271186,EXTREME,66.04442791112868,HIGH,TRANSPORT,97.82826822010593,EXTREME,90.99629223643242,9.003707763567576,HIGH,VERY HIGH SUSCEPTIBILITY,"high static landslide susceptibility; unstable terrain conditions; high exposure to roads, settlements or infrastructure; elevated neighbouring-cell risk","prioritize location for detailed assessment; check nearby roads, settlements and infrastructure","VERY HIGH SUSCEPTIBILITY. Main evidence: high static landslide susceptibility; unstable terrain conditions; high exposure to roads, settlements or infrastructure; elevated neighbouring-cell risk. Recommended response: prioritize location for detailed assessment; check nearby roads, settlements and infrastructure.",24.072700691121742,LOW,13.215996809055468,LOW,STABLE_LOW,LOW,23.62883145523344,NORMAL,UNREFERENCED,83.41208523033444,EXTREME
199_415,0.8926431938431935,VERY_HIGH,29.757318952234208,MODERATE,60.938550236646215,HIGH,TRANSPORT,96.4993814429586,EXTREME,82.57914445996644,17.420855540033557,HIGH,VERY HIGH SUSCEPTIBILITY,"high static landslide susceptibility; high exposure to roads, settlements or infrastructure; elevated neighbouring-cell risk","prioritize location for detailed assessment; check nearby roads, settlements and infrastructure","VERY HIGH SUSCEPTIBILITY. Main evidence: high static landslide susceptibility; high exposure to roads, settlements or infrastructure; elevated neighbouring-cell risk. Recommended response: prioritize location for detailed assessment; check nearby roads, settlements and infrastructure.",24.072700691121742,LOW,13.215996809055468,LOW,STABLE_LOW,LOW,23.62883145523344,NORMAL,UNREFERENCED,67.31839826229552,HIGH
199_995,2.1798365122615804e-05,LOW,93.5997688751926,EXTREME,15.860665684691694,LOW,INFRASTRUCTURE,0.0,LOW,77.17928146110421,22.82071853889579,MODERATE,LOW SUSCEPTIBILITY,unstable terrain conditions,continue routine monitoring,LOW SUSCEPTIBILITY. Main evidence: unstable terrain conditions. Recommended response: continue routine monitoring.,24.072700691121742,LOW,13.215996809055468,LOW,STABLE_LOW,LOW,23.62883145523344,NORMAL,UNREFERENCED,23.507304623284966,LOW
200_397,0.9216723889749324,VERY_HIGH,43.14137134052388,MODERATE,63.70556571483132,HIGH,TRANSPORT,98.4769239769701,EXTREME,84.95426042529053,15.045739574709472,HIGH,VERY HIGH SUSCEPTIBILITY,"high static landslide susceptibility; high exposure to roads, settlements or infrastructure; elevated neighbouring-cell risk","prioritize location for detailed assessment; check nearby roads, settlements and infrastructure","VERY HIGH SUSCEPTIBILITY. Main evidence: high static landslide susceptibility; high exposure to roads, settlements or infrastructure; elevated neighbouring-cell risk. Recommended response: prioritize location for detailed assessment; check nearby roads, settlements and infrastructure.",24.072700691121742,LOW,13.215996809055468,LOW,STABLE_LOW,LOW,23.62883145523344,NORMAL,UNREFERENCED,71.91432909601062,HIGH
200_550,0.8970103923888393,VERY_HIGH,82.7426810477658,EXTREME,52.15596066410281,HIGH,TRANSPORT,0.0,LOW,82.93646070461018,17.063539295389816,HIGH,VERY HIGH SUSCEPTIBILITY,high static landslide susceptibility; unstable terrain conditions,prioritize location for detailed assessment,VERY HIGH SUSCEPTIBILITY. Main evidence: high static landslide susceptibility; unstable terrain conditions. Recommended response: prioritize location for detailed assessment.,24.072700691121742,LOW,13.215996809055468,LOW,STABLE_LOW,LOW,23.62883145523344,NORMAL,UNREFERENCED,67.14466803577852,HIGH
201_401,0.960836517656708,VERY_HIGH,61.72765793528506,HIGH,63.95667651565736,HIGH,TRANSPORT,98.1057316344078,EXTREME,88.15859822652672,11.84140177347328,HIGH,VERY HIGH SUSCEPTIBILITY,"high static landslide susceptibility; unstable terrain conditions; high exposure to roads, settlements or infrastructure; elevated neighbouring-cell risk","prioritize location for detailed assessment; check nearby roads, settlements and infrastructure","VERY HIGH SUSCEPTIBILITY. Main evidence: high static landslide susceptibility; unstable terrain conditions; high exposure to roads, settlements or infrastructure; elevated neighbouring-cell risk. Recommended response: prioritize location for detailed assessment; check nearby roads, settlements and infrastructure.",24.072700691121742,LOW,13.215996809055468,LOW,STABLE_LOW,LOW,23.62883145523344,NORMAL,UNREFERENCED,77.39451959151043,EXTREME
202_1166,0.0006884650317892,LOW,25.600924499229585,MODERATE,17.43698723887458,LOW,INFRASTRUCTURE,0.0,LOW,83.12473600655878,16.875263993441223,HIGH,LOW SUSCEPTIBILITY,no major independent warning signal,continue routine monitoring,LOW SUSCEPTIBILITY. Main evidence: no major independent warning signal. Recommended response: continue routine monitoring.,24.072700691121742,LOW,13.215996809055468,LOW,STABLE_LOW,LOW,23.62883145523344,NORMAL,UNREFERENCED,10.173983981219791,LOW
202_1269,0.0018122024055266,LOW,32.71571648690293,MODERATE,17.47528381367669,LOW,INFRASTRUCTURE,0.0,LOW,83.03279385779844,16.96720614220156,HIGH,LOW SUSCEPTIBILITY,no major independent warning signal,continue routine monitoring,LOW SUSCEPTIBILITY. Main evidence: no major independent warning signal. Recommended response: continue routine monitoring.,24.072700691121742,LOW,13.215996809055468,LOW,STABLE_LOW,LOW,23.62883145523344,NORMAL,UNREFERENCED,11.65325504679296,LOW
203_393,0.9721830135627628,VERY_HIGH,62.756163328197225,HIGH,60.84996379112493,HIGH,TRANSPORT,97.1920062720446,EXTREME,89.08694789156756,10.91305210843244,HIGH,VERY HIGH SUSCEPTIBILITY,"high static landslide susceptibility; unstable terrain conditions; high exposure to roads, settlements or infrastructure; elevated neighbouring-cell risk","prioritize location for detailed assessment; check nearby roads, settlements and infrastructure","VERY HIGH SUSCEPTIBILITY. Main evidence: high static landslide susceptibility; unstable terrain conditions; high exposure to roads, settlements or infrastructure; elevated neighbouring-cell risk. Recommended response: prioritize location for detailed assessment; check nearby roads, settlements and infrastructure.",24.072700691121742,LOW,13.215996809055468,LOW,STABLE_LOW,LOW,23.62883145523344,NORMAL,UNREFERENCED,77.55343354094914,EXTREME
204_389,0.9751711698509192,VERY_HIGH,61.43297380585516,HIGH,62.28602926116984,HIGH,TRANSPORT,98.0528109493934,EXTREME,89.3314334060531,10.668566593946906,HIGH,VERY HIGH SUSCEPTIBILITY,"high static landslide susceptibility; unstable terrain conditions; high exposure to roads, settlements or infrastructure; elevated neighbouring-cell risk","prioritize location for detailed assessment; check nearby roads, settlements and infrastructure","VERY HIGH SUSCEPTIBILITY. Main evidence: high static landslide susceptibility; unstable terrain conditions; high exposure to roads, settlements or infrastructure; elevated neighbouring-cell risk. Recommended response: prioritize location for detailed assessment; check nearby roads, settlements and infrastructure.",24.072700691121742,LOW,13.215996809055468,LOW,STABLE_LOW,LOW,23.62883145523344,NORMAL,UNREFERENCED,77.72475295768939,EXTREME
204_786,0.0077163871097113,LOW,32.67526964560863,MODERATE,36.44749641430802,MODERATE,TRANSPORT,0.0,LOW,82.54972420018332,17.45027579981668,HIGH,LOW SUSCEPTIBILITY,no major independent warning signal,continue routine monitoring,LOW SUSCEPTIBILITY. Main evidence: no major independent warning signal. Recommended response: continue routine monitoring.,24.072700691121742,LOW,13.215996809055468,LOW,STABLE_LOW,LOW,23.62883145523344,NORMAL,UNREFERENCED,14.756685880317113,LOW
206_941,0.0012217983651226,LOW,87.82550077041603,EXTREME,17.288242638973074,LOW,INFRASTRUCTURE,0.0,LOW,77.0810996429224,22.918900357077604,MODERATE,LOW SUSCEPTIBILITY,unstable terrain conditions,continue routine monitoring,LOW SUSCEPTIBILITY. Main evidence: unstable terrain conditions. Recommended response: continue routine monitoring.,24.072700691121742,LOW,13.215996809055468,LOW,STABLE_LOW,LOW,23.62883145523344,NORMAL,UNREFERENCED,22.620587545471857,LOW
206_1313,0.0006884650317892,LOW,38.5882126348228,MODERATE,16.31177760198237,LOW,INFRASTRUCTURE,0.0,LOW,83.12473600655878,16.875263993441223,HIGH,LOW SUSCEPTIBILITY,no major independent warning signal,continue routine monitoring,LOW SUSCEPTIBILITY. Main evidence: no major independent warning signal. Recommended response: continue routine monitoring.,24.072700691121742,LOW,13.215996809055468,LOW,STABLE_LOW,LOW,23.62883145523344,NORMAL,UNREFERENCED,12.602660162804604,LOW
207_398,0.930032690263682,VERY_HIGH,52.29583975346687,HIGH,56.989110241408326,HIGH,TRANSPORT,0.0,LOW,85.63828507618823,14.361714923811777,HIGH,VERY HIGH SUSCEPTIBILITY,high static landslide susceptibility,prioritize location for detailed assessment,VERY HIGH SUSCEPTIBILITY. Main evidence: high static landslide susceptibility. Recommended response: prioritize location for detailed assessment.,24.072700691121742,LOW,13.215996809055468,LOW,STABLE_LOW,LOW,23.62883145523344,NORMAL,UNREFERENCED,63.26627561788249,HIGH
207_551,0.9497190121862924,VERY_HIGH,44.200693374422194,MODERATE,51.50650033174988,HIGH,TRANSPORT,97.70165136141593,EXTREME,87.24898414258362,12.751015857416377,HIGH,VERY HIGH SUSCEPTIBILITY,high static landslide susceptibility; elevated neighbouring-cell risk,prioritize location for detailed assessment,VERY HIGH SUSCEPTIBILITY. Main evidence: high static landslide susceptibility; elevated neighbouring-cell risk. Recommended response: prioritize location for detailed assessment.,24.072700691121742,LOW,13.215996809055468,LOW,STABLE_LOW,LOW,23.62883145523344,NORMAL,UNREFERENCED,71.48090447828386,HIGH
208_541,0.9723897574682052,VERY_HIGH,85.90523882896764,EXTREME,55.73756662033594,HIGH,TRANSPORT,98.59639413388544,EXTREME,89.10386330201285,10.896136697987146,HIGH,VERY HIGH SUSCEPTIBILITY,high static landslide susceptibility; unstable terrain conditions; elevated neighbouring-cell risk,prioritize location for detailed assessment,VERY HIGH SUSCEPTIBILITY. Main evidence: high static landslide susceptibility; unstable terrain conditions; elevated neighbouring-cell risk. Recommended response: prioritize location for detailed assessment.,24.072700691121742,LOW,13.215996809055468,LOW,STABLE_LOW,LOW,23.62883145523344,NORMAL,UNREFERENCED,81.56613132741388,EXTREME
208_542,0.9752540431824904,VERY_HIGH,88.4206471494607,EXTREME,56.55499170014699,HIGH,TRANSPORT,98.53910841959971,EXTREME,89.33821395136346,10.661786048636545,HIGH,VERY HIGH SUSCEPTIBILITY,high static landslide susceptibility; unstable terrain conditions; elevated neighbouring-cell risk,prioritize location for detailed assessment,VERY HIGH SUSCEPTIBILITY. Main evidence: high static landslide susceptibility; unstable terrain conditions; elevated neighbouring-cell risk. Recommended response: prioritize location for detailed assessment.,24.072700691121742,LOW,13.215996809055468,LOW,STABLE_LOW,LOW,23.62883145523344,NORMAL,UNREFERENCED,82.3149910391984,EXTREME
208_550,0.9671664480202272,VERY_HIGH,52.75038520801233,HIGH,51.4583335338215,HIGH,TRANSPORT,96.48033085304048,EXTREME,88.67650161990557,11.323498380094437,HIGH,VERY HIGH SUSCEPTIBILITY,high static landslide susceptibility; elevated neighbouring-cell risk,prioritize location for detailed assessment,VERY HIGH SUSCEPTIBILITY. Main evidence: high static landslide susceptibility; elevated neighbouring-cell risk. Recommended response: prioritize location for detailed assessment.,24.072700691121742,LOW,13.215996809055468,LOW,STABLE_LOW,LOW,23.62883145523344,NORMAL,UNREFERENCED,73.84662038700213,HIGH
209_1184,2.1798365122615804e-05,LOW,29.468412942989215,MODERATE,16.232731765079627,LOW,INFRASTRUCTURE,0.0,LOW,83.17928146110421,16.82071853889579,HIGH,LOW SUSCEPTIBILITY,no major independent warning signal,continue routine monitoring,LOW SUSCEPTIBILITY. Main evidence: no major independent warning signal. Recommended response: continue routine monitoring.,24.072700691121742,LOW,13.215996809055468,LOW,STABLE_LOW,LOW,23.62883145523344,NORMAL,UNREFERENCED,10.736843348902479,LOW
209_1258,2.1798365122615804e-05,LOW,89.6879815100154,EXTREME,16.78465712221901,LOW,INFRASTRUCTURE,0.0,LOW,83.17928146110421,16.82071853889579,HIGH,LOW SUSCEPTIBILITY,unstable terrain conditions,continue routine monitoring,LOW SUSCEPTIBILITY. Main evidence: unstable terrain conditions. Recommended response: continue routine monitoring.,24.072700691121742,LOW,13.215996809055468,LOW,STABLE_LOW,LOW,23.62883145523344,NORMAL,UNREFERENCED,22.863545865878628,LOW
209_1337,6.220240552665621e-05,LOW,22.08975346687211,LOW,15.612040819776771,LOW,INFRASTRUCTURE,0.0,LOW,83.17597567598025,16.824024324019746,HIGH,LOW SUSCEPTIBILITY,no major independent warning signal,continue routine monitoring,LOW SUSCEPTIBILITY. Main evidence: no major independent warning signal. Recommended response: continue routine monitoring.,24.072700691121742,LOW,13.215996809055468,LOW,STABLE_LOW,LOW,23.62883145523344,NORMAL,UNREFERENCED,9.169825993701812,LOW
212_536,0.8797771307981845,VERY_HIGH,34.35477657935285,MODERATE,56.58799122393755,HIGH,TRANSPORT,96.1307303143716,EXTREME,81.5264665744657,18.4735334255343,HIGH,VERY HIGH SUSCEPTIBILITY,high static landslide susceptibility; elevated neighbouring-cell risk,prioritize location for detailed assessment,VERY HIGH SUSCEPTIBILITY. Main evidence: high static landslide susceptibility; elevated neighbouring-cell risk. Recommended response: prioritize location for detailed assessment.,24.072700691121742,LOW,13.215996809055468,LOW,STABLE_LOW,LOW,23.62883145523344,NORMAL,UNREFERENCED,66.96946798592884,HIGH
212_538,0.9818262654047124,VERY_HIGH,69.25462249614792,HIGH,58.34891146677839,HIGH,TRANSPORT,96.05153913203152,EXTREME,89.87594122409071,10.12405877590929,HIGH,VERY HIGH SUSCEPTIBILITY,high static landslide susceptibility; unstable terrain conditions; elevated neighbouring-cell risk,prioritize location for detailed assessment,VERY HIGH SUSCEPTIBILITY. Main evidence: high static landslide susceptibility; unstable terrain conditions; elevated neighbouring-cell risk. Recommended response: prioritize location for detailed assessment.,24.072700691121742,LOW,13.215996809055468,LOW,STABLE_LOW,LOW,23.62883145523344,NORMAL,UNREFERENCED,78.79786714477373,EXTREME
213_922,0.0012217983651226,LOW,83.94453004622497,EXTREME,17.732439817077942,LOW,INFRASTRUCTURE,0.0043541683868659,LOW,77.0810996429224,22.918900357077604,MODERATE,LOW SUSCEPTIBILITY,unstable terrain conditions,continue routine monitoring,LOW SUSCEPTIBILITY. Main evidence: unstable terrain conditions. Recommended response: continue routine monitoring.,24.072700691121742,LOW,13.215996809055468,LOW,STABLE_LOW,LOW,23.62883145523344,NORMAL,UNREFERENCED,21.91145839418806,LOW
214_536,0.8519708522067992,VERY_HIGH,35.95338983050848,MODERATE,55.75491232009663,HIGH,TRANSPORT,96.68685588619933,EXTREME,79.25140741698874,20.74859258301126,MODERATE,VERY HIGH SUSCEPTIBILITY,high static landslide susceptibility; elevated neighbouring-cell risk,prioritize location for detailed assessment,VERY HIGH SUSCEPTIBILITY. Main evidence: high static landslide susceptibility; elevated neighbouring-cell risk. Recommended response: prioritize location for detailed assessment.,24.072700691121742,LOW,13.215996809055468,LOW,STABLE_LOW,LOW,23.62883145523344,NORMAL,UNREFERENCED,65.96855882115426,HIGH
214_923,6.220240552665621e-05,LOW,90.43528505392914,EXTREME,17.611569985416857,LOW,INFRASTRUCTURE,0.085525885558582,LOW,77.17597567598025,22.824024324019742,MODERATE,LOW SUSCEPTIBILITY,unstable terrain conditions,continue routine monitoring,LOW SUSCEPTIBILITY. Main evidence: unstable terrain conditions. Recommended response: continue routine monitoring.,24.072700691121742,LOW,13.215996809055468,LOW,STABLE_LOW,LOW,23.62883145523344,NORMAL,UNREFERENCED,23.147414274515086,LOW
216_668,0.0155551316984559,LOW,70.99961479198767,HIGH,22.13781914865862,LOW,SETTLEMENT,0.0,LOW,81.90837237019514,18.09162762980486,HIGH,LOW SUSCEPTIBILITY,unstable terrain conditions,continue routine monitoring,LOW SUSCEPTIBILITY. Main evidence: unstable terrain conditions. Recommended response: continue routine monitoring.,24.072700691121742,LOW,13.215996809055468,LOW,STABLE_LOW,LOW,23.62883145523344,NORMAL,UNREFERENCED,20.627846826239015,LOW
218_793,0.0008201826292603,LOW,32.27657935285054,MODERATE,30.118395468604497,MODERATE,TRANSPORT,0.0,LOW,83.11395911222021,16.886040887779785,HIGH,LOW SUSCEPTIBILITY,no major independent warning signal,continue routine monitoring,LOW SUSCEPTIBILITY. Main evidence: no major independent warning signal. Recommended response: continue routine monitoring.,24.072700691121742,LOW,13.215996809055468,LOW,STABLE_LOW,LOW,23.62883145523344,NORMAL,UNREFERENCED,13.417253478289672,LOW
221_1601,7.659288567056101e-05,LOW,22.239984591679505,LOW,21.83576904579812,LOW,SETTLEMENT,0.0,LOW,83.17479827305938,16.82520172694062,HIGH,LOW SUSCEPTIBILITY,no major independent warning signal,continue routine monitoring,LOW SUSCEPTIBILITY. Main evidence: no major independent warning signal. Recommended response: continue routine monitoring.,24.072700691121742,LOW,13.215996809055468,LOW,STABLE_LOW,LOW,23.62883145523344,NORMAL,UNREFERENCED,10.13407902417297,LOW
222_1036,0.0035622024055266,LOW,44.20647149460709,MODERATE,18.04108581075248,LOW,INFRASTRUCTURE,0.0,LOW,76.88961203961662,23.110387960383378,MODERATE,LOW SUSCEPTIBILITY,no major independent warning signal,continue routine monitoring,LOW SUSCEPTIBILITY. Main evidence: no major independent warning signal. Recommended response: continue routine monitoring.,24.072700691121742,LOW,13.215996809055468,LOW,STABLE_LOW,LOW,23.62883145523344,NORMAL,UNREFERENCED,14.11502634789516,LOW
223_498,0.9461307780371888,VERY_HIGH,39.06009244992296,MODERATE,55.99596918940163,HIGH,TRANSPORT,0.0,LOW,86.95540134856606,13.044598651433944,HIGH,VERY HIGH SUSCEPTIBILITY,high static landslide susceptibility,prioritize location for detailed assessment,VERY HIGH SUSCEPTIBILITY. Main evidence: high static landslide susceptibility. Recommended response: prioritize location for detailed assessment.,24.072700691121742,LOW,13.215996809055468,LOW,STABLE_LOW,LOW,23.62883145523344,NORMAL,UNREFERENCED,61.19456894918051,HIGH
223_591,0.0115480214570991,LOW,80.47380585516179,EXTREME,25.21150574798588,MODERATE,SETTLEMENT,0.0,LOW,82.23622684448796,17.76377315551204,HIGH,LOW SUSCEPTIBILITY,unstable terrain conditions,continue routine monitoring,LOW SUSCEPTIBILITY. Main evidence: unstable terrain conditions. Recommended response: continue routine monitoring.,24.072700691121742,LOW,13.215996809055468,LOW,STABLE_LOW,LOW,23.62883145523344,NORMAL,UNREFERENCED,22.80341806791187,LOW
224_1401,6.220240552665621e-05,LOW,24.293143297380585,LOW,17.525146930049946,LOW,INFRASTRUCTURE,0.0,LOW,83.17597567598025,16.824024324019746,HIGH,LOW SUSCEPTIBILITY,no major independent warning signal,continue routine monitoring,LOW SUSCEPTIBILITY. Main evidence: no major independent warning signal. Recommended response: continue routine monitoring.,24.072700691121742,LOW,13.215996809055468,LOW,STABLE_LOW,LOW,23.62883145523344,NORMAL,UNREFERENCED,9.897469876344482,LOW
225_41,0.1555020668873609,LOW,34.71494607087827,MODERATE,47.69888482771036,MODERATE,TRANSPORT,0.0,LOW,70.458168582012,29.541831417988007,MODERATE,LOW SUSCEPTIBILITY,no major independent warning signal,continue routine monitoring,LOW SUSCEPTIBILITY. Main evidence: no major independent warning signal. Recommended response: continue routine monitoring.,24.072700691121742,LOW,13.215996809055468,LOW,STABLE_LOW,LOW,23.62883145523344,NORMAL,UNREFERENCED,23.50268501737562,LOW
225_934,0.0010217983651226,LOW,71.64676425269646,HIGH,16.682157757589632,LOW,INFRASTRUCTURE,0.0,LOW,77.09746327928603,22.902536720713968,MODERATE,LOW SUSCEPTIBILITY,unstable terrain conditions,continue routine monitoring,LOW SUSCEPTIBILITY. Main evidence: unstable terrain conditions. Recommended response: continue routine monitoring.,24.072700691121742,LOW,13.215996809055468,LOW,STABLE_LOW,LOW,23.62883145523344,NORMAL,UNREFERENCED,19.284927509720426,LOW
226_699,7.659288567056101e-05,LOW,77.43451463790447,EXTREME,22.849707589964467,LOW,SETTLEMENT,0.0,LOW,83.17479827305938,16.82520172694062,HIGH,LOW SUSCEPTIBILITY,unstable terrain conditions,continue routine monitoring,LOW SUSCEPTIBILITY. Main evidence: unstable terrain conditions. Recommended response: continue routine monitoring.,24.072700691121742,LOW,13.215996809055468,LOW,STABLE_LOW,LOW,23.62883145523344,NORMAL,UNREFERENCED,21.325075815042915,LOW
227_1644,0.0110131403564646,LOW,18.03543913713405,LOW,29.359121546855064,MODERATE,SETTLEMENT,0.0,LOW,82.27998984363077,17.720010156369227,HIGH,LOW SUSCEPTIBILITY,no major independent warning signal,continue routine monitoring,LOW SUSCEPTIBILITY. Main evidence: no major independent warning signal. Recommended response: continue routine monitoring.,24.072700691121742,LOW,13.215996809055468,LOW,STABLE_LOW,LOW,23.62883145523344,NORMAL,UNREFERENCED,10.913817444608151,LOW
228_721,0.00114438949584,LOW,45.710708782742685,MODERATE,22.932557967883305,LOW,INFRASTRUCTURE,0.0,LOW,83.0874330958637,16.9125669041363,HIGH,LOW SUSCEPTIBILITY,no major independent warning signal,continue routine monitoring,LOW SUSCEPTIBILITY. Main evidence: no major independent warning signal. Recommended response: continue routine monitoring.,24.072700691121742,LOW,13.215996809055468,LOW,STABLE_LOW,LOW,23.62883145523344,NORMAL,UNREFERENCED,15.04079304815601,LOW
231_1310,6.220240552665621e-05,LOW,38.24922958397535,MODERATE,15.485873283684704,LOW,INFRASTRUCTURE,0.0,LOW,83.17597567598025,16.824024324019746,HIGH,LOW SUSCEPTIBILITY,no major independent warning signal,continue routine monitoring,LOW SUSCEPTIBILITY. Main evidence: no major independent warning signal. Recommended response: continue routine monitoring.,24.072700691121742,LOW,13.215996809055468,LOW,STABLE_LOW,LOW,23.62883145523344,NORMAL,UNREFERENCED,12.38279608670865,LOW
234_382,0.93871240981241,VERY_HIGH,54.18528505392912,HIGH,61.55211552232285,HIGH,TRANSPORT,0.0,LOW,86.34844394835687,13.651556051643126,HIGH,VERY HIGH SUSCEPTIBILITY,"high static landslide susceptibility; high exposure to roads, settlements or infrastructure","prioritize location for detailed assessment; check nearby roads, settlements and infrastructure","VERY HIGH SUSCEPTIBILITY. Main evidence: high static landslide susceptibility; high exposure to roads, settlements or infrastructure. Recommended response: prioritize location for detailed assessment; check nearby roads, settlements and infrastructure.",24.072700691121742,LOW,13.215996809055468,LOW,STABLE_LOW,LOW,23.62883145523344,NORMAL,UNREFERENCED,64.71920284980487,HIGH
236_1344,0.0008789412222654,LOW,29.065870570107855,MODERATE,15.490816014109049,LOW,INFRASTRUCTURE,0.0,LOW,83.10915159097435,16.89084840902565,HIGH,LOW SUSCEPTIBILITY,no major independent warning signal,continue routine monitoring,LOW SUSCEPTIBILITY. Main evidence: no major independent warning signal. Recommended response: continue routine monitoring.,24.072700691121742,LOW,13.215996809055468,LOW,STABLE_LOW,LOW,23.62883145523344,NORMAL,UNREFERENCED,10.583618940252046,LOW
237_46,0.0419939607188798,LOW,68.63058551617874,HIGH,40.19640173491768,MODERATE,TRANSPORT,0.0,LOW,79.74519545034227,20.25480454965773,MODERATE,LOW SUSCEPTIBILITY,unstable terrain conditions,continue routine monitoring,LOW SUSCEPTIBILITY. Main evidence: unstable terrain conditions. Recommended response: continue routine monitoring.,24.072700691121742,LOW,13.215996809055468,LOW,STABLE_LOW,LOW,23.62883145523344,NORMAL,UNREFERENCED,24.05257566493517,LOW
240_1004,0.0019733135166377,LOW,89.32010785824346,EXTREME,15.718639556519244,LOW,INFRASTRUCTURE,0.216881946164639,LOW,77.01961203961662,22.980387960383386,MODERATE,LOW SUSCEPTIBILITY,unstable terrain conditions,continue routine monitoring,LOW SUSCEPTIBILITY. Main evidence: unstable terrain conditions. Recommended response: continue routine monitoring.,24.072700691121742,LOW,13.215996809055468,LOW,STABLE_LOW,LOW,23.62883145523344,NORMAL,UNREFERENCED,22.739574877103912,LOW
243_522,0.932701219598091,VERY_HIGH,43.81163328197226,MODERATE,68.96919934921506,HIGH,TRANSPORT,99.14233333333334,EXTREME,85.85661929445806,14.143380705541944,HIGH,VERY HIGH SUSCEPTIBILITY,"high static landslide susceptibility; high exposure to roads, settlements or infrastructure; elevated neighbouring-cell risk","prioritize location for detailed assessment; check nearby roads, settlements and infrastructure","VERY HIGH SUSCEPTIBILITY. Main evidence: high static landslide susceptibility; high exposure to roads, settlements or infrastructure; elevated neighbouring-cell risk. Recommended response: prioritize location for detailed assessment; check nearby roads, settlements and infrastructure.",24.072700691121742,LOW,13.215996809055468,LOW,STABLE_LOW,LOW,23.62883145523344,NORMAL,UNREFERENCED,73.40076484313633,HIGH
244_467,0.0008217983651226,LOW,69.03120184899848,HIGH,22.786085344889266,LOW,SETTLEMENT,0.0,LOW,83.11382691564967,16.886173084350332,HIGH,LOW SUSCEPTIBILITY,unstable terrain conditions,continue routine monitoring,LOW SUSCEPTIBILITY. Main evidence: unstable terrain conditions. Recommended response: continue routine monitoring.,24.072700691121742,LOW,13.215996809055468,LOW,STABLE_LOW,LOW,23.62883145523344,NORMAL,UNREFERENCED,19.668404167075778,LOW
244_1007,0.0030983135166377,LOW,90.88790446841296,EXTREME,15.773158841223832,LOW,INFRASTRUCTURE,0.198131946164639,LOW,76.92756658507116,23.07243341492884,MODERATE,LOW SUSCEPTIBILITY,unstable terrain conditions,continue routine monitoring,LOW SUSCEPTIBILITY. Main evidence: unstable terrain conditions. Recommended response: continue routine monitoring.,24.072700691121742,LOW,13.215996809055468,LOW,STABLE_LOW,LOW,23.62883145523344,NORMAL,UNREFERENCED,23.110062091843503,LOW
244_1230,2.1798365122615804e-05,LOW,91.47149460708782,EXTREME,15.057195460479717,LOW,INFRASTRUCTURE,0.0,LOW,83.17928146110421,16.82071853889579,HIGH,LOW SUSCEPTIBILITY,unstable terrain conditions,continue routine monitoring,LOW SUSCEPTIBILITY. Main evidence: unstable terrain conditions. Recommended response: continue routine monitoring.,24.072700691121742,LOW,13.215996809055468,LOW,STABLE_LOW,LOW,23.62883145523344,NORMAL,UNREFERENCED,22.961129236032214,LOW
245_766,0.1213520202020202,LOW,71.92218798151002,HIGH,48.75885714744096,MODERATE,TRANSPORT,0.0,LOW,73.2522633108126,26.74773668918741,MODERATE,LOW SUSCEPTIBILITY,unstable terrain conditions,continue routine monitoring,LOW SUSCEPTIBILITY. Main evidence: unstable terrain conditions. Recommended response: continue routine monitoring.,24.072700691121742,LOW,13.215996809055468,LOW,STABLE_LOW,LOW,23.62883145523344,NORMAL,UNREFERENCED,29.566377146621235,MODERATE
246_43,0.0734460777784307,LOW,25.494992295839754,MODERATE,44.051946450617,MODERATE,TRANSPORT,0.0,LOW,77.17184041819719,22.828159581802808,MODERATE,LOW SUSCEPTIBILITY,no major independent warning signal,continue routine monitoring,LOW SUSCEPTIBILITY. Main evidence: no major independent warning signal. Recommended response: continue routine monitoring.,24.072700691121742,LOW,13.215996809055468,LOW,STABLE_LOW,LOW,23.62883145523344,NORMAL,UNREFERENCED,17.419133995902058,LOW
246_358,0.9733938285091674,VERY_HIGH,56.83551617873652,HIGH,58.3018819402392,HIGH,TRANSPORT,98.91259865480686,EXTREME,89.18601456900069,10.81398543099931,HIGH,VERY HIGH SUSCEPTIBILITY,high static landslide susceptibility; elevated neighbouring-cell risk,prioritize location for detailed assessment,VERY HIGH SUSCEPTIBILITY. Main evidence: high static landslide susceptibility; elevated neighbouring-cell risk. Recommended response: prioritize location for detailed assessment.,24.072700691121742,LOW,13.215996809055468,LOW,STABLE_LOW,LOW,23.62883145523344,NORMAL,UNREFERENCED,76.21363774428859,EXTREME
246_1003,0.0031733135166377,LOW,78.83667180277351,EXTREME,15.584488337366972,LOW,INFRASTRUCTURE,0.216881946164639,LOW,76.9214302214348,23.0785697785652,MODERATE,LOW SUSCEPTIBILITY,unstable terrain conditions,continue routine monitoring,LOW SUSCEPTIBILITY. Main evidence: unstable terrain conditions. Recommended response: continue routine monitoring.,24.072700691121742,LOW,13.215996809055468,LOW,STABLE_LOW,LOW,23.62883145523344,NORMAL,UNREFERENCED,20.676764983137083,LOW
247_358,0.996582622139765,VERY_HIGH,66.96263482280432,HIGH,58.0104386256059,HIGH,TRANSPORT,98.56271421487492,EXTREME,91.0832795024132,8.916720497586809,HIGH,VERY HIGH SUSCEPTIBILITY,high static landslide susceptibility; unstable terrain conditions; elevated neighbouring-cell risk,prioritize location for detailed assessment,VERY HIGH SUSCEPTIBILITY. Main evidence: high static landslide susceptibility; unstable terrain conditions; elevated neighbouring-cell risk. Recommended response: prioritize location for detailed assessment.,24.072700691121742,LOW,13.215996809055468,LOW,STABLE_LOW,LOW,23.62883145523344,NORMAL,UNREFERENCED,79.20385224529085,EXTREME
247_361,0.9612636739737804,VERY_HIGH,61.09976887519261,HIGH,56.01671098986073,HIGH,TRANSPORT,99.05890795645924,EXTREME,88.19354737974173,11.80645262025827,HIGH,VERY HIGH SUSCEPTIBILITY,high static landslide susceptibility; unstable terrain conditions; elevated neighbouring-cell risk,prioritize location for detailed assessment,VERY HIGH SUSCEPTIBILITY. Main evidence: high static landslide susceptibility; unstable terrain conditions; elevated neighbouring-cell risk. Recommended response: prioritize location for detailed assessment.,24.072700691121742,LOW,13.215996809055468,LOW,STABLE_LOW,LOW,23.62883145523344,NORMAL,UNREFERENCED,76.19248661709585,EXTREME
247_523,0.9877476190476192,VERY_HIGH,87.7369029275809,EXTREME,66.18410467475235,HIGH,TRANSPORT,98.30967065046522,EXTREME,90.3604156130558,9.639584386944192,HIGH,VERY HIGH SUSCEPTIBILITY,"high static landslide susceptibility; unstable terrain conditions; high exposure to roads, settlements or infrastructure; elevated neighbouring-cell risk","prioritize location for detailed assessment; check nearby roads, settlements and infrastructure","VERY HIGH SUSCEPTIBILITY. Main evidence: high static landslide susceptibility; unstable terrain conditions; high exposure to roads, settlements or infrastructure; elevated neighbouring-cell risk. Recommended response: prioritize location for detailed assessment; check nearby roads, settlements and infrastructure.",24.072700691121742,LOW,13.215996809055468,LOW,STABLE_LOW,LOW,23.62883145523344,NORMAL,UNREFERENCED,84.16187627803059,EXTREME
248_366,0.981536507936508,VERY_HIGH,66.37519260400617,HIGH,60.7745820493685,HIGH,TRANSPORT,97.25489855129672,EXTREME,89.852233794874,10.147766205126004,HIGH,VERY HIGH SUSCEPTIBILITY,"high static landslide susceptibility; unstable terrain conditions; high exposure to roads, settlements or infrastructure; elevated neighbouring-cell risk","prioritize location for detailed assessment; check nearby roads, settlements and infrastructure","VERY HIGH SUSCEPTIBILITY. Main evidence: high static landslide susceptibility; unstable terrain conditions; high exposure to roads, settlements or infrastructure; elevated neighbouring-cell risk. Recommended response: prioritize location for detailed assessment; check nearby roads, settlements and infrastructure.",24.072700691121742,LOW,13.215996809055468,LOW,STABLE_LOW,LOW,23.62883145523344,NORMAL,UNREFERENCED,78.69312860959121,EXTREME
248_398,0.9888934704184702,VERY_HIGH,71.21147919876734,HIGH,52.64411262536298,HIGH,TRANSPORT,0.0,LOW,90.45416708885271,9.545832911147272,HIGH,VERY HIGH SUSCEPTIBILITY,high static landslide susceptibility; unstable terrain conditions,prioritize location for detailed assessment,VERY HIGH SUSCEPTIBILITY. Main evidence: high static landslide susceptibility; unstable terrain conditions. Recommended response: prioritize location for detailed assessment.,24.072700691121742,LOW,13.215996809055468,LOW,STABLE_LOW,LOW,23.62883145523344,NORMAL,UNREFERENCED,69.04638897150124,HIGH
248_404,0.896082554602955,VERY_HIGH,50.21571648690293,HIGH,51.8799820053883,HIGH,TRANSPORT,97.12501913183436,EXTREME,82.86054670394694,17.139453296053063,HIGH,VERY HIGH SUSCEPTIBILITY,high static landslide susceptibility; elevated neighbouring-cell risk,prioritize location for detailed assessment,VERY HIGH SUSCEPTIBILITY. Main evidence: high static landslide susceptibility; elevated neighbouring-cell risk. Recommended response: prioritize location for detailed assessment.,24.072700691121742,LOW,13.215996809055468,LOW,STABLE_LOW,LOW,23.62883145523344,NORMAL,UNREFERENCED,70.26862753761742,HIGH
249_358,0.9840799603174604,VERY_HIGH,73.8308936825886,HIGH,56.32882119931392,HIGH,TRANSPORT,98.9264284593606,EXTREME,90.06033444422465,9.939665555775347,HIGH,VERY HIGH SUSCEPTIBILITY,high static landslide susceptibility; unstable terrain conditions; elevated neighbouring-cell risk,prioritize location for detailed assessment,VERY HIGH SUSCEPTIBILITY. Main evidence: high static landslide susceptibility; unstable terrain conditions; elevated neighbouring-cell risk. Recommended response: prioritize location for detailed assessment.,24.072700691121742,LOW,13.215996809055468,LOW,STABLE_LOW,LOW,23.62883145523344,NORMAL,UNREFERENCED,79.79901304574875,EXTREME
250_362,0.9595857426303852,VERY_HIGH,52.22072419106317,HIGH,57.10336502538853,HIGH,TRANSPORT,99.12847499765654,EXTREME,88.05626208800939,11.94373791199061,HIGH,VERY HIGH SUSCEPTIBILITY,high static landslide susceptibility; elevated neighbouring-cell risk,prioritize location for detailed assessment,VERY HIGH SUSCEPTIBILITY. Main evidence: high static landslide susceptibility; elevated neighbouring-cell risk. Recommended response: prioritize location for detailed assessment.,24.072700691121742,LOW,13.215996809055468,LOW,STABLE_LOW,LOW,23.62883145523344,NORMAL,UNREFERENCED,74.51112557926606,HIGH
250_404,0.9541158966033968,VERY_HIGH,71.4291217257319,HIGH,50.15715801092995,HIGH,TRANSPORT,95.96435229182552,EXTREME,87.60872923125581,12.391270768744192,HIGH,VERY HIGH SUSCEPTIBILITY,high static landslide susceptibility; unstable terrain conditions; elevated neighbouring-cell risk,prioritize location for detailed assessment,VERY HIGH SUSCEPTIBILITY. Main evidence: high static landslide susceptibility; unstable terrain conditions; elevated neighbouring-cell risk. Recommended response: prioritize location for detailed assessment.,24.072700691121742,LOW,13.215996809055468,LOW,STABLE_LOW,LOW,23.62883145523344,NORMAL,UNREFERENCED,76.74831869223344,EXTREME
250_522,0.993112925170068,VERY_HIGH,75.57588597842836,EXTREME,65.49493117372694,HIGH,TRANSPORT,99.14233333333334,EXTREME,90.79939520489252,9.200604795107466,HIGH,VERY HIGH SUSCEPTIBILITY,"high static landslide susceptibility; unstable terrain conditions; high exposure to roads, settlements or infrastructure; elevated neighbouring-cell risk","prioritize location for detailed assessment; check nearby roads, settlements and infrastructure","VERY HIGH SUSCEPTIBILITY. Main evidence: high static landslide susceptibility; unstable terrain conditions; high exposure to roads, settlements or infrastructure; elevated neighbouring-cell risk. Recommended response: prioritize location for detailed assessment; check nearby roads, settlements and infrastructure.",24.072700691121742,LOW,13.215996809055468,LOW,STABLE_LOW,LOW,23.62883145523344,NORMAL,UNREFERENCED,81.95100190684329,EXTREME
250_1510,2.1798365122615804e-05,LOW,20.487288135593214,LOW,28.71484831329552,MODERATE,SETTLEMENT,0.0,LOW,83.17928146110421,16.82071853889579,HIGH,LOW SUSCEPTIBILITY,no major independent warning signal,continue routine monitoring,LOW SUSCEPTIBILITY. Main evidence: no major independent warning signal. Recommended response: continue routine monitoring.,24.072700691121742,LOW,13.215996809055468,LOW,STABLE_LOW,LOW,23.62883145523344,NORMAL,UNREFERENCED,10.812935869655663,LOW
251_407,0.9608540239953284,VERY_HIGH,87.03775038520801,EXTREME,50.62960286248175,HIGH,TRANSPORT,95.62744592222894,EXTREME,88.16003056332292,11.83996943667708,HIGH,VERY HIGH SUSCEPTIBILITY,high static landslide susceptibility; unstable terrain conditions; elevated neighbouring-cell risk,prioritize location for detailed assessment,VERY HIGH SUSCEPTIBILITY. Main evidence: high static landslide susceptibility; unstable terrain conditions; elevated neighbouring-cell risk. Recommended response: prioritize location for detailed assessment.,24.072700691121742,LOW,13.215996809055468,LOW,STABLE_LOW,LOW,23.62883145523344,NORMAL,UNREFERENCED,80.21043624753871,EXTREME
251_505,0.9215285226705202,VERY_HIGH,47.09745762711865,MODERATE,70.13824944214156,HIGH,TRANSPORT,96.83570086683044,EXTREME,84.94248954583864,15.05751045416136,HIGH,VERY HIGH SUSCEPTIBILITY,"high static landslide susceptibility; high exposure to roads, settlements or infrastructure; elevated neighbouring-cell risk","prioritize location for detailed assessment; check nearby roads, settlements and infrastructure","VERY HIGH SUSCEPTIBILITY. Main evidence: high static landslide susceptibility; high exposure to roads, settlements or infrastructure; elevated neighbouring-cell risk. Recommended response: prioritize location for detailed assessment; check nearby roads, settlements and infrastructure.",24.072700691121742,LOW,13.215996809055468,LOW,STABLE_LOW,LOW,23.62883145523344,NORMAL,UNREFERENCED,73.49985261771359,HIGH
251_510,0.9169410245364704,VERY_HIGH,44.64946070878274,MODERATE,70.69410961666449,HIGH,TRANSPORT,96.8968675086178,EXTREME,84.56714878941636,15.432851210583635,HIGH,VERY HIGH SUSCEPTIBILITY,"high static landslide susceptibility; high exposure to roads, settlements or infrastructure; elevated neighbouring-cell risk","prioritize location for detailed assessment; check nearby roads, settlements and infrastructure","VERY HIGH SUSCEPTIBILITY. Main evidence: high static landslide susceptibility; high exposure to roads, settlements or infrastructure; elevated neighbouring-cell risk. Recommended response: prioritize location for detailed assessment; check nearby roads, settlements and infrastructure.",24.072700691121742,LOW,13.215996809055468,LOW,STABLE_LOW,LOW,23.62883145523344,NORMAL,UNREFERENCED,72.89331150837134,HIGH
252_358,0.9877928571428573,VERY_HIGH,84.77657935285055,EXTREME,57.85630010918206,HIGH,TRANSPORT,99.10078966536108,EXTREME,90.36411691175712,9.635883088242892,HIGH,VERY HIGH SUSCEPTIBILITY,high static landslide susceptibility; unstable terrain conditions; elevated neighbouring-cell risk,prioritize location for detailed assessment,VERY HIGH SUSCEPTIBILITY. Main evidence: high static landslide susceptibility; unstable terrain conditions; elevated neighbouring-cell risk. Recommended response: prioritize location for detailed assessment.,24.072700691121742,LOW,13.215996809055468,LOW,STABLE_LOW,LOW,23.62883145523344,NORMAL,UNREFERENCED,82.40178849402427,EXTREME
252_509,0.9532034547152192,VERY_HIGH,69.47804314329738,HIGH,68.31378578155905,HIGH,TRANSPORT,96.4133684395678,EXTREME,87.53407489495035,12.46592510504965,HIGH,VERY HIGH SUSCEPTIBILITY,"high static landslide susceptibility; unstable terrain conditions; high exposure to roads, settlements or infrastructure; elevated neighbouring-cell risk","prioritize location for detailed assessment; check nearby roads, settlements and infrastructure","VERY HIGH SUSCEPTIBILITY. Main evidence: high static landslide susceptibility; unstable terrain conditions; high exposure to roads, settlements or infrastructure; elevated neighbouring-cell risk. Recommended response: prioritize location for detailed assessment; check nearby roads, settlements and infrastructure.",24.072700691121742,LOW,13.215996809055468,LOW,STABLE_LOW,LOW,23.62883145523344,NORMAL,UNREFERENCED,79.08543887114715,EXTREME
252_875,0.0017432595523372,LOW,68.27812018489985,HIGH,20.00030924106628,LOW,SETTLEMENT,0.0,LOW,77.03843463669575,22.96156536330425,MODERATE,LOW SUSCEPTIBILITY,unstable terrain conditions,continue routine monitoring,LOW SUSCEPTIBILITY. Main evidence: unstable terrain conditions. Recommended response: continue routine monitoring.,24.072700691121742,LOW,13.215996809055468,LOW,STABLE_LOW,LOW,23.62883145523344,NORMAL,UNREFERENCED,19.141387172107258,LOW
254_507,0.966933257157106,VERY_HIGH,40.76271186440678,MODERATE,62.02472725191592,HIGH,TRANSPORT,95.81841033375272,EXTREME,88.65742236746837,11.34257763253163,HIGH,VERY HIGH SUSCEPTIBILITY,"high static landslide susceptibility; high exposure to roads, settlements or infrastructure; elevated neighbouring-cell risk","prioritize location for detailed assessment; check nearby roads, settlements and infrastructure","VERY HIGH SUSCEPTIBILITY. Main evidence: high static landslide susceptibility; high exposure to roads, settlements or infrastructure; elevated neighbouring-cell risk. Recommended response: prioritize location for detailed assessment; check nearby roads, settlements and infrastructure.",24.072700691121742,LOW,13.215996809055468,LOW,STABLE_LOW,LOW,23.62883145523344,NORMAL,UNREFERENCED,72.95735913522596,HIGH
256_365,0.9961,VERY_HIGH,74.50115562403698,HIGH,57.82676715374544,HIGH,TRANSPORT,0.0,LOW,91.04379223643244,8.956207763567562,HIGH,VERY HIGH SUSCEPTIBILITY,high static landslide susceptibility; unstable terrain conditions,prioritize location for detailed assessment,VERY HIGH SUSCEPTIBILITY. Main evidence: high static landslide susceptibility; unstable terrain conditions. Recommended response: prioritize location for detailed assessment.,24.072700691121742,LOW,13.215996809055468,LOW,STABLE_LOW,LOW,23.62883145523344,NORMAL,UNREFERENCED,70.80601626698139,HIGH
256_1265,2.1798365122615804e-05,LOW,26.328967642526965,MODERATE,14.960579116805594,LOW,INFRASTRUCTURE,0.0,LOW,83.17928146110421,16.82071853889579,HIGH,LOW SUSCEPTIBILITY,no major independent warning signal,continue routine monitoring,LOW SUSCEPTIBILITY. Main evidence: no major independent warning signal. Recommended response: continue routine monitoring.,24.072700691121742,LOW,13.215996809055468,LOW,STABLE_LOW,LOW,23.62883145523344,NORMAL,UNREFERENCED,9.918131391568924,LOW
258_206,0.0944180819180819,LOW,27.64060092449923,MODERATE,54.81221532097976,HIGH,TRANSPORT,0.0,LOW,75.45594917040755,24.54405082959245,MODERATE,LOW SUSCEPTIBILITY,no major independent warning signal,continue routine monitoring,LOW SUSCEPTIBILITY. Main evidence: no major independent warning signal. Recommended response: continue routine monitoring.,24.072700691121742,LOW,13.215996809055468,LOW,STABLE_LOW,LOW,23.62883145523344,NORMAL,UNREFERENCED,20.406036238472673,LOW
258_678,0.0007288690721933,LOW,35.97265023112481,MODERATE,19.528898977908558,LOW,INFRASTRUCTURE,0.0,LOW,83.12143022143479,16.878569778565208,HIGH,LOW SUSCEPTIBILITY,no major independent warning signal,continue routine monitoring,LOW SUSCEPTIBILITY. Main evidence: no major independent warning signal. Recommended response: continue routine monitoring.,24.072700691121742,LOW,13.215996809055468,LOW,STABLE_LOW,LOW,23.62883145523344,NORMAL,UNREFERENCED,12.563934070272119,LOW
258_1217,0.0013955357388599,LOW,31.997303543913716,MODERATE,14.886323383024209,LOW,INFRASTRUCTURE,0.0,LOW,83.06688476688934,16.933115233110655,HIGH,LOW SUSCEPTIBILITY,no major independent warning signal,continue routine monitoring,LOW SUSCEPTIBILITY. Main evidence: no major independent warning signal. Recommended response: continue routine monitoring.,24.072700691121742,LOW,13.215996809055468,LOW,STABLE_LOW,LOW,23.62883145523344,NORMAL,UNREFERENCED,11.102478393597245,LOW
260_357,0.9772920230877205,VERY_HIGH,43.7153312788906,MODERATE,56.60099823276381,HIGH,TRANSPORT,96.63325768321512,EXTREME,89.50495776179137,10.495042238208626,HIGH,VERY HIGH SUSCEPTIBILITY,high static landslide susceptibility; elevated neighbouring-cell risk,prioritize location for detailed assessment,VERY HIGH SUSCEPTIBILITY. Main evidence: high static landslide susceptibility; elevated neighbouring-cell risk. Recommended response: prioritize location for detailed assessment.,24.072700691121742,LOW,13.215996809055468,LOW,STABLE_LOW,LOW,23.62883145523344,NORMAL,UNREFERENCED,73.2819528670738,HIGH
260_358,0.9519036811887877,VERY_HIGH,29.57627118644068,MODERATE,56.8488835960842,HIGH,TRANSPORT,98.41044161614045,EXTREME,87.42772978824232,12.572270211757685,HIGH,VERY HIGH SUSCEPTIBILITY,high static landslide susceptibility; elevated neighbouring-cell risk,prioritize location for detailed assessment,VERY HIGH SUSCEPTIBILITY. Main evidence: high static landslide susceptibility; elevated neighbouring-cell risk. Recommended response: prioritize location for detailed assessment.,24.072700691121742,LOW,13.215996809055468,LOW,STABLE_LOW,LOW,23.62883145523344,NORMAL,UNREFERENCED,69.52656666092244,HIGH
262_507,0.9847492346938778,VERY_HIGH,64.11594761171033,HIGH,60.34119391708949,HIGH,TRANSPORT,0.0,LOW,90.1150932568406,9.88490674315939,HIGH,VERY HIGH SUSCEPTIBILITY,"high static landslide susceptibility; unstable terrain conditions; high exposure to roads, settlements or infrastructure","prioritize location for detailed assessment; check nearby roads, settlements and infrastructure","VERY HIGH SUSCEPTIBILITY. Main evidence: high static landslide susceptibility; unstable terrain conditions; high exposure to roads, settlements or infrastructure. Recommended response: prioritize location for detailed assessment; check nearby roads, settlements and infrastructure.",24.072700691121742,LOW,13.215996809055468,LOW,STABLE_LOW,LOW,23.62883145523344,NORMAL,UNREFERENCED,68.59535424024216,HIGH
262_1643,2.1798365122615804e-05,LOW,23.04121725731895,LOW,20.093895157926266,LOW,SETTLEMENT,0.0,LOW,83.17928146110421,16.82071853889579,HIGH,LOW SUSCEPTIBILITY,no major independent warning signal,continue routine monitoring,LOW SUSCEPTIBILITY. Main evidence: no major independent warning signal. Recommended response: continue routine monitoring.,24.072700691121742,LOW,13.215996809055468,LOW,STABLE_LOW,LOW,23.62883145523344,NORMAL,UNREFERENCED,10.030578720695422,LOW
263_1026,0.0010622024055266,LOW,70.05970724191064,HIGH,16.069440184565615,LOW,INFRASTRUCTURE,0.0,LOW,77.09415749416206,22.90584250583794,MODERATE,LOW SUSCEPTIBILITY,unstable terrain conditions,continue routine monitoring,LOW SUSCEPTIBILITY. Main evidence: unstable terrain conditions. Recommended response: continue routine monitoring.,24.072700691121742,LOW,13.215996809055468,LOW,STABLE_LOW,LOW,23.62883145523344,NORMAL,UNREFERENCED,18.87742665342784,LOW
264_864,0.0052432595523372,LOW,41.59668721109399,MODERATE,23.19444653969876,LOW,SETTLEMENT,0.0,LOW,76.75207100033212,23.24792899966788,MODERATE,LOW SUSCEPTIBILITY,no major independent warning signal,continue routine monitoring,LOW SUSCEPTIBILITY. Main evidence: no major independent warning signal. Recommended response: continue routine monitoring.,24.072700691121742,LOW,13.215996809055468,LOW,STABLE_LOW,LOW,23.62883145523344,NORMAL,UNREFERENCED,14.44172117214096,LOW
264_1413,6.220240552665621e-05,LOW,20.99383667180277,LOW,17.272890929683044,LOW,INFRASTRUCTURE,0.0,LOW,83.17597567598025,16.824024324019746,HIGH,LOW SUSCEPTIBILITY,no major independent warning signal,continue routine monitoring,LOW SUSCEPTIBILITY. Main evidence: no major independent warning signal. Recommended response: continue routine monitoring.,24.072700691121742,LOW,13.215996809055468,LOW,STABLE_LOW,LOW,23.62883145523344,NORMAL,UNREFERENCED,9.199770151173885,LOW
266_413,0.9517215449675211,VERY_HIGH,37.36132511556241,MODERATE,56.24015365823816,HIGH,TRANSPORT,97.51730601687976,EXTREME,87.41282773377507,12.587172266224924,HIGH,VERY HIGH SUSCEPTIBILITY,high static landslide susceptibility; elevated neighbouring-cell risk,prioritize location for detailed assessment,VERY HIGH SUSCEPTIBILITY. Main evidence: high static landslide susceptibility; elevated neighbouring-cell risk. Recommended response: prioritize location for detailed assessment.,24.072700691121742,LOW,13.215996809055468,LOW,STABLE_LOW,LOW,23.62883145523344,NORMAL,UNREFERENCED,70.89475826618681,HIGH
266_545,0.0238764881198123,LOW,56.13058551617874,HIGH,40.146436419337824,MODERATE,INFRASTRUCTURE,0.0,LOW,81.2275341175387,18.772465882461304,HIGH,LOW SUSCEPTIBILITY,no major independent warning signal,continue routine monitoring,LOW SUSCEPTIBILITY. Main evidence: no major independent warning signal. Recommended response: continue routine monitoring.,24.072700691121742,LOW,13.215996809055468,LOW,STABLE_LOW,LOW,23.62883145523344,NORMAL,UNREFERENCED,20.729794600640147,LOW
267_413,0.9645329430982824,VERY_HIGH,41.28081664098613,MODERATE,56.516705938258085,HIGH,TRANSPORT,96.62050814772648,EXTREME,88.4610330353828,11.538966964617202,HIGH,VERY HIGH SUSCEPTIBILITY,high static landslide susceptibility; elevated neighbouring-cell risk,prioritize location for detailed assessment,VERY HIGH SUSCEPTIBILITY. Main evidence: high static landslide susceptibility; elevated neighbouring-cell risk. Recommended response: prioritize location for detailed assessment.,24.072700691121742,LOW,13.215996809055468,LOW,STABLE_LOW,LOW,23.62883145523344,NORMAL,UNREFERENCED,72.20697254224348,HIGH
267_576,0.0599114430682456,LOW,21.727657935285052,LOW,46.7528727485381,MODERATE,SETTLEMENT,0.0,LOW,78.27921962175779,21.72078037824221,MODERATE,LOW SUSCEPTIBILITY,no major independent warning signal,continue routine monitoring,LOW SUSCEPTIBILITY. Main evidence: no major independent warning signal. Recommended response: continue routine monitoring.,24.072700691121742,LOW,13.215996809055468,LOW,STABLE_LOW,LOW,23.62883145523344,NORMAL,UNREFERENCED,16.46174750652095,LOW
268_406,0.9199433507479472,VERY_HIGH,30.487288135593214,MODERATE,56.55054775879547,HIGH,TRANSPORT,0.0,LOW,84.81279366126446,15.187206338735535,HIGH,VERY HIGH SUSCEPTIBILITY,high static landslide susceptibility,prioritize location for detailed assessment,VERY HIGH SUSCEPTIBILITY. Main evidence: high static landslide susceptibility. Recommended response: prioritize location for detailed assessment.,24.072700691121742,LOW,13.215996809055468,LOW,STABLE_LOW,LOW,23.62883145523344,NORMAL,UNREFERENCED,58.384760643707764,HIGH
270_329,0.1212406462250452,LOW,20.81471494607088,LOW,44.09566815449298,MODERATE,TRANSPORT,0.0,LOW,73.26137572711055,26.738624272889453,MODERATE,LOW SUSCEPTIBILITY,no major independent warning signal,continue routine monitoring,LOW SUSCEPTIBILITY. Main evidence: no major independent warning signal. Recommended response: continue routine monitoring.,24.072700691121742,LOW,13.215996809055468,LOW,STABLE_LOW,LOW,23.62883145523344,NORMAL,UNREFERENCED,18.640392361627327,LOW
271_508,0.9948079365079364,VERY_HIGH,64.27195685670262,HIGH,63.1418778712813,HIGH,TRANSPORT,0.0,LOW,90.93807795071814,9.06192204928186,HIGH,VERY HIGH SUSCEPTIBILITY,"high static landslide susceptibility; unstable terrain conditions; high exposure to roads, settlements or infrastructure","prioritize location for detailed assessment; check nearby roads, settlements and infrastructure","VERY HIGH SUSCEPTIBILITY. Main evidence: high static landslide susceptibility; unstable terrain conditions; high exposure to roads, settlements or infrastructure. Recommended response: prioritize location for detailed assessment; check nearby roads, settlements and infrastructure.",24.072700691121742,LOW,13.215996809055468,LOW,STABLE_LOW,LOW,23.62883145523344,NORMAL,UNREFERENCED,69.49930026400203,HIGH
272_1254,0.0044098936032178,LOW,30.570107858243453,MODERATE,14.82235402242647,LOW,INFRASTRUCTURE,0.0,LOW,82.82025548707824,17.179744512921758,HIGH,LOW SUSCEPTIBILITY,no major independent warning signal,continue routine monitoring,LOW SUSCEPTIBILITY. Main evidence: no major independent warning signal. Recommended response: continue routine monitoring.,24.072700691121742,LOW,13.215996809055468,LOW,STABLE_LOW,LOW,23.62883145523344,NORMAL,UNREFERENCED,10.943089956269636,LOW
273_523,0.95994175643478,VERY_HIGH,48.17796610169491,MODERATE,72.3115210264252,HIGH,TRANSPORT,0.0,LOW,88.08539049018715,11.914609509812848,HIGH,VERY HIGH SUSCEPTIBILITY,"high static landslide susceptibility; high exposure to roads, settlements or infrastructure","prioritize location for detailed assessment; check nearby roads, settlements and infrastructure","VERY HIGH SUSCEPTIBILITY. Main evidence: high static landslide susceptibility; high exposure to roads, settlements or infrastructure. Recommended response: prioritize location for detailed assessment; check nearby roads, settlements and infrastructure.",24.072700691121742,LOW,13.215996809055468,LOW,STABLE_LOW,LOW,23.62883145523344,NORMAL,UNREFERENCED,66.08697048298004,HIGH
273_611,0.1956066642095434,LOW,74.77657935285055,HIGH,46.14363265924713,MODERATE,TRANSPORT,0.0,LOW,67.1768833465607,32.8231166534393,MODERATE,LOW SUSCEPTIBILITY,unstable terrain conditions,continue routine monitoring,LOW SUSCEPTIBILITY. Main evidence: unstable terrain conditions. Recommended response: continue routine monitoring.,24.072700691121742,LOW,13.215996809055468,LOW,STABLE_LOW,LOW,23.62883145523344,NORMAL,UNREFERENCED,33.08643072799881,MODERATE
274_964,6.220240552665621e-05,LOW,88.45146379044685,EXTREME,15.422168179471983,LOW,INFRASTRUCTURE,0.0,LOW,77.17597567598025,22.824024324019742,MODERATE,LOW SUSCEPTIBILITY,unstable terrain conditions,continue routine monitoring,LOW SUSCEPTIBILITY. Main evidence: unstable terrain conditions. Recommended response: continue routine monitoring.,24.072700691121742,LOW,13.215996809055468,LOW,STABLE_LOW,LOW,23.62883145523344,NORMAL,UNREFERENCED,22.41368716237104,LOW
275_1336,2.1798365122615804e-05,LOW,38.43990755007704,MODERATE,17.42775669677111,LOW,INFRASTRUCTURE,0.0,LOW,83.17928146110421,16.82071853889579,HIGH,LOW SUSCEPTIBILITY,no major independent warning signal,continue routine monitoring,LOW SUSCEPTIBILITY. Main evidence: no major independent warning signal. Recommended response: continue routine monitoring.,24.072700691121742,LOW,13.215996809055468,LOW,STABLE_LOW,LOW,23.62883145523344,NORMAL,UNREFERENCED,12.710396010073767,LOW
277_511,0.930057553619319,VERY_HIGH,63.547765793528505,HIGH,77.43279814392774,VERY_HIGH,TRANSPORT,0.0,LOW,85.64031935074036,14.359680649259644,HIGH,VERY HIGH SUSCEPTIBILITY,"high static landslide susceptibility; unstable terrain conditions; high exposure to roads, settlements or infrastructure","prioritize location for detailed assessment; check nearby roads, settlements and infrastructure","VERY HIGH SUSCEPTIBILITY. Main evidence: high static landslide susceptibility; unstable terrain conditions; high exposure to roads, settlements or infrastructure. Recommended response: prioritize location for detailed assessment; check nearby roads, settlements and infrastructure.",24.072700691121742,LOW,13.215996809055468,LOW,STABLE_LOW,LOW,23.62883145523344,NORMAL,UNREFERENCED,68.5843328622764,HIGH
278_398,0.992749248536624,VERY_HIGH,62.835130970724194,HIGH,58.66091312859722,HIGH,TRANSPORT,0.0,LOW,90.7696398439744,9.230360156025595,HIGH,VERY HIGH SUSCEPTIBILITY,high static landslide susceptibility; unstable terrain conditions,prioritize location for detailed assessment,VERY HIGH SUSCEPTIBILITY. Main evidence: high static landslide susceptibility; unstable terrain conditions. Recommended response: prioritize location for detailed assessment.,24.072700691121742,LOW,13.215996809055468,LOW,STABLE_LOW,LOW,23.62883145523344,NORMAL,UNREFERENCED,68.44714941669467,HIGH
278_421,0.6625715520152793,HIGH,34.83050847457627,MODERATE,55.45803636796298,HIGH,TRANSPORT,0.0,LOW,63.75510103768255,36.24489896231745,MODERATE,HIGH SUSCEPTIBILITY,high static landslide susceptibility,continue routine monitoring,HIGH SUSCEPTIBILITY. Main evidence: high static landslide susceptibility. Recommended response: continue routine monitoring.,24.072700691121742,LOW,13.215996809055468,LOW,STABLE_LOW,LOW,23.62883145523344,NORMAL,UNREFERENCED,47.50779705990944,MODERATE
279_381,0.913585364950578,VERY_HIGH,36.78736517719569,MODERATE,66.54546065594408,HIGH,TRANSPORT,0.0,LOW,84.2925948232979,15.707405176702096,HIGH,VERY HIGH SUSCEPTIBILITY,"high static landslide susceptibility; high exposure to roads, settlements or infrastructure","prioritize location for detailed assessment; check nearby roads, settlements and infrastructure","VERY HIGH SUSCEPTIBILITY. Main evidence: high static landslide susceptibility; high exposure to roads, settlements or infrastructure. Recommended response: prioritize location for detailed assessment; check nearby roads, settlements and infrastructure.",24.072700691121742,LOW,13.215996809055468,LOW,STABLE_LOW,LOW,23.62883145523344,NORMAL,UNREFERENCED,60.85790362571893,HIGH
279_1125,0.0020217983651226,LOW,93.8944530046225,EXTREME,16.721863890870015,LOW,INFRASTRUCTURE,0.0,LOW,77.01564509746785,22.984354902532147,MODERATE,LOW SUSCEPTIBILITY,unstable terrain conditions,continue routine monitoring,LOW SUSCEPTIBILITY. Main evidence: unstable terrain conditions. Recommended response: continue routine monitoring.,24.072700691121742,LOW,13.215996809055468,LOW,STABLE_LOW,LOW,23.62883145523344,NORMAL,UNREFERENCED,23.785421180097693,LOW
280_522,0.921705042016807,VERY_HIGH,41.5157935285054,MODERATE,84.52758293470089,VERY_HIGH,TRANSPORT,97.78940849673204,EXTREME,84.95693203780755,15.043067962192453,HIGH,VERY HIGH SUSCEPTIBILITY,"high static landslide susceptibility; high exposure to roads, settlements or infrastructure; elevated neighbouring-cell risk","prioritize location for detailed assessment; check nearby roads, settlements and infrastructure","VERY HIGH SUSCEPTIBILITY. Main evidence: high static landslide susceptibility; high exposure to roads, settlements or infrastructure; elevated neighbouring-cell risk. Recommended response: prioritize location for detailed assessment; check nearby roads, settlements and infrastructure.",24.072700691121742,LOW,13.215996809055468,LOW,STABLE_LOW,LOW,23.62883145523344,NORMAL,UNREFERENCED,74.6452339554479,HIGH
282_49,0.1380020881079705,LOW,56.64676425269646,HIGH,46.958110594273045,MODERATE,TRANSPORT,0.0,LOW,71.88998502759848,28.110014972401515,MODERATE,LOW SUSCEPTIBILITY,no major independent warning signal,continue routine monitoring,LOW SUSCEPTIBILITY. Main evidence: no major independent warning signal. Recommended response: continue routine monitoring.,24.072700691121742,LOW,13.215996809055468,LOW,STABLE_LOW,LOW,23.62883145523344,NORMAL,UNREFERENCED,26.990433473651095,MODERATE
282_503,0.9742312352818682,VERY_HIGH,55.96879815100154,HIGH,67.50150930462664,HIGH,TRANSPORT,0.0,LOW,89.25452966858528,10.745470331414722,HIGH,VERY HIGH SUSCEPTIBILITY,"high static landslide susceptibility; high exposure to roads, settlements or infrastructure","prioritize location for detailed assessment; check nearby roads, settlements and infrastructure","VERY HIGH SUSCEPTIBILITY. Main evidence: high static landslide susceptibility; high exposure to roads, settlements or infrastructure. Recommended response: prioritize location for detailed assessment; check nearby roads, settlements and infrastructure.",24.072700691121742,LOW,13.215996809055468,LOW,STABLE_LOW,LOW,23.62883145523344,NORMAL,UNREFERENCED,67.56666168269055,HIGH
282_578,0.8911859082210146,VERY_HIGH,35.61440677966102,MODERATE,63.23568024382848,HIGH,TRANSPORT,95.57916999244182,EXTREME,82.45991199996999,17.54008800003001,HIGH,VERY HIGH SUSCEPTIBILITY,"high static landslide susceptibility; high exposure to roads, settlements or infrastructure; elevated neighbouring-cell risk","prioritize location for detailed assessment; check nearby roads, settlements and infrastructure","VERY HIGH SUSCEPTIBILITY. Main evidence: high static landslide susceptibility; high exposure to roads, settlements or infrastructure; elevated neighbouring-cell risk. Recommended response: prioritize location for detailed assessment; check nearby roads, settlements and infrastructure.",24.072700691121742,LOW,13.215996809055468,LOW,STABLE_LOW,LOW,23.62883145523344,NORMAL,UNREFERENCED,68.67678633080848,HIGH
282_1317,0.0010217983651226,LOW,71.79699537750385,HIGH,17.92491836203049,LOW,INFRASTRUCTURE,0.0,LOW,83.09746327928603,16.902536720713968,HIGH,LOW SUSCEPTIBILITY,unstable terrain conditions,continue routine monitoring,LOW SUSCEPTIBILITY. Main evidence: unstable terrain conditions. Recommended response: continue routine monitoring.,24.072700691121742,LOW,13.215996809055468,LOW,STABLE_LOW,LOW,23.62883145523344,NORMAL,UNREFERENCED,19.501387825348033,LOW
283_447,0.0058312937403714,LOW,91.1440677966102,EXTREME,27.99643745069493,MODERATE,INFRASTRUCTURE,0.0,LOW,82.70395911222023,17.296040887779768,HIGH,LOW SUSCEPTIBILITY,unstable terrain conditions,continue routine monitoring,LOW SUSCEPTIBILITY. Main evidence: unstable terrain conditions. Recommended response: continue routine monitoring.,24.072700691121742,LOW,13.215996809055468,LOW,STABLE_LOW,LOW,23.62883145523344,NORMAL,UNREFERENCED,25.09795746435517,MODERATE
283_522,0.9684201213818864,VERY_HIGH,81.82395993836673,EXTREME,84.36430500791117,VERY_HIGH,TRANSPORT,94.51935294117648,EXTREME,88.77907489495041,11.220925105049588,HIGH,VERY HIGH SUSCEPTIBILITY,"high static landslide susceptibility; unstable terrain conditions; high exposure to roads, settlements or infrastructure; elevated neighbouring-cell risk","prioritize location for detailed assessment; check nearby roads, settlements and infrastructure","VERY HIGH SUSCEPTIBILITY. Main evidence: high static landslide susceptibility; unstable terrain conditions; high exposure to roads, settlements or infrastructure; elevated neighbouring-cell risk. Recommended response: prioritize location for detailed assessment; check nearby roads, settlements and infrastructure.",24.072700691121742,LOW,13.215996809055468,LOW,STABLE_LOW,LOW,23.62883145523344,NORMAL,UNREFERENCED,84.45754856427473,EXTREME
283_560,0.9145758816550162,VERY_HIGH,43.6171032357473,MODERATE,65.40745568689576,HIGH,TRANSPORT,0.0,LOW,84.37363709911557,15.62636290088443,HIGH,VERY HIGH SUSCEPTIBILITY,"high static landslide susceptibility; high exposure to roads, settlements or infrastructure","prioritize location for detailed assessment; check nearby roads, settlements and infrastructure","VERY HIGH SUSCEPTIBILITY. Main evidence: high static landslide susceptibility; high exposure to roads, settlements or infrastructure. Recommended response: prioritize location for detailed assessment; check nearby roads, settlements and infrastructure.",24.072700691121742,LOW,13.215996809055468,LOW,STABLE_LOW,LOW,23.62883145523344,NORMAL,UNREFERENCED,62.09772374377172,HIGH
283_573,0.9735652736770384,VERY_HIGH,64.47419106317412,HIGH,68.89400779803832,HIGH,TRANSPORT,94.0894206340457,EXTREME,89.2000419009174,10.799958099082602,HIGH,VERY HIGH SUSCEPTIBILITY,"high static landslide susceptibility; unstable terrain conditions; high exposure to roads, settlements or infrastructure; elevated neighbouring-cell risk","prioritize location for detailed assessment; check nearby roads, settlements and infrastructure","VERY HIGH SUSCEPTIBILITY. Main evidence: high static landslide susceptibility; unstable terrain conditions; high exposure to roads, settlements or infrastructure; elevated neighbouring-cell risk. Recommended response: prioritize location for detailed assessment; check nearby roads, settlements and infrastructure.",24.072700691121742,LOW,13.215996809055468,LOW,STABLE_LOW,LOW,23.62883145523344,NORMAL,UNREFERENCED,78.85558883032404,EXTREME
283_574,0.9512974662592312,VERY_HIGH,47.29391371340524,MODERATE,69.05617575634034,HIGH,TRANSPORT,94.98013293075796,EXTREME,87.37813038491498,12.621869615085018,HIGH,VERY HIGH SUSCEPTIBILITY,"high static landslide susceptibility; high exposure to roads, settlements or infrastructure; elevated neighbouring-cell risk","prioritize location for detailed assessment; check nearby roads, settlements and infrastructure","VERY HIGH SUSCEPTIBILITY. Main evidence: high static landslide susceptibility; high exposure to roads, settlements or infrastructure; elevated neighbouring-cell risk. Recommended response: prioritize location for detailed assessment; check nearby roads, settlements and infrastructure.",24.072700691121742,LOW,13.215996809055468,LOW,STABLE_LOW,LOW,23.62883145523344,NORMAL,UNREFERENCED,74.53087844998547,HIGH
283_575,0.8030531437235294,VERY_HIGH,30.26964560862866,MODERATE,67.44392566427932,HIGH,TRANSPORT,96.462576156115,EXTREME,75.24904945017575,24.750950549824253,MODERATE,VERY HIGH SUSCEPTIBILITY,"high static landslide susceptibility; high exposure to roads, settlements or infrastructure; elevated neighbouring-cell risk","prioritize location for detailed assessment; check nearby roads, settlements and infrastructure","VERY HIGH SUSCEPTIBILITY. Main evidence: high static landslide susceptibility; high exposure to roads, settlements or infrastructure; elevated neighbouring-cell risk. Recommended response: prioritize location for detailed assessment; check nearby roads, settlements and infrastructure.",24.072700691121742,LOW,13.215996809055468,LOW,STABLE_LOW,LOW,23.62883145523344,NORMAL,UNREFERENCED,64.36143712365013,HIGH
283_1089,6.220240552665621e-05,LOW,95.01540832049308,EXTREME,16.814375581543878,LOW,INFRASTRUCTURE,0.0,LOW,77.17597567598025,22.824024324019742,MODERATE,LOW SUSCEPTIBILITY,unstable terrain conditions,continue routine monitoring,LOW SUSCEPTIBILITY. Main evidence: unstable terrain conditions. Recommended response: continue routine monitoring.,24.072700691121742,LOW,13.215996809055468,LOW,STABLE_LOW,LOW,23.62883145523344,NORMAL,UNREFERENCED,23.93530717869107,LOW
283_1342,2.1798365122615804e-05,LOW,54.26425269645609,HIGH,18.257626175712893,LOW,INFRASTRUCTURE,0.0,LOW,83.17928146110421,16.82071853889579,HIGH,LOW SUSCEPTIBILITY,no major independent warning signal,continue routine monitoring,LOW SUSCEPTIBILITY. Main evidence: no major independent warning signal. Recommended response: continue routine monitoring.,24.072700691121742,LOW,13.215996809055468,LOW,STABLE_LOW,LOW,23.62883145523344,NORMAL,UNREFERENCED,15.999745461190845,LOW
286_916,0.0048467983651226,LOW,98.64406779661016,EXTREME,18.271102043597253,LOW,SETTLEMENT,0.186942552225247,LOW,76.7845087338315,23.2154912661685,MODERATE,LOW SUSCEPTIBILITY,unstable terrain conditions,continue routine monitoring,LOW SUSCEPTIBILITY. Main evidence: unstable terrain conditions. Recommended response: continue routine monitoring.,24.072700691121742,LOW,13.215996809055468,LOW,STABLE_LOW,LOW,23.62883145523344,NORMAL,UNREFERENCED,25.113549116626835,MODERATE
287_381,0.967474508657706,VERY_HIGH,48.761556240369806,MODERATE,55.92422506793378,HIGH,TRANSPORT,0.0,LOW,88.70170658115383,11.298293418846171,HIGH,VERY HIGH SUSCEPTIBILITY,high static landslide susceptibility,prioritize location for detailed assessment,VERY HIGH SUSCEPTIBILITY. Main evidence: high static landslide susceptibility. Recommended response: prioritize location for detailed assessment.,24.072700691121742,LOW,13.215996809055468,LOW,STABLE_LOW,LOW,23.62883145523344,NORMAL,UNREFERENCED,64.08456796697298,HIGH
287_575,0.9095131464231008,VERY_HIGH,43.74229583975347,MODERATE,69.36595578215491,HIGH,TRANSPORT,95.57916999244182,EXTREME,83.9594133074134,16.0405866925866,HIGH,VERY HIGH SUSCEPTIBILITY,"high static landslide susceptibility; high exposure to roads, settlements or infrastructure; elevated neighbouring-cell risk","prioritize location for detailed assessment; check nearby roads, settlements and infrastructure","VERY HIGH SUSCEPTIBILITY. Main evidence: high static landslide susceptibility; high exposure to roads, settlements or infrastructure; elevated neighbouring-cell risk. Recommended response: prioritize location for detailed assessment; check nearby roads, settlements and infrastructure.",24.072700691121742,LOW,13.215996809055468,LOW,STABLE_LOW,LOW,23.62883145523344,NORMAL,UNREFERENCED,72.04663119266982,HIGH
287_915,0.0026706078889321,LOW,99.02542372881356,EXTREME,18.38157961087768,LOW,SETTLEMENT,0.339275885558582,LOW,76.96256068188345,23.037439318116554,MODERATE,LOW SUSCEPTIBILITY,unstable terrain conditions,continue routine monitoring,LOW SUSCEPTIBILITY. Main evidence: unstable terrain conditions. Recommended response: continue routine monitoring.,24.072700691121742,LOW,13.215996809055468,LOW,STABLE_LOW,LOW,23.62883145523344,NORMAL,UNREFERENCED,25.123696700064343,MODERATE
288_502,0.985561485421592,VERY_HIGH,41.91833590138675,MODERATE,65.94518109611865,HIGH,TRANSPORT,99.7092380952381,EXTREME,90.18155013456268,9.818449865437316,HIGH,VERY HIGH SUSCEPTIBILITY,"high static landslide susceptibility; high exposure to roads, settlements or infrastructure; elevated neighbouring-cell risk","prioritize location for detailed assessment; check nearby roads, settlements and infrastructure","VERY HIGH SUSCEPTIBILITY. Main evidence: high static landslide susceptibility; high exposure to roads, settlements or infrastructure; elevated neighbouring-cell risk. Recommended response: prioritize location for detailed assessment; check nearby roads, settlements and infrastructure.",24.072700691121742,LOW,13.215996809055468,LOW,STABLE_LOW,LOW,23.62883145523344,NORMAL,UNREFERENCED,75.00390506730277,EXTREME
289_1159,2.1798365122615804e-05,LOW,46.92411402157165,MODERATE,15.445250717144487,LOW,INFRASTRUCTURE,0.0,LOW,83.17928146110421,16.82071853889579,HIGH,LOW SUSCEPTIBILITY,no major independent warning signal,continue routine monitoring,LOW SUSCEPTIBILITY. Main evidence: no major independent warning signal. Recommended response: continue routine monitoring.,24.072700691121742,LOW,13.215996809055468,LOW,STABLE_LOW,LOW,23.62883145523344,NORMAL,UNREFERENCED,14.109861407428696,LOW
290_389,0.9730592025352572,VERY_HIGH,49.87865947611712,MODERATE,57.81610645474906,HIGH,TRANSPORT,0.0,LOW,89.15863608022619,10.841363919773812,HIGH,VERY HIGH SUSCEPTIBILITY,high static landslide susceptibility,prioritize location for detailed assessment,VERY HIGH SUSCEPTIBILITY. Main evidence: high static landslide susceptibility. Recommended response: prioritize location for detailed assessment.,24.072700691121742,LOW,13.215996809055468,LOW,STABLE_LOW,LOW,23.62883145523344,NORMAL,UNREFERENCED,64.84308204663454,HIGH
290_496,0.9772243381372612,VERY_HIGH,62.05701078582434,HIGH,56.52395699517931,HIGH,TRANSPORT,99.7092380952381,EXTREME,89.49941990220834,10.500580097791657,HIGH,VERY HIGH SUSCEPTIBILITY,high static landslide susceptibility; unstable terrain conditions; elevated neighbouring-cell risk,prioritize location for detailed assessment,VERY HIGH SUSCEPTIBILITY. Main evidence: high static landslide susceptibility; unstable terrain conditions; elevated neighbouring-cell risk. Recommended response: prioritize location for detailed assessment.,24.072700691121742,LOW,13.215996809055468,LOW,STABLE_LOW,LOW,23.62883145523344,NORMAL,UNREFERENCED,77.2432848012545,EXTREME
290_497,0.9958462585034016,VERY_HIGH,76.36941448382127,EXTREME,58.74721633010761,HIGH,TRANSPORT,98.82256103382484,EXTREME,91.02303156852892,8.976968431471079,HIGH,VERY HIGH SUSCEPTIBILITY,high static landslide susceptibility; unstable terrain conditions; elevated neighbouring-cell risk,prioritize location for detailed assessment,VERY HIGH SUSCEPTIBILITY. Main evidence: high static landslide susceptibility; unstable terrain conditions; elevated neighbouring-cell risk. Recommended response: prioritize location for detailed assessment.,24.072700691121742,LOW,13.215996809055468,LOW,STABLE_LOW,LOW,23.62883145523344,NORMAL,UNREFERENCED,81.18857315142813,EXTREME
292_192,0.16308371260737,LOW,46.85862865947612,MODERATE,44.454592835387416,MODERATE,TRANSPORT,0.0,LOW,69.83785211401126,30.162147885988745,MODERATE,LOW SUSCEPTIBILITY,no major independent warning signal,continue routine monitoring,LOW SUSCEPTIBILITY. Main evidence: no major independent warning signal. Recommended response: continue routine monitoring.,24.072700691121742,LOW,13.215996809055468,LOW,STABLE_LOW,LOW,23.62883145523344,NORMAL,UNREFERENCED,25.785951793647158,MODERATE
292_534,0.9846765124918516,VERY_HIGH,55.637519260400616,HIGH,61.18034957164296,HIGH,TRANSPORT,96.06445866748706,EXTREME,90.10914325849302,9.89085674150698,HIGH,VERY HIGH SUSCEPTIBILITY,"high static landslide susceptibility; high exposure to roads, settlements or infrastructure; elevated neighbouring-cell risk","prioritize location for detailed assessment; check nearby roads, settlements and infrastructure","VERY HIGH SUSCEPTIBILITY. Main evidence: high static landslide susceptibility; high exposure to roads, settlements or infrastructure; elevated neighbouring-cell risk. Recommended response: prioritize location for detailed assessment; check nearby roads, settlements and infrastructure.",24.072700691121742,LOW,13.215996809055468,LOW,STABLE_LOW,LOW,23.62883145523344,NORMAL,UNREFERENCED,76.62871528582076,EXTREME
293_535,0.9538859821888214,VERY_HIGH,54.82858243451464,HIGH,57.69434400426571,HIGH,TRANSPORT,96.80891216019202,EXTREME,87.58991805188144,12.41008194811856,HIGH,VERY HIGH SUSCEPTIBILITY,high static landslide susceptibility; elevated neighbouring-cell risk,prioritize location for detailed assessment,VERY HIGH SUSCEPTIBILITY. Main evidence: high static landslide susceptibility; elevated neighbouring-cell risk. Recommended response: prioritize location for detailed assessment.,24.072700691121742,LOW,13.215996809055468,LOW,STABLE_LOW,LOW,23.62883145523344,NORMAL,UNREFERENCED,74.63289857117113,HIGH
294_537,0.9929699633699636,VERY_HIGH,74.8671032357473,HIGH,59.074277535860965,HIGH,TRANSPORT,96.44128426678684,EXTREME,90.78769833033854,9.212301669661455,HIGH,VERY HIGH SUSCEPTIBILITY,high static landslide susceptibility; unstable terrain conditions; elevated neighbouring-cell risk,prioritize location for detailed assessment,VERY HIGH SUSCEPTIBILITY. Main evidence: high static landslide susceptibility; unstable terrain conditions; elevated neighbouring-cell risk. Recommended response: prioritize location for detailed assessment.,24.072700691121742,LOW,13.215996809055468,LOW,STABLE_LOW,LOW,23.62883145523344,NORMAL,UNREFERENCED,80.56960912496783,EXTREME
294_571,0.8960453905571558,VERY_HIGH,81.13636363636363,EXTREME,81.39046505957492,VERY_HIGH,TRANSPORT,0.0,LOW,82.85750600929063,17.14249399070937,HIGH,VERY HIGH SUSCEPTIBILITY,"high static landslide susceptibility; unstable terrain conditions; high exposure to roads, settlements or infrastructure","prioritize location for detailed assessment; check nearby roads, settlements and infrastructure","VERY HIGH SUSCEPTIBILITY. Main evidence: high static landslide susceptibility; unstable terrain conditions; high exposure to roads, settlements or infrastructure. Recommended response: prioritize location for detailed assessment; check nearby roads, settlements and infrastructure.",24.072700691121742,LOW,13.215996809055468,LOW,STABLE_LOW,LOW,23.62883145523344,NORMAL,UNREFERENCED,71.16515513039316,HIGH
295_538,0.9911380952380952,VERY_HIGH,82.16101694915254,EXTREME,59.910673907846814,HIGH,TRANSPORT,96.87858910705552,EXTREME,90.6378182104584,9.362181789541609,HIGH,VERY HIGH SUSCEPTIBILITY,high static landslide susceptibility; unstable terrain conditions; elevated neighbouring-cell risk,prioritize location for detailed assessment,VERY HIGH SUSCEPTIBILITY. Main evidence: high static landslide susceptibility; unstable terrain conditions; elevated neighbouring-cell risk. Recommended response: prioritize location for detailed assessment.,24.072700691121742,LOW,13.215996809055468,LOW,STABLE_LOW,LOW,23.62883145523344,NORMAL,UNREFERENCED,82.11514774153953,EXTREME
295_704,0.0029408459841702,LOW,88.42449922958399,EXTREME,28.868399223384056,MODERATE,TRANSPORT,0.0,LOW,82.94045029227306,17.059549707726944,HIGH,LOW SUSCEPTIBILITY,unstable terrain conditions,continue routine monitoring,LOW SUSCEPTIBILITY. Main evidence: unstable terrain conditions. Recommended response: continue routine monitoring.,24.072700691121742,LOW,13.215996809055468,LOW,STABLE_LOW,LOW,23.62883145523344,NORMAL,UNREFERENCED,24.55476786782424,LOW
296_126,0.1872241171099183,LOW,50.92064714946071,HIGH,52.34495730698632,HIGH,TRANSPORT,0.0,LOW,67.8627281092573,32.137271890742696,MODERATE,LOW SUSCEPTIBILITY,no major independent warning signal,continue routine monitoring,LOW SUSCEPTIBILITY. Main evidence: no major independent warning signal. Recommended response: continue routine monitoring.,24.072700691121742,LOW,13.215996809055468,LOW,STABLE_LOW,LOW,23.62883145523344,NORMAL,UNREFERENCED,28.868228364998586,MODERATE
296_534,0.6895419358419356,HIGH,64.15254237288136,HIGH,56.86008792030176,HIGH,TRANSPORT,98.9236645309671,EXTREME,65.96176880531807,34.03823119468193,MODERATE,HIGH SUSCEPTIBILITY,high static landslide susceptibility; unstable terrain conditions; elevated neighbouring-cell risk,continue routine monitoring,HIGH SUSCEPTIBILITY. Main evidence: high static landslide susceptibility; unstable terrain conditions; elevated neighbouring-cell risk. Recommended response: continue routine monitoring.,24.072700691121742,LOW,13.215996809055468,LOW,STABLE_LOW,LOW,23.62883145523344,NORMAL,UNREFERENCED,64.68854529771752,HIGH
296_640,0.0092399801833044,LOW,27.114791987673343,MODERATE,28.599032106846877,MODERATE,INFRASTRUCTURE,0.0,LOW,82.42506658507116,17.574933414928836,HIGH,LOW SUSCEPTIBILITY,no major independent warning signal,continue routine monitoring,LOW SUSCEPTIBILITY. Main evidence: no major independent warning signal. Recommended response: continue routine monitoring.,24.072700691121742,LOW,13.215996809055468,LOW,STABLE_LOW,LOW,23.62883145523344,NORMAL,UNREFERENCED,12.535882390922572,LOW
297_393,0.8930097497652418,VERY_HIGH,28.81741140215717,MODERATE,66.56762955269713,HIGH,TRANSPORT,0.0,LOW,82.60913539904313,17.390864600956874,HIGH,VERY HIGH SUSCEPTIBILITY,"high static landslide susceptibility; high exposure to roads, settlements or infrastructure","prioritize location for detailed assessment; check nearby roads, settlements and infrastructure","VERY HIGH SUSCEPTIBILITY. Main evidence: high static landslide susceptibility; high exposure to roads, settlements or infrastructure. Recommended response: prioritize location for detailed assessment; check nearby roads, settlements and infrastructure.",24.072700691121742,LOW,13.215996809055468,LOW,STABLE_LOW,LOW,23.62883145523344,NORMAL,UNREFERENCED,58.34133552188406,HIGH
297_422,0.9683542483660132,VERY_HIGH,48.97534668721109,MODERATE,76.63879873968322,VERY_HIGH,TRANSPORT,97.59962566844922,EXTREME,88.77368528456078,11.226314715439216,HIGH,VERY HIGH SUSCEPTIBILITY,"high static landslide susceptibility; high exposure to roads, settlements or infrastructure; elevated neighbouring-cell risk","prioritize location for detailed assessment; check nearby roads, settlements and infrastructure","VERY HIGH SUSCEPTIBILITY. Main evidence: high static landslide susceptibility; high exposure to roads, settlements or infrastructure; elevated neighbouring-cell risk. Recommended response: prioritize location for detailed assessment; check nearby roads, settlements and infrastructure.",24.072700691121742,LOW,13.215996809055468,LOW,STABLE_LOW,LOW,23.62883145523344,NORMAL,UNREFERENCED,77.0340629608224,EXTREME
297_537,0.9691501504447936,VERY_HIGH,72.4133281972265,HIGH,57.47960502538149,HIGH,TRANSPORT,96.93578717823468,EXTREME,88.8388045455519,11.161195454448103,HIGH,VERY HIGH SUSCEPTIBILITY,high static landslide susceptibility; unstable terrain conditions; elevated neighbouring-cell risk,prioritize location for detailed assessment,VERY HIGH SUSCEPTIBILITY. Main evidence: high static landslide susceptibility; unstable terrain conditions; elevated neighbouring-cell risk. Recommended response: prioritize location for detailed assessment.,24.072700691121742,LOW,13.215996809055468,LOW,STABLE_LOW,LOW,23.62883145523344,NORMAL,UNREFERENCED,78.81721195020388,EXTREME
298_424,0.965708938120703,VERY_HIGH,41.81818181818182,MODERATE,77.61984176151245,VERY_HIGH,TRANSPORT,97.78479738562092,EXTREME,88.55725080994449,11.442749190055508,HIGH,VERY HIGH SUSCEPTIBILITY,"high static landslide susceptibility; high exposure to roads, settlements or infrastructure; elevated neighbouring-cell risk","prioritize location for detailed assessment; check nearby roads, settlements and infrastructure","VERY HIGH SUSCEPTIBILITY. Main evidence: high static landslide susceptibility; high exposure to roads, settlements or infrastructure; elevated neighbouring-cell risk. Recommended response: prioritize location for detailed assessment; check nearby roads, settlements and infrastructure.",24.072700691121742,LOW,13.215996809055468,LOW,STABLE_LOW,LOW,23.62883145523344,NORMAL,UNREFERENCED,75.64926465096914,EXTREME
300_218,0.6347898050315699,HIGH,81.36363636363637,EXTREME,70.86518407938851,HIGH,TRANSPORT,0.0,LOW,61.4820490117427,38.5179509882573,MODERATE,HIGH SUSCEPTIBILITY,"high static landslide susceptibility; unstable terrain conditions; high exposure to roads, settlements or infrastructure","check nearby roads, settlements and infrastructure","HIGH SUSCEPTIBILITY. Main evidence: high static landslide susceptibility; unstable terrain conditions; high exposure to roads, settlements or infrastructure. Recommended response: check nearby roads, settlements and infrastructure.",24.072700691121742,LOW,13.215996809055468,LOW,STABLE_LOW,LOW,23.62883145523344,NORMAL,UNREFERENCED,57.875316180168376,HIGH
300_539,0.9731989865561294,VERY_HIGH,56.5100154083205,HIGH,59.18367377533558,HIGH,TRANSPORT,98.82156317792032,EXTREME,89.17007295466118,10.82992704533882,HIGH,VERY HIGH SUSCEPTIBILITY,high static landslide susceptibility; elevated neighbouring-cell risk,prioritize location for detailed assessment,VERY HIGH SUSCEPTIBILITY. Main evidence: high static landslide susceptibility; elevated neighbouring-cell risk. Recommended response: prioritize location for detailed assessment.,24.072700691121742,LOW,13.215996809055468,LOW,STABLE_LOW,LOW,23.62883145523344,NORMAL,UNREFERENCED,76.26293492989446,EXTREME
301_14,0.0164104694042284,LOW,29.11979969183359,MODERATE,36.81232664828789,MODERATE,TRANSPORT,0.0,LOW,81.8383901942683,18.1616098057317,HIGH,LOW SUSCEPTIBILITY,no major independent warning signal,continue routine monitoring,LOW SUSCEPTIBILITY. Main evidence: no major independent warning signal. Recommended response: continue routine monitoring.,24.072700691121742,LOW,13.215996809055468,LOW,STABLE_LOW,LOW,23.62883145523344,NORMAL,UNREFERENCED,14.491550127912355,LOW
301_608,0.9589627340682576,VERY_HIGH,83.79429892141758,EXTREME,65.04622045070379,HIGH,TRANSPORT,0.0,LOW,82.00528866019897,17.99471133980103,HIGH,VERY HIGH SUSCEPTIBILITY,"high static landslide susceptibility; unstable terrain conditions; high exposure to roads, settlements or infrastructure","prioritize location for detailed assessment; check nearby roads, settlements and infrastructure","VERY HIGH SUSCEPTIBILITY. Main evidence: high static landslide susceptibility; unstable terrain conditions; high exposure to roads, settlements or infrastructure. Recommended response: prioritize location for detailed assessment; check nearby roads, settlements and infrastructure.",24.072700691121742,LOW,13.215996809055468,LOW,STABLE_LOW,LOW,23.62883145523344,NORMAL,UNREFERENCED,72.07638595407285,HIGH
301_865,0.0218792335783112,LOW,61.24807395993837,HIGH,36.74584393627535,MODERATE,SETTLEMENT,0.0,LOW,75.39094585275242,24.609054147247576,MODERATE,LOW SUSCEPTIBILITY,unstable terrain conditions,continue routine monitoring,LOW SUSCEPTIBILITY. Main evidence: unstable terrain conditions. Recommended response: continue routine monitoring.,24.072700691121742,LOW,13.215996809055468,LOW,STABLE_LOW,LOW,23.62883145523344,NORMAL,UNREFERENCED,21.153326962565153,LOW
302_513,0.9404491280038776,VERY_HIGH,63.15870570107858,HIGH,61.317979222450745,HIGH,TRANSPORT,0.0,LOW,86.49053907311333,13.509460926886677,HIGH,VERY HIGH SUSCEPTIBILITY,"high static landslide susceptibility; unstable terrain conditions; high exposure to roads, settlements or infrastructure","prioritize location for detailed assessment; check nearby roads, settlements and infrastructure","VERY HIGH SUSCEPTIBILITY. Main evidence: high static landslide susceptibility; unstable terrain conditions; high exposure to roads, settlements or infrastructure. Recommended response: prioritize location for detailed assessment; check nearby roads, settlements and infrastructure.",24.072700691121742,LOW,13.215996809055468,LOW,STABLE_LOW,LOW,23.62883145523344,NORMAL,UNREFERENCED,66.55691885286998,HIGH
302_539,0.9712682783754214,VERY_HIGH,57.32858243451464,HIGH,59.732545411700364,HIGH,TRANSPORT,98.04295233670234,EXTREME,89.01210592169419,10.987894078305814,HIGH,VERY HIGH SUSCEPTIBILITY,high static landslide susceptibility; elevated neighbouring-cell risk,prioritize location for detailed assessment,VERY HIGH SUSCEPTIBILITY. Main evidence: high static landslide susceptibility; elevated neighbouring-cell risk. Recommended response: prioritize location for detailed assessment.,24.072700691121742,LOW,13.215996809055468,LOW,STABLE_LOW,LOW,23.62883145523344,NORMAL,UNREFERENCED,76.34423612833434,EXTREME
302_874,0.0248930431021207,LOW,38.65177195685671,MODERATE,28.74075955966131,MODERATE,SETTLEMENT,0.0,LOW,75.14436143716802,24.855638562831984,MODERATE,LOW SUSCEPTIBILITY,no major independent warning signal,continue routine monitoring,LOW SUSCEPTIBILITY. Main evidence: no major independent warning signal. Recommended response: continue routine monitoring.,24.072700691121742,LOW,13.215996809055468,LOW,STABLE_LOW,LOW,23.62883145523344,NORMAL,UNREFERENCED,15.568925334028144,LOW
302_1466,6.220240552665621e-05,LOW,20.853235747303543,LOW,18.801969442184745,LOW,INFRASTRUCTURE,0.0,LOW,83.17597567598025,16.824024324019746,HIGH,LOW SUSCEPTIBILITY,no major independent warning signal,continue routine monitoring,LOW SUSCEPTIBILITY. Main evidence: no major independent warning signal. Recommended response: continue routine monitoring.,24.072700691121742,LOW,13.215996809055468,LOW,STABLE_LOW,LOW,23.62883145523344,NORMAL,UNREFERENCED,9.401011743149294,LOW
304_429,0.8360817541935189,VERY_HIGH,32.51348228043143,MODERATE,76.73611671423424,VERY_HIGH,TRANSPORT,0.0,LOW,77.95139030681125,22.04860969318875,MODERATE,VERY HIGH SUSCEPTIBILITY,"high static landslide susceptibility; high exposure to roads, settlements or infrastructure","prioritize location for detailed assessment; check nearby roads, settlements and infrastructure","VERY HIGH SUSCEPTIBILITY. Main evidence: high static landslide susceptibility; high exposure to roads, settlements or infrastructure. Recommended response: prioritize location for detailed assessment; check nearby roads, settlements and infrastructure.",24.072700691121742,LOW,13.215996809055468,LOW,STABLE_LOW,LOW,23.62883145523344,NORMAL,UNREFERENCED,58.044062971041946,HIGH
304_563,0.9842318877204425,VERY_HIGH,45.25808936825886,MODERATE,63.39235172130672,HIGH,TRANSPORT,0.0,LOW,90.072764868105,9.927235131895005,HIGH,VERY HIGH SUSCEPTIBILITY,"high static landslide susceptibility; high exposure to roads, settlements or infrastructure","prioritize location for detailed assessment; check nearby roads, settlements and infrastructure","VERY HIGH SUSCEPTIBILITY. Main evidence: high static landslide susceptibility; high exposure to roads, settlements or infrastructure. Recommended response: prioritize location for detailed assessment; check nearby roads, settlements and infrastructure.",24.072700691121742,LOW,13.215996809055468,LOW,STABLE_LOW,LOW,23.62883145523344,NORMAL,UNREFERENCED,65.25817564837986,HIGH
305_463,0.9583711603429254,VERY_HIGH,73.17989214175655,HIGH,63.72242088143296,HIGH,TRANSPORT,0.0,LOW,87.95688717358087,12.043112826419131,HIGH,VERY HIGH SUSCEPTIBILITY,"high static landslide susceptibility; unstable terrain conditions; high exposure to roads, settlements or infrastructure","prioritize location for detailed assessment; check nearby roads, settlements and infrastructure","VERY HIGH SUSCEPTIBILITY. Main evidence: high static landslide susceptibility; unstable terrain conditions; high exposure to roads, settlements or infrastructure. Recommended response: prioritize location for detailed assessment; check nearby roads, settlements and infrastructure.",24.072700691121742,LOW,13.215996809055468,LOW,STABLE_LOW,LOW,23.62883145523344,NORMAL,UNREFERENCED,69.72831384511008,HIGH
306_907,0.0010217983651226,LOW,37.91795069337442,MODERATE,18.90964278202726,LOW,SETTLEMENT,0.0,LOW,77.09746327928603,22.902536720713968,MODERATE,LOW SUSCEPTIBILITY,no major independent warning signal,continue routine monitoring,LOW SUSCEPTIBILITY. Main evidence: no major independent warning signal. Recommended response: continue routine monitoring.,24.072700691121742,LOW,13.215996809055468,LOW,STABLE_LOW,LOW,23.62883145523344,NORMAL,UNREFERENCED,12.873287551521665,LOW
308_510,0.995377435064935,VERY_HIGH,65.66063174114022,HIGH,57.435290543806914,HIGH,TRANSPORT,0.0,LOW,90.98467328719984,9.015326712800174,HIGH,VERY HIGH SUSCEPTIBILITY,high static landslide susceptibility; unstable terrain conditions,prioritize location for detailed assessment,VERY HIGH SUSCEPTIBILITY. Main evidence: high static landslide susceptibility; unstable terrain conditions. Recommended response: prioritize location for detailed assessment.,24.072700691121742,LOW,13.215996809055468,LOW,STABLE_LOW,LOW,23.62883145523344,NORMAL,UNREFERENCED,68.94667457683333,HIGH
311_430,0.9055127287744934,VERY_HIGH,37.40947611710323,MODERATE,68.69107638929086,HIGH,TRANSPORT,97.09574512638494,EXTREME,83.63210640889098,16.367893591109024,HIGH,VERY HIGH SUSCEPTIBILITY,"high static landslide susceptibility; high exposure to roads, settlements or infrastructure; elevated neighbouring-cell risk","prioritize location for detailed assessment; check nearby roads, settlements and infrastructure","VERY HIGH SUSCEPTIBILITY. Main evidence: high static landslide susceptibility; high exposure to roads, settlements or infrastructure; elevated neighbouring-cell risk. Recommended response: prioritize location for detailed assessment; check nearby roads, settlements and infrastructure.",24.072700691121742,LOW,13.215996809055468,LOW,STABLE_LOW,LOW,23.62883145523344,NORMAL,UNREFERENCED,70.65047405841715,HIGH
311_595,0.9450576460056476,VERY_HIGH,53.066255778120194,HIGH,55.20502026504989,HIGH,TRANSPORT,0.0,LOW,86.86759963689451,13.13240036310549,HIGH,VERY HIGH SUSCEPTIBILITY,high static landslide susceptibility,prioritize location for detailed assessment,VERY HIGH SUSCEPTIBILITY. Main evidence: high static landslide susceptibility. Recommended response: prioritize location for detailed assessment.,24.072700691121742,LOW,13.215996809055468,LOW,STABLE_LOW,LOW,23.62883145523344,NORMAL,UNREFERENCED,63.828868334747845,HIGH
312_430,0.958510644662642,VERY_HIGH,64.02734976887518,HIGH,67.01588923724744,HIGH,TRANSPORT,93.38589101421454,EXTREME,87.96829952701222,12.03170047298778,HIGH,VERY HIGH SUSCEPTIBILITY,"high static landslide susceptibility; unstable terrain conditions; high exposure to roads, settlements or infrastructure; elevated neighbouring-cell risk","prioritize location for detailed assessment; check nearby roads, settlements and infrastructure","VERY HIGH SUSCEPTIBILITY. Main evidence: high static landslide susceptibility; unstable terrain conditions; high exposure to roads, settlements or infrastructure; elevated neighbouring-cell risk. Recommended response: prioritize location for detailed assessment; check nearby roads, settlements and infrastructure.",24.072700691121742,LOW,13.215996809055468,LOW,STABLE_LOW,LOW,23.62883145523344,NORMAL,UNREFERENCED,77.73669151971467,EXTREME
312_903,0.0009250777341554,LOW,77.12634822804314,EXTREME,19.018396455876477,LOW,SETTLEMENT,0.0,LOW,77.10537678545609,22.894623214543916,MODERATE,LOW SUSCEPTIBILITY,unstable terrain conditions,continue routine monitoring,LOW SUSCEPTIBILITY. Main evidence: unstable terrain conditions. Recommended response: continue routine monitoring.,24.072700691121742,LOW,13.215996809055468,LOW,STABLE_LOW,LOW,23.62883145523344,NORMAL,UNREFERENCED,20.726927681139266,LOW
313_1582,0.0030448468539245,LOW,18.34938366718028,LOW,25.702087177377457,MODERATE,SETTLEMENT,0.0,LOW,82.93194113020225,17.068058869797753,HIGH,LOW SUSCEPTIBILITY,no major independent warning signal,continue routine monitoring,LOW SUSCEPTIBILITY. Main evidence: no major independent warning signal. Recommended response: continue routine monitoring.,24.072700691121742,LOW,13.215996809055468,LOW,STABLE_LOW,LOW,23.62883145523344,NORMAL,UNREFERENCED,10.069477987581452,LOW
314_442,0.9882483268983268,VERY_HIGH,65.48536209553158,HIGH,58.878301182872086,HIGH,TRANSPORT,0.0,LOW,90.4013826190228,9.598617380977204,HIGH,VERY HIGH SUSCEPTIBILITY,high static landslide susceptibility; unstable terrain conditions,prioritize location for detailed assessment,VERY HIGH SUSCEPTIBILITY. Main evidence: high static landslide susceptibility; unstable terrain conditions. Recommended response: prioritize location for detailed assessment.,24.072700691121742,LOW,13.215996809055468,LOW,STABLE_LOW,LOW,23.62883145523344,NORMAL,UNREFERENCED,68.80726237607401,HIGH
314_1575,0.0028891254824497,LOW,17.939137134052388,LOW,29.514672051085807,MODERATE,SETTLEMENT,0.0,LOW,82.94468196968654,17.055318030313458,HIGH,LOW SUSCEPTIBILITY,no major independent warning signal,continue routine monitoring,LOW SUSCEPTIBILITY. Main evidence: no major independent warning signal. Recommended response: continue routine monitoring.,24.072700691121742,LOW,13.215996809055468,LOW,STABLE_LOW,LOW,23.62883145523344,NORMAL,UNREFERENCED,10.552308950295759,LOW
315_269,0.5998713565366959,HIGH,38.56124807395994,MODERATE,55.01800756089638,HIGH,TRANSPORT,0.0,LOW,58.62508504398028,41.37491495601972,LOW,HIGH SUSCEPTIBILITY,high static landslide susceptibility,continue routine monitoring,HIGH SUSCEPTIBILITY. Main evidence: high static landslide susceptibility. Recommended response: continue routine monitoring.,24.072700691121742,LOW,13.215996809055468,LOW,STABLE_LOW,LOW,23.62883145523344,NORMAL,UNREFERENCED,45.366431862189934,MODERATE
315_467,0.9062769900687552,VERY_HIGH,68.55354391371341,HIGH,69.90501930546861,HIGH,TRANSPORT,0.0,LOW,83.69463687842148,16.305363121578523,HIGH,VERY HIGH SUSCEPTIBILITY,"high static landslide susceptibility; unstable terrain conditions; high exposure to roads, settlements or infrastructure","prioritize location for detailed assessment; check nearby roads, settlements and infrastructure","VERY HIGH SUSCEPTIBILITY. Main evidence: high static landslide susceptibility; unstable terrain conditions; high exposure to roads, settlements or infrastructure. Recommended response: prioritize location for detailed assessment; check nearby roads, settlements and infrastructure.",24.072700691121742,LOW,13.215996809055468,LOW,STABLE_LOW,LOW,23.62883145523344,NORMAL,UNREFERENCED,67.38619630076913,HIGH
315_505,0.9940257936507938,VERY_HIGH,71.46764252696457,HIGH,60.46769203129628,HIGH,TRANSPORT,0.0,LOW,90.87408444422464,9.12591555577535,HIGH,VERY HIGH SUSCEPTIBILITY,"high static landslide susceptibility; unstable terrain conditions; high exposure to roads, settlements or infrastructure","prioritize location for detailed assessment; check nearby roads, settlements and infrastructure","VERY HIGH SUSCEPTIBILITY. Main evidence: high static landslide susceptibility; unstable terrain conditions; high exposure to roads, settlements or infrastructure. Recommended response: prioritize location for detailed assessment; check nearby roads, settlements and infrastructure.",24.072700691121742,LOW,13.215996809055468,LOW,STABLE_LOW,LOW,23.62883145523344,NORMAL,UNREFERENCED,70.50211309348525,HIGH
315_1482,0.0004622024055266,LOW,21.746918335901388,LOW,22.920658649963464,LOW,TRANSPORT,0.0,LOW,83.14324840325298,16.856751596747017,HIGH,LOW SUSCEPTIBILITY,no major independent warning signal,continue routine monitoring,LOW SUSCEPTIBILITY. Main evidence: no major independent warning signal. Recommended response: continue routine monitoring.,24.072700691121742,LOW,13.215996809055468,LOW,STABLE_LOW,LOW,23.62883145523344,NORMAL,UNREFERENCED,10.215551642035669,LOW
316_50,0.5113534633188022,HIGH,47.207241910631744,MODERATE,56.67688669475896,HIGH,TRANSPORT,0.0,LOW,51.38271196251624,48.61728803748376,LOW,HIGH SUSCEPTIBILITY,high static landslide susceptibility,continue routine monitoring,HIGH SUSCEPTIBILITY. Main evidence: high static landslide susceptibility. Recommended response: continue routine monitoring.,24.072700691121742,LOW,13.215996809055468,LOW,STABLE_LOW,LOW,23.62883145523344,NORMAL,UNREFERENCED,43.36115730479847,MODERATE
316_298,0.528459966236175,HIGH,37.58281972265024,MODERATE,59.977672856257016,HIGH,TRANSPORT,0.0,LOW,52.78233492848311,47.21766507151689,LOW,HIGH SUSCEPTIBILITY,high static landslide susceptibility,continue routine monitoring,HIGH SUSCEPTIBILITY. Main evidence: high static landslide susceptibility. Recommended response: continue routine monitoring.,24.072700691121742,LOW,13.215996809055468,LOW,STABLE_LOW,LOW,23.62883145523344,NORMAL,UNREFERENCED,42.701183422708645,MODERATE
317_380,0.9251392544492548,VERY_HIGH,46.10939907550077,MODERATE,66.14376696906679,HIGH,TRANSPORT,0.0,LOW,85.23791305500782,14.762086944992175,HIGH,VERY HIGH SUSCEPTIBILITY,"high static landslide susceptibility; high exposure to roads, settlements or infrastructure","prioritize location for detailed assessment; check nearby roads, settlements and infrastructure","VERY HIGH SUSCEPTIBILITY. Main evidence: high static landslide susceptibility; high exposure to roads, settlements or infrastructure. Recommended response: prioritize location for detailed assessment; check nearby roads, settlements and infrastructure.",24.072700691121742,LOW,13.215996809055468,LOW,STABLE_LOW,LOW,23.62883145523344,NORMAL,UNREFERENCED,63.181981379788816,HIGH
317_593,0.9103067787639222,VERY_HIGH,62.60978428351309,HIGH,57.84090092519391,HIGH,TRANSPORT,97.7222659115604,EXTREME,84.02434686257152,15.97565313742848,HIGH,VERY HIGH SUSCEPTIBILITY,high static landslide susceptibility; unstable terrain conditions; elevated neighbouring-cell risk,prioritize location for detailed assessment,VERY HIGH SUSCEPTIBILITY. Main evidence: high static landslide susceptibility; unstable terrain conditions; elevated neighbouring-cell risk. Recommended response: prioritize location for detailed assessment.,24.072700691121742,LOW,13.215996809055468,LOW,STABLE_LOW,LOW,23.62883145523344,NORMAL,UNREFERENCED,74.34139370012642,HIGH
318_526,0.8061313212930866,VERY_HIGH,47.4826656394453,MODERATE,69.060238263064,HIGH,SETTLEMENT,0.0,LOW,75.50090034223044,24.499099657769563,MODERATE,VERY HIGH SUSCEPTIBILITY,"high static landslide susceptibility; high exposure to roads, settlements or infrastructure","prioritize location for detailed assessment; check nearby roads, settlements and infrastructure","VERY HIGH SUSCEPTIBILITY. Main evidence: high static landslide susceptibility; high exposure to roads, settlements or infrastructure. Recommended response: prioritize location for detailed assessment; check nearby roads, settlements and infrastructure.",24.072700691121742,LOW,13.215996809055468,LOW,STABLE_LOW,LOW,23.62883145523344,NORMAL,UNREFERENCED,58.53874839464973,HIGH
318_584,0.972290476190476,VERY_HIGH,88.9002311248074,EXTREME,58.788787602628254,HIGH,TRANSPORT,99.72933333333332,EXTREME,89.09574028838047,10.904259711619533,HIGH,VERY HIGH SUSCEPTIBILITY,high static landslide susceptibility; unstable terrain conditions; elevated neighbouring-cell risk,prioritize location for detailed assessment,VERY HIGH SUSCEPTIBILITY. Main evidence: high static landslide susceptibility; unstable terrain conditions; elevated neighbouring-cell risk. Recommended response: prioritize location for detailed assessment.,24.072700691121742,LOW,13.215996809055468,LOW,STABLE_LOW,LOW,23.62883145523344,NORMAL,UNREFERENCED,82.73163919637264,EXTREME
318_593,0.9038558551018308,VERY_HIGH,27.074345146379045,MODERATE,56.78093085029804,HIGH,TRANSPORT,97.85128438480224,EXTREME,83.49654401749132,16.503455982508683,HIGH,VERY HIGH SUSCEPTIBILITY,high static landslide susceptibility; elevated neighbouring-cell risk,prioritize location for detailed assessment,VERY HIGH SUSCEPTIBILITY. Main evidence: high static landslide susceptibility; elevated neighbouring-cell risk. Recommended response: prioritize location for detailed assessment.,24.072700691121742,LOW,13.215996809055468,LOW,STABLE_LOW,LOW,23.62883145523344,NORMAL,UNREFERENCED,66.7979206439953,HIGH
320_406,0.9989642857142856,VERY_HIGH,73.03929121725733,HIGH,64.8319950480481,HIGH,TRANSPORT,0.0,LOW,91.27814288578308,8.721857114216931,HIGH,VERY HIGH SUSCEPTIBILITY,"high static landslide susceptibility; unstable terrain conditions; high exposure to roads, settlements or infrastructure","prioritize location for detailed assessment; check nearby roads, settlements and infrastructure","VERY HIGH SUSCEPTIBILITY. Main evidence: high static landslide susceptibility; unstable terrain conditions; high exposure to roads, settlements or infrastructure. Recommended response: prioritize location for detailed assessment; check nearby roads, settlements and infrastructure.",24.072700691121742,LOW,13.215996809055468,LOW,STABLE_LOW,LOW,23.62883145523344,NORMAL,UNREFERENCED,71.6933204269137,HIGH
320_590,0.992902976190476,VERY_HIGH,70.64522342064714,HIGH,55.90957454858744,HIGH,TRANSPORT,93.59245604023272,EXTREME,90.78221756110774,9.217782438892256,HIGH,VERY HIGH SUSCEPTIBILITY,high static landslide susceptibility; unstable terrain conditions; elevated neighbouring-cell risk,prioritize location for detailed assessment,VERY HIGH SUSCEPTIBILITY. Main evidence: high static landslide susceptibility; unstable terrain conditions; elevated neighbouring-cell risk. Recommended response: prioritize location for detailed assessment.,24.072700691121742,LOW,13.215996809055468,LOW,STABLE_LOW,LOW,23.62883145523344,NORMAL,UNREFERENCED,78.96263046812442,EXTREME
321_1016,6.220240552665621e-05,LOW,29.31818181818182,MODERATE,15.439832774739804,LOW,INFRASTRUCTURE,0.0,LOW,83.17597567598025,16.824024324019746,HIGH,LOW SUSCEPTIBILITY,no major independent warning signal,continue routine monitoring,LOW SUSCEPTIBILITY. Main evidence: no major independent warning signal. Recommended response: continue routine monitoring.,24.072700691121742,LOW,13.215996809055468,LOW,STABLE_LOW,LOW,23.62883145523344,NORMAL,UNREFERENCED,10.589680457208209,LOW
323_558,0.9872716265646498,VERY_HIGH,75.0808936825886,EXTREME,70.99044787387592,HIGH,TRANSPORT,0.0,LOW,90.32147077354014,9.678529226459858,HIGH,VERY HIGH SUSCEPTIBILITY,"high static landslide susceptibility; unstable terrain conditions; high exposure to roads, settlements or infrastructure","prioritize location for detailed assessment; check nearby roads, settlements and infrastructure","VERY HIGH SUSCEPTIBILITY. Main evidence: high static landslide susceptibility; unstable terrain conditions; high exposure to roads, settlements or infrastructure. Recommended response: prioritize location for detailed assessment; check nearby roads, settlements and infrastructure.",24.072700691121742,LOW,13.215996809055468,LOW,STABLE_LOW,LOW,23.62883145523344,NORMAL,UNREFERENCED,72.49923918212052,HIGH
323_585,0.9961333333333332,VERY_HIGH,69.92103235747302,HIGH,59.10514076299147,HIGH,TRANSPORT,98.06033333333332,EXTREME,91.04651950915968,8.95348049084032,HIGH,VERY HIGH SUSCEPTIBILITY,high static landslide susceptibility; unstable terrain conditions; elevated neighbouring-cell risk,prioritize location for detailed assessment,VERY HIGH SUSCEPTIBILITY. Main evidence: high static landslide susceptibility; unstable terrain conditions; elevated neighbouring-cell risk. Recommended response: prioritize location for detailed assessment.,24.072700691121742,LOW,13.215996809055468,LOW,STABLE_LOW,LOW,23.62883145523344,NORMAL,UNREFERENCED,79.88928098838882,EXTREME
324_579,0.9897261904761906,VERY_HIGH,76.35400616332821,EXTREME,58.79473492246261,HIGH,TRANSPORT,0.0,LOW,90.52229872993892,9.477701270061075,HIGH,VERY HIGH SUSCEPTIBILITY,high static landslide susceptibility; unstable terrain conditions,prioritize location for detailed assessment,VERY HIGH SUSCEPTIBILITY. Main evidence: high static landslide susceptibility; unstable terrain conditions. Recommended response: prioritize location for detailed assessment.,24.072700691121742,LOW,13.215996809055468,LOW,STABLE_LOW,LOW,23.62883145523344,NORMAL,UNREFERENCED,71.03496011157578,HIGH
325_476,0.9517067039631149,VERY_HIGH,58.72881355932204,HIGH,58.20220836866613,HIGH,TRANSPORT,0.0,LOW,87.41161346977819,12.588386530221811,HIGH,VERY HIGH SUSCEPTIBILITY,high static landslide susceptibility,prioritize location for detailed assessment,VERY HIGH SUSCEPTIBILITY. Main evidence: high static landslide susceptibility. Recommended response: prioritize location for detailed assessment.,24.072700691121742,LOW,13.215996809055468,LOW,STABLE_LOW,LOW,23.62883145523344,NORMAL,UNREFERENCED,65.71016571461666,HIGH
328_603,0.913143519305444,VERY_HIGH,37.03389830508475,MODERATE,53.64822750815934,HIGH,TRANSPORT,93.84019786294218,EXTREME,84.25644381596877,15.743556184031236,HIGH,VERY HIGH SUSCEPTIBILITY,high static landslide susceptibility; elevated neighbouring-cell risk,prioritize location for detailed assessment,VERY HIGH SUSCEPTIBILITY. Main evidence: high static landslide susceptibility; elevated neighbouring-cell risk. Recommended response: prioritize location for detailed assessment.,24.072700691121742,LOW,13.215996809055468,LOW,STABLE_LOW,LOW,23.62883145523344,NORMAL,UNREFERENCED,68.33676201139221,HIGH
328_1011,0.0075598936032178,LOW,34.06587057010786,MODERATE,15.32120478166573,LOW,INFRASTRUCTURE,0.0,LOW,82.56252821435098,17.437471785649024,HIGH,LOW SUSCEPTIBILITY,no major independent warning signal,continue routine monitoring,LOW SUSCEPTIBILITY. Main evidence: no major independent warning signal. Recommended response: continue routine monitoring.,24.072700691121742,LOW,13.215996809055468,LOW,STABLE_LOW,LOW,23.62883145523344,NORMAL,UNREFERENCED,11.858820112528408,LOW
330_410,0.6611975117905355,HIGH,66.79892141756548,HIGH,59.90655464232799,HIGH,TRANSPORT,97.04828104575162,EXTREME,63.642679564748974,36.35732043525103,MODERATE,HIGH SUSCEPTIBILITY,high static landslide susceptibility; unstable terrain conditions; elevated neighbouring-cell risk,continue routine monitoring,HIGH SUSCEPTIBILITY. Main evidence: high static landslide susceptibility; unstable terrain conditions; elevated neighbouring-cell risk. Recommended response: continue routine monitoring.,24.072700691121742,LOW,13.215996809055468,LOW,STABLE_LOW,LOW,23.62883145523344,NORMAL,UNREFERENCED,64.21175368412374,HIGH
330_497,0.9918833333333332,VERY_HIGH,71.54083204930663,HIGH,57.16407619136946,HIGH,TRANSPORT,89.28386776958607,EXTREME,90.69879223643242,9.301207763567575,HIGH,VERY HIGH SUSCEPTIBILITY,high static landslide susceptibility; unstable terrain conditions; elevated neighbouring-cell risk,prioritize location for detailed assessment,VERY HIGH SUSCEPTIBILITY. Main evidence: high static landslide susceptibility; unstable terrain conditions; elevated neighbouring-cell risk. Recommended response: prioritize location for detailed assessment.,24.072700691121742,LOW,13.215996809055468,LOW,STABLE_LOW,LOW,23.62883145523344,NORMAL,UNREFERENCED,78.85318468463753,EXTREME
331_361,0.9970557823129252,VERY_HIGH,76.35208012326657,EXTREME,62.79074574306173,HIGH,TRANSPORT,99.08227355623102,EXTREME,91.12199260748994,8.878007392510057,HIGH,VERY HIGH SUSCEPTIBILITY,"high static landslide susceptibility; unstable terrain conditions; high exposure to roads, settlements or infrastructure; elevated neighbouring-cell risk","prioritize location for detailed assessment; check nearby roads, settlements and infrastructure","VERY HIGH SUSCEPTIBILITY. Main evidence: high static landslide susceptibility; unstable terrain conditions; high exposure to roads, settlements or infrastructure; elevated neighbouring-cell risk. Recommended response: prioritize location for detailed assessment; check nearby roads, settlements and infrastructure.",24.072700691121742,LOW,13.215996809055468,LOW,STABLE_LOW,LOW,23.62883145523344,NORMAL,UNREFERENCED,81.87203551492948,EXTREME
331_600,0.9120028266134595,VERY_HIGH,46.22881355932204,MODERATE,54.8815495258352,HIGH,TRANSPORT,93.92004635138107,EXTREME,84.1631144138973,15.836885586102696,HIGH,VERY HIGH SUSCEPTIBILITY,high static landslide susceptibility; elevated neighbouring-cell risk,prioritize location for detailed assessment,VERY HIGH SUSCEPTIBILITY. Main evidence: high static landslide susceptibility; elevated neighbouring-cell risk. Recommended response: prioritize location for detailed assessment.,24.072700691121742,LOW,13.215996809055468,LOW,STABLE_LOW,LOW,23.62883145523344,NORMAL,UNREFERENCED,70.31739704259564,HIGH
331_1374,0.0475604617604617,LOW,30.964946070878277,MODERATE,42.58329167030148,MODERATE,TRANSPORT,0.0,LOW,79.28975445603102,20.71024554396898,MODERATE,LOW SUSCEPTIBILITY,no major independent warning signal,continue routine monitoring,LOW SUSCEPTIBILITY. Main evidence: no major independent warning signal. Recommended response: continue routine monitoring.,24.072700691121742,LOW,13.215996809055468,LOW,STABLE_LOW,LOW,23.62883145523344,NORMAL,UNREFERENCED,17.127973813053828,LOW
332_495,0.8469123967083725,VERY_HIGH,31.681432973805855,MODERATE,57.09414875315048,HIGH,TRANSPORT,99.43183333333332,EXTREME,78.83753378529926,21.162466214700743,MODERATE,VERY HIGH SUSCEPTIBILITY,high static landslide susceptibility; elevated neighbouring-cell risk,prioritize location for detailed assessment,VERY HIGH SUSCEPTIBILITY. Main evidence: high static landslide susceptibility; elevated neighbouring-cell risk. Recommended response: prioritize location for detailed assessment.,24.072700691121742,LOW,13.215996809055468,LOW,STABLE_LOW,LOW,23.62883145523344,NORMAL,UNREFERENCED,65.36192016205601,HIGH
332_535,0.8859106060606062,VERY_HIGH,38.51694915254237,MODERATE,74.69794642700072,HIGH,TRANSPORT,98.44948481912148,EXTREME,82.02829636866386,17.97170363133614,HIGH,VERY HIGH SUSCEPTIBILITY,"high static landslide susceptibility; high exposure to roads, settlements or infrastructure; elevated neighbouring-cell risk","prioritize location for detailed assessment; check nearby roads, settlements and infrastructure","VERY HIGH SUSCEPTIBILITY. Main evidence: high static landslide susceptibility; high exposure to roads, settlements or infrastructure; elevated neighbouring-cell risk. Recommended response: prioritize location for detailed assessment; check nearby roads, settlements and infrastructure.",24.072700691121742,LOW,13.215996809055468,LOW,STABLE_LOW,LOW,23.62883145523344,NORMAL,UNREFERENCED,71.02627761831019,HIGH
333_646,0.0504019193707796,LOW,41.40600924499229,MODERATE,45.11510024754393,MODERATE,INFRASTRUCTURE,0.0,LOW,79.05727156064137,20.942728439358632,MODERATE,LOW SUSCEPTIBILITY,no major independent warning signal,continue routine monitoring,LOW SUSCEPTIBILITY. Main evidence: no major independent warning signal. Recommended response: continue routine monitoring.,24.072700691121742,LOW,13.215996809055468,LOW,STABLE_LOW,LOW,23.62883145523344,NORMAL,UNREFERENCED,19.723823326927302,LOW
334_359,0.9868896222318716,VERY_HIGH,50.30238828967642,HIGH,62.11332390230009,HIGH,TRANSPORT,99.79390476190476,EXTREME,90.29021587358557,9.709784126414448,HIGH,VERY HIGH SUSCEPTIBILITY,"high static landslide susceptibility; high exposure to roads, settlements or infrastructure; elevated neighbouring-cell risk","prioritize location for detailed assessment; check nearby roads, settlements and infrastructure","VERY HIGH SUSCEPTIBILITY. Main evidence: high static landslide susceptibility; high exposure to roads, settlements or infrastructure; elevated neighbouring-cell risk. Recommended response: prioritize location for detailed assessment; check nearby roads, settlements and infrastructure.",24.072700691121742,LOW,13.215996809055468,LOW,STABLE_LOW,LOW,23.62883145523344,NORMAL,UNREFERENCED,76.17416978901717,EXTREME
334_406,0.9578325863678804,VERY_HIGH,57.32473035439137,HIGH,70.50362361991715,HIGH,TRANSPORT,76.28382582533749,EXTREME,87.91282203016809,12.087177969831911,HIGH,VERY HIGH SUSCEPTIBILITY,"high static landslide susceptibility; high exposure to roads, settlements or infrastructure; elevated neighbouring-cell risk","prioritize location for detailed assessment; check nearby roads, settlements and infrastructure","VERY HIGH SUSCEPTIBILITY. Main evidence: high static landslide susceptibility; high exposure to roads, settlements or infrastructure; elevated neighbouring-cell risk. Recommended response: prioritize location for detailed assessment; check nearby roads, settlements and infrastructure.",24.072700691121742,LOW,13.215996809055468,LOW,STABLE_LOW,LOW,23.62883145523344,NORMAL,UNREFERENCED,75.17860865206639,EXTREME
334_536,0.9778497831303066,VERY_HIGH,77.51926040061633,EXTREME,69.73774292176806,HIGH,TRANSPORT,92.01374242424244,EXTREME,89.55059267436661,10.449407325633388,HIGH,VERY HIGH SUSCEPTIBILITY,"high static landslide susceptibility; unstable terrain conditions; high exposure to roads, settlements or infrastructure; elevated neighbouring-cell risk","prioritize location for detailed assessment; check nearby roads, settlements and infrastructure","VERY HIGH SUSCEPTIBILITY. Main evidence: high static landslide susceptibility; unstable terrain conditions; high exposure to roads, settlements or infrastructure; elevated neighbouring-cell risk. Recommended response: prioritize location for detailed assessment; check nearby roads, settlements and infrastructure.",24.072700691121742,LOW,13.215996809055468,LOW,STABLE_LOW,LOW,23.62883145523344,NORMAL,UNREFERENCED,81.57639807078868,EXTREME
334_764,0.0021551316984559,LOW,90.0924499229584,EXTREME,24.087466137227647,LOW,INFRASTRUCTURE,0.0,LOW,77.00473600655877,22.995263993441228,MODERATE,LOW SUSCEPTIBILITY,unstable terrain conditions,continue routine monitoring,LOW SUSCEPTIBILITY. Main evidence: unstable terrain conditions. Recommended response: continue routine monitoring.,24.072700691121742,LOW,13.215996809055468,LOW,STABLE_LOW,LOW,23.62883145523344,NORMAL,UNREFERENCED,24.135860900718512,LOW
335_896,0.0032932269365511,LOW,37.88135593220339,MODERATE,17.692404909574154,LOW,SETTLEMENT,0.0,LOW,76.91161912344188,23.08838087655812,MODERATE,LOW SUSCEPTIBILITY,no major independent warning signal,continue routine monitoring,LOW SUSCEPTIBILITY. Main evidence: no major independent warning signal. Recommended response: continue routine monitoring.,24.072700691121742,LOW,13.215996809055468,LOW,STABLE_LOW,LOW,23.62883145523344,NORMAL,UNREFERENCED,12.785597204133776,LOW
336_399,0.8654599343185548,VERY_HIGH,25.61633281972265,MODERATE,68.97451557502987,HIGH,TRANSPORT,94.50152522316183,EXTREME,80.35505958976873,19.64494041023127,HIGH,VERY HIGH SUSCEPTIBILITY,"high static landslide susceptibility; high exposure to roads, settlements or infrastructure; elevated neighbouring-cell risk","prioritize location for detailed assessment; check nearby roads, settlements and infrastructure","VERY HIGH SUSCEPTIBILITY. Main evidence: high static landslide susceptibility; high exposure to roads, settlements or infrastructure; elevated neighbouring-cell risk. Recommended response: prioritize location for detailed assessment; check nearby roads, settlements and infrastructure.",24.072700691121742,LOW,13.215996809055468,LOW,STABLE_LOW,LOW,23.62883145523344,NORMAL,UNREFERENCED,66.27256353596233,HIGH
337_398,0.9214503603308836,VERY_HIGH,37.36132511556241,MODERATE,67.49726808019716,HIGH,TRANSPORT,90.58219540229884,EXTREME,84.93609444532291,15.063905554677092,HIGH,VERY HIGH SUSCEPTIBILITY,"high static landslide susceptibility; high exposure to roads, settlements or infrastructure; elevated neighbouring-cell risk","prioritize location for detailed assessment; check nearby roads, settlements and infrastructure","VERY HIGH SUSCEPTIBILITY. Main evidence: high static landslide susceptibility; high exposure to roads, settlements or infrastructure; elevated neighbouring-cell risk. Recommended response: prioritize location for detailed assessment; check nearby roads, settlements and infrastructure.",24.072700691121742,LOW,13.215996809055468,LOW,STABLE_LOW,LOW,23.62883145523344,NORMAL,UNREFERENCED,70.52761105937387,HIGH
337_820,0.0010622024055266,LOW,65.42565485362096,HIGH,18.856508473973804,LOW,SETTLEMENT,0.0,LOW,77.09415749416206,22.90584250583794,MODERATE,LOW SUSCEPTIBILITY,unstable terrain conditions,continue routine monitoring,LOW SUSCEPTIBILITY. Main evidence: unstable terrain conditions. Recommended response: continue routine monitoring.,24.072700691121742,LOW,13.215996809055468,LOW,STABLE_LOW,LOW,23.62883145523344,NORMAL,UNREFERENCED,18.368676419181135,LOW
338_294,0.616845311013591,HIGH,56.52927580893683,HIGH,57.71964031418663,HIGH,TRANSPORT,0.0,LOW,60.01386313754442,39.98613686245558,MODERATE,HIGH SUSCEPTIBILITY,high static landslide susceptibility,continue routine monitoring,HIGH SUSCEPTIBILITY. Main evidence: high static landslide susceptibility. Recommended response: continue routine monitoring.,24.072700691121742,LOW,13.215996809055468,LOW,STABLE_LOW,LOW,23.62883145523344,NORMAL,UNREFERENCED,50.12911027363913,HIGH
338_466,0.9398256235827664,VERY_HIGH,75.6818181818182,EXTREME,55.679582853469554,HIGH,TRANSPORT,97.30165530482373,EXTREME,86.4395250750224,13.560474924977598,HIGH,VERY HIGH SUSCEPTIBILITY,high static landslide susceptibility; unstable terrain conditions; elevated neighbouring-cell risk,prioritize location for detailed assessment,VERY HIGH SUSCEPTIBILITY. Main evidence: high static landslide susceptibility; unstable terrain conditions; elevated neighbouring-cell risk. Recommended response: prioritize location for detailed assessment.,24.072700691121742,LOW,13.215996809055468,LOW,STABLE_LOW,LOW,23.62883145523344,NORMAL,UNREFERENCED,77.91788972520311,EXTREME
338_513,0.8762137821988886,VERY_HIGH,29.726502311248076,MODERATE,56.33964217664299,HIGH,TRANSPORT,0.0,LOW,81.23491987088696,18.765080129113045,HIGH,VERY HIGH SUSCEPTIBILITY,high static landslide susceptibility,prioritize location for detailed assessment,VERY HIGH SUSCEPTIBILITY. Main evidence: high static landslide susceptibility. Recommended response: prioritize location for detailed assessment.,24.072700691121742,LOW,13.215996809055468,LOW,STABLE_LOW,LOW,23.62883145523344,NORMAL,UNREFERENCED,56.23313705680823,HIGH
338_924,0.0027995761429003,LOW,58.38597842835131,HIGH,16.133727912224565,LOW,SETTLEMENT,0.0,LOW,76.95200873383149,23.04799126616851,MODERATE,LOW SUSCEPTIBILITY,no major independent warning signal,continue routine monitoring,LOW SUSCEPTIBILITY. Main evidence: no major independent warning signal. Recommended response: continue routine monitoring.,24.072700691121742,LOW,13.215996809055468,LOW,STABLE_LOW,LOW,23.62883145523344,NORMAL,UNREFERENCED,16.630505868046633,LOW
338_1072,0.0039134650317892,LOW,97.20724191063174,EXTREME,18.326663084188198,LOW,INFRASTRUCTURE,0.0,LOW,76.86087237019514,23.13912762980486,MODERATE,LOW SUSCEPTIBILITY,unstable terrain conditions,continue routine monitoring,LOW SUSCEPTIBILITY. Main evidence: unstable terrain conditions. Recommended response: continue routine monitoring.,24.072700691121742,LOW,13.215996809055468,LOW,STABLE_LOW,LOW,23.62883145523344,NORMAL,UNREFERENCED,24.77382384029727,LOW
338_1406,0.2779641774891775,MODERATE,33.28582434514638,MODERATE,55.473344505634174,HIGH,TRANSPORT,0.0,LOW,60.43854135095428,39.56145864904572,MODERATE,MODERATE SUSCEPTIBILITY,no major independent warning signal,continue routine monitoring,MODERATE SUSCEPTIBILITY. Main evidence: no major independent warning signal. Recommended response: continue routine monitoring.,24.072700691121742,LOW,13.215996809055468,LOW,STABLE_LOW,LOW,23.62883145523344,NORMAL,UNREFERENCED,29.893824600999565,MODERATE
338_1654,0.0142437430870673,LOW,27.788906009245,MODERATE,40.42814366616804,MODERATE,TRANSPORT,0.0,LOW,82.01566780203602,17.98433219796398,HIGH,LOW SUSCEPTIBILITY,no major independent warning signal,continue routine monitoring,LOW SUSCEPTIBILITY. Main evidence: no major independent warning signal. Recommended response: continue routine monitoring.,24.072700691121742,LOW,13.215996809055468,LOW,STABLE_LOW,LOW,23.62883145523344,NORMAL,UNREFERENCED,14.670241259804408,LOW
339_465,0.965255425262568,VERY_HIGH,46.20570107858244,MODERATE,57.45458245174936,HIGH,TRANSPORT,97.13212329362504,EXTREME,88.52014521246073,11.479854787539267,HIGH,VERY HIGH SUSCEPTIBILITY,high static landslide susceptibility; elevated neighbouring-cell risk,prioritize location for detailed assessment,VERY HIGH SUSCEPTIBILITY. Main evidence: high static landslide susceptibility; elevated neighbouring-cell risk. Recommended response: prioritize location for detailed assessment.,24.072700691121742,LOW,13.215996809055468,LOW,STABLE_LOW,LOW,23.62883145523344,NORMAL,UNREFERENCED,73.41630411876913,HIGH
339_466,0.9797985673057102,VERY_HIGH,51.169106317411405,HIGH,57.57700328118821,HIGH,TRANSPORT,97.03516901333742,EXTREME,89.71003865235417,10.289961347645828,HIGH,VERY HIGH SUSCEPTIBILITY,high static landslide susceptibility; elevated neighbouring-cell risk,prioritize location for detailed assessment,VERY HIGH SUSCEPTIBILITY. Main evidence: high static landslide susceptibility; elevated neighbouring-cell risk. Recommended response: prioritize location for detailed assessment.,24.072700691121742,LOW,13.215996809055468,LOW,STABLE_LOW,LOW,23.62883145523344,NORMAL,UNREFERENCED,75.0720942548634,EXTREME
339_467,0.992595238095238,VERY_HIGH,65.52966101694915,HIGH,56.19054810501735,HIGH,TRANSPORT,96.56595775105474,EXTREME,90.75703898967916,9.24296101032084,HIGH,VERY HIGH SUSCEPTIBILITY,high static landslide susceptibility; unstable terrain conditions; elevated neighbouring-cell risk,prioritize location for detailed assessment,VERY HIGH SUSCEPTIBILITY. Main evidence: high static landslide susceptibility; unstable terrain conditions; elevated neighbouring-cell risk. Recommended response: prioritize location for detailed assessment.,24.072700691121742,LOW,13.215996809055468,LOW,STABLE_LOW,LOW,23.62883145523344,NORMAL,UNREFERENCED,78.26516597764578,EXTREME
339_490,0.976298446113785,VERY_HIGH,60.2080123266564,HIGH,58.25692796412992,HIGH,TRANSPORT,99.34179184704185,EXTREME,89.42366510028756,10.576334899712435,HIGH,VERY HIGH SUSCEPTIBILITY,high static landslide susceptibility; unstable terrain conditions; elevated neighbouring-cell risk,prioritize location for detailed assessment,VERY HIGH SUSCEPTIBILITY. Main evidence: high static landslide susceptibility; unstable terrain conditions; elevated neighbouring-cell risk. Recommended response: prioritize location for detailed assessment.,24.072700691121742,LOW,13.215996809055468,LOW,STABLE_LOW,LOW,23.62883145523344,NORMAL,UNREFERENCED,77.05502098888746,EXTREME
339_491,0.9865330447330446,VERY_HIGH,82.07049306625578,EXTREME,59.329184988690486,HIGH,TRANSPORT,99.13709987465666,EXTREME,90.26104135095426,9.738958649045742,HIGH,VERY HIGH SUSCEPTIBILITY,high static landslide susceptibility; unstable terrain conditions; elevated neighbouring-cell risk,prioritize location for detailed assessment,VERY HIGH SUSCEPTIBILITY. Main evidence: high static landslide susceptibility; unstable terrain conditions; elevated neighbouring-cell risk. Recommended response: prioritize location for detailed assessment.,24.072700691121742,LOW,13.215996809055468,LOW,STABLE_LOW,LOW,23.62883145523344,NORMAL,UNREFERENCED,82.02844343111957,EXTREME
340_465,0.9350853397924822,VERY_HIGH,32.69260400616333,MODERATE,57.78951350006116,HIGH,TRANSPORT,97.33325719675896,EXTREME,86.05168367399915,13.94831632600085,HIGH,VERY HIGH SUSCEPTIBILITY,high static landslide susceptibility; elevated neighbouring-cell risk,prioritize location for detailed assessment,VERY HIGH SUSCEPTIBILITY. Main evidence: high static landslide susceptibility; elevated neighbouring-cell risk. Recommended response: prioritize location for detailed assessment.,24.072700691121742,LOW,13.215996809055468,LOW,STABLE_LOW,LOW,23.62883145523344,NORMAL,UNREFERENCED,69.42638390569161,HIGH
341_486,0.992222619047619,VERY_HIGH,71.21340523882897,HIGH,60.3890832962754,HIGH,TRANSPORT,98.85262115892792,EXTREME,90.72655197669216,9.27344802330785,HIGH,VERY HIGH SUSCEPTIBILITY,"high static landslide susceptibility; unstable terrain conditions; high exposure to roads, settlements or infrastructure; elevated neighbouring-cell risk","prioritize location for detailed assessment; check nearby roads, settlements and infrastructure","VERY HIGH SUSCEPTIBILITY. Main evidence: high static landslide susceptibility; unstable terrain conditions; high exposure to roads, settlements or infrastructure; elevated neighbouring-cell risk. Recommended response: prioritize location for detailed assessment; check nearby roads, settlements and infrastructure.",24.072700691121742,LOW,13.215996809055468,LOW,STABLE_LOW,LOW,23.62883145523344,NORMAL,UNREFERENCED,80.24359358435493,EXTREME
342_465,0.8126013139200411,VERY_HIGH,27.46340523882897,MODERATE,53.146948338823805,HIGH,TRANSPORT,98.14981736924187,EXTREME,76.03026337534487,23.969736624655127,MODERATE,VERY HIGH SUSCEPTIBILITY,high static landslide susceptibility; elevated neighbouring-cell risk,prioritize location for detailed assessment,VERY HIGH SUSCEPTIBILITY. Main evidence: high static landslide susceptibility; elevated neighbouring-cell risk. Recommended response: prioritize location for detailed assessment.,24.072700691121742,LOW,13.215996809055468,LOW,STABLE_LOW,LOW,23.62883145523344,NORMAL,UNREFERENCED,62.254034231027575,HIGH
342_468,0.9432338399189464,VERY_HIGH,34.45300462249615,MODERATE,54.75962871440996,HIGH,TRANSPORT,97.27893386258252,EXTREME,86.71837913889168,13.281620861108324,HIGH,VERY HIGH SUSCEPTIBILITY,high static landslide susceptibility; elevated neighbouring-cell risk,prioritize location for detailed assessment,VERY HIGH SUSCEPTIBILITY. Main evidence: high static landslide susceptibility; elevated neighbouring-cell risk. Recommended response: prioritize location for detailed assessment.,24.072700691121742,LOW,13.215996809055468,LOW,STABLE_LOW,LOW,23.62883145523344,NORMAL,UNREFERENCED,69.68523148338375,HIGH
343_359,0.9144244439290868,VERY_HIGH,73.10285053929123,HIGH,52.492548512935386,HIGH,TRANSPORT,0.0,LOW,84.36124673972135,15.638753260278648,HIGH,VERY HIGH SUSCEPTIBILITY,high static landslide susceptibility; unstable terrain conditions,prioritize location for detailed assessment,VERY HIGH SUSCEPTIBILITY. Main evidence: high static landslide susceptibility; unstable terrain conditions. Recommended response: prioritize location for detailed assessment.,24.072700691121742,LOW,13.215996809055468,LOW,STABLE_LOW,LOW,23.62883145523344,NORMAL,UNREFERENCED,66.05082243071963,HIGH
345_474,0.96556304727019,VERY_HIGH,68.37827426810478,HIGH,56.20668467825606,HIGH,TRANSPORT,0.0,LOW,88.54531428581161,11.454685714188386,HIGH,VERY HIGH SUSCEPTIBILITY,high static landslide susceptibility; unstable terrain conditions,prioritize location for detailed assessment,VERY HIGH SUSCEPTIBILITY. Main evidence: high static landslide susceptibility; unstable terrain conditions. Recommended response: prioritize location for detailed assessment.,24.072700691121742,LOW,13.215996809055468,LOW,STABLE_LOW,LOW,23.62883145523344,NORMAL,UNREFERENCED,67.96426475163008,HIGH
346_836,0.0006884650317892,LOW,82.52696456086287,EXTREME,17.58346946780374,LOW,SETTLEMENT,0.0,LOW,77.12473600655878,22.875263993441223,MODERATE,LOW SUSCEPTIBILITY,unstable terrain conditions,continue routine monitoring,LOW SUSCEPTIBILITY. Main evidence: unstable terrain conditions. Recommended response: continue routine monitoring.,24.072700691121742,LOW,13.215996809055468,LOW,STABLE_LOW,LOW,23.62883145523344,NORMAL,UNREFERENCED,21.581164327885823,LOW
348_1302,0.0005622024055266,LOW,27.5288906009245,MODERATE,16.31948391420348,LOW,INFRASTRUCTURE,0.0,LOW,83.13506658507117,16.864933414928828,HIGH,LOW SUSCEPTIBILITY,no major independent warning signal,continue routine monitoring,LOW SUSCEPTIBILITY. Main evidence: no major independent warning signal. Recommended response: continue routine monitoring.,24.072700691121742,LOW,13.215996809055468,LOW,STABLE_LOW,LOW,23.62883145523344,NORMAL,UNREFERENCED,10.386269884676292,LOW
350_510,0.9357853517276016,VERY_HIGH,57.06664098613251,HIGH,58.72852048306348,HIGH,TRANSPORT,97.6019649446638,EXTREME,86.10895737778165,13.89104262221835,HIGH,VERY HIGH SUSCEPTIBILITY,high static landslide susceptibility; elevated neighbouring-cell risk,prioritize location for detailed assessment,VERY HIGH SUSCEPTIBILITY. Main evidence: high static landslide susceptibility; elevated neighbouring-cell risk. Recommended response: prioritize location for detailed assessment.,24.072700691121742,LOW,13.215996809055468,LOW,STABLE_LOW,LOW,23.62883145523344,NORMAL,UNREFERENCED,74.50041366100665,HIGH
350_606,0.99317934662237,VERY_HIGH,75.46610169491527,EXTREME,71.65311303561161,HIGH,TRANSPORT,0.0,LOW,90.80482968735362,9.195170312646384,HIGH,VERY HIGH SUSCEPTIBILITY,"high static landslide susceptibility; unstable terrain conditions; high exposure to roads, settlements or infrastructure","prioritize location for detailed assessment; check nearby roads, settlements and infrastructure","VERY HIGH SUSCEPTIBILITY. Main evidence: high static landslide susceptibility; unstable terrain conditions; high exposure to roads, settlements or infrastructure. Recommended response: prioritize location for detailed assessment; check nearby roads, settlements and infrastructure.",24.072700691121742,LOW,13.215996809055468,LOW,STABLE_LOW,LOW,23.62883145523344,NORMAL,UNREFERENCED,72.94152796144361,HIGH
351_413,0.9899768398268396,VERY_HIGH,67.70030816640987,HIGH,61.15236014470591,HIGH,TRANSPORT,0.0,LOW,90.54280640408294,9.457193595917062,HIGH,VERY HIGH SUSCEPTIBILITY,"high static landslide susceptibility; unstable terrain conditions; high exposure to roads, settlements or infrastructure","prioritize location for detailed assessment; check nearby roads, settlements and infrastructure","VERY HIGH SUSCEPTIBILITY. Main evidence: high static landslide susceptibility; unstable terrain conditions; high exposure to roads, settlements or infrastructure. Recommended response: prioritize location for detailed assessment; check nearby roads, settlements and infrastructure.",24.072700691121742,LOW,13.215996809055468,LOW,STABLE_LOW,LOW,23.62883145523344,NORMAL,UNREFERENCED,69.66914351630781,HIGH
351_482,0.9374376847902284,VERY_HIGH,37.640600924499225,MODERATE,61.5735618683083,HIGH,TRANSPORT,0.0,LOW,86.24414826472385,13.755851735276153,HIGH,VERY HIGH SUSCEPTIBILITY,"high static landslide susceptibility; high exposure to roads, settlements or infrastructure","prioritize location for detailed assessment; check nearby roads, settlements and infrastructure","VERY HIGH SUSCEPTIBILITY. Main evidence: high static landslide susceptibility; high exposure to roads, settlements or infrastructure. Recommended response: prioritize location for detailed assessment; check nearby roads, settlements and infrastructure.",24.072700691121742,LOW,13.215996809055468,LOW,STABLE_LOW,LOW,23.62883145523344,NORMAL,UNREFERENCED,61.356120349818546,HIGH
351_510,0.97057153246723,VERY_HIGH,52.12057010785824,HIGH,58.29622984647186,HIGH,TRANSPORT,96.39917783780774,EXTREME,88.9550994382967,11.0449005617033,HIGH,VERY HIGH SUSCEPTIBILITY,high static landslide susceptibility; elevated neighbouring-cell risk,prioritize location for detailed assessment,VERY HIGH SUSCEPTIBILITY. Main evidence: high static landslide susceptibility; elevated neighbouring-cell risk. Recommended response: prioritize location for detailed assessment.,24.072700691121742,LOW,13.215996809055468,LOW,STABLE_LOW,LOW,23.62883145523344,NORMAL,UNREFERENCED,74.89145531246072,HIGH
353_512,0.953669416065114,VERY_HIGH,48.09899845916795,MODERATE,59.45184715202251,HIGH,TRANSPORT,97.24428365791354,EXTREME,87.57219900539631,12.427800994603686,HIGH,VERY HIGH SUSCEPTIBILITY,high static landslide susceptibility; elevated neighbouring-cell risk,prioritize location for detailed assessment,VERY HIGH SUSCEPTIBILITY. Main evidence: high static landslide susceptibility; elevated neighbouring-cell risk. Recommended response: prioritize location for detailed assessment.,24.072700691121742,LOW,13.215996809055468,LOW,STABLE_LOW,LOW,23.62883145523344,NORMAL,UNREFERENCED,73.58439892247063,HIGH
355_106,0.0378020512040711,LOW,43.86748844375963,MODERATE,42.00561091434735,MODERATE,TRANSPORT,0.0,LOW,80.08816986519025,19.911830134809748,HIGH,LOW SUSCEPTIBILITY,no major independent warning signal,continue routine monitoring,LOW SUSCEPTIBILITY. Main evidence: no major independent warning signal. Recommended response: continue routine monitoring.,24.072700691121742,LOW,13.215996809055468,LOW,STABLE_LOW,LOW,23.62883145523344,NORMAL,UNREFERENCED,19.182701699199406,LOW
355_852,0.0010217983651226,LOW,69.24306625577812,HIGH,16.92393794694057,LOW,SETTLEMENT,0.0,LOW,77.09746327928603,22.902536720713968,MODERATE,LOW SUSCEPTIBILITY,unstable terrain conditions,continue routine monitoring,LOW SUSCEPTIBILITY. Main evidence: unstable terrain conditions. Recommended response: continue routine monitoring.,24.072700691121742,LOW,13.215996809055468,LOW,STABLE_LOW,LOW,23.62883145523344,NORMAL,UNREFERENCED,18.8404549387394,LOW
356_608,0.4653155844155846,MODERATE,74.69375963020032,HIGH,78.13795061982715,VERY_HIGH,TRANSPORT,0.0,LOW,47.61597641588936,52.38402358411064,LOW,MODERATE SUSCEPTIBILITY,"unstable terrain conditions; high exposure to roads, settlements or infrastructure","check nearby roads, settlements and infrastructure","MODERATE SUSCEPTIBILITY. Main evidence: unstable terrain conditions; high exposure to roads, settlements or infrastructure. Recommended response: check nearby roads, settlements and infrastructure.",24.072700691121742,LOW,13.215996809055468,LOW,STABLE_LOW,LOW,23.62883145523344,NORMAL,UNREFERENCED,50.00591588682762,HIGH
358_530,0.9262548853486128,VERY_HIGH,26.12480739599384,MODERATE,61.68617872465012,HIGH,TRANSPORT,0.0,LOW,85.32919194677348,14.670808053226525,HIGH,VERY HIGH SUSCEPTIBILITY,"high static landslide susceptibility; high exposure to roads, settlements or infrastructure","prioritize location for detailed assessment; check nearby roads, settlements and infrastructure","VERY HIGH SUSCEPTIBILITY. Main evidence: high static landslide susceptibility; high exposure to roads, settlements or infrastructure. Recommended response: prioritize location for detailed assessment; check nearby roads, settlements and infrastructure.",24.072700691121742,LOW,13.215996809055468,LOW,STABLE_LOW,LOW,23.62883145523344,NORMAL,UNREFERENCED,58.56662819769603,HIGH
358_1363,0.0042442847299818,LOW,31.46379044684129,MODERATE,26.68160058418368,MODERATE,TRANSPORT,0.0,LOW,82.83380530397937,17.166194696020625,HIGH,LOW SUSCEPTIBILITY,no major independent warning signal,continue routine monitoring,LOW SUSCEPTIBILITY. Main evidence: no major independent warning signal. Recommended response: continue routine monitoring.,24.072700691121742,LOW,13.215996809055468,LOW,STABLE_LOW,LOW,23.62883145523344,NORMAL,UNREFERENCED,12.893261058957167,LOW
360_264,0.5113533686619894,HIGH,29.85362095531587,MODERATE,69.47914531235597,HIGH,TRANSPORT,0.0,LOW,51.382704217867925,48.61729578213208,LOW,HIGH SUSCEPTIBILITY,"high static landslide susceptibility; high exposure to roads, settlements or infrastructure","check nearby roads, settlements and infrastructure","HIGH SUSCEPTIBILITY. Main evidence: high static landslide susceptibility; high exposure to roads, settlements or infrastructure. Recommended response: check nearby roads, settlements and infrastructure.",24.072700691121742,LOW,13.215996809055468,LOW,STABLE_LOW,LOW,23.62883145523344,NORMAL,UNREFERENCED,41.81076764681826,MODERATE
360_519,0.8926428142779207,VERY_HIGH,29.42604006163328,MODERATE,57.87523408888696,HIGH,TRANSPORT,0.0,LOW,82.57911340462593,17.42088659537407,HIGH,VERY HIGH SUSCEPTIBILITY,high static landslide susceptibility,prioritize location for detailed assessment,VERY HIGH SUSCEPTIBILITY. Main evidence: high static landslide susceptibility. Recommended response: prioritize location for detailed assessment.,24.072700691121742,LOW,13.215996809055468,LOW,STABLE_LOW,LOW,23.62883145523344,NORMAL,UNREFERENCED,57.1426898372783,HIGH
360_1070,0.0222803120736363,LOW,71.35593220338983,HIGH,36.83258355690569,MODERATE,TRANSPORT,0.0,LOW,81.35813033949856,18.64186966050144,HIGH,LOW SUSCEPTIBILITY,unstable terrain conditions,continue routine monitoring,LOW SUSCEPTIBILITY. Main evidence: unstable terrain conditions. Recommended response: continue routine monitoring.,24.072700691121742,LOW,13.215996809055468,LOW,STABLE_LOW,LOW,23.62883145523344,NORMAL,UNREFERENCED,23.205958086639626,LOW
363_189,0.1574280021485515,LOW,65.00577812018491,HIGH,44.04873097607027,MODERATE,TRANSPORT,0.0,LOW,70.30059206064185,29.699407939358156,MODERATE,LOW SUSCEPTIBILITY,unstable terrain conditions,continue routine monitoring,LOW SUSCEPTIBILITY. Main evidence: unstable terrain conditions. Recommended response: continue routine monitoring.,24.072700691121742,LOW,13.215996809055468,LOW,STABLE_LOW,LOW,23.62883145523344,NORMAL,UNREFERENCED,29.099995436244512,MODERATE
363_966,0.0022217983651226,LOW,65.2946841294299,HIGH,14.712656215357027,LOW,INFRASTRUCTURE,0.0,LOW,76.99928146110422,23.000718538895786,MODERATE,LOW SUSCEPTIBILITY,unstable terrain conditions,continue routine monitoring,LOW SUSCEPTIBILITY. Main evidence: unstable terrain conditions. Recommended response: continue routine monitoring.,24.072700691121742,LOW,13.215996809055468,LOW,STABLE_LOW,LOW,23.62883145523344,NORMAL,UNREFERENCED,17.773086253732224,LOW
364_545,0.7484782188399836,HIGH,44.104391371340526,MODERATE,89.25348335728242,VERY_HIGH,TRANSPORT,0.0,LOW,70.78382832334017,29.216171676659823,MODERATE,HIGH SUSCEPTIBILITY,"high static landslide susceptibility; high exposure to roads, settlements or infrastructure","check nearby roads, settlements and infrastructure","HIGH SUSCEPTIBILITY. Main evidence: high static landslide susceptibility; high exposure to roads, settlements or infrastructure. Recommended response: check nearby roads, settlements and infrastructure.",24.072700691121742,LOW,13.215996809055468,LOW,STABLE_LOW,LOW,23.62883145523344,NORMAL,UNREFERENCED,58.2976906947719,HIGH
367_468,0.0672695072786764,LOW,85.59129429892141,EXTREME,44.28405367948129,MODERATE,TRANSPORT,0.0,LOW,77.67719618635891,22.322803813641087,MODERATE,LOW SUSCEPTIBILITY,unstable terrain conditions,continue routine monitoring,LOW SUSCEPTIBILITY. Main evidence: unstable terrain conditions. Recommended response: continue routine monitoring.,24.072700691121742,LOW,13.215996809055468,LOW,STABLE_LOW,LOW,23.62883145523344,NORMAL,UNREFERENCED,29.19526480835909,MODERATE
368_367,0.9950622222222224,VERY_HIGH,72.5346687211094,HIGH,60.96994847725487,HIGH,TRANSPORT,98.50797474747476,EXTREME,90.95888314552334,9.041116854476655,HIGH,VERY HIGH SUSCEPTIBILITY,"high static landslide susceptibility; unstable terrain conditions; high exposure to roads, settlements or infrastructure; elevated neighbouring-cell risk","prioritize location for detailed assessment; check nearby roads, settlements and infrastructure","VERY HIGH SUSCEPTIBILITY. Main evidence: high static landslide susceptibility; unstable terrain conditions; high exposure to roads, settlements or infrastructure; elevated neighbouring-cell risk. Recommended response: prioritize location for detailed assessment; check nearby roads, settlements and infrastructure.",24.072700691121742,LOW,13.215996809055468,LOW,STABLE_LOW,LOW,23.62883145523344,NORMAL,UNREFERENCED,80.68829355966977,EXTREME
368_829,6.220240552665621e-05,LOW,54.36825885978428,HIGH,16.2172749719408,LOW,INFRASTRUCTURE,0.0,LOW,77.17597567598025,22.824024324019742,MODERATE,LOW SUSCEPTIBILITY,no major independent warning signal,continue routine monitoring,LOW SUSCEPTIBILITY. Main evidence: no major independent warning signal. Recommended response: continue routine monitoring.,24.072700691121742,LOW,13.215996809055468,LOW,STABLE_LOW,LOW,23.62883145523344,NORMAL,UNREFERENCED,15.71631219510885,LOW
369_539,0.9612759655377304,VERY_HIGH,65.18682588597844,HIGH,77.63636283796616,VERY_HIGH,TRANSPORT,0.0,LOW,88.19455305315583,11.805446946844173,HIGH,VERY HIGH SUSCEPTIBILITY,"high static landslide susceptibility; unstable terrain conditions; high exposure to roads, settlements or infrastructure","prioritize location for detailed assessment; check nearby roads, settlements and infrastructure","VERY HIGH SUSCEPTIBILITY. Main evidence: high static landslide susceptibility; unstable terrain conditions; high exposure to roads, settlements or infrastructure. Recommended response: prioritize location for detailed assessment; check nearby roads, settlements and infrastructure.",24.072700691121742,LOW,13.215996809055468,LOW,STABLE_LOW,LOW,23.62883145523344,NORMAL,UNREFERENCED,70.34750812120066,HIGH
370_476,0.157538771470018,LOW,27.45762711864407,MODERATE,45.977233460175846,MODERATE,INFRASTRUCTURE,0.0,LOW,70.29152911615823,29.70847088384177,MODERATE,LOW SUSCEPTIBILITY,no major independent warning signal,continue routine monitoring,LOW SUSCEPTIBILITY. Main evidence: no major independent warning signal. Recommended response: continue routine monitoring.,24.072700691121742,LOW,13.215996809055468,LOW,STABLE_LOW,LOW,23.62883145523344,NORMAL,UNREFERENCED,21.884625228018173,LOW
372_119,0.0346443715321448,LOW,39.43567026194145,MODERATE,36.84170589317562,MODERATE,INFRASTRUCTURE,0.0,LOW,80.34652547471148,19.65347452528852,HIGH,LOW SUSCEPTIBILITY,no major independent warning signal,continue routine monitoring,LOW SUSCEPTIBILITY. Main evidence: no major independent warning signal. Recommended response: continue routine monitoring.,24.072700691121742,LOW,13.215996809055468,LOW,STABLE_LOW,LOW,23.62883145523344,NORMAL,UNREFERENCED,17.37965672442332,LOW
372_368,0.9786853535353536,VERY_HIGH,81.58705701078583,EXTREME,69.71335294894692,HIGH,TRANSPORT,99.65435555555555,EXTREME,89.61895752568861,10.381042474311386,HIGH,VERY HIGH SUSCEPTIBILITY,"high static landslide susceptibility; unstable terrain conditions; high exposure to roads, settlements or infrastructure; elevated neighbouring-cell risk","prioritize location for detailed assessment; check nearby roads, settlements and infrastructure","VERY HIGH SUSCEPTIBILITY. Main evidence: high static landslide susceptibility; unstable terrain conditions; high exposure to roads, settlements or infrastructure; elevated neighbouring-cell risk. Recommended response: prioritize location for detailed assessment; check nearby roads, settlements and infrastructure.",24.072700691121742,LOW,13.215996809055468,LOW,STABLE_LOW,LOW,23.62883145523344,NORMAL,UNREFERENCED,83.18796087825785,EXTREME
373_448,0.8864971058971061,VERY_HIGH,62.75038520801233,HIGH,58.31090137898607,HIGH,TRANSPORT,0.0,LOW,82.07628271892293,17.923717281077074,HIGH,VERY HIGH SUSCEPTIBILITY,high static landslide susceptibility; unstable terrain conditions,prioritize location for detailed assessment,VERY HIGH SUSCEPTIBILITY. Main evidence: high static landslide susceptibility; unstable terrain conditions. Recommended response: prioritize location for detailed assessment.,24.072700691121742,LOW,13.215996809055468,LOW,STABLE_LOW,LOW,23.62883145523344,NORMAL,UNREFERENCED,63.59635208293233,HIGH
373_717,0.0026884650317892,LOW,78.56510015408321,EXTREME,17.414318288207696,LOW,INFRASTRUCTURE,0.0,LOW,76.96109964292239,23.03890035707761,MODERATE,LOW SUSCEPTIBILITY,unstable terrain conditions,continue routine monitoring,LOW SUSCEPTIBILITY. Main evidence: unstable terrain conditions. Recommended response: continue routine monitoring.,24.072700691121742,LOW,13.215996809055468,LOW,STABLE_LOW,LOW,23.62883145523344,NORMAL,UNREFERENCED,20.853418769590483,LOW
376_613,0.9450858044733044,VERY_HIGH,50.27542372881356,HIGH,57.448886200914274,HIGH,TRANSPORT,98.8285502136752,EXTREME,86.86990351152096,13.13009648847904,HIGH,VERY HIGH SUSCEPTIBILITY,high static landslide susceptibility; elevated neighbouring-cell risk,prioritize location for detailed assessment,VERY HIGH SUSCEPTIBILITY. Main evidence: high static landslide susceptibility; elevated neighbouring-cell risk. Recommended response: prioritize location for detailed assessment.,24.072700691121742,LOW,13.215996809055468,LOW,STABLE_LOW,LOW,23.62883145523344,NORMAL,UNREFERENCED,73.49140396767824,HIGH
376_614,0.983265003052503,VERY_HIGH,72.5635593220339,HIGH,60.85032045689627,HIGH,TRANSPORT,96.15600631313131,EXTREME,89.99365612254633,10.006343877453672,HIGH,VERY HIGH SUSCEPTIBILITY,"high static landslide susceptibility; unstable terrain conditions; high exposure to roads, settlements or infrastructure; elevated neighbouring-cell risk","prioritize location for detailed assessment; check nearby roads, settlements and infrastructure","VERY HIGH SUSCEPTIBILITY. Main evidence: high static landslide susceptibility; unstable terrain conditions; high exposure to roads, settlements or infrastructure; elevated neighbouring-cell risk. Recommended response: prioritize location for detailed assessment; check nearby roads, settlements and infrastructure.",24.072700691121742,LOW,13.215996809055468,LOW,STABLE_LOW,LOW,23.62883145523344,NORMAL,UNREFERENCED,79.91005577072916,EXTREME
377_494,0.8505763748183722,VERY_HIGH,54.35285053929122,HIGH,75.5378399139917,VERY_HIGH,TRANSPORT,0.0,LOW,79.13731381248107,20.86268618751893,MODERATE,VERY HIGH SUSCEPTIBILITY,"high static landslide susceptibility; high exposure to roads, settlements or infrastructure","prioritize location for detailed assessment; check nearby roads, settlements and infrastructure","VERY HIGH SUSCEPTIBILITY. Main evidence: high static landslide susceptibility; high exposure to roads, settlements or infrastructure. Recommended response: prioritize location for detailed assessment; check nearby roads, settlements and infrastructure.",24.072700691121742,LOW,13.215996809055468,LOW,STABLE_LOW,LOW,23.62883145523344,NORMAL,UNREFERENCED,62.88445303089592,HIGH
377_504,0.9399769094544528,VERY_HIGH,35.872496147919875,MODERATE,61.03761886061165,HIGH,TRANSPORT,0.0,LOW,86.45190300997857,13.548096990021437,HIGH,VERY HIGH SUSCEPTIBILITY,"high static landslide susceptibility; high exposure to roads, settlements or infrastructure","prioritize location for detailed assessment; check nearby roads, settlements and infrastructure","VERY HIGH SUSCEPTIBILITY. Main evidence: high static landslide susceptibility; high exposure to roads, settlements or infrastructure. Recommended response: prioritize location for detailed assessment; check nearby roads, settlements and infrastructure.",24.072700691121742,LOW,13.215996809055468,LOW,STABLE_LOW,LOW,23.62883145523344,NORMAL,UNREFERENCED,61.036373053238265,HIGH
379_464,0.9913277777777778,VERY_HIGH,72.09360554699539,HIGH,61.99400983372004,HIGH,TRANSPORT,99.74734188034188,EXTREME,90.65333769097788,9.346662309022108,HIGH,VERY HIGH SUSCEPTIBILITY,"high static landslide susceptibility; unstable terrain conditions; high exposure to roads, settlements or infrastructure; elevated neighbouring-cell risk","prioritize location for detailed assessment; check nearby roads, settlements and infrastructure","VERY HIGH SUSCEPTIBILITY. Main evidence: high static landslide susceptibility; unstable terrain conditions; high exposure to roads, settlements or infrastructure; elevated neighbouring-cell risk. Recommended response: prioritize location for detailed assessment; check nearby roads, settlements and infrastructure.",24.072700691121742,LOW,13.215996809055468,LOW,STABLE_LOW,LOW,23.62883145523344,NORMAL,UNREFERENCED,80.70957684160345,EXTREME
381_395,0.938739660024766,VERY_HIGH,29.913328197226505,MODERATE,62.13989730019895,HIGH,TRANSPORT,0.0,LOW,86.35067351118602,13.649326488813983,HIGH,VERY HIGH SUSCEPTIBILITY,"high static landslide susceptibility; high exposure to roads, settlements or infrastructure","prioritize location for detailed assessment; check nearby roads, settlements and infrastructure","VERY HIGH SUSCEPTIBILITY. Main evidence: high static landslide susceptibility; high exposure to roads, settlements or infrastructure. Recommended response: prioritize location for detailed assessment; check nearby roads, settlements and infrastructure.",24.072700691121742,LOW,13.215996809055468,LOW,STABLE_LOW,LOW,23.62883145523344,NORMAL,UNREFERENCED,59.95420500470179,HIGH
381_468,0.9963905982905984,VERY_HIGH,72.16872110939907,HIGH,62.56224358140391,HIGH,TRANSPORT,98.92799519681788,EXTREME,91.06756846020866,8.932431539791338,HIGH,VERY HIGH SUSCEPTIBILITY,"high static landslide susceptibility; unstable terrain conditions; high exposure to roads, settlements or infrastructure; elevated neighbouring-cell risk","prioritize location for detailed assessment; check nearby roads, settlements and infrastructure","VERY HIGH SUSCEPTIBILITY. Main evidence: high static landslide susceptibility; unstable terrain conditions; high exposure to roads, settlements or infrastructure; elevated neighbouring-cell risk. Recommended response: prioritize location for detailed assessment; check nearby roads, settlements and infrastructure.",24.072700691121742,LOW,13.215996809055468,LOW,STABLE_LOW,LOW,23.62883145523344,NORMAL,UNREFERENCED,80.95572727096128,EXTREME
382_638,0.0064723565423037,LOW,36.41756548536209,MODERATE,31.217852229769743,MODERATE,TRANSPORT,0.0,LOW,82.65150851933485,17.348491480665146,HIGH,LOW SUSCEPTIBILITY,no major independent warning signal,continue routine monitoring,LOW SUSCEPTIBILITY. Main evidence: no major independent warning signal. Recommended response: continue routine monitoring.,24.072700691121742,LOW,13.215996809055468,LOW,STABLE_LOW,LOW,23.62883145523344,NORMAL,UNREFERENCED,14.66471704505372,LOW
383_922,2.1798365122615804e-05,LOW,30.096302003081664,MODERATE,14.93799048406288,LOW,INFRASTRUCTURE,0.0,LOW,77.17928146110421,22.82071853889579,MODERATE,LOW SUSCEPTIBILITY,no major independent warning signal,continue routine monitoring,LOW SUSCEPTIBILITY. Main evidence: no major independent warning signal. Recommended response: continue routine monitoring.,24.072700691121742,LOW,13.215996809055468,LOW,STABLE_LOW,LOW,23.62883145523344,NORMAL,UNREFERENCED,10.668209968768457,LOW
384_469,0.94753463356974,VERY_HIGH,46.73921417565485,MODERATE,61.06861636036025,HIGH,TRANSPORT,99.69406733886876,EXTREME,87.0702622557748,12.929737744225209,HIGH,VERY HIGH SUSCEPTIBILITY,"high static landslide susceptibility; high exposure to roads, settlements or infrastructure; elevated neighbouring-cell risk","prioritize location for detailed assessment; check nearby roads, settlements and infrastructure","VERY HIGH SUSCEPTIBILITY. Main evidence: high static landslide susceptibility; high exposure to roads, settlements or infrastructure; elevated neighbouring-cell risk. Recommended response: prioritize location for detailed assessment; check nearby roads, settlements and infrastructure.",24.072700691121742,LOW,13.215996809055468,LOW,STABLE_LOW,LOW,23.62883145523344,NORMAL,UNREFERENCED,73.52387060282236,HIGH
384_549,0.0745249453188971,LOW,77.09360554699538,EXTREME,40.50811496463728,MODERATE,INFRASTRUCTURE,0.0,LOW,77.08356943761358,22.916430562386424,MODERATE,LOW SUSCEPTIBILITY,unstable terrain conditions,continue routine monitoring,LOW SUSCEPTIBILITY. Main evidence: unstable terrain conditions. Recommended response: continue routine monitoring.,24.072700691121742,LOW,13.215996809055468,LOW,STABLE_LOW,LOW,23.62883145523344,NORMAL,UNREFERENCED,27.255830962557212,MODERATE
384_1393,0.0150666666666666,LOW,23.476502311248076,LOW,42.24015368889684,MODERATE,TRANSPORT,0.0,LOW,81.9483376909779,18.051662309022102,HIGH,LOW SUSCEPTIBILITY,no major independent warning signal,continue routine monitoring,LOW SUSCEPTIBILITY. Main evidence: no major independent warning signal. Recommended response: continue routine monitoring.,24.072700691121742,LOW,13.215996809055468,LOW,STABLE_LOW,LOW,23.62883145523344,NORMAL,UNREFERENCED,14.116593584696313,LOW
386_469,0.9940729933580996,VERY_HIGH,44.92873651771957,MODERATE,62.41971140144319,HIGH,TRANSPORT,99.07355587502396,EXTREME,90.87794623845878,9.122053761541224,HIGH,VERY HIGH SUSCEPTIBILITY,"high static landslide susceptibility; high exposure to roads, settlements or infrastructure; elevated neighbouring-cell risk","prioritize location for detailed assessment; check nearby roads, settlements and infrastructure","VERY HIGH SUSCEPTIBILITY. Main evidence: high static landslide susceptibility; high exposure to roads, settlements or infrastructure; elevated neighbouring-cell risk. Recommended response: prioritize location for detailed assessment; check nearby roads, settlements and infrastructure.",24.072700691121742,LOW,13.215996809055468,LOW,STABLE_LOW,LOW,23.62883145523344,NORMAL,UNREFERENCED,75.39661437148945,EXTREME
386_471,0.9947126126126126,VERY_HIGH,62.16294298921418,HIGH,62.24361840173793,HIGH,TRANSPORT,98.6543423392998,EXTREME,90.93027872291891,9.069721277081086,HIGH,VERY HIGH SUSCEPTIBILITY,"high static landslide susceptibility; unstable terrain conditions; high exposure to roads, settlements or infrastructure; elevated neighbouring-cell risk","prioritize location for detailed assessment; check nearby roads, settlements and infrastructure","VERY HIGH SUSCEPTIBILITY. Main evidence: high static landslide susceptibility; unstable terrain conditions; high exposure to roads, settlements or infrastructure; elevated neighbouring-cell risk. Recommended response: prioritize location for detailed assessment; check nearby roads, settlements and infrastructure.",24.072700691121742,LOW,13.215996809055468,LOW,STABLE_LOW,LOW,23.62883145523344,NORMAL,UNREFERENCED,78.80390322871324,EXTREME
386_685,0.0032884650317892,LOW,81.80277349768876,EXTREME,21.95671555383745,LOW,INFRASTRUCTURE,0.0,LOW,76.9120087338315,23.0879912661685,MODERATE,LOW SUSCEPTIBILITY,unstable terrain conditions,continue routine monitoring,LOW SUSCEPTIBILITY. Main evidence: unstable terrain conditions. Recommended response: continue routine monitoring.,24.072700691121742,LOW,13.215996809055468,LOW,STABLE_LOW,LOW,23.62883145523344,NORMAL,UNREFERENCED,22.20931302815606,LOW
388_927,0.0012134650317892,LOW,95.18104776579354,EXTREME,14.786365212197222,LOW,INFRASTRUCTURE,0.0,LOW,77.08178146110421,22.918218538895783,MODERATE,LOW SUSCEPTIBILITY,unstable terrain conditions,continue routine monitoring,LOW SUSCEPTIBILITY. Main evidence: unstable terrain conditions. Recommended response: continue routine monitoring.,24.072700691121742,LOW,13.215996809055468,LOW,STABLE_LOW,LOW,23.62883145523344,NORMAL,UNREFERENCED,23.71604033053098,LOW
391_315,0.1404023809523809,LOW,21.75077041602465,LOW,52.06745719411424,HIGH,TRANSPORT,0.0,LOW,71.69359743123763,28.306402568762365,MODERATE,LOW SUSCEPTIBILITY,no major independent warning signal,continue routine monitoring,LOW SUSCEPTIBILITY. Main evidence: no major independent warning signal. Recommended response: continue routine monitoring.,24.072700691121742,LOW,13.215996809055468,LOW,STABLE_LOW,LOW,23.62883145523344,NORMAL,UNREFERENCED,20.88564987429138,LOW
391_522,0.9644786172161176,VERY_HIGH,81.76810477657935,EXTREME,57.50418859949745,HIGH,TRANSPORT,0.0,LOW,88.45658819047841,11.543411809521588,HIGH,VERY HIGH SUSCEPTIBILITY,high static landslide susceptibility; unstable terrain conditions,prioritize location for detailed assessment,VERY HIGH SUSCEPTIBILITY. Main evidence: high static landslide susceptibility; unstable terrain conditions. Recommended response: prioritize location for detailed assessment.,24.072700691121742,LOW,13.215996809055468,LOW,STABLE_LOW,LOW,23.62883145523344,NORMAL,UNREFERENCED,70.78805708907795,HIGH
393_437,0.9842256235827664,VERY_HIGH,66.20570107858244,HIGH,60.71262087807139,HIGH,TRANSPORT,0.0,LOW,90.0722523477497,9.927747652250304,HIGH,VERY HIGH SUSCEPTIBILITY,"high static landslide susceptibility; unstable terrain conditions; high exposure to roads, settlements or infrastructure","prioritize location for detailed assessment; check nearby roads, settlements and infrastructure","VERY HIGH SUSCEPTIBILITY. Main evidence: high static landslide susceptibility; unstable terrain conditions; high exposure to roads, settlements or infrastructure. Recommended response: prioritize location for detailed assessment; check nearby roads, settlements and infrastructure.",24.072700691121742,LOW,13.215996809055468,LOW,STABLE_LOW,LOW,23.62883145523344,NORMAL,UNREFERENCED,69.04545647776386,HIGH
394_671,0.0358970766815774,LOW,91.24036979969183,EXTREME,33.50291875957169,MODERATE,TRANSPORT,0.0,LOW,80.24403141703064,19.75596858296936,HIGH,LOW SUSCEPTIBILITY,unstable terrain conditions,continue routine monitoring,LOW SUSCEPTIBILITY. Main evidence: unstable terrain conditions. Recommended response: continue routine monitoring.,24.072700691121742,LOW,13.215996809055468,LOW,STABLE_LOW,LOW,23.62883145523344,NORMAL,UNREFERENCED,27.296150293657277,MODERATE
394_1262,0.0070765602698845,LOW,31.303929121725734,MODERATE,16.269548792265876,LOW,INFRASTRUCTURE,0.0,LOW,82.60207366889642,17.397926331103577,HIGH,LOW SUSCEPTIBILITY,no major independent warning signal,continue routine monitoring,LOW SUSCEPTIBILITY. Main evidence: no major independent warning signal. Recommended response: continue routine monitoring.,24.072700691121742,LOW,13.215996809055468,LOW,STABLE_LOW,LOW,23.62883145523344,NORMAL,UNREFERENCED,11.426933424442005,LOW
394_1503,0.0280388888888888,LOW,18.8771186440678,LOW,45.74054227231232,MODERATE,TRANSPORT,0.0,LOW,80.88697405461426,19.113025945385743,HIGH,LOW SUSCEPTIBILITY,no major independent warning signal,continue routine monitoring,LOW SUSCEPTIBILITY. Main evidence: no major independent warning signal. Recommended response: continue routine monitoring.,24.072700691121742,LOW,13.215996809055468,LOW,STABLE_LOW,LOW,23.62883145523344,NORMAL,UNREFERENCED,14.305525138772579,LOW
395_1491,6.220240552665621e-05,LOW,18.570878274268104,LOW,25.228754277076582,MODERATE,TRANSPORT,0.0,LOW,83.17597567598025,16.824024324019746,HIGH,LOW SUSCEPTIBILITY,no major independent warning signal,continue routine monitoring,LOW SUSCEPTIBILITY. Main evidence: no major independent warning signal. Recommended response: continue routine monitoring.,24.072700691121742,LOW,13.215996809055468,LOW,STABLE_LOW,LOW,23.62883145523344,NORMAL,UNREFERENCED,9.90855797377598,LOW
396_198,0.0216931985022761,LOW,23.724961479198768,LOW,37.04028190303937,MODERATE,INFRASTRUCTURE,0.0,LOW,81.40616690442803,18.593833095571966,HIGH,LOW SUSCEPTIBILITY,no major independent warning signal,continue routine monitoring,LOW SUSCEPTIBILITY. Main evidence: no major independent warning signal. Recommended response: continue routine monitoring.,24.072700691121742,LOW,13.215996809055468,LOW,STABLE_LOW,LOW,23.62883145523344,NORMAL,UNREFERENCED,13.684498583010258,LOW
396_1282,0.0030551316984559,LOW,79.15061633281972,EXTREME,16.57966143979339,LOW,INFRASTRUCTURE,0.0,LOW,76.9310996429224,23.068900357077595,MODERATE,LOW SUSCEPTIBILITY,unstable terrain conditions,continue routine monitoring,LOW SUSCEPTIBILITY. Main evidence: unstable terrain conditions. Recommended response: continue routine monitoring.,24.072700691121742,LOW,13.215996809055468,LOW,STABLE_LOW,LOW,23.62883145523344,NORMAL,UNREFERENCED,20.861823478075642,LOW
396_1560,0.0332272096205338,LOW,22.750385208012325,LOW,56.08939917397766,HIGH,SETTLEMENT,0.0,LOW,80.46247508566148,19.53752491433852,HIGH,LOW SUSCEPTIBILITY,no major independent warning signal,continue routine monitoring,LOW SUSCEPTIBILITY. Main evidence: no major independent warning signal. Recommended response: continue routine monitoring.,24.072700691121742,LOW,13.215996809055468,LOW,STABLE_LOW,LOW,23.62883145523344,NORMAL,UNREFERENCED,16.86598141973531,LOW
397_969,0.0018134650317892,LOW,85.98228043143298,EXTREME,14.612587057644893,LOW,INFRASTRUCTURE,0.0,LOW,77.03269055201332,22.96730944798668,MODERATE,LOW SUSCEPTIBILITY,unstable terrain conditions,continue routine monitoring,LOW SUSCEPTIBILITY. Main evidence: unstable terrain conditions. Recommended response: continue routine monitoring.,24.072700691121742,LOW,13.215996809055468,LOW,STABLE_LOW,LOW,23.62883145523344,NORMAL,UNREFERENCED,21.87722014047602,LOW
398_366,0.9696499815430047,VERY_HIGH,65.26771956856703,HIGH,70.01876727249058,HIGH,TRANSPORT,0.0,LOW,88.87969981722372,11.120300182776276,HIGH,VERY HIGH SUSCEPTIBILITY,"high static landslide susceptibility; unstable terrain conditions; high exposure to roads, settlements or infrastructure","prioritize location for detailed assessment; check nearby roads, settlements and infrastructure","VERY HIGH SUSCEPTIBILITY. Main evidence: high static landslide susceptibility; unstable terrain conditions; high exposure to roads, settlements or infrastructure. Recommended response: prioritize location for detailed assessment; check nearby roads, settlements and infrastructure.",24.072700691121742,LOW,13.215996809055468,LOW,STABLE_LOW,LOW,23.62883145523344,NORMAL,UNREFERENCED,69.59787824313437,HIGH
398_393,0.5222474451904688,HIGH,43.8308936825886,MODERATE,67.45239932400273,HIGH,TRANSPORT,0.0,LOW,52.27403775201624,47.72596224798376,LOW,HIGH SUSCEPTIBILITY,"high static landslide susceptibility; high exposure to roads, settlements or infrastructure","check nearby roads, settlements and infrastructure","HIGH SUSCEPTIBILITY. Main evidence: high static landslide susceptibility; high exposure to roads, settlements or infrastructure. Recommended response: check nearby roads, settlements and infrastructure.",24.072700691121742,LOW,13.215996809055468,LOW,STABLE_LOW,LOW,23.62883145523344,NORMAL,UNREFERENCED,44.7924437378014,MODERATE
398_514,0.9746569902319904,VERY_HIGH,79.09283513097073,EXTREME,61.5060645618985,HIGH,TRANSPORT,0.0,LOW,89.28936416450438,10.710635835495625,HIGH,VERY HIGH SUSCEPTIBILITY,"high static landslide susceptibility; unstable terrain conditions; high exposure to roads, settlements or infrastructure","prioritize location for detailed assessment; check nearby roads, settlements and infrastructure","VERY HIGH SUSCEPTIBILITY. Main evidence: high static landslide susceptibility; unstable terrain conditions; high exposure to roads, settlements or infrastructure. Recommended response: prioritize location for detailed assessment; check nearby roads, settlements and infrastructure.",24.072700691121742,LOW,13.215996809055468,LOW,STABLE_LOW,LOW,23.62883145523344,NORMAL,UNREFERENCED,71.31131134003066,HIGH
398_612,0.1291596808420338,LOW,62.964175654853626,HIGH,56.34437336267675,HIGH,TRANSPORT,0.0,LOW,72.6134547129933,27.386545287006697,MODERATE,LOW SUSCEPTIBILITY,unstable terrain conditions,continue routine monitoring,LOW SUSCEPTIBILITY. Main evidence: unstable terrain conditions. Recommended response: continue routine monitoring.,24.072700691121742,LOW,13.215996809055468,LOW,STABLE_LOW,LOW,23.62883145523344,NORMAL,UNREFERENCED,29.26394684237593,MODERATE
398_636,0.1797190570299267,LOW,39.58397534668721,MODERATE,51.60279981787206,HIGH,TRANSPORT,0.0,LOW,68.47677847943844,31.523221520561563,MODERATE,LOW SUSCEPTIBILITY,no major independent warning signal,continue routine monitoring,LOW SUSCEPTIBILITY. Main evidence: no major independent warning signal. Recommended response: continue routine monitoring.,24.072700691121742,LOW,13.215996809055468,LOW,STABLE_LOW,LOW,23.62883145523344,NORMAL,UNREFERENCED,26.151842677477127,MODERATE
398_724,0.0027884650317892,LOW,54.54930662557781,HIGH,17.294293492193646,LOW,INFRASTRUCTURE,0.0,LOW,76.95291782474058,23.04708217525942,MODERATE,LOW SUSCEPTIBILITY,no major independent warning signal,continue routine monitoring,LOW SUSCEPTIBILITY. Main evidence: no major independent warning signal. Recommended response: continue routine monitoring.,24.072700691121742,LOW,13.215996809055468,LOW,STABLE_LOW,LOW,23.62883145523344,NORMAL,UNREFERENCED,16.0367563444873,LOW
399_176,0.1978131440454968,LOW,76.89329738058552,EXTREME,60.66817160365363,HIGH,INFRASTRUCTURE,0.0,LOW,66.99635317816451,33.00364682183549,MODERATE,LOW SUSCEPTIBILITY,"unstable terrain conditions; high exposure to roads, settlements or infrastructure","check nearby roads, settlements and infrastructure","LOW SUSCEPTIBILITY. Main evidence: unstable terrain conditions; high exposure to roads, settlements or infrastructure. Recommended response: check nearby roads, settlements and infrastructure.",24.072700691121742,LOW,13.215996809055468,LOW,STABLE_LOW,LOW,23.62883145523344,NORMAL,UNREFERENCED,35.78774676782468,MODERATE
399_549,0.9145399267399272,VERY_HIGH,74.58012326656394,HIGH,58.072711866098295,HIGH,TRANSPORT,0.0,LOW,84.37069533333556,15.62930466666444,HIGH,VERY HIGH SUSCEPTIBILITY,high static landslide susceptibility; unstable terrain conditions,prioritize location for detailed assessment,VERY HIGH SUSCEPTIBILITY. Main evidence: high static landslide susceptibility; unstable terrain conditions. Recommended response: prioritize location for detailed assessment.,24.072700691121742,LOW,13.215996809055468,LOW,STABLE_LOW,LOW,23.62883145523344,NORMAL,UNREFERENCED,67.18849820563644,HIGH
400_148,0.6996757908757913,HIGH,54.72457627118645,HIGH,57.37747179711975,HIGH,TRANSPORT,0.0,LOW,66.79090239899718,33.209097601002824,MODERATE,HIGH SUSCEPTIBILITY,high static landslide susceptibility,continue routine monitoring,HIGH SUSCEPTIBILITY. Main evidence: high static landslide susceptibility. Recommended response: continue routine monitoring.,24.072700691121742,LOW,13.215996809055468,LOW,STABLE_LOW,LOW,23.62883145523344,NORMAL,UNREFERENCED,53.44421668232804,HIGH
404_506,0.8026797389406084,VERY_HIGH,21.275038520801235,LOW,59.6054324371112,HIGH,TRANSPORT,0.0,LOW,75.21849814975494,24.781501850245064,MODERATE,VERY HIGH SUSCEPTIBILITY,high static landslide susceptibility,prioritize location for detailed assessment,VERY HIGH SUSCEPTIBILITY. Main evidence: high static landslide susceptibility. Recommended response: prioritize location for detailed assessment.,24.072700691121742,LOW,13.215996809055468,LOW,STABLE_LOW,LOW,23.62883145523344,NORMAL,UNREFERENCED,51.72368089116648,HIGH
405_401,0.8950329541259777,VERY_HIGH,44.47804314329738,MODERATE,70.38124298404782,HIGH,TRANSPORT,0.0,LOW,82.77467030128516,17.225329698714845,HIGH,VERY HIGH SUSCEPTIBILITY,"high static landslide susceptibility; high exposure to roads, settlements or infrastructure","prioritize location for detailed assessment; check nearby roads, settlements and infrastructure","VERY HIGH SUSCEPTIBILITY. Main evidence: high static landslide susceptibility; high exposure to roads, settlements or infrastructure. Recommended response: prioritize location for detailed assessment; check nearby roads, settlements and infrastructure.",24.072700691121742,LOW,13.215996809055468,LOW,STABLE_LOW,LOW,23.62883145523344,NORMAL,UNREFERENCED,62.13654808104782,HIGH
406_394,0.6975130686916433,HIGH,43.63828967642527,MODERATE,62.82387737577266,HIGH,TRANSPORT,0.0,LOW,66.61395240211233,33.38604759788767,MODERATE,HIGH SUSCEPTIBILITY,"high static landslide susceptibility; high exposure to roads, settlements or infrastructure","check nearby roads, settlements and infrastructure","HIGH SUSCEPTIBILITY. Main evidence: high static landslide susceptibility; high exposure to roads, settlements or infrastructure. Recommended response: check nearby roads, settlements and infrastructure.",24.072700691121742,LOW,13.215996809055468,LOW,STABLE_LOW,LOW,23.62883145523344,NORMAL,UNREFERENCED,51.94659770188708,HIGH
406_456,0.9268661811887878,VERY_HIGH,31.644838212634827,MODERATE,64.98991507944027,HIGH,TRANSPORT,0.0,LOW,85.3792070609696,14.620792939030396,HIGH,VERY HIGH SUSCEPTIBILITY,"high static landslide susceptibility; high exposure to roads, settlements or infrastructure","prioritize location for detailed assessment; check nearby roads, settlements and infrastructure","VERY HIGH SUSCEPTIBILITY. Main evidence: high static landslide susceptibility; high exposure to roads, settlements or infrastructure. Recommended response: prioritize location for detailed assessment; check nearby roads, settlements and infrastructure.",24.072700691121742,LOW,13.215996809055468,LOW,STABLE_LOW,LOW,23.62883145523344,NORMAL,UNREFERENCED,60.193703127050625,HIGH
406_513,0.9804149350649356,VERY_HIGH,66.25192604006163,HIGH,60.82701712086447,HIGH,TRANSPORT,97.513006993007,EXTREME,89.76046874174534,10.239531258254658,HIGH,VERY HIGH SUSCEPTIBILITY,"high static landslide susceptibility; unstable terrain conditions; high exposure to roads, settlements or infrastructure; elevated neighbouring-cell risk","prioritize location for detailed assessment; check nearby roads, settlements and infrastructure","VERY HIGH SUSCEPTIBILITY. Main evidence: high static landslide susceptibility; unstable terrain conditions; high exposure to roads, settlements or infrastructure; elevated neighbouring-cell risk. Recommended response: prioritize location for detailed assessment; check nearby roads, settlements and infrastructure.",24.072700691121742,LOW,13.215996809055468,LOW,STABLE_LOW,LOW,23.62883145523344,NORMAL,UNREFERENCED,78.65168062247697,EXTREME
407_527,0.989468253968254,VERY_HIGH,78.43605546995377,EXTREME,62.60768058888225,HIGH,TRANSPORT,0.0,LOW,90.50119483383504,9.49880516616497,HIGH,VERY HIGH SUSCEPTIBILITY,"high static landslide susceptibility; unstable terrain conditions; high exposure to roads, settlements or infrastructure","prioritize location for detailed assessment; check nearby roads, settlements and infrastructure","VERY HIGH SUSCEPTIBILITY. Main evidence: high static landslide susceptibility; unstable terrain conditions; high exposure to roads, settlements or infrastructure. Recommended response: prioritize location for detailed assessment; check nearby roads, settlements and infrastructure.",24.072700691121742,LOW,13.215996809055468,LOW,STABLE_LOW,LOW,23.62883145523344,NORMAL,UNREFERENCED,72.01170468000669,HIGH
407_1330,6.220240552665621e-05,LOW,37.34976887519261,MODERATE,16.883131755297427,LOW,INFRASTRUCTURE,0.0,LOW,83.17597567598025,16.824024324019746,HIGH,LOW SUSCEPTIBILITY,no major independent warning signal,continue routine monitoring,LOW SUSCEPTIBILITY. Main evidence: no major independent warning signal. Recommended response: continue routine monitoring.,24.072700691121742,LOW,13.215996809055468,LOW,STABLE_LOW,LOW,23.62883145523344,NORMAL,UNREFERENCED,12.41249271569401,LOW
408_650,0.7694379055230122,VERY_HIGH,55.60285053929122,HIGH,53.01206526397555,HIGH,TRANSPORT,0.0,LOW,72.49871177922434,27.501288220775663,MODERATE,VERY HIGH SUSCEPTIBILITY,high static landslide susceptibility,prioritize location for detailed assessment,VERY HIGH SUSCEPTIBILITY. Main evidence: high static landslide susceptibility. Recommended response: prioritize location for detailed assessment.,24.072700691121742,LOW,13.215996809055468,LOW,STABLE_LOW,LOW,23.62883145523344,NORMAL,UNREFERENCED,56.104355715102294,HIGH
409_488,0.9823366337796572,VERY_HIGH,71.19607087827427,HIGH,70.4876331683064,HIGH,TRANSPORT,95.46051007164677,EXTREME,89.9176986365862,10.082301363413803,HIGH,VERY HIGH SUSCEPTIBILITY,"high static landslide susceptibility; unstable terrain conditions; high exposure to roads, settlements or infrastructure; elevated neighbouring-cell risk","prioritize location for detailed assessment; check nearby roads, settlements and infrastructure","VERY HIGH SUSCEPTIBILITY. Main evidence: high static landslide susceptibility; unstable terrain conditions; high exposure to roads, settlements or infrastructure; elevated neighbouring-cell risk. Recommended response: prioritize location for detailed assessment; check nearby roads, settlements and infrastructure.",24.072700691121742,LOW,13.215996809055468,LOW,STABLE_LOW,LOW,23.62883145523344,NORMAL,UNREFERENCED,80.97082874726225,EXTREME
409_509,0.9644715284715286,VERY_HIGH,70.86671802773498,HIGH,60.87045284750752,HIGH,TRANSPORT,98.62904545454548,EXTREME,88.45600820228478,11.543991797715222,HIGH,VERY HIGH SUSCEPTIBILITY,"high static landslide susceptibility; unstable terrain conditions; high exposure to roads, settlements or infrastructure; elevated neighbouring-cell risk","prioritize location for detailed assessment; check nearby roads, settlements and infrastructure","VERY HIGH SUSCEPTIBILITY. Main evidence: high static landslide susceptibility; unstable terrain conditions; high exposure to roads, settlements or infrastructure; elevated neighbouring-cell risk. Recommended response: prioritize location for detailed assessment; check nearby roads, settlements and infrastructure.",24.072700691121742,LOW,13.215996809055468,LOW,STABLE_LOW,LOW,23.62883145523344,NORMAL,UNREFERENCED,78.97530492845863,EXTREME
409_663,0.9178297313797312,VERY_HIGH,80.58744221879816,EXTREME,57.16218454468773,HIGH,TRANSPORT,91.08981046961726,EXTREME,84.63986116750135,15.360138832498649,HIGH,VERY HIGH SUSCEPTIBILITY,high static landslide susceptibility; unstable terrain conditions; elevated neighbouring-cell risk,prioritize location for detailed assessment,VERY HIGH SUSCEPTIBILITY. Main evidence: high static landslide susceptibility; unstable terrain conditions; elevated neighbouring-cell risk. Recommended response: prioritize location for detailed assessment.,24.072700691121742,LOW,13.215996809055468,LOW,STABLE_LOW,LOW,23.62883145523344,NORMAL,UNREFERENCED,77.5104051536246,EXTREME
410_480,0.91864205500382,VERY_HIGH,46.798921417565495,MODERATE,71.92803985977842,HIGH,TRANSPORT,93.5159640522876,EXTREME,84.70632400947224,15.29367599052776,HIGH,VERY HIGH SUSCEPTIBILITY,"high static landslide susceptibility; high exposure to roads, settlements or infrastructure; elevated neighbouring-cell risk","prioritize location for detailed assessment; check nearby roads, settlements and infrastructure","VERY HIGH SUSCEPTIBILITY. Main evidence: high static landslide susceptibility; high exposure to roads, settlements or infrastructure; elevated neighbouring-cell risk. Recommended response: prioritize location for detailed assessment; check nearby roads, settlements and infrastructure.",24.072700691121742,LOW,13.215996809055468,LOW,STABLE_LOW,LOW,23.62883145523344,NORMAL,UNREFERENCED,73.2467492119927,HIGH
410_491,0.9351501438806678,VERY_HIGH,84.97303543913713,EXTREME,68.05700591129559,HIGH,TRANSPORT,98.763564364576,EXTREME,86.05698582666889,13.943014173331107,HIGH,VERY HIGH SUSCEPTIBILITY,"high static landslide susceptibility; unstable terrain conditions; high exposure to roads, settlements or infrastructure; elevated neighbouring-cell risk","prioritize location for detailed assessment; check nearby roads, settlements and infrastructure","VERY HIGH SUSCEPTIBILITY. Main evidence: high static landslide susceptibility; unstable terrain conditions; high exposure to roads, settlements or infrastructure; elevated neighbouring-cell risk. Recommended response: prioritize location for detailed assessment; check nearby roads, settlements and infrastructure.",24.072700691121742,LOW,13.215996809055468,LOW,STABLE_LOW,LOW,23.62883145523344,NORMAL,UNREFERENCED,81.56854095472158,EXTREME
410_662,0.9098061660561664,VERY_HIGH,83.81163328197228,EXTREME,57.67622548898843,HIGH,TRANSPORT,91.4909887357955,EXTREME,83.98338764102786,16.01661235897214,HIGH,VERY HIGH SUSCEPTIBILITY,high static landslide susceptibility; unstable terrain conditions; elevated neighbouring-cell risk,prioritize location for detailed assessment,VERY HIGH SUSCEPTIBILITY. Main evidence: high static landslide susceptibility; unstable terrain conditions; elevated neighbouring-cell risk. Recommended response: prioritize location for detailed assessment.,24.072700691121742,LOW,13.215996809055468,LOW,STABLE_LOW,LOW,23.62883145523344,NORMAL,UNREFERENCED,77.91140689496193,EXTREME
410_712,0.0025217983651226,LOW,79.32203389830508,EXTREME,18.827449926375586,LOW,INFRASTRUCTURE,0.0,LOW,82.97473600655877,17.02526399344123,HIGH,LOW SUSCEPTIBILITY,unstable terrain conditions,continue routine monitoring,LOW SUSCEPTIBILITY. Main evidence: unstable terrain conditions. Recommended response: continue routine monitoring.,24.072700691121742,LOW,13.215996809055468,LOW,STABLE_LOW,LOW,23.62883145523344,NORMAL,UNREFERENCED,21.20927526416005,LOW
411_386,0.939573860817588,VERY_HIGH,26.73921417565485,MODERATE,62.23075672893452,HIGH,TRANSPORT,97.17739875589874,EXTREME,86.41892630332599,13.58107369667401,HIGH,VERY HIGH SUSCEPTIBILITY,"high static landslide susceptibility; high exposure to roads, settlements or infrastructure; elevated neighbouring-cell risk","prioritize location for detailed assessment; check nearby roads, settlements and infrastructure","VERY HIGH SUSCEPTIBILITY. Main evidence: high static landslide susceptibility; high exposure to roads, settlements or infrastructure; elevated neighbouring-cell risk. Recommended response: prioritize location for detailed assessment; check nearby roads, settlements and infrastructure.",24.072700691121742,LOW,13.215996809055468,LOW,STABLE_LOW,LOW,23.62883145523344,NORMAL,UNREFERENCED,69.08829002596465,HIGH
412_399,0.941414677757958,VERY_HIGH,41.03235747303545,MODERATE,62.98204758514132,HIGH,TRANSPORT,0.0,LOW,86.56953859844717,13.430461401552831,HIGH,VERY HIGH SUSCEPTIBILITY,"high static landslide susceptibility; high exposure to roads, settlements or infrastructure","prioritize location for detailed assessment; check nearby roads, settlements and infrastructure","VERY HIGH SUSCEPTIBILITY. Main evidence: high static landslide susceptibility; high exposure to roads, settlements or infrastructure. Recommended response: prioritize location for detailed assessment; check nearby roads, settlements and infrastructure.",24.072700691121742,LOW,13.215996809055468,LOW,STABLE_LOW,LOW,23.62883145523344,NORMAL,UNREFERENCED,62.42470920059856,HIGH
412_530,0.6059922448352686,HIGH,80.31587057010788,EXTREME,65.29078880958188,HIGH,TRANSPORT,0.0,LOW,59.12588499568169,40.87411500431831,LOW,HIGH SUSCEPTIBILITY,"high static landslide susceptibility; unstable terrain conditions; high exposure to roads, settlements or infrastructure","check nearby roads, settlements and infrastructure","HIGH SUSCEPTIBILITY. Main evidence: high static landslide susceptibility; unstable terrain conditions; high exposure to roads, settlements or infrastructure. Recommended response: check nearby roads, settlements and infrastructure.",24.072700691121742,LOW,13.215996809055468,LOW,STABLE_LOW,LOW,23.62883145523344,NORMAL,UNREFERENCED,55.53371352215811,HIGH
412_660,0.7799751083404473,VERY_HIGH,52.68875192604006,HIGH,53.19209909308288,HIGH,TRANSPORT,93.78598921448922,EXTREME,73.36084655519629,26.63915344480371,MODERATE,VERY HIGH SUSCEPTIBILITY,high static landslide susceptibility; elevated neighbouring-cell risk,prioritize location for detailed assessment,VERY HIGH SUSCEPTIBILITY. Main evidence: high static landslide susceptibility; elevated neighbouring-cell risk. Recommended response: prioritize location for detailed assessment.,24.072700691121742,LOW,13.215996809055468,LOW,STABLE_LOW,LOW,23.62883145523344,NORMAL,UNREFERENCED,65.40131411505168,HIGH
413_231,0.034496483583286,LOW,24.691833590138675,LOW,46.45269745126331,MODERATE,TRANSPORT,0.0,LOW,80.35862539779994,19.64137460220006,HIGH,LOW SUSCEPTIBILITY,no major independent warning signal,continue routine monitoring,LOW SUSCEPTIBILITY. Main evidence: no major independent warning signal. Recommended response: continue routine monitoring.,24.072700691121742,LOW,13.215996809055468,LOW,STABLE_LOW,LOW,23.62883145523344,NORMAL,UNREFERENCED,15.865883166077277,LOW
413_476,0.90737091503268,VERY_HIGH,81.50231124807397,EXTREME,80.62068174382908,VERY_HIGH,TRANSPORT,94.3049438502674,EXTREME,83.78413983001533,16.215860169984666,HIGH,VERY HIGH SUSCEPTIBILITY,"high static landslide susceptibility; unstable terrain conditions; high exposure to roads, settlements or infrastructure; elevated neighbouring-cell risk","prioritize location for detailed assessment; check nearby roads, settlements and infrastructure","VERY HIGH SUSCEPTIBILITY. Main evidence: high static landslide susceptibility; unstable terrain conditions; high exposure to roads, settlements or infrastructure; elevated neighbouring-cell risk. Recommended response: prioritize location for detailed assessment; check nearby roads, settlements and infrastructure.",24.072700691121742,LOW,13.215996809055468,LOW,STABLE_LOW,LOW,23.62883145523344,NORMAL,UNREFERENCED,81.06302014179866,EXTREME
413_656,0.8911963980463978,VERY_HIGH,84.78043143297381,EXTREME,54.49860101228198,HIGH,TRANSPORT,84.59825758383131,EXTREME,82.46077025841043,17.539229741589565,HIGH,VERY HIGH SUSCEPTIBILITY,high static landslide susceptibility; unstable terrain conditions; elevated neighbouring-cell risk,prioritize location for detailed assessment,VERY HIGH SUSCEPTIBILITY. Main evidence: high static landslide susceptibility; unstable terrain conditions; elevated neighbouring-cell risk. Recommended response: prioritize location for detailed assessment.,24.072700691121742,LOW,13.215996809055468,LOW,STABLE_LOW,LOW,23.62883145523344,NORMAL,UNREFERENCED,76.10181017802027,EXTREME
413_847,6.220240552665621e-05,LOW,83.04699537750386,EXTREME,15.477726021077904,LOW,INFRASTRUCTURE,0.0,LOW,77.17597567598025,22.824024324019742,MODERATE,LOW SUSCEPTIBILITY,unstable terrain conditions,continue routine monitoring,LOW SUSCEPTIBILITY. Main evidence: unstable terrain conditions. Recommended response: continue routine monitoring.,24.072700691121742,LOW,13.215996809055468,LOW,STABLE_LOW,LOW,23.62883145523344,NORMAL,UNREFERENCED,21.341127156023333,LOW
414_365,0.9627665109567438,VERY_HIGH,57.82935285053929,HIGH,56.53750235809487,HIGH,TRANSPORT,0.0,LOW,88.31650676925693,11.683493230743068,HIGH,VERY HIGH SUSCEPTIBILITY,high static landslide susceptibility,prioritize location for detailed assessment,VERY HIGH SUSCEPTIBILITY. Main evidence: high static landslide susceptibility. Recommended response: prioritize location for detailed assessment.,24.072700691121742,LOW,13.215996809055468,LOW,STABLE_LOW,LOW,23.62883145523344,NORMAL,UNREFERENCED,65.77825898598773,HIGH
414_425,0.9853988095238096,VERY_HIGH,81.45608628659477,EXTREME,57.045641882912165,HIGH,TRANSPORT,0.0,LOW,90.16824028838047,9.831759711619512,HIGH,VERY HIGH SUSCEPTIBILITY,high static landslide susceptibility; unstable terrain conditions,prioritize location for detailed assessment,VERY HIGH SUSCEPTIBILITY. Main evidence: high static landslide susceptibility; unstable terrain conditions. Recommended response: prioritize location for detailed assessment.,24.072700691121742,LOW,13.215996809055468,LOW,STABLE_LOW,LOW,23.62883145523344,NORMAL,UNREFERENCED,71.59828003743938,HIGH
415_392,0.9864543425644487,VERY_HIGH,36.44838212634823,MODERATE,64.08720798961608,HIGH,TRANSPORT,98.35421323529413,EXTREME,90.2546020826146,9.74539791738539,HIGH,VERY HIGH SUSCEPTIBILITY,"high static landslide susceptibility; high exposure to roads, settlements or infrastructure; elevated neighbouring-cell risk","prioritize location for detailed assessment; check nearby roads, settlements and infrastructure","VERY HIGH SUSCEPTIBILITY. Main evidence: high static landslide susceptibility; high exposure to roads, settlements or infrastructure; elevated neighbouring-cell risk. Recommended response: prioritize location for detailed assessment; check nearby roads, settlements and infrastructure.",24.072700691121742,LOW,13.215996809055468,LOW,STABLE_LOW,LOW,23.62883145523344,NORMAL,UNREFERENCED,73.53589443175383,HIGH
416_384,0.9596771250842676,VERY_HIGH,53.37442218798151,HIGH,61.13404557509218,HIGH,TRANSPORT,95.77017025723116,EXTREME,88.06373883423615,11.936261165763852,HIGH,VERY HIGH SUSCEPTIBILITY,"high static landslide susceptibility; high exposure to roads, settlements or infrastructure; elevated neighbouring-cell risk","prioritize location for detailed assessment; check nearby roads, settlements and infrastructure","VERY HIGH SUSCEPTIBILITY. Main evidence: high static landslide susceptibility; high exposure to roads, settlements or infrastructure; elevated neighbouring-cell risk. Recommended response: prioritize location for detailed assessment; check nearby roads, settlements and infrastructure.",24.072700691121742,LOW,13.215996809055468,LOW,STABLE_LOW,LOW,23.62883145523344,NORMAL,UNREFERENCED,75.01474899748746,EXTREME
418_645,0.8449511599511602,VERY_HIGH,78.14329738058552,EXTREME,53.8067674917237,HIGH,TRANSPORT,0.0,LOW,78.67706895970917,21.322931040290825,MODERATE,VERY HIGH SUSCEPTIBILITY,high static landslide susceptibility; unstable terrain conditions,prioritize location for detailed assessment,VERY HIGH SUSCEPTIBILITY. Main evidence: high static landslide susceptibility; unstable terrain conditions. Recommended response: prioritize location for detailed assessment.,24.072700691121742,LOW,13.215996809055468,LOW,STABLE_LOW,LOW,23.62883145523344,NORMAL,UNREFERENCED,64.12974686679004,HIGH
419_394,0.9764887605042016,VERY_HIGH,67.06471494607088,HIGH,64.69192717905712,HIGH,TRANSPORT,99.05180397951142,EXTREME,89.4392362776853,10.560763722314704,HIGH,VERY HIGH SUSCEPTIBILITY,"high static landslide susceptibility; unstable terrain conditions; high exposure to roads, settlements or infrastructure; elevated neighbouring-cell risk","prioritize location for detailed assessment; check nearby roads, settlements and infrastructure","VERY HIGH SUSCEPTIBILITY. Main evidence: high static landslide susceptibility; unstable terrain conditions; high exposure to roads, settlements or infrastructure; elevated neighbouring-cell risk. Recommended response: prioritize location for detailed assessment; check nearby roads, settlements and infrastructure.",24.072700691121742,LOW,13.215996809055468,LOW,STABLE_LOW,LOW,23.62883145523344,NORMAL,UNREFERENCED,79.37117675582513,EXTREME
419_1157,0.0037400523333765,LOW,91.91063174114022,EXTREME,16.718499110099,LOW,INFRASTRUCTURE,0.0,LOW,82.87506068188344,17.12493931811656,HIGH,LOW SUSCEPTIBILITY,unstable terrain conditions,continue routine monitoring,LOW SUSCEPTIBILITY. Main evidence: unstable terrain conditions. Recommended response: continue routine monitoring.,24.072700691121742,LOW,13.215996809055468,LOW,STABLE_LOW,LOW,23.62883145523344,NORMAL,UNREFERENCED,23.465473638857013,LOW
420_476,0.0622253212587467,LOW,76.5042372881356,EXTREME,47.273320374431854,MODERATE,INFRASTRUCTURE,0.0,LOW,78.08990231526225,21.91009768473775,MODERATE,LOW SUSCEPTIBILITY,unstable terrain conditions,continue routine monitoring,LOW SUSCEPTIBILITY. Main evidence: unstable terrain conditions. Recommended response: continue routine monitoring.,24.072700691121742,LOW,13.215996809055468,LOW,STABLE_LOW,LOW,23.62883145523344,NORMAL,UNREFERENCED,27.59925503954768,MODERATE
422_365,0.9797979974160208,VERY_HIGH,71.67950693374424,HIGH,63.28785935343555,HIGH,TRANSPORT,92.81736302424969,EXTREME,89.70999202501594,10.290007974984064,HIGH,VERY HIGH SUSCEPTIBILITY,"high static landslide susceptibility; unstable terrain conditions; high exposure to roads, settlements or infrastructure; elevated neighbouring-cell risk","prioritize location for detailed assessment; check nearby roads, settlements and infrastructure","VERY HIGH SUSCEPTIBILITY. Main evidence: high static landslide susceptibility; unstable terrain conditions; high exposure to roads, settlements or infrastructure; elevated neighbouring-cell risk. Recommended response: prioritize location for detailed assessment; check nearby roads, settlements and infrastructure.",24.072700691121742,LOW,13.215996809055468,LOW,STABLE_LOW,LOW,23.62883145523344,NORMAL,UNREFERENCED,79.60899654502226,EXTREME
424_174,0.7264452494411777,HIGH,53.00654853620955,HIGH,55.67404066170969,HIGH,TRANSPORT,0.0,LOW,68.98113082707425,31.018869172925747,MODERATE,HIGH SUSCEPTIBILITY,high static landslide susceptibility,continue routine monitoring,HIGH SUSCEPTIBILITY. Main evidence: high static landslide susceptibility. Recommended response: continue routine monitoring.,24.072700691121742,LOW,13.215996809055468,LOW,STABLE_LOW,LOW,23.62883145523344,NORMAL,UNREFERENCED,54.04972210046353,HIGH
424_402,0.954893231453338,VERY_HIGH,47.419106317411405,MODERATE,69.86365935538016,HIGH,TRANSPORT,0.0,LOW,87.6723293553419,12.3276706446581,HIGH,VERY HIGH SUSCEPTIBILITY,"high static landslide susceptibility; high exposure to roads, settlements or infrastructure","prioritize location for detailed assessment; check nearby roads, settlements and infrastructure","VERY HIGH SUSCEPTIBILITY. Main evidence: high static landslide susceptibility; high exposure to roads, settlements or infrastructure. Recommended response: prioritize location for detailed assessment; check nearby roads, settlements and infrastructure.",24.072700691121742,LOW,13.215996809055468,LOW,STABLE_LOW,LOW,23.62883145523344,NORMAL,UNREFERENCED,65.3408356513017,HIGH
425_362,0.8973909003464239,VERY_HIGH,51.45608628659476,HIGH,64.84596579028215,HIGH,INFRASTRUCTURE,98.58585981912148,EXTREME,82.9675931738671,17.0324068261329,HIGH,VERY HIGH SUSCEPTIBILITY,"high static landslide susceptibility; high exposure to roads, settlements or infrastructure; elevated neighbouring-cell risk","prioritize location for detailed assessment; check nearby roads, settlements and infrastructure","VERY HIGH SUSCEPTIBILITY. Main evidence: high static landslide susceptibility; high exposure to roads, settlements or infrastructure; elevated neighbouring-cell risk. Recommended response: prioritize location for detailed assessment; check nearby roads, settlements and infrastructure.",24.072700691121742,LOW,13.215996809055468,LOW,STABLE_LOW,LOW,23.62883145523344,NORMAL,UNREFERENCED,72.66655869247467,HIGH
425_396,0.5739506882006883,HIGH,14.345146379044683,LOW,78.83100598583577,VERY_HIGH,TRANSPORT,0.0,LOW,56.50430308921602,43.49569691078398,LOW,HIGH SUSCEPTIBILITY,"high static landslide susceptibility; high exposure to roads, settlements or infrastructure","check nearby roads, settlements and infrastructure","HIGH SUSCEPTIBILITY. Main evidence: high static landslide susceptibility; high exposure to roads, settlements or infrastructure. Recommended response: check nearby roads, settlements and infrastructure.",24.072700691121742,LOW,13.215996809055468,LOW,STABLE_LOW,LOW,23.62883145523344,NORMAL,UNREFERENCED,42.92873121182745,MODERATE
425_431,0.9297824899574902,VERY_HIGH,57.370955315870575,HIGH,54.66495598629741,HIGH,TRANSPORT,0.0,LOW,85.61781414204526,14.382185857954738,HIGH,VERY HIGH SUSCEPTIBILITY,high static landslide susceptibility,prioritize location for detailed assessment,VERY HIGH SUSCEPTIBILITY. Main evidence: high static landslide susceptibility. Recommended response: prioritize location for detailed assessment.,24.072700691121742,LOW,13.215996809055468,LOW,STABLE_LOW,LOW,23.62883145523344,NORMAL,UNREFERENCED,63.92141657831796,HIGH
426_225,0.0404168364188563,LOW,53.54198767334361,HIGH,34.17381923599318,MODERATE,TRANSPORT,0.0,LOW,79.87423289307146,20.12576710692853,MODERATE,LOW SUSCEPTIBILITY,no major independent warning signal,continue routine monitoring,LOW SUSCEPTIBILITY. Main evidence: no major independent warning signal. Recommended response: continue routine monitoring.,24.072700691121742,LOW,13.215996809055468,LOW,STABLE_LOW,LOW,23.62883145523344,NORMAL,UNREFERENCED,20.060498128028406,LOW
426_461,0.9787394159900492,VERY_HIGH,51.39060092449924,HIGH,61.22703364968656,HIGH,TRANSPORT,0.0,LOW,89.62338081743644,10.37661918256356,HIGH,VERY HIGH SUSCEPTIBILITY,"high static landslide susceptibility; high exposure to roads, settlements or infrastructure","prioritize location for detailed assessment; check nearby roads, settlements and infrastructure","VERY HIGH SUSCEPTIBILITY. Main evidence: high static landslide susceptibility; high exposure to roads, settlements or infrastructure. Recommended response: prioritize location for detailed assessment; check nearby roads, settlements and infrastructure.",24.072700691121742,LOW,13.215996809055468,LOW,STABLE_LOW,LOW,23.62883145523344,NORMAL,UNREFERENCED,65.91271902101722,HIGH
426_780,0.0056217983651226,LOW,45.27542372881356,MODERATE,15.286898759500016,LOW,INFRASTRUCTURE,0.0,LOW,76.72109964292241,23.27890035707759,MODERATE,LOW SUSCEPTIBILITY,no major independent warning signal,continue routine monitoring,LOW SUSCEPTIBILITY. Main evidence: no major independent warning signal. Recommended response: continue routine monitoring.,24.072700691121742,LOW,13.215996809055468,LOW,STABLE_LOW,LOW,23.62883145523344,NORMAL,UNREFERENCED,14.008370555230405,LOW
427_810,0.0013955357388599,LOW,30.34476117103236,MODERATE,15.573038495924685,LOW,INFRASTRUCTURE,0.0,LOW,77.06688476688934,22.93311523311065,MODERATE,LOW SUSCEPTIBILITY,no major independent warning signal,continue routine monitoring,LOW SUSCEPTIBILITY. Main evidence: no major independent warning signal. Recommended response: continue routine monitoring.,24.072700691121742,LOW,13.215996809055468,LOW,STABLE_LOW,LOW,23.62883145523344,NORMAL,UNREFERENCED,10.874977185956045,LOW
427_1149,6.220240552665621e-05,LOW,61.531201848998464,HIGH,16.29861621592237,LOW,INFRASTRUCTURE,0.0,LOW,83.17597567598025,16.824024324019746,HIGH,LOW SUSCEPTIBILITY,unstable terrain conditions,continue routine monitoring,LOW SUSCEPTIBILITY. Main evidence: unstable terrain conditions. Recommended response: continue routine monitoring.,24.072700691121742,LOW,13.215996809055468,LOW,STABLE_LOW,LOW,23.62883145523344,NORMAL,UNREFERENCED,17.161101979548924,LOW
428_451,0.988978013993353,VERY_HIGH,56.90677966101695,HIGH,61.87275168669365,HIGH,TRANSPORT,95.50610460066548,EXTREME,90.46108429043404,9.53891570956597,HIGH,VERY HIGH SUSCEPTIBILITY,"high static landslide susceptibility; high exposure to roads, settlements or infrastructure; elevated neighbouring-cell risk","prioritize location for detailed assessment; check nearby roads, settlements and infrastructure","VERY HIGH SUSCEPTIBILITY. Main evidence: high static landslide susceptibility; high exposure to roads, settlements or infrastructure; elevated neighbouring-cell risk. Recommended response: prioritize location for detailed assessment; check nearby roads, settlements and infrastructure.",24.072700691121742,LOW,13.215996809055468,LOW,STABLE_LOW,LOW,23.62883145523344,NORMAL,UNREFERENCED,77.12415984408705,EXTREME
428_454,0.9358014942952212,VERY_HIGH,22.59052388289677,LOW,61.433783065297135,HIGH,TRANSPORT,99.2284609795347,EXTREME,86.11027813331415,13.889721866685846,HIGH,VERY HIGH SUSCEPTIBILITY,"high static landslide susceptibility; high exposure to roads, settlements or infrastructure; elevated neighbouring-cell risk","prioritize location for detailed assessment; check nearby roads, settlements and infrastructure","VERY HIGH SUSCEPTIBILITY. Main evidence: high static landslide susceptibility; high exposure to roads, settlements or infrastructure; elevated neighbouring-cell risk. Recommended response: prioritize location for detailed assessment; check nearby roads, settlements and infrastructure.",24.072700691121742,LOW,13.215996809055468,LOW,STABLE_LOW,LOW,23.62883145523344,NORMAL,UNREFERENCED,68.17435564672452,HIGH
429_1090,2.1798365122615804e-05,LOW,85.43913713405239,EXTREME,20.87629555704367,LOW,TRANSPORT,0.0,LOW,83.17928146110421,16.82071853889579,HIGH,LOW SUSCEPTIBILITY,unstable terrain conditions,continue routine monitoring,LOW SUSCEPTIBILITY. Main evidence: unstable terrain conditions. Recommended response: continue routine monitoring.,24.072700691121742,LOW,13.215996809055468,LOW,STABLE_LOW,LOW,23.62883145523344,NORMAL,UNREFERENCED,22.627522755909723,LOW
430_437,0.860498456944433,VERY_HIGH,30.61633281972265,MODERATE,56.76045680679381,HIGH,TRANSPORT,0.0,LOW,79.94912053188605,20.050879468113948,MODERATE,VERY HIGH SUSCEPTIBILITY,high static landslide susceptibility,prioritize location for detailed assessment,VERY HIGH SUSCEPTIBILITY. Main evidence: high static landslide susceptibility. Recommended response: prioritize location for detailed assessment.,24.072700691121742,LOW,13.215996809055468,LOW,STABLE_LOW,LOW,23.62883145523344,NORMAL,UNREFERENCED,55.767035716575265,HIGH
431_493,0.9674848458734008,VERY_HIGH,47.257318952234215,MODERATE,61.50622965751991,HIGH,TRANSPORT,0.0,LOW,88.70255235334703,11.29744764665297,HIGH,VERY HIGH SUSCEPTIBILITY,"high static landslide susceptibility; high exposure to roads, settlements or infrastructure","prioritize location for detailed assessment; check nearby roads, settlements and infrastructure","VERY HIGH SUSCEPTIBILITY. Main evidence: high static landslide susceptibility; high exposure to roads, settlements or infrastructure. Recommended response: prioritize location for detailed assessment; check nearby roads, settlements and infrastructure.",24.072700691121742,LOW,13.215996809055468,LOW,STABLE_LOW,LOW,23.62883145523344,NORMAL,UNREFERENCED,64.62148637249004,HIGH
431_668,0.6687956685450929,HIGH,41.67950693374422,MODERATE,55.11849293652952,HIGH,TRANSPORT,0.0,LOW,64.2643469355764,35.7356530644236,MODERATE,HIGH SUSCEPTIBILITY,high static landslide susceptibility,continue routine monitoring,HIGH SUSCEPTIBILITY. Main evidence: high static landslide susceptibility. Recommended response: continue routine monitoring.,24.072700691121742,LOW,13.215996809055468,LOW,STABLE_LOW,LOW,23.62883145523344,NORMAL,UNREFERENCED,49.10675048086963,MODERATE
435_1590,0.1168833333333333,LOW,17.652157164869028,LOW,63.63915028556142,HIGH,TRANSPORT,0.0,LOW,73.61788314552334,26.382116854476664,MODERATE,LOW SUSCEPTIBILITY,"high exposure to roads, settlements or infrastructure","check nearby roads, settlements and infrastructure","LOW SUSCEPTIBILITY. Main evidence: high exposure to roads, settlements or infrastructure. Recommended response: check nearby roads, settlements and infrastructure.",24.072700691121742,LOW,13.215996809055468,LOW,STABLE_LOW,LOW,23.62883145523344,NORMAL,UNREFERENCED,20.743324044920193,LOW
437_491,0.9716939984399746,VERY_HIGH,36.163328197226505,MODERATE,60.18895201948678,HIGH,TRANSPORT,0.0,LOW,89.04693756333944,10.95306243666056,HIGH,VERY HIGH SUSCEPTIBILITY,"high static landslide susceptibility; high exposure to roads, settlements or infrastructure","prioritize location for detailed assessment; check nearby roads, settlements and infrastructure","VERY HIGH SUSCEPTIBILITY. Main evidence: high static landslide susceptibility; high exposure to roads, settlements or infrastructure. Recommended response: prioritize location for detailed assessment; check nearby roads, settlements and infrastructure.",24.072700691121742,LOW,13.215996809055468,LOW,STABLE_LOW,LOW,23.62883145523344,NORMAL,UNREFERENCED,62.39450844127935,HIGH
441_401,0.6312118665648082,HIGH,55.408320493066256,HIGH,80.77304578641878,VERY_HIGH,TRANSPORT,0.0,LOW,61.18930859173493,38.81069140826507,MODERATE,HIGH SUSCEPTIBILITY,"high static landslide susceptibility; high exposure to roads, settlements or infrastructure","check nearby roads, settlements and infrastructure","HIGH SUSCEPTIBILITY. Main evidence: high static landslide susceptibility; high exposure to roads, settlements or infrastructure. Recommended response: check nearby roads, settlements and infrastructure.",24.072700691121742,LOW,13.215996809055468,LOW,STABLE_LOW,LOW,23.62883145523344,NORMAL,UNREFERENCED,54.009425031104605,HIGH
443_1108,2.1798365122615804e-05,LOW,76.18451463790447,EXTREME,16.775297030377118,LOW,INFRASTRUCTURE,0.0,LOW,83.17928146110421,16.82071853889579,HIGH,LOW SUSCEPTIBILITY,unstable terrain conditions,continue routine monitoring,LOW SUSCEPTIBILITY. Main evidence: unstable terrain conditions. Recommended response: continue routine monitoring.,24.072700691121742,LOW,13.215996809055468,LOW,STABLE_LOW,LOW,23.62883145523344,NORMAL,UNREFERENCED,20.161448477680153,LOW
445_369,0.9793625,VERY_HIGH,75.3177966101695,EXTREME,59.89017423335083,HIGH,TRANSPORT,96.42900485290558,EXTREME,89.67436041825061,10.325639581749384,HIGH,VERY HIGH SUSCEPTIBILITY,high static landslide susceptibility; unstable terrain conditions; elevated neighbouring-cell risk,prioritize location for detailed assessment,VERY HIGH SUSCEPTIBILITY. Main evidence: high static landslide susceptibility; unstable terrain conditions; elevated neighbouring-cell risk. Recommended response: prioritize location for detailed assessment.,24.072700691121742,LOW,13.215996809055468,LOW,STABLE_LOW,LOW,23.62883145523344,NORMAL,UNREFERENCED,80.16856851143925,EXTREME
445_447,0.9080366385092448,VERY_HIGH,52.86787365177196,HIGH,54.32802354771367,HIGH,TRANSPORT,0.0,LOW,83.83860811446155,16.16139188553845,HIGH,VERY HIGH SUSCEPTIBILITY,high static landslide susceptibility,prioritize location for detailed assessment,VERY HIGH SUSCEPTIBILITY. Main evidence: high static landslide susceptibility. Recommended response: prioritize location for detailed assessment.,24.072700691121742,LOW,13.215996809055468,LOW,STABLE_LOW,LOW,23.62883145523344,NORMAL,UNREFERENCED,61.991697064539636,HIGH
446_347,0.8587774170274173,VERY_HIGH,42.99691833590138,MODERATE,56.90812710004951,HIGH,TRANSPORT,0.0,LOW,79.8083081750393,20.1916918249607,MODERATE,VERY HIGH SUSCEPTIBILITY,high static landslide susceptibility,prioritize location for detailed assessment,VERY HIGH SUSCEPTIBILITY. Main evidence: high static landslide susceptibility. Recommended response: prioritize location for detailed assessment.,24.072700691121742,LOW,13.215996809055468,LOW,STABLE_LOW,LOW,23.62883145523344,NORMAL,UNREFERENCED,58.18785656753366,HIGH
446_365,0.9490832806672524,VERY_HIGH,43.46687211093991,MODERATE,65.89708206371823,HIGH,TRANSPORT,97.85025777844538,EXTREME,87.19696974557127,12.803030254428734,HIGH,VERY HIGH SUSCEPTIBILITY,"high static landslide susceptibility; high exposure to roads, settlements or infrastructure; elevated neighbouring-cell risk","prioritize location for detailed assessment; check nearby roads, settlements and infrastructure","VERY HIGH SUSCEPTIBILITY. Main evidence: high static landslide susceptibility; high exposure to roads, settlements or infrastructure; elevated neighbouring-cell risk. Recommended response: prioritize location for detailed assessment; check nearby roads, settlements and infrastructure.",24.072700691121742,LOW,13.215996809055468,LOW,STABLE_LOW,LOW,23.62883145523344,NORMAL,UNREFERENCED,73.47898020872879,HIGH
447_1052,0.0041051316984559,LOW,41.554314329738055,MODERATE,18.14320054226397,LOW,INFRASTRUCTURE,0.097687501720193,LOW,82.84519055201332,17.15480944798668,HIGH,LOW SUSCEPTIBILITY,no major independent warning signal,continue routine monitoring,LOW SUSCEPTIBILITY. Main evidence: no major independent warning signal. Recommended response: continue routine monitoring.,24.072700691121742,LOW,13.215996809055468,LOW,STABLE_LOW,LOW,23.62883145523344,NORMAL,UNREFERENCED,13.634112693001917,LOW
448_373,0.9487420409771478,VERY_HIGH,29.62827426810478,MODERATE,61.79403246789568,HIGH,TRANSPORT,98.65193871983068,EXTREME,87.1690501345627,12.830949865437304,HIGH,VERY HIGH SUSCEPTIBILITY,"high static landslide susceptibility; high exposure to roads, settlements or infrastructure; elevated neighbouring-cell risk","prioritize location for detailed assessment; check nearby roads, settlements and infrastructure","VERY HIGH SUSCEPTIBILITY. Main evidence: high static landslide susceptibility; high exposure to roads, settlements or infrastructure; elevated neighbouring-cell risk. Recommended response: prioritize location for detailed assessment; check nearby roads, settlements and infrastructure.",24.072700691121742,LOW,13.215996809055468,LOW,STABLE_LOW,LOW,23.62883145523344,NORMAL,UNREFERENCED,70.1606155088722,HIGH
448_377,0.9812937743966134,VERY_HIGH,51.51964560862866,HIGH,60.14988719437477,HIGH,TRANSPORT,96.41194286840036,EXTREME,89.83237377797352,10.167626222026485,HIGH,VERY HIGH SUSCEPTIBILITY,"high static landslide susceptibility; high exposure to roads, settlements or infrastructure; elevated neighbouring-cell risk","prioritize location for detailed assessment; check nearby roads, settlements and infrastructure","VERY HIGH SUSCEPTIBILITY. Main evidence: high static landslide susceptibility; high exposure to roads, settlements or infrastructure; elevated neighbouring-cell risk. Recommended response: prioritize location for detailed assessment; check nearby roads, settlements and infrastructure.",24.072700691121742,LOW,13.215996809055468,LOW,STABLE_LOW,LOW,23.62883145523344,NORMAL,UNREFERENCED,75.53309640468176,EXTREME
448_400,0.963721861471862,VERY_HIGH,82.55585516178736,EXTREME,77.404633014176,VERY_HIGH,TRANSPORT,95.87879901121832,EXTREME,88.39467181140296,11.605328188597042,HIGH,VERY HIGH SUSCEPTIBILITY,"high static landslide susceptibility; unstable terrain conditions; high exposure to roads, settlements or infrastructure; elevated neighbouring-cell risk","prioritize location for detailed assessment; check nearby roads, settlements and infrastructure","VERY HIGH SUSCEPTIBILITY. Main evidence: high static landslide susceptibility; unstable terrain conditions; high exposure to roads, settlements or infrastructure; elevated neighbouring-cell risk. Recommended response: prioritize location for detailed assessment; check nearby roads, settlements and infrastructure.",24.072700691121742,LOW,13.215996809055468,LOW,STABLE_LOW,LOW,23.62883145523344,NORMAL,UNREFERENCED,83.48449972095167,EXTREME
449_361,0.9441066389222688,VERY_HIGH,43.7673343605547,MODERATE,62.16210743939733,HIGH,TRANSPORT,96.43582964670767,EXTREME,86.78978996643625,13.210210033563754,HIGH,VERY HIGH SUSCEPTIBILITY,"high static landslide susceptibility; high exposure to roads, settlements or infrastructure; elevated neighbouring-cell risk","prioritize location for detailed assessment; check nearby roads, settlements and infrastructure","VERY HIGH SUSCEPTIBILITY. Main evidence: high static landslide susceptibility; high exposure to roads, settlements or infrastructure; elevated neighbouring-cell risk. Recommended response: prioritize location for detailed assessment; check nearby roads, settlements and infrastructure.",24.072700691121742,LOW,13.215996809055468,LOW,STABLE_LOW,LOW,23.62883145523344,NORMAL,UNREFERENCED,72.61343477330558,HIGH
449_400,0.9575456709956714,VERY_HIGH,68.4090909090909,HIGH,77.05071545873811,VERY_HIGH,TRANSPORT,96.18760853502786,EXTREME,87.88934713607827,12.110652863921729,HIGH,VERY HIGH SUSCEPTIBILITY,"high static landslide susceptibility; unstable terrain conditions; high exposure to roads, settlements or infrastructure; elevated neighbouring-cell risk","prioritize location for detailed assessment; check nearby roads, settlements and infrastructure","VERY HIGH SUSCEPTIBILITY. Main evidence: high static landslide susceptibility; unstable terrain conditions; high exposure to roads, settlements or infrastructure; elevated neighbouring-cell risk. Recommended response: prioritize location for detailed assessment; check nearby roads, settlements and infrastructure.",24.072700691121742,LOW,13.215996809055468,LOW,STABLE_LOW,LOW,23.62883145523344,NORMAL,UNREFERENCED,80.35501161804908,EXTREME
449_1054,0.0013955357388599,LOW,29.65909090909091,MODERATE,18.492114908295346,LOW,INFRASTRUCTURE,0.2873592188919129,LOW,83.06688476688934,16.933115233110655,HIGH,LOW SUSCEPTIBILITY,no major independent warning signal,continue routine monitoring,LOW SUSCEPTIBILITY. Main evidence: no major independent warning signal. Recommended response: continue routine monitoring.,24.072700691121742,LOW,13.215996809055468,LOW,STABLE_LOW,LOW,23.62883145523344,NORMAL,UNREFERENCED,11.204440517312545,LOW
450_489,0.8378530943890174,VERY_HIGH,50.552773497688754,HIGH,50.49719534187579,HIGH,TRANSPORT,97.60472261072262,EXTREME,78.0963181409884,21.9036818590116,MODERATE,VERY HIGH SUSCEPTIBILITY,high static landslide susceptibility; elevated neighbouring-cell risk,prioritize location for detailed assessment,VERY HIGH SUSCEPTIBILITY. Main evidence: high static landslide susceptibility; elevated neighbouring-cell risk. Recommended response: prioritize location for detailed assessment.,24.072700691121742,LOW,13.215996809055468,LOW,STABLE_LOW,LOW,23.62883145523344,NORMAL,UNREFERENCED,67.55626557850934,HIGH
450_532,0.0313834960876899,LOW,47.16486902927581,MODERATE,42.45149074404781,MODERATE,TRANSPORT,1.2160020687956332,LOW,80.61332437471233,19.386675625287666,HIGH,LOW SUSCEPTIBILITY,no major independent warning signal,continue routine monitoring,LOW SUSCEPTIBILITY. Main evidence: no major independent warning signal. Recommended response: continue routine monitoring.,24.072700691121742,LOW,13.215996809055468,LOW,STABLE_LOW,LOW,23.62883145523344,NORMAL,UNREFERENCED,19.741825017400117,LOW
450_1086,0.0006884650317892,LOW,57.35362095531588,HIGH,23.575513370145437,LOW,TRANSPORT,0.0,LOW,83.12473600655878,16.875263993441223,HIGH,LOW SUSCEPTIBILITY,no major independent warning signal,continue routine monitoring,LOW SUSCEPTIBILITY. Main evidence: no major independent warning signal. Recommended response: continue routine monitoring.,24.072700691121742,LOW,13.215996809055468,LOW,STABLE_LOW,LOW,23.62883145523344,NORMAL,UNREFERENCED,17.44530219212768,LOW
451_746,0.0024884650317892,LOW,88.64214175654854,EXTREME,16.20716709680773,LOW,INFRASTRUCTURE,0.0,LOW,82.97746327928604,17.02253672071396,HIGH,LOW SUSCEPTIBILITY,unstable terrain conditions,continue routine monitoring,LOW SUSCEPTIBILITY. Main evidence: unstable terrain conditions. Recommended response: continue routine monitoring.,24.072700691121742,LOW,13.215996809055468,LOW,STABLE_LOW,LOW,23.62883145523344,NORMAL,UNREFERENCED,22.67875441137356,LOW
452_484,0.9657817515817516,VERY_HIGH,74.29506933744223,HIGH,56.00547816589389,HIGH,TRANSPORT,88.64971660723123,EXTREME,88.56320827493937,11.43679172506063,HIGH,VERY HIGH SUSCEPTIBILITY,high static landslide susceptibility; unstable terrain conditions; elevated neighbouring-cell risk,prioritize location for detailed assessment,VERY HIGH SUSCEPTIBILITY. Main evidence: high static landslide susceptibility; unstable terrain conditions; elevated neighbouring-cell risk. Recommended response: prioritize location for detailed assessment.,24.072700691121742,LOW,13.215996809055468,LOW,STABLE_LOW,LOW,23.62883145523344,NORMAL,UNREFERENCED,77.99225614338665,EXTREME
452_495,0.9613717948717948,VERY_HIGH,85.81664098613253,EXTREME,50.9541452048478,HIGH,TRANSPORT,96.31357488344987,EXTREME,88.20239363503383,11.797606364966173,HIGH,VERY HIGH SUSCEPTIBILITY,high static landslide susceptibility; unstable terrain conditions; elevated neighbouring-cell risk,prioritize location for detailed assessment,VERY HIGH SUSCEPTIBILITY. Main evidence: high static landslide susceptibility; unstable terrain conditions; elevated neighbouring-cell risk. Recommended response: prioritize location for detailed assessment.,24.072700691121742,LOW,13.215996809055468,LOW,STABLE_LOW,LOW,23.62883145523344,NORMAL,UNREFERENCED,80.1068083046416,EXTREME
452_529,0.0173714581256519,LOW,37.7022342064715,MODERATE,34.558993905198825,MODERATE,INFRASTRUCTURE,2.196844726138293,LOW,81.75976384433363,18.240236155666366,HIGH,LOW SUSCEPTIBILITY,no major independent warning signal,continue routine monitoring,LOW SUSCEPTIBILITY. Main evidence: no major independent warning signal. Recommended response: continue routine monitoring.,24.072700691121742,LOW,13.215996809055468,LOW,STABLE_LOW,LOW,23.62883145523344,NORMAL,UNREFERENCED,16.132966084454463,LOW
452_784,2.1798365122615804e-05,LOW,85.9206471494607,EXTREME,16.270142527252574,LOW,INFRASTRUCTURE,0.0,LOW,77.17928146110421,22.82071853889579,MODERATE,LOW SUSCEPTIBILITY,unstable terrain conditions,continue routine monitoring,LOW SUSCEPTIBILITY. Main evidence: unstable terrain conditions. Recommended response: continue routine monitoring.,24.072700691121742,LOW,13.215996809055468,LOW,STABLE_LOW,LOW,23.62883145523344,NORMAL,UNREFERENCED,22.032901804522723,LOW
453_391,0.973505392798416,VERY_HIGH,80.69722650231127,EXTREME,71.00184850510402,HIGH,TRANSPORT,0.0,LOW,89.19514255630281,10.804857443697188,HIGH,VERY HIGH SUSCEPTIBILITY,"high static landslide susceptibility; unstable terrain conditions; high exposure to roads, settlements or infrastructure","prioritize location for detailed assessment; check nearby roads, settlements and infrastructure","VERY HIGH SUSCEPTIBILITY. Main evidence: high static landslide susceptibility; unstable terrain conditions; high exposure to roads, settlements or infrastructure. Recommended response: prioritize location for detailed assessment; check nearby roads, settlements and infrastructure.",24.072700691121742,LOW,13.215996809055468,LOW,STABLE_LOW,LOW,23.62883145523344,NORMAL,UNREFERENCED,73.00473532126874,HIGH
453_400,0.9000757730717377,VERY_HIGH,64.44337442218799,HIGH,73.64133712509282,HIGH,TRANSPORT,97.33700649350652,EXTREME,83.18726457866552,16.81273542133448,HIGH,VERY HIGH SUSCEPTIBILITY,"high static landslide susceptibility; unstable terrain conditions; high exposure to roads, settlements or infrastructure; elevated neighbouring-cell risk","prioritize location for detailed assessment; check nearby roads, settlements and infrastructure","VERY HIGH SUSCEPTIBILITY. Main evidence: high static landslide susceptibility; unstable terrain conditions; high exposure to roads, settlements or infrastructure; elevated neighbouring-cell risk. Recommended response: prioritize location for detailed assessment; check nearby roads, settlements and infrastructure.",24.072700691121742,LOW,13.215996809055468,LOW,STABLE_LOW,LOW,23.62883145523344,NORMAL,UNREFERENCED,76.57925595989255,EXTREME
453_407,0.882109595540119,VERY_HIGH,46.72765793528505,MODERATE,70.19726796449658,HIGH,TRANSPORT,98.12049783549786,EXTREME,81.71730459880581,18.28269540119419,HIGH,VERY HIGH SUSCEPTIBILITY,"high static landslide susceptibility; high exposure to roads, settlements or infrastructure; elevated neighbouring-cell risk","prioritize location for detailed assessment; check nearby roads, settlements and infrastructure","VERY HIGH SUSCEPTIBILITY. Main evidence: high static landslide susceptibility; high exposure to roads, settlements or infrastructure; elevated neighbouring-cell risk. Recommended response: prioritize location for detailed assessment; check nearby roads, settlements and infrastructure.",24.072700691121742,LOW,13.215996809055468,LOW,STABLE_LOW,LOW,23.62883145523344,NORMAL,UNREFERENCED,71.78937343369881,HIGH
453_408,0.9719458874458876,VERY_HIGH,60.0635593220339,HIGH,73.67266777012563,HIGH,TRANSPORT,96.32377199738248,EXTREME,89.06754666382324,10.932453336176764,HIGH,VERY HIGH SUSCEPTIBILITY,"high static landslide susceptibility; unstable terrain conditions; high exposure to roads, settlements or infrastructure; elevated neighbouring-cell risk","prioritize location for detailed assessment; check nearby roads, settlements and infrastructure","VERY HIGH SUSCEPTIBILITY. Main evidence: high static landslide susceptibility; unstable terrain conditions; high exposure to roads, settlements or infrastructure; elevated neighbouring-cell risk. Recommended response: prioritize location for detailed assessment; check nearby roads, settlements and infrastructure.",24.072700691121742,LOW,13.215996809055468,LOW,STABLE_LOW,LOW,23.62883145523344,NORMAL,UNREFERENCED,78.84082423384099,EXTREME
453_411,0.973631601731602,VERY_HIGH,64.87480739599383,HIGH,66.36896365817498,HIGH,TRANSPORT,96.23948628309677,EXTREME,89.20546874174534,10.794531258254665,HIGH,VERY HIGH SUSCEPTIBILITY,"high static landslide susceptibility; unstable terrain conditions; high exposure to roads, settlements or infrastructure; elevated neighbouring-cell risk","prioritize location for detailed assessment; check nearby roads, settlements and infrastructure","VERY HIGH SUSCEPTIBILITY. Main evidence: high static landslide susceptibility; unstable terrain conditions; high exposure to roads, settlements or infrastructure; elevated neighbouring-cell risk. Recommended response: prioritize location for detailed assessment; check nearby roads, settlements and infrastructure.",24.072700691121742,LOW,13.215996809055468,LOW,STABLE_LOW,LOW,23.62883145523344,NORMAL,UNREFERENCED,78.77494680326896,EXTREME
453_1353,0.0026884650317892,LOW,79.71494607087828,EXTREME,16.334563871830333,LOW,INFRASTRUCTURE,0.0,LOW,82.96109964292239,17.03890035707761,HIGH,LOW SUSCEPTIBILITY,unstable terrain conditions,continue routine monitoring,LOW SUSCEPTIBILITY. Main evidence: unstable terrain conditions. Recommended response: continue routine monitoring.,24.072700691121742,LOW,13.215996809055468,LOW,STABLE_LOW,LOW,23.62883145523344,NORMAL,UNREFERENCED,20.9214247904929,LOW
454_496,0.947336784049284,VERY_HIGH,88.90600924499229,EXTREME,50.36287705075967,HIGH,TRANSPORT,97.0794303096663,EXTREME,87.05407456773749,12.945925432262513,HIGH,VERY HIGH SUSCEPTIBILITY,high static landslide susceptibility; unstable terrain conditions; elevated neighbouring-cell risk,prioritize location for detailed assessment,VERY HIGH SUSCEPTIBILITY. Main evidence: high static landslide susceptibility; unstable terrain conditions; elevated neighbouring-cell risk. Recommended response: prioritize location for detailed assessment.,24.072700691121742,LOW,13.215996809055468,LOW,STABLE_LOW,LOW,23.62883145523344,NORMAL,UNREFERENCED,80.08100178890899,EXTREME
455_445,0.9407807944307948,VERY_HIGH,56.72958397534669,HIGH,57.19752177961708,HIGH,TRANSPORT,96.91171717171716,EXTREME,86.51767541713382,13.482324582866184,HIGH,VERY HIGH SUSCEPTIBILITY,high static landslide susceptibility; elevated neighbouring-cell risk,prioritize location for detailed assessment,VERY HIGH SUSCEPTIBILITY. Main evidence: high static landslide susceptibility; elevated neighbouring-cell risk. Recommended response: prioritize location for detailed assessment.,24.072700691121742,LOW,13.215996809055468,LOW,STABLE_LOW,LOW,23.62883145523344,NORMAL,UNREFERENCED,74.35912259768155,HIGH
456_342,0.8560244201397593,VERY_HIGH,35.075115562403695,MODERATE,60.84301760194412,HIGH,TRANSPORT,0.0,LOW,79.58306297514001,20.41693702485999,MODERATE,VERY HIGH SUSCEPTIBILITY,"high static landslide susceptibility; high exposure to roads, settlements or infrastructure","prioritize location for detailed assessment; check nearby roads, settlements and infrastructure","VERY HIGH SUSCEPTIBILITY. Main evidence: high static landslide susceptibility; high exposure to roads, settlements or infrastructure. Recommended response: prioritize location for detailed assessment; check nearby roads, settlements and infrastructure.",24.072700691121742,LOW,13.215996809055468,LOW,STABLE_LOW,LOW,23.62883145523344,NORMAL,UNREFERENCED,57.0698447281737,HIGH
457_503,0.1161597266331424,LOW,74.73805855161788,HIGH,46.7895392521619,MODERATE,TRANSPORT,0.0,LOW,73.67708733008442,26.32291266991558,MODERATE,LOW SUSCEPTIBILITY,unstable terrain conditions,continue routine monitoring,LOW SUSCEPTIBILITY. Main evidence: unstable terrain conditions. Recommended response: continue routine monitoring.,24.072700691121742,LOW,13.215996809055468,LOW,STABLE_LOW,LOW,23.62883145523344,NORMAL,UNREFERENCED,29.600500365751444,MODERATE
457_1000,2.1798365122615804e-05,LOW,49.949922958397536,MODERATE,15.373020060792353,LOW,INFRASTRUCTURE,0.0,LOW,77.17928146110421,22.82071853889579,MODERATE,LOW SUSCEPTIBILITY,no major independent warning signal,continue routine monitoring,LOW SUSCEPTIBILITY. Main evidence: no major independent warning signal. Recommended response: continue routine monitoring.,24.072700691121742,LOW,13.215996809055468,LOW,STABLE_LOW,LOW,23.62883145523344,NORMAL,UNREFERENCED,14.704188596341053,LOW
458_197,0.126801781495004,LOW,41.67950693374422,MODERATE,47.74099217567478,MODERATE,TRANSPORT,0.0,LOW,72.80637375047755,27.193626249522453,MODERATE,LOW SUSCEPTIBILITY,no major independent warning signal,continue routine monitoring,LOW SUSCEPTIBILITY. Main evidence: no major independent warning signal. Recommended response: continue routine monitoring.,24.072700691121742,LOW,13.215996809055468,LOW,STABLE_LOW,LOW,23.62883145523344,NORMAL,UNREFERENCED,23.610400449487415,LOW
458_494,0.950542028303828,VERY_HIGH,40.252311248073966,MODERATE,52.15151138969112,HIGH,TRANSPORT,96.31357488344987,EXTREME,87.31632182492744,12.683678175072558,HIGH,VERY HIGH SUSCEPTIBILITY,high static landslide susceptibility; elevated neighbouring-cell risk,prioritize location for detailed assessment,VERY HIGH SUSCEPTIBILITY. Main evidence: high static landslide susceptibility; elevated neighbouring-cell risk. Recommended response: prioritize location for detailed assessment.,24.072700691121742,LOW,13.215996809055468,LOW,STABLE_LOW,LOW,23.62883145523344,NORMAL,UNREFERENCED,70.68620778919788,HIGH
458_665,0.1554197776931935,LOW,66.40408320493067,HIGH,44.15840975541902,MODERATE,TRANSPORT,5.32154414249346,LOW,70.46490133426205,29.535098665737948,MODERATE,LOW SUSCEPTIBILITY,unstable terrain conditions,continue routine monitoring,LOW SUSCEPTIBILITY. Main evidence: unstable terrain conditions. Recommended response: continue routine monitoring.,24.072700691121742,LOW,13.215996809055468,LOW,STABLE_LOW,LOW,23.62883145523344,NORMAL,UNREFERENCED,29.837892583854213,MODERATE
459_415,0.9454656561461798,VERY_HIGH,41.73536209553159,MODERATE,72.53672822602763,HIGH,TRANSPORT,0.0,LOW,86.90098228475622,13.099017715243775,HIGH,VERY HIGH SUSCEPTIBILITY,"high static landslide susceptibility; high exposure to roads, settlements or infrastructure","prioritize location for detailed assessment; check nearby roads, settlements and infrastructure","VERY HIGH SUSCEPTIBILITY. Main evidence: high static landslide susceptibility; high exposure to roads, settlements or infrastructure. Recommended response: prioritize location for detailed assessment; check nearby roads, settlements and infrastructure.",24.072700691121742,LOW,13.215996809055468,LOW,STABLE_LOW,LOW,23.62883145523344,NORMAL,UNREFERENCED,64.18080624870073,HIGH
459_447,0.955881673881674,VERY_HIGH,79.45300462249617,EXTREME,57.08871263081438,HIGH,TRANSPORT,95.85465561015565,EXTREME,87.7532019176603,12.246798082339694,HIGH,VERY HIGH SUSCEPTIBILITY,high static landslide susceptibility; unstable terrain conditions; elevated neighbouring-cell risk,prioritize location for detailed assessment,VERY HIGH SUSCEPTIBILITY. Main evidence: high static landslide susceptibility; unstable terrain conditions; elevated neighbouring-cell risk. Recommended response: prioritize location for detailed assessment.,24.072700691121742,LOW,13.215996809055468,LOW,STABLE_LOW,LOW,23.62883145523344,NORMAL,UNREFERENCED,79.46131877392446,EXTREME
459_669,0.076022059178478,LOW,45.28505392912173,MODERATE,34.95851874401051,MODERATE,TRANSPORT,10.879384438523545,LOW,76.96107830364787,23.038921696352133,MODERATE,LOW SUSCEPTIBILITY,no major independent warning signal,continue routine monitoring,LOW SUSCEPTIBILITY. Main evidence: no major independent warning signal. Recommended response: continue routine monitoring.,24.072700691121742,LOW,13.215996809055468,LOW,STABLE_LOW,LOW,23.62883145523344,NORMAL,UNREFERENCED,21.216989773421965,LOW
459_1218,0.0025749119182361,LOW,23.235747303543917,LOW,26.900517335233094,MODERATE,TRANSPORT,0.0,LOW,82.97039035221312,17.029609647786884,HIGH,LOW SUSCEPTIBILITY,no major independent warning signal,continue routine monitoring,LOW SUSCEPTIBILITY. Main evidence: no major independent warning signal. Recommended response: continue routine monitoring.,24.072700691121742,LOW,13.215996809055468,LOW,STABLE_LOW,LOW,23.62883145523344,NORMAL,UNREFERENCED,11.205368166426547,LOW
460_1285,6.220240552665621e-05,LOW,61.30200308166409,HIGH,17.34505377317498,LOW,INFRASTRUCTURE,0.0,LOW,83.17597567598025,16.824024324019746,HIGH,LOW SUSCEPTIBILITY,unstable terrain conditions,continue routine monitoring,LOW SUSCEPTIBILITY. Main evidence: unstable terrain conditions. Recommended response: continue routine monitoring.,24.072700691121742,LOW,13.215996809055468,LOW,STABLE_LOW,LOW,23.62883145523344,NORMAL,UNREFERENCED,17.27222785966994,LOW
463_1201,0.010050369793694,LOW,17.75423728813559,LOW,32.44066525769715,MODERATE,TRANSPORT,0.0,LOW,82.35876198058475,17.641238019415255,HIGH,LOW SUSCEPTIBILITY,no major independent warning signal,continue routine monitoring,LOW SUSCEPTIBILITY. Main evidence: no major independent warning signal. Recommended response: continue routine monitoring.,24.072700691121742,LOW,13.215996809055468,LOW,STABLE_LOW,LOW,23.62883145523344,NORMAL,UNREFERENCED,11.276483956110095,LOW
464_214,0.4776560837005739,MODERATE,22.39406779661017,LOW,55.85467939461823,HIGH,TRANSPORT,0.0,LOW,48.62565363011575,51.37434636988425,LOW,MODERATE SUSCEPTIBILITY,no major independent warning signal,continue routine monitoring,MODERATE SUSCEPTIBILITY. Main evidence: no major independent warning signal. Recommended response: continue routine monitoring.,24.072700691121742,LOW,13.215996809055468,LOW,STABLE_LOW,LOW,23.62883145523344,NORMAL,UNREFERENCED,36.75880930415276,MODERATE
464_647,0.7796880634731701,VERY_HIGH,59.06394453004623,HIGH,52.86545603666162,HIGH,TRANSPORT,0.0,LOW,73.33736106605544,26.662638933944564,MODERATE,VERY HIGH SUSCEPTIBILITY,high static landslide susceptibility,prioritize location for detailed assessment,VERY HIGH SUSCEPTIBILITY. Main evidence: high static landslide susceptibility. Recommended response: prioritize location for detailed assessment.,24.072700691121742,LOW,13.215996809055468,LOW,STABLE_LOW,LOW,23.62883145523344,NORMAL,UNREFERENCED,57.23584023691332,HIGH
466_1167,0.0006884650317892,LOW,30.99576271186441,MODERATE,18.188090452136272,LOW,INFRASTRUCTURE,0.0,LOW,83.12473600655878,16.875263993441223,HIGH,LOW SUSCEPTIBILITY,no major independent warning signal,continue routine monitoring,LOW SUSCEPTIBILITY. Main evidence: no major independent warning signal. Recommended response: continue routine monitoring.,24.072700691121742,LOW,13.215996809055468,LOW,STABLE_LOW,LOW,23.62883145523344,NORMAL,UNREFERENCED,11.365617105736012,LOW
467_337,0.8523422159539807,VERY_HIGH,65.84745762711864,HIGH,86.23496992836228,VERY_HIGH,TRANSPORT,0.0,LOW,79.2817917235763,20.71820827642369,MODERATE,VERY HIGH SUSCEPTIBILITY,"high static landslide susceptibility; unstable terrain conditions; high exposure to roads, settlements or infrastructure","prioritize location for detailed assessment; check nearby roads, settlements and infrastructure","VERY HIGH SUSCEPTIBILITY. Main evidence: high static landslide susceptibility; unstable terrain conditions; high exposure to roads, settlements or infrastructure. Recommended response: prioritize location for detailed assessment; check nearby roads, settlements and infrastructure.",24.072700691121742,LOW,13.215996809055468,LOW,STABLE_LOW,LOW,23.62883145523344,NORMAL,UNREFERENCED,66.86740680171937,HIGH
468_344,0.8399647420067391,VERY_HIGH,52.23613251155625,HIGH,73.24884489882673,HIGH,TRANSPORT,0.0,LOW,78.26908930971109,21.73091069028891,MODERATE,VERY HIGH SUSCEPTIBILITY,"high static landslide susceptibility; high exposure to roads, settlements or infrastructure","prioritize location for detailed assessment; check nearby roads, settlements and infrastructure","VERY HIGH SUSCEPTIBILITY. Main evidence: high static landslide susceptibility; high exposure to roads, settlements or infrastructure. Recommended response: prioritize location for detailed assessment; check nearby roads, settlements and infrastructure.",24.072700691121742,LOW,13.215996809055468,LOW,STABLE_LOW,LOW,23.62883145523344,NORMAL,UNREFERENCED,61.640236696550694,HIGH
468_413,0.7883281169810583,VERY_HIGH,71.99922958397535,HIGH,88.45810973759663,VERY_HIGH,TRANSPORT,0.0,LOW,74.04427453488265,25.955725465117357,MODERATE,VERY HIGH SUSCEPTIBILITY,"high static landslide susceptibility; unstable terrain conditions; high exposure to roads, settlements or infrastructure","prioritize location for detailed assessment; check nearby roads, settlements and infrastructure","VERY HIGH SUSCEPTIBILITY. Main evidence: high static landslide susceptibility; unstable terrain conditions; high exposure to roads, settlements or infrastructure. Recommended response: prioritize location for detailed assessment; check nearby roads, settlements and infrastructure.",24.072700691121742,LOW,13.215996809055468,LOW,STABLE_LOW,LOW,23.62883145523344,NORMAL,UNREFERENCED,65.55059771069436,HIGH
471_565,0.8450619129236778,VERY_HIGH,46.25770416024653,MODERATE,88.1897096200374,VERY_HIGH,TRANSPORT,0.0,LOW,78.68613056655153,21.313869433448478,MODERATE,VERY HIGH SUSCEPTIBILITY,"high static landslide susceptibility; high exposure to roads, settlements or infrastructure","prioritize location for detailed assessment; check nearby roads, settlements and infrastructure","VERY HIGH SUSCEPTIBILITY. Main evidence: high static landslide susceptibility; high exposure to roads, settlements or infrastructure. Recommended response: prioritize location for detailed assessment; check nearby roads, settlements and infrastructure.",24.072700691121742,LOW,13.215996809055468,LOW,STABLE_LOW,LOW,23.62883145523344,NORMAL,UNREFERENCED,62.915053425732594,HIGH
472_104,0.0722973048385283,LOW,58.40523882896764,HIGH,33.62695733292077,MODERATE,TRANSPORT,0.0,LOW,77.26583093146193,22.734169068538066,MODERATE,LOW SUSCEPTIBILITY,no major independent warning signal,continue routine monitoring,LOW SUSCEPTIBILITY. Main evidence: no major independent warning signal. Recommended response: continue routine monitoring.,24.072700691121742,LOW,13.215996809055468,LOW,STABLE_LOW,LOW,23.62883145523344,NORMAL,UNREFERENCED,22.38574015257759,LOW
472_500,0.0606902319902319,LOW,21.02657935285054,LOW,50.755814875385056,HIGH,TRANSPORT,0.0,LOW,78.21550052814074,21.784499471859263,MODERATE,LOW SUSCEPTIBILITY,no major independent warning signal,continue routine monitoring,LOW SUSCEPTIBILITY. Main evidence: no major independent warning signal. Recommended response: continue routine monitoring.,24.072700691121742,LOW,13.215996809055468,LOW,STABLE_LOW,LOW,23.62883145523344,NORMAL,UNREFERENCED,16.957018610550477,LOW
472_543,0.967843861351762,VERY_HIGH,55.891756548536215,HIGH,61.011241364613625,HIGH,TRANSPORT,98.48646066066064,EXTREME,88.73192634703113,11.268073652968866,HIGH,VERY HIGH SUSCEPTIBILITY,"high static landslide susceptibility; high exposure to roads, settlements or infrastructure; elevated neighbouring-cell risk","prioritize location for detailed assessment; check nearby roads, settlements and infrastructure","VERY HIGH SUSCEPTIBILITY. Main evidence: high static landslide susceptibility; high exposure to roads, settlements or infrastructure; elevated neighbouring-cell risk. Recommended response: prioritize location for detailed assessment; check nearby roads, settlements and infrastructure.",24.072700691121742,LOW,13.215996809055468,LOW,STABLE_LOW,LOW,23.62883145523344,NORMAL,UNREFERENCED,76.13892741040682,EXTREME
472_912,0.0176824119926098,LOW,47.62904468412943,MODERATE,17.570145860886583,LOW,INFRASTRUCTURE,0.0,LOW,75.73432216430982,24.265677835690184,MODERATE,LOW SUSCEPTIBILITY,no major independent warning signal,continue routine monitoring,LOW SUSCEPTIBILITY. Main evidence: no major independent warning signal. Recommended response: continue routine monitoring.,24.072700691121742,LOW,13.215996809055468,LOW,STABLE_LOW,LOW,23.62883145523344,NORMAL,UNREFERENCED,15.36430942473849,LOW
473_380,0.9843313568538388,VERY_HIGH,63.14329738058552,HIGH,59.7696095627996,HIGH,TRANSPORT,99.40394022289767,EXTREME,90.08090325174652,9.91909674825348,HIGH,VERY HIGH SUSCEPTIBILITY,high static landslide susceptibility; unstable terrain conditions; elevated neighbouring-cell risk,prioritize location for detailed assessment,VERY HIGH SUSCEPTIBILITY. Main evidence: high static landslide susceptibility; unstable terrain conditions; elevated neighbouring-cell risk. Recommended response: prioritize location for detailed assessment.,24.072700691121742,LOW,13.215996809055468,LOW,STABLE_LOW,LOW,23.62883145523344,NORMAL,UNREFERENCED,78.23667606036173,EXTREME
473_381,0.9914848603271096,VERY_HIGH,59.61286594761172,HIGH,58.53984397738476,HIGH,TRANSPORT,99.50060672891352,EXTREME,90.66618989955958,9.333810100440417,HIGH,VERY HIGH SUSCEPTIBILITY,high static landslide susceptibility; elevated neighbouring-cell risk,prioritize location for detailed assessment,VERY HIGH SUSCEPTIBILITY. Main evidence: high static landslide susceptibility; elevated neighbouring-cell risk. Recommended response: prioritize location for detailed assessment.,24.072700691121742,LOW,13.215996809055468,LOW,STABLE_LOW,LOW,23.62883145523344,NORMAL,UNREFERENCED,77.67769924285352,EXTREME
473_540,0.9783780094380092,VERY_HIGH,70.15215716486904,HIGH,56.49486042847912,HIGH,TRANSPORT,97.74907029462337,EXTREME,89.59381119045136,10.406188809548638,HIGH,VERY HIGH SUSCEPTIBILITY,high static landslide susceptibility; unstable terrain conditions; elevated neighbouring-cell risk,prioritize location for detailed assessment,VERY HIGH SUSCEPTIBILITY. Main evidence: high static landslide susceptibility; unstable terrain conditions; elevated neighbouring-cell risk. Recommended response: prioritize location for detailed assessment.,24.072700691121742,LOW,13.215996809055468,LOW,STABLE_LOW,LOW,23.62883145523344,NORMAL,UNREFERENCED,78.7138480205306,EXTREME
474_421,0.7476859344789578,HIGH,69.15639445300462,HIGH,70.51619205382767,HIGH,INFRASTRUCTURE,76.81938655788657,EXTREME,70.71900505743807,29.28099494256193,MODERATE,HIGH SUSCEPTIBILITY,"high static landslide susceptibility; unstable terrain conditions; high exposure to roads, settlements or infrastructure; elevated neighbouring-cell risk","check nearby roads, settlements and infrastructure","HIGH SUSCEPTIBILITY. Main evidence: high static landslide susceptibility; unstable terrain conditions; high exposure to roads, settlements or infrastructure; elevated neighbouring-cell risk. Recommended response: check nearby roads, settlements and infrastructure.",24.072700691121742,LOW,13.215996809055468,LOW,STABLE_LOW,LOW,23.62883145523344,NORMAL,UNREFERENCED,68.14378347512901,HIGH
474_471,0.9906702620553686,VERY_HIGH,58.312788906009246,HIGH,59.32413600134899,HIGH,TRANSPORT,99.35692063492064,EXTREME,90.5995409500535,9.400459049946503,HIGH,VERY HIGH SUSCEPTIBILITY,high static landslide susceptibility; elevated neighbouring-cell risk,prioritize location for detailed assessment,VERY HIGH SUSCEPTIBILITY. Main evidence: high static landslide susceptibility; elevated neighbouring-cell risk. Recommended response: prioritize location for detailed assessment.,24.072700691121742,LOW,13.215996809055468,LOW,STABLE_LOW,LOW,23.62883145523344,NORMAL,UNREFERENCED,77.48430210650002,EXTREME
475_374,0.9773327664399092,VERY_HIGH,36.556240369799696,MODERATE,57.53876201191832,HIGH,TRANSPORT,0.0,LOW,89.50829130878864,10.491708691211358,HIGH,VERY HIGH SUSCEPTIBILITY,high static landslide susceptibility,prioritize location for detailed assessment,VERY HIGH SUSCEPTIBILITY. Main evidence: high static landslide susceptibility. Recommended response: prioritize location for detailed assessment.,24.072700691121742,LOW,13.215996809055468,LOW,STABLE_LOW,LOW,23.62883145523344,NORMAL,UNREFERENCED,62.329306934655776,HIGH
475_386,0.9962795918367346,VERY_HIGH,66.36171032357473,HIGH,60.401492708522575,HIGH,TRANSPORT,99.0255747362058,EXTREME,91.05848611398343,8.941513886016551,HIGH,VERY HIGH SUSCEPTIBILITY,"high static landslide susceptibility; unstable terrain conditions; high exposure to roads, settlements or infrastructure; elevated neighbouring-cell risk","prioritize location for detailed assessment; check nearby roads, settlements and infrastructure","VERY HIGH SUSCEPTIBILITY. Main evidence: high static landslide susceptibility; unstable terrain conditions; high exposure to roads, settlements or infrastructure; elevated neighbouring-cell risk. Recommended response: prioritize location for detailed assessment; check nearby roads, settlements and infrastructure.",24.072700691121742,LOW,13.215996809055468,LOW,STABLE_LOW,LOW,23.62883145523344,NORMAL,UNREFERENCED,79.47497514637914,EXTREME
475_1305,0.0006884650317892,LOW,56.055469953775045,HIGH,15.644940155091671,LOW,INFRASTRUCTURE,0.0,LOW,83.12473600655878,16.875263993441223,HIGH,LOW SUSCEPTIBILITY,no major independent warning signal,continue routine monitoring,LOW SUSCEPTIBILITY. Main evidence: no major independent warning signal. Recommended response: continue routine monitoring.,24.072700691121742,LOW,13.215996809055468,LOW,STABLE_LOW,LOW,23.62883145523344,NORMAL,UNREFERENCED,15.99608600956145,LOW
476_163,0.0302564935064935,LOW,12.846687211093991,LOW,44.23076875080176,MODERATE,TRANSPORT,0.0,LOW,80.70553367681023,19.294466323189766,HIGH,LOW SUSCEPTIBILITY,no major independent warning signal,continue routine monitoring,LOW SUSCEPTIBILITY. Main evidence: no major independent warning signal. Recommended response: continue routine monitoring.,24.072700691121742,LOW,13.215996809055468,LOW,STABLE_LOW,LOW,23.62883145523344,NORMAL,UNREFERENCED,12.972765031743444,LOW
476_416,0.6688483793983796,HIGH,35.84553158705701,MODERATE,80.22525826165598,VERY_HIGH,INFRASTRUCTURE,82.33801541352705,EXTREME,64.2686596417544,35.7313403582456,MODERATE,HIGH SUSCEPTIBILITY,"high static landslide susceptibility; high exposure to roads, settlements or infrastructure; elevated neighbouring-cell risk","check nearby roads, settlements and infrastructure","HIGH SUSCEPTIBILITY. Main evidence: high static landslide susceptibility; high exposure to roads, settlements or infrastructure; elevated neighbouring-cell risk. Recommended response: check nearby roads, settlements and infrastructure.",24.072700691121742,LOW,13.215996809055468,LOW,STABLE_LOW,LOW,23.62883145523344,NORMAL,UNREFERENCED,59.94214374005176,HIGH
476_474,0.9922063492063492,VERY_HIGH,80.19838212634824,EXTREME,60.31486864577599,HIGH,TRANSPORT,99.39683034592343,EXTREME,90.725220807861,9.274779192139007,HIGH,VERY HIGH SUSCEPTIBILITY,"high static landslide susceptibility; unstable terrain conditions; high exposure to roads, settlements or infrastructure; elevated neighbouring-cell risk","prioritize location for detailed assessment; check nearby roads, settlements and infrastructure","VERY HIGH SUSCEPTIBILITY. Main evidence: high static landslide susceptibility; unstable terrain conditions; high exposure to roads, settlements or infrastructure; elevated neighbouring-cell risk. Recommended response: prioritize location for detailed assessment; check nearby roads, settlements and infrastructure.",24.072700691121742,LOW,13.215996809055468,LOW,STABLE_LOW,LOW,23.62883145523344,NORMAL,UNREFERENCED,82.08314554012628,EXTREME
477_475,0.9873301587301588,VERY_HIGH,76.81240369799693,EXTREME,59.52919930780772,HIGH,TRANSPORT,99.46184621893931,EXTREME,90.32625976889996,9.673740231100028,HIGH,VERY HIGH SUSCEPTIBILITY,high static landslide susceptibility; unstable terrain conditions; elevated neighbouring-cell risk,prioritize location for detailed assessment,VERY HIGH SUSCEPTIBILITY. Main evidence: high static landslide susceptibility; unstable terrain conditions; elevated neighbouring-cell risk. Recommended response: prioritize location for detailed assessment.,24.072700691121742,LOW,13.215996809055468,LOW,STABLE_LOW,LOW,23.62883145523344,NORMAL,UNREFERENCED,81.0751724696338,EXTREME
477_561,0.893690498196022,VERY_HIGH,64.44337442218799,HIGH,72.88905048251345,HIGH,TRANSPORT,98.74050000000004,EXTREME,82.66483299792515,17.335167002074854,HIGH,VERY HIGH SUSCEPTIBILITY,"high static landslide susceptibility; unstable terrain conditions; high exposure to roads, settlements or infrastructure; elevated neighbouring-cell risk","prioritize location for detailed assessment; check nearby roads, settlements and infrastructure","VERY HIGH SUSCEPTIBILITY. Main evidence: high static landslide susceptibility; unstable terrain conditions; high exposure to roads, settlements or infrastructure; elevated neighbouring-cell risk. Recommended response: prioritize location for detailed assessment; check nearby roads, settlements and infrastructure.",24.072700691121742,LOW,13.215996809055468,LOW,STABLE_LOW,LOW,23.62883145523344,NORMAL,UNREFERENCED,76.3194249447478,EXTREME
477_1226,2.1798365122615804e-05,LOW,74.78235747303543,HIGH,21.27141946916428,LOW,TRANSPORT,0.0,LOW,83.17928146110421,16.82071853889579,HIGH,LOW SUSCEPTIBILITY,unstable terrain conditions,continue routine monitoring,LOW SUSCEPTIBILITY. Main evidence: unstable terrain conditions. Recommended response: continue routine monitoring.,24.072700691121742,LOW,13.215996809055468,LOW,STABLE_LOW,LOW,23.62883145523344,NORMAL,UNREFERENCED,20.555435410524417,LOW
478_384,0.972566585992516,VERY_HIGH,54.51271186440679,HIGH,58.5475315797188,HIGH,TRANSPORT,99.73957142857142,EXTREME,89.11833109036556,10.881668909634442,HIGH,VERY HIGH SUSCEPTIBILITY,high static landslide susceptibility; elevated neighbouring-cell risk,prioritize location for detailed assessment,VERY HIGH SUSCEPTIBILITY. Main evidence: high static landslide susceptibility; elevated neighbouring-cell risk. Recommended response: prioritize location for detailed assessment.,24.072700691121742,LOW,13.215996809055468,LOW,STABLE_LOW,LOW,23.62883145523344,NORMAL,UNREFERENCED,75.83139569147171,EXTREME
478_565,0.9820071428571432,VERY_HIGH,75.17719568567027,EXTREME,69.28881606393747,HIGH,TRANSPORT,92.55833487372152,EXTREME,89.8907402883805,10.1092597116195,HIGH,VERY HIGH SUSCEPTIBILITY,"high static landslide susceptibility; unstable terrain conditions; high exposure to roads, settlements or infrastructure; elevated neighbouring-cell risk","prioritize location for detailed assessment; check nearby roads, settlements and infrastructure","VERY HIGH SUSCEPTIBILITY. Main evidence: high static landslide susceptibility; unstable terrain conditions; high exposure to roads, settlements or infrastructure; elevated neighbouring-cell risk. Recommended response: prioritize location for detailed assessment; check nearby roads, settlements and infrastructure.",24.072700691121742,LOW,13.215996809055468,LOW,STABLE_LOW,LOW,23.62883145523344,NORMAL,UNREFERENCED,81.28218653178045,EXTREME
480_471,0.9928498015873016,VERY_HIGH,81.4175654853621,EXTREME,57.92536922209303,HIGH,TRANSPORT,99.35692063492064,EXTREME,90.7778669117571,9.2221330882429,HIGH,VERY HIGH SUSCEPTIBILITY,high static landslide susceptibility; unstable terrain conditions; elevated neighbouring-cell risk,prioritize location for detailed assessment,VERY HIGH SUSCEPTIBILITY. Main evidence: high static landslide susceptibility; unstable terrain conditions; elevated neighbouring-cell risk. Recommended response: prioritize location for detailed assessment.,24.072700691121742,LOW,13.215996809055468,LOW,STABLE_LOW,LOW,23.62883145523344,NORMAL,UNREFERENCED,81.99352168441919,EXTREME
480_517,0.9484731547867096,VERY_HIGH,48.97534668721109,MODERATE,54.14328165282362,HIGH,TRANSPORT,0.0,LOW,87.14705035534503,12.85294964465497,HIGH,VERY HIGH SUSCEPTIBILITY,high static landslide susceptibility,prioritize location for detailed assessment,VERY HIGH SUSCEPTIBILITY. Main evidence: high static landslide susceptibility. Recommended response: prioritize location for detailed assessment.,24.072700691121742,LOW,13.215996809055468,LOW,STABLE_LOW,LOW,23.62883145523344,NORMAL,UNREFERENCED,63.00512361987987,HIGH
480_1139,2.1798365122615804e-05,LOW,38.75,MODERATE,15.526518208886426,LOW,INFRASTRUCTURE,0.0,LOW,83.17928146110421,16.82071853889579,HIGH,LOW SUSCEPTIBILITY,no major independent warning signal,continue routine monitoring,LOW SUSCEPTIBILITY. Main evidence: no major independent warning signal. Recommended response: continue routine monitoring.,24.072700691121742,LOW,13.215996809055468,LOW,STABLE_LOW,LOW,23.62883145523344,NORMAL,UNREFERENCED,12.487228726875655,LOW
482_479,0.8974921922521921,VERY_HIGH,79.42218798151002,EXTREME,66.89974657590558,HIGH,TRANSPORT,73.72230445781612,HIGH,82.97588069342996,17.024119306570043,HIGH,VERY HIGH SUSCEPTIBILITY,"high static landslide susceptibility; unstable terrain conditions; high exposure to roads, settlements or infrastructure; elevated neighbouring-cell risk","prioritize location for detailed assessment; check nearby roads, settlements and infrastructure","VERY HIGH SUSCEPTIBILITY. Main evidence: high static landslide susceptibility; unstable terrain conditions; high exposure to roads, settlements or infrastructure; elevated neighbouring-cell risk. Recommended response: prioritize location for detailed assessment; check nearby roads, settlements and infrastructure.",24.072700691121742,LOW,13.215996809055468,LOW,STABLE_LOW,LOW,23.62883145523344,NORMAL,UNREFERENCED,76.08604874893027,EXTREME
482_483,0.6246043493973732,HIGH,38.46687211093991,MODERATE,71.15389473333498,HIGH,TRANSPORT,92.82445345765343,EXTREME,60.64869355076297,39.35130644923703,MODERATE,HIGH SUSCEPTIBILITY,"high static landslide susceptibility; high exposure to roads, settlements or infrastructure; elevated neighbouring-cell risk","check nearby roads, settlements and infrastructure","HIGH SUSCEPTIBILITY. Main evidence: high static landslide susceptibility; high exposure to roads, settlements or infrastructure; elevated neighbouring-cell risk. Recommended response: check nearby roads, settlements and infrastructure.",24.072700691121742,LOW,13.215996809055468,LOW,STABLE_LOW,LOW,23.62883145523344,NORMAL,UNREFERENCED,58.16336976994754,HIGH
483_365,0.9962682823129252,VERY_HIGH,70.87442218798151,HIGH,61.74105998322814,HIGH,TRANSPORT,0.0,LOW,91.05756078930813,8.942439210691873,HIGH,VERY HIGH SUSCEPTIBILITY,"high static landslide susceptibility; unstable terrain conditions; high exposure to roads, settlements or infrastructure","prioritize location for detailed assessment; check nearby roads, settlements and infrastructure","VERY HIGH SUSCEPTIBILITY. Main evidence: high static landslide susceptibility; unstable terrain conditions; high exposure to roads, settlements or infrastructure. Recommended response: prioritize location for detailed assessment; check nearby roads, settlements and infrastructure.",24.072700691121742,LOW,13.215996809055468,LOW,STABLE_LOW,LOW,23.62883145523344,NORMAL,UNREFERENCED,70.67538620827433,HIGH
483_403,0.952010625633232,VERY_HIGH,50.86286594761172,HIGH,61.81556333174895,HIGH,TRANSPORT,0.0,LOW,87.43647978824231,12.563520211757693,HIGH,VERY HIGH SUSCEPTIBILITY,"high static landslide susceptibility; high exposure to roads, settlements or infrastructure","prioritize location for detailed assessment; check nearby roads, settlements and infrastructure","VERY HIGH SUSCEPTIBILITY. Main evidence: high static landslide susceptibility; high exposure to roads, settlements or infrastructure. Recommended response: prioritize location for detailed assessment; check nearby roads, settlements and infrastructure.",24.072700691121742,LOW,13.215996809055468,LOW,STABLE_LOW,LOW,23.62883145523344,NORMAL,UNREFERENCED,64.6926559118923,HIGH
484_334,0.8618685036660038,VERY_HIGH,52.16294298921418,HIGH,54.48222691008419,HIGH,TRANSPORT,0.0,LOW,80.06121526365092,19.93878473634908,HIGH,VERY HIGH SUSCEPTIBILITY,high static landslide susceptibility,prioritize location for detailed assessment,VERY HIGH SUSCEPTIBILITY. Main evidence: high static landslide susceptibility. Recommended response: prioritize location for detailed assessment.,24.072700691121742,LOW,13.215996809055468,LOW,STABLE_LOW,LOW,23.62883145523344,NORMAL,UNREFERENCED,59.796275368437804,HIGH
486_416,0.9480674603174608,VERY_HIGH,57.00308166409863,HIGH,74.071302553285,HIGH,TRANSPORT,97.14058735929748,EXTREME,87.1138571714974,12.8861428285026,HIGH,VERY HIGH SUSCEPTIBILITY,"high static landslide susceptibility; high exposure to roads, settlements or infrastructure; elevated neighbouring-cell risk","prioritize location for detailed assessment; check nearby roads, settlements and infrastructure","VERY HIGH SUSCEPTIBILITY. Main evidence: high static landslide susceptibility; high exposure to roads, settlements or infrastructure; elevated neighbouring-cell risk. Recommended response: prioritize location for detailed assessment; check nearby roads, settlements and infrastructure.",24.072700691121742,LOW,13.215996809055468,LOW,STABLE_LOW,LOW,23.62883145523344,NORMAL,UNREFERENCED,77.29567623514014,EXTREME
488_406,0.9777339285714288,VERY_HIGH,64.10246533127889,HIGH,60.912786227544416,HIGH,TRANSPORT,0.0,LOW,89.54111366500388,10.458886334996125,HIGH,VERY HIGH SUSCEPTIBILITY,"high static landslide susceptibility; unstable terrain conditions; high exposure to roads, settlements or infrastructure","prioritize location for detailed assessment; check nearby roads, settlements and infrastructure","VERY HIGH SUSCEPTIBILITY. Main evidence: high static landslide susceptibility; unstable terrain conditions; high exposure to roads, settlements or infrastructure. Recommended response: prioritize location for detailed assessment; check nearby roads, settlements and infrastructure.",24.072700691121742,LOW,13.215996809055468,LOW,STABLE_LOW,LOW,23.62883145523344,NORMAL,UNREFERENCED,68.36270785521391,HIGH
488_504,0.978127152597553,VERY_HIGH,49.87480739599384,MODERATE,57.816381179137686,HIGH,TRANSPORT,98.689109535067,EXTREME,89.57328653986858,10.426713460131424,HIGH,VERY HIGH SUSCEPTIBILITY,high static landslide susceptibility; elevated neighbouring-cell risk,prioritize location for detailed assessment,VERY HIGH SUSCEPTIBILITY. Main evidence: high static landslide susceptibility; elevated neighbouring-cell risk. Recommended response: prioritize location for detailed assessment.,24.072700691121742,LOW,13.215996809055468,LOW,STABLE_LOW,LOW,23.62883145523344,NORMAL,UNREFERENCED,74.93932154557818,HIGH
489_364,0.9270922077922078,VERY_HIGH,26.67950693374422,MODERATE,64.75049301131331,HIGH,TRANSPORT,0.0,LOW,85.39770014670398,14.602299853296016,HIGH,VERY HIGH SUSCEPTIBILITY,"high static landslide susceptibility; high exposure to roads, settlements or infrastructure","prioritize location for detailed assessment; check nearby roads, settlements and infrastructure","VERY HIGH SUSCEPTIBILITY. Main evidence: high static landslide susceptibility; high exposure to roads, settlements or infrastructure. Recommended response: prioritize location for detailed assessment; check nearby roads, settlements and infrastructure.",24.072700691121742,LOW,13.215996809055468,LOW,STABLE_LOW,LOW,23.62883145523344,NORMAL,UNREFERENCED,59.174894758207365,HIGH
489_371,0.9583993369064796,VERY_HIGH,36.69298921417565,MODERATE,57.8980828874327,HIGH,TRANSPORT,99.76756410256412,EXTREME,87.95919252878076,12.04080747121924,HIGH,VERY HIGH SUSCEPTIBILITY,high static landslide susceptibility; elevated neighbouring-cell risk,prioritize location for detailed assessment,VERY HIGH SUSCEPTIBILITY. Main evidence: high static landslide susceptibility; elevated neighbouring-cell risk. Recommended response: prioritize location for detailed assessment.,24.072700691121742,LOW,13.215996809055468,LOW,STABLE_LOW,LOW,23.62883145523344,NORMAL,UNREFERENCED,71.5353069161102,HIGH
489_412,0.963666700082039,VERY_HIGH,51.694915254237294,HIGH,64.81701965328438,HIGH,TRANSPORT,97.4901830411224,EXTREME,88.39015860678107,11.609841393218929,HIGH,VERY HIGH SUSCEPTIBILITY,"high static landslide susceptibility; high exposure to roads, settlements or infrastructure; elevated neighbouring-cell risk","prioritize location for detailed assessment; check nearby roads, settlements and infrastructure","VERY HIGH SUSCEPTIBILITY. Main evidence: high static landslide susceptibility; high exposure to roads, settlements or infrastructure; elevated neighbouring-cell risk. Recommended response: prioritize location for detailed assessment; check nearby roads, settlements and infrastructure.",24.072700691121742,LOW,13.215996809055468,LOW,STABLE_LOW,LOW,23.62883145523344,NORMAL,UNREFERENCED,75.58282587575628,EXTREME
489_418,0.967023592654116,VERY_HIGH,84.6822033898305,EXTREME,69.70722389804352,HIGH,TRANSPORT,96.71337861319272,EXTREME,88.66481345358739,11.335186546412617,HIGH,VERY HIGH SUSCEPTIBILITY,"high static landslide susceptibility; unstable terrain conditions; high exposure to roads, settlements or infrastructure; elevated neighbouring-cell risk","prioritize location for detailed assessment; check nearby roads, settlements and infrastructure","VERY HIGH SUSCEPTIBILITY. Main evidence: high static landslide susceptibility; unstable terrain conditions; high exposure to roads, settlements or infrastructure; elevated neighbouring-cell risk. Recommended response: prioritize location for detailed assessment; check nearby roads, settlements and infrastructure.",24.072700691121742,LOW,13.215996809055468,LOW,STABLE_LOW,LOW,23.62883145523344,NORMAL,UNREFERENCED,82.9871938625393,EXTREME
489_419,0.9010617364117368,VERY_HIGH,31.145993836671803,MODERATE,72.52316110005255,HIGH,TRANSPORT,97.5928700297578,EXTREME,83.26793430648362,16.732065693516375,HIGH,VERY HIGH SUSCEPTIBILITY,"high static landslide susceptibility; high exposure to roads, settlements or infrastructure; elevated neighbouring-cell risk","prioritize location for detailed assessment; check nearby roads, settlements and infrastructure","VERY HIGH SUSCEPTIBILITY. Main evidence: high static landslide susceptibility; high exposure to roads, settlements or infrastructure; elevated neighbouring-cell risk. Recommended response: prioritize location for detailed assessment; check nearby roads, settlements and infrastructure.",24.072700691121742,LOW,13.215996809055468,LOW,STABLE_LOW,LOW,23.62883145523344,NORMAL,UNREFERENCED,69.82200814295835,HIGH
489_470,0.9590125788100792,VERY_HIGH,67.4711093990755,HIGH,59.68118311908013,HIGH,TRANSPORT,91.17651960784316,EXTREME,88.009366866348,11.990633133651995,HIGH,VERY HIGH SUSCEPTIBILITY,high static landslide susceptibility; unstable terrain conditions; elevated neighbouring-cell risk,prioritize location for detailed assessment,VERY HIGH SUSCEPTIBILITY. Main evidence: high static landslide susceptibility; unstable terrain conditions; elevated neighbouring-cell risk. Recommended response: prioritize location for detailed assessment.,24.072700691121742,LOW,13.215996809055468,LOW,STABLE_LOW,LOW,23.62883145523344,NORMAL,UNREFERENCED,77.12688742402717,EXTREME
491_371,0.9966794871794872,VERY_HIGH,69.2353620955316,HIGH,57.74308420174553,HIGH,TRANSPORT,97.4342688191438,EXTREME,91.091204823845,8.908795176154996,HIGH,VERY HIGH SUSCEPTIBILITY,high static landslide susceptibility; unstable terrain conditions; elevated neighbouring-cell risk,prioritize location for detailed assessment,VERY HIGH SUSCEPTIBILITY. Main evidence: high static landslide susceptibility; unstable terrain conditions; elevated neighbouring-cell risk. Recommended response: prioritize location for detailed assessment.,24.072700691121742,LOW,13.215996809055468,LOW,STABLE_LOW,LOW,23.62883145523344,NORMAL,UNREFERENCED,79.50980892347161,EXTREME
491_416,0.970576676695464,VERY_HIGH,47.77157164869029,MODERATE,63.36793672180397,HIGH,TRANSPORT,96.80890267427702,EXTREME,88.95552032969766,11.044479670302335,HIGH,VERY HIGH SUSCEPTIBILITY,"high static landslide susceptibility; high exposure to roads, settlements or infrastructure; elevated neighbouring-cell risk","prioritize location for detailed assessment; check nearby roads, settlements and infrastructure","VERY HIGH SUSCEPTIBILITY. Main evidence: high static landslide susceptibility; high exposure to roads, settlements or infrastructure; elevated neighbouring-cell risk. Recommended response: prioritize location for detailed assessment; check nearby roads, settlements and infrastructure.",24.072700691121742,LOW,13.215996809055468,LOW,STABLE_LOW,LOW,23.62883145523344,NORMAL,UNREFERENCED,74.82361562584441,HIGH
491_442,0.9630881669686904,VERY_HIGH,61.67950693374422,HIGH,68.28065166486861,HIGH,TRANSPORT,92.25043033194196,EXTREME,88.34282407932528,11.657175920674716,HIGH,VERY HIGH SUSCEPTIBILITY,"high static landslide susceptibility; unstable terrain conditions; high exposure to roads, settlements or infrastructure; elevated neighbouring-cell risk","prioritize location for detailed assessment; check nearby roads, settlements and infrastructure","VERY HIGH SUSCEPTIBILITY. Main evidence: high static landslide susceptibility; unstable terrain conditions; high exposure to roads, settlements or infrastructure; elevated neighbouring-cell risk. Recommended response: prioritize location for detailed assessment; check nearby roads, settlements and infrastructure.",24.072700691121742,LOW,13.215996809055468,LOW,STABLE_LOW,LOW,23.62883145523344,NORMAL,UNREFERENCED,77.54927975237658,EXTREME
491_456,0.9658139160356444,VERY_HIGH,41.48497688751926,MODERATE,60.767860130624754,HIGH,TRANSPORT,0.0,LOW,88.56583991207606,11.434160087923942,HIGH,VERY HIGH SUSCEPTIBILITY,"high static landslide susceptibility; high exposure to roads, settlements or infrastructure","prioritize location for detailed assessment; check nearby roads, settlements and infrastructure","VERY HIGH SUSCEPTIBILITY. Main evidence: high static landslide susceptibility; high exposure to roads, settlements or infrastructure. Recommended response: prioritize location for detailed assessment; check nearby roads, settlements and infrastructure.",24.072700691121742,LOW,13.215996809055468,LOW,STABLE_LOW,LOW,23.62883145523344,NORMAL,UNREFERENCED,63.28107068781374,HIGH
491_555,0.9689166441517506,VERY_HIGH,47.4306625577812,MODERATE,62.09607533712797,HIGH,TRANSPORT,0.0,LOW,88.81969948521203,11.180300514787971,HIGH,VERY HIGH SUSCEPTIBILITY,"high static landslide susceptibility; high exposure to roads, settlements or infrastructure","prioritize location for detailed assessment; check nearby roads, settlements and infrastructure","VERY HIGH SUSCEPTIBILITY. Main evidence: high static landslide susceptibility; high exposure to roads, settlements or infrastructure. Recommended response: prioritize location for detailed assessment; check nearby roads, settlements and infrastructure.",24.072700691121742,LOW,13.215996809055468,LOW,STABLE_LOW,LOW,23.62883145523344,NORMAL,UNREFERENCED,64.80906286806639,HIGH
491_1386,0.0018217983651226,LOW,30.51425269645609,MODERATE,19.37812432981571,LOW,INFRASTRUCTURE,0.0,LOW,83.03200873383149,16.96799126616851,HIGH,LOW SUSCEPTIBILITY,no major independent warning signal,continue routine monitoring,LOW SUSCEPTIBILITY. Main evidence: no major independent warning signal. Recommended response: continue routine monitoring.,24.072700691121742,LOW,13.215996809055468,LOW,STABLE_LOW,LOW,23.62883145523344,NORMAL,UNREFERENCED,11.498820184306265,LOW
492_301,0.7140058062002969,HIGH,22.966101694915256,LOW,58.76256580788339,HIGH,TRANSPORT,0.0,LOW,67.9633581982749,32.0366418017251,MODERATE,HIGH SUSCEPTIBILITY,high static landslide susceptibility,continue routine monitoring,HIGH SUSCEPTIBILITY. Main evidence: high static landslide susceptibility. Recommended response: continue routine monitoring.,24.072700691121742,LOW,13.215996809055468,LOW,STABLE_LOW,LOW,23.62883145523344,NORMAL,UNREFERENCED,47.9451365582911,MODERATE
492_508,0.9812729933581,VERY_HIGH,42.58474576271187,MODERATE,58.13717963005626,HIGH,TRANSPORT,98.40175284592236,EXTREME,89.83067351118606,10.169326488813937,HIGH,VERY HIGH SUSCEPTIBILITY,high static landslide susceptibility; elevated neighbouring-cell risk,prioritize location for detailed assessment,VERY HIGH SUSCEPTIBILITY. Main evidence: high static landslide susceptibility; elevated neighbouring-cell risk. Recommended response: prioritize location for detailed assessment.,24.072700691121742,LOW,13.215996809055468,LOW,STABLE_LOW,LOW,23.62883145523344,NORMAL,UNREFERENCED,73.64225615186972,HIGH
492_528,0.9978095238095236,VERY_HIGH,66.49268104776581,HIGH,57.77190400541647,HIGH,TRANSPORT,97.64445970341714,EXTREME,91.18366236630254,8.816337633697458,HIGH,VERY HIGH SUSCEPTIBILITY,high static landslide susceptibility; unstable terrain conditions; elevated neighbouring-cell risk,prioritize location for detailed assessment,VERY HIGH SUSCEPTIBILITY. Main evidence: high static landslide susceptibility; unstable terrain conditions; elevated neighbouring-cell risk. Recommended response: prioritize location for detailed assessment.,24.072700691121742,LOW,13.215996809055468,LOW,STABLE_LOW,LOW,23.62883145523344,NORMAL,UNREFERENCED,79.03746642124808,EXTREME
492_909,0.0166911624493142,LOW,22.06086286594761,LOW,18.90625342746692,LOW,INFRASTRUCTURE,0.0,LOW,75.81542439967036,24.18457560032964,MODERATE,LOW SUSCEPTIBILITY,no major independent warning signal,continue routine monitoring,LOW SUSCEPTIBILITY. Main evidence: no major independent warning signal. Recommended response: continue routine monitoring.,24.072700691121742,LOW,13.215996809055468,LOW,STABLE_LOW,LOW,23.62883145523344,NORMAL,UNREFERENCED,10.406482966640873,LOW
493_355,0.1011751209574738,LOW,34.72842835130971,MODERATE,58.20893169301491,HIGH,SETTLEMENT,0.0,LOW,74.90310052173004,25.09689947826996,MODERATE,LOW SUSCEPTIBILITY,no major independent warning signal,continue routine monitoring,LOW SUSCEPTIBILITY. Main evidence: no major independent warning signal. Recommended response: continue routine monitoring.,24.072700691121742,LOW,13.215996809055468,LOW,STABLE_LOW,LOW,23.62883145523344,NORMAL,UNREFERENCED,22.637175936412675,LOW
493_441,0.8892918618848854,VERY_HIGH,50.41602465331279,HIGH,70.39458843887523,HIGH,TRANSPORT,97.41617168780832,EXTREME,82.30494457246851,17.695055427531486,HIGH,VERY HIGH SUSCEPTIBILITY,"high static landslide susceptibility; high exposure to roads, settlements or infrastructure; elevated neighbouring-cell risk","prioritize location for detailed assessment; check nearby roads, settlements and infrastructure","VERY HIGH SUSCEPTIBILITY. Main evidence: high static landslide susceptibility; high exposure to roads, settlements or infrastructure; elevated neighbouring-cell risk. Recommended response: prioritize location for detailed assessment; check nearby roads, settlements and infrastructure.",24.072700691121742,LOW,13.215996809055468,LOW,STABLE_LOW,LOW,23.62883145523344,NORMAL,UNREFERENCED,72.8094142192067,HIGH
494_471,0.8739502801120449,VERY_HIGH,32.86787365177196,MODERATE,72.69617877116148,HIGH,TRANSPORT,98.06978203024366,EXTREME,81.04972424559975,18.95027575440025,HIGH,VERY HIGH SUSCEPTIBILITY,"high static landslide susceptibility; high exposure to roads, settlements or infrastructure; elevated neighbouring-cell risk","prioritize location for detailed assessment; check nearby roads, settlements and infrastructure","VERY HIGH SUSCEPTIBILITY. Main evidence: high static landslide susceptibility; high exposure to roads, settlements or infrastructure; elevated neighbouring-cell risk. Recommended response: prioritize location for detailed assessment; check nearby roads, settlements and infrastructure.",24.072700691121742,LOW,13.215996809055468,LOW,STABLE_LOW,LOW,23.62883145523344,NORMAL,UNREFERENCED,69.02001242320718,HIGH
494_508,0.9747697608022358,VERY_HIGH,55.71263482280432,HIGH,57.59520883005468,HIGH,TRANSPORT,98.689109535067,EXTREME,89.29859084752444,10.701409152475565,HIGH,VERY HIGH SUSCEPTIBILITY,high static landslide susceptibility; elevated neighbouring-cell risk,prioritize location for detailed assessment,VERY HIGH SUSCEPTIBILITY. Main evidence: high static landslide susceptibility; elevated neighbouring-cell risk. Recommended response: prioritize location for detailed assessment.,24.072700691121742,LOW,13.215996809055468,LOW,STABLE_LOW,LOW,23.62883145523344,NORMAL,UNREFERENCED,75.92262854778855,EXTREME
495_374,0.9653256416202844,VERY_HIGH,63.95030816640986,HIGH,55.36430218934406,HIGH,TRANSPORT,98.76996588336254,EXTREME,88.52589018718297,11.474109812817034,HIGH,VERY HIGH SUSCEPTIBILITY,high static landslide susceptibility; unstable terrain conditions; elevated neighbouring-cell risk,prioritize location for detailed assessment,VERY HIGH SUSCEPTIBILITY. Main evidence: high static landslide susceptibility; unstable terrain conditions; elevated neighbouring-cell risk. Recommended response: prioritize location for detailed assessment.,24.072700691121742,LOW,13.215996809055468,LOW,STABLE_LOW,LOW,23.62883145523344,NORMAL,UNREFERENCED,76.81862749204481,EXTREME
495_395,0.9960367346938778,VERY_HIGH,68.22804314329738,HIGH,58.75670147359221,HIGH,TRANSPORT,99.39705326617826,EXTREME,91.03861598411332,8.961384015886665,HIGH,VERY HIGH SUSCEPTIBILITY,high static landslide susceptibility; unstable terrain conditions; elevated neighbouring-cell risk,prioritize location for detailed assessment,VERY HIGH SUSCEPTIBILITY. Main evidence: high static landslide susceptibility; unstable terrain conditions; elevated neighbouring-cell risk. Recommended response: prioritize location for detailed assessment.,24.072700691121742,LOW,13.215996809055468,LOW,STABLE_LOW,LOW,23.62883145523344,NORMAL,UNREFERENCED,79.6277423066528,EXTREME
495_397,0.991386475231118,VERY_HIGH,77.62519260400616,EXTREME,57.252905096665216,HIGH,TRANSPORT,99.72257142857144,EXTREME,90.65814020988752,9.341859790112466,HIGH,VERY HIGH SUSCEPTIBILITY,high static landslide susceptibility; unstable terrain conditions; elevated neighbouring-cell risk,prioritize location for detailed assessment,VERY HIGH SUSCEPTIBILITY. Main evidence: high static landslide susceptibility; unstable terrain conditions; elevated neighbouring-cell risk. Recommended response: prioritize location for detailed assessment.,24.072700691121742,LOW,13.215996809055468,LOW,STABLE_LOW,LOW,23.62883145523344,NORMAL,UNREFERENCED,81.10489288267065,EXTREME
495_435,0.9706817460317464,VERY_HIGH,57.84476117103237,HIGH,67.39763349327043,HIGH,TRANSPORT,0.0,LOW,88.96411691175713,11.03588308824287,HIGH,VERY HIGH SUSCEPTIBILITY,"high static landslide susceptibility; high exposure to roads, settlements or infrastructure","prioritize location for detailed assessment; check nearby roads, settlements and infrastructure","VERY HIGH SUSCEPTIBILITY. Main evidence: high static landslide susceptibility; high exposure to roads, settlements or infrastructure. Recommended response: prioritize location for detailed assessment; check nearby roads, settlements and infrastructure.",24.072700691121742,LOW,13.215996809055468,LOW,STABLE_LOW,LOW,23.62883145523344,NORMAL,UNREFERENCED,67.7665458987378,HIGH
495_450,0.9635898282863,VERY_HIGH,43.6979969183359,MODERATE,66.16945828279634,HIGH,TRANSPORT,0.0,LOW,88.38386909622062,11.61613090377938,HIGH,VERY HIGH SUSCEPTIBILITY,"high static landslide susceptibility; high exposure to roads, settlements or infrastructure","prioritize location for detailed assessment; check nearby roads, settlements and infrastructure","VERY HIGH SUSCEPTIBILITY. Main evidence: high static landslide susceptibility; high exposure to roads, settlements or infrastructure. Recommended response: prioritize location for detailed assessment; check nearby roads, settlements and infrastructure.",24.072700691121742,LOW,13.215996809055468,LOW,STABLE_LOW,LOW,23.62883145523344,NORMAL,UNREFERENCED,64.43383046808232,HIGH
495_461,0.9974444444444444,VERY_HIGH,76.30970724191063,EXTREME,56.71201746635632,HIGH,TRANSPORT,98.99774661984762,EXTREME,91.15379223643242,8.846207763567577,HIGH,VERY HIGH SUSCEPTIBILITY,high static landslide susceptibility; unstable terrain conditions; elevated neighbouring-cell risk,prioritize location for detailed assessment,VERY HIGH SUSCEPTIBILITY. Main evidence: high static landslide susceptibility; unstable terrain conditions; elevated neighbouring-cell risk. Recommended response: prioritize location for detailed assessment.,24.072700691121742,LOW,13.215996809055468,LOW,STABLE_LOW,LOW,23.62883145523344,NORMAL,UNREFERENCED,80.9607887994325,EXTREME
495_469,0.9777906090808416,VERY_HIGH,66.74306625577812,HIGH,60.64135372295421,HIGH,TRANSPORT,97.49291687159092,EXTREME,89.54575116122855,10.454248838771449,HIGH,VERY HIGH SUSCEPTIBILITY,"high static landslide susceptibility; unstable terrain conditions; high exposure to roads, settlements or infrastructure; elevated neighbouring-cell risk","prioritize location for detailed assessment; check nearby roads, settlements and infrastructure","VERY HIGH SUSCEPTIBILITY. Main evidence: high static landslide susceptibility; unstable terrain conditions; high exposure to roads, settlements or infrastructure; elevated neighbouring-cell risk. Recommended response: prioritize location for detailed assessment; check nearby roads, settlements and infrastructure.",24.072700691121742,LOW,13.215996809055468,LOW,STABLE_LOW,LOW,23.62883145523344,NORMAL,UNREFERENCED,78.60195547450789,EXTREME
495_1418,2.1798365122615804e-05,LOW,35.29275808936826,MODERATE,21.141737897223173,LOW,TRANSPORT,0.0,LOW,83.17928146110421,16.82071853889579,HIGH,LOW SUSCEPTIBILITY,no major independent warning signal,continue routine monitoring,LOW SUSCEPTIBILITY. Main evidence: no major independent warning signal. Recommended response: continue routine monitoring.,24.072700691121742,LOW,13.215996809055468,LOW,STABLE_LOW,LOW,23.62883145523344,NORMAL,UNREFERENCED,12.638063297999821,LOW
496_376,0.983911387596494,VERY_HIGH,58.902157164869024,HIGH,57.16738124373203,HIGH,TRANSPORT,96.95883648746148,EXTREME,90.04654213069102,9.953457869308975,HIGH,VERY HIGH SUSCEPTIBILITY,high static landslide susceptibility; elevated neighbouring-cell risk,prioritize location for detailed assessment,VERY HIGH SUSCEPTIBILITY. Main evidence: high static landslide susceptibility; elevated neighbouring-cell risk. Recommended response: prioritize location for detailed assessment.,24.072700691121742,LOW,13.215996809055468,LOW,STABLE_LOW,LOW,23.62883145523344,NORMAL,UNREFERENCED,76.73470477923416,EXTREME
496_463,0.9868125112312984,VERY_HIGH,44.84013867488444,MODERATE,58.35659832942817,HIGH,TRANSPORT,99.26011525316576,EXTREME,90.28390679172048,9.716093208279515,HIGH,VERY HIGH SUSCEPTIBILITY,high static landslide susceptibility; elevated neighbouring-cell risk,prioritize location for detailed assessment,VERY HIGH SUSCEPTIBILITY. Main evidence: high static landslide susceptibility; elevated neighbouring-cell risk. Recommended response: prioritize location for detailed assessment.,24.072700691121742,LOW,13.215996809055468,LOW,STABLE_LOW,LOW,23.62883145523344,NORMAL,UNREFERENCED,74.4613620842283,HIGH
496_465,0.9934241269841272,VERY_HIGH,81.92796610169493,EXTREME,58.55834721043244,HIGH,TRANSPORT,99.13770970648778,EXTREME,90.82485717149736,9.17514282850263,HIGH,VERY HIGH SUSCEPTIBILITY,high static landslide susceptibility; unstable terrain conditions; elevated neighbouring-cell risk,prioritize location for detailed assessment,VERY HIGH SUSCEPTIBILITY. Main evidence: high static landslide susceptibility; unstable terrain conditions; elevated neighbouring-cell risk. Recommended response: prioritize location for detailed assessment.,24.072700691121742,LOW,13.215996809055468,LOW,STABLE_LOW,LOW,23.62883145523344,NORMAL,UNREFERENCED,82.19447205595054,EXTREME
496_1659,0.0357035244948288,LOW,19.551232665639446,LOW,42.54071778979655,MODERATE,TRANSPORT,0.0,LOW,80.25986750503735,19.74013249496265,HIGH,LOW SUSCEPTIBILITY,no major independent warning signal,continue routine monitoring,LOW SUSCEPTIBILITY. Main evidence: no major independent warning signal. Recommended response: continue routine monitoring.,24.072700691121742,LOW,13.215996809055468,LOW,STABLE_LOW,LOW,23.62883145523344,NORMAL,UNREFERENCED,14.305282872976841,LOW
497_464,0.95939007255886,VERY_HIGH,51.25000000000001,HIGH,57.599595716205634,HIGH,TRANSPORT,99.47805025074044,EXTREME,88.04025271852097,11.959747281479023,HIGH,VERY HIGH SUSCEPTIBILITY,high static landslide susceptibility; elevated neighbouring-cell risk,prioritize location for detailed assessment,VERY HIGH SUSCEPTIBILITY. Main evidence: high static landslide susceptibility; elevated neighbouring-cell risk. Recommended response: prioritize location for detailed assessment.,24.072700691121742,LOW,13.215996809055468,LOW,STABLE_LOW,LOW,23.62883145523344,NORMAL,UNREFERENCED,74.41756771676576,HIGH
497_527,0.9663494243345306,VERY_HIGH,47.19183359013867,MODERATE,57.83605138200875,HIGH,TRANSPORT,99.40745136302112,EXTREME,88.60965422743948,11.390345772560522,HIGH,VERY HIGH SUSCEPTIBILITY,high static landslide susceptibility; elevated neighbouring-cell risk,prioritize location for detailed assessment,VERY HIGH SUSCEPTIBILITY. Main evidence: high static landslide susceptibility; elevated neighbouring-cell risk. Recommended response: prioritize location for detailed assessment.,24.072700691121742,LOW,13.215996809055468,LOW,STABLE_LOW,LOW,23.62883145523344,NORMAL,UNREFERENCED,73.94751372579722,HIGH
497_916,0.0024384650317892,LOW,48.15677966101696,MODERATE,18.640369878114,LOW,INFRASTRUCTURE,0.0,LOW,76.98155418837695,23.018445811623053,MODERATE,LOW SUSCEPTIBILITY,no major independent warning signal,continue routine monitoring,LOW SUSCEPTIBILITY. Main evidence: no major independent warning signal. Recommended response: continue routine monitoring.,24.072700691121742,LOW,13.215996809055468,LOW,STABLE_LOW,LOW,23.62883145523344,NORMAL,UNREFERENCED,14.944412409463181,LOW
499_373,0.9346277203223629,VERY_HIGH,60.97072419106317,HIGH,55.25311775487239,HIGH,TRANSPORT,98.5020822122304,EXTREME,86.01424208098939,13.98575791901061,HIGH,VERY HIGH SUSCEPTIBILITY,high static landslide susceptibility; unstable terrain conditions; elevated neighbouring-cell risk,prioritize location for detailed assessment,VERY HIGH SUSCEPTIBILITY. Main evidence: high static landslide susceptibility; unstable terrain conditions; elevated neighbouring-cell risk. Recommended response: prioritize location for detailed assessment.,24.072700691121742,LOW,13.215996809055468,LOW,STABLE_LOW,LOW,23.62883145523344,NORMAL,UNREFERENCED,74.79783820628504,HIGH
499_1383,2.1798365122615804e-05,LOW,27.134052388289675,MODERATE,22.2607994400035,LOW,TRANSPORT,0.0,LOW,83.17928146110421,16.82071853889579,HIGH,LOW SUSCEPTIBILITY,no major independent warning signal,continue routine monitoring,LOW SUSCEPTIBILITY. Main evidence: no major independent warning signal. Recommended response: continue routine monitoring.,24.072700691121742,LOW,13.215996809055468,LOW,STABLE_LOW,LOW,23.62883145523344,NORMAL,UNREFERENCED,11.174181389201152,LOW
500_338,0.9874196969696968,VERY_HIGH,78.08936825885979,EXTREME,58.47872165584766,HIGH,TRANSPORT,95.8227102649569,EXTREME,90.33358562486217,9.666414375137832,HIGH,VERY HIGH SUSCEPTIBILITY,high static landslide susceptibility; unstable terrain conditions; elevated neighbouring-cell risk,prioritize location for detailed assessment,VERY HIGH SUSCEPTIBILITY. Main evidence: high static landslide susceptibility; unstable terrain conditions; elevated neighbouring-cell risk. Recommended response: prioritize location for detailed assessment.,24.072700691121742,LOW,13.215996809055468,LOW,STABLE_LOW,LOW,23.62883145523344,NORMAL,UNREFERENCED,80.81310935939332,EXTREME
500_339,0.978739353669586,VERY_HIGH,62.14946070878274,HIGH,58.25807360295584,HIGH,TRANSPORT,96.25672742996244,EXTREME,89.62337571848946,10.376624281510544,HIGH,VERY HIGH SUSCEPTIBILITY,high static landslide susceptibility; unstable terrain conditions; elevated neighbouring-cell risk,prioritize location for detailed assessment,VERY HIGH SUSCEPTIBILITY. Main evidence: high static landslide susceptibility; unstable terrain conditions; elevated neighbouring-cell risk. Recommended response: prioritize location for detailed assessment.,24.072700691121742,LOW,13.215996809055468,LOW,STABLE_LOW,LOW,23.62883145523344,NORMAL,UNREFERENCED,77.2448169094397,EXTREME
500_427,0.9718918466223702,VERY_HIGH,78.07781201849,EXTREME,63.32827758242199,HIGH,TRANSPORT,0.0,LOW,89.06312514189906,10.936874858100936,HIGH,VERY HIGH SUSCEPTIBILITY,"high static landslide susceptibility; unstable terrain conditions; high exposure to roads, settlements or infrastructure","prioritize location for detailed assessment; check nearby roads, settlements and infrastructure","VERY HIGH SUSCEPTIBILITY. Main evidence: high static landslide susceptibility; unstable terrain conditions; high exposure to roads, settlements or infrastructure. Recommended response: prioritize location for detailed assessment; check nearby roads, settlements and infrastructure.",24.072700691121742,LOW,13.215996809055468,LOW,STABLE_LOW,LOW,23.62883145523344,NORMAL,UNREFERENCED,71.25720720818012,HIGH
500_508,0.980224396089735,VERY_HIGH,39.36055469953775,MODERATE,62.614211917733485,HIGH,TRANSPORT,0.0,LOW,89.74487918922893,10.255120810771077,HIGH,VERY HIGH SUSCEPTIBILITY,"high static landslide susceptibility; high exposure to roads, settlements or infrastructure","prioritize location for detailed assessment; check nearby roads, settlements and infrastructure","VERY HIGH SUSCEPTIBILITY. Main evidence: high static landslide susceptibility; high exposure to roads, settlements or infrastructure. Recommended response: prioritize location for detailed assessment; check nearby roads, settlements and infrastructure.",24.072700691121742,LOW,13.215996809055468,LOW,STABLE_LOW,LOW,23.62883145523344,NORMAL,UNREFERENCED,63.78161062071782,HIGH
501_470,0.9888028205128208,VERY_HIGH,72.60785824345147,HIGH,59.02586099840983,HIGH,TRANSPORT,0.0,LOW,90.4467502783905,9.553249721609504,HIGH,VERY HIGH SUSCEPTIBILITY,high static landslide susceptibility; unstable terrain conditions,prioritize location for detailed assessment,VERY HIGH SUSCEPTIBILITY. Main evidence: high static landslide susceptibility; unstable terrain conditions. Recommended response: prioritize location for detailed assessment.,24.072700691121742,LOW,13.215996809055468,LOW,STABLE_LOW,LOW,23.62883145523344,NORMAL,UNREFERENCED,70.27884779064088,HIGH
501_529,0.98093444746468,VERY_HIGH,61.92411402157165,HIGH,60.24300340828289,HIGH,TRANSPORT,98.41416110573824,EXTREME,89.80297430172442,10.19702569827558,HIGH,VERY HIGH SUSCEPTIBILITY,"high static landslide susceptibility; unstable terrain conditions; high exposure to roads, settlements or infrastructure; elevated neighbouring-cell risk","prioritize location for detailed assessment; check nearby roads, settlements and infrastructure","VERY HIGH SUSCEPTIBILITY. Main evidence: high static landslide susceptibility; unstable terrain conditions; high exposure to roads, settlements or infrastructure; elevated neighbouring-cell risk. Recommended response: prioritize location for detailed assessment; check nearby roads, settlements and infrastructure.",24.072700691121742,LOW,13.215996809055468,LOW,STABLE_LOW,LOW,23.62883145523344,NORMAL,UNREFERENCED,77.81200963115336,EXTREME
501_531,0.9817434523809524,VERY_HIGH,82.4653312788906,EXTREME,56.98186007123791,HIGH,TRANSPORT,98.3737108599246,EXTREME,89.8691656130558,10.1308343869442,HIGH,VERY HIGH SUSCEPTIBILITY,high static landslide susceptibility; unstable terrain conditions; elevated neighbouring-cell risk,prioritize location for detailed assessment,VERY HIGH SUSCEPTIBILITY. Main evidence: high static landslide susceptibility; unstable terrain conditions; elevated neighbouring-cell risk. Recommended response: prioritize location for detailed assessment.,24.072700691121742,LOW,13.215996809055468,LOW,STABLE_LOW,LOW,23.62883145523344,NORMAL,UNREFERENCED,81.4634417787113,EXTREME
503_461,0.9899611111111112,VERY_HIGH,80.39869029275809,EXTREME,56.378842941638105,HIGH,TRANSPORT,97.5630469552458,EXTREME,90.54151950915973,9.458480490840287,HIGH,VERY HIGH SUSCEPTIBILITY,high static landslide susceptibility; unstable terrain conditions; elevated neighbouring-cell risk,prioritize location for detailed assessment,VERY HIGH SUSCEPTIBILITY. Main evidence: high static landslide susceptibility; unstable terrain conditions; elevated neighbouring-cell risk. Recommended response: prioritize location for detailed assessment.,24.072700691121742,LOW,13.215996809055468,LOW,STABLE_LOW,LOW,23.62883145523344,NORMAL,UNREFERENCED,81.24838926443408,EXTREME
505_335,0.9127878081729146,VERY_HIGH,32.72149460708783,MODERATE,57.31075164291186,HIGH,TRANSPORT,95.17511313434346,EXTREME,84.22734017785271,15.77265982214729,HIGH,VERY HIGH SUSCEPTIBILITY,high static landslide susceptibility; elevated neighbouring-cell risk,prioritize location for detailed assessment,VERY HIGH SUSCEPTIBILITY. Main evidence: high static landslide susceptibility; elevated neighbouring-cell risk. Recommended response: prioritize location for detailed assessment.,24.072700691121742,LOW,13.215996809055468,LOW,STABLE_LOW,LOW,23.62883145523344,NORMAL,UNREFERENCED,68.14114441818201,HIGH
505_338,0.8442871290738796,VERY_HIGH,28.565100154083204,MODERATE,58.43374448961555,HIGH,TRANSPORT,97.5962579656546,EXTREME,78.62273916065894,21.377260839341066,MODERATE,VERY HIGH SUSCEPTIBILITY,high static landslide susceptibility; elevated neighbouring-cell risk,prioritize location for detailed assessment,VERY HIGH SUSCEPTIBILITY. Main evidence: high static landslide susceptibility; elevated neighbouring-cell risk. Recommended response: prioritize location for detailed assessment.,24.072700691121742,LOW,13.215996809055468,LOW,STABLE_LOW,LOW,23.62883145523344,NORMAL,UNREFERENCED,64.6378983782612,HIGH
505_410,0.7915765021709924,VERY_HIGH,23.12211093990755,LOW,57.90806574052664,HIGH,TRANSPORT,0.0,LOW,74.31005150496817,25.689948495031828,MODERATE,VERY HIGH SUSCEPTIBILITY,high static landslide susceptibility,prioritize location for detailed assessment,VERY HIGH SUSCEPTIBILITY. Main evidence: high static landslide susceptibility. Recommended response: prioritize location for detailed assessment.,24.072700691121742,LOW,13.215996809055468,LOW,STABLE_LOW,LOW,23.62883145523344,NORMAL,UNREFERENCED,51.33884471586733,HIGH
505_647,0.0015622024055266,LOW,36.25770416024653,MODERATE,21.181971906683103,LOW,INFRASTRUCTURE,0.0,LOW,83.05324840325298,16.94675159674702,HIGH,LOW SUSCEPTIBILITY,no major independent warning signal,continue routine monitoring,LOW SUSCEPTIBILITY. Main evidence: no major independent warning signal. Recommended response: continue routine monitoring.,24.072700691121742,LOW,13.215996809055468,LOW,STABLE_LOW,LOW,23.62883145523344,NORMAL,UNREFERENCED,12.906405795412644,LOW
506_339,0.9609193362193365,VERY_HIGH,52.074345146379045,HIGH,64.83501206246522,HIGH,TRANSPORT,94.93960683462996,EXTREME,88.16537429074178,11.83462570925822,HIGH,VERY HIGH SUSCEPTIBILITY,"high static landslide susceptibility; high exposure to roads, settlements or infrastructure; elevated neighbouring-cell risk","prioritize location for detailed assessment; check nearby roads, settlements and infrastructure","VERY HIGH SUSCEPTIBILITY. Main evidence: high static landslide susceptibility; high exposure to roads, settlements or infrastructure; elevated neighbouring-cell risk. Recommended response: prioritize location for detailed assessment; check nearby roads, settlements and infrastructure.",24.072700691121742,LOW,13.215996809055468,LOW,STABLE_LOW,LOW,23.62883145523344,NORMAL,UNREFERENCED,75.28272172109091,EXTREME
506_378,0.9953367346938776,VERY_HIGH,83.60747303543913,EXTREME,60.23727214941567,HIGH,TRANSPORT,98.95965476190476,EXTREME,90.9813432568406,9.018656743159411,HIGH,VERY HIGH SUSCEPTIBILITY,"high static landslide susceptibility; unstable terrain conditions; high exposure to roads, settlements or infrastructure; elevated neighbouring-cell risk","prioritize location for detailed assessment; check nearby roads, settlements and infrastructure","VERY HIGH SUSCEPTIBILITY. Main evidence: high static landslide susceptibility; unstable terrain conditions; high exposure to roads, settlements or infrastructure; elevated neighbouring-cell risk. Recommended response: prioritize location for detailed assessment; check nearby roads, settlements and infrastructure.",24.072700691121742,LOW,13.215996809055468,LOW,STABLE_LOW,LOW,23.62883145523344,NORMAL,UNREFERENCED,82.85047403602732,EXTREME
506_420,0.9216906533711768,VERY_HIGH,53.45916795069338,HIGH,63.62206697938064,HIGH,TRANSPORT,97.63910512936675,EXTREME,84.95575478498327,15.04424521501673,HIGH,VERY HIGH SUSCEPTIBILITY,"high static landslide susceptibility; high exposure to roads, settlements or infrastructure; elevated neighbouring-cell risk","prioritize location for detailed assessment; check nearby roads, settlements and infrastructure","VERY HIGH SUSCEPTIBILITY. Main evidence: high static landslide susceptibility; high exposure to roads, settlements or infrastructure; elevated neighbouring-cell risk. Recommended response: prioritize location for detailed assessment; check nearby roads, settlements and infrastructure.",24.072700691121742,LOW,13.215996809055468,LOW,STABLE_LOW,LOW,23.62883145523344,NORMAL,UNREFERENCED,73.88240362079759,HIGH
506_422,0.9753880767811,VERY_HIGH,77.43451463790447,EXTREME,65.01736282645516,HIGH,TRANSPORT,95.60806629320292,EXTREME,89.34918033670424,10.650819663295763,HIGH,VERY HIGH SUSCEPTIBILITY,"high static landslide susceptibility; unstable terrain conditions; high exposure to roads, settlements or infrastructure; elevated neighbouring-cell risk","prioritize location for detailed assessment; check nearby roads, settlements and infrastructure","VERY HIGH SUSCEPTIBILITY. Main evidence: high static landslide susceptibility; unstable terrain conditions; high exposure to roads, settlements or infrastructure; elevated neighbouring-cell risk. Recommended response: prioritize location for detailed assessment; check nearby roads, settlements and infrastructure.",24.072700691121742,LOW,13.215996809055468,LOW,STABLE_LOW,LOW,23.62883145523344,NORMAL,UNREFERENCED,81.10004750513113,EXTREME
506_464,0.9651863850749398,VERY_HIGH,46.61787365177196,MODERATE,55.827599722579976,HIGH,TRANSPORT,99.29727777777778,EXTREME,88.5144964698366,11.4855035301634,HIGH,VERY HIGH SUSCEPTIBILITY,high static landslide susceptibility; elevated neighbouring-cell risk,prioritize location for detailed assessment,VERY HIGH SUSCEPTIBILITY. Main evidence: high static landslide susceptibility; elevated neighbouring-cell risk. Recommended response: prioritize location for detailed assessment.,24.072700691121742,LOW,13.215996809055468,LOW,STABLE_LOW,LOW,23.62883145523344,NORMAL,UNREFERENCED,73.46809986400363,HIGH
507_422,0.9434850645155878,VERY_HIGH,83.41486902927582,EXTREME,63.91263037451302,HIGH,TRANSPORT,97.20321690647852,EXTREME,86.73893387861688,13.261066121383124,HIGH,VERY HIGH SUSCEPTIBILITY,"high static landslide susceptibility; unstable terrain conditions; high exposure to roads, settlements or infrastructure; elevated neighbouring-cell risk","prioritize location for detailed assessment; check nearby roads, settlements and infrastructure","VERY HIGH SUSCEPTIBILITY. Main evidence: high static landslide susceptibility; unstable terrain conditions; high exposure to roads, settlements or infrastructure; elevated neighbouring-cell risk. Recommended response: prioritize location for detailed assessment; check nearby roads, settlements and infrastructure.",24.072700691121742,LOW,13.215996809055468,LOW,STABLE_LOW,LOW,23.62883145523344,NORMAL,UNREFERENCED,80.8542880249936,EXTREME
508_338,0.9208585132890368,VERY_HIGH,45.22919876733436,MODERATE,68.55650484896074,HIGH,TRANSPORT,95.64887048693372,EXTREME,84.88767059644454,15.112329403555464,HIGH,VERY HIGH SUSCEPTIBILITY,"high static landslide susceptibility; high exposure to roads, settlements or infrastructure; elevated neighbouring-cell risk","prioritize location for detailed assessment; check nearby roads, settlements and infrastructure","VERY HIGH SUSCEPTIBILITY. Main evidence: high static landslide susceptibility; high exposure to roads, settlements or infrastructure; elevated neighbouring-cell risk. Recommended response: prioritize location for detailed assessment; check nearby roads, settlements and infrastructure.",24.072700691121742,LOW,13.215996809055468,LOW,STABLE_LOW,LOW,23.62883145523344,NORMAL,UNREFERENCED,72.74010569662317,HIGH
508_340,0.947960100590624,VERY_HIGH,37.52696456086287,MODERATE,69.9522793679298,HIGH,TRANSPORT,95.4552991322771,EXTREME,87.10507319384712,12.89492680615288,HIGH,VERY HIGH SUSCEPTIBILITY,"high static landslide susceptibility; high exposure to roads, settlements or infrastructure; elevated neighbouring-cell risk","prioritize location for detailed assessment; check nearby roads, settlements and infrastructure","VERY HIGH SUSCEPTIBILITY. Main evidence: high static landslide susceptibility; high exposure to roads, settlements or infrastructure; elevated neighbouring-cell risk. Recommended response: prioritize location for detailed assessment; check nearby roads, settlements and infrastructure.",24.072700691121742,LOW,13.215996809055468,LOW,STABLE_LOW,LOW,23.62883145523344,NORMAL,UNREFERENCED,72.60923932628,HIGH
508_349,0.9561103896103896,VERY_HIGH,51.23459167950693,HIGH,72.84232083348145,HIGH,TRANSPORT,0.0,LOW,87.77191502273703,12.228084977262968,HIGH,VERY HIGH SUSCEPTIBILITY,"high static landslide susceptibility; high exposure to roads, settlements or infrastructure","prioritize location for detailed assessment; check nearby roads, settlements and infrastructure","VERY HIGH SUSCEPTIBILITY. Main evidence: high static landslide susceptibility; high exposure to roads, settlements or infrastructure. Recommended response: prioritize location for detailed assessment; check nearby roads, settlements and infrastructure.",24.072700691121742,LOW,13.215996809055468,LOW,STABLE_LOW,LOW,23.62883145523344,NORMAL,UNREFERENCED,66.60550406250331,HIGH
508_1254,2.1798365122615804e-05,LOW,45.92064714946071,MODERATE,21.03049666540756,LOW,TRANSPORT,0.0,LOW,83.17928146110421,16.82071853889579,HIGH,LOW SUSCEPTIBILITY,no major independent warning signal,continue routine monitoring,LOW SUSCEPTIBILITY. Main evidence: no major independent warning signal. Recommended response: continue routine monitoring.,24.072700691121742,LOW,13.215996809055468,LOW,STABLE_LOW,LOW,23.62883145523344,NORMAL,UNREFERENCED,14.746954925245971,LOW
509_340,0.9367069259874494,VERY_HIGH,41.604391371340526,MODERATE,70.16479810821765,HIGH,TRANSPORT,95.56783087830884,EXTREME,86.18435890813284,13.815641091867164,HIGH,VERY HIGH SUSCEPTIBILITY,"high static landslide susceptibility; high exposure to roads, settlements or infrastructure; elevated neighbouring-cell risk","prioritize location for detailed assessment; check nearby roads, settlements and infrastructure","VERY HIGH SUSCEPTIBILITY. Main evidence: high static landslide susceptibility; high exposure to roads, settlements or infrastructure; elevated neighbouring-cell risk. Recommended response: prioritize location for detailed assessment; check nearby roads, settlements and infrastructure.",24.072700691121742,LOW,13.215996809055468,LOW,STABLE_LOW,LOW,23.62883145523344,NORMAL,UNREFERENCED,72.96146281687903,HIGH
509_374,0.9851379251700682,VERY_HIGH,80.10593220338983,EXTREME,56.16733229035923,HIGH,TRANSPORT,99.67357142857144,EXTREME,90.14689520489254,9.853104795107456,HIGH,VERY HIGH SUSCEPTIBILITY,high static landslide susceptibility; unstable terrain conditions; elevated neighbouring-cell risk,prioritize location for detailed assessment,VERY HIGH SUSCEPTIBILITY. Main evidence: high static landslide susceptibility; unstable terrain conditions; elevated neighbouring-cell risk. Recommended response: prioritize location for detailed assessment.,24.072700691121742,LOW,13.215996809055468,LOW,STABLE_LOW,LOW,23.62883145523344,NORMAL,UNREFERENCED,81.15212012885424,EXTREME
509_731,6.220240552665621e-05,LOW,43.0546995377504,MODERATE,16.999665220803635,LOW,INFRASTRUCTURE,0.0,LOW,83.17597567598025,16.824024324019746,HIGH,LOW SUSCEPTIBILITY,no major independent warning signal,continue routine monitoring,LOW SUSCEPTIBILITY. Main evidence: no major independent warning signal. Recommended response: continue routine monitoring.,24.072700691121742,LOW,13.215996809055468,LOW,STABLE_LOW,LOW,23.62883145523344,NORMAL,UNREFERENCED,13.570958868031502,LOW
510_407,0.7828883458828361,VERY_HIGH,24.582049306625574,LOW,55.86989746615848,HIGH,TRANSPORT,99.67333333333336,EXTREME,73.59920235411902,26.400797645880985,MODERATE,VERY HIGH SUSCEPTIBILITY,high static landslide susceptibility; elevated neighbouring-cell risk,prioritize location for detailed assessment,VERY HIGH SUSCEPTIBILITY. Main evidence: high static landslide susceptibility; elevated neighbouring-cell risk. Recommended response: prioritize location for detailed assessment.,24.072700691121742,LOW,13.215996809055468,LOW,STABLE_LOW,LOW,23.62883145523344,NORMAL,UNREFERENCED,60.90147344842202,HIGH
512_326,0.7061318650793652,HIGH,45.04237288135594,MODERATE,51.80674233230656,HIGH,TRANSPORT,0.0,LOW,67.31912665201686,32.68087334798314,MODERATE,HIGH SUSCEPTIBILITY,high static landslide susceptibility,continue routine monitoring,HIGH SUSCEPTIBILITY. Main evidence: high static landslide susceptibility. Recommended response: continue routine monitoring.,24.072700691121742,LOW,13.215996809055468,LOW,STABLE_LOW,LOW,23.62883145523344,NORMAL,UNREFERENCED,50.96268992380078,HIGH
512_511,0.7091497128461843,HIGH,47.96032357473035,MODERATE,71.96437499991397,HIGH,TRANSPORT,0.0,LOW,67.56604146930206,32.433958530697936,MODERATE,HIGH SUSCEPTIBILITY,"high static landslide susceptibility; high exposure to roads, settlements or infrastructure","check nearby roads, settlements and infrastructure","HIGH SUSCEPTIBILITY. Main evidence: high static landslide susceptibility; high exposure to roads, settlements or infrastructure. Recommended response: check nearby roads, settlements and infrastructure.",24.072700691121742,LOW,13.215996809055468,LOW,STABLE_LOW,LOW,23.62883145523344,NORMAL,UNREFERENCED,54.70572811212364,HIGH
515_405,0.9953333333333334,VERY_HIGH,78.25500770416026,EXTREME,62.05046449154194,HIGH,TRANSPORT,96.44562726125044,EXTREME,90.98106496370517,9.018935036294836,HIGH,VERY HIGH SUSCEPTIBILITY,"high static landslide susceptibility; unstable terrain conditions; high exposure to roads, settlements or infrastructure; elevated neighbouring-cell risk","prioritize location for detailed assessment; check nearby roads, settlements and infrastructure","VERY HIGH SUSCEPTIBILITY. Main evidence: high static landslide susceptibility; unstable terrain conditions; high exposure to roads, settlements or infrastructure; elevated neighbouring-cell risk. Recommended response: prioritize location for detailed assessment; check nearby roads, settlements and infrastructure.",24.072700691121742,LOW,13.215996809055468,LOW,STABLE_LOW,LOW,23.62883145523344,NORMAL,UNREFERENCED,81.80040400980056,EXTREME
516_395,0.999,VERY_HIGH,76.96263482280432,EXTREME,60.697263419765534,HIGH,TRANSPORT,0.0,LOW,91.28106496370516,8.718935036294852,HIGH,VERY HIGH SUSCEPTIBILITY,"high static landslide susceptibility; unstable terrain conditions; high exposure to roads, settlements or infrastructure","prioritize location for detailed assessment; check nearby roads, settlements and infrastructure","VERY HIGH SUSCEPTIBILITY. Main evidence: high static landslide susceptibility; unstable terrain conditions; high exposure to roads, settlements or infrastructure. Recommended response: prioritize location for detailed assessment; check nearby roads, settlements and infrastructure.",24.072700691121742,LOW,13.215996809055468,LOW,STABLE_LOW,LOW,23.62883145523344,NORMAL,UNREFERENCED,71.85938654663786,HIGH
517_370,0.9418056941563272,VERY_HIGH,57.12249614791988,HIGH,61.84535109404769,HIGH,TRANSPORT,0.0,LOW,86.60153084922283,13.398469150777174,HIGH,VERY HIGH SUSCEPTIBILITY,"high static landslide susceptibility; high exposure to roads, settlements or infrastructure","prioritize location for detailed assessment; check nearby roads, settlements and infrastructure","VERY HIGH SUSCEPTIBILITY. Main evidence: high static landslide susceptibility; high exposure to roads, settlements or infrastructure. Recommended response: prioritize location for detailed assessment; check nearby roads, settlements and infrastructure.",24.072700691121742,LOW,13.215996809055468,LOW,STABLE_LOW,LOW,23.62883145523344,NORMAL,UNREFERENCED,65.48982819983803,HIGH
517_406,0.9983461538461538,VERY_HIGH,74.68027734976889,HIGH,61.107821040388274,HIGH,TRANSPORT,98.79614514625106,EXTREME,91.22756846020866,8.772431539791341,HIGH,VERY HIGH SUSCEPTIBILITY,"high static landslide susceptibility; unstable terrain conditions; high exposure to roads, settlements or infrastructure; elevated neighbouring-cell risk","prioritize location for detailed assessment; check nearby roads, settlements and infrastructure","VERY HIGH SUSCEPTIBILITY. Main evidence: high static landslide susceptibility; unstable terrain conditions; high exposure to roads, settlements or infrastructure; elevated neighbouring-cell risk. Recommended response: prioritize location for detailed assessment; check nearby roads, settlements and infrastructure.",24.072700691121742,LOW,13.215996809055468,LOW,STABLE_LOW,LOW,23.62883145523344,NORMAL,UNREFERENCED,81.31469013282621,EXTREME
518_325,0.5426971500721501,HIGH,19.66486902927581,LOW,52.26277860665736,HIGH,TRANSPORT,82.90561385281384,EXTREME,53.94719542415381,46.0528045758462,LOW,HIGH SUSCEPTIBILITY,high static landslide susceptibility; elevated neighbouring-cell risk,continue routine monitoring,HIGH SUSCEPTIBILITY. Main evidence: high static landslide susceptibility; elevated neighbouring-cell risk. Recommended response: continue routine monitoring.,24.072700691121742,LOW,13.215996809055468,LOW,STABLE_LOW,LOW,23.62883145523344,NORMAL,UNREFERENCED,46.89159380449408,MODERATE
518_538,0.9777140873015872,VERY_HIGH,84.49922958397535,EXTREME,65.00118791568215,HIGH,TRANSPORT,0.0,LOW,89.53949028838046,10.460509711619537,HIGH,VERY HIGH SUSCEPTIBILITY,"high static landslide susceptibility; unstable terrain conditions; high exposure to roads, settlements or infrastructure","prioritize location for detailed assessment; check nearby roads, settlements and infrastructure","VERY HIGH SUSCEPTIBILITY. Main evidence: high static landslide susceptibility; unstable terrain conditions; high exposure to roads, settlements or infrastructure. Recommended response: prioritize location for detailed assessment; check nearby roads, settlements and infrastructure.",24.072700691121742,LOW,13.215996809055468,LOW,STABLE_LOW,LOW,23.62883145523344,NORMAL,UNREFERENCED,73.05442810183098,HIGH
519_403,0.955908698710948,VERY_HIGH,55.75115562403698,HIGH,53.67927516661896,HIGH,TRANSPORT,99.74562654805511,EXTREME,87.75541304005544,12.244586959944556,HIGH,VERY HIGH SUSCEPTIBILITY,high static landslide susceptibility; elevated neighbouring-cell risk,prioritize location for detailed assessment,VERY HIGH SUSCEPTIBILITY. Main evidence: high static landslide susceptibility; elevated neighbouring-cell risk. Recommended response: prioritize location for detailed assessment.,24.072700691121742,LOW,13.215996809055468,LOW,STABLE_LOW,LOW,23.62883145523344,NORMAL,UNREFERENCED,74.59984656571058,HIGH
520_446,0.2232557997557998,LOW,91.87018489984592,EXTREME,47.02833728173435,MODERATE,TRANSPORT,0.0,LOW,64.91468134732155,35.08531865267845,MODERATE,LOW SUSCEPTIBILITY,unstable terrain conditions,continue routine monitoring,LOW SUSCEPTIBILITY. Main evidence: unstable terrain conditions. Recommended response: continue routine monitoring.,24.072700691121742,LOW,13.215996809055468,LOW,STABLE_LOW,LOW,23.62883145523344,NORMAL,UNREFERENCED,37.88206863035251,MODERATE
520_574,0.8917697482634758,VERY_HIGH,25.97842835130971,MODERATE,60.42687296275962,HIGH,TRANSPORT,96.083664983165,EXTREME,82.5076807307168,17.4923192692832,HIGH,VERY HIGH SUSCEPTIBILITY,"high static landslide susceptibility; high exposure to roads, settlements or infrastructure; elevated neighbouring-cell risk","prioritize location for detailed assessment; check nearby roads, settlements and infrastructure","VERY HIGH SUSCEPTIBILITY. Main evidence: high static landslide susceptibility; high exposure to roads, settlements or infrastructure; elevated neighbouring-cell risk. Recommended response: prioritize location for detailed assessment; check nearby roads, settlements and infrastructure.",24.072700691121742,LOW,13.215996809055468,LOW,STABLE_LOW,LOW,23.62883145523344,NORMAL,UNREFERENCED,66.40499185396098,HIGH
521_323,0.7557944836116264,VERY_HIGH,65.01733436055471,HIGH,53.84333201709598,HIGH,TRANSPORT,67.9888005050505,HIGH,71.3824318046564,28.617568195343598,MODERATE,VERY HIGH SUSCEPTIBILITY,high static landslide susceptibility; unstable terrain conditions; elevated neighbouring-cell risk,prioritize location for detailed assessment,VERY HIGH SUSCEPTIBILITY. Main evidence: high static landslide susceptibility; unstable terrain conditions; elevated neighbouring-cell risk. Recommended response: prioritize location for detailed assessment.,24.072700691121742,LOW,13.215996809055468,LOW,STABLE_LOW,LOW,23.62883145523344,NORMAL,UNREFERENCED,64.29686855681575,HIGH
521_410,0.9689688539245483,VERY_HIGH,46.4175654853621,MODERATE,61.06324301021407,HIGH,TRANSPORT,99.88423076923075,EXTREME,88.82397119389547,11.176028806104526,HIGH,VERY HIGH SUSCEPTIBILITY,"high static landslide susceptibility; high exposure to roads, settlements or infrastructure; elevated neighbouring-cell risk","prioritize location for detailed assessment; check nearby roads, settlements and infrastructure","VERY HIGH SUSCEPTIBILITY. Main evidence: high static landslide susceptibility; high exposure to roads, settlements or infrastructure; elevated neighbouring-cell risk. Recommended response: prioritize location for detailed assessment; check nearby roads, settlements and infrastructure.",24.072700691121742,LOW,13.215996809055468,LOW,STABLE_LOW,LOW,23.62883145523344,NORMAL,UNREFERENCED,74.44229112124447,HIGH
521_571,0.944052356902357,VERY_HIGH,33.7326656394453,MODERATE,67.87760789296308,HIGH,TRANSPORT,92.4238823784433,EXTREME,86.78534871026164,13.214651289738356,HIGH,VERY HIGH SUSCEPTIBILITY,"high static landslide susceptibility; high exposure to roads, settlements or infrastructure; elevated neighbouring-cell risk","prioritize location for detailed assessment; check nearby roads, settlements and infrastructure","VERY HIGH SUSCEPTIBILITY. Main evidence: high static landslide susceptibility; high exposure to roads, settlements or infrastructure; elevated neighbouring-cell risk. Recommended response: prioritize location for detailed assessment; check nearby roads, settlements and infrastructure.",24.072700691121742,LOW,13.215996809055468,LOW,STABLE_LOW,LOW,23.62883145523344,NORMAL,UNREFERENCED,71.06018867939609,HIGH
521_736,0.0048329094762337,LOW,68.42257318952235,HIGH,17.569089118854208,LOW,INFRASTRUCTURE,0.0,LOW,82.78564509746785,17.21435490253215,HIGH,LOW SUSCEPTIBILITY,unstable terrain conditions,continue routine monitoring,LOW SUSCEPTIBILITY. Main evidence: unstable terrain conditions. Recommended response: continue routine monitoring.,24.072700691121742,LOW,13.215996809055468,LOW,STABLE_LOW,LOW,23.62883145523344,NORMAL,UNREFERENCED,18.944629001275295,LOW
522_511,0.9881912513842748,VERY_HIGH,65.99191063174115,HIGH,66.00497985314746,HIGH,TRANSPORT,98.90133333333334,EXTREME,90.39671280423671,9.603287195763272,HIGH,VERY HIGH SUSCEPTIBILITY,"high static landslide susceptibility; unstable terrain conditions; high exposure to roads, settlements or infrastructure; elevated neighbouring-cell risk","prioritize location for detailed assessment; check nearby roads, settlements and infrastructure","VERY HIGH SUSCEPTIBILITY. Main evidence: high static landslide susceptibility; unstable terrain conditions; high exposure to roads, settlements or infrastructure; elevated neighbouring-cell risk. Recommended response: prioritize location for detailed assessment; check nearby roads, settlements and infrastructure.",24.072700691121742,LOW,13.215996809055468,LOW,STABLE_LOW,LOW,23.62883145523344,NORMAL,UNREFERENCED,79.86513881905823,EXTREME
522_558,0.9206399626517277,VERY_HIGH,44.18335901386749,MODERATE,84.95980208270953,VERY_HIGH,TRANSPORT,0.0,LOW,84.8697891806647,15.130210819335304,HIGH,VERY HIGH SUSCEPTIBILITY,"high static landslide susceptibility; high exposure to roads, settlements or infrastructure","prioritize location for detailed assessment; check nearby roads, settlements and infrastructure","VERY HIGH SUSCEPTIBILITY. Main evidence: high static landslide susceptibility; high exposure to roads, settlements or infrastructure. Recommended response: prioritize location for detailed assessment; check nearby roads, settlements and infrastructure.",24.072700691121742,LOW,13.215996809055468,LOW,STABLE_LOW,LOW,23.62883145523344,NORMAL,UNREFERENCED,65.41671050361985,HIGH
523_1106,6.220240552665621e-05,LOW,24.78813559322034,LOW,17.971034726621067,LOW,INFRASTRUCTURE,0.0,LOW,83.17597567598025,16.824024324019746,HIGH,LOW SUSCEPTIBILITY,no major independent warning signal,continue routine monitoring,LOW SUSCEPTIBILITY. Main evidence: no major independent warning signal. Recommended response: continue routine monitoring.,24.072700691121742,LOW,13.215996809055468,LOW,STABLE_LOW,LOW,23.62883145523344,NORMAL,UNREFERENCED,10.063351504998103,LOW
524_401,0.9909636577708004,VERY_HIGH,82.13405238828967,EXTREME,55.72822998439118,HIGH,TRANSPORT,98.90748945040944,EXTREME,90.62354605404336,9.376453945956628,HIGH,VERY HIGH SUSCEPTIBILITY,high static landslide susceptibility; unstable terrain conditions; elevated neighbouring-cell risk,prioritize location for detailed assessment,VERY HIGH SUSCEPTIBILITY. Main evidence: high static landslide susceptibility; unstable terrain conditions; elevated neighbouring-cell risk. Recommended response: prioritize location for detailed assessment.,24.072700691121742,LOW,13.215996809055468,LOW,STABLE_LOW,LOW,23.62883145523344,NORMAL,UNREFERENCED,81.67742858915574,EXTREME
524_1025,2.1798365122615804e-05,LOW,53.77696456086287,HIGH,17.240550402143484,LOW,INFRASTRUCTURE,0.0,LOW,83.17928146110421,16.82071853889579,HIGH,LOW SUSCEPTIBILITY,no major independent warning signal,continue routine monitoring,LOW SUSCEPTIBILITY. Main evidence: no major independent warning signal. Recommended response: continue routine monitoring.,24.072700691121742,LOW,13.215996809055468,LOW,STABLE_LOW,LOW,23.62883145523344,NORMAL,UNREFERENCED,15.749726468036789,LOW
526_513,0.984304761904762,VERY_HIGH,73.8366718027735,HIGH,61.87899869049373,HIGH,TRANSPORT,99.17338759689925,EXTREME,90.07872730136752,9.921272698632492,HIGH,VERY HIGH SUSCEPTIBILITY,"high static landslide susceptibility; unstable terrain conditions; high exposure to roads, settlements or infrastructure; elevated neighbouring-cell risk","prioritize location for detailed assessment; check nearby roads, settlements and infrastructure","VERY HIGH SUSCEPTIBILITY. Main evidence: high static landslide susceptibility; unstable terrain conditions; high exposure to roads, settlements or infrastructure; elevated neighbouring-cell risk. Recommended response: prioritize location for detailed assessment; check nearby roads, settlements and infrastructure.",24.072700691121742,LOW,13.215996809055468,LOW,STABLE_LOW,LOW,23.62883145523344,NORMAL,UNREFERENCED,80.66750727864515,EXTREME
527_361,0.2856982905415129,MODERATE,29.063944530046225,MODERATE,65.44895351690063,HIGH,TRANSPORT,0.0,LOW,59.80575028303592,40.19424971696408,LOW,MODERATE SUSCEPTIBILITY,"high exposure to roads, settlements or infrastructure","check nearby roads, settlements and infrastructure","MODERATE SUSCEPTIBILITY. Main evidence: high exposure to roads, settlements or infrastructure. Recommended response: check nearby roads, settlements and infrastructure.",24.072700691121742,LOW,13.215996809055468,LOW,STABLE_LOW,LOW,23.62883145523344,NORMAL,UNREFERENCED,30.893825077024594,MODERATE
527_403,0.9957863095238094,VERY_HIGH,79.40870570107859,EXTREME,56.23781200792356,HIGH,TRANSPORT,99.60253846153844,EXTREME,91.01812665201685,8.981873347983168,HIGH,VERY HIGH SUSCEPTIBILITY,high static landslide susceptibility; unstable terrain conditions; elevated neighbouring-cell risk,prioritize location for detailed assessment,VERY HIGH SUSCEPTIBILITY. Main evidence: high static landslide susceptibility; unstable terrain conditions; elevated neighbouring-cell risk. Recommended response: prioritize location for detailed assessment.,24.072700691121742,LOW,13.215996809055468,LOW,STABLE_LOW,LOW,23.62883145523344,NORMAL,UNREFERENCED,81.49532078524169,EXTREME
527_479,0.6253707374325019,HIGH,34.51078582434515,MODERATE,81.9750285653545,VERY_HIGH,TRANSPORT,0.0,LOW,60.71139802636441,39.28860197363559,MODERATE,HIGH SUSCEPTIBILITY,"high static landslide susceptibility; high exposure to roads, settlements or infrastructure","check nearby roads, settlements and infrastructure","HIGH SUSCEPTIBILITY. Main evidence: high static landslide susceptibility; high exposure to roads, settlements or infrastructure. Recommended response: check nearby roads, settlements and infrastructure.",24.072700691121742,LOW,13.215996809055468,LOW,STABLE_LOW,LOW,23.62883145523344,NORMAL,UNREFERENCED,49.747364703246966,MODERATE
527_1427,0.021515873015873,LOW,23.008474576271187,LOW,42.21005685898945,MODERATE,TRANSPORT,0.0,LOW,81.42067535331554,18.57932464668445,HIGH,LOW SUSCEPTIBILITY,no major independent warning signal,continue routine monitoring,LOW SUSCEPTIBILITY. Main evidence: no major independent warning signal. Recommended response: continue routine monitoring.,24.072700691121742,LOW,13.215996809055468,LOW,STABLE_LOW,LOW,23.62883145523344,NORMAL,UNREFERENCED,14.308687798929114,LOW
531_260,0.2407370257193787,LOW,55.96687211093991,HIGH,54.97441742113922,HIGH,INFRASTRUCTURE,0.0,LOW,63.48439922302872,36.51560077697128,MODERATE,LOW SUSCEPTIBILITY,no major independent warning signal,continue routine monitoring,LOW SUSCEPTIBILITY. Main evidence: no major independent warning signal. Recommended response: continue routine monitoring.,24.072700691121742,LOW,13.215996809055468,LOW,STABLE_LOW,LOW,23.62883145523344,NORMAL,UNREFERENCED,32.67997326184308,MODERATE
531_402,0.995665306122449,VERY_HIGH,81.33474576271188,EXTREME,59.53872498907589,HIGH,TRANSPORT,99.02063853874884,EXTREME,91.00822637372372,8.991773626276284,HIGH,VERY HIGH SUSCEPTIBILITY,high static landslide susceptibility; unstable terrain conditions; elevated neighbouring-cell risk,prioritize location for detailed assessment,VERY HIGH SUSCEPTIBILITY. Main evidence: high static landslide susceptibility; unstable terrain conditions; elevated neighbouring-cell risk. Recommended response: prioritize location for detailed assessment.,24.072700691121742,LOW,13.215996809055468,LOW,STABLE_LOW,LOW,23.62883145523344,NORMAL,UNREFERENCED,82.31203059940103,EXTREME
533_95,0.0163920643726806,LOW,67.08782742681049,HIGH,22.267839386190296,LOW,INFRASTRUCTURE,0.0,LOW,81.83989606048584,18.16010393951416,HIGH,LOW SUSCEPTIBILITY,unstable terrain conditions,continue routine monitoring,LOW SUSCEPTIBILITY. Main evidence: unstable terrain conditions. Recommended response: continue routine monitoring.,24.072700691121742,LOW,13.215996809055468,LOW,STABLE_LOW,LOW,23.62883145523344,NORMAL,UNREFERENCED,19.902654359173447,LOW
533_421,0.9886202844774272,VERY_HIGH,73.02195685670263,HIGH,59.43694328222432,HIGH,TRANSPORT,78.78421761138704,EXTREME,90.4318155118583,9.568184488141696,HIGH,VERY HIGH SUSCEPTIBILITY,high static landslide susceptibility; unstable terrain conditions; elevated neighbouring-cell risk,prioritize location for detailed assessment,VERY HIGH SUSCEPTIBILITY. Main evidence: high static landslide susceptibility; unstable terrain conditions; elevated neighbouring-cell risk. Recommended response: prioritize location for detailed assessment.,24.072700691121742,LOW,13.215996809055468,LOW,STABLE_LOW,LOW,23.62883145523344,NORMAL,UNREFERENCED,78.29353749540928,EXTREME
533_516,0.969119608720242,VERY_HIGH,44.711093990755,MODERATE,62.20818485057941,HIGH,TRANSPORT,0.0,LOW,88.83630567717951,11.16369432282049,HIGH,VERY HIGH SUSCEPTIBILITY,"high static landslide susceptibility; high exposure to roads, settlements or infrastructure","prioritize location for detailed assessment; check nearby roads, settlements and infrastructure","VERY HIGH SUSCEPTIBILITY. Main evidence: high static landslide susceptibility; high exposure to roads, settlements or infrastructure. Recommended response: prioritize location for detailed assessment; check nearby roads, settlements and infrastructure.",24.072700691121742,LOW,13.215996809055468,LOW,STABLE_LOW,LOW,23.62883145523344,NORMAL,UNREFERENCED,64.29109898726098,HIGH
533_525,0.9812802328623758,VERY_HIGH,71.95878274268105,HIGH,60.03647082222424,HIGH,TRANSPORT,99.69433333333336,EXTREME,89.83126583426318,10.168734165736822,HIGH,VERY HIGH SUSCEPTIBILITY,"high static landslide susceptibility; unstable terrain conditions; high exposure to roads, settlements or infrastructure; elevated neighbouring-cell risk","prioritize location for detailed assessment; check nearby roads, settlements and infrastructure","VERY HIGH SUSCEPTIBILITY. Main evidence: high static landslide susceptibility; unstable terrain conditions; high exposure to roads, settlements or infrastructure; elevated neighbouring-cell risk. Recommended response: prioritize location for detailed assessment; check nearby roads, settlements and infrastructure.",24.072700691121742,LOW,13.215996809055468,LOW,STABLE_LOW,LOW,23.62883145523344,NORMAL,UNREFERENCED,79.93154105312227,EXTREME
533_527,0.9956333333333336,VERY_HIGH,68.14329738058552,HIGH,61.04815999901562,HIGH,TRANSPORT,98.68961630036632,EXTREME,91.00561041825064,8.994389581749374,HIGH,VERY HIGH SUSCEPTIBILITY,"high static landslide susceptibility; unstable terrain conditions; high exposure to roads, settlements or infrastructure; elevated neighbouring-cell risk","prioritize location for detailed assessment; check nearby roads, settlements and infrastructure","VERY HIGH SUSCEPTIBILITY. Main evidence: high static landslide susceptibility; unstable terrain conditions; high exposure to roads, settlements or infrastructure; elevated neighbouring-cell risk. Recommended response: prioritize location for detailed assessment; check nearby roads, settlements and infrastructure.",24.072700691121742,LOW,13.215996809055468,LOW,STABLE_LOW,LOW,23.62883145523344,NORMAL,UNREFERENCED,79.86561517511828,EXTREME
534_423,0.6969173944483862,HIGH,50.14252696456087,HIGH,55.31542596749599,HIGH,TRANSPORT,99.2034199134199,EXTREME,66.56521541857312,33.43478458142688,MODERATE,HIGH SUSCEPTIBILITY,high static landslide susceptibility; elevated neighbouring-cell risk,continue routine monitoring,HIGH SUSCEPTIBILITY. Main evidence: high static landslide susceptibility; elevated neighbouring-cell risk. Recommended response: continue routine monitoring.,24.072700691121742,LOW,13.215996809055468,LOW,STABLE_LOW,LOW,23.62883145523344,NORMAL,UNREFERENCED,62.014714098668115,HIGH
535_207,0.0313390387276253,LOW,28.850154083204927,MODERATE,30.55035940615096,MODERATE,INFRASTRUCTURE,0.0,LOW,80.61696179508127,19.383038204918734,HIGH,LOW SUSCEPTIBILITY,no major independent warning signal,continue routine monitoring,LOW SUSCEPTIBILITY. Main evidence: no major independent warning signal. Recommended response: continue routine monitoring.,24.072700691121742,LOW,13.215996809055468,LOW,STABLE_LOW,LOW,23.62883145523344,NORMAL,UNREFERENCED,14.170111539418942,LOW
535_399,0.9615661531279178,VERY_HIGH,73.94067796610169,HIGH,69.22171750641239,HIGH,TRANSPORT,99.69657142857145,EXTREME,88.21829567417117,11.781704325828828,HIGH,VERY HIGH SUSCEPTIBILITY,"high static landslide susceptibility; unstable terrain conditions; high exposure to roads, settlements or infrastructure; elevated neighbouring-cell risk","prioritize location for detailed assessment; check nearby roads, settlements and infrastructure","VERY HIGH SUSCEPTIBILITY. Main evidence: high static landslide susceptibility; unstable terrain conditions; high exposure to roads, settlements or infrastructure; elevated neighbouring-cell risk. Recommended response: prioritize location for detailed assessment; check nearby roads, settlements and infrastructure.",24.072700691121742,LOW,13.215996809055468,LOW,STABLE_LOW,LOW,23.62883145523344,NORMAL,UNREFERENCED,80.81879732190782,EXTREME
535_562,0.978956188806822,VERY_HIGH,40.49306625577812,MODERATE,64.74239877106993,HIGH,TRANSPORT,0.0,LOW,89.6411167751724,10.358883224827592,HIGH,VERY HIGH SUSCEPTIBILITY,"high static landslide susceptibility; high exposure to roads, settlements or infrastructure","prioritize location for detailed assessment; check nearby roads, settlements and infrastructure","VERY HIGH SUSCEPTIBILITY. Main evidence: high static landslide susceptibility; high exposure to roads, settlements or infrastructure. Recommended response: prioritize location for detailed assessment; check nearby roads, settlements and infrastructure.",24.072700691121742,LOW,13.215996809055468,LOW,STABLE_LOW,LOW,23.62883145523344,NORMAL,UNREFERENCED,64.27027163223528,HIGH
535_1002,2.1798365122615804e-05,LOW,88.19530046224962,EXTREME,17.35223479784061,LOW,INFRASTRUCTURE,0.099525885558582,LOW,83.17928146110421,16.82071853889579,HIGH,LOW SUSCEPTIBILITY,unstable terrain conditions,continue routine monitoring,LOW SUSCEPTIBILITY. Main evidence: unstable terrain conditions. Recommended response: continue routine monitoring.,24.072700691121742,LOW,13.215996809055468,LOW,STABLE_LOW,LOW,23.62883145523344,NORMAL,UNREFERENCED,22.660098896224568,LOW
535_1337,2.1798365122615804e-05,LOW,43.30893682588598,MODERATE,21.437259693715436,LOW,TRANSPORT,0.0,LOW,83.17928146110421,16.82071853889579,HIGH,LOW SUSCEPTIBILITY,no major independent warning signal,continue routine monitoring,LOW SUSCEPTIBILITY. Main evidence: no major independent warning signal. Recommended response: continue routine monitoring.,24.072700691121742,LOW,13.215996809055468,LOW,STABLE_LOW,LOW,23.62883145523344,NORMAL,UNREFERENCED,14.285627314777203,LOW
536_487,0.9633488936988938,VERY_HIGH,33.827041602465336,MODERATE,73.70839957693886,HIGH,TRANSPORT,0.0,LOW,88.36415626634192,11.635843733658078,HIGH,VERY HIGH SUSCEPTIBILITY,"high static landslide susceptibility; high exposure to roads, settlements or infrastructure","prioritize location for detailed assessment; check nearby roads, settlements and infrastructure","VERY HIGH SUSCEPTIBILITY. Main evidence: high static landslide susceptibility; high exposure to roads, settlements or infrastructure. Recommended response: prioritize location for detailed assessment; check nearby roads, settlements and infrastructure.",24.072700691121742,LOW,13.215996809055468,LOW,STABLE_LOW,LOW,23.62883145523344,NORMAL,UNREFERENCED,63.579638542596285,HIGH
536_1256,0.0067027507460749,LOW,55.0693374422188,HIGH,24.77617415104349,LOW,TRANSPORT,0.0,LOW,82.63265808448085,17.367341915519148,HIGH,LOW SUSCEPTIBILITY,no major independent warning signal,continue routine monitoring,LOW SUSCEPTIBILITY. Main evidence: no major independent warning signal. Recommended response: continue routine monitoring.,24.072700691121742,LOW,13.215996809055468,LOW,STABLE_LOW,LOW,23.62883145523344,NORMAL,UNREFERENCED,17.439187463785828,LOW
538_333,0.9740619047619048,VERY_HIGH,35.02503852080123,MODERATE,61.88289118599959,HIGH,TRANSPORT,0.0,LOW,89.24067535331557,10.759324646684432,HIGH,VERY HIGH SUSCEPTIBILITY,"high static landslide susceptibility; high exposure to roads, settlements or infrastructure","prioritize location for detailed assessment; check nearby roads, settlements and infrastructure","VERY HIGH SUSCEPTIBILITY. Main evidence: high static landslide susceptibility; high exposure to roads, settlements or infrastructure. Recommended response: prioritize location for detailed assessment; check nearby roads, settlements and infrastructure.",24.072700691121742,LOW,13.215996809055468,LOW,STABLE_LOW,LOW,23.62883145523344,NORMAL,UNREFERENCED,62.52749716545807,HIGH
538_344,0.8790947828034034,VERY_HIGH,23.967642526964564,LOW,57.74026168841591,HIGH,TRANSPORT,0.0,LOW,81.47063810216542,18.529361897834576,HIGH,VERY HIGH SUSCEPTIBILITY,high static landslide susceptibility,prioritize location for detailed assessment,VERY HIGH SUSCEPTIBILITY. Main evidence: high static landslide susceptibility. Recommended response: prioritize location for detailed assessment.,24.072700691121742,LOW,13.215996809055468,LOW,STABLE_LOW,LOW,23.62883145523344,NORMAL,UNREFERENCED,55.421103053920625,HIGH
539_87,0.0127653101962696,LOW,27.34976887519261,MODERATE,22.65446919579621,LOW,INFRASTRUCTURE,0.0,LOW,82.13663049310128,17.86336950689872,HIGH,LOW SUSCEPTIBILITY,no major independent warning signal,continue routine monitoring,LOW SUSCEPTIBILITY. Main evidence: no major independent warning signal. Recommended response: continue routine monitoring.,24.072700691121742,LOW,13.215996809055468,LOW,STABLE_LOW,LOW,23.62883145523344,NORMAL,UNREFERENCED,11.84983318235226,LOW
539_536,0.977144662429769,VERY_HIGH,48.47650231124808,MODERATE,60.66640888597239,HIGH,TRANSPORT,0.0,LOW,89.49290098068627,10.507099019313728,HIGH,VERY HIGH SUSCEPTIBILITY,"high static landslide susceptibility; high exposure to roads, settlements or infrastructure","prioritize location for detailed assessment; check nearby roads, settlements and infrastructure","VERY HIGH SUSCEPTIBILITY. Main evidence: high static landslide susceptibility; high exposure to roads, settlements or infrastructure. Recommended response: prioritize location for detailed assessment; check nearby roads, settlements and infrastructure.",24.072700691121742,LOW,13.215996809055468,LOW,STABLE_LOW,LOW,23.62883145523344,NORMAL,UNREFERENCED,65.17404167359726,HIGH
539_999,0.0014217983651226,LOW,84.11787365177196,EXTREME,17.722484873272982,LOW,INFRASTRUCTURE,0.0015258855585831,LOW,77.06473600655877,22.935263993441225,MODERATE,LOW SUSCEPTIBILITY,unstable terrain conditions,continue routine monitoring,LOW SUSCEPTIBILITY. Main evidence: unstable terrain conditions. Recommended response: continue routine monitoring.,24.072700691121742,LOW,13.215996809055468,LOW,STABLE_LOW,LOW,23.62883145523344,NORMAL,UNREFERENCED,21.95335104544389,LOW
540_318,0.9304626799557034,VERY_HIGH,38.239599383667176,MODERATE,67.43068947640425,HIGH,TRANSPORT,0.0,LOW,85.67346605098999,14.326533949010011,HIGH,VERY HIGH SUSCEPTIBILITY,"high static landslide susceptibility; high exposure to roads, settlements or infrastructure","prioritize location for detailed assessment; check nearby roads, settlements and infrastructure","VERY HIGH SUSCEPTIBILITY. Main evidence: high static landslide susceptibility; high exposure to roads, settlements or infrastructure. Recommended response: prioritize location for detailed assessment; check nearby roads, settlements and infrastructure.",24.072700691121742,LOW,13.215996809055468,LOW,STABLE_LOW,LOW,23.62883145523344,NORMAL,UNREFERENCED,62.04061396531289,HIGH
540_410,0.9793034920634922,VERY_HIGH,84.32973805855163,EXTREME,56.14132549800858,HIGH,TRANSPORT,0.0,LOW,89.6695324961727,10.330467503827292,HIGH,VERY HIGH SUSCEPTIBILITY,high static landslide susceptibility; unstable terrain conditions,prioritize location for detailed assessment,VERY HIGH SUSCEPTIBILITY. Main evidence: high static landslide susceptibility; unstable terrain conditions. Recommended response: prioritize location for detailed assessment.,24.072700691121742,LOW,13.215996809055468,LOW,STABLE_LOW,LOW,23.62883145523344,NORMAL,UNREFERENCED,71.76307364838092,HIGH
540_1507,6.220240552665621e-05,LOW,20.10593220338983,LOW,17.579707821906304,LOW,SETTLEMENT,0.0,LOW,83.17597567598025,16.824024324019746,HIGH,LOW SUSCEPTIBILITY,no major independent warning signal,continue routine monitoring,LOW SUSCEPTIBILITY. Main evidence: no major independent warning signal. Recommended response: continue routine monitoring.,24.072700691121742,LOW,13.215996809055468,LOW,STABLE_LOW,LOW,23.62883145523344,NORMAL,UNREFERENCED,9.068211791324785,LOW
542_393,0.91598110484287,VERY_HIGH,69.24884437596302,HIGH,75.00454608875361,VERY_HIGH,TRANSPORT,0.0,LOW,84.48860990539453,15.511390094605474,HIGH,VERY HIGH SUSCEPTIBILITY,"high static landslide susceptibility; unstable terrain conditions; high exposure to roads, settlements or infrastructure","prioritize location for detailed assessment; check nearby roads, settlements and infrastructure","VERY HIGH SUSCEPTIBILITY. Main evidence: high static landslide susceptibility; unstable terrain conditions; high exposure to roads, settlements or infrastructure. Recommended response: prioritize location for detailed assessment; check nearby roads, settlements and infrastructure.",24.072700691121742,LOW,13.215996809055468,LOW,STABLE_LOW,LOW,23.62883145523344,NORMAL,UNREFERENCED,68.72687057554697,HIGH
542_1302,0.0023487214420456,LOW,34.57819722650231,MODERATE,25.24547502465963,MODERATE,TRANSPORT,0.0,LOW,82.98889684571961,17.01110315428039,HIGH,LOW SUSCEPTIBILITY,no major independent warning signal,continue routine monitoring,LOW SUSCEPTIBILITY. Main evidence: no major independent warning signal. Recommended response: continue routine monitoring.,24.072700691121742,LOW,13.215996809055468,LOW,STABLE_LOW,LOW,23.62883145523344,NORMAL,UNREFERENCED,13.215423233003634,LOW
542_1519,2.1798365122615804e-05,LOW,38.8424499229584,MODERATE,18.106374068878665,LOW,SETTLEMENT,0.0,LOW,83.17928146110421,16.82071853889579,HIGH,LOW SUSCEPTIBILITY,no major independent warning signal,continue routine monitoring,LOW SUSCEPTIBILITY. Main evidence: no major independent warning signal. Recommended response: continue routine monitoring.,24.072700691121742,LOW,13.215996809055468,LOW,STABLE_LOW,LOW,23.62883145523344,NORMAL,UNREFERENCED,12.892697090466172,LOW
544_1333,0.0040907849341091,LOW,30.408320493066256,MODERATE,26.064598774670504,MODERATE,TRANSPORT,0.0,LOW,82.84636437818713,17.153635621812867,HIGH,LOW SUSCEPTIBILITY,no major independent warning signal,continue routine monitoring,LOW SUSCEPTIBILITY. Main evidence: no major independent warning signal. Recommended response: continue routine monitoring.,24.072700691121742,LOW,13.215996809055468,LOW,STABLE_LOW,LOW,23.62883145523344,NORMAL,UNREFERENCED,12.582709305960911,LOW
545_453,0.9957666666666668,VERY_HIGH,72.57511556240371,HIGH,56.095267576627286,HIGH,TRANSPORT,98.54669240766135,EXTREME,91.0165195091597,8.983480490840293,HIGH,VERY HIGH SUSCEPTIBILITY,high static landslide susceptibility; unstable terrain conditions; elevated neighbouring-cell risk,prioritize location for detailed assessment,VERY HIGH SUSCEPTIBILITY. Main evidence: high static landslide susceptibility; unstable terrain conditions; elevated neighbouring-cell risk. Recommended response: prioritize location for detailed assessment.,24.072700691121742,LOW,13.215996809055468,LOW,STABLE_LOW,LOW,23.62883145523344,NORMAL,UNREFERENCED,80.00075255885315,EXTREME
546_369,0.7174367715617715,HIGH,15.564329738058552,LOW,62.2765524565222,HIGH,TRANSPORT,98.38281517094018,EXTREME,68.24407354603193,31.755926453968076,MODERATE,HIGH SUSCEPTIBILITY,"high static landslide susceptibility; high exposure to roads, settlements or infrastructure; elevated neighbouring-cell risk","check nearby roads, settlements and infrastructure","HIGH SUSCEPTIBILITY. Main evidence: high static landslide susceptibility; high exposure to roads, settlements or infrastructure; elevated neighbouring-cell risk. Recommended response: check nearby roads, settlements and infrastructure.",24.072700691121742,LOW,13.215996809055468,LOW,STABLE_LOW,LOW,23.62883145523344,NORMAL,UNREFERENCED,56.98455512257595,HIGH
546_455,0.9987727272727271,VERY_HIGH,74.43374422187982,HIGH,55.93347916155032,HIGH,TRANSPORT,98.39638937735832,EXTREME,91.26246992238283,8.737530077617166,HIGH,VERY HIGH SUSCEPTIBILITY,high static landslide susceptibility; unstable terrain conditions; elevated neighbouring-cell risk,prioritize location for detailed assessment,VERY HIGH SUSCEPTIBILITY. Main evidence: high static landslide susceptibility; unstable terrain conditions; elevated neighbouring-cell risk. Recommended response: prioritize location for detailed assessment.,24.072700691121742,LOW,13.215996809055468,LOW,STABLE_LOW,LOW,23.62883145523344,NORMAL,UNREFERENCED,80.46845245272924,EXTREME
547_369,0.9768973595848596,VERY_HIGH,58.97919876733436,HIGH,60.70729785376467,HIGH,TRANSPORT,89.00851856476862,EXTREME,89.47266711155731,10.527332888442686,HIGH,VERY HIGH SUSCEPTIBILITY,"high static landslide susceptibility; high exposure to roads, settlements or infrastructure; elevated neighbouring-cell risk","prioritize location for detailed assessment; check nearby roads, settlements and infrastructure","VERY HIGH SUSCEPTIBILITY. Main evidence: high static landslide susceptibility; high exposure to roads, settlements or infrastructure; elevated neighbouring-cell risk. Recommended response: prioritize location for detailed assessment; check nearby roads, settlements and infrastructure.",24.072700691121742,LOW,13.215996809055468,LOW,STABLE_LOW,LOW,23.62883145523344,NORMAL,UNREFERENCED,76.17043753843929,EXTREME
547_397,0.9466581308198958,VERY_HIGH,61.49845916795069,HIGH,72.60635967136848,HIGH,TRANSPORT,97.8243251633987,EXTREME,86.99854839442389,13.001451605576108,HIGH,VERY HIGH SUSCEPTIBILITY,"high static landslide susceptibility; unstable terrain conditions; high exposure to roads, settlements or infrastructure; elevated neighbouring-cell risk","prioritize location for detailed assessment; check nearby roads, settlements and infrastructure","VERY HIGH SUSCEPTIBILITY. Main evidence: high static landslide susceptibility; unstable terrain conditions; high exposure to roads, settlements or infrastructure; elevated neighbouring-cell risk. Recommended response: prioritize location for detailed assessment; check nearby roads, settlements and infrastructure.",24.072700691121742,LOW,13.215996809055468,LOW,STABLE_LOW,LOW,23.62883145523344,NORMAL,UNREFERENCED,77.97996425664276,EXTREME
548_402,0.9689189309056956,VERY_HIGH,76.5331278890601,EXTREME,69.73504630551683,HIGH,TRANSPORT,96.2660691573927,EXTREME,88.81988658326208,11.180113416737925,HIGH,VERY HIGH SUSCEPTIBILITY,"high static landslide susceptibility; unstable terrain conditions; high exposure to roads, settlements or infrastructure; elevated neighbouring-cell risk","prioritize location for detailed assessment; check nearby roads, settlements and infrastructure","VERY HIGH SUSCEPTIBILITY. Main evidence: high static landslide susceptibility; unstable terrain conditions; high exposure to roads, settlements or infrastructure; elevated neighbouring-cell risk. Recommended response: prioritize location for detailed assessment; check nearby roads, settlements and infrastructure.",24.072700691121742,LOW,13.215996809055468,LOW,STABLE_LOW,LOW,23.62883145523344,NORMAL,UNREFERENCED,81.40211139924729,EXTREME
548_409,0.995075,VERY_HIGH,68.52657935285055,HIGH,62.77895155668881,HIGH,TRANSPORT,0.0,LOW,90.9599286000688,9.040071399931207,HIGH,VERY HIGH SUSCEPTIBILITY,"high static landslide susceptibility; unstable terrain conditions; high exposure to roads, settlements or infrastructure","prioritize location for detailed assessment; check nearby roads, settlements and infrastructure","VERY HIGH SUSCEPTIBILITY. Main evidence: high static landslide susceptibility; unstable terrain conditions; high exposure to roads, settlements or infrastructure. Recommended response: prioritize location for detailed assessment; check nearby roads, settlements and infrastructure.",24.072700691121742,LOW,13.215996809055468,LOW,STABLE_LOW,LOW,23.62883145523344,NORMAL,UNREFERENCED,70.3078036731856,HIGH
548_1170,0.0013551316984559,LOW,39.39714946070878,MODERATE,22.240828982791395,LOW,TRANSPORT,0.0,LOW,83.07019055201332,16.929809447986685,HIGH,LOW SUSCEPTIBILITY,no major independent warning signal,continue routine monitoring,LOW SUSCEPTIBILITY. Main evidence: no major independent warning signal. Recommended response: continue routine monitoring.,24.072700691121742,LOW,13.215996809055468,LOW,STABLE_LOW,LOW,23.62883145523344,NORMAL,UNREFERENCED,13.683805235103156,LOW
549_320,0.9317069259874492,VERY_HIGH,63.95993836671803,HIGH,72.09817638075108,HIGH,TRANSPORT,79.85014643528308,EXTREME,85.77526799904192,14.224732000958085,HIGH,VERY HIGH SUSCEPTIBILITY,"high static landslide susceptibility; unstable terrain conditions; high exposure to roads, settlements or infrastructure; elevated neighbouring-cell risk","prioritize location for detailed assessment; check nearby roads, settlements and infrastructure","VERY HIGH SUSCEPTIBILITY. Main evidence: high static landslide susceptibility; unstable terrain conditions; high exposure to roads, settlements or infrastructure; elevated neighbouring-cell risk. Recommended response: prioritize location for detailed assessment; check nearby roads, settlements and infrastructure.",24.072700691121742,LOW,13.215996809055468,LOW,STABLE_LOW,LOW,23.62883145523344,NORMAL,UNREFERENCED,75.92581051253197,EXTREME
549_343,0.9493563687789748,VERY_HIGH,54.17758089368259,HIGH,56.821434123237246,HIGH,TRANSPORT,97.70025768321514,EXTREME,87.21931331834855,12.780686681651446,HIGH,VERY HIGH SUSCEPTIBILITY,high static landslide susceptibility; elevated neighbouring-cell risk,prioritize location for detailed assessment,VERY HIGH SUSCEPTIBILITY. Main evidence: high static landslide susceptibility; elevated neighbouring-cell risk. Recommended response: prioritize location for detailed assessment.,24.072700691121742,LOW,13.215996809055468,LOW,STABLE_LOW,LOW,23.62883145523344,NORMAL,UNREFERENCED,74.25706372970966,HIGH
549_364,0.8931956626706636,VERY_HIGH,83.20493066255779,EXTREME,61.17795628082226,HIGH,TRANSPORT,98.38281517094018,EXTREME,82.62434645494127,17.375653545058725,HIGH,VERY HIGH SUSCEPTIBILITY,"high static landslide susceptibility; unstable terrain conditions; high exposure to roads, settlements or infrastructure; elevated neighbouring-cell risk","prioritize location for detailed assessment; check nearby roads, settlements and infrastructure","VERY HIGH SUSCEPTIBILITY. Main evidence: high static landslide susceptibility; unstable terrain conditions; high exposure to roads, settlements or infrastructure; elevated neighbouring-cell risk. Recommended response: prioritize location for detailed assessment; check nearby roads, settlements and infrastructure.",24.072700691121742,LOW,13.215996809055468,LOW,STABLE_LOW,LOW,23.62883145523344,NORMAL,UNREFERENCED,78.25703598102095,EXTREME
549_640,0.0250414769580436,LOW,38.21648690292759,MODERATE,32.24685840476534,MODERATE,TRANSPORT,0.0,LOW,81.13221684895613,18.867783151043863,HIGH,LOW SUSCEPTIBILITY,no major independent warning signal,continue routine monitoring,LOW SUSCEPTIBILITY. Main evidence: no major independent warning signal. Recommended response: continue routine monitoring.,24.072700691121742,LOW,13.215996809055468,LOW,STABLE_LOW,LOW,23.62883145523344,NORMAL,UNREFERENCED,16.014462673524456,LOW
550_455,0.9304028022012496,VERY_HIGH,87.5751155624037,EXTREME,55.25894662378399,HIGH,TRANSPORT,99.8539696969697,EXTREME,85.66856696198921,14.331433038010786,HIGH,VERY HIGH SUSCEPTIBILITY,high static landslide susceptibility; unstable terrain conditions; elevated neighbouring-cell risk,prioritize location for detailed assessment,VERY HIGH SUSCEPTIBILITY. Main evidence: high static landslide susceptibility; unstable terrain conditions; elevated neighbouring-cell risk. Recommended response: prioritize location for detailed assessment.,24.072700691121742,LOW,13.215996809055468,LOW,STABLE_LOW,LOW,23.62883145523344,NORMAL,UNREFERENCED,80.06465824391373,EXTREME
551_319,0.7121449490754724,HIGH,54.17950693374423,HIGH,71.90052062624544,HIGH,TRANSPORT,95.21948481912143,EXTREME,67.81110625169836,32.18889374830164,MODERATE,HIGH SUSCEPTIBILITY,"high static landslide susceptibility; high exposure to roads, settlements or infrastructure; elevated neighbouring-cell risk","check nearby roads, settlements and infrastructure","HIGH SUSCEPTIBILITY. Main evidence: high static landslide susceptibility; high exposure to roads, settlements or infrastructure; elevated neighbouring-cell risk. Recommended response: check nearby roads, settlements and infrastructure.",24.072700691121742,LOW,13.215996809055468,LOW,STABLE_LOW,LOW,23.62883145523344,NORMAL,UNREFERENCED,65.59672074010624,HIGH
551_633,0.9729055934672368,VERY_HIGH,47.44414483821264,MODERATE,53.808580624547865,HIGH,TRANSPORT,0.0,LOW,89.14606806556999,10.853931934430008,HIGH,VERY HIGH SUSCEPTIBILITY,high static landslide susceptibility,prioritize location for detailed assessment,VERY HIGH SUSCEPTIBILITY. Main evidence: high static landslide susceptibility. Recommended response: prioritize location for detailed assessment.,24.072700691121742,LOW,13.215996809055468,LOW,STABLE_LOW,LOW,23.62883145523344,NORMAL,UNREFERENCED,63.74813783646253,HIGH
552_593,0.9872401891252954,VERY_HIGH,38.22033898305085,MODERATE,59.88039902188401,HIGH,TRANSPORT,0.0,LOW,90.31889861941114,9.681101380588856,HIGH,VERY HIGH SUSCEPTIBILITY,high static landslide susceptibility,prioritize location for detailed assessment,VERY HIGH SUSCEPTIBILITY. Main evidence: high static landslide susceptibility. Recommended response: prioritize location for detailed assessment.,24.072700691121742,LOW,13.215996809055468,LOW,STABLE_LOW,LOW,23.62883145523344,NORMAL,UNREFERENCED,63.459206229643236,HIGH
553_61,0.0023996628001875,LOW,7.675269645608629,LOW,30.477853503680446,MODERATE,TRANSPORT,0.0,LOW,82.98472891641708,17.015271083582917,HIGH,LOW SUSCEPTIBILITY,no major independent warning signal,continue routine monitoring,LOW SUSCEPTIBILITY. Main evidence: no major independent warning signal. Recommended response: continue routine monitoring.,24.072700691121742,LOW,13.215996809055468,LOW,STABLE_LOW,LOW,23.62883145523344,NORMAL,UNREFERENCED,8.621986849794403,LOW
554_344,0.9671465383316448,VERY_HIGH,55.26194144838213,HIGH,58.542481575508745,HIGH,TRANSPORT,96.45494581452824,EXTREME,88.67487264538518,11.32512735461482,HIGH,VERY HIGH SUSCEPTIBILITY,high static landslide susceptibility; elevated neighbouring-cell risk,prioritize location for detailed assessment,VERY HIGH SUSCEPTIBILITY. Main evidence: high static landslide susceptibility; elevated neighbouring-cell risk. Recommended response: prioritize location for detailed assessment.,24.072700691121742,LOW,13.215996809055468,LOW,STABLE_LOW,LOW,23.62883145523344,NORMAL,UNREFERENCED,75.40811940149176,EXTREME
556_419,0.929896492322903,VERY_HIGH,33.24537750385208,MODERATE,58.16077663913819,HIGH,TRANSPORT,0.0,LOW,85.6271416083063,14.372858391693695,HIGH,VERY HIGH SUSCEPTIBILITY,high static landslide susceptibility,prioritize location for detailed assessment,VERY HIGH SUSCEPTIBILITY. Main evidence: high static landslide susceptibility. Recommended response: prioritize location for detailed assessment.,24.072700691121742,LOW,13.215996809055468,LOW,STABLE_LOW,LOW,23.62883145523344,NORMAL,UNREFERENCED,59.62580422028395,HIGH
558_636,0.9754558870303114,VERY_HIGH,41.852850539291225,MODERATE,53.463217321503976,HIGH,TRANSPORT,0.0,LOW,89.35472844800336,10.645271551996643,HIGH,VERY HIGH SUSCEPTIBILITY,high static landslide susceptibility,prioritize location for detailed assessment,VERY HIGH SUSCEPTIBILITY. Main evidence: high static landslide susceptibility. Recommended response: prioritize location for detailed assessment.,24.072700691121742,LOW,13.215996809055468,LOW,STABLE_LOW,LOW,23.62883145523344,NORMAL,UNREFERENCED,62.69283769156003,HIGH
558_1664,0.0093146555079797,LOW,21.2846687211094,LOW,23.815212108902102,LOW,TRANSPORT,0.0,LOW,82.41895678577954,17.581043214220458,HIGH,LOW SUSCEPTIBILITY,no major independent warning signal,continue routine monitoring,LOW SUSCEPTIBILITY. Main evidence: no major independent warning signal. Recommended response: continue routine monitoring.,24.072700691121742,LOW,13.215996809055468,LOW,STABLE_LOW,LOW,23.62883145523344,NORMAL,UNREFERENCED,10.655645127528457,LOW
559_21,0.0390404761904761,LOW,7.159090909090909,LOW,45.84755439999894,MODERATE,TRANSPORT,0.0,LOW,79.9868441844844,20.013155815515603,MODERATE,LOW SUSCEPTIBILITY,no major independent warning signal,continue routine monitoring,LOW SUSCEPTIBILITY. Main evidence: no major independent warning signal. Recommended response: continue routine monitoring.,24.072700691121742,LOW,13.215996809055468,LOW,STABLE_LOW,LOW,23.62883145523344,NORMAL,UNREFERENCED,12.473042839501622,LOW
559_258,0.0519104132991926,LOW,67.90254237288136,HIGH,39.26546270019816,MODERATE,INFRASTRUCTURE,0.0,LOW,78.93384933013485,21.066150669865152,MODERATE,LOW SUSCEPTIBILITY,unstable terrain conditions,continue routine monitoring,LOW SUSCEPTIBILITY. Main evidence: unstable terrain conditions. Recommended response: continue routine monitoring.,24.072700691121742,LOW,13.215996809055468,LOW,STABLE_LOW,LOW,23.62883145523344,NORMAL,UNREFERENCED,24.213566547181834,LOW
559_826,0.1507498214089907,LOW,88.19722650231125,EXTREME,44.222404119591744,MODERATE,TRANSPORT,0.0,LOW,70.84698866660592,29.15301133339408,MODERATE,LOW SUSCEPTIBILITY,unstable terrain conditions,continue routine monitoring,LOW SUSCEPTIBILITY. Main evidence: unstable terrain conditions. Recommended response: continue routine monitoring.,24.072700691121742,LOW,13.215996809055468,LOW,STABLE_LOW,LOW,23.62883145523344,NORMAL,UNREFERENCED,33.46381795091777,MODERATE
561_186,0.1391608200536993,LOW,84.87865947611711,EXTREME,40.64237052235054,MODERATE,TRANSPORT,0.0,LOW,71.7951796865843,28.20482031341569,MODERATE,LOW SUSCEPTIBILITY,unstable terrain conditions,continue routine monitoring,LOW SUSCEPTIBILITY. Main evidence: unstable terrain conditions. Recommended response: continue routine monitoring.,24.072700691121742,LOW,13.215996809055468,LOW,STABLE_LOW,LOW,23.62883145523344,NORMAL,UNREFERENCED,31.741594445104646,MODERATE
562_330,0.7947068624186272,VERY_HIGH,30.88405238828968,MODERATE,86.80490580788882,VERY_HIGH,TRANSPORT,0.0,LOW,74.56617188886557,25.43382811113443,MODERATE,VERY HIGH SUSCEPTIBILITY,"high static landslide susceptibility; high exposure to roads, settlements or infrastructure","prioritize location for detailed assessment; check nearby roads, settlements and infrastructure","VERY HIGH SUSCEPTIBILITY. Main evidence: high static landslide susceptibility; high exposure to roads, settlements or infrastructure. Recommended response: prioritize location for detailed assessment; check nearby roads, settlements and infrastructure.",24.072700691121742,LOW,13.215996809055468,LOW,STABLE_LOW,LOW,23.62883145523344,NORMAL,UNREFERENCED,57.366625226791655,HIGH
562_407,0.9665256235827664,VERY_HIGH,52.15716486902928,HIGH,56.77500704038029,HIGH,TRANSPORT,97.22235869331618,EXTREME,88.62407052956786,11.37592947043214,HIGH,VERY HIGH SUSCEPTIBILITY,high static landslide susceptibility; elevated neighbouring-cell risk,prioritize location for detailed assessment,VERY HIGH SUSCEPTIBILITY. Main evidence: high static landslide susceptibility; elevated neighbouring-cell risk. Recommended response: prioritize location for detailed assessment.,24.072700691121742,LOW,13.215996809055468,LOW,STABLE_LOW,LOW,23.62883145523344,NORMAL,UNREFERENCED,74.57084302953118,HIGH
562_504,0.8606751381048874,VERY_HIGH,26.44453004622497,MODERATE,62.636614252435294,HIGH,TRANSPORT,0.0,LOW,79.96357626319593,20.036423736804068,MODERATE,VERY HIGH SUSCEPTIBILITY,"high static landslide susceptibility; high exposure to roads, settlements or infrastructure","prioritize location for detailed assessment; check nearby roads, settlements and infrastructure","VERY HIGH SUSCEPTIBILITY. Main evidence: high static landslide susceptibility; high exposure to roads, settlements or infrastructure. Recommended response: prioritize location for detailed assessment; check nearby roads, settlements and infrastructure.",24.072700691121742,LOW,13.215996809055468,LOW,STABLE_LOW,LOW,23.62883145523344,NORMAL,UNREFERENCED,55.8220494309424,HIGH
563_339,0.9557217505870894,VERY_HIGH,41.3944530046225,MODERATE,66.42086096183317,HIGH,TRANSPORT,0.0,LOW,87.74011728446702,12.25988271553298,HIGH,VERY HIGH SUSCEPTIBILITY,"high static landslide susceptibility; high exposure to roads, settlements or infrastructure","prioritize location for detailed assessment; check nearby roads, settlements and infrastructure","VERY HIGH SUSCEPTIBILITY. Main evidence: high static landslide susceptibility; high exposure to roads, settlements or infrastructure. Recommended response: prioritize location for detailed assessment; check nearby roads, settlements and infrastructure.",24.072700691121742,LOW,13.215996809055468,LOW,STABLE_LOW,LOW,23.62883145523344,NORMAL,UNREFERENCED,63.656768590730664,HIGH
564_748,0.0134073531612037,LOW,73.98497688751925,HIGH,23.293192522523743,LOW,INFRASTRUCTURE,0.0,LOW,82.08409970506122,17.91590029493878,HIGH,LOW SUSCEPTIBILITY,unstable terrain conditions,continue routine monitoring,LOW SUSCEPTIBILITY. Main evidence: unstable terrain conditions. Recommended response: continue routine monitoring.,24.072700691121742,LOW,13.215996809055468,LOW,STABLE_LOW,LOW,23.62883145523344,NORMAL,UNREFERENCED,21.301575217248754,LOW
566_408,0.9603194099045168,VERY_HIGH,36.45993836671804,MODERATE,55.36311007596133,HIGH,TRANSPORT,97.65679365079365,EXTREME,88.11628941043836,11.883710589561645,HIGH,VERY HIGH SUSCEPTIBILITY,high static landslide susceptibility; elevated neighbouring-cell risk,prioritize location for detailed assessment,VERY HIGH SUSCEPTIBILITY. Main evidence: high static landslide susceptibility; elevated neighbouring-cell risk. Recommended response: prioritize location for detailed assessment.,24.072700691121742,LOW,13.215996809055468,LOW,STABLE_LOW,LOW,23.62883145523344,NORMAL,UNREFERENCED,70.9837770646326,HIGH
566_414,0.9815152691056084,VERY_HIGH,49.02349768875193,MODERATE,54.92705171217784,HIGH,TRANSPORT,0.0,LOW,89.85049607234585,10.149503927654152,HIGH,VERY HIGH SUSCEPTIBILITY,high static landslide susceptibility,prioritize location for detailed assessment,VERY HIGH SUSCEPTIBILITY. Main evidence: high static landslide susceptibility. Recommended response: prioritize location for detailed assessment.,24.072700691121742,LOW,13.215996809055468,LOW,STABLE_LOW,LOW,23.62883145523344,NORMAL,UNREFERENCED,64.61921447344162,HIGH
566_970,0.0096299990156961,LOW,56.402157164869024,HIGH,22.95058861831889,LOW,SETTLEMENT,0.0,LOW,76.39315595333002,23.606844046669977,MODERATE,LOW SUSCEPTIBILITY,no major independent warning signal,continue routine monitoring,LOW SUSCEPTIBILITY. Main evidence: no major independent warning signal. Recommended response: continue routine monitoring.,24.072700691121742,LOW,13.215996809055468,LOW,STABLE_LOW,LOW,23.62883145523344,NORMAL,UNREFERENCED,17.56363975054014,LOW
568_890,0.0148050595483837,LOW,73.73073959938367,HIGH,28.286062879654857,MODERATE,INFRASTRUCTURE,0.0,LOW,81.96974190974649,18.03025809025351,HIGH,LOW SUSCEPTIBILITY,unstable terrain conditions,continue routine monitoring,LOW SUSCEPTIBILITY. Main evidence: unstable terrain conditions. Recommended response: continue routine monitoring.,24.072700691121742,LOW,13.215996809055468,LOW,STABLE_LOW,LOW,23.62883145523344,NORMAL,UNREFERENCED,22.062555100614404,LOW
570_402,0.983587031217264,VERY_HIGH,59.42604006163328,HIGH,58.368442115052055,HIGH,TRANSPORT,0.0,LOW,90.0200038814813,9.9799961185187,HIGH,VERY HIGH SUSCEPTIBILITY,high static landslide susceptibility,prioritize location for detailed assessment,VERY HIGH SUSCEPTIBILITY. Main evidence: high static landslide susceptibility. Recommended response: prioritize location for detailed assessment.,24.072700691121742,LOW,13.215996809055468,LOW,STABLE_LOW,LOW,23.62883145523344,NORMAL,UNREFERENCED,67.30916080347352,HIGH
577_896,0.0083622024055266,LOW,50.17719568567027,HIGH,24.22337682559405,LOW,INFRASTRUCTURE,0.0,LOW,76.49688476688934,23.503115233110663,MODERATE,LOW SUSCEPTIBILITY,no major independent warning signal,continue routine monitoring,LOW SUSCEPTIBILITY. Main evidence: no major independent warning signal. Recommended response: continue routine monitoring.,24.072700691121742,LOW,13.215996809055468,LOW,STABLE_LOW,LOW,23.62883145523344,NORMAL,UNREFERENCED,16.452514838334032,LOW
583_493,0.9753179570429572,VERY_HIGH,72.55778120184901,HIGH,65.69508457580213,HIGH,TRANSPORT,70.16869404254749,HIGH,89.34344326721984,10.65655673278016,HIGH,VERY HIGH SUSCEPTIBILITY,"high static landslide susceptibility; unstable terrain conditions; high exposure to roads, settlements or infrastructure; elevated neighbouring-cell risk","prioritize location for detailed assessment; check nearby roads, settlements and infrastructure","VERY HIGH SUSCEPTIBILITY. Main evidence: high static landslide susceptibility; unstable terrain conditions; high exposure to roads, settlements or infrastructure; elevated neighbouring-cell risk. Recommended response: prioritize location for detailed assessment; check nearby roads, settlements and infrastructure.",24.072700691121742,LOW,13.215996809055468,LOW,STABLE_LOW,LOW,23.62883145523344,NORMAL,UNREFERENCED,77.67926646704012,EXTREME
587_470,0.2291925548925549,LOW,60.67604006163329,HIGH,63.87547076604891,HIGH,TRANSPORT,0.0,LOW,64.42894683613248,35.57105316386752,MODERATE,LOW SUSCEPTIBILITY,"unstable terrain conditions; high exposure to roads, settlements or infrastructure","check nearby roads, settlements and infrastructure","LOW SUSCEPTIBILITY. Main evidence: unstable terrain conditions; high exposure to roads, settlements or infrastructure. Recommended response: check nearby roads, settlements and infrastructure.",24.072700691121742,LOW,13.215996809055468,LOW,STABLE_LOW,LOW,23.62883145523344,NORMAL,UNREFERENCED,34.437463666511135,MODERATE
587_492,0.573838486322107,HIGH,17.54815100154083,LOW,59.64380334907434,HIGH,TRANSPORT,98.66352417952416,EXTREME,56.49512293551392,43.50487706448608,LOW,HIGH SUSCEPTIBILITY,high static landslide susceptibility; elevated neighbouring-cell risk,continue routine monitoring,HIGH SUSCEPTIBILITY. Main evidence: high static landslide susceptibility; elevated neighbouring-cell risk. Recommended response: continue routine monitoring.,24.072700691121742,LOW,13.215996809055468,LOW,STABLE_LOW,LOW,23.62883145523344,NORMAL,UNREFERENCED,50.55255507422872,HIGH
588_407,0.9829015647866712,VERY_HIGH,41.37904468412943,MODERATE,62.02176294304373,HIGH,TRANSPORT,97.71397883597886,EXTREME,89.9639202644328,10.0360797355672,HIGH,VERY HIGH SUSCEPTIBILITY,"high static landslide susceptibility; high exposure to roads, settlements or infrastructure; elevated neighbouring-cell risk","prioritize location for detailed assessment; check nearby roads, settlements and infrastructure","VERY HIGH SUSCEPTIBILITY. Main evidence: high static landslide susceptibility; high exposure to roads, settlements or infrastructure; elevated neighbouring-cell risk. Recommended response: prioritize location for detailed assessment; check nearby roads, settlements and infrastructure.",24.072700691121742,LOW,13.215996809055468,LOW,STABLE_LOW,LOW,23.62883145523344,NORMAL,UNREFERENCED,73.98831174639271,HIGH
589_492,0.9844045565545566,VERY_HIGH,61.076656394453,HIGH,62.76847274348736,HIGH,TRANSPORT,90.23334710739452,EXTREME,90.08689231816888,9.91310768183112,HIGH,VERY HIGH SUSCEPTIBILITY,"high static landslide susceptibility; unstable terrain conditions; high exposure to roads, settlements or infrastructure; elevated neighbouring-cell risk","prioritize location for detailed assessment; check nearby roads, settlements and infrastructure","VERY HIGH SUSCEPTIBILITY. Main evidence: high static landslide susceptibility; unstable terrain conditions; high exposure to roads, settlements or infrastructure; elevated neighbouring-cell risk. Recommended response: prioritize location for detailed assessment; check nearby roads, settlements and infrastructure.",24.072700691121742,LOW,13.215996809055468,LOW,STABLE_LOW,LOW,23.62883145523344,NORMAL,UNREFERENCED,77.35941201522037,EXTREME
589_493,0.9751315476190476,VERY_HIGH,65.52773497688753,HIGH,65.29794448665449,HIGH,TRANSPORT,90.69699755416995,EXTREME,89.32819158708179,10.67180841291821,HIGH,VERY HIGH SUSCEPTIBILITY,"high static landslide susceptibility; unstable terrain conditions; high exposure to roads, settlements or infrastructure; elevated neighbouring-cell risk","prioritize location for detailed assessment; check nearby roads, settlements and infrastructure","VERY HIGH SUSCEPTIBILITY. Main evidence: high static landslide susceptibility; unstable terrain conditions; high exposure to roads, settlements or infrastructure; elevated neighbouring-cell risk. Recommended response: prioritize location for detailed assessment; check nearby roads, settlements and infrastructure.",24.072700691121742,LOW,13.215996809055468,LOW,STABLE_LOW,LOW,23.62883145523344,NORMAL,UNREFERENCED,78.25812813576199,EXTREME
589_500,0.2025267415590944,LOW,51.4580123266564,HIGH,57.028152153227786,HIGH,TRANSPORT,0.0,LOW,66.61069519977926,33.38930480022074,MODERATE,LOW SUSCEPTIBILITY,no major independent warning signal,continue routine monitoring,LOW SUSCEPTIBILITY. Main evidence: no major independent warning signal. Recommended response: continue routine monitoring.,24.072700691121742,LOW,13.215996809055468,LOW,STABLE_LOW,LOW,23.62883145523344,NORMAL,UNREFERENCED,30.36679872758687,MODERATE
590_414,0.971661507936508,VERY_HIGH,67.50770416024653,HIGH,61.49646015282454,HIGH,TRANSPORT,97.71397883597886,EXTREME,89.04427924941945,10.955720750580554,HIGH,VERY HIGH SUSCEPTIBILITY,"high static landslide susceptibility; unstable terrain conditions; high exposure to roads, settlements or infrastructure; elevated neighbouring-cell risk","prioritize location for detailed assessment; check nearby roads, settlements and infrastructure","VERY HIGH SUSCEPTIBILITY. Main evidence: high static landslide susceptibility; unstable terrain conditions; high exposure to roads, settlements or infrastructure; elevated neighbouring-cell risk. Recommended response: prioritize location for detailed assessment; check nearby roads, settlements and infrastructure.",24.072700691121742,LOW,13.215996809055468,LOW,STABLE_LOW,LOW,23.62883145523344,NORMAL,UNREFERENCED,78.62944566482591,EXTREME
590_952,0.0310074754437086,LOW,94.32588597842836,EXTREME,26.168662665997427,MODERATE,SETTLEMENT,0.0,LOW,80.644089700129,19.355910299871,HIGH,LOW SUSCEPTIBILITY,unstable terrain conditions,continue routine monitoring,LOW SUSCEPTIBILITY. Main evidence: unstable terrain conditions. Recommended response: continue routine monitoring.,24.072700691121742,LOW,13.215996809055468,LOW,STABLE_LOW,LOW,23.62883145523344,NORMAL,UNREFERENCED,26.593083059664345,MODERATE
590_1117,0.0033217983651226,LOW,85.71648690292758,EXTREME,20.57340981032051,LOW,INFRASTRUCTURE,0.0,LOW,76.90928146110421,23.090718538895786,MODERATE,LOW SUSCEPTIBILITY,unstable terrain conditions,continue routine monitoring,LOW SUSCEPTIBILITY. Main evidence: unstable terrain conditions. Recommended response: continue routine monitoring.,24.072700691121742,LOW,13.215996809055468,LOW,STABLE_LOW,LOW,23.62883145523344,NORMAL,UNREFERENCED,22.786059847676285,LOW
592_410,0.967342554799698,VERY_HIGH,46.46186440677966,MODERATE,63.662906698212375,HIGH,TRANSPORT,98.60033967466072,EXTREME,88.69091035640771,11.309089643592287,HIGH,VERY HIGH SUSCEPTIBILITY,"high static landslide susceptibility; high exposure to roads, settlements or infrastructure; elevated neighbouring-cell risk","prioritize location for detailed assessment; check nearby roads, settlements and infrastructure","VERY HIGH SUSCEPTIBILITY. Main evidence: high static landslide susceptibility; high exposure to roads, settlements or infrastructure; elevated neighbouring-cell risk. Recommended response: prioritize location for detailed assessment; check nearby roads, settlements and infrastructure.",24.072700691121742,LOW,13.215996809055468,LOW,STABLE_LOW,LOW,23.62883145523344,NORMAL,UNREFERENCED,74.63952788865245,HIGH
592_748,0.0379118639103246,LOW,73.75,HIGH,35.79472116340484,MODERATE,INFRASTRUCTURE,0.0,LOW,80.07918518922406,19.920814810775937,HIGH,LOW SUSCEPTIBILITY,unstable terrain conditions,continue routine monitoring,LOW SUSCEPTIBILITY. Main evidence: unstable terrain conditions. Recommended response: continue routine monitoring.,24.072700691121742,LOW,13.215996809055468,LOW,STABLE_LOW,LOW,23.62883145523344,NORMAL,UNREFERENCED,24.232512119587504,LOW
593_445,0.939387465460072,VERY_HIGH,53.43412942989215,HIGH,64.45734917507076,HIGH,TRANSPORT,0.0,LOW,86.40367577407469,13.596324225925317,HIGH,VERY HIGH SUSCEPTIBILITY,"high static landslide susceptibility; high exposure to roads, settlements or infrastructure","prioritize location for detailed assessment; check nearby roads, settlements and infrastructure","VERY HIGH SUSCEPTIBILITY. Main evidence: high static landslide susceptibility; high exposure to roads, settlements or infrastructure. Recommended response: prioritize location for detailed assessment; check nearby roads, settlements and infrastructure.",24.072700691121742,LOW,13.215996809055468,LOW,STABLE_LOW,LOW,23.62883145523344,NORMAL,UNREFERENCED,65.03513427705447,HIGH
593_593,0.9732230492883884,VERY_HIGH,40.56818181818182,MODERATE,64.48716919945065,HIGH,TRANSPORT,0.0,LOW,89.17204172366422,10.827958276335778,HIGH,VERY HIGH SUSCEPTIBILITY,"high static landslide susceptibility; high exposure to roads, settlements or infrastructure","prioritize location for detailed assessment; check nearby roads, settlements and infrastructure","VERY HIGH SUSCEPTIBILITY. Main evidence: high static landslide susceptibility; high exposure to roads, settlements or infrastructure. Recommended response: prioritize location for detailed assessment; check nearby roads, settlements and infrastructure.",24.072700691121742,LOW,13.215996809055468,LOW,STABLE_LOW,LOW,23.62883145523344,NORMAL,UNREFERENCED,63.98901903064362,HIGH
593_607,0.6401917261337232,HIGH,52.702234206471495,HIGH,75.49539042894646,VERY_HIGH,TRANSPORT,0.0,LOW,61.92402437464615,38.07597562535385,MODERATE,HIGH SUSCEPTIBILITY,"high static landslide susceptibility; high exposure to roads, settlements or infrastructure","check nearby roads, settlements and infrastructure","HIGH SUSCEPTIBILITY. Main evidence: high static landslide susceptibility; high exposure to roads, settlements or infrastructure. Recommended response: check nearby roads, settlements and infrastructure.",24.072700691121742,LOW,13.215996809055468,LOW,STABLE_LOW,LOW,23.62883145523344,NORMAL,UNREFERENCED,53.08065315076598,HIGH
594_452,0.0449131678651877,LOW,22.351694915254235,LOW,46.10090299911862,MODERATE,TRANSPORT,0.0,LOW,79.50635122928071,20.49364877071929,MODERATE,LOW SUSCEPTIBILITY,no major independent warning signal,continue routine monitoring,LOW SUSCEPTIBILITY. Main evidence: no major independent warning signal. Recommended response: continue routine monitoring.,24.072700691121742,LOW,13.215996809055468,LOW,STABLE_LOW,LOW,23.62883145523344,NORMAL,UNREFERENCED,15.81383705596426,LOW
594_475,0.7161852207967833,HIGH,19.768875192604007,LOW,80.77776921865527,VERY_HIGH,TRANSPORT,88.6641568203039,EXTREME,68.14167393798742,31.85832606201258,MODERATE,HIGH SUSCEPTIBILITY,"high static landslide susceptibility; high exposure to roads, settlements or infrastructure; elevated neighbouring-cell risk","check nearby roads, settlements and infrastructure","HIGH SUSCEPTIBILITY. Main evidence: high static landslide susceptibility; high exposure to roads, settlements or infrastructure; elevated neighbouring-cell risk. Recommended response: check nearby roads, settlements and infrastructure.",24.072700691121742,LOW,13.215996809055468,LOW,STABLE_LOW,LOW,23.62883145523344,NORMAL,UNREFERENCED,59.5724611083169,HIGH
594_1271,2.1798365122615804e-05,LOW,32.61556240369799,MODERATE,21.91928926785661,LOW,SETTLEMENT,0.0,LOW,83.17928146110421,16.82071853889579,HIGH,LOW SUSCEPTIBILITY,no major independent warning signal,continue routine monitoring,LOW SUSCEPTIBILITY. Main evidence: no major independent warning signal. Recommended response: continue routine monitoring.,24.072700691121742,LOW,13.215996809055468,LOW,STABLE_LOW,LOW,23.62883145523344,NORMAL,UNREFERENCED,12.219256866460782,LOW
595_402,0.993071511028654,VERY_HIGH,82.36132511556242,EXTREME,58.95203303857224,HIGH,TRANSPORT,98.4891232436402,EXTREME,90.79600677514048,9.203993224859516,HIGH,VERY HIGH SUSCEPTIBILITY,high static landslide susceptibility; unstable terrain conditions; elevated neighbouring-cell risk,prioritize location for detailed assessment,VERY HIGH SUSCEPTIBILITY. Main evidence: high static landslide susceptibility; unstable terrain conditions; elevated neighbouring-cell risk. Recommended response: prioritize location for detailed assessment.,24.072700691121742,LOW,13.215996809055468,LOW,STABLE_LOW,LOW,23.62883145523344,NORMAL,UNREFERENCED,82.25947036866394,EXTREME
595_406,0.978933882106364,VERY_HIGH,59.229583975346685,HIGH,61.60096327941025,HIGH,TRANSPORT,99.00042664742666,EXTREME,89.63929168149858,10.360708318501423,HIGH,VERY HIGH SUSCEPTIBILITY,"high static landslide susceptibility; high exposure to roads, settlements or infrastructure; elevated neighbouring-cell risk","prioritize location for detailed assessment; check nearby roads, settlements and infrastructure","VERY HIGH SUSCEPTIBILITY. Main evidence: high static landslide susceptibility; high exposure to roads, settlements or infrastructure; elevated neighbouring-cell risk. Recommended response: prioritize location for detailed assessment; check nearby roads, settlements and infrastructure.",24.072700691121742,LOW,13.215996809055468,LOW,STABLE_LOW,LOW,23.62883145523344,NORMAL,UNREFERENCED,77.4453987156221,EXTREME
596_477,0.8731157923775572,VERY_HIGH,78.80392912172573,EXTREME,84.85044503268628,VERY_HIGH,TRANSPORT,81.84462241950075,EXTREME,80.98144797641439,19.018552023585613,HIGH,VERY HIGH SUSCEPTIBILITY,"high static landslide susceptibility; unstable terrain conditions; high exposure to roads, settlements or infrastructure; elevated neighbouring-cell risk","prioritize location for detailed assessment; check nearby roads, settlements and infrastructure","VERY HIGH SUSCEPTIBILITY. Main evidence: high static landslide susceptibility; unstable terrain conditions; high exposure to roads, settlements or infrastructure; elevated neighbouring-cell risk. Recommended response: prioritize location for detailed assessment; check nearby roads, settlements and infrastructure.",24.072700691121742,LOW,13.215996809055468,LOW,STABLE_LOW,LOW,23.62883145523344,NORMAL,UNREFERENCED,78.37029554730042,EXTREME
596_480,0.7504183600713018,VERY_HIGH,20.521956856702623,LOW,87.59010882915231,VERY_HIGH,TRANSPORT,87.97949403481353,EXTREME,70.94256715135712,29.057432848642875,MODERATE,VERY HIGH SUSCEPTIBILITY,"high static landslide susceptibility; high exposure to roads, settlements or infrastructure; elevated neighbouring-cell risk","prioritize location for detailed assessment; check nearby roads, settlements and infrastructure","VERY HIGH SUSCEPTIBILITY. Main evidence: high static landslide susceptibility; high exposure to roads, settlements or infrastructure; elevated neighbouring-cell risk. Recommended response: prioritize location for detailed assessment; check nearby roads, settlements and infrastructure.",24.072700691121742,LOW,13.215996809055468,LOW,STABLE_LOW,LOW,23.62883145523344,NORMAL,UNREFERENCED,62.21695337151547,HIGH
596_820,0.965596031746032,VERY_HIGH,72.23998459167952,HIGH,57.570502413264975,HIGH,TRANSPORT,0.0,LOW,88.54801301565323,11.451986984346776,HIGH,VERY HIGH SUSCEPTIBILITY,high static landslide susceptibility; unstable terrain conditions,prioritize location for detailed assessment,VERY HIGH SUSCEPTIBILITY. Main evidence: high static landslide susceptibility; unstable terrain conditions. Recommended response: prioritize location for detailed assessment.,24.072700691121742,LOW,13.215996809055468,LOW,STABLE_LOW,LOW,23.62883145523344,NORMAL,UNREFERENCED,68.94266377800926,HIGH
597_398,0.9771214569160994,VERY_HIGH,59.229583975346685,HIGH,55.95909386430337,HIGH,TRANSPORT,98.90142912039651,EXTREME,89.49100234774966,10.508997652250343,HIGH,VERY HIGH SUSCEPTIBILITY,high static landslide susceptibility; elevated neighbouring-cell risk,prioritize location for detailed assessment,VERY HIGH SUSCEPTIBILITY. Main evidence: high static landslide susceptibility; elevated neighbouring-cell risk. Recommended response: prioritize location for detailed assessment.,24.072700691121742,LOW,13.215996809055468,LOW,STABLE_LOW,LOW,23.62883145523344,NORMAL,UNREFERENCED,76.50765941709113,EXTREME
597_790,0.026345258278249,LOW,32.89676425269646,MODERATE,35.61557847112212,MODERATE,SETTLEMENT,0.0,LOW,81.02554383184842,18.974456168151576,HIGH,LOW SUSCEPTIBILITY,no major independent warning signal,continue routine monitoring,LOW SUSCEPTIBILITY. Main evidence: no major independent warning signal. Recommended response: continue routine monitoring.,24.072700691121742,LOW,13.215996809055468,LOW,STABLE_LOW,LOW,23.62883145523344,NORMAL,UNREFERENCED,15.514496312840988,LOW
597_841,0.0756074895948184,LOW,81.84707241910633,EXTREME,48.5248975623762,MODERATE,SETTLEMENT,0.0,LOW,70.99499763322001,29.00500236677999,MODERATE,LOW SUSCEPTIBILITY,unstable terrain conditions,continue routine monitoring,LOW SUSCEPTIBILITY. Main evidence: unstable terrain conditions. Recommended response: continue routine monitoring.,24.072700691121742,LOW,13.215996809055468,LOW,STABLE_LOW,LOW,23.62883145523344,NORMAL,UNREFERENCED,29.457756219056698,MODERATE
598_397,0.9623926784481912,VERY_HIGH,37.54815100154084,MODERATE,57.39771127804257,HIGH,TRANSPORT,98.39850198412697,EXTREME,88.28592047310262,11.71407952689738,HIGH,VERY HIGH SUSCEPTIBILITY,high static landslide susceptibility; elevated neighbouring-cell risk,prioritize location for detailed assessment,VERY HIGH SUSCEPTIBILITY. Main evidence: high static landslide susceptibility; elevated neighbouring-cell risk. Recommended response: prioritize location for detailed assessment.,24.072700691121742,LOW,13.215996809055468,LOW,STABLE_LOW,LOW,23.62883145523344,NORMAL,UNREFERENCED,71.67407768970803,HIGH
600_410,0.2910662069585807,MODERATE,60.84167950693375,HIGH,36.43017788667277,MODERATE,INFRASTRUCTURE,0.0,LOW,59.36655712163946,40.63344287836054,LOW,MODERATE SUSCEPTIBILITY,unstable terrain conditions,continue routine monitoring,MODERATE SUSCEPTIBILITY. Main evidence: unstable terrain conditions. Recommended response: continue routine monitoring.,24.072700691121742,LOW,13.215996809055468,LOW,STABLE_LOW,LOW,23.62883145523344,NORMAL,UNREFERENCED,33.138111966635975,MODERATE
600_634,0.4843695108531316,MODERATE,22.180277349768875,LOW,71.22063907548731,HIGH,TRANSPORT,0.0,LOW,49.17493403350685,50.82506596649316,LOW,MODERATE SUSCEPTIBILITY,"high exposure to roads, settlements or infrastructure","check nearby roads, settlements and infrastructure","MODERATE SUSCEPTIBILITY. Main evidence: high exposure to roads, settlements or infrastructure. Recommended response: check nearby roads, settlements and infrastructure.",24.072700691121742,LOW,13.215996809055468,LOW,STABLE_LOW,LOW,23.62883145523344,NORMAL,UNREFERENCED,39.323049388779964,MODERATE
601_1438,6.220240552665621e-05,LOW,24.18143297380585,LOW,19.61321338360358,LOW,SETTLEMENT,0.0,LOW,83.17597567598025,16.824024324019746,HIGH,LOW SUSCEPTIBILITY,no major independent warning signal,continue routine monitoring,LOW SUSCEPTIBILITY. Main evidence: no major independent warning signal. Recommended response: continue routine monitoring.,24.072700691121742,LOW,13.215996809055468,LOW,STABLE_LOW,LOW,23.62883145523344,NORMAL,UNREFERENCED,10.18833777966258,LOW
601_1652,0.0023201826292603,LOW,43.567026194144844,MODERATE,33.59899714951649,MODERATE,SETTLEMENT,0.0,LOW,82.99123183949294,17.00876816050706,HIGH,LOW SUSCEPTIBILITY,no major independent warning signal,continue routine monitoring,LOW SUSCEPTIBILITY. Main evidence: no major independent warning signal. Recommended response: continue routine monitoring.,24.072700691121742,LOW,13.215996809055468,LOW,STABLE_LOW,LOW,23.62883145523344,NORMAL,UNREFERENCED,16.264933098685333,LOW
603_1213,0.0231098214531457,LOW,48.33012326656395,MODERATE,36.40300593538912,MODERATE,TRANSPORT,0.0,LOW,81.29026139026595,18.70973860973405,HIGH,LOW SUSCEPTIBILITY,no major independent warning signal,continue routine monitoring,LOW SUSCEPTIBILITY. Main evidence: no major independent warning signal. Recommended response: continue routine monitoring.,24.072700691121742,LOW,13.215996809055468,LOW,STABLE_LOW,LOW,23.62883145523344,NORMAL,UNREFERENCED,18.57368757812489,LOW
604_398,0.9739877525252524,VERY_HIGH,64.76117103235748,HIGH,56.31686646785011,HIGH,TRANSPORT,0.0,LOW,89.2346083521349,10.7653916478651,HIGH,VERY HIGH SUSCEPTIBILITY,high static landslide susceptibility; unstable terrain conditions,prioritize location for detailed assessment,VERY HIGH SUSCEPTIBILITY. Main evidence: high static landslide susceptibility; unstable terrain conditions. Recommended response: prioritize location for detailed assessment.,24.072700691121742,LOW,13.215996809055468,LOW,STABLE_LOW,LOW,23.62883145523344,NORMAL,UNREFERENCED,67.63648310939755,HIGH
604_436,0.7909692640692646,VERY_HIGH,49.7342064714946,MODERATE,82.2744264018112,VERY_HIGH,INFRASTRUCTURE,0.0,LOW,74.26036838755408,25.73963161244592,MODERATE,VERY HIGH SUSCEPTIBILITY,"high static landslide susceptibility; high exposure to roads, settlements or infrastructure","prioritize location for detailed assessment; check nearby roads, settlements and infrastructure","VERY HIGH SUSCEPTIBILITY. Main evidence: high static landslide susceptibility; high exposure to roads, settlements or infrastructure. Recommended response: prioritize location for detailed assessment; check nearby roads, settlements and infrastructure.",24.072700691121742,LOW,13.215996809055468,LOW,STABLE_LOW,LOW,23.62883145523344,NORMAL,UNREFERENCED,60.28889220679968,HIGH
604_485,0.8334987649605301,VERY_HIGH,27.353620955315872,MODERATE,90.07266759631192,VERY_HIGH,INFRASTRUCTURE,94.225405466429,EXTREME,77.74005482411216,22.25994517588784,MODERATE,VERY HIGH SUSCEPTIBILITY,"high static landslide susceptibility; high exposure to roads, settlements or infrastructure; elevated neighbouring-cell risk","prioritize location for detailed assessment; check nearby roads, settlements and infrastructure","VERY HIGH SUSCEPTIBILITY. Main evidence: high static landslide susceptibility; high exposure to roads, settlements or infrastructure; elevated neighbouring-cell risk. Recommended response: prioritize location for detailed assessment; check nearby roads, settlements and infrastructure.",24.072700691121742,LOW,13.215996809055468,LOW,STABLE_LOW,LOW,23.62883145523344,NORMAL,UNREFERENCED,68.3188793694889,HIGH
604_932,0.0161187266279531,LOW,65.95338983050848,HIGH,21.46427858496989,LOW,SETTLEMENT,0.0,LOW,81.86226005778173,18.137739942218275,HIGH,LOW SUSCEPTIBILITY,unstable terrain conditions,continue routine monitoring,LOW SUSCEPTIBILITY. Main evidence: unstable terrain conditions. Recommended response: continue routine monitoring.,24.072700691121742,LOW,13.215996809055468,LOW,STABLE_LOW,LOW,23.62883145523344,NORMAL,UNREFERENCED,19.542932521217246,LOW
607_142,0.4598745658596721,MODERATE,51.79314329738059,HIGH,48.00824455177678,MODERATE,TRANSPORT,0.0,LOW,47.17080217040561,52.82919782959439,LOW,MODERATE SUSCEPTIBILITY,no major independent warning signal,continue routine monitoring,MODERATE SUSCEPTIBILITY. Main evidence: no major independent warning signal. Recommended response: continue routine monitoring.,24.072700691121742,LOW,13.215996809055468,LOW,STABLE_LOW,LOW,23.62883145523344,NORMAL,UNREFERENCED,40.66149087504005,MODERATE
607_576,0.947020412771046,VERY_HIGH,57.92372881355932,HIGH,58.16847650881935,HIGH,TRANSPORT,0.0,LOW,87.02818964497256,12.971810355027444,HIGH,VERY HIGH SUSCEPTIBILITY,high static landslide susceptibility,prioritize location for detailed assessment,VERY HIGH SUSCEPTIBILITY. Main evidence: high static landslide susceptibility. Recommended response: prioritize location for detailed assessment.,24.072700691121742,LOW,13.215996809055468,LOW,STABLE_LOW,LOW,23.62883145523344,NORMAL,UNREFERENCED,65.33320588284401,HIGH
608_488,0.9175057923775572,VERY_HIGH,61.94530046224961,HIGH,73.12889409740099,HIGH,INFRASTRUCTURE,97.0679392302566,EXTREME,84.61335706732348,15.386642932676525,HIGH,VERY HIGH SUSCEPTIBILITY,"high static landslide susceptibility; unstable terrain conditions; high exposure to roads, settlements or infrastructure; elevated neighbouring-cell risk","prioritize location for detailed assessment; check nearby roads, settlements and infrastructure","VERY HIGH SUSCEPTIBILITY. Main evidence: high static landslide susceptibility; unstable terrain conditions; high exposure to roads, settlements or infrastructure; elevated neighbouring-cell risk. Recommended response: prioritize location for detailed assessment; check nearby roads, settlements and infrastructure.",24.072700691121742,LOW,13.215996809055468,LOW,STABLE_LOW,LOW,23.62883145523344,NORMAL,UNREFERENCED,76.76021885618798,EXTREME
609_405,0.9804147922998986,VERY_HIGH,43.54583975346687,MODERATE,60.13547026403237,HIGH,TRANSPORT,97.70261038975669,EXTREME,89.76045706096957,10.239542939030429,HIGH,VERY HIGH SUSCEPTIBILITY,"high static landslide susceptibility; high exposure to roads, settlements or infrastructure; elevated neighbouring-cell risk","prioritize location for detailed assessment; check nearby roads, settlements and infrastructure","VERY HIGH SUSCEPTIBILITY. Main evidence: high static landslide susceptibility; high exposure to roads, settlements or infrastructure; elevated neighbouring-cell risk. Recommended response: prioritize location for detailed assessment; check nearby roads, settlements and infrastructure.",24.072700691121742,LOW,13.215996809055468,LOW,STABLE_LOW,LOW,23.62883145523344,NORMAL,UNREFERENCED,74.0256852518815,HIGH
609_488,0.979965854558878,VERY_HIGH,59.92103235747304,HIGH,69.18701372609307,HIGH,TRANSPORT,97.50401840834652,EXTREME,89.7237257912497,10.276274208750294,HIGH,VERY HIGH SUSCEPTIBILITY,"high static landslide susceptibility; high exposure to roads, settlements or infrastructure; elevated neighbouring-cell risk","prioritize location for detailed assessment; check nearby roads, settlements and infrastructure","VERY HIGH SUSCEPTIBILITY. Main evidence: high static landslide susceptibility; high exposure to roads, settlements or infrastructure; elevated neighbouring-cell risk. Recommended response: prioritize location for detailed assessment; check nearby roads, settlements and infrastructure.",24.072700691121742,LOW,13.215996809055468,LOW,STABLE_LOW,LOW,23.62883145523344,NORMAL,UNREFERENCED,78.61839389550491,EXTREME
610_488,0.9474640688445922,VERY_HIGH,35.939907550077045,MODERATE,67.4646264177228,HIGH,TRANSPORT,97.85060971435354,EXTREME,87.0644887782627,12.9355112217373,HIGH,VERY HIGH SUSCEPTIBILITY,"high static landslide susceptibility; high exposure to roads, settlements or infrastructure; elevated neighbouring-cell risk","prioritize location for detailed assessment; check nearby roads, settlements and infrastructure","VERY HIGH SUSCEPTIBILITY. Main evidence: high static landslide susceptibility; high exposure to roads, settlements or infrastructure; elevated neighbouring-cell risk. Recommended response: prioritize location for detailed assessment; check nearby roads, settlements and infrastructure.",24.072700691121742,LOW,13.215996809055468,LOW,STABLE_LOW,LOW,23.62883145523344,NORMAL,UNREFERENCED,72.13588961122801,HIGH
610_595,0.5664906870906873,HIGH,31.67758089368259,MODERATE,54.31038541865377,HIGH,TRANSPORT,0.0,LOW,55.89393936203412,44.10606063796588,LOW,HIGH SUSCEPTIBILITY,high static landslide susceptibility,continue routine monitoring,HIGH SUSCEPTIBILITY. Main evidence: high static landslide susceptibility. Recommended response: continue routine monitoring.,24.072700691121742,LOW,13.215996809055468,LOW,STABLE_LOW,LOW,23.62883145523344,NORMAL,UNREFERENCED,42.38142497972768,MODERATE
610_1049,0.0054298902732145,LOW,71.2037750385208,HIGH,23.830784038562182,LOW,INFRASTRUCTURE,0.0,LOW,82.73680121407853,17.263198785921475,HIGH,LOW SUSCEPTIBILITY,unstable terrain conditions,continue routine monitoring,LOW SUSCEPTIBILITY. Main evidence: unstable terrain conditions. Recommended response: continue routine monitoring.,24.072700691121742,LOW,13.215996809055468,LOW,STABLE_LOW,LOW,23.62883145523344,NORMAL,UNREFERENCED,20.466987744895313,LOW
611_429,0.827450865800866,VERY_HIGH,82.2919876733436,EXTREME,82.22046291936832,VERY_HIGH,TRANSPORT,93.95559233511588,EXTREME,77.24522671104874,22.754773288951256,MODERATE,VERY HIGH SUSCEPTIBILITY,"high static landslide susceptibility; unstable terrain conditions; high exposure to roads, settlements or infrastructure; elevated neighbouring-cell risk","prioritize location for detailed assessment; check nearby roads, settlements and infrastructure","VERY HIGH SUSCEPTIBILITY. Main evidence: high static landslide susceptibility; unstable terrain conditions; high exposure to roads, settlements or infrastructure; elevated neighbouring-cell risk. Recommended response: prioritize location for detailed assessment; check nearby roads, settlements and infrastructure.",24.072700691121742,LOW,13.215996809055468,LOW,STABLE_LOW,LOW,23.62883145523344,NORMAL,UNREFERENCED,77.8295852362367,EXTREME
611_489,0.9684450212255448,VERY_HIGH,58.46302003081664,HIGH,65.52645293068673,HIGH,TRANSPORT,98.06485883572134,EXTREME,88.78111215488609,11.218887845113912,HIGH,VERY HIGH SUSCEPTIBILITY,"high static landslide susceptibility; high exposure to roads, settlements or infrastructure; elevated neighbouring-cell risk","prioritize location for detailed assessment; check nearby roads, settlements and infrastructure","VERY HIGH SUSCEPTIBILITY. Main evidence: high static landslide susceptibility; high exposure to roads, settlements or infrastructure; elevated neighbouring-cell risk. Recommended response: prioritize location for detailed assessment; check nearby roads, settlements and infrastructure.",24.072700691121742,LOW,13.215996809055468,LOW,STABLE_LOW,LOW,23.62883145523344,NORMAL,UNREFERENCED,77.31535385360016,EXTREME
611_737,0.0590423203552098,LOW,74.77272727272727,HIGH,54.36816870682944,HIGH,INFRASTRUCTURE,0.0,LOW,72.35032966191527,27.64967033808473,MODERATE,LOW SUSCEPTIBILITY,unstable terrain conditions,continue routine monitoring,LOW SUSCEPTIBILITY. Main evidence: unstable terrain conditions. Recommended response: continue routine monitoring.,24.072700691121742,LOW,13.215996809055468,LOW,STABLE_LOW,LOW,23.62883145523344,NORMAL,UNREFERENCED,28.17394524566648,MODERATE
612_489,0.9792467395967396,VERY_HIGH,50.699152542372886,HIGH,67.12620711308223,HIGH,TRANSPORT,97.97844508875176,EXTREME,89.6648891125293,10.335110887470703,HIGH,VERY HIGH SUSCEPTIBILITY,"high static landslide susceptibility; high exposure to roads, settlements or infrastructure; elevated neighbouring-cell risk","prioritize location for detailed assessment; check nearby roads, settlements and infrastructure","VERY HIGH SUSCEPTIBILITY. Main evidence: high static landslide susceptibility; high exposure to roads, settlements or infrastructure; elevated neighbouring-cell risk. Recommended response: prioritize location for detailed assessment; check nearby roads, settlements and infrastructure.",24.072700691121742,LOW,13.215996809055468,LOW,STABLE_LOW,LOW,23.62883145523344,NORMAL,UNREFERENCED,76.47997943527754,EXTREME
613_406,0.977824480313035,VERY_HIGH,38.95030816640986,MODERATE,60.84692844214277,HIGH,TRANSPORT,98.48393601776633,EXTREME,89.54852244386257,10.451477556137434,HIGH,VERY HIGH SUSCEPTIBILITY,"high static landslide susceptibility; high exposure to roads, settlements or infrastructure; elevated neighbouring-cell risk","prioritize location for detailed assessment; check nearby roads, settlements and infrastructure","VERY HIGH SUSCEPTIBILITY. Main evidence: high static landslide susceptibility; high exposure to roads, settlements or infrastructure; elevated neighbouring-cell risk. Recommended response: prioritize location for detailed assessment; check nearby roads, settlements and infrastructure.",24.072700691121742,LOW,13.215996809055468,LOW,STABLE_LOW,LOW,23.62883145523344,NORMAL,UNREFERENCED,73.17486618457878,HIGH
613_427,0.913651319073084,VERY_HIGH,71.53312788906008,HIGH,78.51542473922518,VERY_HIGH,INFRASTRUCTURE,87.92156060606062,EXTREME,84.29799106968476,15.702008930315245,HIGH,VERY HIGH SUSCEPTIBILITY,"high static landslide susceptibility; unstable terrain conditions; high exposure to roads, settlements or infrastructure; elevated neighbouring-cell risk","prioritize location for detailed assessment; check nearby roads, settlements and infrastructure","VERY HIGH SUSCEPTIBILITY. Main evidence: high static landslide susceptibility; unstable terrain conditions; high exposure to roads, settlements or infrastructure; elevated neighbouring-cell risk. Recommended response: prioritize location for detailed assessment; check nearby roads, settlements and infrastructure.",24.072700691121742,LOW,13.215996809055468,LOW,STABLE_LOW,LOW,23.62883145523344,NORMAL,UNREFERENCED,78.3976747767028,EXTREME
613_715,0.9763453823953824,VERY_HIGH,63.6979969183359,HIGH,68.39178681748179,HIGH,TRANSPORT,96.56360079004016,EXTREME,89.42750534150917,10.572494658490823,HIGH,VERY HIGH SUSCEPTIBILITY,"high static landslide susceptibility; unstable terrain conditions; high exposure to roads, settlements or infrastructure; elevated neighbouring-cell risk","prioritize location for detailed assessment; check nearby roads, settlements and infrastructure","VERY HIGH SUSCEPTIBILITY. Main evidence: high static landslide susceptibility; unstable terrain conditions; high exposure to roads, settlements or infrastructure; elevated neighbouring-cell risk. Recommended response: prioritize location for detailed assessment; check nearby roads, settlements and infrastructure.",24.072700691121742,LOW,13.215996809055468,LOW,STABLE_LOW,LOW,23.62883145523344,NORMAL,UNREFERENCED,78.99753976219785,EXTREME
614_407,0.9405693187052456,VERY_HIGH,45.47380585516179,MODERATE,60.62180371867471,HIGH,TRANSPORT,98.81792096726454,EXTREME,86.50037285777071,13.499627142229286,HIGH,VERY HIGH SUSCEPTIBILITY,"high static landslide susceptibility; high exposure to roads, settlements or infrastructure; elevated neighbouring-cell risk","prioritize location for detailed assessment; check nearby roads, settlements and infrastructure","VERY HIGH SUSCEPTIBILITY. Main evidence: high static landslide susceptibility; high exposure to roads, settlements or infrastructure; elevated neighbouring-cell risk. Recommended response: prioritize location for detailed assessment; check nearby roads, settlements and infrastructure.",24.072700691121742,LOW,13.215996809055468,LOW,STABLE_LOW,LOW,23.62883145523344,NORMAL,UNREFERENCED,72.80271323640824,HIGH
614_699,0.9651080601108988,VERY_HIGH,55.56240369799692,HIGH,57.839235111551126,HIGH,TRANSPORT,0.0,LOW,88.5080880636878,11.491911936312206,HIGH,VERY HIGH SUSCEPTIBILITY,high static landslide susceptibility,prioritize location for detailed assessment,VERY HIGH SUSCEPTIBILITY. Main evidence: high static landslide susceptibility. Recommended response: prioritize location for detailed assessment.,24.072700691121742,LOW,13.215996809055468,LOW,STABLE_LOW,LOW,23.62883145523344,NORMAL,UNREFERENCED,65.62549878043468,HIGH
614_707,0.9765585858585858,VERY_HIGH,83.82896764252698,EXTREME,59.54604489789877,HIGH,TRANSPORT,96.34152020202022,EXTREME,89.4449492612258,10.5550507387742,HIGH,VERY HIGH SUSCEPTIBILITY,high static landslide susceptibility; unstable terrain conditions; elevated neighbouring-cell risk,prioritize location for detailed assessment,VERY HIGH SUSCEPTIBILITY. Main evidence: high static landslide susceptibility; unstable terrain conditions; elevated neighbouring-cell risk. Recommended response: prioritize location for detailed assessment.,24.072700691121742,LOW,13.215996809055468,LOW,STABLE_LOW,LOW,23.62883145523344,NORMAL,UNREFERENCED,81.68425871614076,EXTREME
614_713,0.9521776146464018,VERY_HIGH,48.44953775038521,MODERATE,60.05937929846531,HIGH,TRANSPORT,97.7719891774892,EXTREME,87.4501425256835,12.549857474316497,HIGH,VERY HIGH SUSCEPTIBILITY,"high static landslide susceptibility; high exposure to roads, settlements or infrastructure; elevated neighbouring-cell risk","prioritize location for detailed assessment; check nearby roads, settlements and infrastructure","VERY HIGH SUSCEPTIBILITY. Main evidence: high static landslide susceptibility; high exposure to roads, settlements or infrastructure; elevated neighbouring-cell risk. Recommended response: prioritize location for detailed assessment; check nearby roads, settlements and infrastructure.",24.072700691121742,LOW,13.215996809055468,LOW,STABLE_LOW,LOW,23.62883145523344,NORMAL,UNREFERENCED,73.73127609079602,HIGH
614_1649,0.0794452882865926,LOW,48.04314329738059,MODERATE,46.93157454108744,MODERATE,TRANSPORT,0.0,LOW,76.68099592207486,23.319004077925143,MODERATE,LOW SUSCEPTIBILITY,no major independent warning signal,continue routine monitoring,LOW SUSCEPTIBILITY. Main evidence: no major independent warning signal. Recommended response: continue routine monitoring.,24.072700691121742,LOW,13.215996809055468,LOW,STABLE_LOW,LOW,23.62883145523344,NORMAL,UNREFERENCED,22.63067288264807,LOW
615_710,0.9477360028860032,VERY_HIGH,84.96918335901388,EXTREME,58.71981826332053,HIGH,TRANSPORT,98.03117868109584,EXTREME,87.08673792710542,12.913262072894582,HIGH,VERY HIGH SUSCEPTIBILITY,high static landslide susceptibility; unstable terrain conditions; elevated neighbouring-cell risk,prioritize location for detailed assessment,VERY HIGH SUSCEPTIBILITY. Main evidence: high static landslide susceptibility; unstable terrain conditions; elevated neighbouring-cell risk. Recommended response: prioritize location for detailed assessment.,24.072700691121742,LOW,13.215996809055468,LOW,STABLE_LOW,LOW,23.62883145523344,NORMAL,UNREFERENCED,80.66031747839277,EXTREME
616_401,0.98065806706521,VERY_HIGH,47.09360554699538,MODERATE,59.835569497971534,HIGH,TRANSPORT,98.77580590982517,EXTREME,89.78036135994961,10.219638640050391,HIGH,VERY HIGH SUSCEPTIBILITY,high static landslide susceptibility; elevated neighbouring-cell risk,prioritize location for detailed assessment,VERY HIGH SUSCEPTIBILITY. Main evidence: high static landslide susceptibility; elevated neighbouring-cell risk. Recommended response: prioritize location for detailed assessment.,24.072700691121742,LOW,13.215996809055468,LOW,STABLE_LOW,LOW,23.62883145523344,NORMAL,UNREFERENCED,74.80852021212394,HIGH
616_402,0.9807750223321654,VERY_HIGH,35.59129429892142,MODERATE,59.54282338152771,HIGH,TRANSPORT,98.5515047748538,EXTREME,89.78993042724596,10.210069572754035,HIGH,VERY HIGH SUSCEPTIBILITY,high static landslide susceptibility; elevated neighbouring-cell risk,prioritize location for detailed assessment,VERY HIGH SUSCEPTIBILITY. Main evidence: high static landslide susceptibility; elevated neighbouring-cell risk. Recommended response: prioritize location for detailed assessment.,24.072700691121742,LOW,13.215996809055468,LOW,STABLE_LOW,LOW,23.62883145523344,NORMAL,UNREFERENCED,72.44697891855844,HIGH
616_405,0.9503166441517508,VERY_HIGH,27.378659476117104,MODERATE,60.818430731241136,HIGH,TRANSPORT,98.75456062938991,EXTREME,87.29788130339386,12.702118696606137,HIGH,VERY HIGH SUSCEPTIBILITY,"high static landslide susceptibility; high exposure to roads, settlements or infrastructure; elevated neighbouring-cell risk","prioritize location for detailed assessment; check nearby roads, settlements and infrastructure","VERY HIGH SUSCEPTIBILITY. Main evidence: high static landslide susceptibility; high exposure to roads, settlements or infrastructure; elevated neighbouring-cell risk. Recommended response: prioritize location for detailed assessment; check nearby roads, settlements and infrastructure.",24.072700691121742,LOW,13.215996809055468,LOW,STABLE_LOW,LOW,23.62883145523344,NORMAL,UNREFERENCED,69.64547162378953,HIGH
616_406,0.9912455209961542,VERY_HIGH,55.92257318952234,HIGH,59.73091443250671,HIGH,TRANSPORT,98.1895410359621,EXTREME,90.64660759066322,9.353392409336776,HIGH,VERY HIGH SUSCEPTIBILITY,high static landslide susceptibility; elevated neighbouring-cell risk,prioritize location for detailed assessment,VERY HIGH SUSCEPTIBILITY. Main evidence: high static landslide susceptibility; elevated neighbouring-cell risk. Recommended response: prioritize location for detailed assessment.,24.072700691121742,LOW,13.215996809055468,LOW,STABLE_LOW,LOW,23.62883145523344,NORMAL,UNREFERENCED,76.9764244203158,EXTREME
616_490,0.9860894524394525,VERY_HIGH,56.72958397534669,HIGH,59.37720729619304,HIGH,TRANSPORT,98.33123740434787,EXTREME,90.224747436024,9.77525256397601,HIGH,VERY HIGH SUSCEPTIBILITY,high static landslide susceptibility; elevated neighbouring-cell risk,prioritize location for detailed assessment,VERY HIGH SUSCEPTIBILITY. Main evidence: high static landslide susceptibility; elevated neighbouring-cell risk. Recommended response: prioritize location for detailed assessment.,24.072700691121742,LOW,13.215996809055468,LOW,STABLE_LOW,LOW,23.62883145523344,NORMAL,UNREFERENCED,76.86691705882062,EXTREME
616_683,0.903351731601732,VERY_HIGH,86.02465331278893,EXTREME,61.0083768079574,HIGH,TRANSPORT,0.0,LOW,83.4552975493014,16.544702450698594,HIGH,VERY HIGH SUSCEPTIBILITY,"high static landslide susceptibility; unstable terrain conditions; high exposure to roads, settlements or infrastructure","prioritize location for detailed assessment; check nearby roads, settlements and infrastructure","VERY HIGH SUSCEPTIBILITY. Main evidence: high static landslide susceptibility; unstable terrain conditions; high exposure to roads, settlements or infrastructure. Recommended response: prioritize location for detailed assessment; check nearby roads, settlements and infrastructure.",24.072700691121742,LOW,13.215996809055468,LOW,STABLE_LOW,LOW,23.62883145523344,NORMAL,UNREFERENCED,69.41428517494151,HIGH
616_692,0.9850037254412256,VERY_HIGH,79.82858243451464,EXTREME,59.79273837915009,HIGH,TRANSPORT,0.0,LOW,90.13591522707816,9.864084772921842,HIGH,VERY HIGH SUSCEPTIBILITY,high static landslide susceptibility; unstable terrain conditions,prioritize location for detailed assessment,VERY HIGH SUSCEPTIBILITY. Main evidence: high static landslide susceptibility; unstable terrain conditions. Recommended response: prioritize location for detailed assessment.,24.072700691121742,LOW,13.215996809055468,LOW,STABLE_LOW,LOW,23.62883145523344,NORMAL,UNREFERENCED,71.66706495774277,HIGH
617_665,0.9384502801120448,VERY_HIGH,70.04237288135594,HIGH,69.32374093886455,HIGH,TRANSPORT,96.24201533433887,EXTREME,86.32699697287245,13.67300302712755,HIGH,VERY HIGH SUSCEPTIBILITY,"high static landslide susceptibility; unstable terrain conditions; high exposure to roads, settlements or infrastructure; elevated neighbouring-cell risk","prioritize location for detailed assessment; check nearby roads, settlements and infrastructure","VERY HIGH SUSCEPTIBILITY. Main evidence: high static landslide susceptibility; unstable terrain conditions; high exposure to roads, settlements or infrastructure; elevated neighbouring-cell risk. Recommended response: prioritize location for detailed assessment; check nearby roads, settlements and infrastructure.",24.072700691121742,LOW,13.215996809055468,LOW,STABLE_LOW,LOW,23.62883145523344,NORMAL,UNREFERENCED,78.66876992468896,EXTREME
617_1559,0.0100130397721174,LOW,26.562018489984595,MODERATE,40.048029489742895,MODERATE,SETTLEMENT,0.0,LOW,82.36181625507737,17.638183744922628,HIGH,LOW SUSCEPTIBILITY,no major independent warning signal,continue routine monitoring,LOW SUSCEPTIBILITY. Main evidence: no major independent warning signal. Recommended response: continue routine monitoring.,24.072700691121742,LOW,13.215996809055468,LOW,STABLE_LOW,LOW,23.62883145523344,NORMAL,UNREFERENCED,14.17746498031581,LOW
618_403,0.9815068405139832,VERY_HIGH,47.87942989214176,MODERATE,60.56146901256822,HIGH,TRANSPORT,98.48588221588884,EXTREME,89.84980646030377,10.150193539696232,HIGH,VERY HIGH SUSCEPTIBILITY,"high static landslide susceptibility; high exposure to roads, settlements or infrastructure; elevated neighbouring-cell risk","prioritize location for detailed assessment; check nearby roads, settlements and infrastructure","VERY HIGH SUSCEPTIBILITY. Main evidence: high static landslide susceptibility; high exposure to roads, settlements or infrastructure; elevated neighbouring-cell risk. Recommended response: prioritize location for detailed assessment; check nearby roads, settlements and infrastructure.",24.072700691121742,LOW,13.215996809055468,LOW,STABLE_LOW,LOW,23.62883145523344,NORMAL,UNREFERENCED,75.08377244414389,EXTREME
619_667,0.9463145047762695,VERY_HIGH,56.98189522342064,HIGH,71.10530230694789,HIGH,TRANSPORT,95.69151960784312,EXTREME,86.97043353630903,13.02956646369097,HIGH,VERY HIGH SUSCEPTIBILITY,"high static landslide susceptibility; high exposure to roads, settlements or infrastructure; elevated neighbouring-cell risk","prioritize location for detailed assessment; check nearby roads, settlements and infrastructure","VERY HIGH SUSCEPTIBILITY. Main evidence: high static landslide susceptibility; high exposure to roads, settlements or infrastructure; elevated neighbouring-cell risk. Recommended response: prioritize location for detailed assessment; check nearby roads, settlements and infrastructure.",24.072700691121742,LOW,13.215996809055468,LOW,STABLE_LOW,LOW,23.62883145523344,NORMAL,UNREFERENCED,76.62274913555493,EXTREME
619_724,0.9710644634298023,VERY_HIGH,51.4291217257319,HIGH,59.85249122055812,HIGH,TRANSPORT,0.0,LOW,88.99543015341625,11.004569846583747,HIGH,VERY HIGH SUSCEPTIBILITY,high static landslide susceptibility,prioritize location for detailed assessment,VERY HIGH SUSCEPTIBILITY. Main evidence: high static landslide susceptibility. Recommended response: prioritize location for detailed assessment.,24.072700691121742,LOW,13.215996809055468,LOW,STABLE_LOW,LOW,23.62883145523344,NORMAL,UNREFERENCED,65.36886895168338,HIGH
620_413,0.7214203740703746,HIGH,84.37981510015409,EXTREME,62.93223921512004,HIGH,TRANSPORT,0.0,LOW,68.57000466037218,31.429995339627823,MODERATE,HIGH SUSCEPTIBILITY,"high static landslide susceptibility; unstable terrain conditions; high exposure to roads, settlements or infrastructure","check nearby roads, settlements and infrastructure","HIGH SUSCEPTIBILITY. Main evidence: high static landslide susceptibility; unstable terrain conditions; high exposure to roads, settlements or infrastructure. Recommended response: check nearby roads, settlements and infrastructure.",24.072700691121742,LOW,13.215996809055468,LOW,STABLE_LOW,LOW,23.62883145523344,NORMAL,UNREFERENCED,61.186985804577866,HIGH
621_427,0.9557007751937984,VERY_HIGH,49.07164869029276,MODERATE,71.34577577788262,HIGH,TRANSPORT,98.2319292635659,EXTREME,87.73840111592503,12.26159888407497,HIGH,VERY HIGH SUSCEPTIBILITY,"high static landslide susceptibility; high exposure to roads, settlements or infrastructure; elevated neighbouring-cell risk","prioritize location for detailed assessment; check nearby roads, settlements and infrastructure","VERY HIGH SUSCEPTIBILITY. Main evidence: high static landslide susceptibility; high exposure to roads, settlements or infrastructure; elevated neighbouring-cell risk. Recommended response: prioritize location for detailed assessment; check nearby roads, settlements and infrastructure.",24.072700691121742,LOW,13.215996809055468,LOW,STABLE_LOW,LOW,23.62883145523344,NORMAL,UNREFERENCED,75.75319398393063,EXTREME
622_738,0.9378175320480552,VERY_HIGH,53.74036979969183,HIGH,72.52610805607756,HIGH,TRANSPORT,0.0,LOW,86.27522667672785,13.724773323272146,HIGH,VERY HIGH SUSCEPTIBILITY,"high static landslide susceptibility; high exposure to roads, settlements or infrastructure","prioritize location for detailed assessment; check nearby roads, settlements and infrastructure","VERY HIGH SUSCEPTIBILITY. Main evidence: high static landslide susceptibility; high exposure to roads, settlements or infrastructure. Recommended response: prioritize location for detailed assessment; check nearby roads, settlements and infrastructure.",24.072700691121742,LOW,13.215996809055468,LOW,STABLE_LOW,LOW,23.62883145523344,NORMAL,UNREFERENCED,66.23604917962466,HIGH
623_426,0.97474184662237,VERY_HIGH,76.3713405238829,EXTREME,75.10806206170908,VERY_HIGH,TRANSPORT,96.89905426356589,EXTREME,89.29630696008087,10.70369303991913,HIGH,VERY HIGH SUSCEPTIBILITY,"high static landslide susceptibility; unstable terrain conditions; high exposure to roads, settlements or infrastructure; elevated neighbouring-cell risk","prioritize location for detailed assessment; check nearby roads, settlements and infrastructure","VERY HIGH SUSCEPTIBILITY. Main evidence: high static landslide susceptibility; unstable terrain conditions; high exposure to roads, settlements or infrastructure; elevated neighbouring-cell risk. Recommended response: prioritize location for detailed assessment; check nearby roads, settlements and infrastructure.",24.072700691121742,LOW,13.215996809055468,LOW,STABLE_LOW,LOW,23.62883145523344,NORMAL,UNREFERENCED,82.50103600750835,EXTREME
623_1379,6.220240552665621e-05,LOW,51.3251155624037,HIGH,19.30305378964127,LOW,SETTLEMENT,0.0,LOW,83.17597567598025,16.824024324019746,HIGH,LOW SUSCEPTIBILITY,no major independent warning signal,continue routine monitoring,LOW SUSCEPTIBILITY. Main evidence: no major independent warning signal. Recommended response: continue routine monitoring.,24.072700691121742,LOW,13.215996809055468,LOW,STABLE_LOW,LOW,23.62883145523344,NORMAL,UNREFERENCED,15.570550358287806,LOW
624_377,0.0586636176200364,LOW,82.91602465331279,EXTREME,33.19765314248903,MODERATE,TRANSPORT,0.0,LOW,78.38131443115672,21.61868556884328,MODERATE,LOW SUSCEPTIBILITY,unstable terrain conditions,continue routine monitoring,LOW SUSCEPTIBILITY. Main evidence: unstable terrain conditions. Recommended response: continue routine monitoring.,24.072700691121742,LOW,13.215996809055468,LOW,STABLE_LOW,LOW,23.62883145523344,NORMAL,UNREFERENCED,26.609985764049725,MODERATE
625_402,0.9937089743589744,VERY_HIGH,69.52234206471495,HIGH,61.84500803215157,HIGH,TRANSPORT,99.18383653846156,EXTREME,90.84816286580306,9.151837134196938,HIGH,VERY HIGH SUSCEPTIBILITY,"high static landslide susceptibility; unstable terrain conditions; high exposure to roads, settlements or infrastructure; elevated neighbouring-cell risk","prioritize location for detailed assessment; check nearby roads, settlements and infrastructure","VERY HIGH SUSCEPTIBILITY. Main evidence: high static landslide susceptibility; unstable terrain conditions; high exposure to roads, settlements or infrastructure; elevated neighbouring-cell risk. Recommended response: prioritize location for detailed assessment; check nearby roads, settlements and infrastructure.",24.072700691121742,LOW,13.215996809055468,LOW,STABLE_LOW,LOW,23.62883145523344,NORMAL,UNREFERENCED,80.2237771868779,EXTREME
626_401,0.988340521978022,VERY_HIGH,69.68605546995379,HIGH,60.151100705548274,HIGH,TRANSPORT,99.5596282051282,EXTREME,90.40892585281604,9.591074147183946,HIGH,VERY HIGH SUSCEPTIBILITY,"high static landslide susceptibility; unstable terrain conditions; high exposure to roads, settlements or infrastructure; elevated neighbouring-cell risk","prioritize location for detailed assessment; check nearby roads, settlements and infrastructure","VERY HIGH SUSCEPTIBILITY. Main evidence: high static landslide susceptibility; unstable terrain conditions; high exposure to roads, settlements or infrastructure; elevated neighbouring-cell risk. Recommended response: prioritize location for detailed assessment; check nearby roads, settlements and infrastructure.",24.072700691121742,LOW,13.215996809055468,LOW,STABLE_LOW,LOW,23.62883145523344,NORMAL,UNREFERENCED,79.79843257845899,EXTREME
626_498,0.9894666666666664,VERY_HIGH,75.09437596302004,EXTREME,58.29731761010548,HIGH,TRANSPORT,98.9321197633185,EXTREME,90.50106496370512,9.49893503629488,HIGH,VERY HIGH SUSCEPTIBILITY,high static landslide susceptibility; unstable terrain conditions; elevated neighbouring-cell risk,prioritize location for detailed assessment,VERY HIGH SUSCEPTIBILITY. Main evidence: high static landslide susceptibility; unstable terrain conditions; elevated neighbouring-cell risk. Recommended response: prioritize location for detailed assessment.,24.072700691121742,LOW,13.215996809055468,LOW,STABLE_LOW,LOW,23.62883145523344,NORMAL,UNREFERENCED,80.58995487956385,EXTREME
626_499,0.9847445680474072,VERY_HIGH,50.034668721109405,HIGH,61.021389499981446,HIGH,TRANSPORT,99.26266666666665,EXTREME,90.1147114403112,9.885288559688805,HIGH,VERY HIGH SUSCEPTIBILITY,"high static landslide susceptibility; high exposure to roads, settlements or infrastructure; elevated neighbouring-cell risk","prioritize location for detailed assessment; check nearby roads, settlements and infrastructure","VERY HIGH SUSCEPTIBILITY. Main evidence: high static landslide susceptibility; high exposure to roads, settlements or infrastructure; elevated neighbouring-cell risk. Recommended response: prioritize location for detailed assessment; check nearby roads, settlements and infrastructure.",24.072700691121742,LOW,13.215996809055468,LOW,STABLE_LOW,LOW,23.62883145523344,NORMAL,UNREFERENCED,75.80718446713126,EXTREME
626_533,0.0708681902930178,LOW,17.401771956856702,LOW,64.66658184417462,HIGH,SETTLEMENT,0.0,LOW,77.38275848518552,22.61724151481448,MODERATE,LOW SUSCEPTIBILITY,"high exposure to roads, settlements or infrastructure","check nearby roads, settlements and infrastructure","LOW SUSCEPTIBILITY. Main evidence: high exposure to roads, settlements or infrastructure. Recommended response: check nearby roads, settlements and infrastructure.",24.072700691121742,LOW,13.215996809055468,LOW,STABLE_LOW,LOW,23.62883145523344,NORMAL,UNREFERENCED,18.77668030029551,LOW
626_711,0.9878729351988654,VERY_HIGH,46.37904468412943,MODERATE,59.79733406159728,HIGH,TRANSPORT,93.61001941673489,EXTREME,90.37066875270324,9.62933124729676,HIGH,VERY HIGH SUSCEPTIBILITY,high static landslide susceptibility; elevated neighbouring-cell risk,prioritize location for detailed assessment,VERY HIGH SUSCEPTIBILITY. Main evidence: high static landslide susceptibility; elevated neighbouring-cell risk. Recommended response: prioritize location for detailed assessment.,24.072700691121742,LOW,13.215996809055468,LOW,STABLE_LOW,LOW,23.62883145523344,NORMAL,UNREFERENCED,74.46796314080008,HIGH
626_712,0.9890547298200464,VERY_HIGH,61.69298921417565,HIGH,62.73558440462972,HIGH,TRANSPORT,93.55092968567584,EXTREME,90.46736103989076,9.53263896010924,HIGH,VERY HIGH SUSCEPTIBILITY,"high static landslide susceptibility; unstable terrain conditions; high exposure to roads, settlements or infrastructure; elevated neighbouring-cell risk","prioritize location for detailed assessment; check nearby roads, settlements and infrastructure","VERY HIGH SUSCEPTIBILITY. Main evidence: high static landslide susceptibility; unstable terrain conditions; high exposure to roads, settlements or infrastructure; elevated neighbouring-cell risk. Recommended response: prioritize location for detailed assessment; check nearby roads, settlements and infrastructure.",24.072700691121742,LOW,13.215996809055468,LOW,STABLE_LOW,LOW,23.62883145523344,NORMAL,UNREFERENCED,78.01876138311144,EXTREME
627_713,0.7078641462866283,HIGH,38.03351309707242,MODERATE,58.35242199983629,HIGH,TRANSPORT,99.21019519497963,EXTREME,67.46085875079292,32.53914124920708,MODERATE,HIGH SUSCEPTIBILITY,high static landslide susceptibility; elevated neighbouring-cell risk,continue routine monitoring,HIGH SUSCEPTIBILITY. Main evidence: high static landslide susceptibility; elevated neighbouring-cell risk. Recommended response: continue routine monitoring.,24.072700691121742,LOW,13.215996809055468,LOW,STABLE_LOW,LOW,23.62883145523344,NORMAL,UNREFERENCED,60.54174209089834,HIGH
627_758,0.8794931168885624,VERY_HIGH,44.45107858243452,MODERATE,73.74691273174574,HIGH,TRANSPORT,96.76734798247575,EXTREME,81.50322907276936,18.49677092723064,HIGH,VERY HIGH SUSCEPTIBILITY,"high static landslide susceptibility; high exposure to roads, settlements or infrastructure; elevated neighbouring-cell risk","prioritize location for detailed assessment; check nearby roads, settlements and infrastructure","VERY HIGH SUSCEPTIBILITY. Main evidence: high static landslide susceptibility; high exposure to roads, settlements or infrastructure; elevated neighbouring-cell risk. Recommended response: prioritize location for detailed assessment; check nearby roads, settlements and infrastructure.",24.072700691121742,LOW,13.215996809055468,LOW,STABLE_LOW,LOW,23.62883145523344,NORMAL,UNREFERENCED,71.61344775359382,HIGH
627_762,0.9181663173315304,VERY_HIGH,42.81009244992296,MODERATE,71.12104378147713,HIGH,TRANSPORT,95.62745495372964,EXTREME,84.66740001810311,15.332599981896893,HIGH,VERY HIGH SUSCEPTIBILITY,"high static landslide susceptibility; high exposure to roads, settlements or infrastructure; elevated neighbouring-cell risk","prioritize location for detailed assessment; check nearby roads, settlements and infrastructure","VERY HIGH SUSCEPTIBILITY. Main evidence: high static landslide susceptibility; high exposure to roads, settlements or infrastructure; elevated neighbouring-cell risk. Recommended response: prioritize location for detailed assessment; check nearby roads, settlements and infrastructure.",24.072700691121742,LOW,13.215996809055468,LOW,STABLE_LOW,LOW,23.62883145523344,NORMAL,UNREFERENCED,72.51767490161018,HIGH
627_1306,0.0006884650317892,LOW,31.40986132511556,MODERATE,17.257409734391914,LOW,SETTLEMENT,0.0,LOW,83.12473600655878,16.875263993441223,HIGH,LOW SUSCEPTIBILITY,no major independent warning signal,continue routine monitoring,LOW SUSCEPTIBILITY. Main evidence: no major independent warning signal. Recommended response: continue routine monitoring.,24.072700691121742,LOW,13.215996809055468,LOW,STABLE_LOW,LOW,23.62883145523344,NORMAL,UNREFERENCED,11.308834720724589,LOW
628_762,0.898625959976467,VERY_HIGH,47.6444530046225,MODERATE,71.78499769103581,HIGH,TRANSPORT,95.78377781257014,EXTREME,83.06864350723427,16.93135649276573,HIGH,VERY HIGH SUSCEPTIBILITY,"high static landslide susceptibility; high exposure to roads, settlements or infrastructure; elevated neighbouring-cell risk","prioritize location for detailed assessment; check nearby roads, settlements and infrastructure","VERY HIGH SUSCEPTIBILITY. Main evidence: high static landslide susceptibility; high exposure to roads, settlements or infrastructure; elevated neighbouring-cell risk. Recommended response: prioritize location for detailed assessment; check nearby roads, settlements and infrastructure.",24.072700691121742,LOW,13.215996809055468,LOW,STABLE_LOW,LOW,23.62883145523344,NORMAL,UNREFERENCED,72.72045630389007,HIGH
628_1374,0.0004622024055266,LOW,94.07164869029276,EXTREME,18.83526546468157,LOW,SETTLEMENT,0.0,LOW,83.14324840325298,16.856751596747017,HIGH,LOW SUSCEPTIBILITY,unstable terrain conditions,continue routine monitoring,LOW SUSCEPTIBILITY. Main evidence: unstable terrain conditions. Recommended response: continue routine monitoring.,24.072700691121742,LOW,13.215996809055468,LOW,STABLE_LOW,LOW,23.62883145523344,NORMAL,UNREFERENCED,24.067688735121656,LOW
629_760,0.978960554282319,VERY_HIGH,72.41910631741139,HIGH,66.54212549309715,HIGH,TRANSPORT,94.72686609437775,EXTREME,89.64147395044034,10.358526049559655,HIGH,VERY HIGH SUSCEPTIBILITY,"high static landslide susceptibility; unstable terrain conditions; high exposure to roads, settlements or infrastructure; elevated neighbouring-cell risk","prioritize location for detailed assessment; check nearby roads, settlements and infrastructure","VERY HIGH SUSCEPTIBILITY. Main evidence: high static landslide susceptibility; unstable terrain conditions; high exposure to roads, settlements or infrastructure; elevated neighbouring-cell risk. Recommended response: prioritize location for detailed assessment; check nearby roads, settlements and infrastructure.",24.072700691121742,LOW,13.215996809055468,LOW,STABLE_LOW,LOW,23.62883145523344,NORMAL,UNREFERENCED,80.39832170870115,EXTREME
629_1017,0.0070608426541669,LOW,40.97457627118644,MODERATE,27.75399033025336,MODERATE,INFRASTRUCTURE,0.0,LOW,82.60335965563696,17.396640344363036,HIGH,LOW SUSCEPTIBILITY,no major independent warning signal,continue routine monitoring,LOW SUSCEPTIBILITY. Main evidence: no major independent warning signal. Recommended response: continue routine monitoring.,24.072700691121742,LOW,13.215996809055468,LOW,STABLE_LOW,LOW,23.62883145523344,NORMAL,UNREFERENCED,15.083021792324976,LOW
630_759,0.944100303810304,VERY_HIGH,64.20839753466873,HIGH,61.22063856085143,HIGH,TRANSPORT,96.12127611325836,EXTREME,86.78927163909367,13.21072836090633,HIGH,VERY HIGH SUSCEPTIBILITY,"high static landslide susceptibility; unstable terrain conditions; high exposure to roads, settlements or infrastructure; elevated neighbouring-cell risk","prioritize location for detailed assessment; check nearby roads, settlements and infrastructure","VERY HIGH SUSCEPTIBILITY. Main evidence: high static landslide susceptibility; unstable terrain conditions; high exposure to roads, settlements or infrastructure; elevated neighbouring-cell risk. Recommended response: prioritize location for detailed assessment; check nearby roads, settlements and infrastructure.",24.072700691121742,LOW,13.215996809055468,LOW,STABLE_LOW,LOW,23.62883145523344,NORMAL,UNREFERENCED,76.52868664296315,EXTREME
631_766,0.8311498556998559,VERY_HIGH,24.46648690292758,LOW,69.4839208925229,HIGH,TRANSPORT,93.88083506610586,EXTREME,77.54787133914792,22.45212866085208,MODERATE,VERY HIGH SUSCEPTIBILITY,"high static landslide susceptibility; high exposure to roads, settlements or infrastructure; elevated neighbouring-cell risk","prioritize location for detailed assessment; check nearby roads, settlements and infrastructure","VERY HIGH SUSCEPTIBILITY. Main evidence: high static landslide susceptibility; high exposure to roads, settlements or infrastructure; elevated neighbouring-cell risk. Recommended response: prioritize location for detailed assessment; check nearby roads, settlements and infrastructure.",24.072700691121742,LOW,13.215996809055468,LOW,STABLE_LOW,LOW,23.62883145523344,NORMAL,UNREFERENCED,64.51298259668023,HIGH
633_506,0.9025320859258128,VERY_HIGH,26.55816640986133,MODERATE,62.98522776549558,HIGH,TRANSPORT,98.65290476190476,EXTREME,83.38823563036257,16.611764369637427,HIGH,VERY HIGH SUSCEPTIBILITY,"high static landslide susceptibility; high exposure to roads, settlements or infrastructure; elevated neighbouring-cell risk","prioritize location for detailed assessment; check nearby roads, settlements and infrastructure","VERY HIGH SUSCEPTIBILITY. Main evidence: high static landslide susceptibility; high exposure to roads, settlements or infrastructure; elevated neighbouring-cell risk. Recommended response: prioritize location for detailed assessment; check nearby roads, settlements and infrastructure.",24.072700691121742,LOW,13.215996809055468,LOW,STABLE_LOW,LOW,23.62883145523344,NORMAL,UNREFERENCED,67.64592185876083,HIGH
634_1356,0.0010467983651226,LOW,97.76771956856705,EXTREME,18.342775203653023,LOW,SETTLEMENT,0.0,LOW,77.09541782474058,22.90458217525942,MODERATE,LOW SUSCEPTIBILITY,unstable terrain conditions,continue routine monitoring,LOW SUSCEPTIBILITY. Main evidence: unstable terrain conditions. Recommended response: continue routine monitoring.,24.072700691121742,LOW,13.215996809055468,LOW,STABLE_LOW,LOW,23.62883145523344,NORMAL,UNREFERENCED,24.75933618980406,LOW
635_505,0.9807557823129252,VERY_HIGH,64.53389830508475,HIGH,61.63271259713944,HIGH,TRANSPORT,93.1772460148069,EXTREME,89.78835624385358,10.211643756146415,HIGH,VERY HIGH SUSCEPTIBILITY,"high static landslide susceptibility; unstable terrain conditions; high exposure to roads, settlements or infrastructure; elevated neighbouring-cell risk","prioritize location for detailed assessment; check nearby roads, settlements and infrastructure","VERY HIGH SUSCEPTIBILITY. Main evidence: high static landslide susceptibility; unstable terrain conditions; high exposure to roads, settlements or infrastructure; elevated neighbouring-cell risk. Recommended response: prioritize location for detailed assessment; check nearby roads, settlements and infrastructure.",24.072700691121742,LOW,13.215996809055468,LOW,STABLE_LOW,LOW,23.62883145523344,NORMAL,UNREFERENCED,78.01069142526237,EXTREME
636_425,0.95627091503268,VERY_HIGH,77.61941448382126,EXTREME,83.05616309165056,VERY_HIGH,TRANSPORT,0.0,LOW,87.78504892092442,12.214951079075576,HIGH,VERY HIGH SUSCEPTIBILITY,"high static landslide susceptibility; unstable terrain conditions; high exposure to roads, settlements or infrastructure","prioritize location for detailed assessment; check nearby roads, settlements and infrastructure","VERY HIGH SUSCEPTIBILITY. Main evidence: high static landslide susceptibility; unstable terrain conditions; high exposure to roads, settlements or infrastructure. Recommended response: prioritize location for detailed assessment; check nearby roads, settlements and infrastructure.",24.072700691121742,LOW,13.215996809055468,LOW,STABLE_LOW,LOW,23.62883145523344,NORMAL,UNREFERENCED,73.42176860609462,HIGH
636_522,0.9696307029478456,VERY_HIGH,83.7442218798151,EXTREME,54.46408619319302,HIGH,TRANSPORT,0.0,LOW,88.8781224776198,11.121877522380204,HIGH,VERY HIGH SUSCEPTIBILITY,high static landslide susceptibility; unstable terrain conditions,prioritize location for detailed assessment,VERY HIGH SUSCEPTIBILITY. Main evidence: high static landslide susceptibility; unstable terrain conditions. Recommended response: prioritize location for detailed assessment.,24.072700691121742,LOW,13.215996809055468,LOW,STABLE_LOW,LOW,23.62883145523344,NORMAL,UNREFERENCED,70.9591090067072,HIGH
636_783,0.7971090269207918,VERY_HIGH,34.89214175654854,MODERATE,76.52770358887513,VERY_HIGH,TRANSPORT,0.0,LOW,74.76271262086085,25.237287379139147,MODERATE,VERY HIGH SUSCEPTIBILITY,"high static landslide susceptibility; high exposure to roads, settlements or infrastructure","prioritize location for detailed assessment; check nearby roads, settlements and infrastructure","VERY HIGH SUSCEPTIBILITY. Main evidence: high static landslide susceptibility; high exposure to roads, settlements or infrastructure. Recommended response: prioritize location for detailed assessment; check nearby roads, settlements and infrastructure.",24.072700691121742,LOW,13.215996809055468,LOW,STABLE_LOW,LOW,23.62883145523344,NORMAL,UNREFERENCED,56.734760170188785,HIGH
637_791,0.8846607655733473,VERY_HIGH,39.514637904468415,MODERATE,65.4499309970291,HIGH,TRANSPORT,0.0,LOW,81.92603669243357,18.07396330756643,HIGH,VERY HIGH SUSCEPTIBILITY,"high static landslide susceptibility; high exposure to roads, settlements or infrastructure","prioritize location for detailed assessment; check nearby roads, settlements and infrastructure","VERY HIGH SUSCEPTIBILITY. Main evidence: high static landslide susceptibility; high exposure to roads, settlements or infrastructure. Recommended response: prioritize location for detailed assessment; check nearby roads, settlements and infrastructure.",24.072700691121742,LOW,13.215996809055468,LOW,STABLE_LOW,LOW,23.62883145523344,NORMAL,UNREFERENCED,59.93742175036084,HIGH
638_800,0.9580521598112932,VERY_HIGH,58.03929121725732,HIGH,62.350406308269456,HIGH,TRANSPORT,97.59309563123496,EXTREME,87.9307871300837,12.0692128699163,HIGH,VERY HIGH SUSCEPTIBILITY,"high static landslide susceptibility; high exposure to roads, settlements or infrastructure; elevated neighbouring-cell risk","prioritize location for detailed assessment; check nearby roads, settlements and infrastructure","VERY HIGH SUSCEPTIBILITY. Main evidence: high static landslide susceptibility; high exposure to roads, settlements or infrastructure; elevated neighbouring-cell risk. Recommended response: prioritize location for detailed assessment; check nearby roads, settlements and infrastructure.",24.072700691121742,LOW,13.215996809055468,LOW,STABLE_LOW,LOW,23.62883145523344,NORMAL,UNREFERENCED,76.23934601343575,EXTREME
638_1057,0.8778471861471859,VERY_HIGH,80.03274268104776,EXTREME,57.12434969912602,HIGH,TRANSPORT,90.05936390217964,EXTREME,81.36856201211128,18.63143798788872,HIGH,VERY HIGH SUSCEPTIBILITY,high static landslide susceptibility; unstable terrain conditions; elevated neighbouring-cell risk,prioritize location for detailed assessment,VERY HIGH SUSCEPTIBILITY. Main evidence: high static landslide susceptibility; unstable terrain conditions; elevated neighbouring-cell risk. Recommended response: prioritize location for detailed assessment.,24.072700691121742,LOW,13.215996809055468,LOW,STABLE_LOW,LOW,23.62883145523344,NORMAL,UNREFERENCED,75.49153082703195,EXTREME
638_1523,0.0004622024055266,LOW,22.365177195685668,LOW,20.5621563061927,LOW,SETTLEMENT,0.0,LOW,83.14324840325298,16.856751596747017,HIGH,LOW SUSCEPTIBILITY,no major independent warning signal,continue routine monitoring,LOW SUSCEPTIBILITY. Main evidence: no major independent warning signal. Recommended response: continue routine monitoring.,24.072700691121742,LOW,13.215996809055468,LOW,STABLE_LOW,LOW,23.62883145523344,NORMAL,UNREFERENCED,9.98542806242691,LOW
639_392,0.2360948603683899,LOW,62.8177966101695,HIGH,57.48714393318277,HIGH,INFRASTRUCTURE,0.0,LOW,63.86421275174598,36.13578724825402,MODERATE,LOW SUSCEPTIBILITY,unstable terrain conditions,continue routine monitoring,LOW SUSCEPTIBILITY. Main evidence: unstable terrain conditions. Recommended response: continue routine monitoring.,24.072700691121742,LOW,13.215996809055468,LOW,STABLE_LOW,LOW,23.62883145523344,NORMAL,UNREFERENCED,34.218169697701036,MODERATE
639_1053,0.8579909128882806,VERY_HIGH,64.44915254237289,HIGH,63.203027459376,HIGH,TRANSPORT,90.67649597940184,EXTREME,79.74395783638266,20.256042163617337,MODERATE,VERY HIGH SUSCEPTIBILITY,"high static landslide susceptibility; unstable terrain conditions; high exposure to roads, settlements or infrastructure; elevated neighbouring-cell risk","prioritize location for detailed assessment; check nearby roads, settlements and infrastructure","VERY HIGH SUSCEPTIBILITY. Main evidence: high static landslide susceptibility; unstable terrain conditions; high exposure to roads, settlements or infrastructure; elevated neighbouring-cell risk. Recommended response: prioritize location for detailed assessment; check nearby roads, settlements and infrastructure.",24.072700691121742,LOW,13.215996809055468,LOW,STABLE_LOW,LOW,23.62883145523344,NORMAL,UNREFERENCED,72.45479537440596,HIGH
639_1151,0.1002211901624944,LOW,62.16294298921418,HIGH,47.24187826862331,MODERATE,TRANSPORT,0.0,LOW,74.98114940495562,25.018850595044384,MODERATE,LOW SUSCEPTIBILITY,unstable terrain conditions,continue routine monitoring,LOW SUSCEPTIBILITY. Main evidence: unstable terrain conditions. Recommended response: continue routine monitoring.,24.072700691121742,LOW,13.215996809055468,LOW,STABLE_LOW,LOW,23.62883145523344,NORMAL,UNREFERENCED,26.436093964560754,MODERATE
640_1048,0.8392068336021273,VERY_HIGH,54.302773497688754,HIGH,68.58930448590759,HIGH,TRANSPORT,90.05936390217964,EXTREME,78.20707862206103,21.792921377938967,MODERATE,VERY HIGH SUSCEPTIBILITY,"high static landslide susceptibility; high exposure to roads, settlements or infrastructure; elevated neighbouring-cell risk","prioritize location for detailed assessment; check nearby roads, settlements and infrastructure","VERY HIGH SUSCEPTIBILITY. Main evidence: high static landslide susceptibility; high exposure to roads, settlements or infrastructure; elevated neighbouring-cell risk. Recommended response: prioritize location for detailed assessment; check nearby roads, settlements and infrastructure.",24.072700691121742,LOW,13.215996809055468,LOW,STABLE_LOW,LOW,23.62883145523344,NORMAL,UNREFERENCED,70.32646434384975,HIGH
641_800,0.965615651874785,VERY_HIGH,63.659476117103246,HIGH,68.58210710181648,HIGH,TRANSPORT,97.06365118679052,EXTREME,88.54961829891484,11.450381701085163,HIGH,VERY HIGH SUSCEPTIBILITY,"high static landslide susceptibility; unstable terrain conditions; high exposure to roads, settlements or infrastructure; elevated neighbouring-cell risk","prioritize location for detailed assessment; check nearby roads, settlements and infrastructure","VERY HIGH SUSCEPTIBILITY. Main evidence: high static landslide susceptibility; unstable terrain conditions; high exposure to roads, settlements or infrastructure; elevated neighbouring-cell risk. Recommended response: prioritize location for detailed assessment; check nearby roads, settlements and infrastructure.",24.072700691121742,LOW,13.215996809055468,LOW,STABLE_LOW,LOW,23.62883145523344,NORMAL,UNREFERENCED,78.58555081084967,EXTREME
641_823,0.7146956537941016,HIGH,67.1822033898305,HIGH,57.80783088552229,HIGH,TRANSPORT,0.0,LOW,62.01980027413165,37.980199725868346,MODERATE,HIGH SUSCEPTIBILITY,high static landslide susceptibility; unstable terrain conditions,continue routine monitoring,HIGH SUSCEPTIBILITY. Main evidence: high static landslide susceptibility; unstable terrain conditions. Recommended response: continue routine monitoring.,24.072700691121742,LOW,13.215996809055468,LOW,STABLE_LOW,LOW,23.62883145523344,NORMAL,UNREFERENCED,56.6761898006412,HIGH
642_642,0.991331746031746,VERY_HIGH,83.22611710323574,EXTREME,62.08931758759493,HIGH,TRANSPORT,93.38636456462464,EXTREME,90.65366236630256,9.346337633697445,HIGH,VERY HIGH SUSCEPTIBILITY,"high static landslide susceptibility; unstable terrain conditions; high exposure to roads, settlements or infrastructure; elevated neighbouring-cell risk","prioritize location for detailed assessment; check nearby roads, settlements and infrastructure","VERY HIGH SUSCEPTIBILITY. Main evidence: high static landslide susceptibility; unstable terrain conditions; high exposure to roads, settlements or infrastructure; elevated neighbouring-cell risk. Recommended response: prioritize location for detailed assessment; check nearby roads, settlements and infrastructure.",24.072700691121742,LOW,13.215996809055468,LOW,STABLE_LOW,LOW,23.62883145523344,NORMAL,UNREFERENCED,82.3144561557896,EXTREME
642_646,0.9527779158826652,VERY_HIGH,56.22881355932204,HIGH,57.72807493987645,HIGH,TRANSPORT,94.18882634756474,EXTREME,87.49925808137777,12.500741918622223,HIGH,VERY HIGH SUSCEPTIBILITY,high static landslide susceptibility; elevated neighbouring-cell risk,prioritize location for detailed assessment,VERY HIGH SUSCEPTIBILITY. Main evidence: high static landslide susceptibility; elevated neighbouring-cell risk. Recommended response: prioritize location for detailed assessment.,24.072700691121742,LOW,13.215996809055468,LOW,STABLE_LOW,LOW,23.62883145523344,NORMAL,UNREFERENCED,74.60613287143445,HIGH
643_643,0.9817180555555558,VERY_HIGH,86.08050847457628,EXTREME,60.186523078415874,HIGH,TRANSPORT,93.80295781859289,EXTREME,89.86708769097791,10.132912309022087,HIGH,VERY HIGH SUSCEPTIBILITY,"high static landslide susceptibility; unstable terrain conditions; high exposure to roads, settlements or infrastructure; elevated neighbouring-cell risk","prioritize location for detailed assessment; check nearby roads, settlements and infrastructure","VERY HIGH SUSCEPTIBILITY. Main evidence: high static landslide susceptibility; unstable terrain conditions; high exposure to roads, settlements or infrastructure; elevated neighbouring-cell risk. Recommended response: prioritize location for detailed assessment; check nearby roads, settlements and infrastructure.",24.072700691121742,LOW,13.215996809055468,LOW,STABLE_LOW,LOW,23.62883145523344,NORMAL,UNREFERENCED,82.20895850764911,EXTREME
643_681,0.995712925170068,VERY_HIGH,77.37673343605547,EXTREME,57.49025141097485,HIGH,TRANSPORT,0.0,LOW,91.0121224776198,8.987877522380188,HIGH,VERY HIGH SUSCEPTIBILITY,high static landslide susceptibility; unstable terrain conditions,prioritize location for detailed assessment,VERY HIGH SUSCEPTIBILITY. Main evidence: high static landslide susceptibility; unstable terrain conditions. Recommended response: prioritize location for detailed assessment.,24.072700691121742,LOW,13.215996809055468,LOW,STABLE_LOW,LOW,23.62883145523344,NORMAL,UNREFERENCED,71.31323610062255,HIGH
644_509,0.9817396825396826,VERY_HIGH,70.27927580893683,HIGH,53.93165740476837,HIGH,TRANSPORT,98.71868888888888,EXTREME,89.86885717149735,10.131142828502648,HIGH,VERY HIGH SUSCEPTIBILITY,high static landslide susceptibility; unstable terrain conditions; elevated neighbouring-cell risk,prioritize location for detailed assessment,VERY HIGH SUSCEPTIBILITY. Main evidence: high static landslide susceptibility; unstable terrain conditions; elevated neighbouring-cell risk. Recommended response: prioritize location for detailed assessment.,24.072700691121742,LOW,13.215996809055468,LOW,STABLE_LOW,LOW,23.62883145523344,NORMAL,UNREFERENCED,78.6030284447894,EXTREME
644_1042,0.8276129870129866,VERY_HIGH,85.88790446841296,EXTREME,77.35671327571745,VERY_HIGH,INFRASTRUCTURE,0.0,LOW,77.2584911738586,22.7415088261414,MODERATE,VERY HIGH SUSCEPTIBILITY,"high static landslide susceptibility; unstable terrain conditions; high exposure to roads, settlements or infrastructure","prioritize location for detailed assessment; check nearby roads, settlements and infrastructure","VERY HIGH SUSCEPTIBILITY. Main evidence: high static landslide susceptibility; unstable terrain conditions; high exposure to roads, settlements or infrastructure. Recommended response: prioritize location for detailed assessment; check nearby roads, settlements and infrastructure.",24.072700691121742,LOW,13.215996809055468,LOW,STABLE_LOW,LOW,23.62883145523344,NORMAL,UNREFERENCED,68.43094236973678,HIGH
645_138,0.006129485237637,LOW,13.436055469953777,LOW,29.42371309459584,MODERATE,TRANSPORT,0.0,LOW,82.67956162608031,17.320438373919686,HIGH,LOW SUSCEPTIBILITY,no major independent warning signal,continue routine monitoring,LOW SUSCEPTIBILITY. Main evidence: no major independent warning signal. Recommended response: continue routine monitoring.,24.072700691121742,LOW,13.215996809055468,LOW,STABLE_LOW,LOW,23.62883145523344,NORMAL,UNREFERENCED,9.783864962985971,LOW
645_173,0.0717632850241545,LOW,39.59938366718028,MODERATE,43.67330768151371,MODERATE,TRANSPORT,0.0,LOW,77.30952346172889,22.690476538271117,MODERATE,LOW SUSCEPTIBILITY,no major independent warning signal,continue routine monitoring,LOW SUSCEPTIBILITY. Main evidence: no major independent warning signal. Recommended response: continue routine monitoring.,24.072700691121742,LOW,13.215996809055468,LOW,STABLE_LOW,LOW,23.62883145523344,NORMAL,UNREFERENCED,20.107490780862236,LOW
645_510,0.9816955555555557,VERY_HIGH,78.09129429892143,EXTREME,54.3789988509794,HIGH,TRANSPORT,98.7217777777778,EXTREME,89.86524678188698,10.13475321811302,HIGH,VERY HIGH SUSCEPTIBILITY,high static landslide susceptibility; unstable terrain conditions; elevated neighbouring-cell risk,prioritize location for detailed assessment,VERY HIGH SUSCEPTIBILITY. Main evidence: high static landslide susceptibility; unstable terrain conditions; elevated neighbouring-cell risk. Recommended response: prioritize location for detailed assessment.,24.072700691121742,LOW,13.215996809055468,LOW,STABLE_LOW,LOW,23.62883145523344,NORMAL,UNREFERENCED,80.23085653432115,EXTREME
645_637,0.5876225971654765,HIGH,67.39791987673343,HIGH,54.59598475992974,HIGH,TRANSPORT,72.74310221360376,HIGH,57.62291382269869,42.37708617730131,LOW,HIGH SUSCEPTIBILITY,high static landslide susceptibility; unstable terrain conditions; elevated neighbouring-cell risk,continue routine monitoring,HIGH SUSCEPTIBILITY. Main evidence: high static landslide susceptibility; unstable terrain conditions; elevated neighbouring-cell risk. Recommended response: continue routine monitoring.,24.072700691121742,LOW,13.215996809055468,LOW,STABLE_LOW,LOW,23.62883145523344,NORMAL,UNREFERENCED,57.79357885225515,HIGH
645_642,0.6106157459086252,HIGH,64.66101694915255,HIGH,54.31924745420245,HIGH,TRANSPORT,94.87445552730682,EXTREME,59.50417144713813,40.495828552861866,LOW,HIGH SUSCEPTIBILITY,high static landslide susceptibility; unstable terrain conditions; elevated neighbouring-cell risk,continue routine monitoring,HIGH SUSCEPTIBILITY. Main evidence: high static landslide susceptibility; unstable terrain conditions; elevated neighbouring-cell risk. Recommended response: continue routine monitoring.,24.072700691121742,LOW,13.215996809055468,LOW,STABLE_LOW,LOW,23.62883145523344,NORMAL,UNREFERENCED,60.45251469569187,HIGH
645_1029,0.8623609328579911,VERY_HIGH,49.25654853620956,MODERATE,75.17016718141389,VERY_HIGH,TRANSPORT,89.30181141516434,EXTREME,80.10150492481353,19.898495075186474,HIGH,VERY HIGH SUSCEPTIBILITY,"high static landslide susceptibility; high exposure to roads, settlements or infrastructure; elevated neighbouring-cell risk","prioritize location for detailed assessment; check nearby roads, settlements and infrastructure","VERY HIGH SUSCEPTIBILITY. Main evidence: high static landslide susceptibility; high exposure to roads, settlements or infrastructure; elevated neighbouring-cell risk. Recommended response: prioritize location for detailed assessment; check nearby roads, settlements and infrastructure.",24.072700691121742,LOW,13.215996809055468,LOW,STABLE_LOW,LOW,23.62883145523344,NORMAL,UNREFERENCED,71.2705279736922,HIGH
645_1032,0.8685547534165182,VERY_HIGH,72.85824345146379,HIGH,81.24066294933809,VERY_HIGH,TRANSPORT,89.21922714105064,EXTREME,80.60827206142028,19.39172793857972,HIGH,VERY HIGH SUSCEPTIBILITY,"high static landslide susceptibility; unstable terrain conditions; high exposure to roads, settlements or infrastructure; elevated neighbouring-cell risk","prioritize location for detailed assessment; check nearby roads, settlements and infrastructure","VERY HIGH SUSCEPTIBILITY. Main evidence: high static landslide susceptibility; unstable terrain conditions; high exposure to roads, settlements or infrastructure; elevated neighbouring-cell risk. Recommended response: prioritize location for detailed assessment; check nearby roads, settlements and infrastructure.",24.072700691121742,LOW,13.215996809055468,LOW,STABLE_LOW,LOW,23.62883145523344,NORMAL,UNREFERENCED,77.17190481965403,EXTREME
647_542,0.983301668817008,VERY_HIGH,38.954160246533135,MODERATE,64.74969801405213,HIGH,TRANSPORT,0.0,LOW,89.99665604873309,10.003343951266912,HIGH,VERY HIGH SUSCEPTIBILITY,"high static landslide susceptibility; high exposure to roads, settlements or infrastructure","prioritize location for detailed assessment; check nearby roads, settlements and infrastructure","VERY HIGH SUSCEPTIBILITY. Main evidence: high static landslide susceptibility; high exposure to roads, settlements or infrastructure. Recommended response: prioritize location for detailed assessment; check nearby roads, settlements and infrastructure.",24.072700691121742,LOW,13.215996809055468,LOW,STABLE_LOW,LOW,23.62883145523344,NORMAL,UNREFERENCED,64.15913191729199,HIGH
647_1034,0.7497029663147308,HIGH,51.76040061633282,HIGH,80.94515686310551,VERY_HIGH,INFRASTRUCTURE,90.80391763574112,EXTREME,70.8840349349104,29.1159650650896,MODERATE,HIGH SUSCEPTIBILITY,"high static landslide susceptibility; high exposure to roads, settlements or infrastructure; elevated neighbouring-cell risk","check nearby roads, settlements and infrastructure","HIGH SUSCEPTIBILITY. Main evidence: high static landslide susceptibility; high exposure to roads, settlements or infrastructure; elevated neighbouring-cell risk. Recommended response: check nearby roads, settlements and infrastructure.",24.072700691121742,LOW,13.215996809055468,LOW,STABLE_LOW,LOW,23.62883145523344,NORMAL,UNREFERENCED,67.71814896958156,HIGH
648_1030,0.8705778881249464,VERY_HIGH,55.20608628659476,HIGH,75.53926084611804,VERY_HIGH,TRANSPORT,89.13155797035208,EXTREME,80.77380126483713,19.226198735162868,HIGH,VERY HIGH SUSCEPTIBILITY,"high static landslide susceptibility; high exposure to roads, settlements or infrastructure; elevated neighbouring-cell risk","prioritize location for detailed assessment; check nearby roads, settlements and infrastructure","VERY HIGH SUSCEPTIBILITY. Main evidence: high static landslide susceptibility; high exposure to roads, settlements or infrastructure; elevated neighbouring-cell risk. Recommended response: prioritize location for detailed assessment; check nearby roads, settlements and infrastructure.",24.072700691121742,LOW,13.215996809055468,LOW,STABLE_LOW,LOW,23.62883145523344,NORMAL,UNREFERENCED,72.86853721600663,HIGH
649_1368,0.0004217983651226,LOW,93.91563944530046,EXTREME,21.618883061792488,LOW,SETTLEMENT,0.0,LOW,77.14655418837694,22.85344581162306,MODERATE,LOW SUSCEPTIBILITY,unstable terrain conditions,continue routine monitoring,LOW SUSCEPTIBILITY. Main evidence: unstable terrain conditions. Recommended response: continue routine monitoring.,24.072700691121742,LOW,13.215996809055468,LOW,STABLE_LOW,LOW,23.62883145523344,NORMAL,UNREFERENCED,24.452211343871653,LOW
650_513,0.99425,VERY_HIGH,70.87827426810478,HIGH,54.8802892998295,HIGH,TRANSPORT,99.32769470608756,EXTREME,90.89242860006878,9.107571399931215,HIGH,VERY HIGH SUSCEPTIBILITY,high static landslide susceptibility; unstable terrain conditions; elevated neighbouring-cell risk,prioritize location for detailed assessment,VERY HIGH SUSCEPTIBILITY. Main evidence: high static landslide susceptibility; unstable terrain conditions; elevated neighbouring-cell risk. Recommended response: prioritize location for detailed assessment.,24.072700691121742,LOW,13.215996809055468,LOW,STABLE_LOW,LOW,23.62883145523344,NORMAL,UNREFERENCED,79.48898778831631,EXTREME
650_1051,0.0550428797502694,LOW,65.2022342064715,HIGH,41.71107372457523,MODERATE,INFRASTRUCTURE,0.0,LOW,78.67755662050129,21.322443379498708,MODERATE,LOW SUSCEPTIBILITY,unstable terrain conditions,continue routine monitoring,LOW SUSCEPTIBILITY. Main evidence: unstable terrain conditions. Recommended response: continue routine monitoring.,24.072700691121742,LOW,13.215996809055468,LOW,STABLE_LOW,LOW,23.62883145523344,NORMAL,UNREFERENCED,24.181307557854886,LOW
651_1624,2.1798365122615804e-05,LOW,37.532742681047765,MODERATE,21.644856552062976,LOW,SETTLEMENT,0.0,LOW,83.17928146110421,16.82071853889579,HIGH,LOW SUSCEPTIBILITY,no major independent warning signal,continue routine monitoring,LOW SUSCEPTIBILITY. Main evidence: no major independent warning signal. Recommended response: continue routine monitoring.,24.072700691121742,LOW,13.215996809055468,LOW,STABLE_LOW,LOW,23.62883145523344,NORMAL,UNREFERENCED,13.161528014561691,LOW
652_418,0.2822350236279028,MODERATE,83.12403697996919,EXTREME,54.85149971602663,HIGH,TRANSPORT,0.0,LOW,60.089108485058574,39.91089151494143,MODERATE,MODERATE SUSCEPTIBILITY,unstable terrain conditions,continue routine monitoring,MODERATE SUSCEPTIBILITY. Main evidence: unstable terrain conditions. Recommended response: continue routine monitoring.,24.072700691121742,LOW,13.215996809055468,LOW,STABLE_LOW,LOW,23.62883145523344,NORMAL,UNREFERENCED,39.96037848576563,MODERATE
652_515,0.9935583333333332,VERY_HIGH,68.46494607087828,HIGH,55.28084094573986,HIGH,TRANSPORT,99.36227803942089,EXTREME,90.83583769097788,9.164162309022132,HIGH,VERY HIGH SUSCEPTIBILITY,high static landslide susceptibility; unstable terrain conditions; elevated neighbouring-cell risk,prioritize location for detailed assessment,VERY HIGH SUSCEPTIBILITY. Main evidence: high static landslide susceptibility; unstable terrain conditions; elevated neighbouring-cell risk. Recommended response: prioritize location for detailed assessment.,24.072700691121742,LOW,13.215996809055468,LOW,STABLE_LOW,LOW,23.62883145523344,NORMAL,UNREFERENCED,79.0387382290909,EXTREME
652_1018,0.8569548422166068,VERY_HIGH,82.39984591679507,EXTREME,70.83921360616816,HIGH,TRANSPORT,0.0,LOW,79.65918841779117,20.34081158220883,MODERATE,VERY HIGH SUSCEPTIBILITY,"high static landslide susceptibility; unstable terrain conditions; high exposure to roads, settlements or infrastructure","prioritize location for detailed assessment; check nearby roads, settlements and infrastructure","VERY HIGH SUSCEPTIBILITY. Main evidence: high static landslide susceptibility; unstable terrain conditions; high exposure to roads, settlements or infrastructure. Recommended response: prioritize location for detailed assessment; check nearby roads, settlements and infrastructure.",24.072700691121742,LOW,13.215996809055468,LOW,STABLE_LOW,LOW,23.62883145523344,NORMAL,UNREFERENCED,68.07608919314372,HIGH
654_952,0.0006884650317892,LOW,50.02696456086287,HIGH,18.95855690641333,LOW,INFRASTRUCTURE,0.0,LOW,83.12473600655878,16.875263993441223,HIGH,LOW SUSCEPTIBILITY,no major independent warning signal,continue routine monitoring,LOW SUSCEPTIBILITY. Main evidence: no major independent warning signal. Recommended response: continue routine monitoring.,24.072700691121742,LOW,13.215996809055468,LOW,STABLE_LOW,LOW,23.62883145523344,NORMAL,UNREFERENCED,15.287427443677263,LOW
655_512,0.9824889019710448,VERY_HIGH,72.09167950693374,HIGH,53.688597158618165,HIGH,TRANSPORT,99.58366666666666,EXTREME,89.93015694315429,10.069843056845713,HIGH,VERY HIGH SUSCEPTIBILITY,high static landslide susceptibility; unstable terrain conditions; elevated neighbouring-cell risk,prioritize location for detailed assessment,VERY HIGH SUSCEPTIBILITY. Main evidence: high static landslide susceptibility; unstable terrain conditions; elevated neighbouring-cell risk. Recommended response: prioritize location for detailed assessment.,24.072700691121742,LOW,13.215996809055468,LOW,STABLE_LOW,LOW,23.62883145523344,NORMAL,UNREFERENCED,79.04926279965532,EXTREME
655_1178,0.0061702832136074,LOW,36.47342064714947,MODERATE,28.853407026136374,MODERATE,SETTLEMENT,0.0,LOW,82.67622360986455,17.32377639013545,HIGH,LOW SUSCEPTIBILITY,no major independent warning signal,continue routine monitoring,LOW SUSCEPTIBILITY. Main evidence: no major independent warning signal. Recommended response: continue routine monitoring.,24.072700691121742,LOW,13.215996809055468,LOW,STABLE_LOW,LOW,23.62883145523344,NORMAL,UNREFERENCED,14.307627997074857,LOW
656_324,0.4112890735741796,MODERATE,39.41640986132512,MODERATE,51.52134911497994,HIGH,TRANSPORT,0.0,LOW,49.530140762181375,50.46985923781863,LOW,MODERATE SUSCEPTIBILITY,no major independent warning signal,continue routine monitoring,MODERATE SUSCEPTIBILITY. Main evidence: no major independent warning signal. Recommended response: continue routine monitoring.,24.072700691121742,LOW,13.215996809055468,LOW,STABLE_LOW,LOW,23.62883145523344,NORMAL,UNREFERENCED,36.52676271946227,MODERATE
656_1008,0.916316883116883,VERY_HIGH,78.93682588597844,EXTREME,57.42774943619406,HIGH,TRANSPORT,92.40743777056277,EXTREME,84.5160826732683,15.4839173267317,HIGH,VERY HIGH SUSCEPTIBILITY,high static landslide susceptibility; unstable terrain conditions; elevated neighbouring-cell risk,prioritize location for detailed assessment,VERY HIGH SUSCEPTIBILITY. Main evidence: high static landslide susceptibility; unstable terrain conditions; elevated neighbouring-cell risk. Recommended response: prioritize location for detailed assessment.,24.072700691121742,LOW,13.215996809055468,LOW,STABLE_LOW,LOW,23.62883145523344,NORMAL,UNREFERENCED,77.28380117905299,EXTREME
657_85,0.0453717171717171,LOW,7.328582434514638,LOW,69.08972727318667,HIGH,SETTLEMENT,0.0,LOW,79.46883355874648,20.53116644125352,MODERATE,LOW SUSCEPTIBILITY,"high exposure to roads, settlements or infrastructure","check nearby roads, settlements and infrastructure","LOW SUSCEPTIBILITY. Main evidence: high exposure to roads, settlements or infrastructure. Recommended response: check nearby roads, settlements and infrastructure.",24.072700691121742,LOW,13.215996809055468,LOW,STABLE_LOW,LOW,23.62883145523344,NORMAL,UNREFERENCED,16.27817291972037,LOW
657_1007,0.8912031926406927,VERY_HIGH,75.22727272727273,EXTREME,55.16485034435116,HIGH,TRANSPORT,94.39048804150931,EXTREME,82.46132617976184,17.53867382023816,HIGH,VERY HIGH SUSCEPTIBILITY,high static landslide susceptibility; unstable terrain conditions; elevated neighbouring-cell risk,prioritize location for detailed assessment,VERY HIGH SUSCEPTIBILITY. Main evidence: high static landslide susceptibility; unstable terrain conditions; elevated neighbouring-cell risk. Recommended response: prioritize location for detailed assessment.,24.072700691121742,LOW,13.215996809055468,LOW,STABLE_LOW,LOW,23.62883145523344,NORMAL,UNREFERENCED,75.27064463920149,EXTREME
658_575,0.9418474488632664,VERY_HIGH,38.40331278890601,MODERATE,66.38396417020245,HIGH,TRANSPORT,94.5348719100605,EXTREME,86.60494714342695,13.395052856573043,HIGH,VERY HIGH SUSCEPTIBILITY,"high static landslide susceptibility; high exposure to roads, settlements or infrastructure; elevated neighbouring-cell risk","prioritize location for detailed assessment; check nearby roads, settlements and infrastructure","VERY HIGH SUSCEPTIBILITY. Main evidence: high static landslide susceptibility; high exposure to roads, settlements or infrastructure; elevated neighbouring-cell risk. Recommended response: prioritize location for detailed assessment; check nearby roads, settlements and infrastructure.",24.072700691121742,LOW,13.215996809055468,LOW,STABLE_LOW,LOW,23.62883145523344,NORMAL,UNREFERENCED,71.88214964227679,HIGH
659_576,0.7803795952132161,VERY_HIGH,22.596302003081668,LOW,67.97954166498572,HIGH,TRANSPORT,96.68777662539448,EXTREME,73.39394093569557,26.606059064304432,MODERATE,VERY HIGH SUSCEPTIBILITY,"high static landslide susceptibility; high exposure to roads, settlements or infrastructure; elevated neighbouring-cell risk","prioritize location for detailed assessment; check nearby roads, settlements and infrastructure","VERY HIGH SUSCEPTIBILITY. Main evidence: high static landslide susceptibility; high exposure to roads, settlements or infrastructure; elevated neighbouring-cell risk. Recommended response: prioritize location for detailed assessment; check nearby roads, settlements and infrastructure.",24.072700691121742,LOW,13.215996809055468,LOW,STABLE_LOW,LOW,23.62883145523344,NORMAL,UNREFERENCED,61.90932116661053,HIGH
659_1047,0.0216900238991015,LOW,43.00269645608629,MODERATE,31.149313188947957,MODERATE,INFRASTRUCTURE,0.0,LOW,81.40642664468777,18.59357335531223,HIGH,LOW SUSCEPTIBILITY,no major independent warning signal,continue routine monitoring,LOW SUSCEPTIBILITY. Main evidence: no major independent warning signal. Recommended response: continue routine monitoring.,24.072700691121742,LOW,13.215996809055468,LOW,STABLE_LOW,LOW,23.62883145523344,NORMAL,UNREFERENCED,16.65625741413119,LOW
660_520,0.5832368934705146,HIGH,12.99306625577812,LOW,55.12587896717105,HIGH,TRANSPORT,92.27255801226764,EXTREME,57.26408352038362,42.73591647961638,LOW,HIGH SUSCEPTIBILITY,high static landslide susceptibility; elevated neighbouring-cell risk,continue routine monitoring,HIGH SUSCEPTIBILITY. Main evidence: high static landslide susceptibility; elevated neighbouring-cell risk. Recommended response: continue routine monitoring.,24.072700691121742,LOW,13.215996809055468,LOW,STABLE_LOW,LOW,23.62883145523344,NORMAL,UNREFERENCED,48.74768117274337,MODERATE
660_577,0.9700613756613756,VERY_HIGH,50.58551617873652,HIGH,70.68098735885307,HIGH,TRANSPORT,93.31226841547576,EXTREME,88.91335933599953,11.08664066400047,HIGH,VERY HIGH SUSCEPTIBILITY,"high static landslide susceptibility; high exposure to roads, settlements or infrastructure; elevated neighbouring-cell risk","prioritize location for detailed assessment; check nearby roads, settlements and infrastructure","VERY HIGH SUSCEPTIBILITY. Main evidence: high static landslide susceptibility; high exposure to roads, settlements or infrastructure; elevated neighbouring-cell risk. Recommended response: prioritize location for detailed assessment; check nearby roads, settlements and infrastructure.",24.072700691121742,LOW,13.215996809055468,LOW,STABLE_LOW,LOW,23.62883145523344,NORMAL,UNREFERENCED,76.11051015499692,EXTREME
660_681,0.062731233133253,LOW,30.93990755007704,MODERATE,50.63040888522511,HIGH,TRANSPORT,0.0,LOW,78.04850952552991,21.95149047447009,MODERATE,LOW SUSCEPTIBILITY,no major independent warning signal,continue routine monitoring,LOW SUSCEPTIBILITY. Main evidence: no major independent warning signal. Recommended response: continue routine monitoring.,24.072700691121742,LOW,13.215996809055468,LOW,STABLE_LOW,LOW,23.62883145523344,NORMAL,UNREFERENCED,19.01271840290773,LOW
660_1004,0.8916674783549784,VERY_HIGH,87.74075500770417,EXTREME,53.49307720974548,HIGH,TRANSPORT,94.38429756531886,EXTREME,82.49931319274884,17.500686807251157,HIGH,VERY HIGH SUSCEPTIBILITY,high static landslide susceptibility; unstable terrain conditions; elevated neighbouring-cell risk,prioritize location for detailed assessment,VERY HIGH SUSCEPTIBILITY. Main evidence: high static landslide susceptibility; unstable terrain conditions; elevated neighbouring-cell risk. Recommended response: prioritize location for detailed assessment.,24.072700691121742,LOW,13.215996809055468,LOW,STABLE_LOW,LOW,23.62883145523344,NORMAL,UNREFERENCED,77.54284893462074,EXTREME
661_579,0.9070363271418505,VERY_HIGH,34.58782742681048,MODERATE,67.32136010692773,HIGH,INFRASTRUCTURE,94.99902019967938,EXTREME,83.7567644571293,16.243235542870707,HIGH,VERY HIGH SUSCEPTIBILITY,"high static landslide susceptibility; high exposure to roads, settlements or infrastructure; elevated neighbouring-cell risk","prioritize location for detailed assessment; check nearby roads, settlements and infrastructure","VERY HIGH SUSCEPTIBILITY. Main evidence: high static landslide susceptibility; high exposure to roads, settlements or infrastructure; elevated neighbouring-cell risk. Recommended response: prioritize location for detailed assessment; check nearby roads, settlements and infrastructure.",24.072700691121742,LOW,13.215996809055468,LOW,STABLE_LOW,LOW,23.62883145523344,NORMAL,UNREFERENCED,69.73957631186464,HIGH
661_798,0.9432456991115594,VERY_HIGH,49.809322033898304,MODERATE,52.67270629734095,HIGH,TRANSPORT,89.97038251860397,EXTREME,86.71934943646912,13.280650563530884,HIGH,VERY HIGH SUSCEPTIBILITY,high static landslide susceptibility; elevated neighbouring-cell risk,prioritize location for detailed assessment,VERY HIGH SUSCEPTIBILITY. Main evidence: high static landslide susceptibility; elevated neighbouring-cell risk. Recommended response: prioritize location for detailed assessment.,24.072700691121742,LOW,13.215996809055468,LOW,STABLE_LOW,LOW,23.62883145523344,NORMAL,UNREFERENCED,71.71313513237355,HIGH
661_1004,0.9296314589665656,VERY_HIGH,57.24576271186441,HIGH,55.074575967861335,HIGH,TRANSPORT,95.24903774911166,EXTREME,85.60545706096961,14.394542939030387,HIGH,VERY HIGH SUSCEPTIBILITY,high static landslide susceptibility; elevated neighbouring-cell risk,prioritize location for detailed assessment,VERY HIGH SUSCEPTIBILITY. Main evidence: high static landslide susceptibility; elevated neighbouring-cell risk. Recommended response: prioritize location for detailed assessment.,24.072700691121742,LOW,13.215996809055468,LOW,STABLE_LOW,LOW,23.62883145523344,NORMAL,UNREFERENCED,73.47592843507087,HIGH
661_1267,0.0043002365935608,LOW,65.3582434514638,HIGH,30.310006473371192,MODERATE,TRANSPORT,0.0,LOW,82.829227424232,17.170772575767998,HIGH,LOW SUSCEPTIBILITY,unstable terrain conditions,continue routine monitoring,LOW SUSCEPTIBILITY. Main evidence: unstable terrain conditions. Recommended response: continue routine monitoring.,24.072700691121742,LOW,13.215996809055468,LOW,STABLE_LOW,LOW,23.62883145523344,NORMAL,UNREFERENCED,20.21893037712085,LOW
662_496,0.018709450821997,LOW,68.83474576271188,HIGH,32.95682585831717,MODERATE,TRANSPORT,0.0,LOW,81.65029171463269,18.349708285367317,HIGH,LOW SUSCEPTIBILITY,unstable terrain conditions,continue routine monitoring,LOW SUSCEPTIBILITY. Main evidence: unstable terrain conditions. Recommended response: continue routine monitoring.,24.072700691121742,LOW,13.215996809055468,LOW,STABLE_LOW,LOW,23.62883145523344,NORMAL,UNREFERENCED,21.959668387391986,LOW
662_798,0.9580248193960368,VERY_HIGH,46.06702619414484,MODERATE,53.49787726822427,HIGH,TRANSPORT,89.32995397294329,EXTREME,87.92855018701727,12.071449812982737,HIGH,VERY HIGH SUSCEPTIBILITY,high static landslide susceptibility; elevated neighbouring-cell risk,prioritize location for detailed assessment,VERY HIGH SUSCEPTIBILITY. Main evidence: high static landslide susceptibility; elevated neighbouring-cell risk. Recommended response: prioritize location for detailed assessment.,24.072700691121742,LOW,13.215996809055468,LOW,STABLE_LOW,LOW,23.62883145523344,NORMAL,UNREFERENCED,71.68946916829077,HIGH
663_192,0.1982892496392496,LOW,77.50770416024653,EXTREME,45.00153792111056,MODERATE,TRANSPORT,68.22938134119967,HIGH,66.95739908413019,33.04260091586981,MODERATE,LOW SUSCEPTIBILITY,unstable terrain conditions; elevated neighbouring-cell risk,continue routine monitoring,LOW SUSCEPTIBILITY. Main evidence: unstable terrain conditions; elevated neighbouring-cell risk. Recommended response: continue routine monitoring.,24.072700691121742,LOW,13.215996809055468,LOW,STABLE_LOW,LOW,23.62883145523344,NORMAL,UNREFERENCED,40.40499595721427,MODERATE
663_798,0.9033411912747452,VERY_HIGH,38.36286594761171,MODERATE,54.0279309305982,HIGH,TRANSPORT,90.50244262309482,EXTREME,83.4544351589116,16.545564841088407,HIGH,VERY HIGH SUSCEPTIBILITY,high static landslide susceptibility; elevated neighbouring-cell risk,prioritize location for detailed assessment,VERY HIGH SUSCEPTIBILITY. Main evidence: high static landslide susceptibility; elevated neighbouring-cell risk. Recommended response: prioritize location for detailed assessment.,24.072700691121742,LOW,13.215996809055468,LOW,STABLE_LOW,LOW,23.62883145523344,NORMAL,UNREFERENCED,67.88463076789726,HIGH
664_436,0.9533429756751186,VERY_HIGH,50.57973805855162,HIGH,55.60311131725392,HIGH,TRANSPORT,92.91653180354264,EXTREME,87.54549024621485,12.454509753785146,HIGH,VERY HIGH SUSCEPTIBILITY,high static landslide susceptibility; elevated neighbouring-cell risk,prioritize location for detailed assessment,VERY HIGH SUSCEPTIBILITY. Main evidence: high static landslide susceptibility; elevated neighbouring-cell risk. Recommended response: prioritize location for detailed assessment.,24.072700691121742,LOW,13.215996809055468,LOW,STABLE_LOW,LOW,23.62883145523344,NORMAL,UNREFERENCED,73.05577146414518,HIGH
664_518,0.8896079716038232,VERY_HIGH,34.585901386748844,MODERATE,51.99345382487277,HIGH,TRANSPORT,70.82658254293602,HIGH,82.33080809492705,17.66919190507295,HIGH,VERY HIGH SUSCEPTIBILITY,high static landslide susceptibility; elevated neighbouring-cell risk,prioritize location for detailed assessment,VERY HIGH SUSCEPTIBILITY. Main evidence: high static landslide susceptibility; elevated neighbouring-cell risk. Recommended response: prioritize location for detailed assessment.,24.072700691121742,LOW,13.215996809055468,LOW,STABLE_LOW,LOW,23.62883145523344,NORMAL,UNREFERENCED,64.23848539665852,HIGH
664_552,0.5265509768009766,HIGH,33.92334360554699,MODERATE,91.48901492358992,VERY_HIGH,TRANSPORT,0.0,LOW,52.62614488378506,47.37385511621494,LOW,HIGH SUSCEPTIBILITY,"high static landslide susceptibility; high exposure to roads, settlements or infrastructure","check nearby roads, settlements and infrastructure","HIGH SUSCEPTIBILITY. Main evidence: high static landslide susceptibility; high exposure to roads, settlements or infrastructure. Recommended response: check nearby roads, settlements and infrastructure.",24.072700691121742,LOW,13.215996809055468,LOW,STABLE_LOW,LOW,23.62883145523344,NORMAL,UNREFERENCED,46.610084984804004,MODERATE
665_191,0.5461340191599953,HIGH,27.4075500770416,MODERATE,50.95760310920623,HIGH,TRANSPORT,13.880247474747472,LOW,54.2283938040684,45.7716061959316,LOW,HIGH SUSCEPTIBILITY,high static landslide susceptibility,continue routine monitoring,HIGH SUSCEPTIBILITY. Main evidence: high static landslide susceptibility. Recommended response: continue routine monitoring.,24.072700691121742,LOW,13.215996809055468,LOW,STABLE_LOW,LOW,23.62883145523344,NORMAL,UNREFERENCED,41.49647616057596,MODERATE
665_436,0.8988075971934665,VERY_HIGH,24.853620955315872,LOW,55.028634495935336,HIGH,TRANSPORT,96.7340082972583,EXTREME,83.08350473407968,16.916495265920318,HIGH,VERY HIGH SUSCEPTIBILITY,high static landslide susceptibility; elevated neighbouring-cell risk,prioritize location for detailed assessment,VERY HIGH SUSCEPTIBILITY. Main evidence: high static landslide susceptibility; elevated neighbouring-cell risk. Recommended response: prioritize location for detailed assessment.,24.072700691121742,LOW,13.215996809055468,LOW,STABLE_LOW,LOW,23.62883145523344,NORMAL,UNREFERENCED,65.75203213799747,HIGH
665_797,0.4808568345834327,MODERATE,42.877503852080125,MODERATE,46.71182171098836,MODERATE,TRANSPORT,96.135567378979,EXTREME,48.8875332478042,51.1124667521958,LOW,MODERATE SUSCEPTIBILITY,elevated neighbouring-cell risk,continue routine monitoring,MODERATE SUSCEPTIBILITY. Main evidence: elevated neighbouring-cell risk. Recommended response: continue routine monitoring.,24.072700691121742,LOW,13.215996809055468,LOW,STABLE_LOW,LOW,23.62883145523344,NORMAL,UNREFERENCED,49.24165839032882,MODERATE
665_1000,0.9571714339039088,VERY_HIGH,63.942604006163336,HIGH,53.405076274552165,HIGH,TRANSPORT,95.0742021276596,EXTREME,87.85872773766133,12.141272262338674,HIGH,VERY HIGH SUSCEPTIBILITY,high static landslide susceptibility; unstable terrain conditions; elevated neighbouring-cell risk,prioritize location for detailed assessment,VERY HIGH SUSCEPTIBILITY. Main evidence: high static landslide susceptibility; unstable terrain conditions; elevated neighbouring-cell risk. Recommended response: prioritize location for detailed assessment.,24.072700691121742,LOW,13.215996809055468,LOW,STABLE_LOW,LOW,23.62883145523344,NORMAL,UNREFERENCED,75.78668704996953,EXTREME
666_786,0.0351980730372934,LOW,61.54661016949153,HIGH,29.024878867676605,MODERATE,SETTLEMENT,0.0,LOW,80.30122262429025,19.698777375709756,HIGH,LOW SUSCEPTIBILITY,unstable terrain conditions,continue routine monitoring,LOW SUSCEPTIBILITY. Main evidence: unstable terrain conditions. Recommended response: continue routine monitoring.,24.072700691121742,LOW,13.215996809055468,LOW,STABLE_LOW,LOW,23.62883145523344,NORMAL,UNREFERENCED,20.654237219840176,LOW
666_1210,0.0033201826292603,LOW,42.28428351309707,MODERATE,30.25652134816269,MODERATE,TRANSPORT,0.0,LOW,82.90941365767478,17.090586342325224,HIGH,LOW SUSCEPTIBILITY,no major independent warning signal,continue routine monitoring,LOW SUSCEPTIBILITY. Main evidence: no major independent warning signal. Recommended response: continue routine monitoring.,24.072700691121742,LOW,13.215996809055468,LOW,STABLE_LOW,LOW,23.62883145523344,NORMAL,UNREFERENCED,15.552013192272705,LOW
667_826,0.98733658286503,VERY_HIGH,88.12018489984592,EXTREME,57.02999909816747,HIGH,TRANSPORT,0.0,LOW,90.32678537993488,9.67321462006511,HIGH,VERY HIGH SUSCEPTIBILITY,high static landslide susceptibility; unstable terrain conditions,prioritize location for detailed assessment,VERY HIGH SUSCEPTIBILITY. Main evidence: high static landslide susceptibility; unstable terrain conditions. Recommended response: prioritize location for detailed assessment.,24.072700691121742,LOW,13.215996809055468,LOW,STABLE_LOW,LOW,23.62883145523344,NORMAL,UNREFERENCED,73.01595314273283,HIGH
668_1439,0.006757988841313,LOW,73.9060092449923,HIGH,30.55802304644515,MODERATE,SETTLEMENT,0.0,LOW,82.62813860396136,17.37186139603864,HIGH,LOW SUSCEPTIBILITY,unstable terrain conditions,continue routine monitoring,LOW SUSCEPTIBILITY. Main evidence: unstable terrain conditions. Recommended response: continue routine monitoring.,24.072700691121742,LOW,13.215996809055468,LOW,STABLE_LOW,LOW,23.62883145523344,NORMAL,UNREFERENCED,22.076284872936498,LOW
670_680,0.841540278114938,VERY_HIGH,44.38366718027735,MODERATE,74.27780252782743,HIGH,TRANSPORT,0.0,LOW,78.39799680947282,21.602003190527185,MODERATE,VERY HIGH SUSCEPTIBILITY,"high static landslide susceptibility; high exposure to roads, settlements or infrastructure","prioritize location for detailed assessment; check nearby roads, settlements and infrastructure","VERY HIGH SUSCEPTIBILITY. Main evidence: high static landslide susceptibility; high exposure to roads, settlements or infrastructure. Recommended response: prioritize location for detailed assessment; check nearby roads, settlements and infrastructure.",24.072700691121742,LOW,13.215996809055468,LOW,STABLE_LOW,LOW,23.62883145523344,NORMAL,UNREFERENCED,60.294986399513974,HIGH
670_1073,8.959497529210732e-05,LOW,50.9553158705701,HIGH,21.88829478787777,LOW,INFRASTRUCTURE,0.0,LOW,83.17373446572671,16.82626553427329,HIGH,LOW SUSCEPTIBILITY,no major independent warning signal,continue routine monitoring,LOW SUSCEPTIBILITY. Main evidence: no major independent warning signal. Recommended response: continue routine monitoring.,24.072700691121742,LOW,13.215996809055468,LOW,STABLE_LOW,LOW,23.62883145523344,NORMAL,UNREFERENCED,15.885609235296004,LOW
674_841,0.8723540964590963,VERY_HIGH,75.39676425269646,EXTREME,55.22268598279155,HIGH,TRANSPORT,96.497114555308,EXTREME,74.91912740126759,25.08087259873241,MODERATE,VERY HIGH SUSCEPTIBILITY,high static landslide susceptibility; unstable terrain conditions; elevated neighbouring-cell risk,prioritize location for detailed assessment,VERY HIGH SUSCEPTIBILITY. Main evidence: high static landslide susceptibility; unstable terrain conditions; elevated neighbouring-cell risk. Recommended response: prioritize location for detailed assessment.,24.072700691121742,LOW,13.215996809055468,LOW,STABLE_LOW,LOW,23.62883145523344,NORMAL,UNREFERENCED,74.67567161326033,HIGH
675_428,0.0127558660172603,LOW,29.11209553158705,MODERATE,28.305398650655228,MODERATE,TRANSPORT,0.0,LOW,82.13740319865659,17.862596801343415,HIGH,LOW SUSCEPTIBILITY,no major independent warning signal,continue routine monitoring,LOW SUSCEPTIBILITY. Main evidence: no major independent warning signal. Recommended response: continue routine monitoring.,24.072700691121742,LOW,13.215996809055468,LOW,STABLE_LOW,LOW,23.62883145523344,NORMAL,UNREFERENCED,13.049512943804581,LOW
675_1528,0.0135049152482395,LOW,19.56471494607088,LOW,40.76106979305293,MODERATE,TRANSPORT,0.507905450438141,LOW,82.07611735248557,17.923882647514432,HIGH,LOW SUSCEPTIBILITY,no major independent warning signal,continue routine monitoring,LOW SUSCEPTIBILITY. Main evidence: no major independent warning signal. Recommended response: continue routine monitoring.,24.072700691121742,LOW,13.215996809055468,LOW,STABLE_LOW,LOW,23.62883145523344,NORMAL,UNREFERENCED,13.092885258498882,LOW
676_677,0.1679576882182145,LOW,89.42026194144839,EXTREME,60.97475242902518,HIGH,SETTLEMENT,0.0,LOW,69.43907229130579,30.56092770869421,MODERATE,LOW SUSCEPTIBILITY,"unstable terrain conditions; high exposure to roads, settlements or infrastructure","check nearby roads, settlements and infrastructure","LOW SUSCEPTIBILITY. Main evidence: unstable terrain conditions; high exposure to roads, settlements or infrastructure. Recommended response: check nearby roads, settlements and infrastructure.",24.072700691121742,LOW,13.215996809055468,LOW,STABLE_LOW,LOW,23.62883145523344,NORMAL,UNREFERENCED,36.99563129157528,MODERATE
677_766,0.008594356880054,LOW,91.51001540832053,EXTREME,23.167960925737464,LOW,INFRASTRUCTURE,0.0,LOW,82.47789030988255,17.522109690117446,HIGH,LOW SUSCEPTIBILITY,unstable terrain conditions,continue routine monitoring,LOW SUSCEPTIBILITY. Main evidence: unstable terrain conditions. Recommended response: continue routine monitoring.,24.072700691121742,LOW,13.215996809055468,LOW,STABLE_LOW,LOW,23.62883145523344,NORMAL,UNREFERENCED,24.57121334923933,LOW
677_822,0.0379426103165155,LOW,65.057781201849,HIGH,28.807362115196355,MODERATE,TRANSPORT,0.0,LOW,80.07666957417207,19.923330425827928,HIGH,LOW SUSCEPTIBILITY,unstable terrain conditions,continue routine monitoring,LOW SUSCEPTIBILITY. Main evidence: unstable terrain conditions. Recommended response: continue routine monitoring.,24.072700691121742,LOW,13.215996809055468,LOW,STABLE_LOW,LOW,23.62883145523344,NORMAL,UNREFERENCED,21.447348091004628,LOW
678_841,0.920355011211422,VERY_HIGH,57.24768875192604,HIGH,55.38542037871225,HIGH,TRANSPORT,95.53709626026148,EXTREME,84.84647497191241,15.153525028087586,HIGH,VERY HIGH SUSCEPTIBILITY,high static landslide susceptibility; elevated neighbouring-cell risk,prioritize location for detailed assessment,VERY HIGH SUSCEPTIBILITY. Main evidence: high static landslide susceptibility; elevated neighbouring-cell risk. Recommended response: prioritize location for detailed assessment.,24.072700691121742,LOW,13.215996809055468,LOW,STABLE_LOW,LOW,23.62883145523344,NORMAL,UNREFERENCED,73.13430600684435,HIGH
678_1443,0.0026241071674314,LOW,37.4306625577812,MODERATE,29.79940404520184,MODERATE,SETTLEMENT,0.0,LOW,82.96636528636986,17.033634713630136,HIGH,LOW SUSCEPTIBILITY,no major independent warning signal,continue routine monitoring,LOW SUSCEPTIBILITY. Main evidence: no major independent warning signal. Recommended response: continue routine monitoring.,24.072700691121742,LOW,13.215996809055468,LOW,STABLE_LOW,LOW,23.62883145523344,NORMAL,UNREFERENCED,14.481398009983101,LOW
679_840,0.9618002866215908,VERY_HIGH,67.96032357473035,HIGH,56.23444124666568,HIGH,TRANSPORT,94.1202981175401,EXTREME,88.23745205092621,11.762547949073792,HIGH,VERY HIGH SUSCEPTIBILITY,high static landslide susceptibility; unstable terrain conditions; elevated neighbouring-cell risk,prioritize location for detailed assessment,VERY HIGH SUSCEPTIBILITY. Main evidence: high static landslide susceptibility; unstable terrain conditions; elevated neighbouring-cell risk. Recommended response: prioritize location for detailed assessment.,24.072700691121742,LOW,13.215996809055468,LOW,STABLE_LOW,LOW,23.62883145523344,NORMAL,UNREFERENCED,77.12754368078369,EXTREME
679_1526,0.0072557921491163,LOW,28.21841294298921,MODERATE,32.08095557469582,MODERATE,TRANSPORT,0.9453440673767648,LOW,82.58740924241383,17.412590757586173,HIGH,LOW SUSCEPTIBILITY,no major independent warning signal,continue routine monitoring,LOW SUSCEPTIBILITY. Main evidence: no major independent warning signal. Recommended response: continue routine monitoring.,24.072700691121742,LOW,13.215996809055468,LOW,STABLE_LOW,LOW,23.62883145523344,NORMAL,UNREFERENCED,13.284141047362299,LOW
681_836,0.9280963849676892,VERY_HIGH,90.59707241910633,EXTREME,58.00890702599877,HIGH,TRANSPORT,96.8984813666122,EXTREME,85.47986009742519,14.520139902574812,HIGH,VERY HIGH SUSCEPTIBILITY,high static landslide susceptibility; unstable terrain conditions; elevated neighbouring-cell risk,prioritize location for detailed assessment,VERY HIGH SUSCEPTIBILITY. Main evidence: high static landslide susceptibility; unstable terrain conditions; elevated neighbouring-cell risk. Recommended response: prioritize location for detailed assessment.,24.072700691121742,LOW,13.215996809055468,LOW,STABLE_LOW,LOW,23.62883145523344,NORMAL,UNREFERENCED,80.6822060670405,EXTREME
681_945,0.0019733135166377,LOW,56.11902927580894,HIGH,21.33341912965433,LOW,INFRASTRUCTURE,0.0,LOW,83.01961203961662,16.980387960383382,HIGH,LOW SUSCEPTIBILITY,no major independent warning signal,continue routine monitoring,LOW SUSCEPTIBILITY. Main evidence: no major independent warning signal. Recommended response: continue routine monitoring.,24.072700691121742,LOW,13.215996809055468,LOW,STABLE_LOW,LOW,23.62883145523344,NORMAL,UNREFERENCED,16.91988790197081,LOW
681_1322,0.1491619047619048,LOW,22.92758089368259,LOW,46.964309630660814,MODERATE,TRANSPORT,0.0,LOW,70.97690911954932,29.02309088045068,MODERATE,LOW SUSCEPTIBILITY,no major independent warning signal,continue routine monitoring,LOW SUSCEPTIBILITY. Main evidence: no major independent warning signal. Recommended response: continue routine monitoring.,24.072700691121742,LOW,13.215996809055468,LOW,STABLE_LOW,LOW,23.62883145523344,NORMAL,UNREFERENCED,20.74971840673353,LOW
682_700,0.7372021922521924,HIGH,29.48189522342065,MODERATE,73.70217130554555,HIGH,TRANSPORT,0.0,LOW,69.86124432979364,30.138755670206365,MODERATE,HIGH SUSCEPTIBILITY,"high static landslide susceptibility; high exposure to roads, settlements or infrastructure","check nearby roads, settlements and infrastructure","HIGH SUSCEPTIBILITY. Main evidence: high static landslide susceptibility; high exposure to roads, settlements or infrastructure. Recommended response: check nearby roads, settlements and infrastructure.",24.072700691121742,LOW,13.215996809055468,LOW,STABLE_LOW,LOW,23.62883145523344,NORMAL,UNREFERENCED,52.533073460976794,HIGH
682_830,0.8071810288445828,VERY_HIGH,42.31317411402157,MODERATE,56.87545889958958,HIGH,TRANSPORT,96.49147709832054,EXTREME,69.58678550553465,30.41321449446535,MODERATE,VERY HIGH SUSCEPTIBILITY,high static landslide susceptibility; elevated neighbouring-cell risk,prioritize location for detailed assessment,VERY HIGH SUSCEPTIBILITY. Main evidence: high static landslide susceptibility; elevated neighbouring-cell risk. Recommended response: prioritize location for detailed assessment.,24.072700691121742,LOW,13.215996809055468,LOW,STABLE_LOW,LOW,23.62883145523344,NORMAL,UNREFERENCED,65.37351773469321,HIGH
682_832,0.8878673183883723,VERY_HIGH,44.734206471494616,MODERATE,56.01559897053801,HIGH,TRANSPORT,95.37327881730964,EXTREME,82.18839101366288,17.81160898633712,HIGH,VERY HIGH SUSCEPTIBILITY,high static landslide susceptibility; elevated neighbouring-cell risk,prioritize location for detailed assessment,VERY HIGH SUSCEPTIBILITY. Main evidence: high static landslide susceptibility; elevated neighbouring-cell risk. Recommended response: prioritize location for detailed assessment.,24.072700691121742,LOW,13.215996809055468,LOW,STABLE_LOW,LOW,23.62883145523344,NORMAL,UNREFERENCED,69.24780841819951,HIGH
682_889,0.0024801316984559,LOW,95.0462249614792,EXTREME,19.332070153643027,LOW,INFRASTRUCTURE,0.0,LOW,76.97814509746786,23.02185490253214,MODERATE,LOW SUSCEPTIBILITY,unstable terrain conditions,continue routine monitoring,LOW SUSCEPTIBILITY. Main evidence: unstable terrain conditions. Recommended response: continue routine monitoring.,24.072700691121742,LOW,13.215996809055468,LOW,STABLE_LOW,LOW,23.62883145523344,NORMAL,UNREFERENCED,24.42793151088499,LOW
683_833,0.974682614611062,VERY_HIGH,72.05315870570108,HIGH,58.45105613924972,HIGH,TRANSPORT,92.81815464503929,EXTREME,89.29146070461022,10.708539295389784,HIGH,VERY HIGH SUSCEPTIBILITY,high static landslide susceptibility; unstable terrain conditions; elevated neighbouring-cell risk,prioritize location for detailed assessment,VERY HIGH SUSCEPTIBILITY. Main evidence: high static landslide susceptibility; unstable terrain conditions; elevated neighbouring-cell risk. Recommended response: prioritize location for detailed assessment.,24.072700691121742,LOW,13.215996809055468,LOW,STABLE_LOW,LOW,23.62883145523344,NORMAL,UNREFERENCED,78.72809335314156,EXTREME
683_1168,0.0015432595523372,LOW,72.68875192604006,HIGH,20.973006101388712,LOW,SETTLEMENT,0.0,LOW,77.05479827305939,22.94520172694061,MODERATE,LOW SUSCEPTIBILITY,unstable terrain conditions,continue routine monitoring,LOW SUSCEPTIBILITY. Main evidence: unstable terrain conditions. Recommended response: continue routine monitoring.,24.072700691121742,LOW,13.215996809055468,LOW,STABLE_LOW,LOW,23.62883145523344,NORMAL,UNREFERENCED,20.160418049383665,LOW
684_539,0.1376798828622358,LOW,34.09283513097073,MODERATE,56.42512851652107,HIGH,TRANSPORT,0.0,LOW,71.91634727497677,28.083652725023228,MODERATE,LOW SUSCEPTIBILITY,no major independent warning signal,continue routine monitoring,LOW SUSCEPTIBILITY. Main evidence: no major independent warning signal. Recommended response: continue routine monitoring.,24.072700691121742,LOW,13.215996809055468,LOW,STABLE_LOW,LOW,23.62883145523344,NORMAL,UNREFERENCED,23.88520110158509,LOW
685_800,0.8234409794782599,VERY_HIGH,33.160631741140215,MODERATE,50.25904726437675,HIGH,TRANSPORT,0.0,LOW,76.9171451028355,23.08285489716449,MODERATE,VERY HIGH SUSCEPTIBILITY,high static landslide susceptibility,prioritize location for detailed assessment,VERY HIGH SUSCEPTIBILITY. Main evidence: high static landslide susceptibility. Recommended response: prioritize location for detailed assessment.,24.072700691121742,LOW,13.215996809055468,LOW,STABLE_LOW,LOW,23.62883145523344,NORMAL,UNREFERENCED,53.63309758351842,HIGH
685_1307,2.1798365122615804e-05,LOW,26.768104776579356,MODERATE,25.728508168182344,MODERATE,TRANSPORT,0.0,LOW,83.17928146110421,16.82071853889579,HIGH,LOW SUSCEPTIBILITY,no major independent warning signal,continue routine monitoring,LOW SUSCEPTIBILITY. Main evidence: no major independent warning signal. Recommended response: continue routine monitoring.,24.072700691121742,LOW,13.215996809055468,LOW,STABLE_LOW,LOW,23.62883145523344,NORMAL,UNREFERENCED,11.621148176085915,LOW
686_1225,0.0045372024055266,LOW,95.07126348228044,EXTREME,21.233215257774745,LOW,SETTLEMENT,0.0,LOW,76.80983931234388,23.19016068765612,MODERATE,LOW SUSCEPTIBILITY,unstable terrain conditions,continue routine monitoring,LOW SUSCEPTIBILITY. Main evidence: unstable terrain conditions. Recommended response: continue routine monitoring.,24.072700691121742,LOW,13.215996809055468,LOW,STABLE_LOW,LOW,23.62883145523344,NORMAL,UNREFERENCED,24.810679162483176,LOW
688_812,0.9013692080176552,VERY_HIGH,77.45762711864407,EXTREME,50.11339009301194,HIGH,TRANSPORT,0.0,LOW,83.29309107424058,16.70690892575942,HIGH,VERY HIGH SUSCEPTIBILITY,high static landslide susceptibility; unstable terrain conditions,prioritize location for detailed assessment,VERY HIGH SUSCEPTIBILITY. Main evidence: high static landslide susceptibility; unstable terrain conditions. Recommended response: prioritize location for detailed assessment.,24.072700691121742,LOW,13.215996809055468,LOW,STABLE_LOW,LOW,23.62883145523344,NORMAL,UNREFERENCED,65.97741836758726,HIGH
688_1274,0.0071623071713848,LOW,30.38135593220339,MODERATE,28.92185472762243,MODERATE,SETTLEMENT,0.0,LOW,82.59505801331913,17.404941986680868,HIGH,LOW SUSCEPTIBILITY,no major independent warning signal,continue routine monitoring,LOW SUSCEPTIBILITY. Main evidence: no major independent warning signal. Recommended response: continue routine monitoring.,24.072700691121742,LOW,13.215996809055468,LOW,STABLE_LOW,LOW,23.62883145523344,NORMAL,UNREFERENCED,13.144123287408533,LOW
688_1556,0.0206001533434775,LOW,23.07973805855162,LOW,27.63281501793754,MODERATE,SETTLEMENT,0.0,LOW,81.49559787196608,18.50440212803392,HIGH,LOW SUSCEPTIBILITY,no major independent warning signal,continue routine monitoring,LOW SUSCEPTIBILITY. Main evidence: no major independent warning signal. Recommended response: continue routine monitoring.,24.072700691121742,LOW,13.215996809055468,LOW,STABLE_LOW,LOW,23.62883145523344,NORMAL,UNREFERENCED,12.095146833969617,LOW
688_1616,0.0002717983651226,LOW,51.43875192604006,HIGH,18.972765720572514,LOW,SETTLEMENT,0.0,LOW,83.15882691564968,16.841173084350316,HIGH,LOW SUSCEPTIBILITY,no major independent warning signal,continue routine monitoring,LOW SUSCEPTIBILITY. Main evidence: no major independent warning signal. Recommended response: continue routine monitoring.,24.072700691121742,LOW,13.215996809055468,LOW,STABLE_LOW,LOW,23.62883145523344,NORMAL,UNREFERENCED,15.553166238836582,LOW
689_462,0.9713334569362958,VERY_HIGH,46.076656394453,MODERATE,58.93055024546927,HIGH,TRANSPORT,98.28235564666244,EXTREME,89.01743871303844,10.982561286961555,HIGH,VERY HIGH SUSCEPTIBILITY,high static landslide susceptibility; elevated neighbouring-cell risk,prioritize location for detailed assessment,VERY HIGH SUSCEPTIBILITY. Main evidence: high static landslide susceptibility; elevated neighbouring-cell risk. Recommended response: prioritize location for detailed assessment.,24.072700691121742,LOW,13.215996809055468,LOW,STABLE_LOW,LOW,23.62883145523344,NORMAL,UNREFERENCED,74.00042501162272,HIGH
690_463,0.9937587301587304,VERY_HIGH,84.31432973805856,EXTREME,60.61370681843976,HIGH,TRANSPORT,97.16109198554072,EXTREME,90.852233794874,9.147766205126004,HIGH,VERY HIGH SUSCEPTIBILITY,"high static landslide susceptibility; unstable terrain conditions; high exposure to roads, settlements or infrastructure; elevated neighbouring-cell risk","prioritize location for detailed assessment; check nearby roads, settlements and infrastructure","VERY HIGH SUSCEPTIBILITY. Main evidence: high static landslide susceptibility; unstable terrain conditions; high exposure to roads, settlements or infrastructure; elevated neighbouring-cell risk. Recommended response: prioritize location for detailed assessment; check nearby roads, settlements and infrastructure.",24.072700691121742,LOW,13.215996809055468,LOW,STABLE_LOW,LOW,23.62883145523344,NORMAL,UNREFERENCED,82.79744409518679,EXTREME
690_466,0.9297209569362956,VERY_HIGH,43.34745762711864,MODERATE,61.27904929307246,HIGH,TRANSPORT,99.11460564666244,EXTREME,85.61277962212935,14.387220377870648,HIGH,VERY HIGH SUSCEPTIBILITY,"high static landslide susceptibility; high exposure to roads, settlements or infrastructure; elevated neighbouring-cell risk","prioritize location for detailed assessment; check nearby roads, settlements and infrastructure","VERY HIGH SUSCEPTIBILITY. Main evidence: high static landslide susceptibility; high exposure to roads, settlements or infrastructure; elevated neighbouring-cell risk. Recommended response: prioritize location for detailed assessment; check nearby roads, settlements and infrastructure.",24.072700691121742,LOW,13.215996809055468,LOW,STABLE_LOW,LOW,23.62883145523344,NORMAL,UNREFERENCED,72.01752261529631,HIGH
690_552,0.811287886949652,VERY_HIGH,33.204930662557786,MODERATE,92.56035650821312,VERY_HIGH,TRANSPORT,0.0,LOW,75.9228011686767,24.0771988313233,MODERATE,VERY HIGH SUSCEPTIBILITY,"high static landslide susceptibility; high exposure to roads, settlements or infrastructure","prioritize location for detailed assessment; check nearby roads, settlements and infrastructure","VERY HIGH SUSCEPTIBILITY. Main evidence: high static landslide susceptibility; high exposure to roads, settlements or infrastructure. Recommended response: prioritize location for detailed assessment; check nearby roads, settlements and infrastructure.",24.072700691121742,LOW,13.215996809055468,LOW,STABLE_LOW,LOW,23.62883145523344,NORMAL,UNREFERENCED,59.44026459059004,HIGH
690_1038,0.0070451505308476,LOW,90.63944530046226,EXTREME,21.37562253685405,LOW,INFRASTRUCTURE,0.0,LOW,82.6046435566358,17.395356443364193,HIGH,LOW SUSCEPTIBILITY,unstable terrain conditions,continue routine monitoring,LOW SUSCEPTIBILITY. Main evidence: unstable terrain conditions. Recommended response: continue routine monitoring.,24.072700691121742,LOW,13.215996809055468,LOW,STABLE_LOW,LOW,23.62883145523344,NORMAL,UNREFERENCED,24.05853428362088,LOW
691_75,0.0650570818070818,LOW,7.355546995377503,LOW,59.34702212658688,HIGH,TRANSPORT,0.0,LOW,77.85821281585301,22.14178718414699,MODERATE,LOW SUSCEPTIBILITY,no major independent warning signal,continue routine monitoring,LOW SUSCEPTIBILITY. Main evidence: no major independent warning signal. Recommended response: continue routine monitoring.,24.072700691121742,LOW,13.215996809055468,LOW,STABLE_LOW,LOW,23.62883145523344,NORMAL,UNREFERENCED,15.708001468494388,LOW
691_421,0.0168439355216525,LOW,40.73382126348229,MODERATE,26.586289946622365,MODERATE,INFRASTRUCTURE,0.0,LOW,81.80292478466086,18.19707521533914,HIGH,LOW SUSCEPTIBILITY,no major independent warning signal,continue routine monitoring,LOW SUSCEPTIBILITY. Main evidence: no major independent warning signal. Recommended response: continue routine monitoring.,24.072700691121742,LOW,13.215996809055468,LOW,STABLE_LOW,LOW,23.62883145523344,NORMAL,UNREFERENCED,15.29995491227635,LOW
691_453,0.9850132049983114,VERY_HIGH,50.08859784283513,HIGH,58.80955965700056,HIGH,TRANSPORT,99.63016666666668,EXTREME,90.13669082720337,9.863309172796647,HIGH,VERY HIGH SUSCEPTIBILITY,high static landslide susceptibility; elevated neighbouring-cell risk,prioritize location for detailed assessment,VERY HIGH SUSCEPTIBILITY. Main evidence: high static landslide susceptibility; elevated neighbouring-cell risk. Recommended response: prioritize location for detailed assessment.,24.072700691121742,LOW,13.215996809055468,LOW,STABLE_LOW,LOW,23.62883145523344,NORMAL,UNREFERENCED,75.53503447781998,EXTREME
692_978,0.7835802856953923,VERY_HIGH,61.72187981510015,HIGH,49.25145961980148,MODERATE,TRANSPORT,0.0,LOW,73.65581561150998,26.34418438849002,MODERATE,VERY HIGH SUSCEPTIBILITY,high static landslide susceptibility; unstable terrain conditions,prioritize location for detailed assessment,VERY HIGH SUSCEPTIBILITY. Main evidence: high static landslide susceptibility; unstable terrain conditions. Recommended response: prioritize location for detailed assessment.,24.072700691121742,LOW,13.215996809055468,LOW,STABLE_LOW,LOW,23.62883145523344,NORMAL,UNREFERENCED,57.40047783139508,HIGH
693_857,0.0043036165469407,LOW,62.6097842835131,HIGH,23.158589250573023,LOW,SETTLEMENT,0.0,LOW,82.82895088259184,17.17104911740816,HIGH,LOW SUSCEPTIBILITY,unstable terrain conditions,continue routine monitoring,LOW SUSCEPTIBILITY. Main evidence: unstable terrain conditions. Recommended response: continue routine monitoring.,24.072700691121742,LOW,13.215996809055468,LOW,STABLE_LOW,LOW,23.62883145523344,NORMAL,UNREFERENCED,18.596678058013076,LOW
694_455,0.9947166666666668,VERY_HIGH,82.615562403698,EXTREME,59.33172269431202,HIGH,TRANSPORT,98.9509243498818,EXTREME,90.9306104182506,9.069389581749393,HIGH,VERY HIGH SUSCEPTIBILITY,high static landslide susceptibility; unstable terrain conditions; elevated neighbouring-cell risk,prioritize location for detailed assessment,VERY HIGH SUSCEPTIBILITY. Main evidence: high static landslide susceptibility; unstable terrain conditions; elevated neighbouring-cell risk. Recommended response: prioritize location for detailed assessment.,24.072700691121742,LOW,13.215996809055468,LOW,STABLE_LOW,LOW,23.62883145523344,NORMAL,UNREFERENCED,82.48748338898677,EXTREME
694_1647,6.220240552665621e-05,LOW,58.06432973805856,HIGH,16.920378904025966,LOW,SETTLEMENT,0.0,LOW,83.17597567598025,16.824024324019746,HIGH,LOW SUSCEPTIBILITY,no major independent warning signal,continue routine monitoring,LOW SUSCEPTIBILITY. Main evidence: no major independent warning signal. Recommended response: continue routine monitoring.,24.072700691121742,LOW,13.215996809055468,LOW,STABLE_LOW,LOW,23.62883145523344,NORMAL,UNREFERENCED,16.56099196057648,LOW
695_815,0.9507397628006848,VERY_HIGH,54.25462249614793,HIGH,51.18405915864746,HIGH,TRANSPORT,97.3005658182857,EXTREME,87.33250010194301,12.667499898056988,HIGH,VERY HIGH SUSCEPTIBILITY,high static landslide susceptibility; elevated neighbouring-cell risk,prioritize location for detailed assessment,VERY HIGH SUSCEPTIBILITY. Main evidence: high static landslide susceptibility; elevated neighbouring-cell risk. Recommended response: prioritize location for detailed assessment.,24.072700691121742,LOW,13.215996809055468,LOW,STABLE_LOW,LOW,23.62883145523344,NORMAL,UNREFERENCED,73.44914934999827,HIGH
697_813,0.9397469705329176,VERY_HIGH,76.96456086286595,EXTREME,49.00265653733385,MODERATE,TRANSPORT,97.12185150528902,EXTREME,86.43308982548932,13.56691017451068,HIGH,VERY HIGH SUSCEPTIBILITY,high static landslide susceptibility; unstable terrain conditions; elevated neighbouring-cell risk,prioritize location for detailed assessment,VERY HIGH SUSCEPTIBILITY. Main evidence: high static landslide susceptibility; unstable terrain conditions; elevated neighbouring-cell risk. Recommended response: prioritize location for detailed assessment.,24.072700691121742,LOW,13.215996809055468,LOW,STABLE_LOW,LOW,23.62883145523344,NORMAL,UNREFERENCED,77.15137954679562,EXTREME
698_299,0.4403008861203765,MODERATE,31.149845916795076,MODERATE,50.753505770453486,HIGH,TRANSPORT,0.0,LOW,47.15644700840163,52.84355299159837,LOW,MODERATE SUSCEPTIBILITY,no major independent warning signal,continue routine monitoring,MODERATE SUSCEPTIBILITY. Main evidence: no major independent warning signal. Recommended response: continue routine monitoring.,24.072700691121742,LOW,13.215996809055468,LOW,STABLE_LOW,LOW,23.62883145523344,NORMAL,UNREFERENCED,36.06380499345616,MODERATE
698_438,0.9900904761904762,VERY_HIGH,78.14137134052389,EXTREME,57.14626537013226,HIGH,TRANSPORT,98.48570212765958,EXTREME,90.5521039247441,9.447896075255898,HIGH,VERY HIGH SUSCEPTIBILITY,high static landslide susceptibility; unstable terrain conditions; elevated neighbouring-cell risk,prioritize location for detailed assessment,VERY HIGH SUSCEPTIBILITY. Main evidence: high static landslide susceptibility; unstable terrain conditions; elevated neighbouring-cell risk. Recommended response: prioritize location for detailed assessment.,24.072700691121742,LOW,13.215996809055468,LOW,STABLE_LOW,LOW,23.62883145523344,NORMAL,UNREFERENCED,81.01012578407418,EXTREME
698_814,0.9548657211870256,VERY_HIGH,87.90832049306626,EXTREME,50.98435346082544,HIGH,TRANSPORT,96.97066399874792,EXTREME,87.67007851537088,12.329921484629123,HIGH,VERY HIGH SUSCEPTIBILITY,high static landslide susceptibility; unstable terrain conditions; elevated neighbouring-cell risk,prioritize location for detailed assessment,VERY HIGH SUSCEPTIBILITY. Main evidence: high static landslide susceptibility; unstable terrain conditions; elevated neighbouring-cell risk. Recommended response: prioritize location for detailed assessment.,24.072700691121742,LOW,13.215996809055468,LOW,STABLE_LOW,LOW,23.62883145523344,NORMAL,UNREFERENCED,80.30261104014019,EXTREME
698_962,0.740798393828394,HIGH,53.963790446841294,HIGH,51.74726758194894,HIGH,TRANSPORT,0.0,LOW,70.15547900421012,29.84452099578988,MODERATE,HIGH SUSCEPTIBILITY,high static landslide susceptibility,continue routine monitoring,HIGH SUSCEPTIBILITY. Main evidence: high static landslide susceptibility. Recommended response: continue routine monitoring.,24.072700691121742,LOW,13.215996809055468,LOW,STABLE_LOW,LOW,23.62883145523344,NORMAL,UNREFERENCED,54.298046018050506,HIGH
699_342,0.213651404151404,LOW,26.610169491525426,MODERATE,54.251827365985065,HIGH,TRANSPORT,0.0,LOW,65.70049553313574,34.29950446686426,MODERATE,LOW SUSCEPTIBILITY,no major independent warning signal,continue routine monitoring,LOW SUSCEPTIBILITY. Main evidence: no major independent warning signal. Recommended response: continue routine monitoring.,24.072700691121742,LOW,13.215996809055468,LOW,STABLE_LOW,LOW,23.62883145523344,NORMAL,UNREFERENCED,25.481391259128195,MODERATE
699_439,0.9783671732522796,VERY_HIGH,49.20261941448382,MODERATE,57.296572854293714,HIGH,TRANSPORT,99.30633333333331,EXTREME,89.59292459343712,10.407075406562882,HIGH,VERY HIGH SUSCEPTIBILITY,high static landslide susceptibility; elevated neighbouring-cell risk,prioritize location for detailed assessment,VERY HIGH SUSCEPTIBILITY. Main evidence: high static landslide susceptibility; elevated neighbouring-cell risk. Recommended response: prioritize location for detailed assessment.,24.072700691121742,LOW,13.215996809055468,LOW,STABLE_LOW,LOW,23.62883145523344,NORMAL,UNREFERENCED,74.79943600983891,HIGH
699_780,0.0040288690721933,LOW,28.64984591679507,MODERATE,21.491231012673552,LOW,INFRASTRUCTURE,0.0,LOW,82.8514302214348,17.148569778565204,HIGH,LOW SUSCEPTIBILITY,no major independent warning signal,continue routine monitoring,LOW SUSCEPTIBILITY. Main evidence: no major independent warning signal. Recommended response: continue routine monitoring.,24.072700691121742,LOW,13.215996809055468,LOW,STABLE_LOW,LOW,23.62883145523344,NORMAL,UNREFERENCED,11.54222301262092,LOW
699_813,0.9701322291235338,VERY_HIGH,84.08705701078583,EXTREME,52.1885709016776,HIGH,TRANSPORT,96.50091134096816,EXTREME,88.91915643744883,11.080843562551166,HIGH,VERY HIGH SUSCEPTIBILITY,high static landslide susceptibility; unstable terrain conditions; elevated neighbouring-cell risk,prioritize location for detailed assessment,VERY HIGH SUSCEPTIBILITY. Main evidence: high static landslide susceptibility; unstable terrain conditions; elevated neighbouring-cell risk. Recommended response: prioritize location for detailed assessment.,24.072700691121742,LOW,13.215996809055468,LOW,STABLE_LOW,LOW,23.62883145523344,NORMAL,UNREFERENCED,80.35900855117681,EXTREME
699_834,0.9560564897751628,VERY_HIGH,65.25038520801232,HIGH,55.40432322696335,HIGH,TRANSPORT,0.0,LOW,81.76750503621847,18.232494963781534,HIGH,VERY HIGH SUSCEPTIBILITY,high static landslide susceptibility; unstable terrain conditions,prioritize location for detailed assessment,VERY HIGH SUSCEPTIBILITY. Main evidence: high static landslide susceptibility; unstable terrain conditions. Recommended response: prioritize location for detailed assessment.,24.072700691121742,LOW,13.215996809055468,LOW,STABLE_LOW,LOW,23.62883145523344,NORMAL,UNREFERENCED,66.79053763464147,HIGH
700_491,0.9226949410067056,VERY_HIGH,28.235747303543917,MODERATE,82.99938430853308,VERY_HIGH,TRANSPORT,97.32520719803072,EXTREME,85.0379237733447,14.9620762266553,HIGH,VERY HIGH SUSCEPTIBILITY,"high static landslide susceptibility; high exposure to roads, settlements or infrastructure; elevated neighbouring-cell risk","prioritize location for detailed assessment; check nearby roads, settlements and infrastructure","VERY HIGH SUSCEPTIBILITY. Main evidence: high static landslide susceptibility; high exposure to roads, settlements or infrastructure; elevated neighbouring-cell risk. Recommended response: prioritize location for detailed assessment; check nearby roads, settlements and infrastructure.",24.072700691121742,LOW,13.215996809055468,LOW,STABLE_LOW,LOW,23.62883145523344,NORMAL,UNREFERENCED,71.75812024120575,HIGH
700_541,0.8678361247947458,VERY_HIGH,22.721494607087827,LOW,69.4795528266528,HIGH,TRANSPORT,0.0,LOW,80.54947517418435,19.45052482581565,HIGH,VERY HIGH SUSCEPTIBILITY,"high static landslide susceptibility; high exposure to roads, settlements or infrastructure","prioritize location for detailed assessment; check nearby roads, settlements and infrastructure","VERY HIGH SUSCEPTIBILITY. Main evidence: high static landslide susceptibility; high exposure to roads, settlements or infrastructure. Recommended response: prioritize location for detailed assessment; check nearby roads, settlements and infrastructure.",24.072700691121742,LOW,13.215996809055468,LOW,STABLE_LOW,LOW,23.62883145523344,NORMAL,UNREFERENCED,56.426127530291225,HIGH
700_614,0.9463494708994712,VERY_HIGH,37.740755007704166,MODERATE,74.26856868969827,HIGH,TRANSPORT,0.0,LOW,86.9732944009346,13.026705599065394,HIGH,VERY HIGH SUSCEPTIBILITY,"high static landslide susceptibility; high exposure to roads, settlements or infrastructure","prioritize location for detailed assessment; check nearby roads, settlements and infrastructure","VERY HIGH SUSCEPTIBILITY. Main evidence: high static landslide susceptibility; high exposure to roads, settlements or infrastructure. Recommended response: prioritize location for detailed assessment; check nearby roads, settlements and infrastructure.",24.072700691121742,LOW,13.215996809055468,LOW,STABLE_LOW,LOW,23.62883145523344,NORMAL,UNREFERENCED,63.68143256458395,HIGH
700_713,0.9688256613756614,VERY_HIGH,38.72303543913714,MODERATE,67.00665781384144,HIGH,TRANSPORT,0.0,LOW,88.81225543989564,11.187744560104363,HIGH,VERY HIGH SUSCEPTIBILITY,"high static landslide susceptibility; high exposure to roads, settlements or infrastructure","prioritize location for detailed assessment; check nearby roads, settlements and infrastructure","VERY HIGH SUSCEPTIBILITY. Main evidence: high static landslide susceptibility; high exposure to roads, settlements or infrastructure. Recommended response: prioritize location for detailed assessment; check nearby roads, settlements and infrastructure.",24.072700691121742,LOW,13.215996809055468,LOW,STABLE_LOW,LOW,23.62883145523344,NORMAL,UNREFERENCED,63.800030590920585,HIGH
700_812,0.926050750047055,VERY_HIGH,90.1271186440678,EXTREME,54.78847384723301,HIGH,TRANSPORT,94.84908474129392,EXTREME,85.31248996755511,14.68751003244489,HIGH,VERY HIGH SUSCEPTIBILITY,high static landslide susceptibility; unstable terrain conditions; elevated neighbouring-cell risk,prioritize location for detailed assessment,VERY HIGH SUSCEPTIBILITY. Main evidence: high static landslide susceptibility; unstable terrain conditions; elevated neighbouring-cell risk. Recommended response: prioritize location for detailed assessment.,24.072700691121742,LOW,13.215996809055468,LOW,STABLE_LOW,LOW,23.62883145523344,NORMAL,UNREFERENCED,79.80815710125755,EXTREME
702_453,0.996841690626797,VERY_HIGH,58.69029275808937,HIGH,63.44502097624473,HIGH,TRANSPORT,0.0,LOW,91.10447601498852,8.895523985011465,HIGH,VERY HIGH SUSCEPTIBILITY,"high static landslide susceptibility; high exposure to roads, settlements or infrastructure","prioritize location for detailed assessment; check nearby roads, settlements and infrastructure","VERY HIGH SUSCEPTIBILITY. Main evidence: high static landslide susceptibility; high exposure to roads, settlements or infrastructure. Recommended response: prioritize location for detailed assessment; check nearby roads, settlements and infrastructure.",24.072700691121742,LOW,13.215996809055468,LOW,STABLE_LOW,LOW,23.62883145523344,NORMAL,UNREFERENCED,68.51995784537263,HIGH
702_951,0.5877794827153525,HIGH,28.81741140215717,MODERATE,47.22794903640299,MODERATE,TRANSPORT,0.0,LOW,51.6357499131431,48.3642500868569,LOW,HIGH SUSCEPTIBILITY,high static landslide susceptibility,continue routine monitoring,HIGH SUSCEPTIBILITY. Main evidence: high static landslide susceptibility. Recommended response: continue routine monitoring.,24.072700691121742,LOW,13.215996809055468,LOW,STABLE_LOW,LOW,23.62883145523344,NORMAL,UNREFERENCED,41.70502142719492,MODERATE
702_1183,6.220240552665621e-05,LOW,53.11825885978429,HIGH,20.084465425411484,LOW,INFRASTRUCTURE,0.0,LOW,83.17597567598025,16.824024324019746,HIGH,LOW SUSCEPTIBILITY,no major independent warning signal,continue routine monitoring,LOW SUSCEPTIBILITY. Main evidence: no major independent warning signal. Recommended response: continue routine monitoring.,24.072700691121742,LOW,13.215996809055468,LOW,STABLE_LOW,LOW,23.62883145523344,NORMAL,UNREFERENCED,16.046390763129455,LOW
703_492,0.925244147355912,VERY_HIGH,30.67796610169492,MODERATE,83.13247722075465,VERY_HIGH,TRANSPORT,97.2742230710466,EXTREME,85.24649520191613,14.753504798083869,HIGH,VERY HIGH SUSCEPTIBILITY,"high static landslide susceptibility; high exposure to roads, settlements or infrastructure; elevated neighbouring-cell risk","prioritize location for detailed assessment; check nearby roads, settlements and infrastructure","VERY HIGH SUSCEPTIBILITY. Main evidence: high static landslide susceptibility; high exposure to roads, settlements or infrastructure; elevated neighbouring-cell risk. Recommended response: prioritize location for detailed assessment; check nearby roads, settlements and infrastructure.",24.072700691121742,LOW,13.215996809055468,LOW,STABLE_LOW,LOW,23.62883145523344,NORMAL,UNREFERENCED,72.37614381068505,HIGH
703_654,0.068644457946088,LOW,29.64368258859784,MODERATE,38.71792795290401,MODERATE,SETTLEMENT,0.0,LOW,77.5647002226616,22.4352997773384,MODERATE,LOW SUSCEPTIBILITY,no major independent warning signal,continue routine monitoring,LOW SUSCEPTIBILITY. Main evidence: no major independent warning signal. Recommended response: continue routine monitoring.,24.072700691121742,LOW,13.215996809055468,LOW,STABLE_LOW,LOW,23.62883145523344,NORMAL,UNREFERENCED,17.232696387341306,LOW
703_817,0.956044360642808,VERY_HIGH,85.89175654853621,EXTREME,54.25094305060434,HIGH,TRANSPORT,94.70796547077214,EXTREME,87.76651265266217,12.233487347337828,HIGH,VERY HIGH SUSCEPTIBILITY,high static landslide susceptibility; unstable terrain conditions; elevated neighbouring-cell risk,prioritize location for detailed assessment,VERY HIGH SUSCEPTIBILITY. Main evidence: high static landslide susceptibility; unstable terrain conditions; elevated neighbouring-cell risk. Recommended response: prioritize location for detailed assessment.,24.072700691121742,LOW,13.215996809055468,LOW,STABLE_LOW,LOW,23.62883145523344,NORMAL,UNREFERENCED,80.21605561241363,EXTREME
703_1649,6.220240552665621e-05,LOW,28.023882896764256,MODERATE,16.938479391689825,LOW,SETTLEMENT,0.0,LOW,83.17597567598025,16.824024324019746,HIGH,LOW SUSCEPTIBILITY,no major independent warning signal,continue routine monitoring,LOW SUSCEPTIBILITY. Main evidence: no major independent warning signal. Recommended response: continue routine monitoring.,24.072700691121742,LOW,13.215996809055468,LOW,STABLE_LOW,LOW,23.62883145523344,NORMAL,UNREFERENCED,10.555617665467198,LOW
704_489,0.9764064850182496,VERY_HIGH,71.35785824345147,HIGH,76.423235303752,VERY_HIGH,TRANSPORT,94.71610618792973,EXTREME,89.43250464701647,10.567495352983528,HIGH,VERY HIGH SUSCEPTIBILITY,"high static landslide susceptibility; unstable terrain conditions; high exposure to roads, settlements or infrastructure; elevated neighbouring-cell risk","prioritize location for detailed assessment; check nearby roads, settlements and infrastructure","VERY HIGH SUSCEPTIBILITY. Main evidence: high static landslide susceptibility; unstable terrain conditions; high exposure to roads, settlements or infrastructure; elevated neighbouring-cell risk. Recommended response: prioritize location for detailed assessment; check nearby roads, settlements and infrastructure.",24.072700691121742,LOW,13.215996809055468,LOW,STABLE_LOW,LOW,23.62883145523344,NORMAL,UNREFERENCED,81.55222945797948,EXTREME
705_442,0.9516675239792888,VERY_HIGH,47.91409861325116,MODERATE,69.31957963257767,HIGH,TRANSPORT,0.0,LOW,87.40840783473786,12.591592165262142,HIGH,VERY HIGH SUSCEPTIBILITY,"high static landslide susceptibility; high exposure to roads, settlements or infrastructure","prioritize location for detailed assessment; check nearby roads, settlements and infrastructure","VERY HIGH SUSCEPTIBILITY. Main evidence: high static landslide susceptibility; high exposure to roads, settlements or infrastructure. Recommended response: prioritize location for detailed assessment; check nearby roads, settlements and infrastructure.",24.072700691121742,LOW,13.215996809055468,LOW,STABLE_LOW,LOW,23.62883145523344,NORMAL,UNREFERENCED,65.21306531571706,HIGH
705_813,0.7097668659153132,HIGH,85.68952234206472,EXTREME,51.41051150493345,HIGH,TRANSPORT,96.32323303308152,EXTREME,67.6165358113217,32.3834641886783,MODERATE,HIGH SUSCEPTIBILITY,high static landslide susceptibility; unstable terrain conditions; elevated neighbouring-cell risk,continue routine monitoring,HIGH SUSCEPTIBILITY. Main evidence: high static landslide susceptibility; unstable terrain conditions; elevated neighbouring-cell risk. Recommended response: continue routine monitoring.,24.072700691121742,LOW,13.215996809055468,LOW,STABLE_LOW,LOW,23.62883145523344,NORMAL,UNREFERENCED,68.82858353276238,HIGH
705_835,0.9296915889700362,VERY_HIGH,85.60862865947612,EXTREME,59.316101678430535,HIGH,TRANSPORT,0.0,LOW,85.61037678852631,14.38962321147369,HIGH,VERY HIGH SUSCEPTIBILITY,high static landslide susceptibility; unstable terrain conditions,prioritize location for detailed assessment,VERY HIGH SUSCEPTIBILITY. Main evidence: high static landslide susceptibility; unstable terrain conditions. Recommended response: prioritize location for detailed assessment.,24.072700691121742,LOW,13.215996809055468,LOW,STABLE_LOW,LOW,23.62883145523344,NORMAL,UNREFERENCED,70.26253255642361,HIGH
706_75,0.0263194962042788,LOW,9.22573189522342,LOW,47.822979057195134,MODERATE,TRANSPORT,0.0,LOW,81.02765163790053,18.972348362099467,HIGH,LOW SUSCEPTIBILITY,no major independent warning signal,continue routine monitoring,LOW SUSCEPTIBILITY. Main evidence: no major independent warning signal. Recommended response: continue routine monitoring.,24.072700691121742,LOW,13.215996809055468,LOW,STABLE_LOW,LOW,23.62883145523344,NORMAL,UNREFERENCED,12.610240635928674,LOW
706_819,0.9212462148996624,VERY_HIGH,90.4506933744222,EXTREME,55.220975694623775,HIGH,TRANSPORT,97.08361470126134,EXTREME,84.9193916373139,15.080608362686108,HIGH,VERY HIGH SUSCEPTIBILITY,high static landslide susceptibility; unstable terrain conditions; elevated neighbouring-cell risk,prioritize location for detailed assessment,VERY HIGH SUSCEPTIBILITY. Main evidence: high static landslide susceptibility; unstable terrain conditions; elevated neighbouring-cell risk. Recommended response: prioritize location for detailed assessment.,24.072700691121742,LOW,13.215996809055468,LOW,STABLE_LOW,LOW,23.62883145523344,NORMAL,UNREFERENCED,79.94499623880111,EXTREME
707_586,0.5560602675102677,HIGH,56.79892141756549,HIGH,81.8447789681486,VERY_HIGH,INFRASTRUCTURE,0.0,LOW,55.04054139636342,44.95945860363658,LOW,HIGH SUSCEPTIBILITY,"high static landslide susceptibility; high exposure to roads, settlements or infrastructure","check nearby roads, settlements and infrastructure","HIGH SUSCEPTIBILITY. Main evidence: high static landslide susceptibility; high exposure to roads, settlements or infrastructure. Recommended response: check nearby roads, settlements and infrastructure.",24.072700691121742,LOW,13.215996809055468,LOW,STABLE_LOW,LOW,23.62883145523344,NORMAL,UNREFERENCED,51.066483235809606,HIGH
707_821,0.9592545497681036,VERY_HIGH,51.39252696456086,HIGH,55.39072314824327,HIGH,TRANSPORT,96.22714233013366,EXTREME,88.02916449018636,11.97083550981364,HIGH,VERY HIGH SUSCEPTIBILITY,high static landslide susceptibility; elevated neighbouring-cell risk,prioritize location for detailed assessment,VERY HIGH SUSCEPTIBILITY. Main evidence: high static landslide susceptibility; elevated neighbouring-cell risk. Recommended response: prioritize location for detailed assessment.,24.072700691121742,LOW,13.215996809055468,LOW,STABLE_LOW,LOW,23.62883145523344,NORMAL,UNREFERENCED,73.78355290683886,HIGH
707_938,0.5904843665288579,HIGH,26.242295839753467,MODERATE,50.50902078601602,HIGH,TRANSPORT,0.0,LOW,57.857058588793535,42.14294141120647,LOW,HIGH SUSCEPTIBILITY,high static landslide susceptibility,continue routine monitoring,HIGH SUSCEPTIBILITY. Main evidence: high static landslide susceptibility. Recommended response: continue routine monitoring.,24.072700691121742,LOW,13.215996809055468,LOW,STABLE_LOW,LOW,23.62883145523344,NORMAL,UNREFERENCED,41.80387884876389,MODERATE
708_52,0.0409893214217761,LOW,7.245762711864407,LOW,44.81027967141159,MODERATE,TRANSPORT,0.0,LOW,79.82739321101438,20.172606788985615,MODERATE,LOW SUSCEPTIBILITY,no major independent warning signal,continue routine monitoring,LOW SUSCEPTIBILITY. Main evidence: no major independent warning signal. Recommended response: continue routine monitoring.,24.072700691121742,LOW,13.215996809055468,LOW,STABLE_LOW,LOW,23.62883145523344,NORMAL,UNREFERENCED,12.42248402617672,LOW
708_495,0.8936522779226637,VERY_HIGH,27.22265023112481,MODERATE,80.7889449519372,VERY_HIGH,TRANSPORT,0.0,LOW,82.66170588465036,17.33829411534964,HIGH,VERY HIGH SUSCEPTIBILITY,"high static landslide susceptibility; high exposure to roads, settlements or infrastructure","prioritize location for detailed assessment; check nearby roads, settlements and infrastructure","VERY HIGH SUSCEPTIBILITY. Main evidence: high static landslide susceptibility; high exposure to roads, settlements or infrastructure. Recommended response: prioritize location for detailed assessment; check nearby roads, settlements and infrastructure.",24.072700691121742,LOW,13.215996809055468,LOW,STABLE_LOW,LOW,23.62883145523344,NORMAL,UNREFERENCED,60.18449436464758,HIGH
709_331,0.0582521893984128,LOW,66.72187981510015,HIGH,43.17171914328505,MODERATE,TRANSPORT,0.0,LOW,78.41497674019865,21.585023259801343,MODERATE,LOW SUSCEPTIBILITY,unstable terrain conditions,continue routine monitoring,LOW SUSCEPTIBILITY. Main evidence: unstable terrain conditions. Recommended response: continue routine monitoring.,24.072700691121742,LOW,13.215996809055468,LOW,STABLE_LOW,LOW,23.62883145523344,NORMAL,UNREFERENCED,24.84875242655354,LOW
710_465,0.9738906659310048,VERY_HIGH,36.63520801232666,MODERATE,63.45380628876834,HIGH,TRANSPORT,0.0,LOW,89.22666490351463,10.773335096485368,HIGH,VERY HIGH SUSCEPTIBILITY,"high static landslide susceptibility; high exposure to roads, settlements or infrastructure","prioritize location for detailed assessment; check nearby roads, settlements and infrastructure","VERY HIGH SUSCEPTIBILITY. Main evidence: high static landslide susceptibility; high exposure to roads, settlements or infrastructure. Recommended response: prioritize location for detailed assessment; check nearby roads, settlements and infrastructure.",24.072700691121742,LOW,13.215996809055468,LOW,STABLE_LOW,LOW,23.62883145523344,NORMAL,UNREFERENCED,63.07746258178797,HIGH
710_704,0.9148149987267636,VERY_HIGH,57.09360554699538,HIGH,71.0949457229528,HIGH,TRANSPORT,0.0,LOW,84.39320122316764,15.606798776832363,HIGH,VERY HIGH SUSCEPTIBILITY,"high static landslide susceptibility; high exposure to roads, settlements or infrastructure","prioritize location for detailed assessment; check nearby roads, settlements and infrastructure","VERY HIGH SUSCEPTIBILITY. Main evidence: high static landslide susceptibility; high exposure to roads, settlements or infrastructure. Recommended response: prioritize location for detailed assessment; check nearby roads, settlements and infrastructure.",24.072700691121742,LOW,13.215996809055468,LOW,STABLE_LOW,LOW,23.62883145523344,NORMAL,UNREFERENCED,65.65690797965853,HIGH
712_482,0.0882123292449301,LOW,22.82935285053929,LOW,36.08800895058342,MODERATE,INFRASTRUCTURE,0.0,LOW,75.96369257093815,24.03630742906185,MODERATE,LOW SUSCEPTIBILITY,no major independent warning signal,continue routine monitoring,LOW SUSCEPTIBILITY. Main evidence: no major independent warning signal. Recommended response: continue routine monitoring.,24.072700691121742,LOW,13.215996809055468,LOW,STABLE_LOW,LOW,23.62883145523344,NORMAL,UNREFERENCED,16.355896797829402,LOW
712_713,0.9539064949529668,VERY_HIGH,51.67372881355933,HIGH,66.97431708250079,HIGH,TRANSPORT,0.0,LOW,87.5915963689479,12.408403631052096,HIGH,VERY HIGH SUSCEPTIBILITY,"high static landslide susceptibility; high exposure to roads, settlements or infrastructure","prioritize location for detailed assessment; check nearby roads, settlements and infrastructure","VERY HIGH SUSCEPTIBILITY. Main evidence: high static landslide susceptibility; high exposure to roads, settlements or infrastructure. Recommended response: prioritize location for detailed assessment; check nearby roads, settlements and infrastructure.",24.072700691121742,LOW,13.215996809055468,LOW,STABLE_LOW,LOW,23.62883145523344,NORMAL,UNREFERENCED,65.71395566708267,HIGH
713_669,0.8865268313385959,VERY_HIGH,82.53081664098613,EXTREME,83.21741254142512,VERY_HIGH,TRANSPORT,0.0,LOW,82.07871480049937,17.92128519950063,HIGH,VERY HIGH SUSCEPTIBILITY,"high static landslide susceptibility; unstable terrain conditions; high exposure to roads, settlements or infrastructure","prioritize location for detailed assessment; check nearby roads, settlements and infrastructure","VERY HIGH SUSCEPTIBILITY. Main evidence: high static landslide susceptibility; unstable terrain conditions; high exposure to roads, settlements or infrastructure. Recommended response: prioritize location for detailed assessment; check nearby roads, settlements and infrastructure.",24.072700691121742,LOW,13.215996809055468,LOW,STABLE_LOW,LOW,23.62883145523344,NORMAL,UNREFERENCED,71.28975268875999,HIGH
713_1038,2.1798365122615804e-05,LOW,88.77118644067797,EXTREME,18.366094076251937,LOW,INFRASTRUCTURE,0.0,LOW,83.17928146110421,16.82071853889579,HIGH,LOW SUSCEPTIBILITY,unstable terrain conditions,continue routine monitoring,LOW SUSCEPTIBILITY. Main evidence: unstable terrain conditions. Recommended response: continue routine monitoring.,24.072700691121742,LOW,13.215996809055468,LOW,STABLE_LOW,LOW,23.62883145523344,NORMAL,UNREFERENCED,22.917402395116078,LOW
714_190,0.0392570060260274,LOW,20.662557781201848,LOW,29.547368458465563,MODERATE,TRANSPORT,0.0,LOW,79.9691281070302,20.0308718929698,MODERATE,LOW SUSCEPTIBILITY,no major independent warning signal,continue routine monitoring,LOW SUSCEPTIBILITY. Main evidence: no major independent warning signal. Recommended response: continue routine monitoring.,24.072700691121742,LOW,13.215996809055468,LOW,STABLE_LOW,LOW,23.62883145523344,NORMAL,UNREFERENCED,12.73845216529361,LOW
714_915,0.9356149267399269,VERY_HIGH,73.55932203389831,HIGH,51.442437458392334,HIGH,TRANSPORT,88.38886124603367,EXTREME,80.09501351515371,19.90498648484629,HIGH,VERY HIGH SUSCEPTIBILITY,high static landslide susceptibility; unstable terrain conditions; elevated neighbouring-cell risk,prioritize location for detailed assessment,VERY HIGH SUSCEPTIBILITY. Main evidence: high static landslide susceptibility; unstable terrain conditions; elevated neighbouring-cell risk. Recommended response: prioritize location for detailed assessment.,24.072700691121742,LOW,13.215996809055468,LOW,STABLE_LOW,LOW,23.62883145523344,NORMAL,UNREFERENCED,75.77705792255075,EXTREME
714_917,0.8986680375180376,VERY_HIGH,92.97958397534669,EXTREME,51.68491058035561,HIGH,TRANSPORT,95.49304487179488,EXTREME,77.07208621518095,22.92791378481905,MODERATE,VERY HIGH SUSCEPTIBILITY,high static landslide susceptibility; unstable terrain conditions; elevated neighbouring-cell risk,prioritize location for detailed assessment,VERY HIGH SUSCEPTIBILITY. Main evidence: high static landslide susceptibility; unstable terrain conditions; elevated neighbouring-cell risk. Recommended response: prioritize location for detailed assessment.,24.072700691121742,LOW,13.215996809055468,LOW,STABLE_LOW,LOW,23.62883145523344,NORMAL,UNREFERENCED,78.74528962672602,EXTREME
715_692,0.9249010426610432,VERY_HIGH,44.24114021571648,MODERATE,68.48604500979482,HIGH,TRANSPORT,93.44665042735042,EXTREME,85.21842299960869,14.781577000391309,HIGH,VERY HIGH SUSCEPTIBILITY,"high static landslide susceptibility; high exposure to roads, settlements or infrastructure; elevated neighbouring-cell risk","prioritize location for detailed assessment; check nearby roads, settlements and infrastructure","VERY HIGH SUSCEPTIBILITY. Main evidence: high static landslide susceptibility; high exposure to roads, settlements or infrastructure; elevated neighbouring-cell risk. Recommended response: prioritize location for detailed assessment; check nearby roads, settlements and infrastructure.",24.072700691121742,LOW,13.215996809055468,LOW,STABLE_LOW,LOW,23.62883145523344,NORMAL,UNREFERENCED,72.49361682620668,HIGH
715_926,0.9795299783549783,VERY_HIGH,88.70570107858244,EXTREME,53.29169105656126,HIGH,TRANSPORT,0.0,LOW,89.68806319274884,10.311936807251158,HIGH,VERY HIGH SUSCEPTIBILITY,high static landslide susceptibility; unstable terrain conditions,prioritize location for detailed assessment,VERY HIGH SUSCEPTIBILITY. Main evidence: high static landslide susceptibility; unstable terrain conditions. Recommended response: prioritize location for detailed assessment.,24.072700691121742,LOW,13.215996809055468,LOW,STABLE_LOW,LOW,23.62883145523344,NORMAL,UNREFERENCED,72.22101296928687,HIGH
716_753,0.0036372140229111,LOW,43.59206471494608,MODERATE,21.5537584698862,LOW,INFRASTRUCTURE,0.0,LOW,82.88347472546698,17.116525274533018,HIGH,LOW SUSCEPTIBILITY,no major independent warning signal,continue routine monitoring,LOW SUSCEPTIBILITY. Main evidence: no major independent warning signal. Recommended response: continue routine monitoring.,24.072700691121742,LOW,13.215996809055468,LOW,STABLE_LOW,LOW,23.62883145523344,NORMAL,UNREFERENCED,14.522421413615321,LOW
717_222,0.0049343585585523,LOW,30.132896764252692,MODERATE,35.07559697634435,MODERATE,TRANSPORT,0.0,LOW,82.77734471800542,17.222655281994577,HIGH,LOW SUSCEPTIBILITY,no major independent warning signal,continue routine monitoring,LOW SUSCEPTIBILITY. Main evidence: no major independent warning signal. Recommended response: continue routine monitoring.,24.072700691121742,LOW,13.215996809055468,LOW,STABLE_LOW,LOW,23.62883145523344,NORMAL,UNREFERENCED,13.917235103549219,LOW
717_641,0.9649964646464648,VERY_HIGH,64.87288135593221,HIGH,75.9037302507382,VERY_HIGH,TRANSPORT,0.0,LOW,88.49895752568864,11.501042474311362,HIGH,VERY HIGH SUSCEPTIBILITY,"high static landslide susceptibility; unstable terrain conditions; high exposure to roads, settlements or infrastructure","prioritize location for detailed assessment; check nearby roads, settlements and infrastructure","VERY HIGH SUSCEPTIBILITY. Main evidence: high static landslide susceptibility; unstable terrain conditions; high exposure to roads, settlements or infrastructure. Recommended response: prioritize location for detailed assessment; check nearby roads, settlements and infrastructure.",24.072700691121742,LOW,13.215996809055468,LOW,STABLE_LOW,LOW,23.62883145523344,NORMAL,UNREFERENCED,70.19224678700026,HIGH
718_841,0.9961908472479902,VERY_HIGH,80.0520030816641,EXTREME,62.11683303987202,HIGH,TRANSPORT,99.13311309523812,EXTREME,91.05122519308615,8.948774806913832,HIGH,VERY HIGH SUSCEPTIBILITY,"high static landslide susceptibility; unstable terrain conditions; high exposure to roads, settlements or infrastructure; elevated neighbouring-cell risk","prioritize location for detailed assessment; check nearby roads, settlements and infrastructure","VERY HIGH SUSCEPTIBILITY. Main evidence: high static landslide susceptibility; unstable terrain conditions; high exposure to roads, settlements or infrastructure; elevated neighbouring-cell risk. Recommended response: prioritize location for detailed assessment; check nearby roads, settlements and infrastructure.",24.072700691121742,LOW,13.215996809055468,LOW,STABLE_LOW,LOW,23.62883145523344,NORMAL,UNREFERENCED,82.47709507710917,EXTREME
719_841,0.9876159013605446,VERY_HIGH,67.43836671802774,HIGH,60.182175387529455,HIGH,TRANSPORT,99.73335930735932,EXTREME,90.34963871138608,9.650361288613922,HIGH,VERY HIGH SUSCEPTIBILITY,"high static landslide susceptibility; unstable terrain conditions; high exposure to roads, settlements or infrastructure; elevated neighbouring-cell risk","prioritize location for detailed assessment; check nearby roads, settlements and infrastructure","VERY HIGH SUSCEPTIBILITY. Main evidence: high static landslide susceptibility; unstable terrain conditions; high exposure to roads, settlements or infrastructure; elevated neighbouring-cell risk. Recommended response: prioritize location for detailed assessment; check nearby roads, settlements and infrastructure.",24.072700691121742,LOW,13.215996809055468,LOW,STABLE_LOW,LOW,23.62883145523344,NORMAL,UNREFERENCED,79.33832121280757,EXTREME
719_913,0.6727729685065894,HIGH,24.55315870570108,LOW,52.06524641472334,HIGH,TRANSPORT,95.49304487179488,EXTREME,64.58976238697157,35.41023761302843,MODERATE,HIGH SUSCEPTIBILITY,high static landslide susceptibility; elevated neighbouring-cell risk,continue routine monitoring,HIGH SUSCEPTIBILITY. Main evidence: high static landslide susceptibility; elevated neighbouring-cell risk. Recommended response: continue routine monitoring.,24.072700691121742,LOW,13.215996809055468,LOW,STABLE_LOW,LOW,23.62883145523344,NORMAL,UNREFERENCED,54.9517768424369,HIGH
719_1244,7.659288567056101e-05,LOW,25.45261941448382,MODERATE,22.92429358186515,LOW,SETTLEMENT,0.0,LOW,83.17479827305938,16.82520172694062,HIGH,LOW SUSCEPTIBILITY,no major independent warning signal,continue routine monitoring,LOW SUSCEPTIBILITY. Main evidence: no major independent warning signal. Recommended response: continue routine monitoring.,24.072700691121742,LOW,13.215996809055468,LOW,STABLE_LOW,LOW,23.62883145523344,NORMAL,UNREFERENCED,10.939884669143886,LOW
720_667,0.9697854272205336,VERY_HIGH,58.22033898305085,HIGH,63.65567954292444,HIGH,TRANSPORT,98.80144992372102,EXTREME,88.89078173629426,11.109218263705742,HIGH,VERY HIGH SUSCEPTIBILITY,"high static landslide susceptibility; high exposure to roads, settlements or infrastructure; elevated neighbouring-cell risk","prioritize location for detailed assessment; check nearby roads, settlements and infrastructure","VERY HIGH SUSCEPTIBILITY. Main evidence: high static landslide susceptibility; high exposure to roads, settlements or infrastructure; elevated neighbouring-cell risk. Recommended response: prioritize location for detailed assessment; check nearby roads, settlements and infrastructure.",24.072700691121742,LOW,13.215996809055468,LOW,STABLE_LOW,LOW,23.62883145523344,NORMAL,UNREFERENCED,77.12017901445714,EXTREME
720_691,0.9063807203907204,VERY_HIGH,84.78428351309708,EXTREME,57.11029622333727,HIGH,TRANSPORT,93.32311110768484,EXTREME,83.7031239047641,16.296876095235902,HIGH,VERY HIGH SUSCEPTIBILITY,high static landslide susceptibility; unstable terrain conditions; elevated neighbouring-cell risk,prioritize location for detailed assessment,VERY HIGH SUSCEPTIBILITY. Main evidence: high static landslide susceptibility; unstable terrain conditions; elevated neighbouring-cell risk. Recommended response: prioritize location for detailed assessment.,24.072700691121742,LOW,13.215996809055468,LOW,STABLE_LOW,LOW,23.62883145523344,NORMAL,UNREFERENCED,78.05011473358309,EXTREME
721_483,0.9810444727891158,VERY_HIGH,79.85939907550076,EXTREME,55.052385799951495,HIGH,TRANSPORT,0.0,LOW,89.81197637372371,10.18802362627629,HIGH,VERY HIGH SUSCEPTIBILITY,high static landslide susceptibility; unstable terrain conditions,prioritize location for detailed assessment,VERY HIGH SUSCEPTIBILITY. Main evidence: high static landslide susceptibility; unstable terrain conditions. Recommended response: prioritize location for detailed assessment.,24.072700691121742,LOW,13.215996809055468,LOW,STABLE_LOW,LOW,23.62883145523344,NORMAL,UNREFERENCED,70.78400902971526,HIGH
721_602,0.6543338383838389,HIGH,27.14368258859784,MODERATE,78.80023287782416,VERY_HIGH,TRANSPORT,0.0,LOW,63.08110628601925,36.91889371398075,MODERATE,HIGH SUSCEPTIBILITY,"high static landslide susceptibility; high exposure to roads, settlements or infrastructure","check nearby roads, settlements and infrastructure","HIGH SUSCEPTIBILITY. Main evidence: high static landslide susceptibility; high exposure to roads, settlements or infrastructure. Recommended response: check nearby roads, settlements and infrastructure.",24.072700691121742,LOW,13.215996809055468,LOW,STABLE_LOW,LOW,23.62883145523344,NORMAL,UNREFERENCED,49.10106424577812,MODERATE
721_691,0.8626883726858731,VERY_HIGH,57.70993836671804,HIGH,55.47700602015204,HIGH,TRANSPORT,92.931367454378,EXTREME,80.12829545618567,19.87170454381433,HIGH,VERY HIGH SUSCEPTIBILITY,high static landslide susceptibility; elevated neighbouring-cell risk,prioritize location for detailed assessment,VERY HIGH SUSCEPTIBILITY. Main evidence: high static landslide susceptibility; elevated neighbouring-cell risk. Recommended response: prioritize location for detailed assessment.,24.072700691121742,LOW,13.215996809055468,LOW,STABLE_LOW,LOW,23.62883145523344,NORMAL,UNREFERENCED,70.38492216178068,HIGH
721_1282,7.659288567056101e-05,LOW,28.890600924499232,MODERATE,23.52980046193211,LOW,SETTLEMENT,0.0,LOW,83.17479827305938,16.82520172694062,HIGH,LOW SUSCEPTIBILITY,no major independent warning signal,continue routine monitoring,LOW SUSCEPTIBILITY. Main evidence: no major independent warning signal. Recommended response: continue routine monitoring.,24.072700691121742,LOW,13.215996809055468,LOW,STABLE_LOW,LOW,23.62883145523344,NORMAL,UNREFERENCED,11.718307003157012,LOW
722_666,0.9789713057098604,VERY_HIGH,46.68528505392912,MODERATE,61.63609673807409,HIGH,TRANSPORT,98.61773235393449,EXTREME,89.64235361269374,10.35764638730626,HIGH,VERY HIGH SUSCEPTIBILITY,"high static landslide susceptibility; high exposure to roads, settlements or infrastructure; elevated neighbouring-cell risk","prioritize location for detailed assessment; check nearby roads, settlements and infrastructure","VERY HIGH SUSCEPTIBILITY. Main evidence: high static landslide susceptibility; high exposure to roads, settlements or infrastructure; elevated neighbouring-cell risk. Recommended response: prioritize location for detailed assessment; check nearby roads, settlements and infrastructure.",24.072700691121742,LOW,13.215996809055468,LOW,STABLE_LOW,LOW,23.62883145523344,NORMAL,UNREFERENCED,74.90522358294628,HIGH
722_691,0.8806165717420988,VERY_HIGH,59.19684129429892,HIGH,56.9706729003633,HIGH,TRANSPORT,92.57280347325349,EXTREME,81.59514810624052,18.404851893759485,HIGH,VERY HIGH SUSCEPTIBILITY,high static landslide susceptibility; elevated neighbouring-cell risk,prioritize location for detailed assessment,VERY HIGH SUSCEPTIBILITY. Main evidence: high static landslide susceptibility; elevated neighbouring-cell risk. Recommended response: prioritize location for detailed assessment.,24.072700691121742,LOW,13.215996809055468,LOW,STABLE_LOW,LOW,23.62883145523344,NORMAL,UNREFERENCED,71.67726533874625,HIGH
723_1336,0.0051106872540115,LOW,97.15716486902927,EXTREME,20.68390506813001,LOW,INFRASTRUCTURE,0.0,LOW,82.76291782474058,17.237082175259417,HIGH,LOW SUSCEPTIBILITY,unstable terrain conditions,continue routine monitoring,LOW SUSCEPTIBILITY. Main evidence: unstable terrain conditions. Recommended response: continue routine monitoring.,24.072700691121742,LOW,13.215996809055468,LOW,STABLE_LOW,LOW,23.62883145523344,NORMAL,UNREFERENCED,25.171269729568046,MODERATE
724_645,0.9750873015873018,VERY_HIGH,80.81664098613251,EXTREME,59.30546598685407,HIGH,TRANSPORT,98.588375,EXTREME,89.32457145721168,10.675428542788325,HIGH,VERY HIGH SUSCEPTIBILITY,high static landslide susceptibility; unstable terrain conditions; elevated neighbouring-cell risk,prioritize location for detailed assessment,VERY HIGH SUSCEPTIBILITY. Main evidence: high static landslide susceptibility; unstable terrain conditions; elevated neighbouring-cell risk. Recommended response: prioritize location for detailed assessment.,24.072700691121742,LOW,13.215996809055468,LOW,STABLE_LOW,LOW,23.62883145523344,NORMAL,UNREFERENCED,81.20418423579537,EXTREME
724_665,0.9844404761904764,VERY_HIGH,79.20454545454545,EXTREME,60.44266822452923,HIGH,TRANSPORT,98.3442738299037,EXTREME,90.0898311974714,9.910168802528588,HIGH,VERY HIGH SUSCEPTIBILITY,"high static landslide susceptibility; unstable terrain conditions; high exposure to roads, settlements or infrastructure; elevated neighbouring-cell risk","prioritize location for detailed assessment; check nearby roads, settlements and infrastructure","VERY HIGH SUSCEPTIBILITY. Main evidence: high static landslide susceptibility; unstable terrain conditions; high exposure to roads, settlements or infrastructure; elevated neighbouring-cell risk. Recommended response: prioritize location for detailed assessment; check nearby roads, settlements and infrastructure.",24.072700691121742,LOW,13.215996809055468,LOW,STABLE_LOW,LOW,23.62883145523344,NORMAL,UNREFERENCED,81.44882820526246,EXTREME
725_685,0.8948047657251663,VERY_HIGH,36.30585516178736,MODERATE,53.88823512842903,HIGH,TRANSPORT,88.97433369979117,EXTREME,82.75600034121877,17.243999658781235,HIGH,VERY HIGH SUSCEPTIBILITY,high static landslide susceptibility; elevated neighbouring-cell risk,prioritize location for detailed assessment,VERY HIGH SUSCEPTIBILITY. Main evidence: high static landslide susceptibility; elevated neighbouring-cell risk. Recommended response: prioritize location for detailed assessment.,24.072700691121742,LOW,13.215996809055468,LOW,STABLE_LOW,LOW,23.62883145523344,NORMAL,UNREFERENCED,66.9153241983456,HIGH
725_830,0.9781328197945848,VERY_HIGH,72.3902157164869,HIGH,67.55131423187915,HIGH,TRANSPORT,0.0,LOW,89.57375021962572,10.426249780374278,HIGH,VERY HIGH SUSCEPTIBILITY,"high static landslide susceptibility; unstable terrain conditions; high exposure to roads, settlements or infrastructure","prioritize location for detailed assessment; check nearby roads, settlements and infrastructure","VERY HIGH SUSCEPTIBILITY. Main evidence: high static landslide susceptibility; unstable terrain conditions; high exposure to roads, settlements or infrastructure. Recommended response: prioritize location for detailed assessment; check nearby roads, settlements and infrastructure.",24.072700691121742,LOW,13.215996809055468,LOW,STABLE_LOW,LOW,23.62883145523344,NORMAL,UNREFERENCED,71.03398723794774,HIGH
726_607,0.8346823228128463,VERY_HIGH,47.28043143297381,MODERATE,73.17228666556798,HIGH,TRANSPORT,91.06569696969696,EXTREME,77.8368913756653,22.163108624334697,MODERATE,VERY HIGH SUSCEPTIBILITY,"high static landslide susceptibility; high exposure to roads, settlements or infrastructure; elevated neighbouring-cell risk","prioritize location for detailed assessment; check nearby roads, settlements and infrastructure","VERY HIGH SUSCEPTIBILITY. Main evidence: high static landslide susceptibility; high exposure to roads, settlements or infrastructure; elevated neighbouring-cell risk. Recommended response: prioritize location for detailed assessment; check nearby roads, settlements and infrastructure.",24.072700691121742,LOW,13.215996809055468,LOW,STABLE_LOW,LOW,23.62883145523344,NORMAL,UNREFERENCED,69.5064735790899,HIGH
726_685,0.8424904814255881,VERY_HIGH,30.425654853620955,MODERATE,54.99916931428201,HIGH,TRANSPORT,92.63633360076165,EXTREME,78.47574071670782,21.52425928329218,MODERATE,VERY HIGH SUSCEPTIBILITY,high static landslide susceptibility; elevated neighbouring-cell risk,prioritize location for detailed assessment,VERY HIGH SUSCEPTIBILITY. Main evidence: high static landslide susceptibility; elevated neighbouring-cell risk. Recommended response: prioritize location for detailed assessment.,24.072700691121742,LOW,13.215996809055468,LOW,STABLE_LOW,LOW,23.62883145523344,NORMAL,UNREFERENCED,63.91798146120629,HIGH
727_445,0.9835692307692308,VERY_HIGH,69.15446841294299,HIGH,63.50994598369972,HIGH,TRANSPORT,0.0,LOW,90.01854748118768,9.981452518812318,HIGH,VERY HIGH SUSCEPTIBILITY,"high static landslide susceptibility; unstable terrain conditions; high exposure to roads, settlements or infrastructure","prioritize location for detailed assessment; check nearby roads, settlements and infrastructure","VERY HIGH SUSCEPTIBILITY. Main evidence: high static landslide susceptibility; unstable terrain conditions; high exposure to roads, settlements or infrastructure. Recommended response: prioritize location for detailed assessment; check nearby roads, settlements and infrastructure.",24.072700691121742,LOW,13.215996809055468,LOW,STABLE_LOW,LOW,23.62883145523344,NORMAL,UNREFERENCED,70.02527103387112,HIGH
727_501,0.946377244299726,VERY_HIGH,56.29815100154084,HIGH,56.889917447181226,HIGH,TRANSPORT,0.0,LOW,86.97556677004638,13.024433229953615,HIGH,VERY HIGH SUSCEPTIBILITY,high static landslide susceptibility,prioritize location for detailed assessment,VERY HIGH SUSCEPTIBILITY. Main evidence: high static landslide susceptibility. Recommended response: prioritize location for detailed assessment.,24.072700691121742,LOW,13.215996809055468,LOW,STABLE_LOW,LOW,23.62883145523344,NORMAL,UNREFERENCED,64.78736387998521,HIGH
728_350,0.0183013547924058,LOW,73.0373651771957,HIGH,30.78000831305327,MODERATE,SETTLEMENT,0.0,LOW,81.68368138978104,18.31631861021896,HIGH,LOW SUSCEPTIBILITY,unstable terrain conditions,continue routine monitoring,LOW SUSCEPTIBILITY. Main evidence: unstable terrain conditions. Recommended response: continue routine monitoring.,24.072700691121742,LOW,13.215996809055468,LOW,STABLE_LOW,LOW,23.62883145523344,NORMAL,UNREFERENCED,22.455305317167564,LOW
728_606,0.8723670995670997,VERY_HIGH,56.44260400616333,HIGH,74.69544588965287,HIGH,TRANSPORT,88.42776259689924,EXTREME,80.92019129192241,19.079808708077596,HIGH,VERY HIGH SUSCEPTIBILITY,"high static landslide susceptibility; high exposure to roads, settlements or infrastructure; elevated neighbouring-cell risk","prioritize location for detailed assessment; check nearby roads, settlements and infrastructure","VERY HIGH SUSCEPTIBILITY. Main evidence: high static landslide susceptibility; high exposure to roads, settlements or infrastructure; elevated neighbouring-cell risk. Recommended response: prioritize location for detailed assessment; check nearby roads, settlements and infrastructure.",24.072700691121742,LOW,13.215996809055468,LOW,STABLE_LOW,LOW,23.62883145523344,NORMAL,UNREFERENCED,72.99940349400218,HIGH
729_645,0.9798339285714288,VERY_HIGH,82.4075500770416,EXTREME,59.37985254215437,HIGH,TRANSPORT,98.42097222222225,EXTREME,89.71293184682207,10.287068153177929,HIGH,VERY HIGH SUSCEPTIBILITY,high static landslide susceptibility; unstable terrain conditions; elevated neighbouring-cell risk,prioritize location for detailed assessment,VERY HIGH SUSCEPTIBILITY. Main evidence: high static landslide susceptibility; unstable terrain conditions; elevated neighbouring-cell risk. Recommended response: prioritize location for detailed assessment.,24.072700691121742,LOW,13.215996809055468,LOW,STABLE_LOW,LOW,23.62883145523344,NORMAL,UNREFERENCED,81.73038197378017,EXTREME
730_648,0.978384523809524,VERY_HIGH,89.80546995377505,EXTREME,58.60520499329771,HIGH,TRANSPORT,98.4991036318333,EXTREME,89.59434418448438,10.405655815515615,HIGH,VERY HIGH SUSCEPTIBILITY,high static landslide susceptibility; unstable terrain conditions; elevated neighbouring-cell risk,prioritize location for detailed assessment,VERY HIGH SUSCEPTIBILITY. Main evidence: high static landslide susceptibility; unstable terrain conditions; elevated neighbouring-cell risk. Recommended response: prioritize location for detailed assessment.,24.072700691121742,LOW,13.215996809055468,LOW,STABLE_LOW,LOW,23.62883145523344,NORMAL,UNREFERENCED,83.03635874347374,EXTREME
731_651,0.9753703601630928,VERY_HIGH,67.846687211094,HIGH,54.66805250938432,HIGH,TRANSPORT,95.68269683094684,EXTREME,89.34773079523093,10.65226920476907,HIGH,VERY HIGH SUSCEPTIBILITY,high static landslide susceptibility; unstable terrain conditions; elevated neighbouring-cell risk,prioritize location for detailed assessment,VERY HIGH SUSCEPTIBILITY. Main evidence: high static landslide susceptibility; unstable terrain conditions; elevated neighbouring-cell risk. Recommended response: prioritize location for detailed assessment.,24.072700691121742,LOW,13.215996809055468,LOW,STABLE_LOW,LOW,23.62883145523344,NORMAL,UNREFERENCED,77.63675127817248,EXTREME
732_654,0.838173532023532,VERY_HIGH,26.519645608628657,MODERATE,57.97673224950204,HIGH,TRANSPORT,98.27592521141648,EXTREME,78.1225357656305,21.877464234369494,MODERATE,VERY HIGH SUSCEPTIBILITY,high static landslide susceptibility; elevated neighbouring-cell risk,prioritize location for detailed assessment,VERY HIGH SUSCEPTIBILITY. Main evidence: high static landslide susceptibility; elevated neighbouring-cell risk. Recommended response: prioritize location for detailed assessment.,24.072700691121742,LOW,13.215996809055468,LOW,STABLE_LOW,LOW,23.62883145523344,NORMAL,UNREFERENCED,63.95311049046379,HIGH
732_689,0.0595620781946244,LOW,82.03775038520801,EXTREME,42.66175647822586,MODERATE,TRANSPORT,0.0,LOW,78.30780402050863,21.692195979491373,MODERATE,LOW SUSCEPTIBILITY,unstable terrain conditions,continue routine monitoring,LOW SUSCEPTIBILITY. Main evidence: unstable terrain conditions. Recommended response: continue routine monitoring.,24.072700691121742,LOW,13.215996809055468,LOW,STABLE_LOW,LOW,23.62883145523344,NORMAL,UNREFERENCED,27.89437713664575,MODERATE
732_833,0.9844615540899144,VERY_HIGH,48.24537750385208,MODERATE,60.67954529533299,HIGH,TRANSPORT,0.0,LOW,90.09155575287998,9.908444247120016,HIGH,VERY HIGH SUSCEPTIBILITY,"high static landslide susceptibility; high exposure to roads, settlements or infrastructure","prioritize location for detailed assessment; check nearby roads, settlements and infrastructure","VERY HIGH SUSCEPTIBILITY. Main evidence: high static landslide susceptibility; high exposure to roads, settlements or infrastructure. Recommended response: prioritize location for detailed assessment; check nearby roads, settlements and infrastructure.",24.072700691121742,LOW,13.215996809055468,LOW,STABLE_LOW,LOW,23.62883145523344,NORMAL,UNREFERENCED,65.4590472982287,HIGH
733_1560,6.220240552665621e-05,LOW,26.82973805855162,MODERATE,21.20491453778112,LOW,SETTLEMENT,0.0,LOW,83.17597567598025,16.824024324019746,HIGH,LOW SUSCEPTIBILITY,no major independent warning signal,continue routine monitoring,LOW SUSCEPTIBILITY. Main evidence: no major independent warning signal. Recommended response: continue routine monitoring.,24.072700691121742,LOW,13.215996809055468,LOW,STABLE_LOW,LOW,23.62883145523344,NORMAL,UNREFERENCED,10.956753969738367,LOW
734_444,0.9226296152022222,VERY_HIGH,55.71841294298921,HIGH,61.40055528368347,HIGH,TRANSPORT,98.11466366612116,EXTREME,85.03257893479605,14.96742106520395,HIGH,VERY HIGH SUSCEPTIBILITY,"high static landslide susceptibility; high exposure to roads, settlements or infrastructure; elevated neighbouring-cell risk","prioritize location for detailed assessment; check nearby roads, settlements and infrastructure","VERY HIGH SUSCEPTIBILITY. Main evidence: high static landslide susceptibility; high exposure to roads, settlements or infrastructure; elevated neighbouring-cell risk. Recommended response: prioritize location for detailed assessment; check nearby roads, settlements and infrastructure.",24.072700691121742,LOW,13.215996809055468,LOW,STABLE_LOW,LOW,23.62883145523344,NORMAL,UNREFERENCED,74.09083500097465,HIGH
734_749,0.0113681664038635,LOW,92.54044684129433,EXTREME,21.677476505081927,LOW,INFRASTRUCTURE,0.0,LOW,76.25094225793451,23.74905774206549,MODERATE,LOW SUSCEPTIBILITY,unstable terrain conditions,continue routine monitoring,LOW SUSCEPTIBILITY. Main evidence: unstable terrain conditions. Recommended response: continue routine monitoring.,24.072700691121742,LOW,13.215996809055468,LOW,STABLE_LOW,LOW,23.62883145523344,NORMAL,UNREFERENCED,24.678548401307182,LOW
736_445,0.9730666238017306,VERY_HIGH,54.88251155624037,HIGH,59.81924999596402,HIGH,TRANSPORT,96.4162451479863,EXTREME,89.15924327475584,10.840756725244162,HIGH,VERY HIGH SUSCEPTIBILITY,high static landslide susceptibility; elevated neighbouring-cell risk,prioritize location for detailed assessment,VERY HIGH SUSCEPTIBILITY. Main evidence: high static landslide susceptibility; elevated neighbouring-cell risk. Recommended response: prioritize location for detailed assessment.,24.072700691121742,LOW,13.215996809055468,LOW,STABLE_LOW,LOW,23.62883145523344,NORMAL,UNREFERENCED,75.78628246563136,EXTREME
736_487,0.9942666666666666,VERY_HIGH,72.89098613251156,HIGH,58.73367216246535,HIGH,TRANSPORT,0.0,LOW,90.89379223643245,9.106207763567568,HIGH,VERY HIGH SUSCEPTIBILITY,high static landslide susceptibility; unstable terrain conditions,prioritize location for detailed assessment,VERY HIGH SUSCEPTIBILITY. Main evidence: high static landslide susceptibility; unstable terrain conditions. Recommended response: prioritize location for detailed assessment.,24.072700691121742,LOW,13.215996809055468,LOW,STABLE_LOW,LOW,23.62883145523344,NORMAL,UNREFERENCED,70.53751811998428,HIGH
736_1158,0.0102324521181492,LOW,77.17449922958397,EXTREME,19.11336879414364,LOW,INFRASTRUCTURE,0.0,LOW,82.34386433585658,17.65613566414342,HIGH,LOW SUSCEPTIBILITY,unstable terrain conditions,continue routine monitoring,LOW SUSCEPTIBILITY. Main evidence: unstable terrain conditions. Recommended response: continue routine monitoring.,24.072700691121742,LOW,13.215996809055468,LOW,STABLE_LOW,LOW,23.62883145523344,NORMAL,UNREFERENCED,21.169635579467226,LOW
738_651,0.969984438009438,VERY_HIGH,65.08667180277351,HIGH,55.59034216255896,HIGH,TRANSPORT,96.4135003238302,EXTREME,88.90706443720464,11.09293556279536,HIGH,VERY HIGH SUSCEPTIBILITY,high static landslide susceptibility; unstable terrain conditions; elevated neighbouring-cell risk,prioritize location for detailed assessment,VERY HIGH SUSCEPTIBILITY. Main evidence: high static landslide susceptibility; unstable terrain conditions; elevated neighbouring-cell risk. Recommended response: prioritize location for detailed assessment.,24.072700691121742,LOW,13.215996809055468,LOW,STABLE_LOW,LOW,23.62883145523344,NORMAL,UNREFERENCED,77.05380549685844,EXTREME
738_654,0.9754762755380753,VERY_HIGH,40.281201848998464,MODERATE,55.3219465044018,HIGH,TRANSPORT,96.34027582344837,EXTREME,89.35639659863858,10.643603401361418,HIGH,VERY HIGH SUSCEPTIBILITY,high static landslide susceptibility; elevated neighbouring-cell risk,prioritize location for detailed assessment,VERY HIGH SUSCEPTIBILITY. Main evidence: high static landslide susceptibility; elevated neighbouring-cell risk. Recommended response: prioritize location for detailed assessment.,24.072700691121742,LOW,13.215996809055468,LOW,STABLE_LOW,LOW,23.62883145523344,NORMAL,UNREFERENCED,72.29226239613037,HIGH
738_836,0.9969333333333332,VERY_HIGH,79.86710323574731,EXTREME,58.333695406982976,HIGH,TRANSPORT,97.85667508237722,EXTREME,91.11197405461424,8.888025945385749,HIGH,VERY HIGH SUSCEPTIBILITY,high static landslide susceptibility; unstable terrain conditions; elevated neighbouring-cell risk,prioritize location for detailed assessment,VERY HIGH SUSCEPTIBILITY. Main evidence: high static landslide susceptibility; unstable terrain conditions; elevated neighbouring-cell risk. Recommended response: prioritize location for detailed assessment.,24.072700691121742,LOW,13.215996809055468,LOW,STABLE_LOW,LOW,23.62883145523344,NORMAL,UNREFERENCED,81.77841253554679,EXTREME
739_651,0.8057239767949529,VERY_HIGH,29.14869029275809,MODERATE,55.64777289397605,HIGH,TRANSPORT,98.60363980669,EXTREME,75.46757215601949,24.532427843980518,MODERATE,VERY HIGH SUSCEPTIBILITY,high static landslide susceptibility; elevated neighbouring-cell risk,prioritize location for detailed assessment,VERY HIGH SUSCEPTIBILITY. Main evidence: high static landslide susceptibility; elevated neighbouring-cell risk. Recommended response: prioritize location for detailed assessment.,24.072700691121742,LOW,13.215996809055468,LOW,STABLE_LOW,LOW,23.62883145523344,NORMAL,UNREFERENCED,62.70211699820208,HIGH
739_652,0.984557622139765,VERY_HIGH,82.23420647149462,EXTREME,55.24418155864166,HIGH,TRANSPORT,95.9467508040418,EXTREME,90.09941586604955,9.900584133950431,HIGH,VERY HIGH SUSCEPTIBILITY,high static landslide susceptibility; unstable terrain conditions; elevated neighbouring-cell risk,prioritize location for detailed assessment,VERY HIGH SUSCEPTIBILITY. Main evidence: high static landslide susceptibility; unstable terrain conditions; elevated neighbouring-cell risk. Recommended response: prioritize location for detailed assessment.,24.072700691121742,LOW,13.215996809055468,LOW,STABLE_LOW,LOW,23.62883145523344,NORMAL,UNREFERENCED,81.04050667390095,EXTREME
739_864,0.0357633383865464,LOW,68.09129429892141,HIGH,36.44181973482713,MODERATE,INFRASTRUCTURE,0.0,LOW,80.25497364116956,19.745026358830444,HIGH,LOW SUSCEPTIBILITY,unstable terrain conditions,continue routine monitoring,LOW SUSCEPTIBILITY. Main evidence: unstable terrain conditions. Recommended response: continue routine monitoring.,24.072700691121742,LOW,13.215996809055468,LOW,STABLE_LOW,LOW,23.62883145523344,NORMAL,UNREFERENCED,23.101152116515117,LOW
740_137,0.1099661616161616,LOW,7.442218798151002,LOW,53.3384392578182,HIGH,TRANSPORT,0.0,LOW,74.18383355874647,25.81616644125353,MODERATE,LOW SUSCEPTIBILITY,no major independent warning signal,continue routine monitoring,LOW SUSCEPTIBILITY. Main evidence: no major independent warning signal. Recommended response: continue routine monitoring.,24.072700691121742,LOW,13.215996809055468,LOW,STABLE_LOW,LOW,23.62883145523344,NORMAL,UNREFERENCED,16.84495699014238,LOW
740_449,0.959273056878837,VERY_HIGH,55.77041602465332,HIGH,58.339332670133984,HIGH,TRANSPORT,98.78466809874524,EXTREME,88.03067870833728,11.969321291662723,HIGH,VERY HIGH SUSCEPTIBILITY,high static landslide susceptibility; elevated neighbouring-cell risk,prioritize location for detailed assessment,VERY HIGH SUSCEPTIBILITY. Main evidence: high static landslide susceptibility; elevated neighbouring-cell risk. Recommended response: prioritize location for detailed assessment.,24.072700691121742,LOW,13.215996809055468,LOW,STABLE_LOW,LOW,23.62883145523344,NORMAL,UNREFERENCED,75.35800754398512,EXTREME
740_937,0.0164370657461434,LOW,81.76232665639445,EXTREME,26.02470487982556,MODERATE,INFRASTRUCTURE,0.0,LOW,75.83621412992979,24.16378587007021,MODERATE,LOW SUSCEPTIBILITY,unstable terrain conditions,continue routine monitoring,LOW SUSCEPTIBILITY. Main evidence: unstable terrain conditions. Recommended response: continue routine monitoring.,24.072700691121742,LOW,13.215996809055468,LOW,STABLE_LOW,LOW,23.62883145523344,NORMAL,UNREFERENCED,23.40310909094135,LOW
741_64,0.0296769841269841,LOW,6.350154083204931,LOW,52.13467634359711,HIGH,TRANSPORT,0.0,LOW,80.75294808058828,19.24705191941172,HIGH,LOW SUSCEPTIBILITY,no major independent warning signal,continue routine monitoring,LOW SUSCEPTIBILITY. Main evidence: no major independent warning signal. Recommended response: continue routine monitoring.,24.072700691121742,LOW,13.215996809055468,LOW,STABLE_LOW,LOW,23.62883145523344,NORMAL,UNREFERENCED,12.83296662300701,LOW
741_276,0.0142507366249304,LOW,32.61941448382127,MODERATE,36.10664152477005,MODERATE,TRANSPORT,0.0,LOW,82.01509560348357,17.984904396516427,HIGH,LOW SUSCEPTIBILITY,no major independent warning signal,continue routine monitoring,LOW SUSCEPTIBILITY. Main evidence: no major independent warning signal. Recommended response: continue routine monitoring.,24.072700691121742,LOW,13.215996809055468,LOW,STABLE_LOW,LOW,23.62883145523344,NORMAL,UNREFERENCED,14.988432342713802,LOW
741_837,0.9364289922140993,VERY_HIGH,58.07203389830509,HIGH,56.81540346663214,HIGH,TRANSPORT,99.49790476190476,EXTREME,86.16161887213146,13.838381127868544,HIGH,VERY HIGH SUSCEPTIBILITY,high static landslide susceptibility; elevated neighbouring-cell risk,prioritize location for detailed assessment,VERY HIGH SUSCEPTIBILITY. Main evidence: high static landslide susceptibility; elevated neighbouring-cell risk. Recommended response: prioritize location for detailed assessment.,24.072700691121742,LOW,13.215996809055468,LOW,STABLE_LOW,LOW,23.62883145523344,NORMAL,UNREFERENCED,74.63308249459295,HIGH
742_554,0.9221340301003343,VERY_HIGH,44.29121725731896,MODERATE,53.61157475397536,HIGH,TRANSPORT,0.0,LOW,84.99203106282343,15.007968937176573,HIGH,VERY HIGH SUSCEPTIBILITY,high static landslide susceptibility,prioritize location for detailed assessment,VERY HIGH SUSCEPTIBILITY. Main evidence: high static landslide susceptibility. Recommended response: prioritize location for detailed assessment.,24.072700691121742,LOW,13.215996809055468,LOW,STABLE_LOW,LOW,23.62883145523344,NORMAL,UNREFERENCED,60.80328108818732,HIGH
742_839,0.9825619047619047,VERY_HIGH,72.66949152542372,HIGH,61.42742602328979,HIGH,TRANSPORT,97.96366649954156,EXTREME,89.9361298987701,10.063870101229895,HIGH,VERY HIGH SUSCEPTIBILITY,"high static landslide susceptibility; unstable terrain conditions; high exposure to roads, settlements or infrastructure; elevated neighbouring-cell risk","prioritize location for detailed assessment; check nearby roads, settlements and infrastructure","VERY HIGH SUSCEPTIBILITY. Main evidence: high static landslide susceptibility; unstable terrain conditions; high exposure to roads, settlements or infrastructure; elevated neighbouring-cell risk. Recommended response: prioritize location for detailed assessment; check nearby roads, settlements and infrastructure.",24.072700691121742,LOW,13.215996809055468,LOW,STABLE_LOW,LOW,23.62883145523344,NORMAL,UNREFERENCED,80.16693464193025,EXTREME
743_450,0.9864667124542126,VERY_HIGH,79.32973805855161,EXTREME,56.6756940873378,HIGH,TRANSPORT,97.14911398151858,EXTREME,90.25561416450438,9.74438583549562,HIGH,VERY HIGH SUSCEPTIBILITY,high static landslide susceptibility; unstable terrain conditions; elevated neighbouring-cell risk,prioritize location for detailed assessment,VERY HIGH SUSCEPTIBILITY. Main evidence: high static landslide susceptibility; unstable terrain conditions; elevated neighbouring-cell risk. Recommended response: prioritize location for detailed assessment.,24.072700691121742,LOW,13.215996809055468,LOW,STABLE_LOW,LOW,23.62883145523344,NORMAL,UNREFERENCED,80.88048525251459,EXTREME
744_844,0.9208126619181856,VERY_HIGH,91.17103235747304,EXTREME,62.71698759816016,HIGH,TRANSPORT,98.77933333333334,EXTREME,84.88391912064762,15.11608087935238,HIGH,VERY HIGH SUSCEPTIBILITY,"high static landslide susceptibility; unstable terrain conditions; high exposure to roads, settlements or infrastructure; elevated neighbouring-cell risk","prioritize location for detailed assessment; check nearby roads, settlements and infrastructure","VERY HIGH SUSCEPTIBILITY. Main evidence: high static landslide susceptibility; unstable terrain conditions; high exposure to roads, settlements or infrastructure; elevated neighbouring-cell risk. Recommended response: prioritize location for detailed assessment; check nearby roads, settlements and infrastructure.",24.072700691121742,LOW,13.215996809055468,LOW,STABLE_LOW,LOW,23.62883145523344,NORMAL,UNREFERENCED,81.36352779998249,EXTREME
745_561,0.0534570932172394,LOW,67.98921417565485,HIGH,38.105985988069605,MODERATE,TRANSPORT,0.0,LOW,78.80730279138557,21.192697208614437,MODERATE,LOW SUSCEPTIBILITY,unstable terrain conditions,continue routine monitoring,LOW SUSCEPTIBILITY. Main evidence: unstable terrain conditions. Recommended response: continue routine monitoring.,24.072700691121742,LOW,13.215996809055468,LOW,STABLE_LOW,LOW,23.62883145523344,NORMAL,UNREFERENCED,24.126579997229356,LOW
745_976,0.0109633323490294,LOW,93.88097072419106,EXTREME,19.15338813162012,LOW,INFRASTRUCTURE,0.0,LOW,82.28406504423911,17.715934955760886,HIGH,LOW SUSCEPTIBILITY,unstable terrain conditions,continue routine monitoring,LOW SUSCEPTIBILITY. Main evidence: unstable terrain conditions. Recommended response: continue routine monitoring.,24.072700691121742,LOW,13.215996809055468,LOW,STABLE_LOW,LOW,23.62883145523344,NORMAL,UNREFERENCED,24.549822389399722,LOW
746_490,0.9152675886006576,VERY_HIGH,83.61325115562404,EXTREME,64.73135217885483,HIGH,TRANSPORT,0.0,LOW,84.43023130375896,15.569768696241042,HIGH,VERY HIGH SUSCEPTIBILITY,"high static landslide susceptibility; unstable terrain conditions; high exposure to roads, settlements or infrastructure","prioritize location for detailed assessment; check nearby roads, settlements and infrastructure","VERY HIGH SUSCEPTIBILITY. Main evidence: high static landslide susceptibility; unstable terrain conditions; high exposure to roads, settlements or infrastructure. Recommended response: prioritize location for detailed assessment; check nearby roads, settlements and infrastructure.",24.072700691121742,LOW,13.215996809055468,LOW,STABLE_LOW,LOW,23.62883145523344,NORMAL,UNREFERENCED,70.0266646140948,HIGH
747_866,0.9978666666666668,VERY_HIGH,79.97496147919878,EXTREME,61.86576248928613,HIGH,TRANSPORT,20.54588842736461,LOW,91.1883376909779,8.811662309022097,HIGH,VERY HIGH SUSCEPTIBILITY,"high static landslide susceptibility; unstable terrain conditions; high exposure to roads, settlements or infrastructure","prioritize location for detailed assessment; check nearby roads, settlements and infrastructure","VERY HIGH SUSCEPTIBILITY. Main evidence: high static landslide susceptibility; unstable terrain conditions; high exposure to roads, settlements or infrastructure. Recommended response: prioritize location for detailed assessment; check nearby roads, settlements and infrastructure.",24.072700691121742,LOW,13.215996809055468,LOW,STABLE_LOW,LOW,23.62883145523344,NORMAL,UNREFERENCED,74.64071558108132,HIGH
747_903,0.916697899159664,VERY_HIGH,51.82395993836672,HIGH,78.64632339815871,VERY_HIGH,TRANSPORT,99.766,EXTREME,84.54725671313221,15.452743286867786,HIGH,VERY HIGH SUSCEPTIBILITY,"high static landslide susceptibility; high exposure to roads, settlements or infrastructure; elevated neighbouring-cell risk","prioritize location for detailed assessment; check nearby roads, settlements and infrastructure","VERY HIGH SUSCEPTIBILITY. Main evidence: high static landslide susceptibility; high exposure to roads, settlements or infrastructure; elevated neighbouring-cell risk. Recommended response: prioritize location for detailed assessment; check nearby roads, settlements and infrastructure.",24.072700691121742,LOW,13.215996809055468,LOW,STABLE_LOW,LOW,23.62883145523344,NORMAL,UNREFERENCED,75.7970160286942,EXTREME
748_455,0.9891552328623758,VERY_HIGH,73.0084745762712,HIGH,56.73271683109823,HIGH,TRANSPORT,0.0,LOW,90.47558401608136,9.52441598391863,HIGH,VERY HIGH SUSCEPTIBILITY,high static landslide susceptibility; unstable terrain conditions,prioritize location for detailed assessment,VERY HIGH SUSCEPTIBILITY. Main evidence: high static landslide susceptibility; unstable terrain conditions. Recommended response: prioritize location for detailed assessment.,24.072700691121742,LOW,13.215996809055468,LOW,STABLE_LOW,LOW,23.62883145523344,NORMAL,UNREFERENCED,70.03085798783806,HIGH
748_594,0.8221322592440241,VERY_HIGH,29.39329738058552,MODERATE,72.65450948854884,HIGH,TRANSPORT,90.2469285752799,EXTREME,76.81006799276167,23.18993200723833,MODERATE,VERY HIGH SUSCEPTIBILITY,"high static landslide susceptibility; high exposure to roads, settlements or infrastructure; elevated neighbouring-cell risk","prioritize location for detailed assessment; check nearby roads, settlements and infrastructure","VERY HIGH SUSCEPTIBILITY. Main evidence: high static landslide susceptibility; high exposure to roads, settlements or infrastructure; elevated neighbouring-cell risk. Recommended response: prioritize location for detailed assessment; check nearby roads, settlements and infrastructure.",24.072700691121742,LOW,13.215996809055468,LOW,STABLE_LOW,LOW,23.62883145523344,NORMAL,UNREFERENCED,65.20475049202068,HIGH
749_593,0.8606704082182842,VERY_HIGH,39.89984591679507,MODERATE,70.34591241552161,HIGH,TRANSPORT,87.54925814708169,EXTREME,79.96318927247387,20.03681072752613,MODERATE,VERY HIGH SUSCEPTIBILITY,"high static landslide susceptibility; high exposure to roads, settlements or infrastructure; elevated neighbouring-cell risk","prioritize location for detailed assessment; check nearby roads, settlements and infrastructure","VERY HIGH SUSCEPTIBILITY. Main evidence: high static landslide susceptibility; high exposure to roads, settlements or infrastructure; elevated neighbouring-cell risk. Recommended response: prioritize location for detailed assessment; check nearby roads, settlements and infrastructure.",24.072700691121742,LOW,13.215996809055468,LOW,STABLE_LOW,LOW,23.62883145523344,NORMAL,UNREFERENCED,68.42422029933039,HIGH
749_859,0.8228622042708248,VERY_HIGH,27.249614791987675,MODERATE,56.609457619411,HIGH,TRANSPORT,0.0,LOW,76.86979076768174,23.130209232318265,MODERATE,VERY HIGH SUSCEPTIBILITY,high static landslide susceptibility,prioritize location for detailed assessment,VERY HIGH SUSCEPTIBILITY. Main evidence: high static landslide susceptibility. Recommended response: prioritize location for detailed assessment.,24.072700691121742,LOW,13.215996809055468,LOW,STABLE_LOW,LOW,23.62883145523344,NORMAL,UNREFERENCED,53.37741086260847,HIGH
749_883,0.641246253746254,HIGH,70.42565485362096,HIGH,76.51056864194355,VERY_HIGH,INFRASTRUCTURE,0.0,LOW,62.01030390658049,37.98969609341951,MODERATE,HIGH SUSCEPTIBILITY,"high static landslide susceptibility; unstable terrain conditions; high exposure to roads, settlements or infrastructure","check nearby roads, settlements and infrastructure","HIGH SUSCEPTIBILITY. Main evidence: high static landslide susceptibility; unstable terrain conditions; high exposure to roads, settlements or infrastructure. Recommended response: check nearby roads, settlements and infrastructure.",24.072700691121742,LOW,13.215996809055468,LOW,STABLE_LOW,LOW,23.62883145523344,NORMAL,UNREFERENCED,56.82506775470933,HIGH
750_433,0.0582339870218764,LOW,34.14869029275809,MODERATE,55.06905155116036,HIGH,TRANSPORT,0.0,LOW,78.41646602555164,21.58353397444836,MODERATE,LOW SUSCEPTIBILITY,no major independent warning signal,continue routine monitoring,LOW SUSCEPTIBILITY. Main evidence: no major independent warning signal. Recommended response: continue routine monitoring.,24.072700691121742,LOW,13.215996809055468,LOW,STABLE_LOW,LOW,23.62883145523344,NORMAL,UNREFERENCED,20.117895276322287,LOW
750_841,0.9822198228128464,VERY_HIGH,84.70338983050848,EXTREME,67.00653539698263,HIGH,TRANSPORT,90.00353911205073,EXTREME,89.90814137566531,10.09185862433469,HIGH,VERY HIGH SUSCEPTIBILITY,"high static landslide susceptibility; unstable terrain conditions; high exposure to roads, settlements or infrastructure; elevated neighbouring-cell risk","prioritize location for detailed assessment; check nearby roads, settlements and infrastructure","VERY HIGH SUSCEPTIBILITY. Main evidence: high static landslide susceptibility; unstable terrain conditions; high exposure to roads, settlements or infrastructure; elevated neighbouring-cell risk. Recommended response: prioritize location for detailed assessment; check nearby roads, settlements and infrastructure.",24.072700691121742,LOW,13.215996809055468,LOW,STABLE_LOW,LOW,23.62883145523344,NORMAL,UNREFERENCED,82.59917428254442,EXTREME
750_843,0.857193415886439,VERY_HIGH,89.41448382126349,EXTREME,68.21422870842453,HIGH,INFRASTRUCTURE,98.75538759689924,EXTREME,79.67870808168654,20.321291918313463,MODERATE,VERY HIGH SUSCEPTIBILITY,"high static landslide susceptibility; unstable terrain conditions; high exposure to roads, settlements or infrastructure; elevated neighbouring-cell risk","prioritize location for detailed assessment; check nearby roads, settlements and infrastructure","VERY HIGH SUSCEPTIBILITY. Main evidence: high static landslide susceptibility; unstable terrain conditions; high exposure to roads, settlements or infrastructure; elevated neighbouring-cell risk. Recommended response: prioritize location for detailed assessment; check nearby roads, settlements and infrastructure.",24.072700691121742,LOW,13.215996809055468,LOW,STABLE_LOW,LOW,23.62883145523344,NORMAL,UNREFERENCED,78.97154361420823,EXTREME
750_850,0.555857954790308,HIGH,65.57588597842836,HIGH,59.69375074481884,HIGH,INFRASTRUCTURE,0.0,LOW,55.023988537457626,44.97601146254237,LOW,HIGH SUSCEPTIBILITY,high static landslide susceptibility; unstable terrain conditions,continue routine monitoring,HIGH SUSCEPTIBILITY. Main evidence: high static landslide susceptibility; unstable terrain conditions. Recommended response: continue routine monitoring.,24.072700691121742,LOW,13.215996809055468,LOW,STABLE_LOW,LOW,23.62883145523344,NORMAL,UNREFERENCED,49.49011784208453,MODERATE
750_866,0.2935126918194944,MODERATE,31.43104776579353,MODERATE,47.2233971598528,MODERATE,TRANSPORT,99.85066666666668,EXTREME,53.16639017847381,46.8336098215262,LOW,MODERATE SUSCEPTIBILITY,elevated neighbouring-cell risk,continue routine monitoring,MODERATE SUSCEPTIBILITY. Main evidence: elevated neighbouring-cell risk. Recommended response: continue routine monitoring.,24.072700691121742,LOW,13.215996809055468,LOW,STABLE_LOW,LOW,23.62883145523344,NORMAL,UNREFERENCED,38.970126994792714,MODERATE
750_906,0.9966571428571428,VERY_HIGH,80.288906009245,EXTREME,62.65445130994495,HIGH,TRANSPORT,98.23626567550096,EXTREME,91.08937665201684,8.910623347983162,HIGH,VERY HIGH SUSCEPTIBILITY,"high static landslide susceptibility; unstable terrain conditions; high exposure to roads, settlements or infrastructure; elevated neighbouring-cell risk","prioritize location for detailed assessment; check nearby roads, settlements and infrastructure","VERY HIGH SUSCEPTIBILITY. Main evidence: high static landslide susceptibility; unstable terrain conditions; high exposure to roads, settlements or infrastructure; elevated neighbouring-cell risk. Recommended response: prioritize location for detailed assessment; check nearby roads, settlements and infrastructure.",24.072700691121742,LOW,13.215996809055468,LOW,STABLE_LOW,LOW,23.62883145523344,NORMAL,UNREFERENCED,82.53641696357444,EXTREME
751_60,0.055594661781899,LOW,5.558551617873652,LOW,45.03342512018334,MODERATE,TRANSPORT,0.0,LOW,78.63241081791342,21.367589182086576,MODERATE,LOW SUSCEPTIBILITY,no major independent warning signal,continue routine monitoring,LOW SUSCEPTIBILITY. Main evidence: no major independent warning signal. Recommended response: continue routine monitoring.,24.072700691121742,LOW,13.215996809055468,LOW,STABLE_LOW,LOW,23.62883145523344,NORMAL,UNREFERENCED,12.77575394089986,LOW
751_145,0.0360595238095238,LOW,5.398690292758089,LOW,59.40313265859724,HIGH,TRANSPORT,0.0,LOW,80.23074028838047,19.76925971161953,HIGH,LOW SUSCEPTIBILITY,no major independent warning signal,continue routine monitoring,LOW SUSCEPTIBILITY. Main evidence: no major independent warning signal. Recommended response: continue routine monitoring.,24.072700691121742,LOW,13.215996809055468,LOW,STABLE_LOW,LOW,23.62883145523344,NORMAL,UNREFERENCED,14.020156597881948,LOW
752_443,0.993912554112554,VERY_HIGH,71.11710323574731,HIGH,59.90008084466494,HIGH,TRANSPORT,0.0,LOW,90.86481939109596,9.13518060890405,HIGH,VERY HIGH SUSCEPTIBILITY,high static landslide susceptibility; unstable terrain conditions,prioritize location for detailed assessment,VERY HIGH SUSCEPTIBILITY. Main evidence: high static landslide susceptibility; unstable terrain conditions. Recommended response: prioritize location for detailed assessment.,24.072700691121742,LOW,13.215996809055468,LOW,STABLE_LOW,LOW,23.62883145523344,NORMAL,UNREFERENCED,70.34176777802631,HIGH
752_908,0.9980461538461538,VERY_HIGH,70.81086286594761,HIGH,61.76754005074473,HIGH,TRANSPORT,99.766,EXTREME,91.2030230056632,8.796976994336802,HIGH,VERY HIGH SUSCEPTIBILITY,"high static landslide susceptibility; unstable terrain conditions; high exposure to roads, settlements or infrastructure; elevated neighbouring-cell risk","prioritize location for detailed assessment; check nearby roads, settlements and infrastructure","VERY HIGH SUSCEPTIBILITY. Main evidence: high static landslide susceptibility; unstable terrain conditions; high exposure to roads, settlements or infrastructure; elevated neighbouring-cell risk. Recommended response: prioritize location for detailed assessment; check nearby roads, settlements and infrastructure.",24.072700691121742,LOW,13.215996809055468,LOW,STABLE_LOW,LOW,23.62883145523344,NORMAL,UNREFERENCED,80.72325057299034,EXTREME
753_473,0.8528638319575588,VERY_HIGH,28.63828967642527,MODERATE,61.9147748499435,HIGH,TRANSPORT,92.23044231315713,EXTREME,79.32446939659633,20.675530603403672,MODERATE,VERY HIGH SUSCEPTIBILITY,"high static landslide susceptibility; high exposure to roads, settlements or infrastructure; elevated neighbouring-cell risk","prioritize location for detailed assessment; check nearby roads, settlements and infrastructure","VERY HIGH SUSCEPTIBILITY. Main evidence: high static landslide susceptibility; high exposure to roads, settlements or infrastructure; elevated neighbouring-cell risk. Recommended response: prioritize location for detailed assessment; check nearby roads, settlements and infrastructure.",24.072700691121742,LOW,13.215996809055468,LOW,STABLE_LOW,LOW,23.62883145523344,NORMAL,UNREFERENCED,65.0240609012946,HIGH
754_633,0.9775638409209838,VERY_HIGH,68.64214175654853,HIGH,59.41144375168772,HIGH,TRANSPORT,0.0,LOW,89.52719740269472,10.472802597305275,HIGH,VERY HIGH SUSCEPTIBILITY,high static landslide susceptibility; unstable terrain conditions,prioritize location for detailed assessment,VERY HIGH SUSCEPTIBILITY. Main evidence: high static landslide susceptibility; unstable terrain conditions. Recommended response: prioritize location for detailed assessment.,24.072700691121742,LOW,13.215996809055468,LOW,STABLE_LOW,LOW,23.62883145523344,NORMAL,UNREFERENCED,69.0377878246193,HIGH
758_453,0.9856496773068204,VERY_HIGH,82.02234206471495,EXTREME,58.99955818023885,HIGH,TRANSPORT,98.905332842848,EXTREME,90.1887658342632,9.811234165736806,HIGH,VERY HIGH SUSCEPTIBILITY,high static landslide susceptibility; unstable terrain conditions; elevated neighbouring-cell risk,prioritize location for detailed assessment,VERY HIGH SUSCEPTIBILITY. Main evidence: high static landslide susceptibility; unstable terrain conditions; elevated neighbouring-cell risk. Recommended response: prioritize location for detailed assessment.,24.072700691121742,LOW,13.215996809055468,LOW,STABLE_LOW,LOW,23.62883145523344,NORMAL,UNREFERENCED,81.90644097218271,EXTREME
758_473,0.8890063187593875,VERY_HIGH,74.86517719568569,HIGH,70.57989422461424,HIGH,TRANSPORT,89.70046823702911,EXTREME,82.2815819531096,17.718418046890406,HIGH,VERY HIGH SUSCEPTIBILITY,"high static landslide susceptibility; unstable terrain conditions; high exposure to roads, settlements or infrastructure; elevated neighbouring-cell risk","prioritize location for detailed assessment; check nearby roads, settlements and infrastructure","VERY HIGH SUSCEPTIBILITY. Main evidence: high static landslide susceptibility; unstable terrain conditions; high exposure to roads, settlements or infrastructure; elevated neighbouring-cell risk. Recommended response: prioritize location for detailed assessment; check nearby roads, settlements and infrastructure.",24.072700691121742,LOW,13.215996809055468,LOW,STABLE_LOW,LOW,23.62883145523344,NORMAL,UNREFERENCED,76.9426208098168,EXTREME
760_455,0.9550379006458014,VERY_HIGH,36.99152542372882,MODERATE,56.83193207266237,HIGH,TRANSPORT,98.99547741147742,EXTREME,87.68416592563437,12.315834074365624,HIGH,VERY HIGH SUSCEPTIBILITY,high static landslide susceptibility; elevated neighbouring-cell risk,prioritize location for detailed assessment,VERY HIGH SUSCEPTIBILITY. Main evidence: high static landslide susceptibility; elevated neighbouring-cell risk. Recommended response: prioritize location for detailed assessment.,24.072700691121742,LOW,13.215996809055468,LOW,STABLE_LOW,LOW,23.62883145523344,NORMAL,UNREFERENCED,71.2066182349661,HIGH
760_507,0.7598383398301051,VERY_HIGH,36.845146379044685,MODERATE,66.03441255244198,HIGH,TRANSPORT,0.0,LOW,71.71329276798647,28.286707232013526,MODERATE,VERY HIGH SUSCEPTIBILITY,"high static landslide susceptibility; high exposure to roads, settlements or infrastructure","prioritize location for detailed assessment; check nearby roads, settlements and infrastructure","VERY HIGH SUSCEPTIBILITY. Main evidence: high static landslide susceptibility; high exposure to roads, settlements or infrastructure. Recommended response: prioritize location for detailed assessment; check nearby roads, settlements and infrastructure.",24.072700691121742,LOW,13.215996809055468,LOW,STABLE_LOW,LOW,23.62883145523344,NORMAL,UNREFERENCED,53.87418652014213,HIGH
760_513,0.6394210702414554,HIGH,34.22765793528505,MODERATE,69.63940463714931,HIGH,SETTLEMENT,0.0,LOW,61.86097071073334,38.13902928926666,MODERATE,HIGH SUSCEPTIBILITY,"high static landslide susceptibility; high exposure to roads, settlements or infrastructure","check nearby roads, settlements and infrastructure","HIGH SUSCEPTIBILITY. Main evidence: high static landslide susceptibility; high exposure to roads, settlements or infrastructure. Recommended response: check nearby roads, settlements and infrastructure.",24.072700691121742,LOW,13.215996809055468,LOW,STABLE_LOW,LOW,23.62883145523344,NORMAL,UNREFERENCED,48.47266051260708,MODERATE
760_1007,2.1798365122615804e-05,LOW,38.366718027734976,MODERATE,17.661662325477774,LOW,INFRASTRUCTURE,0.0,LOW,83.17928146110421,16.82071853889579,HIGH,LOW SUSCEPTIBILITY,no major independent warning signal,continue routine monitoring,LOW SUSCEPTIBILITY. Main evidence: no major independent warning signal. Recommended response: continue routine monitoring.,24.072700691121742,LOW,13.215996809055468,LOW,STABLE_LOW,LOW,23.62883145523344,NORMAL,UNREFERENCED,12.730843949911353,LOW
761_541,0.0793709472554479,LOW,66.58127889060093,HIGH,33.12235277406463,MODERATE,TRANSPORT,0.0,LOW,76.6870783700776,23.3129216299224,MODERATE,LOW SUSCEPTIBILITY,unstable terrain conditions,continue routine monitoring,LOW SUSCEPTIBILITY. Main evidence: unstable terrain conditions. Recommended response: continue routine monitoring.,24.072700691121742,LOW,13.215996809055468,LOW,STABLE_LOW,LOW,23.62883145523344,NORMAL,UNREFERENCED,24.26357138983721,LOW
762_449,0.9960914965986396,VERY_HIGH,77.34013867488444,EXTREME,59.58787019304872,HIGH,TRANSPORT,98.99547741147742,EXTREME,91.04309650359386,8.956903496406142,HIGH,VERY HIGH SUSCEPTIBILITY,high static landslide susceptibility; unstable terrain conditions; elevated neighbouring-cell risk,prioritize location for detailed assessment,VERY HIGH SUSCEPTIBILITY. Main evidence: high static landslide susceptibility; unstable terrain conditions; elevated neighbouring-cell risk. Recommended response: prioritize location for detailed assessment.,24.072700691121742,LOW,13.215996809055468,LOW,STABLE_LOW,LOW,23.62883145523344,NORMAL,UNREFERENCED,81.5371434211329,EXTREME
765_413,0.0666624815949362,LOW,13.906009244992298,LOW,49.045059632106266,MODERATE,TRANSPORT,0.0,LOW,77.72686192411948,22.273138075880524,MODERATE,LOW SUSCEPTIBILITY,no major independent warning signal,continue routine monitoring,LOW SUSCEPTIBILITY. Main evidence: no major independent warning signal. Recommended response: continue routine monitoring.,24.072700691121742,LOW,13.215996809055468,LOW,STABLE_LOW,LOW,23.62883145523344,NORMAL,UNREFERENCED,15.545042534698704,LOW
765_1047,6.220240552665621e-05,LOW,47.68104776579353,MODERATE,17.664997518009812,LOW,INFRASTRUCTURE,0.0,LOW,83.17597567598025,16.824024324019746,HIGH,LOW SUSCEPTIBILITY,no major independent warning signal,continue routine monitoring,LOW SUSCEPTIBILITY. Main evidence: no major independent warning signal. Recommended response: continue routine monitoring.,24.072700691121742,LOW,13.215996809055468,LOW,STABLE_LOW,LOW,23.62883145523344,NORMAL,UNREFERENCED,14.596028358221051,LOW
766_129,0.0209261904761904,LOW,8.988828967642528,LOW,51.12579516861111,HIGH,TRANSPORT,0.0,LOW,81.4689221065623,18.531077893437697,HIGH,LOW SUSCEPTIBILITY,no major independent warning signal,continue routine monitoring,LOW SUSCEPTIBILITY. Main evidence: no major independent warning signal. Recommended response: continue routine monitoring.,24.072700691121742,LOW,13.215996809055468,LOW,STABLE_LOW,LOW,23.62883145523344,NORMAL,UNREFERENCED,12.815583709360915,LOW
767_452,0.9827170031842528,VERY_HIGH,56.65254237288136,HIGH,62.15159725269842,HIGH,TRANSPORT,96.68100966734212,EXTREME,89.94881976968946,10.051180230310536,HIGH,VERY HIGH SUSCEPTIBILITY,"high static landslide susceptibility; high exposure to roads, settlements or infrastructure; elevated neighbouring-cell risk","prioritize location for detailed assessment; check nearby roads, settlements and infrastructure","VERY HIGH SUSCEPTIBILITY. Main evidence: high static landslide susceptibility; high exposure to roads, settlements or infrastructure; elevated neighbouring-cell risk. Recommended response: prioritize location for detailed assessment; check nearby roads, settlements and infrastructure.",24.072700691121742,LOW,13.215996809055468,LOW,STABLE_LOW,LOW,23.62883145523344,NORMAL,UNREFERENCED,76.95088424161881,EXTREME
768_452,0.9525858523906018,VERY_HIGH,54.49345146379045,HIGH,62.79248634940561,HIGH,TRANSPORT,98.7901902228977,EXTREME,87.48354379566348,12.51645620433652,HIGH,VERY HIGH SUSCEPTIBILITY,"high static landslide susceptibility; high exposure to roads, settlements or infrastructure; elevated neighbouring-cell risk","prioritize location for detailed assessment; check nearby roads, settlements and infrastructure","VERY HIGH SUSCEPTIBILITY. Main evidence: high static landslide susceptibility; high exposure to roads, settlements or infrastructure; elevated neighbouring-cell risk. Recommended response: prioritize location for detailed assessment; check nearby roads, settlements and infrastructure.",24.072700691121742,LOW,13.215996809055468,LOW,STABLE_LOW,LOW,23.62883145523344,NORMAL,UNREFERENCED,75.47021569414795,EXTREME
770_182,0.0321047619047619,LOW,8.466872110939907,LOW,46.30808096053619,MODERATE,TRANSPORT,0.0,LOW,80.5543117169519,19.4456882830481,HIGH,LOW SUSCEPTIBILITY,no major independent warning signal,continue routine monitoring,LOW SUSCEPTIBILITY. Main evidence: no major independent warning signal. Recommended response: continue routine monitoring.,24.072700691121742,LOW,13.215996809055468,LOW,STABLE_LOW,LOW,23.62883145523344,NORMAL,UNREFERENCED,12.491570921094869,LOW
771_992,0.0042728561585532,LOW,42.02234206471494,MODERATE,19.32611099505773,LOW,INFRASTRUCTURE,0.0,LOW,82.83146764164171,17.16853235835829,HIGH,LOW SUSCEPTIBILITY,no major independent warning signal,continue routine monitoring,LOW SUSCEPTIBILITY. Main evidence: no major independent warning signal. Recommended response: continue routine monitoring.,24.072700691121742,LOW,13.215996809055468,LOW,STABLE_LOW,LOW,23.62883145523344,NORMAL,UNREFERENCED,13.902933658448715,LOW
772_208,0.0105483084830833,LOW,24.56471494607088,LOW,23.968889662480077,LOW,SETTLEMENT,0.0,LOW,82.31802154236198,17.681978457638024,HIGH,LOW SUSCEPTIBILITY,no major independent warning signal,continue routine monitoring,LOW SUSCEPTIBILITY. Main evidence: no major independent warning signal. Recommended response: continue routine monitoring.,24.072700691121742,LOW,13.215996809055468,LOW,STABLE_LOW,LOW,23.62883145523344,NORMAL,UNREFERENCED,11.390220389437111,LOW
774_458,0.9186470379370816,VERY_HIGH,45.80315870570108,MODERATE,64.65747006155709,HIGH,TRANSPORT,98.01165176135925,EXTREME,84.70673170401184,15.293268295988156,HIGH,VERY HIGH SUSCEPTIBILITY,"high static landslide susceptibility; high exposure to roads, settlements or infrastructure; elevated neighbouring-cell risk","prioritize location for detailed assessment; check nearby roads, settlements and infrastructure","VERY HIGH SUSCEPTIBILITY. Main evidence: high static landslide susceptibility; high exposure to roads, settlements or infrastructure; elevated neighbouring-cell risk. Recommended response: prioritize location for detailed assessment; check nearby roads, settlements and infrastructure.",24.072700691121742,LOW,13.215996809055468,LOW,STABLE_LOW,LOW,23.62883145523344,NORMAL,UNREFERENCED,72.40680420279054,HIGH
776_641,0.8277443326828875,VERY_HIGH,46.25192604006163,MODERATE,55.77016429313224,HIGH,TRANSPORT,91.63891702741704,EXTREME,77.26923763775959,22.73076236224041,MODERATE,VERY HIGH SUSCEPTIBILITY,high static landslide susceptibility; elevated neighbouring-cell risk,prioritize location for detailed assessment,VERY HIGH SUSCEPTIBILITY. Main evidence: high static landslide susceptibility; elevated neighbouring-cell risk. Recommended response: prioritize location for detailed assessment.,24.072700691121742,LOW,13.215996809055468,LOW,STABLE_LOW,LOW,23.62883145523344,NORMAL,UNREFERENCED,66.43556659456597,HIGH
777_459,0.9715950251622748,VERY_HIGH,51.84322033898305,HIGH,65.73902296828338,HIGH,TRANSPORT,95.5197441710504,EXTREME,89.03883974970945,10.961160250290549,HIGH,VERY HIGH SUSCEPTIBILITY,"high static landslide susceptibility; high exposure to roads, settlements or infrastructure; elevated neighbouring-cell risk","prioritize location for detailed assessment; check nearby roads, settlements and infrastructure","VERY HIGH SUSCEPTIBILITY. Main evidence: high static landslide susceptibility; high exposure to roads, settlements or infrastructure; elevated neighbouring-cell risk. Recommended response: prioritize location for detailed assessment; check nearby roads, settlements and infrastructure.",24.072700691121742,LOW,13.215996809055468,LOW,STABLE_LOW,LOW,23.62883145523344,NORMAL,UNREFERENCED,75.91051813155869,EXTREME
778_639,0.9043510101010104,VERY_HIGH,88.41679506933745,EXTREME,57.56863434788466,HIGH,TRANSPORT,90.79553747088488,EXTREME,83.53705669924236,16.462943300757644,HIGH,VERY HIGH SUSCEPTIBILITY,high static landslide susceptibility; unstable terrain conditions; elevated neighbouring-cell risk,prioritize location for detailed assessment,VERY HIGH SUSCEPTIBILITY. Main evidence: high static landslide susceptibility; unstable terrain conditions; elevated neighbouring-cell risk. Recommended response: prioritize location for detailed assessment.,24.072700691121742,LOW,13.215996809055468,LOW,STABLE_LOW,LOW,23.62883145523344,NORMAL,UNREFERENCED,78.50127343679631,EXTREME
778_640,0.8210683261183259,VERY_HIGH,55.81086286594761,HIGH,60.89138473864544,HIGH,TRANSPORT,92.16709446944188,EXTREME,76.72301891884092,23.27698108115908,MODERATE,VERY HIGH SUSCEPTIBILITY,"high static landslide susceptibility; high exposure to roads, settlements or infrastructure; elevated neighbouring-cell risk","prioritize location for detailed assessment; check nearby roads, settlements and infrastructure","VERY HIGH SUSCEPTIBILITY. Main evidence: high static landslide susceptibility; high exposure to roads, settlements or infrastructure; elevated neighbouring-cell risk. Recommended response: prioritize location for detailed assessment; check nearby roads, settlements and infrastructure.",24.072700691121742,LOW,13.215996809055468,LOW,STABLE_LOW,LOW,23.62883145523344,NORMAL,UNREFERENCED,68.86793447536738,HIGH
780_730,0.0108100081945089,LOW,79.24114021571648,EXTREME,18.12531198245919,LOW,INFRASTRUCTURE,0.0,LOW,76.2966097477908,23.703390252209203,MODERATE,LOW SUSCEPTIBILITY,unstable terrain conditions,continue routine monitoring,LOW SUSCEPTIBILITY. Main evidence: unstable terrain conditions. Recommended response: continue routine monitoring.,24.072700691121742,LOW,13.215996809055468,LOW,STABLE_LOW,LOW,23.62883145523344,NORMAL,UNREFERENCED,21.460745278377253,LOW
780_925,0.8750027472527472,VERY_HIGH,83.51309707241911,EXTREME,51.13633237554311,HIGH,TRANSPORT,0.0,LOW,81.13583519347537,18.864164806524627,HIGH,VERY HIGH SUSCEPTIBILITY,high static landslide susceptibility; unstable terrain conditions,prioritize location for detailed assessment,VERY HIGH SUSCEPTIBILITY. Main evidence: high static landslide susceptibility; unstable terrain conditions. Recommended response: prioritize location for detailed assessment.,24.072700691121742,LOW,13.215996809055468,LOW,STABLE_LOW,LOW,23.62883145523344,NORMAL,UNREFERENCED,66.1554629663011,HIGH
780_1405,0.1469357142857142,LOW,26.352080123266564,MODERATE,53.75445735223769,HIGH,TRANSPORT,0.0,LOW,71.15905197669218,28.840948023307817,MODERATE,LOW SUSCEPTIBILITY,no major independent warning signal,continue routine monitoring,LOW SUSCEPTIBILITY. Main evidence: no major independent warning signal. Recommended response: continue routine monitoring.,24.072700691121742,LOW,13.215996809055468,LOW,STABLE_LOW,LOW,23.62883145523344,NORMAL,UNREFERENCED,22.35296183945828,LOW
781_458,0.9429360682461752,VERY_HIGH,57.01656394453005,HIGH,66.51314064300385,HIGH,TRANSPORT,98.01165176135925,EXTREME,86.69401600202858,13.305983997971424,HIGH,VERY HIGH SUSCEPTIBILITY,"high static landslide susceptibility; high exposure to roads, settlements or infrastructure; elevated neighbouring-cell risk","prioritize location for detailed assessment; check nearby roads, settlements and infrastructure","VERY HIGH SUSCEPTIBILITY. Main evidence: high static landslide susceptibility; high exposure to roads, settlements or infrastructure; elevated neighbouring-cell risk. Recommended response: prioritize location for detailed assessment; check nearby roads, settlements and infrastructure.",24.072700691121742,LOW,13.215996809055468,LOW,STABLE_LOW,LOW,23.62883145523344,NORMAL,UNREFERENCED,76.02084220168257,EXTREME
782_640,0.8956469696969697,VERY_HIGH,82.76386748844376,EXTREME,65.77632884971966,HIGH,TRANSPORT,88.76747624597625,EXTREME,82.82490793891176,17.175092061088236,HIGH,VERY HIGH SUSCEPTIBILITY,"high static landslide susceptibility; unstable terrain conditions; high exposure to roads, settlements or infrastructure; elevated neighbouring-cell risk","prioritize location for detailed assessment; check nearby roads, settlements and infrastructure","VERY HIGH SUSCEPTIBILITY. Main evidence: high static landslide susceptibility; unstable terrain conditions; high exposure to roads, settlements or infrastructure; elevated neighbouring-cell risk. Recommended response: prioritize location for detailed assessment; check nearby roads, settlements and infrastructure.",24.072700691121742,LOW,13.215996809055468,LOW,STABLE_LOW,LOW,23.62883145523344,NORMAL,UNREFERENCED,78.00735415522014,EXTREME
784_1110,0.0370909049590118,LOW,94.53004622496148,EXTREME,33.638970232949255,MODERATE,INFRASTRUCTURE,0.0,LOW,74.14635455796784,25.85364544203216,MODERATE,LOW SUSCEPTIBILITY,unstable terrain conditions,continue routine monitoring,LOW SUSCEPTIBILITY. Main evidence: unstable terrain conditions. Recommended response: continue routine monitoring.,24.072700691121742,LOW,13.215996809055468,LOW,STABLE_LOW,LOW,23.62883145523344,NORMAL,UNREFERENCED,28.02821557220239,MODERATE
784_1298,0.0066884650317892,LOW,44.01194144838213,MODERATE,18.601174155634965,LOW,INFRASTRUCTURE,0.0,LOW,76.63382691564968,23.36617308435032,MODERATE,LOW SUSCEPTIBILITY,no major independent warning signal,continue routine monitoring,LOW SUSCEPTIBILITY. Main evidence: no major independent warning signal. Recommended response: continue routine monitoring.,24.072700691121742,LOW,13.215996809055468,LOW,STABLE_LOW,LOW,23.62883145523344,NORMAL,UNREFERENCED,14.30081540856436,LOW
785_639,0.9096858585858584,VERY_HIGH,85.11363636363636,EXTREME,66.5871079092616,HIGH,TRANSPORT,88.64080675990675,EXTREME,83.9735443025481,16.026455697451894,HIGH,VERY HIGH SUSCEPTIBILITY,"high static landslide susceptibility; unstable terrain conditions; high exposure to roads, settlements or infrastructure; elevated neighbouring-cell risk","prioritize location for detailed assessment; check nearby roads, settlements and infrastructure","VERY HIGH SUSCEPTIBILITY. Main evidence: high static landslide susceptibility; unstable terrain conditions; high exposure to roads, settlements or infrastructure; elevated neighbouring-cell risk. Recommended response: prioritize location for detailed assessment; check nearby roads, settlements and infrastructure.",24.072700691121742,LOW,13.215996809055468,LOW,STABLE_LOW,LOW,23.62883145523344,NORMAL,UNREFERENCED,79.21800784058298,EXTREME
787_642,0.5125848540348547,HIGH,81.06317411402158,EXTREME,69.4159607370632,HIGH,INFRASTRUCTURE,93.9354868205868,EXTREME,51.48346211201145,48.51653788798855,LOW,HIGH SUSCEPTIBILITY,"high static landslide susceptibility; unstable terrain conditions; high exposure to roads, settlements or infrastructure; elevated neighbouring-cell risk","check nearby roads, settlements and infrastructure","HIGH SUSCEPTIBILITY. Main evidence: high static landslide susceptibility; unstable terrain conditions; high exposure to roads, settlements or infrastructure; elevated neighbouring-cell risk. Recommended response: check nearby roads, settlements and infrastructure.",24.072700691121742,LOW,13.215996809055468,LOW,STABLE_LOW,LOW,23.62883145523344,NORMAL,UNREFERENCED,61.492166116103114,HIGH
787_927,0.8244372349872353,VERY_HIGH,67.85631741140216,HIGH,50.28952332011853,HIGH,TRANSPORT,91.03204488754491,EXTREME,76.99865691720623,23.001343082793767,MODERATE,VERY HIGH SUSCEPTIBILITY,high static landslide susceptibility; unstable terrain conditions; elevated neighbouring-cell risk,prioritize location for detailed assessment,VERY HIGH SUSCEPTIBILITY. Main evidence: high static landslide susceptibility; unstable terrain conditions; elevated neighbouring-cell risk. Recommended response: prioritize location for detailed assessment.,24.072700691121742,LOW,13.215996809055468,LOW,STABLE_LOW,LOW,23.62883145523344,NORMAL,UNREFERENCED,69.72484211259047,HIGH
788_1433,0.0067813221746464,LOW,28.904083204930664,MODERATE,25.90876336962801,MODERATE,TRANSPORT,0.0,LOW,82.62622951305227,17.373770486947734,HIGH,LOW SUSCEPTIBILITY,no major independent warning signal,continue routine monitoring,LOW SUSCEPTIBILITY. Main evidence: no major independent warning signal. Recommended response: continue routine monitoring.,24.072700691121742,LOW,13.215996809055468,LOW,STABLE_LOW,LOW,23.62883145523344,NORMAL,UNREFERENCED,12.379560713401597,LOW
789_652,0.840075468975469,VERY_HIGH,79.97303543913713,EXTREME,70.33766607074145,HIGH,INFRASTRUCTURE,88.37967171717172,EXTREME,78.27814878897081,21.72185121102919,MODERATE,VERY HIGH SUSCEPTIBILITY,"high static landslide susceptibility; unstable terrain conditions; high exposure to roads, settlements or infrastructure; elevated neighbouring-cell risk","prioritize location for detailed assessment; check nearby roads, settlements and infrastructure","VERY HIGH SUSCEPTIBILITY. Main evidence: high static landslide susceptibility; unstable terrain conditions; high exposure to roads, settlements or infrastructure; elevated neighbouring-cell risk. Recommended response: prioritize location for detailed assessment; check nearby roads, settlements and infrastructure.",24.072700691121742,LOW,13.215996809055468,LOW,STABLE_LOW,LOW,23.62883145523344,NORMAL,UNREFERENCED,75.59389034316409,EXTREME
790_456,0.147419597069597,LOW,12.424884437596305,LOW,61.112008320170666,HIGH,TRANSPORT,0.0,LOW,71.11946156710177,28.880538432898238,MODERATE,LOW SUSCEPTIBILITY,"high exposure to roads, settlements or infrastructure","check nearby roads, settlements and infrastructure","LOW SUSCEPTIBILITY. Main evidence: high exposure to roads, settlements or infrastructure. Recommended response: check nearby roads, settlements and infrastructure.",24.072700691121742,LOW,13.215996809055468,LOW,STABLE_LOW,LOW,23.62883145523344,NORMAL,UNREFERENCED,20.692930072788904,LOW
790_638,0.9199472871572868,VERY_HIGH,79.46263482280432,EXTREME,65.51184560216035,HIGH,TRANSPORT,85.73599000999002,EXTREME,84.81311573111952,15.186884268880476,HIGH,VERY HIGH SUSCEPTIBILITY,"high static landslide susceptibility; unstable terrain conditions; high exposure to roads, settlements or infrastructure; elevated neighbouring-cell risk","prioritize location for detailed assessment; check nearby roads, settlements and infrastructure","VERY HIGH SUSCEPTIBILITY. Main evidence: high static landslide susceptibility; unstable terrain conditions; high exposure to roads, settlements or infrastructure; elevated neighbouring-cell risk. Recommended response: prioritize location for detailed assessment; check nearby roads, settlements and infrastructure.",24.072700691121742,LOW,13.215996809055468,LOW,STABLE_LOW,LOW,23.62883145523344,NORMAL,UNREFERENCED,78.097800797074,EXTREME
790_652,0.8339953102453103,VERY_HIGH,76.87788906009246,EXTREME,71.98004723166382,HIGH,INFRASTRUCTURE,88.80528282828283,EXTREME,77.78068125650327,22.21931874349673,MODERATE,VERY HIGH SUSCEPTIBILITY,"high static landslide susceptibility; unstable terrain conditions; high exposure to roads, settlements or infrastructure; elevated neighbouring-cell risk","prioritize location for detailed assessment; check nearby roads, settlements and infrastructure","VERY HIGH SUSCEPTIBILITY. Main evidence: high static landslide susceptibility; unstable terrain conditions; high exposure to roads, settlements or infrastructure; elevated neighbouring-cell risk. Recommended response: prioritize location for detailed assessment; check nearby roads, settlements and infrastructure.",24.072700691121742,LOW,13.215996809055468,LOW,STABLE_LOW,LOW,23.62883145523344,NORMAL,UNREFERENCED,74.99017220974748,HIGH
790_926,0.8718863555363557,VERY_HIGH,61.03235747303543,HIGH,51.91872407338769,HIGH,TRANSPORT,87.71060644910648,EXTREME,80.88085768940698,19.11914231059302,HIGH,VERY HIGH SUSCEPTIBILITY,high static landslide susceptibility; unstable terrain conditions; elevated neighbouring-cell risk,prioritize location for detailed assessment,VERY HIGH SUSCEPTIBILITY. Main evidence: high static landslide susceptibility; unstable terrain conditions; elevated neighbouring-cell risk. Recommended response: prioritize location for detailed assessment.,24.072700691121742,LOW,13.215996809055468,LOW,STABLE_LOW,LOW,23.62883145523344,NORMAL,UNREFERENCED,70.40749681877406,HIGH
792_684,0.0057337031270273,LOW,70.15986132511556,HIGH,23.04814507477605,LOW,INFRASTRUCTURE,0.0,LOW,82.71194379876655,17.288056201233445,HIGH,LOW SUSCEPTIBILITY,unstable terrain conditions,continue routine monitoring,LOW SUSCEPTIBILITY. Main evidence: unstable terrain conditions. Recommended response: continue routine monitoring.,24.072700691121742,LOW,13.215996809055468,LOW,STABLE_LOW,LOW,23.62883145523344,NORMAL,UNREFERENCED,20.154480736067924,LOW
792_1040,0.0032967983651226,LOW,82.8755778120185,EXTREME,19.62766351956397,LOW,INFRASTRUCTURE,0.0,LOW,76.91132691564968,23.08867308435032,MODERATE,LOW SUSCEPTIBILITY,unstable terrain conditions,continue routine monitoring,LOW SUSCEPTIBILITY. Main evidence: unstable terrain conditions. Recommended response: continue routine monitoring.,24.072700691121742,LOW,13.215996809055468,LOW,STABLE_LOW,LOW,23.62883145523344,NORMAL,UNREFERENCED,22.074891085880992,LOW
794_509,0.7771534310038686,VERY_HIGH,52.261171032357474,HIGH,65.15309123404275,HIGH,TRANSPORT,0.0,LOW,73.12998204583985,26.870017954160147,MODERATE,VERY HIGH SUSCEPTIBILITY,"high static landslide susceptibility; high exposure to roads, settlements or infrastructure","prioritize location for detailed assessment; check nearby roads, settlements and infrastructure","VERY HIGH SUSCEPTIBILITY. Main evidence: high static landslide susceptibility; high exposure to roads, settlements or infrastructure. Recommended response: prioritize location for detailed assessment; check nearby roads, settlements and infrastructure.",24.072700691121742,LOW,13.215996809055468,LOW,STABLE_LOW,LOW,23.62883145523344,NORMAL,UNREFERENCED,57.604372355864164,HIGH
795_648,0.8751764538239536,VERY_HIGH,85.68952234206472,EXTREME,63.7114531349733,HIGH,TRANSPORT,94.25842121212116,EXTREME,81.15004754930135,18.84995245069865,HIGH,VERY HIGH SUSCEPTIBILITY,"high static landslide susceptibility; unstable terrain conditions; high exposure to roads, settlements or infrastructure; elevated neighbouring-cell risk","prioritize location for detailed assessment; check nearby roads, settlements and infrastructure","VERY HIGH SUSCEPTIBILITY. Main evidence: high static landslide susceptibility; unstable terrain conditions; high exposure to roads, settlements or infrastructure; elevated neighbouring-cell risk. Recommended response: prioritize location for detailed assessment; check nearby roads, settlements and infrastructure.",24.072700691121742,LOW,13.215996809055468,LOW,STABLE_LOW,LOW,23.62883145523344,NORMAL,UNREFERENCED,77.91067505106113,EXTREME
797_514,0.7683808528726179,VERY_HIGH,38.92719568567026,MODERATE,68.36881687662924,HIGH,TRANSPORT,80.28323235065591,EXTREME,72.41222565328299,27.58777434671701,MODERATE,VERY HIGH SUSCEPTIBILITY,"high static landslide susceptibility; high exposure to roads, settlements or infrastructure; elevated neighbouring-cell risk","prioritize location for detailed assessment; check nearby roads, settlements and infrastructure","VERY HIGH SUSCEPTIBILITY. Main evidence: high static landslide susceptibility; high exposure to roads, settlements or infrastructure; elevated neighbouring-cell risk. Recommended response: prioritize location for detailed assessment; check nearby roads, settlements and infrastructure.",24.072700691121742,LOW,13.215996809055468,LOW,STABLE_LOW,LOW,23.62883145523344,NORMAL,UNREFERENCED,63.053493352074014,HIGH
798_514,0.7183318907236558,HIGH,36.3193374422188,MODERATE,68.75716321275603,HIGH,TRANSPORT,83.78665970108325,EXTREME,68.3173105683679,31.6826894316321,MODERATE,HIGH SUSCEPTIBILITY,"high static landslide susceptibility; high exposure to roads, settlements or infrastructure; elevated neighbouring-cell risk","check nearby roads, settlements and infrastructure","HIGH SUSCEPTIBILITY. Main evidence: high static landslide susceptibility; high exposure to roads, settlements or infrastructure; elevated neighbouring-cell risk. Recommended response: check nearby roads, settlements and infrastructure.",24.072700691121742,LOW,13.215996809055468,LOW,STABLE_LOW,LOW,23.62883145523344,NORMAL,UNREFERENCED,60.68831309214218,HIGH
798_649,0.9179774458874452,VERY_HIGH,87.75038520801233,EXTREME,66.35828872262833,HIGH,TRANSPORT,91.26235176767676,EXTREME,84.65194689995067,15.348053100049327,HIGH,VERY HIGH SUSCEPTIBILITY,"high static landslide susceptibility; unstable terrain conditions; high exposure to roads, settlements or infrastructure; elevated neighbouring-cell risk","prioritize location for detailed assessment; check nearby roads, settlements and infrastructure","VERY HIGH SUSCEPTIBILITY. Main evidence: high static landslide susceptibility; unstable terrain conditions; high exposure to roads, settlements or infrastructure; elevated neighbouring-cell risk. Recommended response: prioritize location for detailed assessment; check nearby roads, settlements and infrastructure.",24.072700691121742,LOW,13.215996809055468,LOW,STABLE_LOW,LOW,23.62883145523344,NORMAL,UNREFERENCED,80.34631066081161,EXTREME
798_1474,0.0159168200101442,LOW,20.491140215716484,LOW,41.54980307726036,MODERATE,TRANSPORT,0.0,LOW,81.8787796901479,18.121220309852102,HIGH,LOW SUSCEPTIBILITY,no major independent warning signal,continue routine monitoring,LOW SUSCEPTIBILITY. Main evidence: no major independent warning signal. Recommended response: continue routine monitoring.,24.072700691121742,LOW,13.215996809055468,LOW,STABLE_LOW,LOW,23.62883145523344,NORMAL,UNREFERENCED,13.454225474301014,LOW
799_786,0.0005622024055266,LOW,59.78428351309708,HIGH,23.35971813995821,LOW,TRANSPORT,0.0,LOW,83.13506658507117,16.864933414928828,HIGH,LOW SUSCEPTIBILITY,no major independent warning signal,continue routine monitoring,LOW SUSCEPTIBILITY. Main evidence: no major independent warning signal. Recommended response: continue routine monitoring.,24.072700691121742,LOW,13.215996809055468,LOW,STABLE_LOW,LOW,23.62883145523344,NORMAL,UNREFERENCED,17.89338360097402,LOW
800_474,0.0803604054229516,LOW,82.75038520801233,EXTREME,46.42980886806694,MODERATE,TRANSPORT,0.0,LOW,76.6061227018273,23.393877298172697,MODERATE,LOW SUSCEPTIBILITY,unstable terrain conditions,continue routine monitoring,LOW SUSCEPTIBILITY. Main evidence: unstable terrain conditions. Recommended response: continue routine monitoring.,24.072700691121742,LOW,13.215996809055468,LOW,STABLE_LOW,LOW,23.62883145523344,NORMAL,UNREFERENCED,29.538036684957504,MODERATE
801_438,0.1418452862354458,LOW,64.87865947611711,HIGH,34.19712901136607,MODERATE,INFRASTRUCTURE,0.0,LOW,71.57554154444142,28.42445845555858,MODERATE,LOW SUSCEPTIBILITY,unstable terrain conditions,continue routine monitoring,LOW SUSCEPTIBILITY. Main evidence: unstable terrain conditions. Recommended response: continue routine monitoring.,24.072700691121742,LOW,13.215996809055468,LOW,STABLE_LOW,LOW,23.62883145523344,NORMAL,UNREFERENCED,26.89560919663557,MODERATE
801_654,0.9237790331890332,VERY_HIGH,84.99422187981511,EXTREME,64.71244714046873,HIGH,TRANSPORT,0.0,LOW,85.12662222462606,14.87337777537394,HIGH,VERY HIGH SUSCEPTIBILITY,"high static landslide susceptibility; unstable terrain conditions; high exposure to roads, settlements or infrastructure","prioritize location for detailed assessment; check nearby roads, settlements and infrastructure","VERY HIGH SUSCEPTIBILITY. Main evidence: high static landslide susceptibility; unstable terrain conditions; high exposure to roads, settlements or infrastructure. Recommended response: prioritize location for detailed assessment; check nearby roads, settlements and infrastructure.",24.072700691121742,LOW,13.215996809055468,LOW,STABLE_LOW,LOW,23.62883145523344,NORMAL,UNREFERENCED,70.68303800965201,HIGH
802_101,0.050347619047619,LOW,13.231895223420649,LOW,62.91955935852589,HIGH,TRANSPORT,0.0,LOW,79.0617143143545,20.938285685645496,MODERATE,LOW SUSCEPTIBILITY,"high exposure to roads, settlements or infrastructure","check nearby roads, settlements and infrastructure","LOW SUSCEPTIBILITY. Main evidence: high exposure to roads, settlements or infrastructure. Recommended response: check nearby roads, settlements and infrastructure.",24.072700691121742,LOW,13.215996809055468,LOW,STABLE_LOW,LOW,23.62883145523344,NORMAL,UNREFERENCED,16.757225874718042,LOW
805_515,0.7093820982938631,HIGH,37.577041602465336,MODERATE,67.76457394444428,HIGH,TRANSPORT,87.3568640522876,EXTREME,67.58505482411215,32.41494517588785,MODERATE,HIGH SUSCEPTIBILITY,"high static landslide susceptibility; high exposure to roads, settlements or infrastructure; elevated neighbouring-cell risk","check nearby roads, settlements and infrastructure","HIGH SUSCEPTIBILITY. Main evidence: high static landslide susceptibility; high exposure to roads, settlements or infrastructure; elevated neighbouring-cell risk. Recommended response: check nearby roads, settlements and infrastructure.",24.072700691121742,LOW,13.215996809055468,LOW,STABLE_LOW,LOW,23.62883145523344,NORMAL,UNREFERENCED,60.74524530972448,HIGH
806_513,0.8193837721755372,VERY_HIGH,39.04275808936826,MODERATE,66.89668313942163,HIGH,TRANSPORT,88.8029348951702,EXTREME,76.58519177806728,23.41480822193272,MODERATE,VERY HIGH SUSCEPTIBILITY,"high static landslide susceptibility; high exposure to roads, settlements or infrastructure; elevated neighbouring-cell risk","prioritize location for detailed assessment; check nearby roads, settlements and infrastructure","VERY HIGH SUSCEPTIBILITY. Main evidence: high static landslide susceptibility; high exposure to roads, settlements or infrastructure; elevated neighbouring-cell risk. Recommended response: prioritize location for detailed assessment; check nearby roads, settlements and infrastructure.",24.072700691121742,LOW,13.215996809055468,LOW,STABLE_LOW,LOW,23.62883145523344,NORMAL,UNREFERENCED,66.00288739531527,HIGH
806_645,0.8707674603174607,VERY_HIGH,63.8944530046225,HIGH,71.79743478279586,HIGH,TRANSPORT,91.94471802054156,EXTREME,80.78931171695194,19.210688283048057,HIGH,VERY HIGH SUSCEPTIBILITY,"high static landslide susceptibility; unstable terrain conditions; high exposure to roads, settlements or infrastructure; elevated neighbouring-cell risk","prioritize location for detailed assessment; check nearby roads, settlements and infrastructure","VERY HIGH SUSCEPTIBILITY. Main evidence: high static landslide susceptibility; unstable terrain conditions; high exposure to roads, settlements or infrastructure; elevated neighbouring-cell risk. Recommended response: prioritize location for detailed assessment; check nearby roads, settlements and infrastructure.",24.072700691121742,LOW,13.215996809055468,LOW,STABLE_LOW,LOW,23.62883145523344,NORMAL,UNREFERENCED,74.33478340379594,HIGH
806_935,0.8442517956517962,VERY_HIGH,61.75462249614792,HIGH,53.9667114354254,HIGH,TRANSPORT,77.27063246785082,EXTREME,78.61984824430667,21.380151755693333,MODERATE,VERY HIGH SUSCEPTIBILITY,high static landslide susceptibility; unstable terrain conditions; elevated neighbouring-cell risk,prioritize location for detailed assessment,VERY HIGH SUSCEPTIBILITY. Main evidence: high static landslide susceptibility; unstable terrain conditions; elevated neighbouring-cell risk. Recommended response: prioritize location for detailed assessment.,24.072700691121742,LOW,13.215996809055468,LOW,STABLE_LOW,LOW,23.62883145523344,NORMAL,UNREFERENCED,68.57159533477147,HIGH
806_937,0.675294749540726,HIGH,30.29275808936826,MODERATE,54.432438698096384,HIGH,TRANSPORT,89.09762569562574,EXTREME,64.79608992612819,35.20391007387181,MODERATE,HIGH SUSCEPTIBILITY,high static landslide susceptibility; elevated neighbouring-cell risk,continue routine monitoring,HIGH SUSCEPTIBILITY. Main evidence: high static landslide susceptibility; elevated neighbouring-cell risk. Recommended response: continue routine monitoring.,24.072700691121742,LOW,13.215996809055468,LOW,STABLE_LOW,LOW,23.62883145523344,NORMAL,UNREFERENCED,55.92871379059553,HIGH
807_217,0.3163547922998987,MODERATE,36.76425269645609,MODERATE,50.34353467692677,HIGH,TRANSPORT,0.0,LOW,57.297491048258905,42.702508951741095,LOW,MODERATE SUSCEPTIBILITY,no major independent warning signal,continue routine monitoring,MODERATE SUSCEPTIBILITY. Main evidence: no major independent warning signal. Recommended response: continue routine monitoring.,24.072700691121742,LOW,13.215996809055468,LOW,STABLE_LOW,LOW,23.62883145523344,NORMAL,UNREFERENCED,31.547616463437848,MODERATE
807_722,0.0043551316984559,LOW,90.5893682588598,EXTREME,17.905174330104995,LOW,INFRASTRUCTURE,0.0,LOW,82.82473600655877,17.175263993441234,HIGH,LOW SUSCEPTIBILITY,unstable terrain conditions,continue routine monitoring,LOW SUSCEPTIBILITY. Main evidence: unstable terrain conditions. Recommended response: continue routine monitoring.,24.072700691121742,LOW,13.215996809055468,LOW,STABLE_LOW,LOW,23.62883145523344,NORMAL,UNREFERENCED,23.4069007968304,LOW
808_640,0.8671937144554795,VERY_HIGH,86.96456086286595,EXTREME,82.18046490785946,VERY_HIGH,TRANSPORT,89.35770472991064,EXTREME,80.49691432824439,19.503085671755613,HIGH,VERY HIGH SUSCEPTIBILITY,"high static landslide susceptibility; unstable terrain conditions; high exposure to roads, settlements or infrastructure; elevated neighbouring-cell risk","prioritize location for detailed assessment; check nearby roads, settlements and infrastructure","VERY HIGH SUSCEPTIBILITY. Main evidence: high static landslide susceptibility; unstable terrain conditions; high exposure to roads, settlements or infrastructure; elevated neighbouring-cell risk. Recommended response: prioritize location for detailed assessment; check nearby roads, settlements and infrastructure.",24.072700691121742,LOW,13.215996809055468,LOW,STABLE_LOW,LOW,23.62883145523344,NORMAL,UNREFERENCED,80.08673960135192,EXTREME
808_641,0.8920168746286395,VERY_HIGH,89.64753466872111,EXTREME,79.60161477498204,VERY_HIGH,TRANSPORT,88.47199069884367,EXTREME,82.52790016059384,17.472099839406155,HIGH,VERY HIGH SUSCEPTIBILITY,"high static landslide susceptibility; unstable terrain conditions; high exposure to roads, settlements or infrastructure; elevated neighbouring-cell risk","prioritize location for detailed assessment; check nearby roads, settlements and infrastructure","VERY HIGH SUSCEPTIBILITY. Main evidence: high static landslide susceptibility; unstable terrain conditions; high exposure to roads, settlements or infrastructure; elevated neighbouring-cell risk. Recommended response: prioritize location for detailed assessment; check nearby roads, settlements and infrastructure.",24.072700691121742,LOW,13.215996809055468,LOW,STABLE_LOW,LOW,23.62883145523344,NORMAL,UNREFERENCED,81.26497764727685,EXTREME
809_637,0.7619779302396953,VERY_HIGH,71.47149460708783,HIGH,87.76034676644677,VERY_HIGH,INFRASTRUCTURE,90.01608187890542,EXTREME,71.88835016513477,28.111649834865236,MODERATE,VERY HIGH SUSCEPTIBILITY,"high static landslide susceptibility; unstable terrain conditions; high exposure to roads, settlements or infrastructure; elevated neighbouring-cell risk","prioritize location for detailed assessment; check nearby roads, settlements and infrastructure","VERY HIGH SUSCEPTIBILITY. Main evidence: high static landslide susceptibility; unstable terrain conditions; high exposure to roads, settlements or infrastructure; elevated neighbouring-cell risk. Recommended response: prioritize location for detailed assessment; check nearby roads, settlements and infrastructure.",24.072700691121742,LOW,13.215996809055468,LOW,STABLE_LOW,LOW,23.62883145523344,NORMAL,UNREFERENCED,73.15623605417358,HIGH
811_512,0.8923058585858588,VERY_HIGH,84.31432973805856,EXTREME,59.12657250430037,HIGH,TRANSPORT,90.7494335086189,EXTREME,82.55154430254814,17.448455697451863,HIGH,VERY HIGH SUSCEPTIBILITY,high static landslide susceptibility; unstable terrain conditions; elevated neighbouring-cell risk,prioritize location for detailed assessment,VERY HIGH SUSCEPTIBILITY. Main evidence: high static landslide susceptibility; unstable terrain conditions; elevated neighbouring-cell risk. Recommended response: prioritize location for detailed assessment.,24.072700691121742,LOW,13.215996809055468,LOW,STABLE_LOW,LOW,23.62883145523344,NORMAL,UNREFERENCED,77.36782887959447,EXTREME
811_613,0.4401820096570098,MODERATE,26.72187981510016,MODERATE,54.15129536088963,HIGH,TRANSPORT,0.0,LOW,47.16617326449527,52.83382673550473,LOW,MODERATE SUSCEPTIBILITY,no major independent warning signal,continue routine monitoring,MODERATE SUSCEPTIBILITY. Main evidence: no major independent warning signal. Recommended response: continue routine monitoring.,24.072700691121742,LOW,13.215996809055468,LOW,STABLE_LOW,LOW,23.62883145523344,NORMAL,UNREFERENCED,35.68253077083109,MODERATE
812_517,0.8872351613021633,VERY_HIGH,44.0215716486903,MODERATE,58.14556695547923,HIGH,TRANSPORT,92.24108515380412,EXTREME,82.13666907024579,17.863330929754213,HIGH,VERY HIGH SUSCEPTIBILITY,high static landslide susceptibility; elevated neighbouring-cell risk,prioritize location for detailed assessment,VERY HIGH SUSCEPTIBILITY. Main evidence: high static landslide susceptibility; elevated neighbouring-cell risk. Recommended response: prioritize location for detailed assessment.,24.072700691121742,LOW,13.215996809055468,LOW,STABLE_LOW,LOW,23.62883145523344,NORMAL,UNREFERENCED,69.08311021614988,HIGH
813_639,0.7349575839193488,HIGH,35.764637904468415,MODERATE,87.83659212708174,VERY_HIGH,TRANSPORT,90.37635316317672,EXTREME,69.67759455710643,30.32240544289357,MODERATE,HIGH SUSCEPTIBILITY,"high static landslide susceptibility; high exposure to roads, settlements or infrastructure; elevated neighbouring-cell risk","check nearby roads, settlements and infrastructure","HIGH SUSCEPTIBILITY. Main evidence: high static landslide susceptibility; high exposure to roads, settlements or infrastructure; elevated neighbouring-cell risk. Recommended response: check nearby roads, settlements and infrastructure.",24.072700691121742,LOW,13.215996809055468,LOW,STABLE_LOW,LOW,23.62883145523344,NORMAL,UNREFERENCED,64.84641306175648,HIGH
813_1458,0.0171834866768109,LOW,21.816255778120187,LOW,40.80170743718342,MODERATE,TRANSPORT,0.0,LOW,81.77514332651154,18.22485667348846,HIGH,LOW SUSCEPTIBILITY,no major independent warning signal,continue routine monitoring,LOW SUSCEPTIBILITY. Main evidence: no major independent warning signal. Recommended response: continue routine monitoring.,24.072700691121742,LOW,13.215996809055468,LOW,STABLE_LOW,LOW,23.62883145523344,NORMAL,UNREFERENCED,13.664034240770215,LOW
813_1533,0.0020217983651226,LOW,20.269645608628657,LOW,18.534516265411625,LOW,SETTLEMENT,0.0,LOW,83.01564509746785,16.984354902532147,HIGH,LOW SUSCEPTIBILITY,no major independent warning signal,continue routine monitoring,LOW SUSCEPTIBILITY. Main evidence: no major independent warning signal. Recommended response: continue routine monitoring.,24.072700691121742,LOW,13.215996809055468,LOW,STABLE_LOW,LOW,23.62883145523344,NORMAL,UNREFERENCED,9.332357557080167,LOW
814_518,0.8812896112255584,VERY_HIGH,81.18258859784284,EXTREME,53.556112798906206,HIGH,TRANSPORT,92.10646129115143,EXTREME,81.65021497306903,18.349785026930974,HIGH,VERY HIGH SUSCEPTIBILITY,high static landslide susceptibility; unstable terrain conditions; elevated neighbouring-cell risk,prioritize location for detailed assessment,VERY HIGH SUSCEPTIBILITY. Main evidence: high static landslide susceptibility; unstable terrain conditions; elevated neighbouring-cell risk. Recommended response: prioritize location for detailed assessment.,24.072700691121742,LOW,13.215996809055468,LOW,STABLE_LOW,LOW,23.62883145523344,NORMAL,UNREFERENCED,75.54588334278193,EXTREME
814_1297,0.0043884650317892,LOW,79.72650231124808,EXTREME,20.60611145401583,LOW,INFRASTRUCTURE,0.0,LOW,82.8220087338315,17.177991266168505,HIGH,LOW SUSCEPTIBILITY,unstable terrain conditions,continue routine monitoring,LOW SUSCEPTIBILITY. Main evidence: unstable terrain conditions. Recommended response: continue routine monitoring.,24.072700691121742,LOW,13.215996809055468,LOW,STABLE_LOW,LOW,23.62883145523344,NORMAL,UNREFERENCED,21.640968175894677,LOW
814_1408,0.0028987214420456,LOW,42.54815100154083,MODERATE,28.7630955895702,MODERATE,TRANSPORT,0.0,LOW,82.9438968457196,17.056103154280393,HIGH,LOW SUSCEPTIBILITY,no major independent warning signal,continue routine monitoring,LOW SUSCEPTIBILITY. Main evidence: no major independent warning signal. Recommended response: continue routine monitoring.,24.072700691121742,LOW,13.215996809055468,LOW,STABLE_LOW,LOW,23.62883145523344,NORMAL,UNREFERENCED,15.361807072747922,LOW
815_14,0.0631340548340548,LOW,9.728428351309706,LOW,61.19033568228178,HIGH,TRANSPORT,0.0,LOW,78.0155513863734,21.9844486136266,MODERATE,LOW SUSCEPTIBILITY,"high exposure to roads, settlements or infrastructure","check nearby roads, settlements and infrastructure","LOW SUSCEPTIBILITY. Main evidence: high exposure to roads, settlements or infrastructure. Recommended response: check nearby roads, settlements and infrastructure.",24.072700691121742,LOW,13.215996809055468,LOW,STABLE_LOW,LOW,23.62883145523344,NORMAL,UNREFERENCED,16.37253855924885,LOW
815_507,0.5207085886835139,HIGH,20.87827426810477,LOW,55.70346686789046,HIGH,TRANSPORT,0.0,LOW,52.14813131053812,47.85186868946188,LOW,HIGH SUSCEPTIBILITY,high static landslide susceptibility,continue routine monitoring,HIGH SUSCEPTIBILITY. Main evidence: high static landslide susceptibility. Recommended response: continue routine monitoring.,24.072700691121742,LOW,13.215996809055468,LOW,STABLE_LOW,LOW,23.62883145523344,NORMAL,UNREFERENCED,38.37033144367482,MODERATE
816_878,2.1798365122615804e-05,LOW,70.19645608628659,HIGH,18.223708355486814,LOW,INFRASTRUCTURE,0.0,LOW,83.17928146110421,16.82071853889579,HIGH,LOW SUSCEPTIBILITY,unstable terrain conditions,continue routine monitoring,LOW SUSCEPTIBILITY. Main evidence: unstable terrain conditions. Recommended response: continue routine monitoring.,24.072700691121742,LOW,13.215996809055468,LOW,STABLE_LOW,LOW,23.62883145523344,NORMAL,UNREFERENCED,19.181098466123032,LOW
817_215,0.1112599335447161,LOW,21.839368258859785,LOW,48.51971980429373,MODERATE,TRANSPORT,0.0,LOW,74.07797949186475,25.922020508135247,MODERATE,LOW SUSCEPTIBILITY,no major independent warning signal,continue routine monitoring,LOW SUSCEPTIBILITY. Main evidence: no major independent warning signal. Recommended response: continue routine monitoring.,24.072700691121742,LOW,13.215996809055468,LOW,STABLE_LOW,LOW,23.62883145523344,NORMAL,UNREFERENCED,19.059798701040414,LOW
818_643,0.7732903607503607,VERY_HIGH,56.2384437596302,HIGH,73.74054284549179,HIGH,INFRASTRUCTURE,87.24542626262627,EXTREME,72.81391266146194,27.18608733853806,MODERATE,VERY HIGH SUSCEPTIBILITY,"high static landslide susceptibility; high exposure to roads, settlements or infrastructure; elevated neighbouring-cell risk","prioritize location for detailed assessment; check nearby roads, settlements and infrastructure","VERY HIGH SUSCEPTIBILITY. Main evidence: high static landslide susceptibility; high exposure to roads, settlements or infrastructure; elevated neighbouring-cell risk. Recommended response: prioritize location for detailed assessment; check nearby roads, settlements and infrastructure.",24.072700691121742,LOW,13.215996809055468,LOW,STABLE_LOW,LOW,23.62883145523344,NORMAL,UNREFERENCED,68.23864910789085,HIGH
820_643,0.8177918037518037,VERY_HIGH,58.8713405238829,HIGH,68.15026729219035,HIGH,INFRASTRUCTURE,84.13032525252525,EXTREME,76.45493981612546,23.54506018387454,MODERATE,VERY HIGH SUSCEPTIBILITY,"high static landslide susceptibility; high exposure to roads, settlements or infrastructure; elevated neighbouring-cell risk","prioritize location for detailed assessment; check nearby roads, settlements and infrastructure","VERY HIGH SUSCEPTIBILITY. Main evidence: high static landslide susceptibility; high exposure to roads, settlements or infrastructure; elevated neighbouring-cell risk. Recommended response: prioritize location for detailed assessment; check nearby roads, settlements and infrastructure.",24.072700691121742,LOW,13.215996809055468,LOW,STABLE_LOW,LOW,23.62883145523344,NORMAL,UNREFERENCED,69.61774196180099,HIGH
820_1220,0.0003955357388599,LOW,34.51078582434515,MODERATE,25.665239561967155,MODERATE,SETTLEMENT,0.0,LOW,83.14870294870752,16.851297051292477,HIGH,LOW SUSCEPTIBILITY,no major independent warning signal,continue routine monitoring,LOW SUSCEPTIBILITY. Main evidence: no major independent warning signal. Recommended response: continue routine monitoring.,24.072700691121742,LOW,13.215996809055468,LOW,STABLE_LOW,LOW,23.62883145523344,NORMAL,UNREFERENCED,13.177012276524973,LOW
821_178,0.0152858676291918,LOW,12.492295839753467,LOW,43.08174282827429,MODERATE,TRANSPORT,0.0,LOW,81.93040306677128,18.069596933228723,HIGH,LOW SUSCEPTIBILITY,no major independent warning signal,continue routine monitoring,LOW SUSCEPTIBILITY. Main evidence: no major independent warning signal. Recommended response: continue routine monitoring.,24.072700691121742,LOW,13.215996809055468,LOW,STABLE_LOW,LOW,23.62883145523344,NORMAL,UNREFERENCED,12.055854704617643,LOW
822_524,0.3164946349848655,MODERATE,35.92449922958397,MODERATE,32.729224209475,MODERATE,SETTLEMENT,19.895865620934494,LOW,51.28604937403435,48.71395062596565,LOW,MODERATE SUSCEPTIBILITY,no major independent warning signal,continue routine monitoring,MODERATE SUSCEPTIBILITY. Main evidence: no major independent warning signal. Recommended response: continue routine monitoring.,24.072700691121742,LOW,13.215996809055468,LOW,STABLE_LOW,LOW,23.62883145523344,NORMAL,UNREFERENCED,30.73339868286262,MODERATE
824_651,0.0532614524705301,LOW,71.42141756548537,HIGH,52.921457401656944,HIGH,INFRASTRUCTURE,77.00667171717171,EXTREME,78.82330976157087,21.17669023842913,MODERATE,LOW SUSCEPTIBILITY,unstable terrain conditions; elevated neighbouring-cell risk,continue routine monitoring,LOW SUSCEPTIBILITY. Main evidence: unstable terrain conditions; elevated neighbouring-cell risk. Recommended response: continue routine monitoring.,24.072700691121742,LOW,13.215996809055468,LOW,STABLE_LOW,LOW,23.62883145523344,NORMAL,UNREFERENCED,34.72720472534881,MODERATE
825_466,0.2628303879127407,MODERATE,42.65793528505393,MODERATE,55.54174503762085,HIGH,TRANSPORT,0.0,LOW,61.67676049811729,38.32323950188271,MODERATE,MODERATE SUSCEPTIBILITY,no major independent warning signal,continue routine monitoring,MODERATE SUSCEPTIBILITY. Main evidence: no major independent warning signal. Recommended response: continue routine monitoring.,24.072700691121742,LOW,13.215996809055468,LOW,STABLE_LOW,LOW,23.62883145523344,NORMAL,UNREFERENCED,31.09748633783942,MODERATE
825_646,0.6715238816738817,HIGH,30.269645608628657,MODERATE,68.13237301497817,HIGH,INFRASTRUCTURE,58.98241979927376,HIGH,64.48756437338639,35.51243562661361,MODERATE,HIGH SUSCEPTIBILITY,"high static landslide susceptibility; high exposure to roads, settlements or infrastructure","check nearby roads, settlements and infrastructure","HIGH SUSCEPTIBILITY. Main evidence: high static landslide susceptibility; high exposure to roads, settlements or infrastructure. Recommended response: check nearby roads, settlements and infrastructure.",24.072700691121742,LOW,13.215996809055468,LOW,STABLE_LOW,LOW,23.62883145523344,NORMAL,UNREFERENCED,54.797871798336686,HIGH
826_645,0.8583438149972631,VERY_HIGH,59.905624036979965,HIGH,67.52326376497444,HIGH,INFRASTRUCTURE,73.18720923520924,HIGH,79.7728316452994,20.227168354700595,MODERATE,VERY HIGH SUSCEPTIBILITY,"high static landslide susceptibility; high exposure to roads, settlements or infrastructure; elevated neighbouring-cell risk","prioritize location for detailed assessment; check nearby roads, settlements and infrastructure","VERY HIGH SUSCEPTIBILITY. Main evidence: high static landslide susceptibility; high exposure to roads, settlements or infrastructure; elevated neighbouring-cell risk. Recommended response: prioritize location for detailed assessment; check nearby roads, settlements and infrastructure.",24.072700691121742,LOW,13.215996809055468,LOW,STABLE_LOW,LOW,23.62883145523344,NORMAL,UNREFERENCED,70.4610770396521,HIGH
826_1489,0.0024622024055266,LOW,24.899845916795066,LOW,22.7531273183206,LOW,TRANSPORT,0.0,LOW,82.97961203961663,17.020387960383374,HIGH,LOW SUSCEPTIBILITY,no major independent warning signal,continue routine monitoring,LOW SUSCEPTIBILITY. Main evidence: no major independent warning signal. Recommended response: continue routine monitoring.,24.072700691121742,LOW,13.215996809055468,LOW,STABLE_LOW,LOW,23.62883145523344,NORMAL,UNREFERENCED,10.911007458467976,LOW
827_524,0.2842266517276356,MODERATE,60.66833590138675,HIGH,28.78712305685596,MODERATE,SETTLEMENT,22.154624448940588,LOW,53.92615709508043,46.07384290491957,LOW,MODERATE SUSCEPTIBILITY,unstable terrain conditions,continue routine monitoring,MODERATE SUSCEPTIBILITY. Main evidence: unstable terrain conditions. Recommended response: continue routine monitoring.,24.072700691121742,LOW,13.215996809055468,LOW,STABLE_LOW,LOW,23.62883145523344,NORMAL,UNREFERENCED,33.86466748055558,MODERATE
827_978,0.8839013888888885,VERY_HIGH,63.6228813559322,HIGH,65.18448903680817,HIGH,TRANSPORT,0.0,LOW,81.86390587279604,18.13609412720396,HIGH,VERY HIGH SUSCEPTIBILITY,"high static landslide susceptibility; unstable terrain conditions; high exposure to roads, settlements or infrastructure","prioritize location for detailed assessment; check nearby roads, settlements and infrastructure","VERY HIGH SUSCEPTIBILITY. Main evidence: high static landslide susceptibility; unstable terrain conditions; high exposure to roads, settlements or infrastructure. Recommended response: prioritize location for detailed assessment; check nearby roads, settlements and infrastructure.",24.072700691121742,LOW,13.215996809055468,LOW,STABLE_LOW,LOW,23.62883145523344,NORMAL,UNREFERENCED,64.68508219581983,HIGH
828_97,0.0725864468864468,LOW,9.456856702619415,LOW,65.73394361677363,HIGH,TRANSPORT,0.0,LOW,77.24217385481406,22.757826145185945,MODERATE,LOW SUSCEPTIBILITY,"high exposure to roads, settlements or infrastructure","check nearby roads, settlements and infrastructure","LOW SUSCEPTIBILITY. Main evidence: high exposure to roads, settlements or infrastructure. Recommended response: check nearby roads, settlements and infrastructure.",24.072700691121742,LOW,13.215996809055468,LOW,STABLE_LOW,LOW,23.62883145523344,NORMAL,UNREFERENCED,17.425123062042207,LOW
830_286,0.0319662735345169,LOW,62.6848998459168,HIGH,24.21300318002325,LOW,INFRASTRUCTURE,0.0,LOW,80.56564258360831,19.43435741639169,HIGH,LOW SUSCEPTIBILITY,unstable terrain conditions,continue routine monitoring,LOW SUSCEPTIBILITY. Main evidence: unstable terrain conditions. Recommended response: continue routine monitoring.,24.072700691121742,LOW,13.215996809055468,LOW,STABLE_LOW,LOW,23.62883145523344,NORMAL,UNREFERENCED,20.014682824352285,LOW
830_643,0.4805507575757576,MODERATE,25.535439137134052,MODERATE,69.84137827578749,HIGH,TRANSPORT,90.08406704980844,EXTREME,48.862490583539866,51.13750941646013,LOW,MODERATE SUSCEPTIBILITY,"high exposure to roads, settlements or infrastructure; elevated neighbouring-cell risk","check nearby roads, settlements and infrastructure","MODERATE SUSCEPTIBILITY. Main evidence: high exposure to roads, settlements or infrastructure; elevated neighbouring-cell risk. Recommended response: check nearby roads, settlements and infrastructure.",24.072700691121742,LOW,13.215996809055468,LOW,STABLE_LOW,LOW,23.62883145523344,NORMAL,UNREFERENCED,48.623755433797044,MODERATE
831_375,0.002466242809567,LOW,66.36363636363637,HIGH,18.356860785800944,LOW,INFRASTRUCTURE,0.0,LOW,82.97928146110422,17.02071853889578,HIGH,LOW SUSCEPTIBILITY,unstable terrain conditions,continue routine monitoring,LOW SUSCEPTIBILITY. Main evidence: unstable terrain conditions. Recommended response: continue routine monitoring.,24.072700691121742,LOW,13.215996809055468,LOW,STABLE_LOW,LOW,23.62883145523344,NORMAL,UNREFERENCED,18.544507386140104,LOW
832_990,0.9114270477888124,VERY_HIGH,89.55123266563945,EXTREME,81.78055770262546,VERY_HIGH,TRANSPORT,0.0,LOW,84.11600523733526,15.883994762664742,HIGH,VERY HIGH SUSCEPTIBILITY,"high static landslide susceptibility; unstable terrain conditions; high exposure to roads, settlements or infrastructure","prioritize location for detailed assessment; check nearby roads, settlements and infrastructure","VERY HIGH SUSCEPTIBILITY. Main evidence: high static landslide susceptibility; unstable terrain conditions; high exposure to roads, settlements or infrastructure. Recommended response: prioritize location for detailed assessment; check nearby roads, settlements and infrastructure.",24.072700691121742,LOW,13.215996809055468,LOW,STABLE_LOW,LOW,23.62883145523344,NORMAL,UNREFERENCED,73.59881740813044,HIGH
837_643,0.9477310245310248,VERY_HIGH,80.69530046224962,EXTREME,63.021075253778925,HIGH,TRANSPORT,0.0,LOW,87.08633060715263,12.913669392847368,HIGH,VERY HIGH SUSCEPTIBILITY,"high static landslide susceptibility; unstable terrain conditions; high exposure to roads, settlements or infrastructure","prioritize location for detailed assessment; check nearby roads, settlements and infrastructure","VERY HIGH SUSCEPTIBILITY. Main evidence: high static landslide susceptibility; unstable terrain conditions; high exposure to roads, settlements or infrastructure. Recommended response: prioritize location for detailed assessment; check nearby roads, settlements and infrastructure.",24.072700691121742,LOW,13.215996809055468,LOW,STABLE_LOW,LOW,23.62883145523344,NORMAL,UNREFERENCED,70.64738755352505,HIGH
840_198,0.0072589550828603,LOW,12.010785824345144,LOW,29.95165474078418,MODERATE,TRANSPORT,0.0,LOW,82.58715045692568,17.412849543074316,HIGH,LOW SUSCEPTIBILITY,no major independent warning signal,continue routine monitoring,LOW SUSCEPTIBILITY. Main evidence: no major independent warning signal. Recommended response: continue routine monitoring.,24.072700691121742,LOW,13.215996809055468,LOW,STABLE_LOW,LOW,23.62883145523344,NORMAL,UNREFERENCED,9.628828423827542,LOW
842_1240,7.659288567056101e-05,LOW,42.47881355932204,MODERATE,21.21232165381132,LOW,SETTLEMENT,0.0,LOW,83.17479827305938,16.82520172694062,HIGH,LOW SUSCEPTIBILITY,no major independent warning signal,continue routine monitoring,LOW SUSCEPTIBILITY. Main evidence: no major independent warning signal. Recommended response: continue routine monitoring.,24.072700691121742,LOW,13.215996809055468,LOW,STABLE_LOW,LOW,23.62883145523344,NORMAL,UNREFERENCED,14.088327708903455,LOW
846_1668,0.0032598936032178,LOW,22.59630200308166,LOW,17.58683444360363,LOW,SETTLEMENT,0.0,LOW,82.91434639616915,17.08565360383085,HIGH,LOW SUSCEPTIBILITY,no major independent warning signal,continue routine monitoring,LOW SUSCEPTIBILITY. Main evidence: no major independent warning signal. Recommended response: continue routine monitoring.,24.072700691121742,LOW,13.215996809055468,LOW,STABLE_LOW,LOW,23.62883145523344,NORMAL,UNREFERENCED,9.711250848413851,LOW
848_85,0.1630200577200576,LOW,6.113251155624037,LOW,86.50101070011613,VERY_HIGH,TRANSPORT,0.0,LOW,69.84306024115499,30.156939758845013,MODERATE,LOW SUSCEPTIBILITY,"high exposure to roads, settlements or infrastructure","check nearby roads, settlements and infrastructure","LOW SUSCEPTIBILITY. Main evidence: high exposure to roads, settlements or infrastructure. Recommended response: check nearby roads, settlements and infrastructure.",24.072700691121742,LOW,13.215996809055468,LOW,STABLE_LOW,LOW,23.62883145523344,NORMAL,UNREFERENCED,23.940974502656992,LOW
851_953,0.0030622024055266,LOW,44.23536209553159,MODERATE,23.39801086507089,LOW,INFRASTRUCTURE,0.0,LOW,82.9305211305257,17.069478869474295,HIGH,LOW SUSCEPTIBILITY,no major independent warning signal,continue routine monitoring,LOW SUSCEPTIBILITY. Main evidence: no major independent warning signal. Recommended response: continue routine monitoring.,24.072700691121742,LOW,13.215996809055468,LOW,STABLE_LOW,LOW,23.62883145523344,NORMAL,UNREFERENCED,14.901843226227824,LOW
854_110,0.0600380952380952,LOW,8.355161787365176,LOW,66.89768887483838,HIGH,INFRASTRUCTURE,0.0,LOW,78.26885717149736,21.73114282850264,MODERATE,LOW SUSCEPTIBILITY,"high exposure to roads, settlements or infrastructure","check nearby roads, settlements and infrastructure","LOW SUSCEPTIBILITY. Main evidence: high exposure to roads, settlements or infrastructure. Recommended response: check nearby roads, settlements and infrastructure.",24.072700691121742,LOW,13.215996809055468,LOW,STABLE_LOW,LOW,23.62883145523344,NORMAL,UNREFERENCED,16.81467004352525,LOW
854_858,0.0056856872540115,LOW,82.38636363636364,EXTREME,18.717104370380422,LOW,INFRASTRUCTURE,0.0,LOW,76.71587237019513,23.28412762980487,MODERATE,LOW SUSCEPTIBILITY,unstable terrain conditions,continue routine monitoring,LOW SUSCEPTIBILITY. Main evidence: unstable terrain conditions. Recommended response: continue routine monitoring.,24.072700691121742,LOW,13.215996809055468,LOW,STABLE_LOW,LOW,23.62883145523344,NORMAL,UNREFERENCED,21.947964378372482,LOW
856_147,0.0108295667320214,LOW,8.318567026194145,LOW,43.38410991761418,MODERATE,TRANSPORT,0.0,LOW,82.29500950381251,17.70499049618749,HIGH,LOW SUSCEPTIBILITY,no major independent warning signal,continue routine monitoring,LOW SUSCEPTIBILITY. Main evidence: no major independent warning signal. Recommended response: continue routine monitoring.,24.072700691121742,LOW,13.215996809055468,LOW,STABLE_LOW,LOW,23.62883145523344,NORMAL,UNREFERENCED,11.065930464934093,LOW
856_1234,0.0028765602698845,LOW,25.0924499229584,MODERATE,18.824539381789013,LOW,SETTLEMENT,0.0,LOW,82.94571003253279,17.054289967467213,HIGH,LOW SUSCEPTIBILITY,no major independent warning signal,continue routine monitoring,LOW SUSCEPTIBILITY. Main evidence: no major independent warning signal. Recommended response: continue routine monitoring.,24.072700691121742,LOW,13.215996809055468,LOW,STABLE_LOW,LOW,23.62883145523344,NORMAL,UNREFERENCED,10.37888617311701,LOW
856_1274,0.0069765602698845,LOW,32.17449922958397,MODERATE,23.593182454171767,LOW,TRANSPORT,0.0,LOW,82.61025548707823,17.389744512921766,HIGH,LOW SUSCEPTIBILITY,no major independent warning signal,continue routine monitoring,LOW SUSCEPTIBILITY. Main evidence: no major independent warning signal. Recommended response: continue routine monitoring.,24.072700691121742,LOW,13.215996809055468,LOW,STABLE_LOW,LOW,23.62883145523344,NORMAL,UNREFERENCED,12.695092495299537,LOW
857_241,0.0158415019186496,LOW,24.88636363636364,LOW,22.95864362137601,LOW,SETTLEMENT,0.0,LOW,81.884942079452,18.115057920548,HIGH,LOW SUSCEPTIBILITY,no major independent warning signal,continue routine monitoring,LOW SUSCEPTIBILITY. Main evidence: no major independent warning signal. Recommended response: continue routine monitoring.,24.072700691121742,LOW,13.215996809055468,LOW,STABLE_LOW,LOW,23.62883145523344,NORMAL,UNREFERENCED,11.541206925930537,LOW
858_291,0.0757370221451739,LOW,50.55277349768875,HIGH,18.67467132218013,LOW,INFRASTRUCTURE,0.0,LOW,76.98439951546365,23.01560048453635,MODERATE,LOW SUSCEPTIBILITY,no major independent warning signal,continue routine monitoring,LOW SUSCEPTIBILITY. Main evidence: no major independent warning signal. Recommended response: continue routine monitoring.,24.072700691121742,LOW,13.215996809055468,LOW,STABLE_LOW,LOW,23.62883145523344,NORMAL,UNREFERENCED,18.72719146350977,LOW
860_566,0.0010884650317892,LOW,89.14869029275809,EXTREME,19.518728675013225,LOW,SETTLEMENT,0.0,LOW,83.09200873383149,16.90799126616851,HIGH,LOW SUSCEPTIBILITY,unstable terrain conditions,continue routine monitoring,LOW SUSCEPTIBILITY. Main evidence: unstable terrain conditions. Recommended response: continue routine monitoring.,24.072700691121742,LOW,13.215996809055468,LOW,STABLE_LOW,LOW,23.62883145523344,NORMAL,UNREFERENCED,23.21379835534629,LOW
860_711,0.0035217983651226,LOW,87.91409861325116,EXTREME,24.219910729310552,LOW,SETTLEMENT,0.0,LOW,82.89291782474058,17.10708217525942,HIGH,LOW SUSCEPTIBILITY,unstable terrain conditions,continue routine monitoring,LOW SUSCEPTIBILITY. Main evidence: unstable terrain conditions. Recommended response: continue routine monitoring.,24.072700691121742,LOW,13.215996809055468,LOW,STABLE_LOW,LOW,23.62883145523344,NORMAL,UNREFERENCED,23.781557327589503,LOW
860_1568,0.142177481648786,LOW,21.151771956856702,LOW,54.16102443990114,HIGH,TRANSPORT,0.0,LOW,71.54836191971357,28.45163808028643,MODERATE,LOW SUSCEPTIBILITY,no major independent warning signal,continue routine monitoring,LOW SUSCEPTIBILITY. Main evidence: no major independent warning signal. Recommended response: continue routine monitoring.,24.072700691121742,LOW,13.215996809055468,LOW,STABLE_LOW,LOW,23.62883145523344,NORMAL,UNREFERENCED,21.159764800664057,LOW
864_648,0.7658296840414492,VERY_HIGH,57.06471494607088,HIGH,83.68393774702942,VERY_HIGH,TRANSPORT,83.99343141825497,EXTREME,72.20349365800556,27.796506341994444,MODERATE,VERY HIGH SUSCEPTIBILITY,"high static landslide susceptibility; high exposure to roads, settlements or infrastructure; elevated neighbouring-cell risk","prioritize location for detailed assessment; check nearby roads, settlements and infrastructure","VERY HIGH SUSCEPTIBILITY. Main evidence: high static landslide susceptibility; high exposure to roads, settlements or infrastructure; elevated neighbouring-cell risk. Recommended response: prioritize location for detailed assessment; check nearby roads, settlements and infrastructure.",24.072700691121742,LOW,13.215996809055468,LOW,STABLE_LOW,LOW,23.62883145523344,NORMAL,UNREFERENCED,69.23448264407148,HIGH
867_649,0.7713347345464996,VERY_HIGH,44.12365177195686,MODERATE,88.44625845150485,VERY_HIGH,TRANSPORT,83.60807788290145,EXTREME,72.65390688114604,27.34609311885396,MODERATE,VERY HIGH SUSCEPTIBILITY,"high static landslide susceptibility; high exposure to roads, settlements or infrastructure; elevated neighbouring-cell risk","prioritize location for detailed assessment; check nearby roads, settlements and infrastructure","VERY HIGH SUSCEPTIBILITY. Main evidence: high static landslide susceptibility; high exposure to roads, settlements or infrastructure; elevated neighbouring-cell risk. Recommended response: prioritize location for detailed assessment; check nearby roads, settlements and infrastructure.",24.072700691121742,LOW,13.215996809055468,LOW,STABLE_LOW,LOW,23.62883145523344,NORMAL,UNREFERENCED,67.5698100341119,HIGH
869_1488,0.0028765602698845,LOW,18.923343605547,LOW,18.68996381370842,LOW,INFRASTRUCTURE,0.0,LOW,82.94571003253279,17.054289967467213,HIGH,LOW SUSCEPTIBILITY,no major independent warning signal,continue routine monitoring,LOW SUSCEPTIBILITY. Main evidence: no major independent warning signal. Recommended response: continue routine monitoring.,24.072700691121742,LOW,13.215996809055468,LOW,STABLE_LOW,LOW,23.62883145523344,NORMAL,UNREFERENCED,9.12487857442264,LOW
870_1206,0.0002717983651226,LOW,52.44607087827427,HIGH,17.810952305653792,LOW,INFRASTRUCTURE,0.0,LOW,83.15882691564968,16.841173084350316,HIGH,LOW SUSCEPTIBILITY,no major independent warning signal,continue routine monitoring,LOW SUSCEPTIBILITY. Main evidence: no major independent warning signal. Recommended response: continue routine monitoring.,24.072700691121742,LOW,13.215996809055468,LOW,STABLE_LOW,LOW,23.62883145523344,NORMAL,UNREFERENCED,15.580358017045615,LOW
870_1438,0.0028765602698845,LOW,26.69106317411402,MODERATE,17.824013005695978,LOW,INFRASTRUCTURE,0.0,LOW,82.94571003253279,17.054289967467213,HIGH,LOW SUSCEPTIBILITY,no major independent warning signal,continue routine monitoring,LOW SUSCEPTIBILITY. Main evidence: no major independent warning signal. Recommended response: continue routine monitoring.,24.072700691121742,LOW,13.215996809055468,LOW,STABLE_LOW,LOW,23.62883145523344,NORMAL,UNREFERENCED,10.548529866934178,LOW
871_353,0.0054376713809956,LOW,83.96956856702619,EXTREME,21.665967675683994,LOW,SETTLEMENT,0.0,LOW,82.73616457798734,17.26383542201266,HIGH,LOW SUSCEPTIBILITY,unstable terrain conditions,continue routine monitoring,LOW SUSCEPTIBILITY. Main evidence: unstable terrain conditions. Recommended response: continue routine monitoring.,24.072700691121742,LOW,13.215996809055468,LOW,STABLE_LOW,LOW,23.62883145523344,NORMAL,UNREFERENCED,22.695774146014813,LOW
872_911,0.0068265602698845,LOW,36.81047765793528,MODERATE,24.648776256418422,LOW,INFRASTRUCTURE,0.0,LOW,82.62252821435098,17.37747178564902,HIGH,LOW SUSCEPTIBILITY,no major independent warning signal,continue routine monitoring,LOW SUSCEPTIBILITY. Main evidence: no major independent warning signal. Recommended response: continue routine monitoring.,24.072700691121742,LOW,13.215996809055468,LOW,STABLE_LOW,LOW,23.62883145523344,NORMAL,UNREFERENCED,13.773877251306796,LOW
874_637,0.8551258897609961,VERY_HIGH,61.38674884437596,HIGH,64.87267078085361,HIGH,TRANSPORT,0.0,LOW,79.5095468532412,20.4904531467588,MODERATE,VERY HIGH SUSCEPTIBILITY,"high static landslide susceptibility; unstable terrain conditions; high exposure to roads, settlements or infrastructure","prioritize location for detailed assessment; check nearby roads, settlements and infrastructure","VERY HIGH SUSCEPTIBILITY. Main evidence: high static landslide susceptibility; unstable terrain conditions; high exposure to roads, settlements or infrastructure. Recommended response: prioritize location for detailed assessment; check nearby roads, settlements and infrastructure.",24.072700691121742,LOW,13.215996809055468,LOW,STABLE_LOW,LOW,23.62883145523344,NORMAL,UNREFERENCED,62.89618549436023,HIGH
875_51,0.1132008658008658,LOW,6.184514637904469,LOW,53.96558748295536,HIGH,TRANSPORT,0.0,LOW,73.91917594363431,26.080824056365685,MODERATE,LOW SUSCEPTIBILITY,no major independent warning signal,continue routine monitoring,LOW SUSCEPTIBILITY. Main evidence: no major independent warning signal. Recommended response: continue routine monitoring.,24.072700691121742,LOW,13.215996809055468,LOW,STABLE_LOW,LOW,23.62883145523344,NORMAL,UNREFERENCED,16.833050080175333,LOW
875_463,0.0050433618258165,LOW,57.32087827426811,HIGH,24.943735735601724,LOW,INFRASTRUCTURE,0.0,LOW,82.76842626886562,17.231573731134375,HIGH,LOW SUSCEPTIBILITY,no major independent warning signal,continue routine monitoring,LOW SUSCEPTIBILITY. Main evidence: no major independent warning signal. Recommended response: continue routine monitoring.,24.072700691121742,LOW,13.215996809055468,LOW,STABLE_LOW,LOW,23.62883145523344,NORMAL,UNREFERENCED,17.8399573664678,LOW
875_1630,0.1557637806637807,LOW,19.48382126348228,LOW,51.40648041056974,HIGH,TRANSPORT,0.0,LOW,70.43675563666856,29.563244363331435,MODERATE,LOW SUSCEPTIBILITY,no major independent warning signal,continue routine monitoring,LOW SUSCEPTIBILITY. Main evidence: no major independent warning signal. Recommended response: continue routine monitoring.,24.072700691121742,LOW,13.215996809055468,LOW,STABLE_LOW,LOW,23.62883145523344,NORMAL,UNREFERENCED,21.024376513264222,LOW
877_266,0.0596692631628824,LOW,67.21302003081664,HIGH,22.778874799800853,LOW,INFRASTRUCTURE,0.0,LOW,78.29903434128751,21.70096565871249,MODERATE,LOW SUSCEPTIBILITY,unstable terrain conditions,continue routine monitoring,LOW SUSCEPTIBILITY. Main evidence: unstable terrain conditions. Recommended response: continue routine monitoring.,24.072700691121742,LOW,13.215996809055468,LOW,STABLE_LOW,LOW,23.62883145523344,NORMAL,UNREFERENCED,21.95182213757534,LOW
877_1645,2.1798365122615804e-05,LOW,22.962249614791983,LOW,22.5388943059241,LOW,TRANSPORT,0.0,LOW,83.17928146110421,16.82071853889579,HIGH,LOW SUSCEPTIBILITY,no major independent warning signal,continue routine monitoring,LOW SUSCEPTIBILITY. Main evidence: no major independent warning signal. Recommended response: continue routine monitoring.,24.072700691121742,LOW,13.215996809055468,LOW,STABLE_LOW,LOW,23.62883145523344,NORMAL,UNREFERENCED,10.381535064389704,LOW
878_1496,0.0026122024055266,LOW,18.724961479198768,LOW,18.14102016442272,LOW,SETTLEMENT,0.0,LOW,82.96733931234388,17.03266068765612,HIGH,LOW SUSCEPTIBILITY,no major independent warning signal,continue routine monitoring,LOW SUSCEPTIBILITY. Main evidence: no major independent warning signal. Recommended response: continue routine monitoring.,24.072700691121742,LOW,13.215996809055468,LOW,STABLE_LOW,LOW,23.62883145523344,NORMAL,UNREFERENCED,8.990964497864033,LOW
880_646,0.7357035624506212,HIGH,50.68374422187981,HIGH,83.45988548223305,VERY_HIGH,TRANSPORT,0.0,LOW,69.73862916421054,30.261370835789464,MODERATE,HIGH SUSCEPTIBILITY,"high static landslide susceptibility; high exposure to roads, settlements or infrastructure","check nearby roads, settlements and infrastructure","HIGH SUSCEPTIBILITY. Main evidence: high static landslide susceptibility; high exposure to roads, settlements or infrastructure. Recommended response: check nearby roads, settlements and infrastructure.",24.072700691121742,LOW,13.215996809055468,LOW,STABLE_LOW,LOW,23.62883145523344,NORMAL,UNREFERENCED,58.169662046101045,HIGH
882_411,0.0365397811848629,LOW,55.87249614791988,HIGH,27.348646841769312,MODERATE,SETTLEMENT,0.0,LOW,80.19144650312546,19.808553496874534,HIGH,LOW SUSCEPTIBILITY,no major independent warning signal,continue routine monitoring,LOW SUSCEPTIBILITY. Main evidence: no major independent warning signal. Recommended response: continue routine monitoring.,24.072700691121742,LOW,13.215996809055468,LOW,STABLE_LOW,LOW,23.62883145523344,NORMAL,UNREFERENCED,19.328356478280377,LOW
885_511,0.907055619217384,VERY_HIGH,93.65562403697996,EXTREME,71.47754059985172,HIGH,TRANSPORT,0.0,LOW,83.75834289967294,16.24165710032706,HIGH,VERY HIGH SUSCEPTIBILITY,"high static landslide susceptibility; unstable terrain conditions; high exposure to roads, settlements or infrastructure","prioritize location for detailed assessment; check nearby roads, settlements and infrastructure","VERY HIGH SUSCEPTIBILITY. Main evidence: high static landslide susceptibility; unstable terrain conditions; high exposure to roads, settlements or infrastructure. Recommended response: prioritize location for detailed assessment; check nearby roads, settlements and infrastructure.",24.072700691121742,LOW,13.215996809055468,LOW,STABLE_LOW,LOW,23.62883145523344,NORMAL,UNREFERENCED,72.6775288312682,HIGH
885_634,0.8725347943722948,VERY_HIGH,55.637519260400616,HIGH,65.30105565869174,HIGH,TRANSPORT,0.0,LOW,80.93391177598382,19.066088224016184,HIGH,VERY HIGH SUSCEPTIBILITY,"high static landslide susceptibility; high exposure to roads, settlements or infrastructure","prioritize location for detailed assessment; check nearby roads, settlements and infrastructure","VERY HIGH SUSCEPTIBILITY. Main evidence: high static landslide susceptibility; high exposure to roads, settlements or infrastructure. Recommended response: prioritize location for detailed assessment; check nearby roads, settlements and infrastructure.",24.072700691121742,LOW,13.215996809055468,LOW,STABLE_LOW,LOW,23.62883145523344,NORMAL,UNREFERENCED,62.59399801674932,HIGH
886_522,0.9703996495567924,VERY_HIGH,86.82395993836673,EXTREME,64.0919323647283,HIGH,TRANSPORT,97.58521361354696,EXTREME,88.94103629107909,11.058963708920912,HIGH,VERY HIGH SUSCEPTIBILITY,"high static landslide susceptibility; unstable terrain conditions; high exposure to roads, settlements or infrastructure; elevated neighbouring-cell risk","prioritize location for detailed assessment; check nearby roads, settlements and infrastructure","VERY HIGH SUSCEPTIBILITY. Main evidence: high static landslide susceptibility; unstable terrain conditions; high exposure to roads, settlements or infrastructure; elevated neighbouring-cell risk. Recommended response: prioritize location for detailed assessment; check nearby roads, settlements and infrastructure.",24.072700691121742,LOW,13.215996809055468,LOW,STABLE_LOW,LOW,23.62883145523344,NORMAL,UNREFERENCED,82.81235750290512,EXTREME
887_524,0.9334656705728136,VERY_HIGH,41.70069337442219,MODERATE,63.40405821115992,HIGH,TRANSPORT,97.74217366208671,EXTREME,85.91916528329901,14.080834716700991,HIGH,VERY HIGH SUSCEPTIBILITY,"high static landslide susceptibility; high exposure to roads, settlements or infrastructure; elevated neighbouring-cell risk","prioritize location for detailed assessment; check nearby roads, settlements and infrastructure","VERY HIGH SUSCEPTIBILITY. Main evidence: high static landslide susceptibility; high exposure to roads, settlements or infrastructure; elevated neighbouring-cell risk. Recommended response: prioritize location for detailed assessment; check nearby roads, settlements and infrastructure.",24.072700691121742,LOW,13.215996809055468,LOW,STABLE_LOW,LOW,23.62883145523344,NORMAL,UNREFERENCED,72.03819001765588,HIGH
887_1019,0.0072202832136074,LOW,64.7746533127889,HIGH,21.98572807776783,LOW,SETTLEMENT,0.0,LOW,76.59031451895547,23.409685481044534,MODERATE,LOW SUSCEPTIBILITY,unstable terrain conditions,continue routine monitoring,LOW SUSCEPTIBILITY. Main evidence: unstable terrain conditions. Recommended response: continue routine monitoring.,24.072700691121742,LOW,13.215996809055468,LOW,STABLE_LOW,LOW,23.62883145523344,NORMAL,UNREFERENCED,18.98497268794746,LOW
888_520,0.976628220985364,VERY_HIGH,87.87365177195686,EXTREME,63.42163051052356,HIGH,TRANSPORT,97.12369101510406,EXTREME,89.45064668068947,10.549353319310526,HIGH,VERY HIGH SUSCEPTIBILITY,"high static landslide susceptibility; unstable terrain conditions; high exposure to roads, settlements or infrastructure; elevated neighbouring-cell risk","prioritize location for detailed assessment; check nearby roads, settlements and infrastructure","VERY HIGH SUSCEPTIBILITY. Main evidence: high static landslide susceptibility; unstable terrain conditions; high exposure to roads, settlements or infrastructure; elevated neighbouring-cell risk. Recommended response: prioritize location for detailed assessment; check nearby roads, settlements and infrastructure.",24.072700691121742,LOW,13.215996809055468,LOW,STABLE_LOW,LOW,23.62883145523344,NORMAL,UNREFERENCED,83.15588404593386,EXTREME
888_1672,0.0101170364603607,LOW,50.05392912172573,HIGH,17.03550136101613,LOW,SETTLEMENT,0.0,LOW,76.35330743513019,23.64669256486981,MODERATE,LOW SUSCEPTIBILITY,no major independent warning signal,continue routine monitoring,LOW SUSCEPTIBILITY. Main evidence: no major independent warning signal. Recommended response: continue routine monitoring.,24.072700691121742,LOW,13.215996809055468,LOW,STABLE_LOW,LOW,23.62883145523344,NORMAL,UNREFERENCED,15.428647738325973,LOW
889_524,0.9613836322407752,VERY_HIGH,83.69029275808938,EXTREME,62.64465984436737,HIGH,TRANSPORT,97.4629940454071,EXTREME,88.2033621470413,11.796637852958696,HIGH,VERY HIGH SUSCEPTIBILITY,"high static landslide susceptibility; unstable terrain conditions; high exposure to roads, settlements or infrastructure; elevated neighbouring-cell risk","prioritize location for detailed assessment; check nearby roads, settlements and infrastructure","VERY HIGH SUSCEPTIBILITY. Main evidence: high static landslide susceptibility; unstable terrain conditions; high exposure to roads, settlements or infrastructure; elevated neighbouring-cell risk. Recommended response: prioritize location for detailed assessment; check nearby roads, settlements and infrastructure.",24.072700691121742,LOW,13.215996809055468,LOW,STABLE_LOW,LOW,23.62883145523344,NORMAL,UNREFERENCED,81.55059045276074,EXTREME
890_1332,0.0048765602698845,LOW,28.9117873651772,MODERATE,20.758251464788646,LOW,INFRASTRUCTURE,0.0,LOW,82.78207366889643,17.21792633110357,HIGH,LOW SUSCEPTIBILITY,no major independent warning signal,continue routine monitoring,LOW SUSCEPTIBILITY. Main evidence: no major independent warning signal. Recommended response: continue routine monitoring.,24.072700691121742,LOW,13.215996809055468,LOW,STABLE_LOW,LOW,23.62883145523344,NORMAL,UNREFERENCED,11.522810474010713,LOW
892_524,0.9359212004696476,VERY_HIGH,85.95338983050848,EXTREME,61.92156426793402,HIGH,TRANSPORT,97.58521361354696,EXTREME,86.12007227485815,13.879927725141854,HIGH,VERY HIGH SUSCEPTIBILITY,"high static landslide susceptibility; unstable terrain conditions; high exposure to roads, settlements or infrastructure; elevated neighbouring-cell risk","prioritize location for detailed assessment; check nearby roads, settlements and infrastructure","VERY HIGH SUSCEPTIBILITY. Main evidence: high static landslide susceptibility; unstable terrain conditions; high exposure to roads, settlements or infrastructure; elevated neighbouring-cell risk. Recommended response: prioritize location for detailed assessment; check nearby roads, settlements and infrastructure.",24.072700691121742,LOW,13.215996809055468,LOW,STABLE_LOW,LOW,23.62883145523344,NORMAL,UNREFERENCED,80.7611580578928,EXTREME
892_639,0.8704422799422799,VERY_HIGH,76.77388289676426,EXTREME,72.38303001484663,HIGH,TRANSPORT,0.0,LOW,80.76270604989169,19.23729395010831,HIGH,VERY HIGH SUSCEPTIBILITY,"high static landslide susceptibility; unstable terrain conditions; high exposure to roads, settlements or infrastructure","prioritize location for detailed assessment; check nearby roads, settlements and infrastructure","VERY HIGH SUSCEPTIBILITY. Main evidence: high static landslide susceptibility; unstable terrain conditions; high exposure to roads, settlements or infrastructure. Recommended response: prioritize location for detailed assessment; check nearby roads, settlements and infrastructure.",24.072700691121742,LOW,13.215996809055468,LOW,STABLE_LOW,LOW,23.62883145523344,NORMAL,UNREFERENCED,67.78940374809461,HIGH
894_251,0.0885343988776213,LOW,28.18759630200308,MODERATE,44.73952260378834,MODERATE,TRANSPORT,0.0,LOW,75.93734141917251,24.062658580827488,MODERATE,LOW SUSCEPTIBILITY,no major independent warning signal,continue routine monitoring,LOW SUSCEPTIBILITY. Main evidence: no major independent warning signal. Recommended response: continue routine monitoring.,24.072700691121742,LOW,13.215996809055468,LOW,STABLE_LOW,LOW,23.62883145523344,NORMAL,UNREFERENCED,18.739765669574,LOW
897_647,0.8736033910533907,VERY_HIGH,83.08166409861326,EXTREME,66.33471767042161,HIGH,TRANSPORT,0.0,LOW,81.02134241352803,18.978657586471968,HIGH,VERY HIGH SUSCEPTIBILITY,"high static landslide susceptibility; unstable terrain conditions; high exposure to roads, settlements or infrastructure","prioritize location for detailed assessment; check nearby roads, settlements and infrastructure","VERY HIGH SUSCEPTIBILITY. Main evidence: high static landslide susceptibility; unstable terrain conditions; high exposure to roads, settlements or infrastructure. Recommended response: prioritize location for detailed assessment; check nearby roads, settlements and infrastructure.",24.072700691121742,LOW,13.215996809055468,LOW,STABLE_LOW,LOW,23.62883145523344,NORMAL,UNREFERENCED,68.28596313680065,HIGH
898_1638,0.0029430104863347,LOW,18.32819722650231,LOW,40.29226996093809,MODERATE,TRANSPORT,0.0,LOW,82.94027319664141,17.059726803358586,HIGH,LOW SUSCEPTIBILITY,no major independent warning signal,continue routine monitoring,LOW SUSCEPTIBILITY. Main evidence: no major independent warning signal. Recommended response: continue routine monitoring.,24.072700691121742,LOW,13.215996809055468,LOW,STABLE_LOW,LOW,23.62883145523344,NORMAL,UNREFERENCED,12.249185480438411,LOW
899_269,0.0440421744807611,LOW,25.433359013867488,MODERATE,28.45357223006309,MODERATE,INFRASTRUCTURE,0.0,LOW,79.57761432437016,20.42238567562984,MODERATE,LOW SUSCEPTIBILITY,no major independent warning signal,continue routine monitoring,LOW SUSCEPTIBILITY. Main evidence: no major independent warning signal. Recommended response: continue routine monitoring.,24.072700691121742,LOW,13.215996809055468,LOW,STABLE_LOW,LOW,23.62883145523344,NORMAL,UNREFERENCED,13.743875558029385,LOW
899_1425,2.1798365122615804e-05,LOW,30.24075500770416,MODERATE,17.349940336321218,LOW,INFRASTRUCTURE,0.0,LOW,83.17928146110421,16.82071853889579,HIGH,LOW SUSCEPTIBILITY,no major independent warning signal,continue routine monitoring,LOW SUSCEPTIBILITY. Main evidence: no major independent warning signal. Recommended response: continue routine monitoring.,24.072700691121742,LOW,13.215996809055468,LOW,STABLE_LOW,LOW,23.62883145523344,NORMAL,UNREFERENCED,11.058893047531706,LOW
903_541,0.8473577981495628,VERY_HIGH,53.15677966101695,HIGH,73.70681610273242,HIGH,TRANSPORT,0.0,LOW,78.87397572139666,21.12602427860334,MODERATE,VERY HIGH SUSCEPTIBILITY,"high static landslide susceptibility; high exposure to roads, settlements or infrastructure","prioritize location for detailed assessment; check nearby roads, settlements and infrastructure","VERY HIGH SUSCEPTIBILITY. Main evidence: high static landslide susceptibility; high exposure to roads, settlements or infrastructure. Recommended response: prioritize location for detailed assessment; check nearby roads, settlements and infrastructure.",24.072700691121742,LOW,13.215996809055468,LOW,STABLE_LOW,LOW,23.62883145523344,NORMAL,UNREFERENCED,62.22574933345575,HIGH
906_656,0.6743781163281161,HIGH,29.19106317411402,MODERATE,70.3705869383179,HIGH,TRANSPORT,81.94000406782762,EXTREME,64.7210926632783,35.2789073367217,MODERATE,HIGH SUSCEPTIBILITY,"high static landslide susceptibility; high exposure to roads, settlements or infrastructure; elevated neighbouring-cell risk","check nearby roads, settlements and infrastructure","HIGH SUSCEPTIBILITY. Main evidence: high static landslide susceptibility; high exposure to roads, settlements or infrastructure; elevated neighbouring-cell risk. Recommended response: check nearby roads, settlements and infrastructure.",24.072700691121742,LOW,13.215996809055468,LOW,STABLE_LOW,LOW,23.62883145523344,NORMAL,UNREFERENCED,57.34208638623065,HIGH
909_653,0.7420000581118231,HIGH,64.1197996918336,HIGH,76.63882382560756,VERY_HIGH,TRANSPORT,77.20646814296813,EXTREME,70.25379699103614,29.74620300896386,MODERATE,HIGH SUSCEPTIBILITY,"high static landslide susceptibility; unstable terrain conditions; high exposure to roads, settlements or infrastructure; elevated neighbouring-cell risk","check nearby roads, settlements and infrastructure","HIGH SUSCEPTIBILITY. Main evidence: high static landslide susceptibility; unstable terrain conditions; high exposure to roads, settlements or infrastructure; elevated neighbouring-cell risk. Recommended response: check nearby roads, settlements and infrastructure.",24.072700691121742,LOW,13.215996809055468,LOW,STABLE_LOW,LOW,23.62883145523344,NORMAL,UNREFERENCED,67.83770301064888,HIGH
909_849,0.0118269643102885,LOW,83.3031587057011,EXTREME,26.66723078109903,MODERATE,SETTLEMENT,0.0,LOW,82.21340424740882,17.786595752591182,HIGH,LOW SUSCEPTIBILITY,unstable terrain conditions,continue routine monitoring,LOW SUSCEPTIBILITY. Main evidence: unstable terrain conditions. Recommended response: continue routine monitoring.,24.072700691121742,LOW,13.215996809055468,LOW,STABLE_LOW,LOW,23.62883145523344,NORMAL,UNREFERENCED,23.60019982138023,LOW
910_140,0.0988795815295815,LOW,10.697226502311247,LOW,68.97605505435803,HIGH,TRANSPORT,0.0,LOW,75.09091738401213,24.90908261598787,MODERATE,LOW SUSCEPTIBILITY,"high exposure to roads, settlements or infrastructure","check nearby roads, settlements and infrastructure","LOW SUSCEPTIBILITY. Main evidence: high exposure to roads, settlements or infrastructure. Recommended response: check nearby roads, settlements and infrastructure.",24.072700691121742,LOW,13.215996809055468,LOW,STABLE_LOW,LOW,23.62883145523344,NORMAL,UNREFERENCED,19.342704796559296,LOW
911_877,0.0038955357388599,LOW,36.56009244992296,MODERATE,30.100066701078987,MODERATE,SETTLEMENT,0.0,LOW,82.86233931234389,17.13766068765611,HIGH,LOW SUSCEPTIBILITY,no major independent warning signal,continue routine monitoring,LOW SUSCEPTIBILITY. Main evidence: no major independent warning signal. Recommended response: continue routine monitoring.,24.072700691121742,LOW,13.215996809055468,LOW,STABLE_LOW,LOW,23.62883145523344,NORMAL,UNREFERENCED,14.40959767250731,LOW
912_1617,0.0071092442525685,LOW,24.882511556240367,LOW,36.72205161222878,MODERATE,TRANSPORT,0.0,LOW,82.59939952485865,17.400600475141346,HIGH,LOW SUSCEPTIBILITY,no major independent warning signal,continue routine monitoring,LOW SUSCEPTIBILITY. Main evidence: no major independent warning signal. Recommended response: continue routine monitoring.,24.072700691121742,LOW,13.215996809055468,LOW,STABLE_LOW,LOW,23.62883145523344,NORMAL,UNREFERENCED,13.211996113560147,LOW
913_280,0.0447981411731149,LOW,37.72727272727273,MODERATE,31.69376038899093,MODERATE,TRANSPORT,0.0,LOW,79.51576250408667,20.484237495913334,MODERATE,LOW SUSCEPTIBILITY,no major independent warning signal,continue routine monitoring,LOW SUSCEPTIBILITY. Main evidence: no major independent warning signal. Recommended response: continue routine monitoring.,24.072700691121742,LOW,13.215996809055468,LOW,STABLE_LOW,LOW,23.62883145523344,NORMAL,UNREFERENCED,16.72270502570553,LOW
914_551,0.6384732412032416,HIGH,24.809322033898304,LOW,73.76831849032561,HIGH,TRANSPORT,0.0,LOW,61.7834210621522,38.2165789378478,MODERATE,HIGH SUSCEPTIBILITY,"high static landslide susceptibility; high exposure to roads, settlements or infrastructure","check nearby roads, settlements and infrastructure","HIGH SUSCEPTIBILITY. Main evidence: high static landslide susceptibility; high exposure to roads, settlements or infrastructure. Recommended response: check nearby roads, settlements and infrastructure.",24.072700691121742,LOW,13.215996809055468,LOW,STABLE_LOW,LOW,23.62883145523344,NORMAL,UNREFERENCED,47.16567810358655,MODERATE
914_1536,2.1798365122615804e-05,LOW,24.158320493066256,LOW,25.064258897686887,MODERATE,TRANSPORT,0.0,LOW,83.17928146110421,16.82071853889579,HIGH,LOW SUSCEPTIBILITY,no major independent warning signal,continue routine monitoring,LOW SUSCEPTIBILITY. Main evidence: no major independent warning signal. Recommended response: continue routine monitoring.,24.072700691121742,LOW,13.215996809055468,LOW,STABLE_LOW,LOW,23.62883145523344,NORMAL,UNREFERENCED,10.999553928808977,LOW
915_1203,2.1798365122615804e-05,LOW,72.07049306625578,HIGH,20.31108783518497,LOW,SETTLEMENT,0.0,LOW,83.17928146110421,16.82071853889579,HIGH,LOW SUSCEPTIBILITY,unstable terrain conditions,continue routine monitoring,LOW SUSCEPTIBILITY. Main evidence: unstable terrain conditions. Recommended response: continue routine monitoring.,24.072700691121742,LOW,13.215996809055468,LOW,STABLE_LOW,LOW,23.62883145523344,NORMAL,UNREFERENCED,19.869012784071593,LOW
917_1139,0.0464125342958585,LOW,60.246533127889066,HIGH,29.499295522526403,MODERATE,SETTLEMENT,0.0,LOW,73.38367579404401,26.61632420595599,MODERATE,LOW SUSCEPTIBILITY,unstable terrain conditions,continue routine monitoring,LOW SUSCEPTIBILITY. Main evidence: unstable terrain conditions. Recommended response: continue routine monitoring.,24.072700691121742,LOW,13.215996809055468,LOW,STABLE_LOW,LOW,23.62883145523344,NORMAL,UNREFERENCED,20.97003506638258,LOW
918_987,0.0889667168580212,LOW,66.25963020030818,HIGH,46.18587505832312,MODERATE,TRANSPORT,0.0,LOW,75.90196994804887,24.098030051951127,MODERATE,LOW SUSCEPTIBILITY,unstable terrain conditions,continue routine monitoring,LOW SUSCEPTIBILITY. Main evidence: unstable terrain conditions. Recommended response: continue routine monitoring.,24.072700691121742,LOW,13.215996809055468,LOW,STABLE_LOW,LOW,23.62883145523344,NORMAL,UNREFERENCED,26.590579626533234,MODERATE
919_189,0.0137435354117435,LOW,9.42989214175655,LOW,34.685854211742864,MODERATE,TRANSPORT,0.0,LOW,82.05659388456252,17.943406115437483,HIGH,LOW SUSCEPTIBILITY,no major independent warning signal,continue routine monitoring,LOW SUSCEPTIBILITY. Main evidence: no major independent warning signal. Recommended response: continue routine monitoring.,24.072700691121742,LOW,13.215996809055468,LOW,STABLE_LOW,LOW,23.62883145523344,NORMAL,UNREFERENCED,10.114585722753372,LOW
919_555,0.4598388336301378,MODERATE,20.99383667180277,LOW,61.998741158417815,HIGH,TRANSPORT,0.0,LOW,47.1678786243528,52.832121375647205,LOW,MODERATE SUSCEPTIBILITY,"high exposure to roads, settlements or infrastructure","check nearby roads, settlements and infrastructure","MODERATE SUSCEPTIBILITY. Main evidence: high exposure to roads, settlements or infrastructure. Recommended response: check nearby roads, settlements and infrastructure.",24.072700691121742,LOW,13.215996809055468,LOW,STABLE_LOW,LOW,23.62883145523344,NORMAL,UNREFERENCED,36.5985960905916,MODERATE
919_1247,0.0005932269365511,LOW,27.195685670261945,MODERATE,15.828480894810337,LOW,INFRASTRUCTURE,0.0,LOW,83.13252821435097,16.86747178564903,HIGH,LOW SUSCEPTIBILITY,no major independent warning signal,continue routine monitoring,LOW SUSCEPTIBILITY. Main evidence: no major independent warning signal. Recommended response: continue routine monitoring.,24.072700691121742,LOW,13.215996809055468,LOW,STABLE_LOW,LOW,23.62883145523344,NORMAL,UNREFERENCED,10.247374549530914,LOW
919_1636,0.170597113997114,LOW,17.971879815100152,LOW,49.972819093891005,MODERATE,TRANSPORT,0.0,LOW,69.2231192730322,30.776880726967804,MODERATE,LOW SUSCEPTIBILITY,no major independent warning signal,continue routine monitoring,LOW SUSCEPTIBILITY. Main evidence: no major independent warning signal. Recommended response: continue routine monitoring.,24.072700691121742,LOW,13.215996809055468,LOW,STABLE_LOW,LOW,23.62883145523344,NORMAL,UNREFERENCED,21.174439026085984,LOW
924_413,0.0708552283757081,LOW,29.986517719568567,MODERATE,43.63499798611674,MODERATE,TRANSPORT,0.0,LOW,77.38381900569269,22.616180994307317,MODERATE,LOW SUSCEPTIBILITY,no major independent warning signal,continue routine monitoring,LOW SUSCEPTIBILITY. Main evidence: no major independent warning signal. Recommended response: continue routine monitoring.,24.072700691121742,LOW,13.215996809055468,LOW,STABLE_LOW,LOW,23.62883145523344,NORMAL,UNREFERENCED,18.13830858785026,LOW
925_376,0.4159475150580413,MODERATE,82.73882896764252,EXTREME,58.16338922357212,HIGH,TRANSPORT,0.0,LOW,49.14899554986542,50.85100445013458,LOW,MODERATE SUSCEPTIBILITY,unstable terrain conditions,continue routine monitoring,MODERATE SUSCEPTIBILITY. Main evidence: unstable terrain conditions. Recommended response: continue routine monitoring.,24.072700691121742,LOW,13.215996809055468,LOW,STABLE_LOW,LOW,23.62883145523344,NORMAL,UNREFERENCED,46.39718242378835,MODERATE
925_829,0.0395414231847474,LOW,90.97457627118644,EXTREME,42.69135109494304,MODERATE,TRANSPORT,0.0,LOW,79.94585761222584,20.054142387774164,MODERATE,LOW SUSCEPTIBILITY,unstable terrain conditions,continue routine monitoring,LOW SUSCEPTIBILITY. Main evidence: unstable terrain conditions. Recommended response: continue routine monitoring.,24.072700691121742,LOW,13.215996809055468,LOW,STABLE_LOW,LOW,23.62883145523344,NORMAL,UNREFERENCED,28.78525203090455,MODERATE
927_907,0.1294259240759241,LOW,52.86979969183359,HIGH,66.27995611801529,HIGH,TRANSPORT,0.0,LOW,72.591671175675,27.408328824325,MODERATE,LOW SUSCEPTIBILITY,"high exposure to roads, settlements or infrastructure","check nearby roads, settlements and infrastructure","LOW SUSCEPTIBILITY. Main evidence: high exposure to roads, settlements or infrastructure. Recommended response: check nearby roads, settlements and infrastructure.",24.072700691121742,LOW,13.215996809055468,LOW,STABLE_LOW,LOW,23.62883145523344,NORMAL,UNREFERENCED,28.74739000859777,MODERATE
927_1239,2.1798365122615804e-05,LOW,29.71687211093991,MODERATE,16.11419893660454,LOW,INFRASTRUCTURE,0.0,LOW,83.17928146110421,16.82071853889579,HIGH,LOW SUSCEPTIBILITY,no major independent warning signal,continue routine monitoring,LOW SUSCEPTIBILITY. Main evidence: no major independent warning signal. Recommended response: continue routine monitoring.,24.072700691121742,LOW,13.215996809055468,LOW,STABLE_LOW,LOW,23.62883145523344,NORMAL,UNREFERENCED,10.768755258221356,LOW
931_659,0.3204783938283937,MODERATE,41.44260400616333,MODERATE,70.61962728774813,HIGH,TRANSPORT,0.0,LOW,56.96010546865477,43.039894531345226,LOW,MODERATE SUSCEPTIBILITY,"high exposure to roads, settlements or infrastructure","check nearby roads, settlements and infrastructure","MODERATE SUSCEPTIBILITY. Main evidence: high exposure to roads, settlements or infrastructure. Recommended response: check nearby roads, settlements and infrastructure.",24.072700691121742,LOW,13.215996809055468,LOW,STABLE_LOW,LOW,23.62883145523344,NORMAL,UNREFERENCED,35.71026268578478,MODERATE
932_635,0.92269204984205,VERY_HIGH,69.11016949152543,HIGH,60.055212908088095,HIGH,TRANSPORT,94.70541991341992,EXTREME,85.03768722350924,14.962312776490762,HIGH,VERY HIGH SUSCEPTIBILITY,"high static landslide susceptibility; unstable terrain conditions; high exposure to roads, settlements or infrastructure; elevated neighbouring-cell risk","prioritize location for detailed assessment; check nearby roads, settlements and infrastructure","VERY HIGH SUSCEPTIBILITY. Main evidence: high static landslide susceptibility; unstable terrain conditions; high exposure to roads, settlements or infrastructure; elevated neighbouring-cell risk. Recommended response: prioritize location for detailed assessment; check nearby roads, settlements and infrastructure.",24.072700691121742,LOW,13.215996809055468,LOW,STABLE_LOW,LOW,23.62883145523344,NORMAL,UNREFERENCED,76.22927013786472,EXTREME
932_842,0.1447371572871573,LOW,42.442218798151,MODERATE,58.68096408394565,HIGH,TRANSPORT,0.0,LOW,71.33893391293775,28.66106608706225,MODERATE,LOW SUSCEPTIBILITY,no major independent warning signal,continue routine monitoring,LOW SUSCEPTIBILITY. Main evidence: no major independent warning signal. Recommended response: continue routine monitoring.,24.072700691121742,LOW,13.215996809055468,LOW,STABLE_LOW,LOW,23.62883145523344,NORMAL,UNREFERENCED,26.211030519256298,MODERATE
934_580,0.7705519405232446,VERY_HIGH,51.1864406779661,HIGH,59.204467992799046,HIGH,TRANSPORT,0.0,LOW,72.58986009742517,27.410139902574823,MODERATE,VERY HIGH SUSCEPTIBILITY,high static landslide susceptibility,prioritize location for detailed assessment,VERY HIGH SUSCEPTIBILITY. Main evidence: high static landslide susceptibility. Recommended response: prioritize location for detailed assessment.,24.072700691121742,LOW,13.215996809055468,LOW,STABLE_LOW,LOW,23.62883145523344,NORMAL,UNREFERENCED,56.20006572717126,HIGH
936_632,0.9243631416202848,VERY_HIGH,84.86902927580893,EXTREME,60.811111183953024,HIGH,TRANSPORT,91.14514361764364,EXTREME,85.17441291445573,14.82558708554427,HIGH,VERY HIGH SUSCEPTIBILITY,"high static landslide susceptibility; unstable terrain conditions; high exposure to roads, settlements or infrastructure; elevated neighbouring-cell risk","prioritize location for detailed assessment; check nearby roads, settlements and infrastructure","VERY HIGH SUSCEPTIBILITY. Main evidence: high static landslide susceptibility; unstable terrain conditions; high exposure to roads, settlements or infrastructure; elevated neighbouring-cell risk. Recommended response: prioritize location for detailed assessment; check nearby roads, settlements and infrastructure.",24.072700691121742,LOW,13.215996809055468,LOW,STABLE_LOW,LOW,23.62883145523344,NORMAL,UNREFERENCED,79.2135983365441,EXTREME
937_490,0.0482158133539651,LOW,29.501155624036983,MODERATE,24.168780639590427,LOW,SETTLEMENT,0.0,LOW,79.23613478019892,20.76386521980108,MODERATE,LOW SUSCEPTIBILITY,no major independent warning signal,continue routine monitoring,LOW SUSCEPTIBILITY. Main evidence: no major independent warning signal. Recommended response: continue routine monitoring.,24.072700691121742,LOW,13.215996809055468,LOW,STABLE_LOW,LOW,23.62883145523344,NORMAL,UNREFERENCED,14.102529890786565,LOW
937_628,0.7505270562770563,VERY_HIGH,30.647149460708786,MODERATE,63.730802864078726,HIGH,TRANSPORT,94.70541991341992,EXTREME,70.9514604772825,29.048539522717505,MODERATE,VERY HIGH SUSCEPTIBILITY,"high static landslide susceptibility; high exposure to roads, settlements or infrastructure; elevated neighbouring-cell risk","prioritize location for detailed assessment; check nearby roads, settlements and infrastructure","VERY HIGH SUSCEPTIBILITY. Main evidence: high static landslide susceptibility; high exposure to roads, settlements or infrastructure; elevated neighbouring-cell risk. Recommended response: prioritize location for detailed assessment; check nearby roads, settlements and infrastructure.",24.072700691121742,LOW,13.215996809055468,LOW,STABLE_LOW,LOW,23.62883145523344,NORMAL,UNREFERENCED,61.34057991467526,HIGH
938_1524,6.220240552665621e-05,LOW,27.224576271186443,MODERATE,20.95348261761461,LOW,TRANSPORT,0.0,LOW,83.17597567598025,16.824024324019746,HIGH,LOW SUSCEPTIBILITY,no major independent warning signal,continue routine monitoring,LOW SUSCEPTIBILITY. Main evidence: no major independent warning signal. Recommended response: continue routine monitoring.,24.072700691121742,LOW,13.215996809055468,LOW,STABLE_LOW,LOW,23.62883145523344,NORMAL,UNREFERENCED,10.998006824240354,LOW
938_1636,0.0001391254824497,LOW,20.70878274268105,LOW,27.104402855129244,MODERATE,TRANSPORT,0.0,LOW,83.16968196968655,16.83031803031345,HIGH,LOW SUSCEPTIBILITY,no major independent warning signal,continue routine monitoring,LOW SUSCEPTIBILITY. Main evidence: no major independent warning signal. Recommended response: continue routine monitoring.,24.072700691121742,LOW,13.215996809055468,LOW,STABLE_LOW,LOW,23.62883145523344,NORMAL,UNREFERENCED,10.620947692628008,LOW
939_320,0.0267491466872985,LOW,32.00500770416025,MODERATE,26.02523144446468,MODERATE,INFRASTRUCTURE,0.0,LOW,80.99249841656255,19.007501583437445,HIGH,LOW SUSCEPTIBILITY,no major independent warning signal,continue routine monitoring,LOW SUSCEPTIBILITY. Main evidence: no major independent warning signal. Recommended response: continue routine monitoring.,24.072700691121742,LOW,13.215996809055468,LOW,STABLE_LOW,LOW,23.62883145523344,NORMAL,UNREFERENCED,13.915767927542358,LOW
940_32,0.0409438859683237,LOW,9.075500770416024,LOW,42.83149828811752,MODERATE,SETTLEMENT,4.737543468264775,LOW,79.83111065720595,20.16888934279405,MODERATE,LOW SUSCEPTIBILITY,no major independent warning signal,continue routine monitoring,LOW SUSCEPTIBILITY. Main evidence: no major independent warning signal. Recommended response: continue routine monitoring.,24.072700691121742,LOW,13.215996809055468,LOW,STABLE_LOW,LOW,23.62883145523344,NORMAL,UNREFERENCED,12.963324181814052,LOW
940_1007,0.0018891254824497,LOW,38.26848998459168,MODERATE,27.87730436718788,MODERATE,TRANSPORT,0.0,LOW,83.02650015150473,16.973499848495265,HIGH,LOW SUSCEPTIBILITY,no major independent warning signal,continue routine monitoring,LOW SUSCEPTIBILITY. Main evidence: no major independent warning signal. Recommended response: continue routine monitoring.,24.072700691121742,LOW,13.215996809055468,LOW,STABLE_LOW,LOW,23.62883145523344,NORMAL,UNREFERENCED,14.32757436781893,LOW
942_891,0.0107833135166377,LOW,47.611710323574734,MODERATE,26.1773841525443,MODERATE,SETTLEMENT,0.0,LOW,82.29879385779844,17.701206142201556,HIGH,LOW SUSCEPTIBILITY,no major independent warning signal,continue routine monitoring,LOW SUSCEPTIBILITY. Main evidence: no major independent warning signal. Recommended response: continue routine monitoring.,24.072700691121742,LOW,13.215996809055468,LOW,STABLE_LOW,LOW,23.62883145523344,NORMAL,UNREFERENCED,16.341468864957463,LOW
944_107,0.0065724145305663,LOW,13.399460708782744,LOW,31.97600105567102,MODERATE,TRANSPORT,0.0,LOW,82.64332195665882,17.356678043341176,HIGH,LOW SUSCEPTIBILITY,no major independent warning signal,continue routine monitoring,LOW SUSCEPTIBILITY. Main evidence: no major independent warning signal. Recommended response: continue routine monitoring.,24.072700691121742,LOW,13.215996809055468,LOW,STABLE_LOW,LOW,23.62883145523344,NORMAL,UNREFERENCED,10.17932102309486,LOW
945_33,0.0676791924037825,LOW,10.61055469953775,LOW,31.35418020726608,MODERATE,SETTLEMENT,2.866072017782659,LOW,77.64367649430477,22.35632350569523,MODERATE,LOW SUSCEPTIBILITY,no major independent warning signal,continue routine monitoring,LOW SUSCEPTIBILITY. Main evidence: no major independent warning signal. Recommended response: continue routine monitoring.,24.072700691121742,LOW,13.215996809055468,LOW,STABLE_LOW,LOW,23.62883145523344,NORMAL,UNREFERENCED,12.564678900058114,LOW
945_584,0.007005647848972,LOW,27.889060092449924,MODERATE,39.059303342333735,MODERATE,TRANSPORT,0.0,LOW,82.60787559424381,17.392124405756192,HIGH,LOW SUSCEPTIBILITY,no major independent warning signal,continue routine monitoring,LOW SUSCEPTIBILITY. Main evidence: no major independent warning signal. Recommended response: continue routine monitoring.,24.072700691121742,LOW,13.215996809055468,LOW,STABLE_LOW,LOW,23.62883145523344,NORMAL,UNREFERENCED,14.159231742155958,LOW
946_1451,2.1798365122615804e-05,LOW,25.055855161787363,MODERATE,24.839615695517693,LOW,TRANSPORT,0.0,LOW,83.17928146110421,16.82071853889579,HIGH,LOW SUSCEPTIBILITY,no major independent warning signal,continue routine monitoring,LOW SUSCEPTIBILITY. Main evidence: no major independent warning signal. Recommended response: continue routine monitoring.,24.072700691121742,LOW,13.215996809055468,LOW,STABLE_LOW,LOW,23.62883145523344,NORMAL,UNREFERENCED,11.145364382227818,LOW
947_1256,0.0009217983651226,LOW,98.8424499229584,EXTREME,15.236928079253742,LOW,INFRASTRUCTURE,0.0,LOW,77.10564509746786,22.894354902532143,MODERATE,LOW SUSCEPTIBILITY,unstable terrain conditions,continue routine monitoring,LOW SUSCEPTIBILITY. Main evidence: unstable terrain conditions. Recommended response: continue routine monitoring.,24.072700691121742,LOW,13.215996809055468,LOW,STABLE_LOW,LOW,23.62883145523344,NORMAL,UNREFERENCED,24.502780192022435,LOW
948_1238,0.0011884650317892,LOW,36.93567026194145,MODERATE,16.00570694481905,LOW,INFRASTRUCTURE,0.0,LOW,83.08382691564967,16.916173084350334,HIGH,LOW SUSCEPTIBILITY,no major independent warning signal,continue routine monitoring,LOW SUSCEPTIBILITY. Main evidence: no major independent warning signal. Recommended response: continue routine monitoring.,24.072700691121742,LOW,13.215996809055468,LOW,STABLE_LOW,LOW,23.62883145523344,NORMAL,UNREFERENCED,12.248741089653835,LOW
949_926,0.0114699262190038,LOW,48.68258859784284,MODERATE,27.569291244645623,MODERATE,SETTLEMENT,0.0,LOW,82.24261645487758,17.757383545122423,HIGH,LOW SUSCEPTIBILITY,no major independent warning signal,continue routine monitoring,LOW SUSCEPTIBILITY. Main evidence: no major independent warning signal. Recommended response: continue routine monitoring.,24.072700691121742,LOW,13.215996809055468,LOW,STABLE_LOW,LOW,23.62883145523344,NORMAL,UNREFERENCED,16.795328155232752,LOW
953_463,0.0945614694965512,LOW,74.76309707241911,HIGH,39.91751270859613,MODERATE,SETTLEMENT,0.0,LOW,75.44421745944187,24.555782540558127,MODERATE,LOW SUSCEPTIBILITY,unstable terrain conditions,continue routine monitoring,LOW SUSCEPTIBILITY. Main evidence: unstable terrain conditions. Recommended response: continue routine monitoring.,24.072700691121742,LOW,13.215996809055468,LOW,STABLE_LOW,LOW,23.62883145523344,NORMAL,UNREFERENCED,27.602782517230217,MODERATE
954_842,0.0137794500285277,LOW,84.83436055469954,EXTREME,28.9898005478404,MODERATE,SETTLEMENT,0.0,LOW,82.05365541591652,17.946344584083477,HIGH,LOW SUSCEPTIBILITY,unstable terrain conditions,continue routine monitoring,LOW SUSCEPTIBILITY. Main evidence: unstable terrain conditions. Recommended response: continue routine monitoring.,24.072700691121742,LOW,13.215996809055468,LOW,STABLE_LOW,LOW,23.62883145523344,NORMAL,UNREFERENCED,24.34268751351189,LOW
955_518,0.0025066468499711,LOW,63.87134052388291,HIGH,23.026713396254067,LOW,SETTLEMENT,0.0,LOW,82.97597567598025,17.02402432401975,HIGH,LOW SUSCEPTIBILITY,unstable terrain conditions,continue routine monitoring,LOW SUSCEPTIBILITY. Main evidence: unstable terrain conditions. Recommended response: continue routine monitoring.,24.072700691121742,LOW,13.215996809055468,LOW,STABLE_LOW,LOW,23.62883145523344,NORMAL,UNREFERENCED,18.748344291575563,LOW
957_127,0.0235431133523398,LOW,5.901386748844376,LOW,37.62047104180198,MODERATE,TRANSPORT,0.0,LOW,81.25481023487737,18.745189765122632,HIGH,LOW SUSCEPTIBILITY,no major independent warning signal,continue routine monitoring,LOW SUSCEPTIBILITY. Main evidence: no major independent warning signal. Recommended response: continue routine monitoring.,24.072700691121742,LOW,13.215996809055468,LOW,STABLE_LOW,LOW,23.62883145523344,NORMAL,UNREFERENCED,10.290058176006637,LOW
957_226,0.0928068542568543,LOW,16.92604006163328,LOW,48.91310560127853,MODERATE,TRANSPORT,0.0,LOW,75.58777688814436,24.41222311185564,MODERATE,LOW SUSCEPTIBILITY,no major independent warning signal,continue routine monitoring,LOW SUSCEPTIBILITY. Main evidence: no major independent warning signal. Recommended response: continue routine monitoring.,24.072700691121742,LOW,13.215996809055468,LOW,STABLE_LOW,LOW,23.62883145523344,NORMAL,UNREFERENCED,17.30575236318905,LOW
958_779,0.0104912412517209,LOW,70.57010785824346,HIGH,32.002417998003004,MODERATE,SETTLEMENT,0.0,LOW,82.32269067947345,17.677309320526547,HIGH,LOW SUSCEPTIBILITY,unstable terrain conditions,continue routine monitoring,LOW SUSCEPTIBILITY. Main evidence: unstable terrain conditions. Recommended response: continue routine monitoring.,24.072700691121742,LOW,13.215996809055468,LOW,STABLE_LOW,LOW,23.62883145523344,NORMAL,UNREFERENCED,21.793760196788753,LOW
964_258,0.1719723792547322,LOW,55.56432973805856,HIGH,66.1111186957824,HIGH,SETTLEMENT,0.0,LOW,69.11059757013616,30.88940242986384,MODERATE,LOW SUSCEPTIBILITY,"high exposure to roads, settlements or infrastructure","check nearby roads, settlements and infrastructure","LOW SUSCEPTIBILITY. Main evidence: high exposure to roads, settlements or infrastructure. Recommended response: check nearby roads, settlements and infrastructure.",24.072700691121742,LOW,13.215996809055468,LOW,STABLE_LOW,LOW,23.62883145523344,NORMAL,UNREFERENCED,31.17556088755419,MODERATE
964_1058,0.0105030754213996,LOW,97.5693374422188,EXTREME,24.193285944383653,LOW,SETTLEMENT,0.0,LOW,82.32172242922701,17.67827757077299,HIGH,LOW SUSCEPTIBILITY,unstable terrain conditions,continue routine monitoring,LOW SUSCEPTIBILITY. Main evidence: unstable terrain conditions. Recommended response: continue routine monitoring.,24.072700691121742,LOW,13.215996809055468,LOW,STABLE_LOW,LOW,23.62883145523344,NORMAL,UNREFERENCED,26.022768843176465,MODERATE
965_975,0.0007432595523372,LOW,80.46224961479197,EXTREME,28.440791555267776,MODERATE,SETTLEMENT,0.0,LOW,83.12025281851393,16.879747181486067,HIGH,LOW SUSCEPTIBILITY,unstable terrain conditions,continue routine monitoring,LOW SUSCEPTIBILITY. Main evidence: unstable terrain conditions. Recommended response: continue routine monitoring.,24.072700691121742,LOW,13.215996809055468,LOW,STABLE_LOW,LOW,23.62883145523344,NORMAL,UNREFERENCED,22.79928540521591,LOW
966_677,0.2782183866168338,MODERATE,88.60939907550078,EXTREME,54.751543615277306,HIGH,TRANSPORT,0.0,LOW,60.41774242232785,39.58225757767215,MODERATE,MODERATE SUSCEPTIBILITY,unstable terrain conditions,continue routine monitoring,MODERATE SUSCEPTIBILITY. Main evidence: unstable terrain conditions. Recommended response: continue routine monitoring.,24.072700691121742,LOW,13.215996809055468,LOW,STABLE_LOW,LOW,23.62883145523344,NORMAL,UNREFERENCED,40.86170882426144,MODERATE
969_529,0.0658748684989461,LOW,92.39984591679509,EXTREME,32.50417531890866,MODERATE,SETTLEMENT,0.0,LOW,71.79130299560957,28.20869700439043,MODERATE,LOW SUSCEPTIBILITY,unstable terrain conditions,continue routine monitoring,LOW SUSCEPTIBILITY. Main evidence: unstable terrain conditions. Recommended response: continue routine monitoring.,24.072700691121742,LOW,13.215996809055468,LOW,STABLE_LOW,LOW,23.62883145523344,NORMAL,UNREFERENCED,28.727234632760066,MODERATE
970_131,0.0060825753379839,LOW,8.857858243451464,LOW,29.31676815306821,MODERATE,TRANSPORT,0.0,LOW,82.6833997087792,17.316600291220794,HIGH,LOW SUSCEPTIBILITY,no major independent warning signal,continue routine monitoring,LOW SUSCEPTIBILITY. Main evidence: no major independent warning signal. Recommended response: continue routine monitoring.,24.072700691121742,LOW,13.215996809055468,LOW,STABLE_LOW,LOW,23.62883145523344,NORMAL,UNREFERENCED,8.850072830971973,LOW
974_800,0.0336836487184313,LOW,24.268104776579356,LOW,48.20905408188128,MODERATE,TRANSPORT,0.0,LOW,80.42513006856078,19.574869931439224,HIGH,LOW SUSCEPTIBILITY,no major independent warning signal,continue routine monitoring,LOW SUSCEPTIBILITY. Main evidence: no major independent warning signal. Recommended response: continue routine monitoring.,24.072700691121742,LOW,13.215996809055468,LOW,STABLE_LOW,LOW,23.62883145523344,NORMAL,UNREFERENCED,16.008013329039645,LOW
975_590,0.0511953823953824,LOW,39.42411402157165,MODERATE,44.65619409735245,MODERATE,TRANSPORT,0.0,LOW,78.99235185862841,21.00764814137159,MODERATE,LOW SUSCEPTIBILITY,no major independent warning signal,continue routine monitoring,LOW SUSCEPTIBILITY. Main evidence: no major independent warning signal. Recommended response: continue routine monitoring.,24.072700691121742,LOW,13.215996809055468,LOW,STABLE_LOW,LOW,23.62883145523344,NORMAL,UNREFERENCED,19.294314195821578,LOW
980_1051,0.0215120581053823,LOW,30.57973805855162,MODERATE,37.51549660407901,MODERATE,TRANSPORT,8.807099472990776,LOW,81.4209874823557,18.5790125176443,HIGH,LOW SUSCEPTIBILITY,no major independent warning signal,continue routine monitoring,LOW SUSCEPTIBILITY. Main evidence: no major independent warning signal. Recommended response: continue routine monitoring.,24.072700691121742,LOW,13.215996809055468,LOW,STABLE_LOW,LOW,23.62883145523344,NORMAL,UNREFERENCED,15.999294733475631,LOW
982_1047,0.1258157067570111,LOW,32.4826656394453,MODERATE,45.61224935361332,MODERATE,TRANSPORT,1.505844067376761,LOW,72.88705259267698,27.11294740732302,MODERATE,LOW SUSCEPTIBILITY,no major independent warning signal,continue routine monitoring,LOW SUSCEPTIBILITY. Main evidence: no major independent warning signal. Recommended response: continue routine monitoring.,24.072700691121742,LOW,13.215996809055468,LOW,STABLE_LOW,LOW,23.62883145523344,NORMAL,UNREFERENCED,21.557931810846405,LOW
987_224,0.1222182317682317,LOW,7.444144838212635,LOW,62.33653266504354,HIGH,INFRASTRUCTURE,0.0,LOW,73.1813914553953,26.8186085446047,MODERATE,LOW SUSCEPTIBILITY,"high exposure to roads, settlements or infrastructure","check nearby roads, settlements and infrastructure","LOW SUSCEPTIBILITY. Main evidence: high exposure to roads, settlements or infrastructure. Recommended response: check nearby roads, settlements and infrastructure.",24.072700691121742,LOW,13.215996809055468,LOW,STABLE_LOW,LOW,23.62883145523344,NORMAL,UNREFERENCED,18.746399366081654,LOW
988_92,0.0554069931703174,LOW,12.193759630200308,LOW,47.03685918799395,MODERATE,TRANSPORT,0.0,LOW,78.64776552249737,21.352234477502638,MODERATE,LOW SUSCEPTIBILITY,no major independent warning signal,continue routine monitoring,LOW SUSCEPTIBILITY. Main evidence: no major independent warning signal. Recommended response: continue routine monitoring.,24.072700691121742,LOW,13.215996809055468,LOW,STABLE_LOW,LOW,23.62883145523344,NORMAL,UNREFERENCED,14.394865566015612,LOW
991_998,0.4975418552036196,MODERATE,35.82819722650231,MODERATE,66.36312291120862,HIGH,SETTLEMENT,0.0,LOW,50.25267129854676,49.74732870145324,LOW,MODERATE SUSCEPTIBILITY,"high exposure to roads, settlements or infrastructure","check nearby roads, settlements and infrastructure","MODERATE SUSCEPTIBILITY. Main evidence: high exposure to roads, settlements or infrastructure. Recommended response: check nearby roads, settlements and infrastructure.",24.072700691121742,LOW,13.215996809055468,LOW,STABLE_LOW,LOW,23.62883145523344,NORMAL,UNREFERENCED,41.91676143525682,MODERATE
992_1158,0.0012098325531568,LOW,68.57087827426811,HIGH,27.985485760006227,MODERATE,TRANSPORT,0.0,LOW,83.08207866390141,16.917921336098587,HIGH,LOW SUSCEPTIBILITY,unstable terrain conditions,continue routine monitoring,LOW SUSCEPTIBILITY. Main evidence: unstable terrain conditions. Recommended response: continue routine monitoring.,24.072700691121742,LOW,13.215996809055468,LOW,STABLE_LOW,LOW,23.62883145523344,NORMAL,UNREFERENCED,20.373711052858788,LOW
993_19,0.0160668915907968,LOW,6.671802773497689,LOW,35.1767301112617,MODERATE,SETTLEMENT,0.0,LOW,81.86650110627633,18.13349889372367,HIGH,LOW SUSCEPTIBILITY,no major independent warning signal,continue routine monitoring,LOW SUSCEPTIBILITY. Main evidence: no major independent warning signal. Recommended response: continue routine monitoring.,24.072700691121742,LOW,13.215996809055468,LOW,STABLE_LOW,LOW,23.62883145523344,NORMAL,UNREFERENCED,9.741150262086823,LOW
993_1052,0.0098765602698845,LOW,40.42950693374423,MODERATE,27.25061231172875,MODERATE,TRANSPORT,0.0,LOW,82.37298275980552,17.627017240194476,HIGH,LOW SUSCEPTIBILITY,no major independent warning signal,continue routine monitoring,LOW SUSCEPTIBILITY. Main evidence: no major independent warning signal. Recommended response: continue routine monitoring.,24.072700691121742,LOW,13.215996809055468,LOW,STABLE_LOW,LOW,23.62883145523344,NORMAL,UNREFERENCED,15.025208514765135,LOW
997_899,0.0186039034977637,LOW,80.31009244992298,EXTREME,47.18407418930345,MODERATE,SETTLEMENT,0.0,LOW,81.65892740479723,18.34107259520277,HIGH,LOW SUSCEPTIBILITY,unstable terrain conditions,continue routine monitoring,LOW SUSCEPTIBILITY. Main evidence: unstable terrain conditions. Recommended response: continue routine monitoring.,24.072700691121742,LOW,13.215996809055468,LOW,STABLE_LOW,LOW,23.62883145523344,NORMAL,UNREFERENCED,26.384075344891656,MODERATE
999_1162,2.1798365122615804e-05,LOW,24.74768875192604,LOW,23.18931121156509,LOW,TRANSPORT,0.0,LOW,83.17928146110421,16.82071853889579,HIGH,LOW SUSCEPTIBILITY,no major independent warning signal,continue routine monitoring,LOW SUSCEPTIBILITY. Main evidence: no major independent warning signal. Recommended response: continue routine monitoring.,24.072700691121742,LOW,13.215996809055468,LOW,STABLE_LOW,LOW,23.62883145523344,NORMAL,UNREFERENCED,10.836185427662663,LOW
1001_1328,0.0008789412222654,LOW,30.13482280431433,MODERATE,15.991146308401596,LOW,SETTLEMENT,0.0,LOW,83.10915159097435,16.89084840902565,HIGH,LOW SUSCEPTIBILITY,no major independent warning signal,continue routine monitoring,LOW SUSCEPTIBILITY. Main evidence: no major independent warning signal. Recommended response: continue routine monitoring.,24.072700691121742,LOW,13.215996809055468,LOW,STABLE_LOW,LOW,23.62883145523344,NORMAL,UNREFERENCED,10.872458931237222,LOW
1003_1062,0.0019900523333765,LOW,25.843605546995377,MODERATE,21.721567558455533,LOW,SETTLEMENT,0.0,LOW,83.01824250006527,16.98175749993473,HIGH,LOW SUSCEPTIBILITY,no major independent warning signal,continue routine monitoring,LOW SUSCEPTIBILITY. Main evidence: no major independent warning signal. Recommended response: continue routine monitoring.,24.072700691121742,LOW,13.215996809055468,LOW,STABLE_LOW,LOW,23.62883145523344,NORMAL,UNREFERENCED,10.923778667281523,LOW
1007_87,0.0768388888888888,LOW,7.763867488443759,LOW,63.76387266302687,HIGH,TRANSPORT,0.0,LOW,76.89424678188698,23.105753218113023,MODERATE,LOW SUSCEPTIBILITY,"high exposure to roads, settlements or infrastructure","check nearby roads, settlements and infrastructure","LOW SUSCEPTIBILITY. Main evidence: high exposure to roads, settlements or infrastructure. Recommended response: check nearby roads, settlements and infrastructure.",24.072700691121742,LOW,13.215996809055468,LOW,STABLE_LOW,LOW,23.62883145523344,NORMAL,UNREFERENCED,16.982374466254953,LOW
1008_81,0.0849843434343434,LOW,8.220338983050848,LOW,53.45086100958861,HIGH,TRANSPORT,0.0,LOW,76.22780050089524,23.77219949910476,MODERATE,LOW SUSCEPTIBILITY,no major independent warning signal,continue routine monitoring,LOW SUSCEPTIBILITY. Main evidence: no major independent warning signal. Recommended response: continue routine monitoring.,24.072700691121742,LOW,13.215996809055468,LOW,STABLE_LOW,LOW,23.62883145523344,NORMAL,UNREFERENCED,15.893262471706088,LOW
1009_1179,2.1798365122615804e-05,LOW,46.43104776579354,MODERATE,20.033842233716783,LOW,SETTLEMENT,0.0,LOW,83.17928146110421,16.82071853889579,HIGH,LOW SUSCEPTIBILITY,no major independent warning signal,continue routine monitoring,LOW SUSCEPTIBILITY. Main evidence: no major independent warning signal. Recommended response: continue routine monitoring.,24.072700691121742,LOW,13.215996809055468,LOW,STABLE_LOW,LOW,23.62883145523344,NORMAL,UNREFERENCED,14.699536883758917,LOW
1010_457,0.0453112097562914,LOW,61.35015408320493,HIGH,27.44754269685058,MODERATE,SETTLEMENT,0.0,LOW,79.47378416546314,20.526215834536856,MODERATE,LOW SUSCEPTIBILITY,unstable terrain conditions,continue routine monitoring,LOW SUSCEPTIBILITY. Main evidence: unstable terrain conditions. Recommended response: continue routine monitoring.,24.072700691121742,LOW,13.215996809055468,LOW,STABLE_LOW,LOW,23.62883145523344,NORMAL,UNREFERENCED,20.83343672931386,LOW
1011_1108,0.0002717983651226,LOW,49.58590138674885,MODERATE,25.60050253875613,MODERATE,TRANSPORT,0.339187501720193,LOW,83.15882691564968,16.841173084350316,HIGH,LOW SUSCEPTIBILITY,no major independent warning signal,continue routine monitoring,LOW SUSCEPTIBILITY. Main evidence: no major independent warning signal. Recommended response: continue routine monitoring.,24.072700691121742,LOW,13.215996809055468,LOW,STABLE_LOW,LOW,23.62883145523344,NORMAL,UNREFERENCED,16.2106754038779,LOW
1014_1107,0.0048455357388599,LOW,29.68798151001541,MODERATE,27.10649440102193,MODERATE,TRANSPORT,0.019025885558582,LOW,82.78461203961662,17.21538796038338,HIGH,LOW SUSCEPTIBILITY,no major independent warning signal,continue routine monitoring,LOW SUSCEPTIBILITY. Main evidence: no major independent warning signal. Recommended response: continue routine monitoring.,24.072700691121742,LOW,13.215996809055468,LOW,STABLE_LOW,LOW,23.62883145523344,NORMAL,UNREFERENCED,12.6307922280731,LOW
1016_443,0.0136238629671872,LOW,37.5,MODERATE,31.01163256693081,MODERATE,SETTLEMENT,0.0,LOW,82.06638526638984,17.933614733610156,HIGH,LOW SUSCEPTIBILITY,no major independent warning signal,continue routine monitoring,LOW SUSCEPTIBILITY. Main evidence: no major independent warning signal. Recommended response: continue routine monitoring.,24.072700691121742,LOW,13.215996809055468,LOW,STABLE_LOW,LOW,23.62883145523344,NORMAL,UNREFERENCED,15.17208878767522,LOW
1016_619,0.0357825396825397,LOW,26.013097072419107,MODERATE,55.40682588796114,HIGH,TRANSPORT,0.0,LOW,80.25340262604283,19.74659737395717,HIGH,LOW SUSCEPTIBILITY,no major independent warning signal,continue routine monitoring,LOW SUSCEPTIBILITY. Main evidence: no major independent warning signal. Recommended response: continue routine monitoring.,24.072700691121742,LOW,13.215996809055468,LOW,STABLE_LOW,LOW,23.62883145523344,NORMAL,UNREFERENCED,17.531127652504452,LOW
1016_1253,0.0034884650317892,LOW,45.111710323574734,MODERATE,17.099416707565357,LOW,SETTLEMENT,0.0,LOW,76.89564509746786,23.104354902532137,MODERATE,LOW SUSCEPTIBILITY,no major independent warning signal,continue routine monitoring,LOW SUSCEPTIBILITY. Main evidence: no major independent warning signal. Recommended response: continue routine monitoring.,24.072700691121742,LOW,13.215996809055468,LOW,STABLE_LOW,LOW,23.62883145523344,NORMAL,UNREFERENCED,14.151505566392437,LOW
1016_1530,6.220240552665621e-05,LOW,64.11594761171034,HIGH,16.546588041944265,LOW,SETTLEMENT,0.0,LOW,83.17597567598025,16.824024324019746,HIGH,LOW SUSCEPTIBILITY,unstable terrain conditions,continue routine monitoring,LOW SUSCEPTIBILITY. Main evidence: unstable terrain conditions. Recommended response: continue routine monitoring.,24.072700691121742,LOW,13.215996809055468,LOW,STABLE_LOW,LOW,23.62883145523344,NORMAL,UNREFERENCED,17.715246905994583,LOW
1020_1076,6.220240552665621e-05,LOW,25.577812018489983,MODERATE,22.16870406970324,LOW,SETTLEMENT,0.0,LOW,83.17597567598025,16.824024324019746,HIGH,LOW SUSCEPTIBILITY,no major independent warning signal,continue routine monitoring,LOW SUSCEPTIBILITY. Main evidence: no major independent warning signal. Recommended response: continue routine monitoring.,24.072700691121742,LOW,13.215996809055468,LOW,STABLE_LOW,LOW,23.62883145523344,NORMAL,UNREFERENCED,10.850937191514356,LOW
1025_201,0.1166791597291597,LOW,8.384052388289676,LOW,58.23101458721446,HIGH,TRANSPORT,0.0,LOW,73.63458825859209,26.36541174140791,MODERATE,LOW SUSCEPTIBILITY,no major independent warning signal,continue routine monitoring,LOW SUSCEPTIBILITY. Main evidence: no major independent warning signal. Recommended response: continue routine monitoring.,24.072700691121742,LOW,13.215996809055468,LOW,STABLE_LOW,LOW,23.62883145523344,NORMAL,UNREFERENCED,18.069294922664465,LOW
1026_880,0.0018324236838742,LOW,62.692604006163336,HIGH,23.87330606401961,LOW,INFRASTRUCTURE,0.0,LOW,83.03113938957,16.96886061043,HIGH,LOW SUSCEPTIBILITY,unstable terrain conditions,continue routine monitoring,LOW SUSCEPTIBILITY. Main evidence: unstable terrain conditions. Recommended response: continue routine monitoring.,24.072700691121742,LOW,13.215996809055468,LOW,STABLE_LOW,LOW,23.62883145523344,NORMAL,UNREFERENCED,18.60924584572212,LOW
1026_1098,0.0075717373150615,LOW,70.64522342064714,HIGH,31.74061657075135,MODERATE,TRANSPORT,0.0,LOW,82.56155918338195,17.438440816618055,HIGH,LOW SUSCEPTIBILITY,unstable terrain conditions,continue routine monitoring,LOW SUSCEPTIBILITY. Main evidence: unstable terrain conditions. Recommended response: continue routine monitoring.,24.072700691121742,LOW,13.215996809055468,LOW,STABLE_LOW,LOW,23.62883145523344,NORMAL,UNREFERENCED,21.63813541803207,LOW
1026_1319,0.0008789412222654,LOW,23.7384437596302,LOW,16.90382321602144,LOW,SETTLEMENT,0.0,LOW,83.10915159097435,16.89084840902565,HIGH,LOW SUSCEPTIBILITY,no major independent warning signal,continue routine monitoring,LOW SUSCEPTIBILITY. Main evidence: no major independent warning signal. Recommended response: continue routine monitoring.,24.072700691121742,LOW,13.215996809055468,LOW,STABLE_LOW,LOW,23.62883145523344,NORMAL,UNREFERENCED,9.730084658443374,LOW
1029_1610,0.0028384650317892,LOW,31.79699537750385,MODERATE,22.477851796282312,LOW,TRANSPORT,0.0,LOW,82.94882691564968,17.051173084350324,HIGH,LOW SUSCEPTIBILITY,no major independent warning signal,continue routine monitoring,LOW SUSCEPTIBILITY. Main evidence: no major independent warning signal. Recommended response: continue routine monitoring.,24.072700691121742,LOW,13.215996809055468,LOW,STABLE_LOW,LOW,23.62883145523344,NORMAL,UNREFERENCED,12.266077840485806,LOW
1032_360,0.0112915471869174,LOW,36.05546995377504,MODERATE,25.036645273994623,MODERATE,SETTLEMENT,0.0,LOW,82.25721110295737,17.74278889704263,HIGH,LOW SUSCEPTIBILITY,no major independent warning signal,continue routine monitoring,LOW SUSCEPTIBILITY. Main evidence: no major independent warning signal. Recommended response: continue routine monitoring.,24.072700691121742,LOW,13.215996809055468,LOW,STABLE_LOW,LOW,23.62883145523344,NORMAL,UNREFERENCED,13.881980474377658,LOW
1034_1025,0.0143519809382141,LOW,58.27812018489985,HIGH,27.835566570463342,MODERATE,SETTLEMENT,0.0,LOW,82.00681197785127,17.99318802214873,HIGH,LOW SUSCEPTIBILITY,no major independent warning signal,continue routine monitoring,LOW SUSCEPTIBILITY. Main evidence: no major independent warning signal. Recommended response: continue routine monitoring.,24.072700691121742,LOW,13.215996809055468,LOW,STABLE_LOW,LOW,23.62883145523344,NORMAL,UNREFERENCED,18.88406823388128,LOW
1036_471,0.0179377039967816,LOW,50.75693374422188,HIGH,26.880598467820228,MODERATE,SETTLEMENT,0.0,LOW,81.71343463669575,18.28656536330425,HIGH,LOW SUSCEPTIBILITY,no major independent warning signal,continue routine monitoring,LOW SUSCEPTIBILITY. Main evidence: no major independent warning signal. Recommended response: continue routine monitoring.,24.072700691121742,LOW,13.215996809055468,LOW,STABLE_LOW,LOW,23.62883145523344,NORMAL,UNREFERENCED,17.397943267984758,LOW
1039_973,0.0635066468499711,LOW,37.7080123266564,MODERATE,63.28014797277064,HIGH,INFRASTRUCTURE,0.0,LOW,77.98506658507117,22.014933414928837,MODERATE,LOW SUSCEPTIBILITY,"high exposure to roads, settlements or infrastructure","check nearby roads, settlements and infrastructure","LOW SUSCEPTIBILITY. Main evidence: high exposure to roads, settlements or infrastructure. Recommended response: check nearby roads, settlements and infrastructure.",24.072700691121742,LOW,13.215996809055468,LOW,STABLE_LOW,LOW,23.62883145523344,NORMAL,UNREFERENCED,22.298693838607747,LOW
1041_497,0.0217955794546571,LOW,49.40870570107858,MODERATE,44.77804728272295,MODERATE,SETTLEMENT,0.0,LOW,81.39779028105139,18.60220971894861,HIGH,LOW SUSCEPTIBILITY,no major independent warning signal,continue routine monitoring,LOW SUSCEPTIBILITY. Main evidence: no major independent warning signal. Recommended response: continue routine monitoring.,24.072700691121742,LOW,13.215996809055468,LOW,STABLE_LOW,LOW,23.62883145523344,NORMAL,UNREFERENCED,19.986519377195904,LOW
1043_279,0.2600461593961595,MODERATE,16.87211093990755,LOW,71.43606227177298,HIGH,TRANSPORT,0.0,LOW,61.904561013110296,38.0954389868897,MODERATE,MODERATE SUSCEPTIBILITY,"high exposure to roads, settlements or infrastructure","check nearby roads, settlements and infrastructure","MODERATE SUSCEPTIBILITY. Main evidence: high exposure to roads, settlements or infrastructure. Recommended response: check nearby roads, settlements and infrastructure.",24.072700691121742,LOW,13.215996809055468,LOW,STABLE_LOW,LOW,23.62883145523344,NORMAL,UNREFERENCED,28.199178770686807,MODERATE
1045_181,0.1765084138084139,LOW,12.478813559322036,LOW,58.13932100954117,HIGH,TRANSPORT,0.0,LOW,68.73946747028947,31.26053252971053,MODERATE,LOW SUSCEPTIBILITY,no major independent warning signal,continue routine monitoring,LOW SUSCEPTIBILITY. Main evidence: no major independent warning signal. Recommended response: continue routine monitoring.,24.072700691121742,LOW,13.215996809055468,LOW,STABLE_LOW,LOW,23.62883145523344,NORMAL,UNREFERENCED,21.566809553786385,LOW
1045_618,0.0616380865214107,LOW,65.90138674884439,HIGH,34.4757207281744,MODERATE,INFRASTRUCTURE,0.0,LOW,78.13794879377156,21.862051206228443,MODERATE,LOW SUSCEPTIBILITY,unstable terrain conditions,continue routine monitoring,LOW SUSCEPTIBILITY. Main evidence: unstable terrain conditions. Recommended response: continue routine monitoring.,24.072700691121742,LOW,13.215996809055468,LOW,STABLE_LOW,LOW,23.62883145523344,NORMAL,UNREFERENCED,23.532619421570693,LOW
1046_339,0.0073294592748295,LOW,31.04198767334361,MODERATE,21.651349339310737,LOW,SETTLEMENT,0.0,LOW,82.58138193212821,17.41861806787179,HIGH,LOW SUSCEPTIBILITY,no major independent warning signal,continue routine monitoring,LOW SUSCEPTIBILITY. Main evidence: no major independent warning signal. Recommended response: continue routine monitoring.,24.072700691121742,LOW,13.215996809055468,LOW,STABLE_LOW,LOW,23.62883145523344,NORMAL,UNREFERENCED,12.193195672044835,LOW
1046_1566,2.1798365122615804e-05,LOW,27.492295839753467,MODERATE,16.17714074070164,LOW,SETTLEMENT,0.0,LOW,83.17928146110421,16.82071853889579,HIGH,LOW SUSCEPTIBILITY,no major independent warning signal,continue routine monitoring,LOW SUSCEPTIBILITY. Main evidence: no major independent warning signal. Recommended response: continue routine monitoring.,24.072700691121742,LOW,13.215996809055468,LOW,STABLE_LOW,LOW,23.62883145523344,NORMAL,UNREFERENCED,10.333281274598631,LOW
1050_433,0.0293170116172657,LOW,90.28505392912172,EXTREME,25.798999387364063,MODERATE,SETTLEMENT,0.0,LOW,74.78240037683796,25.217599623162045,MODERATE,LOW SUSCEPTIBILITY,unstable terrain conditions,continue routine monitoring,LOW SUSCEPTIBILITY. Main evidence: unstable terrain conditions. Recommended response: continue routine monitoring.,24.072700691121742,LOW,13.215996809055468,LOW,STABLE_LOW,LOW,23.62883145523344,NORMAL,UNREFERENCED,25.653396285818083,MODERATE
1050_1505,2.1798365122615804e-05,LOW,39.19106317411402,MODERATE,21.36162287017955,LOW,SETTLEMENT,0.0,LOW,83.17928146110421,16.82071853889579,HIGH,LOW SUSCEPTIBILITY,no major independent warning signal,continue routine monitoring,LOW SUSCEPTIBILITY. Main evidence: no major independent warning signal. Recommended response: continue routine monitoring.,24.072700691121742,LOW,13.215996809055468,LOW,STABLE_LOW,LOW,23.62883145523344,NORMAL,UNREFERENCED,13.450707060892428,LOW
1050_1612,2.1798365122615804e-05,LOW,23.235747303543917,LOW,19.102027526409557,LOW,SETTLEMENT,0.174303663336355,LOW,83.17928146110421,16.82071853889579,HIGH,LOW SUSCEPTIBILITY,no major independent warning signal,continue routine monitoring,LOW SUSCEPTIBILITY. Main evidence: no major independent warning signal. Recommended response: continue routine monitoring.,24.072700691121742,LOW,13.215996809055468,LOW,STABLE_LOW,LOW,23.62883145523344,NORMAL,UNREFERENCED,9.938134951546544,LOW
1051_1104,0.0082169643102885,LOW,26.544684129429893,MODERATE,28.375141986287083,MODERATE,SETTLEMENT,0.0,LOW,82.50876788377246,17.491232116227536,HIGH,LOW SUSCEPTIBILITY,no major independent warning signal,continue routine monitoring,LOW SUSCEPTIBILITY. Main evidence: no major independent warning signal. Recommended response: continue routine monitoring.,24.072700691121742,LOW,13.215996809055468,LOW,STABLE_LOW,LOW,23.62883145523344,NORMAL,UNREFERENCED,12.342241586904198,LOW
1052_1614,0.0024900523333765,LOW,34.08898305084746,MODERATE,19.549212570306,LOW,TRANSPORT,0.0015258855585831,LOW,82.97733340915616,17.02266659084384,HIGH,LOW SUSCEPTIBILITY,no major independent warning signal,continue routine monitoring,LOW SUSCEPTIBILITY. Main evidence: no major independent warning signal. Recommended response: continue routine monitoring.,24.072700691121742,LOW,13.215996809055468,LOW,STABLE_LOW,LOW,23.62883145523344,NORMAL,UNREFERENCED,12.269653508385368,LOW
1057_120,0.0152880952380952,LOW,6.716101694915254,LOW,42.467043089019725,MODERATE,TRANSPORT,0.0,LOW,81.930220807861,18.069779192138995,HIGH,LOW SUSCEPTIBILITY,no major independent warning signal,continue routine monitoring,LOW SUSCEPTIBILITY. Main evidence: no major independent warning signal. Recommended response: continue routine monitoring.,24.072700691121742,LOW,13.215996809055468,LOW,STABLE_LOW,LOW,23.62883145523344,NORMAL,UNREFERENCED,10.808511157162469,LOW
1057_918,0.0044550595483837,LOW,38.41101694915254,MODERATE,24.188274669740817,LOW,INFRASTRUCTURE,0.0,LOW,82.81656009156467,17.183439908435332,HIGH,LOW SUSCEPTIBILITY,no major independent warning signal,continue routine monitoring,LOW SUSCEPTIBILITY. Main evidence: no major independent warning signal. Recommended response: continue routine monitoring.,24.072700691121742,LOW,13.215996809055468,LOW,STABLE_LOW,LOW,23.62883145523344,NORMAL,UNREFERENCED,13.918192339081072,LOW
1058_278,0.3966679653679652,MODERATE,22.266949152542374,LOW,64.3084097130903,HIGH,TRANSPORT,0.0,LOW,50.72641325178074,49.27358674821926,LOW,MODERATE SUSCEPTIBILITY,"high exposure to roads, settlements or infrastructure","check nearby roads, settlements and infrastructure","MODERATE SUSCEPTIBILITY. Main evidence: high exposure to roads, settlements or infrastructure. Recommended response: check nearby roads, settlements and infrastructure.",24.072700691121742,LOW,13.215996809055468,LOW,STABLE_LOW,LOW,23.62883145523344,NORMAL,UNREFERENCED,34.356979798142625,MODERATE
1059_152,0.0216284715284715,LOW,6.072804314329738,LOW,48.84384971976404,MODERATE,TRANSPORT,0.0,LOW,81.41146274773931,18.588537252260693,HIGH,LOW SUSCEPTIBILITY,no major independent warning signal,continue routine monitoring,LOW SUSCEPTIBILITY. Main evidence: no major independent warning signal. Recommended response: continue routine monitoring.,24.072700691121742,LOW,13.215996809055468,LOW,STABLE_LOW,LOW,23.62883145523344,NORMAL,UNREFERENCED,11.921689608723945,LOW
1066_289,0.0843831390831391,LOW,45.335130970724194,MODERATE,55.14684161525698,HIGH,SETTLEMENT,0.0,LOW,76.27698994781196,23.723010052188044,MODERATE,LOW SUSCEPTIBILITY,no major independent warning signal,continue routine monitoring,LOW SUSCEPTIBILITY. Main evidence: no major independent warning signal. Recommended response: continue routine monitoring.,24.072700691121742,LOW,13.215996809055468,LOW,STABLE_LOW,LOW,23.62883145523344,NORMAL,UNREFERENCED,23.543563764286816,LOW
1068_486,0.0092207198697975,LOW,78.69799691833592,EXTREME,29.78401219828026,MODERATE,SETTLEMENT,0.0,LOW,82.42664242890353,17.573357571096466,HIGH,LOW SUSCEPTIBILITY,unstable terrain conditions,continue routine monitoring,LOW SUSCEPTIBILITY. Main evidence: unstable terrain conditions. Recommended response: continue routine monitoring.,24.072700691121742,LOW,13.215996809055468,LOW,STABLE_LOW,LOW,23.62883145523344,NORMAL,UNREFERENCED,23.029403676662284,LOW
1068_1321,0.0026122024055266,LOW,18.124036979969183,LOW,21.39269171097176,LOW,SETTLEMENT,0.0,LOW,82.96733931234388,17.03266068765612,HIGH,LOW SUSCEPTIBILITY,no major independent warning signal,continue routine monitoring,LOW SUSCEPTIBILITY. Main evidence: no major independent warning signal. Recommended response: continue routine monitoring.,24.072700691121742,LOW,13.215996809055468,LOW,STABLE_LOW,LOW,23.62883145523344,NORMAL,UNREFERENCED,9.358530330000473,LOW
1074_637,0.8279510700315069,VERY_HIGH,53.567026194144844,HIGH,62.93333740572656,HIGH,TRANSPORT,0.0,LOW,77.28615251173754,22.71384748826246,MODERATE,VERY HIGH SUSCEPTIBILITY,"high static landslide susceptibility; high exposure to roads, settlements or infrastructure","prioritize location for detailed assessment; check nearby roads, settlements and infrastructure","VERY HIGH SUSCEPTIBILITY. Main evidence: high static landslide susceptibility; high exposure to roads, settlements or infrastructure. Recommended response: prioritize location for detailed assessment; check nearby roads, settlements and infrastructure.",24.072700691121742,LOW,13.215996809055468,LOW,STABLE_LOW,LOW,23.62883145523344,NORMAL,UNREFERENCED,59.818474070217945,HIGH
1077_1335,0.0002432595523372,LOW,52.27272727272728,HIGH,26.59521994971556,MODERATE,SETTLEMENT,0.0,LOW,83.16116190942302,16.838838090576985,HIGH,LOW SUSCEPTIBILITY,no major independent warning signal,continue routine monitoring,LOW SUSCEPTIBILITY. Main evidence: no major independent warning signal. Recommended response: continue routine monitoring.,24.072700691121742,LOW,13.215996809055468,LOW,STABLE_LOW,LOW,23.62883145523344,NORMAL,UNREFERENCED,16.86204519597014,LOW
1078_1103,0.2618212343212343,MODERATE,25.21764252696456,MODERATE,82.59811657348874,VERY_HIGH,TRANSPORT,0.0,LOW,61.759327610149626,38.24067238985037,MODERATE,MODERATE SUSCEPTIBILITY,"high exposure to roads, settlements or infrastructure","check nearby roads, settlements and infrastructure","MODERATE SUSCEPTIBILITY. Main evidence: high exposure to roads, settlements or infrastructure. Recommended response: check nearby roads, settlements and infrastructure.",24.072700691121742,LOW,13.215996809055468,LOW,STABLE_LOW,LOW,23.62883145523344,NORMAL,UNREFERENCED,31.622471604983936,MODERATE
1082_1562,0.0005622024055266,LOW,34.826656394453,MODERATE,17.694094010302425,LOW,SETTLEMENT,0.0043541683868659,LOW,83.13506658507117,16.864933414928828,HIGH,LOW SUSCEPTIBILITY,no major independent warning signal,continue routine monitoring,LOW SUSCEPTIBILITY. Main evidence: no major independent warning signal. Recommended response: continue routine monitoring.,24.072700691121742,LOW,13.215996809055468,LOW,STABLE_LOW,LOW,23.62883145523344,NORMAL,UNREFERENCED,12.052449974635522,LOW
1082_1567,6.220240552665621e-05,LOW,26.061248073959938,MODERATE,17.84973743964924,LOW,SETTLEMENT,0.0393541683868619,LOW,83.17597567598025,16.824024324019746,HIGH,LOW SUSCEPTIBILITY,no major independent warning signal,continue routine monitoring,LOW SUSCEPTIBILITY. Main evidence: no major independent warning signal. Recommended response: continue routine monitoring.,24.072700691121742,LOW,13.215996809055468,LOW,STABLE_LOW,LOW,23.62883145523344,NORMAL,UNREFERENCED,10.303714824938934,LOW
1083_787,0.019644469172576,LOW,35.08281972265023,MODERATE,48.66726083793514,MODERATE,SETTLEMENT,0.0,LOW,81.57379021322167,18.42620978677833,HIGH,LOW SUSCEPTIBILITY,no major independent warning signal,continue routine monitoring,LOW SUSCEPTIBILITY. Main evidence: no major independent warning signal. Recommended response: continue routine monitoring.,24.072700691121742,LOW,13.215996809055468,LOW,STABLE_LOW,LOW,23.62883145523344,NORMAL,UNREFERENCED,17.60792425209841,LOW
1083_1321,0.0037222024055266,LOW,54.64946070878275,HIGH,26.272678272256123,MODERATE,SETTLEMENT,0.0,LOW,82.8765211305257,17.123478869474297,HIGH,LOW SUSCEPTIBILITY,no major independent warning signal,continue routine monitoring,LOW SUSCEPTIBILITY. Main evidence: no major independent warning signal. Recommended response: continue routine monitoring.,24.072700691121742,LOW,13.215996809055468,LOW,STABLE_LOW,LOW,23.62883145523344,NORMAL,UNREFERENCED,17.445563059955838,LOW
1086_1067,0.0239654470380541,LOW,64.63405238828969,HIGH,29.313269099249844,MODERATE,SETTLEMENT,1.764747959330454,LOW,81.22025566059165,18.779744339408357,HIGH,LOW SUSCEPTIBILITY,unstable terrain conditions,continue routine monitoring,LOW SUSCEPTIBILITY. Main evidence: unstable terrain conditions. Recommended response: continue routine monitoring.,24.072700691121742,LOW,13.215996809055468,LOW,STABLE_LOW,LOW,23.62883145523344,NORMAL,UNREFERENCED,20.985990824303066,LOW
1087_302,0.0379418200101442,LOW,41.62365177195686,MODERATE,42.41140986573072,MODERATE,TRANSPORT,0.0,LOW,80.07673423560246,19.92326576439754,HIGH,LOW SUSCEPTIBILITY,no major independent warning signal,continue routine monitoring,LOW SUSCEPTIBILITY. Main evidence: no major independent warning signal. Recommended response: continue routine monitoring.,24.072700691121742,LOW,13.215996809055468,LOW,STABLE_LOW,LOW,23.62883145523344,NORMAL,UNREFERENCED,18.80109380381964,LOW
1087_1067,0.0252106851332922,LOW,52.62904468412943,HIGH,29.028412240824707,MODERATE,SETTLEMENT,1.677581292663787,LOW,81.11837254370852,18.881627456291483,HIGH,LOW SUSCEPTIBILITY,no major independent warning signal,continue routine monitoring,LOW SUSCEPTIBILITY. Main evidence: no major independent warning signal. Recommended response: continue routine monitoring.,24.072700691121742,LOW,13.215996809055468,LOW,STABLE_LOW,LOW,23.62883145523344,NORMAL,UNREFERENCED,18.58957980232629,LOW
1088_1411,6.220240552665621e-05,LOW,23.56895223420647,LOW,16.3790803605808,LOW,SETTLEMENT,0.0,LOW,83.17597567598025,16.824024324019746,HIGH,LOW SUSCEPTIBILITY,no major independent warning signal,continue routine monitoring,LOW SUSCEPTIBILITY. Main evidence: no major independent warning signal. Recommended response: continue routine monitoring.,24.072700691121742,LOW,13.215996809055468,LOW,STABLE_LOW,LOW,23.62883145523344,NORMAL,UNREFERENCED,9.580721678289288,LOW
1091_321,0.5210005361305357,HIGH,85.04815100154083,EXTREME,70.22720564212783,HIGH,TRANSPORT,0.0,LOW,52.17201791983989,47.82798208016011,LOW,HIGH SUSCEPTIBILITY,"high static landslide susceptibility; unstable terrain conditions; high exposure to roads, settlements or infrastructure","check nearby roads, settlements and infrastructure","HIGH SUSCEPTIBILITY. Main evidence: high static landslide susceptibility; unstable terrain conditions; high exposure to roads, settlements or infrastructure. Recommended response: check nearby roads, settlements and infrastructure.",24.072700691121742,LOW,13.215996809055468,LOW,STABLE_LOW,LOW,23.62883145523344,NORMAL,UNREFERENCED,53.39600524161362,HIGH
1092_1117,0.0245375992309234,LOW,61.082434514637896,HIGH,46.44970550966072,MODERATE,TRANSPORT,0.0,LOW,81.1734432084478,18.826556791552207,HIGH,LOW SUSCEPTIBILITY,unstable terrain conditions,continue routine monitoring,LOW SUSCEPTIBILITY. Main evidence: unstable terrain conditions. Recommended response: continue routine monitoring.,24.072700691121742,LOW,13.215996809055468,LOW,STABLE_LOW,LOW,23.62883145523344,NORMAL,UNREFERENCED,22.69540476388041,LOW
1094_201,0.1166169095197887,LOW,72.71571648690292,HIGH,45.28516585326511,MODERATE,TRANSPORT,0.0,LOW,73.63968145754063,26.360318542459368,MODERATE,LOW SUSCEPTIBILITY,unstable terrain conditions,continue routine monitoring,LOW SUSCEPTIBILITY. Main evidence: unstable terrain conditions. Recommended response: continue routine monitoring.,24.072700691121742,LOW,13.215996809055468,LOW,STABLE_LOW,LOW,23.62883145523344,NORMAL,UNREFERENCED,28.990949172873016,MODERATE
1097_795,0.0611821067821067,LOW,23.24922958397535,LOW,61.25424635358333,HIGH,SETTLEMENT,0.0,LOW,78.17525622698733,21.82474377301267,MODERATE,LOW SUSCEPTIBILITY,"high exposure to roads, settlements or infrastructure","check nearby roads, settlements and infrastructure","LOW SUSCEPTIBILITY. Main evidence: high exposure to roads, settlements or infrastructure. Recommended response: check nearby roads, settlements and infrastructure.",24.072700691121742,LOW,13.215996809055468,LOW,STABLE_LOW,LOW,23.62883145523344,NORMAL,UNREFERENCED,18.998447744139547,LOW
1100_1252,0.1179082251082251,LOW,21.760400616332817,LOW,52.61057371097348,HIGH,TRANSPORT,0.0,LOW,73.53402836394127,26.465971636058725,MODERATE,LOW SUSCEPTIBILITY,no major independent warning signal,continue routine monitoring,LOW SUSCEPTIBILITY. Main evidence: no major independent warning signal. Recommended response: continue routine monitoring.,24.072700691121742,LOW,13.215996809055468,LOW,STABLE_LOW,LOW,23.62883145523344,NORMAL,UNREFERENCED,19.95680637889489,LOW
1101_1475,0.0019765928856705,LOW,38.35901386748844,MODERATE,20.14307730565894,LOW,SETTLEMENT,0.0,LOW,83.01934372760485,16.98065627239515,HIGH,LOW SUSCEPTIBILITY,no major independent warning signal,continue routine monitoring,LOW SUSCEPTIBILITY. Main evidence: no major independent warning signal. Recommended response: continue routine monitoring.,24.072700691121742,LOW,13.215996809055468,LOW,STABLE_LOW,LOW,23.62883145523344,NORMAL,UNREFERENCED,13.189481118313877,LOW
1103_337,0.0597396052641059,LOW,89.49345146379045,EXTREME,30.911128571975222,MODERATE,SETTLEMENT,0.0,LOW,78.29327907846013,21.70672092153987,MODERATE,LOW SUSCEPTIBILITY,unstable terrain conditions,continue routine monitoring,LOW SUSCEPTIBILITY. Main evidence: unstable terrain conditions. Recommended response: continue routine monitoring.,24.072700691121742,LOW,13.215996809055468,LOW,STABLE_LOW,LOW,23.62883145523344,NORMAL,UNREFERENCED,27.630911884551317,MODERATE
1104_399,0.0083455357388599,LOW,48.952234206471495,MODERATE,26.78992720330061,MODERATE,INFRASTRUCTURE,0.0,LOW,82.49824840325299,17.501751596747013,HIGH,LOW SUSCEPTIBILITY,no major independent warning signal,continue routine monitoring,LOW SUSCEPTIBILITY. Main evidence: no major independent warning signal. Recommended response: continue routine monitoring.,24.072700691121742,LOW,13.215996809055468,LOW,STABLE_LOW,LOW,23.62883145523344,NORMAL,UNREFERENCED,16.591755099150262,LOW
1107_88,0.0073297925931168,LOW,6.440677966101695,LOW,35.11994354318854,MODERATE,TRANSPORT,0.0,LOW,82.58135466063197,17.418645339368027,HIGH,LOW SUSCEPTIBILITY,no major independent warning signal,continue routine monitoring,LOW SUSCEPTIBILITY. Main evidence: no major independent warning signal. Recommended response: continue routine monitoring.,24.072700691121742,LOW,13.215996809055468,LOW,STABLE_LOW,LOW,23.62883145523344,NORMAL,UNREFERENCED,9.293237860501051,LOW
1107_435,0.0036101077958049,LOW,57.89483821263482,HIGH,32.09163790954796,MODERATE,TRANSPORT,0.0,LOW,82.88569250768475,17.11430749231525,HIGH,LOW SUSCEPTIBILITY,no major independent warning signal,continue routine monitoring,LOW SUSCEPTIBILITY. Main evidence: no major independent warning signal. Recommended response: continue routine monitoring.,24.072700691121742,LOW,13.215996809055468,LOW,STABLE_LOW,LOW,23.62883145523344,NORMAL,UNREFERENCED,18.962438248882556,LOW
1107_500,0.0535833271871777,LOW,81.3540061633282,EXTREME,39.867727732087374,MODERATE,TRANSPORT,0.0,LOW,78.79697455748152,21.20302544251848,MODERATE,LOW SUSCEPTIBILITY,unstable terrain conditions,continue routine monitoring,LOW SUSCEPTIBILITY. Main evidence: unstable terrain conditions. Recommended response: continue routine monitoring.,24.072700691121742,LOW,13.215996809055468,LOW,STABLE_LOW,LOW,23.62883145523344,NORMAL,UNREFERENCED,27.069480185013916,MODERATE
1109_795,0.0767780885780886,LOW,50.21571648690293,HIGH,58.10110432757954,HIGH,SETTLEMENT,0.0,LOW,76.89922135277064,23.10077864722936,MODERATE,LOW SUSCEPTIBILITY,no major independent warning signal,continue routine monitoring,LOW SUSCEPTIBILITY. Main evidence: no major independent warning signal. Recommended response: continue routine monitoring.,24.072700691121742,LOW,13.215996809055468,LOW,STABLE_LOW,LOW,23.62883145523344,NORMAL,UNREFERENCED,24.620593001643677,LOW
1109_1267,0.0495368777302019,LOW,25.514252696456083,MODERATE,46.39952847139874,MODERATE,TRANSPORT,0.0,LOW,79.12804769487046,20.87195230512954,MODERATE,LOW SUSCEPTIBILITY,no major independent warning signal,continue routine monitoring,LOW SUSCEPTIBILITY. Main evidence: no major independent warning signal. Recommended response: continue routine monitoring.,24.072700691121742,LOW,13.215996809055468,LOW,STABLE_LOW,LOW,23.62883145523344,NORMAL,UNREFERENCED,16.699209376972288,LOW
1110_199,0.6295236567354209,HIGH,27.74845916795069,MODERATE,66.22922628599606,HIGH,TRANSPORT,0.0,LOW,61.05118233296688,38.948817667033126,MODERATE,HIGH SUSCEPTIBILITY,"high static landslide susceptibility; high exposure to roads, settlements or infrastructure","check nearby roads, settlements and infrastructure","HIGH SUSCEPTIBILITY. Main evidence: high static landslide susceptibility; high exposure to roads, settlements or infrastructure. Recommended response: check nearby roads, settlements and infrastructure.",24.072700691121742,LOW,13.215996809055468,LOW,STABLE_LOW,LOW,23.62883145523344,NORMAL,UNREFERENCED,46.21991039869565,MODERATE
1111_515,0.0249220828759334,LOW,85.10785824345146,EXTREME,32.79104153702312,MODERATE,INFRASTRUCTURE,0.0,LOW,81.14198545567425,18.858014544325755,HIGH,LOW SUSCEPTIBILITY,unstable terrain conditions,continue routine monitoring,LOW SUSCEPTIBILITY. Main evidence: unstable terrain conditions. Recommended response: continue routine monitoring.,24.072700691121742,LOW,13.215996809055468,LOW,STABLE_LOW,LOW,23.62883145523344,NORMAL,UNREFERENCED,25.46899167777294,MODERATE
1111_1100,0.0101571065352133,LOW,30.23882896764253,MODERATE,36.02032749762093,MODERATE,SETTLEMENT,0.0,LOW,82.35002897446043,17.64997102553957,HIGH,LOW SUSCEPTIBILITY,no major independent warning signal,continue routine monitoring,LOW SUSCEPTIBILITY. Main evidence: no major independent warning signal. Recommended response: continue routine monitoring.,24.072700691121742,LOW,13.215996809055468,LOW,STABLE_LOW,LOW,23.62883145523344,NORMAL,UNREFERENCED,14.315154781368419,LOW
1121_1124,0.0176899990156961,LOW,67.4248844375963,HIGH,27.642370317295867,MODERATE,SETTLEMENT,0.0,LOW,81.73370140787547,18.266298592124528,HIGH,LOW SUSCEPTIBILITY,unstable terrain conditions,continue routine monitoring,LOW SUSCEPTIBILITY. Main evidence: unstable terrain conditions. Recommended response: continue routine monitoring.,24.072700691121742,LOW,13.215996809055468,LOW,STABLE_LOW,LOW,23.62883145523344,NORMAL,UNREFERENCED,20.834652459932137,LOW
1123_788,0.0152035159625936,LOW,60.12519260400617,HIGH,46.235572808314224,MODERATE,SETTLEMENT,0.0,LOW,81.93714093040205,18.06285906959795,HIGH,LOW SUSCEPTIBILITY,unstable terrain conditions,continue routine monitoring,LOW SUSCEPTIBILITY. Main evidence: unstable terrain conditions. Recommended response: continue routine monitoring.,24.072700691121742,LOW,13.215996809055468,LOW,STABLE_LOW,LOW,23.62883145523344,NORMAL,UNREFERENCED,22.051802729477252,LOW
1123_1591,0.0038192009625252,LOW,19.682203389830512,LOW,39.76674715588502,MODERATE,TRANSPORT,0.0,LOW,82.8685848849531,17.131415115046906,HIGH,LOW SUSCEPTIBILITY,no major independent warning signal,continue routine monitoring,LOW SUSCEPTIBILITY. Main evidence: no major independent warning signal. Recommended response: continue routine monitoring.,24.072700691121742,LOW,13.215996809055468,LOW,STABLE_LOW,LOW,23.62883145523344,NORMAL,UNREFERENCED,12.480586863774663,LOW
1124_781,0.6940805833836522,HIGH,94.80739599383666,EXTREME,60.97075282055731,HIGH,TRANSPORT,0.0,LOW,66.33311269509488,33.66688730490512,MODERATE,HIGH SUSCEPTIBILITY,"high static landslide susceptibility; unstable terrain conditions; high exposure to roads, settlements or infrastructure","check nearby roads, settlements and infrastructure","HIGH SUSCEPTIBILITY. Main evidence: high static landslide susceptibility; unstable terrain conditions; high exposure to roads, settlements or infrastructure. Recommended response: check nearby roads, settlements and infrastructure.",24.072700691121742,LOW,13.215996809055468,LOW,STABLE_LOW,LOW,23.62883145523344,NORMAL,UNREFERENCED,61.74798844322745,HIGH
1135_1482,6.220240552665621e-05,LOW,46.19607087827427,MODERATE,18.79277464334294,LOW,SETTLEMENT,0.0043541683868659,LOW,83.17597567598025,16.824024324019746,HIGH,LOW SUSCEPTIBILITY,no major independent warning signal,continue routine monitoring,LOW SUSCEPTIBILITY. Main evidence: no major independent warning signal. Recommended response: continue routine monitoring.,24.072700691121742,LOW,13.215996809055468,LOW,STABLE_LOW,LOW,23.62883145523344,NORMAL,UNREFERENCED,14.468634966355856,LOW
1138_1485,6.220240552665621e-05,LOW,28.330123266563945,MODERATE,18.904567984987704,LOW,SETTLEMENT,0.0043541683868659,LOW,83.17597567598025,16.824024324019746,HIGH,LOW SUSCEPTIBILITY,no major independent warning signal,continue routine monitoring,LOW SUSCEPTIBILITY. Main evidence: no major independent warning signal. Recommended response: continue routine monitoring.,24.072700691121742,LOW,13.215996809055468,LOW,STABLE_LOW,LOW,23.62883145523344,NORMAL,UNREFERENCED,10.912214445260503,LOW
1139_1010,0.4726927774640816,MODERATE,37.5173343605547,MODERATE,49.17620985608931,MODERATE,TRANSPORT,0.0,LOW,48.21956493803911,51.78043506196089,LOW,MODERATE SUSCEPTIBILITY,no major independent warning signal,continue routine monitoring,MODERATE SUSCEPTIBILITY. Main evidence: no major independent warning signal. Recommended response: continue routine monitoring.,24.072700691121742,LOW,13.215996809055468,LOW,STABLE_LOW,LOW,23.62883145523344,NORMAL,UNREFERENCED,38.55834340552018,MODERATE
1140_819,0.3162812076812079,MODERATE,23.335901386748844,LOW,63.26729348714053,HIGH,TRANSPORT,0.0,LOW,57.303511607969966,42.696488392030034,LOW,MODERATE SUSCEPTIBILITY,"high exposure to roads, settlements or infrastructure","check nearby roads, settlements and infrastructure","MODERATE SUSCEPTIBILITY. Main evidence: high exposure to roads, settlements or infrastructure. Recommended response: check nearby roads, settlements and infrastructure.",24.072700691121742,LOW,13.215996809055468,LOW,STABLE_LOW,LOW,23.62883145523344,NORMAL,UNREFERENCED,30.797198715187378,MODERATE
1146_1185,2.1798365122615804e-05,LOW,20.924499229583976,LOW,20.12394218254764,LOW,SETTLEMENT,0.0,LOW,83.17928146110421,16.82071853889579,HIGH,LOW SUSCEPTIBILITY,no major independent warning signal,continue routine monitoring,LOW SUSCEPTIBILITY. Main evidence: no major independent warning signal. Recommended response: continue routine monitoring.,24.072700691121742,LOW,13.215996809055468,LOW,STABLE_LOW,LOW,23.62883145523344,NORMAL,UNREFERENCED,9.611742168841634,LOW
1148_459,0.0154615553365353,LOW,67.11671802773498,HIGH,23.0971611686009,LOW,SETTLEMENT,0.0,LOW,81.91602861798863,18.08397138201137,HIGH,LOW SUSCEPTIBILITY,unstable terrain conditions,continue routine monitoring,LOW SUSCEPTIBILITY. Main evidence: unstable terrain conditions. Recommended response: continue routine monitoring.,24.072700691121742,LOW,13.215996809055468,LOW,STABLE_LOW,LOW,23.62883145523344,NORMAL,UNREFERENCED,19.990957840093394,LOW
1151_1077,7.659288567056101e-05,LOW,27.08975346687211,MODERATE,23.19983223385911,LOW,SETTLEMENT,0.0,LOW,83.17479827305938,16.82520172694062,HIGH,LOW SUSCEPTIBILITY,no major independent warning signal,continue routine monitoring,LOW SUSCEPTIBILITY. Main evidence: no major independent warning signal. Recommended response: continue routine monitoring.,24.072700691121742,LOW,13.215996809055468,LOW,STABLE_LOW,LOW,23.62883145523344,NORMAL,UNREFERENCED,11.308642277420638,LOW
1152_1100,0.0230549152482395,LOW,24.040832049306623,LOW,43.44159520635743,MODERATE,TRANSPORT,0.0,LOW,81.29475371612193,18.70524628387807,HIGH,LOW SUSCEPTIBILITY,no major independent warning signal,continue routine monitoring,LOW SUSCEPTIBILITY. Main evidence: no major independent warning signal. Recommended response: continue routine monitoring.,24.072700691121742,LOW,13.215996809055468,LOW,STABLE_LOW,LOW,23.62883145523344,NORMAL,UNREFERENCED,14.76914694609789,LOW
1162_368,0.0316955631792976,LOW,69.88636363636365,HIGH,28.995747458496112,MODERATE,SETTLEMENT,0.0,LOW,80.58779161267171,19.41220838732829,HIGH,LOW SUSCEPTIBILITY,unstable terrain conditions,continue routine monitoring,LOW SUSCEPTIBILITY. Main evidence: unstable terrain conditions. Recommended response: continue routine monitoring.,24.072700691121742,LOW,13.215996809055468,LOW,STABLE_LOW,LOW,23.62883145523344,NORMAL,UNREFERENCED,22.160205258227712,LOW
1163_290,6.220240552665621e-05,LOW,31.87788906009245,MODERATE,18.47646758606409,LOW,SETTLEMENT,0.0,LOW,83.17597567598025,16.824024324019746,HIGH,LOW SUSCEPTIBILITY,no major independent warning signal,continue routine monitoring,LOW SUSCEPTIBILITY. Main evidence: no major independent warning signal. Recommended response: continue routine monitoring.,24.072700691121742,LOW,13.215996809055468,LOW,STABLE_LOW,LOW,23.62883145523344,NORMAL,UNREFERENCED,11.557117127288977,LOW
1165_587,0.0032551316984559,LOW,90.404468412943,EXTREME,18.201516277353235,LOW,INFRASTRUCTURE,0.0,LOW,82.91473600655877,17.08526399344123,HIGH,LOW SUSCEPTIBILITY,unstable terrain conditions,continue routine monitoring,LOW SUSCEPTIBILITY. Main evidence: unstable terrain conditions. Recommended response: continue routine monitoring.,24.072700691121742,LOW,13.215996809055468,LOW,STABLE_LOW,LOW,23.62883145523344,NORMAL,UNREFERENCED,23.36487211973428,LOW
1166_1096,0.055709934751239,LOW,27.122496147919875,MODERATE,48.12316244741704,MODERATE,TRANSPORT,0.0,LOW,78.62297939314925,21.37702060685075,MODERATE,LOW SUSCEPTIBILITY,no major independent warning signal,continue routine monitoring,LOW SUSCEPTIBILITY. Main evidence: no major independent warning signal. Recommended response: continue routine monitoring.,24.072700691121742,LOW,13.215996809055468,LOW,STABLE_LOW,LOW,23.62883145523344,NORMAL,UNREFERENCED,17.55719072961446,LOW
1166_1256,0.0202944444444444,LOW,27.86787365177196,MODERATE,39.890528234439856,MODERATE,TRANSPORT,0.0,LOW,81.52061041825061,18.479389581749388,HIGH,LOW SUSCEPTIBILITY,no major independent warning signal,continue routine monitoring,LOW SUSCEPTIBILITY. Main evidence: no major independent warning signal. Recommended response: continue routine monitoring.,24.072700691121742,LOW,13.215996809055468,LOW,STABLE_LOW,LOW,23.62883145523344,NORMAL,UNREFERENCED,14.877674034632543,LOW
1167_1345,0.0018891254824497,LOW,26.879815100154083,MODERATE,26.527960539446227,MODERATE,TRANSPORT,0.0,LOW,83.02650015150473,16.973499848495265,HIGH,LOW SUSCEPTIBILITY,no major independent warning signal,continue routine monitoring,LOW SUSCEPTIBILITY. Main evidence: no major independent warning signal. Recommended response: continue routine monitoring.,24.072700691121742,LOW,13.215996809055468,LOW,STABLE_LOW,LOW,23.62883145523344,NORMAL,UNREFERENCED,11.84743781677016,LOW
1167_1471,2.1798365122615804e-05,LOW,24.46070878274268,LOW,23.902307551874564,LOW,TRANSPORT,0.0,LOW,83.17928146110421,16.82071853889579,HIGH,LOW SUSCEPTIBILITY,no major independent warning signal,continue routine monitoring,LOW SUSCEPTIBILITY. Main evidence: no major independent warning signal. Recommended response: continue routine monitoring.,24.072700691121742,LOW,13.215996809055468,LOW,STABLE_LOW,LOW,23.62883145523344,NORMAL,UNREFERENCED,10.885738884872412,LOW
1169_1408,0.001472458815783,LOW,26.390600924499232,MODERATE,27.532341608190407,MODERATE,TRANSPORT,0.0,LOW,83.06059106059564,16.93940893940436,HIGH,LOW SUSCEPTIBILITY,no major independent warning signal,continue routine monitoring,LOW SUSCEPTIBILITY. Main evidence: no major independent warning signal. Recommended response: continue routine monitoring.,24.072700691121742,LOW,13.215996809055468,LOW,STABLE_LOW,LOW,23.62883145523344,NORMAL,UNREFERENCED,11.881502141950817,LOW
1170_1438,0.1306349206349206,LOW,32.80238828967643,MODERATE,46.67999953056329,MODERATE,TRANSPORT,0.0,LOW,72.49275327539347,27.50724672460653,MODERATE,LOW SUSCEPTIBILITY,no major independent warning signal,continue routine monitoring,LOW SUSCEPTIBILITY. Main evidence: no major independent warning signal. Recommended response: continue routine monitoring.,24.072700691121742,LOW,13.215996809055468,LOW,STABLE_LOW,LOW,23.62883145523344,NORMAL,UNREFERENCED,21.84831908520338,LOW
1172_572,2.1798365122615804e-05,LOW,44.57819722650231,MODERATE,17.67525697499814,LOW,INFRASTRUCTURE,0.0,LOW,83.17928146110421,16.82071853889579,HIGH,LOW SUSCEPTIBILITY,no major independent warning signal,continue routine monitoring,LOW SUSCEPTIBILITY. Main evidence: no major independent warning signal. Recommended response: continue routine monitoring.,24.072700691121742,LOW,13.215996809055468,LOW,STABLE_LOW,LOW,23.62883145523344,NORMAL,UNREFERENCED,13.975178987092875,LOW
1177_1024,0.1295839826839827,LOW,18.88674884437596,LOW,47.69790915396011,MODERATE,TRANSPORT,0.0,LOW,72.57873910774293,27.421260892257067,MODERATE,LOW SUSCEPTIBILITY,no major independent warning signal,continue routine monitoring,LOW SUSCEPTIBILITY. Main evidence: no major independent warning signal. Recommended response: continue routine monitoring.,24.072700691121742,LOW,13.215996809055468,LOW,STABLE_LOW,LOW,23.62883145523344,NORMAL,UNREFERENCED,19.1705854318606,LOW
1180_41,0.0086719282352524,LOW,9.493451463790446,LOW,33.617193166127265,MODERATE,TRANSPORT,0.0,LOW,82.47154356263906,17.528456437360944,HIGH,LOW SUSCEPTIBILITY,no major independent warning signal,continue routine monitoring,LOW SUSCEPTIBILITY. Main evidence: no major independent warning signal. Recommended response: continue routine monitoring.,24.072700691121742,LOW,13.215996809055468,LOW,STABLE_LOW,LOW,23.62883145523344,NORMAL,UNREFERENCED,9.73877610737571,LOW
1181_470,0.0067218309809086,LOW,53.09322033898305,HIGH,21.469275751011303,LOW,SETTLEMENT,0.0,LOW,82.63109697435809,17.368903025641913,HIGH,LOW SUSCEPTIBILITY,no major independent warning signal,continue routine monitoring,LOW SUSCEPTIBILITY. Main evidence: no major independent warning signal. Recommended response: continue routine monitoring.,24.072700691121742,LOW,13.215996809055468,LOW,STABLE_LOW,LOW,23.62883145523344,NORMAL,UNREFERENCED,16.548787893701366,LOW
1182_108,0.0255566824096731,LOW,8.748073959938367,LOW,46.13522646797946,MODERATE,TRANSPORT,0.0,LOW,81.09006367564099,18.90993632435901,HIGH,LOW SUSCEPTIBILITY,no major independent warning signal,continue routine monitoring,LOW SUSCEPTIBILITY. Main evidence: no major independent warning signal. Recommended response: continue routine monitoring.,24.072700691121742,LOW,13.215996809055468,LOW,STABLE_LOW,LOW,23.62883145523344,NORMAL,UNREFERENCED,12.227219539732056,LOW
1192_259,0.0320809192442434,LOW,86.77388289676426,EXTREME,18.09556231293208,LOW,INFRASTRUCTURE,0.0,LOW,80.55626248008525,19.443737519914748,HIGH,LOW SUSCEPTIBILITY,unstable terrain conditions,continue routine monitoring,LOW SUSCEPTIBILITY. Main evidence: unstable terrain conditions. Recommended response: continue routine monitoring.,24.072700691121742,LOW,13.215996809055468,LOW,STABLE_LOW,LOW,23.62883145523344,NORMAL,UNREFERENCED,23.920022361395795,LOW
1193_167,0.0244266273672998,LOW,79.7977657935285,EXTREME,39.70165838253938,MODERATE,TRANSPORT,0.0,LOW,81.18252272456246,18.81747727543754,HIGH,LOW SUSCEPTIBILITY,unstable terrain conditions,continue routine monitoring,LOW SUSCEPTIBILITY. Main evidence: unstable terrain conditions. Recommended response: continue routine monitoring.,24.072700691121742,LOW,13.215996809055468,LOW,STABLE_LOW,LOW,23.62883145523344,NORMAL,UNREFERENCED,25.421270216727272,MODERATE
1196_88,0.0463468253968253,LOW,10.402542372881356,LOW,55.03239019340548,HIGH,TRANSPORT,0.0,LOW,79.38905197669217,20.610948023307827,MODERATE,LOW SUSCEPTIBILITY,no major independent warning signal,continue routine monitoring,LOW SUSCEPTIBILITY. Main evidence: no major independent warning signal. Recommended response: continue routine monitoring.,24.072700691121742,LOW,13.215996809055468,LOW,STABLE_LOW,LOW,23.62883145523344,NORMAL,UNREFERENCED,14.828244215556404,LOW
1200_189,0.0212532209222423,LOW,36.585130970724194,MODERATE,26.648534947352857,MODERATE,TRANSPORT,0.0,LOW,81.44216507006715,18.55783492993285,HIGH,LOW SUSCEPTIBILITY,no major independent warning signal,continue routine monitoring,LOW SUSCEPTIBILITY. Main evidence: no major independent warning signal. Recommended response: continue routine monitoring.,24.072700691121742,LOW,13.215996809055468,LOW,STABLE_LOW,LOW,23.62883145523344,NORMAL,UNREFERENCED,14.677971446860845,LOW
