cell_id,unified_risk_score,severity,warning_state,confidence_score,uncertainty_score,driver_1,driver_1_score,driver_2,driver_2_score,driver_3,driver_3_score,rainfall_trigger_category,soil_wetness_category,temporal_trajectory,environment_anomaly_category,recommendation
3_1656,11.233885846956047,LOW,NORMAL,82.36207366889643,17.63792633110357,terrain_instability,27.75,rainfall_trigger,24.07,exposure,18.84,LOW,LOW,STABLE_LOW,NORMAL,No immediate escalation indicated; continue routine monitoring.
4_988,23.488003542526315,LOW,NORMAL,75.7941756421973,24.205824357802697,terrain_instability,85.33,rainfall_trigger,24.07,exposure,21.68,LOW,LOW,STABLE_LOW,NORMAL,No immediate escalation indicated; continue routine monitoring.
5_1571,15.18035406205239,LOW,NORMAL,82.0216781553191,17.978321844680906,terrain_instability,40.21,exposure,27.29,rainfall_trigger,24.07,LOW,LOW,STABLE_LOW,NORMAL,No immediate escalation indicated; continue routine monitoring.
10_680,25.98302409049344,MODERATE,NORMAL,80.84752554578665,19.152474454213348,terrain_instability,93.19,exposure,24.36,rainfall_trigger,24.07,LOW,LOW,STABLE_LOW,NORMAL,Continue routine monitoring with attention to changing environmental conditions.
12_491,13.8148665864684,LOW,NORMAL,83.12025281851393,16.879747181486067,terrain_instability,39.19,rainfall_trigger,24.07,exposure,23.57,LOW,LOW,STABLE_LOW,NORMAL,No immediate escalation indicated; continue routine monitoring.
13_1255,19.802458933383825,LOW,NORMAL,83.07700873383149,16.92299126616851,terrain_instability,74.97,rainfall_trigger,24.07,exposure,15.63,LOW,LOW,STABLE_LOW,NORMAL,No immediate escalation indicated; continue routine monitoring.
15_652,38.230894310871136,MODERATE,NORMAL,61.52762295117223,38.47237704882777,terrain_instability,75.49,exposure,58.78,susceptibility,26.47,LOW,LOW,STABLE_LOW,NORMAL,Continue routine monitoring with attention to changing environmental conditions.
15_1456,11.348835572826644,LOW,NORMAL,82.74798275980552,17.252017240194476,terrain_instability,29.66,rainfall_trigger,24.07,exposure,18.48,LOW,LOW,STABLE_LOW,NORMAL,No immediate escalation indicated; continue routine monitoring.
16_317,13.741717458855442,LOW,NORMAL,81.38098887134105,18.61901112865896,exposure,31.13,terrain_instability,28.37,rainfall_trigger,24.07,LOW,LOW,STABLE_LOW,NORMAL,No immediate escalation indicated; continue routine monitoring.
17_355,32.14257801065188,MODERATE,NORMAL,73.25995412267454,26.740045877325457,terrain_instability,90.67,exposure,40.97,rainfall_trigger,24.07,LOW,LOW,STABLE_LOW,NORMAL,Continue routine monitoring with attention to changing environmental conditions.
20_1290,20.189249224727348,LOW,NORMAL,83.17928146110421,16.82071853889579,terrain_instability,76.01,rainfall_trigger,24.07,exposure,17.2,LOW,LOW,STABLE_LOW,NORMAL,No immediate escalation indicated; continue routine monitoring.
20_1453,9.82624038074062,LOW,NORMAL,82.93461203961661,17.06538796038339,rainfall_trigger,24.07,terrain_instability,22.4,exposure,18.69,LOW,LOW,STABLE_LOW,NORMAL,No immediate escalation indicated; continue routine monitoring.
23_244,23.45093478186717,LOW,NORMAL,70.69120527793638,29.308794722063624,exposure,57.62,terrain_instability,27.66,rainfall_trigger,24.07,LOW,LOW,STABLE_LOW,NORMAL,No immediate escalation indicated; continue routine monitoring.
27_1200,18.22045685742146,LOW,NORMAL,76.37087237019513,23.62912762980487,terrain_instability,65.75,rainfall_trigger,24.07,exposure,14.78,LOW,LOW,STABLE_LOW,NORMAL,No immediate escalation indicated; continue routine monitoring.
29_729,23.762381488272,LOW,NORMAL,81.45021481513726,18.549785184862746,terrain_instability,70.72,exposure,41.73,rainfall_trigger,24.07,LOW,LOW,STABLE_LOW,NORMAL,No immediate escalation indicated; continue routine monitoring.
31_874,14.369610278732534,LOW,NORMAL,81.61423562458779,18.385764375412208,terrain_instability,35.39,exposure,26.82,rainfall_trigger,24.07,LOW,LOW,STABLE_LOW,NORMAL,No immediate escalation indicated; continue routine monitoring.
31_1025,11.416028342957954,LOW,NORMAL,82.97996823196048,17.020031768039516,terrain_instability,28.75,rainfall_trigger,24.07,exposure,20.99,LOW,LOW,STABLE_LOW,NORMAL,No immediate escalation indicated; continue routine monitoring.
32_1418,16.26686717934626,LOW,NORMAL,83.17597567598025,16.824024324019746,terrain_instability,55.93,rainfall_trigger,24.07,exposure,17.8,LOW,LOW,STABLE_LOW,NORMAL,No immediate escalation indicated; continue routine monitoring.
33_13,39.23121204044806,MODERATE,NORMAL,48.32012356944993,51.67987643055007,exposure,53.05,terrain_instability,48.46,susceptibility,42.61,LOW,LOW,STABLE_LOW,NORMAL,Continue routine monitoring with attention to changing environmental conditions.
33_708,21.095931958801263,LOW,NORMAL,82.9924302214348,17.0075697785652,terrain_instability,72.86,exposure,26.76,rainfall_trigger,24.07,LOW,LOW,STABLE_LOW,NORMAL,No immediate escalation indicated; continue routine monitoring.
39_194,20.80260600243616,LOW,NORMAL,72.5378972223556,27.462102777644404,exposure,54.9,rainfall_trigger,24.07,terrain_instability,21.54,LOW,LOW,STABLE_LOW,NORMAL,No immediate escalation indicated; continue routine monitoring.
40_15,20.50305075540839,LOW,NORMAL,75.58202051013501,24.41797948986499,exposure,49.28,terrain_instability,32.63,rainfall_trigger,24.07,LOW,LOW,STABLE_LOW,NORMAL,No immediate escalation indicated; continue routine monitoring.
41_966,26.922990013322888,MODERATE,NORMAL,73.50770190302626,26.49229809697374,terrain_instability,83.42,exposure,38.74,rainfall_trigger,24.07,LOW,LOW,STABLE_LOW,NORMAL,Continue routine monitoring with attention to changing environmental conditions.
44_642,20.163835895192957,LOW,NORMAL,79.74784430734888,20.252155692651115,exposure,50.68,terrain_instability,41.33,rainfall_trigger,24.07,LOW,LOW,STABLE_LOW,NORMAL,No immediate escalation indicated; continue routine monitoring.
44_777,24.71487950320368,LOW,NORMAL,81.91340424740882,18.08659575259118,terrain_instability,89.15,exposure,25.2,rainfall_trigger,24.07,LOW,LOW,STABLE_LOW,NORMAL,No immediate escalation indicated; continue routine monitoring.
44_843,18.60137425645544,LOW,NORMAL,82.98577729403841,17.014222705961586,terrain_instability,57.3,exposure,30.84,rainfall_trigger,24.07,LOW,LOW,STABLE_LOW,NORMAL,No immediate escalation indicated; continue routine monitoring.
44_1523,18.356576714749764,LOW,NORMAL,75.10772966264258,24.892270337357417,exposure,53.51,rainfall_trigger,24.07,terrain_instability,17.41,LOW,LOW,STABLE_LOW,NORMAL,No immediate escalation indicated; continue routine monitoring.
47_1039,11.670178136657947,LOW,NORMAL,77.17479827305938,22.82520172694062,terrain_instability,26.78,exposure,26.03,rainfall_trigger,24.07,LOW,LOW,STABLE_LOW,NORMAL,No immediate escalation indicated; continue routine monitoring.
51_586,25.16234793307924,MODERATE,NORMAL,76.65944113020225,23.340558869797743,terrain_instability,93.42,exposure,25.22,rainfall_trigger,24.07,LOW,LOW,STABLE_LOW,NORMAL,Continue routine monitoring with attention to changing environmental conditions.
51_1520,13.36719469842689,LOW,NORMAL,82.03069103966794,17.969308960332057,exposure,44.31,rainfall_trigger,24.07,terrain_instability,18.41,LOW,LOW,STABLE_LOW,NORMAL,No immediate escalation indicated; continue routine monitoring.
52_235,32.34850150223166,MODERATE,NORMAL,57.2407433414203,42.7592566585797,exposure,56.29,terrain_instability,36.15,susceptibility,31.7,LOW,LOW,STABLE_LOW,NORMAL,Continue routine monitoring with attention to changing environmental conditions.
53_566,32.01024663472183,MODERATE,NORMAL,53.83474530905151,46.16525469094849,exposure,52.35,susceptibility,35.87,terrain_instability,28.05,LOW,LOW,STABLE_LOW,NORMAL,Continue routine monitoring with attention to changing environmental conditions.
53_801,20.949825735662444,LOW,NORMAL,83.12653166852391,16.87346833147609,terrain_instability,74.86,rainfall_trigger,24.07,exposure,23.61,LOW,LOW,STABLE_LOW,NORMAL,No immediate escalation indicated; continue routine monitoring.
59_1544,12.911930667997114,LOW,NORMAL,82.17070022723794,17.829299772762056,exposure,41.39,rainfall_trigger,24.07,terrain_instability,18.7,LOW,LOW,STABLE_LOW,NORMAL,No immediate escalation indicated; continue routine monitoring.
61_1203,13.276906823988664,LOW,NORMAL,83.17597567598025,16.824024324019746,terrain_instability,42.89,rainfall_trigger,24.07,exposure,15.26,LOW,LOW,STABLE_LOW,NORMAL,No immediate escalation indicated; continue routine monitoring.
62_218,57.39934535637536,HIGH,WATCH,71.17669331262896,28.823306687371044,susceptibility,75.33,terrain_instability,64.02,exposure,55.27,LOW,LOW,STABLE_LOW,NORMAL,"Maintain enhanced monitoring and review changes in rainfall, soil wetness and neighboring risk."
62_993,20.32620877071848,LOW,NORMAL,72.87154312191058,27.128456878089423,exposure,49.73,rainfall_trigger,24.07,terrain_instability,23.95,LOW,LOW,STABLE_LOW,NORMAL,No immediate escalation indicated; continue routine monitoring.
62_1076,13.565581359461744,LOW,NORMAL,82.69986320812433,17.300136791875673,terrain_instability,34.71,exposure,26.35,rainfall_trigger,24.07,LOW,LOW,STABLE_LOW,NORMAL,No immediate escalation indicated; continue routine monitoring.
67_1132,11.019291989564037,LOW,NORMAL,83.17928146110421,16.82071853889579,terrain_instability,29.81,rainfall_trigger,24.07,exposure,17.66,LOW,LOW,STABLE_LOW,NORMAL,No immediate escalation indicated; continue routine monitoring.
69_27,36.955369011907685,MODERATE,NORMAL,47.86202323468321,52.13797676531679,exposure,64.91,susceptibility,43.17,terrain_instability,26.93,LOW,LOW,STABLE_LOW,NORMAL,Continue routine monitoring with attention to changing environmental conditions.
70_593,12.878141259974615,LOW,NORMAL,82.5479827598055,17.452017240194493,terrain_instability,31.05,exposure,26.08,rainfall_trigger,24.07,LOW,LOW,STABLE_LOW,NORMAL,No immediate escalation indicated; continue routine monitoring.
80_1256,25.08269221999952,MODERATE,NORMAL,83.02938476688934,16.970615233110664,terrain_instability,98.83,rainfall_trigger,24.07,exposure,18.84,LOW,LOW,STABLE_LOW,NORMAL,Continue routine monitoring with attention to changing environmental conditions.
83_532,28.992677878011957,MODERATE,NORMAL,74.99957609962078,25.00042390037921,terrain_instability,66.47,exposure,58.61,rainfall_trigger,24.07,LOW,LOW,STABLE_LOW,NORMAL,Continue routine monitoring with attention to changing environmental conditions.
84_1435,13.390410514260248,LOW,NORMAL,80.8952739365505,19.104726063449505,exposure,40.87,rainfall_trigger,24.07,terrain_instability,17.97,LOW,LOW,STABLE_LOW,NORMAL,No immediate escalation indicated; continue routine monitoring.
85_1002,26.59310219143465,MODERATE,NORMAL,81.4716250266296,18.528374973370404,terrain_instability,95.35,exposure,27.84,rainfall_trigger,24.07,LOW,LOW,STABLE_LOW,NORMAL,Continue routine monitoring with attention to changing environmental conditions.
87_1024,37.700876385077606,MODERATE,NORMAL,67.21582755289462,32.78417244710538,terrain_instability,94.44,exposure,50.83,rainfall_trigger,24.07,LOW,LOW,STABLE_LOW,NORMAL,Continue routine monitoring with attention to changing environmental conditions.
92_891,17.123831267050285,LOW,NORMAL,83.16925127768188,16.83074872231812,terrain_instability,55.99,rainfall_trigger,24.07,exposure,23.42,LOW,LOW,STABLE_LOW,NORMAL,No immediate escalation indicated; continue routine monitoring.
93_93,55.06894505286149,HIGH,WATCH,66.07060331563927,33.929396684360725,susceptibility,69.09,exposure,65.51,terrain_instability,58.73,LOW,LOW,STABLE_LOW,NORMAL,"Maintain enhanced monitoring and review changes in rainfall, soil wetness and neighboring risk."
93_428,14.131762955058534,LOW,NORMAL,83.0457772940384,16.954222705961598,terrain_instability,34.89,exposure,31.15,rainfall_trigger,24.07,LOW,LOW,STABLE_LOW,NORMAL,No immediate escalation indicated; continue routine monitoring.
94_580,19.992258114171957,LOW,NORMAL,81.22581446275206,18.774185537247945,terrain_instability,58.65,exposure,31.87,rainfall_trigger,24.07,LOW,LOW,STABLE_LOW,NORMAL,No immediate escalation indicated; continue routine monitoring.
96_631,23.93175950903899,LOW,NORMAL,82.6405715906509,17.359428409349107,terrain_instability,86.37,exposure,26.36,rainfall_trigger,24.07,LOW,LOW,STABLE_LOW,NORMAL,No immediate escalation indicated; continue routine monitoring.
97_1012,20.71884533651815,LOW,NORMAL,76.48801534209389,23.511984657906112,exposure,55.83,terrain_instability,31.28,rainfall_trigger,24.07,LOW,LOW,STABLE_LOW,NORMAL,No immediate escalation indicated; continue routine monitoring.
101_401,27.295894635502528,MODERATE,NORMAL,73.88971388860031,26.110286111399688,terrain_instability,66.34,exposure,43.41,rainfall_trigger,24.07,LOW,LOW,STABLE_LOW,NORMAL,Continue routine monitoring with attention to changing environmental conditions.
102_554,23.9510279155931,LOW,NORMAL,82.16336149604254,17.83663850395746,terrain_instability,70.96,exposure,45.29,rainfall_trigger,24.07,LOW,LOW,STABLE_LOW,NORMAL,No immediate escalation indicated; continue routine monitoring.
102_1442,10.809868849277445,LOW,NORMAL,83.05071003253279,16.94928996746721,terrain_instability,25.05,rainfall_trigger,24.07,exposure,22.14,LOW,LOW,STABLE_LOW,NORMAL,No immediate escalation indicated; continue routine monitoring.
104_1297,17.763818969349998,LOW,NORMAL,82.15395911222024,17.846040887779765,exposure,42.53,terrain_instability,42.06,rainfall_trigger,24.07,LOW,LOW,STABLE_LOW,NORMAL,No immediate escalation indicated; continue routine monitoring.
105_74,27.61828249110598,MODERATE,NORMAL,66.50378077730335,33.49621922269665,exposure,57.14,terrain_instability,37.33,rainfall_trigger,24.07,LOW,LOW,STABLE_LOW,NORMAL,Continue routine monitoring with attention to changing environmental conditions.
107_1391,10.567948157922528,LOW,NORMAL,83.17928146110421,16.82071853889579,terrain_instability,27.29,rainfall_trigger,24.07,exposure,18.01,LOW,LOW,STABLE_LOW,NORMAL,No immediate escalation indicated; continue routine monitoring.
110_97,28.96172042126444,MODERATE,NORMAL,60.915628127813775,39.08437187218623,exposure,69.05,susceptibility,27.21,rainfall_trigger,24.07,LOW,LOW,STABLE_LOW,NORMAL,Continue routine monitoring with attention to changing environmental conditions.
110_951,14.080103270887795,LOW,NORMAL,83.17928146110421,16.82071853889579,terrain_instability,44.39,rainfall_trigger,24.07,exposure,18.63,LOW,LOW,STABLE_LOW,NORMAL,No immediate escalation indicated; continue routine monitoring.
111_1425,14.791587660879516,LOW,NORMAL,83.17597567598025,16.824024324019746,terrain_instability,47.33,rainfall_trigger,24.07,exposure,19.44,LOW,LOW,STABLE_LOW,NORMAL,No immediate escalation indicated; continue routine monitoring.
112_1345,25.2044394964037,MODERATE,NORMAL,76.79938476688935,23.200615233110653,terrain_instability,99.57,rainfall_trigger,24.07,exposure,17.82,LOW,LOW,STABLE_LOW,NORMAL,Continue routine monitoring with attention to changing environmental conditions.
114_1106,22.288370809418677,LOW,NORMAL,82.26525281851394,17.734747181486057,terrain_instability,78.24,exposure,24.86,rainfall_trigger,24.07,LOW,LOW,STABLE_LOW,NORMAL,No immediate escalation indicated; continue routine monitoring.
118_1383,23.190931379259556,LOW,NORMAL,83.17928146110421,16.82071853889579,terrain_instability,91.15,rainfall_trigger,24.07,exposure,17.02,LOW,LOW,STABLE_LOW,NORMAL,No immediate escalation indicated; continue routine monitoring.
122_433,32.10829124174433,MODERATE,NORMAL,53.73554342003146,46.26445657996854,exposure,51.68,susceptibility,35.99,terrain_instability,28.77,LOW,LOW,STABLE_LOW,NORMAL,Continue routine monitoring with attention to changing environmental conditions.
125_958,19.06263127690461,LOW,NORMAL,76.99928146110422,23.000718538895786,terrain_instability,69.19,rainfall_trigger,24.07,exposure,18.12,LOW,LOW,STABLE_LOW,NORMAL,No immediate escalation indicated; continue routine monitoring.
126_1544,11.370707272000116,LOW,NORMAL,81.61544938409034,18.38455061590966,exposure,31.27,rainfall_trigger,24.07,terrain_instability,17.06,LOW,LOW,STABLE_LOW,NORMAL,No immediate escalation indicated; continue routine monitoring.
130_1126,26.233356530186093,MODERATE,NORMAL,82.01444379876656,17.985556201233436,terrain_instability,97.86,exposure,24.09,rainfall_trigger,24.07,LOW,LOW,STABLE_LOW,NORMAL,Continue routine monitoring with attention to changing environmental conditions.
132_516,28.573422210044647,MODERATE,NORMAL,77.01308311399679,22.98691688600321,terrain_instability,78.88,exposure,46.66,rainfall_trigger,24.07,LOW,LOW,STABLE_LOW,NORMAL,Continue routine monitoring with attention to changing environmental conditions.
134_1295,24.54410606527784,LOW,NORMAL,83.1338891821503,16.8661108178497,terrain_instability,89.08,exposure,28.64,rainfall_trigger,24.07,LOW,LOW,STABLE_LOW,NORMAL,No immediate escalation indicated; continue routine monitoring.
138_675,28.629075507896147,MODERATE,NORMAL,78.02921652603928,21.97078347396072,terrain_instability,85.29,exposure,42.2,rainfall_trigger,24.07,LOW,LOW,STABLE_LOW,NORMAL,Continue routine monitoring with attention to changing environmental conditions.
140_27,20.187816633752504,LOW,NORMAL,80.73124093166834,19.26875906833166,terrain_instability,57.79,exposure,32.5,rainfall_trigger,24.07,LOW,LOW,STABLE_LOW,NORMAL,No immediate escalation indicated; continue routine monitoring.
141_1564,10.165832829864712,LOW,NORMAL,83.17479827305938,16.82520172694062,exposure,24.66,rainfall_trigger,24.07,terrain_instability,20.28,LOW,LOW,STABLE_LOW,NORMAL,No immediate escalation indicated; continue routine monitoring.
142_942,14.796515833163337,LOW,NORMAL,76.83750069949295,23.16249930050705,terrain_instability,46.61,rainfall_trigger,24.07,exposure,19.18,LOW,LOW,STABLE_LOW,NORMAL,No immediate escalation indicated; continue routine monitoring.
149_687,21.989926251562157,LOW,NORMAL,73.57295778478054,26.42704221521946,exposure,53.05,terrain_instability,26.17,rainfall_trigger,24.07,LOW,LOW,STABLE_LOW,NORMAL,No immediate escalation indicated; continue routine monitoring.
150_686,33.78680862371266,MODERATE,NORMAL,70.246504238327,29.753495761673,terrain_instability,76.43,exposure,54.38,rainfall_trigger,24.07,LOW,LOW,STABLE_LOW,NORMAL,Continue routine monitoring with attention to changing environmental conditions.
150_1110,18.636589523931647,LOW,NORMAL,82.22516536359598,17.774834636404023,terrain_instability,55.84,exposure,30.23,rainfall_trigger,24.07,LOW,LOW,STABLE_LOW,NORMAL,No immediate escalation indicated; continue routine monitoring.
154_105,27.11696831469702,MODERATE,NORMAL,70.96407241080351,29.03592758919649,exposure,79.1,rainfall_trigger,24.07,spatial_pressure,23.36,LOW,LOW,STABLE_LOW,NORMAL,Continue routine monitoring with attention to changing environmental conditions.
156_103,34.5941683353795,MODERATE,NORMAL,55.87262115046508,44.12737884953492,exposure,76.29,susceptibility,33.38,rainfall_trigger,24.07,LOW,LOW,STABLE_LOW,NORMAL,Continue routine monitoring with attention to changing environmental conditions.
156_878,13.55600903902546,LOW,NORMAL,81.8829850862462,18.11701491375381,exposure,34.49,terrain_instability,26.3,rainfall_trigger,24.07,LOW,LOW,STABLE_LOW,NORMAL,No immediate escalation indicated; continue routine monitoring.
158_1490,10.521276094366533,LOW,NORMAL,82.94668996169453,17.05331003830547,exposure,25.01,rainfall_trigger,24.07,terrain_instability,21.17,LOW,LOW,STABLE_LOW,NORMAL,No immediate escalation indicated; continue routine monitoring.
159_757,14.406377347914503,LOW,NORMAL,82.94386433585657,17.056135664143426,terrain_instability,45.3,rainfall_trigger,24.07,exposure,18.73,LOW,LOW,STABLE_LOW,NORMAL,No immediate escalation indicated; continue routine monitoring.
160_1535,9.802284223295295,LOW,NORMAL,83.17597567598025,16.824024324019746,rainfall_trigger,24.07,exposure,23.34,terrain_instability,19.46,LOW,LOW,STABLE_LOW,NORMAL,No immediate escalation indicated; continue routine monitoring.
162_836,13.537929777259158,LOW,NORMAL,82.89700873383148,17.102991266168516,terrain_instability,40.36,rainfall_trigger,24.07,exposure,19.35,LOW,LOW,STABLE_LOW,NORMAL,No immediate escalation indicated; continue routine monitoring.
163_823,10.386359528959549,LOW,NORMAL,83.17928146110421,16.82071853889579,terrain_instability,26.33,rainfall_trigger,24.07,exposure,18.08,LOW,LOW,STABLE_LOW,NORMAL,No immediate escalation indicated; continue routine monitoring.
165_1205,17.262250884476963,LOW,NORMAL,76.94415749416208,23.05584250583792,terrain_instability,61.35,rainfall_trigger,24.07,exposure,16.36,LOW,LOW,STABLE_LOW,NORMAL,No immediate escalation indicated; continue routine monitoring.
167_997,10.044306376185803,LOW,NORMAL,77.17597567598025,22.824024324019742,terrain_instability,25.22,rainfall_trigger,24.07,exposure,17.27,LOW,LOW,STABLE_LOW,NORMAL,No immediate escalation indicated; continue routine monitoring.
169_250,21.37035674636539,LOW,NORMAL,75.72246524791294,24.277534752087064,exposure,57.6,terrain_instability,31.1,rainfall_trigger,24.07,LOW,LOW,STABLE_LOW,NORMAL,No immediate escalation indicated; continue routine monitoring.
171_726,14.421717833197748,LOW,NORMAL,82.95116190942304,17.048838090576965,terrain_instability,40.39,exposure,25.39,rainfall_trigger,24.07,LOW,LOW,STABLE_LOW,NORMAL,No immediate escalation indicated; continue routine monitoring.
173_1302,10.931039854455417,LOW,NORMAL,83.17928146110421,16.82071853889579,terrain_instability,28.17,rainfall_trigger,24.07,exposure,19.26,LOW,LOW,STABLE_LOW,NORMAL,No immediate escalation indicated; continue routine monitoring.
175_1422,12.359526202897712,LOW,NORMAL,83.17928146110421,16.82071853889579,terrain_instability,36.85,rainfall_trigger,24.07,exposure,17.2,LOW,LOW,STABLE_LOW,NORMAL,No immediate escalation indicated; continue routine monitoring.
176_65,28.64130090650612,MODERATE,NORMAL,70.41134241352806,29.58865758647194,terrain_instability,57.58,exposure,51.29,rainfall_trigger,24.07,LOW,LOW,STABLE_LOW,NORMAL,Continue routine monitoring with attention to changing environmental conditions.
177_441,18.70163823757762,LOW,NORMAL,82.60126506713488,17.398734932865125,terrain_instability,52.49,exposure,36.51,rainfall_trigger,24.07,LOW,LOW,STABLE_LOW,NORMAL,No immediate escalation indicated; continue routine monitoring.
179_140,21.15547145295812,LOW,NORMAL,72.96040031215118,27.03959968784882,exposure,49.09,terrain_instability,28.82,rainfall_trigger,24.07,LOW,LOW,STABLE_LOW,NORMAL,No immediate escalation indicated; continue routine monitoring.
179_393,19.20199071785877,LOW,NORMAL,80.62403956536392,19.375960434636085,exposure,45.6,terrain_instability,42.74,rainfall_trigger,24.07,LOW,LOW,STABLE_LOW,NORMAL,No immediate escalation indicated; continue routine monitoring.
181_409,26.554953151553207,MODERATE,NORMAL,77.67913683300505,22.32086316699496,terrain_instability,62.47,exposure,57.51,rainfall_trigger,24.07,LOW,LOW,STABLE_LOW,NORMAL,Continue routine monitoring with attention to changing environmental conditions.
182_1213,16.17646443168053,LOW,NORMAL,75.7888918507146,24.2111081492854,terrain_instability,52.67,rainfall_trigger,24.07,exposure,16.46,LOW,LOW,STABLE_LOW,NORMAL,No immediate escalation indicated; continue routine monitoring.
183_57,18.458977440250408,LOW,NORMAL,78.92192057100618,21.078079428993817,exposure,46.57,terrain_instability,33.62,rainfall_trigger,24.07,LOW,LOW,STABLE_LOW,NORMAL,No immediate escalation indicated; continue routine monitoring.
183_521,56.54807459573642,HIGH,WARNING,63.92965846111686,36.07034153888314,terrain_instability,71.1,exposure,66.72,susceptibility,66.47,LOW,LOW,STABLE_LOW,NORMAL,Increase monitoring frequency; inspect exposed roads/settlements and review current rainfall and terrain conditions.
185_39,55.08235970546647,HIGH,WATCH,69.91988499394232,30.08011500605768,exposure,75.48,susceptibility,73.79,terrain_instability,40.73,LOW,LOW,STABLE_LOW,NORMAL,"Maintain enhanced monitoring and review changes in rainfall, soil wetness and neighboring risk."
186_549,59.68555221351141,HIGH,WATCH,77.6035190187746,22.396480981225395,susceptibility,83.18,terrain_instability,59.07,exposure,53.55,LOW,LOW,STABLE_LOW,NORMAL,"Maintain enhanced monitoring and review changes in rainfall, soil wetness and neighboring risk."
186_772,20.350341383321272,LOW,NORMAL,83.13837237019513,16.86162762980487,terrain_instability,74.52,rainfall_trigger,24.07,exposure,20.11,LOW,LOW,STABLE_LOW,NORMAL,No immediate escalation indicated; continue routine monitoring.
188_63,53.63357968938642,HIGH,WATCH,68.17573844885,31.82426155115,susceptibility,71.66,exposure,66.24,terrain_instability,45.22,LOW,LOW,STABLE_LOW,NORMAL,"Maintain enhanced monitoring and review changes in rainfall, soil wetness and neighboring risk."
189_1397,16.417317672098466,LOW,NORMAL,83.0810996429224,16.918900357077604,terrain_instability,57.46,rainfall_trigger,24.07,exposure,16.43,LOW,LOW,STABLE_LOW,NORMAL,No immediate escalation indicated; continue routine monitoring.
190_534,49.43708538321306,MODERATE,NORMAL,68.43787361368948,31.562126386310524,susceptibility,71.98,exposure,56.05,terrain_instability,31.16,LOW,LOW,STABLE_LOW,NORMAL,Continue routine monitoring with attention to changing environmental conditions.
190_544,64.63582408923716,HIGH,WATCH,83.89156642937076,16.108433570629245,susceptibility,90.87,terrain_instability,66.58,exposure,53.48,LOW,LOW,STABLE_LOW,NORMAL,"Maintain enhanced monitoring and review changes in rainfall, soil wetness and neighboring risk."
191_528,68.14555913945858,HIGH,WARNING,78.59501878900097,21.404981210999026,terrain_instability,90.51,susceptibility,84.39,exposure,64.4,LOW,LOW,STABLE_LOW,NORMAL,Increase monitoring frequency; inspect exposed roads/settlements and review current rainfall and terrain conditions.
191_1609,14.269258670034466,LOW,NORMAL,81.77764881463685,18.222351185363152,exposure,45.38,rainfall_trigger,24.07,terrain_instability,21.41,LOW,LOW,STABLE_LOW,NORMAL,No immediate escalation indicated; continue routine monitoring.
193_412,70.49998032205703,HIGH,WATCH,84.1470665378886,15.852933462111396,spatial_pressure,96.5,susceptibility,91.18,exposure,69.24,LOW,LOW,STABLE_LOW,NORMAL,"Maintain enhanced monitoring and review changes in rainfall, soil wetness and neighboring risk."
194_1163,11.403714668346051,LOW,NORMAL,83.12473600655878,16.875263993441223,terrain_instability,31.56,rainfall_trigger,24.07,exposure,17.69,LOW,LOW,STABLE_LOW,NORMAL,No immediate escalation indicated; continue routine monitoring.
196_414,77.12334933436195,EXTREME,CRITICAL,87.95162612551633,12.048373874483673,susceptibility,95.83,spatial_pressure,94.32,terrain_instability,65.14,LOW,LOW,STABLE_LOW,NORMAL,Prioritize immediate field assessment; review nearby infrastructure and consider enhanced warning/monitoring procedures.
197_397,76.16330983354555,EXTREME,CRITICAL,85.66785306069183,14.332146939308174,spatial_pressure,98.35,susceptibility,93.04,exposure,69.84,LOW,LOW,STABLE_LOW,NORMAL,Prioritize immediate field assessment; review nearby infrastructure and consider enhanced warning/monitoring procedures.
197_413,69.4502350706924,HIGH,WATCH,85.57031341673508,14.429686583264925,spatial_pressure,95.59,susceptibility,92.92,exposure,61.81,LOW,LOW,STABLE_LOW,NORMAL,"Maintain enhanced monitoring and review changes in rainfall, soil wetness and neighboring risk."
198_373,26.92043123614768,MODERATE,NORMAL,74.72523623408101,25.27476376591899,terrain_instability,65.12,exposure,45.59,rainfall_trigger,24.07,LOW,LOW,STABLE_LOW,NORMAL,Continue routine monitoring with attention to changing environmental conditions.
198_399,82.33650544123824,EXTREME,CRITICAL,91.03288314552334,8.967116854476657,susceptibility,99.6,spatial_pressure,97.81,terrain_instability,77.97,LOW,LOW,STABLE_LOW,NORMAL,Prioritize immediate field assessment; review nearby infrastructure and consider enhanced warning/monitoring procedures.
199_37,17.436439839476762,LOW,NORMAL,78.4244933045967,21.575506695403305,exposure,47.99,terrain_instability,26.07,rainfall_trigger,24.07,LOW,LOW,STABLE_LOW,NORMAL,No immediate escalation indicated; continue routine monitoring.
199_399,71.51795734685098,HIGH,WATCH,86.02742766612201,13.972572333877991,spatial_pressure,98.31,susceptibility,93.48,exposure,64.59,LOW,LOW,STABLE_LOW,NORMAL,"Maintain enhanced monitoring and review changes in rainfall, soil wetness and neighboring risk."
199_400,83.41208523033444,EXTREME,CRITICAL,90.99629223643242,9.003707763567576,susceptibility,99.55,spatial_pressure,97.83,terrain_instability,82.58,LOW,LOW,STABLE_LOW,NORMAL,Prioritize immediate field assessment; review nearby infrastructure and consider enhanced warning/monitoring procedures.
199_415,67.31839826229552,HIGH,WATCH,82.57914445996644,17.420855540033557,spatial_pressure,96.5,susceptibility,89.26,exposure,60.94,LOW,LOW,STABLE_LOW,NORMAL,"Maintain enhanced monitoring and review changes in rainfall, soil wetness and neighboring risk."
199_995,23.507304623284966,LOW,NORMAL,77.17928146110421,22.82071853889579,terrain_instability,93.6,rainfall_trigger,24.07,exposure,15.86,LOW,LOW,STABLE_LOW,NORMAL,No immediate escalation indicated; continue routine monitoring.
200_397,71.91432909601062,HIGH,WATCH,84.95426042529053,15.045739574709472,spatial_pressure,98.48,susceptibility,92.17,exposure,63.71,LOW,LOW,STABLE_LOW,NORMAL,"Maintain enhanced monitoring and review changes in rainfall, soil wetness and neighboring risk."
200_550,67.14466803577852,HIGH,WARNING,82.93646070461018,17.063539295389816,susceptibility,89.7,terrain_instability,82.74,exposure,52.16,LOW,LOW,STABLE_LOW,NORMAL,Increase monitoring frequency; inspect exposed roads/settlements and review current rainfall and terrain conditions.
201_401,77.39451959151043,EXTREME,CRITICAL,88.15859822652672,11.84140177347328,spatial_pressure,98.11,susceptibility,96.08,exposure,63.96,LOW,LOW,STABLE_LOW,NORMAL,Prioritize immediate field assessment; review nearby infrastructure and consider enhanced warning/monitoring procedures.
202_1166,10.173983981219791,LOW,NORMAL,83.12473600655878,16.875263993441223,terrain_instability,25.6,rainfall_trigger,24.07,exposure,17.44,LOW,LOW,STABLE_LOW,NORMAL,No immediate escalation indicated; continue routine monitoring.
202_1269,11.65325504679296,LOW,NORMAL,83.03279385779844,16.96720614220156,terrain_instability,32.72,rainfall_trigger,24.07,exposure,17.48,LOW,LOW,STABLE_LOW,NORMAL,No immediate escalation indicated; continue routine monitoring.
203_393,77.55343354094914,EXTREME,CRITICAL,89.08694789156756,10.91305210843244,susceptibility,97.22,spatial_pressure,97.19,terrain_instability,62.76,LOW,LOW,STABLE_LOW,NORMAL,Prioritize immediate field assessment; review nearby infrastructure and consider enhanced warning/monitoring procedures.
204_389,77.72475295768939,EXTREME,CRITICAL,89.3314334060531,10.668566593946906,spatial_pressure,98.05,susceptibility,97.52,exposure,62.29,LOW,LOW,STABLE_LOW,NORMAL,Prioritize immediate field assessment; review nearby infrastructure and consider enhanced warning/monitoring procedures.
204_786,14.756685880317113,LOW,NORMAL,82.54972420018332,17.45027579981668,exposure,36.45,terrain_instability,32.68,rainfall_trigger,24.07,LOW,LOW,STABLE_LOW,NORMAL,No immediate escalation indicated; continue routine monitoring.
206_941,22.620587545471857,LOW,NORMAL,77.0810996429224,22.918900357077604,terrain_instability,87.83,rainfall_trigger,24.07,exposure,17.29,LOW,LOW,STABLE_LOW,NORMAL,No immediate escalation indicated; continue routine monitoring.
206_1313,12.602660162804604,LOW,NORMAL,83.12473600655878,16.875263993441223,terrain_instability,38.59,rainfall_trigger,24.07,exposure,16.31,LOW,LOW,STABLE_LOW,NORMAL,No immediate escalation indicated; continue routine monitoring.
207_398,63.26627561788249,HIGH,WATCH,85.63828507618823,14.361714923811777,susceptibility,93.0,exposure,56.99,terrain_instability,52.3,LOW,LOW,STABLE_LOW,NORMAL,"Maintain enhanced monitoring and review changes in rainfall, soil wetness and neighboring risk."
207_551,71.48090447828386,HIGH,WATCH,87.24898414258362,12.751015857416377,spatial_pressure,97.7,susceptibility,94.97,exposure,51.51,LOW,LOW,STABLE_LOW,NORMAL,"Maintain enhanced monitoring and review changes in rainfall, soil wetness and neighboring risk."
208_541,81.56613132741388,EXTREME,CRITICAL,89.10386330201285,10.896136697987146,spatial_pressure,98.6,susceptibility,97.24,terrain_instability,85.91,LOW,LOW,STABLE_LOW,NORMAL,Prioritize immediate field assessment; review nearby infrastructure and consider enhanced warning/monitoring procedures.
208_542,82.3149910391984,EXTREME,CRITICAL,89.33821395136346,10.661786048636545,spatial_pressure,98.54,susceptibility,97.53,terrain_instability,88.42,LOW,LOW,STABLE_LOW,NORMAL,Prioritize immediate field assessment; review nearby infrastructure and consider enhanced warning/monitoring procedures.
208_550,73.84662038700213,HIGH,WATCH,88.67650161990557,11.323498380094437,susceptibility,96.72,spatial_pressure,96.48,terrain_instability,52.75,LOW,LOW,STABLE_LOW,NORMAL,"Maintain enhanced monitoring and review changes in rainfall, soil wetness and neighboring risk."
209_1184,10.73684334890248,LOW,NORMAL,83.17928146110421,16.82071853889579,terrain_instability,29.47,rainfall_trigger,24.07,exposure,16.23,LOW,LOW,STABLE_LOW,NORMAL,No immediate escalation indicated; continue routine monitoring.
209_1258,22.863545865878628,LOW,NORMAL,83.17928146110421,16.82071853889579,terrain_instability,89.69,rainfall_trigger,24.07,exposure,16.78,LOW,LOW,STABLE_LOW,NORMAL,No immediate escalation indicated; continue routine monitoring.
209_1337,9.169825993701812,LOW,NORMAL,83.17597567598025,16.824024324019746,rainfall_trigger,24.07,terrain_instability,22.09,exposure,15.61,LOW,LOW,STABLE_LOW,NORMAL,No immediate escalation indicated; continue routine monitoring.
212_536,66.96946798592884,HIGH,WATCH,81.5264665744657,18.4735334255343,spatial_pressure,96.13,susceptibility,87.98,exposure,56.59,LOW,LOW,STABLE_LOW,NORMAL,"Maintain enhanced monitoring and review changes in rainfall, soil wetness and neighboring risk."
212_538,78.79786714477373,EXTREME,CRITICAL,89.87594122409071,10.12405877590929,susceptibility,98.18,spatial_pressure,96.05,terrain_instability,69.25,LOW,LOW,STABLE_LOW,NORMAL,Prioritize immediate field assessment; review nearby infrastructure and consider enhanced warning/monitoring procedures.
213_922,21.91145839418806,LOW,NORMAL,77.0810996429224,22.918900357077604,terrain_instability,83.94,rainfall_trigger,24.07,exposure,17.73,LOW,LOW,STABLE_LOW,NORMAL,No immediate escalation indicated; continue routine monitoring.
214_536,65.96855882115426,HIGH,WATCH,79.25140741698874,20.74859258301126,spatial_pressure,96.69,susceptibility,85.2,exposure,55.75,LOW,LOW,STABLE_LOW,NORMAL,"Maintain enhanced monitoring and review changes in rainfall, soil wetness and neighboring risk."
214_923,23.14741427451509,LOW,NORMAL,77.17597567598025,22.824024324019742,terrain_instability,90.44,rainfall_trigger,24.07,exposure,17.61,LOW,LOW,STABLE_LOW,NORMAL,No immediate escalation indicated; continue routine monitoring.
216_668,20.62784682623901,LOW,NORMAL,81.90837237019514,18.09162762980486,terrain_instability,71.0,rainfall_trigger,24.07,exposure,22.14,LOW,LOW,STABLE_LOW,NORMAL,No immediate escalation indicated; continue routine monitoring.
218_793,13.417253478289672,LOW,NORMAL,83.11395911222021,16.886040887779785,terrain_instability,32.28,exposure,30.12,rainfall_trigger,24.07,LOW,LOW,STABLE_LOW,NORMAL,No immediate escalation indicated; continue routine monitoring.
221_1601,10.13407902417297,LOW,NORMAL,83.17479827305938,16.82520172694062,rainfall_trigger,24.07,terrain_instability,22.24,exposure,21.84,LOW,LOW,STABLE_LOW,NORMAL,No immediate escalation indicated; continue routine monitoring.
222_1036,14.11502634789516,LOW,NORMAL,76.88961203961662,23.110387960383378,terrain_instability,44.21,rainfall_trigger,24.07,exposure,18.04,LOW,LOW,STABLE_LOW,NORMAL,No immediate escalation indicated; continue routine monitoring.
223_498,61.19456894918051,HIGH,WATCH,86.95540134856606,13.044598651433944,susceptibility,94.61,exposure,56.0,terrain_instability,39.06,LOW,LOW,STABLE_LOW,NORMAL,"Maintain enhanced monitoring and review changes in rainfall, soil wetness and neighboring risk."
223_591,22.80341806791187,LOW,NORMAL,82.23622684448796,17.76377315551204,terrain_instability,80.47,exposure,25.21,rainfall_trigger,24.07,LOW,LOW,STABLE_LOW,NORMAL,No immediate escalation indicated; continue routine monitoring.
224_1401,9.897469876344482,LOW,NORMAL,83.17597567598025,16.824024324019746,terrain_instability,24.29,rainfall_trigger,24.07,exposure,17.53,LOW,LOW,STABLE_LOW,NORMAL,No immediate escalation indicated; continue routine monitoring.
225_41,23.50268501737562,LOW,NORMAL,70.458168582012,29.541831417988007,exposure,47.7,terrain_instability,34.71,rainfall_trigger,24.07,LOW,LOW,STABLE_LOW,NORMAL,No immediate escalation indicated; continue routine monitoring.
225_934,19.284927509720426,LOW,NORMAL,77.09746327928603,22.902536720713968,terrain_instability,71.65,rainfall_trigger,24.07,exposure,16.68,LOW,LOW,STABLE_LOW,NORMAL,No immediate escalation indicated; continue routine monitoring.
226_699,21.325075815042915,LOW,NORMAL,83.17479827305938,16.82520172694062,terrain_instability,77.43,rainfall_trigger,24.07,exposure,22.85,LOW,LOW,STABLE_LOW,NORMAL,No immediate escalation indicated; continue routine monitoring.
227_1644,10.913817444608153,LOW,NORMAL,82.27998984363077,17.720010156369227,exposure,29.36,rainfall_trigger,24.07,terrain_instability,18.04,LOW,LOW,STABLE_LOW,NORMAL,No immediate escalation indicated; continue routine monitoring.
228_721,15.04079304815601,LOW,NORMAL,83.0874330958637,16.9125669041363,terrain_instability,45.71,rainfall_trigger,24.07,exposure,22.93,LOW,LOW,STABLE_LOW,NORMAL,No immediate escalation indicated; continue routine monitoring.
231_1310,12.38279608670865,LOW,NORMAL,83.17597567598025,16.824024324019746,terrain_instability,38.25,rainfall_trigger,24.07,exposure,15.49,LOW,LOW,STABLE_LOW,NORMAL,No immediate escalation indicated; continue routine monitoring.
234_382,64.71920284980487,HIGH,WATCH,86.34844394835687,13.651556051643126,susceptibility,93.87,exposure,61.55,terrain_instability,54.19,LOW,LOW,STABLE_LOW,NORMAL,"Maintain enhanced monitoring and review changes in rainfall, soil wetness and neighboring risk."
236_1344,10.583618940252046,LOW,NORMAL,83.10915159097435,16.89084840902565,terrain_instability,29.07,rainfall_trigger,24.07,exposure,15.49,LOW,LOW,STABLE_LOW,NORMAL,No immediate escalation indicated; continue routine monitoring.
237_46,24.05257566493517,LOW,NORMAL,79.74519545034227,20.25480454965773,terrain_instability,68.63,exposure,40.2,rainfall_trigger,24.07,LOW,LOW,STABLE_LOW,NORMAL,No immediate escalation indicated; continue routine monitoring.
240_1004,22.739574877103912,LOW,NORMAL,77.01961203961662,22.980387960383386,terrain_instability,89.32,rainfall_trigger,24.07,exposure,15.72,LOW,LOW,STABLE_LOW,NORMAL,No immediate escalation indicated; continue routine monitoring.
243_522,73.40076484313633,HIGH,WATCH,85.85661929445806,14.143380705541944,spatial_pressure,99.14,susceptibility,93.27,exposure,68.97,LOW,LOW,STABLE_LOW,NORMAL,"Maintain enhanced monitoring and review changes in rainfall, soil wetness and neighboring risk."
244_467,19.668404167075774,LOW,NORMAL,83.11382691564967,16.886173084350332,terrain_instability,69.03,rainfall_trigger,24.07,exposure,22.79,LOW,LOW,STABLE_LOW,NORMAL,No immediate escalation indicated; continue routine monitoring.
244_1007,23.110062091843503,LOW,NORMAL,76.92756658507116,23.07243341492884,terrain_instability,90.89,rainfall_trigger,24.07,exposure,15.77,LOW,LOW,STABLE_LOW,NORMAL,No immediate escalation indicated; continue routine monitoring.
244_1230,22.96112923603221,LOW,NORMAL,83.17928146110421,16.82071853889579,terrain_instability,91.47,rainfall_trigger,24.07,exposure,15.06,LOW,LOW,STABLE_LOW,NORMAL,No immediate escalation indicated; continue routine monitoring.
245_766,29.566377146621235,MODERATE,NORMAL,73.2522633108126,26.74773668918741,terrain_instability,71.92,exposure,48.76,rainfall_trigger,24.07,LOW,LOW,STABLE_LOW,NORMAL,Continue routine monitoring with attention to changing environmental conditions.
246_43,17.419133995902058,LOW,NORMAL,77.17184041819719,22.828159581802808,exposure,44.05,terrain_instability,25.49,rainfall_trigger,24.07,LOW,LOW,STABLE_LOW,NORMAL,No immediate escalation indicated; continue routine monitoring.
246_358,76.21363774428859,EXTREME,CRITICAL,89.18601456900069,10.81398543099931,spatial_pressure,98.91,susceptibility,97.34,exposure,58.3,LOW,LOW,STABLE_LOW,NORMAL,Prioritize immediate field assessment; review nearby infrastructure and consider enhanced warning/monitoring procedures.
246_1003,20.676764983137083,LOW,NORMAL,76.9214302214348,23.0785697785652,terrain_instability,78.84,rainfall_trigger,24.07,exposure,15.58,LOW,LOW,STABLE_LOW,NORMAL,No immediate escalation indicated; continue routine monitoring.
247_358,79.20385224529085,EXTREME,CRITICAL,91.0832795024132,8.916720497586809,susceptibility,99.66,spatial_pressure,98.56,terrain_instability,66.96,LOW,LOW,STABLE_LOW,NORMAL,Prioritize immediate field assessment; review nearby infrastructure and consider enhanced warning/monitoring procedures.
247_361,76.19248661709585,EXTREME,CRITICAL,88.19354737974173,11.80645262025827,spatial_pressure,99.06,susceptibility,96.13,terrain_instability,61.1,LOW,LOW,STABLE_LOW,NORMAL,Prioritize immediate field assessment; review nearby infrastructure and consider enhanced warning/monitoring procedures.
247_523,84.16187627803059,EXTREME,CRITICAL,90.3604156130558,9.639584386944192,susceptibility,98.77,spatial_pressure,98.31,terrain_instability,87.74,LOW,LOW,STABLE_LOW,NORMAL,Prioritize immediate field assessment; review nearby infrastructure and consider enhanced warning/monitoring procedures.
248_366,78.69312860959121,EXTREME,CRITICAL,89.852233794874,10.147766205126004,susceptibility,98.15,spatial_pressure,97.25,terrain_instability,66.38,LOW,LOW,STABLE_LOW,NORMAL,Prioritize immediate field assessment; review nearby infrastructure and consider enhanced warning/monitoring procedures.
248_398,69.04638897150124,HIGH,WARNING,90.45416708885271,9.545832911147272,susceptibility,98.89,terrain_instability,71.21,exposure,52.64,LOW,LOW,STABLE_LOW,NORMAL,Increase monitoring frequency; inspect exposed roads/settlements and review current rainfall and terrain conditions.
248_404,70.26862753761742,HIGH,WATCH,82.86054670394694,17.139453296053063,spatial_pressure,97.13,susceptibility,89.61,exposure,51.88,LOW,LOW,STABLE_LOW,NORMAL,"Maintain enhanced monitoring and review changes in rainfall, soil wetness and neighboring risk."
249_358,79.79901304574875,EXTREME,CRITICAL,90.06033444422465,9.939665555775347,spatial_pressure,98.93,susceptibility,98.41,terrain_instability,73.83,LOW,LOW,STABLE_LOW,NORMAL,Prioritize immediate field assessment; review nearby infrastructure and consider enhanced warning/monitoring procedures.
250_362,74.51112557926606,HIGH,WATCH,88.05626208800939,11.94373791199061,spatial_pressure,99.13,susceptibility,95.96,exposure,57.1,LOW,LOW,STABLE_LOW,NORMAL,"Maintain enhanced monitoring and review changes in rainfall, soil wetness and neighboring risk."
250_404,76.74831869223344,EXTREME,CRITICAL,87.60872923125581,12.391270768744192,spatial_pressure,95.96,susceptibility,95.41,terrain_instability,71.43,LOW,LOW,STABLE_LOW,NORMAL,Prioritize immediate field assessment; review nearby infrastructure and consider enhanced warning/monitoring procedures.
250_522,81.95100190684329,EXTREME,CRITICAL,90.79939520489252,9.200604795107466,susceptibility,99.31,spatial_pressure,99.14,terrain_instability,75.58,LOW,LOW,STABLE_LOW,NORMAL,Prioritize immediate field assessment; review nearby infrastructure and consider enhanced warning/monitoring procedures.
250_1510,10.812935869655664,LOW,NORMAL,83.17928146110421,16.82071853889579,exposure,28.71,rainfall_trigger,24.07,terrain_instability,20.49,LOW,LOW,STABLE_LOW,NORMAL,No immediate escalation indicated; continue routine monitoring.
251_407,80.21043624753871,EXTREME,CRITICAL,88.16003056332292,11.83996943667708,susceptibility,96.09,spatial_pressure,95.63,terrain_instability,87.04,LOW,LOW,STABLE_LOW,NORMAL,Prioritize immediate field assessment; review nearby infrastructure and consider enhanced warning/monitoring procedures.
251_505,73.49985261771359,HIGH,WATCH,84.94248954583864,15.05751045416136,spatial_pressure,96.84,susceptibility,92.15,exposure,70.14,LOW,LOW,STABLE_LOW,NORMAL,"Maintain enhanced monitoring and review changes in rainfall, soil wetness and neighboring risk."
251_510,72.89331150837134,HIGH,WATCH,84.56714878941636,15.432851210583635,spatial_pressure,96.9,susceptibility,91.69,exposure,70.69,LOW,LOW,STABLE_LOW,NORMAL,"Maintain enhanced monitoring and review changes in rainfall, soil wetness and neighboring risk."
252_358,82.40178849402427,EXTREME,CRITICAL,90.36411691175712,9.635883088242892,spatial_pressure,99.1,susceptibility,98.78,terrain_instability,84.78,LOW,LOW,STABLE_LOW,NORMAL,Prioritize immediate field assessment; review nearby infrastructure and consider enhanced warning/monitoring procedures.
252_509,79.08543887114715,EXTREME,CRITICAL,87.53407489495035,12.46592510504965,spatial_pressure,96.41,susceptibility,95.32,terrain_instability,69.48,LOW,LOW,STABLE_LOW,NORMAL,Prioritize immediate field assessment; review nearby infrastructure and consider enhanced warning/monitoring procedures.
252_875,19.141387172107255,LOW,NORMAL,77.03843463669575,22.96156536330425,terrain_instability,68.28,rainfall_trigger,24.07,exposure,20.0,LOW,LOW,STABLE_LOW,NORMAL,No immediate escalation indicated; continue routine monitoring.
254_507,72.95735913522596,HIGH,WATCH,88.65742236746837,11.34257763253163,susceptibility,96.69,spatial_pressure,95.82,exposure,62.02,LOW,LOW,STABLE_LOW,NORMAL,"Maintain enhanced monitoring and review changes in rainfall, soil wetness and neighboring risk."
256_365,70.80601626698139,HIGH,WARNING,91.04379223643244,8.956207763567562,susceptibility,99.61,terrain_instability,74.5,exposure,57.83,LOW,LOW,STABLE_LOW,NORMAL,Increase monitoring frequency; inspect exposed roads/settlements and review current rainfall and terrain conditions.
256_1265,9.918131391568924,LOW,NORMAL,83.17928146110421,16.82071853889579,terrain_instability,26.33,rainfall_trigger,24.07,exposure,14.96,LOW,LOW,STABLE_LOW,NORMAL,No immediate escalation indicated; continue routine monitoring.
258_206,20.406036238472677,LOW,NORMAL,75.45594917040755,24.54405082959245,exposure,54.81,terrain_instability,27.64,rainfall_trigger,24.07,LOW,LOW,STABLE_LOW,NORMAL,No immediate escalation indicated; continue routine monitoring.
258_678,12.56393407027212,LOW,NORMAL,83.12143022143479,16.878569778565208,terrain_instability,35.97,rainfall_trigger,24.07,exposure,19.53,LOW,LOW,STABLE_LOW,NORMAL,No immediate escalation indicated; continue routine monitoring.
258_1217,11.102478393597243,LOW,NORMAL,83.06688476688934,16.933115233110655,terrain_instability,32.0,rainfall_trigger,24.07,exposure,14.89,LOW,LOW,STABLE_LOW,NORMAL,No immediate escalation indicated; continue routine monitoring.
260_357,73.2819528670738,HIGH,WATCH,89.50495776179137,10.495042238208626,susceptibility,97.73,spatial_pressure,96.63,exposure,56.6,LOW,LOW,STABLE_LOW,NORMAL,"Maintain enhanced monitoring and review changes in rainfall, soil wetness and neighboring risk."
260_358,69.52656666092244,HIGH,WATCH,87.42772978824232,12.572270211757685,spatial_pressure,98.41,susceptibility,95.19,exposure,56.85,LOW,LOW,STABLE_LOW,NORMAL,"Maintain enhanced monitoring and review changes in rainfall, soil wetness and neighboring risk."
262_507,68.59535424024216,HIGH,WATCH,90.1150932568406,9.88490674315939,susceptibility,98.47,terrain_instability,64.12,exposure,60.34,LOW,LOW,STABLE_LOW,NORMAL,"Maintain enhanced monitoring and review changes in rainfall, soil wetness and neighboring risk."
262_1643,10.030578720695422,LOW,NORMAL,83.17928146110421,16.82071853889579,rainfall_trigger,24.07,terrain_instability,23.04,exposure,20.09,LOW,LOW,STABLE_LOW,NORMAL,No immediate escalation indicated; continue routine monitoring.
263_1026,18.87742665342784,LOW,NORMAL,77.09415749416206,22.90584250583794,terrain_instability,70.06,rainfall_trigger,24.07,exposure,16.07,LOW,LOW,STABLE_LOW,NORMAL,No immediate escalation indicated; continue routine monitoring.
264_864,14.44172117214096,LOW,NORMAL,76.75207100033212,23.24792899966788,terrain_instability,41.6,rainfall_trigger,24.07,exposure,23.19,LOW,LOW,STABLE_LOW,NORMAL,No immediate escalation indicated; continue routine monitoring.
264_1413,9.199770151173883,LOW,NORMAL,83.17597567598025,16.824024324019746,rainfall_trigger,24.07,terrain_instability,20.99,exposure,17.27,LOW,LOW,STABLE_LOW,NORMAL,No immediate escalation indicated; continue routine monitoring.
266_413,70.89475826618681,HIGH,WATCH,87.41282773377507,12.587172266224924,spatial_pressure,97.52,susceptibility,95.17,exposure,56.24,LOW,LOW,STABLE_LOW,NORMAL,"Maintain enhanced monitoring and review changes in rainfall, soil wetness and neighboring risk."
266_545,20.729794600640147,LOW,NORMAL,81.2275341175387,18.772465882461304,terrain_instability,56.13,exposure,40.15,rainfall_trigger,24.07,LOW,LOW,STABLE_LOW,NORMAL,No immediate escalation indicated; continue routine monitoring.
267_413,72.20697254224348,HIGH,WATCH,88.4610330353828,11.538966964617202,spatial_pressure,96.62,susceptibility,96.45,exposure,56.52,LOW,LOW,STABLE_LOW,NORMAL,"Maintain enhanced monitoring and review changes in rainfall, soil wetness and neighboring risk."
267_576,16.46174750652095,LOW,NORMAL,78.27921962175779,21.72078037824221,exposure,46.75,rainfall_trigger,24.07,terrain_instability,21.73,LOW,LOW,STABLE_LOW,NORMAL,No immediate escalation indicated; continue routine monitoring.
268_406,58.38476064370776,HIGH,WATCH,84.81279366126446,15.187206338735535,susceptibility,91.99,exposure,56.55,terrain_instability,30.49,LOW,LOW,STABLE_LOW,NORMAL,"Maintain enhanced monitoring and review changes in rainfall, soil wetness and neighboring risk."
270_329,18.640392361627327,LOW,NORMAL,73.26137572711055,26.738624272889453,exposure,44.1,rainfall_trigger,24.07,terrain_instability,20.81,LOW,LOW,STABLE_LOW,NORMAL,No immediate escalation indicated; continue routine monitoring.
271_508,69.49930026400203,HIGH,WATCH,90.93807795071814,9.06192204928186,susceptibility,99.48,terrain_instability,64.27,exposure,63.14,LOW,LOW,STABLE_LOW,NORMAL,"Maintain enhanced monitoring and review changes in rainfall, soil wetness and neighboring risk."
272_1254,10.943089956269636,LOW,NORMAL,82.82025548707824,17.179744512921758,terrain_instability,30.57,rainfall_trigger,24.07,exposure,14.82,LOW,LOW,STABLE_LOW,NORMAL,No immediate escalation indicated; continue routine monitoring.
273_523,66.08697048298004,HIGH,WATCH,88.08539049018715,11.914609509812848,susceptibility,95.99,exposure,72.31,terrain_instability,48.18,LOW,LOW,STABLE_LOW,NORMAL,"Maintain enhanced monitoring and review changes in rainfall, soil wetness and neighboring risk."
273_611,33.08643072799881,MODERATE,NORMAL,67.1768833465607,32.8231166534393,terrain_instability,74.78,exposure,46.14,rainfall_trigger,24.07,LOW,LOW,STABLE_LOW,NORMAL,Continue routine monitoring with attention to changing environmental conditions.
274_964,22.41368716237104,LOW,NORMAL,77.17597567598025,22.824024324019742,terrain_instability,88.45,rainfall_trigger,24.07,exposure,15.42,LOW,LOW,STABLE_LOW,NORMAL,No immediate escalation indicated; continue routine monitoring.
275_1336,12.710396010073769,LOW,NORMAL,83.17928146110421,16.82071853889579,terrain_instability,38.44,rainfall_trigger,24.07,exposure,17.43,LOW,LOW,STABLE_LOW,NORMAL,No immediate escalation indicated; continue routine monitoring.
277_511,68.5843328622764,HIGH,WATCH,85.64031935074036,14.359680649259644,susceptibility,93.01,exposure,77.43,terrain_instability,63.55,LOW,LOW,STABLE_LOW,NORMAL,"Maintain enhanced monitoring and review changes in rainfall, soil wetness and neighboring risk."
278_398,68.44714941669467,HIGH,WATCH,90.7696398439744,9.230360156025595,susceptibility,99.27,terrain_instability,62.84,exposure,58.66,LOW,LOW,STABLE_LOW,NORMAL,"Maintain enhanced monitoring and review changes in rainfall, soil wetness and neighboring risk."
278_421,47.50779705990944,MODERATE,NORMAL,63.75510103768255,36.24489896231745,susceptibility,66.26,exposure,55.46,terrain_instability,34.83,LOW,LOW,STABLE_LOW,NORMAL,Continue routine monitoring with attention to changing environmental conditions.
279_381,60.85790362571893,HIGH,WATCH,84.2925948232979,15.707405176702096,susceptibility,91.36,exposure,66.55,terrain_instability,36.79,LOW,LOW,STABLE_LOW,NORMAL,"Maintain enhanced monitoring and review changes in rainfall, soil wetness and neighboring risk."
279_1125,23.785421180097693,LOW,NORMAL,77.01564509746785,22.984354902532147,terrain_instability,93.89,rainfall_trigger,24.07,exposure,16.72,LOW,LOW,STABLE_LOW,NORMAL,No immediate escalation indicated; continue routine monitoring.
280_522,74.6452339554479,HIGH,WATCH,84.95693203780755,15.043067962192453,spatial_pressure,97.79,susceptibility,92.17,exposure,84.53,LOW,LOW,STABLE_LOW,NORMAL,"Maintain enhanced monitoring and review changes in rainfall, soil wetness and neighboring risk."
282_49,26.99043347365109,MODERATE,NORMAL,71.88998502759848,28.110014972401515,terrain_instability,56.65,exposure,46.96,rainfall_trigger,24.07,LOW,LOW,STABLE_LOW,NORMAL,Continue routine monitoring with attention to changing environmental conditions.
282_503,67.56666168269055,HIGH,WATCH,89.25452966858528,10.745470331414722,susceptibility,97.42,exposure,67.5,terrain_instability,55.97,LOW,LOW,STABLE_LOW,NORMAL,"Maintain enhanced monitoring and review changes in rainfall, soil wetness and neighboring risk."
282_578,68.67678633080848,HIGH,WATCH,82.45991199996999,17.54008800003001,spatial_pressure,95.58,susceptibility,89.12,exposure,63.24,LOW,LOW,STABLE_LOW,NORMAL,"Maintain enhanced monitoring and review changes in rainfall, soil wetness and neighboring risk."
282_1317,19.501387825348036,LOW,NORMAL,83.09746327928603,16.902536720713968,terrain_instability,71.8,rainfall_trigger,24.07,exposure,17.92,LOW,LOW,STABLE_LOW,NORMAL,No immediate escalation indicated; continue routine monitoring.
283_447,25.09795746435517,MODERATE,NORMAL,82.70395911222023,17.296040887779768,terrain_instability,91.14,exposure,28.0,rainfall_trigger,24.07,LOW,LOW,STABLE_LOW,NORMAL,Continue routine monitoring with attention to changing environmental conditions.
283_522,84.45754856427473,EXTREME,CRITICAL,88.77907489495041,11.220925105049588,susceptibility,96.84,spatial_pressure,94.52,exposure,84.36,LOW,LOW,STABLE_LOW,NORMAL,Prioritize immediate field assessment; review nearby infrastructure and consider enhanced warning/monitoring procedures.
283_560,62.09772374377172,HIGH,WATCH,84.37363709911557,15.62636290088443,susceptibility,91.46,exposure,65.41,terrain_instability,43.62,LOW,LOW,STABLE_LOW,NORMAL,"Maintain enhanced monitoring and review changes in rainfall, soil wetness and neighboring risk."
283_573,78.85558883032404,EXTREME,CRITICAL,89.2000419009174,10.799958099082602,susceptibility,97.36,spatial_pressure,94.09,exposure,68.89,LOW,LOW,STABLE_LOW,NORMAL,Prioritize immediate field assessment; review nearby infrastructure and consider enhanced warning/monitoring procedures.
283_574,74.53087844998547,HIGH,WATCH,87.37813038491498,12.621869615085018,susceptibility,95.13,spatial_pressure,94.98,exposure,69.06,LOW,LOW,STABLE_LOW,NORMAL,"Maintain enhanced monitoring and review changes in rainfall, soil wetness and neighboring risk."
283_575,64.36143712365013,HIGH,WATCH,75.24904945017575,24.750950549824253,spatial_pressure,96.46,susceptibility,80.31,exposure,67.44,LOW,LOW,STABLE_LOW,NORMAL,"Maintain enhanced monitoring and review changes in rainfall, soil wetness and neighboring risk."
283_1089,23.93530717869107,LOW,NORMAL,77.17597567598025,22.824024324019742,terrain_instability,95.02,rainfall_trigger,24.07,exposure,16.81,LOW,LOW,STABLE_LOW,NORMAL,No immediate escalation indicated; continue routine monitoring.
283_1342,15.999745461190845,LOW,NORMAL,83.17928146110421,16.82071853889579,terrain_instability,54.26,rainfall_trigger,24.07,exposure,18.26,LOW,LOW,STABLE_LOW,NORMAL,No immediate escalation indicated; continue routine monitoring.
286_916,25.113549116626835,MODERATE,NORMAL,76.7845087338315,23.2154912661685,terrain_instability,98.64,rainfall_trigger,24.07,exposure,18.27,LOW,LOW,STABLE_LOW,NORMAL,Continue routine monitoring with attention to changing environmental conditions.
287_381,64.08456796697298,HIGH,WATCH,88.70170658115383,11.298293418846171,susceptibility,96.75,exposure,55.92,terrain_instability,48.76,LOW,LOW,STABLE_LOW,NORMAL,"Maintain enhanced monitoring and review changes in rainfall, soil wetness and neighboring risk."
287_575,72.04663119266982,HIGH,WATCH,83.9594133074134,16.0405866925866,spatial_pressure,95.58,susceptibility,90.95,exposure,69.37,LOW,LOW,STABLE_LOW,NORMAL,"Maintain enhanced monitoring and review changes in rainfall, soil wetness and neighboring risk."
287_915,25.123696700064343,MODERATE,NORMAL,76.96256068188345,23.037439318116554,terrain_instability,99.03,rainfall_trigger,24.07,exposure,18.38,LOW,LOW,STABLE_LOW,NORMAL,Continue routine monitoring with attention to changing environmental conditions.
288_502,75.00390506730277,EXTREME,CRITICAL,90.18155013456268,9.818449865437316,spatial_pressure,99.71,susceptibility,98.56,exposure,65.95,LOW,LOW,STABLE_LOW,NORMAL,Prioritize immediate field assessment; review nearby infrastructure and consider enhanced warning/monitoring procedures.
289_1159,14.109861407428696,LOW,NORMAL,83.17928146110421,16.82071853889579,terrain_instability,46.92,rainfall_trigger,24.07,exposure,15.45,LOW,LOW,STABLE_LOW,NORMAL,No immediate escalation indicated; continue routine monitoring.
290_389,64.84308204663454,HIGH,WATCH,89.15863608022619,10.841363919773812,susceptibility,97.31,exposure,57.82,terrain_instability,49.88,LOW,LOW,STABLE_LOW,NORMAL,"Maintain enhanced monitoring and review changes in rainfall, soil wetness and neighboring risk."
290_496,77.2432848012545,EXTREME,CRITICAL,89.49941990220834,10.500580097791657,spatial_pressure,99.71,susceptibility,97.72,terrain_instability,62.06,LOW,LOW,STABLE_LOW,NORMAL,Prioritize immediate field assessment; review nearby infrastructure and consider enhanced warning/monitoring procedures.
290_497,81.18857315142813,EXTREME,CRITICAL,91.02303156852892,8.976968431471079,susceptibility,99.58,spatial_pressure,98.82,terrain_instability,76.37,LOW,LOW,STABLE_LOW,NORMAL,Prioritize immediate field assessment; review nearby infrastructure and consider enhanced warning/monitoring procedures.
292_192,25.78595179364716,MODERATE,NORMAL,69.83785211401126,30.162147885988745,terrain_instability,46.86,exposure,44.45,rainfall_trigger,24.07,LOW,LOW,STABLE_LOW,NORMAL,Continue routine monitoring with attention to changing environmental conditions.
292_534,76.62871528582076,EXTREME,CRITICAL,90.10914325849302,9.89085674150698,susceptibility,98.47,spatial_pressure,96.06,exposure,61.18,LOW,LOW,STABLE_LOW,NORMAL,Prioritize immediate field assessment; review nearby infrastructure and consider enhanced warning/monitoring procedures.
293_535,74.63289857117113,HIGH,WATCH,87.58991805188144,12.41008194811856,spatial_pressure,96.81,susceptibility,95.39,exposure,57.69,LOW,LOW,STABLE_LOW,NORMAL,"Maintain enhanced monitoring and review changes in rainfall, soil wetness and neighboring risk."
294_537,80.56960912496783,EXTREME,CRITICAL,90.78769833033854,9.212301669661455,susceptibility,99.3,spatial_pressure,96.44,terrain_instability,74.87,LOW,LOW,STABLE_LOW,NORMAL,Prioritize immediate field assessment; review nearby infrastructure and consider enhanced warning/monitoring procedures.
294_571,71.16515513039316,HIGH,WARNING,82.85750600929063,17.14249399070937,susceptibility,89.6,exposure,81.39,terrain_instability,81.14,LOW,LOW,STABLE_LOW,NORMAL,Increase monitoring frequency; inspect exposed roads/settlements and review current rainfall and terrain conditions.
295_538,82.11514774153953,EXTREME,CRITICAL,90.6378182104584,9.362181789541609,susceptibility,99.11,spatial_pressure,96.88,terrain_instability,82.16,LOW,LOW,STABLE_LOW,NORMAL,Prioritize immediate field assessment; review nearby infrastructure and consider enhanced warning/monitoring procedures.
295_704,24.55476786782424,LOW,NORMAL,82.94045029227306,17.059549707726944,terrain_instability,88.42,exposure,28.87,rainfall_trigger,24.07,LOW,LOW,STABLE_LOW,NORMAL,No immediate escalation indicated; continue routine monitoring.
296_126,28.868228364998583,MODERATE,NORMAL,67.8627281092573,32.137271890742696,exposure,52.34,terrain_instability,50.92,rainfall_trigger,24.07,LOW,LOW,STABLE_LOW,NORMAL,Continue routine monitoring with attention to changing environmental conditions.
296_534,64.68854529771752,HIGH,WATCH,65.96176880531807,34.03823119468193,spatial_pressure,98.92,susceptibility,68.95,terrain_instability,64.15,LOW,LOW,STABLE_LOW,NORMAL,"Maintain enhanced monitoring and review changes in rainfall, soil wetness and neighboring risk."
296_640,12.535882390922572,LOW,NORMAL,82.42506658507116,17.574933414928836,exposure,28.6,terrain_instability,27.11,rainfall_trigger,24.07,LOW,LOW,STABLE_LOW,NORMAL,No immediate escalation indicated; continue routine monitoring.
297_393,58.34133552188406,HIGH,WATCH,82.60913539904313,17.390864600956874,susceptibility,89.3,exposure,66.57,terrain_instability,28.82,LOW,LOW,STABLE_LOW,NORMAL,"Maintain enhanced monitoring and review changes in rainfall, soil wetness and neighboring risk."
297_422,77.0340629608224,EXTREME,CRITICAL,88.77368528456078,11.226314715439216,spatial_pressure,97.6,susceptibility,96.84,exposure,76.64,LOW,LOW,STABLE_LOW,NORMAL,Prioritize immediate field assessment; review nearby infrastructure and consider enhanced warning/monitoring procedures.
297_537,78.81721195020388,EXTREME,CRITICAL,88.8388045455519,11.161195454448103,spatial_pressure,96.94,susceptibility,96.92,terrain_instability,72.41,LOW,LOW,STABLE_LOW,NORMAL,Prioritize immediate field assessment; review nearby infrastructure and consider enhanced warning/monitoring procedures.
298_424,75.64926465096914,EXTREME,CRITICAL,88.55725080994449,11.442749190055508,spatial_pressure,97.78,susceptibility,96.57,exposure,77.62,LOW,LOW,STABLE_LOW,NORMAL,Prioritize immediate field assessment; review nearby infrastructure and consider enhanced warning/monitoring procedures.
300_218,57.875316180168376,HIGH,WARNING,61.4820490117427,38.5179509882573,terrain_instability,81.36,exposure,70.87,susceptibility,63.48,LOW,LOW,STABLE_LOW,NORMAL,Increase monitoring frequency; inspect exposed roads/settlements and review current rainfall and terrain conditions.
300_539,76.26293492989446,EXTREME,CRITICAL,89.17007295466118,10.82992704533882,spatial_pressure,98.82,susceptibility,97.32,exposure,59.18,LOW,LOW,STABLE_LOW,NORMAL,Prioritize immediate field assessment; review nearby infrastructure and consider enhanced warning/monitoring procedures.
301_14,14.491550127912356,LOW,NORMAL,81.8383901942683,18.1616098057317,exposure,36.81,terrain_instability,29.12,rainfall_trigger,24.07,LOW,LOW,STABLE_LOW,NORMAL,No immediate escalation indicated; continue routine monitoring.
301_608,72.07638595407285,HIGH,WARNING,82.00528866019897,17.99471133980103,susceptibility,95.9,terrain_instability,83.79,exposure,65.05,LOW,LOW,STABLE_LOW,NORMAL,Increase monitoring frequency; inspect exposed roads/settlements and review current rainfall and terrain conditions.
301_865,21.153326962565156,LOW,NORMAL,75.39094585275242,24.609054147247576,terrain_instability,61.25,exposure,36.75,rainfall_trigger,24.07,LOW,LOW,STABLE_LOW,NORMAL,No immediate escalation indicated; continue routine monitoring.
302_513,66.55691885286998,HIGH,WATCH,86.49053907311333,13.509460926886677,susceptibility,94.04,terrain_instability,63.16,exposure,61.32,LOW,LOW,STABLE_LOW,NORMAL,"Maintain enhanced monitoring and review changes in rainfall, soil wetness and neighboring risk."
302_539,76.34423612833434,EXTREME,CRITICAL,89.01210592169419,10.987894078305814,spatial_pressure,98.04,susceptibility,97.13,exposure,59.73,LOW,LOW,STABLE_LOW,NORMAL,Prioritize immediate field assessment; review nearby infrastructure and consider enhanced warning/monitoring procedures.
302_874,15.568925334028144,LOW,NORMAL,75.14436143716802,24.855638562831984,terrain_instability,38.65,exposure,28.74,rainfall_trigger,24.07,LOW,LOW,STABLE_LOW,NORMAL,No immediate escalation indicated; continue routine monitoring.
302_1466,9.401011743149294,LOW,NORMAL,83.17597567598025,16.824024324019746,rainfall_trigger,24.07,terrain_instability,20.85,exposure,18.8,LOW,LOW,STABLE_LOW,NORMAL,No immediate escalation indicated; continue routine monitoring.
304_429,58.044062971041946,HIGH,WATCH,77.95139030681125,22.04860969318875,susceptibility,83.61,exposure,76.74,terrain_instability,32.51,LOW,LOW,STABLE_LOW,NORMAL,"Maintain enhanced monitoring and review changes in rainfall, soil wetness and neighboring risk."
304_563,65.25817564837986,HIGH,WATCH,90.072764868105,9.927235131895005,susceptibility,98.42,exposure,63.39,terrain_instability,45.26,LOW,LOW,STABLE_LOW,NORMAL,"Maintain enhanced monitoring and review changes in rainfall, soil wetness and neighboring risk."
305_463,69.72831384511008,HIGH,WARNING,87.95688717358087,12.043112826419131,susceptibility,95.84,terrain_instability,73.18,exposure,63.72,LOW,LOW,STABLE_LOW,NORMAL,Increase monitoring frequency; inspect exposed roads/settlements and review current rainfall and terrain conditions.
306_907,12.873287551521663,LOW,NORMAL,77.09746327928603,22.902536720713968,terrain_instability,37.92,rainfall_trigger,24.07,exposure,18.91,LOW,LOW,STABLE_LOW,NORMAL,No immediate escalation indicated; continue routine monitoring.
308_510,68.94667457683333,HIGH,WATCH,90.98467328719984,9.015326712800174,susceptibility,99.54,terrain_instability,65.66,exposure,57.44,LOW,LOW,STABLE_LOW,NORMAL,"Maintain enhanced monitoring and review changes in rainfall, soil wetness and neighboring risk."
311_430,70.65047405841715,HIGH,WATCH,83.63210640889098,16.367893591109024,spatial_pressure,97.1,susceptibility,90.55,exposure,68.69,LOW,LOW,STABLE_LOW,NORMAL,"Maintain enhanced monitoring and review changes in rainfall, soil wetness and neighboring risk."
311_595,63.828868334747845,HIGH,WATCH,86.86759963689451,13.13240036310549,susceptibility,94.51,exposure,55.21,terrain_instability,53.07,LOW,LOW,STABLE_LOW,NORMAL,"Maintain enhanced monitoring and review changes in rainfall, soil wetness and neighboring risk."
312_430,77.73669151971467,EXTREME,CRITICAL,87.96829952701222,12.03170047298778,susceptibility,95.85,spatial_pressure,93.39,exposure,67.02,LOW,LOW,STABLE_LOW,NORMAL,Prioritize immediate field assessment; review nearby infrastructure and consider enhanced warning/monitoring procedures.
312_903,20.726927681139266,LOW,NORMAL,77.10537678545609,22.89462321454392,terrain_instability,77.13,rainfall_trigger,24.07,exposure,19.02,LOW,LOW,STABLE_LOW,NORMAL,No immediate escalation indicated; continue routine monitoring.
313_1582,10.069477987581452,LOW,NORMAL,82.93194113020225,17.068058869797753,exposure,25.7,rainfall_trigger,24.07,terrain_instability,18.35,LOW,LOW,STABLE_LOW,NORMAL,No immediate escalation indicated; continue routine monitoring.
314_442,68.80726237607401,HIGH,WATCH,90.4013826190228,9.598617380977204,susceptibility,98.82,terrain_instability,65.49,exposure,58.88,LOW,LOW,STABLE_LOW,NORMAL,"Maintain enhanced monitoring and review changes in rainfall, soil wetness and neighboring risk."
314_1575,10.55230895029576,LOW,NORMAL,82.94468196968654,17.055318030313458,exposure,29.51,rainfall_trigger,24.07,terrain_instability,17.94,LOW,LOW,STABLE_LOW,NORMAL,No immediate escalation indicated; continue routine monitoring.
315_269,45.366431862189934,MODERATE,NORMAL,58.62508504398028,41.37491495601972,susceptibility,59.99,exposure,55.02,terrain_instability,38.56,LOW,LOW,STABLE_LOW,NORMAL,Continue routine monitoring with attention to changing environmental conditions.
315_467,67.38619630076913,HIGH,WATCH,83.69463687842148,16.305363121578523,susceptibility,90.63,exposure,69.91,terrain_instability,68.55,LOW,LOW,STABLE_LOW,NORMAL,"Maintain enhanced monitoring and review changes in rainfall, soil wetness and neighboring risk."
315_505,70.50211309348525,HIGH,WARNING,90.87408444422464,9.12591555577535,susceptibility,99.4,terrain_instability,71.47,exposure,60.47,LOW,LOW,STABLE_LOW,NORMAL,Increase monitoring frequency; inspect exposed roads/settlements and review current rainfall and terrain conditions.
315_1482,10.215551642035669,LOW,NORMAL,83.14324840325298,16.856751596747017,rainfall_trigger,24.07,exposure,22.92,terrain_instability,21.75,LOW,LOW,STABLE_LOW,NORMAL,No immediate escalation indicated; continue routine monitoring.
316_50,43.36115730479847,MODERATE,NORMAL,51.38271196251624,48.61728803748376,exposure,56.68,susceptibility,51.14,terrain_instability,47.21,LOW,LOW,STABLE_LOW,NORMAL,Continue routine monitoring with attention to changing environmental conditions.
316_298,42.701183422708645,MODERATE,NORMAL,52.78233492848311,47.21766507151689,exposure,59.98,susceptibility,52.85,terrain_instability,37.58,LOW,LOW,STABLE_LOW,NORMAL,Continue routine monitoring with attention to changing environmental conditions.
317_380,63.181981379788816,HIGH,WATCH,85.23791305500782,14.762086944992175,susceptibility,92.51,exposure,66.14,terrain_instability,46.11,LOW,LOW,STABLE_LOW,NORMAL,"Maintain enhanced monitoring and review changes in rainfall, soil wetness and neighboring risk."
317_593,74.34139370012642,HIGH,WATCH,84.02434686257152,15.97565313742848,spatial_pressure,97.72,susceptibility,91.03,terrain_instability,62.61,LOW,LOW,STABLE_LOW,NORMAL,"Maintain enhanced monitoring and review changes in rainfall, soil wetness and neighboring risk."
318_526,58.53874839464973,HIGH,WATCH,75.50090034223044,24.499099657769563,susceptibility,80.61,exposure,69.06,terrain_instability,47.48,LOW,LOW,STABLE_LOW,NORMAL,"Maintain enhanced monitoring and review changes in rainfall, soil wetness and neighboring risk."
318_584,82.73163919637264,EXTREME,CRITICAL,89.09574028838047,10.904259711619533,spatial_pressure,99.73,susceptibility,97.23,terrain_instability,88.9,LOW,LOW,STABLE_LOW,NORMAL,Prioritize immediate field assessment; review nearby infrastructure and consider enhanced warning/monitoring procedures.
318_593,66.7979206439953,HIGH,WATCH,83.49654401749132,16.503455982508683,spatial_pressure,97.85,susceptibility,90.39,exposure,56.78,LOW,LOW,STABLE_LOW,NORMAL,"Maintain enhanced monitoring and review changes in rainfall, soil wetness and neighboring risk."
320_406,71.6933204269137,HIGH,WARNING,91.27814288578308,8.721857114216931,susceptibility,99.9,terrain_instability,73.04,exposure,64.83,LOW,LOW,STABLE_LOW,NORMAL,Increase monitoring frequency; inspect exposed roads/settlements and review current rainfall and terrain conditions.
320_590,78.96263046812442,EXTREME,CRITICAL,90.78221756110774,9.217782438892256,susceptibility,99.29,spatial_pressure,93.59,terrain_instability,70.65,LOW,LOW,STABLE_LOW,NORMAL,Prioritize immediate field assessment; review nearby infrastructure and consider enhanced warning/monitoring procedures.
321_1016,10.589680457208209,LOW,NORMAL,83.17597567598025,16.824024324019746,terrain_instability,29.32,rainfall_trigger,24.07,exposure,15.44,LOW,LOW,STABLE_LOW,NORMAL,No immediate escalation indicated; continue routine monitoring.
323_558,72.49923918212052,HIGH,WARNING,90.32147077354014,9.678529226459858,susceptibility,98.73,terrain_instability,75.08,exposure,70.99,LOW,LOW,STABLE_LOW,NORMAL,Increase monitoring frequency; inspect exposed roads/settlements and review current rainfall and terrain conditions.
323_585,79.88928098838882,EXTREME,CRITICAL,91.04651950915968,8.95348049084032,susceptibility,99.61,spatial_pressure,98.06,terrain_instability,69.92,LOW,LOW,STABLE_LOW,NORMAL,Prioritize immediate field assessment; review nearby infrastructure and consider enhanced warning/monitoring procedures.
324_579,71.03496011157578,HIGH,WARNING,90.52229872993892,9.477701270061075,susceptibility,98.97,terrain_instability,76.35,exposure,58.79,LOW,LOW,STABLE_LOW,NORMAL,Increase monitoring frequency; inspect exposed roads/settlements and review current rainfall and terrain conditions.
325_476,65.71016571461666,HIGH,WATCH,87.41161346977819,12.588386530221811,susceptibility,95.17,terrain_instability,58.73,exposure,58.2,LOW,LOW,STABLE_LOW,NORMAL,"Maintain enhanced monitoring and review changes in rainfall, soil wetness and neighboring risk."
328_603,68.33676201139221,HIGH,WATCH,84.25644381596877,15.743556184031236,spatial_pressure,93.84,susceptibility,91.31,exposure,53.65,LOW,LOW,STABLE_LOW,NORMAL,"Maintain enhanced monitoring and review changes in rainfall, soil wetness and neighboring risk."
328_1011,11.858820112528408,LOW,NORMAL,82.56252821435098,17.437471785649024,terrain_instability,34.07,rainfall_trigger,24.07,exposure,15.32,LOW,LOW,STABLE_LOW,NORMAL,No immediate escalation indicated; continue routine monitoring.
330_410,64.21175368412374,HIGH,WATCH,63.642679564748974,36.35732043525103,spatial_pressure,97.05,terrain_instability,66.8,susceptibility,66.12,LOW,LOW,STABLE_LOW,NORMAL,"Maintain enhanced monitoring and review changes in rainfall, soil wetness and neighboring risk."
330_497,78.85318468463753,EXTREME,CRITICAL,90.69879223643242,9.301207763567575,susceptibility,99.19,spatial_pressure,89.28,terrain_instability,71.54,LOW,LOW,STABLE_LOW,NORMAL,Prioritize immediate field assessment; review nearby infrastructure and consider enhanced warning/monitoring procedures.
331_361,81.87203551492948,EXTREME,CRITICAL,91.12199260748994,8.878007392510057,susceptibility,99.71,spatial_pressure,99.08,terrain_instability,76.35,LOW,LOW,STABLE_LOW,NORMAL,Prioritize immediate field assessment; review nearby infrastructure and consider enhanced warning/monitoring procedures.
331_600,70.31739704259564,HIGH,WATCH,84.1631144138973,15.836885586102696,spatial_pressure,93.92,susceptibility,91.2,exposure,54.88,LOW,LOW,STABLE_LOW,NORMAL,"Maintain enhanced monitoring and review changes in rainfall, soil wetness and neighboring risk."
331_1374,17.127973813053828,LOW,NORMAL,79.28975445603102,20.71024554396898,exposure,42.58,terrain_instability,30.96,rainfall_trigger,24.07,LOW,LOW,STABLE_LOW,NORMAL,No immediate escalation indicated; continue routine monitoring.
332_495,65.36192016205601,HIGH,WATCH,78.83753378529926,21.162466214700743,spatial_pressure,99.43,susceptibility,84.69,exposure,57.09,LOW,LOW,STABLE_LOW,NORMAL,"Maintain enhanced monitoring and review changes in rainfall, soil wetness and neighboring risk."
332_535,71.02627761831019,HIGH,WATCH,82.02829636866386,17.97170363133614,spatial_pressure,98.45,susceptibility,88.59,exposure,74.7,LOW,LOW,STABLE_LOW,NORMAL,"Maintain enhanced monitoring and review changes in rainfall, soil wetness and neighboring risk."
333_646,19.723823326927302,LOW,NORMAL,79.05727156064137,20.942728439358632,exposure,45.12,terrain_instability,41.41,rainfall_trigger,24.07,LOW,LOW,STABLE_LOW,NORMAL,No immediate escalation indicated; continue routine monitoring.
334_359,76.17416978901717,EXTREME,CRITICAL,90.29021587358557,9.709784126414448,spatial_pressure,99.79,susceptibility,98.69,exposure,62.11,LOW,LOW,STABLE_LOW,NORMAL,Prioritize immediate field assessment; review nearby infrastructure and consider enhanced warning/monitoring procedures.
334_406,75.17860865206639,EXTREME,CRITICAL,87.91282203016809,12.087177969831911,susceptibility,95.78,spatial_pressure,76.28,exposure,70.5,LOW,LOW,STABLE_LOW,NORMAL,Prioritize immediate field assessment; review nearby infrastructure and consider enhanced warning/monitoring procedures.
334_536,81.57639807078868,EXTREME,CRITICAL,89.55059267436661,10.449407325633388,susceptibility,97.78,spatial_pressure,92.01,terrain_instability,77.52,LOW,LOW,STABLE_LOW,NORMAL,Prioritize immediate field assessment; review nearby infrastructure and consider enhanced warning/monitoring procedures.
334_764,24.135860900718512,LOW,NORMAL,77.00473600655877,22.995263993441228,terrain_instability,90.09,exposure,24.09,rainfall_trigger,24.07,LOW,LOW,STABLE_LOW,NORMAL,No immediate escalation indicated; continue routine monitoring.
335_896,12.785597204133776,LOW,NORMAL,76.91161912344188,23.08838087655812,terrain_instability,37.88,rainfall_trigger,24.07,exposure,17.69,LOW,LOW,STABLE_LOW,NORMAL,No immediate escalation indicated; continue routine monitoring.
336_399,66.27256353596233,HIGH,WATCH,80.35505958976873,19.64494041023127,spatial_pressure,94.5,susceptibility,86.55,exposure,68.97,LOW,LOW,STABLE_LOW,NORMAL,"Maintain enhanced monitoring and review changes in rainfall, soil wetness and neighboring risk."
337_398,70.52761105937387,HIGH,WATCH,84.93609444532291,15.063905554677092,susceptibility,92.15,spatial_pressure,90.58,exposure,67.5,LOW,LOW,STABLE_LOW,NORMAL,"Maintain enhanced monitoring and review changes in rainfall, soil wetness and neighboring risk."
337_820,18.36867641918113,LOW,NORMAL,77.09415749416206,22.90584250583794,terrain_instability,65.43,rainfall_trigger,24.07,exposure,18.86,LOW,LOW,STABLE_LOW,NORMAL,No immediate escalation indicated; continue routine monitoring.
338_294,50.12911027363913,HIGH,WATCH,60.01386313754442,39.98613686245558,susceptibility,61.68,exposure,57.72,terrain_instability,56.53,LOW,LOW,STABLE_LOW,NORMAL,"Maintain enhanced monitoring and review changes in rainfall, soil wetness and neighboring risk."
338_466,77.91788972520311,EXTREME,CRITICAL,86.4395250750224,13.560474924977598,spatial_pressure,97.3,susceptibility,93.98,terrain_instability,75.68,LOW,LOW,STABLE_LOW,NORMAL,Prioritize immediate field assessment; review nearby infrastructure and consider enhanced warning/monitoring procedures.
338_513,56.23313705680823,HIGH,WATCH,81.23491987088696,18.765080129113045,susceptibility,87.62,exposure,56.34,terrain_instability,29.73,LOW,LOW,STABLE_LOW,NORMAL,"Maintain enhanced monitoring and review changes in rainfall, soil wetness and neighboring risk."
338_924,16.630505868046633,LOW,NORMAL,76.95200873383149,23.04799126616851,terrain_instability,58.39,rainfall_trigger,24.07,exposure,16.13,LOW,LOW,STABLE_LOW,NORMAL,No immediate escalation indicated; continue routine monitoring.
338_1072,24.77382384029727,LOW,NORMAL,76.86087237019514,23.13912762980486,terrain_instability,97.21,rainfall_trigger,24.07,exposure,18.33,LOW,LOW,STABLE_LOW,NORMAL,No immediate escalation indicated; continue routine monitoring.
338_1406,29.893824600999565,MODERATE,NORMAL,60.43854135095428,39.56145864904572,exposure,55.47,terrain_instability,33.29,susceptibility,27.8,LOW,LOW,STABLE_LOW,NORMAL,Continue routine monitoring with attention to changing environmental conditions.
338_1654,14.670241259804408,LOW,NORMAL,82.01566780203602,17.98433219796398,exposure,40.43,terrain_instability,27.79,rainfall_trigger,24.07,LOW,LOW,STABLE_LOW,NORMAL,No immediate escalation indicated; continue routine monitoring.
339_465,73.41630411876913,HIGH,WATCH,88.52014521246073,11.479854787539267,spatial_pressure,97.13,susceptibility,96.53,exposure,57.45,LOW,LOW,STABLE_LOW,NORMAL,"Maintain enhanced monitoring and review changes in rainfall, soil wetness and neighboring risk."
339_466,75.0720942548634,EXTREME,CRITICAL,89.71003865235417,10.289961347645828,susceptibility,97.98,spatial_pressure,97.04,exposure,57.58,LOW,LOW,STABLE_LOW,NORMAL,Prioritize immediate field assessment; review nearby infrastructure and consider enhanced warning/monitoring procedures.
339_467,78.26516597764578,EXTREME,CRITICAL,90.75703898967916,9.24296101032084,susceptibility,99.26,spatial_pressure,96.57,terrain_instability,65.53,LOW,LOW,STABLE_LOW,NORMAL,Prioritize immediate field assessment; review nearby infrastructure and consider enhanced warning/monitoring procedures.
339_490,77.05502098888746,EXTREME,CRITICAL,89.42366510028756,10.576334899712435,spatial_pressure,99.34,susceptibility,97.63,terrain_instability,60.21,LOW,LOW,STABLE_LOW,NORMAL,Prioritize immediate field assessment; review nearby infrastructure and consider enhanced warning/monitoring procedures.
339_491,82.02844343111957,EXTREME,CRITICAL,90.26104135095426,9.738958649045742,spatial_pressure,99.14,susceptibility,98.65,terrain_instability,82.07,LOW,LOW,STABLE_LOW,NORMAL,Prioritize immediate field assessment; review nearby infrastructure and consider enhanced warning/monitoring procedures.
340_465,69.42638390569161,HIGH,WATCH,86.05168367399915,13.94831632600085,spatial_pressure,97.33,susceptibility,93.51,exposure,57.79,LOW,LOW,STABLE_LOW,NORMAL,"Maintain enhanced monitoring and review changes in rainfall, soil wetness and neighboring risk."
341_486,80.24359358435493,EXTREME,CRITICAL,90.72655197669216,9.27344802330785,susceptibility,99.22,spatial_pressure,98.85,terrain_instability,71.21,LOW,LOW,STABLE_LOW,NORMAL,Prioritize immediate field assessment; review nearby infrastructure and consider enhanced warning/monitoring procedures.
342_465,62.254034231027575,HIGH,WATCH,76.03026337534487,23.969736624655127,spatial_pressure,98.15,susceptibility,81.26,exposure,53.15,LOW,LOW,STABLE_LOW,NORMAL,"Maintain enhanced monitoring and review changes in rainfall, soil wetness and neighboring risk."
342_468,69.68523148338375,HIGH,WATCH,86.71837913889168,13.281620861108324,spatial_pressure,97.28,susceptibility,94.32,exposure,54.76,LOW,LOW,STABLE_LOW,NORMAL,"Maintain enhanced monitoring and review changes in rainfall, soil wetness and neighboring risk."
343_359,66.05082243071963,HIGH,WARNING,84.36124673972135,15.638753260278648,susceptibility,91.44,terrain_instability,73.1,exposure,52.49,LOW,LOW,STABLE_LOW,NORMAL,Increase monitoring frequency; inspect exposed roads/settlements and review current rainfall and terrain conditions.
345_474,67.96426475163008,HIGH,WATCH,88.54531428581161,11.454685714188386,susceptibility,96.56,terrain_instability,68.38,exposure,56.21,LOW,LOW,STABLE_LOW,NORMAL,"Maintain enhanced monitoring and review changes in rainfall, soil wetness and neighboring risk."
346_836,21.581164327885823,LOW,NORMAL,77.12473600655878,22.875263993441223,terrain_instability,82.53,rainfall_trigger,24.07,exposure,17.58,LOW,LOW,STABLE_LOW,NORMAL,No immediate escalation indicated; continue routine monitoring.
348_1302,10.386269884676292,LOW,NORMAL,83.13506658507117,16.864933414928828,terrain_instability,27.53,rainfall_trigger,24.07,exposure,16.32,LOW,LOW,STABLE_LOW,NORMAL,No immediate escalation indicated; continue routine monitoring.
350_510,74.50041366100665,HIGH,WATCH,86.10895737778165,13.89104262221835,spatial_pressure,97.6,susceptibility,93.58,exposure,58.73,LOW,LOW,STABLE_LOW,NORMAL,"Maintain enhanced monitoring and review changes in rainfall, soil wetness and neighboring risk."
350_606,72.94152796144361,HIGH,WARNING,90.80482968735362,9.195170312646384,susceptibility,99.32,terrain_instability,75.47,exposure,71.65,LOW,LOW,STABLE_LOW,NORMAL,Increase monitoring frequency; inspect exposed roads/settlements and review current rainfall and terrain conditions.
351_413,69.66914351630781,HIGH,WATCH,90.54280640408294,9.457193595917062,susceptibility,99.0,terrain_instability,67.7,exposure,61.15,LOW,LOW,STABLE_LOW,NORMAL,"Maintain enhanced monitoring and review changes in rainfall, soil wetness and neighboring risk."
351_482,61.35612034981855,HIGH,WATCH,86.24414826472385,13.755851735276153,susceptibility,93.74,exposure,61.57,terrain_instability,37.64,LOW,LOW,STABLE_LOW,NORMAL,"Maintain enhanced monitoring and review changes in rainfall, soil wetness and neighboring risk."
351_510,74.89145531246072,HIGH,WATCH,88.9550994382967,11.0449005617033,susceptibility,97.06,spatial_pressure,96.4,exposure,58.3,LOW,LOW,STABLE_LOW,NORMAL,"Maintain enhanced monitoring and review changes in rainfall, soil wetness and neighboring risk."
353_512,73.58439892247063,HIGH,WATCH,87.57219900539631,12.427800994603686,spatial_pressure,97.24,susceptibility,95.37,exposure,59.45,LOW,LOW,STABLE_LOW,NORMAL,"Maintain enhanced monitoring and review changes in rainfall, soil wetness and neighboring risk."
355_106,19.18270169919941,LOW,NORMAL,80.08816986519025,19.911830134809748,terrain_instability,43.87,exposure,42.01,rainfall_trigger,24.07,LOW,LOW,STABLE_LOW,NORMAL,No immediate escalation indicated; continue routine monitoring.
355_852,18.8404549387394,LOW,NORMAL,77.09746327928603,22.902536720713968,terrain_instability,69.24,rainfall_trigger,24.07,exposure,16.92,LOW,LOW,STABLE_LOW,NORMAL,No immediate escalation indicated; continue routine monitoring.
356_608,50.00591588682762,HIGH,WARNING,47.61597641588936,52.38402358411064,exposure,78.14,terrain_instability,74.69,susceptibility,46.53,LOW,LOW,STABLE_LOW,NORMAL,Increase monitoring frequency; inspect exposed roads/settlements and review current rainfall and terrain conditions.
358_530,58.56662819769603,HIGH,WATCH,85.32919194677348,14.670808053226525,susceptibility,92.63,exposure,61.69,terrain_instability,26.12,LOW,LOW,STABLE_LOW,NORMAL,"Maintain enhanced monitoring and review changes in rainfall, soil wetness and neighboring risk."
358_1363,12.893261058957169,LOW,NORMAL,82.83380530397937,17.166194696020625,terrain_instability,31.46,exposure,26.68,rainfall_trigger,24.07,LOW,LOW,STABLE_LOW,NORMAL,No immediate escalation indicated; continue routine monitoring.
360_264,41.81076764681826,MODERATE,NORMAL,51.382704217867925,48.61729578213208,exposure,69.48,susceptibility,51.14,terrain_instability,29.85,LOW,LOW,STABLE_LOW,NORMAL,Continue routine monitoring with attention to changing environmental conditions.
360_519,57.1426898372783,HIGH,WATCH,82.57911340462593,17.42088659537407,susceptibility,89.26,exposure,57.88,terrain_instability,29.43,LOW,LOW,STABLE_LOW,NORMAL,"Maintain enhanced monitoring and review changes in rainfall, soil wetness and neighboring risk."
360_1070,23.205958086639622,LOW,NORMAL,81.35813033949856,18.64186966050144,terrain_instability,71.36,exposure,36.83,rainfall_trigger,24.07,LOW,LOW,STABLE_LOW,NORMAL,No immediate escalation indicated; continue routine monitoring.
363_189,29.099995436244512,MODERATE,NORMAL,70.30059206064185,29.69940793935816,terrain_instability,65.01,exposure,44.05,rainfall_trigger,24.07,LOW,LOW,STABLE_LOW,NORMAL,Continue routine monitoring with attention to changing environmental conditions.
363_966,17.773086253732224,LOW,NORMAL,76.99928146110422,23.000718538895786,terrain_instability,65.29,rainfall_trigger,24.07,exposure,14.71,LOW,LOW,STABLE_LOW,NORMAL,No immediate escalation indicated; continue routine monitoring.
364_545,58.2976906947719,HIGH,WATCH,70.78382832334017,29.216171676659823,exposure,89.25,susceptibility,74.85,terrain_instability,44.1,LOW,LOW,STABLE_LOW,NORMAL,"Maintain enhanced monitoring and review changes in rainfall, soil wetness and neighboring risk."
367_468,29.19526480835909,MODERATE,NORMAL,77.67719618635891,22.322803813641087,terrain_instability,85.59,exposure,44.28,rainfall_trigger,24.07,LOW,LOW,STABLE_LOW,NORMAL,Continue routine monitoring with attention to changing environmental conditions.
368_367,80.68829355966977,EXTREME,CRITICAL,90.95888314552334,9.041116854476655,susceptibility,99.51,spatial_pressure,98.51,terrain_instability,72.53,LOW,LOW,STABLE_LOW,NORMAL,Prioritize immediate field assessment; review nearby infrastructure and consider enhanced warning/monitoring procedures.
368_829,15.71631219510885,LOW,NORMAL,77.17597567598025,22.824024324019742,terrain_instability,54.37,rainfall_trigger,24.07,exposure,16.22,LOW,LOW,STABLE_LOW,NORMAL,No immediate escalation indicated; continue routine monitoring.
369_539,70.34750812120066,HIGH,WATCH,88.19455305315583,11.805446946844173,susceptibility,96.13,exposure,77.64,terrain_instability,65.19,LOW,LOW,STABLE_LOW,NORMAL,"Maintain enhanced monitoring and review changes in rainfall, soil wetness and neighboring risk."
370_476,21.884625228018173,LOW,NORMAL,70.29152911615823,29.70847088384177,exposure,45.98,terrain_instability,27.46,rainfall_trigger,24.07,LOW,LOW,STABLE_LOW,NORMAL,No immediate escalation indicated; continue routine monitoring.
372_119,17.37965672442332,LOW,NORMAL,80.34652547471148,19.65347452528852,terrain_instability,39.44,exposure,36.84,rainfall_trigger,24.07,LOW,LOW,STABLE_LOW,NORMAL,No immediate escalation indicated; continue routine monitoring.
372_368,83.18796087825785,EXTREME,CRITICAL,89.61895752568861,10.381042474311386,spatial_pressure,99.65,susceptibility,97.87,terrain_instability,81.59,LOW,LOW,STABLE_LOW,NORMAL,Prioritize immediate field assessment; review nearby infrastructure and consider enhanced warning/monitoring procedures.
373_448,63.59635208293233,HIGH,WATCH,82.07628271892293,17.923717281077074,susceptibility,88.65,terrain_instability,62.75,exposure,58.31,LOW,LOW,STABLE_LOW,NORMAL,"Maintain enhanced monitoring and review changes in rainfall, soil wetness and neighboring risk."
373_717,20.853418769590483,LOW,NORMAL,76.96109964292239,23.03890035707761,terrain_instability,78.57,rainfall_trigger,24.07,exposure,17.41,LOW,LOW,STABLE_LOW,NORMAL,No immediate escalation indicated; continue routine monitoring.
376_613,73.49140396767824,HIGH,WATCH,86.86990351152096,13.13009648847904,spatial_pressure,98.83,susceptibility,94.51,exposure,57.45,LOW,LOW,STABLE_LOW,NORMAL,"Maintain enhanced monitoring and review changes in rainfall, soil wetness and neighboring risk."
376_614,79.91005577072916,EXTREME,CRITICAL,89.99365612254633,10.006343877453672,susceptibility,98.33,spatial_pressure,96.16,terrain_instability,72.56,LOW,LOW,STABLE_LOW,NORMAL,Prioritize immediate field assessment; review nearby infrastructure and consider enhanced warning/monitoring procedures.
377_494,62.88445303089592,HIGH,WATCH,79.13731381248107,20.86268618751893,susceptibility,85.06,exposure,75.54,terrain_instability,54.35,LOW,LOW,STABLE_LOW,NORMAL,"Maintain enhanced monitoring and review changes in rainfall, soil wetness and neighboring risk."
377_504,61.036373053238265,HIGH,WATCH,86.45190300997857,13.548096990021437,susceptibility,94.0,exposure,61.04,terrain_instability,35.87,LOW,LOW,STABLE_LOW,NORMAL,"Maintain enhanced monitoring and review changes in rainfall, soil wetness and neighboring risk."
379_464,80.70957684160345,EXTREME,CRITICAL,90.65333769097788,9.346662309022108,spatial_pressure,99.75,susceptibility,99.13,terrain_instability,72.09,LOW,LOW,STABLE_LOW,NORMAL,Prioritize immediate field assessment; review nearby infrastructure and consider enhanced warning/monitoring procedures.
381_395,59.95420500470179,HIGH,WATCH,86.35067351118602,13.649326488813983,susceptibility,93.87,exposure,62.14,terrain_instability,29.91,LOW,LOW,STABLE_LOW,NORMAL,"Maintain enhanced monitoring and review changes in rainfall, soil wetness and neighboring risk."
381_468,80.95572727096128,EXTREME,CRITICAL,91.06756846020866,8.932431539791338,susceptibility,99.64,spatial_pressure,98.93,terrain_instability,72.17,LOW,LOW,STABLE_LOW,NORMAL,Prioritize immediate field assessment; review nearby infrastructure and consider enhanced warning/monitoring procedures.
382_638,14.66471704505372,LOW,NORMAL,82.65150851933485,17.348491480665146,terrain_instability,36.42,exposure,31.22,rainfall_trigger,24.07,LOW,LOW,STABLE_LOW,NORMAL,No immediate escalation indicated; continue routine monitoring.
383_922,10.668209968768457,LOW,NORMAL,77.17928146110421,22.82071853889579,terrain_instability,30.1,rainfall_trigger,24.07,exposure,14.94,LOW,LOW,STABLE_LOW,NORMAL,No immediate escalation indicated; continue routine monitoring.
384_469,73.52387060282236,HIGH,WATCH,87.0702622557748,12.929737744225209,spatial_pressure,99.69,susceptibility,94.75,exposure,61.07,LOW,LOW,STABLE_LOW,NORMAL,"Maintain enhanced monitoring and review changes in rainfall, soil wetness and neighboring risk."
384_549,27.25583096255721,MODERATE,NORMAL,77.08356943761358,22.916430562386424,terrain_instability,77.09,exposure,40.51,rainfall_trigger,24.07,LOW,LOW,STABLE_LOW,NORMAL,Continue routine monitoring with attention to changing environmental conditions.
384_1393,14.116593584696313,LOW,NORMAL,81.9483376909779,18.051662309022102,exposure,42.24,rainfall_trigger,24.07,terrain_instability,23.48,LOW,LOW,STABLE_LOW,NORMAL,No immediate escalation indicated; continue routine monitoring.
386_469,75.39661437148945,EXTREME,CRITICAL,90.87794623845878,9.122053761541224,susceptibility,99.41,spatial_pressure,99.07,exposure,62.42,LOW,LOW,STABLE_LOW,NORMAL,Prioritize immediate field assessment; review nearby infrastructure and consider enhanced warning/monitoring procedures.
386_471,78.80390322871324,EXTREME,CRITICAL,90.93027872291891,9.069721277081086,susceptibility,99.47,spatial_pressure,98.65,exposure,62.24,LOW,LOW,STABLE_LOW,NORMAL,Prioritize immediate field assessment; review nearby infrastructure and consider enhanced warning/monitoring procedures.
386_685,22.20931302815606,LOW,NORMAL,76.9120087338315,23.0879912661685,terrain_instability,81.8,rainfall_trigger,24.07,exposure,21.96,LOW,LOW,STABLE_LOW,NORMAL,No immediate escalation indicated; continue routine monitoring.
388_927,23.71604033053098,LOW,NORMAL,77.08178146110421,22.918218538895783,terrain_instability,95.18,rainfall_trigger,24.07,exposure,14.79,LOW,LOW,STABLE_LOW,NORMAL,No immediate escalation indicated; continue routine monitoring.
391_315,20.88564987429138,LOW,NORMAL,71.69359743123763,28.306402568762365,exposure,52.07,rainfall_trigger,24.07,terrain_instability,21.75,LOW,LOW,STABLE_LOW,NORMAL,No immediate escalation indicated; continue routine monitoring.
391_522,70.78805708907795,HIGH,WARNING,88.45658819047841,11.543411809521588,susceptibility,96.45,terrain_instability,81.77,exposure,57.5,LOW,LOW,STABLE_LOW,NORMAL,Increase monitoring frequency; inspect exposed roads/settlements and review current rainfall and terrain conditions.
393_437,69.04545647776386,HIGH,WATCH,90.0722523477497,9.927747652250304,susceptibility,98.42,terrain_instability,66.21,exposure,60.71,LOW,LOW,STABLE_LOW,NORMAL,"Maintain enhanced monitoring and review changes in rainfall, soil wetness and neighboring risk."
394_671,27.29615029365728,MODERATE,NORMAL,80.24403141703064,19.75596858296936,terrain_instability,91.24,exposure,33.5,rainfall_trigger,24.07,LOW,LOW,STABLE_LOW,NORMAL,Continue routine monitoring with attention to changing environmental conditions.
394_1262,11.426933424442003,LOW,NORMAL,82.60207366889642,17.397926331103577,terrain_instability,31.3,rainfall_trigger,24.07,exposure,16.27,LOW,LOW,STABLE_LOW,NORMAL,No immediate escalation indicated; continue routine monitoring.
394_1503,14.30552513877258,LOW,NORMAL,80.88697405461426,19.113025945385743,exposure,45.74,rainfall_trigger,24.07,terrain_instability,18.88,LOW,LOW,STABLE_LOW,NORMAL,No immediate escalation indicated; continue routine monitoring.
395_1491,9.90855797377598,LOW,NORMAL,83.17597567598025,16.824024324019746,exposure,25.23,rainfall_trigger,24.07,terrain_instability,18.57,LOW,LOW,STABLE_LOW,NORMAL,No immediate escalation indicated; continue routine monitoring.
396_198,13.684498583010258,LOW,NORMAL,81.40616690442803,18.593833095571966,exposure,37.04,rainfall_trigger,24.07,terrain_instability,23.72,LOW,LOW,STABLE_LOW,NORMAL,No immediate escalation indicated; continue routine monitoring.
396_1282,20.86182347807564,LOW,NORMAL,76.9310996429224,23.068900357077595,terrain_instability,79.15,rainfall_trigger,24.07,exposure,16.58,LOW,LOW,STABLE_LOW,NORMAL,No immediate escalation indicated; continue routine monitoring.
396_1560,16.86598141973531,LOW,NORMAL,80.46247508566148,19.53752491433852,exposure,56.09,rainfall_trigger,24.07,terrain_instability,22.75,LOW,LOW,STABLE_LOW,NORMAL,No immediate escalation indicated; continue routine monitoring.
397_969,21.87722014047602,LOW,NORMAL,77.03269055201332,22.96730944798668,terrain_instability,85.98,rainfall_trigger,24.07,exposure,14.61,LOW,LOW,STABLE_LOW,NORMAL,No immediate escalation indicated; continue routine monitoring.
398_366,69.59787824313437,HIGH,WATCH,88.87969981722372,11.120300182776276,susceptibility,96.96,exposure,70.02,terrain_instability,65.27,LOW,LOW,STABLE_LOW,NORMAL,"Maintain enhanced monitoring and review changes in rainfall, soil wetness and neighboring risk."
398_393,44.7924437378014,MODERATE,NORMAL,52.27403775201624,47.72596224798376,exposure,67.45,susceptibility,52.22,terrain_instability,43.83,LOW,LOW,STABLE_LOW,NORMAL,Continue routine monitoring with attention to changing environmental conditions.
398_514,71.31131134003066,HIGH,WARNING,89.28936416450438,10.710635835495625,susceptibility,97.47,terrain_instability,79.09,exposure,61.51,LOW,LOW,STABLE_LOW,NORMAL,Increase monitoring frequency; inspect exposed roads/settlements and review current rainfall and terrain conditions.
398_612,29.26394684237593,MODERATE,NORMAL,72.6134547129933,27.386545287006697,terrain_instability,62.96,exposure,56.34,rainfall_trigger,24.07,LOW,LOW,STABLE_LOW,NORMAL,Continue routine monitoring with attention to changing environmental conditions.
398_636,26.151842677477127,MODERATE,NORMAL,68.47677847943844,31.523221520561563,exposure,51.6,terrain_instability,39.58,rainfall_trigger,24.07,LOW,LOW,STABLE_LOW,NORMAL,Continue routine monitoring with attention to changing environmental conditions.
398_724,16.0367563444873,LOW,NORMAL,76.95291782474058,23.04708217525942,terrain_instability,54.55,rainfall_trigger,24.07,exposure,17.29,LOW,LOW,STABLE_LOW,NORMAL,No immediate escalation indicated; continue routine monitoring.
399_176,35.78774676782468,MODERATE,NORMAL,66.99635317816451,33.00364682183549,terrain_instability,76.89,exposure,60.67,rainfall_trigger,24.07,LOW,LOW,STABLE_LOW,NORMAL,Continue routine monitoring with attention to changing environmental conditions.
399_549,67.18849820563644,HIGH,WARNING,84.37069533333556,15.62930466666444,susceptibility,91.45,terrain_instability,74.58,exposure,58.07,LOW,LOW,STABLE_LOW,NORMAL,Increase monitoring frequency; inspect exposed roads/settlements and review current rainfall and terrain conditions.
400_148,53.44421668232804,HIGH,WATCH,66.79090239899718,33.209097601002824,susceptibility,69.97,exposure,57.38,terrain_instability,54.72,LOW,LOW,STABLE_LOW,NORMAL,"Maintain enhanced monitoring and review changes in rainfall, soil wetness and neighboring risk."
404_506,51.72368089116648,HIGH,WATCH,75.21849814975494,24.781501850245064,susceptibility,80.27,exposure,59.61,rainfall_trigger,24.07,LOW,LOW,STABLE_LOW,NORMAL,"Maintain enhanced monitoring and review changes in rainfall, soil wetness and neighboring risk."
405_401,62.13654808104782,HIGH,WATCH,82.77467030128516,17.225329698714845,susceptibility,89.5,exposure,70.38,terrain_instability,44.48,LOW,LOW,STABLE_LOW,NORMAL,"Maintain enhanced monitoring and review changes in rainfall, soil wetness and neighboring risk."
406_394,51.94659770188708,HIGH,WATCH,66.61395240211233,33.38604759788767,susceptibility,69.75,exposure,62.82,terrain_instability,43.64,LOW,LOW,STABLE_LOW,NORMAL,"Maintain enhanced monitoring and review changes in rainfall, soil wetness and neighboring risk."
406_456,60.19370312705063,HIGH,WATCH,85.3792070609696,14.620792939030396,susceptibility,92.69,exposure,64.99,terrain_instability,31.64,LOW,LOW,STABLE_LOW,NORMAL,"Maintain enhanced monitoring and review changes in rainfall, soil wetness and neighboring risk."
406_513,78.65168062247697,EXTREME,CRITICAL,89.76046874174534,10.239531258254658,susceptibility,98.04,spatial_pressure,97.51,terrain_instability,66.25,LOW,LOW,STABLE_LOW,NORMAL,Prioritize immediate field assessment; review nearby infrastructure and consider enhanced warning/monitoring procedures.
407_527,72.01170468000669,HIGH,WARNING,90.50119483383504,9.49880516616497,susceptibility,98.95,terrain_instability,78.44,exposure,62.61,LOW,LOW,STABLE_LOW,NORMAL,Increase monitoring frequency; inspect exposed roads/settlements and review current rainfall and terrain conditions.
407_1330,12.41249271569401,LOW,NORMAL,83.17597567598025,16.824024324019746,terrain_instability,37.35,rainfall_trigger,24.07,exposure,16.88,LOW,LOW,STABLE_LOW,NORMAL,No immediate escalation indicated; continue routine monitoring.
408_650,56.10435571510229,HIGH,WATCH,72.49871177922434,27.501288220775663,susceptibility,76.94,terrain_instability,55.6,exposure,53.01,LOW,LOW,STABLE_LOW,NORMAL,"Maintain enhanced monitoring and review changes in rainfall, soil wetness and neighboring risk."
409_488,80.97082874726225,EXTREME,CRITICAL,89.9176986365862,10.082301363413803,susceptibility,98.23,spatial_pressure,95.46,terrain_instability,71.2,LOW,LOW,STABLE_LOW,NORMAL,Prioritize immediate field assessment; review nearby infrastructure and consider enhanced warning/monitoring procedures.
409_509,78.97530492845863,EXTREME,CRITICAL,88.45600820228478,11.543991797715222,spatial_pressure,98.63,susceptibility,96.45,terrain_instability,70.87,LOW,LOW,STABLE_LOW,NORMAL,Prioritize immediate field assessment; review nearby infrastructure and consider enhanced warning/monitoring procedures.
409_663,77.5104051536246,EXTREME,CRITICAL,84.63986116750135,15.360138832498649,susceptibility,91.78,spatial_pressure,91.09,terrain_instability,80.59,LOW,LOW,STABLE_LOW,NORMAL,Prioritize immediate field assessment; review nearby infrastructure and consider enhanced warning/monitoring procedures.
410_480,73.2467492119927,HIGH,WATCH,84.70632400947224,15.29367599052776,spatial_pressure,93.52,susceptibility,91.86,exposure,71.93,LOW,LOW,STABLE_LOW,NORMAL,"Maintain enhanced monitoring and review changes in rainfall, soil wetness and neighboring risk."
410_491,81.56854095472158,EXTREME,CRITICAL,86.05698582666889,13.943014173331107,spatial_pressure,98.76,susceptibility,93.52,terrain_instability,84.97,LOW,LOW,STABLE_LOW,NORMAL,Prioritize immediate field assessment; review nearby infrastructure and consider enhanced warning/monitoring procedures.
410_662,77.91140689496193,EXTREME,CRITICAL,83.98338764102786,16.01661235897214,spatial_pressure,91.49,susceptibility,90.98,terrain_instability,83.81,LOW,LOW,STABLE_LOW,NORMAL,Prioritize immediate field assessment; review nearby infrastructure and consider enhanced warning/monitoring procedures.
410_712,21.20927526416005,LOW,NORMAL,82.97473600655877,17.02526399344123,terrain_instability,79.32,rainfall_trigger,24.07,exposure,18.83,LOW,LOW,STABLE_LOW,NORMAL,No immediate escalation indicated; continue routine monitoring.
411_386,69.08829002596465,HIGH,WATCH,86.41892630332599,13.58107369667401,spatial_pressure,97.18,susceptibility,93.96,exposure,62.23,LOW,LOW,STABLE_LOW,NORMAL,"Maintain enhanced monitoring and review changes in rainfall, soil wetness and neighboring risk."
412_399,62.42470920059856,HIGH,WATCH,86.56953859844717,13.430461401552831,susceptibility,94.14,exposure,62.98,terrain_instability,41.03,LOW,LOW,STABLE_LOW,NORMAL,"Maintain enhanced monitoring and review changes in rainfall, soil wetness and neighboring risk."
412_530,55.53371352215811,HIGH,WARNING,59.12588499568169,40.87411500431831,terrain_instability,80.32,exposure,65.29,susceptibility,60.6,LOW,LOW,STABLE_LOW,NORMAL,Increase monitoring frequency; inspect exposed roads/settlements and review current rainfall and terrain conditions.
412_660,65.40131411505168,HIGH,WATCH,73.36084655519629,26.63915344480371,spatial_pressure,93.79,susceptibility,78.0,exposure,53.19,LOW,LOW,STABLE_LOW,NORMAL,"Maintain enhanced monitoring and review changes in rainfall, soil wetness and neighboring risk."
413_231,15.865883166077277,LOW,NORMAL,80.35862539779994,19.64137460220006,exposure,46.45,terrain_instability,24.69,rainfall_trigger,24.07,LOW,LOW,STABLE_LOW,NORMAL,No immediate escalation indicated; continue routine monitoring.
413_476,81.06302014179866,EXTREME,CRITICAL,83.78413983001533,16.215860169984666,spatial_pressure,94.3,susceptibility,90.74,terrain_instability,81.5,LOW,LOW,STABLE_LOW,NORMAL,Prioritize immediate field assessment; review nearby infrastructure and consider enhanced warning/monitoring procedures.
413_656,76.10181017802027,EXTREME,CRITICAL,82.46077025841043,17.539229741589565,susceptibility,89.12,terrain_instability,84.78,spatial_pressure,84.6,LOW,LOW,STABLE_LOW,NORMAL,Prioritize immediate field assessment; review nearby infrastructure and consider enhanced warning/monitoring procedures.
413_847,21.341127156023333,LOW,NORMAL,77.17597567598025,22.824024324019742,terrain_instability,83.05,rainfall_trigger,24.07,exposure,15.48,LOW,LOW,STABLE_LOW,NORMAL,No immediate escalation indicated; continue routine monitoring.
414_365,65.77825898598773,HIGH,WATCH,88.31650676925693,11.683493230743068,susceptibility,96.28,terrain_instability,57.83,exposure,56.54,LOW,LOW,STABLE_LOW,NORMAL,"Maintain enhanced monitoring and review changes in rainfall, soil wetness and neighboring risk."
414_425,71.59828003743938,HIGH,WARNING,90.16824028838047,9.831759711619512,susceptibility,98.54,terrain_instability,81.46,exposure,57.05,LOW,LOW,STABLE_LOW,NORMAL,Increase monitoring frequency; inspect exposed roads/settlements and review current rainfall and terrain conditions.
415_392,73.53589443175383,HIGH,WATCH,90.2546020826146,9.74539791738539,susceptibility,98.65,spatial_pressure,98.35,exposure,64.09,LOW,LOW,STABLE_LOW,NORMAL,"Maintain enhanced monitoring and review changes in rainfall, soil wetness and neighboring risk."
416_384,75.01474899748746,EXTREME,CRITICAL,88.06373883423615,11.936261165763852,susceptibility,95.97,spatial_pressure,95.77,exposure,61.13,LOW,LOW,STABLE_LOW,NORMAL,Prioritize immediate field assessment; review nearby infrastructure and consider enhanced warning/monitoring procedures.
418_645,64.12974686679004,HIGH,WARNING,78.67706895970917,21.322931040290825,susceptibility,84.5,terrain_instability,78.14,exposure,53.81,LOW,LOW,STABLE_LOW,NORMAL,Increase monitoring frequency; inspect exposed roads/settlements and review current rainfall and terrain conditions.
419_394,79.37117675582513,EXTREME,CRITICAL,89.4392362776853,10.560763722314704,spatial_pressure,99.05,susceptibility,97.65,terrain_instability,67.06,LOW,LOW,STABLE_LOW,NORMAL,Prioritize immediate field assessment; review nearby infrastructure and consider enhanced warning/monitoring procedures.
419_1157,23.465473638857013,LOW,NORMAL,82.87506068188344,17.12493931811656,terrain_instability,91.91,rainfall_trigger,24.07,exposure,16.72,LOW,LOW,STABLE_LOW,NORMAL,No immediate escalation indicated; continue routine monitoring.
420_476,27.59925503954768,MODERATE,NORMAL,78.08990231526225,21.91009768473775,terrain_instability,76.5,exposure,47.27,rainfall_trigger,24.07,LOW,LOW,STABLE_LOW,NORMAL,Continue routine monitoring with attention to changing environmental conditions.
422_365,79.60899654502226,EXTREME,CRITICAL,89.70999202501594,10.290007974984064,susceptibility,97.98,spatial_pressure,92.82,terrain_instability,71.68,LOW,LOW,STABLE_LOW,NORMAL,Prioritize immediate field assessment; review nearby infrastructure and consider enhanced warning/monitoring procedures.
424_174,54.04972210046353,HIGH,WATCH,68.98113082707425,31.018869172925747,susceptibility,72.64,exposure,55.67,terrain_instability,53.01,LOW,LOW,STABLE_LOW,NORMAL,"Maintain enhanced monitoring and review changes in rainfall, soil wetness and neighboring risk."
424_402,65.3408356513017,HIGH,WATCH,87.6723293553419,12.3276706446581,susceptibility,95.49,exposure,69.86,terrain_instability,47.42,LOW,LOW,STABLE_LOW,NORMAL,"Maintain enhanced monitoring and review changes in rainfall, soil wetness and neighboring risk."
425_362,72.66655869247467,HIGH,WATCH,82.9675931738671,17.0324068261329,spatial_pressure,98.59,susceptibility,89.74,exposure,64.85,LOW,LOW,STABLE_LOW,NORMAL,"Maintain enhanced monitoring and review changes in rainfall, soil wetness and neighboring risk."
425_396,42.92873121182745,MODERATE,NORMAL,56.50430308921602,43.49569691078398,exposure,78.83,susceptibility,57.4,rainfall_trigger,24.07,LOW,LOW,STABLE_LOW,NORMAL,Continue routine monitoring with attention to changing environmental conditions.
425_431,63.92141657831796,HIGH,WATCH,85.61781414204526,14.382185857954738,susceptibility,92.98,terrain_instability,57.37,exposure,54.66,LOW,LOW,STABLE_LOW,NORMAL,"Maintain enhanced monitoring and review changes in rainfall, soil wetness and neighboring risk."
426_225,20.060498128028406,LOW,NORMAL,79.87423289307146,20.12576710692853,terrain_instability,53.54,exposure,34.17,rainfall_trigger,24.07,LOW,LOW,STABLE_LOW,NORMAL,No immediate escalation indicated; continue routine monitoring.
426_461,65.91271902101722,HIGH,WATCH,89.62338081743644,10.37661918256356,susceptibility,97.87,exposure,61.23,terrain_instability,51.39,LOW,LOW,STABLE_LOW,NORMAL,"Maintain enhanced monitoring and review changes in rainfall, soil wetness and neighboring risk."
426_780,14.008370555230403,LOW,NORMAL,76.72109964292241,23.27890035707759,terrain_instability,45.28,rainfall_trigger,24.07,exposure,15.29,LOW,LOW,STABLE_LOW,NORMAL,No immediate escalation indicated; continue routine monitoring.
427_810,10.874977185956045,LOW,NORMAL,77.06688476688934,22.93311523311065,terrain_instability,30.34,rainfall_trigger,24.07,exposure,15.57,LOW,LOW,STABLE_LOW,NORMAL,No immediate escalation indicated; continue routine monitoring.
427_1149,17.161101979548924,LOW,NORMAL,83.17597567598025,16.824024324019746,terrain_instability,61.53,rainfall_trigger,24.07,exposure,16.3,LOW,LOW,STABLE_LOW,NORMAL,No immediate escalation indicated; continue routine monitoring.
428_451,77.12415984408705,EXTREME,CRITICAL,90.46108429043404,9.53891570956597,susceptibility,98.9,spatial_pressure,95.51,exposure,61.87,LOW,LOW,STABLE_LOW,NORMAL,Prioritize immediate field assessment; review nearby infrastructure and consider enhanced warning/monitoring procedures.
428_454,68.17435564672452,HIGH,WATCH,86.11027813331415,13.889721866685846,spatial_pressure,99.23,susceptibility,93.58,exposure,61.43,LOW,LOW,STABLE_LOW,NORMAL,"Maintain enhanced monitoring and review changes in rainfall, soil wetness and neighboring risk."
429_1090,22.627522755909723,LOW,NORMAL,83.17928146110421,16.82071853889579,terrain_instability,85.44,rainfall_trigger,24.07,exposure,20.88,LOW,LOW,STABLE_LOW,NORMAL,No immediate escalation indicated; continue routine monitoring.
430_437,55.76703571657527,HIGH,WATCH,79.94912053188605,20.050879468113948,susceptibility,86.05,exposure,56.76,terrain_instability,30.62,LOW,LOW,STABLE_LOW,NORMAL,"Maintain enhanced monitoring and review changes in rainfall, soil wetness and neighboring risk."
431_493,64.62148637249004,HIGH,WATCH,88.70255235334703,11.29744764665297,susceptibility,96.75,exposure,61.51,terrain_instability,47.26,LOW,LOW,STABLE_LOW,NORMAL,"Maintain enhanced monitoring and review changes in rainfall, soil wetness and neighboring risk."
431_668,49.10675048086963,MODERATE,NORMAL,64.2643469355764,35.7356530644236,susceptibility,66.88,exposure,55.12,terrain_instability,41.68,LOW,LOW,STABLE_LOW,NORMAL,Continue routine monitoring with attention to changing environmental conditions.
435_1590,20.743324044920197,LOW,NORMAL,73.61788314552334,26.382116854476664,exposure,63.64,rainfall_trigger,24.07,terrain_instability,17.65,LOW,LOW,STABLE_LOW,NORMAL,No immediate escalation indicated; continue routine monitoring.
437_491,62.39450844127935,HIGH,WATCH,89.04693756333944,10.95306243666056,susceptibility,97.17,exposure,60.19,terrain_instability,36.16,LOW,LOW,STABLE_LOW,NORMAL,"Maintain enhanced monitoring and review changes in rainfall, soil wetness and neighboring risk."
441_401,54.009425031104605,HIGH,WATCH,61.18930859173493,38.81069140826507,exposure,80.77,susceptibility,63.12,terrain_instability,55.41,LOW,LOW,STABLE_LOW,NORMAL,"Maintain enhanced monitoring and review changes in rainfall, soil wetness and neighboring risk."
443_1108,20.161448477680157,LOW,NORMAL,83.17928146110421,16.82071853889579,terrain_instability,76.18,rainfall_trigger,24.07,exposure,16.78,LOW,LOW,STABLE_LOW,NORMAL,No immediate escalation indicated; continue routine monitoring.
445_369,80.16856851143925,EXTREME,CRITICAL,89.67436041825061,10.325639581749384,susceptibility,97.94,spatial_pressure,96.43,terrain_instability,75.32,LOW,LOW,STABLE_LOW,NORMAL,Prioritize immediate field assessment; review nearby infrastructure and consider enhanced warning/monitoring procedures.
445_447,61.99169706453964,HIGH,WATCH,83.83860811446155,16.16139188553845,susceptibility,90.8,exposure,54.33,terrain_instability,52.87,LOW,LOW,STABLE_LOW,NORMAL,"Maintain enhanced monitoring and review changes in rainfall, soil wetness and neighboring risk."
446_347,58.18785656753366,HIGH,WATCH,79.8083081750393,20.1916918249607,susceptibility,85.88,exposure,56.91,terrain_instability,43.0,LOW,LOW,STABLE_LOW,NORMAL,"Maintain enhanced monitoring and review changes in rainfall, soil wetness and neighboring risk."
446_365,73.47898020872879,HIGH,WATCH,87.19696974557127,12.803030254428734,spatial_pressure,97.85,susceptibility,94.91,exposure,65.9,LOW,LOW,STABLE_LOW,NORMAL,"Maintain enhanced monitoring and review changes in rainfall, soil wetness and neighboring risk."
447_1052,13.634112693001915,LOW,NORMAL,82.84519055201332,17.15480944798668,terrain_instability,41.55,rainfall_trigger,24.07,exposure,18.14,LOW,LOW,STABLE_LOW,NORMAL,No immediate escalation indicated; continue routine monitoring.
448_373,70.1606155088722,HIGH,WATCH,87.1690501345627,12.830949865437304,spatial_pressure,98.65,susceptibility,94.87,exposure,61.79,LOW,LOW,STABLE_LOW,NORMAL,"Maintain enhanced monitoring and review changes in rainfall, soil wetness and neighboring risk."
448_377,75.53309640468176,EXTREME,CRITICAL,89.83237377797352,10.167626222026485,susceptibility,98.13,spatial_pressure,96.41,exposure,60.15,LOW,LOW,STABLE_LOW,NORMAL,Prioritize immediate field assessment; review nearby infrastructure and consider enhanced warning/monitoring procedures.
448_400,83.48449972095167,EXTREME,CRITICAL,88.39467181140296,11.605328188597042,susceptibility,96.37,spatial_pressure,95.88,terrain_instability,82.56,LOW,LOW,STABLE_LOW,NORMAL,Prioritize immediate field assessment; review nearby infrastructure and consider enhanced warning/monitoring procedures.
449_361,72.61343477330558,HIGH,WATCH,86.78978996643625,13.210210033563754,spatial_pressure,96.44,susceptibility,94.41,exposure,62.16,LOW,LOW,STABLE_LOW,NORMAL,"Maintain enhanced monitoring and review changes in rainfall, soil wetness and neighboring risk."
449_400,80.35501161804908,EXTREME,CRITICAL,87.88934713607827,12.110652863921729,spatial_pressure,96.19,susceptibility,95.75,exposure,77.05,LOW,LOW,STABLE_LOW,NORMAL,Prioritize immediate field assessment; review nearby infrastructure and consider enhanced warning/monitoring procedures.
449_1054,11.204440517312545,LOW,NORMAL,83.06688476688934,16.933115233110655,terrain_instability,29.66,rainfall_trigger,24.07,exposure,18.49,LOW,LOW,STABLE_LOW,NORMAL,No immediate escalation indicated; continue routine monitoring.
450_489,67.55626557850934,HIGH,WATCH,78.0963181409884,21.9036818590116,spatial_pressure,97.6,susceptibility,83.79,terrain_instability,50.55,LOW,LOW,STABLE_LOW,NORMAL,"Maintain enhanced monitoring and review changes in rainfall, soil wetness and neighboring risk."
450_532,19.74182501740012,LOW,NORMAL,80.61332437471233,19.386675625287666,terrain_instability,47.16,exposure,42.45,rainfall_trigger,24.07,LOW,LOW,STABLE_LOW,NORMAL,No immediate escalation indicated; continue routine monitoring.
450_1086,17.44530219212768,LOW,NORMAL,83.12473600655878,16.875263993441223,terrain_instability,57.35,rainfall_trigger,24.07,exposure,23.58,LOW,LOW,STABLE_LOW,NORMAL,No immediate escalation indicated; continue routine monitoring.
451_746,22.67875441137356,LOW,NORMAL,82.97746327928604,17.02253672071396,terrain_instability,88.64,rainfall_trigger,24.07,exposure,16.21,LOW,LOW,STABLE_LOW,NORMAL,No immediate escalation indicated; continue routine monitoring.
452_484,77.99225614338665,EXTREME,CRITICAL,88.56320827493937,11.43679172506063,susceptibility,96.58,spatial_pressure,88.65,terrain_instability,74.3,LOW,LOW,STABLE_LOW,NORMAL,Prioritize immediate field assessment; review nearby infrastructure and consider enhanced warning/monitoring procedures.
452_495,80.1068083046416,EXTREME,CRITICAL,88.20239363503383,11.797606364966173,spatial_pressure,96.31,susceptibility,96.14,terrain_instability,85.82,LOW,LOW,STABLE_LOW,NORMAL,Prioritize immediate field assessment; review nearby infrastructure and consider enhanced warning/monitoring procedures.
452_529,16.132966084454463,LOW,NORMAL,81.75976384433363,18.240236155666366,terrain_instability,37.7,exposure,34.56,rainfall_trigger,24.07,LOW,LOW,STABLE_LOW,NORMAL,No immediate escalation indicated; continue routine monitoring.
452_784,22.032901804522723,LOW,NORMAL,77.17928146110421,22.82071853889579,terrain_instability,85.92,rainfall_trigger,24.07,exposure,16.27,LOW,LOW,STABLE_LOW,NORMAL,No immediate escalation indicated; continue routine monitoring.
453_391,73.00473532126874,HIGH,WARNING,89.19514255630281,10.804857443697188,susceptibility,97.35,terrain_instability,80.7,exposure,71.0,LOW,LOW,STABLE_LOW,NORMAL,Increase monitoring frequency; inspect exposed roads/settlements and review current rainfall and terrain conditions.
453_400,76.57925595989255,EXTREME,CRITICAL,83.18726457866552,16.81273542133448,spatial_pressure,97.34,susceptibility,90.01,exposure,73.64,LOW,LOW,STABLE_LOW,NORMAL,Prioritize immediate field assessment; review nearby infrastructure and consider enhanced warning/monitoring procedures.
453_407,71.78937343369881,HIGH,WATCH,81.71730459880581,18.28269540119419,spatial_pressure,98.12,susceptibility,88.21,exposure,70.2,LOW,LOW,STABLE_LOW,NORMAL,"Maintain enhanced monitoring and review changes in rainfall, soil wetness and neighboring risk."
453_408,78.84082423384099,EXTREME,CRITICAL,89.06754666382324,10.932453336176764,susceptibility,97.19,spatial_pressure,96.32,exposure,73.67,LOW,LOW,STABLE_LOW,NORMAL,Prioritize immediate field assessment; review nearby infrastructure and consider enhanced warning/monitoring procedures.
453_411,78.77494680326896,EXTREME,CRITICAL,89.20546874174534,10.794531258254665,susceptibility,97.36,spatial_pressure,96.24,exposure,66.37,LOW,LOW,STABLE_LOW,NORMAL,Prioritize immediate field assessment; review nearby infrastructure and consider enhanced warning/monitoring procedures.
453_1353,20.9214247904929,LOW,NORMAL,82.96109964292239,17.03890035707761,terrain_instability,79.71,rainfall_trigger,24.07,exposure,16.33,LOW,LOW,STABLE_LOW,NORMAL,No immediate escalation indicated; continue routine monitoring.
454_496,80.08100178890899,EXTREME,CRITICAL,87.05407456773749,12.945925432262513,spatial_pressure,97.08,susceptibility,94.73,terrain_instability,88.91,LOW,LOW,STABLE_LOW,NORMAL,Prioritize immediate field assessment; review nearby infrastructure and consider enhanced warning/monitoring procedures.
455_445,74.35912259768155,HIGH,WATCH,86.51767541713382,13.482324582866184,spatial_pressure,96.91,susceptibility,94.08,exposure,57.2,LOW,LOW,STABLE_LOW,NORMAL,"Maintain enhanced monitoring and review changes in rainfall, soil wetness and neighboring risk."
456_342,57.0698447281737,HIGH,WATCH,79.58306297514001,20.41693702485999,susceptibility,85.6,exposure,60.84,terrain_instability,35.08,LOW,LOW,STABLE_LOW,NORMAL,"Maintain enhanced monitoring and review changes in rainfall, soil wetness and neighboring risk."
457_503,29.600500365751444,MODERATE,NORMAL,73.67708733008442,26.32291266991558,terrain_instability,74.74,exposure,46.79,rainfall_trigger,24.07,LOW,LOW,STABLE_LOW,NORMAL,Continue routine monitoring with attention to changing environmental conditions.
457_1000,14.704188596341051,LOW,NORMAL,77.17928146110421,22.82071853889579,terrain_instability,49.95,rainfall_trigger,24.07,exposure,15.37,LOW,LOW,STABLE_LOW,NORMAL,No immediate escalation indicated; continue routine monitoring.
458_197,23.61040044948741,LOW,NORMAL,72.80637375047755,27.193626249522453,exposure,47.74,terrain_instability,41.68,rainfall_trigger,24.07,LOW,LOW,STABLE_LOW,NORMAL,No immediate escalation indicated; continue routine monitoring.
458_494,70.68620778919788,HIGH,WATCH,87.31632182492744,12.683678175072558,spatial_pressure,96.31,susceptibility,95.05,exposure,52.15,LOW,LOW,STABLE_LOW,NORMAL,"Maintain enhanced monitoring and review changes in rainfall, soil wetness and neighboring risk."
458_665,29.837892583854213,MODERATE,NORMAL,70.46490133426205,29.535098665737948,terrain_instability,66.4,exposure,44.16,rainfall_trigger,24.07,LOW,LOW,STABLE_LOW,NORMAL,Continue routine monitoring with attention to changing environmental conditions.
459_415,64.18080624870073,HIGH,WATCH,86.90098228475622,13.099017715243775,susceptibility,94.55,exposure,72.54,terrain_instability,41.74,LOW,LOW,STABLE_LOW,NORMAL,"Maintain enhanced monitoring and review changes in rainfall, soil wetness and neighboring risk."
459_447,79.46131877392446,EXTREME,CRITICAL,87.7532019176603,12.246798082339694,spatial_pressure,95.85,susceptibility,95.59,terrain_instability,79.45,LOW,LOW,STABLE_LOW,NORMAL,Prioritize immediate field assessment; review nearby infrastructure and consider enhanced warning/monitoring procedures.
459_669,21.216989773421965,LOW,NORMAL,76.96107830364787,23.038921696352133,terrain_instability,45.29,exposure,34.96,rainfall_trigger,24.07,LOW,LOW,STABLE_LOW,NORMAL,No immediate escalation indicated; continue routine monitoring.
459_1218,11.205368166426547,LOW,NORMAL,82.97039035221312,17.029609647786884,exposure,26.9,rainfall_trigger,24.07,terrain_instability,23.24,LOW,LOW,STABLE_LOW,NORMAL,No immediate escalation indicated; continue routine monitoring.
460_1285,17.27222785966994,LOW,NORMAL,83.17597567598025,16.824024324019746,terrain_instability,61.3,rainfall_trigger,24.07,exposure,17.35,LOW,LOW,STABLE_LOW,NORMAL,No immediate escalation indicated; continue routine monitoring.
463_1201,11.276483956110097,LOW,NORMAL,82.35876198058475,17.641238019415255,exposure,32.44,rainfall_trigger,24.07,terrain_instability,17.75,LOW,LOW,STABLE_LOW,NORMAL,No immediate escalation indicated; continue routine monitoring.
464_214,36.75880930415276,MODERATE,NORMAL,48.62565363011575,51.37434636988425,exposure,55.85,susceptibility,47.77,rainfall_trigger,24.07,LOW,LOW,STABLE_LOW,NORMAL,Continue routine monitoring with attention to changing environmental conditions.
464_647,57.23584023691332,HIGH,WATCH,73.33736106605544,26.662638933944564,susceptibility,77.97,terrain_instability,59.06,exposure,52.87,LOW,LOW,STABLE_LOW,NORMAL,"Maintain enhanced monitoring and review changes in rainfall, soil wetness and neighboring risk."
466_1167,11.365617105736012,LOW,NORMAL,83.12473600655878,16.875263993441223,terrain_instability,31.0,rainfall_trigger,24.07,exposure,18.19,LOW,LOW,STABLE_LOW,NORMAL,No immediate escalation indicated; continue routine monitoring.
467_337,66.86740680171937,HIGH,WATCH,79.2817917235763,20.71820827642369,exposure,86.23,susceptibility,85.23,terrain_instability,65.85,LOW,LOW,STABLE_LOW,NORMAL,"Maintain enhanced monitoring and review changes in rainfall, soil wetness and neighboring risk."
468_344,61.64023669655069,HIGH,WATCH,78.26908930971109,21.73091069028891,susceptibility,84.0,exposure,73.25,terrain_instability,52.24,LOW,LOW,STABLE_LOW,NORMAL,"Maintain enhanced monitoring and review changes in rainfall, soil wetness and neighboring risk."
468_413,65.55059771069436,HIGH,WARNING,74.04427453488265,25.95572546511736,exposure,88.46,susceptibility,78.83,terrain_instability,72.0,LOW,LOW,STABLE_LOW,NORMAL,Increase monitoring frequency; inspect exposed roads/settlements and review current rainfall and terrain conditions.
471_565,62.915053425732594,HIGH,WATCH,78.68613056655153,21.31386943344848,exposure,88.19,susceptibility,84.51,terrain_instability,46.26,LOW,LOW,STABLE_LOW,NORMAL,"Maintain enhanced monitoring and review changes in rainfall, soil wetness and neighboring risk."
472_104,22.38574015257759,LOW,NORMAL,77.26583093146193,22.734169068538066,terrain_instability,58.41,exposure,33.63,rainfall_trigger,24.07,LOW,LOW,STABLE_LOW,NORMAL,No immediate escalation indicated; continue routine monitoring.
472_500,16.957018610550477,LOW,NORMAL,78.21550052814074,21.784499471859263,exposure,50.76,rainfall_trigger,24.07,terrain_instability,21.03,LOW,LOW,STABLE_LOW,NORMAL,No immediate escalation indicated; continue routine monitoring.
472_543,76.13892741040682,EXTREME,CRITICAL,88.73192634703113,11.268073652968866,spatial_pressure,98.49,susceptibility,96.78,exposure,61.01,LOW,LOW,STABLE_LOW,NORMAL,Prioritize immediate field assessment; review nearby infrastructure and consider enhanced warning/monitoring procedures.
472_912,15.36430942473849,LOW,NORMAL,75.73432216430982,24.265677835690184,terrain_instability,47.63,rainfall_trigger,24.07,exposure,17.57,LOW,LOW,STABLE_LOW,NORMAL,No immediate escalation indicated; continue routine monitoring.
473_380,78.23667606036173,EXTREME,CRITICAL,90.08090325174652,9.91909674825348,spatial_pressure,99.4,susceptibility,98.43,terrain_instability,63.14,LOW,LOW,STABLE_LOW,NORMAL,Prioritize immediate field assessment; review nearby infrastructure and consider enhanced warning/monitoring procedures.
473_381,77.67769924285352,EXTREME,CRITICAL,90.66618989955958,9.333810100440417,spatial_pressure,99.5,susceptibility,99.15,terrain_instability,59.61,LOW,LOW,STABLE_LOW,NORMAL,Prioritize immediate field assessment; review nearby infrastructure and consider enhanced warning/monitoring procedures.
473_540,78.7138480205306,EXTREME,CRITICAL,89.59381119045136,10.406188809548638,susceptibility,97.84,spatial_pressure,97.75,terrain_instability,70.15,LOW,LOW,STABLE_LOW,NORMAL,Prioritize immediate field assessment; review nearby infrastructure and consider enhanced warning/monitoring procedures.
474_421,68.14378347512901,HIGH,WATCH,70.71900505743807,29.28099494256193,spatial_pressure,76.82,susceptibility,74.77,exposure,70.52,LOW,LOW,STABLE_LOW,NORMAL,"Maintain enhanced monitoring and review changes in rainfall, soil wetness and neighboring risk."
474_471,77.48430210650002,EXTREME,CRITICAL,90.5995409500535,9.400459049946503,spatial_pressure,99.36,susceptibility,99.07,exposure,59.32,LOW,LOW,STABLE_LOW,NORMAL,Prioritize immediate field assessment; review nearby infrastructure and consider enhanced warning/monitoring procedures.
475_374,62.329306934655776,HIGH,WATCH,89.50829130878864,10.491708691211358,susceptibility,97.73,exposure,57.54,terrain_instability,36.56,LOW,LOW,STABLE_LOW,NORMAL,"Maintain enhanced monitoring and review changes in rainfall, soil wetness and neighboring risk."
475_386,79.47497514637914,EXTREME,CRITICAL,91.05848611398343,8.941513886016551,susceptibility,99.63,spatial_pressure,99.03,terrain_instability,66.36,LOW,LOW,STABLE_LOW,NORMAL,Prioritize immediate field assessment; review nearby infrastructure and consider enhanced warning/monitoring procedures.
475_1305,15.99608600956145,LOW,NORMAL,83.12473600655878,16.875263993441223,terrain_instability,56.06,rainfall_trigger,24.07,exposure,15.64,LOW,LOW,STABLE_LOW,NORMAL,No immediate escalation indicated; continue routine monitoring.
476_163,12.972765031743444,LOW,NORMAL,80.70553367681023,19.294466323189766,exposure,44.23,rainfall_trigger,24.07,soil_wetness,13.22,LOW,LOW,STABLE_LOW,NORMAL,No immediate escalation indicated; continue routine monitoring.
476_416,59.94214374005176,HIGH,WATCH,64.2686596417544,35.7313403582456,spatial_pressure,82.34,exposure,80.23,susceptibility,66.88,LOW,LOW,STABLE_LOW,NORMAL,"Maintain enhanced monitoring and review changes in rainfall, soil wetness and neighboring risk."
476_474,82.08314554012628,EXTREME,CRITICAL,90.725220807861,9.274779192139007,spatial_pressure,99.4,susceptibility,99.22,terrain_instability,80.2,LOW,LOW,STABLE_LOW,NORMAL,Prioritize immediate field assessment; review nearby infrastructure and consider enhanced warning/monitoring procedures.
477_475,81.0751724696338,EXTREME,CRITICAL,90.32625976889996,9.673740231100028,spatial_pressure,99.46,susceptibility,98.73,terrain_instability,76.81,LOW,LOW,STABLE_LOW,NORMAL,Prioritize immediate field assessment; review nearby infrastructure and consider enhanced warning/monitoring procedures.
477_561,76.3194249447478,EXTREME,CRITICAL,82.66483299792515,17.335167002074854,spatial_pressure,98.74,susceptibility,89.37,exposure,72.89,LOW,LOW,STABLE_LOW,NORMAL,Prioritize immediate field assessment; review nearby infrastructure and consider enhanced warning/monitoring procedures.
477_1226,20.555435410524417,LOW,NORMAL,83.17928146110421,16.82071853889579,terrain_instability,74.78,rainfall_trigger,24.07,exposure,21.27,LOW,LOW,STABLE_LOW,NORMAL,No immediate escalation indicated; continue routine monitoring.
478_384,75.83139569147171,EXTREME,CRITICAL,89.11833109036556,10.881668909634442,spatial_pressure,99.74,susceptibility,97.26,exposure,58.55,LOW,LOW,STABLE_LOW,NORMAL,Prioritize immediate field assessment; review nearby infrastructure and consider enhanced warning/monitoring procedures.
478_565,81.28218653178045,EXTREME,CRITICAL,89.8907402883805,10.1092597116195,susceptibility,98.2,spatial_pressure,92.56,terrain_instability,75.18,LOW,LOW,STABLE_LOW,NORMAL,Prioritize immediate field assessment; review nearby infrastructure and consider enhanced warning/monitoring procedures.
480_471,81.99352168441919,EXTREME,CRITICAL,90.7778669117571,9.2221330882429,spatial_pressure,99.36,susceptibility,99.28,terrain_instability,81.42,LOW,LOW,STABLE_LOW,NORMAL,Prioritize immediate field assessment; review nearby infrastructure and consider enhanced warning/monitoring procedures.
480_517,63.00512361987987,HIGH,WATCH,87.14705035534503,12.85294964465497,susceptibility,94.85,exposure,54.14,terrain_instability,48.98,LOW,LOW,STABLE_LOW,NORMAL,"Maintain enhanced monitoring and review changes in rainfall, soil wetness and neighboring risk."
480_1139,12.487228726875657,LOW,NORMAL,83.17928146110421,16.82071853889579,terrain_instability,38.75,rainfall_trigger,24.07,exposure,15.53,LOW,LOW,STABLE_LOW,NORMAL,No immediate escalation indicated; continue routine monitoring.
482_479,76.08604874893027,EXTREME,CRITICAL,82.97588069342996,17.024119306570043,susceptibility,89.75,terrain_instability,79.42,spatial_pressure,73.72,LOW,LOW,STABLE_LOW,NORMAL,Prioritize immediate field assessment; review nearby infrastructure and consider enhanced warning/monitoring procedures.
482_483,58.16336976994754,HIGH,WATCH,60.64869355076297,39.35130644923703,spatial_pressure,92.82,exposure,71.15,susceptibility,62.46,LOW,LOW,STABLE_LOW,NORMAL,"Maintain enhanced monitoring and review changes in rainfall, soil wetness and neighboring risk."
483_365,70.67538620827433,HIGH,WARNING,91.05756078930813,8.942439210691873,susceptibility,99.63,terrain_instability,70.87,exposure,61.74,LOW,LOW,STABLE_LOW,NORMAL,Increase monitoring frequency; inspect exposed roads/settlements and review current rainfall and terrain conditions.
483_403,64.6926559118923,HIGH,WATCH,87.43647978824231,12.563520211757693,susceptibility,95.2,exposure,61.82,terrain_instability,50.86,LOW,LOW,STABLE_LOW,NORMAL,"Maintain enhanced monitoring and review changes in rainfall, soil wetness and neighboring risk."
484_334,59.79627536843781,HIGH,WATCH,80.06121526365092,19.93878473634908,susceptibility,86.19,exposure,54.48,terrain_instability,52.16,LOW,LOW,STABLE_LOW,NORMAL,"Maintain enhanced monitoring and review changes in rainfall, soil wetness and neighboring risk."
486_416,77.29567623514014,EXTREME,CRITICAL,87.1138571714974,12.8861428285026,spatial_pressure,97.14,susceptibility,94.81,exposure,74.07,LOW,LOW,STABLE_LOW,NORMAL,Prioritize immediate field assessment; review nearby infrastructure and consider enhanced warning/monitoring procedures.
488_406,68.36270785521391,HIGH,WATCH,89.54111366500388,10.458886334996125,susceptibility,97.77,terrain_instability,64.1,exposure,60.91,LOW,LOW,STABLE_LOW,NORMAL,"Maintain enhanced monitoring and review changes in rainfall, soil wetness and neighboring risk."
488_504,74.93932154557818,HIGH,WATCH,89.57328653986858,10.426713460131424,spatial_pressure,98.69,susceptibility,97.81,exposure,57.82,LOW,LOW,STABLE_LOW,NORMAL,"Maintain enhanced monitoring and review changes in rainfall, soil wetness and neighboring risk."
489_364,59.174894758207365,HIGH,WATCH,85.39770014670398,14.602299853296016,susceptibility,92.71,exposure,64.75,terrain_instability,26.68,LOW,LOW,STABLE_LOW,NORMAL,"Maintain enhanced monitoring and review changes in rainfall, soil wetness and neighboring risk."
489_371,71.5353069161102,HIGH,WATCH,87.95919252878076,12.04080747121924,spatial_pressure,99.77,susceptibility,95.84,exposure,57.9,LOW,LOW,STABLE_LOW,NORMAL,"Maintain enhanced monitoring and review changes in rainfall, soil wetness and neighboring risk."
489_412,75.58282587575628,EXTREME,CRITICAL,88.39015860678107,11.609841393218929,spatial_pressure,97.49,susceptibility,96.37,exposure,64.82,LOW,LOW,STABLE_LOW,NORMAL,Prioritize immediate field assessment; review nearby infrastructure and consider enhanced warning/monitoring procedures.
489_418,82.9871938625393,EXTREME,CRITICAL,88.66481345358739,11.335186546412617,spatial_pressure,96.71,susceptibility,96.7,terrain_instability,84.68,LOW,LOW,STABLE_LOW,NORMAL,Prioritize immediate field assessment; review nearby infrastructure and consider enhanced warning/monitoring procedures.
489_419,69.82200814295835,HIGH,WATCH,83.26793430648362,16.732065693516375,spatial_pressure,97.59,susceptibility,90.11,exposure,72.52,LOW,LOW,STABLE_LOW,NORMAL,"Maintain enhanced monitoring and review changes in rainfall, soil wetness and neighboring risk."
489_470,77.12688742402717,EXTREME,CRITICAL,88.009366866348,11.990633133651995,susceptibility,95.9,spatial_pressure,91.18,terrain_instability,67.47,LOW,LOW,STABLE_LOW,NORMAL,Prioritize immediate field assessment; review nearby infrastructure and consider enhanced warning/monitoring procedures.
491_371,79.50980892347161,EXTREME,CRITICAL,91.091204823845,8.908795176154996,susceptibility,99.67,spatial_pressure,97.43,terrain_instability,69.24,LOW,LOW,STABLE_LOW,NORMAL,Prioritize immediate field assessment; review nearby infrastructure and consider enhanced warning/monitoring procedures.
491_416,74.82361562584441,HIGH,WATCH,88.95552032969766,11.044479670302335,susceptibility,97.06,spatial_pressure,96.81,exposure,63.37,LOW,LOW,STABLE_LOW,NORMAL,"Maintain enhanced monitoring and review changes in rainfall, soil wetness and neighboring risk."
491_442,77.54927975237658,EXTREME,CRITICAL,88.34282407932528,11.657175920674716,susceptibility,96.31,spatial_pressure,92.25,exposure,68.28,LOW,LOW,STABLE_LOW,NORMAL,Prioritize immediate field assessment; review nearby infrastructure and consider enhanced warning/monitoring procedures.
491_456,63.28107068781374,HIGH,WATCH,88.56583991207606,11.434160087923942,susceptibility,96.58,exposure,60.77,terrain_instability,41.48,LOW,LOW,STABLE_LOW,NORMAL,"Maintain enhanced monitoring and review changes in rainfall, soil wetness and neighboring risk."
491_555,64.80906286806639,HIGH,WATCH,88.81969948521203,11.180300514787971,susceptibility,96.89,exposure,62.1,terrain_instability,47.43,LOW,LOW,STABLE_LOW,NORMAL,"Maintain enhanced monitoring and review changes in rainfall, soil wetness and neighboring risk."
491_1386,11.498820184306265,LOW,NORMAL,83.03200873383149,16.96799126616851,terrain_instability,30.51,rainfall_trigger,24.07,exposure,19.38,LOW,LOW,STABLE_LOW,NORMAL,No immediate escalation indicated; continue routine monitoring.
492_301,47.9451365582911,MODERATE,NORMAL,67.9633581982749,32.0366418017251,susceptibility,71.4,exposure,58.76,rainfall_trigger,24.07,LOW,LOW,STABLE_LOW,NORMAL,Continue routine monitoring with attention to changing environmental conditions.
492_508,73.64225615186972,HIGH,WATCH,89.83067351118606,10.169326488813937,spatial_pressure,98.4,susceptibility,98.13,exposure,58.14,LOW,LOW,STABLE_LOW,NORMAL,"Maintain enhanced monitoring and review changes in rainfall, soil wetness and neighboring risk."
492_528,79.03746642124808,EXTREME,CRITICAL,91.18366236630254,8.816337633697458,susceptibility,99.78,spatial_pressure,97.64,terrain_instability,66.49,LOW,LOW,STABLE_LOW,NORMAL,Prioritize immediate field assessment; review nearby infrastructure and consider enhanced warning/monitoring procedures.
492_909,10.406482966640873,LOW,NORMAL,75.81542439967036,24.18457560032964,rainfall_trigger,24.07,terrain_instability,22.06,exposure,18.91,LOW,LOW,STABLE_LOW,NORMAL,No immediate escalation indicated; continue routine monitoring.
493_355,22.637175936412675,LOW,NORMAL,74.90310052173004,25.09689947826996,exposure,58.21,terrain_instability,34.73,rainfall_trigger,24.07,LOW,LOW,STABLE_LOW,NORMAL,No immediate escalation indicated; continue routine monitoring.
493_441,72.8094142192067,HIGH,WATCH,82.30494457246851,17.695055427531486,spatial_pressure,97.42,susceptibility,88.93,exposure,70.39,LOW,LOW,STABLE_LOW,NORMAL,"Maintain enhanced monitoring and review changes in rainfall, soil wetness and neighboring risk."
494_471,69.02001242320718,HIGH,WATCH,81.04972424559975,18.95027575440025,spatial_pressure,98.07,susceptibility,87.4,exposure,72.7,LOW,LOW,STABLE_LOW,NORMAL,"Maintain enhanced monitoring and review changes in rainfall, soil wetness and neighboring risk."
494_508,75.92262854778855,EXTREME,CRITICAL,89.29859084752444,10.701409152475565,spatial_pressure,98.69,susceptibility,97.48,exposure,57.6,LOW,LOW,STABLE_LOW,NORMAL,Prioritize immediate field assessment; review nearby infrastructure and consider enhanced warning/monitoring procedures.
495_374,76.81862749204481,EXTREME,CRITICAL,88.52589018718297,11.474109812817034,spatial_pressure,98.77,susceptibility,96.53,terrain_instability,63.95,LOW,LOW,STABLE_LOW,NORMAL,Prioritize immediate field assessment; review nearby infrastructure and consider enhanced warning/monitoring procedures.
495_395,79.6277423066528,EXTREME,CRITICAL,91.03861598411332,8.961384015886665,susceptibility,99.6,spatial_pressure,99.4,terrain_instability,68.23,LOW,LOW,STABLE_LOW,NORMAL,Prioritize immediate field assessment; review nearby infrastructure and consider enhanced warning/monitoring procedures.
495_397,81.10489288267065,EXTREME,CRITICAL,90.65814020988752,9.341859790112466,spatial_pressure,99.72,susceptibility,99.14,terrain_instability,77.63,LOW,LOW,STABLE_LOW,NORMAL,Prioritize immediate field assessment; review nearby infrastructure and consider enhanced warning/monitoring procedures.
495_435,67.7665458987378,HIGH,WATCH,88.96411691175713,11.03588308824287,susceptibility,97.07,exposure,67.4,terrain_instability,57.84,LOW,LOW,STABLE_LOW,NORMAL,"Maintain enhanced monitoring and review changes in rainfall, soil wetness and neighboring risk."
495_450,64.43383046808232,HIGH,WATCH,88.38386909622062,11.61613090377938,susceptibility,96.36,exposure,66.17,terrain_instability,43.7,LOW,LOW,STABLE_LOW,NORMAL,"Maintain enhanced monitoring and review changes in rainfall, soil wetness and neighboring risk."
495_461,80.9607887994325,EXTREME,CRITICAL,91.15379223643242,8.846207763567577,susceptibility,99.74,spatial_pressure,99.0,terrain_instability,76.31,LOW,LOW,STABLE_LOW,NORMAL,Prioritize immediate field assessment; review nearby infrastructure and consider enhanced warning/monitoring procedures.
495_469,78.60195547450789,EXTREME,CRITICAL,89.54575116122855,10.454248838771449,susceptibility,97.78,spatial_pressure,97.49,terrain_instability,66.74,LOW,LOW,STABLE_LOW,NORMAL,Prioritize immediate field assessment; review nearby infrastructure and consider enhanced warning/monitoring procedures.
495_1418,12.63806329799982,LOW,NORMAL,83.17928146110421,16.82071853889579,terrain_instability,35.29,rainfall_trigger,24.07,exposure,21.14,LOW,LOW,STABLE_LOW,NORMAL,No immediate escalation indicated; continue routine monitoring.
496_376,76.73470477923416,EXTREME,CRITICAL,90.04654213069102,9.953457869308975,susceptibility,98.39,spatial_pressure,96.96,terrain_instability,58.9,LOW,LOW,STABLE_LOW,NORMAL,Prioritize immediate field assessment; review nearby infrastructure and consider enhanced warning/monitoring procedures.
496_463,74.4613620842283,HIGH,WATCH,90.28390679172048,9.716093208279515,spatial_pressure,99.26,susceptibility,98.68,exposure,58.36,LOW,LOW,STABLE_LOW,NORMAL,"Maintain enhanced monitoring and review changes in rainfall, soil wetness and neighboring risk."
496_465,82.19447205595054,EXTREME,CRITICAL,90.82485717149736,9.17514282850263,susceptibility,99.34,spatial_pressure,99.14,terrain_instability,81.93,LOW,LOW,STABLE_LOW,NORMAL,Prioritize immediate field assessment; review nearby infrastructure and consider enhanced warning/monitoring procedures.
496_1659,14.30528287297684,LOW,NORMAL,80.25986750503735,19.74013249496265,exposure,42.54,rainfall_trigger,24.07,terrain_instability,19.55,LOW,LOW,STABLE_LOW,NORMAL,No immediate escalation indicated; continue routine monitoring.
497_464,74.41756771676576,HIGH,WATCH,88.04025271852097,11.959747281479023,spatial_pressure,99.48,susceptibility,95.94,exposure,57.6,LOW,LOW,STABLE_LOW,NORMAL,"Maintain enhanced monitoring and review changes in rainfall, soil wetness and neighboring risk."
497_527,73.94751372579722,HIGH,WATCH,88.60965422743948,11.390345772560522,spatial_pressure,99.41,susceptibility,96.63,exposure,57.84,LOW,LOW,STABLE_LOW,NORMAL,"Maintain enhanced monitoring and review changes in rainfall, soil wetness and neighboring risk."
497_916,14.94441240946318,LOW,NORMAL,76.98155418837695,23.018445811623053,terrain_instability,48.16,rainfall_trigger,24.07,exposure,18.64,LOW,LOW,STABLE_LOW,NORMAL,No immediate escalation indicated; continue routine monitoring.
499_373,74.79783820628504,HIGH,WATCH,86.01424208098939,13.98575791901061,spatial_pressure,98.5,susceptibility,93.46,terrain_instability,60.97,LOW,LOW,STABLE_LOW,NORMAL,"Maintain enhanced monitoring and review changes in rainfall, soil wetness and neighboring risk."
499_1383,11.174181389201152,LOW,NORMAL,83.17928146110421,16.82071853889579,terrain_instability,27.13,rainfall_trigger,24.07,exposure,22.26,LOW,LOW,STABLE_LOW,NORMAL,No immediate escalation indicated; continue routine monitoring.
500_338,80.81310935939332,EXTREME,CRITICAL,90.33358562486217,9.666414375137832,susceptibility,98.74,spatial_pressure,95.82,terrain_instability,78.09,LOW,LOW,STABLE_LOW,NORMAL,Prioritize immediate field assessment; review nearby infrastructure and consider enhanced warning/monitoring procedures.
500_339,77.2448169094397,EXTREME,CRITICAL,89.62337571848946,10.376624281510544,susceptibility,97.87,spatial_pressure,96.26,terrain_instability,62.15,LOW,LOW,STABLE_LOW,NORMAL,Prioritize immediate field assessment; review nearby infrastructure and consider enhanced warning/monitoring procedures.
500_427,71.25720720818012,HIGH,WARNING,89.06312514189906,10.936874858100936,susceptibility,97.19,terrain_instability,78.08,exposure,63.33,LOW,LOW,STABLE_LOW,NORMAL,Increase monitoring frequency; inspect exposed roads/settlements and review current rainfall and terrain conditions.
500_508,63.78161062071782,HIGH,WATCH,89.74487918922893,10.255120810771077,susceptibility,98.02,exposure,62.61,terrain_instability,39.36,LOW,LOW,STABLE_LOW,NORMAL,"Maintain enhanced monitoring and review changes in rainfall, soil wetness and neighboring risk."
501_470,70.27884779064088,HIGH,WARNING,90.4467502783905,9.553249721609504,susceptibility,98.88,terrain_instability,72.61,exposure,59.03,LOW,LOW,STABLE_LOW,NORMAL,Increase monitoring frequency; inspect exposed roads/settlements and review current rainfall and terrain conditions.
501_529,77.81200963115336,EXTREME,CRITICAL,89.80297430172442,10.19702569827558,spatial_pressure,98.41,susceptibility,98.09,terrain_instability,61.92,LOW,LOW,STABLE_LOW,NORMAL,Prioritize immediate field assessment; review nearby infrastructure and consider enhanced warning/monitoring procedures.
501_531,81.4634417787113,EXTREME,CRITICAL,89.8691656130558,10.1308343869442,spatial_pressure,98.37,susceptibility,98.17,terrain_instability,82.47,LOW,LOW,STABLE_LOW,NORMAL,Prioritize immediate field assessment; review nearby infrastructure and consider enhanced warning/monitoring procedures.
503_461,81.24838926443408,EXTREME,CRITICAL,90.54151950915973,9.458480490840287,susceptibility,99.0,spatial_pressure,97.56,terrain_instability,80.4,LOW,LOW,STABLE_LOW,NORMAL,Prioritize immediate field assessment; review nearby infrastructure and consider enhanced warning/monitoring procedures.
505_335,68.14114441818201,HIGH,WATCH,84.22734017785271,15.77265982214729,spatial_pressure,95.18,susceptibility,91.28,exposure,57.31,LOW,LOW,STABLE_LOW,NORMAL,"Maintain enhanced monitoring and review changes in rainfall, soil wetness and neighboring risk."
505_338,64.6378983782612,HIGH,WATCH,78.62273916065894,21.377260839341066,spatial_pressure,97.6,susceptibility,84.43,exposure,58.43,LOW,LOW,STABLE_LOW,NORMAL,"Maintain enhanced monitoring and review changes in rainfall, soil wetness and neighboring risk."
505_410,51.33884471586733,HIGH,WATCH,74.31005150496817,25.689948495031828,susceptibility,79.16,exposure,57.91,rainfall_trigger,24.07,LOW,LOW,STABLE_LOW,NORMAL,"Maintain enhanced monitoring and review changes in rainfall, soil wetness and neighboring risk."
505_647,12.906405795412644,LOW,NORMAL,83.05324840325298,16.94675159674702,terrain_instability,36.26,rainfall_trigger,24.07,exposure,21.18,LOW,LOW,STABLE_LOW,NORMAL,No immediate escalation indicated; continue routine monitoring.
506_339,75.28272172109091,EXTREME,CRITICAL,88.16537429074178,11.83462570925822,susceptibility,96.09,spatial_pressure,94.94,exposure,64.84,LOW,LOW,STABLE_LOW,NORMAL,Prioritize immediate field assessment; review nearby infrastructure and consider enhanced warning/monitoring procedures.
506_378,82.85047403602732,EXTREME,CRITICAL,90.9813432568406,9.018656743159411,susceptibility,99.53,spatial_pressure,98.96,terrain_instability,83.61,LOW,LOW,STABLE_LOW,NORMAL,Prioritize immediate field assessment; review nearby infrastructure and consider enhanced warning/monitoring procedures.
506_420,73.88240362079759,HIGH,WATCH,84.95575478498327,15.04424521501673,spatial_pressure,97.64,susceptibility,92.17,exposure,63.62,LOW,LOW,STABLE_LOW,NORMAL,"Maintain enhanced monitoring and review changes in rainfall, soil wetness and neighboring risk."
506_422,81.10004750513113,EXTREME,CRITICAL,89.34918033670424,10.650819663295763,susceptibility,97.54,spatial_pressure,95.61,terrain_instability,77.43,LOW,LOW,STABLE_LOW,NORMAL,Prioritize immediate field assessment; review nearby infrastructure and consider enhanced warning/monitoring procedures.
506_464,73.46809986400363,HIGH,WATCH,88.5144964698366,11.4855035301634,spatial_pressure,99.3,susceptibility,96.52,exposure,55.83,LOW,LOW,STABLE_LOW,NORMAL,"Maintain enhanced monitoring and review changes in rainfall, soil wetness and neighboring risk."
507_422,80.8542880249936,EXTREME,CRITICAL,86.73893387861688,13.261066121383124,spatial_pressure,97.2,susceptibility,94.35,terrain_instability,83.41,LOW,LOW,STABLE_LOW,NORMAL,Prioritize immediate field assessment; review nearby infrastructure and consider enhanced warning/monitoring procedures.
508_338,72.74010569662317,HIGH,WATCH,84.88767059644454,15.112329403555464,spatial_pressure,95.65,susceptibility,92.09,exposure,68.56,LOW,LOW,STABLE_LOW,NORMAL,"Maintain enhanced monitoring and review changes in rainfall, soil wetness and neighboring risk."
508_340,72.60923932628,HIGH,WATCH,87.10507319384712,12.89492680615288,spatial_pressure,95.46,susceptibility,94.8,exposure,69.95,LOW,LOW,STABLE_LOW,NORMAL,"Maintain enhanced monitoring and review changes in rainfall, soil wetness and neighboring risk."
508_349,66.60550406250331,HIGH,WATCH,87.77191502273703,12.228084977262968,susceptibility,95.61,exposure,72.84,terrain_instability,51.23,LOW,LOW,STABLE_LOW,NORMAL,"Maintain enhanced monitoring and review changes in rainfall, soil wetness and neighboring risk."
508_1254,14.746954925245973,LOW,NORMAL,83.17928146110421,16.82071853889579,terrain_instability,45.92,rainfall_trigger,24.07,exposure,21.03,LOW,LOW,STABLE_LOW,NORMAL,No immediate escalation indicated; continue routine monitoring.
509_340,72.96146281687903,HIGH,WATCH,86.18435890813284,13.815641091867164,spatial_pressure,95.57,susceptibility,93.67,exposure,70.16,LOW,LOW,STABLE_LOW,NORMAL,"Maintain enhanced monitoring and review changes in rainfall, soil wetness and neighboring risk."
509_374,81.15212012885424,EXTREME,CRITICAL,90.14689520489254,9.853104795107456,spatial_pressure,99.67,susceptibility,98.51,terrain_instability,80.11,LOW,LOW,STABLE_LOW,NORMAL,Prioritize immediate field assessment; review nearby infrastructure and consider enhanced warning/monitoring procedures.
509_731,13.570958868031502,LOW,NORMAL,83.17597567598025,16.824024324019746,terrain_instability,43.05,rainfall_trigger,24.07,exposure,17.0,LOW,LOW,STABLE_LOW,NORMAL,No immediate escalation indicated; continue routine monitoring.
510_407,60.90147344842202,HIGH,WATCH,73.59920235411902,26.400797645880985,spatial_pressure,99.67,susceptibility,78.29,exposure,55.87,LOW,LOW,STABLE_LOW,NORMAL,"Maintain enhanced monitoring and review changes in rainfall, soil wetness and neighboring risk."
512_326,50.96268992380078,HIGH,WATCH,67.31912665201686,32.68087334798314,susceptibility,70.61,exposure,51.81,terrain_instability,45.04,LOW,LOW,STABLE_LOW,NORMAL,"Maintain enhanced monitoring and review changes in rainfall, soil wetness and neighboring risk."
512_511,54.70572811212364,HIGH,WATCH,67.56604146930206,32.433958530697936,exposure,71.96,susceptibility,70.91,terrain_instability,47.96,LOW,LOW,STABLE_LOW,NORMAL,"Maintain enhanced monitoring and review changes in rainfall, soil wetness and neighboring risk."
515_405,81.80040400980056,EXTREME,CRITICAL,90.98106496370517,9.018935036294836,susceptibility,99.53,spatial_pressure,96.45,terrain_instability,78.26,LOW,LOW,STABLE_LOW,NORMAL,Prioritize immediate field assessment; review nearby infrastructure and consider enhanced warning/monitoring procedures.
516_395,71.85938654663786,HIGH,WARNING,91.28106496370516,8.718935036294852,susceptibility,99.9,terrain_instability,76.96,exposure,60.7,LOW,LOW,STABLE_LOW,NORMAL,Increase monitoring frequency; inspect exposed roads/settlements and review current rainfall and terrain conditions.
517_370,65.48982819983803,HIGH,WATCH,86.60153084922283,13.398469150777174,susceptibility,94.18,exposure,61.85,terrain_instability,57.12,LOW,LOW,STABLE_LOW,NORMAL,"Maintain enhanced monitoring and review changes in rainfall, soil wetness and neighboring risk."
517_406,81.31469013282621,EXTREME,CRITICAL,91.22756846020866,8.772431539791341,susceptibility,99.83,spatial_pressure,98.8,terrain_instability,74.68,LOW,LOW,STABLE_LOW,NORMAL,Prioritize immediate field assessment; review nearby infrastructure and consider enhanced warning/monitoring procedures.
518_325,46.89159380449408,MODERATE,WATCH,53.94719542415381,46.0528045758462,spatial_pressure,82.91,susceptibility,54.27,exposure,52.26,LOW,LOW,STABLE_LOW,NORMAL,"Maintain enhanced monitoring and review changes in rainfall, soil wetness and neighboring risk."
518_538,73.05442810183098,HIGH,WARNING,89.53949028838046,10.460509711619537,susceptibility,97.77,terrain_instability,84.5,exposure,65.0,LOW,LOW,STABLE_LOW,NORMAL,Increase monitoring frequency; inspect exposed roads/settlements and review current rainfall and terrain conditions.
519_403,74.59984656571058,HIGH,WATCH,87.75541304005544,12.244586959944556,spatial_pressure,99.75,susceptibility,95.59,terrain_instability,55.75,LOW,LOW,STABLE_LOW,NORMAL,"Maintain enhanced monitoring and review changes in rainfall, soil wetness and neighboring risk."
520_446,37.88206863035251,MODERATE,NORMAL,64.91468134732155,35.08531865267845,terrain_instability,91.87,exposure,47.03,rainfall_trigger,24.07,LOW,LOW,STABLE_LOW,NORMAL,Continue routine monitoring with attention to changing environmental conditions.
520_574,66.40499185396098,HIGH,WATCH,82.5076807307168,17.4923192692832,spatial_pressure,96.08,susceptibility,89.18,exposure,60.43,LOW,LOW,STABLE_LOW,NORMAL,"Maintain enhanced monitoring and review changes in rainfall, soil wetness and neighboring risk."
521_323,64.29686855681575,HIGH,WATCH,71.3824318046564,28.6175681953436,susceptibility,75.58,spatial_pressure,67.99,terrain_instability,65.02,LOW,LOW,STABLE_LOW,NORMAL,"Maintain enhanced monitoring and review changes in rainfall, soil wetness and neighboring risk."
521_410,74.44229112124447,HIGH,WATCH,88.82397119389547,11.176028806104526,spatial_pressure,99.88,susceptibility,96.9,exposure,61.06,LOW,LOW,STABLE_LOW,NORMAL,"Maintain enhanced monitoring and review changes in rainfall, soil wetness and neighboring risk."
521_571,71.06018867939609,HIGH,WATCH,86.78534871026164,13.214651289738356,susceptibility,94.41,spatial_pressure,92.42,exposure,67.88,LOW,LOW,STABLE_LOW,NORMAL,"Maintain enhanced monitoring and review changes in rainfall, soil wetness and neighboring risk."
521_736,18.944629001275292,LOW,NORMAL,82.78564509746785,17.21435490253215,terrain_instability,68.42,rainfall_trigger,24.07,exposure,17.57,LOW,LOW,STABLE_LOW,NORMAL,No immediate escalation indicated; continue routine monitoring.
522_511,79.86513881905823,EXTREME,CRITICAL,90.39671280423671,9.603287195763272,spatial_pressure,98.9,susceptibility,98.82,exposure,66.0,LOW,LOW,STABLE_LOW,NORMAL,Prioritize immediate field assessment; review nearby infrastructure and consider enhanced warning/monitoring procedures.
522_558,65.41671050361985,HIGH,WATCH,84.8697891806647,15.130210819335304,susceptibility,92.06,exposure,84.96,terrain_instability,44.18,LOW,LOW,STABLE_LOW,NORMAL,"Maintain enhanced monitoring and review changes in rainfall, soil wetness and neighboring risk."
523_1106,10.063351504998105,LOW,NORMAL,83.17597567598025,16.824024324019746,terrain_instability,24.79,rainfall_trigger,24.07,exposure,17.97,LOW,LOW,STABLE_LOW,NORMAL,No immediate escalation indicated; continue routine monitoring.
524_401,81.67742858915574,EXTREME,CRITICAL,90.62354605404336,9.376453945956628,susceptibility,99.1,spatial_pressure,98.91,terrain_instability,82.13,LOW,LOW,STABLE_LOW,NORMAL,Prioritize immediate field assessment; review nearby infrastructure and consider enhanced warning/monitoring procedures.
524_1025,15.749726468036789,LOW,NORMAL,83.17928146110421,16.82071853889579,terrain_instability,53.78,rainfall_trigger,24.07,exposure,17.24,LOW,LOW,STABLE_LOW,NORMAL,No immediate escalation indicated; continue routine monitoring.
526_513,80.66750727864515,EXTREME,CRITICAL,90.07872730136752,9.921272698632492,spatial_pressure,99.17,susceptibility,98.43,terrain_instability,73.84,LOW,LOW,STABLE_LOW,NORMAL,Prioritize immediate field assessment; review nearby infrastructure and consider enhanced warning/monitoring procedures.
527_361,30.893825077024594,MODERATE,NORMAL,59.80575028303592,40.19424971696408,exposure,65.45,terrain_instability,29.06,susceptibility,28.57,LOW,LOW,STABLE_LOW,NORMAL,Continue routine monitoring with attention to changing environmental conditions.
527_403,81.49532078524169,EXTREME,CRITICAL,91.01812665201685,8.981873347983168,spatial_pressure,99.6,susceptibility,99.58,terrain_instability,79.41,LOW,LOW,STABLE_LOW,NORMAL,Prioritize immediate field assessment; review nearby infrastructure and consider enhanced warning/monitoring procedures.
527_479,49.747364703246966,MODERATE,NORMAL,60.71139802636441,39.28860197363559,exposure,81.98,susceptibility,62.54,terrain_instability,34.51,LOW,LOW,STABLE_LOW,NORMAL,Continue routine monitoring with attention to changing environmental conditions.
527_1427,14.308687798929114,LOW,NORMAL,81.42067535331554,18.57932464668445,exposure,42.21,rainfall_trigger,24.07,terrain_instability,23.01,LOW,LOW,STABLE_LOW,NORMAL,No immediate escalation indicated; continue routine monitoring.
531_260,32.67997326184308,MODERATE,NORMAL,63.48439922302872,36.51560077697128,terrain_instability,55.97,exposure,54.97,susceptibility,24.07,LOW,LOW,STABLE_LOW,NORMAL,Continue routine monitoring with attention to changing environmental conditions.
531_402,82.31203059940103,EXTREME,CRITICAL,91.00822637372372,8.991773626276284,susceptibility,99.57,spatial_pressure,99.02,terrain_instability,81.33,LOW,LOW,STABLE_LOW,NORMAL,Prioritize immediate field assessment; review nearby infrastructure and consider enhanced warning/monitoring procedures.
533_95,19.902654359173447,LOW,NORMAL,81.83989606048584,18.16010393951416,terrain_instability,67.09,rainfall_trigger,24.07,exposure,22.27,LOW,LOW,STABLE_LOW,NORMAL,No immediate escalation indicated; continue routine monitoring.
533_421,78.29353749540928,EXTREME,CRITICAL,90.4318155118583,9.568184488141696,susceptibility,98.86,spatial_pressure,78.78,terrain_instability,73.02,LOW,LOW,STABLE_LOW,NORMAL,Prioritize immediate field assessment; review nearby infrastructure and consider enhanced warning/monitoring procedures.
533_516,64.29109898726098,HIGH,WATCH,88.83630567717951,11.16369432282049,susceptibility,96.91,exposure,62.21,terrain_instability,44.71,LOW,LOW,STABLE_LOW,NORMAL,"Maintain enhanced monitoring and review changes in rainfall, soil wetness and neighboring risk."
533_525,79.93154105312227,EXTREME,CRITICAL,89.83126583426318,10.168734165736822,spatial_pressure,99.69,susceptibility,98.13,terrain_instability,71.96,LOW,LOW,STABLE_LOW,NORMAL,Prioritize immediate field assessment; review nearby infrastructure and consider enhanced warning/monitoring procedures.
533_527,79.86561517511828,EXTREME,CRITICAL,91.00561041825064,8.994389581749374,susceptibility,99.56,spatial_pressure,98.69,terrain_instability,68.14,LOW,LOW,STABLE_LOW,NORMAL,Prioritize immediate field assessment; review nearby infrastructure and consider enhanced warning/monitoring procedures.
534_423,62.01471409866812,HIGH,WATCH,66.56521541857312,33.43478458142688,spatial_pressure,99.2,susceptibility,69.69,exposure,55.32,LOW,LOW,STABLE_LOW,NORMAL,"Maintain enhanced monitoring and review changes in rainfall, soil wetness and neighboring risk."
535_207,14.170111539418942,LOW,NORMAL,80.61696179508127,19.383038204918734,exposure,30.55,terrain_instability,28.85,rainfall_trigger,24.07,LOW,LOW,STABLE_LOW,NORMAL,No immediate escalation indicated; continue routine monitoring.
535_399,80.81879732190782,EXTREME,CRITICAL,88.21829567417117,11.781704325828828,spatial_pressure,99.7,susceptibility,96.16,terrain_instability,73.94,LOW,LOW,STABLE_LOW,NORMAL,Prioritize immediate field assessment; review nearby infrastructure and consider enhanced warning/monitoring procedures.
535_562,64.27027163223528,HIGH,WATCH,89.6411167751724,10.358883224827592,susceptibility,97.9,exposure,64.74,terrain_instability,40.49,LOW,LOW,STABLE_LOW,NORMAL,"Maintain enhanced monitoring and review changes in rainfall, soil wetness and neighboring risk."
535_1002,22.660098896224568,LOW,NORMAL,83.17928146110421,16.82071853889579,terrain_instability,88.2,rainfall_trigger,24.07,exposure,17.35,LOW,LOW,STABLE_LOW,NORMAL,No immediate escalation indicated; continue routine monitoring.
535_1337,14.285627314777203,LOW,NORMAL,83.17928146110421,16.82071853889579,terrain_instability,43.31,rainfall_trigger,24.07,exposure,21.44,LOW,LOW,STABLE_LOW,NORMAL,No immediate escalation indicated; continue routine monitoring.
536_487,63.579638542596285,HIGH,WATCH,88.36415626634192,11.635843733658078,susceptibility,96.33,exposure,73.71,terrain_instability,33.83,LOW,LOW,STABLE_LOW,NORMAL,"Maintain enhanced monitoring and review changes in rainfall, soil wetness and neighboring risk."
536_1256,17.439187463785828,LOW,NORMAL,82.63265808448085,17.367341915519148,terrain_instability,55.07,exposure,24.78,rainfall_trigger,24.07,LOW,LOW,STABLE_LOW,NORMAL,No immediate escalation indicated; continue routine monitoring.
538_333,62.52749716545807,HIGH,WATCH,89.24067535331557,10.759324646684432,susceptibility,97.41,exposure,61.88,terrain_instability,35.03,LOW,LOW,STABLE_LOW,NORMAL,"Maintain enhanced monitoring and review changes in rainfall, soil wetness and neighboring risk."
538_344,55.42110305392063,HIGH,WATCH,81.47063810216542,18.529361897834576,susceptibility,87.91,exposure,57.74,rainfall_trigger,24.07,LOW,LOW,STABLE_LOW,NORMAL,"Maintain enhanced monitoring and review changes in rainfall, soil wetness and neighboring risk."
539_87,11.84983318235226,LOW,NORMAL,82.13663049310128,17.86336950689872,terrain_instability,27.35,rainfall_trigger,24.07,exposure,22.65,LOW,LOW,STABLE_LOW,NORMAL,No immediate escalation indicated; continue routine monitoring.
539_536,65.17404167359726,HIGH,WATCH,89.49290098068627,10.507099019313728,susceptibility,97.71,exposure,60.67,terrain_instability,48.48,LOW,LOW,STABLE_LOW,NORMAL,"Maintain enhanced monitoring and review changes in rainfall, soil wetness and neighboring risk."
539_999,21.95335104544389,LOW,NORMAL,77.06473600655877,22.935263993441225,terrain_instability,84.12,rainfall_trigger,24.07,exposure,17.72,LOW,LOW,STABLE_LOW,NORMAL,No immediate escalation indicated; continue routine monitoring.
540_318,62.04061396531289,HIGH,WATCH,85.67346605098999,14.326533949010011,susceptibility,93.05,exposure,67.43,terrain_instability,38.24,LOW,LOW,STABLE_LOW,NORMAL,"Maintain enhanced monitoring and review changes in rainfall, soil wetness and neighboring risk."
540_410,71.76307364838092,HIGH,WARNING,89.6695324961727,10.330467503827292,susceptibility,97.93,terrain_instability,84.33,exposure,56.14,LOW,LOW,STABLE_LOW,NORMAL,Increase monitoring frequency; inspect exposed roads/settlements and review current rainfall and terrain conditions.
540_1507,9.068211791324783,LOW,NORMAL,83.17597567598025,16.824024324019746,rainfall_trigger,24.07,terrain_instability,20.11,exposure,17.58,LOW,LOW,STABLE_LOW,NORMAL,No immediate escalation indicated; continue routine monitoring.
542_393,68.72687057554697,HIGH,WATCH,84.48860990539453,15.511390094605474,susceptibility,91.6,exposure,75.0,terrain_instability,69.25,LOW,LOW,STABLE_LOW,NORMAL,"Maintain enhanced monitoring and review changes in rainfall, soil wetness and neighboring risk."
542_1302,13.215423233003634,LOW,NORMAL,82.98889684571961,17.01110315428039,terrain_instability,34.58,exposure,25.25,rainfall_trigger,24.07,LOW,LOW,STABLE_LOW,NORMAL,No immediate escalation indicated; continue routine monitoring.
542_1519,12.892697090466172,LOW,NORMAL,83.17928146110421,16.82071853889579,terrain_instability,38.84,rainfall_trigger,24.07,exposure,18.11,LOW,LOW,STABLE_LOW,NORMAL,No immediate escalation indicated; continue routine monitoring.
544_1333,12.582709305960911,LOW,NORMAL,82.84636437818713,17.153635621812867,terrain_instability,30.41,exposure,26.06,rainfall_trigger,24.07,LOW,LOW,STABLE_LOW,NORMAL,No immediate escalation indicated; continue routine monitoring.
545_453,80.00075255885315,EXTREME,CRITICAL,91.0165195091597,8.983480490840293,susceptibility,99.58,spatial_pressure,98.55,terrain_instability,72.58,LOW,LOW,STABLE_LOW,NORMAL,Prioritize immediate field assessment; review nearby infrastructure and consider enhanced warning/monitoring procedures.
546_369,56.98455512257595,HIGH,WATCH,68.24407354603193,31.75592645396808,spatial_pressure,98.38,susceptibility,71.74,exposure,62.28,LOW,LOW,STABLE_LOW,NORMAL,"Maintain enhanced monitoring and review changes in rainfall, soil wetness and neighboring risk."
546_455,80.46845245272924,EXTREME,CRITICAL,91.26246992238283,8.737530077617166,susceptibility,99.88,spatial_pressure,98.4,terrain_instability,74.43,LOW,LOW,STABLE_LOW,NORMAL,Prioritize immediate field assessment; review nearby infrastructure and consider enhanced warning/monitoring procedures.
547_369,76.17043753843929,EXTREME,CRITICAL,89.47266711155731,10.527332888442686,susceptibility,97.69,spatial_pressure,89.01,exposure,60.71,LOW,LOW,STABLE_LOW,NORMAL,Prioritize immediate field assessment; review nearby infrastructure and consider enhanced warning/monitoring procedures.
547_397,77.97996425664276,EXTREME,CRITICAL,86.99854839442389,13.001451605576108,spatial_pressure,97.82,susceptibility,94.67,exposure,72.61,LOW,LOW,STABLE_LOW,NORMAL,Prioritize immediate field assessment; review nearby infrastructure and consider enhanced warning/monitoring procedures.
548_402,81.40211139924729,EXTREME,CRITICAL,88.81988658326208,11.180113416737925,susceptibility,96.89,spatial_pressure,96.27,terrain_instability,76.53,LOW,LOW,STABLE_LOW,NORMAL,Prioritize immediate field assessment; review nearby infrastructure and consider enhanced warning/monitoring procedures.
548_409,70.3078036731856,HIGH,WATCH,90.9599286000688,9.040071399931207,susceptibility,99.51,terrain_instability,68.53,exposure,62.78,LOW,LOW,STABLE_LOW,NORMAL,"Maintain enhanced monitoring and review changes in rainfall, soil wetness and neighboring risk."
548_1170,13.683805235103156,LOW,NORMAL,83.07019055201332,16.929809447986685,terrain_instability,39.4,rainfall_trigger,24.07,exposure,22.24,LOW,LOW,STABLE_LOW,NORMAL,No immediate escalation indicated; continue routine monitoring.
549_320,75.92581051253197,EXTREME,CRITICAL,85.77526799904192,14.224732000958085,susceptibility,93.17,spatial_pressure,79.85,exposure,72.1,LOW,LOW,STABLE_LOW,NORMAL,Prioritize immediate field assessment; review nearby infrastructure and consider enhanced warning/monitoring procedures.
549_343,74.25706372970966,HIGH,WATCH,87.21931331834855,12.780686681651446,spatial_pressure,97.7,susceptibility,94.94,exposure,56.82,LOW,LOW,STABLE_LOW,NORMAL,"Maintain enhanced monitoring and review changes in rainfall, soil wetness and neighboring risk."
549_364,78.25703598102095,EXTREME,CRITICAL,82.62434645494127,17.375653545058725,spatial_pressure,98.38,susceptibility,89.32,terrain_instability,83.2,LOW,LOW,STABLE_LOW,NORMAL,Prioritize immediate field assessment; review nearby infrastructure and consider enhanced warning/monitoring procedures.
549_640,16.014462673524456,LOW,NORMAL,81.13221684895613,18.867783151043863,terrain_instability,38.22,exposure,32.25,rainfall_trigger,24.07,LOW,LOW,STABLE_LOW,NORMAL,No immediate escalation indicated; continue routine monitoring.
550_455,80.06465824391373,EXTREME,CRITICAL,85.66856696198921,14.331433038010786,spatial_pressure,99.85,susceptibility,93.04,terrain_instability,87.58,LOW,LOW,STABLE_LOW,NORMAL,Prioritize immediate field assessment; review nearby infrastructure and consider enhanced warning/monitoring procedures.
551_319,65.59672074010624,HIGH,WATCH,67.81110625169836,32.18889374830164,spatial_pressure,95.22,exposure,71.9,susceptibility,71.21,LOW,LOW,STABLE_LOW,NORMAL,"Maintain enhanced monitoring and review changes in rainfall, soil wetness and neighboring risk."
551_633,63.74813783646253,HIGH,WATCH,89.14606806556999,10.853931934430008,susceptibility,97.29,exposure,53.81,terrain_instability,47.44,LOW,LOW,STABLE_LOW,NORMAL,"Maintain enhanced monitoring and review changes in rainfall, soil wetness and neighboring risk."
552_593,63.45920622964324,HIGH,WATCH,90.31889861941114,9.681101380588856,susceptibility,98.72,exposure,59.88,terrain_instability,38.22,LOW,LOW,STABLE_LOW,NORMAL,"Maintain enhanced monitoring and review changes in rainfall, soil wetness and neighboring risk."
553_61,8.621986849794403,LOW,NORMAL,82.98472891641708,17.015271083582917,exposure,30.48,rainfall_trigger,24.07,soil_wetness,13.22,LOW,LOW,STABLE_LOW,NORMAL,No immediate escalation indicated; continue routine monitoring.
554_344,75.40811940149176,EXTREME,CRITICAL,88.67487264538518,11.32512735461482,susceptibility,96.71,spatial_pressure,96.45,exposure,58.54,LOW,LOW,STABLE_LOW,NORMAL,Prioritize immediate field assessment; review nearby infrastructure and consider enhanced warning/monitoring procedures.
556_419,59.62580422028395,HIGH,WATCH,85.6271416083063,14.372858391693695,susceptibility,92.99,exposure,58.16,terrain_instability,33.25,LOW,LOW,STABLE_LOW,NORMAL,"Maintain enhanced monitoring and review changes in rainfall, soil wetness and neighboring risk."
558_636,62.69283769156003,HIGH,WATCH,89.35472844800336,10.645271551996643,susceptibility,97.55,exposure,53.46,terrain_instability,41.85,LOW,LOW,STABLE_LOW,NORMAL,"Maintain enhanced monitoring and review changes in rainfall, soil wetness and neighboring risk."
558_1664,10.655645127528455,LOW,NORMAL,82.41895678577954,17.581043214220458,rainfall_trigger,24.07,exposure,23.82,terrain_instability,21.28,LOW,LOW,STABLE_LOW,NORMAL,No immediate escalation indicated; continue routine monitoring.
559_21,12.473042839501622,LOW,NORMAL,79.9868441844844,20.013155815515603,exposure,45.85,rainfall_trigger,24.07,soil_wetness,13.22,LOW,LOW,STABLE_LOW,NORMAL,No immediate escalation indicated; continue routine monitoring.
559_258,24.213566547181838,LOW,NORMAL,78.93384933013485,21.066150669865152,terrain_instability,67.9,exposure,39.27,rainfall_trigger,24.07,LOW,LOW,STABLE_LOW,NORMAL,No immediate escalation indicated; continue routine monitoring.
559_826,33.46381795091777,MODERATE,NORMAL,70.84698866660592,29.15301133339408,terrain_instability,88.2,exposure,44.22,rainfall_trigger,24.07,LOW,LOW,STABLE_LOW,NORMAL,Continue routine monitoring with attention to changing environmental conditions.
561_186,31.74159444510465,MODERATE,NORMAL,71.7951796865843,28.20482031341569,terrain_instability,84.88,exposure,40.64,rainfall_trigger,24.07,LOW,LOW,STABLE_LOW,NORMAL,Continue routine monitoring with attention to changing environmental conditions.
562_330,57.366625226791655,HIGH,WATCH,74.56617188886557,25.43382811113443,exposure,86.8,susceptibility,79.47,terrain_instability,30.88,LOW,LOW,STABLE_LOW,NORMAL,"Maintain enhanced monitoring and review changes in rainfall, soil wetness and neighboring risk."
562_407,74.57084302953118,HIGH,WATCH,88.62407052956786,11.37592947043214,spatial_pressure,97.22,susceptibility,96.65,exposure,56.78,LOW,LOW,STABLE_LOW,NORMAL,"Maintain enhanced monitoring and review changes in rainfall, soil wetness and neighboring risk."
562_504,55.8220494309424,HIGH,WATCH,79.96357626319593,20.036423736804068,susceptibility,86.07,exposure,62.64,terrain_instability,26.44,LOW,LOW,STABLE_LOW,NORMAL,"Maintain enhanced monitoring and review changes in rainfall, soil wetness and neighboring risk."
563_339,63.65676859073066,HIGH,WATCH,87.74011728446702,12.25988271553298,susceptibility,95.57,exposure,66.42,terrain_instability,41.39,LOW,LOW,STABLE_LOW,NORMAL,"Maintain enhanced monitoring and review changes in rainfall, soil wetness and neighboring risk."
564_748,21.301575217248757,LOW,NORMAL,82.08409970506122,17.91590029493878,terrain_instability,73.98,rainfall_trigger,24.07,exposure,23.29,LOW,LOW,STABLE_LOW,NORMAL,No immediate escalation indicated; continue routine monitoring.
566_408,70.9837770646326,HIGH,WATCH,88.11628941043836,11.883710589561645,spatial_pressure,97.66,susceptibility,96.03,exposure,55.36,LOW,LOW,STABLE_LOW,NORMAL,"Maintain enhanced monitoring and review changes in rainfall, soil wetness and neighboring risk."
566_414,64.61921447344162,HIGH,WATCH,89.85049607234585,10.149503927654152,susceptibility,98.15,exposure,54.93,terrain_instability,49.02,LOW,LOW,STABLE_LOW,NORMAL,"Maintain enhanced monitoring and review changes in rainfall, soil wetness and neighboring risk."
566_970,17.56363975054014,LOW,NORMAL,76.39315595333002,23.606844046669977,terrain_instability,56.4,rainfall_trigger,24.07,exposure,22.95,LOW,LOW,STABLE_LOW,NORMAL,No immediate escalation indicated; continue routine monitoring.
568_890,22.062555100614404,LOW,NORMAL,81.96974190974649,18.03025809025351,terrain_instability,73.73,exposure,28.29,rainfall_trigger,24.07,LOW,LOW,STABLE_LOW,NORMAL,No immediate escalation indicated; continue routine monitoring.
570_402,67.30916080347352,HIGH,WATCH,90.0200038814813,9.9799961185187,susceptibility,98.36,terrain_instability,59.43,exposure,58.37,LOW,LOW,STABLE_LOW,NORMAL,"Maintain enhanced monitoring and review changes in rainfall, soil wetness and neighboring risk."
577_896,16.452514838334032,LOW,NORMAL,76.49688476688934,23.503115233110663,terrain_instability,50.18,exposure,24.22,rainfall_trigger,24.07,LOW,LOW,STABLE_LOW,NORMAL,No immediate escalation indicated; continue routine monitoring.
583_493,77.67926646704012,EXTREME,CRITICAL,89.34344326721984,10.65655673278016,susceptibility,97.53,terrain_instability,72.56,spatial_pressure,70.17,LOW,LOW,STABLE_LOW,NORMAL,Prioritize immediate field assessment; review nearby infrastructure and consider enhanced warning/monitoring procedures.
587_470,34.437463666511135,MODERATE,NORMAL,64.42894683613248,35.57105316386752,exposure,63.88,terrain_instability,60.68,rainfall_trigger,24.07,LOW,LOW,STABLE_LOW,NORMAL,Continue routine monitoring with attention to changing environmental conditions.
587_492,50.55255507422872,HIGH,WATCH,56.49512293551392,43.50487706448608,spatial_pressure,98.66,exposure,59.64,susceptibility,57.38,LOW,LOW,STABLE_LOW,NORMAL,"Maintain enhanced monitoring and review changes in rainfall, soil wetness and neighboring risk."
588_407,73.98831174639271,HIGH,WATCH,89.9639202644328,10.0360797355672,susceptibility,98.29,spatial_pressure,97.71,exposure,62.02,LOW,LOW,STABLE_LOW,NORMAL,"Maintain enhanced monitoring and review changes in rainfall, soil wetness and neighboring risk."
589_492,77.35941201522037,EXTREME,CRITICAL,90.08689231816888,9.91310768183112,susceptibility,98.44,spatial_pressure,90.23,exposure,62.77,LOW,LOW,STABLE_LOW,NORMAL,Prioritize immediate field assessment; review nearby infrastructure and consider enhanced warning/monitoring procedures.
589_493,78.25812813576199,EXTREME,CRITICAL,89.32819158708179,10.67180841291821,susceptibility,97.51,spatial_pressure,90.7,terrain_instability,65.53,LOW,LOW,STABLE_LOW,NORMAL,Prioritize immediate field assessment; review nearby infrastructure and consider enhanced warning/monitoring procedures.
589_500,30.36679872758687,MODERATE,NORMAL,66.61069519977926,33.38930480022074,exposure,57.03,terrain_instability,51.46,rainfall_trigger,24.07,LOW,LOW,STABLE_LOW,NORMAL,Continue routine monitoring with attention to changing environmental conditions.
590_414,78.62944566482591,EXTREME,CRITICAL,89.04427924941945,10.955720750580554,spatial_pressure,97.71,susceptibility,97.17,terrain_instability,67.51,LOW,LOW,STABLE_LOW,NORMAL,Prioritize immediate field assessment; review nearby infrastructure and consider enhanced warning/monitoring procedures.
590_952,26.593083059664345,MODERATE,NORMAL,80.644089700129,19.355910299871,terrain_instability,94.33,exposure,26.17,rainfall_trigger,24.07,LOW,LOW,STABLE_LOW,NORMAL,Continue routine monitoring with attention to changing environmental conditions.
590_1117,22.786059847676285,LOW,NORMAL,76.90928146110421,23.090718538895786,terrain_instability,85.72,rainfall_trigger,24.07,exposure,20.57,LOW,LOW,STABLE_LOW,NORMAL,No immediate escalation indicated; continue routine monitoring.
592_410,74.63952788865245,HIGH,WATCH,88.69091035640771,11.309089643592287,spatial_pressure,98.6,susceptibility,96.73,exposure,63.66,LOW,LOW,STABLE_LOW,NORMAL,"Maintain enhanced monitoring and review changes in rainfall, soil wetness and neighboring risk."
592_748,24.232512119587504,LOW,NORMAL,80.07918518922406,19.920814810775937,terrain_instability,73.75,exposure,35.79,rainfall_trigger,24.07,LOW,LOW,STABLE_LOW,NORMAL,No immediate escalation indicated; continue routine monitoring.
593_445,65.03513427705447,HIGH,WATCH,86.40367577407469,13.596324225925317,susceptibility,93.94,exposure,64.46,terrain_instability,53.43,LOW,LOW,STABLE_LOW,NORMAL,"Maintain enhanced monitoring and review changes in rainfall, soil wetness and neighboring risk."
593_593,63.98901903064362,HIGH,WATCH,89.17204172366422,10.827958276335778,susceptibility,97.32,exposure,64.49,terrain_instability,40.57,LOW,LOW,STABLE_LOW,NORMAL,"Maintain enhanced monitoring and review changes in rainfall, soil wetness and neighboring risk."
593_607,53.08065315076598,HIGH,WATCH,61.92402437464615,38.07597562535385,exposure,75.5,susceptibility,64.02,terrain_instability,52.7,LOW,LOW,STABLE_LOW,NORMAL,"Maintain enhanced monitoring and review changes in rainfall, soil wetness and neighboring risk."
594_452,15.81383705596426,LOW,NORMAL,79.50635122928071,20.49364877071929,exposure,46.1,rainfall_trigger,24.07,terrain_instability,22.35,LOW,LOW,STABLE_LOW,NORMAL,No immediate escalation indicated; continue routine monitoring.
594_475,59.5724611083169,HIGH,WATCH,68.14167393798742,31.85832606201258,spatial_pressure,88.66,exposure,80.78,susceptibility,71.62,LOW,LOW,STABLE_LOW,NORMAL,"Maintain enhanced monitoring and review changes in rainfall, soil wetness and neighboring risk."
594_1271,12.219256866460782,LOW,NORMAL,83.17928146110421,16.82071853889579,terrain_instability,32.62,rainfall_trigger,24.07,exposure,21.92,LOW,LOW,STABLE_LOW,NORMAL,No immediate escalation indicated; continue routine monitoring.
595_402,82.25947036866394,EXTREME,CRITICAL,90.79600677514048,9.203993224859516,susceptibility,99.31,spatial_pressure,98.49,terrain_instability,82.36,LOW,LOW,STABLE_LOW,NORMAL,Prioritize immediate field assessment; review nearby infrastructure and consider enhanced warning/monitoring procedures.
595_406,77.4453987156221,EXTREME,CRITICAL,89.63929168149858,10.360708318501423,spatial_pressure,99.0,susceptibility,97.89,exposure,61.6,LOW,LOW,STABLE_LOW,NORMAL,Prioritize immediate field assessment; review nearby infrastructure and consider enhanced warning/monitoring procedures.
596_477,78.37029554730042,EXTREME,CRITICAL,80.98144797641439,19.018552023585613,susceptibility,87.31,exposure,84.85,spatial_pressure,81.84,LOW,LOW,STABLE_LOW,NORMAL,Prioritize immediate field assessment; review nearby infrastructure and consider enhanced warning/monitoring procedures.
596_480,62.21695337151547,HIGH,WATCH,70.94256715135712,29.057432848642875,spatial_pressure,87.98,exposure,87.59,susceptibility,75.04,LOW,LOW,STABLE_LOW,NORMAL,"Maintain enhanced monitoring and review changes in rainfall, soil wetness and neighboring risk."
596_820,68.94266377800926,HIGH,WARNING,88.54801301565323,11.451986984346776,susceptibility,96.56,terrain_instability,72.24,exposure,57.57,LOW,LOW,STABLE_LOW,NORMAL,Increase monitoring frequency; inspect exposed roads/settlements and review current rainfall and terrain conditions.
597_398,76.50765941709113,EXTREME,CRITICAL,89.49100234774966,10.508997652250343,spatial_pressure,98.9,susceptibility,97.71,terrain_instability,59.23,LOW,LOW,STABLE_LOW,NORMAL,Prioritize immediate field assessment; review nearby infrastructure and consider enhanced warning/monitoring procedures.
597_790,15.514496312840988,LOW,NORMAL,81.02554383184842,18.974456168151576,exposure,35.62,terrain_instability,32.9,rainfall_trigger,24.07,LOW,LOW,STABLE_LOW,NORMAL,No immediate escalation indicated; continue routine monitoring.
597_841,29.457756219056694,MODERATE,NORMAL,70.99499763322001,29.00500236677999,terrain_instability,81.85,exposure,48.52,rainfall_trigger,24.07,LOW,LOW,STABLE_LOW,NORMAL,Continue routine monitoring with attention to changing environmental conditions.
598_397,71.67407768970803,HIGH,WATCH,88.28592047310262,11.71407952689738,spatial_pressure,98.4,susceptibility,96.24,exposure,57.4,LOW,LOW,STABLE_LOW,NORMAL,"Maintain enhanced monitoring and review changes in rainfall, soil wetness and neighboring risk."
600_410,33.138111966635975,MODERATE,NORMAL,59.36655712163946,40.63344287836054,terrain_instability,60.84,exposure,36.43,susceptibility,29.11,LOW,LOW,STABLE_LOW,NORMAL,Continue routine monitoring with attention to changing environmental conditions.
600_634,39.32304938877997,MODERATE,NORMAL,49.17493403350685,50.82506596649316,exposure,71.22,susceptibility,48.44,rainfall_trigger,24.07,LOW,LOW,STABLE_LOW,NORMAL,Continue routine monitoring with attention to changing environmental conditions.
601_1438,10.18833777966258,LOW,NORMAL,83.17597567598025,16.824024324019746,terrain_instability,24.18,rainfall_trigger,24.07,exposure,19.61,LOW,LOW,STABLE_LOW,NORMAL,No immediate escalation indicated; continue routine monitoring.
601_1652,16.264933098685333,LOW,NORMAL,82.99123183949294,17.00876816050706,terrain_instability,43.57,exposure,33.6,rainfall_trigger,24.07,LOW,LOW,STABLE_LOW,NORMAL,No immediate escalation indicated; continue routine monitoring.
603_1213,18.57368757812489,LOW,NORMAL,81.29026139026595,18.70973860973405,terrain_instability,48.33,exposure,36.4,rainfall_trigger,24.07,LOW,LOW,STABLE_LOW,NORMAL,No immediate escalation indicated; continue routine monitoring.
604_398,67.63648310939755,HIGH,WATCH,89.2346083521349,10.7653916478651,susceptibility,97.4,terrain_instability,64.76,exposure,56.32,LOW,LOW,STABLE_LOW,NORMAL,"Maintain enhanced monitoring and review changes in rainfall, soil wetness and neighboring risk."
604_436,60.28889220679968,HIGH,WATCH,74.26036838755408,25.73963161244592,exposure,82.27,susceptibility,79.1,terrain_instability,49.73,LOW,LOW,STABLE_LOW,NORMAL,"Maintain enhanced monitoring and review changes in rainfall, soil wetness and neighboring risk."
604_485,68.3188793694889,HIGH,WATCH,77.74005482411216,22.25994517588784,spatial_pressure,94.23,exposure,90.07,susceptibility,83.35,LOW,LOW,STABLE_LOW,NORMAL,"Maintain enhanced monitoring and review changes in rainfall, soil wetness and neighboring risk."
604_932,19.54293252121725,LOW,NORMAL,81.86226005778173,18.137739942218275,terrain_instability,65.95,rainfall_trigger,24.07,exposure,21.46,LOW,LOW,STABLE_LOW,NORMAL,No immediate escalation indicated; continue routine monitoring.
607_142,40.66149087504005,MODERATE,NORMAL,47.17080217040561,52.82919782959439,terrain_instability,51.79,exposure,48.01,susceptibility,45.99,LOW,LOW,STABLE_LOW,NORMAL,Continue routine monitoring with attention to changing environmental conditions.
607_576,65.33320588284401,HIGH,WATCH,87.02818964497256,12.971810355027444,susceptibility,94.7,exposure,58.17,terrain_instability,57.92,LOW,LOW,STABLE_LOW,NORMAL,"Maintain enhanced monitoring and review changes in rainfall, soil wetness and neighboring risk."
608_488,76.76021885618798,EXTREME,CRITICAL,84.61335706732348,15.386642932676525,spatial_pressure,97.07,susceptibility,91.75,exposure,73.13,LOW,LOW,STABLE_LOW,NORMAL,Prioritize immediate field assessment; review nearby infrastructure and consider enhanced warning/monitoring procedures.
609_405,74.0256852518815,HIGH,WATCH,89.76045706096957,10.239542939030429,susceptibility,98.04,spatial_pressure,97.7,exposure,60.14,LOW,LOW,STABLE_LOW,NORMAL,"Maintain enhanced monitoring and review changes in rainfall, soil wetness and neighboring risk."
609_488,78.61839389550491,EXTREME,CRITICAL,89.7237257912497,10.276274208750294,susceptibility,98.0,spatial_pressure,97.5,exposure,69.19,LOW,LOW,STABLE_LOW,NORMAL,Prioritize immediate field assessment; review nearby infrastructure and consider enhanced warning/monitoring procedures.
610_488,72.13588961122801,HIGH,WATCH,87.0644887782627,12.9355112217373,spatial_pressure,97.85,susceptibility,94.75,exposure,67.46,LOW,LOW,STABLE_LOW,NORMAL,"Maintain enhanced monitoring and review changes in rainfall, soil wetness and neighboring risk."
610_595,42.38142497972768,MODERATE,NORMAL,55.89393936203412,44.10606063796588,susceptibility,56.65,exposure,54.31,terrain_instability,31.68,LOW,LOW,STABLE_LOW,NORMAL,Continue routine monitoring with attention to changing environmental conditions.
610_1049,20.466987744895317,LOW,NORMAL,82.73680121407853,17.263198785921475,terrain_instability,71.2,rainfall_trigger,24.07,exposure,23.83,LOW,LOW,STABLE_LOW,NORMAL,No immediate escalation indicated; continue routine monitoring.
611_429,77.8295852362367,EXTREME,CRITICAL,77.24522671104874,22.754773288951256,spatial_pressure,93.96,susceptibility,82.75,terrain_instability,82.29,LOW,LOW,STABLE_LOW,NORMAL,Prioritize immediate field assessment; review nearby infrastructure and consider enhanced warning/monitoring procedures.
611_489,77.31535385360016,EXTREME,CRITICAL,88.78111215488609,11.218887845113912,spatial_pressure,98.06,susceptibility,96.84,exposure,65.53,LOW,LOW,STABLE_LOW,NORMAL,Prioritize immediate field assessment; review nearby infrastructure and consider enhanced warning/monitoring procedures.
611_737,28.17394524566648,MODERATE,NORMAL,72.35032966191527,27.64967033808473,terrain_instability,74.77,exposure,54.37,rainfall_trigger,24.07,LOW,LOW,STABLE_LOW,NORMAL,Continue routine monitoring with attention to changing environmental conditions.
612_489,76.47997943527754,EXTREME,CRITICAL,89.6648891125293,10.335110887470703,spatial_pressure,97.98,susceptibility,97.92,exposure,67.13,LOW,LOW,STABLE_LOW,NORMAL,Prioritize immediate field assessment; review nearby infrastructure and consider enhanced warning/monitoring procedures.
613_406,73.17486618457878,HIGH,WATCH,89.54852244386257,10.451477556137434,spatial_pressure,98.48,susceptibility,97.78,exposure,60.85,LOW,LOW,STABLE_LOW,NORMAL,"Maintain enhanced monitoring and review changes in rainfall, soil wetness and neighboring risk."
613_427,78.3976747767028,EXTREME,CRITICAL,84.29799106968476,15.702008930315245,susceptibility,91.37,spatial_pressure,87.92,exposure,78.52,LOW,LOW,STABLE_LOW,NORMAL,Prioritize immediate field assessment; review nearby infrastructure and consider enhanced warning/monitoring procedures.
613_715,78.99753976219785,EXTREME,CRITICAL,89.42750534150917,10.572494658490823,susceptibility,97.63,spatial_pressure,96.56,exposure,68.39,LOW,LOW,STABLE_LOW,NORMAL,Prioritize immediate field assessment; review nearby infrastructure and consider enhanced warning/monitoring procedures.
614_407,72.80271323640824,HIGH,WATCH,86.50037285777071,13.499627142229286,spatial_pressure,98.82,susceptibility,94.06,exposure,60.62,LOW,LOW,STABLE_LOW,NORMAL,"Maintain enhanced monitoring and review changes in rainfall, soil wetness and neighboring risk."
614_699,65.62549878043468,HIGH,WATCH,88.5080880636878,11.491911936312206,susceptibility,96.51,exposure,57.84,terrain_instability,55.56,LOW,LOW,STABLE_LOW,NORMAL,"Maintain enhanced monitoring and review changes in rainfall, soil wetness and neighboring risk."
614_707,81.68425871614076,EXTREME,CRITICAL,89.4449492612258,10.5550507387742,susceptibility,97.66,spatial_pressure,96.34,terrain_instability,83.83,LOW,LOW,STABLE_LOW,NORMAL,Prioritize immediate field assessment; review nearby infrastructure and consider enhanced warning/monitoring procedures.
614_713,73.73127609079602,HIGH,WATCH,87.4501425256835,12.549857474316497,spatial_pressure,97.77,susceptibility,95.22,exposure,60.06,LOW,LOW,STABLE_LOW,NORMAL,"Maintain enhanced monitoring and review changes in rainfall, soil wetness and neighboring risk."
614_1649,22.63067288264807,LOW,NORMAL,76.68099592207486,23.319004077925143,terrain_instability,48.04,exposure,46.93,rainfall_trigger,24.07,LOW,LOW,STABLE_LOW,NORMAL,No immediate escalation indicated; continue routine monitoring.
615_710,80.66031747839277,EXTREME,CRITICAL,87.08673792710542,12.913262072894582,spatial_pressure,98.03,susceptibility,94.77,terrain_instability,84.97,LOW,LOW,STABLE_LOW,NORMAL,Prioritize immediate field assessment; review nearby infrastructure and consider enhanced warning/monitoring procedures.
616_401,74.80852021212394,HIGH,WATCH,89.78036135994961,10.219638640050391,spatial_pressure,98.78,susceptibility,98.07,exposure,59.84,LOW,LOW,STABLE_LOW,NORMAL,"Maintain enhanced monitoring and review changes in rainfall, soil wetness and neighboring risk."
616_402,72.44697891855844,HIGH,WATCH,89.78993042724596,10.210069572754035,spatial_pressure,98.55,susceptibility,98.08,exposure,59.54,LOW,LOW,STABLE_LOW,NORMAL,"Maintain enhanced monitoring and review changes in rainfall, soil wetness and neighboring risk."
616_405,69.64547162378953,HIGH,WATCH,87.29788130339386,12.702118696606137,spatial_pressure,98.75,susceptibility,95.03,exposure,60.82,LOW,LOW,STABLE_LOW,NORMAL,"Maintain enhanced monitoring and review changes in rainfall, soil wetness and neighboring risk."
616_406,76.9764244203158,EXTREME,CRITICAL,90.64660759066322,9.353392409336776,susceptibility,99.12,spatial_pressure,98.19,exposure,59.73,LOW,LOW,STABLE_LOW,NORMAL,Prioritize immediate field assessment; review nearby infrastructure and consider enhanced warning/monitoring procedures.
616_490,76.86691705882062,EXTREME,CRITICAL,90.224747436024,9.77525256397601,susceptibility,98.61,spatial_pressure,98.33,exposure,59.38,LOW,LOW,STABLE_LOW,NORMAL,Prioritize immediate field assessment; review nearby infrastructure and consider enhanced warning/monitoring procedures.
616_683,69.41428517494151,HIGH,WARNING,83.4552975493014,16.544702450698594,susceptibility,90.34,terrain_instability,86.02,exposure,61.01,LOW,LOW,STABLE_LOW,NORMAL,Increase monitoring frequency; inspect exposed roads/settlements and review current rainfall and terrain conditions.
616_692,71.66706495774277,HIGH,WARNING,90.13591522707816,9.864084772921842,susceptibility,98.5,terrain_instability,79.83,exposure,59.79,LOW,LOW,STABLE_LOW,NORMAL,Increase monitoring frequency; inspect exposed roads/settlements and review current rainfall and terrain conditions.
617_665,78.66876992468896,EXTREME,CRITICAL,86.32699697287245,13.67300302712755,spatial_pressure,96.24,susceptibility,93.85,terrain_instability,70.04,LOW,LOW,STABLE_LOW,NORMAL,Prioritize immediate field assessment; review nearby infrastructure and consider enhanced warning/monitoring procedures.
617_1559,14.17746498031581,LOW,NORMAL,82.36181625507737,17.638183744922628,exposure,40.05,terrain_instability,26.56,rainfall_trigger,24.07,LOW,LOW,STABLE_LOW,NORMAL,No immediate escalation indicated; continue routine monitoring.
618_403,75.08377244414389,EXTREME,CRITICAL,89.84980646030377,10.150193539696232,spatial_pressure,98.49,susceptibility,98.15,exposure,60.56,LOW,LOW,STABLE_LOW,NORMAL,Prioritize immediate field assessment; review nearby infrastructure and consider enhanced warning/monitoring procedures.
619_667,76.62274913555493,EXTREME,CRITICAL,86.97043353630903,13.02956646369097,spatial_pressure,95.69,susceptibility,94.63,exposure,71.11,LOW,LOW,STABLE_LOW,NORMAL,Prioritize immediate field assessment; review nearby infrastructure and consider enhanced warning/monitoring procedures.
619_724,65.36886895168338,HIGH,WATCH,88.99543015341625,11.004569846583747,susceptibility,97.11,exposure,59.85,terrain_instability,51.43,LOW,LOW,STABLE_LOW,NORMAL,"Maintain enhanced monitoring and review changes in rainfall, soil wetness and neighboring risk."
620_413,61.186985804577866,HIGH,WARNING,68.57000466037218,31.429995339627823,terrain_instability,84.38,susceptibility,72.14,exposure,62.93,LOW,LOW,STABLE_LOW,NORMAL,Increase monitoring frequency; inspect exposed roads/settlements and review current rainfall and terrain conditions.
621_427,75.75319398393063,EXTREME,CRITICAL,87.73840111592503,12.26159888407497,spatial_pressure,98.23,susceptibility,95.57,exposure,71.35,LOW,LOW,STABLE_LOW,NORMAL,Prioritize immediate field assessment; review nearby infrastructure and consider enhanced warning/monitoring procedures.
622_738,66.23604917962466,HIGH,WATCH,86.27522667672785,13.724773323272146,susceptibility,93.78,exposure,72.53,terrain_instability,53.74,LOW,LOW,STABLE_LOW,NORMAL,"Maintain enhanced monitoring and review changes in rainfall, soil wetness and neighboring risk."
623_426,82.50103600750835,EXTREME,CRITICAL,89.29630696008087,10.70369303991913,susceptibility,97.47,spatial_pressure,96.9,terrain_instability,76.37,LOW,LOW,STABLE_LOW,NORMAL,Prioritize immediate field assessment; review nearby infrastructure and consider enhanced warning/monitoring procedures.
623_1379,15.570550358287806,LOW,NORMAL,83.17597567598025,16.824024324019746,terrain_instability,51.33,rainfall_trigger,24.07,exposure,19.3,LOW,LOW,STABLE_LOW,NORMAL,No immediate escalation indicated; continue routine monitoring.
624_377,26.609985764049725,MODERATE,NORMAL,78.38131443115672,21.61868556884328,terrain_instability,82.92,exposure,33.2,rainfall_trigger,24.07,LOW,LOW,STABLE_LOW,NORMAL,Continue routine monitoring with attention to changing environmental conditions.
625_402,80.2237771868779,EXTREME,CRITICAL,90.84816286580306,9.151837134196938,susceptibility,99.37,spatial_pressure,99.18,terrain_instability,69.52,LOW,LOW,STABLE_LOW,NORMAL,Prioritize immediate field assessment; review nearby infrastructure and consider enhanced warning/monitoring procedures.
626_401,79.79843257845899,EXTREME,CRITICAL,90.40892585281604,9.591074147183946,spatial_pressure,99.56,susceptibility,98.83,terrain_instability,69.69,LOW,LOW,STABLE_LOW,NORMAL,Prioritize immediate field assessment; review nearby infrastructure and consider enhanced warning/monitoring procedures.
626_498,80.58995487956385,EXTREME,CRITICAL,90.50106496370512,9.49893503629488,susceptibility,98.95,spatial_pressure,98.93,terrain_instability,75.09,LOW,LOW,STABLE_LOW,NORMAL,Prioritize immediate field assessment; review nearby infrastructure and consider enhanced warning/monitoring procedures.
626_499,75.80718446713126,EXTREME,CRITICAL,90.1147114403112,9.885288559688805,spatial_pressure,99.26,susceptibility,98.47,exposure,61.02,LOW,LOW,STABLE_LOW,NORMAL,Prioritize immediate field assessment; review nearby infrastructure and consider enhanced warning/monitoring procedures.
626_533,18.77668030029551,LOW,NORMAL,77.38275848518552,22.61724151481448,exposure,64.67,rainfall_trigger,24.07,terrain_instability,17.4,LOW,LOW,STABLE_LOW,NORMAL,No immediate escalation indicated; continue routine monitoring.
626_711,74.46796314080008,HIGH,WATCH,90.37066875270324,9.62933124729676,susceptibility,98.79,spatial_pressure,93.61,exposure,59.8,LOW,LOW,STABLE_LOW,NORMAL,"Maintain enhanced monitoring and review changes in rainfall, soil wetness and neighboring risk."
626_712,78.01876138311144,EXTREME,CRITICAL,90.46736103989076,9.53263896010924,susceptibility,98.91,spatial_pressure,93.55,exposure,62.74,LOW,LOW,STABLE_LOW,NORMAL,Prioritize immediate field assessment; review nearby infrastructure and consider enhanced warning/monitoring procedures.
627_713,60.54174209089834,HIGH,WATCH,67.46085875079292,32.53914124920708,spatial_pressure,99.21,susceptibility,70.79,exposure,58.35,LOW,LOW,STABLE_LOW,NORMAL,"Maintain enhanced monitoring and review changes in rainfall, soil wetness and neighboring risk."
627_758,71.61344775359382,HIGH,WATCH,81.50322907276936,18.49677092723064,spatial_pressure,96.77,susceptibility,87.95,exposure,73.75,LOW,LOW,STABLE_LOW,NORMAL,"Maintain enhanced monitoring and review changes in rainfall, soil wetness and neighboring risk."
627_762,72.51767490161018,HIGH,WATCH,84.66740001810311,15.332599981896893,spatial_pressure,95.63,susceptibility,91.82,exposure,71.12,LOW,LOW,STABLE_LOW,NORMAL,"Maintain enhanced monitoring and review changes in rainfall, soil wetness and neighboring risk."
627_1306,11.308834720724589,LOW,NORMAL,83.12473600655878,16.875263993441223,terrain_instability,31.41,rainfall_trigger,24.07,exposure,17.26,LOW,LOW,STABLE_LOW,NORMAL,No immediate escalation indicated; continue routine monitoring.
628_762,72.72045630389007,HIGH,WATCH,83.06864350723427,16.93135649276573,spatial_pressure,95.78,susceptibility,89.86,exposure,71.78,LOW,LOW,STABLE_LOW,NORMAL,"Maintain enhanced monitoring and review changes in rainfall, soil wetness and neighboring risk."
628_1374,24.067688735121656,LOW,NORMAL,83.14324840325298,16.856751596747017,terrain_instability,94.07,rainfall_trigger,24.07,exposure,18.84,LOW,LOW,STABLE_LOW,NORMAL,No immediate escalation indicated; continue routine monitoring.
629_760,80.39832170870115,EXTREME,CRITICAL,89.64147395044034,10.358526049559655,susceptibility,97.9,spatial_pressure,94.73,terrain_instability,72.42,LOW,LOW,STABLE_LOW,NORMAL,Prioritize immediate field assessment; review nearby infrastructure and consider enhanced warning/monitoring procedures.
629_1017,15.083021792324976,LOW,NORMAL,82.60335965563696,17.396640344363036,terrain_instability,40.97,exposure,27.75,rainfall_trigger,24.07,LOW,LOW,STABLE_LOW,NORMAL,No immediate escalation indicated; continue routine monitoring.
630_759,76.52868664296315,EXTREME,CRITICAL,86.78927163909367,13.21072836090633,spatial_pressure,96.12,susceptibility,94.41,terrain_instability,64.21,LOW,LOW,STABLE_LOW,NORMAL,Prioritize immediate field assessment; review nearby infrastructure and consider enhanced warning/monitoring procedures.
631_766,64.51298259668023,HIGH,WATCH,77.54787133914792,22.45212866085208,spatial_pressure,93.88,susceptibility,83.11,exposure,69.48,LOW,LOW,STABLE_LOW,NORMAL,"Maintain enhanced monitoring and review changes in rainfall, soil wetness and neighboring risk."
633_506,67.64592185876083,HIGH,WATCH,83.38823563036257,16.611764369637427,spatial_pressure,98.65,susceptibility,90.25,exposure,62.99,LOW,LOW,STABLE_LOW,NORMAL,"Maintain enhanced monitoring and review changes in rainfall, soil wetness and neighboring risk."
634_1356,24.75933618980406,LOW,NORMAL,77.09541782474058,22.90458217525942,terrain_instability,97.77,rainfall_trigger,24.07,exposure,18.34,LOW,LOW,STABLE_LOW,NORMAL,No immediate escalation indicated; continue routine monitoring.
635_505,78.01069142526237,EXTREME,CRITICAL,89.78835624385358,10.211643756146415,susceptibility,98.08,spatial_pressure,93.18,terrain_instability,64.53,LOW,LOW,STABLE_LOW,NORMAL,Prioritize immediate field assessment; review nearby infrastructure and consider enhanced warning/monitoring procedures.
636_425,73.42176860609462,HIGH,WARNING,87.78504892092442,12.214951079075576,susceptibility,95.63,exposure,83.06,terrain_instability,77.62,LOW,LOW,STABLE_LOW,NORMAL,Increase monitoring frequency; inspect exposed roads/settlements and review current rainfall and terrain conditions.
636_522,70.9591090067072,HIGH,WARNING,88.8781224776198,11.121877522380204,susceptibility,96.96,terrain_instability,83.74,exposure,54.46,LOW,LOW,STABLE_LOW,NORMAL,Increase monitoring frequency; inspect exposed roads/settlements and review current rainfall and terrain conditions.
636_783,56.73476017018879,HIGH,WATCH,74.76271262086085,25.237287379139147,susceptibility,79.71,exposure,76.53,terrain_instability,34.89,LOW,LOW,STABLE_LOW,NORMAL,"Maintain enhanced monitoring and review changes in rainfall, soil wetness and neighboring risk."
637_791,59.93742175036084,HIGH,WATCH,81.92603669243357,18.07396330756643,susceptibility,88.47,exposure,65.45,terrain_instability,39.51,LOW,LOW,STABLE_LOW,NORMAL,"Maintain enhanced monitoring and review changes in rainfall, soil wetness and neighboring risk."
638_800,76.23934601343575,EXTREME,CRITICAL,87.9307871300837,12.0692128699163,spatial_pressure,97.59,susceptibility,95.81,exposure,62.35,LOW,LOW,STABLE_LOW,NORMAL,Prioritize immediate field assessment; review nearby infrastructure and consider enhanced warning/monitoring procedures.
638_1057,75.49153082703195,EXTREME,CRITICAL,81.36856201211128,18.63143798788872,spatial_pressure,90.06,susceptibility,87.78,terrain_instability,80.03,LOW,LOW,STABLE_LOW,NORMAL,Prioritize immediate field assessment; review nearby infrastructure and consider enhanced warning/monitoring procedures.
638_1523,9.98542806242691,LOW,NORMAL,83.14324840325298,16.856751596747017,rainfall_trigger,24.07,terrain_instability,22.37,exposure,20.56,LOW,LOW,STABLE_LOW,NORMAL,No immediate escalation indicated; continue routine monitoring.
639_392,34.21816969770104,MODERATE,NORMAL,63.86421275174598,36.13578724825402,terrain_instability,62.82,exposure,57.49,rainfall_trigger,24.07,LOW,LOW,STABLE_LOW,NORMAL,Continue routine monitoring with attention to changing environmental conditions.
639_1053,72.45479537440596,HIGH,WATCH,79.74395783638266,20.256042163617337,spatial_pressure,90.68,susceptibility,85.8,terrain_instability,64.45,LOW,LOW,STABLE_LOW,NORMAL,"Maintain enhanced monitoring and review changes in rainfall, soil wetness and neighboring risk."
639_1151,26.436093964560754,MODERATE,NORMAL,74.98114940495562,25.018850595044384,terrain_instability,62.16,exposure,47.24,rainfall_trigger,24.07,LOW,LOW,STABLE_LOW,NORMAL,Continue routine monitoring with attention to changing environmental conditions.
640_1048,70.32646434384975,HIGH,WATCH,78.20707862206103,21.792921377938967,spatial_pressure,90.06,susceptibility,83.92,exposure,68.59,LOW,LOW,STABLE_LOW,NORMAL,"Maintain enhanced monitoring and review changes in rainfall, soil wetness and neighboring risk."
641_800,78.58555081084967,EXTREME,CRITICAL,88.54961829891484,11.450381701085163,spatial_pressure,97.06,susceptibility,96.56,exposure,68.58,LOW,LOW,STABLE_LOW,NORMAL,Prioritize immediate field assessment; review nearby infrastructure and consider enhanced warning/monitoring procedures.
641_823,56.6761898006412,HIGH,WATCH,62.01980027413165,37.980199725868346,susceptibility,71.47,terrain_instability,67.18,exposure,57.81,LOW,LOW,STABLE_LOW,NORMAL,"Maintain enhanced monitoring and review changes in rainfall, soil wetness and neighboring risk."
642_642,82.3144561557896,EXTREME,CRITICAL,90.65366236630256,9.346337633697445,susceptibility,99.13,spatial_pressure,93.39,terrain_instability,83.23,LOW,LOW,STABLE_LOW,NORMAL,Prioritize immediate field assessment; review nearby infrastructure and consider enhanced warning/monitoring procedures.
642_646,74.60613287143445,HIGH,WATCH,87.49925808137777,12.500741918622223,susceptibility,95.28,spatial_pressure,94.19,exposure,57.73,LOW,LOW,STABLE_LOW,NORMAL,"Maintain enhanced monitoring and review changes in rainfall, soil wetness and neighboring risk."
643_643,82.20895850764911,EXTREME,CRITICAL,89.86708769097791,10.132912309022087,susceptibility,98.17,spatial_pressure,93.8,terrain_instability,86.08,LOW,LOW,STABLE_LOW,NORMAL,Prioritize immediate field assessment; review nearby infrastructure and consider enhanced warning/monitoring procedures.
643_681,71.31323610062255,HIGH,WARNING,91.0121224776198,8.987877522380188,susceptibility,99.57,terrain_instability,77.38,exposure,57.49,LOW,LOW,STABLE_LOW,NORMAL,Increase monitoring frequency; inspect exposed roads/settlements and review current rainfall and terrain conditions.
644_509,78.6030284447894,EXTREME,CRITICAL,89.86885717149735,10.131142828502648,spatial_pressure,98.72,susceptibility,98.17,terrain_instability,70.28,LOW,LOW,STABLE_LOW,NORMAL,Prioritize immediate field assessment; review nearby infrastructure and consider enhanced warning/monitoring procedures.
644_1042,68.43094236973678,HIGH,WARNING,77.2584911738586,22.7415088261414,terrain_instability,85.89,susceptibility,82.76,exposure,77.36,LOW,LOW,STABLE_LOW,NORMAL,Increase monitoring frequency; inspect exposed roads/settlements and review current rainfall and terrain conditions.
645_138,9.783864962985971,LOW,NORMAL,82.67956162608031,17.320438373919686,exposure,29.42,rainfall_trigger,24.07,terrain_instability,13.44,LOW,LOW,STABLE_LOW,NORMAL,No immediate escalation indicated; continue routine monitoring.
645_173,20.10749078086224,LOW,NORMAL,77.30952346172889,22.69047653827112,exposure,43.67,terrain_instability,39.6,rainfall_trigger,24.07,LOW,LOW,STABLE_LOW,NORMAL,No immediate escalation indicated; continue routine monitoring.
645_510,80.23085653432115,EXTREME,CRITICAL,89.86524678188698,10.13475321811302,spatial_pressure,98.72,susceptibility,98.17,terrain_instability,78.09,LOW,LOW,STABLE_LOW,NORMAL,Prioritize immediate field assessment; review nearby infrastructure and consider enhanced warning/monitoring procedures.
645_637,57.79357885225515,HIGH,WATCH,57.62291382269869,42.37708617730131,spatial_pressure,72.74,terrain_instability,67.4,susceptibility,58.76,LOW,LOW,STABLE_LOW,NORMAL,"Maintain enhanced monitoring and review changes in rainfall, soil wetness and neighboring risk."
645_642,60.45251469569187,HIGH,WATCH,59.50417144713813,40.495828552861866,spatial_pressure,94.87,terrain_instability,64.66,susceptibility,61.06,LOW,LOW,STABLE_LOW,NORMAL,"Maintain enhanced monitoring and review changes in rainfall, soil wetness and neighboring risk."
645_1029,71.2705279736922,HIGH,WATCH,80.10150492481353,19.898495075186474,spatial_pressure,89.3,susceptibility,86.24,exposure,75.17,LOW,LOW,STABLE_LOW,NORMAL,"Maintain enhanced monitoring and review changes in rainfall, soil wetness and neighboring risk."
645_1032,77.17190481965403,EXTREME,CRITICAL,80.60827206142028,19.39172793857972,spatial_pressure,89.22,susceptibility,86.86,exposure,81.24,LOW,LOW,STABLE_LOW,NORMAL,Prioritize immediate field assessment; review nearby infrastructure and consider enhanced warning/monitoring procedures.
647_542,64.15913191729199,HIGH,WATCH,89.99665604873309,10.003343951266912,susceptibility,98.33,exposure,64.75,terrain_instability,38.95,LOW,LOW,STABLE_LOW,NORMAL,"Maintain enhanced monitoring and review changes in rainfall, soil wetness and neighboring risk."
647_1034,67.71814896958156,HIGH,WATCH,70.8840349349104,29.1159650650896,spatial_pressure,90.8,exposure,80.95,susceptibility,74.97,LOW,LOW,STABLE_LOW,NORMAL,"Maintain enhanced monitoring and review changes in rainfall, soil wetness and neighboring risk."
648_1030,72.86853721600663,HIGH,WATCH,80.77380126483713,19.226198735162868,spatial_pressure,89.13,susceptibility,87.06,exposure,75.54,LOW,LOW,STABLE_LOW,NORMAL,"Maintain enhanced monitoring and review changes in rainfall, soil wetness and neighboring risk."
649_1368,24.452211343871653,LOW,NORMAL,77.14655418837694,22.85344581162306,terrain_instability,93.92,rainfall_trigger,24.07,exposure,21.62,LOW,LOW,STABLE_LOW,NORMAL,No immediate escalation indicated; continue routine monitoring.
650_513,79.48898778831631,EXTREME,CRITICAL,90.89242860006878,9.107571399931215,susceptibility,99.42,spatial_pressure,99.33,terrain_instability,70.88,LOW,LOW,STABLE_LOW,NORMAL,Prioritize immediate field assessment; review nearby infrastructure and consider enhanced warning/monitoring procedures.
650_1051,24.18130755785489,LOW,NORMAL,78.67755662050129,21.322443379498708,terrain_instability,65.2,exposure,41.71,rainfall_trigger,24.07,LOW,LOW,STABLE_LOW,NORMAL,No immediate escalation indicated; continue routine monitoring.
651_1624,13.161528014561693,LOW,NORMAL,83.17928146110421,16.82071853889579,terrain_instability,37.53,rainfall_trigger,24.07,exposure,21.64,LOW,LOW,STABLE_LOW,NORMAL,No immediate escalation indicated; continue routine monitoring.
652_418,39.96037848576563,MODERATE,NORMAL,60.089108485058574,39.91089151494143,terrain_instability,83.12,exposure,54.85,susceptibility,28.22,LOW,LOW,STABLE_LOW,NORMAL,Continue routine monitoring with attention to changing environmental conditions.
652_515,79.0387382290909,EXTREME,CRITICAL,90.83583769097788,9.164162309022132,spatial_pressure,99.36,susceptibility,99.36,terrain_instability,68.46,LOW,LOW,STABLE_LOW,NORMAL,Prioritize immediate field assessment; review nearby infrastructure and consider enhanced warning/monitoring procedures.
652_1018,68.07608919314372,HIGH,WARNING,79.65918841779117,20.34081158220883,susceptibility,85.7,terrain_instability,82.4,exposure,70.84,LOW,LOW,STABLE_LOW,NORMAL,Increase monitoring frequency; inspect exposed roads/settlements and review current rainfall and terrain conditions.
654_952,15.287427443677265,LOW,NORMAL,83.12473600655878,16.875263993441223,terrain_instability,50.03,rainfall_trigger,24.07,exposure,18.96,LOW,LOW,STABLE_LOW,NORMAL,No immediate escalation indicated; continue routine monitoring.
655_512,79.04926279965532,EXTREME,CRITICAL,89.93015694315429,10.069843056845713,spatial_pressure,99.58,susceptibility,98.25,terrain_instability,72.09,LOW,LOW,STABLE_LOW,NORMAL,Prioritize immediate field assessment; review nearby infrastructure and consider enhanced warning/monitoring procedures.
655_1178,14.307627997074857,LOW,NORMAL,82.67622360986455,17.32377639013545,terrain_instability,36.47,exposure,28.85,rainfall_trigger,24.07,LOW,LOW,STABLE_LOW,NORMAL,No immediate escalation indicated; continue routine monitoring.
656_324,36.52676271946227,MODERATE,NORMAL,49.530140762181375,50.46985923781863,exposure,51.52,susceptibility,41.13,terrain_instability,39.42,LOW,LOW,STABLE_LOW,NORMAL,Continue routine monitoring with attention to changing environmental conditions.
656_1008,77.28380117905299,EXTREME,CRITICAL,84.5160826732683,15.4839173267317,spatial_pressure,92.41,susceptibility,91.63,terrain_instability,78.94,LOW,LOW,STABLE_LOW,NORMAL,Prioritize immediate field assessment; review nearby infrastructure and consider enhanced warning/monitoring procedures.
657_85,16.27817291972037,LOW,NORMAL,79.46883355874648,20.53116644125352,exposure,69.09,rainfall_trigger,24.07,soil_wetness,13.22,LOW,LOW,STABLE_LOW,NORMAL,No immediate escalation indicated; continue routine monitoring.
657_1007,75.27064463920149,EXTREME,CRITICAL,82.46132617976184,17.53867382023816,spatial_pressure,94.39,susceptibility,89.12,terrain_instability,75.23,LOW,LOW,STABLE_LOW,NORMAL,Prioritize immediate field assessment; review nearby infrastructure and consider enhanced warning/monitoring procedures.
658_575,71.88214964227679,HIGH,WATCH,86.60494714342695,13.395052856573043,spatial_pressure,94.53,susceptibility,94.18,exposure,66.38,LOW,LOW,STABLE_LOW,NORMAL,"Maintain enhanced monitoring and review changes in rainfall, soil wetness and neighboring risk."
659_576,61.90932116661053,HIGH,WATCH,73.39394093569557,26.606059064304432,spatial_pressure,96.69,susceptibility,78.04,exposure,67.98,LOW,LOW,STABLE_LOW,NORMAL,"Maintain enhanced monitoring and review changes in rainfall, soil wetness and neighboring risk."
659_1047,16.65625741413119,LOW,NORMAL,81.40642664468777,18.59357335531223,terrain_instability,43.0,exposure,31.15,rainfall_trigger,24.07,LOW,LOW,STABLE_LOW,NORMAL,No immediate escalation indicated; continue routine monitoring.
660_520,48.74768117274337,MODERATE,WATCH,57.26408352038362,42.73591647961638,spatial_pressure,92.27,susceptibility,58.32,exposure,55.13,LOW,LOW,STABLE_LOW,NORMAL,"Maintain enhanced monitoring and review changes in rainfall, soil wetness and neighboring risk."
660_577,76.11051015499692,EXTREME,CRITICAL,88.91335933599953,11.08664066400047,susceptibility,97.01,spatial_pressure,93.31,exposure,70.68,LOW,LOW,STABLE_LOW,NORMAL,Prioritize immediate field assessment; review nearby infrastructure and consider enhanced warning/monitoring procedures.
660_681,19.01271840290773,LOW,NORMAL,78.04850952552991,21.95149047447009,exposure,50.63,terrain_instability,30.94,rainfall_trigger,24.07,LOW,LOW,STABLE_LOW,NORMAL,No immediate escalation indicated; continue routine monitoring.
660_1004,77.54284893462074,EXTREME,CRITICAL,82.49931319274884,17.500686807251157,spatial_pressure,94.38,susceptibility,89.17,terrain_instability,87.74,LOW,LOW,STABLE_LOW,NORMAL,Prioritize immediate field assessment; review nearby infrastructure and consider enhanced warning/monitoring procedures.
661_579,69.73957631186464,HIGH,WATCH,83.7567644571293,16.243235542870707,spatial_pressure,95.0,susceptibility,90.7,exposure,67.32,LOW,LOW,STABLE_LOW,NORMAL,"Maintain enhanced monitoring and review changes in rainfall, soil wetness and neighboring risk."
661_798,71.71313513237355,HIGH,WATCH,86.71934943646912,13.280650563530884,susceptibility,94.32,spatial_pressure,89.97,exposure,52.67,LOW,LOW,STABLE_LOW,NORMAL,"Maintain enhanced monitoring and review changes in rainfall, soil wetness and neighboring risk."
661_1004,73.47592843507087,HIGH,WATCH,85.60545706096961,14.394542939030387,spatial_pressure,95.25,susceptibility,92.96,terrain_instability,57.25,LOW,LOW,STABLE_LOW,NORMAL,"Maintain enhanced monitoring and review changes in rainfall, soil wetness and neighboring risk."
661_1267,20.21893037712085,LOW,NORMAL,82.829227424232,17.170772575767998,terrain_instability,65.36,exposure,30.31,rainfall_trigger,24.07,LOW,LOW,STABLE_LOW,NORMAL,No immediate escalation indicated; continue routine monitoring.
662_496,21.959668387391982,LOW,NORMAL,81.65029171463269,18.34970828536732,terrain_instability,68.83,exposure,32.96,rainfall_trigger,24.07,LOW,LOW,STABLE_LOW,NORMAL,No immediate escalation indicated; continue routine monitoring.
662_798,71.68946916829077,HIGH,WATCH,87.92855018701727,12.071449812982737,susceptibility,95.8,spatial_pressure,89.33,exposure,53.5,LOW,LOW,STABLE_LOW,NORMAL,"Maintain enhanced monitoring and review changes in rainfall, soil wetness and neighboring risk."
663_192,40.40499595721427,MODERATE,NORMAL,66.95739908413019,33.04260091586981,terrain_instability,77.51,spatial_pressure,68.23,exposure,45.0,LOW,LOW,STABLE_LOW,NORMAL,Continue routine monitoring with attention to changing environmental conditions.
663_798,67.88463076789726,HIGH,WATCH,83.4544351589116,16.545564841088407,spatial_pressure,90.5,susceptibility,90.33,exposure,54.03,LOW,LOW,STABLE_LOW,NORMAL,"Maintain enhanced monitoring and review changes in rainfall, soil wetness and neighboring risk."
664_436,73.05577146414518,HIGH,WATCH,87.54549024621485,12.454509753785146,susceptibility,95.33,spatial_pressure,92.92,exposure,55.6,LOW,LOW,STABLE_LOW,NORMAL,"Maintain enhanced monitoring and review changes in rainfall, soil wetness and neighboring risk."
664_518,64.23848539665852,HIGH,WATCH,82.33080809492705,17.66919190507295,susceptibility,88.96,spatial_pressure,70.83,exposure,51.99,LOW,LOW,STABLE_LOW,NORMAL,"Maintain enhanced monitoring and review changes in rainfall, soil wetness and neighboring risk."
664_552,46.610084984804,MODERATE,NORMAL,52.62614488378506,47.37385511621494,exposure,91.49,susceptibility,52.66,terrain_instability,33.92,LOW,LOW,STABLE_LOW,NORMAL,Continue routine monitoring with attention to changing environmental conditions.
665_191,41.49647616057596,MODERATE,NORMAL,54.2283938040684,45.7716061959316,susceptibility,54.61,exposure,50.96,terrain_instability,27.41,LOW,LOW,STABLE_LOW,NORMAL,Continue routine monitoring with attention to changing environmental conditions.
665_436,65.75203213799747,HIGH,WATCH,83.08350473407968,16.916495265920318,spatial_pressure,96.73,susceptibility,89.88,exposure,55.03,LOW,LOW,STABLE_LOW,NORMAL,"Maintain enhanced monitoring and review changes in rainfall, soil wetness and neighboring risk."
665_797,49.24165839032882,MODERATE,WATCH,48.8875332478042,51.1124667521958,spatial_pressure,96.14,susceptibility,48.09,exposure,46.71,LOW,LOW,STABLE_LOW,NORMAL,"Maintain enhanced monitoring and review changes in rainfall, soil wetness and neighboring risk."
665_1000,75.78668704996953,EXTREME,CRITICAL,87.85872773766133,12.141272262338674,susceptibility,95.72,spatial_pressure,95.07,terrain_instability,63.94,LOW,LOW,STABLE_LOW,NORMAL,Prioritize immediate field assessment; review nearby infrastructure and consider enhanced warning/monitoring procedures.
666_786,20.654237219840176,LOW,NORMAL,80.30122262429025,19.69877737570976,terrain_instability,61.55,exposure,29.02,rainfall_trigger,24.07,LOW,LOW,STABLE_LOW,NORMAL,No immediate escalation indicated; continue routine monitoring.
666_1210,15.552013192272703,LOW,NORMAL,82.90941365767478,17.090586342325224,terrain_instability,42.28,exposure,30.26,rainfall_trigger,24.07,LOW,LOW,STABLE_LOW,NORMAL,No immediate escalation indicated; continue routine monitoring.
667_826,73.01595314273283,HIGH,WARNING,90.32678537993488,9.67321462006511,susceptibility,98.73,terrain_instability,88.12,exposure,57.03,LOW,LOW,STABLE_LOW,NORMAL,Increase monitoring frequency; inspect exposed roads/settlements and review current rainfall and terrain conditions.
668_1439,22.076284872936498,LOW,NORMAL,82.62813860396136,17.37186139603864,terrain_instability,73.91,exposure,30.56,rainfall_trigger,24.07,LOW,LOW,STABLE_LOW,NORMAL,No immediate escalation indicated; continue routine monitoring.
670_680,60.29498639951397,HIGH,WATCH,78.39799680947282,21.602003190527185,susceptibility,84.15,exposure,74.28,terrain_instability,44.38,LOW,LOW,STABLE_LOW,NORMAL,"Maintain enhanced monitoring and review changes in rainfall, soil wetness and neighboring risk."
670_1073,15.885609235296004,LOW,NORMAL,83.17373446572671,16.82626553427329,terrain_instability,50.96,rainfall_trigger,24.07,exposure,21.89,LOW,LOW,STABLE_LOW,NORMAL,No immediate escalation indicated; continue routine monitoring.
674_841,74.67567161326033,HIGH,WARNING,74.91912740126759,25.08087259873241,spatial_pressure,96.5,susceptibility,87.24,terrain_instability,75.4,LOW,LOW,STABLE_LOW,NORMAL,Increase monitoring frequency; inspect exposed roads/settlements and review current rainfall and terrain conditions.
675_428,13.04951294380458,LOW,NORMAL,82.13740319865659,17.862596801343415,terrain_instability,29.11,exposure,28.31,rainfall_trigger,24.07,LOW,LOW,STABLE_LOW,NORMAL,No immediate escalation indicated; continue routine monitoring.
675_1528,13.092885258498882,LOW,NORMAL,82.07611735248557,17.923882647514432,exposure,40.76,rainfall_trigger,24.07,terrain_instability,19.56,LOW,LOW,STABLE_LOW,NORMAL,No immediate escalation indicated; continue routine monitoring.
676_677,36.99563129157528,MODERATE,NORMAL,69.43907229130579,30.56092770869421,terrain_instability,89.42,exposure,60.97,rainfall_trigger,24.07,LOW,LOW,STABLE_LOW,NORMAL,Continue routine monitoring with attention to changing environmental conditions.
677_766,24.57121334923933,LOW,NORMAL,82.47789030988255,17.522109690117446,terrain_instability,91.51,rainfall_trigger,24.07,exposure,23.17,LOW,LOW,STABLE_LOW,NORMAL,No immediate escalation indicated; continue routine monitoring.
677_822,21.447348091004628,LOW,NORMAL,80.07666957417207,19.923330425827928,terrain_instability,65.06,exposure,28.81,rainfall_trigger,24.07,LOW,LOW,STABLE_LOW,NORMAL,No immediate escalation indicated; continue routine monitoring.
678_841,73.13430600684435,HIGH,WATCH,84.84647497191241,15.153525028087586,spatial_pressure,95.54,susceptibility,92.04,terrain_instability,57.25,LOW,LOW,STABLE_LOW,NORMAL,"Maintain enhanced monitoring and review changes in rainfall, soil wetness and neighboring risk."
678_1443,14.4813980099831,LOW,NORMAL,82.96636528636986,17.033634713630136,terrain_instability,37.43,exposure,29.8,rainfall_trigger,24.07,LOW,LOW,STABLE_LOW,NORMAL,No immediate escalation indicated; continue routine monitoring.
679_840,77.12754368078369,EXTREME,CRITICAL,88.23745205092621,11.762547949073792,susceptibility,96.18,spatial_pressure,94.12,terrain_instability,67.96,LOW,LOW,STABLE_LOW,NORMAL,Prioritize immediate field assessment; review nearby infrastructure and consider enhanced warning/monitoring procedures.
679_1526,13.2841410473623,LOW,NORMAL,82.58740924241383,17.412590757586173,exposure,32.08,terrain_instability,28.22,rainfall_trigger,24.07,LOW,LOW,STABLE_LOW,NORMAL,No immediate escalation indicated; continue routine monitoring.
681_836,80.6822060670405,EXTREME,CRITICAL,85.47986009742519,14.520139902574812,spatial_pressure,96.9,susceptibility,92.81,terrain_instability,90.6,LOW,LOW,STABLE_LOW,NORMAL,Prioritize immediate field assessment; review nearby infrastructure and consider enhanced warning/monitoring procedures.
681_945,16.91988790197081,LOW,NORMAL,83.01961203961662,16.980387960383382,terrain_instability,56.12,rainfall_trigger,24.07,exposure,21.33,LOW,LOW,STABLE_LOW,NORMAL,No immediate escalation indicated; continue routine monitoring.
681_1322,20.74971840673353,LOW,NORMAL,70.97690911954932,29.02309088045068,exposure,46.96,rainfall_trigger,24.07,terrain_instability,22.93,LOW,LOW,STABLE_LOW,NORMAL,No immediate escalation indicated; continue routine monitoring.
682_700,52.5330734609768,HIGH,WATCH,69.86124432979364,30.138755670206365,susceptibility,73.72,exposure,73.7,terrain_instability,29.48,LOW,LOW,STABLE_LOW,NORMAL,"Maintain enhanced monitoring and review changes in rainfall, soil wetness and neighboring risk."
682_830,65.37351773469321,HIGH,WATCH,69.58678550553465,30.41321449446535,spatial_pressure,96.49,susceptibility,80.72,exposure,56.88,LOW,LOW,STABLE_LOW,NORMAL,"Maintain enhanced monitoring and review changes in rainfall, soil wetness and neighboring risk."
682_832,69.24780841819951,HIGH,WATCH,82.18839101366288,17.81160898633712,spatial_pressure,95.37,susceptibility,88.79,exposure,56.02,LOW,LOW,STABLE_LOW,NORMAL,"Maintain enhanced monitoring and review changes in rainfall, soil wetness and neighboring risk."
682_889,24.42793151088499,LOW,NORMAL,76.97814509746786,23.02185490253214,terrain_instability,95.05,rainfall_trigger,24.07,exposure,19.33,LOW,LOW,STABLE_LOW,NORMAL,No immediate escalation indicated; continue routine monitoring.
683_833,78.72809335314156,EXTREME,CRITICAL,89.29146070461022,10.708539295389784,susceptibility,97.47,spatial_pressure,92.82,terrain_instability,72.05,LOW,LOW,STABLE_LOW,NORMAL,Prioritize immediate field assessment; review nearby infrastructure and consider enhanced warning/monitoring procedures.
683_1168,20.160418049383665,LOW,NORMAL,77.05479827305939,22.94520172694061,terrain_instability,72.69,rainfall_trigger,24.07,exposure,20.97,LOW,LOW,STABLE_LOW,NORMAL,No immediate escalation indicated; continue routine monitoring.
684_539,23.88520110158509,LOW,NORMAL,71.91634727497677,28.083652725023228,exposure,56.43,terrain_instability,34.09,rainfall_trigger,24.07,LOW,LOW,STABLE_LOW,NORMAL,No immediate escalation indicated; continue routine monitoring.
685_800,53.63309758351842,HIGH,WATCH,76.9171451028355,23.08285489716449,susceptibility,82.34,exposure,50.26,terrain_instability,33.16,LOW,LOW,STABLE_LOW,NORMAL,"Maintain enhanced monitoring and review changes in rainfall, soil wetness and neighboring risk."
685_1307,11.621148176085915,LOW,NORMAL,83.17928146110421,16.82071853889579,terrain_instability,26.77,exposure,25.73,rainfall_trigger,24.07,LOW,LOW,STABLE_LOW,NORMAL,No immediate escalation indicated; continue routine monitoring.
686_1225,24.810679162483176,LOW,NORMAL,76.80983931234388,23.19016068765612,terrain_instability,95.07,rainfall_trigger,24.07,exposure,21.23,LOW,LOW,STABLE_LOW,NORMAL,No immediate escalation indicated; continue routine monitoring.
688_812,65.97741836758726,HIGH,WARNING,83.29309107424058,16.70690892575942,susceptibility,90.14,terrain_instability,77.46,exposure,50.11,LOW,LOW,STABLE_LOW,NORMAL,Increase monitoring frequency; inspect exposed roads/settlements and review current rainfall and terrain conditions.
688_1274,13.144123287408531,LOW,NORMAL,82.59505801331913,17.404941986680868,terrain_instability,30.38,exposure,28.92,rainfall_trigger,24.07,LOW,LOW,STABLE_LOW,NORMAL,No immediate escalation indicated; continue routine monitoring.
688_1556,12.095146833969617,LOW,NORMAL,81.49559787196608,18.50440212803392,exposure,27.63,rainfall_trigger,24.07,terrain_instability,23.08,LOW,LOW,STABLE_LOW,NORMAL,No immediate escalation indicated; continue routine monitoring.
688_1616,15.553166238836582,LOW,NORMAL,83.15882691564968,16.841173084350316,terrain_instability,51.44,rainfall_trigger,24.07,exposure,18.97,LOW,LOW,STABLE_LOW,NORMAL,No immediate escalation indicated; continue routine monitoring.
689_462,74.00042501162272,HIGH,WATCH,89.01743871303844,10.982561286961555,spatial_pressure,98.28,susceptibility,97.13,exposure,58.93,LOW,LOW,STABLE_LOW,NORMAL,"Maintain enhanced monitoring and review changes in rainfall, soil wetness and neighboring risk."
690_463,82.79744409518679,EXTREME,CRITICAL,90.852233794874,9.147766205126004,susceptibility,99.38,spatial_pressure,97.16,terrain_instability,84.31,LOW,LOW,STABLE_LOW,NORMAL,Prioritize immediate field assessment; review nearby infrastructure and consider enhanced warning/monitoring procedures.
690_466,72.01752261529631,HIGH,WATCH,85.61277962212935,14.387220377870648,spatial_pressure,99.11,susceptibility,92.97,exposure,61.28,LOW,LOW,STABLE_LOW,NORMAL,"Maintain enhanced monitoring and review changes in rainfall, soil wetness and neighboring risk."
690_552,59.44026459059004,HIGH,WATCH,75.9228011686767,24.0771988313233,exposure,92.56,susceptibility,81.13,terrain_instability,33.2,LOW,LOW,STABLE_LOW,NORMAL,"Maintain enhanced monitoring and review changes in rainfall, soil wetness and neighboring risk."
690_1038,24.05853428362088,LOW,NORMAL,82.6046435566358,17.395356443364193,terrain_instability,90.64,rainfall_trigger,24.07,exposure,21.38,LOW,LOW,STABLE_LOW,NORMAL,No immediate escalation indicated; continue routine monitoring.
691_75,15.708001468494388,LOW,NORMAL,77.85821281585301,22.14178718414699,exposure,59.35,rainfall_trigger,24.07,soil_wetness,13.22,LOW,LOW,STABLE_LOW,NORMAL,No immediate escalation indicated; continue routine monitoring.
691_421,15.29995491227635,LOW,NORMAL,81.80292478466086,18.19707521533914,terrain_instability,40.73,exposure,26.59,rainfall_trigger,24.07,LOW,LOW,STABLE_LOW,NORMAL,No immediate escalation indicated; continue routine monitoring.
691_453,75.53503447781998,EXTREME,CRITICAL,90.13669082720337,9.863309172796647,spatial_pressure,99.63,susceptibility,98.5,exposure,58.81,LOW,LOW,STABLE_LOW,NORMAL,Prioritize immediate field assessment; review nearby infrastructure and consider enhanced warning/monitoring procedures.
692_978,57.40047783139508,HIGH,WATCH,73.65581561150998,26.34418438849002,susceptibility,78.36,terrain_instability,61.72,exposure,49.25,LOW,LOW,STABLE_LOW,NORMAL,"Maintain enhanced monitoring and review changes in rainfall, soil wetness and neighboring risk."
693_857,18.59667805801308,LOW,NORMAL,82.82895088259184,17.17104911740816,terrain_instability,62.61,rainfall_trigger,24.07,exposure,23.16,LOW,LOW,STABLE_LOW,NORMAL,No immediate escalation indicated; continue routine monitoring.
694_455,82.48748338898677,EXTREME,CRITICAL,90.9306104182506,9.069389581749393,susceptibility,99.47,spatial_pressure,98.95,terrain_instability,82.62,LOW,LOW,STABLE_LOW,NORMAL,Prioritize immediate field assessment; review nearby infrastructure and consider enhanced warning/monitoring procedures.
694_1647,16.56099196057648,LOW,NORMAL,83.17597567598025,16.824024324019746,terrain_instability,58.06,rainfall_trigger,24.07,exposure,16.92,LOW,LOW,STABLE_LOW,NORMAL,No immediate escalation indicated; continue routine monitoring.
695_815,73.44914934999827,HIGH,WATCH,87.33250010194301,12.667499898056988,spatial_pressure,97.3,susceptibility,95.07,terrain_instability,54.25,LOW,LOW,STABLE_LOW,NORMAL,"Maintain enhanced monitoring and review changes in rainfall, soil wetness and neighboring risk."
697_813,77.15137954679562,EXTREME,CRITICAL,86.43308982548932,13.56691017451068,spatial_pressure,97.12,susceptibility,93.97,terrain_instability,76.96,LOW,LOW,STABLE_LOW,NORMAL,Prioritize immediate field assessment; review nearby infrastructure and consider enhanced warning/monitoring procedures.
698_299,36.06380499345616,MODERATE,NORMAL,47.15644700840163,52.84355299159837,exposure,50.75,susceptibility,44.03,terrain_instability,31.15,LOW,LOW,STABLE_LOW,NORMAL,Continue routine monitoring with attention to changing environmental conditions.
698_438,81.01012578407418,EXTREME,CRITICAL,90.5521039247441,9.447896075255898,susceptibility,99.01,spatial_pressure,98.49,terrain_instability,78.14,LOW,LOW,STABLE_LOW,NORMAL,Prioritize immediate field assessment; review nearby infrastructure and consider enhanced warning/monitoring procedures.
698_814,80.30261104014019,EXTREME,CRITICAL,87.67007851537088,12.329921484629123,spatial_pressure,96.97,susceptibility,95.49,terrain_instability,87.91,LOW,LOW,STABLE_LOW,NORMAL,Prioritize immediate field assessment; review nearby infrastructure and consider enhanced warning/monitoring procedures.
698_962,54.298046018050506,HIGH,WATCH,70.15547900421012,29.84452099578988,susceptibility,74.08,terrain_instability,53.96,exposure,51.75,LOW,LOW,STABLE_LOW,NORMAL,"Maintain enhanced monitoring and review changes in rainfall, soil wetness and neighboring risk."
699_342,25.481391259128195,MODERATE,NORMAL,65.70049553313574,34.29950446686426,exposure,54.25,terrain_instability,26.61,rainfall_trigger,24.07,LOW,LOW,STABLE_LOW,NORMAL,Continue routine monitoring with attention to changing environmental conditions.
699_439,74.79943600983891,HIGH,WATCH,89.59292459343712,10.407075406562882,spatial_pressure,99.31,susceptibility,97.84,exposure,57.3,LOW,LOW,STABLE_LOW,NORMAL,"Maintain enhanced monitoring and review changes in rainfall, soil wetness and neighboring risk."
699_780,11.54222301262092,LOW,NORMAL,82.8514302214348,17.148569778565204,terrain_instability,28.65,rainfall_trigger,24.07,exposure,21.49,LOW,LOW,STABLE_LOW,NORMAL,No immediate escalation indicated; continue routine monitoring.
699_813,80.35900855117681,EXTREME,CRITICAL,88.91915643744883,11.080843562551166,susceptibility,97.01,spatial_pressure,96.5,terrain_instability,84.09,LOW,LOW,STABLE_LOW,NORMAL,Prioritize immediate field assessment; review nearby infrastructure and consider enhanced warning/monitoring procedures.
699_834,66.79053763464147,HIGH,WATCH,81.76750503621847,18.232494963781534,susceptibility,95.61,terrain_instability,65.25,exposure,55.4,LOW,LOW,STABLE_LOW,NORMAL,"Maintain enhanced monitoring and review changes in rainfall, soil wetness and neighboring risk."
700_491,71.75812024120575,HIGH,WATCH,85.0379237733447,14.9620762266553,spatial_pressure,97.33,susceptibility,92.27,exposure,83.0,LOW,LOW,STABLE_LOW,NORMAL,"Maintain enhanced monitoring and review changes in rainfall, soil wetness and neighboring risk."
700_541,56.426127530291225,HIGH,WATCH,80.54947517418435,19.45052482581565,susceptibility,86.78,exposure,69.48,rainfall_trigger,24.07,LOW,LOW,STABLE_LOW,NORMAL,"Maintain enhanced monitoring and review changes in rainfall, soil wetness and neighboring risk."
700_614,63.68143256458395,HIGH,WATCH,86.9732944009346,13.026705599065394,susceptibility,94.63,exposure,74.27,terrain_instability,37.74,LOW,LOW,STABLE_LOW,NORMAL,"Maintain enhanced monitoring and review changes in rainfall, soil wetness and neighboring risk."
700_713,63.800030590920585,HIGH,WATCH,88.81225543989564,11.187744560104363,susceptibility,96.88,exposure,67.01,terrain_instability,38.72,LOW,LOW,STABLE_LOW,NORMAL,"Maintain enhanced monitoring and review changes in rainfall, soil wetness and neighboring risk."
700_812,79.80815710125755,EXTREME,CRITICAL,85.31248996755511,14.68751003244489,spatial_pressure,94.85,susceptibility,92.61,terrain_instability,90.13,LOW,LOW,STABLE_LOW,NORMAL,Prioritize immediate field assessment; review nearby infrastructure and consider enhanced warning/monitoring procedures.
702_453,68.51995784537263,HIGH,WATCH,91.10447601498852,8.895523985011465,susceptibility,99.68,exposure,63.45,terrain_instability,58.69,LOW,LOW,STABLE_LOW,NORMAL,"Maintain enhanced monitoring and review changes in rainfall, soil wetness and neighboring risk."
702_951,41.70502142719492,MODERATE,NORMAL,51.6357499131431,48.3642500868569,susceptibility,58.78,exposure,47.23,terrain_instability,28.82,LOW,LOW,STABLE_LOW,NORMAL,Continue routine monitoring with attention to changing environmental conditions.
702_1183,16.046390763129455,LOW,NORMAL,83.17597567598025,16.824024324019746,terrain_instability,53.12,rainfall_trigger,24.07,exposure,20.08,LOW,LOW,STABLE_LOW,NORMAL,No immediate escalation indicated; continue routine monitoring.
703_492,72.37614381068505,HIGH,WATCH,85.24649520191613,14.753504798083869,spatial_pressure,97.27,susceptibility,92.52,exposure,83.13,LOW,LOW,STABLE_LOW,NORMAL,"Maintain enhanced monitoring and review changes in rainfall, soil wetness and neighboring risk."
703_654,17.232696387341306,LOW,NORMAL,77.5647002226616,22.4352997773384,exposure,38.72,terrain_instability,29.64,rainfall_trigger,24.07,LOW,LOW,STABLE_LOW,NORMAL,No immediate escalation indicated; continue routine monitoring.
703_817,80.21605561241363,EXTREME,CRITICAL,87.76651265266217,12.233487347337828,susceptibility,95.6,spatial_pressure,94.71,terrain_instability,85.89,LOW,LOW,STABLE_LOW,NORMAL,Prioritize immediate field assessment; review nearby infrastructure and consider enhanced warning/monitoring procedures.
703_1649,10.555617665467198,LOW,NORMAL,83.17597567598025,16.824024324019746,terrain_instability,28.02,rainfall_trigger,24.07,exposure,16.94,LOW,LOW,STABLE_LOW,NORMAL,No immediate escalation indicated; continue routine monitoring.
704_489,81.55222945797948,EXTREME,CRITICAL,89.43250464701647,10.567495352983528,susceptibility,97.64,spatial_pressure,94.72,exposure,76.42,LOW,LOW,STABLE_LOW,NORMAL,Prioritize immediate field assessment; review nearby infrastructure and consider enhanced warning/monitoring procedures.
705_442,65.21306531571706,HIGH,WATCH,87.40840783473786,12.591592165262142,susceptibility,95.17,exposure,69.32,terrain_instability,47.91,LOW,LOW,STABLE_LOW,NORMAL,"Maintain enhanced monitoring and review changes in rainfall, soil wetness and neighboring risk."
705_813,68.82858353276238,HIGH,WARNING,67.6165358113217,32.3834641886783,spatial_pressure,96.32,terrain_instability,85.69,susceptibility,70.98,LOW,LOW,STABLE_LOW,NORMAL,Increase monitoring frequency; inspect exposed roads/settlements and review current rainfall and terrain conditions.
705_835,70.26253255642361,HIGH,WARNING,85.61037678852631,14.38962321147369,susceptibility,92.97,terrain_instability,85.61,exposure,59.32,LOW,LOW,STABLE_LOW,NORMAL,Increase monitoring frequency; inspect exposed roads/settlements and review current rainfall and terrain conditions.
706_75,12.610240635928674,LOW,NORMAL,81.02765163790053,18.972348362099467,exposure,47.82,rainfall_trigger,24.07,soil_wetness,13.22,LOW,LOW,STABLE_LOW,NORMAL,No immediate escalation indicated; continue routine monitoring.
706_819,79.94499623880111,EXTREME,CRITICAL,84.9193916373139,15.080608362686108,spatial_pressure,97.08,susceptibility,92.12,terrain_instability,90.45,LOW,LOW,STABLE_LOW,NORMAL,Prioritize immediate field assessment; review nearby infrastructure and consider enhanced warning/monitoring procedures.
707_586,51.066483235809606,HIGH,WATCH,55.04054139636342,44.95945860363658,exposure,81.84,terrain_instability,56.8,susceptibility,55.61,LOW,LOW,STABLE_LOW,NORMAL,"Maintain enhanced monitoring and review changes in rainfall, soil wetness and neighboring risk."
707_821,73.78355290683886,HIGH,WATCH,88.02916449018636,11.97083550981364,spatial_pressure,96.23,susceptibility,95.93,exposure,55.39,LOW,LOW,STABLE_LOW,NORMAL,"Maintain enhanced monitoring and review changes in rainfall, soil wetness and neighboring risk."
707_938,41.80387884876389,MODERATE,NORMAL,57.857058588793535,42.14294141120647,susceptibility,59.05,exposure,50.51,terrain_instability,26.24,LOW,LOW,STABLE_LOW,NORMAL,Continue routine monitoring with attention to changing environmental conditions.
708_52,12.42248402617672,LOW,NORMAL,79.82739321101438,20.17260678898561,exposure,44.81,rainfall_trigger,24.07,soil_wetness,13.22,LOW,LOW,STABLE_LOW,NORMAL,No immediate escalation indicated; continue routine monitoring.
708_495,60.18449436464758,HIGH,WATCH,82.66170588465036,17.33829411534964,susceptibility,89.37,exposure,80.79,terrain_instability,27.22,LOW,LOW,STABLE_LOW,NORMAL,"Maintain enhanced monitoring and review changes in rainfall, soil wetness and neighboring risk."
709_331,24.84875242655354,LOW,NORMAL,78.41497674019865,21.585023259801343,terrain_instability,66.72,exposure,43.17,rainfall_trigger,24.07,LOW,LOW,STABLE_LOW,NORMAL,No immediate escalation indicated; continue routine monitoring.
710_465,63.07746258178797,HIGH,WATCH,89.22666490351463,10.773335096485368,susceptibility,97.39,exposure,63.45,terrain_instability,36.64,LOW,LOW,STABLE_LOW,NORMAL,"Maintain enhanced monitoring and review changes in rainfall, soil wetness and neighboring risk."
710_704,65.65690797965853,HIGH,WATCH,84.39320122316764,15.606798776832363,susceptibility,91.48,exposure,71.09,terrain_instability,57.09,LOW,LOW,STABLE_LOW,NORMAL,"Maintain enhanced monitoring and review changes in rainfall, soil wetness and neighboring risk."
712_482,16.355896797829402,LOW,NORMAL,75.96369257093815,24.03630742906185,exposure,36.09,rainfall_trigger,24.07,terrain_instability,22.83,LOW,LOW,STABLE_LOW,NORMAL,No immediate escalation indicated; continue routine monitoring.
712_713,65.71395566708267,HIGH,WATCH,87.5915963689479,12.408403631052096,susceptibility,95.39,exposure,66.97,terrain_instability,51.67,LOW,LOW,STABLE_LOW,NORMAL,"Maintain enhanced monitoring and review changes in rainfall, soil wetness and neighboring risk."
713_669,71.28975268875999,HIGH,WARNING,82.07871480049937,17.92128519950063,susceptibility,88.65,exposure,83.22,terrain_instability,82.53,LOW,LOW,STABLE_LOW,NORMAL,Increase monitoring frequency; inspect exposed roads/settlements and review current rainfall and terrain conditions.
713_1038,22.91740239511608,LOW,NORMAL,83.17928146110421,16.82071853889579,terrain_instability,88.77,rainfall_trigger,24.07,exposure,18.37,LOW,LOW,STABLE_LOW,NORMAL,No immediate escalation indicated; continue routine monitoring.
714_190,12.73845216529361,LOW,NORMAL,79.9691281070302,20.0308718929698,exposure,29.55,rainfall_trigger,24.07,terrain_instability,20.66,LOW,LOW,STABLE_LOW,NORMAL,No immediate escalation indicated; continue routine monitoring.
714_915,75.77705792255075,EXTREME,CRITICAL,80.09501351515371,19.90498648484629,susceptibility,93.56,spatial_pressure,88.39,terrain_instability,73.56,LOW,LOW,STABLE_LOW,NORMAL,Prioritize immediate field assessment; review nearby infrastructure and consider enhanced warning/monitoring procedures.
714_917,78.74528962672602,EXTREME,CRITICAL,77.07208621518095,22.92791378481905,spatial_pressure,95.49,terrain_instability,92.98,susceptibility,89.87,LOW,LOW,STABLE_LOW,NORMAL,Prioritize immediate field assessment; review nearby infrastructure and consider enhanced warning/monitoring procedures.
715_692,72.49361682620668,HIGH,WATCH,85.21842299960869,14.781577000391309,spatial_pressure,93.45,susceptibility,92.49,exposure,68.49,LOW,LOW,STABLE_LOW,NORMAL,"Maintain enhanced monitoring and review changes in rainfall, soil wetness and neighboring risk."
715_926,72.22101296928687,HIGH,WARNING,89.68806319274884,10.311936807251158,susceptibility,97.95,terrain_instability,88.71,exposure,53.29,LOW,LOW,STABLE_LOW,NORMAL,Increase monitoring frequency; inspect exposed roads/settlements and review current rainfall and terrain conditions.
716_753,14.52242141361532,LOW,NORMAL,82.88347472546698,17.116525274533018,terrain_instability,43.59,rainfall_trigger,24.07,exposure,21.55,LOW,LOW,STABLE_LOW,NORMAL,No immediate escalation indicated; continue routine monitoring.
717_222,13.91723510354922,LOW,NORMAL,82.77734471800542,17.222655281994577,exposure,35.08,terrain_instability,30.13,rainfall_trigger,24.07,LOW,LOW,STABLE_LOW,NORMAL,No immediate escalation indicated; continue routine monitoring.
717_641,70.19224678700026,HIGH,WATCH,88.49895752568864,11.501042474311362,susceptibility,96.5,exposure,75.9,terrain_instability,64.87,LOW,LOW,STABLE_LOW,NORMAL,"Maintain enhanced monitoring and review changes in rainfall, soil wetness and neighboring risk."
718_841,82.47709507710917,EXTREME,CRITICAL,91.05122519308615,8.948774806913832,susceptibility,99.62,spatial_pressure,99.13,terrain_instability,80.05,LOW,LOW,STABLE_LOW,NORMAL,Prioritize immediate field assessment; review nearby infrastructure and consider enhanced warning/monitoring procedures.
719_841,79.33832121280757,EXTREME,CRITICAL,90.34963871138608,9.650361288613922,spatial_pressure,99.73,susceptibility,98.76,terrain_instability,67.44,LOW,LOW,STABLE_LOW,NORMAL,Prioritize immediate field assessment; review nearby infrastructure and consider enhanced warning/monitoring procedures.
719_913,54.9517768424369,HIGH,WATCH,64.58976238697157,35.41023761302843,spatial_pressure,95.49,susceptibility,67.28,exposure,52.07,LOW,LOW,STABLE_LOW,NORMAL,"Maintain enhanced monitoring and review changes in rainfall, soil wetness and neighboring risk."
719_1244,10.939884669143886,LOW,NORMAL,83.17479827305938,16.82520172694062,terrain_instability,25.45,rainfall_trigger,24.07,exposure,22.92,LOW,LOW,STABLE_LOW,NORMAL,No immediate escalation indicated; continue routine monitoring.
720_667,77.12017901445714,EXTREME,CRITICAL,88.89078173629426,11.109218263705742,spatial_pressure,98.8,susceptibility,96.98,exposure,63.66,LOW,LOW,STABLE_LOW,NORMAL,Prioritize immediate field assessment; review nearby infrastructure and consider enhanced warning/monitoring procedures.
720_691,78.05011473358309,EXTREME,CRITICAL,83.7031239047641,16.296876095235902,spatial_pressure,93.32,susceptibility,90.64,terrain_instability,84.78,LOW,LOW,STABLE_LOW,NORMAL,Prioritize immediate field assessment; review nearby infrastructure and consider enhanced warning/monitoring procedures.
721_483,70.78400902971526,HIGH,WARNING,89.81197637372371,10.18802362627629,susceptibility,98.1,terrain_instability,79.86,exposure,55.05,LOW,LOW,STABLE_LOW,NORMAL,Increase monitoring frequency; inspect exposed roads/settlements and review current rainfall and terrain conditions.
721_602,49.10106424577812,MODERATE,NORMAL,63.08110628601925,36.91889371398075,exposure,78.8,susceptibility,65.43,terrain_instability,27.14,LOW,LOW,STABLE_LOW,NORMAL,Continue routine monitoring with attention to changing environmental conditions.
721_691,70.38492216178068,HIGH,WATCH,80.12829545618567,19.87170454381433,spatial_pressure,92.93,susceptibility,86.27,terrain_instability,57.71,LOW,LOW,STABLE_LOW,NORMAL,"Maintain enhanced monitoring and review changes in rainfall, soil wetness and neighboring risk."
721_1282,11.718307003157012,LOW,NORMAL,83.17479827305938,16.82520172694062,terrain_instability,28.89,rainfall_trigger,24.07,exposure,23.53,LOW,LOW,STABLE_LOW,NORMAL,No immediate escalation indicated; continue routine monitoring.
722_666,74.90522358294628,HIGH,WATCH,89.64235361269374,10.35764638730626,spatial_pressure,98.62,susceptibility,97.9,exposure,61.64,LOW,LOW,STABLE_LOW,NORMAL,"Maintain enhanced monitoring and review changes in rainfall, soil wetness and neighboring risk."
722_691,71.67726533874625,HIGH,WATCH,81.59514810624052,18.404851893759485,spatial_pressure,92.57,susceptibility,88.06,terrain_instability,59.2,LOW,LOW,STABLE_LOW,NORMAL,"Maintain enhanced monitoring and review changes in rainfall, soil wetness and neighboring risk."
723_1336,25.17126972956805,MODERATE,NORMAL,82.76291782474058,17.237082175259417,terrain_instability,97.16,rainfall_trigger,24.07,exposure,20.68,LOW,LOW,STABLE_LOW,NORMAL,Continue routine monitoring with attention to changing environmental conditions.
724_645,81.20418423579537,EXTREME,CRITICAL,89.32457145721168,10.675428542788325,spatial_pressure,98.59,susceptibility,97.51,terrain_instability,80.82,LOW,LOW,STABLE_LOW,NORMAL,Prioritize immediate field assessment; review nearby infrastructure and consider enhanced warning/monitoring procedures.
724_665,81.44882820526246,EXTREME,CRITICAL,90.0898311974714,9.910168802528588,susceptibility,98.44,spatial_pressure,98.34,terrain_instability,79.2,LOW,LOW,STABLE_LOW,NORMAL,Prioritize immediate field assessment; review nearby infrastructure and consider enhanced warning/monitoring procedures.
725_685,66.9153241983456,HIGH,WATCH,82.75600034121877,17.243999658781235,susceptibility,89.48,spatial_pressure,88.97,exposure,53.89,LOW,LOW,STABLE_LOW,NORMAL,"Maintain enhanced monitoring and review changes in rainfall, soil wetness and neighboring risk."
725_830,71.03398723794774,HIGH,WARNING,89.57375021962572,10.426249780374278,susceptibility,97.81,terrain_instability,72.39,exposure,67.55,LOW,LOW,STABLE_LOW,NORMAL,Increase monitoring frequency; inspect exposed roads/settlements and review current rainfall and terrain conditions.
726_607,69.5064735790899,HIGH,WATCH,77.8368913756653,22.163108624334697,spatial_pressure,91.07,susceptibility,83.47,exposure,73.17,LOW,LOW,STABLE_LOW,NORMAL,"Maintain enhanced monitoring and review changes in rainfall, soil wetness and neighboring risk."
726_685,63.91798146120629,HIGH,WATCH,78.47574071670782,21.52425928329218,spatial_pressure,92.64,susceptibility,84.25,exposure,55.0,LOW,LOW,STABLE_LOW,NORMAL,"Maintain enhanced monitoring and review changes in rainfall, soil wetness and neighboring risk."
727_445,70.02527103387112,HIGH,WATCH,90.01854748118768,9.981452518812318,susceptibility,98.36,terrain_instability,69.15,exposure,63.51,LOW,LOW,STABLE_LOW,NORMAL,"Maintain enhanced monitoring and review changes in rainfall, soil wetness and neighboring risk."
727_501,64.78736387998521,HIGH,WATCH,86.97556677004638,13.024433229953615,susceptibility,94.64,exposure,56.89,terrain_instability,56.3,LOW,LOW,STABLE_LOW,NORMAL,"Maintain enhanced monitoring and review changes in rainfall, soil wetness and neighboring risk."
728_350,22.455305317167564,LOW,NORMAL,81.68368138978104,18.31631861021896,terrain_instability,73.04,exposure,30.78,rainfall_trigger,24.07,LOW,LOW,STABLE_LOW,NORMAL,No immediate escalation indicated; continue routine monitoring.
728_606,72.99940349400218,HIGH,WATCH,80.92019129192241,19.0798087080776,spatial_pressure,88.43,susceptibility,87.24,exposure,74.7,LOW,LOW,STABLE_LOW,NORMAL,"Maintain enhanced monitoring and review changes in rainfall, soil wetness and neighboring risk."
729_645,81.73038197378017,EXTREME,CRITICAL,89.71293184682207,10.287068153177929,spatial_pressure,98.42,susceptibility,97.98,terrain_instability,82.41,LOW,LOW,STABLE_LOW,NORMAL,Prioritize immediate field assessment; review nearby infrastructure and consider enhanced warning/monitoring procedures.
730_648,83.03635874347374,EXTREME,CRITICAL,89.59434418448438,10.405655815515615,spatial_pressure,98.5,susceptibility,97.84,terrain_instability,89.81,LOW,LOW,STABLE_LOW,NORMAL,Prioritize immediate field assessment; review nearby infrastructure and consider enhanced warning/monitoring procedures.
731_651,77.63675127817248,EXTREME,CRITICAL,89.34773079523093,10.65226920476907,susceptibility,97.54,spatial_pressure,95.68,terrain_instability,67.85,LOW,LOW,STABLE_LOW,NORMAL,Prioritize immediate field assessment; review nearby infrastructure and consider enhanced warning/monitoring procedures.
732_654,63.95311049046379,HIGH,WATCH,78.1225357656305,21.87746423436949,spatial_pressure,98.28,susceptibility,83.82,exposure,57.98,LOW,LOW,STABLE_LOW,NORMAL,"Maintain enhanced monitoring and review changes in rainfall, soil wetness and neighboring risk."
732_689,27.89437713664575,MODERATE,NORMAL,78.30780402050863,21.692195979491373,terrain_instability,82.04,exposure,42.66,rainfall_trigger,24.07,LOW,LOW,STABLE_LOW,NORMAL,Continue routine monitoring with attention to changing environmental conditions.
732_833,65.4590472982287,HIGH,WATCH,90.09155575287998,9.908444247120016,susceptibility,98.45,exposure,60.68,terrain_instability,48.25,LOW,LOW,STABLE_LOW,NORMAL,"Maintain enhanced monitoring and review changes in rainfall, soil wetness and neighboring risk."
733_1560,10.956753969738369,LOW,NORMAL,83.17597567598025,16.824024324019746,terrain_instability,26.83,rainfall_trigger,24.07,exposure,21.2,LOW,LOW,STABLE_LOW,NORMAL,No immediate escalation indicated; continue routine monitoring.
734_444,74.09083500097465,HIGH,WATCH,85.03257893479605,14.96742106520395,spatial_pressure,98.11,susceptibility,92.26,exposure,61.4,LOW,LOW,STABLE_LOW,NORMAL,"Maintain enhanced monitoring and review changes in rainfall, soil wetness and neighboring risk."
734_749,24.678548401307182,LOW,NORMAL,76.25094225793451,23.74905774206549,terrain_instability,92.54,rainfall_trigger,24.07,exposure,21.68,LOW,LOW,STABLE_LOW,NORMAL,No immediate escalation indicated; continue routine monitoring.
736_445,75.78628246563136,EXTREME,CRITICAL,89.15924327475584,10.840756725244162,susceptibility,97.31,spatial_pressure,96.42,exposure,59.82,LOW,LOW,STABLE_LOW,NORMAL,Prioritize immediate field assessment; review nearby infrastructure and consider enhanced warning/monitoring procedures.
736_487,70.53751811998428,HIGH,WARNING,90.89379223643245,9.106207763567568,susceptibility,99.43,terrain_instability,72.89,exposure,58.73,LOW,LOW,STABLE_LOW,NORMAL,Increase monitoring frequency; inspect exposed roads/settlements and review current rainfall and terrain conditions.
736_1158,21.169635579467226,LOW,NORMAL,82.34386433585658,17.65613566414342,terrain_instability,77.17,rainfall_trigger,24.07,exposure,19.11,LOW,LOW,STABLE_LOW,NORMAL,No immediate escalation indicated; continue routine monitoring.
738_651,77.05380549685844,EXTREME,CRITICAL,88.90706443720464,11.09293556279536,susceptibility,97.0,spatial_pressure,96.41,terrain_instability,65.09,LOW,LOW,STABLE_LOW,NORMAL,Prioritize immediate field assessment; review nearby infrastructure and consider enhanced warning/monitoring procedures.
738_654,72.29226239613037,HIGH,WATCH,89.35639659863858,10.643603401361418,susceptibility,97.55,spatial_pressure,96.34,exposure,55.32,LOW,LOW,STABLE_LOW,NORMAL,"Maintain enhanced monitoring and review changes in rainfall, soil wetness and neighboring risk."
738_836,81.77841253554679,EXTREME,CRITICAL,91.11197405461424,8.888025945385749,susceptibility,99.69,spatial_pressure,97.86,terrain_instability,79.87,LOW,LOW,STABLE_LOW,NORMAL,Prioritize immediate field assessment; review nearby infrastructure and consider enhanced warning/monitoring procedures.
739_651,62.70211699820208,HIGH,WATCH,75.46757215601949,24.53242784398052,spatial_pressure,98.6,susceptibility,80.57,exposure,55.65,LOW,LOW,STABLE_LOW,NORMAL,"Maintain enhanced monitoring and review changes in rainfall, soil wetness and neighboring risk."
739_652,81.04050667390095,EXTREME,CRITICAL,90.09941586604955,9.900584133950431,susceptibility,98.46,spatial_pressure,95.95,terrain_instability,82.23,LOW,LOW,STABLE_LOW,NORMAL,Prioritize immediate field assessment; review nearby infrastructure and consider enhanced warning/monitoring procedures.
739_864,23.10115211651512,LOW,NORMAL,80.25497364116956,19.745026358830444,terrain_instability,68.09,exposure,36.44,rainfall_trigger,24.07,LOW,LOW,STABLE_LOW,NORMAL,No immediate escalation indicated; continue routine monitoring.
740_137,16.84495699014238,LOW,NORMAL,74.18383355874647,25.81616644125353,exposure,53.34,rainfall_trigger,24.07,soil_wetness,13.22,LOW,LOW,STABLE_LOW,NORMAL,No immediate escalation indicated; continue routine monitoring.
740_449,75.35800754398512,EXTREME,CRITICAL,88.03067870833728,11.969321291662723,spatial_pressure,98.78,susceptibility,95.93,exposure,58.34,LOW,LOW,STABLE_LOW,NORMAL,Prioritize immediate field assessment; review nearby infrastructure and consider enhanced warning/monitoring procedures.
740_937,23.40310909094135,LOW,NORMAL,75.83621412992979,24.16378587007021,terrain_instability,81.76,exposure,26.02,rainfall_trigger,24.07,LOW,LOW,STABLE_LOW,NORMAL,No immediate escalation indicated; continue routine monitoring.
741_64,12.83296662300701,LOW,NORMAL,80.75294808058828,19.24705191941172,exposure,52.13,rainfall_trigger,24.07,soil_wetness,13.22,LOW,LOW,STABLE_LOW,NORMAL,No immediate escalation indicated; continue routine monitoring.
741_276,14.988432342713802,LOW,NORMAL,82.01509560348357,17.984904396516427,exposure,36.11,terrain_instability,32.62,rainfall_trigger,24.07,LOW,LOW,STABLE_LOW,NORMAL,No immediate escalation indicated; continue routine monitoring.
741_837,74.63308249459295,HIGH,WATCH,86.16161887213146,13.838381127868544,spatial_pressure,99.5,susceptibility,93.64,terrain_instability,58.07,LOW,LOW,STABLE_LOW,NORMAL,"Maintain enhanced monitoring and review changes in rainfall, soil wetness and neighboring risk."
742_554,60.80328108818732,HIGH,WATCH,84.99203106282343,15.007968937176573,susceptibility,92.21,exposure,53.61,terrain_instability,44.29,LOW,LOW,STABLE_LOW,NORMAL,"Maintain enhanced monitoring and review changes in rainfall, soil wetness and neighboring risk."
742_839,80.16693464193025,EXTREME,CRITICAL,89.9361298987701,10.063870101229895,susceptibility,98.26,spatial_pressure,97.96,terrain_instability,72.67,LOW,LOW,STABLE_LOW,NORMAL,Prioritize immediate field assessment; review nearby infrastructure and consider enhanced warning/monitoring procedures.
743_450,80.88048525251459,EXTREME,CRITICAL,90.25561416450438,9.74438583549562,susceptibility,98.65,spatial_pressure,97.15,terrain_instability,79.33,LOW,LOW,STABLE_LOW,NORMAL,Prioritize immediate field assessment; review nearby infrastructure and consider enhanced warning/monitoring procedures.
744_844,81.36352779998249,EXTREME,CRITICAL,84.88391912064762,15.11608087935238,spatial_pressure,98.78,susceptibility,92.08,terrain_instability,91.17,LOW,LOW,STABLE_LOW,NORMAL,Prioritize immediate field assessment; review nearby infrastructure and consider enhanced warning/monitoring procedures.
745_561,24.12657999722936,LOW,NORMAL,78.80730279138557,21.19269720861444,terrain_instability,67.99,exposure,38.11,rainfall_trigger,24.07,LOW,LOW,STABLE_LOW,NORMAL,No immediate escalation indicated; continue routine monitoring.
745_976,24.54982238939972,LOW,NORMAL,82.28406504423911,17.715934955760886,terrain_instability,93.88,rainfall_trigger,24.07,exposure,19.15,LOW,LOW,STABLE_LOW,NORMAL,No immediate escalation indicated; continue routine monitoring.
746_490,70.0266646140948,HIGH,WARNING,84.43023130375896,15.569768696241042,susceptibility,91.53,terrain_instability,83.61,exposure,64.73,LOW,LOW,STABLE_LOW,NORMAL,Increase monitoring frequency; inspect exposed roads/settlements and review current rainfall and terrain conditions.
747_866,74.64071558108132,HIGH,WARNING,91.1883376909779,8.811662309022097,susceptibility,99.79,terrain_instability,79.97,exposure,61.87,LOW,LOW,STABLE_LOW,NORMAL,Increase monitoring frequency; inspect exposed roads/settlements and review current rainfall and terrain conditions.
747_903,75.7970160286942,EXTREME,CRITICAL,84.54725671313221,15.452743286867786,spatial_pressure,99.77,susceptibility,91.67,exposure,78.65,LOW,LOW,STABLE_LOW,NORMAL,Prioritize immediate field assessment; review nearby infrastructure and consider enhanced warning/monitoring procedures.
748_455,70.03085798783806,HIGH,WARNING,90.47558401608136,9.52441598391863,susceptibility,98.92,terrain_instability,73.01,exposure,56.73,LOW,LOW,STABLE_LOW,NORMAL,Increase monitoring frequency; inspect exposed roads/settlements and review current rainfall and terrain conditions.
748_594,65.20475049202068,HIGH,WATCH,76.81006799276167,23.18993200723833,spatial_pressure,90.25,susceptibility,82.21,exposure,72.65,LOW,LOW,STABLE_LOW,NORMAL,"Maintain enhanced monitoring and review changes in rainfall, soil wetness and neighboring risk."
749_593,68.42422029933039,HIGH,WATCH,79.96318927247387,20.03681072752613,spatial_pressure,87.55,susceptibility,86.07,exposure,70.35,LOW,LOW,STABLE_LOW,NORMAL,"Maintain enhanced monitoring and review changes in rainfall, soil wetness and neighboring risk."
749_859,53.37741086260847,HIGH,WATCH,76.86979076768174,23.130209232318265,susceptibility,82.29,exposure,56.61,terrain_instability,27.25,LOW,LOW,STABLE_LOW,NORMAL,"Maintain enhanced monitoring and review changes in rainfall, soil wetness and neighboring risk."
749_883,56.82506775470933,HIGH,WARNING,62.01030390658049,37.98969609341951,exposure,76.51,terrain_instability,70.43,susceptibility,64.12,LOW,LOW,STABLE_LOW,NORMAL,Increase monitoring frequency; inspect exposed roads/settlements and review current rainfall and terrain conditions.
750_433,20.117895276322287,LOW,NORMAL,78.41646602555164,21.58353397444836,exposure,55.07,terrain_instability,34.15,rainfall_trigger,24.07,LOW,LOW,STABLE_LOW,NORMAL,No immediate escalation indicated; continue routine monitoring.
750_841,82.59917428254442,EXTREME,CRITICAL,89.90814137566531,10.09185862433469,susceptibility,98.22,spatial_pressure,90.0,terrain_instability,84.7,LOW,LOW,STABLE_LOW,NORMAL,Prioritize immediate field assessment; review nearby infrastructure and consider enhanced warning/monitoring procedures.
750_843,78.97154361420823,EXTREME,CRITICAL,79.67870808168654,20.321291918313463,spatial_pressure,98.76,terrain_instability,89.41,susceptibility,85.72,LOW,LOW,STABLE_LOW,NORMAL,Prioritize immediate field assessment; review nearby infrastructure and consider enhanced warning/monitoring procedures.
750_850,49.49011784208453,MODERATE,NORMAL,55.023988537457626,44.97601146254237,terrain_instability,65.58,exposure,59.69,susceptibility,55.59,LOW,LOW,STABLE_LOW,NORMAL,Continue routine monitoring with attention to changing environmental conditions.
750_866,38.97012699479272,MODERATE,NORMAL,53.16639017847381,46.8336098215262,spatial_pressure,99.85,exposure,47.22,terrain_instability,31.43,LOW,LOW,STABLE_LOW,NORMAL,Continue routine monitoring with attention to changing environmental conditions.
750_906,82.53641696357444,EXTREME,CRITICAL,91.08937665201684,8.910623347983162,susceptibility,99.67,spatial_pressure,98.24,terrain_instability,80.29,LOW,LOW,STABLE_LOW,NORMAL,Prioritize immediate field assessment; review nearby infrastructure and consider enhanced warning/monitoring procedures.
751_60,12.77575394089986,LOW,NORMAL,78.63241081791342,21.367589182086576,exposure,45.03,rainfall_trigger,24.07,soil_wetness,13.22,LOW,LOW,STABLE_LOW,NORMAL,No immediate escalation indicated; continue routine monitoring.
751_145,14.020156597881948,LOW,NORMAL,80.23074028838047,19.76925971161953,exposure,59.4,rainfall_trigger,24.07,soil_wetness,13.22,LOW,LOW,STABLE_LOW,NORMAL,No immediate escalation indicated; continue routine monitoring.
752_443,70.34176777802631,HIGH,WARNING,90.86481939109596,9.13518060890405,susceptibility,99.39,terrain_instability,71.12,exposure,59.9,LOW,LOW,STABLE_LOW,NORMAL,Increase monitoring frequency; inspect exposed roads/settlements and review current rainfall and terrain conditions.
752_908,80.72325057299034,EXTREME,CRITICAL,91.2030230056632,8.796976994336802,susceptibility,99.8,spatial_pressure,99.77,terrain_instability,70.81,LOW,LOW,STABLE_LOW,NORMAL,Prioritize immediate field assessment; review nearby infrastructure and consider enhanced warning/monitoring procedures.
753_473,65.0240609012946,HIGH,WATCH,79.32446939659633,20.675530603403672,spatial_pressure,92.23,susceptibility,85.29,exposure,61.91,LOW,LOW,STABLE_LOW,NORMAL,"Maintain enhanced monitoring and review changes in rainfall, soil wetness and neighboring risk."
754_633,69.0377878246193,HIGH,WATCH,89.52719740269472,10.472802597305275,susceptibility,97.76,terrain_instability,68.64,exposure,59.41,LOW,LOW,STABLE_LOW,NORMAL,"Maintain enhanced monitoring and review changes in rainfall, soil wetness and neighboring risk."
758_453,81.90644097218271,EXTREME,CRITICAL,90.1887658342632,9.811234165736806,spatial_pressure,98.91,susceptibility,98.56,terrain_instability,82.02,LOW,LOW,STABLE_LOW,NORMAL,Prioritize immediate field assessment; review nearby infrastructure and consider enhanced warning/monitoring procedures.
758_473,76.9426208098168,EXTREME,CRITICAL,82.2815819531096,17.718418046890406,spatial_pressure,89.7,susceptibility,88.9,terrain_instability,74.87,LOW,LOW,STABLE_LOW,NORMAL,Prioritize immediate field assessment; review nearby infrastructure and consider enhanced warning/monitoring procedures.
760_455,71.2066182349661,HIGH,WATCH,87.68416592563437,12.315834074365624,spatial_pressure,99.0,susceptibility,95.5,exposure,56.83,LOW,LOW,STABLE_LOW,NORMAL,"Maintain enhanced monitoring and review changes in rainfall, soil wetness and neighboring risk."
760_507,53.87418652014213,HIGH,WATCH,71.71329276798647,28.286707232013526,susceptibility,75.98,exposure,66.03,terrain_instability,36.85,LOW,LOW,STABLE_LOW,NORMAL,"Maintain enhanced monitoring and review changes in rainfall, soil wetness and neighboring risk."
760_513,48.47266051260708,MODERATE,NORMAL,61.86097071073334,38.13902928926666,exposure,69.64,susceptibility,63.94,terrain_instability,34.23,LOW,LOW,STABLE_LOW,NORMAL,Continue routine monitoring with attention to changing environmental conditions.
760_1007,12.730843949911351,LOW,NORMAL,83.17928146110421,16.82071853889579,terrain_instability,38.37,rainfall_trigger,24.07,exposure,17.66,LOW,LOW,STABLE_LOW,NORMAL,No immediate escalation indicated; continue routine monitoring.
761_541,24.26357138983721,LOW,NORMAL,76.6870783700776,23.3129216299224,terrain_instability,66.58,exposure,33.12,rainfall_trigger,24.07,LOW,LOW,STABLE_LOW,NORMAL,No immediate escalation indicated; continue routine monitoring.
762_449,81.5371434211329,EXTREME,CRITICAL,91.04309650359386,8.956903496406142,susceptibility,99.61,spatial_pressure,99.0,terrain_instability,77.34,LOW,LOW,STABLE_LOW,NORMAL,Prioritize immediate field assessment; review nearby infrastructure and consider enhanced warning/monitoring procedures.
765_413,15.545042534698704,LOW,NORMAL,77.72686192411948,22.273138075880524,exposure,49.05,rainfall_trigger,24.07,terrain_instability,13.91,LOW,LOW,STABLE_LOW,NORMAL,No immediate escalation indicated; continue routine monitoring.
765_1047,14.596028358221051,LOW,NORMAL,83.17597567598025,16.824024324019746,terrain_instability,47.68,rainfall_trigger,24.07,exposure,17.66,LOW,LOW,STABLE_LOW,NORMAL,No immediate escalation indicated; continue routine monitoring.
766_129,12.815583709360917,LOW,NORMAL,81.4689221065623,18.531077893437697,exposure,51.13,rainfall_trigger,24.07,soil_wetness,13.22,LOW,LOW,STABLE_LOW,NORMAL,No immediate escalation indicated; continue routine monitoring.
767_452,76.95088424161881,EXTREME,CRITICAL,89.94881976968946,10.051180230310536,susceptibility,98.27,spatial_pressure,96.68,exposure,62.15,LOW,LOW,STABLE_LOW,NORMAL,Prioritize immediate field assessment; review nearby infrastructure and consider enhanced warning/monitoring procedures.
768_452,75.47021569414795,EXTREME,CRITICAL,87.48354379566348,12.51645620433652,spatial_pressure,98.79,susceptibility,95.26,exposure,62.79,LOW,LOW,STABLE_LOW,NORMAL,Prioritize immediate field assessment; review nearby infrastructure and consider enhanced warning/monitoring procedures.
770_182,12.491570921094867,LOW,NORMAL,80.5543117169519,19.4456882830481,exposure,46.31,rainfall_trigger,24.07,soil_wetness,13.22,LOW,LOW,STABLE_LOW,NORMAL,No immediate escalation indicated; continue routine monitoring.
771_992,13.902933658448717,LOW,NORMAL,82.83146764164171,17.16853235835829,terrain_instability,42.02,rainfall_trigger,24.07,exposure,19.33,LOW,LOW,STABLE_LOW,NORMAL,No immediate escalation indicated; continue routine monitoring.
772_208,11.390220389437111,LOW,NORMAL,82.31802154236198,17.681978457638024,terrain_instability,24.56,rainfall_trigger,24.07,exposure,23.97,LOW,LOW,STABLE_LOW,NORMAL,No immediate escalation indicated; continue routine monitoring.
774_458,72.40680420279054,HIGH,WATCH,84.70673170401184,15.293268295988156,spatial_pressure,98.01,susceptibility,91.86,exposure,64.66,LOW,LOW,STABLE_LOW,NORMAL,"Maintain enhanced monitoring and review changes in rainfall, soil wetness and neighboring risk."
776_641,66.43556659456597,HIGH,WATCH,77.26923763775959,22.73076236224041,spatial_pressure,91.64,susceptibility,82.77,exposure,55.77,LOW,LOW,STABLE_LOW,NORMAL,"Maintain enhanced monitoring and review changes in rainfall, soil wetness and neighboring risk."
777_459,75.91051813155869,EXTREME,CRITICAL,89.03883974970945,10.961160250290549,susceptibility,97.16,spatial_pressure,95.52,exposure,65.74,LOW,LOW,STABLE_LOW,NORMAL,Prioritize immediate field assessment; review nearby infrastructure and consider enhanced warning/monitoring procedures.
778_639,78.50127343679631,EXTREME,CRITICAL,83.53705669924236,16.462943300757644,spatial_pressure,90.8,susceptibility,90.44,terrain_instability,88.42,LOW,LOW,STABLE_LOW,NORMAL,Prioritize immediate field assessment; review nearby infrastructure and consider enhanced warning/monitoring procedures.
778_640,68.86793447536738,HIGH,WATCH,76.72301891884092,23.27698108115908,spatial_pressure,92.17,susceptibility,82.11,exposure,60.89,LOW,LOW,STABLE_LOW,NORMAL,"Maintain enhanced monitoring and review changes in rainfall, soil wetness and neighboring risk."
780_730,21.460745278377253,LOW,NORMAL,76.2966097477908,23.703390252209203,terrain_instability,79.24,rainfall_trigger,24.07,exposure,18.13,LOW,LOW,STABLE_LOW,NORMAL,No immediate escalation indicated; continue routine monitoring.
780_925,66.1554629663011,HIGH,WARNING,81.13583519347537,18.864164806524627,susceptibility,87.5,terrain_instability,83.51,exposure,51.14,LOW,LOW,STABLE_LOW,NORMAL,Increase monitoring frequency; inspect exposed roads/settlements and review current rainfall and terrain conditions.
780_1405,22.35296183945828,LOW,NORMAL,71.15905197669218,28.840948023307817,exposure,53.75,terrain_instability,26.35,rainfall_trigger,24.07,LOW,LOW,STABLE_LOW,NORMAL,No immediate escalation indicated; continue routine monitoring.
781_458,76.02084220168257,EXTREME,CRITICAL,86.69401600202858,13.305983997971424,spatial_pressure,98.01,susceptibility,94.29,exposure,66.51,LOW,LOW,STABLE_LOW,NORMAL,Prioritize immediate field assessment; review nearby infrastructure and consider enhanced warning/monitoring procedures.
782_640,78.00735415522014,EXTREME,CRITICAL,82.82490793891176,17.175092061088236,susceptibility,89.56,spatial_pressure,88.77,terrain_instability,82.76,LOW,LOW,STABLE_LOW,NORMAL,Prioritize immediate field assessment; review nearby infrastructure and consider enhanced warning/monitoring procedures.
784_1110,28.02821557220239,MODERATE,NORMAL,74.14635455796784,25.85364544203216,terrain_instability,94.53,exposure,33.64,rainfall_trigger,24.07,LOW,LOW,STABLE_LOW,NORMAL,Continue routine monitoring with attention to changing environmental conditions.
784_1298,14.30081540856436,LOW,NORMAL,76.63382691564968,23.36617308435032,terrain_instability,44.01,rainfall_trigger,24.07,exposure,18.6,LOW,LOW,STABLE_LOW,NORMAL,No immediate escalation indicated; continue routine monitoring.
785_639,79.21800784058298,EXTREME,CRITICAL,83.9735443025481,16.026455697451894,susceptibility,90.97,spatial_pressure,88.64,terrain_instability,85.11,LOW,LOW,STABLE_LOW,NORMAL,Prioritize immediate field assessment; review nearby infrastructure and consider enhanced warning/monitoring procedures.
787_642,61.49216611610312,HIGH,WARNING,51.48346211201145,48.51653788798855,spatial_pressure,93.94,terrain_instability,81.06,exposure,69.42,LOW,LOW,STABLE_LOW,NORMAL,Increase monitoring frequency; inspect exposed roads/settlements and review current rainfall and terrain conditions.
787_927,69.72484211259047,HIGH,WATCH,76.99865691720623,23.001343082793767,spatial_pressure,91.03,susceptibility,82.44,terrain_instability,67.86,LOW,LOW,STABLE_LOW,NORMAL,"Maintain enhanced monitoring and review changes in rainfall, soil wetness and neighboring risk."
788_1433,12.379560713401595,LOW,NORMAL,82.62622951305227,17.373770486947734,terrain_instability,28.9,exposure,25.91,rainfall_trigger,24.07,LOW,LOW,STABLE_LOW,NORMAL,No immediate escalation indicated; continue routine monitoring.
789_652,75.59389034316409,EXTREME,CRITICAL,78.27814878897081,21.72185121102919,spatial_pressure,88.38,susceptibility,84.01,terrain_instability,79.97,LOW,LOW,STABLE_LOW,NORMAL,Prioritize immediate field assessment; review nearby infrastructure and consider enhanced warning/monitoring procedures.
790_456,20.692930072788904,LOW,NORMAL,71.11946156710177,28.88053843289824,exposure,61.11,rainfall_trigger,24.07,susceptibility,14.74,LOW,LOW,STABLE_LOW,NORMAL,No immediate escalation indicated; continue routine monitoring.
790_638,78.097800797074,EXTREME,CRITICAL,84.81311573111952,15.186884268880476,susceptibility,91.99,spatial_pressure,85.74,terrain_instability,79.46,LOW,LOW,STABLE_LOW,NORMAL,Prioritize immediate field assessment; review nearby infrastructure and consider enhanced warning/monitoring procedures.
790_652,74.99017220974748,HIGH,WARNING,77.78068125650327,22.21931874349673,spatial_pressure,88.81,susceptibility,83.4,terrain_instability,76.88,LOW,LOW,STABLE_LOW,NORMAL,Increase monitoring frequency; inspect exposed roads/settlements and review current rainfall and terrain conditions.
790_926,70.40749681877406,HIGH,WATCH,80.88085768940698,19.11914231059302,spatial_pressure,87.71,susceptibility,87.19,terrain_instability,61.03,LOW,LOW,STABLE_LOW,NORMAL,"Maintain enhanced monitoring and review changes in rainfall, soil wetness and neighboring risk."
792_684,20.154480736067924,LOW,NORMAL,82.71194379876655,17.288056201233445,terrain_instability,70.16,rainfall_trigger,24.07,exposure,23.05,LOW,LOW,STABLE_LOW,NORMAL,No immediate escalation indicated; continue routine monitoring.
792_1040,22.074891085880992,LOW,NORMAL,76.91132691564968,23.08867308435032,terrain_instability,82.88,rainfall_trigger,24.07,exposure,19.63,LOW,LOW,STABLE_LOW,NORMAL,No immediate escalation indicated; continue routine monitoring.
794_509,57.60437235586416,HIGH,WATCH,73.12998204583985,26.870017954160147,susceptibility,77.72,exposure,65.15,terrain_instability,52.26,LOW,LOW,STABLE_LOW,NORMAL,"Maintain enhanced monitoring and review changes in rainfall, soil wetness and neighboring risk."
795_648,77.91067505106113,EXTREME,CRITICAL,81.15004754930135,18.84995245069865,spatial_pressure,94.26,susceptibility,87.52,terrain_instability,85.69,LOW,LOW,STABLE_LOW,NORMAL,Prioritize immediate field assessment; review nearby infrastructure and consider enhanced warning/monitoring procedures.
797_514,63.053493352074014,HIGH,WATCH,72.41222565328299,27.58777434671701,spatial_pressure,80.28,susceptibility,76.84,exposure,68.37,LOW,LOW,STABLE_LOW,NORMAL,"Maintain enhanced monitoring and review changes in rainfall, soil wetness and neighboring risk."
798_514,60.68831309214218,HIGH,WATCH,68.3173105683679,31.6826894316321,spatial_pressure,83.79,susceptibility,71.83,exposure,68.76,LOW,LOW,STABLE_LOW,NORMAL,"Maintain enhanced monitoring and review changes in rainfall, soil wetness and neighboring risk."
798_649,80.34631066081161,EXTREME,CRITICAL,84.65194689995067,15.348053100049327,susceptibility,91.8,spatial_pressure,91.26,terrain_instability,87.75,LOW,LOW,STABLE_LOW,NORMAL,Prioritize immediate field assessment; review nearby infrastructure and consider enhanced warning/monitoring procedures.
798_1474,13.454225474301014,LOW,NORMAL,81.8787796901479,18.121220309852102,exposure,41.55,rainfall_trigger,24.07,terrain_instability,20.49,LOW,LOW,STABLE_LOW,NORMAL,No immediate escalation indicated; continue routine monitoring.
799_786,17.89338360097402,LOW,NORMAL,83.13506658507117,16.864933414928828,terrain_instability,59.78,rainfall_trigger,24.07,exposure,23.36,LOW,LOW,STABLE_LOW,NORMAL,No immediate escalation indicated; continue routine monitoring.
800_474,29.538036684957504,MODERATE,NORMAL,76.6061227018273,23.393877298172697,terrain_instability,82.75,exposure,46.43,rainfall_trigger,24.07,LOW,LOW,STABLE_LOW,NORMAL,Continue routine monitoring with attention to changing environmental conditions.
801_438,26.89560919663557,MODERATE,NORMAL,71.57554154444142,28.42445845555858,terrain_instability,64.88,exposure,34.2,rainfall_trigger,24.07,LOW,LOW,STABLE_LOW,NORMAL,Continue routine monitoring with attention to changing environmental conditions.
801_654,70.68303800965201,HIGH,WARNING,85.12662222462606,14.87337777537394,susceptibility,92.38,terrain_instability,84.99,exposure,64.71,LOW,LOW,STABLE_LOW,NORMAL,Increase monitoring frequency; inspect exposed roads/settlements and review current rainfall and terrain conditions.
802_101,16.757225874718042,LOW,NORMAL,79.0617143143545,20.938285685645496,exposure,62.92,rainfall_trigger,24.07,terrain_instability,13.23,LOW,LOW,STABLE_LOW,NORMAL,No immediate escalation indicated; continue routine monitoring.
805_515,60.74524530972448,HIGH,WATCH,67.58505482411215,32.41494517588785,spatial_pressure,87.36,susceptibility,70.94,exposure,67.76,LOW,LOW,STABLE_LOW,NORMAL,"Maintain enhanced monitoring and review changes in rainfall, soil wetness and neighboring risk."
806_513,66.00288739531527,HIGH,WATCH,76.58519177806728,23.41480822193272,spatial_pressure,88.8,susceptibility,81.94,exposure,66.9,LOW,LOW,STABLE_LOW,NORMAL,"Maintain enhanced monitoring and review changes in rainfall, soil wetness and neighboring risk."
806_645,74.33478340379594,HIGH,WATCH,80.78931171695194,19.210688283048057,spatial_pressure,91.94,susceptibility,87.08,exposure,71.8,LOW,LOW,STABLE_LOW,NORMAL,"Maintain enhanced monitoring and review changes in rainfall, soil wetness and neighboring risk."
806_935,68.57159533477147,HIGH,WATCH,78.61984824430667,21.380151755693333,susceptibility,84.43,spatial_pressure,77.27,terrain_instability,61.75,LOW,LOW,STABLE_LOW,NORMAL,"Maintain enhanced monitoring and review changes in rainfall, soil wetness and neighboring risk."
806_937,55.92871379059553,HIGH,WATCH,64.79608992612819,35.20391007387181,spatial_pressure,89.1,susceptibility,67.53,exposure,54.43,LOW,LOW,STABLE_LOW,NORMAL,"Maintain enhanced monitoring and review changes in rainfall, soil wetness and neighboring risk."
807_217,31.547616463437848,MODERATE,NORMAL,57.297491048258905,42.702508951741095,exposure,50.34,terrain_instability,36.76,susceptibility,31.64,LOW,LOW,STABLE_LOW,NORMAL,Continue routine monitoring with attention to changing environmental conditions.
807_722,23.4069007968304,LOW,NORMAL,82.82473600655877,17.175263993441234,terrain_instability,90.59,rainfall_trigger,24.07,exposure,17.91,LOW,LOW,STABLE_LOW,NORMAL,No immediate escalation indicated; continue routine monitoring.
808_640,80.08673960135192,EXTREME,CRITICAL,80.49691432824439,19.503085671755613,spatial_pressure,89.36,terrain_instability,86.96,susceptibility,86.72,LOW,LOW,STABLE_LOW,NORMAL,Prioritize immediate field assessment; review nearby infrastructure and consider enhanced warning/monitoring procedures.
808_641,81.26497764727685,EXTREME,CRITICAL,82.52790016059384,17.472099839406155,terrain_instability,89.65,susceptibility,89.2,spatial_pressure,88.47,LOW,LOW,STABLE_LOW,NORMAL,Prioritize immediate field assessment; review nearby infrastructure and consider enhanced warning/monitoring procedures.
809_637,73.15623605417358,HIGH,WARNING,71.88835016513477,28.11164983486524,spatial_pressure,90.02,exposure,87.76,susceptibility,76.2,LOW,LOW,STABLE_LOW,NORMAL,Increase monitoring frequency; inspect exposed roads/settlements and review current rainfall and terrain conditions.
811_512,77.36782887959447,EXTREME,CRITICAL,82.55154430254814,17.448455697451863,spatial_pressure,90.75,susceptibility,89.23,terrain_instability,84.31,LOW,LOW,STABLE_LOW,NORMAL,Prioritize immediate field assessment; review nearby infrastructure and consider enhanced warning/monitoring procedures.
811_613,35.68253077083109,MODERATE,NORMAL,47.16617326449527,52.83382673550473,exposure,54.15,susceptibility,44.02,terrain_instability,26.72,LOW,LOW,STABLE_LOW,NORMAL,Continue routine monitoring with attention to changing environmental conditions.
812_517,69.08311021614988,HIGH,WATCH,82.13666907024579,17.863330929754213,spatial_pressure,92.24,susceptibility,88.72,exposure,58.15,LOW,LOW,STABLE_LOW,NORMAL,"Maintain enhanced monitoring and review changes in rainfall, soil wetness and neighboring risk."
813_639,64.84641306175648,HIGH,WATCH,69.67759455710643,30.32240544289357,spatial_pressure,90.38,exposure,87.84,susceptibility,73.5,LOW,LOW,STABLE_LOW,NORMAL,"Maintain enhanced monitoring and review changes in rainfall, soil wetness and neighboring risk."
813_1458,13.664034240770215,LOW,NORMAL,81.77514332651154,18.22485667348846,exposure,40.8,rainfall_trigger,24.07,terrain_instability,21.82,LOW,LOW,STABLE_LOW,NORMAL,No immediate escalation indicated; continue routine monitoring.
813_1533,9.332357557080169,LOW,NORMAL,83.01564509746785,16.984354902532147,rainfall_trigger,24.07,terrain_instability,20.27,exposure,18.53,LOW,LOW,STABLE_LOW,NORMAL,No immediate escalation indicated; continue routine monitoring.
814_518,75.54588334278193,EXTREME,CRITICAL,81.65021497306903,18.349785026930974,spatial_pressure,92.11,susceptibility,88.13,terrain_instability,81.18,LOW,LOW,STABLE_LOW,NORMAL,Prioritize immediate field assessment; review nearby infrastructure and consider enhanced warning/monitoring procedures.
814_1297,21.64096817589468,LOW,NORMAL,82.8220087338315,17.177991266168505,terrain_instability,79.73,rainfall_trigger,24.07,exposure,20.61,LOW,LOW,STABLE_LOW,NORMAL,No immediate escalation indicated; continue routine monitoring.
814_1408,15.361807072747922,LOW,NORMAL,82.9438968457196,17.056103154280393,terrain_instability,42.55,exposure,28.76,rainfall_trigger,24.07,LOW,LOW,STABLE_LOW,NORMAL,No immediate escalation indicated; continue routine monitoring.
815_14,16.37253855924885,LOW,NORMAL,78.0155513863734,21.9844486136266,exposure,61.19,rainfall_trigger,24.07,soil_wetness,13.22,LOW,LOW,STABLE_LOW,NORMAL,No immediate escalation indicated; continue routine monitoring.
815_507,38.37033144367482,MODERATE,NORMAL,52.14813131053812,47.85186868946188,exposure,55.7,susceptibility,52.07,rainfall_trigger,24.07,LOW,LOW,STABLE_LOW,NORMAL,Continue routine monitoring with attention to changing environmental conditions.
816_878,19.181098466123032,LOW,NORMAL,83.17928146110421,16.82071853889579,terrain_instability,70.2,rainfall_trigger,24.07,exposure,18.22,LOW,LOW,STABLE_LOW,NORMAL,No immediate escalation indicated; continue routine monitoring.
817_215,19.05979870104041,LOW,NORMAL,74.07797949186475,25.922020508135247,exposure,48.52,rainfall_trigger,24.07,terrain_instability,21.84,LOW,LOW,STABLE_LOW,NORMAL,No immediate escalation indicated; continue routine monitoring.
818_643,68.23864910789085,HIGH,WATCH,72.81391266146194,27.18608733853806,spatial_pressure,87.25,susceptibility,77.33,exposure,73.74,LOW,LOW,STABLE_LOW,NORMAL,"Maintain enhanced monitoring and review changes in rainfall, soil wetness and neighboring risk."
820_643,69.61774196180099,HIGH,WATCH,76.45493981612546,23.54506018387454,spatial_pressure,84.13,susceptibility,81.78,exposure,68.15,LOW,LOW,STABLE_LOW,NORMAL,"Maintain enhanced monitoring and review changes in rainfall, soil wetness and neighboring risk."
820_1220,13.177012276524971,LOW,NORMAL,83.14870294870752,16.851297051292477,terrain_instability,34.51,exposure,25.67,rainfall_trigger,24.07,LOW,LOW,STABLE_LOW,NORMAL,No immediate escalation indicated; continue routine monitoring.
821_178,12.055854704617644,LOW,NORMAL,81.93040306677128,18.069596933228723,exposure,43.08,rainfall_trigger,24.07,soil_wetness,13.22,LOW,LOW,STABLE_LOW,NORMAL,No immediate escalation indicated; continue routine monitoring.
822_524,30.73339868286262,MODERATE,NORMAL,51.28604937403435,48.71395062596565,terrain_instability,35.92,exposure,32.73,susceptibility,31.65,LOW,LOW,STABLE_LOW,NORMAL,Continue routine monitoring with attention to changing environmental conditions.
824_651,34.72720472534881,MODERATE,NORMAL,78.82330976157087,21.17669023842913,spatial_pressure,77.01,terrain_instability,71.42,exposure,52.92,LOW,LOW,STABLE_LOW,NORMAL,Continue routine monitoring with attention to changing environmental conditions.
825_466,31.09748633783942,MODERATE,NORMAL,61.67676049811729,38.32323950188271,exposure,55.54,terrain_instability,42.66,susceptibility,26.28,LOW,LOW,STABLE_LOW,NORMAL,Continue routine monitoring with attention to changing environmental conditions.
825_646,54.797871798336686,HIGH,WATCH,64.48756437338639,35.51243562661361,exposure,68.13,susceptibility,67.15,spatial_pressure,58.98,LOW,LOW,STABLE_LOW,NORMAL,"Maintain enhanced monitoring and review changes in rainfall, soil wetness and neighboring risk."
826_645,70.4610770396521,HIGH,WATCH,79.7728316452994,20.227168354700595,susceptibility,85.83,spatial_pressure,73.19,exposure,67.52,LOW,LOW,STABLE_LOW,NORMAL,"Maintain enhanced monitoring and review changes in rainfall, soil wetness and neighboring risk."
826_1489,10.911007458467976,LOW,NORMAL,82.97961203961663,17.020387960383374,terrain_instability,24.9,rainfall_trigger,24.07,exposure,22.75,LOW,LOW,STABLE_LOW,NORMAL,No immediate escalation indicated; continue routine monitoring.
827_524,33.86466748055558,MODERATE,NORMAL,53.92615709508043,46.07384290491957,terrain_instability,60.67,exposure,28.79,susceptibility,28.42,LOW,LOW,STABLE_LOW,NORMAL,Continue routine monitoring with attention to changing environmental conditions.
827_978,64.68508219581983,HIGH,WATCH,81.86390587279604,18.13609412720396,susceptibility,88.39,exposure,65.18,terrain_instability,63.62,LOW,LOW,STABLE_LOW,NORMAL,"Maintain enhanced monitoring and review changes in rainfall, soil wetness and neighboring risk."
828_97,17.425123062042207,LOW,NORMAL,77.24217385481406,22.757826145185945,exposure,65.73,rainfall_trigger,24.07,soil_wetness,13.22,LOW,LOW,STABLE_LOW,NORMAL,No immediate escalation indicated; continue routine monitoring.
830_286,20.014682824352285,LOW,NORMAL,80.56564258360831,19.43435741639169,terrain_instability,62.68,exposure,24.21,rainfall_trigger,24.07,LOW,LOW,STABLE_LOW,NORMAL,No immediate escalation indicated; continue routine monitoring.
830_643,48.62375543379704,MODERATE,WATCH,48.862490583539866,51.13750941646013,spatial_pressure,90.08,exposure,69.84,susceptibility,48.06,LOW,LOW,STABLE_LOW,NORMAL,"Maintain enhanced monitoring and review changes in rainfall, soil wetness and neighboring risk."
831_375,18.544507386140104,LOW,NORMAL,82.97928146110422,17.02071853889578,terrain_instability,66.36,rainfall_trigger,24.07,exposure,18.36,LOW,LOW,STABLE_LOW,NORMAL,No immediate escalation indicated; continue routine monitoring.
832_990,73.59881740813044,HIGH,WARNING,84.11600523733526,15.883994762664742,susceptibility,91.14,terrain_instability,89.55,exposure,81.78,LOW,LOW,STABLE_LOW,NORMAL,Increase monitoring frequency; inspect exposed roads/settlements and review current rainfall and terrain conditions.
837_643,70.64738755352505,HIGH,WARNING,87.08633060715263,12.913669392847368,susceptibility,94.77,terrain_instability,80.7,exposure,63.02,LOW,LOW,STABLE_LOW,NORMAL,Increase monitoring frequency; inspect exposed roads/settlements and review current rainfall and terrain conditions.
840_198,9.628828423827542,LOW,NORMAL,82.58715045692568,17.412849543074316,exposure,29.95,rainfall_trigger,24.07,soil_wetness,13.22,LOW,LOW,STABLE_LOW,NORMAL,No immediate escalation indicated; continue routine monitoring.
842_1240,14.088327708903456,LOW,NORMAL,83.17479827305938,16.82520172694062,terrain_instability,42.48,rainfall_trigger,24.07,exposure,21.21,LOW,LOW,STABLE_LOW,NORMAL,No immediate escalation indicated; continue routine monitoring.
846_1668,9.711250848413853,LOW,NORMAL,82.91434639616915,17.08565360383085,rainfall_trigger,24.07,terrain_instability,22.6,exposure,17.59,LOW,LOW,STABLE_LOW,NORMAL,No immediate escalation indicated; continue routine monitoring.
848_85,23.940974502656992,LOW,NORMAL,69.84306024115499,30.156939758845013,exposure,86.5,rainfall_trigger,24.07,susceptibility,16.3,LOW,LOW,STABLE_LOW,NORMAL,No immediate escalation indicated; continue routine monitoring.
851_953,14.901843226227824,LOW,NORMAL,82.9305211305257,17.069478869474295,terrain_instability,44.24,rainfall_trigger,24.07,exposure,23.4,LOW,LOW,STABLE_LOW,NORMAL,No immediate escalation indicated; continue routine monitoring.
854_110,16.81467004352525,LOW,NORMAL,78.26885717149736,21.73114282850264,exposure,66.9,rainfall_trigger,24.07,soil_wetness,13.22,LOW,LOW,STABLE_LOW,NORMAL,No immediate escalation indicated; continue routine monitoring.
854_858,21.94796437837248,LOW,NORMAL,76.71587237019513,23.28412762980487,terrain_instability,82.39,rainfall_trigger,24.07,exposure,18.72,LOW,LOW,STABLE_LOW,NORMAL,No immediate escalation indicated; continue routine monitoring.
856_147,11.065930464934093,LOW,NORMAL,82.29500950381251,17.70499049618749,exposure,43.38,rainfall_trigger,24.07,soil_wetness,13.22,LOW,LOW,STABLE_LOW,NORMAL,No immediate escalation indicated; continue routine monitoring.
856_1234,10.37888617311701,LOW,NORMAL,82.94571003253279,17.054289967467213,terrain_instability,25.09,rainfall_trigger,24.07,exposure,18.82,LOW,LOW,STABLE_LOW,NORMAL,No immediate escalation indicated; continue routine monitoring.
856_1274,12.695092495299535,LOW,NORMAL,82.61025548707823,17.389744512921766,terrain_instability,32.17,rainfall_trigger,24.07,exposure,23.59,LOW,LOW,STABLE_LOW,NORMAL,No immediate escalation indicated; continue routine monitoring.
857_241,11.541206925930537,LOW,NORMAL,81.884942079452,18.115057920548,terrain_instability,24.89,rainfall_trigger,24.07,exposure,22.96,LOW,LOW,STABLE_LOW,NORMAL,No immediate escalation indicated; continue routine monitoring.
858_291,18.72719146350977,LOW,NORMAL,76.98439951546365,23.01560048453635,terrain_instability,50.55,rainfall_trigger,24.07,exposure,18.67,LOW,LOW,STABLE_LOW,NORMAL,No immediate escalation indicated; continue routine monitoring.
860_566,23.21379835534629,LOW,NORMAL,83.09200873383149,16.90799126616851,terrain_instability,89.15,rainfall_trigger,24.07,exposure,19.52,LOW,LOW,STABLE_LOW,NORMAL,No immediate escalation indicated; continue routine monitoring.
860_711,23.781557327589503,LOW,NORMAL,82.89291782474058,17.10708217525942,terrain_instability,87.91,exposure,24.22,rainfall_trigger,24.07,LOW,LOW,STABLE_LOW,NORMAL,No immediate escalation indicated; continue routine monitoring.
860_1568,21.159764800664057,LOW,NORMAL,71.54836191971357,28.45163808028643,exposure,54.16,rainfall_trigger,24.07,terrain_instability,21.15,LOW,LOW,STABLE_LOW,NORMAL,No immediate escalation indicated; continue routine monitoring.
864_648,69.23448264407148,HIGH,WATCH,72.20349365800556,27.796506341994444,spatial_pressure,83.99,exposure,83.68,susceptibility,76.58,LOW,LOW,STABLE_LOW,NORMAL,"Maintain enhanced monitoring and review changes in rainfall, soil wetness and neighboring risk."
867_649,67.5698100341119,HIGH,WATCH,72.65390688114604,27.34609311885396,exposure,88.45,spatial_pressure,83.61,susceptibility,77.13,LOW,LOW,STABLE_LOW,NORMAL,"Maintain enhanced monitoring and review changes in rainfall, soil wetness and neighboring risk."
869_1488,9.12487857442264,LOW,NORMAL,82.94571003253279,17.054289967467213,rainfall_trigger,24.07,terrain_instability,18.92,exposure,18.69,LOW,LOW,STABLE_LOW,NORMAL,No immediate escalation indicated; continue routine monitoring.
870_1206,15.580358017045617,LOW,NORMAL,83.15882691564968,16.841173084350316,terrain_instability,52.45,rainfall_trigger,24.07,exposure,17.81,LOW,LOW,STABLE_LOW,NORMAL,No immediate escalation indicated; continue routine monitoring.
870_1438,10.548529866934178,LOW,NORMAL,82.94571003253279,17.054289967467213,terrain_instability,26.69,rainfall_trigger,24.07,exposure,17.82,LOW,LOW,STABLE_LOW,NORMAL,No immediate escalation indicated; continue routine monitoring.
871_353,22.695774146014813,LOW,NORMAL,82.73616457798734,17.26383542201266,terrain_instability,83.97,rainfall_trigger,24.07,exposure,21.67,LOW,LOW,STABLE_LOW,NORMAL,No immediate escalation indicated; continue routine monitoring.
872_911,13.773877251306796,LOW,NORMAL,82.62252821435098,17.37747178564902,terrain_instability,36.81,exposure,24.65,rainfall_trigger,24.07,LOW,LOW,STABLE_LOW,NORMAL,No immediate escalation indicated; continue routine monitoring.
874_637,62.89618549436023,HIGH,WATCH,79.5095468532412,20.4904531467588,susceptibility,85.51,exposure,64.87,terrain_instability,61.39,LOW,LOW,STABLE_LOW,NORMAL,"Maintain enhanced monitoring and review changes in rainfall, soil wetness and neighboring risk."
875_51,16.833050080175333,LOW,NORMAL,73.91917594363431,26.080824056365685,exposure,53.97,rainfall_trigger,24.07,soil_wetness,13.22,LOW,LOW,STABLE_LOW,NORMAL,No immediate escalation indicated; continue routine monitoring.
875_463,17.8399573664678,LOW,NORMAL,82.76842626886562,17.231573731134375,terrain_instability,57.32,exposure,24.94,rainfall_trigger,24.07,LOW,LOW,STABLE_LOW,NORMAL,No immediate escalation indicated; continue routine monitoring.
875_1630,21.024376513264222,LOW,NORMAL,70.43675563666856,29.563244363331435,exposure,51.41,rainfall_trigger,24.07,terrain_instability,19.48,LOW,LOW,STABLE_LOW,NORMAL,No immediate escalation indicated; continue routine monitoring.
877_266,21.95182213757534,LOW,NORMAL,78.29903434128751,21.70096565871249,terrain_instability,67.21,rainfall_trigger,24.07,exposure,22.78,LOW,LOW,STABLE_LOW,NORMAL,No immediate escalation indicated; continue routine monitoring.
877_1645,10.381535064389704,LOW,NORMAL,83.17928146110421,16.82071853889579,rainfall_trigger,24.07,terrain_instability,22.96,exposure,22.54,LOW,LOW,STABLE_LOW,NORMAL,No immediate escalation indicated; continue routine monitoring.
878_1496,8.990964497864033,LOW,NORMAL,82.96733931234388,17.03266068765612,rainfall_trigger,24.07,terrain_instability,18.72,exposure,18.14,LOW,LOW,STABLE_LOW,NORMAL,No immediate escalation indicated; continue routine monitoring.
880_646,58.169662046101045,HIGH,WATCH,69.73862916421054,30.261370835789464,exposure,83.46,susceptibility,73.57,terrain_instability,50.68,LOW,LOW,STABLE_LOW,NORMAL,"Maintain enhanced monitoring and review changes in rainfall, soil wetness and neighboring risk."
882_411,19.328356478280377,LOW,NORMAL,80.19144650312546,19.80855349687453,terrain_instability,55.87,exposure,27.35,rainfall_trigger,24.07,LOW,LOW,STABLE_LOW,NORMAL,No immediate escalation indicated; continue routine monitoring.
885_511,72.6775288312682,HIGH,WARNING,83.75834289967294,16.24165710032706,terrain_instability,93.66,susceptibility,90.71,exposure,71.48,LOW,LOW,STABLE_LOW,NORMAL,Increase monitoring frequency; inspect exposed roads/settlements and review current rainfall and terrain conditions.
885_634,62.59399801674932,HIGH,WATCH,80.93391177598382,19.066088224016184,susceptibility,87.25,exposure,65.3,terrain_instability,55.64,LOW,LOW,STABLE_LOW,NORMAL,"Maintain enhanced monitoring and review changes in rainfall, soil wetness and neighboring risk."
886_522,82.81235750290512,EXTREME,CRITICAL,88.94103629107909,11.058963708920912,spatial_pressure,97.59,susceptibility,97.04,terrain_instability,86.82,LOW,LOW,STABLE_LOW,NORMAL,Prioritize immediate field assessment; review nearby infrastructure and consider enhanced warning/monitoring procedures.
887_524,72.03819001765588,HIGH,WATCH,85.91916528329901,14.080834716700991,spatial_pressure,97.74,susceptibility,93.35,exposure,63.4,LOW,LOW,STABLE_LOW,NORMAL,"Maintain enhanced monitoring and review changes in rainfall, soil wetness and neighboring risk."
887_1019,18.98497268794746,LOW,NORMAL,76.59031451895547,23.409685481044534,terrain_instability,64.77,rainfall_trigger,24.07,exposure,21.99,LOW,LOW,STABLE_LOW,NORMAL,No immediate escalation indicated; continue routine monitoring.
888_520,83.15588404593386,EXTREME,CRITICAL,89.45064668068947,10.549353319310526,susceptibility,97.66,spatial_pressure,97.12,terrain_instability,87.87,LOW,LOW,STABLE_LOW,NORMAL,Prioritize immediate field assessment; review nearby infrastructure and consider enhanced warning/monitoring procedures.
888_1672,15.428647738325973,LOW,NORMAL,76.35330743513019,23.64669256486981,terrain_instability,50.05,rainfall_trigger,24.07,exposure,17.04,LOW,LOW,STABLE_LOW,NORMAL,No immediate escalation indicated; continue routine monitoring.
889_524,81.55059045276074,EXTREME,CRITICAL,88.2033621470413,11.796637852958696,spatial_pressure,97.46,susceptibility,96.14,terrain_instability,83.69,LOW,LOW,STABLE_LOW,NORMAL,Prioritize immediate field assessment; review nearby infrastructure and consider enhanced warning/monitoring procedures.
890_1332,11.522810474010711,LOW,NORMAL,82.78207366889643,17.21792633110357,terrain_instability,28.91,rainfall_trigger,24.07,exposure,20.76,LOW,LOW,STABLE_LOW,NORMAL,No immediate escalation indicated; continue routine monitoring.
892_524,80.7611580578928,EXTREME,CRITICAL,86.12007227485815,13.879927725141854,spatial_pressure,97.59,susceptibility,93.59,terrain_instability,85.95,LOW,LOW,STABLE_LOW,NORMAL,Prioritize immediate field assessment; review nearby infrastructure and consider enhanced warning/monitoring procedures.
892_639,67.78940374809461,HIGH,WARNING,80.76270604989169,19.23729395010831,susceptibility,87.04,terrain_instability,76.77,exposure,72.38,LOW,LOW,STABLE_LOW,NORMAL,Increase monitoring frequency; inspect exposed roads/settlements and review current rainfall and terrain conditions.
894_251,18.739765669574,LOW,NORMAL,75.93734141917251,24.062658580827488,exposure,44.74,terrain_instability,28.19,rainfall_trigger,24.07,LOW,LOW,STABLE_LOW,NORMAL,No immediate escalation indicated; continue routine monitoring.
897_647,68.28596313680065,HIGH,WARNING,81.02134241352803,18.978657586471968,susceptibility,87.36,terrain_instability,83.08,exposure,66.33,LOW,LOW,STABLE_LOW,NORMAL,Increase monitoring frequency; inspect exposed roads/settlements and review current rainfall and terrain conditions.
898_1638,12.249185480438411,LOW,NORMAL,82.94027319664141,17.059726803358586,exposure,40.29,rainfall_trigger,24.07,terrain_instability,18.33,LOW,LOW,STABLE_LOW,NORMAL,No immediate escalation indicated; continue routine monitoring.
899_269,13.743875558029384,LOW,NORMAL,79.57761432437016,20.42238567562984,exposure,28.45,terrain_instability,25.43,rainfall_trigger,24.07,LOW,LOW,STABLE_LOW,NORMAL,No immediate escalation indicated; continue routine monitoring.
899_1425,11.058893047531706,LOW,NORMAL,83.17928146110421,16.82071853889579,terrain_instability,30.24,rainfall_trigger,24.07,exposure,17.35,LOW,LOW,STABLE_LOW,NORMAL,No immediate escalation indicated; continue routine monitoring.
903_541,62.22574933345575,HIGH,WATCH,78.87397572139666,21.12602427860334,susceptibility,84.74,exposure,73.71,terrain_instability,53.16,LOW,LOW,STABLE_LOW,NORMAL,"Maintain enhanced monitoring and review changes in rainfall, soil wetness and neighboring risk."
906_656,57.34208638623065,HIGH,WATCH,64.7210926632783,35.2789073367217,spatial_pressure,81.94,exposure,70.37,susceptibility,67.44,LOW,LOW,STABLE_LOW,NORMAL,"Maintain enhanced monitoring and review changes in rainfall, soil wetness and neighboring risk."
909_653,67.83770301064888,HIGH,WATCH,70.25379699103614,29.74620300896386,spatial_pressure,77.21,exposure,76.64,susceptibility,74.2,LOW,LOW,STABLE_LOW,NORMAL,"Maintain enhanced monitoring and review changes in rainfall, soil wetness and neighboring risk."
909_849,23.60019982138023,LOW,NORMAL,82.21340424740882,17.786595752591182,terrain_instability,83.3,exposure,26.67,rainfall_trigger,24.07,LOW,LOW,STABLE_LOW,NORMAL,No immediate escalation indicated; continue routine monitoring.
910_140,19.342704796559296,LOW,NORMAL,75.09091738401213,24.90908261598787,exposure,68.98,rainfall_trigger,24.07,soil_wetness,13.22,LOW,LOW,STABLE_LOW,NORMAL,No immediate escalation indicated; continue routine monitoring.
911_877,14.40959767250731,LOW,NORMAL,82.86233931234389,17.13766068765611,terrain_instability,36.56,exposure,30.1,rainfall_trigger,24.07,LOW,LOW,STABLE_LOW,NORMAL,No immediate escalation indicated; continue routine monitoring.
912_1617,13.211996113560147,LOW,NORMAL,82.59939952485865,17.400600475141346,exposure,36.72,terrain_instability,24.88,rainfall_trigger,24.07,LOW,LOW,STABLE_LOW,NORMAL,No immediate escalation indicated; continue routine monitoring.
913_280,16.72270502570553,LOW,NORMAL,79.51576250408667,20.484237495913334,terrain_instability,37.73,exposure,31.69,rainfall_trigger,24.07,LOW,LOW,STABLE_LOW,NORMAL,No immediate escalation indicated; continue routine monitoring.
914_551,47.16567810358655,MODERATE,NORMAL,61.7834210621522,38.2165789378478,exposure,73.77,susceptibility,63.85,terrain_instability,24.81,LOW,LOW,STABLE_LOW,NORMAL,Continue routine monitoring with attention to changing environmental conditions.
914_1536,10.999553928808975,LOW,NORMAL,83.17928146110421,16.82071853889579,exposure,25.06,terrain_instability,24.16,rainfall_trigger,24.07,LOW,LOW,STABLE_LOW,NORMAL,No immediate escalation indicated; continue routine monitoring.
915_1203,19.869012784071597,LOW,NORMAL,83.17928146110421,16.82071853889579,terrain_instability,72.07,rainfall_trigger,24.07,exposure,20.31,LOW,LOW,STABLE_LOW,NORMAL,No immediate escalation indicated; continue routine monitoring.
917_1139,20.97003506638258,LOW,NORMAL,73.38367579404401,26.61632420595599,terrain_instability,60.25,exposure,29.5,rainfall_trigger,24.07,LOW,LOW,STABLE_LOW,NORMAL,No immediate escalation indicated; continue routine monitoring.
918_987,26.590579626533238,MODERATE,NORMAL,75.90196994804887,24.098030051951127,terrain_instability,66.26,exposure,46.19,rainfall_trigger,24.07,LOW,LOW,STABLE_LOW,NORMAL,Continue routine monitoring with attention to changing environmental conditions.
919_189,10.114585722753372,LOW,NORMAL,82.05659388456252,17.943406115437483,exposure,34.69,rainfall_trigger,24.07,soil_wetness,13.22,LOW,LOW,STABLE_LOW,NORMAL,No immediate escalation indicated; continue routine monitoring.
919_555,36.5985960905916,MODERATE,NORMAL,47.1678786243528,52.832121375647205,exposure,62.0,susceptibility,45.98,rainfall_trigger,24.07,LOW,LOW,STABLE_LOW,NORMAL,Continue routine monitoring with attention to changing environmental conditions.
919_1247,10.247374549530914,LOW,NORMAL,83.13252821435097,16.86747178564903,terrain_instability,27.2,rainfall_trigger,24.07,exposure,15.83,LOW,LOW,STABLE_LOW,NORMAL,No immediate escalation indicated; continue routine monitoring.
919_1636,21.174439026085984,LOW,NORMAL,69.2231192730322,30.776880726967804,exposure,49.97,rainfall_trigger,24.07,terrain_instability,17.97,LOW,LOW,STABLE_LOW,NORMAL,No immediate escalation indicated; continue routine monitoring.
924_413,18.13830858785026,LOW,NORMAL,77.38381900569269,22.61618099430732,exposure,43.63,terrain_instability,29.99,rainfall_trigger,24.07,LOW,LOW,STABLE_LOW,NORMAL,No immediate escalation indicated; continue routine monitoring.
925_376,46.39718242378835,MODERATE,NORMAL,49.14899554986542,50.85100445013458,terrain_instability,82.74,exposure,58.16,susceptibility,41.59,LOW,LOW,STABLE_LOW,NORMAL,Continue routine monitoring with attention to changing environmental conditions.
925_829,28.78525203090455,MODERATE,NORMAL,79.94585761222584,20.054142387774164,terrain_instability,90.97,exposure,42.69,rainfall_trigger,24.07,LOW,LOW,STABLE_LOW,NORMAL,Continue routine monitoring with attention to changing environmental conditions.
927_907,28.74739000859777,MODERATE,NORMAL,72.591671175675,27.408328824325,exposure,66.28,terrain_instability,52.87,rainfall_trigger,24.07,LOW,LOW,STABLE_LOW,NORMAL,Continue routine monitoring with attention to changing environmental conditions.
927_1239,10.768755258221356,LOW,NORMAL,83.17928146110421,16.82071853889579,terrain_instability,29.72,rainfall_trigger,24.07,exposure,16.11,LOW,LOW,STABLE_LOW,NORMAL,No immediate escalation indicated; continue routine monitoring.
931_659,35.71026268578478,MODERATE,NORMAL,56.96010546865477,43.039894531345226,exposure,70.62,terrain_instability,41.44,susceptibility,32.05,LOW,LOW,STABLE_LOW,NORMAL,Continue routine monitoring with attention to changing environmental conditions.
932_635,76.22927013786472,EXTREME,CRITICAL,85.03768722350924,14.962312776490762,spatial_pressure,94.71,susceptibility,92.27,terrain_instability,69.11,LOW,LOW,STABLE_LOW,NORMAL,Prioritize immediate field assessment; review nearby infrastructure and consider enhanced warning/monitoring procedures.
932_842,26.211030519256298,MODERATE,NORMAL,71.33893391293775,28.66106608706225,exposure,58.68,terrain_instability,42.44,rainfall_trigger,24.07,LOW,LOW,STABLE_LOW,NORMAL,Continue routine monitoring with attention to changing environmental conditions.
934_580,56.20006572717126,HIGH,WATCH,72.58986009742517,27.410139902574823,susceptibility,77.06,exposure,59.2,terrain_instability,51.19,LOW,LOW,STABLE_LOW,NORMAL,"Maintain enhanced monitoring and review changes in rainfall, soil wetness and neighboring risk."
936_632,79.2135983365441,EXTREME,CRITICAL,85.17441291445573,14.82558708554427,susceptibility,92.44,spatial_pressure,91.15,terrain_instability,84.87,LOW,LOW,STABLE_LOW,NORMAL,Prioritize immediate field assessment; review nearby infrastructure and consider enhanced warning/monitoring procedures.
937_490,14.102529890786563,LOW,NORMAL,79.23613478019892,20.76386521980108,terrain_instability,29.5,exposure,24.17,rainfall_trigger,24.07,LOW,LOW,STABLE_LOW,NORMAL,No immediate escalation indicated; continue routine monitoring.
937_628,61.34057991467526,HIGH,WATCH,70.9514604772825,29.048539522717505,spatial_pressure,94.71,susceptibility,75.05,exposure,63.73,LOW,LOW,STABLE_LOW,NORMAL,"Maintain enhanced monitoring and review changes in rainfall, soil wetness and neighboring risk."
938_1524,10.998006824240354,LOW,NORMAL,83.17597567598025,16.824024324019746,terrain_instability,27.22,rainfall_trigger,24.07,exposure,20.95,LOW,LOW,STABLE_LOW,NORMAL,No immediate escalation indicated; continue routine monitoring.
938_1636,10.620947692628008,LOW,NORMAL,83.16968196968655,16.83031803031345,exposure,27.1,rainfall_trigger,24.07,terrain_instability,20.71,LOW,LOW,STABLE_LOW,NORMAL,No immediate escalation indicated; continue routine monitoring.
939_320,13.915767927542358,LOW,NORMAL,80.99249841656255,19.007501583437445,terrain_instability,32.01,exposure,26.03,rainfall_trigger,24.07,LOW,LOW,STABLE_LOW,NORMAL,No immediate escalation indicated; continue routine monitoring.
940_32,12.963324181814052,LOW,NORMAL,79.83111065720595,20.16888934279405,exposure,42.83,rainfall_trigger,24.07,soil_wetness,13.22,LOW,LOW,STABLE_LOW,NORMAL,No immediate escalation indicated; continue routine monitoring.
940_1007,14.32757436781893,LOW,NORMAL,83.02650015150473,16.973499848495265,terrain_instability,38.27,exposure,27.88,rainfall_trigger,24.07,LOW,LOW,STABLE_LOW,NORMAL,No immediate escalation indicated; continue routine monitoring.
942_891,16.341468864957463,LOW,NORMAL,82.29879385779844,17.701206142201556,terrain_instability,47.61,exposure,26.18,rainfall_trigger,24.07,LOW,LOW,STABLE_LOW,NORMAL,No immediate escalation indicated; continue routine monitoring.
944_107,10.17932102309486,LOW,NORMAL,82.64332195665882,17.356678043341176,exposure,31.98,rainfall_trigger,24.07,terrain_instability,13.4,LOW,LOW,STABLE_LOW,NORMAL,No immediate escalation indicated; continue routine monitoring.
945_33,12.564678900058114,LOW,NORMAL,77.64367649430477,22.35632350569523,exposure,31.35,rainfall_trigger,24.07,soil_wetness,13.22,LOW,LOW,STABLE_LOW,NORMAL,No immediate escalation indicated; continue routine monitoring.
945_584,14.159231742155958,LOW,NORMAL,82.60787559424381,17.392124405756192,exposure,39.06,terrain_instability,27.89,rainfall_trigger,24.07,LOW,LOW,STABLE_LOW,NORMAL,No immediate escalation indicated; continue routine monitoring.
946_1451,11.145364382227818,LOW,NORMAL,83.17928146110421,16.82071853889579,terrain_instability,25.06,exposure,24.84,rainfall_trigger,24.07,LOW,LOW,STABLE_LOW,NORMAL,No immediate escalation indicated; continue routine monitoring.
947_1256,24.502780192022435,LOW,NORMAL,77.10564509746786,22.894354902532143,terrain_instability,98.84,rainfall_trigger,24.07,exposure,15.24,LOW,LOW,STABLE_LOW,NORMAL,No immediate escalation indicated; continue routine monitoring.
948_1238,12.248741089653835,LOW,NORMAL,83.08382691564967,16.916173084350334,terrain_instability,36.94,rainfall_trigger,24.07,exposure,16.01,LOW,LOW,STABLE_LOW,NORMAL,No immediate escalation indicated; continue routine monitoring.
949_926,16.795328155232752,LOW,NORMAL,82.24261645487758,17.757383545122423,terrain_instability,48.68,exposure,27.57,rainfall_trigger,24.07,LOW,LOW,STABLE_LOW,NORMAL,No immediate escalation indicated; continue routine monitoring.
953_463,27.602782517230217,MODERATE,NORMAL,75.44421745944187,24.555782540558127,terrain_instability,74.76,exposure,39.92,rainfall_trigger,24.07,LOW,LOW,STABLE_LOW,NORMAL,Continue routine monitoring with attention to changing environmental conditions.
954_842,24.34268751351189,LOW,NORMAL,82.05365541591652,17.946344584083477,terrain_instability,84.83,exposure,28.99,rainfall_trigger,24.07,LOW,LOW,STABLE_LOW,NORMAL,No immediate escalation indicated; continue routine monitoring.
955_518,18.748344291575563,LOW,NORMAL,82.97597567598025,17.02402432401975,terrain_instability,63.87,rainfall_trigger,24.07,exposure,23.03,LOW,LOW,STABLE_LOW,NORMAL,No immediate escalation indicated; continue routine monitoring.
957_127,10.290058176006635,LOW,NORMAL,81.25481023487737,18.745189765122632,exposure,37.62,rainfall_trigger,24.07,soil_wetness,13.22,LOW,LOW,STABLE_LOW,NORMAL,No immediate escalation indicated; continue routine monitoring.
957_226,17.30575236318905,LOW,NORMAL,75.58777688814436,24.41222311185564,exposure,48.91,rainfall_trigger,24.07,terrain_instability,16.93,LOW,LOW,STABLE_LOW,NORMAL,No immediate escalation indicated; continue routine monitoring.
958_779,21.793760196788757,LOW,NORMAL,82.32269067947345,17.677309320526547,terrain_instability,70.57,exposure,32.0,rainfall_trigger,24.07,LOW,LOW,STABLE_LOW,NORMAL,No immediate escalation indicated; continue routine monitoring.
964_258,31.17556088755419,MODERATE,NORMAL,69.11059757013616,30.88940242986384,exposure,66.11,terrain_instability,55.56,rainfall_trigger,24.07,LOW,LOW,STABLE_LOW,NORMAL,Continue routine monitoring with attention to changing environmental conditions.
964_1058,26.022768843176465,MODERATE,NORMAL,82.32172242922701,17.67827757077299,terrain_instability,97.57,exposure,24.19,rainfall_trigger,24.07,LOW,LOW,STABLE_LOW,NORMAL,Continue routine monitoring with attention to changing environmental conditions.
965_975,22.79928540521591,LOW,NORMAL,83.12025281851393,16.879747181486067,terrain_instability,80.46,exposure,28.44,rainfall_trigger,24.07,LOW,LOW,STABLE_LOW,NORMAL,No immediate escalation indicated; continue routine monitoring.
966_677,40.86170882426144,MODERATE,NORMAL,60.41774242232785,39.58225757767215,terrain_instability,88.61,exposure,54.75,susceptibility,27.82,LOW,LOW,STABLE_LOW,NORMAL,Continue routine monitoring with attention to changing environmental conditions.
969_529,28.727234632760062,MODERATE,NORMAL,71.79130299560957,28.20869700439043,terrain_instability,92.4,exposure,32.5,rainfall_trigger,24.07,LOW,LOW,STABLE_LOW,NORMAL,Continue routine monitoring with attention to changing environmental conditions.
970_131,8.850072830971973,LOW,NORMAL,82.6833997087792,17.316600291220794,exposure,29.32,rainfall_trigger,24.07,soil_wetness,13.22,LOW,LOW,STABLE_LOW,NORMAL,No immediate escalation indicated; continue routine monitoring.
974_800,16.008013329039645,LOW,NORMAL,80.42513006856078,19.574869931439224,exposure,48.21,terrain_instability,24.27,rainfall_trigger,24.07,LOW,LOW,STABLE_LOW,NORMAL,No immediate escalation indicated; continue routine monitoring.
975_590,19.294314195821578,LOW,NORMAL,78.99235185862841,21.00764814137159,exposure,44.66,terrain_instability,39.42,rainfall_trigger,24.07,LOW,LOW,STABLE_LOW,NORMAL,No immediate escalation indicated; continue routine monitoring.
980_1051,15.999294733475631,LOW,NORMAL,81.4209874823557,18.5790125176443,exposure,37.52,terrain_instability,30.58,rainfall_trigger,24.07,LOW,LOW,STABLE_LOW,NORMAL,No immediate escalation indicated; continue routine monitoring.
982_1047,21.557931810846405,LOW,NORMAL,72.88705259267698,27.11294740732302,exposure,45.61,terrain_instability,32.48,rainfall_trigger,24.07,LOW,LOW,STABLE_LOW,NORMAL,No immediate escalation indicated; continue routine monitoring.
987_224,18.74639936608165,LOW,NORMAL,73.1813914553953,26.8186085446047,exposure,62.34,rainfall_trigger,24.07,soil_wetness,13.22,LOW,LOW,STABLE_LOW,NORMAL,No immediate escalation indicated; continue routine monitoring.
988_92,14.394865566015612,LOW,NORMAL,78.64776552249737,21.35223447750264,exposure,47.04,rainfall_trigger,24.07,soil_wetness,13.22,LOW,LOW,STABLE_LOW,NORMAL,No immediate escalation indicated; continue routine monitoring.
991_998,41.91676143525682,MODERATE,NORMAL,50.25267129854676,49.74732870145324,exposure,66.36,susceptibility,49.75,terrain_instability,35.83,LOW,LOW,STABLE_LOW,NORMAL,Continue routine monitoring with attention to changing environmental conditions.
992_1158,20.373711052858788,LOW,NORMAL,83.08207866390141,16.917921336098587,terrain_instability,68.57,exposure,27.99,rainfall_trigger,24.07,LOW,LOW,STABLE_LOW,NORMAL,No immediate escalation indicated; continue routine monitoring.
993_19,9.741150262086824,LOW,NORMAL,81.86650110627633,18.13349889372367,exposure,35.18,rainfall_trigger,24.07,soil_wetness,13.22,LOW,LOW,STABLE_LOW,NORMAL,No immediate escalation indicated; continue routine monitoring.
993_1052,15.025208514765136,LOW,NORMAL,82.37298275980552,17.627017240194476,terrain_instability,40.43,exposure,27.25,rainfall_trigger,24.07,LOW,LOW,STABLE_LOW,NORMAL,No immediate escalation indicated; continue routine monitoring.
997_899,26.384075344891656,MODERATE,NORMAL,81.65892740479723,18.34107259520277,terrain_instability,80.31,exposure,47.18,rainfall_trigger,24.07,LOW,LOW,STABLE_LOW,NORMAL,Continue routine monitoring with attention to changing environmental conditions.
999_1162,10.836185427662665,LOW,NORMAL,83.17928146110421,16.82071853889579,terrain_instability,24.75,rainfall_trigger,24.07,exposure,23.19,LOW,LOW,STABLE_LOW,NORMAL,No immediate escalation indicated; continue routine monitoring.
1001_1328,10.872458931237222,LOW,NORMAL,83.10915159097435,16.89084840902565,terrain_instability,30.13,rainfall_trigger,24.07,exposure,15.99,LOW,LOW,STABLE_LOW,NORMAL,No immediate escalation indicated; continue routine monitoring.
1003_1062,10.923778667281525,LOW,NORMAL,83.01824250006527,16.98175749993473,terrain_instability,25.84,rainfall_trigger,24.07,exposure,21.72,LOW,LOW,STABLE_LOW,NORMAL,No immediate escalation indicated; continue routine monitoring.
1007_87,16.982374466254953,LOW,NORMAL,76.89424678188698,23.105753218113023,exposure,63.76,rainfall_trigger,24.07,soil_wetness,13.22,LOW,LOW,STABLE_LOW,NORMAL,No immediate escalation indicated; continue routine monitoring.
1008_81,15.893262471706088,LOW,NORMAL,76.22780050089524,23.77219949910476,exposure,53.45,rainfall_trigger,24.07,soil_wetness,13.22,LOW,LOW,STABLE_LOW,NORMAL,No immediate escalation indicated; continue routine monitoring.
1009_1179,14.699536883758917,LOW,NORMAL,83.17928146110421,16.82071853889579,terrain_instability,46.43,rainfall_trigger,24.07,exposure,20.03,LOW,LOW,STABLE_LOW,NORMAL,No immediate escalation indicated; continue routine monitoring.
1010_457,20.83343672931386,LOW,NORMAL,79.47378416546314,20.526215834536856,terrain_instability,61.35,exposure,27.45,rainfall_trigger,24.07,LOW,LOW,STABLE_LOW,NORMAL,No immediate escalation indicated; continue routine monitoring.
1011_1108,16.2106754038779,LOW,NORMAL,83.15882691564968,16.841173084350316,terrain_instability,49.59,exposure,25.6,rainfall_trigger,24.07,LOW,LOW,STABLE_LOW,NORMAL,No immediate escalation indicated; continue routine monitoring.
1014_1107,12.6307922280731,LOW,NORMAL,82.78461203961662,17.21538796038338,terrain_instability,29.69,exposure,27.11,rainfall_trigger,24.07,LOW,LOW,STABLE_LOW,NORMAL,No immediate escalation indicated; continue routine monitoring.
1016_443,15.17208878767522,LOW,NORMAL,82.06638526638984,17.933614733610156,terrain_instability,37.5,exposure,31.01,rainfall_trigger,24.07,LOW,LOW,STABLE_LOW,NORMAL,No immediate escalation indicated; continue routine monitoring.
1016_619,17.531127652504452,LOW,NORMAL,80.25340262604283,19.74659737395717,exposure,55.41,terrain_instability,26.01,rainfall_trigger,24.07,LOW,LOW,STABLE_LOW,NORMAL,No immediate escalation indicated; continue routine monitoring.
1016_1253,14.151505566392435,LOW,NORMAL,76.89564509746786,23.104354902532137,terrain_instability,45.11,rainfall_trigger,24.07,exposure,17.1,LOW,LOW,STABLE_LOW,NORMAL,No immediate escalation indicated; continue routine monitoring.
1016_1530,17.715246905994583,LOW,NORMAL,83.17597567598025,16.824024324019746,terrain_instability,64.12,rainfall_trigger,24.07,exposure,16.55,LOW,LOW,STABLE_LOW,NORMAL,No immediate escalation indicated; continue routine monitoring.
1020_1076,10.850937191514356,LOW,NORMAL,83.17597567598025,16.824024324019746,terrain_instability,25.58,rainfall_trigger,24.07,exposure,22.17,LOW,LOW,STABLE_LOW,NORMAL,No immediate escalation indicated; continue routine monitoring.
1025_201,18.069294922664465,LOW,NORMAL,73.63458825859209,26.36541174140791,exposure,58.23,rainfall_trigger,24.07,soil_wetness,13.22,LOW,LOW,STABLE_LOW,NORMAL,No immediate escalation indicated; continue routine monitoring.
1026_880,18.60924584572212,LOW,NORMAL,83.03113938957,16.96886061043,terrain_instability,62.69,rainfall_trigger,24.07,exposure,23.87,LOW,LOW,STABLE_LOW,NORMAL,No immediate escalation indicated; continue routine monitoring.
1026_1098,21.63813541803207,LOW,NORMAL,82.56155918338195,17.438440816618055,terrain_instability,70.65,exposure,31.74,rainfall_trigger,24.07,LOW,LOW,STABLE_LOW,NORMAL,No immediate escalation indicated; continue routine monitoring.
1026_1319,9.730084658443374,LOW,NORMAL,83.10915159097435,16.89084840902565,rainfall_trigger,24.07,terrain_instability,23.74,exposure,16.9,LOW,LOW,STABLE_LOW,NORMAL,No immediate escalation indicated; continue routine monitoring.
1029_1610,12.266077840485806,LOW,NORMAL,82.94882691564968,17.051173084350324,terrain_instability,31.8,rainfall_trigger,24.07,exposure,22.48,LOW,LOW,STABLE_LOW,NORMAL,No immediate escalation indicated; continue routine monitoring.
1032_360,13.881980474377658,LOW,NORMAL,82.25721110295737,17.74278889704263,terrain_instability,36.06,exposure,25.04,rainfall_trigger,24.07,LOW,LOW,STABLE_LOW,NORMAL,No immediate escalation indicated; continue routine monitoring.
1034_1025,18.88406823388128,LOW,NORMAL,82.00681197785127,17.99318802214873,terrain_instability,58.28,exposure,27.84,rainfall_trigger,24.07,LOW,LOW,STABLE_LOW,NORMAL,No immediate escalation indicated; continue routine monitoring.
1036_471,17.397943267984758,LOW,NORMAL,81.71343463669575,18.28656536330425,terrain_instability,50.76,exposure,26.88,rainfall_trigger,24.07,LOW,LOW,STABLE_LOW,NORMAL,No immediate escalation indicated; continue routine monitoring.
1039_973,22.298693838607747,LOW,NORMAL,77.98506658507117,22.01493341492884,exposure,63.28,terrain_instability,37.71,rainfall_trigger,24.07,LOW,LOW,STABLE_LOW,NORMAL,No immediate escalation indicated; continue routine monitoring.
1041_497,19.986519377195904,LOW,NORMAL,81.39779028105139,18.60220971894861,terrain_instability,49.41,exposure,44.78,rainfall_trigger,24.07,LOW,LOW,STABLE_LOW,NORMAL,No immediate escalation indicated; continue routine monitoring.
1043_279,28.199178770686807,MODERATE,NORMAL,61.904561013110296,38.0954389868897,exposure,71.44,susceptibility,26.0,rainfall_trigger,24.07,LOW,LOW,STABLE_LOW,NORMAL,Continue routine monitoring with attention to changing environmental conditions.
1045_181,21.566809553786385,LOW,NORMAL,68.73946747028947,31.26053252971053,exposure,58.14,rainfall_trigger,24.07,susceptibility,17.65,LOW,LOW,STABLE_LOW,NORMAL,No immediate escalation indicated; continue routine monitoring.
1045_618,23.532619421570693,LOW,NORMAL,78.13794879377156,21.862051206228443,terrain_instability,65.9,exposure,34.48,rainfall_trigger,24.07,LOW,LOW,STABLE_LOW,NORMAL,No immediate escalation indicated; continue routine monitoring.
1046_339,12.193195672044835,LOW,NORMAL,82.58138193212821,17.41861806787179,terrain_instability,31.04,rainfall_trigger,24.07,exposure,21.65,LOW,LOW,STABLE_LOW,NORMAL,No immediate escalation indicated; continue routine monitoring.
1046_1566,10.333281274598631,LOW,NORMAL,83.17928146110421,16.82071853889579,terrain_instability,27.49,rainfall_trigger,24.07,exposure,16.18,LOW,LOW,STABLE_LOW,NORMAL,No immediate escalation indicated; continue routine monitoring.
1050_433,25.653396285818083,MODERATE,NORMAL,74.78240037683796,25.217599623162045,terrain_instability,90.29,exposure,25.8,rainfall_trigger,24.07,LOW,LOW,STABLE_LOW,NORMAL,Continue routine monitoring with attention to changing environmental conditions.
1050_1505,13.450707060892428,LOW,NORMAL,83.17928146110421,16.82071853889579,terrain_instability,39.19,rainfall_trigger,24.07,exposure,21.36,LOW,LOW,STABLE_LOW,NORMAL,No immediate escalation indicated; continue routine monitoring.
1050_1612,9.938134951546544,LOW,NORMAL,83.17928146110421,16.82071853889579,rainfall_trigger,24.07,terrain_instability,23.24,exposure,19.1,LOW,LOW,STABLE_LOW,NORMAL,No immediate escalation indicated; continue routine monitoring.
1051_1104,12.342241586904198,LOW,NORMAL,82.50876788377246,17.491232116227536,exposure,28.38,terrain_instability,26.54,rainfall_trigger,24.07,LOW,LOW,STABLE_LOW,NORMAL,No immediate escalation indicated; continue routine monitoring.
1052_1614,12.269653508385368,LOW,NORMAL,82.97733340915616,17.02266659084384,terrain_instability,34.09,rainfall_trigger,24.07,exposure,19.55,LOW,LOW,STABLE_LOW,NORMAL,No immediate escalation indicated; continue routine monitoring.
1057_120,10.808511157162467,LOW,NORMAL,81.930220807861,18.069779192138995,exposure,42.47,rainfall_trigger,24.07,soil_wetness,13.22,LOW,LOW,STABLE_LOW,NORMAL,No immediate escalation indicated; continue routine monitoring.
1057_918,13.918192339081072,LOW,NORMAL,82.81656009156467,17.183439908435332,terrain_instability,38.41,exposure,24.19,rainfall_trigger,24.07,LOW,LOW,STABLE_LOW,NORMAL,No immediate escalation indicated; continue routine monitoring.
1058_278,34.356979798142625,MODERATE,NORMAL,50.72641325178074,49.27358674821926,exposure,64.31,susceptibility,39.67,rainfall_trigger,24.07,LOW,LOW,STABLE_LOW,NORMAL,Continue routine monitoring with attention to changing environmental conditions.
1059_152,11.921689608723945,LOW,NORMAL,81.41146274773931,18.588537252260693,exposure,48.84,rainfall_trigger,24.07,soil_wetness,13.22,LOW,LOW,STABLE_LOW,NORMAL,No immediate escalation indicated; continue routine monitoring.
1066_289,23.543563764286816,LOW,NORMAL,76.27698994781196,23.723010052188044,exposure,55.15,terrain_instability,45.34,rainfall_trigger,24.07,LOW,LOW,STABLE_LOW,NORMAL,No immediate escalation indicated; continue routine monitoring.
1068_486,23.029403676662284,LOW,NORMAL,82.42664242890353,17.573357571096466,terrain_instability,78.7,exposure,29.78,rainfall_trigger,24.07,LOW,LOW,STABLE_LOW,NORMAL,No immediate escalation indicated; continue routine monitoring.
1068_1321,9.358530330000471,LOW,NORMAL,82.96733931234388,17.03266068765612,rainfall_trigger,24.07,exposure,21.39,terrain_instability,18.12,LOW,LOW,STABLE_LOW,NORMAL,No immediate escalation indicated; continue routine monitoring.
1074_637,59.818474070217945,HIGH,WATCH,77.28615251173754,22.71384748826246,susceptibility,82.8,exposure,62.93,terrain_instability,53.57,LOW,LOW,STABLE_LOW,NORMAL,"Maintain enhanced monitoring and review changes in rainfall, soil wetness and neighboring risk."
1077_1335,16.86204519597014,LOW,NORMAL,83.16116190942302,16.838838090576985,terrain_instability,52.27,exposure,26.6,rainfall_trigger,24.07,LOW,LOW,STABLE_LOW,NORMAL,No immediate escalation indicated; continue routine monitoring.
1078_1103,31.622471604983936,MODERATE,NORMAL,61.759327610149626,38.24067238985037,exposure,82.6,susceptibility,26.18,terrain_instability,25.22,LOW,LOW,STABLE_LOW,NORMAL,Continue routine monitoring with attention to changing environmental conditions.
1082_1562,12.052449974635522,LOW,NORMAL,83.13506658507117,16.864933414928828,terrain_instability,34.83,rainfall_trigger,24.07,exposure,17.69,LOW,LOW,STABLE_LOW,NORMAL,No immediate escalation indicated; continue routine monitoring.
1082_1567,10.303714824938934,LOW,NORMAL,83.17597567598025,16.824024324019746,terrain_instability,26.06,rainfall_trigger,24.07,exposure,17.85,LOW,LOW,STABLE_LOW,NORMAL,No immediate escalation indicated; continue routine monitoring.
1083_787,17.60792425209841,LOW,NORMAL,81.57379021322167,18.42620978677833,exposure,48.67,terrain_instability,35.08,rainfall_trigger,24.07,LOW,LOW,STABLE_LOW,NORMAL,No immediate escalation indicated; continue routine monitoring.
1083_1321,17.445563059955838,LOW,NORMAL,82.8765211305257,17.123478869474297,terrain_instability,54.65,exposure,26.27,rainfall_trigger,24.07,LOW,LOW,STABLE_LOW,NORMAL,No immediate escalation indicated; continue routine monitoring.
1086_1067,20.985990824303062,LOW,NORMAL,81.22025566059165,18.77974433940836,terrain_instability,64.63,exposure,29.31,rainfall_trigger,24.07,LOW,LOW,STABLE_LOW,NORMAL,No immediate escalation indicated; continue routine monitoring.
1087_302,18.80109380381964,LOW,NORMAL,80.07673423560246,19.92326576439754,exposure,42.41,terrain_instability,41.62,rainfall_trigger,24.07,LOW,LOW,STABLE_LOW,NORMAL,No immediate escalation indicated; continue routine monitoring.
1087_1067,18.58957980232629,LOW,NORMAL,81.11837254370852,18.881627456291483,terrain_instability,52.63,exposure,29.03,rainfall_trigger,24.07,LOW,LOW,STABLE_LOW,NORMAL,No immediate escalation indicated; continue routine monitoring.
1088_1411,9.580721678289288,LOW,NORMAL,83.17597567598025,16.824024324019746,rainfall_trigger,24.07,terrain_instability,23.57,exposure,16.38,LOW,LOW,STABLE_LOW,NORMAL,No immediate escalation indicated; continue routine monitoring.
1091_321,53.39600524161362,HIGH,WARNING,52.17201791983989,47.82798208016011,terrain_instability,85.05,exposure,70.23,susceptibility,52.1,LOW,LOW,STABLE_LOW,NORMAL,Increase monitoring frequency; inspect exposed roads/settlements and review current rainfall and terrain conditions.
1092_1117,22.69540476388041,LOW,NORMAL,81.1734432084478,18.826556791552207,terrain_instability,61.08,exposure,46.45,rainfall_trigger,24.07,LOW,LOW,STABLE_LOW,NORMAL,No immediate escalation indicated; continue routine monitoring.
1094_201,28.990949172873016,MODERATE,NORMAL,73.63968145754063,26.360318542459368,terrain_instability,72.72,exposure,45.29,rainfall_trigger,24.07,LOW,LOW,STABLE_LOW,NORMAL,Continue routine monitoring with attention to changing environmental conditions.
1097_795,18.998447744139547,LOW,NORMAL,78.17525622698733,21.82474377301267,exposure,61.25,rainfall_trigger,24.07,terrain_instability,23.25,LOW,LOW,STABLE_LOW,NORMAL,No immediate escalation indicated; continue routine monitoring.
1100_1252,19.95680637889489,LOW,NORMAL,73.53402836394127,26.465971636058725,exposure,52.61,rainfall_trigger,24.07,terrain_instability,21.76,LOW,LOW,STABLE_LOW,NORMAL,No immediate escalation indicated; continue routine monitoring.
1101_1475,13.189481118313877,LOW,NORMAL,83.01934372760485,16.98065627239515,terrain_instability,38.36,rainfall_trigger,24.07,exposure,20.14,LOW,LOW,STABLE_LOW,NORMAL,No immediate escalation indicated; continue routine monitoring.
1103_337,27.63091188455132,MODERATE,NORMAL,78.29327907846013,21.70672092153987,terrain_instability,89.49,exposure,30.91,rainfall_trigger,24.07,LOW,LOW,STABLE_LOW,NORMAL,Continue routine monitoring with attention to changing environmental conditions.
1104_399,16.591755099150262,LOW,NORMAL,82.49824840325299,17.501751596747013,terrain_instability,48.95,exposure,26.79,rainfall_trigger,24.07,LOW,LOW,STABLE_LOW,NORMAL,No immediate escalation indicated; continue routine monitoring.
1107_88,9.293237860501051,LOW,NORMAL,82.58135466063197,17.418645339368027,exposure,35.12,rainfall_trigger,24.07,soil_wetness,13.22,LOW,LOW,STABLE_LOW,NORMAL,No immediate escalation indicated; continue routine monitoring.
1107_435,18.96243824888256,LOW,NORMAL,82.88569250768475,17.11430749231525,terrain_instability,57.89,exposure,32.09,rainfall_trigger,24.07,LOW,LOW,STABLE_LOW,NORMAL,No immediate escalation indicated; continue routine monitoring.
1107_500,27.06948018501392,MODERATE,NORMAL,78.79697455748152,21.20302544251848,terrain_instability,81.35,exposure,39.87,rainfall_trigger,24.07,LOW,LOW,STABLE_LOW,NORMAL,Continue routine monitoring with attention to changing environmental conditions.
1109_795,24.62059300164368,LOW,NORMAL,76.89922135277064,23.10077864722936,exposure,58.1,terrain_instability,50.22,rainfall_trigger,24.07,LOW,LOW,STABLE_LOW,NORMAL,No immediate escalation indicated; continue routine monitoring.
1109_1267,16.699209376972288,LOW,NORMAL,79.12804769487046,20.87195230512954,exposure,46.4,terrain_instability,25.51,rainfall_trigger,24.07,LOW,LOW,STABLE_LOW,NORMAL,No immediate escalation indicated; continue routine monitoring.
1110_199,46.21991039869565,MODERATE,NORMAL,61.05118233296688,38.948817667033126,exposure,66.23,susceptibility,62.95,terrain_instability,27.75,LOW,LOW,STABLE_LOW,NORMAL,Continue routine monitoring with attention to changing environmental conditions.
1111_515,25.46899167777294,MODERATE,NORMAL,81.14198545567425,18.858014544325755,terrain_instability,85.11,exposure,32.79,rainfall_trigger,24.07,LOW,LOW,STABLE_LOW,NORMAL,Continue routine monitoring with attention to changing environmental conditions.
1111_1100,14.31515478136842,LOW,NORMAL,82.35002897446043,17.64997102553957,exposure,36.02,terrain_instability,30.24,rainfall_trigger,24.07,LOW,LOW,STABLE_LOW,NORMAL,No immediate escalation indicated; continue routine monitoring.
1121_1124,20.834652459932137,LOW,NORMAL,81.73370140787547,18.266298592124528,terrain_instability,67.42,exposure,27.64,rainfall_trigger,24.07,LOW,LOW,STABLE_LOW,NORMAL,No immediate escalation indicated; continue routine monitoring.
1123_788,22.05180272947725,LOW,NORMAL,81.93714093040205,18.06285906959795,terrain_instability,60.13,exposure,46.24,rainfall_trigger,24.07,LOW,LOW,STABLE_LOW,NORMAL,No immediate escalation indicated; continue routine monitoring.
1123_1591,12.480586863774665,LOW,NORMAL,82.8685848849531,17.131415115046906,exposure,39.77,rainfall_trigger,24.07,terrain_instability,19.68,LOW,LOW,STABLE_LOW,NORMAL,No immediate escalation indicated; continue routine monitoring.
1124_781,61.74798844322745,HIGH,WARNING,66.33311269509488,33.66688730490512,terrain_instability,94.81,susceptibility,69.41,exposure,60.97,LOW,LOW,STABLE_LOW,NORMAL,Increase monitoring frequency; inspect exposed roads/settlements and review current rainfall and terrain conditions.
1135_1482,14.468634966355856,LOW,NORMAL,83.17597567598025,16.824024324019746,terrain_instability,46.2,rainfall_trigger,24.07,exposure,18.79,LOW,LOW,STABLE_LOW,NORMAL,No immediate escalation indicated; continue routine monitoring.
1138_1485,10.912214445260505,LOW,NORMAL,83.17597567598025,16.824024324019746,terrain_instability,28.33,rainfall_trigger,24.07,exposure,18.9,LOW,LOW,STABLE_LOW,NORMAL,No immediate escalation indicated; continue routine monitoring.
1139_1010,38.55834340552018,MODERATE,NORMAL,48.21956493803911,51.78043506196089,exposure,49.18,susceptibility,47.27,terrain_instability,37.52,LOW,LOW,STABLE_LOW,NORMAL,Continue routine monitoring with attention to changing environmental conditions.
1140_819,30.797198715187378,MODERATE,NORMAL,57.303511607969966,42.696488392030034,exposure,63.27,susceptibility,31.63,rainfall_trigger,24.07,LOW,LOW,STABLE_LOW,NORMAL,Continue routine monitoring with attention to changing environmental conditions.
1146_1185,9.611742168841634,LOW,NORMAL,83.17928146110421,16.82071853889579,rainfall_trigger,24.07,terrain_instability,20.92,exposure,20.12,LOW,LOW,STABLE_LOW,NORMAL,No immediate escalation indicated; continue routine monitoring.
1148_459,19.990957840093397,LOW,NORMAL,81.91602861798863,18.08397138201137,terrain_instability,67.12,rainfall_trigger,24.07,exposure,23.1,LOW,LOW,STABLE_LOW,NORMAL,No immediate escalation indicated; continue routine monitoring.
1151_1077,11.308642277420638,LOW,NORMAL,83.17479827305938,16.82520172694062,terrain_instability,27.09,rainfall_trigger,24.07,exposure,23.2,LOW,LOW,STABLE_LOW,NORMAL,No immediate escalation indicated; continue routine monitoring.
1152_1100,14.76914694609789,LOW,NORMAL,81.29475371612193,18.70524628387807,exposure,43.44,rainfall_trigger,24.07,terrain_instability,24.04,LOW,LOW,STABLE_LOW,NORMAL,No immediate escalation indicated; continue routine monitoring.
1162_368,22.160205258227712,LOW,NORMAL,80.58779161267171,19.41220838732829,terrain_instability,69.89,exposure,29.0,rainfall_trigger,24.07,LOW,LOW,STABLE_LOW,NORMAL,No immediate escalation indicated; continue routine monitoring.
1163_290,11.557117127288976,LOW,NORMAL,83.17597567598025,16.824024324019746,terrain_instability,31.88,rainfall_trigger,24.07,exposure,18.48,LOW,LOW,STABLE_LOW,NORMAL,No immediate escalation indicated; continue routine monitoring.
1165_587,23.36487211973428,LOW,NORMAL,82.91473600655877,17.08526399344123,terrain_instability,90.4,rainfall_trigger,24.07,exposure,18.2,LOW,LOW,STABLE_LOW,NORMAL,No immediate escalation indicated; continue routine monitoring.
1166_1096,17.55719072961446,LOW,NORMAL,78.62297939314925,21.37702060685075,exposure,48.12,terrain_instability,27.12,rainfall_trigger,24.07,LOW,LOW,STABLE_LOW,NORMAL,No immediate escalation indicated; continue routine monitoring.
1166_1256,14.877674034632545,LOW,NORMAL,81.52061041825061,18.479389581749388,exposure,39.89,terrain_instability,27.87,rainfall_trigger,24.07,LOW,LOW,STABLE_LOW,NORMAL,No immediate escalation indicated; continue routine monitoring.
1167_1345,11.84743781677016,LOW,NORMAL,83.02650015150473,16.973499848495265,terrain_instability,26.88,exposure,26.53,rainfall_trigger,24.07,LOW,LOW,STABLE_LOW,NORMAL,No immediate escalation indicated; continue routine monitoring.
1167_1471,10.885738884872412,LOW,NORMAL,83.17928146110421,16.82071853889579,terrain_instability,24.46,rainfall_trigger,24.07,exposure,23.9,LOW,LOW,STABLE_LOW,NORMAL,No immediate escalation indicated; continue routine monitoring.
1169_1408,11.881502141950817,LOW,NORMAL,83.06059106059564,16.93940893940436,exposure,27.53,terrain_instability,26.39,rainfall_trigger,24.07,LOW,LOW,STABLE_LOW,NORMAL,No immediate escalation indicated; continue routine monitoring.
1170_1438,21.84831908520338,LOW,NORMAL,72.49275327539347,27.50724672460653,exposure,46.68,terrain_instability,32.8,rainfall_trigger,24.07,LOW,LOW,STABLE_LOW,NORMAL,No immediate escalation indicated; continue routine monitoring.
1172_572,13.975178987092876,LOW,NORMAL,83.17928146110421,16.82071853889579,terrain_instability,44.58,rainfall_trigger,24.07,exposure,17.68,LOW,LOW,STABLE_LOW,NORMAL,No immediate escalation indicated; continue routine monitoring.
1177_1024,19.1705854318606,LOW,NORMAL,72.57873910774293,27.421260892257067,exposure,47.7,rainfall_trigger,24.07,terrain_instability,18.89,LOW,LOW,STABLE_LOW,NORMAL,No immediate escalation indicated; continue routine monitoring.
1180_41,9.73877610737571,LOW,NORMAL,82.47154356263906,17.528456437360944,exposure,33.62,rainfall_trigger,24.07,soil_wetness,13.22,LOW,LOW,STABLE_LOW,NORMAL,No immediate escalation indicated; continue routine monitoring.
1181_470,16.548787893701366,LOW,NORMAL,82.63109697435809,17.368903025641913,terrain_instability,53.09,rainfall_trigger,24.07,exposure,21.47,LOW,LOW,STABLE_LOW,NORMAL,No immediate escalation indicated; continue routine monitoring.
1182_108,12.227219539732056,LOW,NORMAL,81.09006367564099,18.90993632435901,exposure,46.14,rainfall_trigger,24.07,soil_wetness,13.22,LOW,LOW,STABLE_LOW,NORMAL,No immediate escalation indicated; continue routine monitoring.
1192_259,23.920022361395795,LOW,NORMAL,80.55626248008525,19.443737519914748,terrain_instability,86.77,rainfall_trigger,24.07,exposure,18.1,LOW,LOW,STABLE_LOW,NORMAL,No immediate escalation indicated; continue routine monitoring.
1193_167,25.421270216727272,MODERATE,NORMAL,81.18252272456246,18.81747727543754,terrain_instability,79.8,exposure,39.7,rainfall_trigger,24.07,LOW,LOW,STABLE_LOW,NORMAL,Continue routine monitoring with attention to changing environmental conditions.
1196_88,14.828244215556404,LOW,NORMAL,79.38905197669217,20.610948023307827,exposure,55.03,rainfall_trigger,24.07,soil_wetness,13.22,LOW,LOW,STABLE_LOW,NORMAL,No immediate escalation indicated; continue routine monitoring.
1200_189,14.677971446860845,LOW,NORMAL,81.44216507006715,18.55783492993285,terrain_instability,36.59,exposure,26.65,rainfall_trigger,24.07,LOW,LOW,STABLE_LOW,NORMAL,No immediate escalation indicated; continue routine monitoring.
