record_id,landslide_id,state,district,location,latitude,longitude,movement_type,history,event_date,road_distance_m,settlement_distance_m,amenity_distance_m,road_density_500m_km_per_km2,settlements_within_1km,amenities_within_1km,near_road_250m,near_settlement_1km,near_amenity_1km
26052,SKM/SS/78A08/2015/256,Sikkim,South Sikkim,Melli-Sumbuk Road,27.08275,88.434778,Debris Slide,,,12.27656147746674,2120.8452781592305,323.86509169089305,9.932871469203693,0,1,1,0,1
26053,SKM/SS/78A08/2015/254,Sikkim,South Sikkim,Melli-Sumbuk Road,27.084222,88.446083,Debris Slide,,,38.44296724417442,1326.9099354753077,580.1903632853125,34.914544839941364,0,3,1,0,1
26054,SKM/SS/78A08/2015/255,Sikkim,South Sikkim,Melli-Sumbuk Road,27.084722,88.443833,Debris Slide,,,23.67737889535317,1501.7858129537863,765.1793029801144,34.914544839941364,0,3,1,0,1
26055,SKM/SS/78A08/2015/257,Sikkim,South Sikkim,Melli-Sumbuk Road,27.087667,88.416528,Debris Slide,,,1.2419663700820265,2519.2591017136606,2195.442806617804,3.438071138815933,0,0,1,0,0
26056,SKM/SS/78A08/2015/258,Sikkim,South Sikkim,Melli-Sumbuk Road,27.090083,88.413139,Debris Slide,,,62.22711024858411,2887.2228860070613,1995.9923560082332,3.438071138815933,0,0,1,0,0
26057,SKM/SS/78A08/2015/259,Sikkim,South Sikkim,Melli-Sumbuk Road,27.090944,88.406833,Debris Slide,,,2.3798803591907354,3261.2576043163303,1830.0214587985613,3.63736265054173,0,0,1,0,0
26058,SKM/SS/78A08/2015/253,Sikkim,South Sikkim,Pachekhani-Melli Road,27.093278,88.457444,Debris Slide,,,33.42902598599032,347.8045689596584,522.4831887133803,69.2235192315161,1,3,1,1,1
26059,SKM/SS/78A08/2015/248,Sikkim,South Sikkim,Pachekhani-Melli Road,27.096444,88.433375,Debris Slide,,,6.244713344721781,2511.951105533647,1760.2553664666907,35.088873270948966,0,0,1,0,0
26060,SKM/SS/78A08/2015/260,Sikkim,South Sikkim,Melli-Sumbuk Road,27.097833,88.3785,Debris Slide,,,15.758971912041112,1593.9465971176471,2048.3664507690755,3.5132618345781794,0,0,1,0,0
26061,SKM/SS/78A08/2015/245,Sikkim,South Sikkim,Pachekhani-Melli Road,27.098417,88.400167,Debris Slide,,,6.92545472316241,2699.4223860917555,1250.999664455122,9.98141475567472,0,0,1,0,0
26062,SKM/SS/78A08/2015/261,Sikkim,South Sikkim,Melli-Sumbuk Road,27.101083,88.3615,Debris Slide,,,15.831021433565347,239.0286917658548,462.5606564394169,34.89732002687902,1,1,1,1,1
26063,SKM/SS/78A08/2015/244,Sikkim,South Sikkim,Pachekhani-Melli Road,27.101083,88.400417,Debris Slide,,,1.0649192325484211,2512.7722077099866,1012.3928560740133,10.629139804656878,0,0,1,0,0
26064,SKM/SS/78A08/2015/243,Sikkim,South Sikkim,Pachekhani-Melli Road,27.101111,88.403333,Debris Slide,,,7.506961880027574,2734.9172695009097,826.8924710586671,40.52695339021338,0,1,1,0,1
26065,SKM/SS/78A08/2015/247,Sikkim,South Sikkim,Pachekhani-Melli Road,27.101194,88.394611,Debris Slide,,,2.474105139881007,2104.671827597645,1475.1980745341261,9.98141475567472,0,0,1,0,0
26066,SKM/SS/78A08/2015/252,Sikkim,South Sikkim,Pachekhani-Melli Road,27.102,88.458667,Debris Slide,,,22.01969403825611,1316.5112077999827,1479.05265323739,38.20987351032021,0,0,1,0,0
26067,SKM/SS/78A08/2015/242,Sikkim,South Sikkim,Pachekhani-Melli Road,27.1025,88.400778,Debris Slide,,,10.138295189082362,2440.2912217003445,881.8295244602697,10.430191939320398,0,1,1,0,1
26068,SKM/SS/78A08/2015/246,Sikkim,South Sikkim,Pachekhani-Melli Road,27.102639,88.394639,Debris Slide,,,6.155524394002518,1983.9572553505518,1404.624136922403,9.98141475567472,0,0,1,0,0
26069,SKM/SS/78A08/2015/240,Sikkim,South Sikkim,Pachekhani-Melli Road,27.102944,88.404667,Debris Subsidence,,,10.867686764340297,2728.202456708506,584.6068099247166,41.76284792721734,0,1,1,0,1
26070,SKM/SS/78A08/2015/241,Sikkim,South Sikkim,Pachekhani-Melli Road,27.103111,88.402722,Debris Slide,,,7.490608410658803,2556.5175560613166,691.9220592846297,41.49082246631661,0,1,1,0,1
26071,SKM/SS/78A08/2015/250,Sikkim,South Sikkim,Pachekhani-Melli Road,27.105972,88.444556,Debris Subsidence,,,7.591031963343519,2185.1833073914395,2153.2986112287376,15.656311052339385,0,0,1,0,0
26072,SKM/SS/78A08/2015/251,Sikkim,South Sikkim,Pachekhani-Melli Road,27.106694,88.449389,Debris Slide,,,5.611178378154821,2010.3122232833,2040.509771323584,15.950030112682265,0,0,1,0,0
26073,SKM/SS/78A08/2015/249,Sikkim,South Sikkim,Pachekhani-Melli Road,27.106944,88.43375,Rock Fall,,,14.38287312492803,3017.848992230664,2176.5200291963392,24.441904127525756,0,0,1,0,0
26074,SKM/SS/78A08/2015/262,Sikkim,South Sikkim,Melli-Sumbuk Road,27.107417,88.363139,Debris Slide,,,5.554194250066965,542.952609599404,1120.3605189805971,16.53625468314895,1,0,1,1,0
26075,SKM/WS/78A08/2015/315,Sikkim,West Sikkim,Melli-Jorethang Road,27.110583,88.340472,Debris Slide,,,11.64668001841427,2433.2302854146737,1261.451487026525,9.32971360991675,0,0,1,0,0
26076,SKM/NS/78A04/2017/130,Sikkim,West Sikkim,SH,27.1205,88.152722,Debris Slide,,,11.812612781781578,2607.5185527844383,3370.85070492273,15.663435834081584,0,0,1,0,0
26077,SKM/NS/78A04/2017/131,Sikkim,West Sikkim,SH,27.121444,88.153417,Debris Slide,,,1.5819186273184136,2486.538441988517,3394.0042599190515,16.687036836955627,0,0,1,0,0
26078,SKM/NS/78A04/2017/128,Sikkim,West Sikkim,SH,27.1215,88.142222,Debris Slide,,,3.3829013688467393,3136.980577875278,2394.8497804496938,20.96596380592319,0,0,1,0,0
26079,SKM/NS/78A04/2017/104,Sikkim,West Sikkim,SH,27.121611,88.237,Debris Slide,,,15.429210819428523,1628.2850027961533,3086.127538079598,3.1335441727655033,0,0,1,0,0
26080,SKM/NS/78A04/2017/129,Sikkim,West Sikkim,SH,27.121611,88.145528,Debris Slide,,,9.281666201806594,3107.4099284212734,2674.3261289595407,19.3397899005698,0,0,1,0,0
26081,SKM/NS/78A04/2017/127,Sikkim,West Sikkim,Lower Siktam SH,27.121917,88.139472,Rock Slide,,,6.07589280880353,2886.7446005246484,2140.5530679265225,16.155753037665267,0,0,1,0,0
26082,SKM/NS/78A04/2017/126,Sikkim,West Sikkim,SH,27.122,88.139889,Debris Slide,,,2.8579627191973316,2928.98006075202,2169.8250243510574,16.155753037665267,0,0,1,0,0
26083,SKM/NS/78A04/2017/103,Sikkim,West Sikkim,SH,27.122472,88.227611,Debris Slide,,,26.60992961139068,1786.1006300905567,3134.9394593194597,37.6394473244017,0,0,1,0,0
26084,SKM/SS/78A08/2015/320,Sikkim,South Sikkim,Namchi-Kitam Road,27.122611,88.343389,Debris Slide,,,18.692165319925582,2975.1515936319615,962.3684994617771,34.59443273441641,0,1,1,0,1
26085,SKM/NS/78A04/2017/102,Sikkim,West Sikkim,SH,27.123833,88.225333,Debris Slide,,,3.010260207103777,1593.1515404517868,2892.120184356199,35.97904609204239,0,0,1,0,0
26086,SKM/WS/78A08/2015/316,Sikkim,West Sikkim,Melli-Jorethang Road,27.123889,88.319778,Debris Slide,,,49.64173140853123,3559.2201825566285,282.65447408794745,10.39623837012544,0,1,1,0,1
26087,SKM/NS/78A04/2017/125,Sikkim,West Sikkim,Siktam SH,27.124556,88.139778,Debris Slide,,,0.12356464574286521,3012.0010163357406,2018.2936119879314,13.523405557312419,0,0,1,0,0
26088,SKM/SS/78A08/2015/314,Sikkim,South Sikkim,Melli-Rabikhola Road,27.124778,88.445083,Debris Slide,,,1.3930088703305095,3338.773498604709,1950.0189398751954,49.84565446922452,0,0,1,0,0
26089,SKM/SS/78A08/2015/225,Sikkim,South Sikkim,Namchi-Palum Road,27.125528,88.384556,Rock Fall,,,27.285712227354793,1098.265437093462,3049.92716066763,35.59586415589712,0,0,1,0,0
26090,SKM/NS/78A04/2017/123,Sikkim,West Sikkim,SH,27.125861,88.14275,Debris Slide,,,0.4607247388768126,3144.088360522008,2231.622547093568,14.583058802017753,0,0,1,0,0
26091,SKM/SS/78A08/2015/226,Sikkim,South Sikkim,Namchi-Palum Road,27.126306,88.378667,Debris Slide,,,4.707616935434885,1168.670311543405,3560.9662920934297,29.0242270742402,0,0,1,0,0
26092,SKM/SS/78A08/2015/322,Sikkim,South Sikkim,Namchi-Kitam Road,27.126444,88.340444,Debris Slide,,,6.9625612473222995,3379.3890412110404,926.0514339083568,16.430891686974313,0,1,1,0,1
26093,SKM/WS/78A08/2015/317,Sikkim,West Sikkim,Melli-Jorethang Road,27.126472,88.31675,Debris Slide,,,3.095049004195312,3374.613635478486,668.9748387022142,10.031211591319762,0,1,1,0,1
26094,SKM/WS/78A08/2015/318,Sikkim,West Sikkim,Melli-Jorethang Road,27.127194,88.308306,Debris Slide,,,1.7576970365305131,2599.1208736198873,1361.1797913026974,6.273299532111941,0,0,1,0,0
26095,SKM/WS/78A08/2015/319,Sikkim,West Sikkim,Melli-Jorethang Road,27.12825,88.292194,Debris Slide,,,5.040271121367684,1023.7981148021046,572.6182967717076,10.900276341923922,0,5,1,0,1
26096,SKM/NS/78A04/2017/124,Sikkim,West Sikkim,SH,27.128333,88.148833,Rock Slide,,,2.5960968620791087,2482.976652262797,2743.778156271487,19.184334715340853,0,0,1,0,0
26097,SKM/SS/78A08/2015/312,Sikkim,South Sikkim,Melli-Rabikhola Road,27.128694,88.442778,Debris Slide,,,7.000075466388776,2867.23922140407,1766.1119182831574,30.28667526249496,0,0,1,0,0
26098,SKM/NS/78A04/2017/122,Sikkim,West Sikkim,SH,27.128694,88.141639,Debris Slide,,,5.988693016166363,3149.1852980079057,2036.9693624784727,15.796863792122762,0,0,1,0,0
26099,SKM/WS/78A08/2015/383,Sikkim,West Sikkim,Jorthang-Malbasey Road,27.128972,88.262111,Debris Slide,,,5.527205103535243,1433.4812067653763,1050.1446421001758,7.875230376918611,0,0,1,0,0
26100,SKM/SS/78A08/2015/313,Sikkim,South Sikkim,Melli-Rabikhola Road,27.129,88.441361,Debris Slide,,,3.360885243163107,2811.2604778654318,1638.0970251949493,30.88072881256542,0,0,1,0,0
26101,SKM/WS/78A08/2015/382,Sikkim,West Sikkim,Jorthang-Malbasey Road,27.129861,88.266222,Debris Slide,,,0.3671803815551292,1014.282092332011,668.656704376344,10.16332115533491,0,1,1,0,1
26102,SKM/SS/78A08/2015/216,Sikkim,South Sikkim,Sadam-Bhajyang Road,27.130056,88.412944,Debris Slide,,,3.6917609252516703,3495.027062651866,1351.8456439874346,40.0477507836012,0,0,1,0,0
26103,SKM/SS/78A08/2015/323,Sikkim,South Sikkim,Namchi-Kitam Road,27.130444,88.340222,Debris Slide,,,10.57346454288497,2959.338444895768,1273.1336720422464,23.01533507354039,0,0,1,0,0
26104,SKM/SS/78A08/2015/224,Sikkim,South Sikkim,Namchi-Palum Road,27.131444,88.386,Debris Slide,,,4.728505507664927,1767.874348343795,3423.4614175505376,15.171398370453756,0,0,1,0,0
26105,SKM/SS/78A08/2015/223,Sikkim,South Sikkim,Sadam-Bhajyang Road,27.131528,88.384417,Debris Slide,,,19.14826721396772,1742.8446600500356,3531.432658237999,14.394959391195993,0,0,1,0,0
26106,SKM/SS/78A08/2015/221,Sikkim,South Sikkim,Sadam-Bhajyang Road,27.133556,88.39475,Rock Slide,,,1.1240207309290398,2351.4207420545563,3167.1756710275013,15.294831924012824,0,0,1,0,0
26107,SKM/SS/78A08/2015/217,Sikkim,South Sikkim,Sadam-Bhajyang Road,27.133583,88.404583,Rock Fall,,,10.894819482709787,3013.0542022469085,2267.9519251986208,13.880871194306396,0,0,1,0,0
26108,SKM/SS/78A08/2015/222,Sikkim,South Sikkim,Sadam-Bhajyang Road,27.133722,88.390833,Debris Slide,,,13.734486473202843,2172.764509207914,3359.965630131419,15.393568673669158,0,0,1,0,0
26109,SKM/SS/78A08/2015/324,Sikkim,South Sikkim,Namchi-Kitam Road,27.133806,88.342778,Debris Slide,,,13.361204678126686,2741.522064661598,1722.1891185249274,30.109724868505886,0,0,1,0,0
26110,SKM/SS/78A08/2015/227,Sikkim,South Sikkim,Namchi-Palum Road,27.134306,88.370528,Debris Slide,,,15.805763343729348,2291.2413009342204,3367.2063000436806,21.311563372928575,0,0,1,0,0
26111,SKM/SS/78A08/2015/218,Sikkim,South Sikkim,Sadam-Bhajyang Road,27.134389,88.40425,Debris Slide,,,0.9214030831827166,3046.754375647231,2335.900437546478,13.880871194306396,0,0,1,0,0
26112,SKM/SS/78A08/2015/220,Sikkim,South Sikkim,Sadam-Bhajyang Road,27.135833,88.391111,Debris Slide,,,3.596074515368453,2396.7853828885177,3551.644921180783,13.763917651600522,0,0,1,0,0
26113,SKM/SS/78A08/2015/325,Sikkim,South Sikkim,Namchi-Kitam Road,27.137667,88.342694,Debris Slide,,,13.648331034407995,2379.73699691442,1592.4242482387524,26.17803333513806,0,0,1,0,0
26114,SKM/SS/78A08/2015/219,Sikkim,South Sikkim,Sadam-Bhajyang Road,27.137694,88.401556,Debris Slide,,,2.81045923744321,3124.9061863287848,2744.859126300311,30.29097500954669,0,0,1,0,0
26115,SKM/SS/78A08/2015/228,Sikkim,South Sikkim,Namchi-Palum Road,27.139944,88.368167,Rock Slide,,,18.844642108254227,2915.5236729342187,2706.612143836601,25.865984060822235,0,0,1,0,0
26116,SKM/SS/78A08/2015/229,Sikkim,South Sikkim,Namchi-Palum Road,27.140889,88.368222,Debris Slide,,,0.30503690944057615,2811.960318279863,2618.6984076459526,21.036704213534495,0,0,1,0,0
26117,SKM/NS/78A04/2017/101,Sikkim,West Sikkim,SH,27.141,88.211194,Debris Slide,,,13.168065983661425,1457.0472257695624,639.9034219002356,4.113702677121183,0,1,1,0,1
26118,SKM/NS/78A04/2017/114,Sikkim,West Sikkim,Tharpu SH,27.141944,88.180222,Debris Slide,,,4.182446234413731,1009.3478144106037,3136.2797408459946,8.413207287312277,0,0,1,0,0
26119,SKM/NS/78A04/2017/115,Sikkim,West Sikkim,SH,27.142028,88.172139,Debris Slide,,,11.717784062335182,639.7816783978969,3926.72281305664,18.459279304970675,1,0,1,1,0
26120,SKM/SS/78A08/2015/231,Sikkim,South Sikkim,Namchi-Palum Road,27.143556,88.373083,Debris Slide,,,6.050552043125608,2619.7321737530146,2609.756812900764,26.183662108263135,0,0,1,0,0
26121,SKM/NS/78A04/2017/139,Sikkim,West Sikkim,SH,27.144056,88.127361,Earth Slide,,,2.095089035897159,3635.642081985184,1375.7158919429992,32.22177655525286,0,0,1,0,0
26122,SKM/WS/78A08/2015/264,Sikkim,West Sikkim,Namchi-Assangthang Road,27.144167,88.311083,Rock Fall,,,2.2361144692424055,2110.459295415503,2229.9571710233436,32.30434648165038,0,0,1,0,0
26123,SKM/SS/78A08/2015/230,Sikkim,South Sikkim,Namchi-Palum Road,27.145056,88.370778,Rock Slide,,,8.696061920824452,2398.902498202762,2365.2662995941473,27.994143168763507,0,0,1,0,0
26124,SKM/WS/78A08/2015/265,Sikkim,West Sikkim,Namchi-Assangthang Road,27.145444,88.305694,Debris Slide,,,3.1384387959261066,2503.915904660539,1738.7306640776428,44.774901496807345,0,0,1,0,0
26125,SKM/SS/78A07/2015/326,Sikkim,South Sikkim,Melli-Jorethang Road,27.149722,88.348333,Debris Slide,,,21.197449656232465,2045.2018343212121,661.2530792809177,29.803205502131217,0,17,1,0,1
26126,SKM/NS/78A04/2017/121,Sikkim,West Sikkim,SH,27.149889,88.096861,Earth Slide,,,1.4644588884924077,1876.5686832471063,2281.5871766132823,34.526568777569835,0,0,1,0,0
26127,SKM/NS/78A04/2017/109,Sikkim,West Sikkim,SH,27.149972,88.184222,Debris Slide,,,4.741900596309079,1422.2638434055573,2717.005876177149,15.290243699017802,0,0,1,0,0
26128,SKM/SS/78A08/2015/311,Sikkim,South Sikkim,Melli-Phong Road,27.150778,88.4385,Debris Slide,,,19.688846525344022,385.59959992600506,3124.6044266113504,45.40520423413913,1,0,1,1,0
26129,SKM/WS/78A08/2015/266,Sikkim,West Sikkim,Namchi-Assangthang Road,27.151028,88.309889,Debris Slide,,,1.637193838106903,1903.892176410829,1968.6026967339658,36.70640608917753,0,0,1,0,0
26130,SKM/NS/78A04/2017/108,Sikkim,West Sikkim,Lower Timburbung SH,27.152722,88.190833,Earth Slide,,,1.9545004796196537,954.1062610067199,2133.221925334744,16.936694554783667,1,0,1,1,0
26131,SKM/SS/78A08/2015/232,Sikkim,South Sikkim,Namchi-Palum Road,27.152861,88.390361,Rock Slide,,,2.8899354355157882,2894.4302768791067,2544.7084609775125,26.619142975641736,0,0,1,0,0
26132,SKM/SS/78A08/2015/215,Sikkim,South Sikkim,Sadam-Bhajyang Road,27.153083,88.412056,Debris Slide,,,21.31399989236749,2521.862456363849,3244.157793564103,39.583733371349815,0,0,1,0,0
26133,SKM/WS/78A08/2015/267,Sikkim,West Sikkim,Namchi-Assangthang Road,27.153306,88.3135,Debris Slide,,,20.901694227636337,1505.7373023002917,1554.3770064549487,46.2652133674714,0,0,1,0,0
26134,SKM/NS/78A04/2017/120,Sikkim,West Sikkim,SH,27.153444,88.095639,Debris Slide,,,7.196949464123639,1614.084970837123,2535.293462001408,36.30656910065657,0,0,1,0,0
26135,SKM/SS/78A08/2015/175,Sikkim,South Sikkim,Namchi-Namthang Road,27.153528,88.494389,Debris Slide,,,1.192596825319248,3568.8034795255176,3172.7419595092438,28.736875917238205,0,0,1,0,0
26136,SKM/SS/78A08/2015/307,Sikkim,South Sikkim,Melli-Phong Road,27.15425,88.500333,Debris Slide,,,16.165961781776502,3395.381847508295,2975.307868292209,25.762080444596254,0,0,1,0,0
26137,SKM/WS/78A08/2015/379,Sikkim,West Sikkim,,27.1545,88.275667,Debris Slide,,,10.469899654795185,1610.9015503328671,1488.4162428892632,16.306340157710718,0,0,1,0,0
26138,SKM/SS/78A08/2015/310,Sikkim,South Sikkim,Melli-Phong Road,27.154722,88.443056,Debris Slide,,,5.72713537104421,556.8735430293929,3060.5875977370592,38.26199745054927,1,0,1,1,0
26139,SKM/SS/78A08/2015/176,Sikkim,South Sikkim,Namchi-Namthang Road,27.154889,88.493194,Debris Slide,,,10.633534545556277,3454.0636003240247,3093.059509323121,23.434283570820824,0,0,1,0,0
26140,SKM/WS/78A08/2015/269,Sikkim,West Sikkim,Namchi-Assangthang Road,27.155028,88.319556,Rock Slide,,,9.626657755872003,893.2964994273834,926.9977373937531,34.897032114420696,1,1,1,1,1
26141,SKM/SS/78A08/2015/233,Sikkim,South Sikkim,Namchi-Palum Road,27.155306,88.390278,Debris Slide,,,10.202789382365609,2759.3206358336874,2327.810434143552,22.194003470607306,0,0,1,0,0
26142,SKM/SS/78A08/2015/279,Sikkim,South Sikkim,Namchi-Namthang Road,27.15625,88.430722,Debris Slide,,,13.58433242392849,709.0858749635529,3488.8415444883767,18.566132686566952,1,0,1,1,0
26143,SKM/ES/78A12/2015/162,Sikkim,East Sikkim,Namchi-Namthang Road,27.156806,88.5225,Rock Fall,,,1.3099691382890843,2102.144465192547,1393.5684328550774,21.961826887561283,0,0,1,0,0
26144,SKM/NS/78A04/2017/98,Sikkim,West Sikkim,SH,27.156944,88.230778,Debris Slide,,,3.1044624940534753,2357.6079162183396,478.29758674143153,17.748968566335126,0,1,1,0,1
26145,SKM/ES/78A2/2015/167,Sikkim,East Sikkim,Namchi-Namthang Road,27.157056,88.512778,Debris Slide,,,1.842191935014048,2595.5350670665125,2297.084388075356,22.779556539132514,0,0,1,0,0
26146,SKM/NS/78A04/2017/113,Sikkim,West Sikkim,SH,27.157361,88.171667,Debris Slide,,,0.7746320564095934,2339.0021243097995,3068.226486118825,27.370023835953436,0,0,1,0,0
26147,SKM/WS/78A08/2015/293,Sikkim,West Sikkim,Namchi-Jorthang Road,27.157694,88.306806,Debris Slide,,,5.613490285377896,2176.7600144533612,1409.5189204629146,35.00256637848096,0,0,1,0,0
26148,SKM/ES/78A12/2015/163,Sikkim,East Sikkim,Namchi-Namthang Road,27.157694,88.522194,Rock Topple,,,2.8740107918526183,2022.9628894090345,1468.4391058406588,21.961826887561283,0,0,1,0,0
26149,SKM/NS/78A04/2017/119,Sikkim,West Sikkim,SH,27.157694,88.092833,Debris Slide,,,2.0478559076305753,1265.1016126538798,2320.2899436062116,34.00235214781277,0,0,1,0,0
26150,SKM/NS/78A04/2017/97,Sikkim,West Sikkim,SH,27.157806,88.230306,Debris Slide,,,0.5224409223197493,2433.0572895915866,376.72085067148396,18.057819467385,0,1,1,0,1
26151,SKM/NS/78A04/2017/116,Sikkim,West Sikkim,SH,27.157861,88.090194,Earth Slide,,,1.9488198352713688,1003.7282353631216,2134.639635673148,27.65929148534599,0,0,1,0,0
26152,SKM/SS/78A08/2015/273,Sikkim,South Sikkim,Namchi-Namthang Road,27.158,88.347972,Debris Slide,,,12.250163569608405,1929.8679621477097,597.3913056089979,39.438063615129614,0,20,1,0,1
26153,SKM/NS/78A04/2017/140,Sikkim,West Sikkim,SH,27.158056,88.141528,Debris Slide,,,8.195676951944145,3887.647368305502,3428.5686693614425,8.125295072110159,0,0,1,0,0
26154,SKM/SS/78A08/2015/177,Sikkim,South Sikkim,Namchi-Namthang Road,27.158111,88.491722,Debris Slide,,,0.37016210875256034,3161.795149028653,2809.3916659031315,26.40292223540489,0,0,1,0,0
26155,SKM/ES/78A2/2015/168,Sikkim,East Sikkim,Namchi-Namthang Road,27.158111,88.512472,Debris Slide,,,0.49603364881812007,2531.1563286081137,2363.0542488686688,22.779556539132514,0,0,1,0,0
26156,SKM/WS/78A08/2015/271,Sikkim,West Sikkim,Namchi-Assangthang Road,27.158139,88.344806,Debris Slide,,,18.653021698968764,1645.2159384629756,396.7198837744015,45.873519464320744,0,17,1,0,1
26157,SKM/WS/78A08/2015/270,Sikkim,West Sikkim,Namchi-Assangthang Road,27.158222,88.34325,Debris Slide,,,24.015071210499272,1496.9018910063148,363.463351144299,37.75960491623019,0,17,1,0,1
26158,SKM/NS/78A04/2017/134,Sikkim,West Sikkim,SH,27.158222,88.100361,Debris Slide,,,14.581288281354846,2011.8341444624073,2850.1751157372105,12.274842095763322,0,0,1,0,0
26159,SKM/ES/78A12/2015/164,Sikkim,East Sikkim,Namchi-Namthang Road,27.158361,88.521833,Debris Slide,,,8.383177064506354,1970.4624539131685,1537.7629415162094,21.961826887561283,0,0,1,0,0
26160,SKM/SS/78A08/2015/276,Sikkim,South Sikkim,Namchi-Namthang Road,27.158417,88.420139,Debris Slide,,,15.975670830804377,1782.3410791311196,2983.166107962191,8.337584476434122,0,0,1,0,0
26161,SKM/SS/78A08/2015/303,Sikkim,South Sikkim,Namthang-Kabrey Road,27.158583,88.466306,Rock Fall,,,13.385651646006949,2899.3808555180613,2293.8581459733637,22.750887416326137,0,0,1,0,0
26162,SKM/SS/78A08/2015/278,Sikkim,South Sikkim,Namchi-Namthang Road,27.158944,88.427111,Debris Slide,,,14.235764516771779,1157.0533495539885,3340.3461307706716,13.580523790107463,0,0,1,0,0
26163,SKM/ES/78A2/2015/169,Sikkim,East Sikkim,Namchi-Namthang Road,27.158972,88.514611,Rock Fall,,,6.451129250439793,2316.2547860085824,2201.86761118053,22.25287040130162,0,0,1,0,0
26164,SKM/NS/78A04/2017/117,Sikkim,West Sikkim,SH,27.158972,88.090944,Debris Slide,,,1.6777085256983209,1086.8650238404286,2089.195098665064,27.65929148534599,0,0,1,0,0
26165,SKM/SS/78A08/2015/309,Sikkim,South Sikkim,Melli-Phong Road,27.159194,88.444361,Debris Slide,,,11.539633600769212,883.0188076608753,3293.4455569104853,34.40405215165807,1,0,1,1,0
26166,SKM/NS/78A04/2017/118,Sikkim,West Sikkim,SH,27.159361,88.09225,Earth Slide,,,1.6661865898165746,1221.0088759638925,2148.0586582717474,27.65929148534599,0,0,1,0,0
26167,SKM/WS/78A08/2015/294,Sikkim,West Sikkim,Namchi-Jorthang Road,27.159472,88.300028,Debris Slide,,,21.353049352839673,2870.7813223859375,741.7315504016692,38.27024859546902,0,2,1,0,1
26168,SKM/WS/78A08/2015/268,Sikkim,West Sikkim,Namchi-Assangthang Road,27.159639,88.318889,Debris Subsidence,,,1.6670030071523632,1086.352701500191,1030.0070503130305,50.82563977088207,0,0,1,0,0
26169,SKM/SS/78A08/2015/234,Sikkim,South Sikkim,Namchi-Palum Road,27.159972,88.379083,Rock Slide,,,7.826122381091761,1535.5779755053409,1304.5995621898246,20.49121984737929,0,0,1,0,0
26170,SKM/SS/78A08/2015/277,Sikkim,South Sikkim,Namchi-Namthang Road,27.160056,88.423028,Debris Slide,,,33.99057503857768,1574.8435280956437,2989.9871098670656,11.963437638875414,0,0,1,0,0
26171,SKM/NS/78A04/2017/132,Sikkim,West Sikkim,SH,27.160056,88.091806,Debris Slide,,,0.9008164643560097,1191.8709765461363,2062.915875877726,36.5935263775649,0,0,1,0,0
26172,SKM/SS/78A08/2015/272,Sikkim,South Sikkim,Namchi-Namthang Road,27.160194,88.415056,Debris Slide,,,8.047118165306694,2320.954813031946,2581.0625225981566,6.898497429384062,0,0,1,0,0
26173,SKM/SS/78A12/2015/170,Sikkim,South Sikkim,Namchi-Namthang Road,27.160444,88.512472,Rock Fall,,,3.527225483781131,2353.3958761201593,2155.7194831023776,21.92945314327192,0,0,1,0,0
26174,SKM/SS/78A12/2015/174,Sikkim,South Sikkim,Namchi-Namthang Road,27.160722,88.505889,Debris Slide,,,0.5575179002776715,2683.107509617283,2149.132750563148,26.659446387411034,0,0,1,0,0
26175,SKM/NS/78A04/2017/133,Sikkim,West Sikkim,SH,27.161,88.094306,Debris Slide,,,4.9058259774557476,1457.2036008943824,2183.7880070398214,36.5935263775649,0,0,1,0,0
26176,SKM/SS/78A12/2015/171,Sikkim,South Sikkim,Namchi-Namthang Road,27.161306,88.512944,Debris Slide,,,7.098624639865128,2255.6630081224653,2049.726544195701,21.92945314327192,0,0,1,0,0
26177,SKM/SS/78A08/2015/274,Sikkim,South Sikkim,Namchi-Namthang Road,27.161444,88.410556,Debris Slide,,,25.78323746329775,2787.8906428401074,2308.335690736302,38.89807415933455,0,0,1,0,0
26178,SKM/SS/78A12/2015/173,Sikkim,South Sikkim,Namchi-Namthang Road,27.161917,88.509639,Debris Slide,,,0.5723288255475117,2476.2995111106684,1990.1733752528426,27.32352565313201,0,0,1,0,0
26179,SKM/SS/78A08/2015/181,Sikkim,South Sikkim,Namchi-Namthang Road,27.162111,88.491444,Rock Fall,,,0.23160292981406413,2763.083119697804,2420.4322491916896,47.13157810105746,0,0,1,0,0
26180,SKM/SS/78A12/2015/172,Sikkim,South Sikkim,Namchi-Namthang Road,27.162194,88.510611,Debris Slide,,,6.840446221268804,2379.4863315363145,1963.4746430994232,27.09469487504453,0,0,1,0,0
26181,SKM/SS/78A08/2015/212,Sikkim,South Sikkim,Namchi-Namthang Road,27.16275,88.383306,Earth Slide,,,11.796988702091465,1832.9389155261465,1252.041889721409,20.0289084921156,0,0,1,0,0
26182,SKM/SS/78A08/2015/275,Sikkim,South Sikkim,Namchi-Namthang Road,27.162778,88.413222,Rock Slide,,,26.718329614658074,2587.201661833842,2247.4235304009158,33.55020542123235,0,0,1,0,0
26183,SKM/SS/78A08/2015/179,Sikkim,South Sikkim,Namchi-Namthang Road,27.162781,88.484864,Debris Slide,,,18.667364547230637,3030.991104877151,2713.7694455928654,42.494738624627345,0,0,1,0,0
26184,SKM/NS/78A04/2017/142,Sikkim,West Sikkim,SH,27.163472,88.143083,Debris Slide,,,2.875473208392364,4178.086185668871,4013.7411706659923,8.125295072110159,0,0,1,0,0
26185,SKM/SS/78A08/2015/282,Sikkim,South Sikkim,Namchi-Namthang Road,27.163556,88.458833,Debris Slide,,,1.4682073089212697,2359.8956224548588,2970.1272967347154,15.90732620724393,0,0,1,0,0
26186,SKM/SS/78A08/2015/214,Sikkim,South Sikkim,Namchi-Namthang Road,27.16375,88.406417,Rock Slide,,,0.0950945929657917,3256.967608208352,1990.4401489677543,41.175852480408466,0,0,1,0,0
26187,SKM/SS/78A08/2015/281,Sikkim,South Sikkim,Namchi-Namthang Road,27.163861,88.462306,Debris Slide,,,17.813220376541587,2686.293616937897,2921.9890542297776,14.274378399375651,0,0,1,0,0
26189,SKM/NS/78A04/2017/141,Sikkim,West Sikkim,SH,27.163861,88.141361,Debris Slide,,,2.102351312908122,4328.316151104868,3963.2759529091904,8.125295072110159,0,0,1,0,0
26190,SKM/NS/78A04/2017/100,Sikkim,West Sikkim,Malbasley SH,27.164472,88.213889,Rock Slide,,,2.3910320435944206,1584.9080659035458,1438.4236830017715,27.93147372816353,0,0,1,0,0
26191,SKM/NS/78A04/2017/96,Sikkim,West Sikkim,SH,27.1645,88.228444,Rock Slide,,,2.9190023014327653,2929.3703989133064,485.15185322824817,29.31545916992997,0,1,1,0,1
26192,SKM/SS/78A08/2015/396,Sikkim,South Sikkim,Sikkip-Wak-Namchi Road,27.164528,88.348472,Debris Slide,,,62.906926101247656,1666.8498333696773,701.9416759573156,33.66261521945138,0,3,1,0,1
26193,SKM/SS/78A08/2015/308,Sikkim,South Sikkim,Melli-Phong Road,27.165,88.444444,Debris Slide,,,4.821150936871388,1387.705430453162,3775.753566462515,32.95139214729645,0,0,1,0,0
26194,SKM/SS/78A08/2015/395,Sikkim,South Sikkim,Sikkip-Wak-Namchi Road,27.165278,88.348528,Debris Slide,,,4.95013920571259,1654.5352119373142,740.3109122487376,33.955673440457154,0,4,1,0,1
26195,SKM/NS/78A04/2017/112,Sikkim,West Sikkim,SH,27.165333,88.162028,Debris Slide,,,5.287650457190021,3377.4317300204293,3683.983140420038,24.73473462878204,0,0,1,0,0
26196,SKM/SS/78A08/2015/180,Sikkim,South Sikkim,Namchi-Namthang Road,27.165528,88.496556,Debris Slide,,,555.4586365510391,2229.2629246233373,1869.5939403619238,0.0,0,0,0,0,0
26197,SKM/SS/78A08/2015/178,Sikkim,South Sikkim,Namchi-Namthang Road,27.165586,88.488511,Debris Slide,,,6.707239109250423,2568.6161975795603,2247.8900307112854,53.60995667593637,0,0,1,0,0
26198,SKM/SS/78A08/2015/183,Sikkim,South Sikkim,Namchi-Namthang Road,27.165833,88.436667,Debris Slide,,,20.78433135916902,1298.421697640845,3598.744207904405,5.602259609355649,0,0,1,0,0
26199,SKM/NS/78A04/2017/143,Sikkim,West Sikkim,SH,27.166278,88.144333,Debris Slide,,,1.0893825706556481,4327.377034928032,4343.354400922283,8.125295072110159,0,0,1,0,0
26200,SKM/SS/78A08/2015/213,Sikkim,South Sikkim,Namchi-Namthang Road,27.166528,88.401333,Debris Slide,,,11.145160872048608,3580.9482223672417,1715.3799985434562,21.148298034304702,0,0,1,0,0
26201,SKM/SS/78A08/2015/304,Sikkim,South Sikkim,Perbing-Chuba Road,27.166611,88.417528,Debris Slide,,,20.690014350284716,2412.0197182268475,2081.99652364795,28.822855047159116,0,0,1,0,0
26202,SKM/SS/78A08/2015/394,Sikkim,South Sikkim,Sikkip-Wak-Namchi Road,27.167611,88.348889,Debris Slide,,,10.049915046997208,1624.4260654293444,887.2289672528613,19.38885537535067,0,4,1,0,1
26203,SKM/NS/78A04/2017/99,Sikkim,West Sikkim,SH,27.167972,88.224778,Rock Slide,,,189.38437514686296,2526.240928370607,906.3525995825572,17.20582369120432,0,1,1,0,1
26204,SKM/SS/78A08/2015/211,Sikkim,South Sikkim,Namchi-Namthang Road,27.168167,88.384556,Debris Slide,,,4.367237535239706,1931.4681259687568,1006.4942143872792,34.49645403346198,0,0,1,0,0
26205,SKM/SS/78A08/2015/302,Sikkim,South Sikkim,,27.169028,88.486333,Debris Slide,,,3.5525887918705887,2405.4432151037217,2103.489544342521,35.324981545969145,0,0,1,0,0
26206,SKM/SS/78A08/2015/198,Sikkim,South Sikkim,Namchi-Damthang Road,27.169472,88.363778,Debris Slide,,,3.32177059696506,396.4821796048294,313.5468163544271,39.04091046951411,1,21,1,1,1
26207,SKM/SS/78A08/2015/280,Sikkim,South Sikkim,Namchi-Namthang Road,27.169583,88.462361,Debris Slide,,,10.795768504835939,3001.7845990739243,3546.79300721066,11.479246437987062,0,0,1,0,0
26208,SKM/NS/78A04/2017/135,Sikkim,West Sikkim,Bhoreng SH,27.170833,88.086361,Earth Slide,,,2.5749607230419342,1581.3692826616877,979.8407896772222,18.065649546167652,0,1,1,0,1
26209,SKM/NS/78A04/2017/95,Sikkim,West Sikkim,SH,27.171083,88.245417,Debris Slide,,,1.8028834402881786,2434.2773284413324,2139.2662074521268,22.700010001205126,0,0,1,0,0
26210,SKM/SS/78A08/2015/393,Sikkim,South Sikkim,Sikkip-Wak-Namchi Road,27.171139,88.354611,Debris Slide,,,11.708783257943725,1186.9929921033477,610.1391347243123,28.062958289865367,0,11,1,0,1
26211,SKM/NS/78A04/2017/110,Sikkim,West Sikkim,SH,27.171639,88.159333,Debris Slide,,,1.915469772697375,3977.1014207202447,3899.960076206888,19.72971166701248,0,0,1,0,0
26212,SKM/NS/78A04/2017/111,Sikkim,West Sikkim,SH,27.171833,88.160861,Debris Slide,,,0.09238360702470513,3826.44461939666,3749.1336912301604,22.0756499042019,0,0,1,0,0
26213,SKM/NS/78A04/2017/137,Sikkim,West Sikkim,SH,27.172083,88.090333,Earth Slide,,,5.169093055271616,1888.9685316634827,1348.927382658418,18.772709718962226,0,0,1,0,0
26214,SKM/SOUTH/78A08/2017/001,Sikkim,South Sikkim,"Gumpa Monastery, Upper Gurpisey State Highway (Namchi-",27.172228,88.372,Debris Complex,2017,,95.07678128042255,954.5896525171346,225.7648257537656,32.59462290097733,1,7,1,1,1
26215,SKM/SS/78A08/2015/210,Sikkim,South Sikkim,Namchi-Namthang Road,27.172333,88.381444,Debris Slide,,,6.932896497724563,1750.5022716822978,648.0577583240175,39.404250466698336,0,4,1,0,1
26216,SKM/SS/78A08/2015/297,Sikkim,South Sikkim,Namchi-Jorthang Road,27.172444,88.386972,Rock Slide,,,5.556937746325858,2268.245380618252,1104.5461082470908,27.57378533844373,0,0,1,0,0
26217,SKM/NS/78A04/2017/136,Sikkim,West Sikkim,Ribdi SH,27.172444,88.089528,Earth Slide,,,5.676553034145749,1881.8008342878227,1267.0799278763145,19.471291195449435,0,0,1,0,0
26218,SKM/NS/78A04/2017/138,Sikkim,West Sikkim,SH,27.173861,88.092111,Earth Slide,,,4.511715331746466,2150.218163760708,1525.475086274235,17.188861642135777,0,0,1,0,0
26219,SKM/SS/78A08/2015/296,Sikkim,South Sikkim,Namchi-Jorthang Road,27.173917,88.38525,Rock Slide,,,12.04531817782837,2166.2826875537335,869.7637214817587,37.098869570441046,0,3,1,0,1
26220,SKM/SS/78A08/2015/182,Sikkim,South Sikkim,Namchi-Namthang Road,27.174389,88.452028,Debris Slide,,,1.0875448378374157,2667.3273700418163,4324.781070934976,24.143185891859478,0,0,1,0,0
26221,SKM/SS/78A08/2015/295,Sikkim,South Sikkim,Namchi-Jorthang Road,27.175,88.385028,Rock Slide,,,11.824705493609535,2197.118040612333,765.4273560360081,37.098869570441046,0,4,1,0,1
26222,SKM/SS/78A08/2015/300,Sikkim,South Sikkim,Namchi-Jorthang Road,27.175778,88.402417,Debris Slide,,,1.7304715308791225,3839.8269858266503,699.4120523059404,16.003185667021008,0,1,1,0,1
26223,SKM/SS/78A08/2015/305,Sikkim,South Sikkim,Perbing-Chuba Road,27.176,88.429556,Debris Slide,,,6.483094510456369,2546.2907104459614,2517.024358601335,23.735550890356286,0,0,1,0,0
26224,SKM/SS/78A08/2015/299,Sikkim,South Sikkim,Namchi-Jorthang Road,27.176944,88.402056,Debris Slide,,,3.199127855965799,3843.763595143214,597.103753849889,15.753391611451853,0,1,1,0,1
26225,SKM/SS/78A08/2015/301,Sikkim,South Sikkim,Namchi-Jorthang Road,27.177056,88.402611,Rock Slide,,,10.113770865418632,3899.8866203308985,561.3560320298895,15.753391611451853,0,1,1,0,1
26226,SKM/SS/78A08/2015/263,Sikkim,South Sikkim,,27.177167,88.369611,Rock Slide,,,182.0728375702364,1298.9834110385257,373.0746798609489,30.76275183807969,0,4,1,0,1
26227,SKM/SS/78A08/2015/306,Sikkim,South Sikkim,Perbing-Chuba Road,27.178111,88.430556,Debris Slide,,,85.09916447354992,2743.289494220331,2566.916861207753,25.133573745735912,0,0,1,0,0
26228,SKM/ES/78A12/2015/101,Sikkim,East Sikkim,Rangpo-Rorathang Road,27.178889,88.533097,Rock Slide,,,3.811113985469074,563.9240923780383,557.9335751682854,33.29804873600086,1,3,1,1,1
26229,SKM/NS/78A04/2017/106,Sikkim,West Sikkim,SH,27.179278,88.190972,Earth Slide,,,7.44364305376843,875.1260520522235,772.3379017229796,13.009226171463125,1,2,1,1,1
26230,SKM/ES/78A12/2015/141,Sikkim,East Sikkim,NH-31A,27.179639,88.519778,Debris Slide,,,4.918959408914613,1194.8386841613556,462.5708848533736,42.00625573233595,0,1,1,0,1
26231,SKM/ES/78A12/2015/143,Sikkim,East Sikkim,NH-31A,27.180417,88.51025,Rock Slide,,,5.373813478451373,866.1349591054636,111.01349143412993,7.266916958062728,1,17,1,1,1
26232,SKM/ES/78A12/2015/142,Sikkim,East Sikkim,NH-31A,27.180528,88.518611,Debris Slide,,,2.937724073465861,1343.986407858939,614.1206782282496,25.831723399519998,0,2,1,0,1
26233,SKM/NS/78A04/2017/105,Sikkim,West Sikkim,Gumpa Dara SH,27.181167,88.192028,Debris Slide,,,8.698986430646842,719.3350097267994,715.6897783872129,12.007558365638312,1,2,1,1,1
26234,SKM/WS/78A08/2015/378,Sikkim,West Sikkim,,27.181222,88.309528,Debris Slide,,,3.910000374379201,3460.4197297086216,1880.0898142197439,12.710378404108747,0,0,1,0,0
26235,SKM/SS/78A08/2015/298,Sikkim,South Sikkim,Namchi-Jorthang Road,27.18175,88.395778,Debris Slide,,,19.962213285273176,3489.5617906724983,909.3846771335731,16.712616350221435,0,1,1,0,1
26236,SKM/ES/78A12/2015/144,Sikkim,East Sikkim,NH-31A,27.182111,88.508,Rock Slide,,,0.4346283952533124,577.0908919491126,279.2284798836941,10.04147636089251,1,22,1,1,1
26237,SKM/NS/78A03/2017/82,Sikkim,West Sikkim,Barakheley Dara SH,27.185944,88.197944,Debris Slide,,,8.804569633710232,440.2985263912908,795.5248901074852,8.962396975791753,1,1,1,1,1
26238,SKM/NS/78A03/2017/83,Sikkim,West Sikkim,SH,27.185972,88.205833,Earth Slide,,,1.1531761642083118,782.0653444000392,1060.1720745980485,7.78451344724443,1,0,1,1,0
26239,SKM/WS/78A08/2015/351,Sikkim,West Sikkim,legship-Sikkip Road,27.186361,88.320417,Debris Slide,,,3.8484962854451448,3562.873688231912,1706.475411114931,8.801367375234467,0,0,1,0,0
26240,SKM/NS/78A03/2017/84,Sikkim,West Sikkim,SH,27.186611,88.206278,Earth Slide,,,6.9140128149342175,858.2855931327456,1142.4971699999667,5.769445031418862,1,0,1,1,0
26241,SKM/ES/78A12/2015/102,Sikkim,East Sikkim,Rangpo-Rorathang Road,27.18815,88.562083,Debris Slide,,,17.192694725714897,3492.9840543488353,3531.448133267618,13.982479869589477,0,0,1,0,0
26242,SKM/ES/78A12/2015/145,Sikkim,East Sikkim,NH-31A,27.188528,88.501194,Rock Slide,,,8.791738886976415,450.40316981091314,141.54380288333616,13.701251614483937,1,26,1,1,1
26243,SKM/SS/78A08/2015/197,Sikkim,South Sikkim,Namchi-Damthang Road,27.189222,88.391056,Debris Slide,,,5.175649714851399,3620.9301757488633,665.1216522283788,21.42410979391372,0,1,1,0,1
26244,SKM/ES/78A12/2015/103,Sikkim,East Sikkim,Rangpo-Rorathang Road,27.189261,88.595686,Debris Slide,,,6.706192231175107,1777.9619956902256,3824.5739516080375,13.982479869589477,0,0,1,0,0
26246,SKM/ES/78A12/2015/104,Sikkim,East Sikkim,Rangpo-Rorathang Road,27.190067,88.596483,Rock Slide,,,1.2473314897046934,1667.2631282727148,3764.975361554156,13.982479869589477,0,0,1,0,0
26247,SKM/ES/78A12/2015/105,Sikkim,East Sikkim,Rangpo-Rorathang Road,27.190833,88.596889,Debris Slide,,,0.8971316940839157,1594.9950538603277,3744.823464170418,13.982479869589477,0,0,1,0,0
26248,SKM/WS/78A08/2015/350,Sikkim,West Sikkim,legship-Sikkip Road,27.191639,88.325861,Debris Slide,,,2.03668104746408,3915.598415442695,2227.7803765533354,18.11962137906167,0,0,1,0,0
26249,SKM/WS/78A08/2015/374,Sikkim,West Sikkim,Sangadorji-Bum Road,27.191917,88.2885,Debris Slide,,,12.967052036443413,3719.959366388493,3165.0766746761237,42.50084734257925,0,0,1,0,0
26250,SKM/ES/78A12/2015/106,Sikkim,East Sikkim,Rangpo-Rorathang Road,27.192989,88.603083,Debris Slide,,,22.74415709195582,937.6229682863036,3227.106673635647,24.291503721797945,1,0,1,1,0
26251,SKM/ES/78A12/2015/135,Sikkim,East Sikkim,Rhenak Road,27.193794,88.650528,Debris Slide,,,0.5423871534147462,2206.446579187349,1962.6129950658399,17.412819719824313,0,0,1,0,0
26252,SKM/SS/78A08/2015/206,Sikkim,South Sikkim,Kholaghari village Road,27.194333,88.388889,Debris Slide,,,2.238941782004852,3888.69884990615,286.67788780403197,29.684040397059864,0,1,1,0,1
26253,SKM/ES/78A12/2015/108,Sikkim,East Sikkim,Rorathang-Rongli Road,27.195083,88.631992,Debris Slide,,,0.6380055603438143,2026.8771296619727,1365.9321581551426,26.26283221156891,0,0,1,0,0
26254,SKM/ES/78A12/2015/109,Sikkim,East Sikkim,Rorathang-Rongli Road,27.195511,88.6342,Debris Slide,,,28.637374212717614,2233.4205096647197,1405.0958806620883,16.044778834013083,0,0,1,0,0
26255,SKM/ES/78A12/2015/107,Sikkim,East Sikkim,Rorathang-Rongli Road,27.195703,88.625444,Debris Slide,,,12.203530180248718,1374.6833612051573,1638.9200805285304,22.870386080705384,0,0,1,0,0
26256,SKM/SS/78A08/2015/207,Sikkim,South Sikkim,Kholaghari village Road,27.195722,88.387472,Debris Slide,,,13.995143611307913,3739.6223325973488,414.27452429019814,29.684040397059864,0,1,1,0,1
26257,SKM/NS/78A03/2017/81,Sikkim,West Sikkim,Phuchenbong SH,27.197111,88.208722,Debris Slide,,,6.151311911924757,1908.2393262814953,2256.413169644968,13.62362325144897,0,0,1,0,0
26258,SKM/SS/78A12/2015/146,Sikkim,South Sikkim,NH-31A,27.197417,88.4905,Rock Slide,,,7.978684963394851,1868.2173142683116,1359.4219134700143,42.0055992730753,0,0,1,0,0
26259,SKM/ES/78A12/2015/110,Sikkim,East Sikkim,Rorathang-Rongli Road,27.198856,88.638725,Debris Slide,,,11.277362325864445,1917.0067010283915,1845.399821509509,16.044778834013083,0,0,1,0,0
26260,SKM/ES/78A12/2015/134,Sikkim,East Sikkim,Rhenak Road,27.198928,88.66095,Debris Slide,,,2.029179361744925,1594.3394545480053,3092.8036039954777,17.412819719824313,0,0,1,0,0
26261,SKM/SS/78A08/2015/385,Sikkim,South Sikkim,Sikkip-Wak-Namchi Road,27.199028,88.350417,Debris Slide,,,11.633206919094313,3928.26894226524,3434.257728061563,21.66231577244134,0,0,1,0,0
26262,SKM/ES/78A12/2015/111,Sikkim,East Sikkim,Rorathang-Rongli Road,27.199722,88.641633,Rock Topple,,,27.896151687722927,1915.8389220042448,2032.2806349514533,12.429112109402238,0,0,1,0,0
26263,SKM/SS/78A08/2015/386,Sikkim,South Sikkim,Sikkip-Wak-Namchi Road,27.200389,88.3545,Debris Slide,,,16.20475962473099,3941.0745480883247,3301.507202940865,21.740508207846833,0,0,1,0,0
26264,SKM/WS/78A08/2015/384,Sikkim,West Sikkim,Sikkip-Wak-Namchi Road,27.200861,88.340861,Debris Slide,,,3.451947251745108,4213.030681717048,3603.4884554507835,21.03793675537327,0,0,1,0,0
26265,SKM/ES/78A12/2015/133,Sikkim,East Sikkim,Rhenak Road,27.201278,88.665381,Debris Slide,,,9.315887078014427,1322.5762820355346,3506.146697167848,30.61299599272432,0,0,1,0,0
26266,SKM/WS/78A08/2015/366,Sikkim,West Sikkim,Kaluk-Rinchenpong Road,27.20175,88.268194,Debris Slide,,,0.6389819124950157,4310.151163343051,3008.3898034202075,30.26678000141425,0,0,1,0,0
26267,SKM/ES/78A12/2015/132,Sikkim,East Sikkim,Rhenak Road,27.201875,88.667278,Debris Slide,,,29.46226582238712,1296.1186476561484,3315.031342890057,64.64994414964303,0,0,1,0,0
26268,SKM/SS/78A08/2015/209,Sikkim,South Sikkim,Kholaghari village Road,27.202417,88.391583,Debris Slide,,,4.139063964653534,2999.983354358549,799.0332667999301,20.182028544637028,0,1,1,0,1
26269,SKM/ES/78A12/2015/113,Sikkim,East Sikkim,Rorathang-Rongli Road,27.202433,88.656708,Rock Topple,,,1.1335769112987442,1368.6494401140128,3092.4253470157378,11.27133153816333,0,0,1,0,0
26270,SKM/ES/78A12/2015/34,Sikkim,East Sikkim,Pendam NULL,27.203167,88.588667,Debris Slide,,,0.26263478760081155,2384.5589329694576,2774.1283436362387,17.138415670355847,0,0,1,0,0
26271,SKM/ES/78A12/2015/38,Sikkim,East Sikkim,Pamdambhasmey Rangpo-Rorathang Road,27.203194,88.600278,Debris Slide,,,2.5712017102822227,1335.8405003062346,3017.211918727886,28.665432148904262,0,0,1,0,0
26272,SKM/ES/78A12/2015/114,Sikkim,East Sikkim,Rorathang-Rongli Road,27.203869,88.658333,Debris Slide,,,9.384036365509784,1151.7297229684564,3316.7850176706315,11.27133153816333,0,0,1,0,0
26273,SKM/ES/78A12/2015/112,Sikkim,East Sikkim,Rorathang-Rongli Road,27.204556,88.647222,Debris Slide,,,3.597358794022427,1786.4471939625375,2758.1466984251356,12.338141634749599,0,0,1,0,0
26274,SKM/WS/78A08/2015/349,Sikkim,West Sikkim,legship-Sikkip Road,27.204694,88.32375,Debris Slide,,,11.2741307680269,2631.6080342001164,2217.7586754997133,32.29092154997158,0,0,1,0,0
26275,SKM/ES/78A12/2015/33,Sikkim,East Sikkim,East Pendam NULL,27.205,88.591722,Rock Fall,,,2.026646185555197,2176.2096023929553,2593.969088316451,25.497001952407093,0,0,1,0,0
26276,SKM/SS/78A08/2015/56,Sikkim,South Sikkim,Phong-Bermiok Road,27.205,88.442122,Debris Slide,,,15.4506470004471,2640.304161338577,4076.5638477038306,14.97040876445991,0,0,1,0,0
26277,SKM/ES/78A12/2015/115,Sikkim,East Sikkim,Rorathang-Rongli Road,27.205047,88.689053,Debris Slide,,,205.67776275725,1182.8700644227279,1173.1723109075997,52.41065480903864,0,0,1,0,0
26278,SKM/SS/78A08/2015/54,Sikkim,South Sikkim,Phong-Bermiok Road,27.206611,88.442814,Debris Slide,,,5.1986982935159105,2452.8486094580794,3978.562673613189,13.258170575838722,0,0,1,0,0
26279,SKM/ES/78A12/2015/118,Sikkim,East Sikkim,Rorathang-Rongli Road,27.206653,88.679953,Rock Fall,,,13.407587065681456,1363.566302894751,2092.010485477007,62.72109941490637,0,0,1,0,0
26280,SKM/WS/78A08/2015/348,Sikkim,West Sikkim,legship-Sikkip Road,27.206917,88.323278,Debris Slide,,,6.303966629243682,2424.8548617691686,1999.9081961512668,37.28761340320876,0,0,1,0,0
26281,SKM/SS/78A08/2015/55,Sikkim,South Sikkim,Phong-Bermiok Road,27.207039,88.446667,Debris Slide,,,7.586259698272321,2373.6982491766053,4196.3998173451655,15.01948258851944,0,0,1,0,0
26282,SKM/ES/78A12/2015/116,Sikkim,East Sikkim,Rorathang-Rongli Road,27.207264,88.672817,Debris Slide,,,4.6870792883295005,1081.409504360129,2800.0453268741758,66.85441031963336,0,0,1,0,0
26283,SKM/ES/78A12/2015/117,Sikkim,East Sikkim,Rorathang-Rongli Road,27.207606,88.676047,Rock Fall,,,20.473397247877223,1099.5780363785689,2492.0070355151743,66.85441031963336,0,0,1,0,0
26284,SKM/SS/78A08/2015/208,Sikkim,South Sikkim,Kholaghari village Road,27.20825,88.387667,Earth Slide,,,5.169826283755803,2353.209437200667,1497.1998661879363,20.14978145789148,0,0,1,0,0
26285,SKM/ES/78A12/2015/35,Sikkim,East Sikkim,Rangpo-Rorathang Road,27.2115,88.58775,Debris Slide,,,5.05761295241024,2879.346671777081,1851.1002999075902,29.248670427967074,0,0,1,0,0
26286,SKM/ES/78A12/2015/36,Sikkim,East Sikkim,Rangpo-Rorathang Road,27.212222,88.587889,Debris Slide,,,9.369526197247792,2914.6447019429984,1770.8224461280254,29.248670427967074,0,0,1,0,0
26287,SKM/SS/78A08/2015/196,Sikkim,South Sikkim,Namchi-Damthang Road,27.212583,88.399333,Debris Slide,,,9.228568748070131,2106.647254716883,2071.600904170683,6.984086102442781,0,0,1,0,0
26288,SKM/SS/78A08/2015/202,Sikkim,South Sikkim,Kholaghari village Road,27.21275,88.391444,Debris Slide,,,9.45394342550398,1858.2163773269533,1869.274656841175,8.9971107297357,0,0,1,0,0
26289,SKM/WS/78A08/2015/347,Sikkim,West Sikkim,legship-Sikkip Road,27.213556,88.321833,Debris Slide,,,0.515840554144748,1869.352027490631,1412.557494170479,16.27565186244108,0,0,1,0,0
26290,SKM/ES/78A11/2015/13,Sikkim,East Sikkim,,27.214222,88.608361,Debris Slide,,,11.492748997062815,1972.2612291762443,2525.5840597525,43.780671296948235,0,0,1,0,0
26291,SKM/SS/78A08/2015/203,Sikkim,South Sikkim,Kholaghari village Road,27.214639,88.392417,Debris Slide,,,11.13820120437529,1664.4254476453518,1667.9697325797224,6.1833056933516195,0,0,1,0,0
26292,SKM/ES/78A12/2015/37,Sikkim,East Sikkim,Rangpo-Rorathang Road,27.214806,88.588083,Debris Slide,,,4.155224417684887,3078.0391233855735,1484.2817552457695,31.5386462711737,0,0,1,0,0
26293,SKM/SS/78A08/2015/205,Sikkim,South Sikkim,Kholaghari village Road,27.215056,88.393306,Debris Slide,,,24.06295087622616,1637.1375932322333,1634.2578711931894,6.1833056933516195,0,0,1,0,0
26294,SKM/SS/78A08/2015/195,Sikkim,South Sikkim,Namchi-Damthang Road,27.21525,88.402278,Debris Slide,,,11.44935493747204,2019.2398145703467,1967.4662243575494,6.984086102442781,0,0,1,0,0
26295,SKM/NS/78A03/2017/85,Sikkim,West Sikkim,SH,27.216361,88.199667,Debris Slide,,,1.5435755245914857,749.3419287288724,4162.155543490183,6.140976292941186,1,0,1,1,0
26296,SKM/SS/78A08/2015/204,Sikkim,South Sikkim,Kholaghari village Road,27.216639,88.392361,Rock Slide,,,3.153922705274439,1445.697826251864,1447.2260010121702,6.1833056933516195,0,0,1,0,0
26297,SKM/WS/78A08/2015/367,Sikkim,West Sikkim,Kaluk-Rinchenpong Road,27.216722,88.274639,Debris Slide,,,15.997778533980183,2901.701410604752,1416.8090019364608,26.10716684999783,0,0,1,0,0
26298,SKM/NS/78A04/2017/93,Sikkim,West Sikkim,Rishithang SH,27.217278,88.236944,Debris Slide,,,5.860644939788255,2944.3792382132865,3496.872426057452,13.06288471931503,0,0,1,0,0
26299,SKM/NS/78A04/2017/91,Sikkim,West Sikkim,SH,27.217667,88.233472,Debris Slide,,,6.502734521696411,2602.7560674994324,3801.5616893830697,18.860253587368852,0,0,1,0,0
26300,SKM/NS/78A04/2017/92,Sikkim,West Sikkim,SH,27.217667,88.234639,Debris Slide,,,4.896246247342604,2718.168914073755,3693.1933261261925,19.947416551003656,0,0,1,0,0
26301,SKM/NS/78A04/2017/90,Sikkim,West Sikkim,SH,27.218278,88.232472,Debris Slide,,,0.6876011110685109,2508.6676967880553,3872.632019605198,17.325568902306102,0,0,1,0,0
26302,SKM/NS/78A04/2017/89,Sikkim,West Sikkim,SH,27.21875,88.233694,Debris Slide,,,1.2182143093981836,2634.0052136346226,3741.263022141779,19.947416551003656,0,0,1,0,0
26303,SKM/SS/78A08/2015/200,Sikkim,South Sikkim,Kholaghari village Road,27.219444,88.391111,Debris Slide,,,10.362413932425845,1118.1641471100672,1126.9237427206704,5.6106268106697055,0,0,1,0,0
26304,SKM/NS/78A04/2017/88,Sikkim,West Sikkim,SH,27.219444,88.234361,Rock Slide,,,0.11768476388152967,2708.3318312543643,3654.6527005835583,15.7532334167667,0,0,1,0,0
26305,SKM/NS/78A03/2017/80,Sikkim,West Sikkim,SH,27.2195,88.210222,Debris Slide,,,2.7956535668866254,456.1698232255689,4649.932729561919,18.517025629063316,1,0,1,1,0
26306,SKM/WS/78A08/2015/369,Sikkim,West Sikkim,Sangadorji-Bum Road,27.219917,88.276306,Debris Slide,,,6.2580030462376435,2584.3143949677465,1164.8497289254803,25.28613929000188,0,0,1,0,0
26307,SKM/WS/78A08/2015/370,Sikkim,West Sikkim,Sangadorji-Bum Road,27.220306,88.261861,Debris Slide,,,273.644845188849,2614.41460809937,1250.1572976650586,2.21416990018516,0,0,0,0,0
26308,SKM/WS/78A08/2015/373,Sikkim,West Sikkim,Sangadorji-Bum Road,27.220472,88.281028,Debris Slide,,,0.05039115332896806,2421.2601789281307,1425.4896660142333,26.57878579475907,0,0,1,0,0
26309,SKM/ES/78A12/2015/131,Sikkim,East Sikkim,Rhenak-Kopchey Road,27.22075,88.699833,Debris Slide,,,348.4567972494579,1911.8688722384231,1949.5703745241253,9.563698130899347,0,0,0,0,0
26310,SKM/WS/78A08/2015/371,Sikkim,West Sikkim,Sangadorji-Bum Road,27.220778,88.279917,Debris Slide,,,9.983183126974483,2529.185997546109,1320.7114687213248,24.505970172667997,0,0,1,0,0
26311,SKM/NS/78A04/2017/87,Sikkim,West Sikkim,Rishi SH,27.220806,88.237361,Rock Slide,,,3.122306160852807,3024.151269397805,3326.2396386352093,12.5313892761154,0,0,1,0,0
26312,SKM/ES/78A11/2015/14,Sikkim,East Sikkim,,27.220861,88.657111,Debris Slide,,,9.300529523540629,837.0737166361048,4742.7075178116165,37.166172001397626,1,0,1,1,0
26313,SKM/ES/78A12/2015/27,Sikkim,East Sikkim,Mamring NULL,27.220889,88.652278,Debris Slide,,,0.8640236578939573,1301.5181896188317,4603.486832876824,37.166172001397626,0,0,1,0,0
26314,SKM/SS/78A08/2015/199,Sikkim,South Sikkim,Kholaghari village Road,27.220917,88.385083,Debris Slide,,,15.326803525462964,1038.2931793521145,1105.9620053558529,6.6644832649805075,0,0,1,0,0
26315,SKM/SS/78A08/2015/194,Sikkim,South Sikkim,Namchi-Damthang Road,27.220972,88.397639,Debris Slide,,,14.737603276384379,1238.0391605328145,1184.5317326593295,7.50326347046612,0,0,1,0,0
26316,SKM/SS/78A08/2015/189,Sikkim,South Sikkim,Temi village Road,27.221444,88.376167,Debris Slide,,,20.508411219835544,1586.8761930155927,1371.0609838288701,10.370752790263188,0,0,1,0,0
26317,SKM/SS/78A08/2015/188,Sikkim,South Sikkim,Temi village Road,27.2215,88.370667,Debris Slide,,,3.7074534605199583,2058.919100821051,1684.2655193892863,12.473111879058765,0,0,1,0,0
26318,SKM/SS/78A08/2015/201,Sikkim,South Sikkim,Kholaghari village Road,27.221778,88.390861,Debris Slide,,,11.670069250134318,858.8323057565027,867.5660209352793,7.40531153951304,1,1,1,1,1
26319,SKM/WS/78A08/2015/372,Sikkim,West Sikkim,Sangadorji-Bum Road,27.222917,88.281972,Debris Slide,,,1.0149984189215475,2325.3917245706643,1346.6482915403235,26.22091047263187,0,0,1,0,0
26320,SKM/SS/78A12/2015/147,Sikkim,South Sikkim,NH-31A,27.223833,88.491833,Debris Slide,,,3.2714858670668128,662.1835139739247,559.224446543954,30.050926115899365,1,8,1,1,1
26321,SKM/SS/78A08/2015/187,Sikkim,South Sikkim,Temi village Road,27.224778,88.372083,Debris Slide,,,29.110920351856294,1797.2949618884575,1333.379963426614,11.714607666690025,0,0,1,0,0
26322,SKM/SS/78A08/2015/186,Sikkim,South Sikkim,Temi village Road,27.225083,88.373333,Debris Slide,,,10.223663907042052,1669.0080124791016,1217.806964531851,10.508819466059435,0,0,1,0,0
26323,SKM/NS/78A04/2017/86,Sikkim,West Sikkim,SH,27.225556,88.240333,Debris Slide,,,9.728584281974639,3432.598758572754,2923.4618478232583,17.037506686109182,0,0,1,0,0
26324,SKM/SS/78A12/2015/148,Sikkim,South Sikkim,NH-31A,27.22575,88.49325,Rock Slide,,,2.7749354416916567,789.4970728604694,309.4273855841591,30.8718513910762,2,16,1,1,1
26325,SKM/WS/78A08/2015/392,Sikkim,West Sikkim,Tinktitam village Road,27.226556,88.308861,Debris Slide,,,8.848796330221038,618.7216339978487,697.9968059999343,26.197218529954114,1,1,1,1,1
26326,SKM/NS/78A03/2017/79,Sikkim,West Sikkim,SH,27.2275,88.220278,Debris Slide,,,5.33911241123077,1786.1174511810912,4882.606986018233,17.087299500857974,0,0,1,0,0
26327,SKM/NS/78A04/2017/94,Sikkim,West Sikkim,SH,27.227528,88.219639,Debris Slide,,,4.307162798686581,1743.0887788718778,4945.695422062449,17.087299500857974,0,0,1,0,0
26328,SKM/SS/78A12/2015/149,Sikkim,South Sikkim,Singtam-Dikchu Road,27.228556,88.493889,Debris Slide,,,2.672622153502803,495.4986561987296,179.0876072854345,37.692676390348254,1,17,1,1,1
26329,SKM/SS/78A08/2015/185,Sikkim,South Sikkim,Temi village Road,27.229417,88.378444,Debris Slide,,,5.954684410637251,1091.8332779352827,520.4638340997674,6.844329169674288,0,1,1,0,1
26330,SKM/ES/78A12/2015/28,Sikkim,East Sikkim,Taza NULL,27.22975,88.619361,Earth Slide,,,2.1139229828907555,2140.493412576721,2345.356262859085,11.275652586632903,0,0,1,0,0
26331,SKM/WS/78A08/2015/391,Sikkim,West Sikkim,Tinktitam village Road,27.230583,88.306056,Debris Slide,,,10.241488062314225,964.8070963226209,1166.6768015736754,26.310998924958987,1,0,1,1,0
26332,SKM/SS/78A08/2015/184,Sikkim,South Sikkim,Chemchey Temi village Road,27.232639,88.378417,Debris Slide,,,124.51738595244794,1150.8048211395255,397.4660436934864,35.428620322143786,0,1,1,0,1
26333,SKM/NS/78A04/2017/68,Sikkim,West Sikkim,SH,27.233194,88.246361,Debris Slide,,,3.735767831185928,2599.786043689767,2332.542808733043,39.494035998872604,0,0,1,0,0
26334,SKM/ES/78A12/2015/22,Sikkim,East Sikkim,NH-31A,27.233389,88.5015,Debris Slide,,,4.967251791109256,463.71586206798685,41.05821818168442,35.335322430113514,1,17,1,1,1
26335,SKM/ES/78A12/2015/120,Sikkim,East Sikkim,Machong-Rongli Road,27.233417,88.634806,Debris Slide,,,9.4764906301265,1905.7379561541788,3580.485918541074,17.81565186390801,0,0,1,0,0
26336,SKM/SS/78A08/2015/235,Sikkim,South Sikkim,Tinktam-Rheyong Road,27.233667,88.348389,Debris Slide,,,7.045289289002409,4095.2611374486532,3373.375104344623,22.93478190563747,0,0,1,0,0
26337,SKM/ES/78A12/2015/29,Sikkim,East Sikkim,,27.235694,88.6025,Debris Slide,,,8.44227260451076,962.4983252536917,724.0938495909355,16.06694332493378,1,2,1,1,1
26338,SKM/ES/78A12/2015/30,Sikkim,East Sikkim,,27.23575,88.602389,Debris Slide,,,9.680601860542211,952.3474496295127,714.4195511934505,16.078618988760315,1,2,1,1,1
26339,SKM/SS/78A12/2015/150,Sikkim,South Sikkim,Singtam-Dikchu Road,27.23575,88.506472,Debris Slide,,,11.038662406252815,1018.4636779880145,553.6796202928658,9.35185937337201,0,5,1,0,1
26340,SKM/SS/78A12/2015/151,Sikkim,South Sikkim,Singtam-Dikchu Road,27.23575,88.507972,Debris Slide,,,46.121075523722034,1155.6692380461957,683.9872621140695,9.35185937337201,0,3,1,0,1
26341,SKM/ES/78A12/2015/21,Sikkim,East Sikkim,NH-31A,27.235778,88.506306,Debris Slide,,,0.20044006722967947,1004.7673784215223,541.5398811073462,9.35185937337201,0,5,1,0,1
26342,SKM/SS/78A08/2015/360,Sikkim,South Sikkim,,27.235861,88.433167,Debris Slide,,,6.843170574212031,1151.0718001938114,834.8895506792504,32.89897763289449,0,1,1,0,1
26343,SKM/ES/78A12/2015/121,Sikkim,East Sikkim,Machong-Rongli Road,27.235917,88.645167,Rock Fall,,,4.011017489013854,950.3732074311795,4531.142876064465,13.253826213511294,1,0,1,1,0
26344,SKM/ES/78A12/2015/152,Sikkim,East Sikkim,NH-31A,27.236361,88.50875,Debris Slide,,,3.29798352382114,1252.4128029765614,783.1922982799183,9.35185937337201,0,1,1,0,1
26345,SKM/ES/78A12/2015/20,Sikkim,East Sikkim,NH-31A,27.236583,88.509611,Debris Slide,,,13.290253948800526,1340.6062367300963,870.336998407458,9.35185937337201,0,1,1,0,1
26346,SKM/NS/78A04/2017/69,Sikkim,West Sikkim,SH,27.236889,88.235917,Rock Slide,,,4.97029293739169,3473.0154199961107,3430.245034134101,41.54435144477494,0,0,1,0,0
26347,SKM/ES/78A12/2015/32,Sikkim,East Sikkim,,27.237694,88.598806,Debris Slide,,,4.691775103369958,656.2592839501735,467.3094674606204,16.406114365510817,1,2,1,1,1
26348,SKM/EAS/78A12/2014/002,Sikkim,East Sikkim,6 km from Martam 0.5 km before Sikkim Supreme,27.23772,88.51384,Debris Slide,26 August 2014,2014-08-26,2.778880865974383,1776.4216557854181,1303.534916614805,10.529618110476237,0,0,1,0,0
26349,SKM/SS/78A08/2015/236,Sikkim,South Sikkim,Tinktam-Rheyong Road,27.237889,88.346444,Debris Slide,,,21.65880032226777,4362.660708686372,3243.6809711067312,22.643484252426187,0,0,1,0,0
26350,SKM/WS/78A08/2015/390,Sikkim,West Sikkim,Tinktitam village Road,27.237917,88.30475,Rock Slide,,,6.419028118703315,1776.526373838626,889.2779349465026,29.56951493542483,0,1,1,0,1
26351,SKM/ES/78A12/2015/31,Sikkim,East Sikkim,Dikling NULL,27.238111,88.601528,Debris Slide,,,2.9937941586955823,679.1903726641136,439.6129818225364,29.649607838779268,1,2,1,1,1
26352,SKM/EAS/78A08/2014/003,Sikkim,East Sikkim,Sirwani Landslide Sirwani (On Singtam-Mangkha,27.23924,88.48416,Debris Slide,25 August 2014,2014-08-25,4.391194116686077,1510.65791203097,1349.7170539532412,17.261828408767858,0,0,1,0,0
26353,SKM/WS/78A08/2015/387,Sikkim,West Sikkim,Tinktitam village Road,27.239972,88.332778,Debris Slide,,,5.80584116023677,3369.0365348638443,1895.535630912166,27.16110415096177,0,0,1,0,0
26354,SKM/ES/78A08/2015/49,Sikkim,East Sikkim,Singtam-Dikchu Road,27.240028,88.486472,Debris Slide,,,0.5023157377600486,1376.9952301425426,1234.577018164257,16.510725964351565,0,0,1,0,0
26355,SKM/ES/78A08/2015/50,Sikkim,East Sikkim,Singtam-Dikchu Road,27.240194,88.486278,Debris Slide,,,3.250596924950592,1403.5424533283751,1261.152644639186,16.510725964351565,0,0,1,0,0
26356,SKM/NS/78A04/2017/71,Sikkim,West Sikkim,Upper Bermiok SH,27.240389,88.234028,Debris Slide,,,0.8115722894489871,3609.7215729621425,3719.997202135243,31.077744123015176,0,0,1,0,0
26357,SKM/ES/78A08/2015/52,Sikkim,East Sikkim,,27.240556,88.48025,Debris Slide,,,5.777591333955292,1917.9356282490958,1751.5111386914623,63.852469012128985,0,0,1,0,0
26358,SKM/WS/78A08/2015/389,Sikkim,West Sikkim,Tinktitam village Road,27.240639,88.306056,Debris Slide,,,72.15851001146049,2077.7776220764363,789.7987565414928,26.959075234004747,0,2,1,0,1
26359,SKM/ES/78A08/2015/51,Sikkim,East Sikkim,Singtam-Dikchu Road,27.240861,88.486278,Debris Slide,,,61.62688561406563,1452.4470930171626,1315.2843640638305,50.66718063583542,0,0,1,0,0
26360,SKM/NS/78A04/2017/70,Sikkim,West Sikkim,SH,27.241333,88.233972,Debris Slide,,,2.7677507700742536,3609.538744228345,3760.6278946659213,31.077744123015176,0,0,1,0,0
26361,SK/ED/78A12/2017/01,Sikkim,East Sikkim,Pachey landslide near Pakyong Town Pakyong-Machong Road near,27.24144,88.60681,Debris Fall and Slide,9 July 2017,2017-07-09,1.9401167537754476,857.4865475978253,686.4289740838124,43.723218120612714,1,2,1,1,1
26362,SKM/WS/78A08/2015/388,Sikkim,West Sikkim,Tinktitam village Road,27.242139,88.327389,Debris Slide,,,4.671957696001503,3124.574762013864,1411.3698382658827,26.608498927467586,0,0,1,0,0
26363,SKM/SS/78A08/2015/237,Sikkim,South Sikkim,Tinktam-Rheyong Road,27.242917,88.354417,Debris Slide,,,31.21120453690994,3779.113119494481,3005.014484882443,7.610018189361309,0,0,1,0,0
26364,SKM/WS/78A08/2015/368,Sikkim,West Sikkim,Kaluk-Rinchenpong Road,27.243806,88.2725,Debris Slide,,,12.434944017521227,245.3215899307929,1620.180273506035,17.863158768926372,1,0,1,1,0
26365,SKM/SS/78A08/2015/239,Sikkim,South Sikkim,Tinktam-Rheyong Road,27.244056,88.348056,Debris Slide,,,1.4992200381339806,4409.58898106671,3455.585363557551,8.091704225114938,0,0,1,0,0
26366,SKM/SS/78A08/2015/238,Sikkim,South Sikkim,Tinktam-Rheyong Road,27.244472,88.350472,Rock Fall,,,28.77393652441953,4206.040952567873,3431.8786758069937,8.091704225114938,0,0,1,0,0
26367,SKM/ES/78A12/2015/153,Sikkim,East Sikkim,NH-31A,27.245028,88.524389,Debris Slide,,,0.783764763490181,1305.3887285325254,2603.980588197851,9.542514459722952,0,0,1,0,0
26368,SKM/NS/78A04/2017/72,Sikkim,West Sikkim,Upper Bermiok SH,27.245028,88.226861,Debris Slide,,,0.5553406112552531,3393.096834944947,4009.530973153859,23.02059835129628,0,0,1,0,0
26369,SKM/ES/78A12/2015/19,Sikkim,East Sikkim,Sangkhola NH-31A,27.245139,88.524444,Debris Slide,,,0.6131760424472373,1293.8486218598505,2614.9308280810087,9.542514459722952,0,0,1,0,0
26370,SKM/NS/78A04/2017/45,Sikkim,West Sikkim,Hee gown SH,27.245972,88.185278,Debris Slide,,,7.703483295406719,2113.7449525144057,2646.3110025789747,15.99308785961255,0,0,1,0,0
26371,SKM/ES/78A11/2015/16,Sikkim,East Sikkim,,27.246056,88.62575,Rock Slide,,,4.935120254415716,2524.439569788748,2603.9962964011293,17.81565186390801,0,0,1,0,0
26372,SKM/ES/78A12/2015/119,Sikkim,East Sikkim,Machong-Rongli Road,27.246194,88.625694,Rock Fall,,,0.9909360995161588,2532.185732745527,2601.3598041415867,17.983275465175115,0,0,1,0,0
26373,SKM/NS/78A04/2017/44,Sikkim,West Sikkim,SH,27.246944,88.184833,Debris Slide,,,0.9273820504197823,1997.5889529346746,2530.0442808992675,15.737578298977132,0,0,1,0,0
26374,SKM/NS/78A04/2017/73,Sikkim,West Sikkim,Budha Bari SH,27.247111,88.225222,Debris Slide,,,9.631400873883372,3124.089360240162,3779.8857530457976,22.197776164978972,0,0,1,0,0
26375,SKM/NS/78A04/2017/01,Sikkim,West Sikkim,Upper Bega SH,27.248583,88.117444,Debris Slide,,,1.1106633959039103,1270.7940167705851,6012.68609507827,8.11879706815493,0,0,1,0,0
26376,SKM/NS/78A04/2017/02,Sikkim,West Sikkim,Upper Bega SH,27.248833,88.117194,Debris Slide,,,2.9780234360185065,1248.8652076590322,6026.162950948651,8.11879706815493,0,0,1,0,0
26378,SKM/ES/78A11/2015/154,Sikkim,East Sikkim,NH-31A,27.250556,88.53325,Debris Slide,,,2.0994574429471067,1239.1429895576507,3671.828589902574,28.79497682567953,0,0,1,0,0
26379,SKM/ES/78A11/2015/130,Sikkim,East Sikkim,Machong-Rongli Road,27.250889,88.715444,Debris Slide,,,39.66678423056506,1597.1233023177085,4873.237889266862,15.732315638809782,0,0,1,0,0
26380,SKM/ES/78A11/2015/122,Sikkim,East Sikkim,Machong-Rongli Road,27.250972,88.659833,Rock Fall,,,4.239349463673225,578.9876771736856,6022.498673072869,9.099583278569584,3,0,1,1,0
26381,SKM/SS/78A07/2015/190,Sikkim,South Sikkim,Ben village Road,27.251417,88.3845,Debris Slide,,,3.569163451275333,2485.172482746455,2107.789732247992,14.440324702612951,0,0,1,0,0
26382,SK/ESK/78A11/2019/03,Sikkim,East Sikkim,Sang NH10A/ GangtokSiliguri,27.251639,88.531361,Rock Slide,2019,,41.012324439518906,1016.9389511746846,3581.711998454765,28.953460929146047,0,0,1,0,0
26383,SKM/NS/78A03/2017/43,Sikkim,West Sikkim,Hee Sapong SH,27.251722,88.182972,Debris Slide,,,11.604924428809124,1437.1291787966106,1972.5626830207796,42.34554636550111,0,0,1,0,0
26384,SKM/NS/78A03/2017/42,Sikkim,West Sikkim,Hee Pool SH,27.252139,88.176944,Rock Slide,,,31.149163593355915,1321.398183115964,1748.3712012994451,53.51633608032504,0,0,1,0,0
26385,SKM/WS/78A07/2015/365,Sikkim,West Sikkim,Kaluk-Rinchenpong Road,27.252167,88.272778,Rock Fall,,,0.24310428116421323,1081.7035700085603,2540.001972898771,16.687218472496387,0,0,1,0,0
26386,SKM/ES/78A11/2015/123,Sikkim,East Sikkim,Machong-Rongli Road,27.252667,88.694194,Debris Slide,,,16.191234167912206,830.8815362035175,5521.9160143305835,17.526456765409804,3,0,1,1,0
26387,SKM/NS/78A15/2017/165,Sikkim,East Sikkim,SH,27.253528,88.786111,Debris Slide,,,1.9664745194178637,882.8095410149634,2995.1134037335532,68.20152502181557,1,0,1,1,0
26388,SKM/NS/78A03/2017/67,Sikkim,West Sikkim,Martam Ralong SH,27.253889,88.210028,Debris Slide,,,2.470830382829192,2318.4891222024035,3429.3183581619924,31.27005749725477,0,0,1,0,0
26389,SKM/WS/78A07/2015/345,Sikkim,West Sikkim,Legship-Rishi Road,27.254222,88.3005,Debris Slide,,,1.6694587634326947,3245.3808238624943,1487.7994718983778,17.424256255481716,0,0,1,0,0
26390,SKM/NS/78A03/2017/34,Sikkim,West Sikkim,Sangkhu SH,27.254389,88.145306,Debris Slide,,,13.330753052397913,958.4842081879447,3226.197255385559,31.123229566371105,1,0,1,1,0
26391,SKM/ES/78A11/2015/128,Sikkim,East Sikkim,Machong-Rongli Road,27.25475,88.711,Debris Slide,,,3.6320193215648,1008.0266806725967,5432.18570454611,15.8616379464575,0,0,1,0,0
26392,SKM/ES/78A11/2015/155,Sikkim,East Sikkim,NH-31A,27.254778,88.542444,Debris Slide,,,10.749601588959925,1955.848017305225,3881.3872720626264,8.495653992583126,0,0,1,0,0
26393,SKM/SS/78A07/2015/192,Sikkim,South Sikkim,Ben village Road,27.254917,88.390889,Debris Slide,,,8.559646683188348,2827.244932294984,1989.6658243452248,15.333060977266996,0,0,1,0,0
26394,SKM/SS/78A07/2015/193,Sikkim,South Sikkim,Ben village Road,27.255167,88.396944,Debris Slide,,,20.835781181046052,2945.9642297671803,1402.6985785752458,28.621438962659525,0,0,1,0,0
26395,SKM/ES/78A11/2015/17,Sikkim,East Sikkim,NH-31A,27.255278,88.543611,Debris Slide,,,5.235851959273031,2065.694064571632,3773.1752240753854,6.657136003742475,0,0,1,0,0
26396,SKM/SS/78A07/2015/191,Sikkim,South Sikkim,Ben village Road,27.255389,88.388944,Debris Slide,,,4.004237588641941,2876.5046309871423,2168.01103247033,15.333060977266996,0,0,1,0,0
26397,SKM/NS/78A03/2017/38,Sikkim,West Sikkim,Sangkhu SH,27.255861,88.156139,Debris Slide,,,2.0805433542903713,1767.4909795132319,2225.4536734159906,24.846070044226614,0,0,1,0,0
26398,SKM/ES/78A11/2015/127,Sikkim,East Sikkim,Machong-Rongli Road,27.256,88.706167,Debris Slide,,,1.8753435010763935,517.9752644670401,5878.334604327099,11.184679779408498,1,0,1,1,0
26399,SKM/NS/78A03/2017/40,Sikkim,West Sikkim,SH,27.256556,88.148722,Debris Slide,,,2.852005944599317,1063.560207125264,2816.1720538881996,21.829381690591482,0,0,1,0,0
26400,SKM/NS/78A03/2017/37,Sikkim,West Sikkim,Sangkhu SH,27.25675,88.148611,Debris Slide,,,9.684108325115686,1043.6652172185902,2816.687765318349,21.829381690591482,0,0,1,0,0
26401,SKM/EAS/78A11/2014/001,Sikkim,East Sikkim,Mangthang Landslide Mangthang (On Dhajey-,27.25677,88.55359,Debris Slide June,16 August 2014,2014-08-16,1.2806766691518219,3047.5459364236194,3206.6407473180275,10.068598197124029,0,0,1,0,0
26402,SKM/ES/78A11/2015/15,Sikkim,East Sikkim,,27.257083,88.65975,Debris Slide,2014,,7.137203739692419,135.27331042652523,6164.889577498484,8.632151451742674,3,0,1,1,0
26403,SKM/ES/78A11/2015/124,Sikkim,East Sikkim,Machong-Rongli Road,27.257083,88.696583,Debris Slide,,,3.6763944920031975,386.5490527010176,5987.353687882189,11.261675242580287,2,0,1,1,0
26404,SKM/ES/78A11/2015/125,Sikkim,East Sikkim,Machong-Rongli Road,27.257139,88.697556,Debris Slide,,,1.0662560599222226,383.2414740013296,5987.748193236329,11.377980903373617,2,0,1,1,0
26405,SKM/WS/78A07/2015/363,Sikkim,West Sikkim,Legship-Mayong Road,27.257194,88.305444,Debris Slide,,,2.569458466848974,3455.791521235582,1427.78884553549,24.637850383052037,0,0,1,0,0
26406,SKM/NS/78A03/2017/39,Sikkim,West Sikkim,SH,27.257361,88.165333,Debris Slide,,,2.7746959935669664,1479.9870731076392,1450.5809398719111,26.589395434780304,0,0,1,0,0
26407,SKM/SS/78A07/2015/327,Sikkim,South Sikkim,,27.257417,88.418889,Debris Slide,,,13.470032596484558,2539.0104438165754,846.9822126370456,19.19164356400903,0,1,1,0,1
26408,SKM/ES/78A11/2015/156,Sikkim,East Sikkim,NH-31A,27.257972,88.548861,Debris Slide,,,3.6056626486759007,2582.9681455016453,3259.8493910699563,10.068598197124029,0,0,1,0,0
26409,SKM/ES/78A11/2015/126,Sikkim,East Sikkim,Machong-Rongli Road,27.258222,88.704778,Debris Slide,,,5.771705710856405,308.4335685469805,6112.920828437907,12.76768490448935,2,0,1,1,0
26410,SKM/NS/78A03/2017/76,Sikkim,West Sikkim,SH,27.258306,88.245306,Debris Slide,,,2.7537975924936577,3030.4935240287145,3159.5634815151875,25.66136640267164,0,0,1,0,0
26411,SKM/NS/78A03/2017/78,Sikkim,West Sikkim,SH,27.258389,88.246611,Debris Slide,,,2.140129439019846,2930.976576739693,3230.9615681711302,26.443136754452148,0,0,1,0,0
26412,SKM/NS/78A03/2017/36,Sikkim,West Sikkim,Sangkhu SH,27.258556,88.147028,Debris Slide,,,6.6350858449012,817.7611155045413,2882.2237859188626,17.024763157252156,1,0,1,1,0
26413,SKM/NS/78A03/2017/74,Sikkim,West Sikkim,SH,27.258778,88.202639,Debris Slide,,,11.619409186310236,2157.7225642546473,2979.010816754607,21.802665853442782,0,0,1,0,0
26414,SKM/NS/78A03/2017/35,Sikkim,West Sikkim,Sangkhu SH,27.258889,88.145611,Rock Fall,,,0.3088760804360268,673.6999640757349,3001.628763744622,21.81521191608477,1,0,1,1,0
26415,SKM/SS/78A07/2015/328,Sikkim,South Sikkim,,27.259306,88.423028,Debris Slide,,,9.872558556548148,2737.3177065182304,1242.2414375287012,26.461493548472713,0,0,1,0,0
26416,SKM/ES/78A11/2015/18,Sikkim,East Sikkim,NH-31A,27.259694,88.550417,Debris Slide,,,8.792206034096905,2753.039421625132,3020.8957348307335,10.068598197124029,0,0,1,0,0
26417,SKM/NS/78A03/2017/77,Sikkim,West Sikkim,Rat Mathe SH,27.259722,88.248972,Debris Slide,,,4.1513779110441185,2842.7758230594814,3152.260433105981,25.574152547891657,0,0,1,0,0
26418,SKM/ES/78A11/2015/129,Sikkim,East Sikkim,Machong-Rongli Road,27.259833,88.711722,Debris Slide,,,1.2631450857984015,1008.3381719242599,5596.069737214469,9.74141086559025,0,0,1,0,0
26420,SKM/NS/78A03/2017/41,Sikkim,West Sikkim,Radhu Basti SH,27.260167,88.171889,Debris Slide,,,0.5452466387147265,764.1357189400615,871.2556456669126,23.549129604492006,1,1,1,1,1
26421,SKM/WS/78A07/2015/364,Sikkim,West Sikkim,Legship-Mayong Road,27.260194,88.302417,Debris Slide,,,1.6501566237076593,3009.6245871049514,1865.147879298684,27.562850277931197,0,0,1,0,0
26422,SKM/NS/78A03/2017/75,Sikkim,West Sikkim,SH,27.260861,88.233278,Debris Slide,,,4.439506306464966,2246.782017207298,2358.576608400305,11.573969868077286,0,0,1,0,0
26423,SKM/NS/78A15/2017/164,Sikkim,East Sikkim,SH,27.2615,88.788778,Debris Slide,,,8.805596571695178,1510.1606103588988,3781.774848689786,70.5058554503023,0,0,1,0,0
26424,SKM/WS/78A07/2015/344,Sikkim,West Sikkim,Legship-Rishi Road,27.26175,88.2945,Debris Slide,,,27.499042247356734,2453.524231146686,2144.3035939559018,37.92186162314744,0,0,1,0,0
26425,SKM/NS/78A03/2017/66,Sikkim,West Sikkim,SH,27.261778,88.197194,Debris Slide,,,5.716809545399799,1886.4863609537288,2363.771049971325,34.14925814170125,0,0,1,0,0
26426,SKM/SS/78A07/2015/329,Sikkim,South Sikkim,,27.262056,88.4305,Debris Slide,,,11.85795954159705,2807.185457085469,1683.375367709663,29.335079650309968,0,0,1,0,0
26427,SKM/ES/78A11/2015/158,Sikkim,East Sikkim,NH-31A,27.262583,88.562389,Debris Slide,,,22.413987317958462,2994.808538568924,2410.886870008034,13.759660290763229,0,0,1,0,0
26428,SKM/SS/78A07/2015/290,Sikkim,South Sikkim,Gangla village Road,27.263194,88.377139,Debris Slide,,,13.07825481463561,3934.93186139631,3336.659292437558,12.824761816256911,0,0,1,0,0
26429,SKM/NS/78A15/2017/163,Sikkim,East Sikkim,SH,27.263278,88.786667,Debris Slide,,,5.448861740588146,1508.759219224205,3788.0693263668127,70.5058554503023,0,0,1,0,0
26430,SKM/ES/78A11/2015/157,Sikkim,East Sikkim,NH-31A,27.264361,88.558389,Debris Slide,,,12.018064301399304,2823.5053599818257,2268.8047875735383,15.324402219248915,0,0,1,0,0
26431,SKM/NS/78A15/2017/160,Sikkim,East Sikkim,SH,27.264694,88.792667,Debris Slide,,,1.466699350855825,2019.9377001392431,4304.086702141776,70.5058554503023,0,0,1,0,0
26432,SKM/NS/78A15/2017/161,Sikkim,East Sikkim,SH,27.26525,88.789556,Debris Slide,,,1.5152249580620196,1859.4504486310123,4139.930553600985,70.5058554503023,0,0,1,0,0
26433,SKM/NS/78A15/2017/162,Sikkim,East Sikkim,SH,27.265389,88.788278,Debris Slide,,,3.338035351900241,1791.3558222438967,4069.9488020608915,70.5058554503023,0,0,1,0,0
26434,SKM/ES/78A11/2015/40,Sikkim,East Sikkim,Martam NULL,27.265944,88.534556,Rock Fall,,,1.521120399927765,1535.8833984530543,3480.3863313726692,5.867521117823599,0,0,1,0,0
26435,SKM/WS/78A07/2015/343,Sikkim,West Sikkim,Legship-Rishi Road,27.268944,88.2875,Debris Slide,,,5.869157876741944,1467.2070660780375,1138.8121405905194,6.187112835201039,0,0,1,0,0
26436,SKM/NS/78A03/2017/19,Sikkim,West Sikkim,Liching SH,27.269556,88.137861,Debris Slide,,,3.172008521202221,938.862364975719,3609.6896007481173,49.99120061015402,1,0,1,1,0
26437,SKM/NS/78A03/2017/18,Sikkim,West Sikkim,Som SH,27.269778,88.144278,Debris Slide,,,22.703322091261303,1072.067459083362,2977.407062036527,49.88268849446655,0,0,1,0,0
26438,SKM/NS/78A03/2017/31,Sikkim,West Sikkim,Sapong SH,27.269861,88.178139,Debris Slide,,,6.073476495582615,648.9408748049848,449.5891787430064,37.40358022475314,1,1,1,1,1
26439,SKM/NS/78A03/2017/03,Sikkim,West Sikkim,SH,27.269917,88.077111,Debris Slide,,,0.6568340767676492,366.9614209856768,9548.033354640822,7.608860702392295,2,0,1,1,0
26441,SKM/SS/78A07/2015/330,Sikkim,South Sikkim,Robang-Tarku Road,27.270056,88.430139,Debris Slide,,,10.298216174340618,3162.835992868332,2306.416599668663,36.885200667220786,0,0,1,0,0
26442,SKM/NS/78A03/2017/32,Sikkim,West Sikkim,Sapong SH,27.270056,88.174444,Debris Slide,,,2.5961660891168066,771.5241296302815,257.28994325422855,32.83577723960962,1,1,1,1,1
26443,SKM/NS/78A03/2017/17,Sikkim,West Sikkim,Jhum Khola SH,27.270667,88.142056,Rock Fall,,,21.835064009028212,1085.606474415542,3205.2336054704365,48.01944757150001,0,0,1,0,0
26444,SKM/NS/78A03/2017/33,Sikkim,West Sikkim,Lower Sapong SH,27.27075,88.167417,Debris Slide,,,0.45034967120811387,1311.3221257252758,755.793558692009,15.044162647289028,0,1,1,0,1
26445,SKM/SS/78A07/2015/331,Sikkim,South Sikkim,Robang-Tarku Road,27.271583,88.430389,Debris Slide,,,12.136535760990773,3029.6686456378593,2421.631473565355,37.07688889254795,0,0,1,0,0
26446,SKM/SS/78A07/2015/286,Sikkim,South Sikkim,Gangla village Road,27.272056,88.394139,Debris Slide,,,10.246021911173775,3227.6257116271086,2180.486065734915,19.809044676775954,0,0,1,0,0
26447,SKM/SS/78A07/2015/285,Sikkim,South Sikkim,Sangmo village Road,27.273083,88.389528,Debris Slide,,,12.024374322001531,3448.556436555638,2605.056802976141,21.855951118305907,0,0,1,0,0
26448,SKM/WS/78A07/2015/362,Sikkim,West Sikkim,,27.27325,88.303417,Debris Slide,,,10.24508104515013,2142.5971104203063,1049.4278649278785,18.118671849814252,0,0,1,0,0
26449,SKM/SS/78A07/2015/287,Sikkim,South Sikkim,Gangla village Road,27.273861,88.398722,Debris Slide,,,12.93930550584199,2798.759258742226,2028.6577106526436,23.205774551147936,0,0,1,0,0
26450,SKM/WS/78A07/2015/361,Sikkim,West Sikkim,,27.2755,88.308056,Debris Slide,,,122.41722844101716,2480.8996328616427,609.2974669116468,22.063763881681854,0,1,1,0,1
26451,SKM/NS/78A03/2017/04,Sikkim,West Sikkim,Kachapati SH,27.27575,88.084972,Debris Slide,,,12.873939839151777,984.1521733642461,8647.354347009157,16.968211447032193,1,0,1,1,0
26452,SKM/WS/78A07/2015/358,Sikkim,West Sikkim,Legship-Geyzing Road,27.275917,88.254278,Rock Slide,,,21.375937017674858,1592.951767005713,1295.849579153296,18.498523095607457,0,0,1,0,0
26453,SKM/SS/78A07/2015/288,Sikkim,South Sikkim,Gangla village Road,27.276167,88.398722,Debris Slide,,,10.687495054154986,2589.922330557775,2242.596307200688,23.083705701895212,0,0,1,0,0
26454,SKM/SS/78A07/2015/332,Sikkim,South Sikkim,Robang-Tarku Road,27.279889,88.436472,Debris Slide,,,9.937295810969431,2746.4486852180253,2269.2184613334734,36.13800751961179,0,0,1,0,0
26455,SKM/NS/78A15/2017/159,Sikkim,East Sikkim,Lungthang SH,27.279972,88.804278,Debris Slide,,,6.053610885079916,435.2321536460262,6327.471658582123,68.20152502181557,1,0,1,1,0
26456,SKM/NS/78A03/2017/23,Sikkim,West Sikkim,Sardong SH,27.279972,88.186917,Debris Slide,,,1.166871224276252,1963.698480848319,1845.1217302725809,20.740969840351212,0,0,1,0,0
26457,SKM/NS/78A03/2017/26,Sikkim,West Sikkim,Lungzick SH,27.280667,88.190861,Debris Slide,,,139.95145688147798,2225.4771469293178,2179.271235605765,35.432959757784644,0,0,1,0,0
26458,SKM/NS/78A03/2017/05,Sikkim,West Sikkim,SH,27.280889,88.084333,Debris Slide,,,9.888509265196715,1488.1240263296133,8618.246041307773,20.090182099122938,0,0,1,0,0
26459,SKM/NS/78A03/2017/28,Sikkim,West Sikkim,Arigown SH,27.281028,88.227667,Debris Slide,,,4.0301016998372505,1379.0727535376548,137.04107926197673,16.485716186513,0,1,1,0,1
26460,SKM/NS/78A03/2017/22,Sikkim,West Sikkim,Sardong SH,27.281444,88.187833,Debris Slide,,,29.51243989737747,2149.9938758433022,1989.1066867345603,20.57141536536973,0,0,1,0,0
26461,SKM/NS/78A03/2017/29,Sikkim,West Sikkim,Arigown SH,27.281611,88.229556,Debris Slide,,,22.995653049937786,1571.1960163887463,325.3557733253644,16.549222013474342,0,1,1,0,1
26462,SKM/SS/78A07/2015/334,Sikkim,South Sikkim,Robang-Tarku Road,27.282,88.415028,Debris Slide,,,16.129648989621685,1429.7629991371857,1352.0368955560955,41.10291338719332,0,0,1,0,0
26463,SKM/ES/78A11/2015/97,Sikkim,East Sikkim,,27.282444,88.598917,Debris Slide,,,3.4947811768078143,1590.6773218454432,912.345844138565,28.355903524542928,0,2,1,0,1
26464,SKM/NS/78A03/2017/09,Sikkim,West Sikkim,Sarkitar SH,27.282667,88.108278,Debris Slide,,,70.44194623634354,2782.067317003402,6243.34448243119,33.75465788707979,0,0,1,0,0
26465,SKM/NS/78A03/2017/21,Sikkim,West Sikkim,Sardong SH,27.282917,88.189556,Debris Slide,,,14.713888576996274,2372.8741552454917,2062.025141090076,20.57141536536973,0,0,1,0,0
26466,SKM/NS/78A03/2017/08,Sikkim,West Sikkim,SH,27.283194,88.106667,Debris Slide,,,6.618381259356681,2904.0100471279325,6393.172397796848,33.75465788707979,0,0,1,0,0
26467,SKM/NS/78A03/2017/25,Sikkim,West Sikkim,SH,27.283444,88.192639,Debris Slide,,,7.104397891209782,2541.4268239110024,2320.7142729260504,20.421242239493317,0,0,1,0,0
26468,SKM/NS/78A03/2017/20,Sikkim,West Sikkim,Sardong SH,27.283639,88.189944,Debris Slide,,,3.7148900930595383,2461.5293840292165,2064.7473114856134,20.10898159393796,0,0,1,0,0
26469,SK/EAS/78A11/2014/01,Sikkim,East Sikkim,Dhankutey dhara Slide 3km away from Rumtek on,27.28408,88.54611,Earth Slide,28 August 2013,2013-08-28,39.57340372747002,1662.3647634034826,1551.2026876244781,34.71800538309366,0,0,1,0,0
26470,SKM/WS/78A07/2015/359,Sikkim,West Sikkim,Legship-Geyzing Road,27.284139,88.264889,Debris Slide,,,1.275577190313396,995.8067806571651,847.8789399820852,20.521416148904276,1,5,1,1,1
26471,SKM/SS/78A07/2015/291,Sikkim,South Sikkim,Gangla village Road,27.28425,88.370056,Debris Slide,,,6.441614737278472,2378.061383574447,1429.6687957504655,7.104230489194028,0,0,1,0,0
26472,SKM/NS/78A03/2017/24,Sikkim,West Sikkim,SH,27.284528,88.195583,Debris Slide,,,3.9484512331051222,2335.3296692807576,2560.21741897289,20.421242239493317,0,0,1,0,0
26473,SKM/NS/78A03/2017/10,Sikkim,West Sikkim,SH,27.28475,88.106194,Rock Fall,,,7.133485389750927,3079.086122168836,6419.203852942266,33.75465788707979,0,0,1,0,0
26474,SKM/NS/78A03/2017/27,Sikkim,West Sikkim,Sardong SH,27.285,88.197583,Debris Slide,,,3.9607243039640885,2193.797071506046,2394.7891947969533,20.421242239493317,0,0,1,0,0
26475,SKM/SS/78A07/2015/292,Sikkim,South Sikkim,Gangla village Road,27.287194,88.369444,Debris Slide,,,11.250807816120862,2046.8199147512446,1108.897848544258,22.421520211076494,0,0,1,0,0
26476,SKM/NS/78A03/2017/11,Sikkim,West Sikkim,SH,27.287361,88.102611,Debris Slide,,,3.4262709750445857,3091.4055723769707,6749.335978520216,24.230171417457345,0,0,1,0,0
26477,SKM/NS/78A03/2017/13,Sikkim,West Sikkim,SH,27.288167,88.102778,Rock Fall,,,7.720468285124992,3165.7140236828645,6728.321485464132,24.230171417457345,0,0,1,0,0
26478,SKM/NS/78A03/2017/12,Sikkim,West Sikkim,SH,27.288444,88.102667,Rock Fall,,,9.678880085624535,3179.731563027746,6738.021408777444,24.230171417457345,0,0,1,0,0
26479,SKM/NS/78A15/2017/158,Sikkim,East Sikkim,SH,27.288667,88.816111,Debris Slide,,,1.9182556679371208,347.8068181994856,7828.177304698958,73.35509084010613,1,0,1,1,0
26480,SKM/NS/78A03/2017/06,Sikkim,West Sikkim,SH,27.289861,88.084389,Debris Slide,,,6.811461963564765,2459.0755020194824,8542.538519371834,11.52498135184355,0,0,1,0,0
26481,SKM/NS/78A15/2017/157,Sikkim,East Sikkim,Nathang Valley SH,27.292583,88.820417,Debris Slide,,,4.947782942211915,754.6161638045555,8436.287235726053,5.801560304994249,2,0,1,1,0
26482,SKM/ES/78A11/2015/159,Sikkim,East Sikkim,NH-31A,27.292944,88.589417,Debris Slide,,,15.047199291562348,136.36974589792626,149.08393626893465,34.7340993781731,1,13,1,1,1
26483,SKM/WS/78A07/2015/380,Sikkim,West Sikkim,,27.293417,88.294917,Debris Slide,,,0.34083430531143283,1678.4621550097859,1592.9884616880452,7.795940483786491,0,0,1,0,0
26484,SKM/ES/78A11/2015/98,Sikkim,East Sikkim,Namok Road,27.293556,88.642056,Debris Slide,,,8.781641141052727,3930.1116429375284,4261.86142235724,14.392526689403496,0,0,1,0,0
26485,SKM/NS/78A03/2017/07,Sikkim,West Sikkim,Kumuk SH,27.294889,88.079944,Debris Slide,,,1.52777935902241,2979.685543311759,8992.930010480664,11.52498135184355,0,0,1,0,0
26486,SKM/NS/78A03/2017/14,Sikkim,West Sikkim,SH,27.29525,88.102694,Debris Slide,,,5.444763464862316,3755.963050104628,6747.89647549511,10.49385109919029,0,0,1,0,0
26487,SKM/NS/78A03/2017/16,Sikkim,West Sikkim,SH,27.295444,88.094583,Debris Slide,,,18.997512647519137,3360.886483218631,7550.171467305627,9.324233448909462,0,0,1,0,0
26488,SKM/NS/78A03/2017/15,Sikkim,West Sikkim,SH,27.296028,88.10175,Debris Slide,,,0.8378986835862592,3771.799802947303,6847.782781309075,10.345595988983233,0,0,1,0,0
26489,SKM/SS/78A07/2015/335,Sikkim,South Sikkim,Robang-Tarku Road,27.297139,88.388472,Debris Slide,,,4.742863410158868,2174.4448387522843,2124.1277092970286,29.036465624560083,0,0,1,0,0
26490,SKM/SS/78A07/2015/338,Sikkim,South Sikkim,Lingmo village Road,27.29975,88.419778,Debris Slide,,,6.6879300662864605,758.0114281049279,477.9875665607923,44.19176370396324,1,10,1,1,1
26491,SKM/NS/78A03/2017/46,Sikkim,West Sikkim,Singdong SH,27.301972,88.218778,Debris Slide,,,10.118770536286588,1679.1891373635503,533.7700902506493,23.368673765747996,0,2,1,0,1
26492,SKM/SS/78A07/2015/284,Sikkim,South Sikkim,Sangmo village Road,27.302861,88.373944,Debris Slide,,,5.473410339035726,970.446277900059,881.2493303322764,34.3317881975498,1,7,1,1,1
26493,SKM/SS/78A07/2015/333,Sikkim,South Sikkim,Robang-Tarku Road,27.303083,88.433167,Debris Slide,,,20.261428505786544,2068.6353733791275,1576.969851519879,38.33495148861195,0,0,1,0,0
26494,SKM/NS/78A03/2017/107,Sikkim,West Sikkim,SH,27.304028,88.178806,Debris Slide,,,3.797215072594651,1380.2063238491014,765.2798822584737,23.00807531457172,0,1,1,0,1
26495,SKM/NS/78A03/2017/47,Sikkim,West Sikkim,Singdong SH,27.30675,88.199083,Rock Slide,,,11.10675337876594,1578.5752690975194,1295.624861669582,23.077754397741792,0,0,1,0,0
26496,SKM/SS/78A07/2015/336,Sikkim,South Sikkim,Robang-Tarku Road,27.306806,88.375194,Debris Slide,,,10.381864397725188,1077.281305830515,985.9240525894597,34.62920018727076,0,3,1,0,1
26497,SKM/SS/78A07/2015/283,Sikkim,South Sikkim,Sangmo village Road,27.306861,88.368444,Debris Slide,,,3.729846375396421,437.4984930546334,347.37662820975555,42.45672022064648,1,16,1,1,1
26498,SKM/SS/78A07/2015/337,Sikkim,South Sikkim,Lingmo village Road,27.311667,88.418611,Debris Subsidence,,,14.774039481339035,1396.2000781804459,904.7643633241015,13.238034972777083,0,2,1,0,1
26499,SKM/NS/78A03/2017/48,Sikkim,West Sikkim,Rimbi SH,27.313722,88.189917,Rock Slide,,,15.988197150706329,414.7509980328587,881.449193600637,28.052944873457715,1,1,1,1,1
26500,SKM/ES/78A11/2015/42,Sikkim,East Sikkim,Lingdum Road,27.313917,88.557583,Debris Slide,,,47.34112173532641,2513.338209325928,728.2583606688042,21.76289166318786,0,3,1,0,1
26501,SKM/NS/78A15/2017/156,Sikkim,East Sikkim,Purana Baba Mandir SH,27.3145,88.8365,Debris Slide,,,13.013252401180551,1469.6097098382054,7924.18448821733,25.220383197128918,0,0,1,0,0
26502,SKM/SS/78A07/2015/340,Sikkim,South Sikkim,Lingmo village Road,27.314694,88.417917,Debris Subsidence,,,0.31022008295679276,1636.6572273337288,1146.5004961748311,13.013423250442486,0,0,1,0,0
26503,SKM/ES/78A11/2015/41,Sikkim,East Sikkim,Lingdum Road,27.315028,88.558139,Rock Fall,,,9.834957210246655,2629.5077442175934,593.4689511563853,23.020828331561923,0,3,1,0,1
26504,SKM/ES/78A11/2015/43,Sikkim,East Sikkim,Lingdum Road,27.315028,88.558611,Debris Slide,,,2.1095605603647205,2625.3071611333157,577.2448632634716,23.020828331561923,0,3,1,0,1
26505,SKM/ES/78A11/2015/47,Sikkim,East Sikkim,Khamdong NULL,27.315083,88.506056,Debris Slide,,,7.245972167288171,3956.3177790531686,3454.1189943370127,26.696728906104628,0,0,1,0,0
26506,SKM/NS/78A03/2017/62,Sikkim,West Sikkim,SH,27.315778,88.178944,Debris Slide,,,5.030368794095244,696.5233179881121,1234.868553054187,10.089276891358539,1,0,1,1,0
26507,SKM/ES/78A11/2015/44,Sikkim,East Sikkim,Sangmoo Lingdum Road,27.316,88.559889,Rock Slide,,,4.0637809624930075,2725.7254068357306,444.0154623229579,16.26354386039269,0,3,1,0,1
26508,SKM/NS/78A03/2017/63,Sikkim,West Sikkim,SH,27.316583,88.178917,Debris Slide,,,18.659356460167494,718.9501139652048,1310.8546322604589,13.591617920576207,1,0,1,1,0
26509,SKM/ES/78A11/2015/45,Sikkim,East Sikkim,Lingdum Lingdum Road,27.316944,88.560056,Rock Fall,,,9.19350539748907,2829.8106481468994,338.2155724298847,14.01280320863452,0,3,1,0,1
26510,SKM/NS/78A03/2017/64,Sikkim,West Sikkim,SH,27.317083,88.178556,Debris Slide,,,0.008212011357656571,770.0008204629521,1376.7628556073912,12.94348655805023,1,0,1,1,0
26511,SKM/NS/78A03/2017/61,Sikkim,West Sikkim,SH,27.317417,88.182861,Debris Slide,,,29.441006585183217,420.09461821625706,1239.9487355492938,14.573133243095262,1,0,1,1,0
26512,SK/WES/78A03/2014/02,Sikkim,West Sikkim,Tamabung slide Tamabung (On Dharap-Nambu,27.31892,88.16222,Debris Flow,1 September 2013 at 21:30 hrs.,2013-09-01,529.0176434626065,658.1250389545393,2720.8015217333063,0.0,1,0,0,1,0
26513,SKM/NS/78A03/2017/65,Sikkim,West Sikkim,SH,27.320111,88.177833,Debris Slide,,,5.837828338716506,993.4917818454571,1702.6641999192325,14.591949471672804,1,0,1,1,0
26514,SKM/NS/78A03/2017/49,Sikkim,West Sikkim,Lower Melli SH,27.320611,88.219611,Debris Slide,,,13.662221670695368,2747.092762175874,2577.5191901575413,23.22867362548432,0,0,1,0,0
26515,SKM/NS/78A03/2017/59,Sikkim,West Sikkim,SH,27.324944,88.213861,Debris Slide,,,1.161435671910091,2988.851809888346,3122.591260187054,11.97483248573716,0,0,1,0,0
26516,SKM/NS/78A03/2017/52,Sikkim,West Sikkim,SH,27.326444,88.219,Rock Slide,,,0.7501178034819949,3325.255449150768,2870.745140627625,28.385305012599957,0,0,1,0,0
26517,SKM/ES/78A11/2015/100,Sikkim,East Sikkim,Namok Road,27.329361,88.649278,Debris Slide,,,0.843981253482866,476.5577490691425,1388.055659715214,14.308256085925894,1,0,1,1,0
26518,SKM/ES/78A11/2015/99,Sikkim,East Sikkim,Namok Road,27.329472,88.648917,Debris Slide,,,3.080907643000777,442.4108828138199,1392.9572954770324,14.35526708854487,1,0,1,1,0
26519,SKM/NS/78A03/2017/58,Sikkim,West Sikkim,SH,27.3305,88.215639,Debris Slide,,,4.700646879120875,3421.310079639893,2811.6725847992952,21.01046044550803,0,0,1,0,0
26520,SKM/NS/78A03/2017/57,Sikkim,West Sikkim,SH,27.33075,88.216333,Debris Slide,,,7.170454903588284,3494.522537608408,2740.2086943833356,21.01046044550803,0,0,1,0,0
26521,SKM/ES/78A07/2015/48,Sikkim,East Sikkim,Makha Singtam-Dikchu Road,27.330778,88.49225,Debris Slide,,,6.234245464163074,1810.8544921057103,1517.5743764444642,35.62004131406387,0,0,1,0,0
26522,SKM/SS/78A07/2015/339,Sikkim,South Sikkim,Lingmo village Road,27.330917,88.450528,Debris Slide,,,1.0897719281782476,2186.3288293073274,2626.2615174108023,24.796878582378465,0,0,1,0,0
26523,SKM/NS/78A03/2017/56,Sikkim,West Sikkim,SH,27.33325,88.213583,Debris Slide,,,1.855783801832456,3421.136872424776,2729.338067450811,19.95080765625303,0,0,1,0,0
26524,SKM/NS/78A03/2017/53,Sikkim,West Sikkim,Tadong SH,27.333333,88.212972,Debris Slide,,,15.030564660849683,3378.5002864803396,2676.0492262797447,19.95080765625303,0,0,1,0,0
26525,SKM/NS/78A03/2017/54,Sikkim,West Sikkim,SH,27.335,88.206722,Debris Slide,,,2.1521266529438634,3045.719602460594,2090.130750035245,11.612890938559337,0,0,1,0,0
26526,SKM/ES/78A11/2015/417,Sikkim,East Sikkim,Changhu_Nathula Road,27.337194,88.621833,Debris Slide,,,4.70032139634101,1189.9848363858703,125.13985683145557,28.159111861670937,0,39,1,0,1
26527,SKM/NS/78A03/2017/50,Sikkim,West Sikkim,SH,27.339806,88.227361,Rock Slide,,,1.7704887072291953,3016.6511045276275,1271.5825684698898,3.644256975591452,0,0,1,0,0
26528,SKM/ES/78A11/2015/416,Sikkim,East Sikkim,Changhu_Nathula Road,27.340917,88.628389,Debris Slide,,,9.250332301381063,1954.6059805467153,422.35954846130034,31.028558646926214,0,19,1,0,1
26529,SKM/ES/78A11/2015/412,Sikkim,East Sikkim,Changhu_Nathula Road,27.341444,88.626194,Debris Slide,,,3.158026655989255,1825.200200943069,328.4770943117038,34.139852987230384,0,22,1,0,1
26530,SKM/NS/78A03/2017/51,Sikkim,West Sikkim,13th Mile SH,27.342,88.223722,Rock Slide,,,1.3654451651609685,3062.2984743614893,1506.338794396544,12.69737251335786,0,0,1,0,0
26531,SKM/NS/78A03/2017/60,Sikkim,West Sikkim,SH,27.345028,88.246639,Debris Slide,,,0.03892357400311314,1054.7053697758822,822.9861343756326,24.028248221354282,0,1,1,0,1
26532,SKM/NS/78A03/2017/55,Sikkim,West Sikkim,SH,27.347278,88.196833,Debris Slide,,,55.99195647099874,3241.505071161643,515.4602914879761,12.765645422493819,0,5,1,0,1
26533,SKM/ES/78A11/2015/46,Sikkim,East Sikkim,Sichey Ranka Road,27.348722,88.600556,Debris Slide,,,9.843545905337878,1485.5071680308415,304.18057680398044,21.099322319333695,0,4,1,0,1
26534,SKM/SS/78A07/2015/53,Sikkim,South Sikkim,Chongrang Road,27.351194,88.272417,Rock Fall,,,0.9045473933528926,1646.7890287799898,1868.4894540293844,28.13777978308154,0,0,1,0,0
26535,SKM/WS/78A07/2015/381,Sikkim,West Sikkim,Chongrang Road,27.3515,88.273028,Debris Slide,,,2.7576221765004245,1715.8812815813524,1925.7996731244423,26.795188097060837,0,0,1,0,0
26536,SKM/NS/78A15/2017/155,Sikkim,East Sikkim,SH,27.358583,88.840194,Debris Slide,,,5.583556837950946,880.5882348221606,3193.0276295039125,10.071567269413082,1,0,1,1,0
26537,SKM/NS/78A15/2017/154,Sikkim,East Sikkim,SH,27.361583,88.839306,Debris Slide,,,2.2585749514399174,1212.0200376470389,2850.5367870806467,17.9699393434222,0,0,1,0,0
26538,SKM/NS/78A15/2017/148,Sikkim,East Sikkim,Yakla SH,27.364583,88.787333,Debris Slide,,,2.8921947793267244,1159.3387642324576,1107.8692373771614,28.044482675137328,0,0,1,0,0
26539,SKM/NS/78A15/2017/153,Sikkim,East Sikkim,Naya Baba Mandir SH,27.364722,88.834917,Debris Slide,,,3.133470436171472,1628.666398266808,2391.5664962301516,20.574779062000626,0,0,1,0,0
26540,SKM/ES/78A11/2015/410,Sikkim,East Sikkim,Changhu_Nathula Road,27.365056,88.655167,Debris Slide,,,2.4333497980680825,2168.1360531453865,2471.108466200207,17.49903888916332,0,0,1,0,0
26541,SKM/SS/78A07/2015/342,Sikkim,South Sikkim,Lingmo village Road,27.366944,88.449806,Debris Slide,,,2.278233036561151,3778.1674061853787,4430.867357706136,11.494410661240636,0,0,1,0,0
26542,SKM/NS/78A15/2017/146,Sikkim,East Sikkim,Thengu SH,27.367111,88.776028,Rock Slide,,,13.13163294928818,1296.2487251579173,1393.0430628267281,28.044482675137328,0,0,1,0,0
26543,SKM/ES/78A11/2015/161,Sikkim,East Sikkim,,27.368194,88.711167,Rock Fall,,,3.2279850690108884,246.89421968520858,158.8531437853241,26.204566852733112,1,3,1,1,1
26544,SKM/ES/78A11/2015/398,Sikkim,East Sikkim,Changhu_Nathula Road,27.368278,88.711278,Debris Slide,,,7.697404014847256,243.45123545119563,169.83145621038886,26.204566852733112,1,3,1,1,1
26545,SKM/NS/78A15/2017/149,Sikkim,East Sikkim,SH,27.368917,88.794611,Debris Slide,,,6.39159944242988,982.2343430281848,953.5555398552204,28.044482675137328,1,1,1,1,1
26546,SKM/ES/78A11/2015/405,Sikkim,East Sikkim,Changhu_Nathula Road,27.369306,88.691583,Debris Slide,,,3.6220054383707008,2157.4106097153744,607.0916563222657,7.940899792596763,0,1,1,0,1
26547,SKM/ES/78A11/2015/160,Sikkim,East Sikkim,,27.369333,88.714917,Rock Fall,,,2.0362243348919664,313.3021281313768,150.80092002435893,26.262282954826475,1,3,1,1,1
26548,SKM/SS/78A07/2015/341,Sikkim,South Sikkim,Lingmo village Road,27.369778,88.456833,Debris Slide,,,3.688415431021782,3732.296846090789,3671.2535945562686,10.250941352666416,0,0,1,0,0
26549,SKM/ES/78A11/2015/415,Sikkim,East Sikkim,Changhu_Nathula Road,27.370083,88.67925,Debris Slide,,,4.519636269408463,3215.3054590725633,1035.5872037677107,8.695313808911544,0,0,1,0,0
26550,SKM/ES/78A11/2015/406,Sikkim,East Sikkim,Changhu_Nathula Road,27.370472,88.686417,Debris Slide,,,18.53375315850288,2681.167336333378,463.70401752388756,12.288305716188107,0,3,1,0,1
26551,SKM/ES/78A11/2015/408,Sikkim,East Sikkim,Changhu_Nathula Road,27.37075,88.679444,Debris Slide,,,1.701859747473428,3289.787348468006,987.9697210688486,8.695313808911544,0,1,1,0,1
26552,SKM/ES/78A11/2015/407,Sikkim,East Sikkim,Changhu_Nathula Road,27.370861,88.683167,Debris Slide,,,25.113238092675502,3005.5145687555955,655.3035996797939,11.786673194951163,0,3,1,0,1
26553,SKM/ES/78A07/2015/166,Sikkim,East Sikkim,Namchi-Namthang Road,27.370972,88.710111,Rock Fall,,,10.082961654703306,542.9519891264841,472.55878300586585,23.155864844842704,1,5,1,1,1
26554,SKM/ES/78A11/2015/399,Sikkim,East Sikkim,Changhu_Nathula Road,27.371472,88.709722,Debris Slide,,,25.523370331324863,610.406650316734,534.600599134359,14.34670491028133,1,5,1,1,1
26555,SKM/ES/78A11/2015/409,Sikkim,East Sikkim,Changhu_Nathula Road,27.371806,88.677167,Debris Slide,,,1.8821240163474087,3300.977994075354,1168.1019042035257,8.92049650589914,0,0,1,0,0
26556,SKM/ES/78A11/2015/404,Sikkim,East Sikkim,Changhu_Nathula Road,27.372278,88.688944,Debris Slide,,,73.93227925310505,2474.189036435546,207.37623040419487,22.556090442556258,0,4,1,0,1
26557,SKM/ES/78A11/2015/57,Sikkim,East Sikkim,North Sikkim Highway,27.372333,88.617556,Rock Fall,,,1.22625206825141,1495.3322359485428,519.6460015781555,42.855581396918446,0,8,1,0,1
26558,SKM/ES/78A11/2015/136,Sikkim,East Sikkim,Changhu_Nathula Road,27.372806,88.739139,Debris Slide,,,13.838764068757097,1759.4911113729204,1400.8435847965357,29.108194982601518,0,0,1,0,0
26559,SKM/ES/78A11/2015/140,Sikkim,East Sikkim,Changhu_Nathula Road,27.373083,88.720028,Debris Slide,,,12.057756042636848,956.8422060232657,363.13012751443347,3.0566194562647273,1,3,1,1,1
26560,SKM/ES/78A11/2015/397,Sikkim,East Sikkim,Changhu_Nathula Road,27.373472,88.721944,Debris Slide,,,4.758627555759699,1125.5786080066225,352.35381137187505,4.028363847650304,0,3,1,0,1
26561,SKM/ES/78A11/2015/137,Sikkim,East Sikkim,Changhu_Nathula Road,27.373472,88.731722,Debris Slide,,,1.2896836676700798,1967.276700835099,678.1131108344784,30.171048701404015,0,1,1,0,1
26562,SKM/NS/78A11/2015/78,Sikkim,North Sikkim,Gangtok-Chungthang Road,27.374583,88.542444,Rock Fall,,,34.2666059128552,2457.322374178001,2308.415657063356,32.25087158743603,0,0,1,0,0
26563,SKM/NS/78A11/2015/02,Sikkim,North Sikkim,North Sikkim Highway,27.374583,88.542333,Debris Slide,,,23.318663446309152,2467.453276013063,2310.6297893926376,32.25087158743603,0,0,1,0,0
26564,SKM/NS/78A15/2017/147,Sikkim,East Sikkim,Thengu SH,27.37475,88.782889,Rock Slide,,,7.937642282433146,451.07546500722134,442.10424641470314,28.044482675137328,1,1,1,1,1
26565,SKM/ES/78A11/2015/138,Sikkim,East Sikkim,Changhu_Nathula Road,27.375028,88.728278,Debris Slide,,,3.394960993708835,1737.543881131839,316.5045125547772,6.143067852119454,0,1,1,0,1
26566,SKM/NS/78A11/2015/79,Sikkim,North Sikkim,Gangtok-Chungthang Road,27.375139,88.542833,Rock Fall,,,30.13312861440926,2446.676106720151,2361.639424129749,32.25087158743603,0,0,1,0,0
26567,SKM/ES/78A11/2015/400,Sikkim,East Sikkim,Changhu_Nathula Road,27.375139,88.708028,Debris Slide,,,14.146443235556857,1044.102561730998,428.8098523980233,14.133759987304822,0,3,1,0,1
26568,SKM/NS/78A11/2015/01,Sikkim,North Sikkim,North Sikkim Highway,27.375194,88.54275,Rock Fall,,,19.91376285848747,2456.670915229658,2369.111797052601,32.25087158743603,0,0,1,0,0
26569,SKM/ES/78A11/2015/58,Sikkim,East Sikkim,North Sikkim Highway,27.375806,88.625278,Rock Fall,,,0.11615080759175361,2288.3297533697382,1078.924983939793,13.531452859597504,0,0,1,0,0
26570,SKM/ES/78A11/2015/139,Sikkim,East Sikkim,Changhu_Nathula Road,27.375833,88.726722,Rock Slide,,,5.542485140490827,1659.0084070930695,187.91514370337487,6.143067852119454,0,1,1,0,1
26571,SKM/NS/78A15/2017/150,Sikkim,East Sikkim,Yakla SH,27.376222,88.799667,Debris Slide,,,13.477707284621749,1216.830849765412,1231.5037871212219,31.282044949724888,0,0,1,0,0
26572,SKM/ES/78A11/2015/59,Sikkim,East Sikkim,North Sikkim Highway,27.376306,88.629583,Rock Fall,,,2.3453142916098373,2717.5748681838545,1167.3818938959666,19.39263140443161,0,0,1,0,0
26573,SKM/NS/78A15/2017/144,Sikkim,East Sikkim,Changu SH,27.376861,88.766167,Debris Slide,,,6.837594388704521,483.7676984063993,539.5619372997296,28.044482675137328,3,6,1,1,1
26574,SKM/NS/78A15/2017/145,Sikkim,East Sikkim,Thengu SH,27.378306,88.770083,Debris Slide,,,8.479085997837835,95.18273272966012,948.9955297518707,56.601804875385525,2,1,1,1,1
26575,SKM/ES/78A11/2015/402,Sikkim,East Sikkim,Changhu_Nathula Road,27.378417,88.697222,Debris Slide,,,2.332651054971383,2030.9506822401218,651.1786436592628,7.825065863851726,0,7,1,0,1
26576,SKM/NS/78A11/2015/80,Sikkim,North Sikkim,Gangtok-Chungthang Road,27.378444,88.541667,Rock Fall,,,28.406397251238023,2718.049739126205,2742.9549498204033,32.25087158743603,0,0,1,0,0
26577,SKM/ES/78A11/2015/60,Sikkim,East Sikkim,North Sikkim Highway,27.378611,88.631083,Rock Fall,,,1.0547249336232907,2912.699478686626,1454.584696308479,13.531452859597504,0,0,1,0,0
26578,SKM/ES/78A11/2015/414,Sikkim,East Sikkim,Changhu_Nathula Road,27.378667,88.699611,Rock Topple,,,8.37400635437353,1871.733982675152,606.4022164785601,7.825065863851726,0,3,1,0,1
26579,SKM/WS/78A07/2015/357,Sikkim,West Sikkim,Dhupidara Road,27.379639,88.315361,Debris Slide,,,3.124801306553635,6909.09417113935,2415.180221420179,11.444207245231599,0,0,1,0,0
26580,SKM/ES/78A11/2015/413,Sikkim,East Sikkim,Changhu_Nathula Road,27.380806,88.726,Debris Slide,,,350.79504616814717,1989.0407730432096,651.7299340771634,1.527283947073181,0,1,0,0,1
26581,SKM/NS/78A15/2017/152,Sikkim,East Sikkim,SH,27.380861,88.812361,Debris Slide,,,11.394044574090673,286.6654146159825,1765.9503027681487,28.044482675137328,1,0,1,1,0
26582,SKM/ES/78A11/2015/61,Sikkim,East Sikkim,North Sikkim Highway,27.381278,88.632611,Rock Fall,,,2.6486625092260447,3026.047759075468,1783.1662088314415,11.091249419650289,0,0,1,0,0
26583,SKM/ES/78A11/2015/411,Sikkim,East Sikkim,Changhu_Nathula Road,27.381306,88.690444,Debris Slide,,,18.211128823812984,2759.3949669551685,135.75876754517805,17.22360185415404,0,5,1,0,1
26584,SKM/ES/78A11/2015/403,Sikkim,East Sikkim,Changhu_Nathula Road,27.381556,88.691806,Debris Slide,,,14.924665125717727,2667.2110708153373,15.230245873875106,9.844737976661726,0,5,1,0,1
26585,SKM/ES/78A11/2015/63,Sikkim,East Sikkim,North Sikkim Highway,27.381917,88.640333,Rock Fall,,,21.532108565200936,3582.4648768272236,2219.568586415377,11.091249419650289,0,0,1,0,0
26586,SKM/ES/78A11/2015/401,Sikkim,East Sikkim,Changhu_Nathula Road,27.383361,88.702611,Debris Slide,,,22.777029064405088,2100.9547926343917,621.0292760960982,7.825065863851726,0,2,1,0,1
26587,SKM/WS/78A07/2015/356,Sikkim,West Sikkim,Dhupidara Road,27.383611,88.305806,Rock Topple,,,39.35463624934266,6430.0774768378815,3388.502662697252,25.00484095504355,0,0,1,0,0
26588,SKM/NS/78A15/2017/151,Sikkim,East Sikkim,Sherethang SH,27.38375,88.808694,Debris Slide,,,13.324818615541945,744.0242164382029,2056.0213887493305,31.676246043666524,1,0,1,1,0
26589,SKM/ES/78A11/2015/62,Sikkim,East Sikkim,North Sikkim Highway,27.383806,88.633083,Rock Fall,,,11.851260099652269,2878.9334035901534,2063.188623882802,18.043284958283095,0,0,1,0,0
26590,SKM/ES/78A11/2015/64,Sikkim,East Sikkim,North Sikkim Highway,27.384444,88.639611,Rock Slide,,,13.94621691082454,3372.8885655303484,2407.113111124977,11.091249419650289,0,0,1,0,0
26591,SKM/WS/78A07/2015/355,Sikkim,West Sikkim,Dhupidara Road,27.389222,88.310972,Rock Fall,,,10.424094591723078,7226.177725001271,3039.700556940976,16.347059426146366,0,0,1,0,0
26592,SKM/WS/78A07/2015/354,Sikkim,West Sikkim,Dhupidara Road,27.393139,88.310139,Debris Slide,,,6.936576770904669,7469.400052698428,3289.9005767479193,16.728575402843216,0,0,1,0,0
26593,SKM/ES/78A11/2015/65,Sikkim,East Sikkim,North Sikkim Highway,27.394,88.62525,Rock Slide,,,4.420439699237954,1622.9003382089265,1584.8970837067259,15.303902135733091,0,0,1,0,0
26594,SKM/WS/78A07/2015/353,Sikkim,West Sikkim,Dhupidara Road,27.395028,88.307389,Rock Fall,,,7.830827194619535,7436.383471203904,3627.7468085838163,33.453556126577965,0,0,1,0,0
26595,SKM/ES/78A11/2015/66,Sikkim,East Sikkim,North Sikkim Highway,27.395444,88.623583,Rock Slide,,,1.2922613309841187,1409.8245206459171,1382.0546510089182,15.303902135733091,0,0,1,0,0
26596,SKM/NS/78A11/2015/04,Sikkim,North Sikkim,Kabi North Sikkim Highway,27.3955,88.623556,Debris Slide,,,2.8657376343278966,1405.1586356843,1377.9749779427066,15.303902135733091,0,0,1,0,0
26597,SKM/WS/78A07/2015/352,Sikkim,West Sikkim,Dhupidara Road,27.3955,88.306889,Debris Slide,,,13.992211214412968,7442.7719124155565,3696.0168543311715,33.453556126577965,0,0,1,0,0
26598,SKM/NS/78A11/2015/82,Sikkim,North Sikkim,Dikchu-Mangshila Road,27.395556,88.517528,Rock Slide,,,6.183107020550258,883.2004947441269,2198.7162486901925,26.69867150789523,1,0,1,1,0
26599,SKM/ES/78A11/2015/67,Sikkim,East Sikkim,North Sikkim Highway,27.395639,88.621667,Debris Slide,,,1.824132425241815,1225.6411301551088,1193.2186479600762,15.303902135733091,0,0,1,0,0
26600,SKM/NS/78A11/2015/81,Sikkim,North Sikkim,Dikchu-Mangshila Road,27.397083,88.519167,Debris Slide,,,7.911240872483597,654.2537994826625,2429.2241321794536,27.674187041471814,1,0,1,1,0
26601,SKM/WS/78A07/2015/375,Sikkim,West Sikkim,Narkhola Road,27.397389,88.356139,Rock Fall,,,304.501992247686,9284.973430623782,2544.5852631378257,19.32677493941636,0,0,0,0,0
26602,SKM/ES/78A11/2015/68,Sikkim,East Sikkim,North Sikkim Highway,27.398083,88.614583,Debris Slide,,,0.008706024178424233,475.23460728679703,452.96424076992554,18.686145048945285,1,2,1,1,1
26603,SKM/WS/78A07/2015/377,Sikkim,West Sikkim,Narkhola Road,27.399806,88.329139,Debris Slide,,,8.514294295298283,9348.422424306711,2467.635100671898,20.8245662342311,0,0,1,0,0
26604,SKM/WS/78A07/2015/376,Sikkim,West Sikkim,Narkhola Road,27.400278,88.356861,Debris Slide,,,534.9537192448003,9487.110027394016,2840.907299961277,0.0,0,0,0,0,0
26605,SKM/NS/78A11/2015/76,Sikkim,North Sikkim,North Sikkim Highway,27.40825,88.571167,Rock Slide,,,3.340601584066657,298.7230003983347,1324.3760290106986,15.963923592341555,1,0,1,1,0
26606,SKM/NS/78A11/2015/77,Sikkim,North Sikkim,North Sikkim Highway,27.409667,88.543722,Rock Fall,,,14.150490434199115,2261.815847462654,3578.1422826956796,19.684371543447682,0,0,1,0,0
26607,SKM/NOR/78A11/2014/007,Sikkim,North Sikkim,Tanek Rockslide Tanek (On North-Sikkim High,27.4097,88.54371,Rock Fall,24 June 2014,2014-06-24,10.453203727867356,2262.047151673207,3578.294572390407,19.684371543447682,0,0,1,0,0
26608,SKM/NS/78A11/2015/09,Sikkim,North Sikkim,North Sikkim Highway,27.409861,88.543722,Rock Fall,,,7.32983789542487,2269.7403196805662,3572.371275471056,19.684371543447682,0,0,1,0,0
26609,SKM/NS/78A11/2015/83,Sikkim,North Sikkim,Dikchu-Mangshila Road,27.411306,88.516611,Rock Slide,,,8.584084344818491,1158.9247567467462,1822.453689998758,11.005195503529801,0,0,1,0,0
26610,SKM/NS/78A11/2015/69,Sikkim,North Sikkim,North Sikkim Highway,27.412111,88.627083,Debris Slide,,,19.53642097338732,2146.619138268546,1890.409947515194,3.448227804503,0,0,1,0,0
26611,SKM/NS/78A11/2015/03,Sikkim,North Sikkim,Kabi North Sikkim Highway,27.412111,88.626944,Debris Slide,,,6.6913720759851,2135.96525664623,1878.5049860433446,3.448227804503,0,0,1,0,0
26612,SKM/NS/78A11/2015/24,Sikkim,North Sikkim,North Sikkim Highway,27.417306,88.622361,Debris Slide,,,2.9255859464125713,1561.6345460313137,1228.0628691616466,2.5210924410121307,0,0,1,0,0
26613,SKM/NS/78A11/2015/71,Sikkim,North Sikkim,North Sikkim Highway,27.417389,88.621222,Debris Slide,,,5.368767333315356,1461.4702257700956,1118.096478928879,2.5210924410121307,0,0,1,0,0
26614,SKM/NS/78A11/2015/23,Sikkim,North Sikkim,North Sikkim Highway,27.417444,88.621083,Debris Slide,,,1.7937936702562682,1446.6369392063839,1103.127067569064,2.5210924410121307,0,0,1,0,0
26615,SKM/NS/78A11/2015/25,Sikkim,North Sikkim,North Sikkim Highway,27.417778,88.623389,Rock Fall,,,3.928103509004671,1624.303754998603,1311.9478868904573,2.5210924410121307,0,0,1,0,0
26616,SKM/NS/78A11/2015/26,Sikkim,North Sikkim,North Sikkim Highway,27.417972,88.623361,Rock Fall,,,3.6055691395330953,1611.9192131953798,1304.2738348591315,2.5210924410121307,0,0,1,0,0
26617,SKM/NS/78A11/2015/70,Sikkim,North Sikkim,North Sikkim Highway,27.418,88.623333,Debris Slide,,,6.107342255503909,1608.0395157041878,1300.8825020785052,2.5210924410121307,0,0,1,0,0
26618,SKM/NS/78A11/2015/05,Sikkim,North Sikkim,North Sikkim Highway,27.418472,88.616083,Debris Slide,,,27.3829127658338,986.9479712038944,600.2088860384888,4.881170188856637,1,2,1,1,1
26619,SKM/NS/78A11/2015/06,Sikkim,North Sikkim,North Sikkim Highway,27.418667,88.616778,Debris Slide,,,3.00225238007036,1023.7034127332249,656.5024172643524,4.881170188856637,0,2,1,0,1
26620,SKM/NS/78A11/2015/84,Sikkim,North Sikkim,Dikchu-Mangshila Road,27.420028,88.515944,Rock Fall,,,3.533454458474382,2074.1564481299056,1605.2711513955794,21.943524321136554,0,0,1,0,0
26621,SKM/NS/78A11/2015/85,Sikkim,North Sikkim,Dikchu-Mangshila Road,27.426,88.514,Debris Slide,,,2.9209036173055622,2456.726143228149,1648.1104592207703,17.362402388998994,0,0,1,0,0
26622,SKM/NS/78A11/2015/74,Sikkim,North Sikkim,North Sikkim Highway,27.426361,88.583028,Debris Slide,,,10.272662126659133,762.9844697064749,767.7208888260001,2.836923295248806,1,5,1,1,1
26623,SKM/NS/78A11/2015/75,Sikkim,North Sikkim,North Sikkim Highway,27.426361,88.583028,Debris Slide,,,10.272662126659133,762.9844697064749,767.7208888260001,2.836923295248806,1,5,1,1,1
26624,SKM/NS/78A11/2015/72,Sikkim,North Sikkim,North Sikkim Highway,27.429556,88.611667,Debris Slide,,,1.439046629797931,613.2960708328312,997.8413738809343,10.825436916204211,1,1,1,1,1
26625,SKM/NS/78A11/2015/86,Sikkim,North Sikkim,Dikchu-Mangshila Road,27.433083,88.514528,Debris Slide,,,4.9386516301448165,1765.0497013873387,1649.6824179158923,12.527241510998161,0,0,1,0,0
26626,SKM/NS/78A11/2015/87,Sikkim,North Sikkim,Dikchu-Mangshila Road,27.435944,88.515167,Rock Slide,,,12.840769393725587,1537.8466319626123,1435.7211070014218,13.065869283919668,0,0,1,0,0
26627,SKM/NS/78A11/2015/10,Sikkim,North Sikkim,Sheyam North Sikkim Highway,27.436556,88.526639,Debris Slide,,,11.8764027555175,2376.771016220419,2320.355803958872,26.104825485526497,0,0,1,0,0
26628,SKM/NS/78A11/2015/73,Sikkim,North Sikkim,North Sikkim Highway,27.437444,88.613972,Debris Slide,,,3.437692501004151,1508.1140437938222,602.3454780803381,9.87941798500835,0,2,1,0,1
26629,SKM/NS/78A11/2015/07,Sikkim,North Sikkim,Chawang North Sikkim Highway,27.437889,88.601694,Debris Slide,,,3.73685448113626,1632.005598261091,917.6230354321922,7.9058926123172,0,2,1,0,1
26630,SKM/NS/78A11/2015/08,Sikkim,North Sikkim,North Sikkim Highway,27.437889,88.601694,Debris Slide,,,3.73685448113626,1632.005598261091,917.6230354321922,7.9058926123172,0,2,1,0,1
26631,SKM/NS/78A11/2015/11,Sikkim,North Sikkim,North Sikkim Highway,27.438139,88.527028,Debris Slide,,,13.901159943375141,2332.698393259244,2286.154245751015,34.85211147188872,0,0,1,0,0
26632,SKM/NS/78A11/2015/88,Sikkim,North Sikkim,Dikchu-Mangshila Road,27.438389,88.514389,Debris Slide,,,6.052814707034144,1281.8907481781384,1189.306723952079,9.13711331031828,0,0,1,0,0
26633,SKM/NS/78A11/2015/12,Sikkim,North Sikkim,North Sikkim Highway,27.438778,88.527444,Debris Slide,,,56.78966550580195,2342.252084039074,2300.389995059418,34.85211147188872,0,0,1,0,0
26634,SKM/NS/78A11/2015/89,Sikkim,North Sikkim,Dikchu-Mangshila Road,27.441056,88.513694,Rock Slide,,,0.8729532871913086,1030.0891286058256,956.1567947808666,11.155622971461389,0,2,1,0,1
26635,SKM/NS/78A11/2015/90,Sikkim,North Sikkim,Dikchu-Mangshila Road,27.448306,88.519667,Debris Slide,,,7.313692678796873,1405.2161366463422,1436.6551841516302,8.26992246686976,0,0,1,0,0
26636,SKM/NS/78A11/2015/91,Sikkim,North Sikkim,Dikchu-Mangshila Road,27.461694,88.523472,Debris Slide,,,0.23743735728182433,1716.6077858728509,342.56561509707456,28.798934654654325,0,4,1,0,1
26637,SKM/NS/78A11/2015/92,Sikkim,North Sikkim,North Sikkim Highway,27.4795,88.528472,Rock Slide,,,6.822037411629827,727.4884649486754,1304.7882519681727,27.882132301038233,1,0,1,1,0
26638,SKM/NS/78A11/2015/95,Sikkim,North Sikkim,North Sikkim Highway,27.480472,88.531194,Rock Slide,,,6.71601208324097,1016.6004276525229,1154.9396221948243,7.864631957162743,0,0,1,0,0
26639,SKM/NS/78A11/2015/96,Sikkim,North Sikkim,North Sikkim Highway,27.481083,88.530667,Debris Slide,,,7.313688742573879,992.1634028717616,1091.834579554578,7.864631957162743,1,0,1,1,0
26640,SKM/NS/78A11/2015/93,Sikkim,North Sikkim,North Sikkim Highway,27.482583,88.52875,Rock Slide,,,4.128025110175591,912.7187466901632,969.6203050245416,7.655533095546472,1,1,1,1,1
26641,SKM/NS/78A11/2015/94,Sikkim,North Sikkim,North Sikkim Highway,27.482583,88.529528,Debris Slide,,,0.660215165459548,974.6572124118926,947.9274609835022,7.655533095546472,1,1,1,1,1
26642,SKM/NOR/78A11/2014/006,Sikkim,North Sikkim,Ambithang Landslide Ambithang (On Rangrang-,27.48603,88.53269,Debris Slide,8 July 2014,2014-07-08,2.7836299961424356,1455.7538972906364,543.1238990257528,13.569454446573612,0,2,1,0,1
26643,SKM/NS/78A10/2017/166,Sikkim,North Sikkim,Mangan NH,27.502,88.5375,Debris Slide,,,16.60196959878049,216.0454644708322,1351.749864109076,16.282687477277932,2,0,1,1,0
26644,SKM/NOR/78A10/2014/004,Sikkim,North Sikkim,Pakshek Landslide Pakshek ( Mangan-Chungthang,27.5091,88.53848,Rock Slide,1 July 2014,2014-07-01,8.12025246929875,927.9640782841118,2110.301179854809,11.037910879124324,2,0,1,1,0
26645,SKM/NS/78A10/2017/169,Sikkim,North Sikkim,Lanthey Khola NH,27.514972,88.565472,Debris Slide,,,4.668015374725383,1633.4068936968713,4259.508081934223,4.079292107127492,0,0,1,0,0
26646,SKM/NOR/78A10/2014/005,Sikkim,North Sikkim,Lanthakhola Lanthakhola (On Mangan to,27.5152,88.56456,Debris Slide,8 July 2014,2014-07-08,0.8449215182890223,1540.6171154007598,4205.815217622723,4.079292107127492,0,0,1,0,0
26647,SKM/NS/78A10/2017/170,Sikkim,North Sikkim,NH,27.516444,88.587361,Debris Slide,,,4.270182946727563,3778.7218236596354,6170.37369104786,5.650032678504317,0,0,1,0,0
26648,SKM/NS/78A10/2017/167,Sikkim,North Sikkim,NH,27.517278,88.539667,Debris Slide,,,6.874155660430242,933.7215201149246,2981.1013290665474,6.706935902072931,1,0,1,1,0
26649,SKM/NS/78A10/2017/168,Sikkim,North Sikkim,NH,27.517306,88.542889,Rock Slide,,,16.293446105223907,615.5785424086854,3117.628714142274,19.348249887563686,1,0,1,1,0
26650,SKM/NS/78A10/2017/175,Sikkim,North Sikkim,NH,27.527194,88.603222,Debris Slide,,,0.12451773665214294,2401.628376558796,5966.2433588087215,12.657949786501794,0,0,1,0,0
26651,SKM/NS/78A10/2017/171,Sikkim,North Sikkim,NH,27.527333,88.590778,Debris Slide,,,5.919172097560443,3435.497725257998,7024.871405151198,4.175921009635924,0,0,1,0,0
26652,SKM/NS/78A10/2017/176,Sikkim,North Sikkim,NH,27.527722,88.607972,Debris Slide,,,82.21534840874993,2017.1294692034921,5543.602448783835,10.55039014763325,0,0,1,0,0
26653,SKM/NS/78A10/2017/174,Sikkim,North Sikkim,NH,27.527917,88.60225,Debris Slide,,,1.4465625658979893,2428.3519083278397,6004.922755102111,12.657949786501794,0,0,1,0,0
26654,SKM/NS/78A10/2017/173,Sikkim,North Sikkim,NH,27.528722,88.600833,Debris Slide,,,4.740972490950996,2492.961642310566,6079.303044773021,6.283480648504469,0,0,1,0,0
26655,SKM/NS/78A10/2017/172,Sikkim,North Sikkim,NH,27.529639,88.598139,Debris Slide,,,3.3342205477820004,2671.425090823246,6262.22974096961,6.283480648504469,0,0,1,0,0
26656,SKM/NS/78A10/2017/177,Sikkim,North Sikkim,Naga NH,27.531667,88.606333,Debris Slide,,,4.846726211719233,1859.6558096123447,5445.640986843037,11.221108662257135,0,0,1,0,0
26657,SKM/NS/78A10/2017/178,Sikkim,North Sikkim,NH,27.533722,88.609278,Rock Slide,,,4.18205540661957,1491.743615165095,5080.072664464045,6.913043135164013,0,0,1,0,0
26658,SKM/NS/78A10/2017/179,Sikkim,North Sikkim,NH,27.535056,88.610194,Debris Slide,,,2.751282643732569,1338.4961894951068,4929.277862994946,6.913043135164013,0,0,1,0,0
26659,SK/ED/78A6/2016/01,Sikkim,North Sikkim,Dzongu landslide Left bank slope of Talong Chu,27.535333,88.497972,Rock Slide/Avalanch,13 August 2016 at 13:30 hrs.,2016-08-13,7.198715031261956,1417.8675265363515,1819.7276376177551,5.044367737797403,0,0,1,0,0
26660,SKM/NS/78A10/2017/180,Sikkim,North Sikkim,NH,27.5435,88.628306,Debris Slide,,,4.041470898425165,681.4708359068266,2910.898129448122,11.690430084450655,1,0,1,1,0
26661,SKM/NS/78A10/2017/196,Sikkim,North Sikkim,NH,27.54375,88.58475,Debris Slide,,,15.868964525315437,3696.9600446145882,6984.058709172522,36.25893072370473,0,0,1,0,0
26662,SKM/NS/78A10/2017/181,Sikkim,North Sikkim,NH,27.545694,88.636,Debris Slide,,,5.2726417678059265,1476.4589294776297,2134.559815781625,16.90635622969682,0,0,1,0,0
26663,SKM/NS/78A10/2017/195,Sikkim,North Sikkim,NH,27.545861,88.585194,Debris Slide,,,17.156629946789444,3680.7446510829336,6898.040406218092,36.25893072370473,0,0,1,0,0
26664,SKM/NS/78A10/2017/194,Sikkim,North Sikkim,NH,27.546333,88.586472,Debris Slide,,,14.991838305580096,3564.4124951721196,6764.909710097181,36.25893072370473,0,0,1,0,0
26665,SKM/NS/78A10/2017/190,Sikkim,North Sikkim,NH,27.547111,88.602667,Debris Slide,,,21.926857577923997,2033.445636355994,5175.834184749411,14.573628474494475,0,0,1,0,0
26666,SKM/NS/78A10/2017/182,Sikkim,North Sikkim,NH,27.548417,88.641944,Debris Slide,,,10.911170660239664,2133.8480362343257,1479.9957562194843,8.828177864609751,0,0,1,0,0
26667,SKM/NS/78A10/2017/191,Sikkim,North Sikkim,NH,27.549194,88.583556,Debris Slide,,,13.83766388531167,3910.56937739277,7006.523667943751,32.79192421267678,0,0,1,0,0
26668,SKM/NS/78A10/2017/183,Sikkim,North Sikkim,Tung NH,27.549306,88.644889,Debris Slide,,,4.399693253440224,2440.200281045655,1190.4529462424762,5.975581469576185,0,0,1,0,0
26669,SKM/NS/78A10/2017/184,Sikkim,North Sikkim,NH,27.550917,88.646056,Debris Slide,,,8.04720048491273,2617.5760761742713,988.7678828933202,17.0707104072465,0,1,1,0,1
26670,SKM/NS/78A10/2017/185,Sikkim,North Sikkim,NH,27.552528,88.653528,Rock Slide,,,11.508761275638552,3365.056766255537,419.2618583404928,14.945753696809472,0,1,1,0,1
26671,SKM/NS/78A10/2017/189,Sikkim,North Sikkim,NH,27.552861,88.622306,Debris Slide,,,5.881335935120405,1324.1111995333013,3158.349603249458,23.407328228189808,0,0,1,0,0
26672,SKM/NS/78A10/2017/192,Sikkim,North Sikkim,NH,27.553556,88.581222,Debris Slide,,,8.141567455676263,4268.266716093066,7199.056566430069,27.880124182730217,0,0,1,0,0
26673,SKM/NS/78A10/2017/193,Sikkim,North Sikkim,NH,27.553583,88.577194,Debris Slide,,,1.4046986427954524,4646.7736278554585,7596.382997720951,27.880124182730217,0,0,1,0,0
26674,SKM/NS/78A10/2017/186,Sikkim,North Sikkim,NH,27.554889,88.654444,Debris Slide,,,2.6191764782019127,3554.7071021213155,159.0738673265482,14.592476443846039,0,1,1,0,1
26675,SKM/NS/78A10/2017/188,Sikkim,North Sikkim,NH,27.55525,88.647556,Debris Slide,,,12.645943333805974,2978.4021913605725,652.0414784023563,13.754621586748128,0,1,1,0,1
26676,SKM/NS/78A10/2017/187,Sikkim,North Sikkim,NH,27.575444,88.651417,Debris Slide,,,0.7147456552609016,1554.3918519734318,1438.2654226059801,15.352462124253561,0,0,1,0,0
26677,SKM/NS/78A10/2017/197,Sikkim,North Sikkim,Chungthang NH,27.609056,88.652028,Debris Slide,,,14.432876908872313,762.1586244999979,819.2530441059503,13.955356322098256,1,3,1,1,1
26678,SKM/NS/78A10/2017/198,Sikkim,North Sikkim,NH,27.611333,88.655222,Debris Slide,,,7.3349471862738485,1164.5957496650872,1221.7074612659592,13.848765108872525,0,0,1,0,0
26679,SKM/NS/78A10/2017/199,Sikkim,North Sikkim,NH,27.613444,88.656528,Debris Slide,,,2.0069268845574775,1420.1962673632763,1454.746892069845,13.158427401937315,0,0,1,0,0
26680,SKM/NS/78A10/2017/230,Sikkim,North Sikkim,NH,27.61775,88.623639,Debris Slide,,,13.80107579273058,2709.7516479448286,2401.7182766963588,5.674021012745888,0,0,1,0,0
26681,SKM/NS/78A10/2017/229,Sikkim,North Sikkim,NH,27.619722,88.618861,Debris Slide,,,1.5803480391112104,3224.4943891067405,2917.9764874191874,5.674021012745888,0,0,1,0,0
26682,SKM/NS/78A10/2017/228,Sikkim,North Sikkim,NH,27.621806,88.618694,Debris Slide,,,5.586256084106689,3366.4942062296104,3056.521707675804,5.157949280376534,0,0,1,0,0
26683,SKM/NS/78A10/2017/200,Sikkim,North Sikkim,NH,27.628083,88.685306,Debris Slide,,,37.346972751832304,4651.661856233301,1992.9238240324917,6.472345805818212,0,0,1,0,0
26684,SKM/NS/78A10/2017/202,Sikkim,North Sikkim,NH,27.629361,88.695194,Debris Slide,,,6.2910288670164825,5552.590319639009,2419.6453171135245,8.71333885115757,0,0,1,0,0
26685,SKM/NS/78A10/2017/201,Sikkim,North Sikkim,NH,27.6295,88.692778,Debris Slide,,,29.21689635888566,5355.633741523649,2245.6776483957346,10.069590154635339,0,0,1,0,0
26686,SKM/NS/78A10/2017/227,Sikkim,North Sikkim,NH,27.629944,88.619833,Debris Slide,,,10.343719993785166,3879.6938356960472,3566.292550775705,10.90087325758183,0,0,1,0,0
26687,SKM/NS/78A10/2017/203,Sikkim,North Sikkim,NH,27.637167,88.712028,Debris Slide,,,3.9829550636794133,6556.593021432947,1332.2258068322826,7.382190722731948,0,0,1,0,0
26688,SKM/NS/78A10/2017/204,Sikkim,North Sikkim,NH,27.638694,88.711694,Debris Slide,,,9.284187806321155,6422.374941650488,1232.9202084512249,7.382190722731948,0,0,1,0,0
26689,SKM/NS/78A10/2017/226,Sikkim,North Sikkim,Munshithang NH,27.641139,88.612,Debris Slide,,,2.0221721185753654,5322.306284315429,5010.304972471963,12.628646093920326,0,0,1,0,0
26690,SKM/NS/78A10/2017/225,Sikkim,North Sikkim,NH,27.652861,88.607,Debris Slide,,,9.190866966687004,6651.334123455423,6342.481023021494,5.63518908783696,0,0,1,0,0
26691,SKM/NS/78A10/2017/224,Sikkim,North Sikkim,Rabom NH,27.662444,88.602556,Debris Slide,,,6.722676911940401,7280.213241534262,7466.399239847344,15.965752326748436,0,0,1,0,0
26692,SKM/NS/78A10/2017/205,Sikkim,North Sikkim,NH,27.675778,88.733417,Debris Slide,,,2.411329179222578,1789.3010866579898,421.21713011525276,9.007445910890986,0,1,1,0,1
26693,SKM/NS/78A10/2017/223,Sikkim,North Sikkim,NH,27.676722,88.597194,Debris Slide,,,12.90100308982335,5708.743299414095,7428.460999086092,7.266855840940465,0,0,1,0,0
26694,SKM/NS/78A10/2017/206,Sikkim,North Sikkim,NH,27.686389,88.73875,Debris Slide,,,2.729331265098681,527.9147755705458,296.8962769363271,14.98169982436673,1,5,1,1,1
26695,SKM/NS/78A10/2017/222,Sikkim,North Sikkim,Bansoi NH,27.697139,88.57025,Debris Slide,,,7.33665088628142,2323.2980080632,4072.117623462083,9.830043858557897,0,0,1,0,0
26696,SKM/NS/78A10/2017/221,Sikkim,North Sikkim,NH,27.700444,88.566083,Debris Slide,,,5.682714829711382,1819.8207661989888,3561.150914802524,6.486686783176368,0,0,1,0,0
26697,SKM/NS/78A10/2017/220,Sikkim,North Sikkim,NH,27.701333,88.565083,Debris Slide,,,1.6623046851107919,1693.2940155970155,3430.6403609695226,6.486686783176368,0,0,1,0,0
26698,SKM/NS/78A10/2017/219,Sikkim,North Sikkim,NH,27.703917,88.562306,Debris Slide,,,7.704898405467908,1342.7454657685364,3060.426461304707,7.511616210543975,0,0,1,0,0
26699,SKM/NS/78A10/2017/218,Sikkim,North Sikkim,NH,27.704028,88.56175,Debris Slide,,,4.961692629883128,1320.089089667629,3029.1826382890717,7.511616210543975,0,0,1,0,0
26700,SKM/NS/78A10/2017/217,Sikkim,North Sikkim,NH,27.704306,88.560694,Debris Slide,,,3.525957085618854,1275.3386832527635,2964.8250607045406,7.511616210543975,0,0,1,0,0
26701,SKM/NS/78A10/2017/216,Sikkim,North Sikkim,NH,27.713944,88.557361,Debris Slide,,,3.7146156770671888,285.85333781084813,1848.4760564385178,11.191662517925257,1,0,1,1,0
26702,SKM/NS/78A10/2017/215,Sikkim,North Sikkim,NH,27.723611,88.550472,Debris Slide,,,31.81081310319479,781.7921879405773,665.0989080727529,8.550056821752175,1,2,1,1,1
26703,SKM/NS/78A10/2017/214,Sikkim,North Sikkim,NH,27.724222,88.552861,Debris Slide,,,4.209383451016238,781.8658780710728,626.9214491598975,8.550056821752175,1,2,1,1,1
26704,SKM/NS/78A10/2017/213,Sikkim,North Sikkim,Chaten NH,27.726083,88.54975,Debris Slide,,,6.460363059487936,502.6030457750941,405.83896867630966,11.332552896291594,1,2,1,1,1
26705,SKM/NS/78A10/2017/212,Sikkim,North Sikkim,NH,27.728472,88.551667,Debris Slide,,,0.31886785245777965,319.2491323528301,146.66730382463783,8.831001002758224,1,2,1,1,1
26706,SKM/NS/78A10/2017/211,Sikkim,North Sikkim,Lachen NH,27.735278,88.54925,Debris Slide,,,4.281334471812495,517.4199268192976,399.2519219417976,2.78249607453942,1,3,1,1,1
26707,SKM/NS/78A10/2017/210,Sikkim,North Sikkim,NH,27.74075,88.54525,Debris Slide,,,0.34785121879336245,1198.784823463444,334.6256416396192,5.596945002785563,0,1,1,0,1
26708,SKM/NS/78A10/2017/209,Sikkim,North Sikkim,NH,27.740944,88.545361,Debris Slide,,,1.7872341037558181,1215.2281330493909,343.36098092329104,5.596945002785563,0,1,1,0,1
26709,SKM/NS/78A10/2017/208,Sikkim,North Sikkim,NH,27.745194,88.544278,Debris Slide,,,13.484267775301602,1695.6210762849867,803.8487077448611,3.7140734437894363,0,1,1,0,1
26710,SKM/NS/78A10/2017/207,Sikkim,North Sikkim,NH,27.749111,88.542972,Debris Slide,,,9.563644546983552,2148.2550530622925,1254.0868227948797,3.67851663297758,0,0,1,0,0
26711,SKM/EAST/78A12/2015/001,Sikkim,East Sikkim,3rd Mile Subsidence Kumrek (On Rangpo-Kumrek,27.18822222,88.56238889,Debris Subsidence July,2015,,8.617827921442045,3523.7601905226693,3561.97024956995,13.982479869589477,0,0,1,0,0
26712,SKM/EAST/78A12/2015/002,Sikkim,East Sikkim,Kumrek landslide Kumrek (On Rangpo-Kumrek,27.179,88.53313889,Rock Slide,8 July 2015,2015-07-08,9.45349065352727,576.6983409270674,569.8608732075744,32.75371908022278,1,3,1,1,1
26713,SKM/NORTH/78A11/2015/003,Sikkim,North Sikkim,Rangrang Landslide Rangrang (On Mangan to,27.46166,88.52341,Debris Slide,1 June 2015,2015-06-01,5.827456768080757,1713.487426340347,348.69392048737905,28.798934654654325,0,4,1,0,1
26714,SKM/EAST/78A11/2015/004,Sikkim,East Sikkim,Tumin Landslide Tumin,27.33208,88.50902,Debris Slide,11 July 2015,2015-07-11,114.29583650997479,2709.032185690271,2698.179676680628,26.35580399985184,0,0,1,0,0
26724,SK/NS/78A11/,Sikkim,East Sikkim,"(Near Kaabi) Kaabi II NH 31A, Near B2 Bridge.",27.38107778,88.64063333,Rock Rock Slide,,,45.40001150702326,3659.381554111501,2166.090514646378,11.091249419650289,0,0,1,0,0
26729,Sikkim/NK/78A11/2022/SP1,Sikkim,North Sikkim,Salim Pakel village Village road,27.5401,88.56929167,Rock cum debris Slide,2019,,17.32990458132462,3231.169745796482,6588.227575502359,27.880124182730217,0,0,1,0,0
26730,Sikkim/NK/78A10/2022/II,Sikkim,North Sikkim,Shipgyre slide right bank of Teesta State road,27.55314167,88.62179722,Debris Slide,2012,,12.712174768275629,1355.1846384324067,3204.706520387434,23.407328228189808,0,0,1,0,0
26732,Sikkim/NK/78A10/2022/III,Sikkim,North Sikkim,Shipgyer slide right bank of Teesta State road,27.54810833,88.60807778,Debris Slide,2012,,29.48707700979157,1593.3722725442233,4630.166533712316,17.113682707847147,0,0,1,0,0
26733,Sikkim/NK/78A10/2022/IV,Sikkim,North Sikkim,West of Shipgyer State road,27.55236944,88.58208333,Debris Slide,2019,,9.734197176072461,4145.901812151194,7120.905962522485,27.880124182730217,0,0,1,0,0
26766,SK/ES/78A11/2021/1,Sikkim,East Sikkim,"Shotak slide Along Burtuk Kabi Road, East of",27.38155556,88.63883333,Debris Slide September,2021.,,12.997199301629896,3483.404585077453,2098.7095811264985,11.091249419650289,0,0,1,0,0
26816,SKM-01/2012-13,Sikkim,East Sikkim,Saketang Rongli-Rolep road,27.26063889,88.71438889,Debris Slide,7 June 2012 at 4:50 hrs.,2012-06-07,71.1466509387734,1284.0843852808612,5404.339685191051,9.74141086559025,0,0,1,0,0
26817,SKM-02/2012-13,Sikkim,East Sikkim,Chopse Slide Rongli-Rolep road,27.26616667,88.72697222,Debris Slide,7 June 2012 at 4:30 hrs.,2012-06-07,1210.8417215216705,2010.4887629897798,4748.700805655018,0.0,0,0,0,0,0
26818,SKM-03/2012-13,Sikkim,East Sikkim,Dharakham Slide Rongli-Rolep road,27.26544444,88.72252778,Debris Slide,7 June 2012 at 4:50 hrs.,2012-06-07,767.4913534346149,1819.4999512170277,5029.915736267759,0.0,0,0,0,0,0
26819,SKM-04/2012-13,Sikkim,East Sikkim,Rockse Slide 1 Panthang to Dikchu road,27.37441667,88.54505556,Rock,13 July 2012,2012-07-13,193.11078347347294,2213.483501452039,2252.710193482376,32.25087158743603,0,0,1,0,0
26820,SKM-05/2012-13,Sikkim,East Sikkim,Rockse Slide 2 Panthang to Dikchu road,27.36977778,88.54466667,Rock,13 July 2012,2012-07-13,189.97384360979942,2088.7553978264905,1746.290772928235,32.25087158743603,0,0,1,0,0
26821,SKM-06/2012-13,Sikkim,North Sikkim,Pegong Slide Mangan-Chungthang road,27.59027778,88.65394444,Debris Slide,26 June 2012,2012-06-26,163.8016503975897,395.0929782442898,338.4387016936024,6.515538122807752,1,2,1,1,1
26822,SKM-07/2012-13,Sikkim,North Sikkim,Theng Slide On Mangan-Chungthang road,27.57502778,88.65402778,Debris Slide,22 June 2012,2012-06-22,261.37872465929087,1642.1383286510265,1509.9067310477085,4.257333186583245,0,0,0,0,0
26823,SKM-08/2012-13,Sikkim,North Sikkim,Tung Slide On Mangan-Chungthang road,27.56111111,88.65452778,Debris Slide,22 June 2012,2012-06-22,212.88402409945022,3167.625991679535,537.0658429856129,13.347554585103882,0,1,1,0,1
26824,SKM-09/2012-13,Sikkim,North Sikkim,Rubom Slide On Mangan-Chungthang,27.52838889,88.59972222,Debris Slide,22 June 2012,2012-06-22,60.056750079365536,2605.330656993155,6192.7544886643,6.283480648504469,0,0,1,0,0
26825,SKM-10/2012-13,Sikkim,North Sikkim,Singik Slide On Mangan-Chungthang road,27.56941667,88.65272222,Debris Slide,22 June 2012,2012-06-22,25.620138697603938,2231.9949005761055,1461.286522693633,15.074805195315152,0,0,1,0,0
26826,SKM-11/2012-13,Sikkim,North Sikkim,Deodara Slide On Mangan-Chungthang,27.51491667,88.56313889,Debris Slide,17 July 2012,2012-07-17,68.26756065682973,1406.9126405668123,4078.4389594953695,5.760433165121167,0,0,1,0,0
26827,SKM/78A11/2009,Sikkim,North Sikkim,Chandera village/Singhik Village,27.51444444,88.56777778,Debris Slide,9 May 2009 at 14.00 hrs.,2009-05-09,147.6944785873084,1867.4770315457279,4404.424558969719,2.86993301792864,0,0,1,0,0
26828,7253,Sikkim,South Sikkim,NHPC TEESTA V POWER HOUSE,27.25102,88.460004,Rock Slide,2024,,99.41753596356911,1204.195101460143,3017.5104557062377,44.66294447249538,0,0,1,0,0
