{
"type": "FeatureCollection",
"name": "gsi_sikkim_inventory_clean",
"crs": { "type": "name", "properties": { "name": "urn:ogc:def:crs:OGC:1.3:CRS84" } },
"features": [
{ "type": "Feature", "properties": { "record_id": 26052, "landslide_id": "SKM/SS/78A08/2015/256", "state": "Sikkim", "district": "South Sikkim", "location": "Melli-Sumbuk Road", "latitude": 27.08275, "longitude": 88.434778, "movement_type": "Debris Slide", "history": null, "event_date": null }, "geometry": { "type": "Point", "coordinates": [ 88.434778, 27.08275 ] } },
{ "type": "Feature", "properties": { "record_id": 26053, "landslide_id": "SKM/SS/78A08/2015/254", "state": "Sikkim", "district": "South Sikkim", "location": "Melli-Sumbuk Road", "latitude": 27.084222, "longitude": 88.446083, "movement_type": "Debris Slide", "history": null, "event_date": null }, "geometry": { "type": "Point", "coordinates": [ 88.446083, 27.084222 ] } },
{ "type": "Feature", "properties": { "record_id": 26054, "landslide_id": "SKM/SS/78A08/2015/255", "state": "Sikkim", "district": "South Sikkim", "location": "Melli-Sumbuk Road", "latitude": 27.084722, "longitude": 88.443833, "movement_type": "Debris Slide", "history": null, "event_date": null }, "geometry": { "type": "Point", "coordinates": [ 88.443833, 27.084722 ] } },
{ "type": "Feature", "properties": { "record_id": 26055, "landslide_id": "SKM/SS/78A08/2015/257", "state": "Sikkim", "district": "South Sikkim", "location": "Melli-Sumbuk Road", "latitude": 27.087667, "longitude": 88.416528, "movement_type": "Debris Slide", "history": null, "event_date": null }, "geometry": { "type": "Point", "coordinates": [ 88.416528, 27.087667 ] } },
{ "type": "Feature", "properties": { "record_id": 26056, "landslide_id": "SKM/SS/78A08/2015/258", "state": "Sikkim", "district": "South Sikkim", "location": "Melli-Sumbuk Road", "latitude": 27.090083, "longitude": 88.413139, "movement_type": "Debris Slide", "history": null, "event_date": null }, "geometry": { "type": "Point", "coordinates": [ 88.413139, 27.090083 ] } },
{ "type": "Feature", "properties": { "record_id": 26057, "landslide_id": "SKM/SS/78A08/2015/259", "state": "Sikkim", "district": "South Sikkim", "location": "Melli-Sumbuk Road", "latitude": 27.090944, "longitude": 88.406833, "movement_type": "Debris Slide", "history": null, "event_date": null }, "geometry": { "type": "Point", "coordinates": [ 88.406833, 27.090944 ] } },
{ "type": "Feature", "properties": { "record_id": 26058, "landslide_id": "SKM/SS/78A08/2015/253", "state": "Sikkim", "district": "South Sikkim", "location": "Pachekhani-Melli Road", "latitude": 27.093278, "longitude": 88.457444, "movement_type": "Debris Slide", "history": null, "event_date": null }, "geometry": { "type": "Point", "coordinates": [ 88.457444, 27.093278 ] } },
{ "type": "Feature", "properties": { "record_id": 26059, "landslide_id": "SKM/SS/78A08/2015/248", "state": "Sikkim", "district": "South Sikkim", "location": "Pachekhani-Melli Road", "latitude": 27.096444, "longitude": 88.433375, "movement_type": "Debris Slide", "history": null, "event_date": null }, "geometry": { "type": "Point", "coordinates": [ 88.433375, 27.096444 ] } },
{ "type": "Feature", "properties": { "record_id": 26060, "landslide_id": "SKM/SS/78A08/2015/260", "state": "Sikkim", "district": "South Sikkim", "location": "Melli-Sumbuk Road", "latitude": 27.097833, "longitude": 88.3785, "movement_type": "Debris Slide", "history": null, "event_date": null }, "geometry": { "type": "Point", "coordinates": [ 88.3785, 27.097833 ] } },
{ "type": "Feature", "properties": { "record_id": 26061, "landslide_id": "SKM/SS/78A08/2015/245", "state": "Sikkim", "district": "South Sikkim", "location": "Pachekhani-Melli Road", "latitude": 27.098417, "longitude": 88.400167, "movement_type": "Debris Slide", "history": null, "event_date": null }, "geometry": { "type": "Point", "coordinates": [ 88.400167, 27.098417 ] } },
{ "type": "Feature", "properties": { "record_id": 26062, "landslide_id": "SKM/SS/78A08/2015/261", "state": "Sikkim", "district": "South Sikkim", "location": "Melli-Sumbuk Road", "latitude": 27.101083, "longitude": 88.3615, "movement_type": "Debris Slide", "history": null, "event_date": null }, "geometry": { "type": "Point", "coordinates": [ 88.3615, 27.101083 ] } },
{ "type": "Feature", "properties": { "record_id": 26063, "landslide_id": "SKM/SS/78A08/2015/244", "state": "Sikkim", "district": "South Sikkim", "location": "Pachekhani-Melli Road", "latitude": 27.101083, "longitude": 88.400417, "movement_type": "Debris Slide", "history": null, "event_date": null }, "geometry": { "type": "Point", "coordinates": [ 88.400417, 27.101083 ] } },
{ "type": "Feature", "properties": { "record_id": 26064, "landslide_id": "SKM/SS/78A08/2015/243", "state": "Sikkim", "district": "South Sikkim", "location": "Pachekhani-Melli Road", "latitude": 27.101111, "longitude": 88.403333, "movement_type": "Debris Slide", "history": null, "event_date": null }, "geometry": { "type": "Point", "coordinates": [ 88.403333, 27.101111 ] } },
{ "type": "Feature", "properties": { "record_id": 26065, "landslide_id": "SKM/SS/78A08/2015/247", "state": "Sikkim", "district": "South Sikkim", "location": "Pachekhani-Melli Road", "latitude": 27.101194, "longitude": 88.394611, "movement_type": "Debris Slide", "history": null, "event_date": null }, "geometry": { "type": "Point", "coordinates": [ 88.394611, 27.101194 ] } },
{ "type": "Feature", "properties": { "record_id": 26066, "landslide_id": "SKM/SS/78A08/2015/252", "state": "Sikkim", "district": "South Sikkim", "location": "Pachekhani-Melli Road", "latitude": 27.102, "longitude": 88.458667, "movement_type": "Debris Slide", "history": null, "event_date": null }, "geometry": { "type": "Point", "coordinates": [ 88.458667, 27.102 ] } },
{ "type": "Feature", "properties": { "record_id": 26067, "landslide_id": "SKM/SS/78A08/2015/242", "state": "Sikkim", "district": "South Sikkim", "location": "Pachekhani-Melli Road", "latitude": 27.1025, "longitude": 88.400778, "movement_type": "Debris Slide", "history": null, "event_date": null }, "geometry": { "type": "Point", "coordinates": [ 88.400778, 27.1025 ] } },
{ "type": "Feature", "properties": { "record_id": 26068, "landslide_id": "SKM/SS/78A08/2015/246", "state": "Sikkim", "district": "South Sikkim", "location": "Pachekhani-Melli Road", "latitude": 27.102639, "longitude": 88.394639, "movement_type": "Debris Slide", "history": null, "event_date": null }, "geometry": { "type": "Point", "coordinates": [ 88.394639, 27.102639 ] } },
{ "type": "Feature", "properties": { "record_id": 26069, "landslide_id": "SKM/SS/78A08/2015/240", "state": "Sikkim", "district": "South Sikkim", "location": "Pachekhani-Melli Road", "latitude": 27.102944, "longitude": 88.404667, "movement_type": "Debris Subsidence", "history": null, "event_date": null }, "geometry": { "type": "Point", "coordinates": [ 88.404667, 27.102944 ] } },
{ "type": "Feature", "properties": { "record_id": 26070, "landslide_id": "SKM/SS/78A08/2015/241", "state": "Sikkim", "district": "South Sikkim", "location": "Pachekhani-Melli Road", "latitude": 27.103111, "longitude": 88.402722, "movement_type": "Debris Slide", "history": null, "event_date": null }, "geometry": { "type": "Point", "coordinates": [ 88.402722, 27.103111 ] } },
{ "type": "Feature", "properties": { "record_id": 26071, "landslide_id": "SKM/SS/78A08/2015/250", "state": "Sikkim", "district": "South Sikkim", "location": "Pachekhani-Melli Road", "latitude": 27.105972, "longitude": 88.444556, "movement_type": "Debris Subsidence", "history": null, "event_date": null }, "geometry": { "type": "Point", "coordinates": [ 88.444556, 27.105972 ] } },
{ "type": "Feature", "properties": { "record_id": 26072, "landslide_id": "SKM/SS/78A08/2015/251", "state": "Sikkim", "district": "South Sikkim", "location": "Pachekhani-Melli Road", "latitude": 27.106694, "longitude": 88.449389, "movement_type": "Debris Slide", "history": null, "event_date": null }, "geometry": { "type": "Point", "coordinates": [ 88.449389, 27.106694 ] } },
{ "type": "Feature", "properties": { "record_id": 26073, "landslide_id": "SKM/SS/78A08/2015/249", "state": "Sikkim", "district": "South Sikkim", "location": "Pachekhani-Melli Road", "latitude": 27.106944, "longitude": 88.43375, "movement_type": "Rock Fall", "history": null, "event_date": null }, "geometry": { "type": "Point", "coordinates": [ 88.43375, 27.106944 ] } },
{ "type": "Feature", "properties": { "record_id": 26074, "landslide_id": "SKM/SS/78A08/2015/262", "state": "Sikkim", "district": "South Sikkim", "location": "Melli-Sumbuk Road", "latitude": 27.107417, "longitude": 88.363139, "movement_type": "Debris Slide", "history": null, "event_date": null }, "geometry": { "type": "Point", "coordinates": [ 88.363139, 27.107417 ] } },
{ "type": "Feature", "properties": { "record_id": 26075, "landslide_id": "SKM/WS/78A08/2015/315", "state": "Sikkim", "district": "West Sikkim", "location": "Melli-Jorethang Road", "latitude": 27.110583, "longitude": 88.340472, "movement_type": "Debris Slide", "history": null, "event_date": null }, "geometry": { "type": "Point", "coordinates": [ 88.340472, 27.110583 ] } },
{ "type": "Feature", "properties": { "record_id": 26076, "landslide_id": "SKM/NS/78A04/2017/130", "state": "Sikkim", "district": "West Sikkim", "location": "SH", "latitude": 27.1205, "longitude": 88.152722, "movement_type": "Debris Slide", "history": null, "event_date": null }, "geometry": { "type": "Point", "coordinates": [ 88.152722, 27.1205 ] } },
{ "type": "Feature", "properties": { "record_id": 26077, "landslide_id": "SKM/NS/78A04/2017/131", "state": "Sikkim", "district": "West Sikkim", "location": "SH", "latitude": 27.121444, "longitude": 88.153417, "movement_type": "Debris Slide", "history": null, "event_date": null }, "geometry": { "type": "Point", "coordinates": [ 88.153417, 27.121444 ] } },
{ "type": "Feature", "properties": { "record_id": 26078, "landslide_id": "SKM/NS/78A04/2017/128", "state": "Sikkim", "district": "West Sikkim", "location": "SH", "latitude": 27.1215, "longitude": 88.142222, "movement_type": "Debris Slide", "history": null, "event_date": null }, "geometry": { "type": "Point", "coordinates": [ 88.142222, 27.1215 ] } },
{ "type": "Feature", "properties": { "record_id": 26079, "landslide_id": "SKM/NS/78A04/2017/104", "state": "Sikkim", "district": "West Sikkim", "location": "SH", "latitude": 27.121611, "longitude": 88.237, "movement_type": "Debris Slide", "history": null, "event_date": null }, "geometry": { "type": "Point", "coordinates": [ 88.237, 27.121611 ] } },
{ "type": "Feature", "properties": { "record_id": 26080, "landslide_id": "SKM/NS/78A04/2017/129", "state": "Sikkim", "district": "West Sikkim", "location": "SH", "latitude": 27.121611, "longitude": 88.145528, "movement_type": "Debris Slide", "history": null, "event_date": null }, "geometry": { "type": "Point", "coordinates": [ 88.145528, 27.121611 ] } },
{ "type": "Feature", "properties": { "record_id": 26081, "landslide_id": "SKM/NS/78A04/2017/127", "state": "Sikkim", "district": "West Sikkim", "location": "Lower Siktam SH", "latitude": 27.121917, "longitude": 88.139472, "movement_type": "Rock Slide", "history": null, "event_date": null }, "geometry": { "type": "Point", "coordinates": [ 88.139472, 27.121917 ] } },
{ "type": "Feature", "properties": { "record_id": 26082, "landslide_id": "SKM/NS/78A04/2017/126", "state": "Sikkim", "district": "West Sikkim", "location": "SH", "latitude": 27.122, "longitude": 88.139889, "movement_type": "Debris Slide", "history": null, "event_date": null }, "geometry": { "type": "Point", "coordinates": [ 88.139889, 27.122 ] } },
{ "type": "Feature", "properties": { "record_id": 26083, "landslide_id": "SKM/NS/78A04/2017/103", "state": "Sikkim", "district": "West Sikkim", "location": "SH", "latitude": 27.122472, "longitude": 88.227611, "movement_type": "Debris Slide", "history": null, "event_date": null }, "geometry": { "type": "Point", "coordinates": [ 88.227611, 27.122472 ] } },
{ "type": "Feature", "properties": { "record_id": 26084, "landslide_id": "SKM/SS/78A08/2015/320", "state": "Sikkim", "district": "South Sikkim", "location": "Namchi-Kitam Road", "latitude": 27.122611, "longitude": 88.343389, "movement_type": "Debris Slide", "history": null, "event_date": null }, "geometry": { "type": "Point", "coordinates": [ 88.343389, 27.122611 ] } },
{ "type": "Feature", "properties": { "record_id": 26085, "landslide_id": "SKM/NS/78A04/2017/102", "state": "Sikkim", "district": "West Sikkim", "location": "SH", "latitude": 27.123833, "longitude": 88.225333, "movement_type": "Debris Slide", "history": null, "event_date": null }, "geometry": { "type": "Point", "coordinates": [ 88.225333, 27.123833 ] } },
{ "type": "Feature", "properties": { "record_id": 26086, "landslide_id": "SKM/WS/78A08/2015/316", "state": "Sikkim", "district": "West Sikkim", "location": "Melli-Jorethang Road", "latitude": 27.123889, "longitude": 88.319778, "movement_type": "Debris Slide", "history": null, "event_date": null }, "geometry": { "type": "Point", "coordinates": [ 88.319778, 27.123889 ] } },
{ "type": "Feature", "properties": { "record_id": 26087, "landslide_id": "SKM/NS/78A04/2017/125", "state": "Sikkim", "district": "West Sikkim", "location": "Siktam SH", "latitude": 27.124556, "longitude": 88.139778, "movement_type": "Debris Slide", "history": null, "event_date": null }, "geometry": { "type": "Point", "coordinates": [ 88.139778, 27.124556 ] } },
{ "type": "Feature", "properties": { "record_id": 26088, "landslide_id": "SKM/SS/78A08/2015/314", "state": "Sikkim", "district": "South Sikkim", "location": "Melli-Rabikhola Road", "latitude": 27.124778, "longitude": 88.445083, "movement_type": "Debris Slide", "history": null, "event_date": null }, "geometry": { "type": "Point", "coordinates": [ 88.445083, 27.124778 ] } },
{ "type": "Feature", "properties": { "record_id": 26089, "landslide_id": "SKM/SS/78A08/2015/225", "state": "Sikkim", "district": "South Sikkim", "location": "Namchi-Palum Road", "latitude": 27.125528, "longitude": 88.384556, "movement_type": "Rock Fall", "history": null, "event_date": null }, "geometry": { "type": "Point", "coordinates": [ 88.384556, 27.125528 ] } },
{ "type": "Feature", "properties": { "record_id": 26090, "landslide_id": "SKM/NS/78A04/2017/123", "state": "Sikkim", "district": "West Sikkim", "location": "SH", "latitude": 27.125861, "longitude": 88.14275, "movement_type": "Debris Slide", "history": null, "event_date": null }, "geometry": { "type": "Point", "coordinates": [ 88.14275, 27.125861 ] } },
{ "type": "Feature", "properties": { "record_id": 26091, "landslide_id": "SKM/SS/78A08/2015/226", "state": "Sikkim", "district": "South Sikkim", "location": "Namchi-Palum Road", "latitude": 27.126306, "longitude": 88.378667, "movement_type": "Debris Slide", "history": null, "event_date": null }, "geometry": { "type": "Point", "coordinates": [ 88.378667, 27.126306 ] } },
{ "type": "Feature", "properties": { "record_id": 26092, "landslide_id": "SKM/SS/78A08/2015/322", "state": "Sikkim", "district": "South Sikkim", "location": "Namchi-Kitam Road", "latitude": 27.126444, "longitude": 88.340444, "movement_type": "Debris Slide", "history": null, "event_date": null }, "geometry": { "type": "Point", "coordinates": [ 88.340444, 27.126444 ] } },
{ "type": "Feature", "properties": { "record_id": 26093, "landslide_id": "SKM/WS/78A08/2015/317", "state": "Sikkim", "district": "West Sikkim", "location": "Melli-Jorethang Road", "latitude": 27.126472, "longitude": 88.31675, "movement_type": "Debris Slide", "history": null, "event_date": null }, "geometry": { "type": "Point", "coordinates": [ 88.31675, 27.126472 ] } },
{ "type": "Feature", "properties": { "record_id": 26094, "landslide_id": "SKM/WS/78A08/2015/318", "state": "Sikkim", "district": "West Sikkim", "location": "Melli-Jorethang Road", "latitude": 27.127194, "longitude": 88.308306, "movement_type": "Debris Slide", "history": null, "event_date": null }, "geometry": { "type": "Point", "coordinates": [ 88.308306, 27.127194 ] } },
{ "type": "Feature", "properties": { "record_id": 26095, "landslide_id": "SKM/WS/78A08/2015/319", "state": "Sikkim", "district": "West Sikkim", "location": "Melli-Jorethang Road", "latitude": 27.12825, "longitude": 88.292194, "movement_type": "Debris Slide", "history": null, "event_date": null }, "geometry": { "type": "Point", "coordinates": [ 88.292194, 27.12825 ] } },
{ "type": "Feature", "properties": { "record_id": 26096, "landslide_id": "SKM/NS/78A04/2017/124", "state": "Sikkim", "district": "West Sikkim", "location": "SH", "latitude": 27.128333, "longitude": 88.148833, "movement_type": "Rock Slide", "history": null, "event_date": null }, "geometry": { "type": "Point", "coordinates": [ 88.148833, 27.128333 ] } },
{ "type": "Feature", "properties": { "record_id": 26097, "landslide_id": "SKM/SS/78A08/2015/312", "state": "Sikkim", "district": "South Sikkim", "location": "Melli-Rabikhola Road", "latitude": 27.128694, "longitude": 88.442778, "movement_type": "Debris Slide", "history": null, "event_date": null }, "geometry": { "type": "Point", "coordinates": [ 88.442778, 27.128694 ] } },
{ "type": "Feature", "properties": { "record_id": 26098, "landslide_id": "SKM/NS/78A04/2017/122", "state": "Sikkim", "district": "West Sikkim", "location": "SH", "latitude": 27.128694, "longitude": 88.141639, "movement_type": "Debris Slide", "history": null, "event_date": null }, "geometry": { "type": "Point", "coordinates": [ 88.141639, 27.128694 ] } },
{ "type": "Feature", "properties": { "record_id": 26099, "landslide_id": "SKM/WS/78A08/2015/383", "state": "Sikkim", "district": "West Sikkim", "location": "Jorthang-Malbasey Road", "latitude": 27.128972, "longitude": 88.262111, "movement_type": "Debris Slide", "history": null, "event_date": null }, "geometry": { "type": "Point", "coordinates": [ 88.262111, 27.128972 ] } },
{ "type": "Feature", "properties": { "record_id": 26100, "landslide_id": "SKM/SS/78A08/2015/313", "state": "Sikkim", "district": "South Sikkim", "location": "Melli-Rabikhola Road", "latitude": 27.129, "longitude": 88.441361, "movement_type": "Debris Slide", "history": null, "event_date": null }, "geometry": { "type": "Point", "coordinates": [ 88.441361, 27.129 ] } },
{ "type": "Feature", "properties": { "record_id": 26101, "landslide_id": "SKM/WS/78A08/2015/382", "state": "Sikkim", "district": "West Sikkim", "location": "Jorthang-Malbasey Road", "latitude": 27.129861, "longitude": 88.266222, "movement_type": "Debris Slide", "history": null, "event_date": null }, "geometry": { "type": "Point", "coordinates": [ 88.266222, 27.129861 ] } },
{ "type": "Feature", "properties": { "record_id": 26102, "landslide_id": "SKM/SS/78A08/2015/216", "state": "Sikkim", "district": "South Sikkim", "location": "Sadam-Bhajyang Road", "latitude": 27.130056, "longitude": 88.412944, "movement_type": "Debris Slide", "history": null, "event_date": null }, "geometry": { "type": "Point", "coordinates": [ 88.412944, 27.130056 ] } },
{ "type": "Feature", "properties": { "record_id": 26103, "landslide_id": "SKM/SS/78A08/2015/323", "state": "Sikkim", "district": "South Sikkim", "location": "Namchi-Kitam Road", "latitude": 27.130444, "longitude": 88.340222, "movement_type": "Debris Slide", "history": null, "event_date": null }, "geometry": { "type": "Point", "coordinates": [ 88.340222, 27.130444 ] } },
{ "type": "Feature", "properties": { "record_id": 26104, "landslide_id": "SKM/SS/78A08/2015/224", "state": "Sikkim", "district": "South Sikkim", "location": "Namchi-Palum Road", "latitude": 27.131444, "longitude": 88.386, "movement_type": "Debris Slide", "history": null, "event_date": null }, "geometry": { "type": "Point", "coordinates": [ 88.386, 27.131444 ] } },
{ "type": "Feature", "properties": { "record_id": 26105, "landslide_id": "SKM/SS/78A08/2015/223", "state": "Sikkim", "district": "South Sikkim", "location": "Sadam-Bhajyang Road", "latitude": 27.131528, "longitude": 88.384417, "movement_type": "Debris Slide", "history": null, "event_date": null }, "geometry": { "type": "Point", "coordinates": [ 88.384417, 27.131528 ] } },
{ "type": "Feature", "properties": { "record_id": 26106, "landslide_id": "SKM/SS/78A08/2015/221", "state": "Sikkim", "district": "South Sikkim", "location": "Sadam-Bhajyang Road", "latitude": 27.133556, "longitude": 88.39475, "movement_type": "Rock Slide", "history": null, "event_date": null }, "geometry": { "type": "Point", "coordinates": [ 88.39475, 27.133556 ] } },
{ "type": "Feature", "properties": { "record_id": 26107, "landslide_id": "SKM/SS/78A08/2015/217", "state": "Sikkim", "district": "South Sikkim", "location": "Sadam-Bhajyang Road", "latitude": 27.133583, "longitude": 88.404583, "movement_type": "Rock Fall", "history": null, "event_date": null }, "geometry": { "type": "Point", "coordinates": [ 88.404583, 27.133583 ] } },
{ "type": "Feature", "properties": { "record_id": 26108, "landslide_id": "SKM/SS/78A08/2015/222", "state": "Sikkim", "district": "South Sikkim", "location": "Sadam-Bhajyang Road", "latitude": 27.133722, "longitude": 88.390833, "movement_type": "Debris Slide", "history": null, "event_date": null }, "geometry": { "type": "Point", "coordinates": [ 88.390833, 27.133722 ] } },
{ "type": "Feature", "properties": { "record_id": 26109, "landslide_id": "SKM/SS/78A08/2015/324", "state": "Sikkim", "district": "South Sikkim", "location": "Namchi-Kitam Road", "latitude": 27.133806, "longitude": 88.342778, "movement_type": "Debris Slide", "history": null, "event_date": null }, "geometry": { "type": "Point", "coordinates": [ 88.342778, 27.133806 ] } },
{ "type": "Feature", "properties": { "record_id": 26110, "landslide_id": "SKM/SS/78A08/2015/227", "state": "Sikkim", "district": "South Sikkim", "location": "Namchi-Palum Road", "latitude": 27.134306, "longitude": 88.370528, "movement_type": "Debris Slide", "history": null, "event_date": null }, "geometry": { "type": "Point", "coordinates": [ 88.370528, 27.134306 ] } },
{ "type": "Feature", "properties": { "record_id": 26111, "landslide_id": "SKM/SS/78A08/2015/218", "state": "Sikkim", "district": "South Sikkim", "location": "Sadam-Bhajyang Road", "latitude": 27.134389, "longitude": 88.40425, "movement_type": "Debris Slide", "history": null, "event_date": null }, "geometry": { "type": "Point", "coordinates": [ 88.40425, 27.134389 ] } },
{ "type": "Feature", "properties": { "record_id": 26112, "landslide_id": "SKM/SS/78A08/2015/220", "state": "Sikkim", "district": "South Sikkim", "location": "Sadam-Bhajyang Road", "latitude": 27.135833, "longitude": 88.391111, "movement_type": "Debris Slide", "history": null, "event_date": null }, "geometry": { "type": "Point", "coordinates": [ 88.391111, 27.135833 ] } },
{ "type": "Feature", "properties": { "record_id": 26113, "landslide_id": "SKM/SS/78A08/2015/325", "state": "Sikkim", "district": "South Sikkim", "location": "Namchi-Kitam Road", "latitude": 27.137667, "longitude": 88.342694, "movement_type": "Debris Slide", "history": null, "event_date": null }, "geometry": { "type": "Point", "coordinates": [ 88.342694, 27.137667 ] } },
{ "type": "Feature", "properties": { "record_id": 26114, "landslide_id": "SKM/SS/78A08/2015/219", "state": "Sikkim", "district": "South Sikkim", "location": "Sadam-Bhajyang Road", "latitude": 27.137694, "longitude": 88.401556, "movement_type": "Debris Slide", "history": null, "event_date": null }, "geometry": { "type": "Point", "coordinates": [ 88.401556, 27.137694 ] } },
{ "type": "Feature", "properties": { "record_id": 26115, "landslide_id": "SKM/SS/78A08/2015/228", "state": "Sikkim", "district": "South Sikkim", "location": "Namchi-Palum Road", "latitude": 27.139944, "longitude": 88.368167, "movement_type": "Rock Slide", "history": null, "event_date": null }, "geometry": { "type": "Point", "coordinates": [ 88.368167, 27.139944 ] } },
{ "type": "Feature", "properties": { "record_id": 26116, "landslide_id": "SKM/SS/78A08/2015/229", "state": "Sikkim", "district": "South Sikkim", "location": "Namchi-Palum Road", "latitude": 27.140889, "longitude": 88.368222, "movement_type": "Debris Slide", "history": null, "event_date": null }, "geometry": { "type": "Point", "coordinates": [ 88.368222, 27.140889 ] } },
{ "type": "Feature", "properties": { "record_id": 26117, "landslide_id": "SKM/NS/78A04/2017/101", "state": "Sikkim", "district": "West Sikkim", "location": "SH", "latitude": 27.141, "longitude": 88.211194, "movement_type": "Debris Slide", "history": null, "event_date": null }, "geometry": { "type": "Point", "coordinates": [ 88.211194, 27.141 ] } },
{ "type": "Feature", "properties": { "record_id": 26118, "landslide_id": "SKM/NS/78A04/2017/114", "state": "Sikkim", "district": "West Sikkim", "location": "Tharpu SH", "latitude": 27.141944, "longitude": 88.180222, "movement_type": "Debris Slide", "history": null, "event_date": null }, "geometry": { "type": "Point", "coordinates": [ 88.180222, 27.141944 ] } },
{ "type": "Feature", "properties": { "record_id": 26119, "landslide_id": "SKM/NS/78A04/2017/115", "state": "Sikkim", "district": "West Sikkim", "location": "SH", "latitude": 27.142028, "longitude": 88.172139, "movement_type": "Debris Slide", "history": null, "event_date": null }, "geometry": { "type": "Point", "coordinates": [ 88.172139, 27.142028 ] } },
{ "type": "Feature", "properties": { "record_id": 26120, "landslide_id": "SKM/SS/78A08/2015/231", "state": "Sikkim", "district": "South Sikkim", "location": "Namchi-Palum Road", "latitude": 27.143556, "longitude": 88.373083, "movement_type": "Debris Slide", "history": null, "event_date": null }, "geometry": { "type": "Point", "coordinates": [ 88.373083, 27.143556 ] } },
{ "type": "Feature", "properties": { "record_id": 26121, "landslide_id": "SKM/NS/78A04/2017/139", "state": "Sikkim", "district": "West Sikkim", "location": "SH", "latitude": 27.144056, "longitude": 88.127361, "movement_type": "Earth Slide", "history": null, "event_date": null }, "geometry": { "type": "Point", "coordinates": [ 88.127361, 27.144056 ] } },
{ "type": "Feature", "properties": { "record_id": 26122, "landslide_id": "SKM/WS/78A08/2015/264", "state": "Sikkim", "district": "West Sikkim", "location": "Namchi-Assangthang Road", "latitude": 27.144167, "longitude": 88.311083, "movement_type": "Rock Fall", "history": null, "event_date": null }, "geometry": { "type": "Point", "coordinates": [ 88.311083, 27.144167 ] } },
{ "type": "Feature", "properties": { "record_id": 26123, "landslide_id": "SKM/SS/78A08/2015/230", "state": "Sikkim", "district": "South Sikkim", "location": "Namchi-Palum Road", "latitude": 27.145056, "longitude": 88.370778, "movement_type": "Rock Slide", "history": null, "event_date": null }, "geometry": { "type": "Point", "coordinates": [ 88.370778, 27.145056 ] } },
{ "type": "Feature", "properties": { "record_id": 26124, "landslide_id": "SKM/WS/78A08/2015/265", "state": "Sikkim", "district": "West Sikkim", "location": "Namchi-Assangthang Road", "latitude": 27.145444, "longitude": 88.305694, "movement_type": "Debris Slide", "history": null, "event_date": null }, "geometry": { "type": "Point", "coordinates": [ 88.305694, 27.145444 ] } },
{ "type": "Feature", "properties": { "record_id": 26125, "landslide_id": "SKM/SS/78A07/2015/326", "state": "Sikkim", "district": "South Sikkim", "location": "Melli-Jorethang Road", "latitude": 27.149722, "longitude": 88.348333, "movement_type": "Debris Slide", "history": null, "event_date": null }, "geometry": { "type": "Point", "coordinates": [ 88.348333, 27.149722 ] } },
{ "type": "Feature", "properties": { "record_id": 26126, "landslide_id": "SKM/NS/78A04/2017/121", "state": "Sikkim", "district": "West Sikkim", "location": "SH", "latitude": 27.149889, "longitude": 88.096861, "movement_type": "Earth Slide", "history": null, "event_date": null }, "geometry": { "type": "Point", "coordinates": [ 88.096861, 27.149889 ] } },
{ "type": "Feature", "properties": { "record_id": 26127, "landslide_id": "SKM/NS/78A04/2017/109", "state": "Sikkim", "district": "West Sikkim", "location": "SH", "latitude": 27.149972, "longitude": 88.184222, "movement_type": "Debris Slide", "history": null, "event_date": null }, "geometry": { "type": "Point", "coordinates": [ 88.184222, 27.149972 ] } },
{ "type": "Feature", "properties": { "record_id": 26128, "landslide_id": "SKM/SS/78A08/2015/311", "state": "Sikkim", "district": "South Sikkim", "location": "Melli-Phong Road", "latitude": 27.150778, "longitude": 88.4385, "movement_type": "Debris Slide", "history": null, "event_date": null }, "geometry": { "type": "Point", "coordinates": [ 88.4385, 27.150778 ] } },
{ "type": "Feature", "properties": { "record_id": 26129, "landslide_id": "SKM/WS/78A08/2015/266", "state": "Sikkim", "district": "West Sikkim", "location": "Namchi-Assangthang Road", "latitude": 27.151028, "longitude": 88.309889, "movement_type": "Debris Slide", "history": null, "event_date": null }, "geometry": { "type": "Point", "coordinates": [ 88.309889, 27.151028 ] } },
{ "type": "Feature", "properties": { "record_id": 26130, "landslide_id": "SKM/NS/78A04/2017/108", "state": "Sikkim", "district": "West Sikkim", "location": "Lower Timburbung SH", "latitude": 27.152722, "longitude": 88.190833, "movement_type": "Earth Slide", "history": null, "event_date": null }, "geometry": { "type": "Point", "coordinates": [ 88.190833, 27.152722 ] } },
{ "type": "Feature", "properties": { "record_id": 26131, "landslide_id": "SKM/SS/78A08/2015/232", "state": "Sikkim", "district": "South Sikkim", "location": "Namchi-Palum Road", "latitude": 27.152861, "longitude": 88.390361, "movement_type": "Rock Slide", "history": null, "event_date": null }, "geometry": { "type": "Point", "coordinates": [ 88.390361, 27.152861 ] } },
{ "type": "Feature", "properties": { "record_id": 26132, "landslide_id": "SKM/SS/78A08/2015/215", "state": "Sikkim", "district": "South Sikkim", "location": "Sadam-Bhajyang Road", "latitude": 27.153083, "longitude": 88.412056, "movement_type": "Debris Slide", "history": null, "event_date": null }, "geometry": { "type": "Point", "coordinates": [ 88.412056, 27.153083 ] } },
{ "type": "Feature", "properties": { "record_id": 26133, "landslide_id": "SKM/WS/78A08/2015/267", "state": "Sikkim", "district": "West Sikkim", "location": "Namchi-Assangthang Road", "latitude": 27.153306, "longitude": 88.3135, "movement_type": "Debris Slide", "history": null, "event_date": null }, "geometry": { "type": "Point", "coordinates": [ 88.3135, 27.153306 ] } },
{ "type": "Feature", "properties": { "record_id": 26134, "landslide_id": "SKM/NS/78A04/2017/120", "state": "Sikkim", "district": "West Sikkim", "location": "SH", "latitude": 27.153444, "longitude": 88.095639, "movement_type": "Debris Slide", "history": null, "event_date": null }, "geometry": { "type": "Point", "coordinates": [ 88.095639, 27.153444 ] } },
{ "type": "Feature", "properties": { "record_id": 26135, "landslide_id": "SKM/SS/78A08/2015/175", "state": "Sikkim", "district": "South Sikkim", "location": "Namchi-Namthang Road", "latitude": 27.153528, "longitude": 88.494389, "movement_type": "Debris Slide", "history": null, "event_date": null }, "geometry": { "type": "Point", "coordinates": [ 88.494389, 27.153528 ] } },
{ "type": "Feature", "properties": { "record_id": 26136, "landslide_id": "SKM/SS/78A08/2015/307", "state": "Sikkim", "district": "South Sikkim", "location": "Melli-Phong Road", "latitude": 27.15425, "longitude": 88.500333, "movement_type": "Debris Slide", "history": null, "event_date": null }, "geometry": { "type": "Point", "coordinates": [ 88.500333, 27.15425 ] } },
{ "type": "Feature", "properties": { "record_id": 26137, "landslide_id": "SKM/WS/78A08/2015/379", "state": "Sikkim", "district": "West Sikkim", "location": null, "latitude": 27.1545, "longitude": 88.275667, "movement_type": "Debris Slide", "history": null, "event_date": null }, "geometry": { "type": "Point", "coordinates": [ 88.275667, 27.1545 ] } },
{ "type": "Feature", "properties": { "record_id": 26138, "landslide_id": "SKM/SS/78A08/2015/310", "state": "Sikkim", "district": "South Sikkim", "location": "Melli-Phong Road", "latitude": 27.154722, "longitude": 88.443056, "movement_type": "Debris Slide", "history": null, "event_date": null }, "geometry": { "type": "Point", "coordinates": [ 88.443056, 27.154722 ] } },
{ "type": "Feature", "properties": { "record_id": 26139, "landslide_id": "SKM/SS/78A08/2015/176", "state": "Sikkim", "district": "South Sikkim", "location": "Namchi-Namthang Road", "latitude": 27.154889, "longitude": 88.493194, "movement_type": "Debris Slide", "history": null, "event_date": null }, "geometry": { "type": "Point", "coordinates": [ 88.493194, 27.154889 ] } },
{ "type": "Feature", "properties": { "record_id": 26140, "landslide_id": "SKM/WS/78A08/2015/269", "state": "Sikkim", "district": "West Sikkim", "location": "Namchi-Assangthang Road", "latitude": 27.155028, "longitude": 88.319556, "movement_type": "Rock Slide", "history": null, "event_date": null }, "geometry": { "type": "Point", "coordinates": [ 88.319556, 27.155028 ] } },
{ "type": "Feature", "properties": { "record_id": 26141, "landslide_id": "SKM/SS/78A08/2015/233", "state": "Sikkim", "district": "South Sikkim", "location": "Namchi-Palum Road", "latitude": 27.155306, "longitude": 88.390278, "movement_type": "Debris Slide", "history": null, "event_date": null }, "geometry": { "type": "Point", "coordinates": [ 88.390278, 27.155306 ] } },
{ "type": "Feature", "properties": { "record_id": 26142, "landslide_id": "SKM/SS/78A08/2015/279", "state": "Sikkim", "district": "South Sikkim", "location": "Namchi-Namthang Road", "latitude": 27.15625, "longitude": 88.430722, "movement_type": "Debris Slide", "history": null, "event_date": null }, "geometry": { "type": "Point", "coordinates": [ 88.430722, 27.15625 ] } },
{ "type": "Feature", "properties": { "record_id": 26143, "landslide_id": "SKM/ES/78A12/2015/162", "state": "Sikkim", "district": "East Sikkim", "location": "Namchi-Namthang Road", "latitude": 27.156806, "longitude": 88.5225, "movement_type": "Rock Fall", "history": null, "event_date": null }, "geometry": { "type": "Point", "coordinates": [ 88.5225, 27.156806 ] } },
{ "type": "Feature", "properties": { "record_id": 26144, "landslide_id": "SKM/NS/78A04/2017/98", "state": "Sikkim", "district": "West Sikkim", "location": "SH", "latitude": 27.156944, "longitude": 88.230778, "movement_type": "Debris Slide", "history": null, "event_date": null }, "geometry": { "type": "Point", "coordinates": [ 88.230778, 27.156944 ] } },
{ "type": "Feature", "properties": { "record_id": 26145, "landslide_id": "SKM/ES/78A2/2015/167", "state": "Sikkim", "district": "East Sikkim", "location": "Namchi-Namthang Road", "latitude": 27.157056, "longitude": 88.512778, "movement_type": "Debris Slide", "history": null, "event_date": null }, "geometry": { "type": "Point", "coordinates": [ 88.512778, 27.157056 ] } },
{ "type": "Feature", "properties": { "record_id": 26146, "landslide_id": "SKM/NS/78A04/2017/113", "state": "Sikkim", "district": "West Sikkim", "location": "SH", "latitude": 27.157361, "longitude": 88.171667, "movement_type": "Debris Slide", "history": null, "event_date": null }, "geometry": { "type": "Point", "coordinates": [ 88.171667, 27.157361 ] } },
{ "type": "Feature", "properties": { "record_id": 26147, "landslide_id": "SKM/WS/78A08/2015/293", "state": "Sikkim", "district": "West Sikkim", "location": "Namchi-Jorthang Road", "latitude": 27.157694, "longitude": 88.306806, "movement_type": "Debris Slide", "history": null, "event_date": null }, "geometry": { "type": "Point", "coordinates": [ 88.306806, 27.157694 ] } },
{ "type": "Feature", "properties": { "record_id": 26148, "landslide_id": "SKM/ES/78A12/2015/163", "state": "Sikkim", "district": "East Sikkim", "location": "Namchi-Namthang Road", "latitude": 27.157694, "longitude": 88.522194, "movement_type": "Rock Topple", "history": null, "event_date": null }, "geometry": { "type": "Point", "coordinates": [ 88.522194, 27.157694 ] } },
{ "type": "Feature", "properties": { "record_id": 26149, "landslide_id": "SKM/NS/78A04/2017/119", "state": "Sikkim", "district": "West Sikkim", "location": "SH", "latitude": 27.157694, "longitude": 88.092833, "movement_type": "Debris Slide", "history": null, "event_date": null }, "geometry": { "type": "Point", "coordinates": [ 88.092833, 27.157694 ] } },
{ "type": "Feature", "properties": { "record_id": 26150, "landslide_id": "SKM/NS/78A04/2017/97", "state": "Sikkim", "district": "West Sikkim", "location": "SH", "latitude": 27.157806, "longitude": 88.230306, "movement_type": "Debris Slide", "history": null, "event_date": null }, "geometry": { "type": "Point", "coordinates": [ 88.230306, 27.157806 ] } },
{ "type": "Feature", "properties": { "record_id": 26151, "landslide_id": "SKM/NS/78A04/2017/116", "state": "Sikkim", "district": "West Sikkim", "location": "SH", "latitude": 27.157861, "longitude": 88.090194, "movement_type": "Earth Slide", "history": null, "event_date": null }, "geometry": { "type": "Point", "coordinates": [ 88.090194, 27.157861 ] } },
{ "type": "Feature", "properties": { "record_id": 26152, "landslide_id": "SKM/SS/78A08/2015/273", "state": "Sikkim", "district": "South Sikkim", "location": "Namchi-Namthang Road", "latitude": 27.158, "longitude": 88.347972, "movement_type": "Debris Slide", "history": null, "event_date": null }, "geometry": { "type": "Point", "coordinates": [ 88.347972, 27.158 ] } },
{ "type": "Feature", "properties": { "record_id": 26153, "landslide_id": "SKM/NS/78A04/2017/140", "state": "Sikkim", "district": "West Sikkim", "location": "SH", "latitude": 27.158056, "longitude": 88.141528, "movement_type": "Debris Slide", "history": null, "event_date": null }, "geometry": { "type": "Point", "coordinates": [ 88.141528, 27.158056 ] } },
{ "type": "Feature", "properties": { "record_id": 26154, "landslide_id": "SKM/SS/78A08/2015/177", "state": "Sikkim", "district": "South Sikkim", "location": "Namchi-Namthang Road", "latitude": 27.158111, "longitude": 88.491722, "movement_type": "Debris Slide", "history": null, "event_date": null }, "geometry": { "type": "Point", "coordinates": [ 88.491722, 27.158111 ] } },
{ "type": "Feature", "properties": { "record_id": 26155, "landslide_id": "SKM/ES/78A2/2015/168", "state": "Sikkim", "district": "East Sikkim", "location": "Namchi-Namthang Road", "latitude": 27.158111, "longitude": 88.512472, "movement_type": "Debris Slide", "history": null, "event_date": null }, "geometry": { "type": "Point", "coordinates": [ 88.512472, 27.158111 ] } },
{ "type": "Feature", "properties": { "record_id": 26156, "landslide_id": "SKM/WS/78A08/2015/271", "state": "Sikkim", "district": "West Sikkim", "location": "Namchi-Assangthang Road", "latitude": 27.158139, "longitude": 88.344806, "movement_type": "Debris Slide", "history": null, "event_date": null }, "geometry": { "type": "Point", "coordinates": [ 88.344806, 27.158139 ] } },
{ "type": "Feature", "properties": { "record_id": 26157, "landslide_id": "SKM/WS/78A08/2015/270", "state": "Sikkim", "district": "West Sikkim", "location": "Namchi-Assangthang Road", "latitude": 27.158222, "longitude": 88.34325, "movement_type": "Debris Slide", "history": null, "event_date": null }, "geometry": { "type": "Point", "coordinates": [ 88.34325, 27.158222 ] } },
{ "type": "Feature", "properties": { "record_id": 26158, "landslide_id": "SKM/NS/78A04/2017/134", "state": "Sikkim", "district": "West Sikkim", "location": "SH", "latitude": 27.158222, "longitude": 88.100361, "movement_type": "Debris Slide", "history": null, "event_date": null }, "geometry": { "type": "Point", "coordinates": [ 88.100361, 27.158222 ] } },
{ "type": "Feature", "properties": { "record_id": 26159, "landslide_id": "SKM/ES/78A12/2015/164", "state": "Sikkim", "district": "East Sikkim", "location": "Namchi-Namthang Road", "latitude": 27.158361, "longitude": 88.521833, "movement_type": "Debris Slide", "history": null, "event_date": null }, "geometry": { "type": "Point", "coordinates": [ 88.521833, 27.158361 ] } },
{ "type": "Feature", "properties": { "record_id": 26160, "landslide_id": "SKM/SS/78A08/2015/276", "state": "Sikkim", "district": "South Sikkim", "location": "Namchi-Namthang Road", "latitude": 27.158417, "longitude": 88.420139, "movement_type": "Debris Slide", "history": null, "event_date": null }, "geometry": { "type": "Point", "coordinates": [ 88.420139, 27.158417 ] } },
{ "type": "Feature", "properties": { "record_id": 26161, "landslide_id": "SKM/SS/78A08/2015/303", "state": "Sikkim", "district": "South Sikkim", "location": "Namthang-Kabrey Road", "latitude": 27.158583, "longitude": 88.466306, "movement_type": "Rock Fall", "history": null, "event_date": null }, "geometry": { "type": "Point", "coordinates": [ 88.466306, 27.158583 ] } },
{ "type": "Feature", "properties": { "record_id": 26162, "landslide_id": "SKM/SS/78A08/2015/278", "state": "Sikkim", "district": "South Sikkim", "location": "Namchi-Namthang Road", "latitude": 27.158944, "longitude": 88.427111, "movement_type": "Debris Slide", "history": null, "event_date": null }, "geometry": { "type": "Point", "coordinates": [ 88.427111, 27.158944 ] } },
{ "type": "Feature", "properties": { "record_id": 26163, "landslide_id": "SKM/ES/78A2/2015/169", "state": "Sikkim", "district": "East Sikkim", "location": "Namchi-Namthang Road", "latitude": 27.158972, "longitude": 88.514611, "movement_type": "Rock Fall", "history": null, "event_date": null }, "geometry": { "type": "Point", "coordinates": [ 88.514611, 27.158972 ] } },
{ "type": "Feature", "properties": { "record_id": 26164, "landslide_id": "SKM/NS/78A04/2017/117", "state": "Sikkim", "district": "West Sikkim", "location": "SH", "latitude": 27.158972, "longitude": 88.090944, "movement_type": "Debris Slide", "history": null, "event_date": null }, "geometry": { "type": "Point", "coordinates": [ 88.090944, 27.158972 ] } },
{ "type": "Feature", "properties": { "record_id": 26165, "landslide_id": "SKM/SS/78A08/2015/309", "state": "Sikkim", "district": "South Sikkim", "location": "Melli-Phong Road", "latitude": 27.159194, "longitude": 88.444361, "movement_type": "Debris Slide", "history": null, "event_date": null }, "geometry": { "type": "Point", "coordinates": [ 88.444361, 27.159194 ] } },
{ "type": "Feature", "properties": { "record_id": 26166, "landslide_id": "SKM/NS/78A04/2017/118", "state": "Sikkim", "district": "West Sikkim", "location": "SH", "latitude": 27.159361, "longitude": 88.09225, "movement_type": "Earth Slide", "history": null, "event_date": null }, "geometry": { "type": "Point", "coordinates": [ 88.09225, 27.159361 ] } },
{ "type": "Feature", "properties": { "record_id": 26167, "landslide_id": "SKM/WS/78A08/2015/294", "state": "Sikkim", "district": "West Sikkim", "location": "Namchi-Jorthang Road", "latitude": 27.159472, "longitude": 88.300028, "movement_type": "Debris Slide", "history": null, "event_date": null }, "geometry": { "type": "Point", "coordinates": [ 88.300028, 27.159472 ] } },
{ "type": "Feature", "properties": { "record_id": 26168, "landslide_id": "SKM/WS/78A08/2015/268", "state": "Sikkim", "district": "West Sikkim", "location": "Namchi-Assangthang Road", "latitude": 27.159639, "longitude": 88.318889, "movement_type": "Debris Subsidence", "history": null, "event_date": null }, "geometry": { "type": "Point", "coordinates": [ 88.318889, 27.159639 ] } },
{ "type": "Feature", "properties": { "record_id": 26169, "landslide_id": "SKM/SS/78A08/2015/234", "state": "Sikkim", "district": "South Sikkim", "location": "Namchi-Palum Road", "latitude": 27.159972, "longitude": 88.379083, "movement_type": "Rock Slide", "history": null, "event_date": null }, "geometry": { "type": "Point", "coordinates": [ 88.379083, 27.159972 ] } },
{ "type": "Feature", "properties": { "record_id": 26170, "landslide_id": "SKM/SS/78A08/2015/277", "state": "Sikkim", "district": "South Sikkim", "location": "Namchi-Namthang Road", "latitude": 27.160056, "longitude": 88.423028, "movement_type": "Debris Slide", "history": null, "event_date": null }, "geometry": { "type": "Point", "coordinates": [ 88.423028, 27.160056 ] } },
{ "type": "Feature", "properties": { "record_id": 26171, "landslide_id": "SKM/NS/78A04/2017/132", "state": "Sikkim", "district": "West Sikkim", "location": "SH", "latitude": 27.160056, "longitude": 88.091806, "movement_type": "Debris Slide", "history": null, "event_date": null }, "geometry": { "type": "Point", "coordinates": [ 88.091806, 27.160056 ] } },
{ "type": "Feature", "properties": { "record_id": 26172, "landslide_id": "SKM/SS/78A08/2015/272", "state": "Sikkim", "district": "South Sikkim", "location": "Namchi-Namthang Road", "latitude": 27.160194, "longitude": 88.415056, "movement_type": "Debris Slide", "history": null, "event_date": null }, "geometry": { "type": "Point", "coordinates": [ 88.415056, 27.160194 ] } },
{ "type": "Feature", "properties": { "record_id": 26173, "landslide_id": "SKM/SS/78A12/2015/170", "state": "Sikkim", "district": "South Sikkim", "location": "Namchi-Namthang Road", "latitude": 27.160444, "longitude": 88.512472, "movement_type": "Rock Fall", "history": null, "event_date": null }, "geometry": { "type": "Point", "coordinates": [ 88.512472, 27.160444 ] } },
{ "type": "Feature", "properties": { "record_id": 26174, "landslide_id": "SKM/SS/78A12/2015/174", "state": "Sikkim", "district": "South Sikkim", "location": "Namchi-Namthang Road", "latitude": 27.160722, "longitude": 88.505889, "movement_type": "Debris Slide", "history": null, "event_date": null }, "geometry": { "type": "Point", "coordinates": [ 88.505889, 27.160722 ] } },
{ "type": "Feature", "properties": { "record_id": 26175, "landslide_id": "SKM/NS/78A04/2017/133", "state": "Sikkim", "district": "West Sikkim", "location": "SH", "latitude": 27.161, "longitude": 88.094306, "movement_type": "Debris Slide", "history": null, "event_date": null }, "geometry": { "type": "Point", "coordinates": [ 88.094306, 27.161 ] } },
{ "type": "Feature", "properties": { "record_id": 26176, "landslide_id": "SKM/SS/78A12/2015/171", "state": "Sikkim", "district": "South Sikkim", "location": "Namchi-Namthang Road", "latitude": 27.161306, "longitude": 88.512944, "movement_type": "Debris Slide", "history": null, "event_date": null }, "geometry": { "type": "Point", "coordinates": [ 88.512944, 27.161306 ] } },
{ "type": "Feature", "properties": { "record_id": 26177, "landslide_id": "SKM/SS/78A08/2015/274", "state": "Sikkim", "district": "South Sikkim", "location": "Namchi-Namthang Road", "latitude": 27.161444, "longitude": 88.410556, "movement_type": "Debris Slide", "history": null, "event_date": null }, "geometry": { "type": "Point", "coordinates": [ 88.410556, 27.161444 ] } },
{ "type": "Feature", "properties": { "record_id": 26178, "landslide_id": "SKM/SS/78A12/2015/173", "state": "Sikkim", "district": "South Sikkim", "location": "Namchi-Namthang Road", "latitude": 27.161917, "longitude": 88.509639, "movement_type": "Debris Slide", "history": null, "event_date": null }, "geometry": { "type": "Point", "coordinates": [ 88.509639, 27.161917 ] } },
{ "type": "Feature", "properties": { "record_id": 26179, "landslide_id": "SKM/SS/78A08/2015/181", "state": "Sikkim", "district": "South Sikkim", "location": "Namchi-Namthang Road", "latitude": 27.162111, "longitude": 88.491444, "movement_type": "Rock Fall", "history": null, "event_date": null }, "geometry": { "type": "Point", "coordinates": [ 88.491444, 27.162111 ] } },
{ "type": "Feature", "properties": { "record_id": 26180, "landslide_id": "SKM/SS/78A12/2015/172", "state": "Sikkim", "district": "South Sikkim", "location": "Namchi-Namthang Road", "latitude": 27.162194, "longitude": 88.510611, "movement_type": "Debris Slide", "history": null, "event_date": null }, "geometry": { "type": "Point", "coordinates": [ 88.510611, 27.162194 ] } },
{ "type": "Feature", "properties": { "record_id": 26181, "landslide_id": "SKM/SS/78A08/2015/212", "state": "Sikkim", "district": "South Sikkim", "location": "Namchi-Namthang Road", "latitude": 27.16275, "longitude": 88.383306, "movement_type": "Earth Slide", "history": null, "event_date": null }, "geometry": { "type": "Point", "coordinates": [ 88.383306, 27.16275 ] } },
{ "type": "Feature", "properties": { "record_id": 26182, "landslide_id": "SKM/SS/78A08/2015/275", "state": "Sikkim", "district": "South Sikkim", "location": "Namchi-Namthang Road", "latitude": 27.162778, "longitude": 88.413222, "movement_type": "Rock Slide", "history": null, "event_date": null }, "geometry": { "type": "Point", "coordinates": [ 88.413222, 27.162778 ] } },
{ "type": "Feature", "properties": { "record_id": 26183, "landslide_id": "SKM/SS/78A08/2015/179", "state": "Sikkim", "district": "South Sikkim", "location": "Namchi-Namthang Road", "latitude": 27.162781, "longitude": 88.484864, "movement_type": "Debris Slide", "history": null, "event_date": null }, "geometry": { "type": "Point", "coordinates": [ 88.484864, 27.162781 ] } },
{ "type": "Feature", "properties": { "record_id": 26184, "landslide_id": "SKM/NS/78A04/2017/142", "state": "Sikkim", "district": "West Sikkim", "location": "SH", "latitude": 27.163472, "longitude": 88.143083, "movement_type": "Debris Slide", "history": null, "event_date": null }, "geometry": { "type": "Point", "coordinates": [ 88.143083, 27.163472 ] } },
{ "type": "Feature", "properties": { "record_id": 26185, "landslide_id": "SKM/SS/78A08/2015/282", "state": "Sikkim", "district": "South Sikkim", "location": "Namchi-Namthang Road", "latitude": 27.163556, "longitude": 88.458833, "movement_type": "Debris Slide", "history": null, "event_date": null }, "geometry": { "type": "Point", "coordinates": [ 88.458833, 27.163556 ] } },
{ "type": "Feature", "properties": { "record_id": 26186, "landslide_id": "SKM/SS/78A08/2015/214", "state": "Sikkim", "district": "South Sikkim", "location": "Namchi-Namthang Road", "latitude": 27.16375, "longitude": 88.406417, "movement_type": "Rock Slide", "history": null, "event_date": null }, "geometry": { "type": "Point", "coordinates": [ 88.406417, 27.16375 ] } },
{ "type": "Feature", "properties": { "record_id": 26187, "landslide_id": "SKM/SS/78A08/2015/281", "state": "Sikkim", "district": "South Sikkim", "location": "Namchi-Namthang Road", "latitude": 27.163861, "longitude": 88.462306, "movement_type": "Debris Slide", "history": null, "event_date": null }, "geometry": { "type": "Point", "coordinates": [ 88.462306, 27.163861 ] } },
{ "type": "Feature", "properties": { "record_id": 26189, "landslide_id": "SKM/NS/78A04/2017/141", "state": "Sikkim", "district": "West Sikkim", "location": "SH", "latitude": 27.163861, "longitude": 88.141361, "movement_type": "Debris Slide", "history": null, "event_date": null }, "geometry": { "type": "Point", "coordinates": [ 88.141361, 27.163861 ] } },
{ "type": "Feature", "properties": { "record_id": 26190, "landslide_id": "SKM/NS/78A04/2017/100", "state": "Sikkim", "district": "West Sikkim", "location": "Malbasley SH", "latitude": 27.164472, "longitude": 88.213889, "movement_type": "Rock Slide", "history": null, "event_date": null }, "geometry": { "type": "Point", "coordinates": [ 88.213889, 27.164472 ] } },
{ "type": "Feature", "properties": { "record_id": 26191, "landslide_id": "SKM/NS/78A04/2017/96", "state": "Sikkim", "district": "West Sikkim", "location": "SH", "latitude": 27.1645, "longitude": 88.228444, "movement_type": "Rock Slide", "history": null, "event_date": null }, "geometry": { "type": "Point", "coordinates": [ 88.228444, 27.1645 ] } },
{ "type": "Feature", "properties": { "record_id": 26192, "landslide_id": "SKM/SS/78A08/2015/396", "state": "Sikkim", "district": "South Sikkim", "location": "Sikkip-Wak-Namchi Road", "latitude": 27.164528, "longitude": 88.348472, "movement_type": "Debris Slide", "history": null, "event_date": null }, "geometry": { "type": "Point", "coordinates": [ 88.348472, 27.164528 ] } },
{ "type": "Feature", "properties": { "record_id": 26193, "landslide_id": "SKM/SS/78A08/2015/308", "state": "Sikkim", "district": "South Sikkim", "location": "Melli-Phong Road", "latitude": 27.165, "longitude": 88.444444, "movement_type": "Debris Slide", "history": null, "event_date": null }, "geometry": { "type": "Point", "coordinates": [ 88.444444, 27.165 ] } },
{ "type": "Feature", "properties": { "record_id": 26194, "landslide_id": "SKM/SS/78A08/2015/395", "state": "Sikkim", "district": "South Sikkim", "location": "Sikkip-Wak-Namchi Road", "latitude": 27.165278, "longitude": 88.348528, "movement_type": "Debris Slide", "history": null, "event_date": null }, "geometry": { "type": "Point", "coordinates": [ 88.348528, 27.165278 ] } },
{ "type": "Feature", "properties": { "record_id": 26195, "landslide_id": "SKM/NS/78A04/2017/112", "state": "Sikkim", "district": "West Sikkim", "location": "SH", "latitude": 27.165333, "longitude": 88.162028, "movement_type": "Debris Slide", "history": null, "event_date": null }, "geometry": { "type": "Point", "coordinates": [ 88.162028, 27.165333 ] } },
{ "type": "Feature", "properties": { "record_id": 26196, "landslide_id": "SKM/SS/78A08/2015/180", "state": "Sikkim", "district": "South Sikkim", "location": "Namchi-Namthang Road", "latitude": 27.165528, "longitude": 88.496556, "movement_type": "Debris Slide", "history": null, "event_date": null }, "geometry": { "type": "Point", "coordinates": [ 88.496556, 27.165528 ] } },
{ "type": "Feature", "properties": { "record_id": 26197, "landslide_id": "SKM/SS/78A08/2015/178", "state": "Sikkim", "district": "South Sikkim", "location": "Namchi-Namthang Road", "latitude": 27.165586, "longitude": 88.488511, "movement_type": "Debris Slide", "history": null, "event_date": null }, "geometry": { "type": "Point", "coordinates": [ 88.488511, 27.165586 ] } },
{ "type": "Feature", "properties": { "record_id": 26198, "landslide_id": "SKM/SS/78A08/2015/183", "state": "Sikkim", "district": "South Sikkim", "location": "Namchi-Namthang Road", "latitude": 27.165833, "longitude": 88.436667, "movement_type": "Debris Slide", "history": null, "event_date": null }, "geometry": { "type": "Point", "coordinates": [ 88.436667, 27.165833 ] } },
{ "type": "Feature", "properties": { "record_id": 26199, "landslide_id": "SKM/NS/78A04/2017/143", "state": "Sikkim", "district": "West Sikkim", "location": "SH", "latitude": 27.166278, "longitude": 88.144333, "movement_type": "Debris Slide", "history": null, "event_date": null }, "geometry": { "type": "Point", "coordinates": [ 88.144333, 27.166278 ] } },
{ "type": "Feature", "properties": { "record_id": 26200, "landslide_id": "SKM/SS/78A08/2015/213", "state": "Sikkim", "district": "South Sikkim", "location": "Namchi-Namthang Road", "latitude": 27.166528, "longitude": 88.401333, "movement_type": "Debris Slide", "history": null, "event_date": null }, "geometry": { "type": "Point", "coordinates": [ 88.401333, 27.166528 ] } },
{ "type": "Feature", "properties": { "record_id": 26201, "landslide_id": "SKM/SS/78A08/2015/304", "state": "Sikkim", "district": "South Sikkim", "location": "Perbing-Chuba Road", "latitude": 27.166611, "longitude": 88.417528, "movement_type": "Debris Slide", "history": null, "event_date": null }, "geometry": { "type": "Point", "coordinates": [ 88.417528, 27.166611 ] } },
{ "type": "Feature", "properties": { "record_id": 26202, "landslide_id": "SKM/SS/78A08/2015/394", "state": "Sikkim", "district": "South Sikkim", "location": "Sikkip-Wak-Namchi Road", "latitude": 27.167611, "longitude": 88.348889, "movement_type": "Debris Slide", "history": null, "event_date": null }, "geometry": { "type": "Point", "coordinates": [ 88.348889, 27.167611 ] } },
{ "type": "Feature", "properties": { "record_id": 26203, "landslide_id": "SKM/NS/78A04/2017/99", "state": "Sikkim", "district": "West Sikkim", "location": "SH", "latitude": 27.167972, "longitude": 88.224778, "movement_type": "Rock Slide", "history": null, "event_date": null }, "geometry": { "type": "Point", "coordinates": [ 88.224778, 27.167972 ] } },
{ "type": "Feature", "properties": { "record_id": 26204, "landslide_id": "SKM/SS/78A08/2015/211", "state": "Sikkim", "district": "South Sikkim", "location": "Namchi-Namthang Road", "latitude": 27.168167, "longitude": 88.384556, "movement_type": "Debris Slide", "history": null, "event_date": null }, "geometry": { "type": "Point", "coordinates": [ 88.384556, 27.168167 ] } },
{ "type": "Feature", "properties": { "record_id": 26205, "landslide_id": "SKM/SS/78A08/2015/302", "state": "Sikkim", "district": "South Sikkim", "location": null, "latitude": 27.169028, "longitude": 88.486333, "movement_type": "Debris Slide", "history": null, "event_date": null }, "geometry": { "type": "Point", "coordinates": [ 88.486333, 27.169028 ] } },
{ "type": "Feature", "properties": { "record_id": 26206, "landslide_id": "SKM/SS/78A08/2015/198", "state": "Sikkim", "district": "South Sikkim", "location": "Namchi-Damthang Road", "latitude": 27.169472, "longitude": 88.363778, "movement_type": "Debris Slide", "history": null, "event_date": null }, "geometry": { "type": "Point", "coordinates": [ 88.363778, 27.169472 ] } },
{ "type": "Feature", "properties": { "record_id": 26207, "landslide_id": "SKM/SS/78A08/2015/280", "state": "Sikkim", "district": "South Sikkim", "location": "Namchi-Namthang Road", "latitude": 27.169583, "longitude": 88.462361, "movement_type": "Debris Slide", "history": null, "event_date": null }, "geometry": { "type": "Point", "coordinates": [ 88.462361, 27.169583 ] } },
{ "type": "Feature", "properties": { "record_id": 26208, "landslide_id": "SKM/NS/78A04/2017/135", "state": "Sikkim", "district": "West Sikkim", "location": "Bhoreng SH", "latitude": 27.170833, "longitude": 88.086361, "movement_type": "Earth Slide", "history": null, "event_date": null }, "geometry": { "type": "Point", "coordinates": [ 88.086361, 27.170833 ] } },
{ "type": "Feature", "properties": { "record_id": 26209, "landslide_id": "SKM/NS/78A04/2017/95", "state": "Sikkim", "district": "West Sikkim", "location": "SH", "latitude": 27.171083, "longitude": 88.245417, "movement_type": "Debris Slide", "history": null, "event_date": null }, "geometry": { "type": "Point", "coordinates": [ 88.245417, 27.171083 ] } },
{ "type": "Feature", "properties": { "record_id": 26210, "landslide_id": "SKM/SS/78A08/2015/393", "state": "Sikkim", "district": "South Sikkim", "location": "Sikkip-Wak-Namchi Road", "latitude": 27.171139, "longitude": 88.354611, "movement_type": "Debris Slide", "history": null, "event_date": null }, "geometry": { "type": "Point", "coordinates": [ 88.354611, 27.171139 ] } },
{ "type": "Feature", "properties": { "record_id": 26211, "landslide_id": "SKM/NS/78A04/2017/110", "state": "Sikkim", "district": "West Sikkim", "location": "SH", "latitude": 27.171639, "longitude": 88.159333, "movement_type": "Debris Slide", "history": null, "event_date": null }, "geometry": { "type": "Point", "coordinates": [ 88.159333, 27.171639 ] } },
{ "type": "Feature", "properties": { "record_id": 26212, "landslide_id": "SKM/NS/78A04/2017/111", "state": "Sikkim", "district": "West Sikkim", "location": "SH", "latitude": 27.171833, "longitude": 88.160861, "movement_type": "Debris Slide", "history": null, "event_date": null }, "geometry": { "type": "Point", "coordinates": [ 88.160861, 27.171833 ] } },
{ "type": "Feature", "properties": { "record_id": 26213, "landslide_id": "SKM/NS/78A04/2017/137", "state": "Sikkim", "district": "West Sikkim", "location": "SH", "latitude": 27.172083, "longitude": 88.090333, "movement_type": "Earth Slide", "history": null, "event_date": null }, "geometry": { "type": "Point", "coordinates": [ 88.090333, 27.172083 ] } },
{ "type": "Feature", "properties": { "record_id": 26214, "landslide_id": "SKM/SOUTH/78A08/2017/001", "state": "Sikkim", "district": "South Sikkim", "location": "Gumpa Monastery, Upper Gurpisey State Highway (Namchi-", "latitude": 27.172228, "longitude": 88.372, "movement_type": "Debris Complex", "history": "2017", "event_date": null }, "geometry": { "type": "Point", "coordinates": [ 88.372, 27.172228 ] } },
{ "type": "Feature", "properties": { "record_id": 26215, "landslide_id": "SKM/SS/78A08/2015/210", "state": "Sikkim", "district": "South Sikkim", "location": "Namchi-Namthang Road", "latitude": 27.172333, "longitude": 88.381444, "movement_type": "Debris Slide", "history": null, "event_date": null }, "geometry": { "type": "Point", "coordinates": [ 88.381444, 27.172333 ] } },
{ "type": "Feature", "properties": { "record_id": 26216, "landslide_id": "SKM/SS/78A08/2015/297", "state": "Sikkim", "district": "South Sikkim", "location": "Namchi-Jorthang Road", "latitude": 27.172444, "longitude": 88.386972, "movement_type": "Rock Slide", "history": null, "event_date": null }, "geometry": { "type": "Point", "coordinates": [ 88.386972, 27.172444 ] } },
{ "type": "Feature", "properties": { "record_id": 26217, "landslide_id": "SKM/NS/78A04/2017/136", "state": "Sikkim", "district": "West Sikkim", "location": "Ribdi SH", "latitude": 27.172444, "longitude": 88.089528, "movement_type": "Earth Slide", "history": null, "event_date": null }, "geometry": { "type": "Point", "coordinates": [ 88.089528, 27.172444 ] } },
{ "type": "Feature", "properties": { "record_id": 26218, "landslide_id": "SKM/NS/78A04/2017/138", "state": "Sikkim", "district": "West Sikkim", "location": "SH", "latitude": 27.173861, "longitude": 88.092111, "movement_type": "Earth Slide", "history": null, "event_date": null }, "geometry": { "type": "Point", "coordinates": [ 88.092111, 27.173861 ] } },
{ "type": "Feature", "properties": { "record_id": 26219, "landslide_id": "SKM/SS/78A08/2015/296", "state": "Sikkim", "district": "South Sikkim", "location": "Namchi-Jorthang Road", "latitude": 27.173917, "longitude": 88.38525, "movement_type": "Rock Slide", "history": null, "event_date": null }, "geometry": { "type": "Point", "coordinates": [ 88.38525, 27.173917 ] } },
{ "type": "Feature", "properties": { "record_id": 26220, "landslide_id": "SKM/SS/78A08/2015/182", "state": "Sikkim", "district": "South Sikkim", "location": "Namchi-Namthang Road", "latitude": 27.174389, "longitude": 88.452028, "movement_type": "Debris Slide", "history": null, "event_date": null }, "geometry": { "type": "Point", "coordinates": [ 88.452028, 27.174389 ] } },
{ "type": "Feature", "properties": { "record_id": 26221, "landslide_id": "SKM/SS/78A08/2015/295", "state": "Sikkim", "district": "South Sikkim", "location": "Namchi-Jorthang Road", "latitude": 27.175, "longitude": 88.385028, "movement_type": "Rock Slide", "history": null, "event_date": null }, "geometry": { "type": "Point", "coordinates": [ 88.385028, 27.175 ] } },
{ "type": "Feature", "properties": { "record_id": 26222, "landslide_id": "SKM/SS/78A08/2015/300", "state": "Sikkim", "district": "South Sikkim", "location": "Namchi-Jorthang Road", "latitude": 27.175778, "longitude": 88.402417, "movement_type": "Debris Slide", "history": null, "event_date": null }, "geometry": { "type": "Point", "coordinates": [ 88.402417, 27.175778 ] } },
{ "type": "Feature", "properties": { "record_id": 26223, "landslide_id": "SKM/SS/78A08/2015/305", "state": "Sikkim", "district": "South Sikkim", "location": "Perbing-Chuba Road", "latitude": 27.176, "longitude": 88.429556, "movement_type": "Debris Slide", "history": null, "event_date": null }, "geometry": { "type": "Point", "coordinates": [ 88.429556, 27.176 ] } },
{ "type": "Feature", "properties": { "record_id": 26224, "landslide_id": "SKM/SS/78A08/2015/299", "state": "Sikkim", "district": "South Sikkim", "location": "Namchi-Jorthang Road", "latitude": 27.176944, "longitude": 88.402056, "movement_type": "Debris Slide", "history": null, "event_date": null }, "geometry": { "type": "Point", "coordinates": [ 88.402056, 27.176944 ] } },
{ "type": "Feature", "properties": { "record_id": 26225, "landslide_id": "SKM/SS/78A08/2015/301", "state": "Sikkim", "district": "South Sikkim", "location": "Namchi-Jorthang Road", "latitude": 27.177056, "longitude": 88.402611, "movement_type": "Rock Slide", "history": null, "event_date": null }, "geometry": { "type": "Point", "coordinates": [ 88.402611, 27.177056 ] } },
{ "type": "Feature", "properties": { "record_id": 26226, "landslide_id": "SKM/SS/78A08/2015/263", "state": "Sikkim", "district": "South Sikkim", "location": null, "latitude": 27.177167, "longitude": 88.369611, "movement_type": "Rock Slide", "history": null, "event_date": null }, "geometry": { "type": "Point", "coordinates": [ 88.369611, 27.177167 ] } },
{ "type": "Feature", "properties": { "record_id": 26227, "landslide_id": "SKM/SS/78A08/2015/306", "state": "Sikkim", "district": "South Sikkim", "location": "Perbing-Chuba Road", "latitude": 27.178111, "longitude": 88.430556, "movement_type": "Debris Slide", "history": null, "event_date": null }, "geometry": { "type": "Point", "coordinates": [ 88.430556, 27.178111 ] } },
{ "type": "Feature", "properties": { "record_id": 26228, "landslide_id": "SKM/ES/78A12/2015/101", "state": "Sikkim", "district": "East Sikkim", "location": "Rangpo-Rorathang Road", "latitude": 27.178889, "longitude": 88.533097, "movement_type": "Rock Slide", "history": null, "event_date": null }, "geometry": { "type": "Point", "coordinates": [ 88.533097, 27.178889 ] } },
{ "type": "Feature", "properties": { "record_id": 26229, "landslide_id": "SKM/NS/78A04/2017/106", "state": "Sikkim", "district": "West Sikkim", "location": "SH", "latitude": 27.179278, "longitude": 88.190972, "movement_type": "Earth Slide", "history": null, "event_date": null }, "geometry": { "type": "Point", "coordinates": [ 88.190972, 27.179278 ] } },
{ "type": "Feature", "properties": { "record_id": 26230, "landslide_id": "SKM/ES/78A12/2015/141", "state": "Sikkim", "district": "East Sikkim", "location": "NH-31A", "latitude": 27.179639, "longitude": 88.519778, "movement_type": "Debris Slide", "history": null, "event_date": null }, "geometry": { "type": "Point", "coordinates": [ 88.519778, 27.179639 ] } },
{ "type": "Feature", "properties": { "record_id": 26231, "landslide_id": "SKM/ES/78A12/2015/143", "state": "Sikkim", "district": "East Sikkim", "location": "NH-31A", "latitude": 27.180417, "longitude": 88.51025, "movement_type": "Rock Slide", "history": null, "event_date": null }, "geometry": { "type": "Point", "coordinates": [ 88.51025, 27.180417 ] } },
{ "type": "Feature", "properties": { "record_id": 26232, "landslide_id": "SKM/ES/78A12/2015/142", "state": "Sikkim", "district": "East Sikkim", "location": "NH-31A", "latitude": 27.180528, "longitude": 88.518611, "movement_type": "Debris Slide", "history": null, "event_date": null }, "geometry": { "type": "Point", "coordinates": [ 88.518611, 27.180528 ] } },
{ "type": "Feature", "properties": { "record_id": 26233, "landslide_id": "SKM/NS/78A04/2017/105", "state": "Sikkim", "district": "West Sikkim", "location": "Gumpa Dara SH", "latitude": 27.181167, "longitude": 88.192028, "movement_type": "Debris Slide", "history": null, "event_date": null }, "geometry": { "type": "Point", "coordinates": [ 88.192028, 27.181167 ] } },
{ "type": "Feature", "properties": { "record_id": 26234, "landslide_id": "SKM/WS/78A08/2015/378", "state": "Sikkim", "district": "West Sikkim", "location": null, "latitude": 27.181222, "longitude": 88.309528, "movement_type": "Debris Slide", "history": null, "event_date": null }, "geometry": { "type": "Point", "coordinates": [ 88.309528, 27.181222 ] } },
{ "type": "Feature", "properties": { "record_id": 26235, "landslide_id": "SKM/SS/78A08/2015/298", "state": "Sikkim", "district": "South Sikkim", "location": "Namchi-Jorthang Road", "latitude": 27.18175, "longitude": 88.395778, "movement_type": "Debris Slide", "history": null, "event_date": null }, "geometry": { "type": "Point", "coordinates": [ 88.395778, 27.18175 ] } },
{ "type": "Feature", "properties": { "record_id": 26236, "landslide_id": "SKM/ES/78A12/2015/144", "state": "Sikkim", "district": "East Sikkim", "location": "NH-31A", "latitude": 27.182111, "longitude": 88.508, "movement_type": "Rock Slide", "history": null, "event_date": null }, "geometry": { "type": "Point", "coordinates": [ 88.508, 27.182111 ] } },
{ "type": "Feature", "properties": { "record_id": 26237, "landslide_id": "SKM/NS/78A03/2017/82", "state": "Sikkim", "district": "West Sikkim", "location": "Barakheley Dara SH", "latitude": 27.185944, "longitude": 88.197944, "movement_type": "Debris Slide", "history": null, "event_date": null }, "geometry": { "type": "Point", "coordinates": [ 88.197944, 27.185944 ] } },
{ "type": "Feature", "properties": { "record_id": 26238, "landslide_id": "SKM/NS/78A03/2017/83", "state": "Sikkim", "district": "West Sikkim", "location": "SH", "latitude": 27.185972, "longitude": 88.205833, "movement_type": "Earth Slide", "history": null, "event_date": null }, "geometry": { "type": "Point", "coordinates": [ 88.205833, 27.185972 ] } },
{ "type": "Feature", "properties": { "record_id": 26239, "landslide_id": "SKM/WS/78A08/2015/351", "state": "Sikkim", "district": "West Sikkim", "location": "legship-Sikkip Road", "latitude": 27.186361, "longitude": 88.320417, "movement_type": "Debris Slide", "history": null, "event_date": null }, "geometry": { "type": "Point", "coordinates": [ 88.320417, 27.186361 ] } },
{ "type": "Feature", "properties": { "record_id": 26240, "landslide_id": "SKM/NS/78A03/2017/84", "state": "Sikkim", "district": "West Sikkim", "location": "SH", "latitude": 27.186611, "longitude": 88.206278, "movement_type": "Earth Slide", "history": null, "event_date": null }, "geometry": { "type": "Point", "coordinates": [ 88.206278, 27.186611 ] } },
{ "type": "Feature", "properties": { "record_id": 26241, "landslide_id": "SKM/ES/78A12/2015/102", "state": "Sikkim", "district": "East Sikkim", "location": "Rangpo-Rorathang Road", "latitude": 27.18815, "longitude": 88.562083, "movement_type": "Debris Slide", "history": null, "event_date": null }, "geometry": { "type": "Point", "coordinates": [ 88.562083, 27.18815 ] } },
{ "type": "Feature", "properties": { "record_id": 26242, "landslide_id": "SKM/ES/78A12/2015/145", "state": "Sikkim", "district": "East Sikkim", "location": "NH-31A", "latitude": 27.188528, "longitude": 88.501194, "movement_type": "Rock Slide", "history": null, "event_date": null }, "geometry": { "type": "Point", "coordinates": [ 88.501194, 27.188528 ] } },
{ "type": "Feature", "properties": { "record_id": 26243, "landslide_id": "SKM/SS/78A08/2015/197", "state": "Sikkim", "district": "South Sikkim", "location": "Namchi-Damthang Road", "latitude": 27.189222, "longitude": 88.391056, "movement_type": "Debris Slide", "history": null, "event_date": null }, "geometry": { "type": "Point", "coordinates": [ 88.391056, 27.189222 ] } },
{ "type": "Feature", "properties": { "record_id": 26244, "landslide_id": "SKM/ES/78A12/2015/103", "state": "Sikkim", "district": "East Sikkim", "location": "Rangpo-Rorathang Road", "latitude": 27.189261, "longitude": 88.595686, "movement_type": "Debris Slide", "history": null, "event_date": null }, "geometry": { "type": "Point", "coordinates": [ 88.595686, 27.189261 ] } },
{ "type": "Feature", "properties": { "record_id": 26246, "landslide_id": "SKM/ES/78A12/2015/104", "state": "Sikkim", "district": "East Sikkim", "location": "Rangpo-Rorathang Road", "latitude": 27.190067, "longitude": 88.596483, "movement_type": "Rock Slide", "history": null, "event_date": null }, "geometry": { "type": "Point", "coordinates": [ 88.596483, 27.190067 ] } },
{ "type": "Feature", "properties": { "record_id": 26247, "landslide_id": "SKM/ES/78A12/2015/105", "state": "Sikkim", "district": "East Sikkim", "location": "Rangpo-Rorathang Road", "latitude": 27.190833, "longitude": 88.596889, "movement_type": "Debris Slide", "history": null, "event_date": null }, "geometry": { "type": "Point", "coordinates": [ 88.596889, 27.190833 ] } },
{ "type": "Feature", "properties": { "record_id": 26248, "landslide_id": "SKM/WS/78A08/2015/350", "state": "Sikkim", "district": "West Sikkim", "location": "legship-Sikkip Road", "latitude": 27.191639, "longitude": 88.325861, "movement_type": "Debris Slide", "history": null, "event_date": null }, "geometry": { "type": "Point", "coordinates": [ 88.325861, 27.191639 ] } },
{ "type": "Feature", "properties": { "record_id": 26249, "landslide_id": "SKM/WS/78A08/2015/374", "state": "Sikkim", "district": "West Sikkim", "location": "Sangadorji-Bum Road", "latitude": 27.191917, "longitude": 88.2885, "movement_type": "Debris Slide", "history": null, "event_date": null }, "geometry": { "type": "Point", "coordinates": [ 88.2885, 27.191917 ] } },
{ "type": "Feature", "properties": { "record_id": 26250, "landslide_id": "SKM/ES/78A12/2015/106", "state": "Sikkim", "district": "East Sikkim", "location": "Rangpo-Rorathang Road", "latitude": 27.192989, "longitude": 88.603083, "movement_type": "Debris Slide", "history": null, "event_date": null }, "geometry": { "type": "Point", "coordinates": [ 88.603083, 27.192989 ] } },
{ "type": "Feature", "properties": { "record_id": 26251, "landslide_id": "SKM/ES/78A12/2015/135", "state": "Sikkim", "district": "East Sikkim", "location": "Rhenak Road", "latitude": 27.193794, "longitude": 88.650528, "movement_type": "Debris Slide", "history": null, "event_date": null }, "geometry": { "type": "Point", "coordinates": [ 88.650528, 27.193794 ] } },
{ "type": "Feature", "properties": { "record_id": 26252, "landslide_id": "SKM/SS/78A08/2015/206", "state": "Sikkim", "district": "South Sikkim", "location": "Kholaghari village Road", "latitude": 27.194333, "longitude": 88.388889, "movement_type": "Debris Slide", "history": null, "event_date": null }, "geometry": { "type": "Point", "coordinates": [ 88.388889, 27.194333 ] } },
{ "type": "Feature", "properties": { "record_id": 26253, "landslide_id": "SKM/ES/78A12/2015/108", "state": "Sikkim", "district": "East Sikkim", "location": "Rorathang-Rongli Road", "latitude": 27.195083, "longitude": 88.631992, "movement_type": "Debris Slide", "history": null, "event_date": null }, "geometry": { "type": "Point", "coordinates": [ 88.631992, 27.195083 ] } },
{ "type": "Feature", "properties": { "record_id": 26254, "landslide_id": "SKM/ES/78A12/2015/109", "state": "Sikkim", "district": "East Sikkim", "location": "Rorathang-Rongli Road", "latitude": 27.195511, "longitude": 88.6342, "movement_type": "Debris Slide", "history": null, "event_date": null }, "geometry": { "type": "Point", "coordinates": [ 88.6342, 27.195511 ] } },
{ "type": "Feature", "properties": { "record_id": 26255, "landslide_id": "SKM/ES/78A12/2015/107", "state": "Sikkim", "district": "East Sikkim", "location": "Rorathang-Rongli Road", "latitude": 27.195703, "longitude": 88.625444, "movement_type": "Debris Slide", "history": null, "event_date": null }, "geometry": { "type": "Point", "coordinates": [ 88.625444, 27.195703 ] } },
{ "type": "Feature", "properties": { "record_id": 26256, "landslide_id": "SKM/SS/78A08/2015/207", "state": "Sikkim", "district": "South Sikkim", "location": "Kholaghari village Road", "latitude": 27.195722, "longitude": 88.387472, "movement_type": "Debris Slide", "history": null, "event_date": null }, "geometry": { "type": "Point", "coordinates": [ 88.387472, 27.195722 ] } },
{ "type": "Feature", "properties": { "record_id": 26257, "landslide_id": "SKM/NS/78A03/2017/81", "state": "Sikkim", "district": "West Sikkim", "location": "Phuchenbong SH", "latitude": 27.197111, "longitude": 88.208722, "movement_type": "Debris Slide", "history": null, "event_date": null }, "geometry": { "type": "Point", "coordinates": [ 88.208722, 27.197111 ] } },
{ "type": "Feature", "properties": { "record_id": 26258, "landslide_id": "SKM/SS/78A12/2015/146", "state": "Sikkim", "district": "South Sikkim", "location": "NH-31A", "latitude": 27.197417, "longitude": 88.4905, "movement_type": "Rock Slide", "history": null, "event_date": null }, "geometry": { "type": "Point", "coordinates": [ 88.4905, 27.197417 ] } },
{ "type": "Feature", "properties": { "record_id": 26259, "landslide_id": "SKM/ES/78A12/2015/110", "state": "Sikkim", "district": "East Sikkim", "location": "Rorathang-Rongli Road", "latitude": 27.198856, "longitude": 88.638725, "movement_type": "Debris Slide", "history": null, "event_date": null }, "geometry": { "type": "Point", "coordinates": [ 88.638725, 27.198856 ] } },
{ "type": "Feature", "properties": { "record_id": 26260, "landslide_id": "SKM/ES/78A12/2015/134", "state": "Sikkim", "district": "East Sikkim", "location": "Rhenak Road", "latitude": 27.198928, "longitude": 88.66095, "movement_type": "Debris Slide", "history": null, "event_date": null }, "geometry": { "type": "Point", "coordinates": [ 88.66095, 27.198928 ] } },
{ "type": "Feature", "properties": { "record_id": 26261, "landslide_id": "SKM/SS/78A08/2015/385", "state": "Sikkim", "district": "South Sikkim", "location": "Sikkip-Wak-Namchi Road", "latitude": 27.199028, "longitude": 88.350417, "movement_type": "Debris Slide", "history": null, "event_date": null }, "geometry": { "type": "Point", "coordinates": [ 88.350417, 27.199028 ] } },
{ "type": "Feature", "properties": { "record_id": 26262, "landslide_id": "SKM/ES/78A12/2015/111", "state": "Sikkim", "district": "East Sikkim", "location": "Rorathang-Rongli Road", "latitude": 27.199722, "longitude": 88.641633, "movement_type": "Rock Topple", "history": null, "event_date": null }, "geometry": { "type": "Point", "coordinates": [ 88.641633, 27.199722 ] } },
{ "type": "Feature", "properties": { "record_id": 26263, "landslide_id": "SKM/SS/78A08/2015/386", "state": "Sikkim", "district": "South Sikkim", "location": "Sikkip-Wak-Namchi Road", "latitude": 27.200389, "longitude": 88.3545, "movement_type": "Debris Slide", "history": null, "event_date": null }, "geometry": { "type": "Point", "coordinates": [ 88.3545, 27.200389 ] } },
{ "type": "Feature", "properties": { "record_id": 26264, "landslide_id": "SKM/WS/78A08/2015/384", "state": "Sikkim", "district": "West Sikkim", "location": "Sikkip-Wak-Namchi Road", "latitude": 27.200861, "longitude": 88.340861, "movement_type": "Debris Slide", "history": null, "event_date": null }, "geometry": { "type": "Point", "coordinates": [ 88.340861, 27.200861 ] } },
{ "type": "Feature", "properties": { "record_id": 26265, "landslide_id": "SKM/ES/78A12/2015/133", "state": "Sikkim", "district": "East Sikkim", "location": "Rhenak Road", "latitude": 27.201278, "longitude": 88.665381, "movement_type": "Debris Slide", "history": null, "event_date": null }, "geometry": { "type": "Point", "coordinates": [ 88.665381, 27.201278 ] } },
{ "type": "Feature", "properties": { "record_id": 26266, "landslide_id": "SKM/WS/78A08/2015/366", "state": "Sikkim", "district": "West Sikkim", "location": "Kaluk-Rinchenpong Road", "latitude": 27.20175, "longitude": 88.268194, "movement_type": "Debris Slide", "history": null, "event_date": null }, "geometry": { "type": "Point", "coordinates": [ 88.268194, 27.20175 ] } },
{ "type": "Feature", "properties": { "record_id": 26267, "landslide_id": "SKM/ES/78A12/2015/132", "state": "Sikkim", "district": "East Sikkim", "location": "Rhenak Road", "latitude": 27.201875, "longitude": 88.667278, "movement_type": "Debris Slide", "history": null, "event_date": null }, "geometry": { "type": "Point", "coordinates": [ 88.667278, 27.201875 ] } },
{ "type": "Feature", "properties": { "record_id": 26268, "landslide_id": "SKM/SS/78A08/2015/209", "state": "Sikkim", "district": "South Sikkim", "location": "Kholaghari village Road", "latitude": 27.202417, "longitude": 88.391583, "movement_type": "Debris Slide", "history": null, "event_date": null }, "geometry": { "type": "Point", "coordinates": [ 88.391583, 27.202417 ] } },
{ "type": "Feature", "properties": { "record_id": 26269, "landslide_id": "SKM/ES/78A12/2015/113", "state": "Sikkim", "district": "East Sikkim", "location": "Rorathang-Rongli Road", "latitude": 27.202433, "longitude": 88.656708, "movement_type": "Rock Topple", "history": null, "event_date": null }, "geometry": { "type": "Point", "coordinates": [ 88.656708, 27.202433 ] } },
{ "type": "Feature", "properties": { "record_id": 26270, "landslide_id": "SKM/ES/78A12/2015/34", "state": "Sikkim", "district": "East Sikkim", "location": "Pendam NULL", "latitude": 27.203167, "longitude": 88.588667, "movement_type": "Debris Slide", "history": null, "event_date": null }, "geometry": { "type": "Point", "coordinates": [ 88.588667, 27.203167 ] } },
{ "type": "Feature", "properties": { "record_id": 26271, "landslide_id": "SKM/ES/78A12/2015/38", "state": "Sikkim", "district": "East Sikkim", "location": "Pamdambhasmey Rangpo-Rorathang Road", "latitude": 27.203194, "longitude": 88.600278, "movement_type": "Debris Slide", "history": null, "event_date": null }, "geometry": { "type": "Point", "coordinates": [ 88.600278, 27.203194 ] } },
{ "type": "Feature", "properties": { "record_id": 26272, "landslide_id": "SKM/ES/78A12/2015/114", "state": "Sikkim", "district": "East Sikkim", "location": "Rorathang-Rongli Road", "latitude": 27.203869, "longitude": 88.658333, "movement_type": "Debris Slide", "history": null, "event_date": null }, "geometry": { "type": "Point", "coordinates": [ 88.658333, 27.203869 ] } },
{ "type": "Feature", "properties": { "record_id": 26273, "landslide_id": "SKM/ES/78A12/2015/112", "state": "Sikkim", "district": "East Sikkim", "location": "Rorathang-Rongli Road", "latitude": 27.204556, "longitude": 88.647222, "movement_type": "Debris Slide", "history": null, "event_date": null }, "geometry": { "type": "Point", "coordinates": [ 88.647222, 27.204556 ] } },
{ "type": "Feature", "properties": { "record_id": 26274, "landslide_id": "SKM/WS/78A08/2015/349", "state": "Sikkim", "district": "West Sikkim", "location": "legship-Sikkip Road", "latitude": 27.204694, "longitude": 88.32375, "movement_type": "Debris Slide", "history": null, "event_date": null }, "geometry": { "type": "Point", "coordinates": [ 88.32375, 27.204694 ] } },
{ "type": "Feature", "properties": { "record_id": 26275, "landslide_id": "SKM/ES/78A12/2015/33", "state": "Sikkim", "district": "East Sikkim", "location": "East Pendam NULL", "latitude": 27.205, "longitude": 88.591722, "movement_type": "Rock Fall", "history": null, "event_date": null }, "geometry": { "type": "Point", "coordinates": [ 88.591722, 27.205 ] } },
{ "type": "Feature", "properties": { "record_id": 26276, "landslide_id": "SKM/SS/78A08/2015/56", "state": "Sikkim", "district": "South Sikkim", "location": "Phong-Bermiok Road", "latitude": 27.205, "longitude": 88.442122, "movement_type": "Debris Slide", "history": null, "event_date": null }, "geometry": { "type": "Point", "coordinates": [ 88.442122, 27.205 ] } },
{ "type": "Feature", "properties": { "record_id": 26277, "landslide_id": "SKM/ES/78A12/2015/115", "state": "Sikkim", "district": "East Sikkim", "location": "Rorathang-Rongli Road", "latitude": 27.205047, "longitude": 88.689053, "movement_type": "Debris Slide", "history": null, "event_date": null }, "geometry": { "type": "Point", "coordinates": [ 88.689053, 27.205047 ] } },
{ "type": "Feature", "properties": { "record_id": 26278, "landslide_id": "SKM/SS/78A08/2015/54", "state": "Sikkim", "district": "South Sikkim", "location": "Phong-Bermiok Road", "latitude": 27.206611, "longitude": 88.442814, "movement_type": "Debris Slide", "history": null, "event_date": null }, "geometry": { "type": "Point", "coordinates": [ 88.442814, 27.206611 ] } },
{ "type": "Feature", "properties": { "record_id": 26279, "landslide_id": "SKM/ES/78A12/2015/118", "state": "Sikkim", "district": "East Sikkim", "location": "Rorathang-Rongli Road", "latitude": 27.206653, "longitude": 88.679953, "movement_type": "Rock Fall", "history": null, "event_date": null }, "geometry": { "type": "Point", "coordinates": [ 88.679953, 27.206653 ] } },
{ "type": "Feature", "properties": { "record_id": 26280, "landslide_id": "SKM/WS/78A08/2015/348", "state": "Sikkim", "district": "West Sikkim", "location": "legship-Sikkip Road", "latitude": 27.206917, "longitude": 88.323278, "movement_type": "Debris Slide", "history": null, "event_date": null }, "geometry": { "type": "Point", "coordinates": [ 88.323278, 27.206917 ] } },
{ "type": "Feature", "properties": { "record_id": 26281, "landslide_id": "SKM/SS/78A08/2015/55", "state": "Sikkim", "district": "South Sikkim", "location": "Phong-Bermiok Road", "latitude": 27.207039, "longitude": 88.446667, "movement_type": "Debris Slide", "history": null, "event_date": null }, "geometry": { "type": "Point", "coordinates": [ 88.446667, 27.207039 ] } },
{ "type": "Feature", "properties": { "record_id": 26282, "landslide_id": "SKM/ES/78A12/2015/116", "state": "Sikkim", "district": "East Sikkim", "location": "Rorathang-Rongli Road", "latitude": 27.207264, "longitude": 88.672817, "movement_type": "Debris Slide", "history": null, "event_date": null }, "geometry": { "type": "Point", "coordinates": [ 88.672817, 27.207264 ] } },
{ "type": "Feature", "properties": { "record_id": 26283, "landslide_id": "SKM/ES/78A12/2015/117", "state": "Sikkim", "district": "East Sikkim", "location": "Rorathang-Rongli Road", "latitude": 27.207606, "longitude": 88.676047, "movement_type": "Rock Fall", "history": null, "event_date": null }, "geometry": { "type": "Point", "coordinates": [ 88.676047, 27.207606 ] } },
{ "type": "Feature", "properties": { "record_id": 26284, "landslide_id": "SKM/SS/78A08/2015/208", "state": "Sikkim", "district": "South Sikkim", "location": "Kholaghari village Road", "latitude": 27.20825, "longitude": 88.387667, "movement_type": "Earth Slide", "history": null, "event_date": null }, "geometry": { "type": "Point", "coordinates": [ 88.387667, 27.20825 ] } },
{ "type": "Feature", "properties": { "record_id": 26285, "landslide_id": "SKM/ES/78A12/2015/35", "state": "Sikkim", "district": "East Sikkim", "location": "Rangpo-Rorathang Road", "latitude": 27.2115, "longitude": 88.58775, "movement_type": "Debris Slide", "history": null, "event_date": null }, "geometry": { "type": "Point", "coordinates": [ 88.58775, 27.2115 ] } },
{ "type": "Feature", "properties": { "record_id": 26286, "landslide_id": "SKM/ES/78A12/2015/36", "state": "Sikkim", "district": "East Sikkim", "location": "Rangpo-Rorathang Road", "latitude": 27.212222, "longitude": 88.587889, "movement_type": "Debris Slide", "history": null, "event_date": null }, "geometry": { "type": "Point", "coordinates": [ 88.587889, 27.212222 ] } },
{ "type": "Feature", "properties": { "record_id": 26287, "landslide_id": "SKM/SS/78A08/2015/196", "state": "Sikkim", "district": "South Sikkim", "location": "Namchi-Damthang Road", "latitude": 27.212583, "longitude": 88.399333, "movement_type": "Debris Slide", "history": null, "event_date": null }, "geometry": { "type": "Point", "coordinates": [ 88.399333, 27.212583 ] } },
{ "type": "Feature", "properties": { "record_id": 26288, "landslide_id": "SKM/SS/78A08/2015/202", "state": "Sikkim", "district": "South Sikkim", "location": "Kholaghari village Road", "latitude": 27.21275, "longitude": 88.391444, "movement_type": "Debris Slide", "history": null, "event_date": null }, "geometry": { "type": "Point", "coordinates": [ 88.391444, 27.21275 ] } },
{ "type": "Feature", "properties": { "record_id": 26289, "landslide_id": "SKM/WS/78A08/2015/347", "state": "Sikkim", "district": "West Sikkim", "location": "legship-Sikkip Road", "latitude": 27.213556, "longitude": 88.321833, "movement_type": "Debris Slide", "history": null, "event_date": null }, "geometry": { "type": "Point", "coordinates": [ 88.321833, 27.213556 ] } },
{ "type": "Feature", "properties": { "record_id": 26290, "landslide_id": "SKM/ES/78A11/2015/13", "state": "Sikkim", "district": "East Sikkim", "location": null, "latitude": 27.214222, "longitude": 88.608361, "movement_type": "Debris Slide", "history": null, "event_date": null }, "geometry": { "type": "Point", "coordinates": [ 88.608361, 27.214222 ] } },
{ "type": "Feature", "properties": { "record_id": 26291, "landslide_id": "SKM/SS/78A08/2015/203", "state": "Sikkim", "district": "South Sikkim", "location": "Kholaghari village Road", "latitude": 27.214639, "longitude": 88.392417, "movement_type": "Debris Slide", "history": null, "event_date": null }, "geometry": { "type": "Point", "coordinates": [ 88.392417, 27.214639 ] } },
{ "type": "Feature", "properties": { "record_id": 26292, "landslide_id": "SKM/ES/78A12/2015/37", "state": "Sikkim", "district": "East Sikkim", "location": "Rangpo-Rorathang Road", "latitude": 27.214806, "longitude": 88.588083, "movement_type": "Debris Slide", "history": null, "event_date": null }, "geometry": { "type": "Point", "coordinates": [ 88.588083, 27.214806 ] } },
{ "type": "Feature", "properties": { "record_id": 26293, "landslide_id": "SKM/SS/78A08/2015/205", "state": "Sikkim", "district": "South Sikkim", "location": "Kholaghari village Road", "latitude": 27.215056, "longitude": 88.393306, "movement_type": "Debris Slide", "history": null, "event_date": null }, "geometry": { "type": "Point", "coordinates": [ 88.393306, 27.215056 ] } },
{ "type": "Feature", "properties": { "record_id": 26294, "landslide_id": "SKM/SS/78A08/2015/195", "state": "Sikkim", "district": "South Sikkim", "location": "Namchi-Damthang Road", "latitude": 27.21525, "longitude": 88.402278, "movement_type": "Debris Slide", "history": null, "event_date": null }, "geometry": { "type": "Point", "coordinates": [ 88.402278, 27.21525 ] } },
{ "type": "Feature", "properties": { "record_id": 26295, "landslide_id": "SKM/NS/78A03/2017/85", "state": "Sikkim", "district": "West Sikkim", "location": "SH", "latitude": 27.216361, "longitude": 88.199667, "movement_type": "Debris Slide", "history": null, "event_date": null }, "geometry": { "type": "Point", "coordinates": [ 88.199667, 27.216361 ] } },
{ "type": "Feature", "properties": { "record_id": 26296, "landslide_id": "SKM/SS/78A08/2015/204", "state": "Sikkim", "district": "South Sikkim", "location": "Kholaghari village Road", "latitude": 27.216639, "longitude": 88.392361, "movement_type": "Rock Slide", "history": null, "event_date": null }, "geometry": { "type": "Point", "coordinates": [ 88.392361, 27.216639 ] } },
{ "type": "Feature", "properties": { "record_id": 26297, "landslide_id": "SKM/WS/78A08/2015/367", "state": "Sikkim", "district": "West Sikkim", "location": "Kaluk-Rinchenpong Road", "latitude": 27.216722, "longitude": 88.274639, "movement_type": "Debris Slide", "history": null, "event_date": null }, "geometry": { "type": "Point", "coordinates": [ 88.274639, 27.216722 ] } },
{ "type": "Feature", "properties": { "record_id": 26298, "landslide_id": "SKM/NS/78A04/2017/93", "state": "Sikkim", "district": "West Sikkim", "location": "Rishithang SH", "latitude": 27.217278, "longitude": 88.236944, "movement_type": "Debris Slide", "history": null, "event_date": null }, "geometry": { "type": "Point", "coordinates": [ 88.236944, 27.217278 ] } },
{ "type": "Feature", "properties": { "record_id": 26299, "landslide_id": "SKM/NS/78A04/2017/91", "state": "Sikkim", "district": "West Sikkim", "location": "SH", "latitude": 27.217667, "longitude": 88.233472, "movement_type": "Debris Slide", "history": null, "event_date": null }, "geometry": { "type": "Point", "coordinates": [ 88.233472, 27.217667 ] } },
{ "type": "Feature", "properties": { "record_id": 26300, "landslide_id": "SKM/NS/78A04/2017/92", "state": "Sikkim", "district": "West Sikkim", "location": "SH", "latitude": 27.217667, "longitude": 88.234639, "movement_type": "Debris Slide", "history": null, "event_date": null }, "geometry": { "type": "Point", "coordinates": [ 88.234639, 27.217667 ] } },
{ "type": "Feature", "properties": { "record_id": 26301, "landslide_id": "SKM/NS/78A04/2017/90", "state": "Sikkim", "district": "West Sikkim", "location": "SH", "latitude": 27.218278, "longitude": 88.232472, "movement_type": "Debris Slide", "history": null, "event_date": null }, "geometry": { "type": "Point", "coordinates": [ 88.232472, 27.218278 ] } },
{ "type": "Feature", "properties": { "record_id": 26302, "landslide_id": "SKM/NS/78A04/2017/89", "state": "Sikkim", "district": "West Sikkim", "location": "SH", "latitude": 27.21875, "longitude": 88.233694, "movement_type": "Debris Slide", "history": null, "event_date": null }, "geometry": { "type": "Point", "coordinates": [ 88.233694, 27.21875 ] } },
{ "type": "Feature", "properties": { "record_id": 26303, "landslide_id": "SKM/SS/78A08/2015/200", "state": "Sikkim", "district": "South Sikkim", "location": "Kholaghari village Road", "latitude": 27.219444, "longitude": 88.391111, "movement_type": "Debris Slide", "history": null, "event_date": null }, "geometry": { "type": "Point", "coordinates": [ 88.391111, 27.219444 ] } },
{ "type": "Feature", "properties": { "record_id": 26304, "landslide_id": "SKM/NS/78A04/2017/88", "state": "Sikkim", "district": "West Sikkim", "location": "SH", "latitude": 27.219444, "longitude": 88.234361, "movement_type": "Rock Slide", "history": null, "event_date": null }, "geometry": { "type": "Point", "coordinates": [ 88.234361, 27.219444 ] } },
{ "type": "Feature", "properties": { "record_id": 26305, "landslide_id": "SKM/NS/78A03/2017/80", "state": "Sikkim", "district": "West Sikkim", "location": "SH", "latitude": 27.2195, "longitude": 88.210222, "movement_type": "Debris Slide", "history": null, "event_date": null }, "geometry": { "type": "Point", "coordinates": [ 88.210222, 27.2195 ] } },
{ "type": "Feature", "properties": { "record_id": 26306, "landslide_id": "SKM/WS/78A08/2015/369", "state": "Sikkim", "district": "West Sikkim", "location": "Sangadorji-Bum Road", "latitude": 27.219917, "longitude": 88.276306, "movement_type": "Debris Slide", "history": null, "event_date": null }, "geometry": { "type": "Point", "coordinates": [ 88.276306, 27.219917 ] } },
{ "type": "Feature", "properties": { "record_id": 26307, "landslide_id": "SKM/WS/78A08/2015/370", "state": "Sikkim", "district": "West Sikkim", "location": "Sangadorji-Bum Road", "latitude": 27.220306, "longitude": 88.261861, "movement_type": "Debris Slide", "history": null, "event_date": null }, "geometry": { "type": "Point", "coordinates": [ 88.261861, 27.220306 ] } },
{ "type": "Feature", "properties": { "record_id": 26308, "landslide_id": "SKM/WS/78A08/2015/373", "state": "Sikkim", "district": "West Sikkim", "location": "Sangadorji-Bum Road", "latitude": 27.220472, "longitude": 88.281028, "movement_type": "Debris Slide", "history": null, "event_date": null }, "geometry": { "type": "Point", "coordinates": [ 88.281028, 27.220472 ] } },
{ "type": "Feature", "properties": { "record_id": 26309, "landslide_id": "SKM/ES/78A12/2015/131", "state": "Sikkim", "district": "East Sikkim", "location": "Rhenak-Kopchey Road", "latitude": 27.22075, "longitude": 88.699833, "movement_type": "Debris Slide", "history": null, "event_date": null }, "geometry": { "type": "Point", "coordinates": [ 88.699833, 27.22075 ] } },
{ "type": "Feature", "properties": { "record_id": 26310, "landslide_id": "SKM/WS/78A08/2015/371", "state": "Sikkim", "district": "West Sikkim", "location": "Sangadorji-Bum Road", "latitude": 27.220778, "longitude": 88.279917, "movement_type": "Debris Slide", "history": null, "event_date": null }, "geometry": { "type": "Point", "coordinates": [ 88.279917, 27.220778 ] } },
{ "type": "Feature", "properties": { "record_id": 26311, "landslide_id": "SKM/NS/78A04/2017/87", "state": "Sikkim", "district": "West Sikkim", "location": "Rishi SH", "latitude": 27.220806, "longitude": 88.237361, "movement_type": "Rock Slide", "history": null, "event_date": null }, "geometry": { "type": "Point", "coordinates": [ 88.237361, 27.220806 ] } },
{ "type": "Feature", "properties": { "record_id": 26312, "landslide_id": "SKM/ES/78A11/2015/14", "state": "Sikkim", "district": "East Sikkim", "location": null, "latitude": 27.220861, "longitude": 88.657111, "movement_type": "Debris Slide", "history": null, "event_date": null }, "geometry": { "type": "Point", "coordinates": [ 88.657111, 27.220861 ] } },
{ "type": "Feature", "properties": { "record_id": 26313, "landslide_id": "SKM/ES/78A12/2015/27", "state": "Sikkim", "district": "East Sikkim", "location": "Mamring NULL", "latitude": 27.220889, "longitude": 88.652278, "movement_type": "Debris Slide", "history": null, "event_date": null }, "geometry": { "type": "Point", "coordinates": [ 88.652278, 27.220889 ] } },
{ "type": "Feature", "properties": { "record_id": 26314, "landslide_id": "SKM/SS/78A08/2015/199", "state": "Sikkim", "district": "South Sikkim", "location": "Kholaghari village Road", "latitude": 27.220917, "longitude": 88.385083, "movement_type": "Debris Slide", "history": null, "event_date": null }, "geometry": { "type": "Point", "coordinates": [ 88.385083, 27.220917 ] } },
{ "type": "Feature", "properties": { "record_id": 26315, "landslide_id": "SKM/SS/78A08/2015/194", "state": "Sikkim", "district": "South Sikkim", "location": "Namchi-Damthang Road", "latitude": 27.220972, "longitude": 88.397639, "movement_type": "Debris Slide", "history": null, "event_date": null }, "geometry": { "type": "Point", "coordinates": [ 88.397639, 27.220972 ] } },
{ "type": "Feature", "properties": { "record_id": 26316, "landslide_id": "SKM/SS/78A08/2015/189", "state": "Sikkim", "district": "South Sikkim", "location": "Temi village Road", "latitude": 27.221444, "longitude": 88.376167, "movement_type": "Debris Slide", "history": null, "event_date": null }, "geometry": { "type": "Point", "coordinates": [ 88.376167, 27.221444 ] } },
{ "type": "Feature", "properties": { "record_id": 26317, "landslide_id": "SKM/SS/78A08/2015/188", "state": "Sikkim", "district": "South Sikkim", "location": "Temi village Road", "latitude": 27.2215, "longitude": 88.370667, "movement_type": "Debris Slide", "history": null, "event_date": null }, "geometry": { "type": "Point", "coordinates": [ 88.370667, 27.2215 ] } },
{ "type": "Feature", "properties": { "record_id": 26318, "landslide_id": "SKM/SS/78A08/2015/201", "state": "Sikkim", "district": "South Sikkim", "location": "Kholaghari village Road", "latitude": 27.221778, "longitude": 88.390861, "movement_type": "Debris Slide", "history": null, "event_date": null }, "geometry": { "type": "Point", "coordinates": [ 88.390861, 27.221778 ] } },
{ "type": "Feature", "properties": { "record_id": 26319, "landslide_id": "SKM/WS/78A08/2015/372", "state": "Sikkim", "district": "West Sikkim", "location": "Sangadorji-Bum Road", "latitude": 27.222917, "longitude": 88.281972, "movement_type": "Debris Slide", "history": null, "event_date": null }, "geometry": { "type": "Point", "coordinates": [ 88.281972, 27.222917 ] } },
{ "type": "Feature", "properties": { "record_id": 26320, "landslide_id": "SKM/SS/78A12/2015/147", "state": "Sikkim", "district": "South Sikkim", "location": "NH-31A", "latitude": 27.223833, "longitude": 88.491833, "movement_type": "Debris Slide", "history": null, "event_date": null }, "geometry": { "type": "Point", "coordinates": [ 88.491833, 27.223833 ] } },
{ "type": "Feature", "properties": { "record_id": 26321, "landslide_id": "SKM/SS/78A08/2015/187", "state": "Sikkim", "district": "South Sikkim", "location": "Temi village Road", "latitude": 27.224778, "longitude": 88.372083, "movement_type": "Debris Slide", "history": null, "event_date": null }, "geometry": { "type": "Point", "coordinates": [ 88.372083, 27.224778 ] } },
{ "type": "Feature", "properties": { "record_id": 26322, "landslide_id": "SKM/SS/78A08/2015/186", "state": "Sikkim", "district": "South Sikkim", "location": "Temi village Road", "latitude": 27.225083, "longitude": 88.373333, "movement_type": "Debris Slide", "history": null, "event_date": null }, "geometry": { "type": "Point", "coordinates": [ 88.373333, 27.225083 ] } },
{ "type": "Feature", "properties": { "record_id": 26323, "landslide_id": "SKM/NS/78A04/2017/86", "state": "Sikkim", "district": "West Sikkim", "location": "SH", "latitude": 27.225556, "longitude": 88.240333, "movement_type": "Debris Slide", "history": null, "event_date": null }, "geometry": { "type": "Point", "coordinates": [ 88.240333, 27.225556 ] } },
{ "type": "Feature", "properties": { "record_id": 26324, "landslide_id": "SKM/SS/78A12/2015/148", "state": "Sikkim", "district": "South Sikkim", "location": "NH-31A", "latitude": 27.22575, "longitude": 88.49325, "movement_type": "Rock Slide", "history": null, "event_date": null }, "geometry": { "type": "Point", "coordinates": [ 88.49325, 27.22575 ] } },
{ "type": "Feature", "properties": { "record_id": 26325, "landslide_id": "SKM/WS/78A08/2015/392", "state": "Sikkim", "district": "West Sikkim", "location": "Tinktitam village Road", "latitude": 27.226556, "longitude": 88.308861, "movement_type": "Debris Slide", "history": null, "event_date": null }, "geometry": { "type": "Point", "coordinates": [ 88.308861, 27.226556 ] } },
{ "type": "Feature", "properties": { "record_id": 26326, "landslide_id": "SKM/NS/78A03/2017/79", "state": "Sikkim", "district": "West Sikkim", "location": "SH", "latitude": 27.2275, "longitude": 88.220278, "movement_type": "Debris Slide", "history": null, "event_date": null }, "geometry": { "type": "Point", "coordinates": [ 88.220278, 27.2275 ] } },
{ "type": "Feature", "properties": { "record_id": 26327, "landslide_id": "SKM/NS/78A04/2017/94", "state": "Sikkim", "district": "West Sikkim", "location": "SH", "latitude": 27.227528, "longitude": 88.219639, "movement_type": "Debris Slide", "history": null, "event_date": null }, "geometry": { "type": "Point", "coordinates": [ 88.219639, 27.227528 ] } },
{ "type": "Feature", "properties": { "record_id": 26328, "landslide_id": "SKM/SS/78A12/2015/149", "state": "Sikkim", "district": "South Sikkim", "location": "Singtam-Dikchu Road", "latitude": 27.228556, "longitude": 88.493889, "movement_type": "Debris Slide", "history": null, "event_date": null }, "geometry": { "type": "Point", "coordinates": [ 88.493889, 27.228556 ] } },
{ "type": "Feature", "properties": { "record_id": 26329, "landslide_id": "SKM/SS/78A08/2015/185", "state": "Sikkim", "district": "South Sikkim", "location": "Temi village Road", "latitude": 27.229417, "longitude": 88.378444, "movement_type": "Debris Slide", "history": null, "event_date": null }, "geometry": { "type": "Point", "coordinates": [ 88.378444, 27.229417 ] } },
{ "type": "Feature", "properties": { "record_id": 26330, "landslide_id": "SKM/ES/78A12/2015/28", "state": "Sikkim", "district": "East Sikkim", "location": "Taza NULL", "latitude": 27.22975, "longitude": 88.619361, "movement_type": "Earth Slide", "history": null, "event_date": null }, "geometry": { "type": "Point", "coordinates": [ 88.619361, 27.22975 ] } },
{ "type": "Feature", "properties": { "record_id": 26331, "landslide_id": "SKM/WS/78A08/2015/391", "state": "Sikkim", "district": "West Sikkim", "location": "Tinktitam village Road", "latitude": 27.230583, "longitude": 88.306056, "movement_type": "Debris Slide", "history": null, "event_date": null }, "geometry": { "type": "Point", "coordinates": [ 88.306056, 27.230583 ] } },
{ "type": "Feature", "properties": { "record_id": 26332, "landslide_id": "SKM/SS/78A08/2015/184", "state": "Sikkim", "district": "South Sikkim", "location": "Chemchey Temi village Road", "latitude": 27.232639, "longitude": 88.378417, "movement_type": "Debris Slide", "history": null, "event_date": null }, "geometry": { "type": "Point", "coordinates": [ 88.378417, 27.232639 ] } },
{ "type": "Feature", "properties": { "record_id": 26333, "landslide_id": "SKM/NS/78A04/2017/68", "state": "Sikkim", "district": "West Sikkim", "location": "SH", "latitude": 27.233194, "longitude": 88.246361, "movement_type": "Debris Slide", "history": null, "event_date": null }, "geometry": { "type": "Point", "coordinates": [ 88.246361, 27.233194 ] } },
{ "type": "Feature", "properties": { "record_id": 26334, "landslide_id": "SKM/ES/78A12/2015/22", "state": "Sikkim", "district": "East Sikkim", "location": "NH-31A", "latitude": 27.233389, "longitude": 88.5015, "movement_type": "Debris Slide", "history": null, "event_date": null }, "geometry": { "type": "Point", "coordinates": [ 88.5015, 27.233389 ] } },
{ "type": "Feature", "properties": { "record_id": 26335, "landslide_id": "SKM/ES/78A12/2015/120", "state": "Sikkim", "district": "East Sikkim", "location": "Machong-Rongli Road", "latitude": 27.233417, "longitude": 88.634806, "movement_type": "Debris Slide", "history": null, "event_date": null }, "geometry": { "type": "Point", "coordinates": [ 88.634806, 27.233417 ] } },
{ "type": "Feature", "properties": { "record_id": 26336, "landslide_id": "SKM/SS/78A08/2015/235", "state": "Sikkim", "district": "South Sikkim", "location": "Tinktam-Rheyong Road", "latitude": 27.233667, "longitude": 88.348389, "movement_type": "Debris Slide", "history": null, "event_date": null }, "geometry": { "type": "Point", "coordinates": [ 88.348389, 27.233667 ] } },
{ "type": "Feature", "properties": { "record_id": 26337, "landslide_id": "SKM/ES/78A12/2015/29", "state": "Sikkim", "district": "East Sikkim", "location": null, "latitude": 27.235694, "longitude": 88.6025, "movement_type": "Debris Slide", "history": null, "event_date": null }, "geometry": { "type": "Point", "coordinates": [ 88.6025, 27.235694 ] } },
{ "type": "Feature", "properties": { "record_id": 26338, "landslide_id": "SKM/ES/78A12/2015/30", "state": "Sikkim", "district": "East Sikkim", "location": null, "latitude": 27.23575, "longitude": 88.602389, "movement_type": "Debris Slide", "history": null, "event_date": null }, "geometry": { "type": "Point", "coordinates": [ 88.602389, 27.23575 ] } },
{ "type": "Feature", "properties": { "record_id": 26339, "landslide_id": "SKM/SS/78A12/2015/150", "state": "Sikkim", "district": "South Sikkim", "location": "Singtam-Dikchu Road", "latitude": 27.23575, "longitude": 88.506472, "movement_type": "Debris Slide", "history": null, "event_date": null }, "geometry": { "type": "Point", "coordinates": [ 88.506472, 27.23575 ] } },
{ "type": "Feature", "properties": { "record_id": 26340, "landslide_id": "SKM/SS/78A12/2015/151", "state": "Sikkim", "district": "South Sikkim", "location": "Singtam-Dikchu Road", "latitude": 27.23575, "longitude": 88.507972, "movement_type": "Debris Slide", "history": null, "event_date": null }, "geometry": { "type": "Point", "coordinates": [ 88.507972, 27.23575 ] } },
{ "type": "Feature", "properties": { "record_id": 26341, "landslide_id": "SKM/ES/78A12/2015/21", "state": "Sikkim", "district": "East Sikkim", "location": "NH-31A", "latitude": 27.235778, "longitude": 88.506306, "movement_type": "Debris Slide", "history": null, "event_date": null }, "geometry": { "type": "Point", "coordinates": [ 88.506306, 27.235778 ] } },
{ "type": "Feature", "properties": { "record_id": 26342, "landslide_id": "SKM/SS/78A08/2015/360", "state": "Sikkim", "district": "South Sikkim", "location": null, "latitude": 27.235861, "longitude": 88.433167, "movement_type": "Debris Slide", "history": null, "event_date": null }, "geometry": { "type": "Point", "coordinates": [ 88.433167, 27.235861 ] } },
{ "type": "Feature", "properties": { "record_id": 26343, "landslide_id": "SKM/ES/78A12/2015/121", "state": "Sikkim", "district": "East Sikkim", "location": "Machong-Rongli Road", "latitude": 27.235917, "longitude": 88.645167, "movement_type": "Rock Fall", "history": null, "event_date": null }, "geometry": { "type": "Point", "coordinates": [ 88.645167, 27.235917 ] } },
{ "type": "Feature", "properties": { "record_id": 26344, "landslide_id": "SKM/ES/78A12/2015/152", "state": "Sikkim", "district": "East Sikkim", "location": "NH-31A", "latitude": 27.236361, "longitude": 88.50875, "movement_type": "Debris Slide", "history": null, "event_date": null }, "geometry": { "type": "Point", "coordinates": [ 88.50875, 27.236361 ] } },
{ "type": "Feature", "properties": { "record_id": 26345, "landslide_id": "SKM/ES/78A12/2015/20", "state": "Sikkim", "district": "East Sikkim", "location": "NH-31A", "latitude": 27.236583, "longitude": 88.509611, "movement_type": "Debris Slide", "history": null, "event_date": null }, "geometry": { "type": "Point", "coordinates": [ 88.509611, 27.236583 ] } },
{ "type": "Feature", "properties": { "record_id": 26346, "landslide_id": "SKM/NS/78A04/2017/69", "state": "Sikkim", "district": "West Sikkim", "location": "SH", "latitude": 27.236889, "longitude": 88.235917, "movement_type": "Rock Slide", "history": null, "event_date": null }, "geometry": { "type": "Point", "coordinates": [ 88.235917, 27.236889 ] } },
{ "type": "Feature", "properties": { "record_id": 26347, "landslide_id": "SKM/ES/78A12/2015/32", "state": "Sikkim", "district": "East Sikkim", "location": null, "latitude": 27.237694, "longitude": 88.598806, "movement_type": "Debris Slide", "history": null, "event_date": null }, "geometry": { "type": "Point", "coordinates": [ 88.598806, 27.237694 ] } },
{ "type": "Feature", "properties": { "record_id": 26348, "landslide_id": "SKM/EAS/78A12/2014/002", "state": "Sikkim", "district": "East Sikkim", "location": "6 km from Martam 0.5 km before Sikkim Supreme", "latitude": 27.23772, "longitude": 88.51384, "movement_type": "Debris Slide", "history": "26 August 2014", "event_date": "2014-08-26T00:00:00" }, "geometry": { "type": "Point", "coordinates": [ 88.51384, 27.23772 ] } },
{ "type": "Feature", "properties": { "record_id": 26349, "landslide_id": "SKM/SS/78A08/2015/236", "state": "Sikkim", "district": "South Sikkim", "location": "Tinktam-Rheyong Road", "latitude": 27.237889, "longitude": 88.346444, "movement_type": "Debris Slide", "history": null, "event_date": null }, "geometry": { "type": "Point", "coordinates": [ 88.346444, 27.237889 ] } },
{ "type": "Feature", "properties": { "record_id": 26350, "landslide_id": "SKM/WS/78A08/2015/390", "state": "Sikkim", "district": "West Sikkim", "location": "Tinktitam village Road", "latitude": 27.237917, "longitude": 88.30475, "movement_type": "Rock Slide", "history": null, "event_date": null }, "geometry": { "type": "Point", "coordinates": [ 88.30475, 27.237917 ] } },
{ "type": "Feature", "properties": { "record_id": 26351, "landslide_id": "SKM/ES/78A12/2015/31", "state": "Sikkim", "district": "East Sikkim", "location": "Dikling NULL", "latitude": 27.238111, "longitude": 88.601528, "movement_type": "Debris Slide", "history": null, "event_date": null }, "geometry": { "type": "Point", "coordinates": [ 88.601528, 27.238111 ] } },
{ "type": "Feature", "properties": { "record_id": 26352, "landslide_id": "SKM/EAS/78A08/2014/003", "state": "Sikkim", "district": "East Sikkim", "location": "Sirwani Landslide Sirwani (On Singtam-Mangkha", "latitude": 27.23924, "longitude": 88.48416, "movement_type": "Debris Slide", "history": "25 August 2014", "event_date": "2014-08-25T00:00:00" }, "geometry": { "type": "Point", "coordinates": [ 88.48416, 27.23924 ] } },
{ "type": "Feature", "properties": { "record_id": 26353, "landslide_id": "SKM/WS/78A08/2015/387", "state": "Sikkim", "district": "West Sikkim", "location": "Tinktitam village Road", "latitude": 27.239972, "longitude": 88.332778, "movement_type": "Debris Slide", "history": null, "event_date": null }, "geometry": { "type": "Point", "coordinates": [ 88.332778, 27.239972 ] } },
{ "type": "Feature", "properties": { "record_id": 26354, "landslide_id": "SKM/ES/78A08/2015/49", "state": "Sikkim", "district": "East Sikkim", "location": "Singtam-Dikchu Road", "latitude": 27.240028, "longitude": 88.486472, "movement_type": "Debris Slide", "history": null, "event_date": null }, "geometry": { "type": "Point", "coordinates": [ 88.486472, 27.240028 ] } },
{ "type": "Feature", "properties": { "record_id": 26355, "landslide_id": "SKM/ES/78A08/2015/50", "state": "Sikkim", "district": "East Sikkim", "location": "Singtam-Dikchu Road", "latitude": 27.240194, "longitude": 88.486278, "movement_type": "Debris Slide", "history": null, "event_date": null }, "geometry": { "type": "Point", "coordinates": [ 88.486278, 27.240194 ] } },
{ "type": "Feature", "properties": { "record_id": 26356, "landslide_id": "SKM/NS/78A04/2017/71", "state": "Sikkim", "district": "West Sikkim", "location": "Upper Bermiok SH", "latitude": 27.240389, "longitude": 88.234028, "movement_type": "Debris Slide", "history": null, "event_date": null }, "geometry": { "type": "Point", "coordinates": [ 88.234028, 27.240389 ] } },
{ "type": "Feature", "properties": { "record_id": 26357, "landslide_id": "SKM/ES/78A08/2015/52", "state": "Sikkim", "district": "East Sikkim", "location": null, "latitude": 27.240556, "longitude": 88.48025, "movement_type": "Debris Slide", "history": null, "event_date": null }, "geometry": { "type": "Point", "coordinates": [ 88.48025, 27.240556 ] } },
{ "type": "Feature", "properties": { "record_id": 26358, "landslide_id": "SKM/WS/78A08/2015/389", "state": "Sikkim", "district": "West Sikkim", "location": "Tinktitam village Road", "latitude": 27.240639, "longitude": 88.306056, "movement_type": "Debris Slide", "history": null, "event_date": null }, "geometry": { "type": "Point", "coordinates": [ 88.306056, 27.240639 ] } },
{ "type": "Feature", "properties": { "record_id": 26359, "landslide_id": "SKM/ES/78A08/2015/51", "state": "Sikkim", "district": "East Sikkim", "location": "Singtam-Dikchu Road", "latitude": 27.240861, "longitude": 88.486278, "movement_type": "Debris Slide", "history": null, "event_date": null }, "geometry": { "type": "Point", "coordinates": [ 88.486278, 27.240861 ] } },
{ "type": "Feature", "properties": { "record_id": 26360, "landslide_id": "SKM/NS/78A04/2017/70", "state": "Sikkim", "district": "West Sikkim", "location": "SH", "latitude": 27.241333, "longitude": 88.233972, "movement_type": "Debris Slide", "history": null, "event_date": null }, "geometry": { "type": "Point", "coordinates": [ 88.233972, 27.241333 ] } },
{ "type": "Feature", "properties": { "record_id": 26361, "landslide_id": "SK/ED/78A12/2017/01", "state": "Sikkim", "district": "East Sikkim", "location": "Pachey landslide near Pakyong Town Pakyong-Machong Road near", "latitude": 27.24144, "longitude": 88.60681, "movement_type": "Debris Fall and Slide", "history": "9 July 2017", "event_date": "2017-07-09T00:00:00" }, "geometry": { "type": "Point", "coordinates": [ 88.60681, 27.24144 ] } },
{ "type": "Feature", "properties": { "record_id": 26362, "landslide_id": "SKM/WS/78A08/2015/388", "state": "Sikkim", "district": "West Sikkim", "location": "Tinktitam village Road", "latitude": 27.242139, "longitude": 88.327389, "movement_type": "Debris Slide", "history": null, "event_date": null }, "geometry": { "type": "Point", "coordinates": [ 88.327389, 27.242139 ] } },
{ "type": "Feature", "properties": { "record_id": 26363, "landslide_id": "SKM/SS/78A08/2015/237", "state": "Sikkim", "district": "South Sikkim", "location": "Tinktam-Rheyong Road", "latitude": 27.242917, "longitude": 88.354417, "movement_type": "Debris Slide", "history": null, "event_date": null }, "geometry": { "type": "Point", "coordinates": [ 88.354417, 27.242917 ] } },
{ "type": "Feature", "properties": { "record_id": 26364, "landslide_id": "SKM/WS/78A08/2015/368", "state": "Sikkim", "district": "West Sikkim", "location": "Kaluk-Rinchenpong Road", "latitude": 27.243806, "longitude": 88.2725, "movement_type": "Debris Slide", "history": null, "event_date": null }, "geometry": { "type": "Point", "coordinates": [ 88.2725, 27.243806 ] } },
{ "type": "Feature", "properties": { "record_id": 26365, "landslide_id": "SKM/SS/78A08/2015/239", "state": "Sikkim", "district": "South Sikkim", "location": "Tinktam-Rheyong Road", "latitude": 27.244056, "longitude": 88.348056, "movement_type": "Debris Slide", "history": null, "event_date": null }, "geometry": { "type": "Point", "coordinates": [ 88.348056, 27.244056 ] } },
{ "type": "Feature", "properties": { "record_id": 26366, "landslide_id": "SKM/SS/78A08/2015/238", "state": "Sikkim", "district": "South Sikkim", "location": "Tinktam-Rheyong Road", "latitude": 27.244472, "longitude": 88.350472, "movement_type": "Rock Fall", "history": null, "event_date": null }, "geometry": { "type": "Point", "coordinates": [ 88.350472, 27.244472 ] } },
{ "type": "Feature", "properties": { "record_id": 26367, "landslide_id": "SKM/ES/78A12/2015/153", "state": "Sikkim", "district": "East Sikkim", "location": "NH-31A", "latitude": 27.245028, "longitude": 88.524389, "movement_type": "Debris Slide", "history": null, "event_date": null }, "geometry": { "type": "Point", "coordinates": [ 88.524389, 27.245028 ] } },
{ "type": "Feature", "properties": { "record_id": 26368, "landslide_id": "SKM/NS/78A04/2017/72", "state": "Sikkim", "district": "West Sikkim", "location": "Upper Bermiok SH", "latitude": 27.245028, "longitude": 88.226861, "movement_type": "Debris Slide", "history": null, "event_date": null }, "geometry": { "type": "Point", "coordinates": [ 88.226861, 27.245028 ] } },
{ "type": "Feature", "properties": { "record_id": 26369, "landslide_id": "SKM/ES/78A12/2015/19", "state": "Sikkim", "district": "East Sikkim", "location": "Sangkhola NH-31A", "latitude": 27.245139, "longitude": 88.524444, "movement_type": "Debris Slide", "history": null, "event_date": null }, "geometry": { "type": "Point", "coordinates": [ 88.524444, 27.245139 ] } },
{ "type": "Feature", "properties": { "record_id": 26370, "landslide_id": "SKM/NS/78A04/2017/45", "state": "Sikkim", "district": "West Sikkim", "location": "Hee gown SH", "latitude": 27.245972, "longitude": 88.185278, "movement_type": "Debris Slide", "history": null, "event_date": null }, "geometry": { "type": "Point", "coordinates": [ 88.185278, 27.245972 ] } },
{ "type": "Feature", "properties": { "record_id": 26371, "landslide_id": "SKM/ES/78A11/2015/16", "state": "Sikkim", "district": "East Sikkim", "location": null, "latitude": 27.246056, "longitude": 88.62575, "movement_type": "Rock Slide", "history": null, "event_date": null }, "geometry": { "type": "Point", "coordinates": [ 88.62575, 27.246056 ] } },
{ "type": "Feature", "properties": { "record_id": 26372, "landslide_id": "SKM/ES/78A12/2015/119", "state": "Sikkim", "district": "East Sikkim", "location": "Machong-Rongli Road", "latitude": 27.246194, "longitude": 88.625694, "movement_type": "Rock Fall", "history": null, "event_date": null }, "geometry": { "type": "Point", "coordinates": [ 88.625694, 27.246194 ] } },
{ "type": "Feature", "properties": { "record_id": 26373, "landslide_id": "SKM/NS/78A04/2017/44", "state": "Sikkim", "district": "West Sikkim", "location": "SH", "latitude": 27.246944, "longitude": 88.184833, "movement_type": "Debris Slide", "history": null, "event_date": null }, "geometry": { "type": "Point", "coordinates": [ 88.184833, 27.246944 ] } },
{ "type": "Feature", "properties": { "record_id": 26374, "landslide_id": "SKM/NS/78A04/2017/73", "state": "Sikkim", "district": "West Sikkim", "location": "Budha Bari SH", "latitude": 27.247111, "longitude": 88.225222, "movement_type": "Debris Slide", "history": null, "event_date": null }, "geometry": { "type": "Point", "coordinates": [ 88.225222, 27.247111 ] } },
{ "type": "Feature", "properties": { "record_id": 26375, "landslide_id": "SKM/NS/78A04/2017/01", "state": "Sikkim", "district": "West Sikkim", "location": "Upper Bega SH", "latitude": 27.248583, "longitude": 88.117444, "movement_type": "Debris Slide", "history": null, "event_date": null }, "geometry": { "type": "Point", "coordinates": [ 88.117444, 27.248583 ] } },
{ "type": "Feature", "properties": { "record_id": 26376, "landslide_id": "SKM/NS/78A04/2017/02", "state": "Sikkim", "district": "West Sikkim", "location": "Upper Bega SH", "latitude": 27.248833, "longitude": 88.117194, "movement_type": "Debris Slide", "history": null, "event_date": null }, "geometry": { "type": "Point", "coordinates": [ 88.117194, 27.248833 ] } },
{ "type": "Feature", "properties": { "record_id": 26378, "landslide_id": "SKM/ES/78A11/2015/154", "state": "Sikkim", "district": "East Sikkim", "location": "NH-31A", "latitude": 27.250556, "longitude": 88.53325, "movement_type": "Debris Slide", "history": null, "event_date": null }, "geometry": { "type": "Point", "coordinates": [ 88.53325, 27.250556 ] } },
{ "type": "Feature", "properties": { "record_id": 26379, "landslide_id": "SKM/ES/78A11/2015/130", "state": "Sikkim", "district": "East Sikkim", "location": "Machong-Rongli Road", "latitude": 27.250889, "longitude": 88.715444, "movement_type": "Debris Slide", "history": null, "event_date": null }, "geometry": { "type": "Point", "coordinates": [ 88.715444, 27.250889 ] } },
{ "type": "Feature", "properties": { "record_id": 26380, "landslide_id": "SKM/ES/78A11/2015/122", "state": "Sikkim", "district": "East Sikkim", "location": "Machong-Rongli Road", "latitude": 27.250972, "longitude": 88.659833, "movement_type": "Rock Fall", "history": null, "event_date": null }, "geometry": { "type": "Point", "coordinates": [ 88.659833, 27.250972 ] } },
{ "type": "Feature", "properties": { "record_id": 26381, "landslide_id": "SKM/SS/78A07/2015/190", "state": "Sikkim", "district": "South Sikkim", "location": "Ben village Road", "latitude": 27.251417, "longitude": 88.3845, "movement_type": "Debris Slide", "history": null, "event_date": null }, "geometry": { "type": "Point", "coordinates": [ 88.3845, 27.251417 ] } },
{ "type": "Feature", "properties": { "record_id": 26382, "landslide_id": "SK/ESK/78A11/2019/03", "state": "Sikkim", "district": "East Sikkim", "location": "Sang NH10A/ GangtokSiliguri", "latitude": 27.251639, "longitude": 88.531361, "movement_type": "Rock Slide", "history": "2019", "event_date": null }, "geometry": { "type": "Point", "coordinates": [ 88.531361, 27.251639 ] } },
{ "type": "Feature", "properties": { "record_id": 26383, "landslide_id": "SKM/NS/78A03/2017/43", "state": "Sikkim", "district": "West Sikkim", "location": "Hee Sapong SH", "latitude": 27.251722, "longitude": 88.182972, "movement_type": "Debris Slide", "history": null, "event_date": null }, "geometry": { "type": "Point", "coordinates": [ 88.182972, 27.251722 ] } },
{ "type": "Feature", "properties": { "record_id": 26384, "landslide_id": "SKM/NS/78A03/2017/42", "state": "Sikkim", "district": "West Sikkim", "location": "Hee Pool SH", "latitude": 27.252139, "longitude": 88.176944, "movement_type": "Rock Slide", "history": null, "event_date": null }, "geometry": { "type": "Point", "coordinates": [ 88.176944, 27.252139 ] } },
{ "type": "Feature", "properties": { "record_id": 26385, "landslide_id": "SKM/WS/78A07/2015/365", "state": "Sikkim", "district": "West Sikkim", "location": "Kaluk-Rinchenpong Road", "latitude": 27.252167, "longitude": 88.272778, "movement_type": "Rock Fall", "history": null, "event_date": null }, "geometry": { "type": "Point", "coordinates": [ 88.272778, 27.252167 ] } },
{ "type": "Feature", "properties": { "record_id": 26386, "landslide_id": "SKM/ES/78A11/2015/123", "state": "Sikkim", "district": "East Sikkim", "location": "Machong-Rongli Road", "latitude": 27.252667, "longitude": 88.694194, "movement_type": "Debris Slide", "history": null, "event_date": null }, "geometry": { "type": "Point", "coordinates": [ 88.694194, 27.252667 ] } },
{ "type": "Feature", "properties": { "record_id": 26387, "landslide_id": "SKM/NS/78A15/2017/165", "state": "Sikkim", "district": "East Sikkim", "location": "SH", "latitude": 27.253528, "longitude": 88.786111, "movement_type": "Debris Slide", "history": null, "event_date": null }, "geometry": { "type": "Point", "coordinates": [ 88.786111, 27.253528 ] } },
{ "type": "Feature", "properties": { "record_id": 26388, "landslide_id": "SKM/NS/78A03/2017/67", "state": "Sikkim", "district": "West Sikkim", "location": "Martam Ralong SH", "latitude": 27.253889, "longitude": 88.210028, "movement_type": "Debris Slide", "history": null, "event_date": null }, "geometry": { "type": "Point", "coordinates": [ 88.210028, 27.253889 ] } },
{ "type": "Feature", "properties": { "record_id": 26389, "landslide_id": "SKM/WS/78A07/2015/345", "state": "Sikkim", "district": "West Sikkim", "location": "Legship-Rishi Road", "latitude": 27.254222, "longitude": 88.3005, "movement_type": "Debris Slide", "history": null, "event_date": null }, "geometry": { "type": "Point", "coordinates": [ 88.3005, 27.254222 ] } },
{ "type": "Feature", "properties": { "record_id": 26390, "landslide_id": "SKM/NS/78A03/2017/34", "state": "Sikkim", "district": "West Sikkim", "location": "Sangkhu SH", "latitude": 27.254389, "longitude": 88.145306, "movement_type": "Debris Slide", "history": null, "event_date": null }, "geometry": { "type": "Point", "coordinates": [ 88.145306, 27.254389 ] } },
{ "type": "Feature", "properties": { "record_id": 26391, "landslide_id": "SKM/ES/78A11/2015/128", "state": "Sikkim", "district": "East Sikkim", "location": "Machong-Rongli Road", "latitude": 27.25475, "longitude": 88.711, "movement_type": "Debris Slide", "history": null, "event_date": null }, "geometry": { "type": "Point", "coordinates": [ 88.711, 27.25475 ] } },
{ "type": "Feature", "properties": { "record_id": 26392, "landslide_id": "SKM/ES/78A11/2015/155", "state": "Sikkim", "district": "East Sikkim", "location": "NH-31A", "latitude": 27.254778, "longitude": 88.542444, "movement_type": "Debris Slide", "history": null, "event_date": null }, "geometry": { "type": "Point", "coordinates": [ 88.542444, 27.254778 ] } },
{ "type": "Feature", "properties": { "record_id": 26393, "landslide_id": "SKM/SS/78A07/2015/192", "state": "Sikkim", "district": "South Sikkim", "location": "Ben village Road", "latitude": 27.254917, "longitude": 88.390889, "movement_type": "Debris Slide", "history": null, "event_date": null }, "geometry": { "type": "Point", "coordinates": [ 88.390889, 27.254917 ] } },
{ "type": "Feature", "properties": { "record_id": 26394, "landslide_id": "SKM/SS/78A07/2015/193", "state": "Sikkim", "district": "South Sikkim", "location": "Ben village Road", "latitude": 27.255167, "longitude": 88.396944, "movement_type": "Debris Slide", "history": null, "event_date": null }, "geometry": { "type": "Point", "coordinates": [ 88.396944, 27.255167 ] } },
{ "type": "Feature", "properties": { "record_id": 26395, "landslide_id": "SKM/ES/78A11/2015/17", "state": "Sikkim", "district": "East Sikkim", "location": "NH-31A", "latitude": 27.255278, "longitude": 88.543611, "movement_type": "Debris Slide", "history": null, "event_date": null }, "geometry": { "type": "Point", "coordinates": [ 88.543611, 27.255278 ] } },
{ "type": "Feature", "properties": { "record_id": 26396, "landslide_id": "SKM/SS/78A07/2015/191", "state": "Sikkim", "district": "South Sikkim", "location": "Ben village Road", "latitude": 27.255389, "longitude": 88.388944, "movement_type": "Debris Slide", "history": null, "event_date": null }, "geometry": { "type": "Point", "coordinates": [ 88.388944, 27.255389 ] } },
{ "type": "Feature", "properties": { "record_id": 26397, "landslide_id": "SKM/NS/78A03/2017/38", "state": "Sikkim", "district": "West Sikkim", "location": "Sangkhu SH", "latitude": 27.255861, "longitude": 88.156139, "movement_type": "Debris Slide", "history": null, "event_date": null }, "geometry": { "type": "Point", "coordinates": [ 88.156139, 27.255861 ] } },
{ "type": "Feature", "properties": { "record_id": 26398, "landslide_id": "SKM/ES/78A11/2015/127", "state": "Sikkim", "district": "East Sikkim", "location": "Machong-Rongli Road", "latitude": 27.256, "longitude": 88.706167, "movement_type": "Debris Slide", "history": null, "event_date": null }, "geometry": { "type": "Point", "coordinates": [ 88.706167, 27.256 ] } },
{ "type": "Feature", "properties": { "record_id": 26399, "landslide_id": "SKM/NS/78A03/2017/40", "state": "Sikkim", "district": "West Sikkim", "location": "SH", "latitude": 27.256556, "longitude": 88.148722, "movement_type": "Debris Slide", "history": null, "event_date": null }, "geometry": { "type": "Point", "coordinates": [ 88.148722, 27.256556 ] } },
{ "type": "Feature", "properties": { "record_id": 26400, "landslide_id": "SKM/NS/78A03/2017/37", "state": "Sikkim", "district": "West Sikkim", "location": "Sangkhu SH", "latitude": 27.25675, "longitude": 88.148611, "movement_type": "Debris Slide", "history": null, "event_date": null }, "geometry": { "type": "Point", "coordinates": [ 88.148611, 27.25675 ] } },
{ "type": "Feature", "properties": { "record_id": 26401, "landslide_id": "SKM/EAS/78A11/2014/001", "state": "Sikkim", "district": "East Sikkim", "location": "Mangthang Landslide Mangthang (On Dhajey-", "latitude": 27.25677, "longitude": 88.55359, "movement_type": "Debris Slide June", "history": "16 August 2014", "event_date": "2014-08-16T00:00:00" }, "geometry": { "type": "Point", "coordinates": [ 88.55359, 27.25677 ] } },
{ "type": "Feature", "properties": { "record_id": 26402, "landslide_id": "SKM/ES/78A11/2015/15", "state": "Sikkim", "district": "East Sikkim", "location": null, "latitude": 27.257083, "longitude": 88.65975, "movement_type": "Debris Slide", "history": "2014", "event_date": null }, "geometry": { "type": "Point", "coordinates": [ 88.65975, 27.257083 ] } },
{ "type": "Feature", "properties": { "record_id": 26403, "landslide_id": "SKM/ES/78A11/2015/124", "state": "Sikkim", "district": "East Sikkim", "location": "Machong-Rongli Road", "latitude": 27.257083, "longitude": 88.696583, "movement_type": "Debris Slide", "history": null, "event_date": null }, "geometry": { "type": "Point", "coordinates": [ 88.696583, 27.257083 ] } },
{ "type": "Feature", "properties": { "record_id": 26404, "landslide_id": "SKM/ES/78A11/2015/125", "state": "Sikkim", "district": "East Sikkim", "location": "Machong-Rongli Road", "latitude": 27.257139, "longitude": 88.697556, "movement_type": "Debris Slide", "history": null, "event_date": null }, "geometry": { "type": "Point", "coordinates": [ 88.697556, 27.257139 ] } },
{ "type": "Feature", "properties": { "record_id": 26405, "landslide_id": "SKM/WS/78A07/2015/363", "state": "Sikkim", "district": "West Sikkim", "location": "Legship-Mayong Road", "latitude": 27.257194, "longitude": 88.305444, "movement_type": "Debris Slide", "history": null, "event_date": null }, "geometry": { "type": "Point", "coordinates": [ 88.305444, 27.257194 ] } },
{ "type": "Feature", "properties": { "record_id": 26406, "landslide_id": "SKM/NS/78A03/2017/39", "state": "Sikkim", "district": "West Sikkim", "location": "SH", "latitude": 27.257361, "longitude": 88.165333, "movement_type": "Debris Slide", "history": null, "event_date": null }, "geometry": { "type": "Point", "coordinates": [ 88.165333, 27.257361 ] } },
{ "type": "Feature", "properties": { "record_id": 26407, "landslide_id": "SKM/SS/78A07/2015/327", "state": "Sikkim", "district": "South Sikkim", "location": null, "latitude": 27.257417, "longitude": 88.418889, "movement_type": "Debris Slide", "history": null, "event_date": null }, "geometry": { "type": "Point", "coordinates": [ 88.418889, 27.257417 ] } },
{ "type": "Feature", "properties": { "record_id": 26408, "landslide_id": "SKM/ES/78A11/2015/156", "state": "Sikkim", "district": "East Sikkim", "location": "NH-31A", "latitude": 27.257972, "longitude": 88.548861, "movement_type": "Debris Slide", "history": null, "event_date": null }, "geometry": { "type": "Point", "coordinates": [ 88.548861, 27.257972 ] } },
{ "type": "Feature", "properties": { "record_id": 26409, "landslide_id": "SKM/ES/78A11/2015/126", "state": "Sikkim", "district": "East Sikkim", "location": "Machong-Rongli Road", "latitude": 27.258222, "longitude": 88.704778, "movement_type": "Debris Slide", "history": null, "event_date": null }, "geometry": { "type": "Point", "coordinates": [ 88.704778, 27.258222 ] } },
{ "type": "Feature", "properties": { "record_id": 26410, "landslide_id": "SKM/NS/78A03/2017/76", "state": "Sikkim", "district": "West Sikkim", "location": "SH", "latitude": 27.258306, "longitude": 88.245306, "movement_type": "Debris Slide", "history": null, "event_date": null }, "geometry": { "type": "Point", "coordinates": [ 88.245306, 27.258306 ] } },
{ "type": "Feature", "properties": { "record_id": 26411, "landslide_id": "SKM/NS/78A03/2017/78", "state": "Sikkim", "district": "West Sikkim", "location": "SH", "latitude": 27.258389, "longitude": 88.246611, "movement_type": "Debris Slide", "history": null, "event_date": null }, "geometry": { "type": "Point", "coordinates": [ 88.246611, 27.258389 ] } },
{ "type": "Feature", "properties": { "record_id": 26412, "landslide_id": "SKM/NS/78A03/2017/36", "state": "Sikkim", "district": "West Sikkim", "location": "Sangkhu SH", "latitude": 27.258556, "longitude": 88.147028, "movement_type": "Debris Slide", "history": null, "event_date": null }, "geometry": { "type": "Point", "coordinates": [ 88.147028, 27.258556 ] } },
{ "type": "Feature", "properties": { "record_id": 26413, "landslide_id": "SKM/NS/78A03/2017/74", "state": "Sikkim", "district": "West Sikkim", "location": "SH", "latitude": 27.258778, "longitude": 88.202639, "movement_type": "Debris Slide", "history": null, "event_date": null }, "geometry": { "type": "Point", "coordinates": [ 88.202639, 27.258778 ] } },
{ "type": "Feature", "properties": { "record_id": 26414, "landslide_id": "SKM/NS/78A03/2017/35", "state": "Sikkim", "district": "West Sikkim", "location": "Sangkhu SH", "latitude": 27.258889, "longitude": 88.145611, "movement_type": "Rock Fall", "history": null, "event_date": null }, "geometry": { "type": "Point", "coordinates": [ 88.145611, 27.258889 ] } },
{ "type": "Feature", "properties": { "record_id": 26415, "landslide_id": "SKM/SS/78A07/2015/328", "state": "Sikkim", "district": "South Sikkim", "location": null, "latitude": 27.259306, "longitude": 88.423028, "movement_type": "Debris Slide", "history": null, "event_date": null }, "geometry": { "type": "Point", "coordinates": [ 88.423028, 27.259306 ] } },
{ "type": "Feature", "properties": { "record_id": 26416, "landslide_id": "SKM/ES/78A11/2015/18", "state": "Sikkim", "district": "East Sikkim", "location": "NH-31A", "latitude": 27.259694, "longitude": 88.550417, "movement_type": "Debris Slide", "history": null, "event_date": null }, "geometry": { "type": "Point", "coordinates": [ 88.550417, 27.259694 ] } },
{ "type": "Feature", "properties": { "record_id": 26417, "landslide_id": "SKM/NS/78A03/2017/77", "state": "Sikkim", "district": "West Sikkim", "location": "Rat Mathe SH", "latitude": 27.259722, "longitude": 88.248972, "movement_type": "Debris Slide", "history": null, "event_date": null }, "geometry": { "type": "Point", "coordinates": [ 88.248972, 27.259722 ] } },
{ "type": "Feature", "properties": { "record_id": 26418, "landslide_id": "SKM/ES/78A11/2015/129", "state": "Sikkim", "district": "East Sikkim", "location": "Machong-Rongli Road", "latitude": 27.259833, "longitude": 88.711722, "movement_type": "Debris Slide", "history": null, "event_date": null }, "geometry": { "type": "Point", "coordinates": [ 88.711722, 27.259833 ] } },
{ "type": "Feature", "properties": { "record_id": 26420, "landslide_id": "SKM/NS/78A03/2017/41", "state": "Sikkim", "district": "West Sikkim", "location": "Radhu Basti SH", "latitude": 27.260167, "longitude": 88.171889, "movement_type": "Debris Slide", "history": null, "event_date": null }, "geometry": { "type": "Point", "coordinates": [ 88.171889, 27.260167 ] } },
{ "type": "Feature", "properties": { "record_id": 26421, "landslide_id": "SKM/WS/78A07/2015/364", "state": "Sikkim", "district": "West Sikkim", "location": "Legship-Mayong Road", "latitude": 27.260194, "longitude": 88.302417, "movement_type": "Debris Slide", "history": null, "event_date": null }, "geometry": { "type": "Point", "coordinates": [ 88.302417, 27.260194 ] } },
{ "type": "Feature", "properties": { "record_id": 26422, "landslide_id": "SKM/NS/78A03/2017/75", "state": "Sikkim", "district": "West Sikkim", "location": "SH", "latitude": 27.260861, "longitude": 88.233278, "movement_type": "Debris Slide", "history": null, "event_date": null }, "geometry": { "type": "Point", "coordinates": [ 88.233278, 27.260861 ] } },
{ "type": "Feature", "properties": { "record_id": 26423, "landslide_id": "SKM/NS/78A15/2017/164", "state": "Sikkim", "district": "East Sikkim", "location": "SH", "latitude": 27.2615, "longitude": 88.788778, "movement_type": "Debris Slide", "history": null, "event_date": null }, "geometry": { "type": "Point", "coordinates": [ 88.788778, 27.2615 ] } },
{ "type": "Feature", "properties": { "record_id": 26424, "landslide_id": "SKM/WS/78A07/2015/344", "state": "Sikkim", "district": "West Sikkim", "location": "Legship-Rishi Road", "latitude": 27.26175, "longitude": 88.2945, "movement_type": "Debris Slide", "history": null, "event_date": null }, "geometry": { "type": "Point", "coordinates": [ 88.2945, 27.26175 ] } },
{ "type": "Feature", "properties": { "record_id": 26425, "landslide_id": "SKM/NS/78A03/2017/66", "state": "Sikkim", "district": "West Sikkim", "location": "SH", "latitude": 27.261778, "longitude": 88.197194, "movement_type": "Debris Slide", "history": null, "event_date": null }, "geometry": { "type": "Point", "coordinates": [ 88.197194, 27.261778 ] } },
{ "type": "Feature", "properties": { "record_id": 26426, "landslide_id": "SKM/SS/78A07/2015/329", "state": "Sikkim", "district": "South Sikkim", "location": null, "latitude": 27.262056, "longitude": 88.4305, "movement_type": "Debris Slide", "history": null, "event_date": null }, "geometry": { "type": "Point", "coordinates": [ 88.4305, 27.262056 ] } },
{ "type": "Feature", "properties": { "record_id": 26427, "landslide_id": "SKM/ES/78A11/2015/158", "state": "Sikkim", "district": "East Sikkim", "location": "NH-31A", "latitude": 27.262583, "longitude": 88.562389, "movement_type": "Debris Slide", "history": null, "event_date": null }, "geometry": { "type": "Point", "coordinates": [ 88.562389, 27.262583 ] } },
{ "type": "Feature", "properties": { "record_id": 26428, "landslide_id": "SKM/SS/78A07/2015/290", "state": "Sikkim", "district": "South Sikkim", "location": "Gangla village Road", "latitude": 27.263194, "longitude": 88.377139, "movement_type": "Debris Slide", "history": null, "event_date": null }, "geometry": { "type": "Point", "coordinates": [ 88.377139, 27.263194 ] } },
{ "type": "Feature", "properties": { "record_id": 26429, "landslide_id": "SKM/NS/78A15/2017/163", "state": "Sikkim", "district": "East Sikkim", "location": "SH", "latitude": 27.263278, "longitude": 88.786667, "movement_type": "Debris Slide", "history": null, "event_date": null }, "geometry": { "type": "Point", "coordinates": [ 88.786667, 27.263278 ] } },
{ "type": "Feature", "properties": { "record_id": 26430, "landslide_id": "SKM/ES/78A11/2015/157", "state": "Sikkim", "district": "East Sikkim", "location": "NH-31A", "latitude": 27.264361, "longitude": 88.558389, "movement_type": "Debris Slide", "history": null, "event_date": null }, "geometry": { "type": "Point", "coordinates": [ 88.558389, 27.264361 ] } },
{ "type": "Feature", "properties": { "record_id": 26431, "landslide_id": "SKM/NS/78A15/2017/160", "state": "Sikkim", "district": "East Sikkim", "location": "SH", "latitude": 27.264694, "longitude": 88.792667, "movement_type": "Debris Slide", "history": null, "event_date": null }, "geometry": { "type": "Point", "coordinates": [ 88.792667, 27.264694 ] } },
{ "type": "Feature", "properties": { "record_id": 26432, "landslide_id": "SKM/NS/78A15/2017/161", "state": "Sikkim", "district": "East Sikkim", "location": "SH", "latitude": 27.26525, "longitude": 88.789556, "movement_type": "Debris Slide", "history": null, "event_date": null }, "geometry": { "type": "Point", "coordinates": [ 88.789556, 27.26525 ] } },
{ "type": "Feature", "properties": { "record_id": 26433, "landslide_id": "SKM/NS/78A15/2017/162", "state": "Sikkim", "district": "East Sikkim", "location": "SH", "latitude": 27.265389, "longitude": 88.788278, "movement_type": "Debris Slide", "history": null, "event_date": null }, "geometry": { "type": "Point", "coordinates": [ 88.788278, 27.265389 ] } },
{ "type": "Feature", "properties": { "record_id": 26434, "landslide_id": "SKM/ES/78A11/2015/40", "state": "Sikkim", "district": "East Sikkim", "location": "Martam NULL", "latitude": 27.265944, "longitude": 88.534556, "movement_type": "Rock Fall", "history": null, "event_date": null }, "geometry": { "type": "Point", "coordinates": [ 88.534556, 27.265944 ] } },
{ "type": "Feature", "properties": { "record_id": 26435, "landslide_id": "SKM/WS/78A07/2015/343", "state": "Sikkim", "district": "West Sikkim", "location": "Legship-Rishi Road", "latitude": 27.268944, "longitude": 88.2875, "movement_type": "Debris Slide", "history": null, "event_date": null }, "geometry": { "type": "Point", "coordinates": [ 88.2875, 27.268944 ] } },
{ "type": "Feature", "properties": { "record_id": 26436, "landslide_id": "SKM/NS/78A03/2017/19", "state": "Sikkim", "district": "West Sikkim", "location": "Liching SH", "latitude": 27.269556, "longitude": 88.137861, "movement_type": "Debris Slide", "history": null, "event_date": null }, "geometry": { "type": "Point", "coordinates": [ 88.137861, 27.269556 ] } },
{ "type": "Feature", "properties": { "record_id": 26437, "landslide_id": "SKM/NS/78A03/2017/18", "state": "Sikkim", "district": "West Sikkim", "location": "Som SH", "latitude": 27.269778, "longitude": 88.144278, "movement_type": "Debris Slide", "history": null, "event_date": null }, "geometry": { "type": "Point", "coordinates": [ 88.144278, 27.269778 ] } },
{ "type": "Feature", "properties": { "record_id": 26438, "landslide_id": "SKM/NS/78A03/2017/31", "state": "Sikkim", "district": "West Sikkim", "location": "Sapong SH", "latitude": 27.269861, "longitude": 88.178139, "movement_type": "Debris Slide", "history": null, "event_date": null }, "geometry": { "type": "Point", "coordinates": [ 88.178139, 27.269861 ] } },
{ "type": "Feature", "properties": { "record_id": 26439, "landslide_id": "SKM/NS/78A03/2017/03", "state": "Sikkim", "district": "West Sikkim", "location": "SH", "latitude": 27.269917, "longitude": 88.077111, "movement_type": "Debris Slide", "history": null, "event_date": null }, "geometry": { "type": "Point", "coordinates": [ 88.077111, 27.269917 ] } },
{ "type": "Feature", "properties": { "record_id": 26441, "landslide_id": "SKM/SS/78A07/2015/330", "state": "Sikkim", "district": "South Sikkim", "location": "Robang-Tarku Road", "latitude": 27.270056, "longitude": 88.430139, "movement_type": "Debris Slide", "history": null, "event_date": null }, "geometry": { "type": "Point", "coordinates": [ 88.430139, 27.270056 ] } },
{ "type": "Feature", "properties": { "record_id": 26442, "landslide_id": "SKM/NS/78A03/2017/32", "state": "Sikkim", "district": "West Sikkim", "location": "Sapong SH", "latitude": 27.270056, "longitude": 88.174444, "movement_type": "Debris Slide", "history": null, "event_date": null }, "geometry": { "type": "Point", "coordinates": [ 88.174444, 27.270056 ] } },
{ "type": "Feature", "properties": { "record_id": 26443, "landslide_id": "SKM/NS/78A03/2017/17", "state": "Sikkim", "district": "West Sikkim", "location": "Jhum Khola SH", "latitude": 27.270667, "longitude": 88.142056, "movement_type": "Rock Fall", "history": null, "event_date": null }, "geometry": { "type": "Point", "coordinates": [ 88.142056, 27.270667 ] } },
{ "type": "Feature", "properties": { "record_id": 26444, "landslide_id": "SKM/NS/78A03/2017/33", "state": "Sikkim", "district": "West Sikkim", "location": "Lower Sapong SH", "latitude": 27.27075, "longitude": 88.167417, "movement_type": "Debris Slide", "history": null, "event_date": null }, "geometry": { "type": "Point", "coordinates": [ 88.167417, 27.27075 ] } },
{ "type": "Feature", "properties": { "record_id": 26445, "landslide_id": "SKM/SS/78A07/2015/331", "state": "Sikkim", "district": "South Sikkim", "location": "Robang-Tarku Road", "latitude": 27.271583, "longitude": 88.430389, "movement_type": "Debris Slide", "history": null, "event_date": null }, "geometry": { "type": "Point", "coordinates": [ 88.430389, 27.271583 ] } },
{ "type": "Feature", "properties": { "record_id": 26446, "landslide_id": "SKM/SS/78A07/2015/286", "state": "Sikkim", "district": "South Sikkim", "location": "Gangla village Road", "latitude": 27.272056, "longitude": 88.394139, "movement_type": "Debris Slide", "history": null, "event_date": null }, "geometry": { "type": "Point", "coordinates": [ 88.394139, 27.272056 ] } },
{ "type": "Feature", "properties": { "record_id": 26447, "landslide_id": "SKM/SS/78A07/2015/285", "state": "Sikkim", "district": "South Sikkim", "location": "Sangmo village Road", "latitude": 27.273083, "longitude": 88.389528, "movement_type": "Debris Slide", "history": null, "event_date": null }, "geometry": { "type": "Point", "coordinates": [ 88.389528, 27.273083 ] } },
{ "type": "Feature", "properties": { "record_id": 26448, "landslide_id": "SKM/WS/78A07/2015/362", "state": "Sikkim", "district": "West Sikkim", "location": null, "latitude": 27.27325, "longitude": 88.303417, "movement_type": "Debris Slide", "history": null, "event_date": null }, "geometry": { "type": "Point", "coordinates": [ 88.303417, 27.27325 ] } },
{ "type": "Feature", "properties": { "record_id": 26449, "landslide_id": "SKM/SS/78A07/2015/287", "state": "Sikkim", "district": "South Sikkim", "location": "Gangla village Road", "latitude": 27.273861, "longitude": 88.398722, "movement_type": "Debris Slide", "history": null, "event_date": null }, "geometry": { "type": "Point", "coordinates": [ 88.398722, 27.273861 ] } },
{ "type": "Feature", "properties": { "record_id": 26450, "landslide_id": "SKM/WS/78A07/2015/361", "state": "Sikkim", "district": "West Sikkim", "location": null, "latitude": 27.2755, "longitude": 88.308056, "movement_type": "Debris Slide", "history": null, "event_date": null }, "geometry": { "type": "Point", "coordinates": [ 88.308056, 27.2755 ] } },
{ "type": "Feature", "properties": { "record_id": 26451, "landslide_id": "SKM/NS/78A03/2017/04", "state": "Sikkim", "district": "West Sikkim", "location": "Kachapati SH", "latitude": 27.27575, "longitude": 88.084972, "movement_type": "Debris Slide", "history": null, "event_date": null }, "geometry": { "type": "Point", "coordinates": [ 88.084972, 27.27575 ] } },
{ "type": "Feature", "properties": { "record_id": 26452, "landslide_id": "SKM/WS/78A07/2015/358", "state": "Sikkim", "district": "West Sikkim", "location": "Legship-Geyzing Road", "latitude": 27.275917, "longitude": 88.254278, "movement_type": "Rock Slide", "history": null, "event_date": null }, "geometry": { "type": "Point", "coordinates": [ 88.254278, 27.275917 ] } },
{ "type": "Feature", "properties": { "record_id": 26453, "landslide_id": "SKM/SS/78A07/2015/288", "state": "Sikkim", "district": "South Sikkim", "location": "Gangla village Road", "latitude": 27.276167, "longitude": 88.398722, "movement_type": "Debris Slide", "history": null, "event_date": null }, "geometry": { "type": "Point", "coordinates": [ 88.398722, 27.276167 ] } },
{ "type": "Feature", "properties": { "record_id": 26454, "landslide_id": "SKM/SS/78A07/2015/332", "state": "Sikkim", "district": "South Sikkim", "location": "Robang-Tarku Road", "latitude": 27.279889, "longitude": 88.436472, "movement_type": "Debris Slide", "history": null, "event_date": null }, "geometry": { "type": "Point", "coordinates": [ 88.436472, 27.279889 ] } },
{ "type": "Feature", "properties": { "record_id": 26455, "landslide_id": "SKM/NS/78A15/2017/159", "state": "Sikkim", "district": "East Sikkim", "location": "Lungthang SH", "latitude": 27.279972, "longitude": 88.804278, "movement_type": "Debris Slide", "history": null, "event_date": null }, "geometry": { "type": "Point", "coordinates": [ 88.804278, 27.279972 ] } },
{ "type": "Feature", "properties": { "record_id": 26456, "landslide_id": "SKM/NS/78A03/2017/23", "state": "Sikkim", "district": "West Sikkim", "location": "Sardong SH", "latitude": 27.279972, "longitude": 88.186917, "movement_type": "Debris Slide", "history": null, "event_date": null }, "geometry": { "type": "Point", "coordinates": [ 88.186917, 27.279972 ] } },
{ "type": "Feature", "properties": { "record_id": 26457, "landslide_id": "SKM/NS/78A03/2017/26", "state": "Sikkim", "district": "West Sikkim", "location": "Lungzick SH", "latitude": 27.280667, "longitude": 88.190861, "movement_type": "Debris Slide", "history": null, "event_date": null }, "geometry": { "type": "Point", "coordinates": [ 88.190861, 27.280667 ] } },
{ "type": "Feature", "properties": { "record_id": 26458, "landslide_id": "SKM/NS/78A03/2017/05", "state": "Sikkim", "district": "West Sikkim", "location": "SH", "latitude": 27.280889, "longitude": 88.084333, "movement_type": "Debris Slide", "history": null, "event_date": null }, "geometry": { "type": "Point", "coordinates": [ 88.084333, 27.280889 ] } },
{ "type": "Feature", "properties": { "record_id": 26459, "landslide_id": "SKM/NS/78A03/2017/28", "state": "Sikkim", "district": "West Sikkim", "location": "Arigown SH", "latitude": 27.281028, "longitude": 88.227667, "movement_type": "Debris Slide", "history": null, "event_date": null }, "geometry": { "type": "Point", "coordinates": [ 88.227667, 27.281028 ] } },
{ "type": "Feature", "properties": { "record_id": 26460, "landslide_id": "SKM/NS/78A03/2017/22", "state": "Sikkim", "district": "West Sikkim", "location": "Sardong SH", "latitude": 27.281444, "longitude": 88.187833, "movement_type": "Debris Slide", "history": null, "event_date": null }, "geometry": { "type": "Point", "coordinates": [ 88.187833, 27.281444 ] } },
{ "type": "Feature", "properties": { "record_id": 26461, "landslide_id": "SKM/NS/78A03/2017/29", "state": "Sikkim", "district": "West Sikkim", "location": "Arigown SH", "latitude": 27.281611, "longitude": 88.229556, "movement_type": "Debris Slide", "history": null, "event_date": null }, "geometry": { "type": "Point", "coordinates": [ 88.229556, 27.281611 ] } },
{ "type": "Feature", "properties": { "record_id": 26462, "landslide_id": "SKM/SS/78A07/2015/334", "state": "Sikkim", "district": "South Sikkim", "location": "Robang-Tarku Road", "latitude": 27.282, "longitude": 88.415028, "movement_type": "Debris Slide", "history": null, "event_date": null }, "geometry": { "type": "Point", "coordinates": [ 88.415028, 27.282 ] } },
{ "type": "Feature", "properties": { "record_id": 26463, "landslide_id": "SKM/ES/78A11/2015/97", "state": "Sikkim", "district": "East Sikkim", "location": null, "latitude": 27.282444, "longitude": 88.598917, "movement_type": "Debris Slide", "history": null, "event_date": null }, "geometry": { "type": "Point", "coordinates": [ 88.598917, 27.282444 ] } },
{ "type": "Feature", "properties": { "record_id": 26464, "landslide_id": "SKM/NS/78A03/2017/09", "state": "Sikkim", "district": "West Sikkim", "location": "Sarkitar SH", "latitude": 27.282667, "longitude": 88.108278, "movement_type": "Debris Slide", "history": null, "event_date": null }, "geometry": { "type": "Point", "coordinates": [ 88.108278, 27.282667 ] } },
{ "type": "Feature", "properties": { "record_id": 26465, "landslide_id": "SKM/NS/78A03/2017/21", "state": "Sikkim", "district": "West Sikkim", "location": "Sardong SH", "latitude": 27.282917, "longitude": 88.189556, "movement_type": "Debris Slide", "history": null, "event_date": null }, "geometry": { "type": "Point", "coordinates": [ 88.189556, 27.282917 ] } },
{ "type": "Feature", "properties": { "record_id": 26466, "landslide_id": "SKM/NS/78A03/2017/08", "state": "Sikkim", "district": "West Sikkim", "location": "SH", "latitude": 27.283194, "longitude": 88.106667, "movement_type": "Debris Slide", "history": null, "event_date": null }, "geometry": { "type": "Point", "coordinates": [ 88.106667, 27.283194 ] } },
{ "type": "Feature", "properties": { "record_id": 26467, "landslide_id": "SKM/NS/78A03/2017/25", "state": "Sikkim", "district": "West Sikkim", "location": "SH", "latitude": 27.283444, "longitude": 88.192639, "movement_type": "Debris Slide", "history": null, "event_date": null }, "geometry": { "type": "Point", "coordinates": [ 88.192639, 27.283444 ] } },
{ "type": "Feature", "properties": { "record_id": 26468, "landslide_id": "SKM/NS/78A03/2017/20", "state": "Sikkim", "district": "West Sikkim", "location": "Sardong SH", "latitude": 27.283639, "longitude": 88.189944, "movement_type": "Debris Slide", "history": null, "event_date": null }, "geometry": { "type": "Point", "coordinates": [ 88.189944, 27.283639 ] } },
{ "type": "Feature", "properties": { "record_id": 26469, "landslide_id": "SK/EAS/78A11/2014/01", "state": "Sikkim", "district": "East Sikkim", "location": "Dhankutey dhara Slide 3km away from Rumtek on", "latitude": 27.28408, "longitude": 88.54611, "movement_type": "Earth Slide", "history": "28 August 2013", "event_date": "2013-08-28T00:00:00" }, "geometry": { "type": "Point", "coordinates": [ 88.54611, 27.28408 ] } },
{ "type": "Feature", "properties": { "record_id": 26470, "landslide_id": "SKM/WS/78A07/2015/359", "state": "Sikkim", "district": "West Sikkim", "location": "Legship-Geyzing Road", "latitude": 27.284139, "longitude": 88.264889, "movement_type": "Debris Slide", "history": null, "event_date": null }, "geometry": { "type": "Point", "coordinates": [ 88.264889, 27.284139 ] } },
{ "type": "Feature", "properties": { "record_id": 26471, "landslide_id": "SKM/SS/78A07/2015/291", "state": "Sikkim", "district": "South Sikkim", "location": "Gangla village Road", "latitude": 27.28425, "longitude": 88.370056, "movement_type": "Debris Slide", "history": null, "event_date": null }, "geometry": { "type": "Point", "coordinates": [ 88.370056, 27.28425 ] } },
{ "type": "Feature", "properties": { "record_id": 26472, "landslide_id": "SKM/NS/78A03/2017/24", "state": "Sikkim", "district": "West Sikkim", "location": "SH", "latitude": 27.284528, "longitude": 88.195583, "movement_type": "Debris Slide", "history": null, "event_date": null }, "geometry": { "type": "Point", "coordinates": [ 88.195583, 27.284528 ] } },
{ "type": "Feature", "properties": { "record_id": 26473, "landslide_id": "SKM/NS/78A03/2017/10", "state": "Sikkim", "district": "West Sikkim", "location": "SH", "latitude": 27.28475, "longitude": 88.106194, "movement_type": "Rock Fall", "history": null, "event_date": null }, "geometry": { "type": "Point", "coordinates": [ 88.106194, 27.28475 ] } },
{ "type": "Feature", "properties": { "record_id": 26474, "landslide_id": "SKM/NS/78A03/2017/27", "state": "Sikkim", "district": "West Sikkim", "location": "Sardong SH", "latitude": 27.285, "longitude": 88.197583, "movement_type": "Debris Slide", "history": null, "event_date": null }, "geometry": { "type": "Point", "coordinates": [ 88.197583, 27.285 ] } },
{ "type": "Feature", "properties": { "record_id": 26475, "landslide_id": "SKM/SS/78A07/2015/292", "state": "Sikkim", "district": "South Sikkim", "location": "Gangla village Road", "latitude": 27.287194, "longitude": 88.369444, "movement_type": "Debris Slide", "history": null, "event_date": null }, "geometry": { "type": "Point", "coordinates": [ 88.369444, 27.287194 ] } },
{ "type": "Feature", "properties": { "record_id": 26476, "landslide_id": "SKM/NS/78A03/2017/11", "state": "Sikkim", "district": "West Sikkim", "location": "SH", "latitude": 27.287361, "longitude": 88.102611, "movement_type": "Debris Slide", "history": null, "event_date": null }, "geometry": { "type": "Point", "coordinates": [ 88.102611, 27.287361 ] } },
{ "type": "Feature", "properties": { "record_id": 26477, "landslide_id": "SKM/NS/78A03/2017/13", "state": "Sikkim", "district": "West Sikkim", "location": "SH", "latitude": 27.288167, "longitude": 88.102778, "movement_type": "Rock Fall", "history": null, "event_date": null }, "geometry": { "type": "Point", "coordinates": [ 88.102778, 27.288167 ] } },
{ "type": "Feature", "properties": { "record_id": 26478, "landslide_id": "SKM/NS/78A03/2017/12", "state": "Sikkim", "district": "West Sikkim", "location": "SH", "latitude": 27.288444, "longitude": 88.102667, "movement_type": "Rock Fall", "history": null, "event_date": null }, "geometry": { "type": "Point", "coordinates": [ 88.102667, 27.288444 ] } },
{ "type": "Feature", "properties": { "record_id": 26479, "landslide_id": "SKM/NS/78A15/2017/158", "state": "Sikkim", "district": "East Sikkim", "location": "SH", "latitude": 27.288667, "longitude": 88.816111, "movement_type": "Debris Slide", "history": null, "event_date": null }, "geometry": { "type": "Point", "coordinates": [ 88.816111, 27.288667 ] } },
{ "type": "Feature", "properties": { "record_id": 26480, "landslide_id": "SKM/NS/78A03/2017/06", "state": "Sikkim", "district": "West Sikkim", "location": "SH", "latitude": 27.289861, "longitude": 88.084389, "movement_type": "Debris Slide", "history": null, "event_date": null }, "geometry": { "type": "Point", "coordinates": [ 88.084389, 27.289861 ] } },
{ "type": "Feature", "properties": { "record_id": 26481, "landslide_id": "SKM/NS/78A15/2017/157", "state": "Sikkim", "district": "East Sikkim", "location": "Nathang Valley SH", "latitude": 27.292583, "longitude": 88.820417, "movement_type": "Debris Slide", "history": null, "event_date": null }, "geometry": { "type": "Point", "coordinates": [ 88.820417, 27.292583 ] } },
{ "type": "Feature", "properties": { "record_id": 26482, "landslide_id": "SKM/ES/78A11/2015/159", "state": "Sikkim", "district": "East Sikkim", "location": "NH-31A", "latitude": 27.292944, "longitude": 88.589417, "movement_type": "Debris Slide", "history": null, "event_date": null }, "geometry": { "type": "Point", "coordinates": [ 88.589417, 27.292944 ] } },
{ "type": "Feature", "properties": { "record_id": 26483, "landslide_id": "SKM/WS/78A07/2015/380", "state": "Sikkim", "district": "West Sikkim", "location": null, "latitude": 27.293417, "longitude": 88.294917, "movement_type": "Debris Slide", "history": null, "event_date": null }, "geometry": { "type": "Point", "coordinates": [ 88.294917, 27.293417 ] } },
{ "type": "Feature", "properties": { "record_id": 26484, "landslide_id": "SKM/ES/78A11/2015/98", "state": "Sikkim", "district": "East Sikkim", "location": "Namok Road", "latitude": 27.293556, "longitude": 88.642056, "movement_type": "Debris Slide", "history": null, "event_date": null }, "geometry": { "type": "Point", "coordinates": [ 88.642056, 27.293556 ] } },
{ "type": "Feature", "properties": { "record_id": 26485, "landslide_id": "SKM/NS/78A03/2017/07", "state": "Sikkim", "district": "West Sikkim", "location": "Kumuk SH", "latitude": 27.294889, "longitude": 88.079944, "movement_type": "Debris Slide", "history": null, "event_date": null }, "geometry": { "type": "Point", "coordinates": [ 88.079944, 27.294889 ] } },
{ "type": "Feature", "properties": { "record_id": 26486, "landslide_id": "SKM/NS/78A03/2017/14", "state": "Sikkim", "district": "West Sikkim", "location": "SH", "latitude": 27.29525, "longitude": 88.102694, "movement_type": "Debris Slide", "history": null, "event_date": null }, "geometry": { "type": "Point", "coordinates": [ 88.102694, 27.29525 ] } },
{ "type": "Feature", "properties": { "record_id": 26487, "landslide_id": "SKM/NS/78A03/2017/16", "state": "Sikkim", "district": "West Sikkim", "location": "SH", "latitude": 27.295444, "longitude": 88.094583, "movement_type": "Debris Slide", "history": null, "event_date": null }, "geometry": { "type": "Point", "coordinates": [ 88.094583, 27.295444 ] } },
{ "type": "Feature", "properties": { "record_id": 26488, "landslide_id": "SKM/NS/78A03/2017/15", "state": "Sikkim", "district": "West Sikkim", "location": "SH", "latitude": 27.296028, "longitude": 88.10175, "movement_type": "Debris Slide", "history": null, "event_date": null }, "geometry": { "type": "Point", "coordinates": [ 88.10175, 27.296028 ] } },
{ "type": "Feature", "properties": { "record_id": 26489, "landslide_id": "SKM/SS/78A07/2015/335", "state": "Sikkim", "district": "South Sikkim", "location": "Robang-Tarku Road", "latitude": 27.297139, "longitude": 88.388472, "movement_type": "Debris Slide", "history": null, "event_date": null }, "geometry": { "type": "Point", "coordinates": [ 88.388472, 27.297139 ] } },
{ "type": "Feature", "properties": { "record_id": 26490, "landslide_id": "SKM/SS/78A07/2015/338", "state": "Sikkim", "district": "South Sikkim", "location": "Lingmo village Road", "latitude": 27.29975, "longitude": 88.419778, "movement_type": "Debris Slide", "history": null, "event_date": null }, "geometry": { "type": "Point", "coordinates": [ 88.419778, 27.29975 ] } },
{ "type": "Feature", "properties": { "record_id": 26491, "landslide_id": "SKM/NS/78A03/2017/46", "state": "Sikkim", "district": "West Sikkim", "location": "Singdong SH", "latitude": 27.301972, "longitude": 88.218778, "movement_type": "Debris Slide", "history": null, "event_date": null }, "geometry": { "type": "Point", "coordinates": [ 88.218778, 27.301972 ] } },
{ "type": "Feature", "properties": { "record_id": 26492, "landslide_id": "SKM/SS/78A07/2015/284", "state": "Sikkim", "district": "South Sikkim", "location": "Sangmo village Road", "latitude": 27.302861, "longitude": 88.373944, "movement_type": "Debris Slide", "history": null, "event_date": null }, "geometry": { "type": "Point", "coordinates": [ 88.373944, 27.302861 ] } },
{ "type": "Feature", "properties": { "record_id": 26493, "landslide_id": "SKM/SS/78A07/2015/333", "state": "Sikkim", "district": "South Sikkim", "location": "Robang-Tarku Road", "latitude": 27.303083, "longitude": 88.433167, "movement_type": "Debris Slide", "history": null, "event_date": null }, "geometry": { "type": "Point", "coordinates": [ 88.433167, 27.303083 ] } },
{ "type": "Feature", "properties": { "record_id": 26494, "landslide_id": "SKM/NS/78A03/2017/107", "state": "Sikkim", "district": "West Sikkim", "location": "SH", "latitude": 27.304028, "longitude": 88.178806, "movement_type": "Debris Slide", "history": null, "event_date": null }, "geometry": { "type": "Point", "coordinates": [ 88.178806, 27.304028 ] } },
{ "type": "Feature", "properties": { "record_id": 26495, "landslide_id": "SKM/NS/78A03/2017/47", "state": "Sikkim", "district": "West Sikkim", "location": "Singdong SH", "latitude": 27.30675, "longitude": 88.199083, "movement_type": "Rock Slide", "history": null, "event_date": null }, "geometry": { "type": "Point", "coordinates": [ 88.199083, 27.30675 ] } },
{ "type": "Feature", "properties": { "record_id": 26496, "landslide_id": "SKM/SS/78A07/2015/336", "state": "Sikkim", "district": "South Sikkim", "location": "Robang-Tarku Road", "latitude": 27.306806, "longitude": 88.375194, "movement_type": "Debris Slide", "history": null, "event_date": null }, "geometry": { "type": "Point", "coordinates": [ 88.375194, 27.306806 ] } },
{ "type": "Feature", "properties": { "record_id": 26497, "landslide_id": "SKM/SS/78A07/2015/283", "state": "Sikkim", "district": "South Sikkim", "location": "Sangmo village Road", "latitude": 27.306861, "longitude": 88.368444, "movement_type": "Debris Slide", "history": null, "event_date": null }, "geometry": { "type": "Point", "coordinates": [ 88.368444, 27.306861 ] } },
{ "type": "Feature", "properties": { "record_id": 26498, "landslide_id": "SKM/SS/78A07/2015/337", "state": "Sikkim", "district": "South Sikkim", "location": "Lingmo village Road", "latitude": 27.311667, "longitude": 88.418611, "movement_type": "Debris Subsidence", "history": null, "event_date": null }, "geometry": { "type": "Point", "coordinates": [ 88.418611, 27.311667 ] } },
{ "type": "Feature", "properties": { "record_id": 26499, "landslide_id": "SKM/NS/78A03/2017/48", "state": "Sikkim", "district": "West Sikkim", "location": "Rimbi SH", "latitude": 27.313722, "longitude": 88.189917, "movement_type": "Rock Slide", "history": null, "event_date": null }, "geometry": { "type": "Point", "coordinates": [ 88.189917, 27.313722 ] } },
{ "type": "Feature", "properties": { "record_id": 26500, "landslide_id": "SKM/ES/78A11/2015/42", "state": "Sikkim", "district": "East Sikkim", "location": "Lingdum Road", "latitude": 27.313917, "longitude": 88.557583, "movement_type": "Debris Slide", "history": null, "event_date": null }, "geometry": { "type": "Point", "coordinates": [ 88.557583, 27.313917 ] } },
{ "type": "Feature", "properties": { "record_id": 26501, "landslide_id": "SKM/NS/78A15/2017/156", "state": "Sikkim", "district": "East Sikkim", "location": "Purana Baba Mandir SH", "latitude": 27.3145, "longitude": 88.8365, "movement_type": "Debris Slide", "history": null, "event_date": null }, "geometry": { "type": "Point", "coordinates": [ 88.8365, 27.3145 ] } },
{ "type": "Feature", "properties": { "record_id": 26502, "landslide_id": "SKM/SS/78A07/2015/340", "state": "Sikkim", "district": "South Sikkim", "location": "Lingmo village Road", "latitude": 27.314694, "longitude": 88.417917, "movement_type": "Debris Subsidence", "history": null, "event_date": null }, "geometry": { "type": "Point", "coordinates": [ 88.417917, 27.314694 ] } },
{ "type": "Feature", "properties": { "record_id": 26503, "landslide_id": "SKM/ES/78A11/2015/41", "state": "Sikkim", "district": "East Sikkim", "location": "Lingdum Road", "latitude": 27.315028, "longitude": 88.558139, "movement_type": "Rock Fall", "history": null, "event_date": null }, "geometry": { "type": "Point", "coordinates": [ 88.558139, 27.315028 ] } },
{ "type": "Feature", "properties": { "record_id": 26504, "landslide_id": "SKM/ES/78A11/2015/43", "state": "Sikkim", "district": "East Sikkim", "location": "Lingdum Road", "latitude": 27.315028, "longitude": 88.558611, "movement_type": "Debris Slide", "history": null, "event_date": null }, "geometry": { "type": "Point", "coordinates": [ 88.558611, 27.315028 ] } },
{ "type": "Feature", "properties": { "record_id": 26505, "landslide_id": "SKM/ES/78A11/2015/47", "state": "Sikkim", "district": "East Sikkim", "location": "Khamdong NULL", "latitude": 27.315083, "longitude": 88.506056, "movement_type": "Debris Slide", "history": null, "event_date": null }, "geometry": { "type": "Point", "coordinates": [ 88.506056, 27.315083 ] } },
{ "type": "Feature", "properties": { "record_id": 26506, "landslide_id": "SKM/NS/78A03/2017/62", "state": "Sikkim", "district": "West Sikkim", "location": "SH", "latitude": 27.315778, "longitude": 88.178944, "movement_type": "Debris Slide", "history": null, "event_date": null }, "geometry": { "type": "Point", "coordinates": [ 88.178944, 27.315778 ] } },
{ "type": "Feature", "properties": { "record_id": 26507, "landslide_id": "SKM/ES/78A11/2015/44", "state": "Sikkim", "district": "East Sikkim", "location": "Sangmoo Lingdum Road", "latitude": 27.316, "longitude": 88.559889, "movement_type": "Rock Slide", "history": null, "event_date": null }, "geometry": { "type": "Point", "coordinates": [ 88.559889, 27.316 ] } },
{ "type": "Feature", "properties": { "record_id": 26508, "landslide_id": "SKM/NS/78A03/2017/63", "state": "Sikkim", "district": "West Sikkim", "location": "SH", "latitude": 27.316583, "longitude": 88.178917, "movement_type": "Debris Slide", "history": null, "event_date": null }, "geometry": { "type": "Point", "coordinates": [ 88.178917, 27.316583 ] } },
{ "type": "Feature", "properties": { "record_id": 26509, "landslide_id": "SKM/ES/78A11/2015/45", "state": "Sikkim", "district": "East Sikkim", "location": "Lingdum Lingdum Road", "latitude": 27.316944, "longitude": 88.560056, "movement_type": "Rock Fall", "history": null, "event_date": null }, "geometry": { "type": "Point", "coordinates": [ 88.560056, 27.316944 ] } },
{ "type": "Feature", "properties": { "record_id": 26510, "landslide_id": "SKM/NS/78A03/2017/64", "state": "Sikkim", "district": "West Sikkim", "location": "SH", "latitude": 27.317083, "longitude": 88.178556, "movement_type": "Debris Slide", "history": null, "event_date": null }, "geometry": { "type": "Point", "coordinates": [ 88.178556, 27.317083 ] } },
{ "type": "Feature", "properties": { "record_id": 26511, "landslide_id": "SKM/NS/78A03/2017/61", "state": "Sikkim", "district": "West Sikkim", "location": "SH", "latitude": 27.317417, "longitude": 88.182861, "movement_type": "Debris Slide", "history": null, "event_date": null }, "geometry": { "type": "Point", "coordinates": [ 88.182861, 27.317417 ] } },
{ "type": "Feature", "properties": { "record_id": 26512, "landslide_id": "SK/WES/78A03/2014/02", "state": "Sikkim", "district": "West Sikkim", "location": "Tamabung slide Tamabung (On Dharap-Nambu", "latitude": 27.31892, "longitude": 88.16222, "movement_type": "Debris Flow", "history": "1 September 2013 at 21:30 hrs.", "event_date": "2013-09-01T00:00:00" }, "geometry": { "type": "Point", "coordinates": [ 88.16222, 27.31892 ] } },
{ "type": "Feature", "properties": { "record_id": 26513, "landslide_id": "SKM/NS/78A03/2017/65", "state": "Sikkim", "district": "West Sikkim", "location": "SH", "latitude": 27.320111, "longitude": 88.177833, "movement_type": "Debris Slide", "history": null, "event_date": null }, "geometry": { "type": "Point", "coordinates": [ 88.177833, 27.320111 ] } },
{ "type": "Feature", "properties": { "record_id": 26514, "landslide_id": "SKM/NS/78A03/2017/49", "state": "Sikkim", "district": "West Sikkim", "location": "Lower Melli SH", "latitude": 27.320611, "longitude": 88.219611, "movement_type": "Debris Slide", "history": null, "event_date": null }, "geometry": { "type": "Point", "coordinates": [ 88.219611, 27.320611 ] } },
{ "type": "Feature", "properties": { "record_id": 26515, "landslide_id": "SKM/NS/78A03/2017/59", "state": "Sikkim", "district": "West Sikkim", "location": "SH", "latitude": 27.324944, "longitude": 88.213861, "movement_type": "Debris Slide", "history": null, "event_date": null }, "geometry": { "type": "Point", "coordinates": [ 88.213861, 27.324944 ] } },
{ "type": "Feature", "properties": { "record_id": 26516, "landslide_id": "SKM/NS/78A03/2017/52", "state": "Sikkim", "district": "West Sikkim", "location": "SH", "latitude": 27.326444, "longitude": 88.219, "movement_type": "Rock Slide", "history": null, "event_date": null }, "geometry": { "type": "Point", "coordinates": [ 88.219, 27.326444 ] } },
{ "type": "Feature", "properties": { "record_id": 26517, "landslide_id": "SKM/ES/78A11/2015/100", "state": "Sikkim", "district": "East Sikkim", "location": "Namok Road", "latitude": 27.329361, "longitude": 88.649278, "movement_type": "Debris Slide", "history": null, "event_date": null }, "geometry": { "type": "Point", "coordinates": [ 88.649278, 27.329361 ] } },
{ "type": "Feature", "properties": { "record_id": 26518, "landslide_id": "SKM/ES/78A11/2015/99", "state": "Sikkim", "district": "East Sikkim", "location": "Namok Road", "latitude": 27.329472, "longitude": 88.648917, "movement_type": "Debris Slide", "history": null, "event_date": null }, "geometry": { "type": "Point", "coordinates": [ 88.648917, 27.329472 ] } },
{ "type": "Feature", "properties": { "record_id": 26519, "landslide_id": "SKM/NS/78A03/2017/58", "state": "Sikkim", "district": "West Sikkim", "location": "SH", "latitude": 27.3305, "longitude": 88.215639, "movement_type": "Debris Slide", "history": null, "event_date": null }, "geometry": { "type": "Point", "coordinates": [ 88.215639, 27.3305 ] } },
{ "type": "Feature", "properties": { "record_id": 26520, "landslide_id": "SKM/NS/78A03/2017/57", "state": "Sikkim", "district": "West Sikkim", "location": "SH", "latitude": 27.33075, "longitude": 88.216333, "movement_type": "Debris Slide", "history": null, "event_date": null }, "geometry": { "type": "Point", "coordinates": [ 88.216333, 27.33075 ] } },
{ "type": "Feature", "properties": { "record_id": 26521, "landslide_id": "SKM/ES/78A07/2015/48", "state": "Sikkim", "district": "East Sikkim", "location": "Makha Singtam-Dikchu Road", "latitude": 27.330778, "longitude": 88.49225, "movement_type": "Debris Slide", "history": null, "event_date": null }, "geometry": { "type": "Point", "coordinates": [ 88.49225, 27.330778 ] } },
{ "type": "Feature", "properties": { "record_id": 26522, "landslide_id": "SKM/SS/78A07/2015/339", "state": "Sikkim", "district": "South Sikkim", "location": "Lingmo village Road", "latitude": 27.330917, "longitude": 88.450528, "movement_type": "Debris Slide", "history": null, "event_date": null }, "geometry": { "type": "Point", "coordinates": [ 88.450528, 27.330917 ] } },
{ "type": "Feature", "properties": { "record_id": 26523, "landslide_id": "SKM/NS/78A03/2017/56", "state": "Sikkim", "district": "West Sikkim", "location": "SH", "latitude": 27.33325, "longitude": 88.213583, "movement_type": "Debris Slide", "history": null, "event_date": null }, "geometry": { "type": "Point", "coordinates": [ 88.213583, 27.33325 ] } },
{ "type": "Feature", "properties": { "record_id": 26524, "landslide_id": "SKM/NS/78A03/2017/53", "state": "Sikkim", "district": "West Sikkim", "location": "Tadong SH", "latitude": 27.333333, "longitude": 88.212972, "movement_type": "Debris Slide", "history": null, "event_date": null }, "geometry": { "type": "Point", "coordinates": [ 88.212972, 27.333333 ] } },
{ "type": "Feature", "properties": { "record_id": 26525, "landslide_id": "SKM/NS/78A03/2017/54", "state": "Sikkim", "district": "West Sikkim", "location": "SH", "latitude": 27.335, "longitude": 88.206722, "movement_type": "Debris Slide", "history": null, "event_date": null }, "geometry": { "type": "Point", "coordinates": [ 88.206722, 27.335 ] } },
{ "type": "Feature", "properties": { "record_id": 26526, "landslide_id": "SKM/ES/78A11/2015/417", "state": "Sikkim", "district": "East Sikkim", "location": "Changhu_Nathula Road", "latitude": 27.337194, "longitude": 88.621833, "movement_type": "Debris Slide", "history": null, "event_date": null }, "geometry": { "type": "Point", "coordinates": [ 88.621833, 27.337194 ] } },
{ "type": "Feature", "properties": { "record_id": 26527, "landslide_id": "SKM/NS/78A03/2017/50", "state": "Sikkim", "district": "West Sikkim", "location": "SH", "latitude": 27.339806, "longitude": 88.227361, "movement_type": "Rock Slide", "history": null, "event_date": null }, "geometry": { "type": "Point", "coordinates": [ 88.227361, 27.339806 ] } },
{ "type": "Feature", "properties": { "record_id": 26528, "landslide_id": "SKM/ES/78A11/2015/416", "state": "Sikkim", "district": "East Sikkim", "location": "Changhu_Nathula Road", "latitude": 27.340917, "longitude": 88.628389, "movement_type": "Debris Slide", "history": null, "event_date": null }, "geometry": { "type": "Point", "coordinates": [ 88.628389, 27.340917 ] } },
{ "type": "Feature", "properties": { "record_id": 26529, "landslide_id": "SKM/ES/78A11/2015/412", "state": "Sikkim", "district": "East Sikkim", "location": "Changhu_Nathula Road", "latitude": 27.341444, "longitude": 88.626194, "movement_type": "Debris Slide", "history": null, "event_date": null }, "geometry": { "type": "Point", "coordinates": [ 88.626194, 27.341444 ] } },
{ "type": "Feature", "properties": { "record_id": 26530, "landslide_id": "SKM/NS/78A03/2017/51", "state": "Sikkim", "district": "West Sikkim", "location": "13th Mile SH", "latitude": 27.342, "longitude": 88.223722, "movement_type": "Rock Slide", "history": null, "event_date": null }, "geometry": { "type": "Point", "coordinates": [ 88.223722, 27.342 ] } },
{ "type": "Feature", "properties": { "record_id": 26531, "landslide_id": "SKM/NS/78A03/2017/60", "state": "Sikkim", "district": "West Sikkim", "location": "SH", "latitude": 27.345028, "longitude": 88.246639, "movement_type": "Debris Slide", "history": null, "event_date": null }, "geometry": { "type": "Point", "coordinates": [ 88.246639, 27.345028 ] } },
{ "type": "Feature", "properties": { "record_id": 26532, "landslide_id": "SKM/NS/78A03/2017/55", "state": "Sikkim", "district": "West Sikkim", "location": "SH", "latitude": 27.347278, "longitude": 88.196833, "movement_type": "Debris Slide", "history": null, "event_date": null }, "geometry": { "type": "Point", "coordinates": [ 88.196833, 27.347278 ] } },
{ "type": "Feature", "properties": { "record_id": 26533, "landslide_id": "SKM/ES/78A11/2015/46", "state": "Sikkim", "district": "East Sikkim", "location": "Sichey Ranka Road", "latitude": 27.348722, "longitude": 88.600556, "movement_type": "Debris Slide", "history": null, "event_date": null }, "geometry": { "type": "Point", "coordinates": [ 88.600556, 27.348722 ] } },
{ "type": "Feature", "properties": { "record_id": 26534, "landslide_id": "SKM/SS/78A07/2015/53", "state": "Sikkim", "district": "South Sikkim", "location": "Chongrang Road", "latitude": 27.351194, "longitude": 88.272417, "movement_type": "Rock Fall", "history": null, "event_date": null }, "geometry": { "type": "Point", "coordinates": [ 88.272417, 27.351194 ] } },
{ "type": "Feature", "properties": { "record_id": 26535, "landslide_id": "SKM/WS/78A07/2015/381", "state": "Sikkim", "district": "West Sikkim", "location": "Chongrang Road", "latitude": 27.3515, "longitude": 88.273028, "movement_type": "Debris Slide", "history": null, "event_date": null }, "geometry": { "type": "Point", "coordinates": [ 88.273028, 27.3515 ] } },
{ "type": "Feature", "properties": { "record_id": 26536, "landslide_id": "SKM/NS/78A15/2017/155", "state": "Sikkim", "district": "East Sikkim", "location": "SH", "latitude": 27.358583, "longitude": 88.840194, "movement_type": "Debris Slide", "history": null, "event_date": null }, "geometry": { "type": "Point", "coordinates": [ 88.840194, 27.358583 ] } },
{ "type": "Feature", "properties": { "record_id": 26537, "landslide_id": "SKM/NS/78A15/2017/154", "state": "Sikkim", "district": "East Sikkim", "location": "SH", "latitude": 27.361583, "longitude": 88.839306, "movement_type": "Debris Slide", "history": null, "event_date": null }, "geometry": { "type": "Point", "coordinates": [ 88.839306, 27.361583 ] } },
{ "type": "Feature", "properties": { "record_id": 26538, "landslide_id": "SKM/NS/78A15/2017/148", "state": "Sikkim", "district": "East Sikkim", "location": "Yakla SH", "latitude": 27.364583, "longitude": 88.787333, "movement_type": "Debris Slide", "history": null, "event_date": null }, "geometry": { "type": "Point", "coordinates": [ 88.787333, 27.364583 ] } },
{ "type": "Feature", "properties": { "record_id": 26539, "landslide_id": "SKM/NS/78A15/2017/153", "state": "Sikkim", "district": "East Sikkim", "location": "Naya Baba Mandir SH", "latitude": 27.364722, "longitude": 88.834917, "movement_type": "Debris Slide", "history": null, "event_date": null }, "geometry": { "type": "Point", "coordinates": [ 88.834917, 27.364722 ] } },
{ "type": "Feature", "properties": { "record_id": 26540, "landslide_id": "SKM/ES/78A11/2015/410", "state": "Sikkim", "district": "East Sikkim", "location": "Changhu_Nathula Road", "latitude": 27.365056, "longitude": 88.655167, "movement_type": "Debris Slide", "history": null, "event_date": null }, "geometry": { "type": "Point", "coordinates": [ 88.655167, 27.365056 ] } },
{ "type": "Feature", "properties": { "record_id": 26541, "landslide_id": "SKM/SS/78A07/2015/342", "state": "Sikkim", "district": "South Sikkim", "location": "Lingmo village Road", "latitude": 27.366944, "longitude": 88.449806, "movement_type": "Debris Slide", "history": null, "event_date": null }, "geometry": { "type": "Point", "coordinates": [ 88.449806, 27.366944 ] } },
{ "type": "Feature", "properties": { "record_id": 26542, "landslide_id": "SKM/NS/78A15/2017/146", "state": "Sikkim", "district": "East Sikkim", "location": "Thengu SH", "latitude": 27.367111, "longitude": 88.776028, "movement_type": "Rock Slide", "history": null, "event_date": null }, "geometry": { "type": "Point", "coordinates": [ 88.776028, 27.367111 ] } },
{ "type": "Feature", "properties": { "record_id": 26543, "landslide_id": "SKM/ES/78A11/2015/161", "state": "Sikkim", "district": "East Sikkim", "location": null, "latitude": 27.368194, "longitude": 88.711167, "movement_type": "Rock Fall", "history": null, "event_date": null }, "geometry": { "type": "Point", "coordinates": [ 88.711167, 27.368194 ] } },
{ "type": "Feature", "properties": { "record_id": 26544, "landslide_id": "SKM/ES/78A11/2015/398", "state": "Sikkim", "district": "East Sikkim", "location": "Changhu_Nathula Road", "latitude": 27.368278, "longitude": 88.711278, "movement_type": "Debris Slide", "history": null, "event_date": null }, "geometry": { "type": "Point", "coordinates": [ 88.711278, 27.368278 ] } },
{ "type": "Feature", "properties": { "record_id": 26545, "landslide_id": "SKM/NS/78A15/2017/149", "state": "Sikkim", "district": "East Sikkim", "location": "SH", "latitude": 27.368917, "longitude": 88.794611, "movement_type": "Debris Slide", "history": null, "event_date": null }, "geometry": { "type": "Point", "coordinates": [ 88.794611, 27.368917 ] } },
{ "type": "Feature", "properties": { "record_id": 26546, "landslide_id": "SKM/ES/78A11/2015/405", "state": "Sikkim", "district": "East Sikkim", "location": "Changhu_Nathula Road", "latitude": 27.369306, "longitude": 88.691583, "movement_type": "Debris Slide", "history": null, "event_date": null }, "geometry": { "type": "Point", "coordinates": [ 88.691583, 27.369306 ] } },
{ "type": "Feature", "properties": { "record_id": 26547, "landslide_id": "SKM/ES/78A11/2015/160", "state": "Sikkim", "district": "East Sikkim", "location": null, "latitude": 27.369333, "longitude": 88.714917, "movement_type": "Rock Fall", "history": null, "event_date": null }, "geometry": { "type": "Point", "coordinates": [ 88.714917, 27.369333 ] } },
{ "type": "Feature", "properties": { "record_id": 26548, "landslide_id": "SKM/SS/78A07/2015/341", "state": "Sikkim", "district": "South Sikkim", "location": "Lingmo village Road", "latitude": 27.369778, "longitude": 88.456833, "movement_type": "Debris Slide", "history": null, "event_date": null }, "geometry": { "type": "Point", "coordinates": [ 88.456833, 27.369778 ] } },
{ "type": "Feature", "properties": { "record_id": 26549, "landslide_id": "SKM/ES/78A11/2015/415", "state": "Sikkim", "district": "East Sikkim", "location": "Changhu_Nathula Road", "latitude": 27.370083, "longitude": 88.67925, "movement_type": "Debris Slide", "history": null, "event_date": null }, "geometry": { "type": "Point", "coordinates": [ 88.67925, 27.370083 ] } },
{ "type": "Feature", "properties": { "record_id": 26550, "landslide_id": "SKM/ES/78A11/2015/406", "state": "Sikkim", "district": "East Sikkim", "location": "Changhu_Nathula Road", "latitude": 27.370472, "longitude": 88.686417, "movement_type": "Debris Slide", "history": null, "event_date": null }, "geometry": { "type": "Point", "coordinates": [ 88.686417, 27.370472 ] } },
{ "type": "Feature", "properties": { "record_id": 26551, "landslide_id": "SKM/ES/78A11/2015/408", "state": "Sikkim", "district": "East Sikkim", "location": "Changhu_Nathula Road", "latitude": 27.37075, "longitude": 88.679444, "movement_type": "Debris Slide", "history": null, "event_date": null }, "geometry": { "type": "Point", "coordinates": [ 88.679444, 27.37075 ] } },
{ "type": "Feature", "properties": { "record_id": 26552, "landslide_id": "SKM/ES/78A11/2015/407", "state": "Sikkim", "district": "East Sikkim", "location": "Changhu_Nathula Road", "latitude": 27.370861, "longitude": 88.683167, "movement_type": "Debris Slide", "history": null, "event_date": null }, "geometry": { "type": "Point", "coordinates": [ 88.683167, 27.370861 ] } },
{ "type": "Feature", "properties": { "record_id": 26553, "landslide_id": "SKM/ES/78A07/2015/166", "state": "Sikkim", "district": "East Sikkim", "location": "Namchi-Namthang Road", "latitude": 27.370972, "longitude": 88.710111, "movement_type": "Rock Fall", "history": null, "event_date": null }, "geometry": { "type": "Point", "coordinates": [ 88.710111, 27.370972 ] } },
{ "type": "Feature", "properties": { "record_id": 26554, "landslide_id": "SKM/ES/78A11/2015/399", "state": "Sikkim", "district": "East Sikkim", "location": "Changhu_Nathula Road", "latitude": 27.371472, "longitude": 88.709722, "movement_type": "Debris Slide", "history": null, "event_date": null }, "geometry": { "type": "Point", "coordinates": [ 88.709722, 27.371472 ] } },
{ "type": "Feature", "properties": { "record_id": 26555, "landslide_id": "SKM/ES/78A11/2015/409", "state": "Sikkim", "district": "East Sikkim", "location": "Changhu_Nathula Road", "latitude": 27.371806, "longitude": 88.677167, "movement_type": "Debris Slide", "history": null, "event_date": null }, "geometry": { "type": "Point", "coordinates": [ 88.677167, 27.371806 ] } },
{ "type": "Feature", "properties": { "record_id": 26556, "landslide_id": "SKM/ES/78A11/2015/404", "state": "Sikkim", "district": "East Sikkim", "location": "Changhu_Nathula Road", "latitude": 27.372278, "longitude": 88.688944, "movement_type": "Debris Slide", "history": null, "event_date": null }, "geometry": { "type": "Point", "coordinates": [ 88.688944, 27.372278 ] } },
{ "type": "Feature", "properties": { "record_id": 26557, "landslide_id": "SKM/ES/78A11/2015/57", "state": "Sikkim", "district": "East Sikkim", "location": "North Sikkim Highway", "latitude": 27.372333, "longitude": 88.617556, "movement_type": "Rock Fall", "history": null, "event_date": null }, "geometry": { "type": "Point", "coordinates": [ 88.617556, 27.372333 ] } },
{ "type": "Feature", "properties": { "record_id": 26558, "landslide_id": "SKM/ES/78A11/2015/136", "state": "Sikkim", "district": "East Sikkim", "location": "Changhu_Nathula Road", "latitude": 27.372806, "longitude": 88.739139, "movement_type": "Debris Slide", "history": null, "event_date": null }, "geometry": { "type": "Point", "coordinates": [ 88.739139, 27.372806 ] } },
{ "type": "Feature", "properties": { "record_id": 26559, "landslide_id": "SKM/ES/78A11/2015/140", "state": "Sikkim", "district": "East Sikkim", "location": "Changhu_Nathula Road", "latitude": 27.373083, "longitude": 88.720028, "movement_type": "Debris Slide", "history": null, "event_date": null }, "geometry": { "type": "Point", "coordinates": [ 88.720028, 27.373083 ] } },
{ "type": "Feature", "properties": { "record_id": 26560, "landslide_id": "SKM/ES/78A11/2015/397", "state": "Sikkim", "district": "East Sikkim", "location": "Changhu_Nathula Road", "latitude": 27.373472, "longitude": 88.721944, "movement_type": "Debris Slide", "history": null, "event_date": null }, "geometry": { "type": "Point", "coordinates": [ 88.721944, 27.373472 ] } },
{ "type": "Feature", "properties": { "record_id": 26561, "landslide_id": "SKM/ES/78A11/2015/137", "state": "Sikkim", "district": "East Sikkim", "location": "Changhu_Nathula Road", "latitude": 27.373472, "longitude": 88.731722, "movement_type": "Debris Slide", "history": null, "event_date": null }, "geometry": { "type": "Point", "coordinates": [ 88.731722, 27.373472 ] } },
{ "type": "Feature", "properties": { "record_id": 26562, "landslide_id": "SKM/NS/78A11/2015/78", "state": "Sikkim", "district": "North Sikkim", "location": "Gangtok-Chungthang Road", "latitude": 27.374583, "longitude": 88.542444, "movement_type": "Rock Fall", "history": null, "event_date": null }, "geometry": { "type": "Point", "coordinates": [ 88.542444, 27.374583 ] } },
{ "type": "Feature", "properties": { "record_id": 26563, "landslide_id": "SKM/NS/78A11/2015/02", "state": "Sikkim", "district": "North Sikkim", "location": "North Sikkim Highway", "latitude": 27.374583, "longitude": 88.542333, "movement_type": "Debris Slide", "history": null, "event_date": null }, "geometry": { "type": "Point", "coordinates": [ 88.542333, 27.374583 ] } },
{ "type": "Feature", "properties": { "record_id": 26564, "landslide_id": "SKM/NS/78A15/2017/147", "state": "Sikkim", "district": "East Sikkim", "location": "Thengu SH", "latitude": 27.37475, "longitude": 88.782889, "movement_type": "Rock Slide", "history": null, "event_date": null }, "geometry": { "type": "Point", "coordinates": [ 88.782889, 27.37475 ] } },
{ "type": "Feature", "properties": { "record_id": 26565, "landslide_id": "SKM/ES/78A11/2015/138", "state": "Sikkim", "district": "East Sikkim", "location": "Changhu_Nathula Road", "latitude": 27.375028, "longitude": 88.728278, "movement_type": "Debris Slide", "history": null, "event_date": null }, "geometry": { "type": "Point", "coordinates": [ 88.728278, 27.375028 ] } },
{ "type": "Feature", "properties": { "record_id": 26566, "landslide_id": "SKM/NS/78A11/2015/79", "state": "Sikkim", "district": "North Sikkim", "location": "Gangtok-Chungthang Road", "latitude": 27.375139, "longitude": 88.542833, "movement_type": "Rock Fall", "history": null, "event_date": null }, "geometry": { "type": "Point", "coordinates": [ 88.542833, 27.375139 ] } },
{ "type": "Feature", "properties": { "record_id": 26567, "landslide_id": "SKM/ES/78A11/2015/400", "state": "Sikkim", "district": "East Sikkim", "location": "Changhu_Nathula Road", "latitude": 27.375139, "longitude": 88.708028, "movement_type": "Debris Slide", "history": null, "event_date": null }, "geometry": { "type": "Point", "coordinates": [ 88.708028, 27.375139 ] } },
{ "type": "Feature", "properties": { "record_id": 26568, "landslide_id": "SKM/NS/78A11/2015/01", "state": "Sikkim", "district": "North Sikkim", "location": "North Sikkim Highway", "latitude": 27.375194, "longitude": 88.54275, "movement_type": "Rock Fall", "history": null, "event_date": null }, "geometry": { "type": "Point", "coordinates": [ 88.54275, 27.375194 ] } },
{ "type": "Feature", "properties": { "record_id": 26569, "landslide_id": "SKM/ES/78A11/2015/58", "state": "Sikkim", "district": "East Sikkim", "location": "North Sikkim Highway", "latitude": 27.375806, "longitude": 88.625278, "movement_type": "Rock Fall", "history": null, "event_date": null }, "geometry": { "type": "Point", "coordinates": [ 88.625278, 27.375806 ] } },
{ "type": "Feature", "properties": { "record_id": 26570, "landslide_id": "SKM/ES/78A11/2015/139", "state": "Sikkim", "district": "East Sikkim", "location": "Changhu_Nathula Road", "latitude": 27.375833, "longitude": 88.726722, "movement_type": "Rock Slide", "history": null, "event_date": null }, "geometry": { "type": "Point", "coordinates": [ 88.726722, 27.375833 ] } },
{ "type": "Feature", "properties": { "record_id": 26571, "landslide_id": "SKM/NS/78A15/2017/150", "state": "Sikkim", "district": "East Sikkim", "location": "Yakla SH", "latitude": 27.376222, "longitude": 88.799667, "movement_type": "Debris Slide", "history": null, "event_date": null }, "geometry": { "type": "Point", "coordinates": [ 88.799667, 27.376222 ] } },
{ "type": "Feature", "properties": { "record_id": 26572, "landslide_id": "SKM/ES/78A11/2015/59", "state": "Sikkim", "district": "East Sikkim", "location": "North Sikkim Highway", "latitude": 27.376306, "longitude": 88.629583, "movement_type": "Rock Fall", "history": null, "event_date": null }, "geometry": { "type": "Point", "coordinates": [ 88.629583, 27.376306 ] } },
{ "type": "Feature", "properties": { "record_id": 26573, "landslide_id": "SKM/NS/78A15/2017/144", "state": "Sikkim", "district": "East Sikkim", "location": "Changu SH", "latitude": 27.376861, "longitude": 88.766167, "movement_type": "Debris Slide", "history": null, "event_date": null }, "geometry": { "type": "Point", "coordinates": [ 88.766167, 27.376861 ] } },
{ "type": "Feature", "properties": { "record_id": 26574, "landslide_id": "SKM/NS/78A15/2017/145", "state": "Sikkim", "district": "East Sikkim", "location": "Thengu SH", "latitude": 27.378306, "longitude": 88.770083, "movement_type": "Debris Slide", "history": null, "event_date": null }, "geometry": { "type": "Point", "coordinates": [ 88.770083, 27.378306 ] } },
{ "type": "Feature", "properties": { "record_id": 26575, "landslide_id": "SKM/ES/78A11/2015/402", "state": "Sikkim", "district": "East Sikkim", "location": "Changhu_Nathula Road", "latitude": 27.378417, "longitude": 88.697222, "movement_type": "Debris Slide", "history": null, "event_date": null }, "geometry": { "type": "Point", "coordinates": [ 88.697222, 27.378417 ] } },
{ "type": "Feature", "properties": { "record_id": 26576, "landslide_id": "SKM/NS/78A11/2015/80", "state": "Sikkim", "district": "North Sikkim", "location": "Gangtok-Chungthang Road", "latitude": 27.378444, "longitude": 88.541667, "movement_type": "Rock Fall", "history": null, "event_date": null }, "geometry": { "type": "Point", "coordinates": [ 88.541667, 27.378444 ] } },
{ "type": "Feature", "properties": { "record_id": 26577, "landslide_id": "SKM/ES/78A11/2015/60", "state": "Sikkim", "district": "East Sikkim", "location": "North Sikkim Highway", "latitude": 27.378611, "longitude": 88.631083, "movement_type": "Rock Fall", "history": null, "event_date": null }, "geometry": { "type": "Point", "coordinates": [ 88.631083, 27.378611 ] } },
{ "type": "Feature", "properties": { "record_id": 26578, "landslide_id": "SKM/ES/78A11/2015/414", "state": "Sikkim", "district": "East Sikkim", "location": "Changhu_Nathula Road", "latitude": 27.378667, "longitude": 88.699611, "movement_type": "Rock Topple", "history": null, "event_date": null }, "geometry": { "type": "Point", "coordinates": [ 88.699611, 27.378667 ] } },
{ "type": "Feature", "properties": { "record_id": 26579, "landslide_id": "SKM/WS/78A07/2015/357", "state": "Sikkim", "district": "West Sikkim", "location": "Dhupidara Road", "latitude": 27.379639, "longitude": 88.315361, "movement_type": "Debris Slide", "history": null, "event_date": null }, "geometry": { "type": "Point", "coordinates": [ 88.315361, 27.379639 ] } },
{ "type": "Feature", "properties": { "record_id": 26580, "landslide_id": "SKM/ES/78A11/2015/413", "state": "Sikkim", "district": "East Sikkim", "location": "Changhu_Nathula Road", "latitude": 27.380806, "longitude": 88.726, "movement_type": "Debris Slide", "history": null, "event_date": null }, "geometry": { "type": "Point", "coordinates": [ 88.726, 27.380806 ] } },
{ "type": "Feature", "properties": { "record_id": 26581, "landslide_id": "SKM/NS/78A15/2017/152", "state": "Sikkim", "district": "East Sikkim", "location": "SH", "latitude": 27.380861, "longitude": 88.812361, "movement_type": "Debris Slide", "history": null, "event_date": null }, "geometry": { "type": "Point", "coordinates": [ 88.812361, 27.380861 ] } },
{ "type": "Feature", "properties": { "record_id": 26582, "landslide_id": "SKM/ES/78A11/2015/61", "state": "Sikkim", "district": "East Sikkim", "location": "North Sikkim Highway", "latitude": 27.381278, "longitude": 88.632611, "movement_type": "Rock Fall", "history": null, "event_date": null }, "geometry": { "type": "Point", "coordinates": [ 88.632611, 27.381278 ] } },
{ "type": "Feature", "properties": { "record_id": 26583, "landslide_id": "SKM/ES/78A11/2015/411", "state": "Sikkim", "district": "East Sikkim", "location": "Changhu_Nathula Road", "latitude": 27.381306, "longitude": 88.690444, "movement_type": "Debris Slide", "history": null, "event_date": null }, "geometry": { "type": "Point", "coordinates": [ 88.690444, 27.381306 ] } },
{ "type": "Feature", "properties": { "record_id": 26584, "landslide_id": "SKM/ES/78A11/2015/403", "state": "Sikkim", "district": "East Sikkim", "location": "Changhu_Nathula Road", "latitude": 27.381556, "longitude": 88.691806, "movement_type": "Debris Slide", "history": null, "event_date": null }, "geometry": { "type": "Point", "coordinates": [ 88.691806, 27.381556 ] } },
{ "type": "Feature", "properties": { "record_id": 26585, "landslide_id": "SKM/ES/78A11/2015/63", "state": "Sikkim", "district": "East Sikkim", "location": "North Sikkim Highway", "latitude": 27.381917, "longitude": 88.640333, "movement_type": "Rock Fall", "history": null, "event_date": null }, "geometry": { "type": "Point", "coordinates": [ 88.640333, 27.381917 ] } },
{ "type": "Feature", "properties": { "record_id": 26586, "landslide_id": "SKM/ES/78A11/2015/401", "state": "Sikkim", "district": "East Sikkim", "location": "Changhu_Nathula Road", "latitude": 27.383361, "longitude": 88.702611, "movement_type": "Debris Slide", "history": null, "event_date": null }, "geometry": { "type": "Point", "coordinates": [ 88.702611, 27.383361 ] } },
{ "type": "Feature", "properties": { "record_id": 26587, "landslide_id": "SKM/WS/78A07/2015/356", "state": "Sikkim", "district": "West Sikkim", "location": "Dhupidara Road", "latitude": 27.383611, "longitude": 88.305806, "movement_type": "Rock Topple", "history": null, "event_date": null }, "geometry": { "type": "Point", "coordinates": [ 88.305806, 27.383611 ] } },
{ "type": "Feature", "properties": { "record_id": 26588, "landslide_id": "SKM/NS/78A15/2017/151", "state": "Sikkim", "district": "East Sikkim", "location": "Sherethang SH", "latitude": 27.38375, "longitude": 88.808694, "movement_type": "Debris Slide", "history": null, "event_date": null }, "geometry": { "type": "Point", "coordinates": [ 88.808694, 27.38375 ] } },
{ "type": "Feature", "properties": { "record_id": 26589, "landslide_id": "SKM/ES/78A11/2015/62", "state": "Sikkim", "district": "East Sikkim", "location": "North Sikkim Highway", "latitude": 27.383806, "longitude": 88.633083, "movement_type": "Rock Fall", "history": null, "event_date": null }, "geometry": { "type": "Point", "coordinates": [ 88.633083, 27.383806 ] } },
{ "type": "Feature", "properties": { "record_id": 26590, "landslide_id": "SKM/ES/78A11/2015/64", "state": "Sikkim", "district": "East Sikkim", "location": "North Sikkim Highway", "latitude": 27.384444, "longitude": 88.639611, "movement_type": "Rock Slide", "history": null, "event_date": null }, "geometry": { "type": "Point", "coordinates": [ 88.639611, 27.384444 ] } },
{ "type": "Feature", "properties": { "record_id": 26591, "landslide_id": "SKM/WS/78A07/2015/355", "state": "Sikkim", "district": "West Sikkim", "location": "Dhupidara Road", "latitude": 27.389222, "longitude": 88.310972, "movement_type": "Rock Fall", "history": null, "event_date": null }, "geometry": { "type": "Point", "coordinates": [ 88.310972, 27.389222 ] } },
{ "type": "Feature", "properties": { "record_id": 26592, "landslide_id": "SKM/WS/78A07/2015/354", "state": "Sikkim", "district": "West Sikkim", "location": "Dhupidara Road", "latitude": 27.393139, "longitude": 88.310139, "movement_type": "Debris Slide", "history": null, "event_date": null }, "geometry": { "type": "Point", "coordinates": [ 88.310139, 27.393139 ] } },
{ "type": "Feature", "properties": { "record_id": 26593, "landslide_id": "SKM/ES/78A11/2015/65", "state": "Sikkim", "district": "East Sikkim", "location": "North Sikkim Highway", "latitude": 27.394, "longitude": 88.62525, "movement_type": "Rock Slide", "history": null, "event_date": null }, "geometry": { "type": "Point", "coordinates": [ 88.62525, 27.394 ] } },
{ "type": "Feature", "properties": { "record_id": 26594, "landslide_id": "SKM/WS/78A07/2015/353", "state": "Sikkim", "district": "West Sikkim", "location": "Dhupidara Road", "latitude": 27.395028, "longitude": 88.307389, "movement_type": "Rock Fall", "history": null, "event_date": null }, "geometry": { "type": "Point", "coordinates": [ 88.307389, 27.395028 ] } },
{ "type": "Feature", "properties": { "record_id": 26595, "landslide_id": "SKM/ES/78A11/2015/66", "state": "Sikkim", "district": "East Sikkim", "location": "North Sikkim Highway", "latitude": 27.395444, "longitude": 88.623583, "movement_type": "Rock Slide", "history": null, "event_date": null }, "geometry": { "type": "Point", "coordinates": [ 88.623583, 27.395444 ] } },
{ "type": "Feature", "properties": { "record_id": 26596, "landslide_id": "SKM/NS/78A11/2015/04", "state": "Sikkim", "district": "North Sikkim", "location": "Kabi North Sikkim Highway", "latitude": 27.3955, "longitude": 88.623556, "movement_type": "Debris Slide", "history": null, "event_date": null }, "geometry": { "type": "Point", "coordinates": [ 88.623556, 27.3955 ] } },
{ "type": "Feature", "properties": { "record_id": 26597, "landslide_id": "SKM/WS/78A07/2015/352", "state": "Sikkim", "district": "West Sikkim", "location": "Dhupidara Road", "latitude": 27.3955, "longitude": 88.306889, "movement_type": "Debris Slide", "history": null, "event_date": null }, "geometry": { "type": "Point", "coordinates": [ 88.306889, 27.3955 ] } },
{ "type": "Feature", "properties": { "record_id": 26598, "landslide_id": "SKM/NS/78A11/2015/82", "state": "Sikkim", "district": "North Sikkim", "location": "Dikchu-Mangshila Road", "latitude": 27.395556, "longitude": 88.517528, "movement_type": "Rock Slide", "history": null, "event_date": null }, "geometry": { "type": "Point", "coordinates": [ 88.517528, 27.395556 ] } },
{ "type": "Feature", "properties": { "record_id": 26599, "landslide_id": "SKM/ES/78A11/2015/67", "state": "Sikkim", "district": "East Sikkim", "location": "North Sikkim Highway", "latitude": 27.395639, "longitude": 88.621667, "movement_type": "Debris Slide", "history": null, "event_date": null }, "geometry": { "type": "Point", "coordinates": [ 88.621667, 27.395639 ] } },
{ "type": "Feature", "properties": { "record_id": 26600, "landslide_id": "SKM/NS/78A11/2015/81", "state": "Sikkim", "district": "North Sikkim", "location": "Dikchu-Mangshila Road", "latitude": 27.397083, "longitude": 88.519167, "movement_type": "Debris Slide", "history": null, "event_date": null }, "geometry": { "type": "Point", "coordinates": [ 88.519167, 27.397083 ] } },
{ "type": "Feature", "properties": { "record_id": 26601, "landslide_id": "SKM/WS/78A07/2015/375", "state": "Sikkim", "district": "West Sikkim", "location": "Narkhola Road", "latitude": 27.397389, "longitude": 88.356139, "movement_type": "Rock Fall", "history": null, "event_date": null }, "geometry": { "type": "Point", "coordinates": [ 88.356139, 27.397389 ] } },
{ "type": "Feature", "properties": { "record_id": 26602, "landslide_id": "SKM/ES/78A11/2015/68", "state": "Sikkim", "district": "East Sikkim", "location": "North Sikkim Highway", "latitude": 27.398083, "longitude": 88.614583, "movement_type": "Debris Slide", "history": null, "event_date": null }, "geometry": { "type": "Point", "coordinates": [ 88.614583, 27.398083 ] } },
{ "type": "Feature", "properties": { "record_id": 26603, "landslide_id": "SKM/WS/78A07/2015/377", "state": "Sikkim", "district": "West Sikkim", "location": "Narkhola Road", "latitude": 27.399806, "longitude": 88.329139, "movement_type": "Debris Slide", "history": null, "event_date": null }, "geometry": { "type": "Point", "coordinates": [ 88.329139, 27.399806 ] } },
{ "type": "Feature", "properties": { "record_id": 26604, "landslide_id": "SKM/WS/78A07/2015/376", "state": "Sikkim", "district": "West Sikkim", "location": "Narkhola Road", "latitude": 27.400278, "longitude": 88.356861, "movement_type": "Debris Slide", "history": null, "event_date": null }, "geometry": { "type": "Point", "coordinates": [ 88.356861, 27.400278 ] } },
{ "type": "Feature", "properties": { "record_id": 26605, "landslide_id": "SKM/NS/78A11/2015/76", "state": "Sikkim", "district": "North Sikkim", "location": "North Sikkim Highway", "latitude": 27.40825, "longitude": 88.571167, "movement_type": "Rock Slide", "history": null, "event_date": null }, "geometry": { "type": "Point", "coordinates": [ 88.571167, 27.40825 ] } },
{ "type": "Feature", "properties": { "record_id": 26606, "landslide_id": "SKM/NS/78A11/2015/77", "state": "Sikkim", "district": "North Sikkim", "location": "North Sikkim Highway", "latitude": 27.409667, "longitude": 88.543722, "movement_type": "Rock Fall", "history": null, "event_date": null }, "geometry": { "type": "Point", "coordinates": [ 88.543722, 27.409667 ] } },
{ "type": "Feature", "properties": { "record_id": 26607, "landslide_id": "SKM/NOR/78A11/2014/007", "state": "Sikkim", "district": "North Sikkim", "location": "Tanek Rockslide Tanek (On North-Sikkim High", "latitude": 27.4097, "longitude": 88.54371, "movement_type": "Rock Fall", "history": "24 June 2014", "event_date": "2014-06-24T00:00:00" }, "geometry": { "type": "Point", "coordinates": [ 88.54371, 27.4097 ] } },
{ "type": "Feature", "properties": { "record_id": 26608, "landslide_id": "SKM/NS/78A11/2015/09", "state": "Sikkim", "district": "North Sikkim", "location": "North Sikkim Highway", "latitude": 27.409861, "longitude": 88.543722, "movement_type": "Rock Fall", "history": null, "event_date": null }, "geometry": { "type": "Point", "coordinates": [ 88.543722, 27.409861 ] } },
{ "type": "Feature", "properties": { "record_id": 26609, "landslide_id": "SKM/NS/78A11/2015/83", "state": "Sikkim", "district": "North Sikkim", "location": "Dikchu-Mangshila Road", "latitude": 27.411306, "longitude": 88.516611, "movement_type": "Rock Slide", "history": null, "event_date": null }, "geometry": { "type": "Point", "coordinates": [ 88.516611, 27.411306 ] } },
{ "type": "Feature", "properties": { "record_id": 26610, "landslide_id": "SKM/NS/78A11/2015/69", "state": "Sikkim", "district": "North Sikkim", "location": "North Sikkim Highway", "latitude": 27.412111, "longitude": 88.627083, "movement_type": "Debris Slide", "history": null, "event_date": null }, "geometry": { "type": "Point", "coordinates": [ 88.627083, 27.412111 ] } },
{ "type": "Feature", "properties": { "record_id": 26611, "landslide_id": "SKM/NS/78A11/2015/03", "state": "Sikkim", "district": "North Sikkim", "location": "Kabi North Sikkim Highway", "latitude": 27.412111, "longitude": 88.626944, "movement_type": "Debris Slide", "history": null, "event_date": null }, "geometry": { "type": "Point", "coordinates": [ 88.626944, 27.412111 ] } },
{ "type": "Feature", "properties": { "record_id": 26612, "landslide_id": "SKM/NS/78A11/2015/24", "state": "Sikkim", "district": "North Sikkim", "location": "North Sikkim Highway", "latitude": 27.417306, "longitude": 88.622361, "movement_type": "Debris Slide", "history": null, "event_date": null }, "geometry": { "type": "Point", "coordinates": [ 88.622361, 27.417306 ] } },
{ "type": "Feature", "properties": { "record_id": 26613, "landslide_id": "SKM/NS/78A11/2015/71", "state": "Sikkim", "district": "North Sikkim", "location": "North Sikkim Highway", "latitude": 27.417389, "longitude": 88.621222, "movement_type": "Debris Slide", "history": null, "event_date": null }, "geometry": { "type": "Point", "coordinates": [ 88.621222, 27.417389 ] } },
{ "type": "Feature", "properties": { "record_id": 26614, "landslide_id": "SKM/NS/78A11/2015/23", "state": "Sikkim", "district": "North Sikkim", "location": "North Sikkim Highway", "latitude": 27.417444, "longitude": 88.621083, "movement_type": "Debris Slide", "history": null, "event_date": null }, "geometry": { "type": "Point", "coordinates": [ 88.621083, 27.417444 ] } },
{ "type": "Feature", "properties": { "record_id": 26615, "landslide_id": "SKM/NS/78A11/2015/25", "state": "Sikkim", "district": "North Sikkim", "location": "North Sikkim Highway", "latitude": 27.417778, "longitude": 88.623389, "movement_type": "Rock Fall", "history": null, "event_date": null }, "geometry": { "type": "Point", "coordinates": [ 88.623389, 27.417778 ] } },
{ "type": "Feature", "properties": { "record_id": 26616, "landslide_id": "SKM/NS/78A11/2015/26", "state": "Sikkim", "district": "North Sikkim", "location": "North Sikkim Highway", "latitude": 27.417972, "longitude": 88.623361, "movement_type": "Rock Fall", "history": null, "event_date": null }, "geometry": { "type": "Point", "coordinates": [ 88.623361, 27.417972 ] } },
{ "type": "Feature", "properties": { "record_id": 26617, "landslide_id": "SKM/NS/78A11/2015/70", "state": "Sikkim", "district": "North Sikkim", "location": "North Sikkim Highway", "latitude": 27.418, "longitude": 88.623333, "movement_type": "Debris Slide", "history": null, "event_date": null }, "geometry": { "type": "Point", "coordinates": [ 88.623333, 27.418 ] } },
{ "type": "Feature", "properties": { "record_id": 26618, "landslide_id": "SKM/NS/78A11/2015/05", "state": "Sikkim", "district": "North Sikkim", "location": "North Sikkim Highway", "latitude": 27.418472, "longitude": 88.616083, "movement_type": "Debris Slide", "history": null, "event_date": null }, "geometry": { "type": "Point", "coordinates": [ 88.616083, 27.418472 ] } },
{ "type": "Feature", "properties": { "record_id": 26619, "landslide_id": "SKM/NS/78A11/2015/06", "state": "Sikkim", "district": "North Sikkim", "location": "North Sikkim Highway", "latitude": 27.418667, "longitude": 88.616778, "movement_type": "Debris Slide", "history": null, "event_date": null }, "geometry": { "type": "Point", "coordinates": [ 88.616778, 27.418667 ] } },
{ "type": "Feature", "properties": { "record_id": 26620, "landslide_id": "SKM/NS/78A11/2015/84", "state": "Sikkim", "district": "North Sikkim", "location": "Dikchu-Mangshila Road", "latitude": 27.420028, "longitude": 88.515944, "movement_type": "Rock Fall", "history": null, "event_date": null }, "geometry": { "type": "Point", "coordinates": [ 88.515944, 27.420028 ] } },
{ "type": "Feature", "properties": { "record_id": 26621, "landslide_id": "SKM/NS/78A11/2015/85", "state": "Sikkim", "district": "North Sikkim", "location": "Dikchu-Mangshila Road", "latitude": 27.426, "longitude": 88.514, "movement_type": "Debris Slide", "history": null, "event_date": null }, "geometry": { "type": "Point", "coordinates": [ 88.514, 27.426 ] } },
{ "type": "Feature", "properties": { "record_id": 26622, "landslide_id": "SKM/NS/78A11/2015/74", "state": "Sikkim", "district": "North Sikkim", "location": "North Sikkim Highway", "latitude": 27.426361, "longitude": 88.583028, "movement_type": "Debris Slide", "history": null, "event_date": null }, "geometry": { "type": "Point", "coordinates": [ 88.583028, 27.426361 ] } },
{ "type": "Feature", "properties": { "record_id": 26623, "landslide_id": "SKM/NS/78A11/2015/75", "state": "Sikkim", "district": "North Sikkim", "location": "North Sikkim Highway", "latitude": 27.426361, "longitude": 88.583028, "movement_type": "Debris Slide", "history": null, "event_date": null }, "geometry": { "type": "Point", "coordinates": [ 88.583028, 27.426361 ] } },
{ "type": "Feature", "properties": { "record_id": 26624, "landslide_id": "SKM/NS/78A11/2015/72", "state": "Sikkim", "district": "North Sikkim", "location": "North Sikkim Highway", "latitude": 27.429556, "longitude": 88.611667, "movement_type": "Debris Slide", "history": null, "event_date": null }, "geometry": { "type": "Point", "coordinates": [ 88.611667, 27.429556 ] } },
{ "type": "Feature", "properties": { "record_id": 26625, "landslide_id": "SKM/NS/78A11/2015/86", "state": "Sikkim", "district": "North Sikkim", "location": "Dikchu-Mangshila Road", "latitude": 27.433083, "longitude": 88.514528, "movement_type": "Debris Slide", "history": null, "event_date": null }, "geometry": { "type": "Point", "coordinates": [ 88.514528, 27.433083 ] } },
{ "type": "Feature", "properties": { "record_id": 26626, "landslide_id": "SKM/NS/78A11/2015/87", "state": "Sikkim", "district": "North Sikkim", "location": "Dikchu-Mangshila Road", "latitude": 27.435944, "longitude": 88.515167, "movement_type": "Rock Slide", "history": null, "event_date": null }, "geometry": { "type": "Point", "coordinates": [ 88.515167, 27.435944 ] } },
{ "type": "Feature", "properties": { "record_id": 26627, "landslide_id": "SKM/NS/78A11/2015/10", "state": "Sikkim", "district": "North Sikkim", "location": "Sheyam North Sikkim Highway", "latitude": 27.436556, "longitude": 88.526639, "movement_type": "Debris Slide", "history": null, "event_date": null }, "geometry": { "type": "Point", "coordinates": [ 88.526639, 27.436556 ] } },
{ "type": "Feature", "properties": { "record_id": 26628, "landslide_id": "SKM/NS/78A11/2015/73", "state": "Sikkim", "district": "North Sikkim", "location": "North Sikkim Highway", "latitude": 27.437444, "longitude": 88.613972, "movement_type": "Debris Slide", "history": null, "event_date": null }, "geometry": { "type": "Point", "coordinates": [ 88.613972, 27.437444 ] } },
{ "type": "Feature", "properties": { "record_id": 26629, "landslide_id": "SKM/NS/78A11/2015/07", "state": "Sikkim", "district": "North Sikkim", "location": "Chawang North Sikkim Highway", "latitude": 27.437889, "longitude": 88.601694, "movement_type": "Debris Slide", "history": null, "event_date": null }, "geometry": { "type": "Point", "coordinates": [ 88.601694, 27.437889 ] } },
{ "type": "Feature", "properties": { "record_id": 26630, "landslide_id": "SKM/NS/78A11/2015/08", "state": "Sikkim", "district": "North Sikkim", "location": "North Sikkim Highway", "latitude": 27.437889, "longitude": 88.601694, "movement_type": "Debris Slide", "history": null, "event_date": null }, "geometry": { "type": "Point", "coordinates": [ 88.601694, 27.437889 ] } },
{ "type": "Feature", "properties": { "record_id": 26631, "landslide_id": "SKM/NS/78A11/2015/11", "state": "Sikkim", "district": "North Sikkim", "location": "North Sikkim Highway", "latitude": 27.438139, "longitude": 88.527028, "movement_type": "Debris Slide", "history": null, "event_date": null }, "geometry": { "type": "Point", "coordinates": [ 88.527028, 27.438139 ] } },
{ "type": "Feature", "properties": { "record_id": 26632, "landslide_id": "SKM/NS/78A11/2015/88", "state": "Sikkim", "district": "North Sikkim", "location": "Dikchu-Mangshila Road", "latitude": 27.438389, "longitude": 88.514389, "movement_type": "Debris Slide", "history": null, "event_date": null }, "geometry": { "type": "Point", "coordinates": [ 88.514389, 27.438389 ] } },
{ "type": "Feature", "properties": { "record_id": 26633, "landslide_id": "SKM/NS/78A11/2015/12", "state": "Sikkim", "district": "North Sikkim", "location": "North Sikkim Highway", "latitude": 27.438778, "longitude": 88.527444, "movement_type": "Debris Slide", "history": null, "event_date": null }, "geometry": { "type": "Point", "coordinates": [ 88.527444, 27.438778 ] } },
{ "type": "Feature", "properties": { "record_id": 26634, "landslide_id": "SKM/NS/78A11/2015/89", "state": "Sikkim", "district": "North Sikkim", "location": "Dikchu-Mangshila Road", "latitude": 27.441056, "longitude": 88.513694, "movement_type": "Rock Slide", "history": null, "event_date": null }, "geometry": { "type": "Point", "coordinates": [ 88.513694, 27.441056 ] } },
{ "type": "Feature", "properties": { "record_id": 26635, "landslide_id": "SKM/NS/78A11/2015/90", "state": "Sikkim", "district": "North Sikkim", "location": "Dikchu-Mangshila Road", "latitude": 27.448306, "longitude": 88.519667, "movement_type": "Debris Slide", "history": null, "event_date": null }, "geometry": { "type": "Point", "coordinates": [ 88.519667, 27.448306 ] } },
{ "type": "Feature", "properties": { "record_id": 26636, "landslide_id": "SKM/NS/78A11/2015/91", "state": "Sikkim", "district": "North Sikkim", "location": "Dikchu-Mangshila Road", "latitude": 27.461694, "longitude": 88.523472, "movement_type": "Debris Slide", "history": null, "event_date": null }, "geometry": { "type": "Point", "coordinates": [ 88.523472, 27.461694 ] } },
{ "type": "Feature", "properties": { "record_id": 26637, "landslide_id": "SKM/NS/78A11/2015/92", "state": "Sikkim", "district": "North Sikkim", "location": "North Sikkim Highway", "latitude": 27.4795, "longitude": 88.528472, "movement_type": "Rock Slide", "history": null, "event_date": null }, "geometry": { "type": "Point", "coordinates": [ 88.528472, 27.4795 ] } },
{ "type": "Feature", "properties": { "record_id": 26638, "landslide_id": "SKM/NS/78A11/2015/95", "state": "Sikkim", "district": "North Sikkim", "location": "North Sikkim Highway", "latitude": 27.480472, "longitude": 88.531194, "movement_type": "Rock Slide", "history": null, "event_date": null }, "geometry": { "type": "Point", "coordinates": [ 88.531194, 27.480472 ] } },
{ "type": "Feature", "properties": { "record_id": 26639, "landslide_id": "SKM/NS/78A11/2015/96", "state": "Sikkim", "district": "North Sikkim", "location": "North Sikkim Highway", "latitude": 27.481083, "longitude": 88.530667, "movement_type": "Debris Slide", "history": null, "event_date": null }, "geometry": { "type": "Point", "coordinates": [ 88.530667, 27.481083 ] } },
{ "type": "Feature", "properties": { "record_id": 26640, "landslide_id": "SKM/NS/78A11/2015/93", "state": "Sikkim", "district": "North Sikkim", "location": "North Sikkim Highway", "latitude": 27.482583, "longitude": 88.52875, "movement_type": "Rock Slide", "history": null, "event_date": null }, "geometry": { "type": "Point", "coordinates": [ 88.52875, 27.482583 ] } },
{ "type": "Feature", "properties": { "record_id": 26641, "landslide_id": "SKM/NS/78A11/2015/94", "state": "Sikkim", "district": "North Sikkim", "location": "North Sikkim Highway", "latitude": 27.482583, "longitude": 88.529528, "movement_type": "Debris Slide", "history": null, "event_date": null }, "geometry": { "type": "Point", "coordinates": [ 88.529528, 27.482583 ] } },
{ "type": "Feature", "properties": { "record_id": 26642, "landslide_id": "SKM/NOR/78A11/2014/006", "state": "Sikkim", "district": "North Sikkim", "location": "Ambithang Landslide Ambithang (On Rangrang-", "latitude": 27.48603, "longitude": 88.53269, "movement_type": "Debris Slide", "history": "8 July 2014", "event_date": "2014-07-08T00:00:00" }, "geometry": { "type": "Point", "coordinates": [ 88.53269, 27.48603 ] } },
{ "type": "Feature", "properties": { "record_id": 26643, "landslide_id": "SKM/NS/78A10/2017/166", "state": "Sikkim", "district": "North Sikkim", "location": "Mangan NH", "latitude": 27.502, "longitude": 88.5375, "movement_type": "Debris Slide", "history": null, "event_date": null }, "geometry": { "type": "Point", "coordinates": [ 88.5375, 27.502 ] } },
{ "type": "Feature", "properties": { "record_id": 26644, "landslide_id": "SKM/NOR/78A10/2014/004", "state": "Sikkim", "district": "North Sikkim", "location": "Pakshek Landslide Pakshek ( Mangan-Chungthang", "latitude": 27.5091, "longitude": 88.53848, "movement_type": "Rock Slide", "history": "1 July 2014", "event_date": "2014-07-01T00:00:00" }, "geometry": { "type": "Point", "coordinates": [ 88.53848, 27.5091 ] } },
{ "type": "Feature", "properties": { "record_id": 26645, "landslide_id": "SKM/NS/78A10/2017/169", "state": "Sikkim", "district": "North Sikkim", "location": "Lanthey Khola NH", "latitude": 27.514972, "longitude": 88.565472, "movement_type": "Debris Slide", "history": null, "event_date": null }, "geometry": { "type": "Point", "coordinates": [ 88.565472, 27.514972 ] } },
{ "type": "Feature", "properties": { "record_id": 26646, "landslide_id": "SKM/NOR/78A10/2014/005", "state": "Sikkim", "district": "North Sikkim", "location": "Lanthakhola Lanthakhola (On Mangan to", "latitude": 27.5152, "longitude": 88.56456, "movement_type": "Debris Slide", "history": "8 July 2014", "event_date": "2014-07-08T00:00:00" }, "geometry": { "type": "Point", "coordinates": [ 88.56456, 27.5152 ] } },
{ "type": "Feature", "properties": { "record_id": 26647, "landslide_id": "SKM/NS/78A10/2017/170", "state": "Sikkim", "district": "North Sikkim", "location": "NH", "latitude": 27.516444, "longitude": 88.587361, "movement_type": "Debris Slide", "history": null, "event_date": null }, "geometry": { "type": "Point", "coordinates": [ 88.587361, 27.516444 ] } },
{ "type": "Feature", "properties": { "record_id": 26648, "landslide_id": "SKM/NS/78A10/2017/167", "state": "Sikkim", "district": "North Sikkim", "location": "NH", "latitude": 27.517278, "longitude": 88.539667, "movement_type": "Debris Slide", "history": null, "event_date": null }, "geometry": { "type": "Point", "coordinates": [ 88.539667, 27.517278 ] } },
{ "type": "Feature", "properties": { "record_id": 26649, "landslide_id": "SKM/NS/78A10/2017/168", "state": "Sikkim", "district": "North Sikkim", "location": "NH", "latitude": 27.517306, "longitude": 88.542889, "movement_type": "Rock Slide", "history": null, "event_date": null }, "geometry": { "type": "Point", "coordinates": [ 88.542889, 27.517306 ] } },
{ "type": "Feature", "properties": { "record_id": 26650, "landslide_id": "SKM/NS/78A10/2017/175", "state": "Sikkim", "district": "North Sikkim", "location": "NH", "latitude": 27.527194, "longitude": 88.603222, "movement_type": "Debris Slide", "history": null, "event_date": null }, "geometry": { "type": "Point", "coordinates": [ 88.603222, 27.527194 ] } },
{ "type": "Feature", "properties": { "record_id": 26651, "landslide_id": "SKM/NS/78A10/2017/171", "state": "Sikkim", "district": "North Sikkim", "location": "NH", "latitude": 27.527333, "longitude": 88.590778, "movement_type": "Debris Slide", "history": null, "event_date": null }, "geometry": { "type": "Point", "coordinates": [ 88.590778, 27.527333 ] } },
{ "type": "Feature", "properties": { "record_id": 26652, "landslide_id": "SKM/NS/78A10/2017/176", "state": "Sikkim", "district": "North Sikkim", "location": "NH", "latitude": 27.527722, "longitude": 88.607972, "movement_type": "Debris Slide", "history": null, "event_date": null }, "geometry": { "type": "Point", "coordinates": [ 88.607972, 27.527722 ] } },
{ "type": "Feature", "properties": { "record_id": 26653, "landslide_id": "SKM/NS/78A10/2017/174", "state": "Sikkim", "district": "North Sikkim", "location": "NH", "latitude": 27.527917, "longitude": 88.60225, "movement_type": "Debris Slide", "history": null, "event_date": null }, "geometry": { "type": "Point", "coordinates": [ 88.60225, 27.527917 ] } },
{ "type": "Feature", "properties": { "record_id": 26654, "landslide_id": "SKM/NS/78A10/2017/173", "state": "Sikkim", "district": "North Sikkim", "location": "NH", "latitude": 27.528722, "longitude": 88.600833, "movement_type": "Debris Slide", "history": null, "event_date": null }, "geometry": { "type": "Point", "coordinates": [ 88.600833, 27.528722 ] } },
{ "type": "Feature", "properties": { "record_id": 26655, "landslide_id": "SKM/NS/78A10/2017/172", "state": "Sikkim", "district": "North Sikkim", "location": "NH", "latitude": 27.529639, "longitude": 88.598139, "movement_type": "Debris Slide", "history": null, "event_date": null }, "geometry": { "type": "Point", "coordinates": [ 88.598139, 27.529639 ] } },
{ "type": "Feature", "properties": { "record_id": 26656, "landslide_id": "SKM/NS/78A10/2017/177", "state": "Sikkim", "district": "North Sikkim", "location": "Naga NH", "latitude": 27.531667, "longitude": 88.606333, "movement_type": "Debris Slide", "history": null, "event_date": null }, "geometry": { "type": "Point", "coordinates": [ 88.606333, 27.531667 ] } },
{ "type": "Feature", "properties": { "record_id": 26657, "landslide_id": "SKM/NS/78A10/2017/178", "state": "Sikkim", "district": "North Sikkim", "location": "NH", "latitude": 27.533722, "longitude": 88.609278, "movement_type": "Rock Slide", "history": null, "event_date": null }, "geometry": { "type": "Point", "coordinates": [ 88.609278, 27.533722 ] } },
{ "type": "Feature", "properties": { "record_id": 26658, "landslide_id": "SKM/NS/78A10/2017/179", "state": "Sikkim", "district": "North Sikkim", "location": "NH", "latitude": 27.535056, "longitude": 88.610194, "movement_type": "Debris Slide", "history": null, "event_date": null }, "geometry": { "type": "Point", "coordinates": [ 88.610194, 27.535056 ] } },
{ "type": "Feature", "properties": { "record_id": 26659, "landslide_id": "SK/ED/78A6/2016/01", "state": "Sikkim", "district": "North Sikkim", "location": "Dzongu landslide Left bank slope of Talong Chu", "latitude": 27.535333, "longitude": 88.497972, "movement_type": "Rock Slide/Avalanch", "history": "13 August 2016 at 13:30 hrs.", "event_date": "2016-08-13T00:00:00" }, "geometry": { "type": "Point", "coordinates": [ 88.497972, 27.535333 ] } },
{ "type": "Feature", "properties": { "record_id": 26660, "landslide_id": "SKM/NS/78A10/2017/180", "state": "Sikkim", "district": "North Sikkim", "location": "NH", "latitude": 27.5435, "longitude": 88.628306, "movement_type": "Debris Slide", "history": null, "event_date": null }, "geometry": { "type": "Point", "coordinates": [ 88.628306, 27.5435 ] } },
{ "type": "Feature", "properties": { "record_id": 26661, "landslide_id": "SKM/NS/78A10/2017/196", "state": "Sikkim", "district": "North Sikkim", "location": "NH", "latitude": 27.54375, "longitude": 88.58475, "movement_type": "Debris Slide", "history": null, "event_date": null }, "geometry": { "type": "Point", "coordinates": [ 88.58475, 27.54375 ] } },
{ "type": "Feature", "properties": { "record_id": 26662, "landslide_id": "SKM/NS/78A10/2017/181", "state": "Sikkim", "district": "North Sikkim", "location": "NH", "latitude": 27.545694, "longitude": 88.636, "movement_type": "Debris Slide", "history": null, "event_date": null }, "geometry": { "type": "Point", "coordinates": [ 88.636, 27.545694 ] } },
{ "type": "Feature", "properties": { "record_id": 26663, "landslide_id": "SKM/NS/78A10/2017/195", "state": "Sikkim", "district": "North Sikkim", "location": "NH", "latitude": 27.545861, "longitude": 88.585194, "movement_type": "Debris Slide", "history": null, "event_date": null }, "geometry": { "type": "Point", "coordinates": [ 88.585194, 27.545861 ] } },
{ "type": "Feature", "properties": { "record_id": 26664, "landslide_id": "SKM/NS/78A10/2017/194", "state": "Sikkim", "district": "North Sikkim", "location": "NH", "latitude": 27.546333, "longitude": 88.586472, "movement_type": "Debris Slide", "history": null, "event_date": null }, "geometry": { "type": "Point", "coordinates": [ 88.586472, 27.546333 ] } },
{ "type": "Feature", "properties": { "record_id": 26665, "landslide_id": "SKM/NS/78A10/2017/190", "state": "Sikkim", "district": "North Sikkim", "location": "NH", "latitude": 27.547111, "longitude": 88.602667, "movement_type": "Debris Slide", "history": null, "event_date": null }, "geometry": { "type": "Point", "coordinates": [ 88.602667, 27.547111 ] } },
{ "type": "Feature", "properties": { "record_id": 26666, "landslide_id": "SKM/NS/78A10/2017/182", "state": "Sikkim", "district": "North Sikkim", "location": "NH", "latitude": 27.548417, "longitude": 88.641944, "movement_type": "Debris Slide", "history": null, "event_date": null }, "geometry": { "type": "Point", "coordinates": [ 88.641944, 27.548417 ] } },
{ "type": "Feature", "properties": { "record_id": 26667, "landslide_id": "SKM/NS/78A10/2017/191", "state": "Sikkim", "district": "North Sikkim", "location": "NH", "latitude": 27.549194, "longitude": 88.583556, "movement_type": "Debris Slide", "history": null, "event_date": null }, "geometry": { "type": "Point", "coordinates": [ 88.583556, 27.549194 ] } },
{ "type": "Feature", "properties": { "record_id": 26668, "landslide_id": "SKM/NS/78A10/2017/183", "state": "Sikkim", "district": "North Sikkim", "location": "Tung NH", "latitude": 27.549306, "longitude": 88.644889, "movement_type": "Debris Slide", "history": null, "event_date": null }, "geometry": { "type": "Point", "coordinates": [ 88.644889, 27.549306 ] } },
{ "type": "Feature", "properties": { "record_id": 26669, "landslide_id": "SKM/NS/78A10/2017/184", "state": "Sikkim", "district": "North Sikkim", "location": "NH", "latitude": 27.550917, "longitude": 88.646056, "movement_type": "Debris Slide", "history": null, "event_date": null }, "geometry": { "type": "Point", "coordinates": [ 88.646056, 27.550917 ] } },
{ "type": "Feature", "properties": { "record_id": 26670, "landslide_id": "SKM/NS/78A10/2017/185", "state": "Sikkim", "district": "North Sikkim", "location": "NH", "latitude": 27.552528, "longitude": 88.653528, "movement_type": "Rock Slide", "history": null, "event_date": null }, "geometry": { "type": "Point", "coordinates": [ 88.653528, 27.552528 ] } },
{ "type": "Feature", "properties": { "record_id": 26671, "landslide_id": "SKM/NS/78A10/2017/189", "state": "Sikkim", "district": "North Sikkim", "location": "NH", "latitude": 27.552861, "longitude": 88.622306, "movement_type": "Debris Slide", "history": null, "event_date": null }, "geometry": { "type": "Point", "coordinates": [ 88.622306, 27.552861 ] } },
{ "type": "Feature", "properties": { "record_id": 26672, "landslide_id": "SKM/NS/78A10/2017/192", "state": "Sikkim", "district": "North Sikkim", "location": "NH", "latitude": 27.553556, "longitude": 88.581222, "movement_type": "Debris Slide", "history": null, "event_date": null }, "geometry": { "type": "Point", "coordinates": [ 88.581222, 27.553556 ] } },
{ "type": "Feature", "properties": { "record_id": 26673, "landslide_id": "SKM/NS/78A10/2017/193", "state": "Sikkim", "district": "North Sikkim", "location": "NH", "latitude": 27.553583, "longitude": 88.577194, "movement_type": "Debris Slide", "history": null, "event_date": null }, "geometry": { "type": "Point", "coordinates": [ 88.577194, 27.553583 ] } },
{ "type": "Feature", "properties": { "record_id": 26674, "landslide_id": "SKM/NS/78A10/2017/186", "state": "Sikkim", "district": "North Sikkim", "location": "NH", "latitude": 27.554889, "longitude": 88.654444, "movement_type": "Debris Slide", "history": null, "event_date": null }, "geometry": { "type": "Point", "coordinates": [ 88.654444, 27.554889 ] } },
{ "type": "Feature", "properties": { "record_id": 26675, "landslide_id": "SKM/NS/78A10/2017/188", "state": "Sikkim", "district": "North Sikkim", "location": "NH", "latitude": 27.55525, "longitude": 88.647556, "movement_type": "Debris Slide", "history": null, "event_date": null }, "geometry": { "type": "Point", "coordinates": [ 88.647556, 27.55525 ] } },
{ "type": "Feature", "properties": { "record_id": 26676, "landslide_id": "SKM/NS/78A10/2017/187", "state": "Sikkim", "district": "North Sikkim", "location": "NH", "latitude": 27.575444, "longitude": 88.651417, "movement_type": "Debris Slide", "history": null, "event_date": null }, "geometry": { "type": "Point", "coordinates": [ 88.651417, 27.575444 ] } },
{ "type": "Feature", "properties": { "record_id": 26677, "landslide_id": "SKM/NS/78A10/2017/197", "state": "Sikkim", "district": "North Sikkim", "location": "Chungthang NH", "latitude": 27.609056, "longitude": 88.652028, "movement_type": "Debris Slide", "history": null, "event_date": null }, "geometry": { "type": "Point", "coordinates": [ 88.652028, 27.609056 ] } },
{ "type": "Feature", "properties": { "record_id": 26678, "landslide_id": "SKM/NS/78A10/2017/198", "state": "Sikkim", "district": "North Sikkim", "location": "NH", "latitude": 27.611333, "longitude": 88.655222, "movement_type": "Debris Slide", "history": null, "event_date": null }, "geometry": { "type": "Point", "coordinates": [ 88.655222, 27.611333 ] } },
{ "type": "Feature", "properties": { "record_id": 26679, "landslide_id": "SKM/NS/78A10/2017/199", "state": "Sikkim", "district": "North Sikkim", "location": "NH", "latitude": 27.613444, "longitude": 88.656528, "movement_type": "Debris Slide", "history": null, "event_date": null }, "geometry": { "type": "Point", "coordinates": [ 88.656528, 27.613444 ] } },
{ "type": "Feature", "properties": { "record_id": 26680, "landslide_id": "SKM/NS/78A10/2017/230", "state": "Sikkim", "district": "North Sikkim", "location": "NH", "latitude": 27.61775, "longitude": 88.623639, "movement_type": "Debris Slide", "history": null, "event_date": null }, "geometry": { "type": "Point", "coordinates": [ 88.623639, 27.61775 ] } },
{ "type": "Feature", "properties": { "record_id": 26681, "landslide_id": "SKM/NS/78A10/2017/229", "state": "Sikkim", "district": "North Sikkim", "location": "NH", "latitude": 27.619722, "longitude": 88.618861, "movement_type": "Debris Slide", "history": null, "event_date": null }, "geometry": { "type": "Point", "coordinates": [ 88.618861, 27.619722 ] } },
{ "type": "Feature", "properties": { "record_id": 26682, "landslide_id": "SKM/NS/78A10/2017/228", "state": "Sikkim", "district": "North Sikkim", "location": "NH", "latitude": 27.621806, "longitude": 88.618694, "movement_type": "Debris Slide", "history": null, "event_date": null }, "geometry": { "type": "Point", "coordinates": [ 88.618694, 27.621806 ] } },
{ "type": "Feature", "properties": { "record_id": 26683, "landslide_id": "SKM/NS/78A10/2017/200", "state": "Sikkim", "district": "North Sikkim", "location": "NH", "latitude": 27.628083, "longitude": 88.685306, "movement_type": "Debris Slide", "history": null, "event_date": null }, "geometry": { "type": "Point", "coordinates": [ 88.685306, 27.628083 ] } },
{ "type": "Feature", "properties": { "record_id": 26684, "landslide_id": "SKM/NS/78A10/2017/202", "state": "Sikkim", "district": "North Sikkim", "location": "NH", "latitude": 27.629361, "longitude": 88.695194, "movement_type": "Debris Slide", "history": null, "event_date": null }, "geometry": { "type": "Point", "coordinates": [ 88.695194, 27.629361 ] } },
{ "type": "Feature", "properties": { "record_id": 26685, "landslide_id": "SKM/NS/78A10/2017/201", "state": "Sikkim", "district": "North Sikkim", "location": "NH", "latitude": 27.6295, "longitude": 88.692778, "movement_type": "Debris Slide", "history": null, "event_date": null }, "geometry": { "type": "Point", "coordinates": [ 88.692778, 27.6295 ] } },
{ "type": "Feature", "properties": { "record_id": 26686, "landslide_id": "SKM/NS/78A10/2017/227", "state": "Sikkim", "district": "North Sikkim", "location": "NH", "latitude": 27.629944, "longitude": 88.619833, "movement_type": "Debris Slide", "history": null, "event_date": null }, "geometry": { "type": "Point", "coordinates": [ 88.619833, 27.629944 ] } },
{ "type": "Feature", "properties": { "record_id": 26687, "landslide_id": "SKM/NS/78A10/2017/203", "state": "Sikkim", "district": "North Sikkim", "location": "NH", "latitude": 27.637167, "longitude": 88.712028, "movement_type": "Debris Slide", "history": null, "event_date": null }, "geometry": { "type": "Point", "coordinates": [ 88.712028, 27.637167 ] } },
{ "type": "Feature", "properties": { "record_id": 26688, "landslide_id": "SKM/NS/78A10/2017/204", "state": "Sikkim", "district": "North Sikkim", "location": "NH", "latitude": 27.638694, "longitude": 88.711694, "movement_type": "Debris Slide", "history": null, "event_date": null }, "geometry": { "type": "Point", "coordinates": [ 88.711694, 27.638694 ] } },
{ "type": "Feature", "properties": { "record_id": 26689, "landslide_id": "SKM/NS/78A10/2017/226", "state": "Sikkim", "district": "North Sikkim", "location": "Munshithang NH", "latitude": 27.641139, "longitude": 88.612, "movement_type": "Debris Slide", "history": null, "event_date": null }, "geometry": { "type": "Point", "coordinates": [ 88.612, 27.641139 ] } },
{ "type": "Feature", "properties": { "record_id": 26690, "landslide_id": "SKM/NS/78A10/2017/225", "state": "Sikkim", "district": "North Sikkim", "location": "NH", "latitude": 27.652861, "longitude": 88.607, "movement_type": "Debris Slide", "history": null, "event_date": null }, "geometry": { "type": "Point", "coordinates": [ 88.607, 27.652861 ] } },
{ "type": "Feature", "properties": { "record_id": 26691, "landslide_id": "SKM/NS/78A10/2017/224", "state": "Sikkim", "district": "North Sikkim", "location": "Rabom NH", "latitude": 27.662444, "longitude": 88.602556, "movement_type": "Debris Slide", "history": null, "event_date": null }, "geometry": { "type": "Point", "coordinates": [ 88.602556, 27.662444 ] } },
{ "type": "Feature", "properties": { "record_id": 26692, "landslide_id": "SKM/NS/78A10/2017/205", "state": "Sikkim", "district": "North Sikkim", "location": "NH", "latitude": 27.675778, "longitude": 88.733417, "movement_type": "Debris Slide", "history": null, "event_date": null }, "geometry": { "type": "Point", "coordinates": [ 88.733417, 27.675778 ] } },
{ "type": "Feature", "properties": { "record_id": 26693, "landslide_id": "SKM/NS/78A10/2017/223", "state": "Sikkim", "district": "North Sikkim", "location": "NH", "latitude": 27.676722, "longitude": 88.597194, "movement_type": "Debris Slide", "history": null, "event_date": null }, "geometry": { "type": "Point", "coordinates": [ 88.597194, 27.676722 ] } },
{ "type": "Feature", "properties": { "record_id": 26694, "landslide_id": "SKM/NS/78A10/2017/206", "state": "Sikkim", "district": "North Sikkim", "location": "NH", "latitude": 27.686389, "longitude": 88.73875, "movement_type": "Debris Slide", "history": null, "event_date": null }, "geometry": { "type": "Point", "coordinates": [ 88.73875, 27.686389 ] } },
{ "type": "Feature", "properties": { "record_id": 26695, "landslide_id": "SKM/NS/78A10/2017/222", "state": "Sikkim", "district": "North Sikkim", "location": "Bansoi NH", "latitude": 27.697139, "longitude": 88.57025, "movement_type": "Debris Slide", "history": null, "event_date": null }, "geometry": { "type": "Point", "coordinates": [ 88.57025, 27.697139 ] } },
{ "type": "Feature", "properties": { "record_id": 26696, "landslide_id": "SKM/NS/78A10/2017/221", "state": "Sikkim", "district": "North Sikkim", "location": "NH", "latitude": 27.700444, "longitude": 88.566083, "movement_type": "Debris Slide", "history": null, "event_date": null }, "geometry": { "type": "Point", "coordinates": [ 88.566083, 27.700444 ] } },
{ "type": "Feature", "properties": { "record_id": 26697, "landslide_id": "SKM/NS/78A10/2017/220", "state": "Sikkim", "district": "North Sikkim", "location": "NH", "latitude": 27.701333, "longitude": 88.565083, "movement_type": "Debris Slide", "history": null, "event_date": null }, "geometry": { "type": "Point", "coordinates": [ 88.565083, 27.701333 ] } },
{ "type": "Feature", "properties": { "record_id": 26698, "landslide_id": "SKM/NS/78A10/2017/219", "state": "Sikkim", "district": "North Sikkim", "location": "NH", "latitude": 27.703917, "longitude": 88.562306, "movement_type": "Debris Slide", "history": null, "event_date": null }, "geometry": { "type": "Point", "coordinates": [ 88.562306, 27.703917 ] } },
{ "type": "Feature", "properties": { "record_id": 26699, "landslide_id": "SKM/NS/78A10/2017/218", "state": "Sikkim", "district": "North Sikkim", "location": "NH", "latitude": 27.704028, "longitude": 88.56175, "movement_type": "Debris Slide", "history": null, "event_date": null }, "geometry": { "type": "Point", "coordinates": [ 88.56175, 27.704028 ] } },
{ "type": "Feature", "properties": { "record_id": 26700, "landslide_id": "SKM/NS/78A10/2017/217", "state": "Sikkim", "district": "North Sikkim", "location": "NH", "latitude": 27.704306, "longitude": 88.560694, "movement_type": "Debris Slide", "history": null, "event_date": null }, "geometry": { "type": "Point", "coordinates": [ 88.560694, 27.704306 ] } },
{ "type": "Feature", "properties": { "record_id": 26701, "landslide_id": "SKM/NS/78A10/2017/216", "state": "Sikkim", "district": "North Sikkim", "location": "NH", "latitude": 27.713944, "longitude": 88.557361, "movement_type": "Debris Slide", "history": null, "event_date": null }, "geometry": { "type": "Point", "coordinates": [ 88.557361, 27.713944 ] } },
{ "type": "Feature", "properties": { "record_id": 26702, "landslide_id": "SKM/NS/78A10/2017/215", "state": "Sikkim", "district": "North Sikkim", "location": "NH", "latitude": 27.723611, "longitude": 88.550472, "movement_type": "Debris Slide", "history": null, "event_date": null }, "geometry": { "type": "Point", "coordinates": [ 88.550472, 27.723611 ] } },
{ "type": "Feature", "properties": { "record_id": 26703, "landslide_id": "SKM/NS/78A10/2017/214", "state": "Sikkim", "district": "North Sikkim", "location": "NH", "latitude": 27.724222, "longitude": 88.552861, "movement_type": "Debris Slide", "history": null, "event_date": null }, "geometry": { "type": "Point", "coordinates": [ 88.552861, 27.724222 ] } },
{ "type": "Feature", "properties": { "record_id": 26704, "landslide_id": "SKM/NS/78A10/2017/213", "state": "Sikkim", "district": "North Sikkim", "location": "Chaten NH", "latitude": 27.726083, "longitude": 88.54975, "movement_type": "Debris Slide", "history": null, "event_date": null }, "geometry": { "type": "Point", "coordinates": [ 88.54975, 27.726083 ] } },
{ "type": "Feature", "properties": { "record_id": 26705, "landslide_id": "SKM/NS/78A10/2017/212", "state": "Sikkim", "district": "North Sikkim", "location": "NH", "latitude": 27.728472, "longitude": 88.551667, "movement_type": "Debris Slide", "history": null, "event_date": null }, "geometry": { "type": "Point", "coordinates": [ 88.551667, 27.728472 ] } },
{ "type": "Feature", "properties": { "record_id": 26706, "landslide_id": "SKM/NS/78A10/2017/211", "state": "Sikkim", "district": "North Sikkim", "location": "Lachen NH", "latitude": 27.735278, "longitude": 88.54925, "movement_type": "Debris Slide", "history": null, "event_date": null }, "geometry": { "type": "Point", "coordinates": [ 88.54925, 27.735278 ] } },
{ "type": "Feature", "properties": { "record_id": 26707, "landslide_id": "SKM/NS/78A10/2017/210", "state": "Sikkim", "district": "North Sikkim", "location": "NH", "latitude": 27.74075, "longitude": 88.54525, "movement_type": "Debris Slide", "history": null, "event_date": null }, "geometry": { "type": "Point", "coordinates": [ 88.54525, 27.74075 ] } },
{ "type": "Feature", "properties": { "record_id": 26708, "landslide_id": "SKM/NS/78A10/2017/209", "state": "Sikkim", "district": "North Sikkim", "location": "NH", "latitude": 27.740944, "longitude": 88.545361, "movement_type": "Debris Slide", "history": null, "event_date": null }, "geometry": { "type": "Point", "coordinates": [ 88.545361, 27.740944 ] } },
{ "type": "Feature", "properties": { "record_id": 26709, "landslide_id": "SKM/NS/78A10/2017/208", "state": "Sikkim", "district": "North Sikkim", "location": "NH", "latitude": 27.745194, "longitude": 88.544278, "movement_type": "Debris Slide", "history": null, "event_date": null }, "geometry": { "type": "Point", "coordinates": [ 88.544278, 27.745194 ] } },
{ "type": "Feature", "properties": { "record_id": 26710, "landslide_id": "SKM/NS/78A10/2017/207", "state": "Sikkim", "district": "North Sikkim", "location": "NH", "latitude": 27.749111, "longitude": 88.542972, "movement_type": "Debris Slide", "history": null, "event_date": null }, "geometry": { "type": "Point", "coordinates": [ 88.542972, 27.749111 ] } },
{ "type": "Feature", "properties": { "record_id": 26711, "landslide_id": "SKM/EAST/78A12/2015/001", "state": "Sikkim", "district": "East Sikkim", "location": "3rd Mile Subsidence Kumrek (On Rangpo-Kumrek", "latitude": 27.18822222, "longitude": 88.56238889, "movement_type": "Debris Subsidence July", "history": "2015", "event_date": null }, "geometry": { "type": "Point", "coordinates": [ 88.56238889, 27.18822222 ] } },
{ "type": "Feature", "properties": { "record_id": 26712, "landslide_id": "SKM/EAST/78A12/2015/002", "state": "Sikkim", "district": "East Sikkim", "location": "Kumrek landslide Kumrek (On Rangpo-Kumrek", "latitude": 27.179, "longitude": 88.53313889, "movement_type": "Rock Slide", "history": "8 July 2015", "event_date": "2015-07-08T00:00:00" }, "geometry": { "type": "Point", "coordinates": [ 88.53313889, 27.179 ] } },
{ "type": "Feature", "properties": { "record_id": 26713, "landslide_id": "SKM/NORTH/78A11/2015/003", "state": "Sikkim", "district": "North Sikkim", "location": "Rangrang Landslide Rangrang (On Mangan to", "latitude": 27.46166, "longitude": 88.52341, "movement_type": "Debris Slide", "history": "1 June 2015", "event_date": "2015-06-01T00:00:00" }, "geometry": { "type": "Point", "coordinates": [ 88.52341, 27.46166 ] } },
{ "type": "Feature", "properties": { "record_id": 26714, "landslide_id": "SKM/EAST/78A11/2015/004", "state": "Sikkim", "district": "East Sikkim", "location": "Tumin Landslide Tumin", "latitude": 27.33208, "longitude": 88.50902, "movement_type": "Debris Slide", "history": "11 July 2015", "event_date": "2015-07-11T00:00:00" }, "geometry": { "type": "Point", "coordinates": [ 88.50902, 27.33208 ] } },
{ "type": "Feature", "properties": { "record_id": 26724, "landslide_id": "SK/NS/78A11/", "state": "Sikkim", "district": "East Sikkim", "location": "(Near Kaabi) Kaabi II NH 31A, Near B2 Bridge.", "latitude": 27.38107778, "longitude": 88.64063333, "movement_type": "Rock Rock Slide", "history": null, "event_date": null }, "geometry": { "type": "Point", "coordinates": [ 88.64063333, 27.38107778 ] } },
{ "type": "Feature", "properties": { "record_id": 26729, "landslide_id": "Sikkim/NK/78A11/2022/SP1", "state": "Sikkim", "district": "North Sikkim", "location": "Salim Pakel village Village road", "latitude": 27.5401, "longitude": 88.56929167, "movement_type": "Rock cum debris Slide", "history": "2019", "event_date": null }, "geometry": { "type": "Point", "coordinates": [ 88.56929167, 27.5401 ] } },
{ "type": "Feature", "properties": { "record_id": 26730, "landslide_id": "Sikkim/NK/78A10/2022/II", "state": "Sikkim", "district": "North Sikkim", "location": "Shipgyre slide right bank of Teesta State road", "latitude": 27.55314167, "longitude": 88.62179722, "movement_type": "Debris Slide", "history": "2012", "event_date": null }, "geometry": { "type": "Point", "coordinates": [ 88.62179722, 27.55314167 ] } },
{ "type": "Feature", "properties": { "record_id": 26732, "landslide_id": "Sikkim/NK/78A10/2022/III", "state": "Sikkim", "district": "North Sikkim", "location": "Shipgyer slide right bank of Teesta State road", "latitude": 27.54810833, "longitude": 88.60807778, "movement_type": "Debris Slide", "history": "2012", "event_date": null }, "geometry": { "type": "Point", "coordinates": [ 88.60807778, 27.54810833 ] } },
{ "type": "Feature", "properties": { "record_id": 26733, "landslide_id": "Sikkim/NK/78A10/2022/IV", "state": "Sikkim", "district": "North Sikkim", "location": "West of Shipgyer State road", "latitude": 27.55236944, "longitude": 88.58208333, "movement_type": "Debris Slide", "history": "2019", "event_date": null }, "geometry": { "type": "Point", "coordinates": [ 88.58208333, 27.55236944 ] } },
{ "type": "Feature", "properties": { "record_id": 26766, "landslide_id": "SK/ES/78A11/2021/1", "state": "Sikkim", "district": "East Sikkim", "location": "Shotak slide Along Burtuk Kabi Road, East of", "latitude": 27.38155556, "longitude": 88.63883333, "movement_type": "Debris Slide September", "history": "2021.", "event_date": null }, "geometry": { "type": "Point", "coordinates": [ 88.63883333, 27.38155556 ] } },
{ "type": "Feature", "properties": { "record_id": 26816, "landslide_id": "SKM-01/2012-13", "state": "Sikkim", "district": "East Sikkim", "location": "Saketang Rongli-Rolep road", "latitude": 27.26063889, "longitude": 88.71438889, "movement_type": "Debris Slide", "history": "7 June 2012 at 4:50 hrs.", "event_date": "2012-06-07T00:00:00" }, "geometry": { "type": "Point", "coordinates": [ 88.71438889, 27.26063889 ] } },
{ "type": "Feature", "properties": { "record_id": 26817, "landslide_id": "SKM-02/2012-13", "state": "Sikkim", "district": "East Sikkim", "location": "Chopse Slide Rongli-Rolep road", "latitude": 27.26616667, "longitude": 88.72697222, "movement_type": "Debris Slide", "history": "7 June 2012 at 4:30 hrs.", "event_date": "2012-06-07T00:00:00" }, "geometry": { "type": "Point", "coordinates": [ 88.72697222, 27.26616667 ] } },
{ "type": "Feature", "properties": { "record_id": 26818, "landslide_id": "SKM-03/2012-13", "state": "Sikkim", "district": "East Sikkim", "location": "Dharakham Slide Rongli-Rolep road", "latitude": 27.26544444, "longitude": 88.72252778, "movement_type": "Debris Slide", "history": "7 June 2012 at 4:50 hrs.", "event_date": "2012-06-07T00:00:00" }, "geometry": { "type": "Point", "coordinates": [ 88.72252778, 27.26544444 ] } },
{ "type": "Feature", "properties": { "record_id": 26819, "landslide_id": "SKM-04/2012-13", "state": "Sikkim", "district": "East Sikkim", "location": "Rockse Slide 1 Panthang to Dikchu road", "latitude": 27.37441667, "longitude": 88.54505556, "movement_type": "Rock", "history": "13 July 2012", "event_date": "2012-07-13T00:00:00" }, "geometry": { "type": "Point", "coordinates": [ 88.54505556, 27.37441667 ] } },
{ "type": "Feature", "properties": { "record_id": 26820, "landslide_id": "SKM-05/2012-13", "state": "Sikkim", "district": "East Sikkim", "location": "Rockse Slide 2 Panthang to Dikchu road", "latitude": 27.36977778, "longitude": 88.54466667, "movement_type": "Rock", "history": "13 July 2012", "event_date": "2012-07-13T00:00:00" }, "geometry": { "type": "Point", "coordinates": [ 88.54466667, 27.36977778 ] } },
{ "type": "Feature", "properties": { "record_id": 26821, "landslide_id": "SKM-06/2012-13", "state": "Sikkim", "district": "North Sikkim", "location": "Pegong Slide Mangan-Chungthang road", "latitude": 27.59027778, "longitude": 88.65394444, "movement_type": "Debris Slide", "history": "26 June 2012", "event_date": "2012-06-26T00:00:00" }, "geometry": { "type": "Point", "coordinates": [ 88.65394444, 27.59027778 ] } },
{ "type": "Feature", "properties": { "record_id": 26822, "landslide_id": "SKM-07/2012-13", "state": "Sikkim", "district": "North Sikkim", "location": "Theng Slide On Mangan-Chungthang road", "latitude": 27.57502778, "longitude": 88.65402778000001, "movement_type": "Debris Slide", "history": "22 June 2012", "event_date": "2012-06-22T00:00:00" }, "geometry": { "type": "Point", "coordinates": [ 88.65402778, 27.57502778 ] } },
{ "type": "Feature", "properties": { "record_id": 26823, "landslide_id": "SKM-08/2012-13", "state": "Sikkim", "district": "North Sikkim", "location": "Tung Slide On Mangan-Chungthang road", "latitude": 27.56111111, "longitude": 88.65452778, "movement_type": "Debris Slide", "history": "22 June 2012", "event_date": "2012-06-22T00:00:00" }, "geometry": { "type": "Point", "coordinates": [ 88.65452778, 27.56111111 ] } },
{ "type": "Feature", "properties": { "record_id": 26824, "landslide_id": "SKM-09/2012-13", "state": "Sikkim", "district": "North Sikkim", "location": "Rubom Slide On Mangan-Chungthang", "latitude": 27.52838889, "longitude": 88.59972222, "movement_type": "Debris Slide", "history": "22 June 2012", "event_date": "2012-06-22T00:00:00" }, "geometry": { "type": "Point", "coordinates": [ 88.59972222, 27.52838889 ] } },
{ "type": "Feature", "properties": { "record_id": 26825, "landslide_id": "SKM-10/2012-13", "state": "Sikkim", "district": "North Sikkim", "location": "Singik Slide On Mangan-Chungthang road", "latitude": 27.56941667, "longitude": 88.65272222, "movement_type": "Debris Slide", "history": "22 June 2012", "event_date": "2012-06-22T00:00:00" }, "geometry": { "type": "Point", "coordinates": [ 88.65272222, 27.56941667 ] } },
{ "type": "Feature", "properties": { "record_id": 26826, "landslide_id": "SKM-11/2012-13", "state": "Sikkim", "district": "North Sikkim", "location": "Deodara Slide On Mangan-Chungthang", "latitude": 27.51491667, "longitude": 88.56313889, "movement_type": "Debris Slide", "history": "17 July 2012", "event_date": "2012-07-17T00:00:00" }, "geometry": { "type": "Point", "coordinates": [ 88.56313889, 27.51491667 ] } },
{ "type": "Feature", "properties": { "record_id": 26827, "landslide_id": "SKM/78A11/2009", "state": "Sikkim", "district": "North Sikkim", "location": "Chandera village/Singhik Village", "latitude": 27.51444444, "longitude": 88.56777778, "movement_type": "Debris Slide", "history": "9 May 2009 at 14.00 hrs.", "event_date": "2009-05-09T00:00:00" }, "geometry": { "type": "Point", "coordinates": [ 88.56777778, 27.51444444 ] } },
{ "type": "Feature", "properties": { "record_id": 26828, "landslide_id": "7253", "state": "Sikkim", "district": "South Sikkim", "location": "NHPC TEESTA V POWER HOUSE", "latitude": 27.25102, "longitude": 88.460004, "movement_type": "Rock Slide", "history": "2024", "event_date": null }, "geometry": { "type": "Point", "coordinates": [ 88.460004, 27.25102 ] } }
]
}
