{
"type": "FeatureCollection",
"name": "gsi_inventory_with_osm_features",
"crs": { "type": "name", "properties": { "name": "urn:ogc:def:crs:OGC:1.3:CRS84" } },
"features": [
{ "type": "Feature", "properties": { "record_id": 26052, "landslide_id": "SKM/SS/78A08/2015/256", "state": "Sikkim", "district": "South Sikkim", "location": "Melli-Sumbuk Road", "latitude": 27.08275, "longitude": 88.434778, "movement_type": "Debris Slide", "history": null, "event_date": null, "road_distance_m": 12.276561477466741, "settlement_distance_m": 2120.8452781592305, "amenity_distance_m": 323.86509169089305, "road_density_500m_km_per_km2": 9.9328714692036932, "settlements_within_1km": 0, "amenities_within_1km": 1, "near_road_250m": 1, "near_settlement_1km": 0, "near_amenity_1km": 1 }, "geometry": { "type": "Point", "coordinates": [ 88.434778, 27.08275 ] } },
{ "type": "Feature", "properties": { "record_id": 26053, "landslide_id": "SKM/SS/78A08/2015/254", "state": "Sikkim", "district": "South Sikkim", "location": "Melli-Sumbuk Road", "latitude": 27.084222, "longitude": 88.446083, "movement_type": "Debris Slide", "history": null, "event_date": null, "road_distance_m": 38.442967244174419, "settlement_distance_m": 1326.9099354753077, "amenity_distance_m": 580.19036328531251, "road_density_500m_km_per_km2": 34.914544839941364, "settlements_within_1km": 0, "amenities_within_1km": 3, "near_road_250m": 1, "near_settlement_1km": 0, "near_amenity_1km": 1 }, "geometry": { "type": "Point", "coordinates": [ 88.446083, 27.084222 ] } },
{ "type": "Feature", "properties": { "record_id": 26054, "landslide_id": "SKM/SS/78A08/2015/255", "state": "Sikkim", "district": "South Sikkim", "location": "Melli-Sumbuk Road", "latitude": 27.084722, "longitude": 88.443833, "movement_type": "Debris Slide", "history": null, "event_date": null, "road_distance_m": 23.677378895353169, "settlement_distance_m": 1501.7858129537863, "amenity_distance_m": 765.17930298011436, "road_density_500m_km_per_km2": 34.914544839941364, "settlements_within_1km": 0, "amenities_within_1km": 3, "near_road_250m": 1, "near_settlement_1km": 0, "near_amenity_1km": 1 }, "geometry": { "type": "Point", "coordinates": [ 88.443833, 27.084722 ] } },
{ "type": "Feature", "properties": { "record_id": 26055, "landslide_id": "SKM/SS/78A08/2015/257", "state": "Sikkim", "district": "South Sikkim", "location": "Melli-Sumbuk Road", "latitude": 27.087667, "longitude": 88.416528, "movement_type": "Debris Slide", "history": null, "event_date": null, "road_distance_m": 1.2419663700820265, "settlement_distance_m": 2519.2591017136606, "amenity_distance_m": 2195.4428066178039, "road_density_500m_km_per_km2": 3.4380711388159328, "settlements_within_1km": 0, "amenities_within_1km": 0, "near_road_250m": 1, "near_settlement_1km": 0, "near_amenity_1km": 0 }, "geometry": { "type": "Point", "coordinates": [ 88.416528, 27.087667 ] } },
{ "type": "Feature", "properties": { "record_id": 26056, "landslide_id": "SKM/SS/78A08/2015/258", "state": "Sikkim", "district": "South Sikkim", "location": "Melli-Sumbuk Road", "latitude": 27.090083, "longitude": 88.413139, "movement_type": "Debris Slide", "history": null, "event_date": null, "road_distance_m": 62.227110248584111, "settlement_distance_m": 2887.2228860070613, "amenity_distance_m": 1995.9923560082332, "road_density_500m_km_per_km2": 3.4380711388159328, "settlements_within_1km": 0, "amenities_within_1km": 0, "near_road_250m": 1, "near_settlement_1km": 0, "near_amenity_1km": 0 }, "geometry": { "type": "Point", "coordinates": [ 88.413139, 27.090083 ] } },
{ "type": "Feature", "properties": { "record_id": 26057, "landslide_id": "SKM/SS/78A08/2015/259", "state": "Sikkim", "district": "South Sikkim", "location": "Melli-Sumbuk Road", "latitude": 27.090944, "longitude": 88.406833, "movement_type": "Debris Slide", "history": null, "event_date": null, "road_distance_m": 2.3798803591907354, "settlement_distance_m": 3261.2576043163303, "amenity_distance_m": 1830.0214587985613, "road_density_500m_km_per_km2": 3.6373626505417298, "settlements_within_1km": 0, "amenities_within_1km": 0, "near_road_250m": 1, "near_settlement_1km": 0, "near_amenity_1km": 0 }, "geometry": { "type": "Point", "coordinates": [ 88.406833, 27.090944 ] } },
{ "type": "Feature", "properties": { "record_id": 26058, "landslide_id": "SKM/SS/78A08/2015/253", "state": "Sikkim", "district": "South Sikkim", "location": "Pachekhani-Melli Road", "latitude": 27.093278, "longitude": 88.457444, "movement_type": "Debris Slide", "history": null, "event_date": null, "road_distance_m": 33.429025985990322, "settlement_distance_m": 347.80456895965841, "amenity_distance_m": 522.48318871338029, "road_density_500m_km_per_km2": 69.223519231516093, "settlements_within_1km": 1, "amenities_within_1km": 3, "near_road_250m": 1, "near_settlement_1km": 1, "near_amenity_1km": 1 }, "geometry": { "type": "Point", "coordinates": [ 88.457444, 27.093278 ] } },
{ "type": "Feature", "properties": { "record_id": 26059, "landslide_id": "SKM/SS/78A08/2015/248", "state": "Sikkim", "district": "South Sikkim", "location": "Pachekhani-Melli Road", "latitude": 27.096444, "longitude": 88.433375, "movement_type": "Debris Slide", "history": null, "event_date": null, "road_distance_m": 6.2447133447217809, "settlement_distance_m": 2511.951105533647, "amenity_distance_m": 1760.2553664666907, "road_density_500m_km_per_km2": 35.088873270948966, "settlements_within_1km": 0, "amenities_within_1km": 0, "near_road_250m": 1, "near_settlement_1km": 0, "near_amenity_1km": 0 }, "geometry": { "type": "Point", "coordinates": [ 88.433375, 27.096444 ] } },
{ "type": "Feature", "properties": { "record_id": 26060, "landslide_id": "SKM/SS/78A08/2015/260", "state": "Sikkim", "district": "South Sikkim", "location": "Melli-Sumbuk Road", "latitude": 27.097833, "longitude": 88.3785, "movement_type": "Debris Slide", "history": null, "event_date": null, "road_distance_m": 15.758971912041112, "settlement_distance_m": 1593.9465971176471, "amenity_distance_m": 2048.3664507690755, "road_density_500m_km_per_km2": 3.5132618345781794, "settlements_within_1km": 0, "amenities_within_1km": 0, "near_road_250m": 1, "near_settlement_1km": 0, "near_amenity_1km": 0 }, "geometry": { "type": "Point", "coordinates": [ 88.3785, 27.097833 ] } },
{ "type": "Feature", "properties": { "record_id": 26061, "landslide_id": "SKM/SS/78A08/2015/245", "state": "Sikkim", "district": "South Sikkim", "location": "Pachekhani-Melli Road", "latitude": 27.098417, "longitude": 88.400167, "movement_type": "Debris Slide", "history": null, "event_date": null, "road_distance_m": 6.9254547231624102, "settlement_distance_m": 2699.4223860917555, "amenity_distance_m": 1250.999664455122, "road_density_500m_km_per_km2": 9.9814147556747201, "settlements_within_1km": 0, "amenities_within_1km": 0, "near_road_250m": 1, "near_settlement_1km": 0, "near_amenity_1km": 0 }, "geometry": { "type": "Point", "coordinates": [ 88.400167, 27.098417 ] } },
{ "type": "Feature", "properties": { "record_id": 26062, "landslide_id": "SKM/SS/78A08/2015/261", "state": "Sikkim", "district": "South Sikkim", "location": "Melli-Sumbuk Road", "latitude": 27.101083, "longitude": 88.3615, "movement_type": "Debris Slide", "history": null, "event_date": null, "road_distance_m": 15.831021433565347, "settlement_distance_m": 239.0286917658548, "amenity_distance_m": 462.5606564394169, "road_density_500m_km_per_km2": 34.897320026879022, "settlements_within_1km": 1, "amenities_within_1km": 1, "near_road_250m": 1, "near_settlement_1km": 1, "near_amenity_1km": 1 }, "geometry": { "type": "Point", "coordinates": [ 88.3615, 27.101083 ] } },
{ "type": "Feature", "properties": { "record_id": 26063, "landslide_id": "SKM/SS/78A08/2015/244", "state": "Sikkim", "district": "South Sikkim", "location": "Pachekhani-Melli Road", "latitude": 27.101083, "longitude": 88.400417, "movement_type": "Debris Slide", "history": null, "event_date": null, "road_distance_m": 1.0649192325484211, "settlement_distance_m": 2512.7722077099866, "amenity_distance_m": 1012.3928560740133, "road_density_500m_km_per_km2": 10.629139804656878, "settlements_within_1km": 0, "amenities_within_1km": 0, "near_road_250m": 1, "near_settlement_1km": 0, "near_amenity_1km": 0 }, "geometry": { "type": "Point", "coordinates": [ 88.400417, 27.101083 ] } },
{ "type": "Feature", "properties": { "record_id": 26064, "landslide_id": "SKM/SS/78A08/2015/243", "state": "Sikkim", "district": "South Sikkim", "location": "Pachekhani-Melli Road", "latitude": 27.101111, "longitude": 88.403333, "movement_type": "Debris Slide", "history": null, "event_date": null, "road_distance_m": 7.5069618800275739, "settlement_distance_m": 2734.9172695009097, "amenity_distance_m": 826.89247105866707, "road_density_500m_km_per_km2": 40.526953390213379, "settlements_within_1km": 0, "amenities_within_1km": 1, "near_road_250m": 1, "near_settlement_1km": 0, "near_amenity_1km": 1 }, "geometry": { "type": "Point", "coordinates": [ 88.403333, 27.101111 ] } },
{ "type": "Feature", "properties": { "record_id": 26065, "landslide_id": "SKM/SS/78A08/2015/247", "state": "Sikkim", "district": "South Sikkim", "location": "Pachekhani-Melli Road", "latitude": 27.101194, "longitude": 88.394611, "movement_type": "Debris Slide", "history": null, "event_date": null, "road_distance_m": 2.474105139881007, "settlement_distance_m": 2104.671827597645, "amenity_distance_m": 1475.1980745341261, "road_density_500m_km_per_km2": 9.9814147556747201, "settlements_within_1km": 0, "amenities_within_1km": 0, "near_road_250m": 1, "near_settlement_1km": 0, "near_amenity_1km": 0 }, "geometry": { "type": "Point", "coordinates": [ 88.394611, 27.101194 ] } },
{ "type": "Feature", "properties": { "record_id": 26066, "landslide_id": "SKM/SS/78A08/2015/252", "state": "Sikkim", "district": "South Sikkim", "location": "Pachekhani-Melli Road", "latitude": 27.102, "longitude": 88.458667, "movement_type": "Debris Slide", "history": null, "event_date": null, "road_distance_m": 22.019694038256109, "settlement_distance_m": 1316.5112077999827, "amenity_distance_m": 1479.0526532373899, "road_density_500m_km_per_km2": 38.209873510320207, "settlements_within_1km": 0, "amenities_within_1km": 0, "near_road_250m": 1, "near_settlement_1km": 0, "near_amenity_1km": 0 }, "geometry": { "type": "Point", "coordinates": [ 88.458667, 27.102 ] } },
{ "type": "Feature", "properties": { "record_id": 26067, "landslide_id": "SKM/SS/78A08/2015/242", "state": "Sikkim", "district": "South Sikkim", "location": "Pachekhani-Melli Road", "latitude": 27.1025, "longitude": 88.400778, "movement_type": "Debris Slide", "history": null, "event_date": null, "road_distance_m": 10.138295189082362, "settlement_distance_m": 2440.2912217003445, "amenity_distance_m": 881.82952446026968, "road_density_500m_km_per_km2": 10.430191939320398, "settlements_within_1km": 0, "amenities_within_1km": 1, "near_road_250m": 1, "near_settlement_1km": 0, "near_amenity_1km": 1 }, "geometry": { "type": "Point", "coordinates": [ 88.400778, 27.1025 ] } },
{ "type": "Feature", "properties": { "record_id": 26068, "landslide_id": "SKM/SS/78A08/2015/246", "state": "Sikkim", "district": "South Sikkim", "location": "Pachekhani-Melli Road", "latitude": 27.102639, "longitude": 88.394639, "movement_type": "Debris Slide", "history": null, "event_date": null, "road_distance_m": 6.1555243940025184, "settlement_distance_m": 1983.9572553505518, "amenity_distance_m": 1404.6241369224031, "road_density_500m_km_per_km2": 9.9814147556747201, "settlements_within_1km": 0, "amenities_within_1km": 0, "near_road_250m": 1, "near_settlement_1km": 0, "near_amenity_1km": 0 }, "geometry": { "type": "Point", "coordinates": [ 88.394639, 27.102639 ] } },
{ "type": "Feature", "properties": { "record_id": 26069, "landslide_id": "SKM/SS/78A08/2015/240", "state": "Sikkim", "district": "South Sikkim", "location": "Pachekhani-Melli Road", "latitude": 27.102944, "longitude": 88.404667, "movement_type": "Debris Subsidence", "history": null, "event_date": null, "road_distance_m": 10.867686764340297, "settlement_distance_m": 2728.2024567085059, "amenity_distance_m": 584.60680992471657, "road_density_500m_km_per_km2": 41.762847927217337, "settlements_within_1km": 0, "amenities_within_1km": 1, "near_road_250m": 1, "near_settlement_1km": 0, "near_amenity_1km": 1 }, "geometry": { "type": "Point", "coordinates": [ 88.404667, 27.102944 ] } },
{ "type": "Feature", "properties": { "record_id": 26070, "landslide_id": "SKM/SS/78A08/2015/241", "state": "Sikkim", "district": "South Sikkim", "location": "Pachekhani-Melli Road", "latitude": 27.103111, "longitude": 88.402722, "movement_type": "Debris Slide", "history": null, "event_date": null, "road_distance_m": 7.4906084106588029, "settlement_distance_m": 2556.5175560613166, "amenity_distance_m": 691.92205928462965, "road_density_500m_km_per_km2": 41.490822466316608, "settlements_within_1km": 0, "amenities_within_1km": 1, "near_road_250m": 1, "near_settlement_1km": 0, "near_amenity_1km": 1 }, "geometry": { "type": "Point", "coordinates": [ 88.402722, 27.103111 ] } },
{ "type": "Feature", "properties": { "record_id": 26071, "landslide_id": "SKM/SS/78A08/2015/250", "state": "Sikkim", "district": "South Sikkim", "location": "Pachekhani-Melli Road", "latitude": 27.105972, "longitude": 88.444556, "movement_type": "Debris Subsidence", "history": null, "event_date": null, "road_distance_m": 7.5910319633435188, "settlement_distance_m": 2185.1833073914395, "amenity_distance_m": 2153.2986112287376, "road_density_500m_km_per_km2": 15.656311052339385, "settlements_within_1km": 0, "amenities_within_1km": 0, "near_road_250m": 1, "near_settlement_1km": 0, "near_amenity_1km": 0 }, "geometry": { "type": "Point", "coordinates": [ 88.444556, 27.105972 ] } },
{ "type": "Feature", "properties": { "record_id": 26072, "landslide_id": "SKM/SS/78A08/2015/251", "state": "Sikkim", "district": "South Sikkim", "location": "Pachekhani-Melli Road", "latitude": 27.106694, "longitude": 88.449389, "movement_type": "Debris Slide", "history": null, "event_date": null, "road_distance_m": 5.611178378154821, "settlement_distance_m": 2010.3122232833, "amenity_distance_m": 2040.5097713235839, "road_density_500m_km_per_km2": 15.950030112682265, "settlements_within_1km": 0, "amenities_within_1km": 0, "near_road_250m": 1, "near_settlement_1km": 0, "near_amenity_1km": 0 }, "geometry": { "type": "Point", "coordinates": [ 88.449389, 27.106694 ] } },
{ "type": "Feature", "properties": { "record_id": 26073, "landslide_id": "SKM/SS/78A08/2015/249", "state": "Sikkim", "district": "South Sikkim", "location": "Pachekhani-Melli Road", "latitude": 27.106944, "longitude": 88.43375, "movement_type": "Rock Fall", "history": null, "event_date": null, "road_distance_m": 14.382873124928031, "settlement_distance_m": 3017.848992230664, "amenity_distance_m": 2176.5200291963392, "road_density_500m_km_per_km2": 24.441904127525756, "settlements_within_1km": 0, "amenities_within_1km": 0, "near_road_250m": 1, "near_settlement_1km": 0, "near_amenity_1km": 0 }, "geometry": { "type": "Point", "coordinates": [ 88.43375, 27.106944 ] } },
{ "type": "Feature", "properties": { "record_id": 26074, "landslide_id": "SKM/SS/78A08/2015/262", "state": "Sikkim", "district": "South Sikkim", "location": "Melli-Sumbuk Road", "latitude": 27.107417, "longitude": 88.363139, "movement_type": "Debris Slide", "history": null, "event_date": null, "road_distance_m": 5.5541942500669652, "settlement_distance_m": 542.95260959940401, "amenity_distance_m": 1120.3605189805971, "road_density_500m_km_per_km2": 16.53625468314895, "settlements_within_1km": 1, "amenities_within_1km": 0, "near_road_250m": 1, "near_settlement_1km": 1, "near_amenity_1km": 0 }, "geometry": { "type": "Point", "coordinates": [ 88.363139, 27.107417 ] } },
{ "type": "Feature", "properties": { "record_id": 26075, "landslide_id": "SKM/WS/78A08/2015/315", "state": "Sikkim", "district": "West Sikkim", "location": "Melli-Jorethang Road", "latitude": 27.110583, "longitude": 88.340472, "movement_type": "Debris Slide", "history": null, "event_date": null, "road_distance_m": 11.646680018414269, "settlement_distance_m": 2433.2302854146737, "amenity_distance_m": 1261.451487026525, "road_density_500m_km_per_km2": 9.3297136099167499, "settlements_within_1km": 0, "amenities_within_1km": 0, "near_road_250m": 1, "near_settlement_1km": 0, "near_amenity_1km": 0 }, "geometry": { "type": "Point", "coordinates": [ 88.340472, 27.110583 ] } },
{ "type": "Feature", "properties": { "record_id": 26076, "landslide_id": "SKM/NS/78A04/2017/130", "state": "Sikkim", "district": "West Sikkim", "location": "SH", "latitude": 27.1205, "longitude": 88.152722, "movement_type": "Debris Slide", "history": null, "event_date": null, "road_distance_m": 11.812612781781578, "settlement_distance_m": 2607.5185527844383, "amenity_distance_m": 3370.8507049227301, "road_density_500m_km_per_km2": 15.663435834081584, "settlements_within_1km": 0, "amenities_within_1km": 0, "near_road_250m": 1, "near_settlement_1km": 0, "near_amenity_1km": 0 }, "geometry": { "type": "Point", "coordinates": [ 88.152722, 27.1205 ] } },
{ "type": "Feature", "properties": { "record_id": 26077, "landslide_id": "SKM/NS/78A04/2017/131", "state": "Sikkim", "district": "West Sikkim", "location": "SH", "latitude": 27.121444, "longitude": 88.153417, "movement_type": "Debris Slide", "history": null, "event_date": null, "road_distance_m": 1.5819186273184136, "settlement_distance_m": 2486.5384419885172, "amenity_distance_m": 3394.0042599190515, "road_density_500m_km_per_km2": 16.687036836955627, "settlements_within_1km": 0, "amenities_within_1km": 0, "near_road_250m": 1, "near_settlement_1km": 0, "near_amenity_1km": 0 }, "geometry": { "type": "Point", "coordinates": [ 88.153417, 27.121444 ] } },
{ "type": "Feature", "properties": { "record_id": 26078, "landslide_id": "SKM/NS/78A04/2017/128", "state": "Sikkim", "district": "West Sikkim", "location": "SH", "latitude": 27.1215, "longitude": 88.142222, "movement_type": "Debris Slide", "history": null, "event_date": null, "road_distance_m": 3.3829013688467393, "settlement_distance_m": 3136.980577875278, "amenity_distance_m": 2394.8497804496938, "road_density_500m_km_per_km2": 20.965963805923192, "settlements_within_1km": 0, "amenities_within_1km": 0, "near_road_250m": 1, "near_settlement_1km": 0, "near_amenity_1km": 0 }, "geometry": { "type": "Point", "coordinates": [ 88.142222, 27.1215 ] } },
{ "type": "Feature", "properties": { "record_id": 26079, "landslide_id": "SKM/NS/78A04/2017/104", "state": "Sikkim", "district": "West Sikkim", "location": "SH", "latitude": 27.121611, "longitude": 88.237, "movement_type": "Debris Slide", "history": null, "event_date": null, "road_distance_m": 15.429210819428523, "settlement_distance_m": 1628.2850027961533, "amenity_distance_m": 3086.1275380795978, "road_density_500m_km_per_km2": 3.1335441727655033, "settlements_within_1km": 0, "amenities_within_1km": 0, "near_road_250m": 1, "near_settlement_1km": 0, "near_amenity_1km": 0 }, "geometry": { "type": "Point", "coordinates": [ 88.237, 27.121611 ] } },
{ "type": "Feature", "properties": { "record_id": 26080, "landslide_id": "SKM/NS/78A04/2017/129", "state": "Sikkim", "district": "West Sikkim", "location": "SH", "latitude": 27.121611, "longitude": 88.145528, "movement_type": "Debris Slide", "history": null, "event_date": null, "road_distance_m": 9.2816662018065941, "settlement_distance_m": 3107.4099284212734, "amenity_distance_m": 2674.3261289595407, "road_density_500m_km_per_km2": 19.339789900569802, "settlements_within_1km": 0, "amenities_within_1km": 0, "near_road_250m": 1, "near_settlement_1km": 0, "near_amenity_1km": 0 }, "geometry": { "type": "Point", "coordinates": [ 88.145528, 27.121611 ] } },
{ "type": "Feature", "properties": { "record_id": 26081, "landslide_id": "SKM/NS/78A04/2017/127", "state": "Sikkim", "district": "West Sikkim", "location": "Lower Siktam SH", "latitude": 27.121917, "longitude": 88.139472, "movement_type": "Rock Slide", "history": null, "event_date": null, "road_distance_m": 6.0758928088035304, "settlement_distance_m": 2886.7446005246484, "amenity_distance_m": 2140.5530679265225, "road_density_500m_km_per_km2": 16.155753037665267, "settlements_within_1km": 0, "amenities_within_1km": 0, "near_road_250m": 1, "near_settlement_1km": 0, "near_amenity_1km": 0 }, "geometry": { "type": "Point", "coordinates": [ 88.139472, 27.121917 ] } },
{ "type": "Feature", "properties": { "record_id": 26082, "landslide_id": "SKM/NS/78A04/2017/126", "state": "Sikkim", "district": "West Sikkim", "location": "SH", "latitude": 27.122, "longitude": 88.139889, "movement_type": "Debris Slide", "history": null, "event_date": null, "road_distance_m": 2.8579627191973316, "settlement_distance_m": 2928.9800607520201, "amenity_distance_m": 2169.8250243510574, "road_density_500m_km_per_km2": 16.155753037665267, "settlements_within_1km": 0, "amenities_within_1km": 0, "near_road_250m": 1, "near_settlement_1km": 0, "near_amenity_1km": 0 }, "geometry": { "type": "Point", "coordinates": [ 88.139889, 27.122 ] } },
{ "type": "Feature", "properties": { "record_id": 26083, "landslide_id": "SKM/NS/78A04/2017/103", "state": "Sikkim", "district": "West Sikkim", "location": "SH", "latitude": 27.122472, "longitude": 88.227611, "movement_type": "Debris Slide", "history": null, "event_date": null, "road_distance_m": 26.60992961139068, "settlement_distance_m": 1786.1006300905567, "amenity_distance_m": 3134.9394593194597, "road_density_500m_km_per_km2": 37.639447324401701, "settlements_within_1km": 0, "amenities_within_1km": 0, "near_road_250m": 1, "near_settlement_1km": 0, "near_amenity_1km": 0 }, "geometry": { "type": "Point", "coordinates": [ 88.227611, 27.122472 ] } },
{ "type": "Feature", "properties": { "record_id": 26084, "landslide_id": "SKM/SS/78A08/2015/320", "state": "Sikkim", "district": "South Sikkim", "location": "Namchi-Kitam Road", "latitude": 27.122611, "longitude": 88.343389, "movement_type": "Debris Slide", "history": null, "event_date": null, "road_distance_m": 18.692165319925582, "settlement_distance_m": 2975.1515936319615, "amenity_distance_m": 962.36849946177711, "road_density_500m_km_per_km2": 34.594432734416408, "settlements_within_1km": 0, "amenities_within_1km": 1, "near_road_250m": 1, "near_settlement_1km": 0, "near_amenity_1km": 1 }, "geometry": { "type": "Point", "coordinates": [ 88.343389, 27.122611 ] } },
{ "type": "Feature", "properties": { "record_id": 26085, "landslide_id": "SKM/NS/78A04/2017/102", "state": "Sikkim", "district": "West Sikkim", "location": "SH", "latitude": 27.123833, "longitude": 88.225333, "movement_type": "Debris Slide", "history": null, "event_date": null, "road_distance_m": 3.010260207103777, "settlement_distance_m": 1593.1515404517868, "amenity_distance_m": 2892.1201843561989, "road_density_500m_km_per_km2": 35.979046092042388, "settlements_within_1km": 0, "amenities_within_1km": 0, "near_road_250m": 1, "near_settlement_1km": 0, "near_amenity_1km": 0 }, "geometry": { "type": "Point", "coordinates": [ 88.225333, 27.123833 ] } },
{ "type": "Feature", "properties": { "record_id": 26086, "landslide_id": "SKM/WS/78A08/2015/316", "state": "Sikkim", "district": "West Sikkim", "location": "Melli-Jorethang Road", "latitude": 27.123889, "longitude": 88.319778, "movement_type": "Debris Slide", "history": null, "event_date": null, "road_distance_m": 49.641731408531228, "settlement_distance_m": 3559.2201825566285, "amenity_distance_m": 282.65447408794745, "road_density_500m_km_per_km2": 10.39623837012544, "settlements_within_1km": 0, "amenities_within_1km": 1, "near_road_250m": 1, "near_settlement_1km": 0, "near_amenity_1km": 1 }, "geometry": { "type": "Point", "coordinates": [ 88.319778, 27.123889 ] } },
{ "type": "Feature", "properties": { "record_id": 26087, "landslide_id": "SKM/NS/78A04/2017/125", "state": "Sikkim", "district": "West Sikkim", "location": "Siktam SH", "latitude": 27.124556, "longitude": 88.139778, "movement_type": "Debris Slide", "history": null, "event_date": null, "road_distance_m": 0.12356464574286521, "settlement_distance_m": 3012.0010163357406, "amenity_distance_m": 2018.2936119879314, "road_density_500m_km_per_km2": 13.523405557312419, "settlements_within_1km": 0, "amenities_within_1km": 0, "near_road_250m": 1, "near_settlement_1km": 0, "near_amenity_1km": 0 }, "geometry": { "type": "Point", "coordinates": [ 88.139778, 27.124556 ] } },
{ "type": "Feature", "properties": { "record_id": 26088, "landslide_id": "SKM/SS/78A08/2015/314", "state": "Sikkim", "district": "South Sikkim", "location": "Melli-Rabikhola Road", "latitude": 27.124778, "longitude": 88.445083, "movement_type": "Debris Slide", "history": null, "event_date": null, "road_distance_m": 1.3930088703305095, "settlement_distance_m": 3338.7734986047089, "amenity_distance_m": 1950.0189398751954, "road_density_500m_km_per_km2": 49.84565446922452, "settlements_within_1km": 0, "amenities_within_1km": 0, "near_road_250m": 1, "near_settlement_1km": 0, "near_amenity_1km": 0 }, "geometry": { "type": "Point", "coordinates": [ 88.445083, 27.124778 ] } },
{ "type": "Feature", "properties": { "record_id": 26089, "landslide_id": "SKM/SS/78A08/2015/225", "state": "Sikkim", "district": "South Sikkim", "location": "Namchi-Palum Road", "latitude": 27.125528, "longitude": 88.384556, "movement_type": "Rock Fall", "history": null, "event_date": null, "road_distance_m": 27.285712227354793, "settlement_distance_m": 1098.265437093462, "amenity_distance_m": 3049.9271606676298, "road_density_500m_km_per_km2": 35.595864155897118, "settlements_within_1km": 0, "amenities_within_1km": 0, "near_road_250m": 1, "near_settlement_1km": 0, "near_amenity_1km": 0 }, "geometry": { "type": "Point", "coordinates": [ 88.384556, 27.125528 ] } },
{ "type": "Feature", "properties": { "record_id": 26090, "landslide_id": "SKM/NS/78A04/2017/123", "state": "Sikkim", "district": "West Sikkim", "location": "SH", "latitude": 27.125861, "longitude": 88.14275, "movement_type": "Debris Slide", "history": null, "event_date": null, "road_distance_m": 0.46072473887681259, "settlement_distance_m": 3144.0883605220079, "amenity_distance_m": 2231.6225470935678, "road_density_500m_km_per_km2": 14.583058802017753, "settlements_within_1km": 0, "amenities_within_1km": 0, "near_road_250m": 1, "near_settlement_1km": 0, "near_amenity_1km": 0 }, "geometry": { "type": "Point", "coordinates": [ 88.14275, 27.125861 ] } },
{ "type": "Feature", "properties": { "record_id": 26091, "landslide_id": "SKM/SS/78A08/2015/226", "state": "Sikkim", "district": "South Sikkim", "location": "Namchi-Palum Road", "latitude": 27.126306, "longitude": 88.378667, "movement_type": "Debris Slide", "history": null, "event_date": null, "road_distance_m": 4.7076169354348849, "settlement_distance_m": 1168.670311543405, "amenity_distance_m": 3560.9662920934297, "road_density_500m_km_per_km2": 29.024227074240201, "settlements_within_1km": 0, "amenities_within_1km": 0, "near_road_250m": 1, "near_settlement_1km": 0, "near_amenity_1km": 0 }, "geometry": { "type": "Point", "coordinates": [ 88.378667, 27.126306 ] } },
{ "type": "Feature", "properties": { "record_id": 26092, "landslide_id": "SKM/SS/78A08/2015/322", "state": "Sikkim", "district": "South Sikkim", "location": "Namchi-Kitam Road", "latitude": 27.126444, "longitude": 88.340444, "movement_type": "Debris Slide", "history": null, "event_date": null, "road_distance_m": 6.9625612473222995, "settlement_distance_m": 3379.3890412110404, "amenity_distance_m": 926.05143390835678, "road_density_500m_km_per_km2": 16.430891686974313, "settlements_within_1km": 0, "amenities_within_1km": 1, "near_road_250m": 1, "near_settlement_1km": 0, "near_amenity_1km": 1 }, "geometry": { "type": "Point", "coordinates": [ 88.340444, 27.126444 ] } },
{ "type": "Feature", "properties": { "record_id": 26093, "landslide_id": "SKM/WS/78A08/2015/317", "state": "Sikkim", "district": "West Sikkim", "location": "Melli-Jorethang Road", "latitude": 27.126472, "longitude": 88.31675, "movement_type": "Debris Slide", "history": null, "event_date": null, "road_distance_m": 3.095049004195312, "settlement_distance_m": 3374.6136354784858, "amenity_distance_m": 668.97483870221424, "road_density_500m_km_per_km2": 10.031211591319762, "settlements_within_1km": 0, "amenities_within_1km": 1, "near_road_250m": 1, "near_settlement_1km": 0, "near_amenity_1km": 1 }, "geometry": { "type": "Point", "coordinates": [ 88.31675, 27.126472 ] } },
{ "type": "Feature", "properties": { "record_id": 26094, "landslide_id": "SKM/WS/78A08/2015/318", "state": "Sikkim", "district": "West Sikkim", "location": "Melli-Jorethang Road", "latitude": 27.127194, "longitude": 88.308306, "movement_type": "Debris Slide", "history": null, "event_date": null, "road_distance_m": 1.7576970365305131, "settlement_distance_m": 2599.1208736198873, "amenity_distance_m": 1361.1797913026974, "road_density_500m_km_per_km2": 6.2732995321119409, "settlements_within_1km": 0, "amenities_within_1km": 0, "near_road_250m": 1, "near_settlement_1km": 0, "near_amenity_1km": 0 }, "geometry": { "type": "Point", "coordinates": [ 88.308306, 27.127194 ] } },
{ "type": "Feature", "properties": { "record_id": 26095, "landslide_id": "SKM/WS/78A08/2015/319", "state": "Sikkim", "district": "West Sikkim", "location": "Melli-Jorethang Road", "latitude": 27.12825, "longitude": 88.292194, "movement_type": "Debris Slide", "history": null, "event_date": null, "road_distance_m": 5.0402711213676836, "settlement_distance_m": 1023.7981148021046, "amenity_distance_m": 572.61829677170761, "road_density_500m_km_per_km2": 10.900276341923922, "settlements_within_1km": 0, "amenities_within_1km": 5, "near_road_250m": 1, "near_settlement_1km": 0, "near_amenity_1km": 1 }, "geometry": { "type": "Point", "coordinates": [ 88.292194, 27.12825 ] } },
{ "type": "Feature", "properties": { "record_id": 26096, "landslide_id": "SKM/NS/78A04/2017/124", "state": "Sikkim", "district": "West Sikkim", "location": "SH", "latitude": 27.128333, "longitude": 88.148833, "movement_type": "Rock Slide", "history": null, "event_date": null, "road_distance_m": 2.5960968620791087, "settlement_distance_m": 2482.976652262797, "amenity_distance_m": 2743.7781562714872, "road_density_500m_km_per_km2": 19.184334715340853, "settlements_within_1km": 0, "amenities_within_1km": 0, "near_road_250m": 1, "near_settlement_1km": 0, "near_amenity_1km": 0 }, "geometry": { "type": "Point", "coordinates": [ 88.148833, 27.128333 ] } },
{ "type": "Feature", "properties": { "record_id": 26097, "landslide_id": "SKM/SS/78A08/2015/312", "state": "Sikkim", "district": "South Sikkim", "location": "Melli-Rabikhola Road", "latitude": 27.128694, "longitude": 88.442778, "movement_type": "Debris Slide", "history": null, "event_date": null, "road_distance_m": 7.0000754663887763, "settlement_distance_m": 2867.2392214040701, "amenity_distance_m": 1766.1119182831574, "road_density_500m_km_per_km2": 30.28667526249496, "settlements_within_1km": 0, "amenities_within_1km": 0, "near_road_250m": 1, "near_settlement_1km": 0, "near_amenity_1km": 0 }, "geometry": { "type": "Point", "coordinates": [ 88.442778, 27.128694 ] } },
{ "type": "Feature", "properties": { "record_id": 26098, "landslide_id": "SKM/NS/78A04/2017/122", "state": "Sikkim", "district": "West Sikkim", "location": "SH", "latitude": 27.128694, "longitude": 88.141639, "movement_type": "Debris Slide", "history": null, "event_date": null, "road_distance_m": 5.988693016166363, "settlement_distance_m": 3149.1852980079057, "amenity_distance_m": 2036.9693624784727, "road_density_500m_km_per_km2": 15.796863792122762, "settlements_within_1km": 0, "amenities_within_1km": 0, "near_road_250m": 1, "near_settlement_1km": 0, "near_amenity_1km": 0 }, "geometry": { "type": "Point", "coordinates": [ 88.141639, 27.128694 ] } },
{ "type": "Feature", "properties": { "record_id": 26099, "landslide_id": "SKM/WS/78A08/2015/383", "state": "Sikkim", "district": "West Sikkim", "location": "Jorthang-Malbasey Road", "latitude": 27.128972, "longitude": 88.262111, "movement_type": "Debris Slide", "history": null, "event_date": null, "road_distance_m": 5.527205103535243, "settlement_distance_m": 1433.4812067653763, "amenity_distance_m": 1050.1446421001758, "road_density_500m_km_per_km2": 7.8752303769186112, "settlements_within_1km": 0, "amenities_within_1km": 0, "near_road_250m": 1, "near_settlement_1km": 0, "near_amenity_1km": 0 }, "geometry": { "type": "Point", "coordinates": [ 88.262111, 27.128972 ] } },
{ "type": "Feature", "properties": { "record_id": 26100, "landslide_id": "SKM/SS/78A08/2015/313", "state": "Sikkim", "district": "South Sikkim", "location": "Melli-Rabikhola Road", "latitude": 27.129, "longitude": 88.441361, "movement_type": "Debris Slide", "history": null, "event_date": null, "road_distance_m": 3.3608852431631071, "settlement_distance_m": 2811.2604778654318, "amenity_distance_m": 1638.0970251949493, "road_density_500m_km_per_km2": 30.880728812565419, "settlements_within_1km": 0, "amenities_within_1km": 0, "near_road_250m": 1, "near_settlement_1km": 0, "near_amenity_1km": 0 }, "geometry": { "type": "Point", "coordinates": [ 88.441361, 27.129 ] } },
{ "type": "Feature", "properties": { "record_id": 26101, "landslide_id": "SKM/WS/78A08/2015/382", "state": "Sikkim", "district": "West Sikkim", "location": "Jorthang-Malbasey Road", "latitude": 27.129861, "longitude": 88.266222, "movement_type": "Debris Slide", "history": null, "event_date": null, "road_distance_m": 0.36718038155512922, "settlement_distance_m": 1014.282092332011, "amenity_distance_m": 668.65670437634401, "road_density_500m_km_per_km2": 10.163321155334909, "settlements_within_1km": 0, "amenities_within_1km": 1, "near_road_250m": 1, "near_settlement_1km": 0, "near_amenity_1km": 1 }, "geometry": { "type": "Point", "coordinates": [ 88.266222, 27.129861 ] } },
{ "type": "Feature", "properties": { "record_id": 26102, "landslide_id": "SKM/SS/78A08/2015/216", "state": "Sikkim", "district": "South Sikkim", "location": "Sadam-Bhajyang Road", "latitude": 27.130056, "longitude": 88.412944, "movement_type": "Debris Slide", "history": null, "event_date": null, "road_distance_m": 3.6917609252516703, "settlement_distance_m": 3495.0270626518659, "amenity_distance_m": 1351.8456439874346, "road_density_500m_km_per_km2": 40.047750783601202, "settlements_within_1km": 0, "amenities_within_1km": 0, "near_road_250m": 1, "near_settlement_1km": 0, "near_amenity_1km": 0 }, "geometry": { "type": "Point", "coordinates": [ 88.412944, 27.130056 ] } },
{ "type": "Feature", "properties": { "record_id": 26103, "landslide_id": "SKM/SS/78A08/2015/323", "state": "Sikkim", "district": "South Sikkim", "location": "Namchi-Kitam Road", "latitude": 27.130444, "longitude": 88.340222, "movement_type": "Debris Slide", "history": null, "event_date": null, "road_distance_m": 10.57346454288497, "settlement_distance_m": 2959.3384448957681, "amenity_distance_m": 1273.1336720422464, "road_density_500m_km_per_km2": 23.015335073540388, "settlements_within_1km": 0, "amenities_within_1km": 0, "near_road_250m": 1, "near_settlement_1km": 0, "near_amenity_1km": 0 }, "geometry": { "type": "Point", "coordinates": [ 88.340222, 27.130444 ] } },
{ "type": "Feature", "properties": { "record_id": 26104, "landslide_id": "SKM/SS/78A08/2015/224", "state": "Sikkim", "district": "South Sikkim", "location": "Namchi-Palum Road", "latitude": 27.131444, "longitude": 88.386, "movement_type": "Debris Slide", "history": null, "event_date": null, "road_distance_m": 4.7285055076649272, "settlement_distance_m": 1767.874348343795, "amenity_distance_m": 3423.4614175505376, "road_density_500m_km_per_km2": 15.171398370453756, "settlements_within_1km": 0, "amenities_within_1km": 0, "near_road_250m": 1, "near_settlement_1km": 0, "near_amenity_1km": 0 }, "geometry": { "type": "Point", "coordinates": [ 88.386, 27.131444 ] } },
{ "type": "Feature", "properties": { "record_id": 26105, "landslide_id": "SKM/SS/78A08/2015/223", "state": "Sikkim", "district": "South Sikkim", "location": "Sadam-Bhajyang Road", "latitude": 27.131528, "longitude": 88.384417, "movement_type": "Debris Slide", "history": null, "event_date": null, "road_distance_m": 19.148267213967721, "settlement_distance_m": 1742.8446600500356, "amenity_distance_m": 3531.432658237999, "road_density_500m_km_per_km2": 14.394959391195993, "settlements_within_1km": 0, "amenities_within_1km": 0, "near_road_250m": 1, "near_settlement_1km": 0, "near_amenity_1km": 0 }, "geometry": { "type": "Point", "coordinates": [ 88.384417, 27.131528 ] } },
{ "type": "Feature", "properties": { "record_id": 26106, "landslide_id": "SKM/SS/78A08/2015/221", "state": "Sikkim", "district": "South Sikkim", "location": "Sadam-Bhajyang Road", "latitude": 27.133556, "longitude": 88.39475, "movement_type": "Rock Slide", "history": null, "event_date": null, "road_distance_m": 1.1240207309290398, "settlement_distance_m": 2351.4207420545563, "amenity_distance_m": 3167.1756710275013, "road_density_500m_km_per_km2": 15.294831924012824, "settlements_within_1km": 0, "amenities_within_1km": 0, "near_road_250m": 1, "near_settlement_1km": 0, "near_amenity_1km": 0 }, "geometry": { "type": "Point", "coordinates": [ 88.39475, 27.133556 ] } },
{ "type": "Feature", "properties": { "record_id": 26107, "landslide_id": "SKM/SS/78A08/2015/217", "state": "Sikkim", "district": "South Sikkim", "location": "Sadam-Bhajyang Road", "latitude": 27.133583, "longitude": 88.404583, "movement_type": "Rock Fall", "history": null, "event_date": null, "road_distance_m": 10.894819482709787, "settlement_distance_m": 3013.0542022469085, "amenity_distance_m": 2267.9519251986208, "road_density_500m_km_per_km2": 13.880871194306396, "settlements_within_1km": 0, "amenities_within_1km": 0, "near_road_250m": 1, "near_settlement_1km": 0, "near_amenity_1km": 0 }, "geometry": { "type": "Point", "coordinates": [ 88.404583, 27.133583 ] } },
{ "type": "Feature", "properties": { "record_id": 26108, "landslide_id": "SKM/SS/78A08/2015/222", "state": "Sikkim", "district": "South Sikkim", "location": "Sadam-Bhajyang Road", "latitude": 27.133722, "longitude": 88.390833, "movement_type": "Debris Slide", "history": null, "event_date": null, "road_distance_m": 13.734486473202843, "settlement_distance_m": 2172.7645092079142, "amenity_distance_m": 3359.9656301314189, "road_density_500m_km_per_km2": 15.393568673669158, "settlements_within_1km": 0, "amenities_within_1km": 0, "near_road_250m": 1, "near_settlement_1km": 0, "near_amenity_1km": 0 }, "geometry": { "type": "Point", "coordinates": [ 88.390833, 27.133722 ] } },
{ "type": "Feature", "properties": { "record_id": 26109, "landslide_id": "SKM/SS/78A08/2015/324", "state": "Sikkim", "district": "South Sikkim", "location": "Namchi-Kitam Road", "latitude": 27.133806, "longitude": 88.342778, "movement_type": "Debris Slide", "history": null, "event_date": null, "road_distance_m": 13.361204678126686, "settlement_distance_m": 2741.5220646615981, "amenity_distance_m": 1722.1891185249274, "road_density_500m_km_per_km2": 30.109724868505886, "settlements_within_1km": 0, "amenities_within_1km": 0, "near_road_250m": 1, "near_settlement_1km": 0, "near_amenity_1km": 0 }, "geometry": { "type": "Point", "coordinates": [ 88.342778, 27.133806 ] } },
{ "type": "Feature", "properties": { "record_id": 26110, "landslide_id": "SKM/SS/78A08/2015/227", "state": "Sikkim", "district": "South Sikkim", "location": "Namchi-Palum Road", "latitude": 27.134306, "longitude": 88.370528, "movement_type": "Debris Slide", "history": null, "event_date": null, "road_distance_m": 15.805763343729348, "settlement_distance_m": 2291.2413009342204, "amenity_distance_m": 3367.2063000436806, "road_density_500m_km_per_km2": 21.311563372928575, "settlements_within_1km": 0, "amenities_within_1km": 0, "near_road_250m": 1, "near_settlement_1km": 0, "near_amenity_1km": 0 }, "geometry": { "type": "Point", "coordinates": [ 88.370528, 27.134306 ] } },
{ "type": "Feature", "properties": { "record_id": 26111, "landslide_id": "SKM/SS/78A08/2015/218", "state": "Sikkim", "district": "South Sikkim", "location": "Sadam-Bhajyang Road", "latitude": 27.134389, "longitude": 88.40425, "movement_type": "Debris Slide", "history": null, "event_date": null, "road_distance_m": 0.92140308318271658, "settlement_distance_m": 3046.754375647231, "amenity_distance_m": 2335.9004375464779, "road_density_500m_km_per_km2": 13.880871194306396, "settlements_within_1km": 0, "amenities_within_1km": 0, "near_road_250m": 1, "near_settlement_1km": 0, "near_amenity_1km": 0 }, "geometry": { "type": "Point", "coordinates": [ 88.40425, 27.134389 ] } },
{ "type": "Feature", "properties": { "record_id": 26112, "landslide_id": "SKM/SS/78A08/2015/220", "state": "Sikkim", "district": "South Sikkim", "location": "Sadam-Bhajyang Road", "latitude": 27.135833, "longitude": 88.391111, "movement_type": "Debris Slide", "history": null, "event_date": null, "road_distance_m": 3.596074515368453, "settlement_distance_m": 2396.7853828885177, "amenity_distance_m": 3551.6449211807831, "road_density_500m_km_per_km2": 13.763917651600522, "settlements_within_1km": 0, "amenities_within_1km": 0, "near_road_250m": 1, "near_settlement_1km": 0, "near_amenity_1km": 0 }, "geometry": { "type": "Point", "coordinates": [ 88.391111, 27.135833 ] } },
{ "type": "Feature", "properties": { "record_id": 26113, "landslide_id": "SKM/SS/78A08/2015/325", "state": "Sikkim", "district": "South Sikkim", "location": "Namchi-Kitam Road", "latitude": 27.137667, "longitude": 88.342694, "movement_type": "Debris Slide", "history": null, "event_date": null, "road_distance_m": 13.648331034407995, "settlement_distance_m": 2379.7369969144202, "amenity_distance_m": 1592.4242482387524, "road_density_500m_km_per_km2": 26.178033335138061, "settlements_within_1km": 0, "amenities_within_1km": 0, "near_road_250m": 1, "near_settlement_1km": 0, "near_amenity_1km": 0 }, "geometry": { "type": "Point", "coordinates": [ 88.342694, 27.137667 ] } },
{ "type": "Feature", "properties": { "record_id": 26114, "landslide_id": "SKM/SS/78A08/2015/219", "state": "Sikkim", "district": "South Sikkim", "location": "Sadam-Bhajyang Road", "latitude": 27.137694, "longitude": 88.401556, "movement_type": "Debris Slide", "history": null, "event_date": null, "road_distance_m": 2.8104592374432098, "settlement_distance_m": 3124.9061863287848, "amenity_distance_m": 2744.8591263003109, "road_density_500m_km_per_km2": 30.290975009546688, "settlements_within_1km": 0, "amenities_within_1km": 0, "near_road_250m": 1, "near_settlement_1km": 0, "near_amenity_1km": 0 }, "geometry": { "type": "Point", "coordinates": [ 88.401556, 27.137694 ] } },
{ "type": "Feature", "properties": { "record_id": 26115, "landslide_id": "SKM/SS/78A08/2015/228", "state": "Sikkim", "district": "South Sikkim", "location": "Namchi-Palum Road", "latitude": 27.139944, "longitude": 88.368167, "movement_type": "Rock Slide", "history": null, "event_date": null, "road_distance_m": 18.844642108254227, "settlement_distance_m": 2915.5236729342187, "amenity_distance_m": 2706.6121438366008, "road_density_500m_km_per_km2": 25.865984060822235, "settlements_within_1km": 0, "amenities_within_1km": 0, "near_road_250m": 1, "near_settlement_1km": 0, "near_amenity_1km": 0 }, "geometry": { "type": "Point", "coordinates": [ 88.368167, 27.139944 ] } },
{ "type": "Feature", "properties": { "record_id": 26116, "landslide_id": "SKM/SS/78A08/2015/229", "state": "Sikkim", "district": "South Sikkim", "location": "Namchi-Palum Road", "latitude": 27.140889, "longitude": 88.368222, "movement_type": "Debris Slide", "history": null, "event_date": null, "road_distance_m": 0.30503690944057615, "settlement_distance_m": 2811.9603182798628, "amenity_distance_m": 2618.6984076459526, "road_density_500m_km_per_km2": 21.036704213534495, "settlements_within_1km": 0, "amenities_within_1km": 0, "near_road_250m": 1, "near_settlement_1km": 0, "near_amenity_1km": 0 }, "geometry": { "type": "Point", "coordinates": [ 88.368222, 27.140889 ] } },
{ "type": "Feature", "properties": { "record_id": 26117, "landslide_id": "SKM/NS/78A04/2017/101", "state": "Sikkim", "district": "West Sikkim", "location": "SH", "latitude": 27.141, "longitude": 88.211194, "movement_type": "Debris Slide", "history": null, "event_date": null, "road_distance_m": 13.168065983661425, "settlement_distance_m": 1457.0472257695624, "amenity_distance_m": 639.90342190023557, "road_density_500m_km_per_km2": 4.1137026771211831, "settlements_within_1km": 0, "amenities_within_1km": 1, "near_road_250m": 1, "near_settlement_1km": 0, "near_amenity_1km": 1 }, "geometry": { "type": "Point", "coordinates": [ 88.211194, 27.141 ] } },
{ "type": "Feature", "properties": { "record_id": 26118, "landslide_id": "SKM/NS/78A04/2017/114", "state": "Sikkim", "district": "West Sikkim", "location": "Tharpu SH", "latitude": 27.141944, "longitude": 88.180222, "movement_type": "Debris Slide", "history": null, "event_date": null, "road_distance_m": 4.1824462344137308, "settlement_distance_m": 1009.3478144106037, "amenity_distance_m": 3136.2797408459946, "road_density_500m_km_per_km2": 8.413207287312277, "settlements_within_1km": 0, "amenities_within_1km": 0, "near_road_250m": 1, "near_settlement_1km": 0, "near_amenity_1km": 0 }, "geometry": { "type": "Point", "coordinates": [ 88.180222, 27.141944 ] } },
{ "type": "Feature", "properties": { "record_id": 26119, "landslide_id": "SKM/NS/78A04/2017/115", "state": "Sikkim", "district": "West Sikkim", "location": "SH", "latitude": 27.142028, "longitude": 88.172139, "movement_type": "Debris Slide", "history": null, "event_date": null, "road_distance_m": 11.717784062335182, "settlement_distance_m": 639.78167839789694, "amenity_distance_m": 3926.72281305664, "road_density_500m_km_per_km2": 18.459279304970675, "settlements_within_1km": 1, "amenities_within_1km": 0, "near_road_250m": 1, "near_settlement_1km": 1, "near_amenity_1km": 0 }, "geometry": { "type": "Point", "coordinates": [ 88.172139, 27.142028 ] } },
{ "type": "Feature", "properties": { "record_id": 26120, "landslide_id": "SKM/SS/78A08/2015/231", "state": "Sikkim", "district": "South Sikkim", "location": "Namchi-Palum Road", "latitude": 27.143556, "longitude": 88.373083, "movement_type": "Debris Slide", "history": null, "event_date": null, "road_distance_m": 6.0505520431256077, "settlement_distance_m": 2619.7321737530146, "amenity_distance_m": 2609.7568129007641, "road_density_500m_km_per_km2": 26.183662108263135, "settlements_within_1km": 0, "amenities_within_1km": 0, "near_road_250m": 1, "near_settlement_1km": 0, "near_amenity_1km": 0 }, "geometry": { "type": "Point", "coordinates": [ 88.373083, 27.143556 ] } },
{ "type": "Feature", "properties": { "record_id": 26121, "landslide_id": "SKM/NS/78A04/2017/139", "state": "Sikkim", "district": "West Sikkim", "location": "SH", "latitude": 27.144056, "longitude": 88.127361, "movement_type": "Earth Slide", "history": null, "event_date": null, "road_distance_m": 2.0950890358971588, "settlement_distance_m": 3635.6420819851842, "amenity_distance_m": 1375.7158919429992, "road_density_500m_km_per_km2": 32.221776555252859, "settlements_within_1km": 0, "amenities_within_1km": 0, "near_road_250m": 1, "near_settlement_1km": 0, "near_amenity_1km": 0 }, "geometry": { "type": "Point", "coordinates": [ 88.127361, 27.144056 ] } },
{ "type": "Feature", "properties": { "record_id": 26122, "landslide_id": "SKM/WS/78A08/2015/264", "state": "Sikkim", "district": "West Sikkim", "location": "Namchi-Assangthang Road", "latitude": 27.144167, "longitude": 88.311083, "movement_type": "Rock Fall", "history": null, "event_date": null, "road_distance_m": 2.2361144692424055, "settlement_distance_m": 2110.4592954155032, "amenity_distance_m": 2229.9571710233436, "road_density_500m_km_per_km2": 32.304346481650377, "settlements_within_1km": 0, "amenities_within_1km": 0, "near_road_250m": 1, "near_settlement_1km": 0, "near_amenity_1km": 0 }, "geometry": { "type": "Point", "coordinates": [ 88.311083, 27.144167 ] } },
{ "type": "Feature", "properties": { "record_id": 26123, "landslide_id": "SKM/SS/78A08/2015/230", "state": "Sikkim", "district": "South Sikkim", "location": "Namchi-Palum Road", "latitude": 27.145056, "longitude": 88.370778, "movement_type": "Rock Slide", "history": null, "event_date": null, "road_distance_m": 8.6960619208244516, "settlement_distance_m": 2398.9024982027622, "amenity_distance_m": 2365.2662995941473, "road_density_500m_km_per_km2": 27.994143168763507, "settlements_within_1km": 0, "amenities_within_1km": 0, "near_road_250m": 1, "near_settlement_1km": 0, "near_amenity_1km": 0 }, "geometry": { "type": "Point", "coordinates": [ 88.370778, 27.145056 ] } },
{ "type": "Feature", "properties": { "record_id": 26124, "landslide_id": "SKM/WS/78A08/2015/265", "state": "Sikkim", "district": "West Sikkim", "location": "Namchi-Assangthang Road", "latitude": 27.145444, "longitude": 88.305694, "movement_type": "Debris Slide", "history": null, "event_date": null, "road_distance_m": 3.1384387959261066, "settlement_distance_m": 2503.9159046605391, "amenity_distance_m": 1738.7306640776428, "road_density_500m_km_per_km2": 44.774901496807345, "settlements_within_1km": 0, "amenities_within_1km": 0, "near_road_250m": 1, "near_settlement_1km": 0, "near_amenity_1km": 0 }, "geometry": { "type": "Point", "coordinates": [ 88.305694, 27.145444 ] } },
{ "type": "Feature", "properties": { "record_id": 26125, "landslide_id": "SKM/SS/78A07/2015/326", "state": "Sikkim", "district": "South Sikkim", "location": "Melli-Jorethang Road", "latitude": 27.149722, "longitude": 88.348333, "movement_type": "Debris Slide", "history": null, "event_date": null, "road_distance_m": 21.197449656232465, "settlement_distance_m": 2045.2018343212121, "amenity_distance_m": 661.25307928091775, "road_density_500m_km_per_km2": 29.803205502131217, "settlements_within_1km": 0, "amenities_within_1km": 17, "near_road_250m": 1, "near_settlement_1km": 0, "near_amenity_1km": 1 }, "geometry": { "type": "Point", "coordinates": [ 88.348333, 27.149722 ] } },
{ "type": "Feature", "properties": { "record_id": 26126, "landslide_id": "SKM/NS/78A04/2017/121", "state": "Sikkim", "district": "West Sikkim", "location": "SH", "latitude": 27.149889, "longitude": 88.096861, "movement_type": "Earth Slide", "history": null, "event_date": null, "road_distance_m": 1.4644588884924077, "settlement_distance_m": 1876.5686832471063, "amenity_distance_m": 2281.5871766132823, "road_density_500m_km_per_km2": 34.526568777569835, "settlements_within_1km": 0, "amenities_within_1km": 0, "near_road_250m": 1, "near_settlement_1km": 0, "near_amenity_1km": 0 }, "geometry": { "type": "Point", "coordinates": [ 88.096861, 27.149889 ] } },
{ "type": "Feature", "properties": { "record_id": 26127, "landslide_id": "SKM/NS/78A04/2017/109", "state": "Sikkim", "district": "West Sikkim", "location": "SH", "latitude": 27.149972, "longitude": 88.184222, "movement_type": "Debris Slide", "history": null, "event_date": null, "road_distance_m": 4.7419005963090788, "settlement_distance_m": 1422.2638434055573, "amenity_distance_m": 2717.0058761771488, "road_density_500m_km_per_km2": 15.290243699017802, "settlements_within_1km": 0, "amenities_within_1km": 0, "near_road_250m": 1, "near_settlement_1km": 0, "near_amenity_1km": 0 }, "geometry": { "type": "Point", "coordinates": [ 88.184222, 27.149972 ] } },
{ "type": "Feature", "properties": { "record_id": 26128, "landslide_id": "SKM/SS/78A08/2015/311", "state": "Sikkim", "district": "South Sikkim", "location": "Melli-Phong Road", "latitude": 27.150778, "longitude": 88.4385, "movement_type": "Debris Slide", "history": null, "event_date": null, "road_distance_m": 19.688846525344022, "settlement_distance_m": 385.59959992600506, "amenity_distance_m": 3124.6044266113504, "road_density_500m_km_per_km2": 45.405204234139127, "settlements_within_1km": 1, "amenities_within_1km": 0, "near_road_250m": 1, "near_settlement_1km": 1, "near_amenity_1km": 0 }, "geometry": { "type": "Point", "coordinates": [ 88.4385, 27.150778 ] } },
{ "type": "Feature", "properties": { "record_id": 26129, "landslide_id": "SKM/WS/78A08/2015/266", "state": "Sikkim", "district": "West Sikkim", "location": "Namchi-Assangthang Road", "latitude": 27.151028, "longitude": 88.309889, "movement_type": "Debris Slide", "history": null, "event_date": null, "road_distance_m": 1.6371938381069031, "settlement_distance_m": 1903.8921764108291, "amenity_distance_m": 1968.6026967339658, "road_density_500m_km_per_km2": 36.706406089177527, "settlements_within_1km": 0, "amenities_within_1km": 0, "near_road_250m": 1, "near_settlement_1km": 0, "near_amenity_1km": 0 }, "geometry": { "type": "Point", "coordinates": [ 88.309889, 27.151028 ] } },
{ "type": "Feature", "properties": { "record_id": 26130, "landslide_id": "SKM/NS/78A04/2017/108", "state": "Sikkim", "district": "West Sikkim", "location": "Lower Timburbung SH", "latitude": 27.152722, "longitude": 88.190833, "movement_type": "Earth Slide", "history": null, "event_date": null, "road_distance_m": 1.9545004796196537, "settlement_distance_m": 954.10626100671993, "amenity_distance_m": 2133.2219253347439, "road_density_500m_km_per_km2": 16.936694554783667, "settlements_within_1km": 1, "amenities_within_1km": 0, "near_road_250m": 1, "near_settlement_1km": 1, "near_amenity_1km": 0 }, "geometry": { "type": "Point", "coordinates": [ 88.190833, 27.152722 ] } },
{ "type": "Feature", "properties": { "record_id": 26131, "landslide_id": "SKM/SS/78A08/2015/232", "state": "Sikkim", "district": "South Sikkim", "location": "Namchi-Palum Road", "latitude": 27.152861, "longitude": 88.390361, "movement_type": "Rock Slide", "history": null, "event_date": null, "road_distance_m": 2.8899354355157882, "settlement_distance_m": 2894.4302768791067, "amenity_distance_m": 2544.7084609775125, "road_density_500m_km_per_km2": 26.619142975641736, "settlements_within_1km": 0, "amenities_within_1km": 0, "near_road_250m": 1, "near_settlement_1km": 0, "near_amenity_1km": 0 }, "geometry": { "type": "Point", "coordinates": [ 88.390361, 27.152861 ] } },
{ "type": "Feature", "properties": { "record_id": 26132, "landslide_id": "SKM/SS/78A08/2015/215", "state": "Sikkim", "district": "South Sikkim", "location": "Sadam-Bhajyang Road", "latitude": 27.153083, "longitude": 88.412056, "movement_type": "Debris Slide", "history": null, "event_date": null, "road_distance_m": 21.313999892367491, "settlement_distance_m": 2521.8624563638491, "amenity_distance_m": 3244.157793564103, "road_density_500m_km_per_km2": 39.583733371349815, "settlements_within_1km": 0, "amenities_within_1km": 0, "near_road_250m": 1, "near_settlement_1km": 0, "near_amenity_1km": 0 }, "geometry": { "type": "Point", "coordinates": [ 88.412056, 27.153083 ] } },
{ "type": "Feature", "properties": { "record_id": 26133, "landslide_id": "SKM/WS/78A08/2015/267", "state": "Sikkim", "district": "West Sikkim", "location": "Namchi-Assangthang Road", "latitude": 27.153306, "longitude": 88.3135, "movement_type": "Debris Slide", "history": null, "event_date": null, "road_distance_m": 20.901694227636337, "settlement_distance_m": 1505.7373023002917, "amenity_distance_m": 1554.3770064549487, "road_density_500m_km_per_km2": 46.265213367471397, "settlements_within_1km": 0, "amenities_within_1km": 0, "near_road_250m": 1, "near_settlement_1km": 0, "near_amenity_1km": 0 }, "geometry": { "type": "Point", "coordinates": [ 88.3135, 27.153306 ] } },
{ "type": "Feature", "properties": { "record_id": 26134, "landslide_id": "SKM/NS/78A04/2017/120", "state": "Sikkim", "district": "West Sikkim", "location": "SH", "latitude": 27.153444, "longitude": 88.095639, "movement_type": "Debris Slide", "history": null, "event_date": null, "road_distance_m": 7.1969494641236391, "settlement_distance_m": 1614.0849708371229, "amenity_distance_m": 2535.293462001408, "road_density_500m_km_per_km2": 36.306569100656567, "settlements_within_1km": 0, "amenities_within_1km": 0, "near_road_250m": 1, "near_settlement_1km": 0, "near_amenity_1km": 0 }, "geometry": { "type": "Point", "coordinates": [ 88.095639, 27.153444 ] } },
{ "type": "Feature", "properties": { "record_id": 26135, "landslide_id": "SKM/SS/78A08/2015/175", "state": "Sikkim", "district": "South Sikkim", "location": "Namchi-Namthang Road", "latitude": 27.153528, "longitude": 88.494389, "movement_type": "Debris Slide", "history": null, "event_date": null, "road_distance_m": 1.192596825319248, "settlement_distance_m": 3568.8034795255176, "amenity_distance_m": 3172.7419595092438, "road_density_500m_km_per_km2": 28.736875917238205, "settlements_within_1km": 0, "amenities_within_1km": 0, "near_road_250m": 1, "near_settlement_1km": 0, "near_amenity_1km": 0 }, "geometry": { "type": "Point", "coordinates": [ 88.494389, 27.153528 ] } },
{ "type": "Feature", "properties": { "record_id": 26136, "landslide_id": "SKM/SS/78A08/2015/307", "state": "Sikkim", "district": "South Sikkim", "location": "Melli-Phong Road", "latitude": 27.15425, "longitude": 88.500333, "movement_type": "Debris Slide", "history": null, "event_date": null, "road_distance_m": 16.165961781776502, "settlement_distance_m": 3395.3818475082949, "amenity_distance_m": 2975.3078682922092, "road_density_500m_km_per_km2": 25.762080444596254, "settlements_within_1km": 0, "amenities_within_1km": 0, "near_road_250m": 1, "near_settlement_1km": 0, "near_amenity_1km": 0 }, "geometry": { "type": "Point", "coordinates": [ 88.500333, 27.15425 ] } },
{ "type": "Feature", "properties": { "record_id": 26137, "landslide_id": "SKM/WS/78A08/2015/379", "state": "Sikkim", "district": "West Sikkim", "location": null, "latitude": 27.1545, "longitude": 88.275667, "movement_type": "Debris Slide", "history": null, "event_date": null, "road_distance_m": 10.469899654795185, "settlement_distance_m": 1610.9015503328671, "amenity_distance_m": 1488.4162428892632, "road_density_500m_km_per_km2": 16.306340157710718, "settlements_within_1km": 0, "amenities_within_1km": 0, "near_road_250m": 1, "near_settlement_1km": 0, "near_amenity_1km": 0 }, "geometry": { "type": "Point", "coordinates": [ 88.275667, 27.1545 ] } },
{ "type": "Feature", "properties": { "record_id": 26138, "landslide_id": "SKM/SS/78A08/2015/310", "state": "Sikkim", "district": "South Sikkim", "location": "Melli-Phong Road", "latitude": 27.154722, "longitude": 88.443056, "movement_type": "Debris Slide", "history": null, "event_date": null, "road_distance_m": 5.7271353710442101, "settlement_distance_m": 556.87354302939286, "amenity_distance_m": 3060.5875977370592, "road_density_500m_km_per_km2": 38.261997450549273, "settlements_within_1km": 1, "amenities_within_1km": 0, "near_road_250m": 1, "near_settlement_1km": 1, "near_amenity_1km": 0 }, "geometry": { "type": "Point", "coordinates": [ 88.443056, 27.154722 ] } },
{ "type": "Feature", "properties": { "record_id": 26139, "landslide_id": "SKM/SS/78A08/2015/176", "state": "Sikkim", "district": "South Sikkim", "location": "Namchi-Namthang Road", "latitude": 27.154889, "longitude": 88.493194, "movement_type": "Debris Slide", "history": null, "event_date": null, "road_distance_m": 10.633534545556277, "settlement_distance_m": 3454.0636003240247, "amenity_distance_m": 3093.0595093231209, "road_density_500m_km_per_km2": 23.434283570820824, "settlements_within_1km": 0, "amenities_within_1km": 0, "near_road_250m": 1, "near_settlement_1km": 0, "near_amenity_1km": 0 }, "geometry": { "type": "Point", "coordinates": [ 88.493194, 27.154889 ] } },
{ "type": "Feature", "properties": { "record_id": 26140, "landslide_id": "SKM/WS/78A08/2015/269", "state": "Sikkim", "district": "West Sikkim", "location": "Namchi-Assangthang Road", "latitude": 27.155028, "longitude": 88.319556, "movement_type": "Rock Slide", "history": null, "event_date": null, "road_distance_m": 9.626657755872003, "settlement_distance_m": 893.29649942738342, "amenity_distance_m": 926.99773739375314, "road_density_500m_km_per_km2": 34.897032114420696, "settlements_within_1km": 1, "amenities_within_1km": 1, "near_road_250m": 1, "near_settlement_1km": 1, "near_amenity_1km": 1 }, "geometry": { "type": "Point", "coordinates": [ 88.319556, 27.155028 ] } },
{ "type": "Feature", "properties": { "record_id": 26141, "landslide_id": "SKM/SS/78A08/2015/233", "state": "Sikkim", "district": "South Sikkim", "location": "Namchi-Palum Road", "latitude": 27.155306, "longitude": 88.390278, "movement_type": "Debris Slide", "history": null, "event_date": null, "road_distance_m": 10.202789382365609, "settlement_distance_m": 2759.3206358336874, "amenity_distance_m": 2327.8104341435519, "road_density_500m_km_per_km2": 22.194003470607306, "settlements_within_1km": 0, "amenities_within_1km": 0, "near_road_250m": 1, "near_settlement_1km": 0, "near_amenity_1km": 0 }, "geometry": { "type": "Point", "coordinates": [ 88.390278, 27.155306 ] } },
{ "type": "Feature", "properties": { "record_id": 26142, "landslide_id": "SKM/SS/78A08/2015/279", "state": "Sikkim", "district": "South Sikkim", "location": "Namchi-Namthang Road", "latitude": 27.15625, "longitude": 88.430722, "movement_type": "Debris Slide", "history": null, "event_date": null, "road_distance_m": 13.58433242392849, "settlement_distance_m": 709.0858749635529, "amenity_distance_m": 3488.8415444883767, "road_density_500m_km_per_km2": 18.566132686566952, "settlements_within_1km": 1, "amenities_within_1km": 0, "near_road_250m": 1, "near_settlement_1km": 1, "near_amenity_1km": 0 }, "geometry": { "type": "Point", "coordinates": [ 88.430722, 27.15625 ] } },
{ "type": "Feature", "properties": { "record_id": 26143, "landslide_id": "SKM/ES/78A12/2015/162", "state": "Sikkim", "district": "East Sikkim", "location": "Namchi-Namthang Road", "latitude": 27.156806, "longitude": 88.5225, "movement_type": "Rock Fall", "history": null, "event_date": null, "road_distance_m": 1.3099691382890843, "settlement_distance_m": 2102.1444651925472, "amenity_distance_m": 1393.5684328550774, "road_density_500m_km_per_km2": 21.961826887561283, "settlements_within_1km": 0, "amenities_within_1km": 0, "near_road_250m": 1, "near_settlement_1km": 0, "near_amenity_1km": 0 }, "geometry": { "type": "Point", "coordinates": [ 88.5225, 27.156806 ] } },
{ "type": "Feature", "properties": { "record_id": 26144, "landslide_id": "SKM/NS/78A04/2017/98", "state": "Sikkim", "district": "West Sikkim", "location": "SH", "latitude": 27.156944, "longitude": 88.230778, "movement_type": "Debris Slide", "history": null, "event_date": null, "road_distance_m": 3.1044624940534753, "settlement_distance_m": 2357.6079162183396, "amenity_distance_m": 478.29758674143153, "road_density_500m_km_per_km2": 17.748968566335126, "settlements_within_1km": 0, "amenities_within_1km": 1, "near_road_250m": 1, "near_settlement_1km": 0, "near_amenity_1km": 1 }, "geometry": { "type": "Point", "coordinates": [ 88.230778, 27.156944 ] } },
{ "type": "Feature", "properties": { "record_id": 26145, "landslide_id": "SKM/ES/78A2/2015/167", "state": "Sikkim", "district": "East Sikkim", "location": "Namchi-Namthang Road", "latitude": 27.157056, "longitude": 88.512778, "movement_type": "Debris Slide", "history": null, "event_date": null, "road_distance_m": 1.8421919350140481, "settlement_distance_m": 2595.5350670665125, "amenity_distance_m": 2297.0843880753559, "road_density_500m_km_per_km2": 22.779556539132514, "settlements_within_1km": 0, "amenities_within_1km": 0, "near_road_250m": 1, "near_settlement_1km": 0, "near_amenity_1km": 0 }, "geometry": { "type": "Point", "coordinates": [ 88.512778, 27.157056 ] } },
{ "type": "Feature", "properties": { "record_id": 26146, "landslide_id": "SKM/NS/78A04/2017/113", "state": "Sikkim", "district": "West Sikkim", "location": "SH", "latitude": 27.157361, "longitude": 88.171667, "movement_type": "Debris Slide", "history": null, "event_date": null, "road_distance_m": 0.77463205640959343, "settlement_distance_m": 2339.0021243097995, "amenity_distance_m": 3068.2264861188251, "road_density_500m_km_per_km2": 27.370023835953436, "settlements_within_1km": 0, "amenities_within_1km": 0, "near_road_250m": 1, "near_settlement_1km": 0, "near_amenity_1km": 0 }, "geometry": { "type": "Point", "coordinates": [ 88.171667, 27.157361 ] } },
{ "type": "Feature", "properties": { "record_id": 26147, "landslide_id": "SKM/WS/78A08/2015/293", "state": "Sikkim", "district": "West Sikkim", "location": "Namchi-Jorthang Road", "latitude": 27.157694, "longitude": 88.306806, "movement_type": "Debris Slide", "history": null, "event_date": null, "road_distance_m": 5.6134902853778961, "settlement_distance_m": 2176.7600144533612, "amenity_distance_m": 1409.5189204629146, "road_density_500m_km_per_km2": 35.002566378480957, "settlements_within_1km": 0, "amenities_within_1km": 0, "near_road_250m": 1, "near_settlement_1km": 0, "near_amenity_1km": 0 }, "geometry": { "type": "Point", "coordinates": [ 88.306806, 27.157694 ] } },
{ "type": "Feature", "properties": { "record_id": 26148, "landslide_id": "SKM/ES/78A12/2015/163", "state": "Sikkim", "district": "East Sikkim", "location": "Namchi-Namthang Road", "latitude": 27.157694, "longitude": 88.522194, "movement_type": "Rock Topple", "history": null, "event_date": null, "road_distance_m": 2.8740107918526183, "settlement_distance_m": 2022.9628894090345, "amenity_distance_m": 1468.4391058406588, "road_density_500m_km_per_km2": 21.961826887561283, "settlements_within_1km": 0, "amenities_within_1km": 0, "near_road_250m": 1, "near_settlement_1km": 0, "near_amenity_1km": 0 }, "geometry": { "type": "Point", "coordinates": [ 88.522194, 27.157694 ] } },
{ "type": "Feature", "properties": { "record_id": 26149, "landslide_id": "SKM/NS/78A04/2017/119", "state": "Sikkim", "district": "West Sikkim", "location": "SH", "latitude": 27.157694, "longitude": 88.092833, "movement_type": "Debris Slide", "history": null, "event_date": null, "road_distance_m": 2.0478559076305753, "settlement_distance_m": 1265.1016126538798, "amenity_distance_m": 2320.2899436062116, "road_density_500m_km_per_km2": 34.002352147812772, "settlements_within_1km": 0, "amenities_within_1km": 0, "near_road_250m": 1, "near_settlement_1km": 0, "near_amenity_1km": 0 }, "geometry": { "type": "Point", "coordinates": [ 88.092833, 27.157694 ] } },
{ "type": "Feature", "properties": { "record_id": 26150, "landslide_id": "SKM/NS/78A04/2017/97", "state": "Sikkim", "district": "West Sikkim", "location": "SH", "latitude": 27.157806, "longitude": 88.230306, "movement_type": "Debris Slide", "history": null, "event_date": null, "road_distance_m": 0.52244092231974926, "settlement_distance_m": 2433.0572895915866, "amenity_distance_m": 376.72085067148396, "road_density_500m_km_per_km2": 18.057819467384999, "settlements_within_1km": 0, "amenities_within_1km": 1, "near_road_250m": 1, "near_settlement_1km": 0, "near_amenity_1km": 1 }, "geometry": { "type": "Point", "coordinates": [ 88.230306, 27.157806 ] } },
{ "type": "Feature", "properties": { "record_id": 26151, "landslide_id": "SKM/NS/78A04/2017/116", "state": "Sikkim", "district": "West Sikkim", "location": "SH", "latitude": 27.157861, "longitude": 88.090194, "movement_type": "Earth Slide", "history": null, "event_date": null, "road_distance_m": 1.9488198352713688, "settlement_distance_m": 1003.7282353631216, "amenity_distance_m": 2134.639635673148, "road_density_500m_km_per_km2": 27.659291485345989, "settlements_within_1km": 0, "amenities_within_1km": 0, "near_road_250m": 1, "near_settlement_1km": 0, "near_amenity_1km": 0 }, "geometry": { "type": "Point", "coordinates": [ 88.090194, 27.157861 ] } },
{ "type": "Feature", "properties": { "record_id": 26152, "landslide_id": "SKM/SS/78A08/2015/273", "state": "Sikkim", "district": "South Sikkim", "location": "Namchi-Namthang Road", "latitude": 27.158, "longitude": 88.347972, "movement_type": "Debris Slide", "history": null, "event_date": null, "road_distance_m": 12.250163569608405, "settlement_distance_m": 1929.8679621477097, "amenity_distance_m": 597.39130560899787, "road_density_500m_km_per_km2": 39.438063615129614, "settlements_within_1km": 0, "amenities_within_1km": 20, "near_road_250m": 1, "near_settlement_1km": 0, "near_amenity_1km": 1 }, "geometry": { "type": "Point", "coordinates": [ 88.347972, 27.158 ] } },
{ "type": "Feature", "properties": { "record_id": 26153, "landslide_id": "SKM/NS/78A04/2017/140", "state": "Sikkim", "district": "West Sikkim", "location": "SH", "latitude": 27.158056, "longitude": 88.141528, "movement_type": "Debris Slide", "history": null, "event_date": null, "road_distance_m": 8.1956769519441455, "settlement_distance_m": 3887.6473683055019, "amenity_distance_m": 3428.5686693614425, "road_density_500m_km_per_km2": 8.1252950721101591, "settlements_within_1km": 0, "amenities_within_1km": 0, "near_road_250m": 1, "near_settlement_1km": 0, "near_amenity_1km": 0 }, "geometry": { "type": "Point", "coordinates": [ 88.141528, 27.158056 ] } },
{ "type": "Feature", "properties": { "record_id": 26154, "landslide_id": "SKM/SS/78A08/2015/177", "state": "Sikkim", "district": "South Sikkim", "location": "Namchi-Namthang Road", "latitude": 27.158111, "longitude": 88.491722, "movement_type": "Debris Slide", "history": null, "event_date": null, "road_distance_m": 0.37016210875256034, "settlement_distance_m": 3161.7951490286532, "amenity_distance_m": 2809.3916659031315, "road_density_500m_km_per_km2": 26.40292223540489, "settlements_within_1km": 0, "amenities_within_1km": 0, "near_road_250m": 1, "near_settlement_1km": 0, "near_amenity_1km": 0 }, "geometry": { "type": "Point", "coordinates": [ 88.491722, 27.158111 ] } },
{ "type": "Feature", "properties": { "record_id": 26155, "landslide_id": "SKM/ES/78A2/2015/168", "state": "Sikkim", "district": "East Sikkim", "location": "Namchi-Namthang Road", "latitude": 27.158111, "longitude": 88.512472, "movement_type": "Debris Slide", "history": null, "event_date": null, "road_distance_m": 0.49603364881812007, "settlement_distance_m": 2531.1563286081137, "amenity_distance_m": 2363.0542488686688, "road_density_500m_km_per_km2": 22.779556539132514, "settlements_within_1km": 0, "amenities_within_1km": 0, "near_road_250m": 1, "near_settlement_1km": 0, "near_amenity_1km": 0 }, "geometry": { "type": "Point", "coordinates": [ 88.512472, 27.158111 ] } },
{ "type": "Feature", "properties": { "record_id": 26156, "landslide_id": "SKM/WS/78A08/2015/271", "state": "Sikkim", "district": "West Sikkim", "location": "Namchi-Assangthang Road", "latitude": 27.158139, "longitude": 88.344806, "movement_type": "Debris Slide", "history": null, "event_date": null, "road_distance_m": 18.653021698968764, "settlement_distance_m": 1645.2159384629756, "amenity_distance_m": 396.71988377440152, "road_density_500m_km_per_km2": 45.873519464320744, "settlements_within_1km": 0, "amenities_within_1km": 17, "near_road_250m": 1, "near_settlement_1km": 0, "near_amenity_1km": 1 }, "geometry": { "type": "Point", "coordinates": [ 88.344806, 27.158139 ] } },
{ "type": "Feature", "properties": { "record_id": 26157, "landslide_id": "SKM/WS/78A08/2015/270", "state": "Sikkim", "district": "West Sikkim", "location": "Namchi-Assangthang Road", "latitude": 27.158222, "longitude": 88.34325, "movement_type": "Debris Slide", "history": null, "event_date": null, "road_distance_m": 24.015071210499272, "settlement_distance_m": 1496.9018910063148, "amenity_distance_m": 363.463351144299, "road_density_500m_km_per_km2": 37.759604916230188, "settlements_within_1km": 0, "amenities_within_1km": 17, "near_road_250m": 1, "near_settlement_1km": 0, "near_amenity_1km": 1 }, "geometry": { "type": "Point", "coordinates": [ 88.34325, 27.158222 ] } },
{ "type": "Feature", "properties": { "record_id": 26158, "landslide_id": "SKM/NS/78A04/2017/134", "state": "Sikkim", "district": "West Sikkim", "location": "SH", "latitude": 27.158222, "longitude": 88.100361, "movement_type": "Debris Slide", "history": null, "event_date": null, "road_distance_m": 14.581288281354846, "settlement_distance_m": 2011.8341444624073, "amenity_distance_m": 2850.1751157372105, "road_density_500m_km_per_km2": 12.274842095763322, "settlements_within_1km": 0, "amenities_within_1km": 0, "near_road_250m": 1, "near_settlement_1km": 0, "near_amenity_1km": 0 }, "geometry": { "type": "Point", "coordinates": [ 88.100361, 27.158222 ] } },
{ "type": "Feature", "properties": { "record_id": 26159, "landslide_id": "SKM/ES/78A12/2015/164", "state": "Sikkim", "district": "East Sikkim", "location": "Namchi-Namthang Road", "latitude": 27.158361, "longitude": 88.521833, "movement_type": "Debris Slide", "history": null, "event_date": null, "road_distance_m": 8.3831770645063539, "settlement_distance_m": 1970.4624539131685, "amenity_distance_m": 1537.7629415162094, "road_density_500m_km_per_km2": 21.961826887561283, "settlements_within_1km": 0, "amenities_within_1km": 0, "near_road_250m": 1, "near_settlement_1km": 0, "near_amenity_1km": 0 }, "geometry": { "type": "Point", "coordinates": [ 88.521833, 27.158361 ] } },
{ "type": "Feature", "properties": { "record_id": 26160, "landslide_id": "SKM/SS/78A08/2015/276", "state": "Sikkim", "district": "South Sikkim", "location": "Namchi-Namthang Road", "latitude": 27.158417, "longitude": 88.420139, "movement_type": "Debris Slide", "history": null, "event_date": null, "road_distance_m": 15.975670830804377, "settlement_distance_m": 1782.3410791311196, "amenity_distance_m": 2983.1661079621908, "road_density_500m_km_per_km2": 8.337584476434122, "settlements_within_1km": 0, "amenities_within_1km": 0, "near_road_250m": 1, "near_settlement_1km": 0, "near_amenity_1km": 0 }, "geometry": { "type": "Point", "coordinates": [ 88.420139, 27.158417 ] } },
{ "type": "Feature", "properties": { "record_id": 26161, "landslide_id": "SKM/SS/78A08/2015/303", "state": "Sikkim", "district": "South Sikkim", "location": "Namthang-Kabrey Road", "latitude": 27.158583, "longitude": 88.466306, "movement_type": "Rock Fall", "history": null, "event_date": null, "road_distance_m": 13.385651646006949, "settlement_distance_m": 2899.3808555180613, "amenity_distance_m": 2293.8581459733637, "road_density_500m_km_per_km2": 22.750887416326137, "settlements_within_1km": 0, "amenities_within_1km": 0, "near_road_250m": 1, "near_settlement_1km": 0, "near_amenity_1km": 0 }, "geometry": { "type": "Point", "coordinates": [ 88.466306, 27.158583 ] } },
{ "type": "Feature", "properties": { "record_id": 26162, "landslide_id": "SKM/SS/78A08/2015/278", "state": "Sikkim", "district": "South Sikkim", "location": "Namchi-Namthang Road", "latitude": 27.158944, "longitude": 88.427111, "movement_type": "Debris Slide", "history": null, "event_date": null, "road_distance_m": 14.235764516771779, "settlement_distance_m": 1157.0533495539885, "amenity_distance_m": 3340.3461307706716, "road_density_500m_km_per_km2": 13.580523790107463, "settlements_within_1km": 0, "amenities_within_1km": 0, "near_road_250m": 1, "near_settlement_1km": 0, "near_amenity_1km": 0 }, "geometry": { "type": "Point", "coordinates": [ 88.427111, 27.158944 ] } },
{ "type": "Feature", "properties": { "record_id": 26163, "landslide_id": "SKM/ES/78A2/2015/169", "state": "Sikkim", "district": "East Sikkim", "location": "Namchi-Namthang Road", "latitude": 27.158972, "longitude": 88.514611, "movement_type": "Rock Fall", "history": null, "event_date": null, "road_distance_m": 6.4511292504397932, "settlement_distance_m": 2316.2547860085824, "amenity_distance_m": 2201.8676111805298, "road_density_500m_km_per_km2": 22.252870401301621, "settlements_within_1km": 0, "amenities_within_1km": 0, "near_road_250m": 1, "near_settlement_1km": 0, "near_amenity_1km": 0 }, "geometry": { "type": "Point", "coordinates": [ 88.514611, 27.158972 ] } },
{ "type": "Feature", "properties": { "record_id": 26164, "landslide_id": "SKM/NS/78A04/2017/117", "state": "Sikkim", "district": "West Sikkim", "location": "SH", "latitude": 27.158972, "longitude": 88.090944, "movement_type": "Debris Slide", "history": null, "event_date": null, "road_distance_m": 1.6777085256983209, "settlement_distance_m": 1086.8650238404286, "amenity_distance_m": 2089.1950986650641, "road_density_500m_km_per_km2": 27.659291485345989, "settlements_within_1km": 0, "amenities_within_1km": 0, "near_road_250m": 1, "near_settlement_1km": 0, "near_amenity_1km": 0 }, "geometry": { "type": "Point", "coordinates": [ 88.090944, 27.158972 ] } },
{ "type": "Feature", "properties": { "record_id": 26165, "landslide_id": "SKM/SS/78A08/2015/309", "state": "Sikkim", "district": "South Sikkim", "location": "Melli-Phong Road", "latitude": 27.159194, "longitude": 88.444361, "movement_type": "Debris Slide", "history": null, "event_date": null, "road_distance_m": 11.539633600769212, "settlement_distance_m": 883.01880766087527, "amenity_distance_m": 3293.4455569104853, "road_density_500m_km_per_km2": 34.404052151658071, "settlements_within_1km": 1, "amenities_within_1km": 0, "near_road_250m": 1, "near_settlement_1km": 1, "near_amenity_1km": 0 }, "geometry": { "type": "Point", "coordinates": [ 88.444361, 27.159194 ] } },
{ "type": "Feature", "properties": { "record_id": 26166, "landslide_id": "SKM/NS/78A04/2017/118", "state": "Sikkim", "district": "West Sikkim", "location": "SH", "latitude": 27.159361, "longitude": 88.09225, "movement_type": "Earth Slide", "history": null, "event_date": null, "road_distance_m": 1.6661865898165746, "settlement_distance_m": 1221.0088759638925, "amenity_distance_m": 2148.0586582717474, "road_density_500m_km_per_km2": 27.659291485345989, "settlements_within_1km": 0, "amenities_within_1km": 0, "near_road_250m": 1, "near_settlement_1km": 0, "near_amenity_1km": 0 }, "geometry": { "type": "Point", "coordinates": [ 88.09225, 27.159361 ] } },
{ "type": "Feature", "properties": { "record_id": 26167, "landslide_id": "SKM/WS/78A08/2015/294", "state": "Sikkim", "district": "West Sikkim", "location": "Namchi-Jorthang Road", "latitude": 27.159472, "longitude": 88.300028, "movement_type": "Debris Slide", "history": null, "event_date": null, "road_distance_m": 21.353049352839673, "settlement_distance_m": 2870.7813223859375, "amenity_distance_m": 741.73155040166921, "road_density_500m_km_per_km2": 38.27024859546902, "settlements_within_1km": 0, "amenities_within_1km": 2, "near_road_250m": 1, "near_settlement_1km": 0, "near_amenity_1km": 1 }, "geometry": { "type": "Point", "coordinates": [ 88.300028, 27.159472 ] } },
{ "type": "Feature", "properties": { "record_id": 26168, "landslide_id": "SKM/WS/78A08/2015/268", "state": "Sikkim", "district": "West Sikkim", "location": "Namchi-Assangthang Road", "latitude": 27.159639, "longitude": 88.318889, "movement_type": "Debris Subsidence", "history": null, "event_date": null, "road_distance_m": 1.6670030071523632, "settlement_distance_m": 1086.352701500191, "amenity_distance_m": 1030.0070503130305, "road_density_500m_km_per_km2": 50.82563977088207, "settlements_within_1km": 0, "amenities_within_1km": 0, "near_road_250m": 1, "near_settlement_1km": 0, "near_amenity_1km": 0 }, "geometry": { "type": "Point", "coordinates": [ 88.318889, 27.159639 ] } },
{ "type": "Feature", "properties": { "record_id": 26169, "landslide_id": "SKM/SS/78A08/2015/234", "state": "Sikkim", "district": "South Sikkim", "location": "Namchi-Palum Road", "latitude": 27.159972, "longitude": 88.379083, "movement_type": "Rock Slide", "history": null, "event_date": null, "road_distance_m": 7.8261223810917606, "settlement_distance_m": 1535.5779755053409, "amenity_distance_m": 1304.5995621898246, "road_density_500m_km_per_km2": 20.491219847379291, "settlements_within_1km": 0, "amenities_within_1km": 0, "near_road_250m": 1, "near_settlement_1km": 0, "near_amenity_1km": 0 }, "geometry": { "type": "Point", "coordinates": [ 88.379083, 27.159972 ] } },
{ "type": "Feature", "properties": { "record_id": 26170, "landslide_id": "SKM/SS/78A08/2015/277", "state": "Sikkim", "district": "South Sikkim", "location": "Namchi-Namthang Road", "latitude": 27.160056, "longitude": 88.423028, "movement_type": "Debris Slide", "history": null, "event_date": null, "road_distance_m": 33.990575038577681, "settlement_distance_m": 1574.8435280956437, "amenity_distance_m": 2989.9871098670656, "road_density_500m_km_per_km2": 11.963437638875414, "settlements_within_1km": 0, "amenities_within_1km": 0, "near_road_250m": 1, "near_settlement_1km": 0, "near_amenity_1km": 0 }, "geometry": { "type": "Point", "coordinates": [ 88.423028, 27.160056 ] } },
{ "type": "Feature", "properties": { "record_id": 26171, "landslide_id": "SKM/NS/78A04/2017/132", "state": "Sikkim", "district": "West Sikkim", "location": "SH", "latitude": 27.160056, "longitude": 88.091806, "movement_type": "Debris Slide", "history": null, "event_date": null, "road_distance_m": 0.90081646435600971, "settlement_distance_m": 1191.8709765461363, "amenity_distance_m": 2062.9158758777262, "road_density_500m_km_per_km2": 36.593526377564899, "settlements_within_1km": 0, "amenities_within_1km": 0, "near_road_250m": 1, "near_settlement_1km": 0, "near_amenity_1km": 0 }, "geometry": { "type": "Point", "coordinates": [ 88.091806, 27.160056 ] } },
{ "type": "Feature", "properties": { "record_id": 26172, "landslide_id": "SKM/SS/78A08/2015/272", "state": "Sikkim", "district": "South Sikkim", "location": "Namchi-Namthang Road", "latitude": 27.160194, "longitude": 88.415056, "movement_type": "Debris Slide", "history": null, "event_date": null, "road_distance_m": 8.0471181653066939, "settlement_distance_m": 2320.9548130319458, "amenity_distance_m": 2581.0625225981566, "road_density_500m_km_per_km2": 6.8984974293840624, "settlements_within_1km": 0, "amenities_within_1km": 0, "near_road_250m": 1, "near_settlement_1km": 0, "near_amenity_1km": 0 }, "geometry": { "type": "Point", "coordinates": [ 88.415056, 27.160194 ] } },
{ "type": "Feature", "properties": { "record_id": 26173, "landslide_id": "SKM/SS/78A12/2015/170", "state": "Sikkim", "district": "South Sikkim", "location": "Namchi-Namthang Road", "latitude": 27.160444, "longitude": 88.512472, "movement_type": "Rock Fall", "history": null, "event_date": null, "road_distance_m": 3.5272254837811312, "settlement_distance_m": 2353.3958761201593, "amenity_distance_m": 2155.7194831023776, "road_density_500m_km_per_km2": 21.929453143271921, "settlements_within_1km": 0, "amenities_within_1km": 0, "near_road_250m": 1, "near_settlement_1km": 0, "near_amenity_1km": 0 }, "geometry": { "type": "Point", "coordinates": [ 88.512472, 27.160444 ] } },
{ "type": "Feature", "properties": { "record_id": 26174, "landslide_id": "SKM/SS/78A12/2015/174", "state": "Sikkim", "district": "South Sikkim", "location": "Namchi-Namthang Road", "latitude": 27.160722, "longitude": 88.505889, "movement_type": "Debris Slide", "history": null, "event_date": null, "road_distance_m": 0.55751790027767145, "settlement_distance_m": 2683.1075096172831, "amenity_distance_m": 2149.132750563148, "road_density_500m_km_per_km2": 26.659446387411034, "settlements_within_1km": 0, "amenities_within_1km": 0, "near_road_250m": 1, "near_settlement_1km": 0, "near_amenity_1km": 0 }, "geometry": { "type": "Point", "coordinates": [ 88.505889, 27.160722 ] } },
{ "type": "Feature", "properties": { "record_id": 26175, "landslide_id": "SKM/NS/78A04/2017/133", "state": "Sikkim", "district": "West Sikkim", "location": "SH", "latitude": 27.161, "longitude": 88.094306, "movement_type": "Debris Slide", "history": null, "event_date": null, "road_distance_m": 4.9058259774557476, "settlement_distance_m": 1457.2036008943824, "amenity_distance_m": 2183.7880070398214, "road_density_500m_km_per_km2": 36.593526377564899, "settlements_within_1km": 0, "amenities_within_1km": 0, "near_road_250m": 1, "near_settlement_1km": 0, "near_amenity_1km": 0 }, "geometry": { "type": "Point", "coordinates": [ 88.094306, 27.161 ] } },
{ "type": "Feature", "properties": { "record_id": 26176, "landslide_id": "SKM/SS/78A12/2015/171", "state": "Sikkim", "district": "South Sikkim", "location": "Namchi-Namthang Road", "latitude": 27.161306, "longitude": 88.512944, "movement_type": "Debris Slide", "history": null, "event_date": null, "road_distance_m": 7.098624639865128, "settlement_distance_m": 2255.6630081224653, "amenity_distance_m": 2049.7265441957011, "road_density_500m_km_per_km2": 21.929453143271921, "settlements_within_1km": 0, "amenities_within_1km": 0, "near_road_250m": 1, "near_settlement_1km": 0, "near_amenity_1km": 0 }, "geometry": { "type": "Point", "coordinates": [ 88.512944, 27.161306 ] } },
{ "type": "Feature", "properties": { "record_id": 26177, "landslide_id": "SKM/SS/78A08/2015/274", "state": "Sikkim", "district": "South Sikkim", "location": "Namchi-Namthang Road", "latitude": 27.161444, "longitude": 88.410556, "movement_type": "Debris Slide", "history": null, "event_date": null, "road_distance_m": 25.783237463297748, "settlement_distance_m": 2787.8906428401074, "amenity_distance_m": 2308.3356907363018, "road_density_500m_km_per_km2": 38.898074159334548, "settlements_within_1km": 0, "amenities_within_1km": 0, "near_road_250m": 1, "near_settlement_1km": 0, "near_amenity_1km": 0 }, "geometry": { "type": "Point", "coordinates": [ 88.410556, 27.161444 ] } },
{ "type": "Feature", "properties": { "record_id": 26178, "landslide_id": "SKM/SS/78A12/2015/173", "state": "Sikkim", "district": "South Sikkim", "location": "Namchi-Namthang Road", "latitude": 27.161917, "longitude": 88.509639, "movement_type": "Debris Slide", "history": null, "event_date": null, "road_distance_m": 0.57232882554751174, "settlement_distance_m": 2476.2995111106684, "amenity_distance_m": 1990.1733752528426, "road_density_500m_km_per_km2": 27.323525653132009, "settlements_within_1km": 0, "amenities_within_1km": 0, "near_road_250m": 1, "near_settlement_1km": 0, "near_amenity_1km": 0 }, "geometry": { "type": "Point", "coordinates": [ 88.509639, 27.161917 ] } },
{ "type": "Feature", "properties": { "record_id": 26179, "landslide_id": "SKM/SS/78A08/2015/181", "state": "Sikkim", "district": "South Sikkim", "location": "Namchi-Namthang Road", "latitude": 27.162111, "longitude": 88.491444, "movement_type": "Rock Fall", "history": null, "event_date": null, "road_distance_m": 0.23160292981406413, "settlement_distance_m": 2763.0831196978038, "amenity_distance_m": 2420.4322491916896, "road_density_500m_km_per_km2": 47.131578101057457, "settlements_within_1km": 0, "amenities_within_1km": 0, "near_road_250m": 1, "near_settlement_1km": 0, "near_amenity_1km": 0 }, "geometry": { "type": "Point", "coordinates": [ 88.491444, 27.162111 ] } },
{ "type": "Feature", "properties": { "record_id": 26180, "landslide_id": "SKM/SS/78A12/2015/172", "state": "Sikkim", "district": "South Sikkim", "location": "Namchi-Namthang Road", "latitude": 27.162194, "longitude": 88.510611, "movement_type": "Debris Slide", "history": null, "event_date": null, "road_distance_m": 6.8404462212688042, "settlement_distance_m": 2379.4863315363145, "amenity_distance_m": 1963.4746430994232, "road_density_500m_km_per_km2": 27.094694875044532, "settlements_within_1km": 0, "amenities_within_1km": 0, "near_road_250m": 1, "near_settlement_1km": 0, "near_amenity_1km": 0 }, "geometry": { "type": "Point", "coordinates": [ 88.510611, 27.162194 ] } },
{ "type": "Feature", "properties": { "record_id": 26181, "landslide_id": "SKM/SS/78A08/2015/212", "state": "Sikkim", "district": "South Sikkim", "location": "Namchi-Namthang Road", "latitude": 27.16275, "longitude": 88.383306, "movement_type": "Earth Slide", "history": null, "event_date": null, "road_distance_m": 11.796988702091465, "settlement_distance_m": 1832.9389155261465, "amenity_distance_m": 1252.041889721409, "road_density_500m_km_per_km2": 20.028908492115601, "settlements_within_1km": 0, "amenities_within_1km": 0, "near_road_250m": 1, "near_settlement_1km": 0, "near_amenity_1km": 0 }, "geometry": { "type": "Point", "coordinates": [ 88.383306, 27.16275 ] } },
{ "type": "Feature", "properties": { "record_id": 26182, "landslide_id": "SKM/SS/78A08/2015/275", "state": "Sikkim", "district": "South Sikkim", "location": "Namchi-Namthang Road", "latitude": 27.162778, "longitude": 88.413222, "movement_type": "Rock Slide", "history": null, "event_date": null, "road_distance_m": 26.718329614658074, "settlement_distance_m": 2587.2016618338421, "amenity_distance_m": 2247.4235304009158, "road_density_500m_km_per_km2": 33.550205421232349, "settlements_within_1km": 0, "amenities_within_1km": 0, "near_road_250m": 1, "near_settlement_1km": 0, "near_amenity_1km": 0 }, "geometry": { "type": "Point", "coordinates": [ 88.413222, 27.162778 ] } },
{ "type": "Feature", "properties": { "record_id": 26183, "landslide_id": "SKM/SS/78A08/2015/179", "state": "Sikkim", "district": "South Sikkim", "location": "Namchi-Namthang Road", "latitude": 27.162781, "longitude": 88.484864, "movement_type": "Debris Slide", "history": null, "event_date": null, "road_distance_m": 18.667364547230637, "settlement_distance_m": 3030.991104877151, "amenity_distance_m": 2713.7694455928654, "road_density_500m_km_per_km2": 42.494738624627345, "settlements_within_1km": 0, "amenities_within_1km": 0, "near_road_250m": 1, "near_settlement_1km": 0, "near_amenity_1km": 0 }, "geometry": { "type": "Point", "coordinates": [ 88.484864, 27.162781 ] } },
{ "type": "Feature", "properties": { "record_id": 26184, "landslide_id": "SKM/NS/78A04/2017/142", "state": "Sikkim", "district": "West Sikkim", "location": "SH", "latitude": 27.163472, "longitude": 88.143083, "movement_type": "Debris Slide", "history": null, "event_date": null, "road_distance_m": 2.8754732083923642, "settlement_distance_m": 4178.0861856688707, "amenity_distance_m": 4013.7411706659923, "road_density_500m_km_per_km2": 8.1252950721101591, "settlements_within_1km": 0, "amenities_within_1km": 0, "near_road_250m": 1, "near_settlement_1km": 0, "near_amenity_1km": 0 }, "geometry": { "type": "Point", "coordinates": [ 88.143083, 27.163472 ] } },
{ "type": "Feature", "properties": { "record_id": 26185, "landslide_id": "SKM/SS/78A08/2015/282", "state": "Sikkim", "district": "South Sikkim", "location": "Namchi-Namthang Road", "latitude": 27.163556, "longitude": 88.458833, "movement_type": "Debris Slide", "history": null, "event_date": null, "road_distance_m": 1.4682073089212697, "settlement_distance_m": 2359.8956224548588, "amenity_distance_m": 2970.1272967347154, "road_density_500m_km_per_km2": 15.90732620724393, "settlements_within_1km": 0, "amenities_within_1km": 0, "near_road_250m": 1, "near_settlement_1km": 0, "near_amenity_1km": 0 }, "geometry": { "type": "Point", "coordinates": [ 88.458833, 27.163556 ] } },
{ "type": "Feature", "properties": { "record_id": 26186, "landslide_id": "SKM/SS/78A08/2015/214", "state": "Sikkim", "district": "South Sikkim", "location": "Namchi-Namthang Road", "latitude": 27.16375, "longitude": 88.406417, "movement_type": "Rock Slide", "history": null, "event_date": null, "road_distance_m": 0.095094592965791702, "settlement_distance_m": 3256.967608208352, "amenity_distance_m": 1990.4401489677543, "road_density_500m_km_per_km2": 41.175852480408466, "settlements_within_1km": 0, "amenities_within_1km": 0, "near_road_250m": 1, "near_settlement_1km": 0, "near_amenity_1km": 0 }, "geometry": { "type": "Point", "coordinates": [ 88.406417, 27.16375 ] } },
{ "type": "Feature", "properties": { "record_id": 26187, "landslide_id": "SKM/SS/78A08/2015/281", "state": "Sikkim", "district": "South Sikkim", "location": "Namchi-Namthang Road", "latitude": 27.163861, "longitude": 88.462306, "movement_type": "Debris Slide", "history": null, "event_date": null, "road_distance_m": 17.813220376541587, "settlement_distance_m": 2686.2936169378968, "amenity_distance_m": 2921.9890542297776, "road_density_500m_km_per_km2": 14.274378399375651, "settlements_within_1km": 0, "amenities_within_1km": 0, "near_road_250m": 1, "near_settlement_1km": 0, "near_amenity_1km": 0 }, "geometry": { "type": "Point", "coordinates": [ 88.462306, 27.163861 ] } },
{ "type": "Feature", "properties": { "record_id": 26189, "landslide_id": "SKM/NS/78A04/2017/141", "state": "Sikkim", "district": "West Sikkim", "location": "SH", "latitude": 27.163861, "longitude": 88.141361, "movement_type": "Debris Slide", "history": null, "event_date": null, "road_distance_m": 2.1023513129081222, "settlement_distance_m": 4328.3161511048684, "amenity_distance_m": 3963.2759529091904, "road_density_500m_km_per_km2": 8.1252950721101591, "settlements_within_1km": 0, "amenities_within_1km": 0, "near_road_250m": 1, "near_settlement_1km": 0, "near_amenity_1km": 0 }, "geometry": { "type": "Point", "coordinates": [ 88.141361, 27.163861 ] } },
{ "type": "Feature", "properties": { "record_id": 26190, "landslide_id": "SKM/NS/78A04/2017/100", "state": "Sikkim", "district": "West Sikkim", "location": "Malbasley SH", "latitude": 27.164472, "longitude": 88.213889, "movement_type": "Rock Slide", "history": null, "event_date": null, "road_distance_m": 2.3910320435944206, "settlement_distance_m": 1584.9080659035458, "amenity_distance_m": 1438.4236830017715, "road_density_500m_km_per_km2": 27.931473728163532, "settlements_within_1km": 0, "amenities_within_1km": 0, "near_road_250m": 1, "near_settlement_1km": 0, "near_amenity_1km": 0 }, "geometry": { "type": "Point", "coordinates": [ 88.213889, 27.164472 ] } },
{ "type": "Feature", "properties": { "record_id": 26191, "landslide_id": "SKM/NS/78A04/2017/96", "state": "Sikkim", "district": "West Sikkim", "location": "SH", "latitude": 27.1645, "longitude": 88.228444, "movement_type": "Rock Slide", "history": null, "event_date": null, "road_distance_m": 2.9190023014327653, "settlement_distance_m": 2929.3703989133064, "amenity_distance_m": 485.15185322824817, "road_density_500m_km_per_km2": 29.315459169929969, "settlements_within_1km": 0, "amenities_within_1km": 1, "near_road_250m": 1, "near_settlement_1km": 0, "near_amenity_1km": 1 }, "geometry": { "type": "Point", "coordinates": [ 88.228444, 27.1645 ] } },
{ "type": "Feature", "properties": { "record_id": 26192, "landslide_id": "SKM/SS/78A08/2015/396", "state": "Sikkim", "district": "South Sikkim", "location": "Sikkip-Wak-Namchi Road", "latitude": 27.164528, "longitude": 88.348472, "movement_type": "Debris Slide", "history": null, "event_date": null, "road_distance_m": 62.906926101247656, "settlement_distance_m": 1666.8498333696773, "amenity_distance_m": 701.94167595731562, "road_density_500m_km_per_km2": 33.662615219451382, "settlements_within_1km": 0, "amenities_within_1km": 3, "near_road_250m": 1, "near_settlement_1km": 0, "near_amenity_1km": 1 }, "geometry": { "type": "Point", "coordinates": [ 88.348472, 27.164528 ] } },
{ "type": "Feature", "properties": { "record_id": 26193, "landslide_id": "SKM/SS/78A08/2015/308", "state": "Sikkim", "district": "South Sikkim", "location": "Melli-Phong Road", "latitude": 27.165, "longitude": 88.444444, "movement_type": "Debris Slide", "history": null, "event_date": null, "road_distance_m": 4.8211509368713878, "settlement_distance_m": 1387.7054304531621, "amenity_distance_m": 3775.7535664625152, "road_density_500m_km_per_km2": 32.951392147296453, "settlements_within_1km": 0, "amenities_within_1km": 0, "near_road_250m": 1, "near_settlement_1km": 0, "near_amenity_1km": 0 }, "geometry": { "type": "Point", "coordinates": [ 88.444444, 27.165 ] } },
{ "type": "Feature", "properties": { "record_id": 26194, "landslide_id": "SKM/SS/78A08/2015/395", "state": "Sikkim", "district": "South Sikkim", "location": "Sikkip-Wak-Namchi Road", "latitude": 27.165278, "longitude": 88.348528, "movement_type": "Debris Slide", "history": null, "event_date": null, "road_distance_m": 4.9501392057125901, "settlement_distance_m": 1654.5352119373142, "amenity_distance_m": 740.31091224873762, "road_density_500m_km_per_km2": 33.955673440457154, "settlements_within_1km": 0, "amenities_within_1km": 4, "near_road_250m": 1, "near_settlement_1km": 0, "near_amenity_1km": 1 }, "geometry": { "type": "Point", "coordinates": [ 88.348528, 27.165278 ] } },
{ "type": "Feature", "properties": { "record_id": 26195, "landslide_id": "SKM/NS/78A04/2017/112", "state": "Sikkim", "district": "West Sikkim", "location": "SH", "latitude": 27.165333, "longitude": 88.162028, "movement_type": "Debris Slide", "history": null, "event_date": null, "road_distance_m": 5.2876504571900211, "settlement_distance_m": 3377.4317300204293, "amenity_distance_m": 3683.9831404200381, "road_density_500m_km_per_km2": 24.734734628782039, "settlements_within_1km": 0, "amenities_within_1km": 0, "near_road_250m": 1, "near_settlement_1km": 0, "near_amenity_1km": 0 }, "geometry": { "type": "Point", "coordinates": [ 88.162028, 27.165333 ] } },
{ "type": "Feature", "properties": { "record_id": 26196, "landslide_id": "SKM/SS/78A08/2015/180", "state": "Sikkim", "district": "South Sikkim", "location": "Namchi-Namthang Road", "latitude": 27.165528, "longitude": 88.496556, "movement_type": "Debris Slide", "history": null, "event_date": null, "road_distance_m": 555.45863655103915, "settlement_distance_m": 2229.2629246233373, "amenity_distance_m": 1869.5939403619238, "road_density_500m_km_per_km2": 0.0, "settlements_within_1km": 0, "amenities_within_1km": 0, "near_road_250m": 0, "near_settlement_1km": 0, "near_amenity_1km": 0 }, "geometry": { "type": "Point", "coordinates": [ 88.496556, 27.165528 ] } },
{ "type": "Feature", "properties": { "record_id": 26197, "landslide_id": "SKM/SS/78A08/2015/178", "state": "Sikkim", "district": "South Sikkim", "location": "Namchi-Namthang Road", "latitude": 27.165586, "longitude": 88.488511, "movement_type": "Debris Slide", "history": null, "event_date": null, "road_distance_m": 6.7072391092504233, "settlement_distance_m": 2568.6161975795603, "amenity_distance_m": 2247.8900307112854, "road_density_500m_km_per_km2": 53.609956675936367, "settlements_within_1km": 0, "amenities_within_1km": 0, "near_road_250m": 1, "near_settlement_1km": 0, "near_amenity_1km": 0 }, "geometry": { "type": "Point", "coordinates": [ 88.488511, 27.165586 ] } },
{ "type": "Feature", "properties": { "record_id": 26198, "landslide_id": "SKM/SS/78A08/2015/183", "state": "Sikkim", "district": "South Sikkim", "location": "Namchi-Namthang Road", "latitude": 27.165833, "longitude": 88.436667, "movement_type": "Debris Slide", "history": null, "event_date": null, "road_distance_m": 20.78433135916902, "settlement_distance_m": 1298.421697640845, "amenity_distance_m": 3598.7442079044049, "road_density_500m_km_per_km2": 5.6022596093556487, "settlements_within_1km": 0, "amenities_within_1km": 0, "near_road_250m": 1, "near_settlement_1km": 0, "near_amenity_1km": 0 }, "geometry": { "type": "Point", "coordinates": [ 88.436667, 27.165833 ] } },
{ "type": "Feature", "properties": { "record_id": 26199, "landslide_id": "SKM/NS/78A04/2017/143", "state": "Sikkim", "district": "West Sikkim", "location": "SH", "latitude": 27.166278, "longitude": 88.144333, "movement_type": "Debris Slide", "history": null, "event_date": null, "road_distance_m": 1.0893825706556481, "settlement_distance_m": 4327.3770349280321, "amenity_distance_m": 4343.3544009222833, "road_density_500m_km_per_km2": 8.1252950721101591, "settlements_within_1km": 0, "amenities_within_1km": 0, "near_road_250m": 1, "near_settlement_1km": 0, "near_amenity_1km": 0 }, "geometry": { "type": "Point", "coordinates": [ 88.144333, 27.166278 ] } },
{ "type": "Feature", "properties": { "record_id": 26200, "landslide_id": "SKM/SS/78A08/2015/213", "state": "Sikkim", "district": "South Sikkim", "location": "Namchi-Namthang Road", "latitude": 27.166528, "longitude": 88.401333, "movement_type": "Debris Slide", "history": null, "event_date": null, "road_distance_m": 11.145160872048608, "settlement_distance_m": 3580.9482223672417, "amenity_distance_m": 1715.3799985434562, "road_density_500m_km_per_km2": 21.148298034304702, "settlements_within_1km": 0, "amenities_within_1km": 0, "near_road_250m": 1, "near_settlement_1km": 0, "near_amenity_1km": 0 }, "geometry": { "type": "Point", "coordinates": [ 88.401333, 27.166528 ] } },
{ "type": "Feature", "properties": { "record_id": 26201, "landslide_id": "SKM/SS/78A08/2015/304", "state": "Sikkim", "district": "South Sikkim", "location": "Perbing-Chuba Road", "latitude": 27.166611, "longitude": 88.417528, "movement_type": "Debris Slide", "history": null, "event_date": null, "road_distance_m": 20.690014350284716, "settlement_distance_m": 2412.0197182268475, "amenity_distance_m": 2081.9965236479502, "road_density_500m_km_per_km2": 28.822855047159116, "settlements_within_1km": 0, "amenities_within_1km": 0, "near_road_250m": 1, "near_settlement_1km": 0, "near_amenity_1km": 0 }, "geometry": { "type": "Point", "coordinates": [ 88.417528, 27.166611 ] } },
{ "type": "Feature", "properties": { "record_id": 26202, "landslide_id": "SKM/SS/78A08/2015/394", "state": "Sikkim", "district": "South Sikkim", "location": "Sikkip-Wak-Namchi Road", "latitude": 27.167611, "longitude": 88.348889, "movement_type": "Debris Slide", "history": null, "event_date": null, "road_distance_m": 10.049915046997208, "settlement_distance_m": 1624.4260654293444, "amenity_distance_m": 887.22896725286125, "road_density_500m_km_per_km2": 19.388855375350669, "settlements_within_1km": 0, "amenities_within_1km": 4, "near_road_250m": 1, "near_settlement_1km": 0, "near_amenity_1km": 1 }, "geometry": { "type": "Point", "coordinates": [ 88.348889, 27.167611 ] } },
{ "type": "Feature", "properties": { "record_id": 26203, "landslide_id": "SKM/NS/78A04/2017/99", "state": "Sikkim", "district": "West Sikkim", "location": "SH", "latitude": 27.167972, "longitude": 88.224778, "movement_type": "Rock Slide", "history": null, "event_date": null, "road_distance_m": 189.38437514686296, "settlement_distance_m": 2526.240928370607, "amenity_distance_m": 906.35259958255722, "road_density_500m_km_per_km2": 17.205823691204319, "settlements_within_1km": 0, "amenities_within_1km": 1, "near_road_250m": 1, "near_settlement_1km": 0, "near_amenity_1km": 1 }, "geometry": { "type": "Point", "coordinates": [ 88.224778, 27.167972 ] } },
{ "type": "Feature", "properties": { "record_id": 26204, "landslide_id": "SKM/SS/78A08/2015/211", "state": "Sikkim", "district": "South Sikkim", "location": "Namchi-Namthang Road", "latitude": 27.168167, "longitude": 88.384556, "movement_type": "Debris Slide", "history": null, "event_date": null, "road_distance_m": 4.3672375352397061, "settlement_distance_m": 1931.4681259687568, "amenity_distance_m": 1006.4942143872792, "road_density_500m_km_per_km2": 34.49645403346198, "settlements_within_1km": 0, "amenities_within_1km": 0, "near_road_250m": 1, "near_settlement_1km": 0, "near_amenity_1km": 0 }, "geometry": { "type": "Point", "coordinates": [ 88.384556, 27.168167 ] } },
{ "type": "Feature", "properties": { "record_id": 26205, "landslide_id": "SKM/SS/78A08/2015/302", "state": "Sikkim", "district": "South Sikkim", "location": null, "latitude": 27.169028, "longitude": 88.486333, "movement_type": "Debris Slide", "history": null, "event_date": null, "road_distance_m": 3.5525887918705887, "settlement_distance_m": 2405.4432151037217, "amenity_distance_m": 2103.4895443425212, "road_density_500m_km_per_km2": 35.324981545969145, "settlements_within_1km": 0, "amenities_within_1km": 0, "near_road_250m": 1, "near_settlement_1km": 0, "near_amenity_1km": 0 }, "geometry": { "type": "Point", "coordinates": [ 88.486333, 27.169028 ] } },
{ "type": "Feature", "properties": { "record_id": 26206, "landslide_id": "SKM/SS/78A08/2015/198", "state": "Sikkim", "district": "South Sikkim", "location": "Namchi-Damthang Road", "latitude": 27.169472, "longitude": 88.363778, "movement_type": "Debris Slide", "history": null, "event_date": null, "road_distance_m": 3.3217705969650599, "settlement_distance_m": 396.48217960482941, "amenity_distance_m": 313.54681635442711, "road_density_500m_km_per_km2": 39.04091046951411, "settlements_within_1km": 1, "amenities_within_1km": 21, "near_road_250m": 1, "near_settlement_1km": 1, "near_amenity_1km": 1 }, "geometry": { "type": "Point", "coordinates": [ 88.363778, 27.169472 ] } },
{ "type": "Feature", "properties": { "record_id": 26207, "landslide_id": "SKM/SS/78A08/2015/280", "state": "Sikkim", "district": "South Sikkim", "location": "Namchi-Namthang Road", "latitude": 27.169583, "longitude": 88.462361, "movement_type": "Debris Slide", "history": null, "event_date": null, "road_distance_m": 10.795768504835939, "settlement_distance_m": 3001.7845990739243, "amenity_distance_m": 3546.7930072106601, "road_density_500m_km_per_km2": 11.479246437987062, "settlements_within_1km": 0, "amenities_within_1km": 0, "near_road_250m": 1, "near_settlement_1km": 0, "near_amenity_1km": 0 }, "geometry": { "type": "Point", "coordinates": [ 88.462361, 27.169583 ] } },
{ "type": "Feature", "properties": { "record_id": 26208, "landslide_id": "SKM/NS/78A04/2017/135", "state": "Sikkim", "district": "West Sikkim", "location": "Bhoreng SH", "latitude": 27.170833, "longitude": 88.086361, "movement_type": "Earth Slide", "history": null, "event_date": null, "road_distance_m": 2.5749607230419342, "settlement_distance_m": 1581.3692826616877, "amenity_distance_m": 979.84078967722223, "road_density_500m_km_per_km2": 18.065649546167652, "settlements_within_1km": 0, "amenities_within_1km": 1, "near_road_250m": 1, "near_settlement_1km": 0, "near_amenity_1km": 1 }, "geometry": { "type": "Point", "coordinates": [ 88.086361, 27.170833 ] } },
{ "type": "Feature", "properties": { "record_id": 26209, "landslide_id": "SKM/NS/78A04/2017/95", "state": "Sikkim", "district": "West Sikkim", "location": "SH", "latitude": 27.171083, "longitude": 88.245417, "movement_type": "Debris Slide", "history": null, "event_date": null, "road_distance_m": 1.8028834402881786, "settlement_distance_m": 2434.2773284413324, "amenity_distance_m": 2139.2662074521268, "road_density_500m_km_per_km2": 22.700010001205126, "settlements_within_1km": 0, "amenities_within_1km": 0, "near_road_250m": 1, "near_settlement_1km": 0, "near_amenity_1km": 0 }, "geometry": { "type": "Point", "coordinates": [ 88.245417, 27.171083 ] } },
{ "type": "Feature", "properties": { "record_id": 26210, "landslide_id": "SKM/SS/78A08/2015/393", "state": "Sikkim", "district": "South Sikkim", "location": "Sikkip-Wak-Namchi Road", "latitude": 27.171139, "longitude": 88.354611, "movement_type": "Debris Slide", "history": null, "event_date": null, "road_distance_m": 11.708783257943725, "settlement_distance_m": 1186.9929921033477, "amenity_distance_m": 610.13913472431227, "road_density_500m_km_per_km2": 28.062958289865367, "settlements_within_1km": 0, "amenities_within_1km": 11, "near_road_250m": 1, "near_settlement_1km": 0, "near_amenity_1km": 1 }, "geometry": { "type": "Point", "coordinates": [ 88.354611, 27.171139 ] } },
{ "type": "Feature", "properties": { "record_id": 26211, "landslide_id": "SKM/NS/78A04/2017/110", "state": "Sikkim", "district": "West Sikkim", "location": "SH", "latitude": 27.171639, "longitude": 88.159333, "movement_type": "Debris Slide", "history": null, "event_date": null, "road_distance_m": 1.9154697726973751, "settlement_distance_m": 3977.1014207202447, "amenity_distance_m": 3899.9600762068881, "road_density_500m_km_per_km2": 19.729711667012481, "settlements_within_1km": 0, "amenities_within_1km": 0, "near_road_250m": 1, "near_settlement_1km": 0, "near_amenity_1km": 0 }, "geometry": { "type": "Point", "coordinates": [ 88.159333, 27.171639 ] } },
{ "type": "Feature", "properties": { "record_id": 26212, "landslide_id": "SKM/NS/78A04/2017/111", "state": "Sikkim", "district": "West Sikkim", "location": "SH", "latitude": 27.171833, "longitude": 88.160861, "movement_type": "Debris Slide", "history": null, "event_date": null, "road_distance_m": 0.092383607024705133, "settlement_distance_m": 3826.4446193966601, "amenity_distance_m": 3749.1336912301604, "road_density_500m_km_per_km2": 22.075649904201899, "settlements_within_1km": 0, "amenities_within_1km": 0, "near_road_250m": 1, "near_settlement_1km": 0, "near_amenity_1km": 0 }, "geometry": { "type": "Point", "coordinates": [ 88.160861, 27.171833 ] } },
{ "type": "Feature", "properties": { "record_id": 26213, "landslide_id": "SKM/NS/78A04/2017/137", "state": "Sikkim", "district": "West Sikkim", "location": "SH", "latitude": 27.172083, "longitude": 88.090333, "movement_type": "Earth Slide", "history": null, "event_date": null, "road_distance_m": 5.1690930552716159, "settlement_distance_m": 1888.9685316634827, "amenity_distance_m": 1348.9273826584181, "road_density_500m_km_per_km2": 18.772709718962226, "settlements_within_1km": 0, "amenities_within_1km": 0, "near_road_250m": 1, "near_settlement_1km": 0, "near_amenity_1km": 0 }, "geometry": { "type": "Point", "coordinates": [ 88.090333, 27.172083 ] } },
{ "type": "Feature", "properties": { "record_id": 26214, "landslide_id": "SKM/SOUTH/78A08/2017/001", "state": "Sikkim", "district": "South Sikkim", "location": "Gumpa Monastery, Upper Gurpisey State Highway (Namchi-", "latitude": 27.172228, "longitude": 88.372, "movement_type": "Debris Complex", "history": "2017", "event_date": null, "road_distance_m": 95.076781280422551, "settlement_distance_m": 954.5896525171346, "amenity_distance_m": 225.76482575376559, "road_density_500m_km_per_km2": 32.594622900977328, "settlements_within_1km": 1, "amenities_within_1km": 7, "near_road_250m": 1, "near_settlement_1km": 1, "near_amenity_1km": 1 }, "geometry": { "type": "Point", "coordinates": [ 88.372, 27.172228 ] } },
{ "type": "Feature", "properties": { "record_id": 26215, "landslide_id": "SKM/SS/78A08/2015/210", "state": "Sikkim", "district": "South Sikkim", "location": "Namchi-Namthang Road", "latitude": 27.172333, "longitude": 88.381444, "movement_type": "Debris Slide", "history": null, "event_date": null, "road_distance_m": 6.9328964977245633, "settlement_distance_m": 1750.5022716822978, "amenity_distance_m": 648.05775832401753, "road_density_500m_km_per_km2": 39.404250466698336, "settlements_within_1km": 0, "amenities_within_1km": 4, "near_road_250m": 1, "near_settlement_1km": 0, "near_amenity_1km": 1 }, "geometry": { "type": "Point", "coordinates": [ 88.381444, 27.172333 ] } },
{ "type": "Feature", "properties": { "record_id": 26216, "landslide_id": "SKM/SS/78A08/2015/297", "state": "Sikkim", "district": "South Sikkim", "location": "Namchi-Jorthang Road", "latitude": 27.172444, "longitude": 88.386972, "movement_type": "Rock Slide", "history": null, "event_date": null, "road_distance_m": 5.5569377463258576, "settlement_distance_m": 2268.2453806182521, "amenity_distance_m": 1104.5461082470908, "road_density_500m_km_per_km2": 27.573785338443731, "settlements_within_1km": 0, "amenities_within_1km": 0, "near_road_250m": 1, "near_settlement_1km": 0, "near_amenity_1km": 0 }, "geometry": { "type": "Point", "coordinates": [ 88.386972, 27.172444 ] } },
{ "type": "Feature", "properties": { "record_id": 26217, "landslide_id": "SKM/NS/78A04/2017/136", "state": "Sikkim", "district": "West Sikkim", "location": "Ribdi SH", "latitude": 27.172444, "longitude": 88.089528, "movement_type": "Earth Slide", "history": null, "event_date": null, "road_distance_m": 5.6765530341457486, "settlement_distance_m": 1881.8008342878227, "amenity_distance_m": 1267.0799278763145, "road_density_500m_km_per_km2": 19.471291195449435, "settlements_within_1km": 0, "amenities_within_1km": 0, "near_road_250m": 1, "near_settlement_1km": 0, "near_amenity_1km": 0 }, "geometry": { "type": "Point", "coordinates": [ 88.089528, 27.172444 ] } },
{ "type": "Feature", "properties": { "record_id": 26218, "landslide_id": "SKM/NS/78A04/2017/138", "state": "Sikkim", "district": "West Sikkim", "location": "SH", "latitude": 27.173861, "longitude": 88.092111, "movement_type": "Earth Slide", "history": null, "event_date": null, "road_distance_m": 4.5117153317464664, "settlement_distance_m": 2150.2181637607082, "amenity_distance_m": 1525.4750862742351, "road_density_500m_km_per_km2": 17.188861642135777, "settlements_within_1km": 0, "amenities_within_1km": 0, "near_road_250m": 1, "near_settlement_1km": 0, "near_amenity_1km": 0 }, "geometry": { "type": "Point", "coordinates": [ 88.092111, 27.173861 ] } },
{ "type": "Feature", "properties": { "record_id": 26219, "landslide_id": "SKM/SS/78A08/2015/296", "state": "Sikkim", "district": "South Sikkim", "location": "Namchi-Jorthang Road", "latitude": 27.173917, "longitude": 88.38525, "movement_type": "Rock Slide", "history": null, "event_date": null, "road_distance_m": 12.045318177828371, "settlement_distance_m": 2166.2826875537335, "amenity_distance_m": 869.76372148175869, "road_density_500m_km_per_km2": 37.098869570441046, "settlements_within_1km": 0, "amenities_within_1km": 3, "near_road_250m": 1, "near_settlement_1km": 0, "near_amenity_1km": 1 }, "geometry": { "type": "Point", "coordinates": [ 88.38525, 27.173917 ] } },
{ "type": "Feature", "properties": { "record_id": 26220, "landslide_id": "SKM/SS/78A08/2015/182", "state": "Sikkim", "district": "South Sikkim", "location": "Namchi-Namthang Road", "latitude": 27.174389, "longitude": 88.452028, "movement_type": "Debris Slide", "history": null, "event_date": null, "road_distance_m": 1.0875448378374157, "settlement_distance_m": 2667.3273700418163, "amenity_distance_m": 4324.781070934976, "road_density_500m_km_per_km2": 24.143185891859478, "settlements_within_1km": 0, "amenities_within_1km": 0, "near_road_250m": 1, "near_settlement_1km": 0, "near_amenity_1km": 0 }, "geometry": { "type": "Point", "coordinates": [ 88.452028, 27.174389 ] } },
{ "type": "Feature", "properties": { "record_id": 26221, "landslide_id": "SKM/SS/78A08/2015/295", "state": "Sikkim", "district": "South Sikkim", "location": "Namchi-Jorthang Road", "latitude": 27.175, "longitude": 88.385028, "movement_type": "Rock Slide", "history": null, "event_date": null, "road_distance_m": 11.824705493609535, "settlement_distance_m": 2197.1180406123331, "amenity_distance_m": 765.42735603600806, "road_density_500m_km_per_km2": 37.098869570441046, "settlements_within_1km": 0, "amenities_within_1km": 4, "near_road_250m": 1, "near_settlement_1km": 0, "near_amenity_1km": 1 }, "geometry": { "type": "Point", "coordinates": [ 88.385028, 27.175 ] } },
{ "type": "Feature", "properties": { "record_id": 26222, "landslide_id": "SKM/SS/78A08/2015/300", "state": "Sikkim", "district": "South Sikkim", "location": "Namchi-Jorthang Road", "latitude": 27.175778, "longitude": 88.402417, "movement_type": "Debris Slide", "history": null, "event_date": null, "road_distance_m": 1.7304715308791225, "settlement_distance_m": 3839.8269858266503, "amenity_distance_m": 699.41205230594039, "road_density_500m_km_per_km2": 16.003185667021008, "settlements_within_1km": 0, "amenities_within_1km": 1, "near_road_250m": 1, "near_settlement_1km": 0, "near_amenity_1km": 1 }, "geometry": { "type": "Point", "coordinates": [ 88.402417, 27.175778 ] } },
{ "type": "Feature", "properties": { "record_id": 26223, "landslide_id": "SKM/SS/78A08/2015/305", "state": "Sikkim", "district": "South Sikkim", "location": "Perbing-Chuba Road", "latitude": 27.176, "longitude": 88.429556, "movement_type": "Debris Slide", "history": null, "event_date": null, "road_distance_m": 6.4830945104563691, "settlement_distance_m": 2546.2907104459614, "amenity_distance_m": 2517.0243586013348, "road_density_500m_km_per_km2": 23.735550890356286, "settlements_within_1km": 0, "amenities_within_1km": 0, "near_road_250m": 1, "near_settlement_1km": 0, "near_amenity_1km": 0 }, "geometry": { "type": "Point", "coordinates": [ 88.429556, 27.176 ] } },
{ "type": "Feature", "properties": { "record_id": 26224, "landslide_id": "SKM/SS/78A08/2015/299", "state": "Sikkim", "district": "South Sikkim", "location": "Namchi-Jorthang Road", "latitude": 27.176944, "longitude": 88.402056, "movement_type": "Debris Slide", "history": null, "event_date": null, "road_distance_m": 3.199127855965799, "settlement_distance_m": 3843.7635951432139, "amenity_distance_m": 597.10375384988902, "road_density_500m_km_per_km2": 15.753391611451853, "settlements_within_1km": 0, "amenities_within_1km": 1, "near_road_250m": 1, "near_settlement_1km": 0, "near_amenity_1km": 1 }, "geometry": { "type": "Point", "coordinates": [ 88.402056, 27.176944 ] } },
{ "type": "Feature", "properties": { "record_id": 26225, "landslide_id": "SKM/SS/78A08/2015/301", "state": "Sikkim", "district": "South Sikkim", "location": "Namchi-Jorthang Road", "latitude": 27.177056, "longitude": 88.402611, "movement_type": "Rock Slide", "history": null, "event_date": null, "road_distance_m": 10.113770865418632, "settlement_distance_m": 3899.8866203308985, "amenity_distance_m": 561.35603202988955, "road_density_500m_km_per_km2": 15.753391611451853, "settlements_within_1km": 0, "amenities_within_1km": 1, "near_road_250m": 1, "near_settlement_1km": 0, "near_amenity_1km": 1 }, "geometry": { "type": "Point", "coordinates": [ 88.402611, 27.177056 ] } },
{ "type": "Feature", "properties": { "record_id": 26226, "landslide_id": "SKM/SS/78A08/2015/263", "state": "Sikkim", "district": "South Sikkim", "location": null, "latitude": 27.177167, "longitude": 88.369611, "movement_type": "Rock Slide", "history": null, "event_date": null, "road_distance_m": 182.0728375702364, "settlement_distance_m": 1298.9834110385257, "amenity_distance_m": 373.07467986094889, "road_density_500m_km_per_km2": 30.762751838079691, "settlements_within_1km": 0, "amenities_within_1km": 4, "near_road_250m": 1, "near_settlement_1km": 0, "near_amenity_1km": 1 }, "geometry": { "type": "Point", "coordinates": [ 88.369611, 27.177167 ] } },
{ "type": "Feature", "properties": { "record_id": 26227, "landslide_id": "SKM/SS/78A08/2015/306", "state": "Sikkim", "district": "South Sikkim", "location": "Perbing-Chuba Road", "latitude": 27.178111, "longitude": 88.430556, "movement_type": "Debris Slide", "history": null, "event_date": null, "road_distance_m": 85.099164473549919, "settlement_distance_m": 2743.2894942203311, "amenity_distance_m": 2566.9168612077528, "road_density_500m_km_per_km2": 25.133573745735912, "settlements_within_1km": 0, "amenities_within_1km": 0, "near_road_250m": 1, "near_settlement_1km": 0, "near_amenity_1km": 0 }, "geometry": { "type": "Point", "coordinates": [ 88.430556, 27.178111 ] } },
{ "type": "Feature", "properties": { "record_id": 26228, "landslide_id": "SKM/ES/78A12/2015/101", "state": "Sikkim", "district": "East Sikkim", "location": "Rangpo-Rorathang Road", "latitude": 27.178889, "longitude": 88.533097, "movement_type": "Rock Slide", "history": null, "event_date": null, "road_distance_m": 3.8111139854690741, "settlement_distance_m": 563.92409237803827, "amenity_distance_m": 557.93357516828542, "road_density_500m_km_per_km2": 33.298048736000858, "settlements_within_1km": 1, "amenities_within_1km": 3, "near_road_250m": 1, "near_settlement_1km": 1, "near_amenity_1km": 1 }, "geometry": { "type": "Point", "coordinates": [ 88.533097, 27.178889 ] } },
{ "type": "Feature", "properties": { "record_id": 26229, "landslide_id": "SKM/NS/78A04/2017/106", "state": "Sikkim", "district": "West Sikkim", "location": "SH", "latitude": 27.179278, "longitude": 88.190972, "movement_type": "Earth Slide", "history": null, "event_date": null, "road_distance_m": 7.4436430537684304, "settlement_distance_m": 875.12605205222349, "amenity_distance_m": 772.33790172297961, "road_density_500m_km_per_km2": 13.009226171463125, "settlements_within_1km": 1, "amenities_within_1km": 2, "near_road_250m": 1, "near_settlement_1km": 1, "near_amenity_1km": 1 }, "geometry": { "type": "Point", "coordinates": [ 88.190972, 27.179278 ] } },
{ "type": "Feature", "properties": { "record_id": 26230, "landslide_id": "SKM/ES/78A12/2015/141", "state": "Sikkim", "district": "East Sikkim", "location": "NH-31A", "latitude": 27.179639, "longitude": 88.519778, "movement_type": "Debris Slide", "history": null, "event_date": null, "road_distance_m": 4.9189594089146134, "settlement_distance_m": 1194.8386841613556, "amenity_distance_m": 462.57088485337363, "road_density_500m_km_per_km2": 42.006255732335951, "settlements_within_1km": 0, "amenities_within_1km": 1, "near_road_250m": 1, "near_settlement_1km": 0, "near_amenity_1km": 1 }, "geometry": { "type": "Point", "coordinates": [ 88.519778, 27.179639 ] } },
{ "type": "Feature", "properties": { "record_id": 26231, "landslide_id": "SKM/ES/78A12/2015/143", "state": "Sikkim", "district": "East Sikkim", "location": "NH-31A", "latitude": 27.180417, "longitude": 88.51025, "movement_type": "Rock Slide", "history": null, "event_date": null, "road_distance_m": 5.3738134784513729, "settlement_distance_m": 866.13495910546362, "amenity_distance_m": 111.01349143412993, "road_density_500m_km_per_km2": 7.266916958062728, "settlements_within_1km": 1, "amenities_within_1km": 17, "near_road_250m": 1, "near_settlement_1km": 1, "near_amenity_1km": 1 }, "geometry": { "type": "Point", "coordinates": [ 88.51025, 27.180417 ] } },
{ "type": "Feature", "properties": { "record_id": 26232, "landslide_id": "SKM/ES/78A12/2015/142", "state": "Sikkim", "district": "East Sikkim", "location": "NH-31A", "latitude": 27.180528, "longitude": 88.518611, "movement_type": "Debris Slide", "history": null, "event_date": null, "road_distance_m": 2.9377240734658612, "settlement_distance_m": 1343.9864078589389, "amenity_distance_m": 614.12067822824963, "road_density_500m_km_per_km2": 25.831723399519998, "settlements_within_1km": 0, "amenities_within_1km": 2, "near_road_250m": 1, "near_settlement_1km": 0, "near_amenity_1km": 1 }, "geometry": { "type": "Point", "coordinates": [ 88.518611, 27.180528 ] } },
{ "type": "Feature", "properties": { "record_id": 26233, "landslide_id": "SKM/NS/78A04/2017/105", "state": "Sikkim", "district": "West Sikkim", "location": "Gumpa Dara SH", "latitude": 27.181167, "longitude": 88.192028, "movement_type": "Debris Slide", "history": null, "event_date": null, "road_distance_m": 8.6989864306468423, "settlement_distance_m": 719.3350097267994, "amenity_distance_m": 715.68977838721287, "road_density_500m_km_per_km2": 12.007558365638312, "settlements_within_1km": 1, "amenities_within_1km": 2, "near_road_250m": 1, "near_settlement_1km": 1, "near_amenity_1km": 1 }, "geometry": { "type": "Point", "coordinates": [ 88.192028, 27.181167 ] } },
{ "type": "Feature", "properties": { "record_id": 26234, "landslide_id": "SKM/WS/78A08/2015/378", "state": "Sikkim", "district": "West Sikkim", "location": null, "latitude": 27.181222, "longitude": 88.309528, "movement_type": "Debris Slide", "history": null, "event_date": null, "road_distance_m": 3.9100003743792011, "settlement_distance_m": 3460.4197297086216, "amenity_distance_m": 1880.0898142197439, "road_density_500m_km_per_km2": 12.710378404108747, "settlements_within_1km": 0, "amenities_within_1km": 0, "near_road_250m": 1, "near_settlement_1km": 0, "near_amenity_1km": 0 }, "geometry": { "type": "Point", "coordinates": [ 88.309528, 27.181222 ] } },
{ "type": "Feature", "properties": { "record_id": 26235, "landslide_id": "SKM/SS/78A08/2015/298", "state": "Sikkim", "district": "South Sikkim", "location": "Namchi-Jorthang Road", "latitude": 27.18175, "longitude": 88.395778, "movement_type": "Debris Slide", "history": null, "event_date": null, "road_distance_m": 19.962213285273176, "settlement_distance_m": 3489.5617906724983, "amenity_distance_m": 909.38467713357306, "road_density_500m_km_per_km2": 16.712616350221435, "settlements_within_1km": 0, "amenities_within_1km": 1, "near_road_250m": 1, "near_settlement_1km": 0, "near_amenity_1km": 1 }, "geometry": { "type": "Point", "coordinates": [ 88.395778, 27.18175 ] } },
{ "type": "Feature", "properties": { "record_id": 26236, "landslide_id": "SKM/ES/78A12/2015/144", "state": "Sikkim", "district": "East Sikkim", "location": "NH-31A", "latitude": 27.182111, "longitude": 88.508, "movement_type": "Rock Slide", "history": null, "event_date": null, "road_distance_m": 0.43462839525331243, "settlement_distance_m": 577.09089194911257, "amenity_distance_m": 279.22847988369409, "road_density_500m_km_per_km2": 10.04147636089251, "settlements_within_1km": 1, "amenities_within_1km": 22, "near_road_250m": 1, "near_settlement_1km": 1, "near_amenity_1km": 1 }, "geometry": { "type": "Point", "coordinates": [ 88.508, 27.182111 ] } },
{ "type": "Feature", "properties": { "record_id": 26237, "landslide_id": "SKM/NS/78A03/2017/82", "state": "Sikkim", "district": "West Sikkim", "location": "Barakheley Dara SH", "latitude": 27.185944, "longitude": 88.197944, "movement_type": "Debris Slide", "history": null, "event_date": null, "road_distance_m": 8.8045696337102317, "settlement_distance_m": 440.29852639129081, "amenity_distance_m": 795.52489010748525, "road_density_500m_km_per_km2": 8.9623969757917532, "settlements_within_1km": 1, "amenities_within_1km": 1, "near_road_250m": 1, "near_settlement_1km": 1, "near_amenity_1km": 1 }, "geometry": { "type": "Point", "coordinates": [ 88.197944, 27.185944 ] } },
{ "type": "Feature", "properties": { "record_id": 26238, "landslide_id": "SKM/NS/78A03/2017/83", "state": "Sikkim", "district": "West Sikkim", "location": "SH", "latitude": 27.185972, "longitude": 88.205833, "movement_type": "Earth Slide", "history": null, "event_date": null, "road_distance_m": 1.1531761642083118, "settlement_distance_m": 782.06534440003918, "amenity_distance_m": 1060.1720745980485, "road_density_500m_km_per_km2": 7.7845134472444304, "settlements_within_1km": 1, "amenities_within_1km": 0, "near_road_250m": 1, "near_settlement_1km": 1, "near_amenity_1km": 0 }, "geometry": { "type": "Point", "coordinates": [ 88.205833, 27.185972 ] } },
{ "type": "Feature", "properties": { "record_id": 26239, "landslide_id": "SKM/WS/78A08/2015/351", "state": "Sikkim", "district": "West Sikkim", "location": "legship-Sikkip Road", "latitude": 27.186361, "longitude": 88.320417, "movement_type": "Debris Slide", "history": null, "event_date": null, "road_distance_m": 3.8484962854451448, "settlement_distance_m": 3562.8736882319122, "amenity_distance_m": 1706.4754111149309, "road_density_500m_km_per_km2": 8.8013673752344666, "settlements_within_1km": 0, "amenities_within_1km": 0, "near_road_250m": 1, "near_settlement_1km": 0, "near_amenity_1km": 0 }, "geometry": { "type": "Point", "coordinates": [ 88.320417, 27.186361 ] } },
{ "type": "Feature", "properties": { "record_id": 26240, "landslide_id": "SKM/NS/78A03/2017/84", "state": "Sikkim", "district": "West Sikkim", "location": "SH", "latitude": 27.186611, "longitude": 88.206278, "movement_type": "Earth Slide", "history": null, "event_date": null, "road_distance_m": 6.9140128149342175, "settlement_distance_m": 858.28559313274559, "amenity_distance_m": 1142.4971699999667, "road_density_500m_km_per_km2": 5.7694450314188623, "settlements_within_1km": 1, "amenities_within_1km": 0, "near_road_250m": 1, "near_settlement_1km": 1, "near_amenity_1km": 0 }, "geometry": { "type": "Point", "coordinates": [ 88.206278, 27.186611 ] } },
{ "type": "Feature", "properties": { "record_id": 26241, "landslide_id": "SKM/ES/78A12/2015/102", "state": "Sikkim", "district": "East Sikkim", "location": "Rangpo-Rorathang Road", "latitude": 27.18815, "longitude": 88.562083, "movement_type": "Debris Slide", "history": null, "event_date": null, "road_distance_m": 17.192694725714897, "settlement_distance_m": 3492.9840543488353, "amenity_distance_m": 3531.4481332676178, "road_density_500m_km_per_km2": 13.982479869589477, "settlements_within_1km": 0, "amenities_within_1km": 0, "near_road_250m": 1, "near_settlement_1km": 0, "near_amenity_1km": 0 }, "geometry": { "type": "Point", "coordinates": [ 88.562083, 27.18815 ] } },
{ "type": "Feature", "properties": { "record_id": 26242, "landslide_id": "SKM/ES/78A12/2015/145", "state": "Sikkim", "district": "East Sikkim", "location": "NH-31A", "latitude": 27.188528, "longitude": 88.501194, "movement_type": "Rock Slide", "history": null, "event_date": null, "road_distance_m": 8.7917388869764146, "settlement_distance_m": 450.40316981091314, "amenity_distance_m": 141.54380288333616, "road_density_500m_km_per_km2": 13.701251614483937, "settlements_within_1km": 1, "amenities_within_1km": 26, "near_road_250m": 1, "near_settlement_1km": 1, "near_amenity_1km": 1 }, "geometry": { "type": "Point", "coordinates": [ 88.501194, 27.188528 ] } },
{ "type": "Feature", "properties": { "record_id": 26243, "landslide_id": "SKM/SS/78A08/2015/197", "state": "Sikkim", "district": "South Sikkim", "location": "Namchi-Damthang Road", "latitude": 27.189222, "longitude": 88.391056, "movement_type": "Debris Slide", "history": null, "event_date": null, "road_distance_m": 5.1756497148513994, "settlement_distance_m": 3620.9301757488633, "amenity_distance_m": 665.12165222837882, "road_density_500m_km_per_km2": 21.424109793913718, "settlements_within_1km": 0, "amenities_within_1km": 1, "near_road_250m": 1, "near_settlement_1km": 0, "near_amenity_1km": 1 }, "geometry": { "type": "Point", "coordinates": [ 88.391056, 27.189222 ] } },
{ "type": "Feature", "properties": { "record_id": 26244, "landslide_id": "SKM/ES/78A12/2015/103", "state": "Sikkim", "district": "East Sikkim", "location": "Rangpo-Rorathang Road", "latitude": 27.189261, "longitude": 88.595686, "movement_type": "Debris Slide", "history": null, "event_date": null, "road_distance_m": 6.7061922311751072, "settlement_distance_m": 1777.9619956902256, "amenity_distance_m": 3824.5739516080375, "road_density_500m_km_per_km2": 13.982479869589477, "settlements_within_1km": 0, "amenities_within_1km": 0, "near_road_250m": 1, "near_settlement_1km": 0, "near_amenity_1km": 0 }, "geometry": { "type": "Point", "coordinates": [ 88.595686, 27.189261 ] } },
{ "type": "Feature", "properties": { "record_id": 26246, "landslide_id": "SKM/ES/78A12/2015/104", "state": "Sikkim", "district": "East Sikkim", "location": "Rangpo-Rorathang Road", "latitude": 27.190067, "longitude": 88.596483, "movement_type": "Rock Slide", "history": null, "event_date": null, "road_distance_m": 1.2473314897046934, "settlement_distance_m": 1667.2631282727148, "amenity_distance_m": 3764.9753615541558, "road_density_500m_km_per_km2": 13.982479869589477, "settlements_within_1km": 0, "amenities_within_1km": 0, "near_road_250m": 1, "near_settlement_1km": 0, "near_amenity_1km": 0 }, "geometry": { "type": "Point", "coordinates": [ 88.596483, 27.190067 ] } },
{ "type": "Feature", "properties": { "record_id": 26247, "landslide_id": "SKM/ES/78A12/2015/105", "state": "Sikkim", "district": "East Sikkim", "location": "Rangpo-Rorathang Road", "latitude": 27.190833, "longitude": 88.596889, "movement_type": "Debris Slide", "history": null, "event_date": null, "road_distance_m": 0.89713169408391569, "settlement_distance_m": 1594.9950538603277, "amenity_distance_m": 3744.823464170418, "road_density_500m_km_per_km2": 13.982479869589477, "settlements_within_1km": 0, "amenities_within_1km": 0, "near_road_250m": 1, "near_settlement_1km": 0, "near_amenity_1km": 0 }, "geometry": { "type": "Point", "coordinates": [ 88.596889, 27.190833 ] } },
{ "type": "Feature", "properties": { "record_id": 26248, "landslide_id": "SKM/WS/78A08/2015/350", "state": "Sikkim", "district": "West Sikkim", "location": "legship-Sikkip Road", "latitude": 27.191639, "longitude": 88.325861, "movement_type": "Debris Slide", "history": null, "event_date": null, "road_distance_m": 2.03668104746408, "settlement_distance_m": 3915.5984154426951, "amenity_distance_m": 2227.7803765533354, "road_density_500m_km_per_km2": 18.11962137906167, "settlements_within_1km": 0, "amenities_within_1km": 0, "near_road_250m": 1, "near_settlement_1km": 0, "near_amenity_1km": 0 }, "geometry": { "type": "Point", "coordinates": [ 88.325861, 27.191639 ] } },
{ "type": "Feature", "properties": { "record_id": 26249, "landslide_id": "SKM/WS/78A08/2015/374", "state": "Sikkim", "district": "West Sikkim", "location": "Sangadorji-Bum Road", "latitude": 27.191917, "longitude": 88.2885, "movement_type": "Debris Slide", "history": null, "event_date": null, "road_distance_m": 12.967052036443413, "settlement_distance_m": 3719.959366388493, "amenity_distance_m": 3165.0766746761237, "road_density_500m_km_per_km2": 42.500847342579249, "settlements_within_1km": 0, "amenities_within_1km": 0, "near_road_250m": 1, "near_settlement_1km": 0, "near_amenity_1km": 0 }, "geometry": { "type": "Point", "coordinates": [ 88.2885, 27.191917 ] } },
{ "type": "Feature", "properties": { "record_id": 26250, "landslide_id": "SKM/ES/78A12/2015/106", "state": "Sikkim", "district": "East Sikkim", "location": "Rangpo-Rorathang Road", "latitude": 27.192989, "longitude": 88.603083, "movement_type": "Debris Slide", "history": null, "event_date": null, "road_distance_m": 22.74415709195582, "settlement_distance_m": 937.6229682863036, "amenity_distance_m": 3227.106673635647, "road_density_500m_km_per_km2": 24.291503721797945, "settlements_within_1km": 1, "amenities_within_1km": 0, "near_road_250m": 1, "near_settlement_1km": 1, "near_amenity_1km": 0 }, "geometry": { "type": "Point", "coordinates": [ 88.603083, 27.192989 ] } },
{ "type": "Feature", "properties": { "record_id": 26251, "landslide_id": "SKM/ES/78A12/2015/135", "state": "Sikkim", "district": "East Sikkim", "location": "Rhenak Road", "latitude": 27.193794, "longitude": 88.650528, "movement_type": "Debris Slide", "history": null, "event_date": null, "road_distance_m": 0.54238715341474619, "settlement_distance_m": 2206.446579187349, "amenity_distance_m": 1962.6129950658399, "road_density_500m_km_per_km2": 17.412819719824313, "settlements_within_1km": 0, "amenities_within_1km": 0, "near_road_250m": 1, "near_settlement_1km": 0, "near_amenity_1km": 0 }, "geometry": { "type": "Point", "coordinates": [ 88.650528, 27.193794 ] } },
{ "type": "Feature", "properties": { "record_id": 26252, "landslide_id": "SKM/SS/78A08/2015/206", "state": "Sikkim", "district": "South Sikkim", "location": "Kholaghari village Road", "latitude": 27.194333, "longitude": 88.388889, "movement_type": "Debris Slide", "history": null, "event_date": null, "road_distance_m": 2.2389417820048521, "settlement_distance_m": 3888.6988499061499, "amenity_distance_m": 286.67788780403197, "road_density_500m_km_per_km2": 29.684040397059864, "settlements_within_1km": 0, "amenities_within_1km": 1, "near_road_250m": 1, "near_settlement_1km": 0, "near_amenity_1km": 1 }, "geometry": { "type": "Point", "coordinates": [ 88.388889, 27.194333 ] } },
{ "type": "Feature", "properties": { "record_id": 26253, "landslide_id": "SKM/ES/78A12/2015/108", "state": "Sikkim", "district": "East Sikkim", "location": "Rorathang-Rongli Road", "latitude": 27.195083, "longitude": 88.631992, "movement_type": "Debris Slide", "history": null, "event_date": null, "road_distance_m": 0.63800556034381428, "settlement_distance_m": 2026.8771296619727, "amenity_distance_m": 1365.9321581551426, "road_density_500m_km_per_km2": 26.262832211568909, "settlements_within_1km": 0, "amenities_within_1km": 0, "near_road_250m": 1, "near_settlement_1km": 0, "near_amenity_1km": 0 }, "geometry": { "type": "Point", "coordinates": [ 88.631992, 27.195083 ] } },
{ "type": "Feature", "properties": { "record_id": 26254, "landslide_id": "SKM/ES/78A12/2015/109", "state": "Sikkim", "district": "East Sikkim", "location": "Rorathang-Rongli Road", "latitude": 27.195511, "longitude": 88.6342, "movement_type": "Debris Slide", "history": null, "event_date": null, "road_distance_m": 28.637374212717614, "settlement_distance_m": 2233.4205096647197, "amenity_distance_m": 1405.0958806620883, "road_density_500m_km_per_km2": 16.044778834013083, "settlements_within_1km": 0, "amenities_within_1km": 0, "near_road_250m": 1, "near_settlement_1km": 0, "near_amenity_1km": 0 }, "geometry": { "type": "Point", "coordinates": [ 88.6342, 27.195511 ] } },
{ "type": "Feature", "properties": { "record_id": 26255, "landslide_id": "SKM/ES/78A12/2015/107", "state": "Sikkim", "district": "East Sikkim", "location": "Rorathang-Rongli Road", "latitude": 27.195703, "longitude": 88.625444, "movement_type": "Debris Slide", "history": null, "event_date": null, "road_distance_m": 12.203530180248718, "settlement_distance_m": 1374.6833612051573, "amenity_distance_m": 1638.9200805285304, "road_density_500m_km_per_km2": 22.870386080705384, "settlements_within_1km": 0, "amenities_within_1km": 0, "near_road_250m": 1, "near_settlement_1km": 0, "near_amenity_1km": 0 }, "geometry": { "type": "Point", "coordinates": [ 88.625444, 27.195703 ] } },
{ "type": "Feature", "properties": { "record_id": 26256, "landslide_id": "SKM/SS/78A08/2015/207", "state": "Sikkim", "district": "South Sikkim", "location": "Kholaghari village Road", "latitude": 27.195722, "longitude": 88.387472, "movement_type": "Debris Slide", "history": null, "event_date": null, "road_distance_m": 13.995143611307913, "settlement_distance_m": 3739.6223325973488, "amenity_distance_m": 414.27452429019814, "road_density_500m_km_per_km2": 29.684040397059864, "settlements_within_1km": 0, "amenities_within_1km": 1, "near_road_250m": 1, "near_settlement_1km": 0, "near_amenity_1km": 1 }, "geometry": { "type": "Point", "coordinates": [ 88.387472, 27.195722 ] } },
{ "type": "Feature", "properties": { "record_id": 26257, "landslide_id": "SKM/NS/78A03/2017/81", "state": "Sikkim", "district": "West Sikkim", "location": "Phuchenbong SH", "latitude": 27.197111, "longitude": 88.208722, "movement_type": "Debris Slide", "history": null, "event_date": null, "road_distance_m": 6.1513119119247568, "settlement_distance_m": 1908.2393262814953, "amenity_distance_m": 2256.4131696449681, "road_density_500m_km_per_km2": 13.62362325144897, "settlements_within_1km": 0, "amenities_within_1km": 0, "near_road_250m": 1, "near_settlement_1km": 0, "near_amenity_1km": 0 }, "geometry": { "type": "Point", "coordinates": [ 88.208722, 27.197111 ] } },
{ "type": "Feature", "properties": { "record_id": 26258, "landslide_id": "SKM/SS/78A12/2015/146", "state": "Sikkim", "district": "South Sikkim", "location": "NH-31A", "latitude": 27.197417, "longitude": 88.4905, "movement_type": "Rock Slide", "history": null, "event_date": null, "road_distance_m": 7.9786849633948513, "settlement_distance_m": 1868.2173142683116, "amenity_distance_m": 1359.4219134700143, "road_density_500m_km_per_km2": 42.005599273075298, "settlements_within_1km": 0, "amenities_within_1km": 0, "near_road_250m": 1, "near_settlement_1km": 0, "near_amenity_1km": 0 }, "geometry": { "type": "Point", "coordinates": [ 88.4905, 27.197417 ] } },
{ "type": "Feature", "properties": { "record_id": 26259, "landslide_id": "SKM/ES/78A12/2015/110", "state": "Sikkim", "district": "East Sikkim", "location": "Rorathang-Rongli Road", "latitude": 27.198856, "longitude": 88.638725, "movement_type": "Debris Slide", "history": null, "event_date": null, "road_distance_m": 11.277362325864445, "settlement_distance_m": 1917.0067010283915, "amenity_distance_m": 1845.3998215095089, "road_density_500m_km_per_km2": 16.044778834013083, "settlements_within_1km": 0, "amenities_within_1km": 0, "near_road_250m": 1, "near_settlement_1km": 0, "near_amenity_1km": 0 }, "geometry": { "type": "Point", "coordinates": [ 88.638725, 27.198856 ] } },
{ "type": "Feature", "properties": { "record_id": 26260, "landslide_id": "SKM/ES/78A12/2015/134", "state": "Sikkim", "district": "East Sikkim", "location": "Rhenak Road", "latitude": 27.198928, "longitude": 88.66095, "movement_type": "Debris Slide", "history": null, "event_date": null, "road_distance_m": 2.0291793617449252, "settlement_distance_m": 1594.3394545480053, "amenity_distance_m": 3092.8036039954777, "road_density_500m_km_per_km2": 17.412819719824313, "settlements_within_1km": 0, "amenities_within_1km": 0, "near_road_250m": 1, "near_settlement_1km": 0, "near_amenity_1km": 0 }, "geometry": { "type": "Point", "coordinates": [ 88.66095, 27.198928 ] } },
{ "type": "Feature", "properties": { "record_id": 26261, "landslide_id": "SKM/SS/78A08/2015/385", "state": "Sikkim", "district": "South Sikkim", "location": "Sikkip-Wak-Namchi Road", "latitude": 27.199028, "longitude": 88.350417, "movement_type": "Debris Slide", "history": null, "event_date": null, "road_distance_m": 11.633206919094313, "settlement_distance_m": 3928.2689422652402, "amenity_distance_m": 3434.2577280615628, "road_density_500m_km_per_km2": 21.662315772441339, "settlements_within_1km": 0, "amenities_within_1km": 0, "near_road_250m": 1, "near_settlement_1km": 0, "near_amenity_1km": 0 }, "geometry": { "type": "Point", "coordinates": [ 88.350417, 27.199028 ] } },
{ "type": "Feature", "properties": { "record_id": 26262, "landslide_id": "SKM/ES/78A12/2015/111", "state": "Sikkim", "district": "East Sikkim", "location": "Rorathang-Rongli Road", "latitude": 27.199722, "longitude": 88.641633, "movement_type": "Rock Topple", "history": null, "event_date": null, "road_distance_m": 27.896151687722927, "settlement_distance_m": 1915.8389220042448, "amenity_distance_m": 2032.2806349514533, "road_density_500m_km_per_km2": 12.429112109402238, "settlements_within_1km": 0, "amenities_within_1km": 0, "near_road_250m": 1, "near_settlement_1km": 0, "near_amenity_1km": 0 }, "geometry": { "type": "Point", "coordinates": [ 88.641633, 27.199722 ] } },
{ "type": "Feature", "properties": { "record_id": 26263, "landslide_id": "SKM/SS/78A08/2015/386", "state": "Sikkim", "district": "South Sikkim", "location": "Sikkip-Wak-Namchi Road", "latitude": 27.200389, "longitude": 88.3545, "movement_type": "Debris Slide", "history": null, "event_date": null, "road_distance_m": 16.20475962473099, "settlement_distance_m": 3941.0745480883247, "amenity_distance_m": 3301.5072029408652, "road_density_500m_km_per_km2": 21.740508207846833, "settlements_within_1km": 0, "amenities_within_1km": 0, "near_road_250m": 1, "near_settlement_1km": 0, "near_amenity_1km": 0 }, "geometry": { "type": "Point", "coordinates": [ 88.3545, 27.200389 ] } },
{ "type": "Feature", "properties": { "record_id": 26264, "landslide_id": "SKM/WS/78A08/2015/384", "state": "Sikkim", "district": "West Sikkim", "location": "Sikkip-Wak-Namchi Road", "latitude": 27.200861, "longitude": 88.340861, "movement_type": "Debris Slide", "history": null, "event_date": null, "road_distance_m": 3.451947251745108, "settlement_distance_m": 4213.0306817170476, "amenity_distance_m": 3603.4884554507835, "road_density_500m_km_per_km2": 21.03793675537327, "settlements_within_1km": 0, "amenities_within_1km": 0, "near_road_250m": 1, "near_settlement_1km": 0, "near_amenity_1km": 0 }, "geometry": { "type": "Point", "coordinates": [ 88.340861, 27.200861 ] } },
{ "type": "Feature", "properties": { "record_id": 26265, "landslide_id": "SKM/ES/78A12/2015/133", "state": "Sikkim", "district": "East Sikkim", "location": "Rhenak Road", "latitude": 27.201278, "longitude": 88.665381, "movement_type": "Debris Slide", "history": null, "event_date": null, "road_distance_m": 9.3158870780144269, "settlement_distance_m": 1322.5762820355346, "amenity_distance_m": 3506.1466971678478, "road_density_500m_km_per_km2": 30.612995992724318, "settlements_within_1km": 0, "amenities_within_1km": 0, "near_road_250m": 1, "near_settlement_1km": 0, "near_amenity_1km": 0 }, "geometry": { "type": "Point", "coordinates": [ 88.665381, 27.201278 ] } },
{ "type": "Feature", "properties": { "record_id": 26266, "landslide_id": "SKM/WS/78A08/2015/366", "state": "Sikkim", "district": "West Sikkim", "location": "Kaluk-Rinchenpong Road", "latitude": 27.20175, "longitude": 88.268194, "movement_type": "Debris Slide", "history": null, "event_date": null, "road_distance_m": 0.63898191249501568, "settlement_distance_m": 4310.1511633430509, "amenity_distance_m": 3008.3898034202075, "road_density_500m_km_per_km2": 30.266780001414251, "settlements_within_1km": 0, "amenities_within_1km": 0, "near_road_250m": 1, "near_settlement_1km": 0, "near_amenity_1km": 0 }, "geometry": { "type": "Point", "coordinates": [ 88.268194, 27.20175 ] } },
{ "type": "Feature", "properties": { "record_id": 26267, "landslide_id": "SKM/ES/78A12/2015/132", "state": "Sikkim", "district": "East Sikkim", "location": "Rhenak Road", "latitude": 27.201875, "longitude": 88.667278, "movement_type": "Debris Slide", "history": null, "event_date": null, "road_distance_m": 29.462265822387121, "settlement_distance_m": 1296.1186476561484, "amenity_distance_m": 3315.0313428900572, "road_density_500m_km_per_km2": 64.649944149643034, "settlements_within_1km": 0, "amenities_within_1km": 0, "near_road_250m": 1, "near_settlement_1km": 0, "near_amenity_1km": 0 }, "geometry": { "type": "Point", "coordinates": [ 88.667278, 27.201875 ] } },
{ "type": "Feature", "properties": { "record_id": 26268, "landslide_id": "SKM/SS/78A08/2015/209", "state": "Sikkim", "district": "South Sikkim", "location": "Kholaghari village Road", "latitude": 27.202417, "longitude": 88.391583, "movement_type": "Debris Slide", "history": null, "event_date": null, "road_distance_m": 4.1390639646535341, "settlement_distance_m": 2999.9833543585491, "amenity_distance_m": 799.03326679993006, "road_density_500m_km_per_km2": 20.182028544637028, "settlements_within_1km": 0, "amenities_within_1km": 1, "near_road_250m": 1, "near_settlement_1km": 0, "near_amenity_1km": 1 }, "geometry": { "type": "Point", "coordinates": [ 88.391583, 27.202417 ] } },
{ "type": "Feature", "properties": { "record_id": 26269, "landslide_id": "SKM/ES/78A12/2015/113", "state": "Sikkim", "district": "East Sikkim", "location": "Rorathang-Rongli Road", "latitude": 27.202433, "longitude": 88.656708, "movement_type": "Rock Topple", "history": null, "event_date": null, "road_distance_m": 1.1335769112987442, "settlement_distance_m": 1368.6494401140128, "amenity_distance_m": 3092.4253470157378, "road_density_500m_km_per_km2": 11.271331538163331, "settlements_within_1km": 0, "amenities_within_1km": 0, "near_road_250m": 1, "near_settlement_1km": 0, "near_amenity_1km": 0 }, "geometry": { "type": "Point", "coordinates": [ 88.656708, 27.202433 ] } },
{ "type": "Feature", "properties": { "record_id": 26270, "landslide_id": "SKM/ES/78A12/2015/34", "state": "Sikkim", "district": "East Sikkim", "location": "Pendam NULL", "latitude": 27.203167, "longitude": 88.588667, "movement_type": "Debris Slide", "history": null, "event_date": null, "road_distance_m": 0.26263478760081155, "settlement_distance_m": 2384.5589329694576, "amenity_distance_m": 2774.1283436362387, "road_density_500m_km_per_km2": 17.138415670355847, "settlements_within_1km": 0, "amenities_within_1km": 0, "near_road_250m": 1, "near_settlement_1km": 0, "near_amenity_1km": 0 }, "geometry": { "type": "Point", "coordinates": [ 88.588667, 27.203167 ] } },
{ "type": "Feature", "properties": { "record_id": 26271, "landslide_id": "SKM/ES/78A12/2015/38", "state": "Sikkim", "district": "East Sikkim", "location": "Pamdambhasmey Rangpo-Rorathang Road", "latitude": 27.203194, "longitude": 88.600278, "movement_type": "Debris Slide", "history": null, "event_date": null, "road_distance_m": 2.5712017102822227, "settlement_distance_m": 1335.8405003062346, "amenity_distance_m": 3017.2119187278859, "road_density_500m_km_per_km2": 28.665432148904262, "settlements_within_1km": 0, "amenities_within_1km": 0, "near_road_250m": 1, "near_settlement_1km": 0, "near_amenity_1km": 0 }, "geometry": { "type": "Point", "coordinates": [ 88.600278, 27.203194 ] } },
{ "type": "Feature", "properties": { "record_id": 26272, "landslide_id": "SKM/ES/78A12/2015/114", "state": "Sikkim", "district": "East Sikkim", "location": "Rorathang-Rongli Road", "latitude": 27.203869, "longitude": 88.658333, "movement_type": "Debris Slide", "history": null, "event_date": null, "road_distance_m": 9.3840363655097843, "settlement_distance_m": 1151.7297229684564, "amenity_distance_m": 3316.7850176706315, "road_density_500m_km_per_km2": 11.271331538163331, "settlements_within_1km": 0, "amenities_within_1km": 0, "near_road_250m": 1, "near_settlement_1km": 0, "near_amenity_1km": 0 }, "geometry": { "type": "Point", "coordinates": [ 88.658333, 27.203869 ] } },
{ "type": "Feature", "properties": { "record_id": 26273, "landslide_id": "SKM/ES/78A12/2015/112", "state": "Sikkim", "district": "East Sikkim", "location": "Rorathang-Rongli Road", "latitude": 27.204556, "longitude": 88.647222, "movement_type": "Debris Slide", "history": null, "event_date": null, "road_distance_m": 3.5973587940224272, "settlement_distance_m": 1786.4471939625375, "amenity_distance_m": 2758.1466984251356, "road_density_500m_km_per_km2": 12.338141634749599, "settlements_within_1km": 0, "amenities_within_1km": 0, "near_road_250m": 1, "near_settlement_1km": 0, "near_amenity_1km": 0 }, "geometry": { "type": "Point", "coordinates": [ 88.647222, 27.204556 ] } },
{ "type": "Feature", "properties": { "record_id": 26274, "landslide_id": "SKM/WS/78A08/2015/349", "state": "Sikkim", "district": "West Sikkim", "location": "legship-Sikkip Road", "latitude": 27.204694, "longitude": 88.32375, "movement_type": "Debris Slide", "history": null, "event_date": null, "road_distance_m": 11.2741307680269, "settlement_distance_m": 2631.6080342001164, "amenity_distance_m": 2217.7586754997133, "road_density_500m_km_per_km2": 32.290921549971578, "settlements_within_1km": 0, "amenities_within_1km": 0, "near_road_250m": 1, "near_settlement_1km": 0, "near_amenity_1km": 0 }, "geometry": { "type": "Point", "coordinates": [ 88.32375, 27.204694 ] } },
{ "type": "Feature", "properties": { "record_id": 26275, "landslide_id": "SKM/ES/78A12/2015/33", "state": "Sikkim", "district": "East Sikkim", "location": "East Pendam NULL", "latitude": 27.205, "longitude": 88.591722, "movement_type": "Rock Fall", "history": null, "event_date": null, "road_distance_m": 2.0266461855551969, "settlement_distance_m": 2176.2096023929553, "amenity_distance_m": 2593.9690883164508, "road_density_500m_km_per_km2": 25.497001952407093, "settlements_within_1km": 0, "amenities_within_1km": 0, "near_road_250m": 1, "near_settlement_1km": 0, "near_amenity_1km": 0 }, "geometry": { "type": "Point", "coordinates": [ 88.591722, 27.205 ] } },
{ "type": "Feature", "properties": { "record_id": 26276, "landslide_id": "SKM/SS/78A08/2015/56", "state": "Sikkim", "district": "South Sikkim", "location": "Phong-Bermiok Road", "latitude": 27.205, "longitude": 88.442122, "movement_type": "Debris Slide", "history": null, "event_date": null, "road_distance_m": 15.4506470004471, "settlement_distance_m": 2640.3041613385772, "amenity_distance_m": 4076.5638477038306, "road_density_500m_km_per_km2": 14.97040876445991, "settlements_within_1km": 0, "amenities_within_1km": 0, "near_road_250m": 1, "near_settlement_1km": 0, "near_amenity_1km": 0 }, "geometry": { "type": "Point", "coordinates": [ 88.442122, 27.205 ] } },
{ "type": "Feature", "properties": { "record_id": 26277, "landslide_id": "SKM/ES/78A12/2015/115", "state": "Sikkim", "district": "East Sikkim", "location": "Rorathang-Rongli Road", "latitude": 27.205047, "longitude": 88.689053, "movement_type": "Debris Slide", "history": null, "event_date": null, "road_distance_m": 205.67776275725001, "settlement_distance_m": 1182.8700644227279, "amenity_distance_m": 1173.1723109075997, "road_density_500m_km_per_km2": 52.41065480903864, "settlements_within_1km": 0, "amenities_within_1km": 0, "near_road_250m": 1, "near_settlement_1km": 0, "near_amenity_1km": 0 }, "geometry": { "type": "Point", "coordinates": [ 88.689053, 27.205047 ] } },
{ "type": "Feature", "properties": { "record_id": 26278, "landslide_id": "SKM/SS/78A08/2015/54", "state": "Sikkim", "district": "South Sikkim", "location": "Phong-Bermiok Road", "latitude": 27.206611, "longitude": 88.442814, "movement_type": "Debris Slide", "history": null, "event_date": null, "road_distance_m": 5.1986982935159105, "settlement_distance_m": 2452.8486094580794, "amenity_distance_m": 3978.562673613189, "road_density_500m_km_per_km2": 13.258170575838722, "settlements_within_1km": 0, "amenities_within_1km": 0, "near_road_250m": 1, "near_settlement_1km": 0, "near_amenity_1km": 0 }, "geometry": { "type": "Point", "coordinates": [ 88.442814, 27.206611 ] } },
{ "type": "Feature", "properties": { "record_id": 26279, "landslide_id": "SKM/ES/78A12/2015/118", "state": "Sikkim", "district": "East Sikkim", "location": "Rorathang-Rongli Road", "latitude": 27.206653, "longitude": 88.679953, "movement_type": "Rock Fall", "history": null, "event_date": null, "road_distance_m": 13.407587065681456, "settlement_distance_m": 1363.5663028947511, "amenity_distance_m": 2092.010485477007, "road_density_500m_km_per_km2": 62.721099414906369, "settlements_within_1km": 0, "amenities_within_1km": 0, "near_road_250m": 1, "near_settlement_1km": 0, "near_amenity_1km": 0 }, "geometry": { "type": "Point", "coordinates": [ 88.679953, 27.206653 ] } },
{ "type": "Feature", "properties": { "record_id": 26280, "landslide_id": "SKM/WS/78A08/2015/348", "state": "Sikkim", "district": "West Sikkim", "location": "legship-Sikkip Road", "latitude": 27.206917, "longitude": 88.323278, "movement_type": "Debris Slide", "history": null, "event_date": null, "road_distance_m": 6.303966629243682, "settlement_distance_m": 2424.8548617691686, "amenity_distance_m": 1999.9081961512668, "road_density_500m_km_per_km2": 37.287613403208759, "settlements_within_1km": 0, "amenities_within_1km": 0, "near_road_250m": 1, "near_settlement_1km": 0, "near_amenity_1km": 0 }, "geometry": { "type": "Point", "coordinates": [ 88.323278, 27.206917 ] } },
{ "type": "Feature", "properties": { "record_id": 26281, "landslide_id": "SKM/SS/78A08/2015/55", "state": "Sikkim", "district": "South Sikkim", "location": "Phong-Bermiok Road", "latitude": 27.207039, "longitude": 88.446667, "movement_type": "Debris Slide", "history": null, "event_date": null, "road_distance_m": 7.5862596982723209, "settlement_distance_m": 2373.6982491766053, "amenity_distance_m": 4196.3998173451655, "road_density_500m_km_per_km2": 15.019482588519439, "settlements_within_1km": 0, "amenities_within_1km": 0, "near_road_250m": 1, "near_settlement_1km": 0, "near_amenity_1km": 0 }, "geometry": { "type": "Point", "coordinates": [ 88.446667, 27.207039 ] } },
{ "type": "Feature", "properties": { "record_id": 26282, "landslide_id": "SKM/ES/78A12/2015/116", "state": "Sikkim", "district": "East Sikkim", "location": "Rorathang-Rongli Road", "latitude": 27.207264, "longitude": 88.672817, "movement_type": "Debris Slide", "history": null, "event_date": null, "road_distance_m": 4.6870792883295005, "settlement_distance_m": 1081.4095043601289, "amenity_distance_m": 2800.0453268741758, "road_density_500m_km_per_km2": 66.854410319633359, "settlements_within_1km": 0, "amenities_within_1km": 0, "near_road_250m": 1, "near_settlement_1km": 0, "near_amenity_1km": 0 }, "geometry": { "type": "Point", "coordinates": [ 88.672817, 27.207264 ] } },
{ "type": "Feature", "properties": { "record_id": 26283, "landslide_id": "SKM/ES/78A12/2015/117", "state": "Sikkim", "district": "East Sikkim", "location": "Rorathang-Rongli Road", "latitude": 27.207606, "longitude": 88.676047, "movement_type": "Rock Fall", "history": null, "event_date": null, "road_distance_m": 20.473397247877223, "settlement_distance_m": 1099.5780363785689, "amenity_distance_m": 2492.0070355151743, "road_density_500m_km_per_km2": 66.854410319633359, "settlements_within_1km": 0, "amenities_within_1km": 0, "near_road_250m": 1, "near_settlement_1km": 0, "near_amenity_1km": 0 }, "geometry": { "type": "Point", "coordinates": [ 88.676047, 27.207606 ] } },
{ "type": "Feature", "properties": { "record_id": 26284, "landslide_id": "SKM/SS/78A08/2015/208", "state": "Sikkim", "district": "South Sikkim", "location": "Kholaghari village Road", "latitude": 27.20825, "longitude": 88.387667, "movement_type": "Earth Slide", "history": null, "event_date": null, "road_distance_m": 5.1698262837558033, "settlement_distance_m": 2353.2094372006668, "amenity_distance_m": 1497.1998661879363, "road_density_500m_km_per_km2": 20.149781457891478, "settlements_within_1km": 0, "amenities_within_1km": 0, "near_road_250m": 1, "near_settlement_1km": 0, "near_amenity_1km": 0 }, "geometry": { "type": "Point", "coordinates": [ 88.387667, 27.20825 ] } },
{ "type": "Feature", "properties": { "record_id": 26285, "landslide_id": "SKM/ES/78A12/2015/35", "state": "Sikkim", "district": "East Sikkim", "location": "Rangpo-Rorathang Road", "latitude": 27.2115, "longitude": 88.58775, "movement_type": "Debris Slide", "history": null, "event_date": null, "road_distance_m": 5.0576129524102402, "settlement_distance_m": 2879.3466717770812, "amenity_distance_m": 1851.1002999075902, "road_density_500m_km_per_km2": 29.248670427967074, "settlements_within_1km": 0, "amenities_within_1km": 0, "near_road_250m": 1, "near_settlement_1km": 0, "near_amenity_1km": 0 }, "geometry": { "type": "Point", "coordinates": [ 88.58775, 27.2115 ] } },
{ "type": "Feature", "properties": { "record_id": 26286, "landslide_id": "SKM/ES/78A12/2015/36", "state": "Sikkim", "district": "East Sikkim", "location": "Rangpo-Rorathang Road", "latitude": 27.212222, "longitude": 88.587889, "movement_type": "Debris Slide", "history": null, "event_date": null, "road_distance_m": 9.3695261972477919, "settlement_distance_m": 2914.6447019429984, "amenity_distance_m": 1770.8224461280254, "road_density_500m_km_per_km2": 29.248670427967074, "settlements_within_1km": 0, "amenities_within_1km": 0, "near_road_250m": 1, "near_settlement_1km": 0, "near_amenity_1km": 0 }, "geometry": { "type": "Point", "coordinates": [ 88.587889, 27.212222 ] } },
{ "type": "Feature", "properties": { "record_id": 26287, "landslide_id": "SKM/SS/78A08/2015/196", "state": "Sikkim", "district": "South Sikkim", "location": "Namchi-Damthang Road", "latitude": 27.212583, "longitude": 88.399333, "movement_type": "Debris Slide", "history": null, "event_date": null, "road_distance_m": 9.2285687480701313, "settlement_distance_m": 2106.6472547168828, "amenity_distance_m": 2071.600904170683, "road_density_500m_km_per_km2": 6.9840861024427809, "settlements_within_1km": 0, "amenities_within_1km": 0, "near_road_250m": 1, "near_settlement_1km": 0, "near_amenity_1km": 0 }, "geometry": { "type": "Point", "coordinates": [ 88.399333, 27.212583 ] } },
{ "type": "Feature", "properties": { "record_id": 26288, "landslide_id": "SKM/SS/78A08/2015/202", "state": "Sikkim", "district": "South Sikkim", "location": "Kholaghari village Road", "latitude": 27.21275, "longitude": 88.391444, "movement_type": "Debris Slide", "history": null, "event_date": null, "road_distance_m": 9.4539434255039794, "settlement_distance_m": 1858.2163773269533, "amenity_distance_m": 1869.2746568411751, "road_density_500m_km_per_km2": 8.9971107297357005, "settlements_within_1km": 0, "amenities_within_1km": 0, "near_road_250m": 1, "near_settlement_1km": 0, "near_amenity_1km": 0 }, "geometry": { "type": "Point", "coordinates": [ 88.391444, 27.21275 ] } },
{ "type": "Feature", "properties": { "record_id": 26289, "landslide_id": "SKM/WS/78A08/2015/347", "state": "Sikkim", "district": "West Sikkim", "location": "legship-Sikkip Road", "latitude": 27.213556, "longitude": 88.321833, "movement_type": "Debris Slide", "history": null, "event_date": null, "road_distance_m": 0.51584055414474805, "settlement_distance_m": 1869.3520274906309, "amenity_distance_m": 1412.557494170479, "road_density_500m_km_per_km2": 16.27565186244108, "settlements_within_1km": 0, "amenities_within_1km": 0, "near_road_250m": 1, "near_settlement_1km": 0, "near_amenity_1km": 0 }, "geometry": { "type": "Point", "coordinates": [ 88.321833, 27.213556 ] } },
{ "type": "Feature", "properties": { "record_id": 26290, "landslide_id": "SKM/ES/78A11/2015/13", "state": "Sikkim", "district": "East Sikkim", "location": null, "latitude": 27.214222, "longitude": 88.608361, "movement_type": "Debris Slide", "history": null, "event_date": null, "road_distance_m": 11.492748997062815, "settlement_distance_m": 1972.2612291762443, "amenity_distance_m": 2525.5840597524998, "road_density_500m_km_per_km2": 43.780671296948235, "settlements_within_1km": 0, "amenities_within_1km": 0, "near_road_250m": 1, "near_settlement_1km": 0, "near_amenity_1km": 0 }, "geometry": { "type": "Point", "coordinates": [ 88.608361, 27.214222 ] } },
{ "type": "Feature", "properties": { "record_id": 26291, "landslide_id": "SKM/SS/78A08/2015/203", "state": "Sikkim", "district": "South Sikkim", "location": "Kholaghari village Road", "latitude": 27.214639, "longitude": 88.392417, "movement_type": "Debris Slide", "history": null, "event_date": null, "road_distance_m": 11.13820120437529, "settlement_distance_m": 1664.4254476453518, "amenity_distance_m": 1667.9697325797224, "road_density_500m_km_per_km2": 6.1833056933516195, "settlements_within_1km": 0, "amenities_within_1km": 0, "near_road_250m": 1, "near_settlement_1km": 0, "near_amenity_1km": 0 }, "geometry": { "type": "Point", "coordinates": [ 88.392417, 27.214639 ] } },
{ "type": "Feature", "properties": { "record_id": 26292, "landslide_id": "SKM/ES/78A12/2015/37", "state": "Sikkim", "district": "East Sikkim", "location": "Rangpo-Rorathang Road", "latitude": 27.214806, "longitude": 88.588083, "movement_type": "Debris Slide", "history": null, "event_date": null, "road_distance_m": 4.1552244176848872, "settlement_distance_m": 3078.0391233855735, "amenity_distance_m": 1484.2817552457695, "road_density_500m_km_per_km2": 31.5386462711737, "settlements_within_1km": 0, "amenities_within_1km": 0, "near_road_250m": 1, "near_settlement_1km": 0, "near_amenity_1km": 0 }, "geometry": { "type": "Point", "coordinates": [ 88.588083, 27.214806 ] } },
{ "type": "Feature", "properties": { "record_id": 26293, "landslide_id": "SKM/SS/78A08/2015/205", "state": "Sikkim", "district": "South Sikkim", "location": "Kholaghari village Road", "latitude": 27.215056, "longitude": 88.393306, "movement_type": "Debris Slide", "history": null, "event_date": null, "road_distance_m": 24.062950876226161, "settlement_distance_m": 1637.1375932322333, "amenity_distance_m": 1634.2578711931894, "road_density_500m_km_per_km2": 6.1833056933516195, "settlements_within_1km": 0, "amenities_within_1km": 0, "near_road_250m": 1, "near_settlement_1km": 0, "near_amenity_1km": 0 }, "geometry": { "type": "Point", "coordinates": [ 88.393306, 27.215056 ] } },
{ "type": "Feature", "properties": { "record_id": 26294, "landslide_id": "SKM/SS/78A08/2015/195", "state": "Sikkim", "district": "South Sikkim", "location": "Namchi-Damthang Road", "latitude": 27.21525, "longitude": 88.402278, "movement_type": "Debris Slide", "history": null, "event_date": null, "road_distance_m": 11.449354937472039, "settlement_distance_m": 2019.2398145703467, "amenity_distance_m": 1967.4662243575494, "road_density_500m_km_per_km2": 6.9840861024427809, "settlements_within_1km": 0, "amenities_within_1km": 0, "near_road_250m": 1, "near_settlement_1km": 0, "near_amenity_1km": 0 }, "geometry": { "type": "Point", "coordinates": [ 88.402278, 27.21525 ] } },
{ "type": "Feature", "properties": { "record_id": 26295, "landslide_id": "SKM/NS/78A03/2017/85", "state": "Sikkim", "district": "West Sikkim", "location": "SH", "latitude": 27.216361, "longitude": 88.199667, "movement_type": "Debris Slide", "history": null, "event_date": null, "road_distance_m": 1.5435755245914857, "settlement_distance_m": 749.3419287288724, "amenity_distance_m": 4162.1555434901829, "road_density_500m_km_per_km2": 6.1409762929411862, "settlements_within_1km": 1, "amenities_within_1km": 0, "near_road_250m": 1, "near_settlement_1km": 1, "near_amenity_1km": 0 }, "geometry": { "type": "Point", "coordinates": [ 88.199667, 27.216361 ] } },
{ "type": "Feature", "properties": { "record_id": 26296, "landslide_id": "SKM/SS/78A08/2015/204", "state": "Sikkim", "district": "South Sikkim", "location": "Kholaghari village Road", "latitude": 27.216639, "longitude": 88.392361, "movement_type": "Rock Slide", "history": null, "event_date": null, "road_distance_m": 3.153922705274439, "settlement_distance_m": 1445.6978262518639, "amenity_distance_m": 1447.2260010121702, "road_density_500m_km_per_km2": 6.1833056933516195, "settlements_within_1km": 0, "amenities_within_1km": 0, "near_road_250m": 1, "near_settlement_1km": 0, "near_amenity_1km": 0 }, "geometry": { "type": "Point", "coordinates": [ 88.392361, 27.216639 ] } },
{ "type": "Feature", "properties": { "record_id": 26297, "landslide_id": "SKM/WS/78A08/2015/367", "state": "Sikkim", "district": "West Sikkim", "location": "Kaluk-Rinchenpong Road", "latitude": 27.216722, "longitude": 88.274639, "movement_type": "Debris Slide", "history": null, "event_date": null, "road_distance_m": 15.997778533980183, "settlement_distance_m": 2901.7014106047518, "amenity_distance_m": 1416.8090019364608, "road_density_500m_km_per_km2": 26.107166849997832, "settlements_within_1km": 0, "amenities_within_1km": 0, "near_road_250m": 1, "near_settlement_1km": 0, "near_amenity_1km": 0 }, "geometry": { "type": "Point", "coordinates": [ 88.274639, 27.216722 ] } },
{ "type": "Feature", "properties": { "record_id": 26298, "landslide_id": "SKM/NS/78A04/2017/93", "state": "Sikkim", "district": "West Sikkim", "location": "Rishithang SH", "latitude": 27.217278, "longitude": 88.236944, "movement_type": "Debris Slide", "history": null, "event_date": null, "road_distance_m": 5.860644939788255, "settlement_distance_m": 2944.3792382132865, "amenity_distance_m": 3496.8724260574518, "road_density_500m_km_per_km2": 13.062884719315029, "settlements_within_1km": 0, "amenities_within_1km": 0, "near_road_250m": 1, "near_settlement_1km": 0, "near_amenity_1km": 0 }, "geometry": { "type": "Point", "coordinates": [ 88.236944, 27.217278 ] } },
{ "type": "Feature", "properties": { "record_id": 26299, "landslide_id": "SKM/NS/78A04/2017/91", "state": "Sikkim", "district": "West Sikkim", "location": "SH", "latitude": 27.217667, "longitude": 88.233472, "movement_type": "Debris Slide", "history": null, "event_date": null, "road_distance_m": 6.5027345216964108, "settlement_distance_m": 2602.7560674994324, "amenity_distance_m": 3801.5616893830697, "road_density_500m_km_per_km2": 18.860253587368852, "settlements_within_1km": 0, "amenities_within_1km": 0, "near_road_250m": 1, "near_settlement_1km": 0, "near_amenity_1km": 0 }, "geometry": { "type": "Point", "coordinates": [ 88.233472, 27.217667 ] } },
{ "type": "Feature", "properties": { "record_id": 26300, "landslide_id": "SKM/NS/78A04/2017/92", "state": "Sikkim", "district": "West Sikkim", "location": "SH", "latitude": 27.217667, "longitude": 88.234639, "movement_type": "Debris Slide", "history": null, "event_date": null, "road_distance_m": 4.8962462473426038, "settlement_distance_m": 2718.1689140737549, "amenity_distance_m": 3693.1933261261925, "road_density_500m_km_per_km2": 19.947416551003656, "settlements_within_1km": 0, "amenities_within_1km": 0, "near_road_250m": 1, "near_settlement_1km": 0, "near_amenity_1km": 0 }, "geometry": { "type": "Point", "coordinates": [ 88.234639, 27.217667 ] } },
{ "type": "Feature", "properties": { "record_id": 26301, "landslide_id": "SKM/NS/78A04/2017/90", "state": "Sikkim", "district": "West Sikkim", "location": "SH", "latitude": 27.218278, "longitude": 88.232472, "movement_type": "Debris Slide", "history": null, "event_date": null, "road_distance_m": 0.68760111106851085, "settlement_distance_m": 2508.6676967880553, "amenity_distance_m": 3872.6320196051979, "road_density_500m_km_per_km2": 17.325568902306102, "settlements_within_1km": 0, "amenities_within_1km": 0, "near_road_250m": 1, "near_settlement_1km": 0, "near_amenity_1km": 0 }, "geometry": { "type": "Point", "coordinates": [ 88.232472, 27.218278 ] } },
{ "type": "Feature", "properties": { "record_id": 26302, "landslide_id": "SKM/NS/78A04/2017/89", "state": "Sikkim", "district": "West Sikkim", "location": "SH", "latitude": 27.21875, "longitude": 88.233694, "movement_type": "Debris Slide", "history": null, "event_date": null, "road_distance_m": 1.2182143093981836, "settlement_distance_m": 2634.0052136346226, "amenity_distance_m": 3741.2630221417789, "road_density_500m_km_per_km2": 19.947416551003656, "settlements_within_1km": 0, "amenities_within_1km": 0, "near_road_250m": 1, "near_settlement_1km": 0, "near_amenity_1km": 0 }, "geometry": { "type": "Point", "coordinates": [ 88.233694, 27.21875 ] } },
{ "type": "Feature", "properties": { "record_id": 26303, "landslide_id": "SKM/SS/78A08/2015/200", "state": "Sikkim", "district": "South Sikkim", "location": "Kholaghari village Road", "latitude": 27.219444, "longitude": 88.391111, "movement_type": "Debris Slide", "history": null, "event_date": null, "road_distance_m": 10.362413932425845, "settlement_distance_m": 1118.1641471100672, "amenity_distance_m": 1126.9237427206704, "road_density_500m_km_per_km2": 5.6106268106697055, "settlements_within_1km": 0, "amenities_within_1km": 0, "near_road_250m": 1, "near_settlement_1km": 0, "near_amenity_1km": 0 }, "geometry": { "type": "Point", "coordinates": [ 88.391111, 27.219444 ] } },
{ "type": "Feature", "properties": { "record_id": 26304, "landslide_id": "SKM/NS/78A04/2017/88", "state": "Sikkim", "district": "West Sikkim", "location": "SH", "latitude": 27.219444, "longitude": 88.234361, "movement_type": "Rock Slide", "history": null, "event_date": null, "road_distance_m": 0.11768476388152967, "settlement_distance_m": 2708.3318312543643, "amenity_distance_m": 3654.6527005835583, "road_density_500m_km_per_km2": 15.753233416766699, "settlements_within_1km": 0, "amenities_within_1km": 0, "near_road_250m": 1, "near_settlement_1km": 0, "near_amenity_1km": 0 }, "geometry": { "type": "Point", "coordinates": [ 88.234361, 27.219444 ] } },
{ "type": "Feature", "properties": { "record_id": 26305, "landslide_id": "SKM/NS/78A03/2017/80", "state": "Sikkim", "district": "West Sikkim", "location": "SH", "latitude": 27.2195, "longitude": 88.210222, "movement_type": "Debris Slide", "history": null, "event_date": null, "road_distance_m": 2.7956535668866254, "settlement_distance_m": 456.1698232255689, "amenity_distance_m": 4649.9327295619187, "road_density_500m_km_per_km2": 18.517025629063316, "settlements_within_1km": 1, "amenities_within_1km": 0, "near_road_250m": 1, "near_settlement_1km": 1, "near_amenity_1km": 0 }, "geometry": { "type": "Point", "coordinates": [ 88.210222, 27.2195 ] } },
{ "type": "Feature", "properties": { "record_id": 26306, "landslide_id": "SKM/WS/78A08/2015/369", "state": "Sikkim", "district": "West Sikkim", "location": "Sangadorji-Bum Road", "latitude": 27.219917, "longitude": 88.276306, "movement_type": "Debris Slide", "history": null, "event_date": null, "road_distance_m": 6.2580030462376435, "settlement_distance_m": 2584.3143949677465, "amenity_distance_m": 1164.8497289254803, "road_density_500m_km_per_km2": 25.286139290001881, "settlements_within_1km": 0, "amenities_within_1km": 0, "near_road_250m": 1, "near_settlement_1km": 0, "near_amenity_1km": 0 }, "geometry": { "type": "Point", "coordinates": [ 88.276306, 27.219917 ] } },
{ "type": "Feature", "properties": { "record_id": 26307, "landslide_id": "SKM/WS/78A08/2015/370", "state": "Sikkim", "district": "West Sikkim", "location": "Sangadorji-Bum Road", "latitude": 27.220306, "longitude": 88.261861, "movement_type": "Debris Slide", "history": null, "event_date": null, "road_distance_m": 273.64484518884899, "settlement_distance_m": 2614.4146080993701, "amenity_distance_m": 1250.1572976650586, "road_density_500m_km_per_km2": 2.2141699001851598, "settlements_within_1km": 0, "amenities_within_1km": 0, "near_road_250m": 0, "near_settlement_1km": 0, "near_amenity_1km": 0 }, "geometry": { "type": "Point", "coordinates": [ 88.261861, 27.220306 ] } },
{ "type": "Feature", "properties": { "record_id": 26308, "landslide_id": "SKM/WS/78A08/2015/373", "state": "Sikkim", "district": "West Sikkim", "location": "Sangadorji-Bum Road", "latitude": 27.220472, "longitude": 88.281028, "movement_type": "Debris Slide", "history": null, "event_date": null, "road_distance_m": 0.050391153328968062, "settlement_distance_m": 2421.2601789281307, "amenity_distance_m": 1425.4896660142333, "road_density_500m_km_per_km2": 26.578785794759071, "settlements_within_1km": 0, "amenities_within_1km": 0, "near_road_250m": 1, "near_settlement_1km": 0, "near_amenity_1km": 0 }, "geometry": { "type": "Point", "coordinates": [ 88.281028, 27.220472 ] } },
{ "type": "Feature", "properties": { "record_id": 26309, "landslide_id": "SKM/ES/78A12/2015/131", "state": "Sikkim", "district": "East Sikkim", "location": "Rhenak-Kopchey Road", "latitude": 27.22075, "longitude": 88.699833, "movement_type": "Debris Slide", "history": null, "event_date": null, "road_distance_m": 348.45679724945791, "settlement_distance_m": 1911.8688722384231, "amenity_distance_m": 1949.5703745241253, "road_density_500m_km_per_km2": 9.5636981308993469, "settlements_within_1km": 0, "amenities_within_1km": 0, "near_road_250m": 0, "near_settlement_1km": 0, "near_amenity_1km": 0 }, "geometry": { "type": "Point", "coordinates": [ 88.699833, 27.22075 ] } },
{ "type": "Feature", "properties": { "record_id": 26310, "landslide_id": "SKM/WS/78A08/2015/371", "state": "Sikkim", "district": "West Sikkim", "location": "Sangadorji-Bum Road", "latitude": 27.220778, "longitude": 88.279917, "movement_type": "Debris Slide", "history": null, "event_date": null, "road_distance_m": 9.9831831269744828, "settlement_distance_m": 2529.1859975461089, "amenity_distance_m": 1320.7114687213248, "road_density_500m_km_per_km2": 24.505970172667997, "settlements_within_1km": 0, "amenities_within_1km": 0, "near_road_250m": 1, "near_settlement_1km": 0, "near_amenity_1km": 0 }, "geometry": { "type": "Point", "coordinates": [ 88.279917, 27.220778 ] } },
{ "type": "Feature", "properties": { "record_id": 26311, "landslide_id": "SKM/NS/78A04/2017/87", "state": "Sikkim", "district": "West Sikkim", "location": "Rishi SH", "latitude": 27.220806, "longitude": 88.237361, "movement_type": "Rock Slide", "history": null, "event_date": null, "road_distance_m": 3.1223061608528071, "settlement_distance_m": 3024.1512693978052, "amenity_distance_m": 3326.2396386352093, "road_density_500m_km_per_km2": 12.5313892761154, "settlements_within_1km": 0, "amenities_within_1km": 0, "near_road_250m": 1, "near_settlement_1km": 0, "near_amenity_1km": 0 }, "geometry": { "type": "Point", "coordinates": [ 88.237361, 27.220806 ] } },
{ "type": "Feature", "properties": { "record_id": 26312, "landslide_id": "SKM/ES/78A11/2015/14", "state": "Sikkim", "district": "East Sikkim", "location": null, "latitude": 27.220861, "longitude": 88.657111, "movement_type": "Debris Slide", "history": null, "event_date": null, "road_distance_m": 9.3005295235406287, "settlement_distance_m": 837.07371663610479, "amenity_distance_m": 4742.7075178116165, "road_density_500m_km_per_km2": 37.166172001397626, "settlements_within_1km": 1, "amenities_within_1km": 0, "near_road_250m": 1, "near_settlement_1km": 1, "near_amenity_1km": 0 }, "geometry": { "type": "Point", "coordinates": [ 88.657111, 27.220861 ] } },
{ "type": "Feature", "properties": { "record_id": 26313, "landslide_id": "SKM/ES/78A12/2015/27", "state": "Sikkim", "district": "East Sikkim", "location": "Mamring NULL", "latitude": 27.220889, "longitude": 88.652278, "movement_type": "Debris Slide", "history": null, "event_date": null, "road_distance_m": 0.8640236578939573, "settlement_distance_m": 1301.5181896188317, "amenity_distance_m": 4603.4868328768243, "road_density_500m_km_per_km2": 37.166172001397626, "settlements_within_1km": 0, "amenities_within_1km": 0, "near_road_250m": 1, "near_settlement_1km": 0, "near_amenity_1km": 0 }, "geometry": { "type": "Point", "coordinates": [ 88.652278, 27.220889 ] } },
{ "type": "Feature", "properties": { "record_id": 26314, "landslide_id": "SKM/SS/78A08/2015/199", "state": "Sikkim", "district": "South Sikkim", "location": "Kholaghari village Road", "latitude": 27.220917, "longitude": 88.385083, "movement_type": "Debris Slide", "history": null, "event_date": null, "road_distance_m": 15.326803525462964, "settlement_distance_m": 1038.2931793521145, "amenity_distance_m": 1105.9620053558529, "road_density_500m_km_per_km2": 6.6644832649805075, "settlements_within_1km": 0, "amenities_within_1km": 0, "near_road_250m": 1, "near_settlement_1km": 0, "near_amenity_1km": 0 }, "geometry": { "type": "Point", "coordinates": [ 88.385083, 27.220917 ] } },
{ "type": "Feature", "properties": { "record_id": 26315, "landslide_id": "SKM/SS/78A08/2015/194", "state": "Sikkim", "district": "South Sikkim", "location": "Namchi-Damthang Road", "latitude": 27.220972, "longitude": 88.397639, "movement_type": "Debris Slide", "history": null, "event_date": null, "road_distance_m": 14.737603276384379, "settlement_distance_m": 1238.0391605328145, "amenity_distance_m": 1184.5317326593295, "road_density_500m_km_per_km2": 7.5032634704661199, "settlements_within_1km": 0, "amenities_within_1km": 0, "near_road_250m": 1, "near_settlement_1km": 0, "near_amenity_1km": 0 }, "geometry": { "type": "Point", "coordinates": [ 88.397639, 27.220972 ] } },
{ "type": "Feature", "properties": { "record_id": 26316, "landslide_id": "SKM/SS/78A08/2015/189", "state": "Sikkim", "district": "South Sikkim", "location": "Temi village Road", "latitude": 27.221444, "longitude": 88.376167, "movement_type": "Debris Slide", "history": null, "event_date": null, "road_distance_m": 20.508411219835544, "settlement_distance_m": 1586.8761930155927, "amenity_distance_m": 1371.0609838288701, "road_density_500m_km_per_km2": 10.370752790263188, "settlements_within_1km": 0, "amenities_within_1km": 0, "near_road_250m": 1, "near_settlement_1km": 0, "near_amenity_1km": 0 }, "geometry": { "type": "Point", "coordinates": [ 88.376167, 27.221444 ] } },
{ "type": "Feature", "properties": { "record_id": 26317, "landslide_id": "SKM/SS/78A08/2015/188", "state": "Sikkim", "district": "South Sikkim", "location": "Temi village Road", "latitude": 27.2215, "longitude": 88.370667, "movement_type": "Debris Slide", "history": null, "event_date": null, "road_distance_m": 3.7074534605199583, "settlement_distance_m": 2058.919100821051, "amenity_distance_m": 1684.2655193892863, "road_density_500m_km_per_km2": 12.473111879058765, "settlements_within_1km": 0, "amenities_within_1km": 0, "near_road_250m": 1, "near_settlement_1km": 0, "near_amenity_1km": 0 }, "geometry": { "type": "Point", "coordinates": [ 88.370667, 27.2215 ] } },
{ "type": "Feature", "properties": { "record_id": 26318, "landslide_id": "SKM/SS/78A08/2015/201", "state": "Sikkim", "district": "South Sikkim", "location": "Kholaghari village Road", "latitude": 27.221778, "longitude": 88.390861, "movement_type": "Debris Slide", "history": null, "event_date": null, "road_distance_m": 11.670069250134318, "settlement_distance_m": 858.83230575650271, "amenity_distance_m": 867.56602093527931, "road_density_500m_km_per_km2": 7.4053115395130398, "settlements_within_1km": 1, "amenities_within_1km": 1, "near_road_250m": 1, "near_settlement_1km": 1, "near_amenity_1km": 1 }, "geometry": { "type": "Point", "coordinates": [ 88.390861, 27.221778 ] } },
{ "type": "Feature", "properties": { "record_id": 26319, "landslide_id": "SKM/WS/78A08/2015/372", "state": "Sikkim", "district": "West Sikkim", "location": "Sangadorji-Bum Road", "latitude": 27.222917, "longitude": 88.281972, "movement_type": "Debris Slide", "history": null, "event_date": null, "road_distance_m": 1.0149984189215475, "settlement_distance_m": 2325.3917245706643, "amenity_distance_m": 1346.6482915403235, "road_density_500m_km_per_km2": 26.220910472631871, "settlements_within_1km": 0, "amenities_within_1km": 0, "near_road_250m": 1, "near_settlement_1km": 0, "near_amenity_1km": 0 }, "geometry": { "type": "Point", "coordinates": [ 88.281972, 27.222917 ] } },
{ "type": "Feature", "properties": { "record_id": 26320, "landslide_id": "SKM/SS/78A12/2015/147", "state": "Sikkim", "district": "South Sikkim", "location": "NH-31A", "latitude": 27.223833, "longitude": 88.491833, "movement_type": "Debris Slide", "history": null, "event_date": null, "road_distance_m": 3.2714858670668128, "settlement_distance_m": 662.18351397392473, "amenity_distance_m": 559.22444654395395, "road_density_500m_km_per_km2": 30.050926115899365, "settlements_within_1km": 1, "amenities_within_1km": 8, "near_road_250m": 1, "near_settlement_1km": 1, "near_amenity_1km": 1 }, "geometry": { "type": "Point", "coordinates": [ 88.491833, 27.223833 ] } },
{ "type": "Feature", "properties": { "record_id": 26321, "landslide_id": "SKM/SS/78A08/2015/187", "state": "Sikkim", "district": "South Sikkim", "location": "Temi village Road", "latitude": 27.224778, "longitude": 88.372083, "movement_type": "Debris Slide", "history": null, "event_date": null, "road_distance_m": 29.110920351856294, "settlement_distance_m": 1797.2949618884575, "amenity_distance_m": 1333.379963426614, "road_density_500m_km_per_km2": 11.714607666690025, "settlements_within_1km": 0, "amenities_within_1km": 0, "near_road_250m": 1, "near_settlement_1km": 0, "near_amenity_1km": 0 }, "geometry": { "type": "Point", "coordinates": [ 88.372083, 27.224778 ] } },
{ "type": "Feature", "properties": { "record_id": 26322, "landslide_id": "SKM/SS/78A08/2015/186", "state": "Sikkim", "district": "South Sikkim", "location": "Temi village Road", "latitude": 27.225083, "longitude": 88.373333, "movement_type": "Debris Slide", "history": null, "event_date": null, "road_distance_m": 10.223663907042052, "settlement_distance_m": 1669.0080124791016, "amenity_distance_m": 1217.806964531851, "road_density_500m_km_per_km2": 10.508819466059435, "settlements_within_1km": 0, "amenities_within_1km": 0, "near_road_250m": 1, "near_settlement_1km": 0, "near_amenity_1km": 0 }, "geometry": { "type": "Point", "coordinates": [ 88.373333, 27.225083 ] } },
{ "type": "Feature", "properties": { "record_id": 26323, "landslide_id": "SKM/NS/78A04/2017/86", "state": "Sikkim", "district": "West Sikkim", "location": "SH", "latitude": 27.225556, "longitude": 88.240333, "movement_type": "Debris Slide", "history": null, "event_date": null, "road_distance_m": 9.7285842819746389, "settlement_distance_m": 3432.5987585727539, "amenity_distance_m": 2923.4618478232583, "road_density_500m_km_per_km2": 17.037506686109182, "settlements_within_1km": 0, "amenities_within_1km": 0, "near_road_250m": 1, "near_settlement_1km": 0, "near_amenity_1km": 0 }, "geometry": { "type": "Point", "coordinates": [ 88.240333, 27.225556 ] } },
{ "type": "Feature", "properties": { "record_id": 26324, "landslide_id": "SKM/SS/78A12/2015/148", "state": "Sikkim", "district": "South Sikkim", "location": "NH-31A", "latitude": 27.22575, "longitude": 88.49325, "movement_type": "Rock Slide", "history": null, "event_date": null, "road_distance_m": 2.7749354416916567, "settlement_distance_m": 789.49707286046942, "amenity_distance_m": 309.42738558415908, "road_density_500m_km_per_km2": 30.871851391076198, "settlements_within_1km": 2, "amenities_within_1km": 16, "near_road_250m": 1, "near_settlement_1km": 1, "near_amenity_1km": 1 }, "geometry": { "type": "Point", "coordinates": [ 88.49325, 27.22575 ] } },
{ "type": "Feature", "properties": { "record_id": 26325, "landslide_id": "SKM/WS/78A08/2015/392", "state": "Sikkim", "district": "West Sikkim", "location": "Tinktitam village Road", "latitude": 27.226556, "longitude": 88.308861, "movement_type": "Debris Slide", "history": null, "event_date": null, "road_distance_m": 8.8487963302210382, "settlement_distance_m": 618.7216339978487, "amenity_distance_m": 697.99680599993428, "road_density_500m_km_per_km2": 26.197218529954114, "settlements_within_1km": 1, "amenities_within_1km": 1, "near_road_250m": 1, "near_settlement_1km": 1, "near_amenity_1km": 1 }, "geometry": { "type": "Point", "coordinates": [ 88.308861, 27.226556 ] } },
{ "type": "Feature", "properties": { "record_id": 26326, "landslide_id": "SKM/NS/78A03/2017/79", "state": "Sikkim", "district": "West Sikkim", "location": "SH", "latitude": 27.2275, "longitude": 88.220278, "movement_type": "Debris Slide", "history": null, "event_date": null, "road_distance_m": 5.3391124112307704, "settlement_distance_m": 1786.1174511810912, "amenity_distance_m": 4882.6069860182333, "road_density_500m_km_per_km2": 17.087299500857974, "settlements_within_1km": 0, "amenities_within_1km": 0, "near_road_250m": 1, "near_settlement_1km": 0, "near_amenity_1km": 0 }, "geometry": { "type": "Point", "coordinates": [ 88.220278, 27.2275 ] } },
{ "type": "Feature", "properties": { "record_id": 26327, "landslide_id": "SKM/NS/78A04/2017/94", "state": "Sikkim", "district": "West Sikkim", "location": "SH", "latitude": 27.227528, "longitude": 88.219639, "movement_type": "Debris Slide", "history": null, "event_date": null, "road_distance_m": 4.3071627986865808, "settlement_distance_m": 1743.0887788718778, "amenity_distance_m": 4945.6954220624493, "road_density_500m_km_per_km2": 17.087299500857974, "settlements_within_1km": 0, "amenities_within_1km": 0, "near_road_250m": 1, "near_settlement_1km": 0, "near_amenity_1km": 0 }, "geometry": { "type": "Point", "coordinates": [ 88.219639, 27.227528 ] } },
{ "type": "Feature", "properties": { "record_id": 26328, "landslide_id": "SKM/SS/78A12/2015/149", "state": "Sikkim", "district": "South Sikkim", "location": "Singtam-Dikchu Road", "latitude": 27.228556, "longitude": 88.493889, "movement_type": "Debris Slide", "history": null, "event_date": null, "road_distance_m": 2.672622153502803, "settlement_distance_m": 495.49865619872958, "amenity_distance_m": 179.0876072854345, "road_density_500m_km_per_km2": 37.692676390348254, "settlements_within_1km": 1, "amenities_within_1km": 17, "near_road_250m": 1, "near_settlement_1km": 1, "near_amenity_1km": 1 }, "geometry": { "type": "Point", "coordinates": [ 88.493889, 27.228556 ] } },
{ "type": "Feature", "properties": { "record_id": 26329, "landslide_id": "SKM/SS/78A08/2015/185", "state": "Sikkim", "district": "South Sikkim", "location": "Temi village Road", "latitude": 27.229417, "longitude": 88.378444, "movement_type": "Debris Slide", "history": null, "event_date": null, "road_distance_m": 5.9546844106372507, "settlement_distance_m": 1091.8332779352827, "amenity_distance_m": 520.46383409976738, "road_density_500m_km_per_km2": 6.8443291696742881, "settlements_within_1km": 0, "amenities_within_1km": 1, "near_road_250m": 1, "near_settlement_1km": 0, "near_amenity_1km": 1 }, "geometry": { "type": "Point", "coordinates": [ 88.378444, 27.229417 ] } },
{ "type": "Feature", "properties": { "record_id": 26330, "landslide_id": "SKM/ES/78A12/2015/28", "state": "Sikkim", "district": "East Sikkim", "location": "Taza NULL", "latitude": 27.22975, "longitude": 88.619361, "movement_type": "Earth Slide", "history": null, "event_date": null, "road_distance_m": 2.1139229828907555, "settlement_distance_m": 2140.4934125767209, "amenity_distance_m": 2345.3562628590848, "road_density_500m_km_per_km2": 11.275652586632903, "settlements_within_1km": 0, "amenities_within_1km": 0, "near_road_250m": 1, "near_settlement_1km": 0, "near_amenity_1km": 0 }, "geometry": { "type": "Point", "coordinates": [ 88.619361, 27.22975 ] } },
{ "type": "Feature", "properties": { "record_id": 26331, "landslide_id": "SKM/WS/78A08/2015/391", "state": "Sikkim", "district": "West Sikkim", "location": "Tinktitam village Road", "latitude": 27.230583, "longitude": 88.306056, "movement_type": "Debris Slide", "history": null, "event_date": null, "road_distance_m": 10.241488062314225, "settlement_distance_m": 964.80709632262085, "amenity_distance_m": 1166.6768015736754, "road_density_500m_km_per_km2": 26.310998924958987, "settlements_within_1km": 1, "amenities_within_1km": 0, "near_road_250m": 1, "near_settlement_1km": 1, "near_amenity_1km": 0 }, "geometry": { "type": "Point", "coordinates": [ 88.306056, 27.230583 ] } },
{ "type": "Feature", "properties": { "record_id": 26332, "landslide_id": "SKM/SS/78A08/2015/184", "state": "Sikkim", "district": "South Sikkim", "location": "Chemchey Temi village Road", "latitude": 27.232639, "longitude": 88.378417, "movement_type": "Debris Slide", "history": null, "event_date": null, "road_distance_m": 124.51738595244794, "settlement_distance_m": 1150.8048211395255, "amenity_distance_m": 397.46604369348643, "road_density_500m_km_per_km2": 35.428620322143786, "settlements_within_1km": 0, "amenities_within_1km": 1, "near_road_250m": 1, "near_settlement_1km": 0, "near_amenity_1km": 1 }, "geometry": { "type": "Point", "coordinates": [ 88.378417, 27.232639 ] } },
{ "type": "Feature", "properties": { "record_id": 26333, "landslide_id": "SKM/NS/78A04/2017/68", "state": "Sikkim", "district": "West Sikkim", "location": "SH", "latitude": 27.233194, "longitude": 88.246361, "movement_type": "Debris Slide", "history": null, "event_date": null, "road_distance_m": 3.7357678311859281, "settlement_distance_m": 2599.7860436897672, "amenity_distance_m": 2332.5428087330429, "road_density_500m_km_per_km2": 39.494035998872604, "settlements_within_1km": 0, "amenities_within_1km": 0, "near_road_250m": 1, "near_settlement_1km": 0, "near_amenity_1km": 0 }, "geometry": { "type": "Point", "coordinates": [ 88.246361, 27.233194 ] } },
{ "type": "Feature", "properties": { "record_id": 26334, "landslide_id": "SKM/ES/78A12/2015/22", "state": "Sikkim", "district": "East Sikkim", "location": "NH-31A", "latitude": 27.233389, "longitude": 88.5015, "movement_type": "Debris Slide", "history": null, "event_date": null, "road_distance_m": 4.9672517911092564, "settlement_distance_m": 463.71586206798685, "amenity_distance_m": 41.058218181684417, "road_density_500m_km_per_km2": 35.335322430113514, "settlements_within_1km": 1, "amenities_within_1km": 17, "near_road_250m": 1, "near_settlement_1km": 1, "near_amenity_1km": 1 }, "geometry": { "type": "Point", "coordinates": [ 88.5015, 27.233389 ] } },
{ "type": "Feature", "properties": { "record_id": 26335, "landslide_id": "SKM/ES/78A12/2015/120", "state": "Sikkim", "district": "East Sikkim", "location": "Machong-Rongli Road", "latitude": 27.233417, "longitude": 88.634806, "movement_type": "Debris Slide", "history": null, "event_date": null, "road_distance_m": 9.4764906301265004, "settlement_distance_m": 1905.7379561541788, "amenity_distance_m": 3580.4859185410742, "road_density_500m_km_per_km2": 17.815651863908009, "settlements_within_1km": 0, "amenities_within_1km": 0, "near_road_250m": 1, "near_settlement_1km": 0, "near_amenity_1km": 0 }, "geometry": { "type": "Point", "coordinates": [ 88.634806, 27.233417 ] } },
{ "type": "Feature", "properties": { "record_id": 26336, "landslide_id": "SKM/SS/78A08/2015/235", "state": "Sikkim", "district": "South Sikkim", "location": "Tinktam-Rheyong Road", "latitude": 27.233667, "longitude": 88.348389, "movement_type": "Debris Slide", "history": null, "event_date": null, "road_distance_m": 7.045289289002409, "settlement_distance_m": 4095.2611374486532, "amenity_distance_m": 3373.3751043446232, "road_density_500m_km_per_km2": 22.934781905637472, "settlements_within_1km": 0, "amenities_within_1km": 0, "near_road_250m": 1, "near_settlement_1km": 0, "near_amenity_1km": 0 }, "geometry": { "type": "Point", "coordinates": [ 88.348389, 27.233667 ] } },
{ "type": "Feature", "properties": { "record_id": 26337, "landslide_id": "SKM/ES/78A12/2015/29", "state": "Sikkim", "district": "East Sikkim", "location": null, "latitude": 27.235694, "longitude": 88.6025, "movement_type": "Debris Slide", "history": null, "event_date": null, "road_distance_m": 8.4422726045107606, "settlement_distance_m": 962.49832525369175, "amenity_distance_m": 724.09384959093552, "road_density_500m_km_per_km2": 16.066943324933781, "settlements_within_1km": 1, "amenities_within_1km": 2, "near_road_250m": 1, "near_settlement_1km": 1, "near_amenity_1km": 1 }, "geometry": { "type": "Point", "coordinates": [ 88.6025, 27.235694 ] } },
{ "type": "Feature", "properties": { "record_id": 26338, "landslide_id": "SKM/ES/78A12/2015/30", "state": "Sikkim", "district": "East Sikkim", "location": null, "latitude": 27.23575, "longitude": 88.602389, "movement_type": "Debris Slide", "history": null, "event_date": null, "road_distance_m": 9.6806018605422111, "settlement_distance_m": 952.34744962951265, "amenity_distance_m": 714.4195511934505, "road_density_500m_km_per_km2": 16.078618988760315, "settlements_within_1km": 1, "amenities_within_1km": 2, "near_road_250m": 1, "near_settlement_1km": 1, "near_amenity_1km": 1 }, "geometry": { "type": "Point", "coordinates": [ 88.602389, 27.23575 ] } },
{ "type": "Feature", "properties": { "record_id": 26339, "landslide_id": "SKM/SS/78A12/2015/150", "state": "Sikkim", "district": "South Sikkim", "location": "Singtam-Dikchu Road", "latitude": 27.23575, "longitude": 88.506472, "movement_type": "Debris Slide", "history": null, "event_date": null, "road_distance_m": 11.038662406252815, "settlement_distance_m": 1018.4636779880145, "amenity_distance_m": 553.67962029286582, "road_density_500m_km_per_km2": 9.3518593733720099, "settlements_within_1km": 0, "amenities_within_1km": 5, "near_road_250m": 1, "near_settlement_1km": 0, "near_amenity_1km": 1 }, "geometry": { "type": "Point", "coordinates": [ 88.506472, 27.23575 ] } },
{ "type": "Feature", "properties": { "record_id": 26340, "landslide_id": "SKM/SS/78A12/2015/151", "state": "Sikkim", "district": "South Sikkim", "location": "Singtam-Dikchu Road", "latitude": 27.23575, "longitude": 88.507972, "movement_type": "Debris Slide", "history": null, "event_date": null, "road_distance_m": 46.121075523722034, "settlement_distance_m": 1155.6692380461957, "amenity_distance_m": 683.98726211406949, "road_density_500m_km_per_km2": 9.3518593733720099, "settlements_within_1km": 0, "amenities_within_1km": 3, "near_road_250m": 1, "near_settlement_1km": 0, "near_amenity_1km": 1 }, "geometry": { "type": "Point", "coordinates": [ 88.507972, 27.23575 ] } },
{ "type": "Feature", "properties": { "record_id": 26341, "landslide_id": "SKM/ES/78A12/2015/21", "state": "Sikkim", "district": "East Sikkim", "location": "NH-31A", "latitude": 27.235778, "longitude": 88.506306, "movement_type": "Debris Slide", "history": null, "event_date": null, "road_distance_m": 0.20044006722967947, "settlement_distance_m": 1004.7673784215223, "amenity_distance_m": 541.53988110734622, "road_density_500m_km_per_km2": 9.3518593733720099, "settlements_within_1km": 0, "amenities_within_1km": 5, "near_road_250m": 1, "near_settlement_1km": 0, "near_amenity_1km": 1 }, "geometry": { "type": "Point", "coordinates": [ 88.506306, 27.235778 ] } },
{ "type": "Feature", "properties": { "record_id": 26342, "landslide_id": "SKM/SS/78A08/2015/360", "state": "Sikkim", "district": "South Sikkim", "location": null, "latitude": 27.235861, "longitude": 88.433167, "movement_type": "Debris Slide", "history": null, "event_date": null, "road_distance_m": 6.8431705742120306, "settlement_distance_m": 1151.0718001938114, "amenity_distance_m": 834.88955067925042, "road_density_500m_km_per_km2": 32.898977632894493, "settlements_within_1km": 0, "amenities_within_1km": 1, "near_road_250m": 1, "near_settlement_1km": 0, "near_amenity_1km": 1 }, "geometry": { "type": "Point", "coordinates": [ 88.433167, 27.235861 ] } },
{ "type": "Feature", "properties": { "record_id": 26343, "landslide_id": "SKM/ES/78A12/2015/121", "state": "Sikkim", "district": "East Sikkim", "location": "Machong-Rongli Road", "latitude": 27.235917, "longitude": 88.645167, "movement_type": "Rock Fall", "history": null, "event_date": null, "road_distance_m": 4.0110174890138541, "settlement_distance_m": 950.37320743117948, "amenity_distance_m": 4531.1428760644649, "road_density_500m_km_per_km2": 13.253826213511294, "settlements_within_1km": 1, "amenities_within_1km": 0, "near_road_250m": 1, "near_settlement_1km": 1, "near_amenity_1km": 0 }, "geometry": { "type": "Point", "coordinates": [ 88.645167, 27.235917 ] } },
{ "type": "Feature", "properties": { "record_id": 26344, "landslide_id": "SKM/ES/78A12/2015/152", "state": "Sikkim", "district": "East Sikkim", "location": "NH-31A", "latitude": 27.236361, "longitude": 88.50875, "movement_type": "Debris Slide", "history": null, "event_date": null, "road_distance_m": 3.2979835238211401, "settlement_distance_m": 1252.4128029765614, "amenity_distance_m": 783.1922982799183, "road_density_500m_km_per_km2": 9.3518593733720099, "settlements_within_1km": 0, "amenities_within_1km": 1, "near_road_250m": 1, "near_settlement_1km": 0, "near_amenity_1km": 1 }, "geometry": { "type": "Point", "coordinates": [ 88.50875, 27.236361 ] } },
{ "type": "Feature", "properties": { "record_id": 26345, "landslide_id": "SKM/ES/78A12/2015/20", "state": "Sikkim", "district": "East Sikkim", "location": "NH-31A", "latitude": 27.236583, "longitude": 88.509611, "movement_type": "Debris Slide", "history": null, "event_date": null, "road_distance_m": 13.290253948800526, "settlement_distance_m": 1340.6062367300963, "amenity_distance_m": 870.33699840745805, "road_density_500m_km_per_km2": 9.3518593733720099, "settlements_within_1km": 0, "amenities_within_1km": 1, "near_road_250m": 1, "near_settlement_1km": 0, "near_amenity_1km": 1 }, "geometry": { "type": "Point", "coordinates": [ 88.509611, 27.236583 ] } },
{ "type": "Feature", "properties": { "record_id": 26346, "landslide_id": "SKM/NS/78A04/2017/69", "state": "Sikkim", "district": "West Sikkim", "location": "SH", "latitude": 27.236889, "longitude": 88.235917, "movement_type": "Rock Slide", "history": null, "event_date": null, "road_distance_m": 4.9702929373916902, "settlement_distance_m": 3473.0154199961107, "amenity_distance_m": 3430.2450341341009, "road_density_500m_km_per_km2": 41.544351444774939, "settlements_within_1km": 0, "amenities_within_1km": 0, "near_road_250m": 1, "near_settlement_1km": 0, "near_amenity_1km": 0 }, "geometry": { "type": "Point", "coordinates": [ 88.235917, 27.236889 ] } },
{ "type": "Feature", "properties": { "record_id": 26347, "landslide_id": "SKM/ES/78A12/2015/32", "state": "Sikkim", "district": "East Sikkim", "location": null, "latitude": 27.237694, "longitude": 88.598806, "movement_type": "Debris Slide", "history": null, "event_date": null, "road_distance_m": 4.6917751033699577, "settlement_distance_m": 656.25928395017354, "amenity_distance_m": 467.3094674606204, "road_density_500m_km_per_km2": 16.406114365510817, "settlements_within_1km": 1, "amenities_within_1km": 2, "near_road_250m": 1, "near_settlement_1km": 1, "near_amenity_1km": 1 }, "geometry": { "type": "Point", "coordinates": [ 88.598806, 27.237694 ] } },
{ "type": "Feature", "properties": { "record_id": 26348, "landslide_id": "SKM/EAS/78A12/2014/002", "state": "Sikkim", "district": "East Sikkim", "location": "6 km from Martam 0.5 km before Sikkim Supreme", "latitude": 27.23772, "longitude": 88.51384, "movement_type": "Debris Slide", "history": "26 August 2014", "event_date": "2014-08-26T00:00:00", "road_distance_m": 2.7788808659743829, "settlement_distance_m": 1776.4216557854181, "amenity_distance_m": 1303.5349166148051, "road_density_500m_km_per_km2": 10.529618110476237, "settlements_within_1km": 0, "amenities_within_1km": 0, "near_road_250m": 1, "near_settlement_1km": 0, "near_amenity_1km": 0 }, "geometry": { "type": "Point", "coordinates": [ 88.51384, 27.23772 ] } },
{ "type": "Feature", "properties": { "record_id": 26349, "landslide_id": "SKM/SS/78A08/2015/236", "state": "Sikkim", "district": "South Sikkim", "location": "Tinktam-Rheyong Road", "latitude": 27.237889, "longitude": 88.346444, "movement_type": "Debris Slide", "history": null, "event_date": null, "road_distance_m": 21.658800322267769, "settlement_distance_m": 4362.6607086863723, "amenity_distance_m": 3243.6809711067312, "road_density_500m_km_per_km2": 22.643484252426187, "settlements_within_1km": 0, "amenities_within_1km": 0, "near_road_250m": 1, "near_settlement_1km": 0, "near_amenity_1km": 0 }, "geometry": { "type": "Point", "coordinates": [ 88.346444, 27.237889 ] } },
{ "type": "Feature", "properties": { "record_id": 26350, "landslide_id": "SKM/WS/78A08/2015/390", "state": "Sikkim", "district": "West Sikkim", "location": "Tinktitam village Road", "latitude": 27.237917, "longitude": 88.30475, "movement_type": "Rock Slide", "history": null, "event_date": null, "road_distance_m": 6.4190281187033147, "settlement_distance_m": 1776.5263738386259, "amenity_distance_m": 889.27793494650257, "road_density_500m_km_per_km2": 29.569514935424831, "settlements_within_1km": 0, "amenities_within_1km": 1, "near_road_250m": 1, "near_settlement_1km": 0, "near_amenity_1km": 1 }, "geometry": { "type": "Point", "coordinates": [ 88.30475, 27.237917 ] } },
{ "type": "Feature", "properties": { "record_id": 26351, "landslide_id": "SKM/ES/78A12/2015/31", "state": "Sikkim", "district": "East Sikkim", "location": "Dikling NULL", "latitude": 27.238111, "longitude": 88.601528, "movement_type": "Debris Slide", "history": null, "event_date": null, "road_distance_m": 2.9937941586955823, "settlement_distance_m": 679.19037266411362, "amenity_distance_m": 439.61298182253643, "road_density_500m_km_per_km2": 29.649607838779268, "settlements_within_1km": 1, "amenities_within_1km": 2, "near_road_250m": 1, "near_settlement_1km": 1, "near_amenity_1km": 1 }, "geometry": { "type": "Point", "coordinates": [ 88.601528, 27.238111 ] } },
{ "type": "Feature", "properties": { "record_id": 26352, "landslide_id": "SKM/EAS/78A08/2014/003", "state": "Sikkim", "district": "East Sikkim", "location": "Sirwani Landslide Sirwani (On Singtam-Mangkha", "latitude": 27.23924, "longitude": 88.48416, "movement_type": "Debris Slide", "history": "25 August 2014", "event_date": "2014-08-25T00:00:00", "road_distance_m": 4.3911941166860773, "settlement_distance_m": 1510.65791203097, "amenity_distance_m": 1349.7170539532412, "road_density_500m_km_per_km2": 17.261828408767858, "settlements_within_1km": 0, "amenities_within_1km": 0, "near_road_250m": 1, "near_settlement_1km": 0, "near_amenity_1km": 0 }, "geometry": { "type": "Point", "coordinates": [ 88.48416, 27.23924 ] } },
{ "type": "Feature", "properties": { "record_id": 26353, "landslide_id": "SKM/WS/78A08/2015/387", "state": "Sikkim", "district": "West Sikkim", "location": "Tinktitam village Road", "latitude": 27.239972, "longitude": 88.332778, "movement_type": "Debris Slide", "history": null, "event_date": null, "road_distance_m": 5.8058411602367697, "settlement_distance_m": 3369.0365348638443, "amenity_distance_m": 1895.535630912166, "road_density_500m_km_per_km2": 27.161104150961769, "settlements_within_1km": 0, "amenities_within_1km": 0, "near_road_250m": 1, "near_settlement_1km": 0, "near_amenity_1km": 0 }, "geometry": { "type": "Point", "coordinates": [ 88.332778, 27.239972 ] } },
{ "type": "Feature", "properties": { "record_id": 26354, "landslide_id": "SKM/ES/78A08/2015/49", "state": "Sikkim", "district": "East Sikkim", "location": "Singtam-Dikchu Road", "latitude": 27.240028, "longitude": 88.486472, "movement_type": "Debris Slide", "history": null, "event_date": null, "road_distance_m": 0.50231573776004856, "settlement_distance_m": 1376.9952301425426, "amenity_distance_m": 1234.577018164257, "road_density_500m_km_per_km2": 16.510725964351565, "settlements_within_1km": 0, "amenities_within_1km": 0, "near_road_250m": 1, "near_settlement_1km": 0, "near_amenity_1km": 0 }, "geometry": { "type": "Point", "coordinates": [ 88.486472, 27.240028 ] } },
{ "type": "Feature", "properties": { "record_id": 26355, "landslide_id": "SKM/ES/78A08/2015/50", "state": "Sikkim", "district": "East Sikkim", "location": "Singtam-Dikchu Road", "latitude": 27.240194, "longitude": 88.486278, "movement_type": "Debris Slide", "history": null, "event_date": null, "road_distance_m": 3.2505969249505919, "settlement_distance_m": 1403.5424533283751, "amenity_distance_m": 1261.1526446391861, "road_density_500m_km_per_km2": 16.510725964351565, "settlements_within_1km": 0, "amenities_within_1km": 0, "near_road_250m": 1, "near_settlement_1km": 0, "near_amenity_1km": 0 }, "geometry": { "type": "Point", "coordinates": [ 88.486278, 27.240194 ] } },
{ "type": "Feature", "properties": { "record_id": 26356, "landslide_id": "SKM/NS/78A04/2017/71", "state": "Sikkim", "district": "West Sikkim", "location": "Upper Bermiok SH", "latitude": 27.240389, "longitude": 88.234028, "movement_type": "Debris Slide", "history": null, "event_date": null, "road_distance_m": 0.81157228944898707, "settlement_distance_m": 3609.7215729621425, "amenity_distance_m": 3719.9972021352428, "road_density_500m_km_per_km2": 31.077744123015176, "settlements_within_1km": 0, "amenities_within_1km": 0, "near_road_250m": 1, "near_settlement_1km": 0, "near_amenity_1km": 0 }, "geometry": { "type": "Point", "coordinates": [ 88.234028, 27.240389 ] } },
{ "type": "Feature", "properties": { "record_id": 26357, "landslide_id": "SKM/ES/78A08/2015/52", "state": "Sikkim", "district": "East Sikkim", "location": null, "latitude": 27.240556, "longitude": 88.48025, "movement_type": "Debris Slide", "history": null, "event_date": null, "road_distance_m": 5.777591333955292, "settlement_distance_m": 1917.9356282490958, "amenity_distance_m": 1751.5111386914623, "road_density_500m_km_per_km2": 63.852469012128985, "settlements_within_1km": 0, "amenities_within_1km": 0, "near_road_250m": 1, "near_settlement_1km": 0, "near_amenity_1km": 0 }, "geometry": { "type": "Point", "coordinates": [ 88.48025, 27.240556 ] } },
{ "type": "Feature", "properties": { "record_id": 26358, "landslide_id": "SKM/WS/78A08/2015/389", "state": "Sikkim", "district": "West Sikkim", "location": "Tinktitam village Road", "latitude": 27.240639, "longitude": 88.306056, "movement_type": "Debris Slide", "history": null, "event_date": null, "road_distance_m": 72.158510011460493, "settlement_distance_m": 2077.7776220764363, "amenity_distance_m": 789.79875654149282, "road_density_500m_km_per_km2": 26.959075234004747, "settlements_within_1km": 0, "amenities_within_1km": 2, "near_road_250m": 1, "near_settlement_1km": 0, "near_amenity_1km": 1 }, "geometry": { "type": "Point", "coordinates": [ 88.306056, 27.240639 ] } },
{ "type": "Feature", "properties": { "record_id": 26359, "landslide_id": "SKM/ES/78A08/2015/51", "state": "Sikkim", "district": "East Sikkim", "location": "Singtam-Dikchu Road", "latitude": 27.240861, "longitude": 88.486278, "movement_type": "Debris Slide", "history": null, "event_date": null, "road_distance_m": 61.626885614065628, "settlement_distance_m": 1452.4470930171626, "amenity_distance_m": 1315.2843640638305, "road_density_500m_km_per_km2": 50.667180635835422, "settlements_within_1km": 0, "amenities_within_1km": 0, "near_road_250m": 1, "near_settlement_1km": 0, "near_amenity_1km": 0 }, "geometry": { "type": "Point", "coordinates": [ 88.486278, 27.240861 ] } },
{ "type": "Feature", "properties": { "record_id": 26360, "landslide_id": "SKM/NS/78A04/2017/70", "state": "Sikkim", "district": "West Sikkim", "location": "SH", "latitude": 27.241333, "longitude": 88.233972, "movement_type": "Debris Slide", "history": null, "event_date": null, "road_distance_m": 2.7677507700742536, "settlement_distance_m": 3609.538744228345, "amenity_distance_m": 3760.6278946659213, "road_density_500m_km_per_km2": 31.077744123015176, "settlements_within_1km": 0, "amenities_within_1km": 0, "near_road_250m": 1, "near_settlement_1km": 0, "near_amenity_1km": 0 }, "geometry": { "type": "Point", "coordinates": [ 88.233972, 27.241333 ] } },
{ "type": "Feature", "properties": { "record_id": 26361, "landslide_id": "SK/ED/78A12/2017/01", "state": "Sikkim", "district": "East Sikkim", "location": "Pachey landslide near Pakyong Town Pakyong-Machong Road near", "latitude": 27.24144, "longitude": 88.60681, "movement_type": "Debris Fall and Slide", "history": "9 July 2017", "event_date": "2017-07-09T00:00:00", "road_distance_m": 1.9401167537754476, "settlement_distance_m": 857.48654759782528, "amenity_distance_m": 686.42897408381236, "road_density_500m_km_per_km2": 43.723218120612714, "settlements_within_1km": 1, "amenities_within_1km": 2, "near_road_250m": 1, "near_settlement_1km": 1, "near_amenity_1km": 1 }, "geometry": { "type": "Point", "coordinates": [ 88.60681, 27.24144 ] } },
{ "type": "Feature", "properties": { "record_id": 26362, "landslide_id": "SKM/WS/78A08/2015/388", "state": "Sikkim", "district": "West Sikkim", "location": "Tinktitam village Road", "latitude": 27.242139, "longitude": 88.327389, "movement_type": "Debris Slide", "history": null, "event_date": null, "road_distance_m": 4.6719576960015026, "settlement_distance_m": 3124.5747620138641, "amenity_distance_m": 1411.3698382658827, "road_density_500m_km_per_km2": 26.608498927467586, "settlements_within_1km": 0, "amenities_within_1km": 0, "near_road_250m": 1, "near_settlement_1km": 0, "near_amenity_1km": 0 }, "geometry": { "type": "Point", "coordinates": [ 88.327389, 27.242139 ] } },
{ "type": "Feature", "properties": { "record_id": 26363, "landslide_id": "SKM/SS/78A08/2015/237", "state": "Sikkim", "district": "South Sikkim", "location": "Tinktam-Rheyong Road", "latitude": 27.242917, "longitude": 88.354417, "movement_type": "Debris Slide", "history": null, "event_date": null, "road_distance_m": 31.211204536909939, "settlement_distance_m": 3779.113119494481, "amenity_distance_m": 3005.014484882443, "road_density_500m_km_per_km2": 7.610018189361309, "settlements_within_1km": 0, "amenities_within_1km": 0, "near_road_250m": 1, "near_settlement_1km": 0, "near_amenity_1km": 0 }, "geometry": { "type": "Point", "coordinates": [ 88.354417, 27.242917 ] } },
{ "type": "Feature", "properties": { "record_id": 26364, "landslide_id": "SKM/WS/78A08/2015/368", "state": "Sikkim", "district": "West Sikkim", "location": "Kaluk-Rinchenpong Road", "latitude": 27.243806, "longitude": 88.2725, "movement_type": "Debris Slide", "history": null, "event_date": null, "road_distance_m": 12.434944017521227, "settlement_distance_m": 245.3215899307929, "amenity_distance_m": 1620.1802735060351, "road_density_500m_km_per_km2": 17.863158768926372, "settlements_within_1km": 1, "amenities_within_1km": 0, "near_road_250m": 1, "near_settlement_1km": 1, "near_amenity_1km": 0 }, "geometry": { "type": "Point", "coordinates": [ 88.2725, 27.243806 ] } },
{ "type": "Feature", "properties": { "record_id": 26365, "landslide_id": "SKM/SS/78A08/2015/239", "state": "Sikkim", "district": "South Sikkim", "location": "Tinktam-Rheyong Road", "latitude": 27.244056, "longitude": 88.348056, "movement_type": "Debris Slide", "history": null, "event_date": null, "road_distance_m": 1.4992200381339806, "settlement_distance_m": 4409.5889810667104, "amenity_distance_m": 3455.5853635575509, "road_density_500m_km_per_km2": 8.0917042251149383, "settlements_within_1km": 0, "amenities_within_1km": 0, "near_road_250m": 1, "near_settlement_1km": 0, "near_amenity_1km": 0 }, "geometry": { "type": "Point", "coordinates": [ 88.348056, 27.244056 ] } },
{ "type": "Feature", "properties": { "record_id": 26366, "landslide_id": "SKM/SS/78A08/2015/238", "state": "Sikkim", "district": "South Sikkim", "location": "Tinktam-Rheyong Road", "latitude": 27.244472, "longitude": 88.350472, "movement_type": "Rock Fall", "history": null, "event_date": null, "road_distance_m": 28.773936524419529, "settlement_distance_m": 4206.0409525678733, "amenity_distance_m": 3431.8786758069937, "road_density_500m_km_per_km2": 8.0917042251149383, "settlements_within_1km": 0, "amenities_within_1km": 0, "near_road_250m": 1, "near_settlement_1km": 0, "near_amenity_1km": 0 }, "geometry": { "type": "Point", "coordinates": [ 88.350472, 27.244472 ] } },
{ "type": "Feature", "properties": { "record_id": 26367, "landslide_id": "SKM/ES/78A12/2015/153", "state": "Sikkim", "district": "East Sikkim", "location": "NH-31A", "latitude": 27.245028, "longitude": 88.524389, "movement_type": "Debris Slide", "history": null, "event_date": null, "road_distance_m": 0.78376476349018098, "settlement_distance_m": 1305.3887285325254, "amenity_distance_m": 2603.9805881978509, "road_density_500m_km_per_km2": 9.5425144597229519, "settlements_within_1km": 0, "amenities_within_1km": 0, "near_road_250m": 1, "near_settlement_1km": 0, "near_amenity_1km": 0 }, "geometry": { "type": "Point", "coordinates": [ 88.524389, 27.245028 ] } },
{ "type": "Feature", "properties": { "record_id": 26368, "landslide_id": "SKM/NS/78A04/2017/72", "state": "Sikkim", "district": "West Sikkim", "location": "Upper Bermiok SH", "latitude": 27.245028, "longitude": 88.226861, "movement_type": "Debris Slide", "history": null, "event_date": null, "road_distance_m": 0.55534061125525314, "settlement_distance_m": 3393.0968349449472, "amenity_distance_m": 4009.5309731538591, "road_density_500m_km_per_km2": 23.020598351296279, "settlements_within_1km": 0, "amenities_within_1km": 0, "near_road_250m": 1, "near_settlement_1km": 0, "near_amenity_1km": 0 }, "geometry": { "type": "Point", "coordinates": [ 88.226861, 27.245028 ] } },
{ "type": "Feature", "properties": { "record_id": 26369, "landslide_id": "SKM/ES/78A12/2015/19", "state": "Sikkim", "district": "East Sikkim", "location": "Sangkhola NH-31A", "latitude": 27.245139, "longitude": 88.524444, "movement_type": "Debris Slide", "history": null, "event_date": null, "road_distance_m": 0.61317604244723733, "settlement_distance_m": 1293.8486218598505, "amenity_distance_m": 2614.9308280810087, "road_density_500m_km_per_km2": 9.5425144597229519, "settlements_within_1km": 0, "amenities_within_1km": 0, "near_road_250m": 1, "near_settlement_1km": 0, "near_amenity_1km": 0 }, "geometry": { "type": "Point", "coordinates": [ 88.524444, 27.245139 ] } },
{ "type": "Feature", "properties": { "record_id": 26370, "landslide_id": "SKM/NS/78A04/2017/45", "state": "Sikkim", "district": "West Sikkim", "location": "Hee gown SH", "latitude": 27.245972, "longitude": 88.185278, "movement_type": "Debris Slide", "history": null, "event_date": null, "road_distance_m": 7.7034832954067189, "settlement_distance_m": 2113.7449525144057, "amenity_distance_m": 2646.3110025789747, "road_density_500m_km_per_km2": 15.993087859612549, "settlements_within_1km": 0, "amenities_within_1km": 0, "near_road_250m": 1, "near_settlement_1km": 0, "near_amenity_1km": 0 }, "geometry": { "type": "Point", "coordinates": [ 88.185278, 27.245972 ] } },
{ "type": "Feature", "properties": { "record_id": 26371, "landslide_id": "SKM/ES/78A11/2015/16", "state": "Sikkim", "district": "East Sikkim", "location": null, "latitude": 27.246056, "longitude": 88.62575, "movement_type": "Rock Slide", "history": null, "event_date": null, "road_distance_m": 4.9351202544157156, "settlement_distance_m": 2524.439569788748, "amenity_distance_m": 2603.9962964011293, "road_density_500m_km_per_km2": 17.815651863908009, "settlements_within_1km": 0, "amenities_within_1km": 0, "near_road_250m": 1, "near_settlement_1km": 0, "near_amenity_1km": 0 }, "geometry": { "type": "Point", "coordinates": [ 88.62575, 27.246056 ] } },
{ "type": "Feature", "properties": { "record_id": 26372, "landslide_id": "SKM/ES/78A12/2015/119", "state": "Sikkim", "district": "East Sikkim", "location": "Machong-Rongli Road", "latitude": 27.246194, "longitude": 88.625694, "movement_type": "Rock Fall", "history": null, "event_date": null, "road_distance_m": 0.9909360995161588, "settlement_distance_m": 2532.1857327455268, "amenity_distance_m": 2601.3598041415867, "road_density_500m_km_per_km2": 17.983275465175115, "settlements_within_1km": 0, "amenities_within_1km": 0, "near_road_250m": 1, "near_settlement_1km": 0, "near_amenity_1km": 0 }, "geometry": { "type": "Point", "coordinates": [ 88.625694, 27.246194 ] } },
{ "type": "Feature", "properties": { "record_id": 26373, "landslide_id": "SKM/NS/78A04/2017/44", "state": "Sikkim", "district": "West Sikkim", "location": "SH", "latitude": 27.246944, "longitude": 88.184833, "movement_type": "Debris Slide", "history": null, "event_date": null, "road_distance_m": 0.92738205041978228, "settlement_distance_m": 1997.5889529346746, "amenity_distance_m": 2530.0442808992675, "road_density_500m_km_per_km2": 15.737578298977132, "settlements_within_1km": 0, "amenities_within_1km": 0, "near_road_250m": 1, "near_settlement_1km": 0, "near_amenity_1km": 0 }, "geometry": { "type": "Point", "coordinates": [ 88.184833, 27.246944 ] } },
{ "type": "Feature", "properties": { "record_id": 26374, "landslide_id": "SKM/NS/78A04/2017/73", "state": "Sikkim", "district": "West Sikkim", "location": "Budha Bari SH", "latitude": 27.247111, "longitude": 88.225222, "movement_type": "Debris Slide", "history": null, "event_date": null, "road_distance_m": 9.6314008738833721, "settlement_distance_m": 3124.089360240162, "amenity_distance_m": 3779.8857530457976, "road_density_500m_km_per_km2": 22.197776164978972, "settlements_within_1km": 0, "amenities_within_1km": 0, "near_road_250m": 1, "near_settlement_1km": 0, "near_amenity_1km": 0 }, "geometry": { "type": "Point", "coordinates": [ 88.225222, 27.247111 ] } },
{ "type": "Feature", "properties": { "record_id": 26375, "landslide_id": "SKM/NS/78A04/2017/01", "state": "Sikkim", "district": "West Sikkim", "location": "Upper Bega SH", "latitude": 27.248583, "longitude": 88.117444, "movement_type": "Debris Slide", "history": null, "event_date": null, "road_distance_m": 1.1106633959039103, "settlement_distance_m": 1270.7940167705851, "amenity_distance_m": 6012.6860950782702, "road_density_500m_km_per_km2": 8.1187970681549295, "settlements_within_1km": 0, "amenities_within_1km": 0, "near_road_250m": 1, "near_settlement_1km": 0, "near_amenity_1km": 0 }, "geometry": { "type": "Point", "coordinates": [ 88.117444, 27.248583 ] } },
{ "type": "Feature", "properties": { "record_id": 26376, "landslide_id": "SKM/NS/78A04/2017/02", "state": "Sikkim", "district": "West Sikkim", "location": "Upper Bega SH", "latitude": 27.248833, "longitude": 88.117194, "movement_type": "Debris Slide", "history": null, "event_date": null, "road_distance_m": 2.9780234360185065, "settlement_distance_m": 1248.8652076590322, "amenity_distance_m": 6026.1629509486511, "road_density_500m_km_per_km2": 8.1187970681549295, "settlements_within_1km": 0, "amenities_within_1km": 0, "near_road_250m": 1, "near_settlement_1km": 0, "near_amenity_1km": 0 }, "geometry": { "type": "Point", "coordinates": [ 88.117194, 27.248833 ] } },
{ "type": "Feature", "properties": { "record_id": 26378, "landslide_id": "SKM/ES/78A11/2015/154", "state": "Sikkim", "district": "East Sikkim", "location": "NH-31A", "latitude": 27.250556, "longitude": 88.53325, "movement_type": "Debris Slide", "history": null, "event_date": null, "road_distance_m": 2.0994574429471067, "settlement_distance_m": 1239.1429895576507, "amenity_distance_m": 3671.8285899025741, "road_density_500m_km_per_km2": 28.79497682567953, "settlements_within_1km": 0, "amenities_within_1km": 0, "near_road_250m": 1, "near_settlement_1km": 0, "near_amenity_1km": 0 }, "geometry": { "type": "Point", "coordinates": [ 88.53325, 27.250556 ] } },
{ "type": "Feature", "properties": { "record_id": 26379, "landslide_id": "SKM/ES/78A11/2015/130", "state": "Sikkim", "district": "East Sikkim", "location": "Machong-Rongli Road", "latitude": 27.250889, "longitude": 88.715444, "movement_type": "Debris Slide", "history": null, "event_date": null, "road_distance_m": 39.666784230565057, "settlement_distance_m": 1597.1233023177085, "amenity_distance_m": 4873.2378892668621, "road_density_500m_km_per_km2": 15.732315638809782, "settlements_within_1km": 0, "amenities_within_1km": 0, "near_road_250m": 1, "near_settlement_1km": 0, "near_amenity_1km": 0 }, "geometry": { "type": "Point", "coordinates": [ 88.715444, 27.250889 ] } },
{ "type": "Feature", "properties": { "record_id": 26380, "landslide_id": "SKM/ES/78A11/2015/122", "state": "Sikkim", "district": "East Sikkim", "location": "Machong-Rongli Road", "latitude": 27.250972, "longitude": 88.659833, "movement_type": "Rock Fall", "history": null, "event_date": null, "road_distance_m": 4.239349463673225, "settlement_distance_m": 578.9876771736856, "amenity_distance_m": 6022.4986730728688, "road_density_500m_km_per_km2": 9.0995832785695843, "settlements_within_1km": 3, "amenities_within_1km": 0, "near_road_250m": 1, "near_settlement_1km": 1, "near_amenity_1km": 0 }, "geometry": { "type": "Point", "coordinates": [ 88.659833, 27.250972 ] } },
{ "type": "Feature", "properties": { "record_id": 26381, "landslide_id": "SKM/SS/78A07/2015/190", "state": "Sikkim", "district": "South Sikkim", "location": "Ben village Road", "latitude": 27.251417, "longitude": 88.3845, "movement_type": "Debris Slide", "history": null, "event_date": null, "road_distance_m": 3.5691634512753332, "settlement_distance_m": 2485.172482746455, "amenity_distance_m": 2107.7897322479921, "road_density_500m_km_per_km2": 14.440324702612951, "settlements_within_1km": 0, "amenities_within_1km": 0, "near_road_250m": 1, "near_settlement_1km": 0, "near_amenity_1km": 0 }, "geometry": { "type": "Point", "coordinates": [ 88.3845, 27.251417 ] } },
{ "type": "Feature", "properties": { "record_id": 26382, "landslide_id": "SK/ESK/78A11/2019/03", "state": "Sikkim", "district": "East Sikkim", "location": "Sang NH10A/ GangtokSiliguri", "latitude": 27.251639, "longitude": 88.531361, "movement_type": "Rock Slide", "history": "2019", "event_date": null, "road_distance_m": 41.012324439518906, "settlement_distance_m": 1016.9389511746846, "amenity_distance_m": 3581.7119984547649, "road_density_500m_km_per_km2": 28.953460929146047, "settlements_within_1km": 0, "amenities_within_1km": 0, "near_road_250m": 1, "near_settlement_1km": 0, "near_amenity_1km": 0 }, "geometry": { "type": "Point", "coordinates": [ 88.531361, 27.251639 ] } },
{ "type": "Feature", "properties": { "record_id": 26383, "landslide_id": "SKM/NS/78A03/2017/43", "state": "Sikkim", "district": "West Sikkim", "location": "Hee Sapong SH", "latitude": 27.251722, "longitude": 88.182972, "movement_type": "Debris Slide", "history": null, "event_date": null, "road_distance_m": 11.604924428809124, "settlement_distance_m": 1437.1291787966106, "amenity_distance_m": 1972.5626830207796, "road_density_500m_km_per_km2": 42.345546365501107, "settlements_within_1km": 0, "amenities_within_1km": 0, "near_road_250m": 1, "near_settlement_1km": 0, "near_amenity_1km": 0 }, "geometry": { "type": "Point", "coordinates": [ 88.182972, 27.251722 ] } },
{ "type": "Feature", "properties": { "record_id": 26384, "landslide_id": "SKM/NS/78A03/2017/42", "state": "Sikkim", "district": "West Sikkim", "location": "Hee Pool SH", "latitude": 27.252139, "longitude": 88.176944, "movement_type": "Rock Slide", "history": null, "event_date": null, "road_distance_m": 31.149163593355915, "settlement_distance_m": 1321.398183115964, "amenity_distance_m": 1748.3712012994451, "road_density_500m_km_per_km2": 53.51633608032504, "settlements_within_1km": 0, "amenities_within_1km": 0, "near_road_250m": 1, "near_settlement_1km": 0, "near_amenity_1km": 0 }, "geometry": { "type": "Point", "coordinates": [ 88.176944, 27.252139 ] } },
{ "type": "Feature", "properties": { "record_id": 26385, "landslide_id": "SKM/WS/78A07/2015/365", "state": "Sikkim", "district": "West Sikkim", "location": "Kaluk-Rinchenpong Road", "latitude": 27.252167, "longitude": 88.272778, "movement_type": "Rock Fall", "history": null, "event_date": null, "road_distance_m": 0.24310428116421323, "settlement_distance_m": 1081.7035700085603, "amenity_distance_m": 2540.0019728987709, "road_density_500m_km_per_km2": 16.687218472496387, "settlements_within_1km": 0, "amenities_within_1km": 0, "near_road_250m": 1, "near_settlement_1km": 0, "near_amenity_1km": 0 }, "geometry": { "type": "Point", "coordinates": [ 88.272778, 27.252167 ] } },
{ "type": "Feature", "properties": { "record_id": 26386, "landslide_id": "SKM/ES/78A11/2015/123", "state": "Sikkim", "district": "East Sikkim", "location": "Machong-Rongli Road", "latitude": 27.252667, "longitude": 88.694194, "movement_type": "Debris Slide", "history": null, "event_date": null, "road_distance_m": 16.191234167912206, "settlement_distance_m": 830.8815362035175, "amenity_distance_m": 5521.9160143305835, "road_density_500m_km_per_km2": 17.526456765409804, "settlements_within_1km": 3, "amenities_within_1km": 0, "near_road_250m": 1, "near_settlement_1km": 1, "near_amenity_1km": 0 }, "geometry": { "type": "Point", "coordinates": [ 88.694194, 27.252667 ] } },
{ "type": "Feature", "properties": { "record_id": 26387, "landslide_id": "SKM/NS/78A15/2017/165", "state": "Sikkim", "district": "East Sikkim", "location": "SH", "latitude": 27.253528, "longitude": 88.786111, "movement_type": "Debris Slide", "history": null, "event_date": null, "road_distance_m": 1.9664745194178637, "settlement_distance_m": 882.80954101496343, "amenity_distance_m": 2995.1134037335532, "road_density_500m_km_per_km2": 68.20152502181557, "settlements_within_1km": 1, "amenities_within_1km": 0, "near_road_250m": 1, "near_settlement_1km": 1, "near_amenity_1km": 0 }, "geometry": { "type": "Point", "coordinates": [ 88.786111, 27.253528 ] } },
{ "type": "Feature", "properties": { "record_id": 26388, "landslide_id": "SKM/NS/78A03/2017/67", "state": "Sikkim", "district": "West Sikkim", "location": "Martam Ralong SH", "latitude": 27.253889, "longitude": 88.210028, "movement_type": "Debris Slide", "history": null, "event_date": null, "road_distance_m": 2.4708303828291922, "settlement_distance_m": 2318.4891222024035, "amenity_distance_m": 3429.3183581619924, "road_density_500m_km_per_km2": 31.270057497254768, "settlements_within_1km": 0, "amenities_within_1km": 0, "near_road_250m": 1, "near_settlement_1km": 0, "near_amenity_1km": 0 }, "geometry": { "type": "Point", "coordinates": [ 88.210028, 27.253889 ] } },
{ "type": "Feature", "properties": { "record_id": 26389, "landslide_id": "SKM/WS/78A07/2015/345", "state": "Sikkim", "district": "West Sikkim", "location": "Legship-Rishi Road", "latitude": 27.254222, "longitude": 88.3005, "movement_type": "Debris Slide", "history": null, "event_date": null, "road_distance_m": 1.6694587634326947, "settlement_distance_m": 3245.3808238624943, "amenity_distance_m": 1487.7994718983778, "road_density_500m_km_per_km2": 17.424256255481716, "settlements_within_1km": 0, "amenities_within_1km": 0, "near_road_250m": 1, "near_settlement_1km": 0, "near_amenity_1km": 0 }, "geometry": { "type": "Point", "coordinates": [ 88.3005, 27.254222 ] } },
{ "type": "Feature", "properties": { "record_id": 26390, "landslide_id": "SKM/NS/78A03/2017/34", "state": "Sikkim", "district": "West Sikkim", "location": "Sangkhu SH", "latitude": 27.254389, "longitude": 88.145306, "movement_type": "Debris Slide", "history": null, "event_date": null, "road_distance_m": 13.330753052397913, "settlement_distance_m": 958.48420818794466, "amenity_distance_m": 3226.1972553855589, "road_density_500m_km_per_km2": 31.123229566371105, "settlements_within_1km": 1, "amenities_within_1km": 0, "near_road_250m": 1, "near_settlement_1km": 1, "near_amenity_1km": 0 }, "geometry": { "type": "Point", "coordinates": [ 88.145306, 27.254389 ] } },
{ "type": "Feature", "properties": { "record_id": 26391, "landslide_id": "SKM/ES/78A11/2015/128", "state": "Sikkim", "district": "East Sikkim", "location": "Machong-Rongli Road", "latitude": 27.25475, "longitude": 88.711, "movement_type": "Debris Slide", "history": null, "event_date": null, "road_distance_m": 3.6320193215647998, "settlement_distance_m": 1008.0266806725967, "amenity_distance_m": 5432.1857045461102, "road_density_500m_km_per_km2": 15.861637946457501, "settlements_within_1km": 0, "amenities_within_1km": 0, "near_road_250m": 1, "near_settlement_1km": 0, "near_amenity_1km": 0 }, "geometry": { "type": "Point", "coordinates": [ 88.711, 27.25475 ] } },
{ "type": "Feature", "properties": { "record_id": 26392, "landslide_id": "SKM/ES/78A11/2015/155", "state": "Sikkim", "district": "East Sikkim", "location": "NH-31A", "latitude": 27.254778, "longitude": 88.542444, "movement_type": "Debris Slide", "history": null, "event_date": null, "road_distance_m": 10.749601588959925, "settlement_distance_m": 1955.8480173052251, "amenity_distance_m": 3881.3872720626264, "road_density_500m_km_per_km2": 8.4956539925831258, "settlements_within_1km": 0, "amenities_within_1km": 0, "near_road_250m": 1, "near_settlement_1km": 0, "near_amenity_1km": 0 }, "geometry": { "type": "Point", "coordinates": [ 88.542444, 27.254778 ] } },
{ "type": "Feature", "properties": { "record_id": 26393, "landslide_id": "SKM/SS/78A07/2015/192", "state": "Sikkim", "district": "South Sikkim", "location": "Ben village Road", "latitude": 27.254917, "longitude": 88.390889, "movement_type": "Debris Slide", "history": null, "event_date": null, "road_distance_m": 8.5596466831883475, "settlement_distance_m": 2827.2449322949842, "amenity_distance_m": 1989.6658243452248, "road_density_500m_km_per_km2": 15.333060977266996, "settlements_within_1km": 0, "amenities_within_1km": 0, "near_road_250m": 1, "near_settlement_1km": 0, "near_amenity_1km": 0 }, "geometry": { "type": "Point", "coordinates": [ 88.390889, 27.254917 ] } },
{ "type": "Feature", "properties": { "record_id": 26394, "landslide_id": "SKM/SS/78A07/2015/193", "state": "Sikkim", "district": "South Sikkim", "location": "Ben village Road", "latitude": 27.255167, "longitude": 88.396944, "movement_type": "Debris Slide", "history": null, "event_date": null, "road_distance_m": 20.835781181046052, "settlement_distance_m": 2945.9642297671803, "amenity_distance_m": 1402.6985785752458, "road_density_500m_km_per_km2": 28.621438962659525, "settlements_within_1km": 0, "amenities_within_1km": 0, "near_road_250m": 1, "near_settlement_1km": 0, "near_amenity_1km": 0 }, "geometry": { "type": "Point", "coordinates": [ 88.396944, 27.255167 ] } },
{ "type": "Feature", "properties": { "record_id": 26395, "landslide_id": "SKM/ES/78A11/2015/17", "state": "Sikkim", "district": "East Sikkim", "location": "NH-31A", "latitude": 27.255278, "longitude": 88.543611, "movement_type": "Debris Slide", "history": null, "event_date": null, "road_distance_m": 5.235851959273031, "settlement_distance_m": 2065.6940645716322, "amenity_distance_m": 3773.1752240753854, "road_density_500m_km_per_km2": 6.6571360037424752, "settlements_within_1km": 0, "amenities_within_1km": 0, "near_road_250m": 1, "near_settlement_1km": 0, "near_amenity_1km": 0 }, "geometry": { "type": "Point", "coordinates": [ 88.543611, 27.255278 ] } },
{ "type": "Feature", "properties": { "record_id": 26396, "landslide_id": "SKM/SS/78A07/2015/191", "state": "Sikkim", "district": "South Sikkim", "location": "Ben village Road", "latitude": 27.255389, "longitude": 88.388944, "movement_type": "Debris Slide", "history": null, "event_date": null, "road_distance_m": 4.0042375886419412, "settlement_distance_m": 2876.5046309871423, "amenity_distance_m": 2168.0110324703301, "road_density_500m_km_per_km2": 15.333060977266996, "settlements_within_1km": 0, "amenities_within_1km": 0, "near_road_250m": 1, "near_settlement_1km": 0, "near_amenity_1km": 0 }, "geometry": { "type": "Point", "coordinates": [ 88.388944, 27.255389 ] } },
{ "type": "Feature", "properties": { "record_id": 26397, "landslide_id": "SKM/NS/78A03/2017/38", "state": "Sikkim", "district": "West Sikkim", "location": "Sangkhu SH", "latitude": 27.255861, "longitude": 88.156139, "movement_type": "Debris Slide", "history": null, "event_date": null, "road_distance_m": 2.0805433542903713, "settlement_distance_m": 1767.4909795132319, "amenity_distance_m": 2225.4536734159906, "road_density_500m_km_per_km2": 24.846070044226614, "settlements_within_1km": 0, "amenities_within_1km": 0, "near_road_250m": 1, "near_settlement_1km": 0, "near_amenity_1km": 0 }, "geometry": { "type": "Point", "coordinates": [ 88.156139, 27.255861 ] } },
{ "type": "Feature", "properties": { "record_id": 26398, "landslide_id": "SKM/ES/78A11/2015/127", "state": "Sikkim", "district": "East Sikkim", "location": "Machong-Rongli Road", "latitude": 27.256, "longitude": 88.706167, "movement_type": "Debris Slide", "history": null, "event_date": null, "road_distance_m": 1.8753435010763935, "settlement_distance_m": 517.97526446704012, "amenity_distance_m": 5878.3346043270994, "road_density_500m_km_per_km2": 11.184679779408498, "settlements_within_1km": 1, "amenities_within_1km": 0, "near_road_250m": 1, "near_settlement_1km": 1, "near_amenity_1km": 0 }, "geometry": { "type": "Point", "coordinates": [ 88.706167, 27.256 ] } },
{ "type": "Feature", "properties": { "record_id": 26399, "landslide_id": "SKM/NS/78A03/2017/40", "state": "Sikkim", "district": "West Sikkim", "location": "SH", "latitude": 27.256556, "longitude": 88.148722, "movement_type": "Debris Slide", "history": null, "event_date": null, "road_distance_m": 2.8520059445993171, "settlement_distance_m": 1063.560207125264, "amenity_distance_m": 2816.1720538881996, "road_density_500m_km_per_km2": 21.829381690591482, "settlements_within_1km": 0, "amenities_within_1km": 0, "near_road_250m": 1, "near_settlement_1km": 0, "near_amenity_1km": 0 }, "geometry": { "type": "Point", "coordinates": [ 88.148722, 27.256556 ] } },
{ "type": "Feature", "properties": { "record_id": 26400, "landslide_id": "SKM/NS/78A03/2017/37", "state": "Sikkim", "district": "West Sikkim", "location": "Sangkhu SH", "latitude": 27.25675, "longitude": 88.148611, "movement_type": "Debris Slide", "history": null, "event_date": null, "road_distance_m": 9.6841083251156856, "settlement_distance_m": 1043.6652172185902, "amenity_distance_m": 2816.6877653183492, "road_density_500m_km_per_km2": 21.829381690591482, "settlements_within_1km": 0, "amenities_within_1km": 0, "near_road_250m": 1, "near_settlement_1km": 0, "near_amenity_1km": 0 }, "geometry": { "type": "Point", "coordinates": [ 88.148611, 27.25675 ] } },
{ "type": "Feature", "properties": { "record_id": 26401, "landslide_id": "SKM/EAS/78A11/2014/001", "state": "Sikkim", "district": "East Sikkim", "location": "Mangthang Landslide Mangthang (On Dhajey-", "latitude": 27.25677, "longitude": 88.55359, "movement_type": "Debris Slide June", "history": "16 August 2014", "event_date": "2014-08-16T00:00:00", "road_distance_m": 1.2806766691518219, "settlement_distance_m": 3047.5459364236194, "amenity_distance_m": 3206.6407473180275, "road_density_500m_km_per_km2": 10.068598197124029, "settlements_within_1km": 0, "amenities_within_1km": 0, "near_road_250m": 1, "near_settlement_1km": 0, "near_amenity_1km": 0 }, "geometry": { "type": "Point", "coordinates": [ 88.55359, 27.25677 ] } },
{ "type": "Feature", "properties": { "record_id": 26402, "landslide_id": "SKM/ES/78A11/2015/15", "state": "Sikkim", "district": "East Sikkim", "location": null, "latitude": 27.257083, "longitude": 88.65975, "movement_type": "Debris Slide", "history": "2014", "event_date": null, "road_distance_m": 7.1372037396924188, "settlement_distance_m": 135.27331042652523, "amenity_distance_m": 6164.889577498484, "road_density_500m_km_per_km2": 8.6321514517426738, "settlements_within_1km": 3, "amenities_within_1km": 0, "near_road_250m": 1, "near_settlement_1km": 1, "near_amenity_1km": 0 }, "geometry": { "type": "Point", "coordinates": [ 88.65975, 27.257083 ] } },
{ "type": "Feature", "properties": { "record_id": 26403, "landslide_id": "SKM/ES/78A11/2015/124", "state": "Sikkim", "district": "East Sikkim", "location": "Machong-Rongli Road", "latitude": 27.257083, "longitude": 88.696583, "movement_type": "Debris Slide", "history": null, "event_date": null, "road_distance_m": 3.6763944920031975, "settlement_distance_m": 386.54905270101762, "amenity_distance_m": 5987.3536878821888, "road_density_500m_km_per_km2": 11.261675242580287, "settlements_within_1km": 2, "amenities_within_1km": 0, "near_road_250m": 1, "near_settlement_1km": 1, "near_amenity_1km": 0 }, "geometry": { "type": "Point", "coordinates": [ 88.696583, 27.257083 ] } },
{ "type": "Feature", "properties": { "record_id": 26404, "landslide_id": "SKM/ES/78A11/2015/125", "state": "Sikkim", "district": "East Sikkim", "location": "Machong-Rongli Road", "latitude": 27.257139, "longitude": 88.697556, "movement_type": "Debris Slide", "history": null, "event_date": null, "road_distance_m": 1.0662560599222226, "settlement_distance_m": 383.24147400132961, "amenity_distance_m": 5987.7481932363289, "road_density_500m_km_per_km2": 11.377980903373617, "settlements_within_1km": 2, "amenities_within_1km": 0, "near_road_250m": 1, "near_settlement_1km": 1, "near_amenity_1km": 0 }, "geometry": { "type": "Point", "coordinates": [ 88.697556, 27.257139 ] } },
{ "type": "Feature", "properties": { "record_id": 26405, "landslide_id": "SKM/WS/78A07/2015/363", "state": "Sikkim", "district": "West Sikkim", "location": "Legship-Mayong Road", "latitude": 27.257194, "longitude": 88.305444, "movement_type": "Debris Slide", "history": null, "event_date": null, "road_distance_m": 2.5694584668489742, "settlement_distance_m": 3455.791521235582, "amenity_distance_m": 1427.7888455354901, "road_density_500m_km_per_km2": 24.637850383052037, "settlements_within_1km": 0, "amenities_within_1km": 0, "near_road_250m": 1, "near_settlement_1km": 0, "near_amenity_1km": 0 }, "geometry": { "type": "Point", "coordinates": [ 88.305444, 27.257194 ] } },
{ "type": "Feature", "properties": { "record_id": 26406, "landslide_id": "SKM/NS/78A03/2017/39", "state": "Sikkim", "district": "West Sikkim", "location": "SH", "latitude": 27.257361, "longitude": 88.165333, "movement_type": "Debris Slide", "history": null, "event_date": null, "road_distance_m": 2.7746959935669664, "settlement_distance_m": 1479.9870731076392, "amenity_distance_m": 1450.5809398719111, "road_density_500m_km_per_km2": 26.589395434780304, "settlements_within_1km": 0, "amenities_within_1km": 0, "near_road_250m": 1, "near_settlement_1km": 0, "near_amenity_1km": 0 }, "geometry": { "type": "Point", "coordinates": [ 88.165333, 27.257361 ] } },
{ "type": "Feature", "properties": { "record_id": 26407, "landslide_id": "SKM/SS/78A07/2015/327", "state": "Sikkim", "district": "South Sikkim", "location": null, "latitude": 27.257417, "longitude": 88.418889, "movement_type": "Debris Slide", "history": null, "event_date": null, "road_distance_m": 13.470032596484558, "settlement_distance_m": 2539.0104438165754, "amenity_distance_m": 846.98221263704556, "road_density_500m_km_per_km2": 19.191643564009031, "settlements_within_1km": 0, "amenities_within_1km": 1, "near_road_250m": 1, "near_settlement_1km": 0, "near_amenity_1km": 1 }, "geometry": { "type": "Point", "coordinates": [ 88.418889, 27.257417 ] } },
{ "type": "Feature", "properties": { "record_id": 26408, "landslide_id": "SKM/ES/78A11/2015/156", "state": "Sikkim", "district": "East Sikkim", "location": "NH-31A", "latitude": 27.257972, "longitude": 88.548861, "movement_type": "Debris Slide", "history": null, "event_date": null, "road_distance_m": 3.6056626486759007, "settlement_distance_m": 2582.9681455016453, "amenity_distance_m": 3259.8493910699563, "road_density_500m_km_per_km2": 10.068598197124029, "settlements_within_1km": 0, "amenities_within_1km": 0, "near_road_250m": 1, "near_settlement_1km": 0, "near_amenity_1km": 0 }, "geometry": { "type": "Point", "coordinates": [ 88.548861, 27.257972 ] } },
{ "type": "Feature", "properties": { "record_id": 26409, "landslide_id": "SKM/ES/78A11/2015/126", "state": "Sikkim", "district": "East Sikkim", "location": "Machong-Rongli Road", "latitude": 27.258222, "longitude": 88.704778, "movement_type": "Debris Slide", "history": null, "event_date": null, "road_distance_m": 5.7717057108564047, "settlement_distance_m": 308.4335685469805, "amenity_distance_m": 6112.9208284379074, "road_density_500m_km_per_km2": 12.76768490448935, "settlements_within_1km": 2, "amenities_within_1km": 0, "near_road_250m": 1, "near_settlement_1km": 1, "near_amenity_1km": 0 }, "geometry": { "type": "Point", "coordinates": [ 88.704778, 27.258222 ] } },
{ "type": "Feature", "properties": { "record_id": 26410, "landslide_id": "SKM/NS/78A03/2017/76", "state": "Sikkim", "district": "West Sikkim", "location": "SH", "latitude": 27.258306, "longitude": 88.245306, "movement_type": "Debris Slide", "history": null, "event_date": null, "road_distance_m": 2.7537975924936577, "settlement_distance_m": 3030.4935240287145, "amenity_distance_m": 3159.5634815151875, "road_density_500m_km_per_km2": 25.661366402671639, "settlements_within_1km": 0, "amenities_within_1km": 0, "near_road_250m": 1, "near_settlement_1km": 0, "near_amenity_1km": 0 }, "geometry": { "type": "Point", "coordinates": [ 88.245306, 27.258306 ] } },
{ "type": "Feature", "properties": { "record_id": 26411, "landslide_id": "SKM/NS/78A03/2017/78", "state": "Sikkim", "district": "West Sikkim", "location": "SH", "latitude": 27.258389, "longitude": 88.246611, "movement_type": "Debris Slide", "history": null, "event_date": null, "road_distance_m": 2.1401294390198462, "settlement_distance_m": 2930.976576739693, "amenity_distance_m": 3230.9615681711302, "road_density_500m_km_per_km2": 26.443136754452148, "settlements_within_1km": 0, "amenities_within_1km": 0, "near_road_250m": 1, "near_settlement_1km": 0, "near_amenity_1km": 0 }, "geometry": { "type": "Point", "coordinates": [ 88.246611, 27.258389 ] } },
{ "type": "Feature", "properties": { "record_id": 26412, "landslide_id": "SKM/NS/78A03/2017/36", "state": "Sikkim", "district": "West Sikkim", "location": "Sangkhu SH", "latitude": 27.258556, "longitude": 88.147028, "movement_type": "Debris Slide", "history": null, "event_date": null, "road_distance_m": 6.6350858449011998, "settlement_distance_m": 817.76111550454129, "amenity_distance_m": 2882.2237859188626, "road_density_500m_km_per_km2": 17.024763157252156, "settlements_within_1km": 1, "amenities_within_1km": 0, "near_road_250m": 1, "near_settlement_1km": 1, "near_amenity_1km": 0 }, "geometry": { "type": "Point", "coordinates": [ 88.147028, 27.258556 ] } },
{ "type": "Feature", "properties": { "record_id": 26413, "landslide_id": "SKM/NS/78A03/2017/74", "state": "Sikkim", "district": "West Sikkim", "location": "SH", "latitude": 27.258778, "longitude": 88.202639, "movement_type": "Debris Slide", "history": null, "event_date": null, "road_distance_m": 11.619409186310236, "settlement_distance_m": 2157.7225642546473, "amenity_distance_m": 2979.0108167546068, "road_density_500m_km_per_km2": 21.802665853442782, "settlements_within_1km": 0, "amenities_within_1km": 0, "near_road_250m": 1, "near_settlement_1km": 0, "near_amenity_1km": 0 }, "geometry": { "type": "Point", "coordinates": [ 88.202639, 27.258778 ] } },
{ "type": "Feature", "properties": { "record_id": 26414, "landslide_id": "SKM/NS/78A03/2017/35", "state": "Sikkim", "district": "West Sikkim", "location": "Sangkhu SH", "latitude": 27.258889, "longitude": 88.145611, "movement_type": "Rock Fall", "history": null, "event_date": null, "road_distance_m": 0.30887608043602682, "settlement_distance_m": 673.6999640757349, "amenity_distance_m": 3001.6287637446221, "road_density_500m_km_per_km2": 21.81521191608477, "settlements_within_1km": 1, "amenities_within_1km": 0, "near_road_250m": 1, "near_settlement_1km": 1, "near_amenity_1km": 0 }, "geometry": { "type": "Point", "coordinates": [ 88.145611, 27.258889 ] } },
{ "type": "Feature", "properties": { "record_id": 26415, "landslide_id": "SKM/SS/78A07/2015/328", "state": "Sikkim", "district": "South Sikkim", "location": null, "latitude": 27.259306, "longitude": 88.423028, "movement_type": "Debris Slide", "history": null, "event_date": null, "road_distance_m": 9.8725585565481477, "settlement_distance_m": 2737.3177065182304, "amenity_distance_m": 1242.2414375287012, "road_density_500m_km_per_km2": 26.461493548472713, "settlements_within_1km": 0, "amenities_within_1km": 0, "near_road_250m": 1, "near_settlement_1km": 0, "near_amenity_1km": 0 }, "geometry": { "type": "Point", "coordinates": [ 88.423028, 27.259306 ] } },
{ "type": "Feature", "properties": { "record_id": 26416, "landslide_id": "SKM/ES/78A11/2015/18", "state": "Sikkim", "district": "East Sikkim", "location": "NH-31A", "latitude": 27.259694, "longitude": 88.550417, "movement_type": "Debris Slide", "history": null, "event_date": null, "road_distance_m": 8.792206034096905, "settlement_distance_m": 2753.039421625132, "amenity_distance_m": 3020.8957348307335, "road_density_500m_km_per_km2": 10.068598197124029, "settlements_within_1km": 0, "amenities_within_1km": 0, "near_road_250m": 1, "near_settlement_1km": 0, "near_amenity_1km": 0 }, "geometry": { "type": "Point", "coordinates": [ 88.550417, 27.259694 ] } },
{ "type": "Feature", "properties": { "record_id": 26417, "landslide_id": "SKM/NS/78A03/2017/77", "state": "Sikkim", "district": "West Sikkim", "location": "Rat Mathe SH", "latitude": 27.259722, "longitude": 88.248972, "movement_type": "Debris Slide", "history": null, "event_date": null, "road_distance_m": 4.1513779110441185, "settlement_distance_m": 2842.7758230594814, "amenity_distance_m": 3152.2604331059811, "road_density_500m_km_per_km2": 25.574152547891657, "settlements_within_1km": 0, "amenities_within_1km": 0, "near_road_250m": 1, "near_settlement_1km": 0, "near_amenity_1km": 0 }, "geometry": { "type": "Point", "coordinates": [ 88.248972, 27.259722 ] } },
{ "type": "Feature", "properties": { "record_id": 26418, "landslide_id": "SKM/ES/78A11/2015/129", "state": "Sikkim", "district": "East Sikkim", "location": "Machong-Rongli Road", "latitude": 27.259833, "longitude": 88.711722, "movement_type": "Debris Slide", "history": null, "event_date": null, "road_distance_m": 1.2631450857984015, "settlement_distance_m": 1008.3381719242599, "amenity_distance_m": 5596.0697372144687, "road_density_500m_km_per_km2": 9.7414108655902503, "settlements_within_1km": 0, "amenities_within_1km": 0, "near_road_250m": 1, "near_settlement_1km": 0, "near_amenity_1km": 0 }, "geometry": { "type": "Point", "coordinates": [ 88.711722, 27.259833 ] } },
{ "type": "Feature", "properties": { "record_id": 26420, "landslide_id": "SKM/NS/78A03/2017/41", "state": "Sikkim", "district": "West Sikkim", "location": "Radhu Basti SH", "latitude": 27.260167, "longitude": 88.171889, "movement_type": "Debris Slide", "history": null, "event_date": null, "road_distance_m": 0.54524663871472645, "settlement_distance_m": 764.13571894006145, "amenity_distance_m": 871.25564566691264, "road_density_500m_km_per_km2": 23.549129604492006, "settlements_within_1km": 1, "amenities_within_1km": 1, "near_road_250m": 1, "near_settlement_1km": 1, "near_amenity_1km": 1 }, "geometry": { "type": "Point", "coordinates": [ 88.171889, 27.260167 ] } },
{ "type": "Feature", "properties": { "record_id": 26421, "landslide_id": "SKM/WS/78A07/2015/364", "state": "Sikkim", "district": "West Sikkim", "location": "Legship-Mayong Road", "latitude": 27.260194, "longitude": 88.302417, "movement_type": "Debris Slide", "history": null, "event_date": null, "road_distance_m": 1.6501566237076593, "settlement_distance_m": 3009.6245871049514, "amenity_distance_m": 1865.1478792986841, "road_density_500m_km_per_km2": 27.562850277931197, "settlements_within_1km": 0, "amenities_within_1km": 0, "near_road_250m": 1, "near_settlement_1km": 0, "near_amenity_1km": 0 }, "geometry": { "type": "Point", "coordinates": [ 88.302417, 27.260194 ] } },
{ "type": "Feature", "properties": { "record_id": 26422, "landslide_id": "SKM/NS/78A03/2017/75", "state": "Sikkim", "district": "West Sikkim", "location": "SH", "latitude": 27.260861, "longitude": 88.233278, "movement_type": "Debris Slide", "history": null, "event_date": null, "road_distance_m": 4.439506306464966, "settlement_distance_m": 2246.7820172072979, "amenity_distance_m": 2358.5766084003048, "road_density_500m_km_per_km2": 11.573969868077286, "settlements_within_1km": 0, "amenities_within_1km": 0, "near_road_250m": 1, "near_settlement_1km": 0, "near_amenity_1km": 0 }, "geometry": { "type": "Point", "coordinates": [ 88.233278, 27.260861 ] } },
{ "type": "Feature", "properties": { "record_id": 26423, "landslide_id": "SKM/NS/78A15/2017/164", "state": "Sikkim", "district": "East Sikkim", "location": "SH", "latitude": 27.2615, "longitude": 88.788778, "movement_type": "Debris Slide", "history": null, "event_date": null, "road_distance_m": 8.8055965716951778, "settlement_distance_m": 1510.1606103588988, "amenity_distance_m": 3781.7748486897858, "road_density_500m_km_per_km2": 70.505855450302306, "settlements_within_1km": 0, "amenities_within_1km": 0, "near_road_250m": 1, "near_settlement_1km": 0, "near_amenity_1km": 0 }, "geometry": { "type": "Point", "coordinates": [ 88.788778, 27.2615 ] } },
{ "type": "Feature", "properties": { "record_id": 26424, "landslide_id": "SKM/WS/78A07/2015/344", "state": "Sikkim", "district": "West Sikkim", "location": "Legship-Rishi Road", "latitude": 27.26175, "longitude": 88.2945, "movement_type": "Debris Slide", "history": null, "event_date": null, "road_distance_m": 27.499042247356734, "settlement_distance_m": 2453.5242311466859, "amenity_distance_m": 2144.3035939559018, "road_density_500m_km_per_km2": 37.921861623147443, "settlements_within_1km": 0, "amenities_within_1km": 0, "near_road_250m": 1, "near_settlement_1km": 0, "near_amenity_1km": 0 }, "geometry": { "type": "Point", "coordinates": [ 88.2945, 27.26175 ] } },
{ "type": "Feature", "properties": { "record_id": 26425, "landslide_id": "SKM/NS/78A03/2017/66", "state": "Sikkim", "district": "West Sikkim", "location": "SH", "latitude": 27.261778, "longitude": 88.197194, "movement_type": "Debris Slide", "history": null, "event_date": null, "road_distance_m": 5.7168095453997987, "settlement_distance_m": 1886.4863609537288, "amenity_distance_m": 2363.7710499713248, "road_density_500m_km_per_km2": 34.149258141701253, "settlements_within_1km": 0, "amenities_within_1km": 0, "near_road_250m": 1, "near_settlement_1km": 0, "near_amenity_1km": 0 }, "geometry": { "type": "Point", "coordinates": [ 88.197194, 27.261778 ] } },
{ "type": "Feature", "properties": { "record_id": 26426, "landslide_id": "SKM/SS/78A07/2015/329", "state": "Sikkim", "district": "South Sikkim", "location": null, "latitude": 27.262056, "longitude": 88.4305, "movement_type": "Debris Slide", "history": null, "event_date": null, "road_distance_m": 11.857959541597049, "settlement_distance_m": 2807.1854570854689, "amenity_distance_m": 1683.3753677096629, "road_density_500m_km_per_km2": 29.335079650309968, "settlements_within_1km": 0, "amenities_within_1km": 0, "near_road_250m": 1, "near_settlement_1km": 0, "near_amenity_1km": 0 }, "geometry": { "type": "Point", "coordinates": [ 88.4305, 27.262056 ] } },
{ "type": "Feature", "properties": { "record_id": 26427, "landslide_id": "SKM/ES/78A11/2015/158", "state": "Sikkim", "district": "East Sikkim", "location": "NH-31A", "latitude": 27.262583, "longitude": 88.562389, "movement_type": "Debris Slide", "history": null, "event_date": null, "road_distance_m": 22.413987317958462, "settlement_distance_m": 2994.8085385689242, "amenity_distance_m": 2410.8868700080338, "road_density_500m_km_per_km2": 13.759660290763229, "settlements_within_1km": 0, "amenities_within_1km": 0, "near_road_250m": 1, "near_settlement_1km": 0, "near_amenity_1km": 0 }, "geometry": { "type": "Point", "coordinates": [ 88.562389, 27.262583 ] } },
{ "type": "Feature", "properties": { "record_id": 26428, "landslide_id": "SKM/SS/78A07/2015/290", "state": "Sikkim", "district": "South Sikkim", "location": "Gangla village Road", "latitude": 27.263194, "longitude": 88.377139, "movement_type": "Debris Slide", "history": null, "event_date": null, "road_distance_m": 13.07825481463561, "settlement_distance_m": 3934.9318613963101, "amenity_distance_m": 3336.6592924375582, "road_density_500m_km_per_km2": 12.824761816256911, "settlements_within_1km": 0, "amenities_within_1km": 0, "near_road_250m": 1, "near_settlement_1km": 0, "near_amenity_1km": 0 }, "geometry": { "type": "Point", "coordinates": [ 88.377139, 27.263194 ] } },
{ "type": "Feature", "properties": { "record_id": 26429, "landslide_id": "SKM/NS/78A15/2017/163", "state": "Sikkim", "district": "East Sikkim", "location": "SH", "latitude": 27.263278, "longitude": 88.786667, "movement_type": "Debris Slide", "history": null, "event_date": null, "road_distance_m": 5.4488617405881463, "settlement_distance_m": 1508.759219224205, "amenity_distance_m": 3788.0693263668127, "road_density_500m_km_per_km2": 70.505855450302306, "settlements_within_1km": 0, "amenities_within_1km": 0, "near_road_250m": 1, "near_settlement_1km": 0, "near_amenity_1km": 0 }, "geometry": { "type": "Point", "coordinates": [ 88.786667, 27.263278 ] } },
{ "type": "Feature", "properties": { "record_id": 26430, "landslide_id": "SKM/ES/78A11/2015/157", "state": "Sikkim", "district": "East Sikkim", "location": "NH-31A", "latitude": 27.264361, "longitude": 88.558389, "movement_type": "Debris Slide", "history": null, "event_date": null, "road_distance_m": 12.018064301399304, "settlement_distance_m": 2823.5053599818257, "amenity_distance_m": 2268.8047875735383, "road_density_500m_km_per_km2": 15.324402219248915, "settlements_within_1km": 0, "amenities_within_1km": 0, "near_road_250m": 1, "near_settlement_1km": 0, "near_amenity_1km": 0 }, "geometry": { "type": "Point", "coordinates": [ 88.558389, 27.264361 ] } },
{ "type": "Feature", "properties": { "record_id": 26431, "landslide_id": "SKM/NS/78A15/2017/160", "state": "Sikkim", "district": "East Sikkim", "location": "SH", "latitude": 27.264694, "longitude": 88.792667, "movement_type": "Debris Slide", "history": null, "event_date": null, "road_distance_m": 1.466699350855825, "settlement_distance_m": 2019.9377001392431, "amenity_distance_m": 4304.0867021417762, "road_density_500m_km_per_km2": 70.505855450302306, "settlements_within_1km": 0, "amenities_within_1km": 0, "near_road_250m": 1, "near_settlement_1km": 0, "near_amenity_1km": 0 }, "geometry": { "type": "Point", "coordinates": [ 88.792667, 27.264694 ] } },
{ "type": "Feature", "properties": { "record_id": 26432, "landslide_id": "SKM/NS/78A15/2017/161", "state": "Sikkim", "district": "East Sikkim", "location": "SH", "latitude": 27.26525, "longitude": 88.789556, "movement_type": "Debris Slide", "history": null, "event_date": null, "road_distance_m": 1.5152249580620196, "settlement_distance_m": 1859.4504486310123, "amenity_distance_m": 4139.9305536009851, "road_density_500m_km_per_km2": 70.505855450302306, "settlements_within_1km": 0, "amenities_within_1km": 0, "near_road_250m": 1, "near_settlement_1km": 0, "near_amenity_1km": 0 }, "geometry": { "type": "Point", "coordinates": [ 88.789556, 27.26525 ] } },
{ "type": "Feature", "properties": { "record_id": 26433, "landslide_id": "SKM/NS/78A15/2017/162", "state": "Sikkim", "district": "East Sikkim", "location": "SH", "latitude": 27.265389, "longitude": 88.788278, "movement_type": "Debris Slide", "history": null, "event_date": null, "road_distance_m": 3.338035351900241, "settlement_distance_m": 1791.3558222438967, "amenity_distance_m": 4069.9488020608915, "road_density_500m_km_per_km2": 70.505855450302306, "settlements_within_1km": 0, "amenities_within_1km": 0, "near_road_250m": 1, "near_settlement_1km": 0, "near_amenity_1km": 0 }, "geometry": { "type": "Point", "coordinates": [ 88.788278, 27.265389 ] } },
{ "type": "Feature", "properties": { "record_id": 26434, "landslide_id": "SKM/ES/78A11/2015/40", "state": "Sikkim", "district": "East Sikkim", "location": "Martam NULL", "latitude": 27.265944, "longitude": 88.534556, "movement_type": "Rock Fall", "history": null, "event_date": null, "road_distance_m": 1.5211203999277649, "settlement_distance_m": 1535.8833984530543, "amenity_distance_m": 3480.3863313726692, "road_density_500m_km_per_km2": 5.8675211178235989, "settlements_within_1km": 0, "amenities_within_1km": 0, "near_road_250m": 1, "near_settlement_1km": 0, "near_amenity_1km": 0 }, "geometry": { "type": "Point", "coordinates": [ 88.534556, 27.265944 ] } },
{ "type": "Feature", "properties": { "record_id": 26435, "landslide_id": "SKM/WS/78A07/2015/343", "state": "Sikkim", "district": "West Sikkim", "location": "Legship-Rishi Road", "latitude": 27.268944, "longitude": 88.2875, "movement_type": "Debris Slide", "history": null, "event_date": null, "road_distance_m": 5.8691578767419443, "settlement_distance_m": 1467.2070660780375, "amenity_distance_m": 1138.8121405905194, "road_density_500m_km_per_km2": 6.1871128352010389, "settlements_within_1km": 0, "amenities_within_1km": 0, "near_road_250m": 1, "near_settlement_1km": 0, "near_amenity_1km": 0 }, "geometry": { "type": "Point", "coordinates": [ 88.2875, 27.268944 ] } },
{ "type": "Feature", "properties": { "record_id": 26436, "landslide_id": "SKM/NS/78A03/2017/19", "state": "Sikkim", "district": "West Sikkim", "location": "Liching SH", "latitude": 27.269556, "longitude": 88.137861, "movement_type": "Debris Slide", "history": null, "event_date": null, "road_distance_m": 3.1720085212022209, "settlement_distance_m": 938.86236497571895, "amenity_distance_m": 3609.6896007481173, "road_density_500m_km_per_km2": 49.991200610154017, "settlements_within_1km": 1, "amenities_within_1km": 0, "near_road_250m": 1, "near_settlement_1km": 1, "near_amenity_1km": 0 }, "geometry": { "type": "Point", "coordinates": [ 88.137861, 27.269556 ] } },
{ "type": "Feature", "properties": { "record_id": 26437, "landslide_id": "SKM/NS/78A03/2017/18", "state": "Sikkim", "district": "West Sikkim", "location": "Som SH", "latitude": 27.269778, "longitude": 88.144278, "movement_type": "Debris Slide", "history": null, "event_date": null, "road_distance_m": 22.703322091261303, "settlement_distance_m": 1072.0674590833621, "amenity_distance_m": 2977.4070620365269, "road_density_500m_km_per_km2": 49.882688494466549, "settlements_within_1km": 0, "amenities_within_1km": 0, "near_road_250m": 1, "near_settlement_1km": 0, "near_amenity_1km": 0 }, "geometry": { "type": "Point", "coordinates": [ 88.144278, 27.269778 ] } },
{ "type": "Feature", "properties": { "record_id": 26438, "landslide_id": "SKM/NS/78A03/2017/31", "state": "Sikkim", "district": "West Sikkim", "location": "Sapong SH", "latitude": 27.269861, "longitude": 88.178139, "movement_type": "Debris Slide", "history": null, "event_date": null, "road_distance_m": 6.0734764955826153, "settlement_distance_m": 648.94087480498479, "amenity_distance_m": 449.58917874300641, "road_density_500m_km_per_km2": 37.403580224753142, "settlements_within_1km": 1, "amenities_within_1km": 1, "near_road_250m": 1, "near_settlement_1km": 1, "near_amenity_1km": 1 }, "geometry": { "type": "Point", "coordinates": [ 88.178139, 27.269861 ] } },
{ "type": "Feature", "properties": { "record_id": 26439, "landslide_id": "SKM/NS/78A03/2017/03", "state": "Sikkim", "district": "West Sikkim", "location": "SH", "latitude": 27.269917, "longitude": 88.077111, "movement_type": "Debris Slide", "history": null, "event_date": null, "road_distance_m": 0.65683407676764916, "settlement_distance_m": 366.9614209856768, "amenity_distance_m": 9548.0333546408219, "road_density_500m_km_per_km2": 7.6088607023922954, "settlements_within_1km": 2, "amenities_within_1km": 0, "near_road_250m": 1, "near_settlement_1km": 1, "near_amenity_1km": 0 }, "geometry": { "type": "Point", "coordinates": [ 88.077111, 27.269917 ] } },
{ "type": "Feature", "properties": { "record_id": 26441, "landslide_id": "SKM/SS/78A07/2015/330", "state": "Sikkim", "district": "South Sikkim", "location": "Robang-Tarku Road", "latitude": 27.270056, "longitude": 88.430139, "movement_type": "Debris Slide", "history": null, "event_date": null, "road_distance_m": 10.298216174340618, "settlement_distance_m": 3162.8359928683321, "amenity_distance_m": 2306.4165996686629, "road_density_500m_km_per_km2": 36.885200667220786, "settlements_within_1km": 0, "amenities_within_1km": 0, "near_road_250m": 1, "near_settlement_1km": 0, "near_amenity_1km": 0 }, "geometry": { "type": "Point", "coordinates": [ 88.430139, 27.270056 ] } },
{ "type": "Feature", "properties": { "record_id": 26442, "landslide_id": "SKM/NS/78A03/2017/32", "state": "Sikkim", "district": "West Sikkim", "location": "Sapong SH", "latitude": 27.270056, "longitude": 88.174444, "movement_type": "Debris Slide", "history": null, "event_date": null, "road_distance_m": 2.5961660891168066, "settlement_distance_m": 771.52412963028155, "amenity_distance_m": 257.28994325422855, "road_density_500m_km_per_km2": 32.835777239609619, "settlements_within_1km": 1, "amenities_within_1km": 1, "near_road_250m": 1, "near_settlement_1km": 1, "near_amenity_1km": 1 }, "geometry": { "type": "Point", "coordinates": [ 88.174444, 27.270056 ] } },
{ "type": "Feature", "properties": { "record_id": 26443, "landslide_id": "SKM/NS/78A03/2017/17", "state": "Sikkim", "district": "West Sikkim", "location": "Jhum Khola SH", "latitude": 27.270667, "longitude": 88.142056, "movement_type": "Rock Fall", "history": null, "event_date": null, "road_distance_m": 21.835064009028212, "settlement_distance_m": 1085.6064744155419, "amenity_distance_m": 3205.2336054704365, "road_density_500m_km_per_km2": 48.01944757150001, "settlements_within_1km": 0, "amenities_within_1km": 0, "near_road_250m": 1, "near_settlement_1km": 0, "near_amenity_1km": 0 }, "geometry": { "type": "Point", "coordinates": [ 88.142056, 27.270667 ] } },
{ "type": "Feature", "properties": { "record_id": 26444, "landslide_id": "SKM/NS/78A03/2017/33", "state": "Sikkim", "district": "West Sikkim", "location": "Lower Sapong SH", "latitude": 27.27075, "longitude": 88.167417, "movement_type": "Debris Slide", "history": null, "event_date": null, "road_distance_m": 0.45034967120811387, "settlement_distance_m": 1311.3221257252758, "amenity_distance_m": 755.79355869200901, "road_density_500m_km_per_km2": 15.044162647289028, "settlements_within_1km": 0, "amenities_within_1km": 1, "near_road_250m": 1, "near_settlement_1km": 0, "near_amenity_1km": 1 }, "geometry": { "type": "Point", "coordinates": [ 88.167417, 27.27075 ] } },
{ "type": "Feature", "properties": { "record_id": 26445, "landslide_id": "SKM/SS/78A07/2015/331", "state": "Sikkim", "district": "South Sikkim", "location": "Robang-Tarku Road", "latitude": 27.271583, "longitude": 88.430389, "movement_type": "Debris Slide", "history": null, "event_date": null, "road_distance_m": 12.136535760990773, "settlement_distance_m": 3029.6686456378593, "amenity_distance_m": 2421.631473565355, "road_density_500m_km_per_km2": 37.076888892547949, "settlements_within_1km": 0, "amenities_within_1km": 0, "near_road_250m": 1, "near_settlement_1km": 0, "near_amenity_1km": 0 }, "geometry": { "type": "Point", "coordinates": [ 88.430389, 27.271583 ] } },
{ "type": "Feature", "properties": { "record_id": 26446, "landslide_id": "SKM/SS/78A07/2015/286", "state": "Sikkim", "district": "South Sikkim", "location": "Gangla village Road", "latitude": 27.272056, "longitude": 88.394139, "movement_type": "Debris Slide", "history": null, "event_date": null, "road_distance_m": 10.246021911173775, "settlement_distance_m": 3227.6257116271086, "amenity_distance_m": 2180.486065734915, "road_density_500m_km_per_km2": 19.809044676775954, "settlements_within_1km": 0, "amenities_within_1km": 0, "near_road_250m": 1, "near_settlement_1km": 0, "near_amenity_1km": 0 }, "geometry": { "type": "Point", "coordinates": [ 88.394139, 27.272056 ] } },
{ "type": "Feature", "properties": { "record_id": 26447, "landslide_id": "SKM/SS/78A07/2015/285", "state": "Sikkim", "district": "South Sikkim", "location": "Sangmo village Road", "latitude": 27.273083, "longitude": 88.389528, "movement_type": "Debris Slide", "history": null, "event_date": null, "road_distance_m": 12.024374322001531, "settlement_distance_m": 3448.5564365556379, "amenity_distance_m": 2605.0568029761412, "road_density_500m_km_per_km2": 21.855951118305907, "settlements_within_1km": 0, "amenities_within_1km": 0, "near_road_250m": 1, "near_settlement_1km": 0, "near_amenity_1km": 0 }, "geometry": { "type": "Point", "coordinates": [ 88.389528, 27.273083 ] } },
{ "type": "Feature", "properties": { "record_id": 26448, "landslide_id": "SKM/WS/78A07/2015/362", "state": "Sikkim", "district": "West Sikkim", "location": null, "latitude": 27.27325, "longitude": 88.303417, "movement_type": "Debris Slide", "history": null, "event_date": null, "road_distance_m": 10.24508104515013, "settlement_distance_m": 2142.5971104203063, "amenity_distance_m": 1049.4278649278785, "road_density_500m_km_per_km2": 18.118671849814252, "settlements_within_1km": 0, "amenities_within_1km": 0, "near_road_250m": 1, "near_settlement_1km": 0, "near_amenity_1km": 0 }, "geometry": { "type": "Point", "coordinates": [ 88.303417, 27.27325 ] } },
{ "type": "Feature", "properties": { "record_id": 26449, "landslide_id": "SKM/SS/78A07/2015/287", "state": "Sikkim", "district": "South Sikkim", "location": "Gangla village Road", "latitude": 27.273861, "longitude": 88.398722, "movement_type": "Debris Slide", "history": null, "event_date": null, "road_distance_m": 12.93930550584199, "settlement_distance_m": 2798.7592587422259, "amenity_distance_m": 2028.6577106526436, "road_density_500m_km_per_km2": 23.205774551147936, "settlements_within_1km": 0, "amenities_within_1km": 0, "near_road_250m": 1, "near_settlement_1km": 0, "near_amenity_1km": 0 }, "geometry": { "type": "Point", "coordinates": [ 88.398722, 27.273861 ] } },
{ "type": "Feature", "properties": { "record_id": 26450, "landslide_id": "SKM/WS/78A07/2015/361", "state": "Sikkim", "district": "West Sikkim", "location": null, "latitude": 27.2755, "longitude": 88.308056, "movement_type": "Debris Slide", "history": null, "event_date": null, "road_distance_m": 122.41722844101716, "settlement_distance_m": 2480.8996328616427, "amenity_distance_m": 609.29746691164678, "road_density_500m_km_per_km2": 22.063763881681854, "settlements_within_1km": 0, "amenities_within_1km": 1, "near_road_250m": 1, "near_settlement_1km": 0, "near_amenity_1km": 1 }, "geometry": { "type": "Point", "coordinates": [ 88.308056, 27.2755 ] } },
{ "type": "Feature", "properties": { "record_id": 26451, "landslide_id": "SKM/NS/78A03/2017/04", "state": "Sikkim", "district": "West Sikkim", "location": "Kachapati SH", "latitude": 27.27575, "longitude": 88.084972, "movement_type": "Debris Slide", "history": null, "event_date": null, "road_distance_m": 12.873939839151777, "settlement_distance_m": 984.1521733642461, "amenity_distance_m": 8647.3543470091572, "road_density_500m_km_per_km2": 16.968211447032193, "settlements_within_1km": 1, "amenities_within_1km": 0, "near_road_250m": 1, "near_settlement_1km": 1, "near_amenity_1km": 0 }, "geometry": { "type": "Point", "coordinates": [ 88.084972, 27.27575 ] } },
{ "type": "Feature", "properties": { "record_id": 26452, "landslide_id": "SKM/WS/78A07/2015/358", "state": "Sikkim", "district": "West Sikkim", "location": "Legship-Geyzing Road", "latitude": 27.275917, "longitude": 88.254278, "movement_type": "Rock Slide", "history": null, "event_date": null, "road_distance_m": 21.375937017674858, "settlement_distance_m": 1592.951767005713, "amenity_distance_m": 1295.849579153296, "road_density_500m_km_per_km2": 18.498523095607457, "settlements_within_1km": 0, "amenities_within_1km": 0, "near_road_250m": 1, "near_settlement_1km": 0, "near_amenity_1km": 0 }, "geometry": { "type": "Point", "coordinates": [ 88.254278, 27.275917 ] } },
{ "type": "Feature", "properties": { "record_id": 26453, "landslide_id": "SKM/SS/78A07/2015/288", "state": "Sikkim", "district": "South Sikkim", "location": "Gangla village Road", "latitude": 27.276167, "longitude": 88.398722, "movement_type": "Debris Slide", "history": null, "event_date": null, "road_distance_m": 10.687495054154986, "settlement_distance_m": 2589.9223305577748, "amenity_distance_m": 2242.596307200688, "road_density_500m_km_per_km2": 23.083705701895212, "settlements_within_1km": 0, "amenities_within_1km": 0, "near_road_250m": 1, "near_settlement_1km": 0, "near_amenity_1km": 0 }, "geometry": { "type": "Point", "coordinates": [ 88.398722, 27.276167 ] } },
{ "type": "Feature", "properties": { "record_id": 26454, "landslide_id": "SKM/SS/78A07/2015/332", "state": "Sikkim", "district": "South Sikkim", "location": "Robang-Tarku Road", "latitude": 27.279889, "longitude": 88.436472, "movement_type": "Debris Slide", "history": null, "event_date": null, "road_distance_m": 9.9372958109694309, "settlement_distance_m": 2746.4486852180253, "amenity_distance_m": 2269.2184613334734, "road_density_500m_km_per_km2": 36.13800751961179, "settlements_within_1km": 0, "amenities_within_1km": 0, "near_road_250m": 1, "near_settlement_1km": 0, "near_amenity_1km": 0 }, "geometry": { "type": "Point", "coordinates": [ 88.436472, 27.279889 ] } },
{ "type": "Feature", "properties": { "record_id": 26455, "landslide_id": "SKM/NS/78A15/2017/159", "state": "Sikkim", "district": "East Sikkim", "location": "Lungthang SH", "latitude": 27.279972, "longitude": 88.804278, "movement_type": "Debris Slide", "history": null, "event_date": null, "road_distance_m": 6.053610885079916, "settlement_distance_m": 435.23215364602618, "amenity_distance_m": 6327.4716585821234, "road_density_500m_km_per_km2": 68.20152502181557, "settlements_within_1km": 1, "amenities_within_1km": 0, "near_road_250m": 1, "near_settlement_1km": 1, "near_amenity_1km": 0 }, "geometry": { "type": "Point", "coordinates": [ 88.804278, 27.279972 ] } },
{ "type": "Feature", "properties": { "record_id": 26456, "landslide_id": "SKM/NS/78A03/2017/23", "state": "Sikkim", "district": "West Sikkim", "location": "Sardong SH", "latitude": 27.279972, "longitude": 88.186917, "movement_type": "Debris Slide", "history": null, "event_date": null, "road_distance_m": 1.166871224276252, "settlement_distance_m": 1963.6984808483189, "amenity_distance_m": 1845.1217302725809, "road_density_500m_km_per_km2": 20.740969840351212, "settlements_within_1km": 0, "amenities_within_1km": 0, "near_road_250m": 1, "near_settlement_1km": 0, "near_amenity_1km": 0 }, "geometry": { "type": "Point", "coordinates": [ 88.186917, 27.279972 ] } },
{ "type": "Feature", "properties": { "record_id": 26457, "landslide_id": "SKM/NS/78A03/2017/26", "state": "Sikkim", "district": "West Sikkim", "location": "Lungzick SH", "latitude": 27.280667, "longitude": 88.190861, "movement_type": "Debris Slide", "history": null, "event_date": null, "road_distance_m": 139.95145688147798, "settlement_distance_m": 2225.4771469293178, "amenity_distance_m": 2179.271235605765, "road_density_500m_km_per_km2": 35.432959757784644, "settlements_within_1km": 0, "amenities_within_1km": 0, "near_road_250m": 1, "near_settlement_1km": 0, "near_amenity_1km": 0 }, "geometry": { "type": "Point", "coordinates": [ 88.190861, 27.280667 ] } },
{ "type": "Feature", "properties": { "record_id": 26458, "landslide_id": "SKM/NS/78A03/2017/05", "state": "Sikkim", "district": "West Sikkim", "location": "SH", "latitude": 27.280889, "longitude": 88.084333, "movement_type": "Debris Slide", "history": null, "event_date": null, "road_distance_m": 9.8885092651967152, "settlement_distance_m": 1488.1240263296133, "amenity_distance_m": 8618.2460413077733, "road_density_500m_km_per_km2": 20.090182099122938, "settlements_within_1km": 0, "amenities_within_1km": 0, "near_road_250m": 1, "near_settlement_1km": 0, "near_amenity_1km": 0 }, "geometry": { "type": "Point", "coordinates": [ 88.084333, 27.280889 ] } },
{ "type": "Feature", "properties": { "record_id": 26459, "landslide_id": "SKM/NS/78A03/2017/28", "state": "Sikkim", "district": "West Sikkim", "location": "Arigown SH", "latitude": 27.281028, "longitude": 88.227667, "movement_type": "Debris Slide", "history": null, "event_date": null, "road_distance_m": 4.0301016998372505, "settlement_distance_m": 1379.0727535376548, "amenity_distance_m": 137.04107926197673, "road_density_500m_km_per_km2": 16.485716186512999, "settlements_within_1km": 0, "amenities_within_1km": 1, "near_road_250m": 1, "near_settlement_1km": 0, "near_amenity_1km": 1 }, "geometry": { "type": "Point", "coordinates": [ 88.227667, 27.281028 ] } },
{ "type": "Feature", "properties": { "record_id": 26460, "landslide_id": "SKM/NS/78A03/2017/22", "state": "Sikkim", "district": "West Sikkim", "location": "Sardong SH", "latitude": 27.281444, "longitude": 88.187833, "movement_type": "Debris Slide", "history": null, "event_date": null, "road_distance_m": 29.512439897377469, "settlement_distance_m": 2149.9938758433022, "amenity_distance_m": 1989.1066867345603, "road_density_500m_km_per_km2": 20.571415365369731, "settlements_within_1km": 0, "amenities_within_1km": 0, "near_road_250m": 1, "near_settlement_1km": 0, "near_amenity_1km": 0 }, "geometry": { "type": "Point", "coordinates": [ 88.187833, 27.281444 ] } },
{ "type": "Feature", "properties": { "record_id": 26461, "landslide_id": "SKM/NS/78A03/2017/29", "state": "Sikkim", "district": "West Sikkim", "location": "Arigown SH", "latitude": 27.281611, "longitude": 88.229556, "movement_type": "Debris Slide", "history": null, "event_date": null, "road_distance_m": 22.995653049937786, "settlement_distance_m": 1571.1960163887463, "amenity_distance_m": 325.3557733253644, "road_density_500m_km_per_km2": 16.549222013474342, "settlements_within_1km": 0, "amenities_within_1km": 1, "near_road_250m": 1, "near_settlement_1km": 0, "near_amenity_1km": 1 }, "geometry": { "type": "Point", "coordinates": [ 88.229556, 27.281611 ] } },
{ "type": "Feature", "properties": { "record_id": 26462, "landslide_id": "SKM/SS/78A07/2015/334", "state": "Sikkim", "district": "South Sikkim", "location": "Robang-Tarku Road", "latitude": 27.282, "longitude": 88.415028, "movement_type": "Debris Slide", "history": null, "event_date": null, "road_distance_m": 16.129648989621685, "settlement_distance_m": 1429.7629991371857, "amenity_distance_m": 1352.0368955560955, "road_density_500m_km_per_km2": 41.102913387193318, "settlements_within_1km": 0, "amenities_within_1km": 0, "near_road_250m": 1, "near_settlement_1km": 0, "near_amenity_1km": 0 }, "geometry": { "type": "Point", "coordinates": [ 88.415028, 27.282 ] } },
{ "type": "Feature", "properties": { "record_id": 26463, "landslide_id": "SKM/ES/78A11/2015/97", "state": "Sikkim", "district": "East Sikkim", "location": null, "latitude": 27.282444, "longitude": 88.598917, "movement_type": "Debris Slide", "history": null, "event_date": null, "road_distance_m": 3.4947811768078143, "settlement_distance_m": 1590.6773218454432, "amenity_distance_m": 912.34584413856498, "road_density_500m_km_per_km2": 28.355903524542928, "settlements_within_1km": 0, "amenities_within_1km": 2, "near_road_250m": 1, "near_settlement_1km": 0, "near_amenity_1km": 1 }, "geometry": { "type": "Point", "coordinates": [ 88.598917, 27.282444 ] } },
{ "type": "Feature", "properties": { "record_id": 26464, "landslide_id": "SKM/NS/78A03/2017/09", "state": "Sikkim", "district": "West Sikkim", "location": "Sarkitar SH", "latitude": 27.282667, "longitude": 88.108278, "movement_type": "Debris Slide", "history": null, "event_date": null, "road_distance_m": 70.44194623634354, "settlement_distance_m": 2782.067317003402, "amenity_distance_m": 6243.34448243119, "road_density_500m_km_per_km2": 33.754657887079787, "settlements_within_1km": 0, "amenities_within_1km": 0, "near_road_250m": 1, "near_settlement_1km": 0, "near_amenity_1km": 0 }, "geometry": { "type": "Point", "coordinates": [ 88.108278, 27.282667 ] } },
{ "type": "Feature", "properties": { "record_id": 26465, "landslide_id": "SKM/NS/78A03/2017/21", "state": "Sikkim", "district": "West Sikkim", "location": "Sardong SH", "latitude": 27.282917, "longitude": 88.189556, "movement_type": "Debris Slide", "history": null, "event_date": null, "road_distance_m": 14.713888576996274, "settlement_distance_m": 2372.8741552454917, "amenity_distance_m": 2062.025141090076, "road_density_500m_km_per_km2": 20.571415365369731, "settlements_within_1km": 0, "amenities_within_1km": 0, "near_road_250m": 1, "near_settlement_1km": 0, "near_amenity_1km": 0 }, "geometry": { "type": "Point", "coordinates": [ 88.189556, 27.282917 ] } },
{ "type": "Feature", "properties": { "record_id": 26466, "landslide_id": "SKM/NS/78A03/2017/08", "state": "Sikkim", "district": "West Sikkim", "location": "SH", "latitude": 27.283194, "longitude": 88.106667, "movement_type": "Debris Slide", "history": null, "event_date": null, "road_distance_m": 6.6183812593566813, "settlement_distance_m": 2904.0100471279325, "amenity_distance_m": 6393.1723977968477, "road_density_500m_km_per_km2": 33.754657887079787, "settlements_within_1km": 0, "amenities_within_1km": 0, "near_road_250m": 1, "near_settlement_1km": 0, "near_amenity_1km": 0 }, "geometry": { "type": "Point", "coordinates": [ 88.106667, 27.283194 ] } },
{ "type": "Feature", "properties": { "record_id": 26467, "landslide_id": "SKM/NS/78A03/2017/25", "state": "Sikkim", "district": "West Sikkim", "location": "SH", "latitude": 27.283444, "longitude": 88.192639, "movement_type": "Debris Slide", "history": null, "event_date": null, "road_distance_m": 7.104397891209782, "settlement_distance_m": 2541.4268239110024, "amenity_distance_m": 2320.7142729260504, "road_density_500m_km_per_km2": 20.421242239493317, "settlements_within_1km": 0, "amenities_within_1km": 0, "near_road_250m": 1, "near_settlement_1km": 0, "near_amenity_1km": 0 }, "geometry": { "type": "Point", "coordinates": [ 88.192639, 27.283444 ] } },
{ "type": "Feature", "properties": { "record_id": 26468, "landslide_id": "SKM/NS/78A03/2017/20", "state": "Sikkim", "district": "West Sikkim", "location": "Sardong SH", "latitude": 27.283639, "longitude": 88.189944, "movement_type": "Debris Slide", "history": null, "event_date": null, "road_distance_m": 3.7148900930595383, "settlement_distance_m": 2461.5293840292165, "amenity_distance_m": 2064.7473114856134, "road_density_500m_km_per_km2": 20.108981593937958, "settlements_within_1km": 0, "amenities_within_1km": 0, "near_road_250m": 1, "near_settlement_1km": 0, "near_amenity_1km": 0 }, "geometry": { "type": "Point", "coordinates": [ 88.189944, 27.283639 ] } },
{ "type": "Feature", "properties": { "record_id": 26469, "landslide_id": "SK/EAS/78A11/2014/01", "state": "Sikkim", "district": "East Sikkim", "location": "Dhankutey dhara Slide 3km away from Rumtek on", "latitude": 27.28408, "longitude": 88.54611, "movement_type": "Earth Slide", "history": "28 August 2013", "event_date": "2013-08-28T00:00:00", "road_distance_m": 39.573403727470023, "settlement_distance_m": 1662.3647634034826, "amenity_distance_m": 1551.2026876244781, "road_density_500m_km_per_km2": 34.718005383093661, "settlements_within_1km": 0, "amenities_within_1km": 0, "near_road_250m": 1, "near_settlement_1km": 0, "near_amenity_1km": 0 }, "geometry": { "type": "Point", "coordinates": [ 88.54611, 27.28408 ] } },
{ "type": "Feature", "properties": { "record_id": 26470, "landslide_id": "SKM/WS/78A07/2015/359", "state": "Sikkim", "district": "West Sikkim", "location": "Legship-Geyzing Road", "latitude": 27.284139, "longitude": 88.264889, "movement_type": "Debris Slide", "history": null, "event_date": null, "road_distance_m": 1.2755771903133959, "settlement_distance_m": 995.80678065716506, "amenity_distance_m": 847.87893998208517, "road_density_500m_km_per_km2": 20.521416148904276, "settlements_within_1km": 1, "amenities_within_1km": 5, "near_road_250m": 1, "near_settlement_1km": 1, "near_amenity_1km": 1 }, "geometry": { "type": "Point", "coordinates": [ 88.264889, 27.284139 ] } },
{ "type": "Feature", "properties": { "record_id": 26471, "landslide_id": "SKM/SS/78A07/2015/291", "state": "Sikkim", "district": "South Sikkim", "location": "Gangla village Road", "latitude": 27.28425, "longitude": 88.370056, "movement_type": "Debris Slide", "history": null, "event_date": null, "road_distance_m": 6.4416147372784716, "settlement_distance_m": 2378.0613835744471, "amenity_distance_m": 1429.6687957504655, "road_density_500m_km_per_km2": 7.1042304891940278, "settlements_within_1km": 0, "amenities_within_1km": 0, "near_road_250m": 1, "near_settlement_1km": 0, "near_amenity_1km": 0 }, "geometry": { "type": "Point", "coordinates": [ 88.370056, 27.28425 ] } },
{ "type": "Feature", "properties": { "record_id": 26472, "landslide_id": "SKM/NS/78A03/2017/24", "state": "Sikkim", "district": "West Sikkim", "location": "SH", "latitude": 27.284528, "longitude": 88.195583, "movement_type": "Debris Slide", "history": null, "event_date": null, "road_distance_m": 3.9484512331051222, "settlement_distance_m": 2335.3296692807576, "amenity_distance_m": 2560.2174189728898, "road_density_500m_km_per_km2": 20.421242239493317, "settlements_within_1km": 0, "amenities_within_1km": 0, "near_road_250m": 1, "near_settlement_1km": 0, "near_amenity_1km": 0 }, "geometry": { "type": "Point", "coordinates": [ 88.195583, 27.284528 ] } },
{ "type": "Feature", "properties": { "record_id": 26473, "landslide_id": "SKM/NS/78A03/2017/10", "state": "Sikkim", "district": "West Sikkim", "location": "SH", "latitude": 27.28475, "longitude": 88.106194, "movement_type": "Rock Fall", "history": null, "event_date": null, "road_distance_m": 7.1334853897509269, "settlement_distance_m": 3079.086122168836, "amenity_distance_m": 6419.2038529422662, "road_density_500m_km_per_km2": 33.754657887079787, "settlements_within_1km": 0, "amenities_within_1km": 0, "near_road_250m": 1, "near_settlement_1km": 0, "near_amenity_1km": 0 }, "geometry": { "type": "Point", "coordinates": [ 88.106194, 27.28475 ] } },
{ "type": "Feature", "properties": { "record_id": 26474, "landslide_id": "SKM/NS/78A03/2017/27", "state": "Sikkim", "district": "West Sikkim", "location": "Sardong SH", "latitude": 27.285, "longitude": 88.197583, "movement_type": "Debris Slide", "history": null, "event_date": null, "road_distance_m": 3.9607243039640885, "settlement_distance_m": 2193.797071506046, "amenity_distance_m": 2394.7891947969533, "road_density_500m_km_per_km2": 20.421242239493317, "settlements_within_1km": 0, "amenities_within_1km": 0, "near_road_250m": 1, "near_settlement_1km": 0, "near_amenity_1km": 0 }, "geometry": { "type": "Point", "coordinates": [ 88.197583, 27.285 ] } },
{ "type": "Feature", "properties": { "record_id": 26475, "landslide_id": "SKM/SS/78A07/2015/292", "state": "Sikkim", "district": "South Sikkim", "location": "Gangla village Road", "latitude": 27.287194, "longitude": 88.369444, "movement_type": "Debris Slide", "history": null, "event_date": null, "road_distance_m": 11.250807816120862, "settlement_distance_m": 2046.8199147512446, "amenity_distance_m": 1108.8978485442581, "road_density_500m_km_per_km2": 22.421520211076494, "settlements_within_1km": 0, "amenities_within_1km": 0, "near_road_250m": 1, "near_settlement_1km": 0, "near_amenity_1km": 0 }, "geometry": { "type": "Point", "coordinates": [ 88.369444, 27.287194 ] } },
{ "type": "Feature", "properties": { "record_id": 26476, "landslide_id": "SKM/NS/78A03/2017/11", "state": "Sikkim", "district": "West Sikkim", "location": "SH", "latitude": 27.287361, "longitude": 88.102611, "movement_type": "Debris Slide", "history": null, "event_date": null, "road_distance_m": 3.4262709750445857, "settlement_distance_m": 3091.4055723769707, "amenity_distance_m": 6749.3359785202156, "road_density_500m_km_per_km2": 24.230171417457345, "settlements_within_1km": 0, "amenities_within_1km": 0, "near_road_250m": 1, "near_settlement_1km": 0, "near_amenity_1km": 0 }, "geometry": { "type": "Point", "coordinates": [ 88.102611, 27.287361 ] } },
{ "type": "Feature", "properties": { "record_id": 26477, "landslide_id": "SKM/NS/78A03/2017/13", "state": "Sikkim", "district": "West Sikkim", "location": "SH", "latitude": 27.288167, "longitude": 88.102778, "movement_type": "Rock Fall", "history": null, "event_date": null, "road_distance_m": 7.7204682851249924, "settlement_distance_m": 3165.7140236828645, "amenity_distance_m": 6728.3214854641319, "road_density_500m_km_per_km2": 24.230171417457345, "settlements_within_1km": 0, "amenities_within_1km": 0, "near_road_250m": 1, "near_settlement_1km": 0, "near_amenity_1km": 0 }, "geometry": { "type": "Point", "coordinates": [ 88.102778, 27.288167 ] } },
{ "type": "Feature", "properties": { "record_id": 26478, "landslide_id": "SKM/NS/78A03/2017/12", "state": "Sikkim", "district": "West Sikkim", "location": "SH", "latitude": 27.288444, "longitude": 88.102667, "movement_type": "Rock Fall", "history": null, "event_date": null, "road_distance_m": 9.6788800856245345, "settlement_distance_m": 3179.7315630277458, "amenity_distance_m": 6738.0214087774439, "road_density_500m_km_per_km2": 24.230171417457345, "settlements_within_1km": 0, "amenities_within_1km": 0, "near_road_250m": 1, "near_settlement_1km": 0, "near_amenity_1km": 0 }, "geometry": { "type": "Point", "coordinates": [ 88.102667, 27.288444 ] } },
{ "type": "Feature", "properties": { "record_id": 26479, "landslide_id": "SKM/NS/78A15/2017/158", "state": "Sikkim", "district": "East Sikkim", "location": "SH", "latitude": 27.288667, "longitude": 88.816111, "movement_type": "Debris Slide", "history": null, "event_date": null, "road_distance_m": 1.9182556679371208, "settlement_distance_m": 347.80681819948558, "amenity_distance_m": 7828.1773046989583, "road_density_500m_km_per_km2": 73.355090840106129, "settlements_within_1km": 1, "amenities_within_1km": 0, "near_road_250m": 1, "near_settlement_1km": 1, "near_amenity_1km": 0 }, "geometry": { "type": "Point", "coordinates": [ 88.816111, 27.288667 ] } },
{ "type": "Feature", "properties": { "record_id": 26480, "landslide_id": "SKM/NS/78A03/2017/06", "state": "Sikkim", "district": "West Sikkim", "location": "SH", "latitude": 27.289861, "longitude": 88.084389, "movement_type": "Debris Slide", "history": null, "event_date": null, "road_distance_m": 6.8114619635647653, "settlement_distance_m": 2459.0755020194824, "amenity_distance_m": 8542.5385193718339, "road_density_500m_km_per_km2": 11.52498135184355, "settlements_within_1km": 0, "amenities_within_1km": 0, "near_road_250m": 1, "near_settlement_1km": 0, "near_amenity_1km": 0 }, "geometry": { "type": "Point", "coordinates": [ 88.084389, 27.289861 ] } },
{ "type": "Feature", "properties": { "record_id": 26481, "landslide_id": "SKM/NS/78A15/2017/157", "state": "Sikkim", "district": "East Sikkim", "location": "Nathang Valley SH", "latitude": 27.292583, "longitude": 88.820417, "movement_type": "Debris Slide", "history": null, "event_date": null, "road_distance_m": 4.9477829422119148, "settlement_distance_m": 754.61616380455553, "amenity_distance_m": 8436.287235726053, "road_density_500m_km_per_km2": 5.8015603049942488, "settlements_within_1km": 2, "amenities_within_1km": 0, "near_road_250m": 1, "near_settlement_1km": 1, "near_amenity_1km": 0 }, "geometry": { "type": "Point", "coordinates": [ 88.820417, 27.292583 ] } },
{ "type": "Feature", "properties": { "record_id": 26482, "landslide_id": "SKM/ES/78A11/2015/159", "state": "Sikkim", "district": "East Sikkim", "location": "NH-31A", "latitude": 27.292944, "longitude": 88.589417, "movement_type": "Debris Slide", "history": null, "event_date": null, "road_distance_m": 15.047199291562348, "settlement_distance_m": 136.36974589792626, "amenity_distance_m": 149.08393626893465, "road_density_500m_km_per_km2": 34.734099378173099, "settlements_within_1km": 1, "amenities_within_1km": 13, "near_road_250m": 1, "near_settlement_1km": 1, "near_amenity_1km": 1 }, "geometry": { "type": "Point", "coordinates": [ 88.589417, 27.292944 ] } },
{ "type": "Feature", "properties": { "record_id": 26483, "landslide_id": "SKM/WS/78A07/2015/380", "state": "Sikkim", "district": "West Sikkim", "location": null, "latitude": 27.293417, "longitude": 88.294917, "movement_type": "Debris Slide", "history": null, "event_date": null, "road_distance_m": 0.34083430531143283, "settlement_distance_m": 1678.4621550097859, "amenity_distance_m": 1592.9884616880452, "road_density_500m_km_per_km2": 7.7959404837864907, "settlements_within_1km": 0, "amenities_within_1km": 0, "near_road_250m": 1, "near_settlement_1km": 0, "near_amenity_1km": 0 }, "geometry": { "type": "Point", "coordinates": [ 88.294917, 27.293417 ] } },
{ "type": "Feature", "properties": { "record_id": 26484, "landslide_id": "SKM/ES/78A11/2015/98", "state": "Sikkim", "district": "East Sikkim", "location": "Namok Road", "latitude": 27.293556, "longitude": 88.642056, "movement_type": "Debris Slide", "history": null, "event_date": null, "road_distance_m": 8.7816411410527273, "settlement_distance_m": 3930.1116429375284, "amenity_distance_m": 4261.8614223572404, "road_density_500m_km_per_km2": 14.392526689403496, "settlements_within_1km": 0, "amenities_within_1km": 0, "near_road_250m": 1, "near_settlement_1km": 0, "near_amenity_1km": 0 }, "geometry": { "type": "Point", "coordinates": [ 88.642056, 27.293556 ] } },
{ "type": "Feature", "properties": { "record_id": 26485, "landslide_id": "SKM/NS/78A03/2017/07", "state": "Sikkim", "district": "West Sikkim", "location": "Kumuk SH", "latitude": 27.294889, "longitude": 88.079944, "movement_type": "Debris Slide", "history": null, "event_date": null, "road_distance_m": 1.52777935902241, "settlement_distance_m": 2979.6855433117589, "amenity_distance_m": 8992.9300104806644, "road_density_500m_km_per_km2": 11.52498135184355, "settlements_within_1km": 0, "amenities_within_1km": 0, "near_road_250m": 1, "near_settlement_1km": 0, "near_amenity_1km": 0 }, "geometry": { "type": "Point", "coordinates": [ 88.079944, 27.294889 ] } },
{ "type": "Feature", "properties": { "record_id": 26486, "landslide_id": "SKM/NS/78A03/2017/14", "state": "Sikkim", "district": "West Sikkim", "location": "SH", "latitude": 27.29525, "longitude": 88.102694, "movement_type": "Debris Slide", "history": null, "event_date": null, "road_distance_m": 5.4447634648623158, "settlement_distance_m": 3755.9630501046281, "amenity_distance_m": 6747.8964754951103, "road_density_500m_km_per_km2": 10.493851099190289, "settlements_within_1km": 0, "amenities_within_1km": 0, "near_road_250m": 1, "near_settlement_1km": 0, "near_amenity_1km": 0 }, "geometry": { "type": "Point", "coordinates": [ 88.102694, 27.29525 ] } },
{ "type": "Feature", "properties": { "record_id": 26487, "landslide_id": "SKM/NS/78A03/2017/16", "state": "Sikkim", "district": "West Sikkim", "location": "SH", "latitude": 27.295444, "longitude": 88.094583, "movement_type": "Debris Slide", "history": null, "event_date": null, "road_distance_m": 18.997512647519137, "settlement_distance_m": 3360.8864832186309, "amenity_distance_m": 7550.1714673056267, "road_density_500m_km_per_km2": 9.324233448909462, "settlements_within_1km": 0, "amenities_within_1km": 0, "near_road_250m": 1, "near_settlement_1km": 0, "near_amenity_1km": 0 }, "geometry": { "type": "Point", "coordinates": [ 88.094583, 27.295444 ] } },
{ "type": "Feature", "properties": { "record_id": 26488, "landslide_id": "SKM/NS/78A03/2017/15", "state": "Sikkim", "district": "West Sikkim", "location": "SH", "latitude": 27.296028, "longitude": 88.10175, "movement_type": "Debris Slide", "history": null, "event_date": null, "road_distance_m": 0.83789868358625919, "settlement_distance_m": 3771.7998029473029, "amenity_distance_m": 6847.7827813090753, "road_density_500m_km_per_km2": 10.345595988983233, "settlements_within_1km": 0, "amenities_within_1km": 0, "near_road_250m": 1, "near_settlement_1km": 0, "near_amenity_1km": 0 }, "geometry": { "type": "Point", "coordinates": [ 88.10175, 27.296028 ] } },
{ "type": "Feature", "properties": { "record_id": 26489, "landslide_id": "SKM/SS/78A07/2015/335", "state": "Sikkim", "district": "South Sikkim", "location": "Robang-Tarku Road", "latitude": 27.297139, "longitude": 88.388472, "movement_type": "Debris Slide", "history": null, "event_date": null, "road_distance_m": 4.7428634101588676, "settlement_distance_m": 2174.4448387522843, "amenity_distance_m": 2124.1277092970286, "road_density_500m_km_per_km2": 29.036465624560083, "settlements_within_1km": 0, "amenities_within_1km": 0, "near_road_250m": 1, "near_settlement_1km": 0, "near_amenity_1km": 0 }, "geometry": { "type": "Point", "coordinates": [ 88.388472, 27.297139 ] } },
{ "type": "Feature", "properties": { "record_id": 26490, "landslide_id": "SKM/SS/78A07/2015/338", "state": "Sikkim", "district": "South Sikkim", "location": "Lingmo village Road", "latitude": 27.29975, "longitude": 88.419778, "movement_type": "Debris Slide", "history": null, "event_date": null, "road_distance_m": 6.6879300662864605, "settlement_distance_m": 758.01142810492786, "amenity_distance_m": 477.98756656079229, "road_density_500m_km_per_km2": 44.19176370396324, "settlements_within_1km": 1, "amenities_within_1km": 10, "near_road_250m": 1, "near_settlement_1km": 1, "near_amenity_1km": 1 }, "geometry": { "type": "Point", "coordinates": [ 88.419778, 27.29975 ] } },
{ "type": "Feature", "properties": { "record_id": 26491, "landslide_id": "SKM/NS/78A03/2017/46", "state": "Sikkim", "district": "West Sikkim", "location": "Singdong SH", "latitude": 27.301972, "longitude": 88.218778, "movement_type": "Debris Slide", "history": null, "event_date": null, "road_distance_m": 10.118770536286588, "settlement_distance_m": 1679.1891373635503, "amenity_distance_m": 533.77009025064933, "road_density_500m_km_per_km2": 23.368673765747996, "settlements_within_1km": 0, "amenities_within_1km": 2, "near_road_250m": 1, "near_settlement_1km": 0, "near_amenity_1km": 1 }, "geometry": { "type": "Point", "coordinates": [ 88.218778, 27.301972 ] } },
{ "type": "Feature", "properties": { "record_id": 26492, "landslide_id": "SKM/SS/78A07/2015/284", "state": "Sikkim", "district": "South Sikkim", "location": "Sangmo village Road", "latitude": 27.302861, "longitude": 88.373944, "movement_type": "Debris Slide", "history": null, "event_date": null, "road_distance_m": 5.473410339035726, "settlement_distance_m": 970.44627790005904, "amenity_distance_m": 881.24933033227637, "road_density_500m_km_per_km2": 34.331788197549798, "settlements_within_1km": 1, "amenities_within_1km": 7, "near_road_250m": 1, "near_settlement_1km": 1, "near_amenity_1km": 1 }, "geometry": { "type": "Point", "coordinates": [ 88.373944, 27.302861 ] } },
{ "type": "Feature", "properties": { "record_id": 26493, "landslide_id": "SKM/SS/78A07/2015/333", "state": "Sikkim", "district": "South Sikkim", "location": "Robang-Tarku Road", "latitude": 27.303083, "longitude": 88.433167, "movement_type": "Debris Slide", "history": null, "event_date": null, "road_distance_m": 20.261428505786544, "settlement_distance_m": 2068.6353733791275, "amenity_distance_m": 1576.9698515198791, "road_density_500m_km_per_km2": 38.334951488611949, "settlements_within_1km": 0, "amenities_within_1km": 0, "near_road_250m": 1, "near_settlement_1km": 0, "near_amenity_1km": 0 }, "geometry": { "type": "Point", "coordinates": [ 88.433167, 27.303083 ] } },
{ "type": "Feature", "properties": { "record_id": 26494, "landslide_id": "SKM/NS/78A03/2017/107", "state": "Sikkim", "district": "West Sikkim", "location": "SH", "latitude": 27.304028, "longitude": 88.178806, "movement_type": "Debris Slide", "history": null, "event_date": null, "road_distance_m": 3.7972150725946512, "settlement_distance_m": 1380.2063238491014, "amenity_distance_m": 765.27988225847366, "road_density_500m_km_per_km2": 23.00807531457172, "settlements_within_1km": 0, "amenities_within_1km": 1, "near_road_250m": 1, "near_settlement_1km": 0, "near_amenity_1km": 1 }, "geometry": { "type": "Point", "coordinates": [ 88.178806, 27.304028 ] } },
{ "type": "Feature", "properties": { "record_id": 26495, "landslide_id": "SKM/NS/78A03/2017/47", "state": "Sikkim", "district": "West Sikkim", "location": "Singdong SH", "latitude": 27.30675, "longitude": 88.199083, "movement_type": "Rock Slide", "history": null, "event_date": null, "road_distance_m": 11.106753378765941, "settlement_distance_m": 1578.5752690975194, "amenity_distance_m": 1295.6248616695821, "road_density_500m_km_per_km2": 23.077754397741792, "settlements_within_1km": 0, "amenities_within_1km": 0, "near_road_250m": 1, "near_settlement_1km": 0, "near_amenity_1km": 0 }, "geometry": { "type": "Point", "coordinates": [ 88.199083, 27.30675 ] } },
{ "type": "Feature", "properties": { "record_id": 26496, "landslide_id": "SKM/SS/78A07/2015/336", "state": "Sikkim", "district": "South Sikkim", "location": "Robang-Tarku Road", "latitude": 27.306806, "longitude": 88.375194, "movement_type": "Debris Slide", "history": null, "event_date": null, "road_distance_m": 10.381864397725188, "settlement_distance_m": 1077.2813058305151, "amenity_distance_m": 985.92405258945973, "road_density_500m_km_per_km2": 34.629200187270762, "settlements_within_1km": 0, "amenities_within_1km": 3, "near_road_250m": 1, "near_settlement_1km": 0, "near_amenity_1km": 1 }, "geometry": { "type": "Point", "coordinates": [ 88.375194, 27.306806 ] } },
{ "type": "Feature", "properties": { "record_id": 26497, "landslide_id": "SKM/SS/78A07/2015/283", "state": "Sikkim", "district": "South Sikkim", "location": "Sangmo village Road", "latitude": 27.306861, "longitude": 88.368444, "movement_type": "Debris Slide", "history": null, "event_date": null, "road_distance_m": 3.7298463753964208, "settlement_distance_m": 437.4984930546334, "amenity_distance_m": 347.37662820975555, "road_density_500m_km_per_km2": 42.456720220646481, "settlements_within_1km": 1, "amenities_within_1km": 16, "near_road_250m": 1, "near_settlement_1km": 1, "near_amenity_1km": 1 }, "geometry": { "type": "Point", "coordinates": [ 88.368444, 27.306861 ] } },
{ "type": "Feature", "properties": { "record_id": 26498, "landslide_id": "SKM/SS/78A07/2015/337", "state": "Sikkim", "district": "South Sikkim", "location": "Lingmo village Road", "latitude": 27.311667, "longitude": 88.418611, "movement_type": "Debris Subsidence", "history": null, "event_date": null, "road_distance_m": 14.774039481339035, "settlement_distance_m": 1396.2000781804459, "amenity_distance_m": 904.76436332410151, "road_density_500m_km_per_km2": 13.238034972777083, "settlements_within_1km": 0, "amenities_within_1km": 2, "near_road_250m": 1, "near_settlement_1km": 0, "near_amenity_1km": 1 }, "geometry": { "type": "Point", "coordinates": [ 88.418611, 27.311667 ] } },
{ "type": "Feature", "properties": { "record_id": 26499, "landslide_id": "SKM/NS/78A03/2017/48", "state": "Sikkim", "district": "West Sikkim", "location": "Rimbi SH", "latitude": 27.313722, "longitude": 88.189917, "movement_type": "Rock Slide", "history": null, "event_date": null, "road_distance_m": 15.988197150706329, "settlement_distance_m": 414.75099803285872, "amenity_distance_m": 881.44919360063705, "road_density_500m_km_per_km2": 28.052944873457715, "settlements_within_1km": 1, "amenities_within_1km": 1, "near_road_250m": 1, "near_settlement_1km": 1, "near_amenity_1km": 1 }, "geometry": { "type": "Point", "coordinates": [ 88.189917, 27.313722 ] } },
{ "type": "Feature", "properties": { "record_id": 26500, "landslide_id": "SKM/ES/78A11/2015/42", "state": "Sikkim", "district": "East Sikkim", "location": "Lingdum Road", "latitude": 27.313917, "longitude": 88.557583, "movement_type": "Debris Slide", "history": null, "event_date": null, "road_distance_m": 47.341121735326411, "settlement_distance_m": 2513.3382093259279, "amenity_distance_m": 728.25836066880424, "road_density_500m_km_per_km2": 21.762891663187862, "settlements_within_1km": 0, "amenities_within_1km": 3, "near_road_250m": 1, "near_settlement_1km": 0, "near_amenity_1km": 1 }, "geometry": { "type": "Point", "coordinates": [ 88.557583, 27.313917 ] } },
{ "type": "Feature", "properties": { "record_id": 26501, "landslide_id": "SKM/NS/78A15/2017/156", "state": "Sikkim", "district": "East Sikkim", "location": "Purana Baba Mandir SH", "latitude": 27.3145, "longitude": 88.8365, "movement_type": "Debris Slide", "history": null, "event_date": null, "road_distance_m": 13.013252401180551, "settlement_distance_m": 1469.6097098382054, "amenity_distance_m": 7924.18448821733, "road_density_500m_km_per_km2": 25.220383197128918, "settlements_within_1km": 0, "amenities_within_1km": 0, "near_road_250m": 1, "near_settlement_1km": 0, "near_amenity_1km": 0 }, "geometry": { "type": "Point", "coordinates": [ 88.8365, 27.3145 ] } },
{ "type": "Feature", "properties": { "record_id": 26502, "landslide_id": "SKM/SS/78A07/2015/340", "state": "Sikkim", "district": "South Sikkim", "location": "Lingmo village Road", "latitude": 27.314694, "longitude": 88.417917, "movement_type": "Debris Subsidence", "history": null, "event_date": null, "road_distance_m": 0.31022008295679276, "settlement_distance_m": 1636.6572273337288, "amenity_distance_m": 1146.5004961748311, "road_density_500m_km_per_km2": 13.013423250442486, "settlements_within_1km": 0, "amenities_within_1km": 0, "near_road_250m": 1, "near_settlement_1km": 0, "near_amenity_1km": 0 }, "geometry": { "type": "Point", "coordinates": [ 88.417917, 27.314694 ] } },
{ "type": "Feature", "properties": { "record_id": 26503, "landslide_id": "SKM/ES/78A11/2015/41", "state": "Sikkim", "district": "East Sikkim", "location": "Lingdum Road", "latitude": 27.315028, "longitude": 88.558139, "movement_type": "Rock Fall", "history": null, "event_date": null, "road_distance_m": 9.8349572102466549, "settlement_distance_m": 2629.5077442175934, "amenity_distance_m": 593.46895115638529, "road_density_500m_km_per_km2": 23.020828331561923, "settlements_within_1km": 0, "amenities_within_1km": 3, "near_road_250m": 1, "near_settlement_1km": 0, "near_amenity_1km": 1 }, "geometry": { "type": "Point", "coordinates": [ 88.558139, 27.315028 ] } },
{ "type": "Feature", "properties": { "record_id": 26504, "landslide_id": "SKM/ES/78A11/2015/43", "state": "Sikkim", "district": "East Sikkim", "location": "Lingdum Road", "latitude": 27.315028, "longitude": 88.558611, "movement_type": "Debris Slide", "history": null, "event_date": null, "road_distance_m": 2.1095605603647205, "settlement_distance_m": 2625.3071611333157, "amenity_distance_m": 577.24486326347164, "road_density_500m_km_per_km2": 23.020828331561923, "settlements_within_1km": 0, "amenities_within_1km": 3, "near_road_250m": 1, "near_settlement_1km": 0, "near_amenity_1km": 1 }, "geometry": { "type": "Point", "coordinates": [ 88.558611, 27.315028 ] } },
{ "type": "Feature", "properties": { "record_id": 26505, "landslide_id": "SKM/ES/78A11/2015/47", "state": "Sikkim", "district": "East Sikkim", "location": "Khamdong NULL", "latitude": 27.315083, "longitude": 88.506056, "movement_type": "Debris Slide", "history": null, "event_date": null, "road_distance_m": 7.245972167288171, "settlement_distance_m": 3956.3177790531686, "amenity_distance_m": 3454.1189943370127, "road_density_500m_km_per_km2": 26.696728906104628, "settlements_within_1km": 0, "amenities_within_1km": 0, "near_road_250m": 1, "near_settlement_1km": 0, "near_amenity_1km": 0 }, "geometry": { "type": "Point", "coordinates": [ 88.506056, 27.315083 ] } },
{ "type": "Feature", "properties": { "record_id": 26506, "landslide_id": "SKM/NS/78A03/2017/62", "state": "Sikkim", "district": "West Sikkim", "location": "SH", "latitude": 27.315778, "longitude": 88.178944, "movement_type": "Debris Slide", "history": null, "event_date": null, "road_distance_m": 5.030368794095244, "settlement_distance_m": 696.52331798811213, "amenity_distance_m": 1234.868553054187, "road_density_500m_km_per_km2": 10.089276891358539, "settlements_within_1km": 1, "amenities_within_1km": 0, "near_road_250m": 1, "near_settlement_1km": 1, "near_amenity_1km": 0 }, "geometry": { "type": "Point", "coordinates": [ 88.178944, 27.315778 ] } },
{ "type": "Feature", "properties": { "record_id": 26507, "landslide_id": "SKM/ES/78A11/2015/44", "state": "Sikkim", "district": "East Sikkim", "location": "Sangmoo Lingdum Road", "latitude": 27.316, "longitude": 88.559889, "movement_type": "Rock Slide", "history": null, "event_date": null, "road_distance_m": 4.0637809624930075, "settlement_distance_m": 2725.7254068357306, "amenity_distance_m": 444.01546232295789, "road_density_500m_km_per_km2": 16.263543860392691, "settlements_within_1km": 0, "amenities_within_1km": 3, "near_road_250m": 1, "near_settlement_1km": 0, "near_amenity_1km": 1 }, "geometry": { "type": "Point", "coordinates": [ 88.559889, 27.316 ] } },
{ "type": "Feature", "properties": { "record_id": 26508, "landslide_id": "SKM/NS/78A03/2017/63", "state": "Sikkim", "district": "West Sikkim", "location": "SH", "latitude": 27.316583, "longitude": 88.178917, "movement_type": "Debris Slide", "history": null, "event_date": null, "road_distance_m": 18.659356460167494, "settlement_distance_m": 718.95011396520476, "amenity_distance_m": 1310.8546322604589, "road_density_500m_km_per_km2": 13.591617920576207, "settlements_within_1km": 1, "amenities_within_1km": 0, "near_road_250m": 1, "near_settlement_1km": 1, "near_amenity_1km": 0 }, "geometry": { "type": "Point", "coordinates": [ 88.178917, 27.316583 ] } },
{ "type": "Feature", "properties": { "record_id": 26509, "landslide_id": "SKM/ES/78A11/2015/45", "state": "Sikkim", "district": "East Sikkim", "location": "Lingdum Lingdum Road", "latitude": 27.316944, "longitude": 88.560056, "movement_type": "Rock Fall", "history": null, "event_date": null, "road_distance_m": 9.1935053974890693, "settlement_distance_m": 2829.8106481468994, "amenity_distance_m": 338.21557242988467, "road_density_500m_km_per_km2": 14.012803208634519, "settlements_within_1km": 0, "amenities_within_1km": 3, "near_road_250m": 1, "near_settlement_1km": 0, "near_amenity_1km": 1 }, "geometry": { "type": "Point", "coordinates": [ 88.560056, 27.316944 ] } },
{ "type": "Feature", "properties": { "record_id": 26510, "landslide_id": "SKM/NS/78A03/2017/64", "state": "Sikkim", "district": "West Sikkim", "location": "SH", "latitude": 27.317083, "longitude": 88.178556, "movement_type": "Debris Slide", "history": null, "event_date": null, "road_distance_m": 0.008212011357656571, "settlement_distance_m": 770.00082046295211, "amenity_distance_m": 1376.7628556073912, "road_density_500m_km_per_km2": 12.94348655805023, "settlements_within_1km": 1, "amenities_within_1km": 0, "near_road_250m": 1, "near_settlement_1km": 1, "near_amenity_1km": 0 }, "geometry": { "type": "Point", "coordinates": [ 88.178556, 27.317083 ] } },
{ "type": "Feature", "properties": { "record_id": 26511, "landslide_id": "SKM/NS/78A03/2017/61", "state": "Sikkim", "district": "West Sikkim", "location": "SH", "latitude": 27.317417, "longitude": 88.182861, "movement_type": "Debris Slide", "history": null, "event_date": null, "road_distance_m": 29.441006585183217, "settlement_distance_m": 420.09461821625706, "amenity_distance_m": 1239.9487355492938, "road_density_500m_km_per_km2": 14.573133243095262, "settlements_within_1km": 1, "amenities_within_1km": 0, "near_road_250m": 1, "near_settlement_1km": 1, "near_amenity_1km": 0 }, "geometry": { "type": "Point", "coordinates": [ 88.182861, 27.317417 ] } },
{ "type": "Feature", "properties": { "record_id": 26512, "landslide_id": "SK/WES/78A03/2014/02", "state": "Sikkim", "district": "West Sikkim", "location": "Tamabung slide Tamabung (On Dharap-Nambu", "latitude": 27.31892, "longitude": 88.16222, "movement_type": "Debris Flow", "history": "1 September 2013 at 21:30 hrs.", "event_date": "2013-09-01T00:00:00", "road_distance_m": 529.01764346260654, "settlement_distance_m": 658.12503895453926, "amenity_distance_m": 2720.8015217333063, "road_density_500m_km_per_km2": 0.0, "settlements_within_1km": 1, "amenities_within_1km": 0, "near_road_250m": 0, "near_settlement_1km": 1, "near_amenity_1km": 0 }, "geometry": { "type": "Point", "coordinates": [ 88.16222, 27.31892 ] } },
{ "type": "Feature", "properties": { "record_id": 26513, "landslide_id": "SKM/NS/78A03/2017/65", "state": "Sikkim", "district": "West Sikkim", "location": "SH", "latitude": 27.320111, "longitude": 88.177833, "movement_type": "Debris Slide", "history": null, "event_date": null, "road_distance_m": 5.8378283387165064, "settlement_distance_m": 993.49178184545713, "amenity_distance_m": 1702.6641999192325, "road_density_500m_km_per_km2": 14.591949471672804, "settlements_within_1km": 1, "amenities_within_1km": 0, "near_road_250m": 1, "near_settlement_1km": 1, "near_amenity_1km": 0 }, "geometry": { "type": "Point", "coordinates": [ 88.177833, 27.320111 ] } },
{ "type": "Feature", "properties": { "record_id": 26514, "landslide_id": "SKM/NS/78A03/2017/49", "state": "Sikkim", "district": "West Sikkim", "location": "Lower Melli SH", "latitude": 27.320611, "longitude": 88.219611, "movement_type": "Debris Slide", "history": null, "event_date": null, "road_distance_m": 13.662221670695368, "settlement_distance_m": 2747.0927621758742, "amenity_distance_m": 2577.5191901575413, "road_density_500m_km_per_km2": 23.228673625484319, "settlements_within_1km": 0, "amenities_within_1km": 0, "near_road_250m": 1, "near_settlement_1km": 0, "near_amenity_1km": 0 }, "geometry": { "type": "Point", "coordinates": [ 88.219611, 27.320611 ] } },
{ "type": "Feature", "properties": { "record_id": 26515, "landslide_id": "SKM/NS/78A03/2017/59", "state": "Sikkim", "district": "West Sikkim", "location": "SH", "latitude": 27.324944, "longitude": 88.213861, "movement_type": "Debris Slide", "history": null, "event_date": null, "road_distance_m": 1.1614356719100909, "settlement_distance_m": 2988.851809888346, "amenity_distance_m": 3122.5912601870541, "road_density_500m_km_per_km2": 11.97483248573716, "settlements_within_1km": 0, "amenities_within_1km": 0, "near_road_250m": 1, "near_settlement_1km": 0, "near_amenity_1km": 0 }, "geometry": { "type": "Point", "coordinates": [ 88.213861, 27.324944 ] } },
{ "type": "Feature", "properties": { "record_id": 26516, "landslide_id": "SKM/NS/78A03/2017/52", "state": "Sikkim", "district": "West Sikkim", "location": "SH", "latitude": 27.326444, "longitude": 88.219, "movement_type": "Rock Slide", "history": null, "event_date": null, "road_distance_m": 0.75011780348199486, "settlement_distance_m": 3325.2554491507681, "amenity_distance_m": 2870.745140627625, "road_density_500m_km_per_km2": 28.385305012599957, "settlements_within_1km": 0, "amenities_within_1km": 0, "near_road_250m": 1, "near_settlement_1km": 0, "near_amenity_1km": 0 }, "geometry": { "type": "Point", "coordinates": [ 88.219, 27.326444 ] } },
{ "type": "Feature", "properties": { "record_id": 26517, "landslide_id": "SKM/ES/78A11/2015/100", "state": "Sikkim", "district": "East Sikkim", "location": "Namok Road", "latitude": 27.329361, "longitude": 88.649278, "movement_type": "Debris Slide", "history": null, "event_date": null, "road_distance_m": 0.84398125348286601, "settlement_distance_m": 476.55774906914252, "amenity_distance_m": 1388.055659715214, "road_density_500m_km_per_km2": 14.308256085925894, "settlements_within_1km": 1, "amenities_within_1km": 0, "near_road_250m": 1, "near_settlement_1km": 1, "near_amenity_1km": 0 }, "geometry": { "type": "Point", "coordinates": [ 88.649278, 27.329361 ] } },
{ "type": "Feature", "properties": { "record_id": 26518, "landslide_id": "SKM/ES/78A11/2015/99", "state": "Sikkim", "district": "East Sikkim", "location": "Namok Road", "latitude": 27.329472, "longitude": 88.648917, "movement_type": "Debris Slide", "history": null, "event_date": null, "road_distance_m": 3.0809076430007769, "settlement_distance_m": 442.41088281381991, "amenity_distance_m": 1392.9572954770324, "road_density_500m_km_per_km2": 14.355267088544871, "settlements_within_1km": 1, "amenities_within_1km": 0, "near_road_250m": 1, "near_settlement_1km": 1, "near_amenity_1km": 0 }, "geometry": { "type": "Point", "coordinates": [ 88.648917, 27.329472 ] } },
{ "type": "Feature", "properties": { "record_id": 26519, "landslide_id": "SKM/NS/78A03/2017/58", "state": "Sikkim", "district": "West Sikkim", "location": "SH", "latitude": 27.3305, "longitude": 88.215639, "movement_type": "Debris Slide", "history": null, "event_date": null, "road_distance_m": 4.7006468791208746, "settlement_distance_m": 3421.310079639893, "amenity_distance_m": 2811.6725847992952, "road_density_500m_km_per_km2": 21.010460445508031, "settlements_within_1km": 0, "amenities_within_1km": 0, "near_road_250m": 1, "near_settlement_1km": 0, "near_amenity_1km": 0 }, "geometry": { "type": "Point", "coordinates": [ 88.215639, 27.3305 ] } },
{ "type": "Feature", "properties": { "record_id": 26520, "landslide_id": "SKM/NS/78A03/2017/57", "state": "Sikkim", "district": "West Sikkim", "location": "SH", "latitude": 27.33075, "longitude": 88.216333, "movement_type": "Debris Slide", "history": null, "event_date": null, "road_distance_m": 7.1704549035882836, "settlement_distance_m": 3494.5225376084081, "amenity_distance_m": 2740.2086943833356, "road_density_500m_km_per_km2": 21.010460445508031, "settlements_within_1km": 0, "amenities_within_1km": 0, "near_road_250m": 1, "near_settlement_1km": 0, "near_amenity_1km": 0 }, "geometry": { "type": "Point", "coordinates": [ 88.216333, 27.33075 ] } },
{ "type": "Feature", "properties": { "record_id": 26521, "landslide_id": "SKM/ES/78A07/2015/48", "state": "Sikkim", "district": "East Sikkim", "location": "Makha Singtam-Dikchu Road", "latitude": 27.330778, "longitude": 88.49225, "movement_type": "Debris Slide", "history": null, "event_date": null, "road_distance_m": 6.2342454641630738, "settlement_distance_m": 1810.8544921057103, "amenity_distance_m": 1517.5743764444642, "road_density_500m_km_per_km2": 35.620041314063869, "settlements_within_1km": 0, "amenities_within_1km": 0, "near_road_250m": 1, "near_settlement_1km": 0, "near_amenity_1km": 0 }, "geometry": { "type": "Point", "coordinates": [ 88.49225, 27.330778 ] } },
{ "type": "Feature", "properties": { "record_id": 26522, "landslide_id": "SKM/SS/78A07/2015/339", "state": "Sikkim", "district": "South Sikkim", "location": "Lingmo village Road", "latitude": 27.330917, "longitude": 88.450528, "movement_type": "Debris Slide", "history": null, "event_date": null, "road_distance_m": 1.0897719281782476, "settlement_distance_m": 2186.3288293073274, "amenity_distance_m": 2626.2615174108023, "road_density_500m_km_per_km2": 24.796878582378465, "settlements_within_1km": 0, "amenities_within_1km": 0, "near_road_250m": 1, "near_settlement_1km": 0, "near_amenity_1km": 0 }, "geometry": { "type": "Point", "coordinates": [ 88.450528, 27.330917 ] } },
{ "type": "Feature", "properties": { "record_id": 26523, "landslide_id": "SKM/NS/78A03/2017/56", "state": "Sikkim", "district": "West Sikkim", "location": "SH", "latitude": 27.33325, "longitude": 88.213583, "movement_type": "Debris Slide", "history": null, "event_date": null, "road_distance_m": 1.8557838018324559, "settlement_distance_m": 3421.1368724247759, "amenity_distance_m": 2729.3380674508112, "road_density_500m_km_per_km2": 19.95080765625303, "settlements_within_1km": 0, "amenities_within_1km": 0, "near_road_250m": 1, "near_settlement_1km": 0, "near_amenity_1km": 0 }, "geometry": { "type": "Point", "coordinates": [ 88.213583, 27.33325 ] } },
{ "type": "Feature", "properties": { "record_id": 26524, "landslide_id": "SKM/NS/78A03/2017/53", "state": "Sikkim", "district": "West Sikkim", "location": "Tadong SH", "latitude": 27.333333, "longitude": 88.212972, "movement_type": "Debris Slide", "history": null, "event_date": null, "road_distance_m": 15.030564660849683, "settlement_distance_m": 3378.5002864803396, "amenity_distance_m": 2676.0492262797447, "road_density_500m_km_per_km2": 19.95080765625303, "settlements_within_1km": 0, "amenities_within_1km": 0, "near_road_250m": 1, "near_settlement_1km": 0, "near_amenity_1km": 0 }, "geometry": { "type": "Point", "coordinates": [ 88.212972, 27.333333 ] } },
{ "type": "Feature", "properties": { "record_id": 26525, "landslide_id": "SKM/NS/78A03/2017/54", "state": "Sikkim", "district": "West Sikkim", "location": "SH", "latitude": 27.335, "longitude": 88.206722, "movement_type": "Debris Slide", "history": null, "event_date": null, "road_distance_m": 2.1521266529438634, "settlement_distance_m": 3045.7196024605942, "amenity_distance_m": 2090.130750035245, "road_density_500m_km_per_km2": 11.612890938559337, "settlements_within_1km": 0, "amenities_within_1km": 0, "near_road_250m": 1, "near_settlement_1km": 0, "near_amenity_1km": 0 }, "geometry": { "type": "Point", "coordinates": [ 88.206722, 27.335 ] } },
{ "type": "Feature", "properties": { "record_id": 26526, "landslide_id": "SKM/ES/78A11/2015/417", "state": "Sikkim", "district": "East Sikkim", "location": "Changhu_Nathula Road", "latitude": 27.337194, "longitude": 88.621833, "movement_type": "Debris Slide", "history": null, "event_date": null, "road_distance_m": 4.7003213963410104, "settlement_distance_m": 1189.9848363858703, "amenity_distance_m": 125.13985683145557, "road_density_500m_km_per_km2": 28.159111861670937, "settlements_within_1km": 0, "amenities_within_1km": 39, "near_road_250m": 1, "near_settlement_1km": 0, "near_amenity_1km": 1 }, "geometry": { "type": "Point", "coordinates": [ 88.621833, 27.337194 ] } },
{ "type": "Feature", "properties": { "record_id": 26527, "landslide_id": "SKM/NS/78A03/2017/50", "state": "Sikkim", "district": "West Sikkim", "location": "SH", "latitude": 27.339806, "longitude": 88.227361, "movement_type": "Rock Slide", "history": null, "event_date": null, "road_distance_m": 1.7704887072291953, "settlement_distance_m": 3016.6511045276275, "amenity_distance_m": 1271.5825684698898, "road_density_500m_km_per_km2": 3.644256975591452, "settlements_within_1km": 0, "amenities_within_1km": 0, "near_road_250m": 1, "near_settlement_1km": 0, "near_amenity_1km": 0 }, "geometry": { "type": "Point", "coordinates": [ 88.227361, 27.339806 ] } },
{ "type": "Feature", "properties": { "record_id": 26528, "landslide_id": "SKM/ES/78A11/2015/416", "state": "Sikkim", "district": "East Sikkim", "location": "Changhu_Nathula Road", "latitude": 27.340917, "longitude": 88.628389, "movement_type": "Debris Slide", "history": null, "event_date": null, "road_distance_m": 9.2503323013810625, "settlement_distance_m": 1954.6059805467153, "amenity_distance_m": 422.35954846130034, "road_density_500m_km_per_km2": 31.028558646926214, "settlements_within_1km": 0, "amenities_within_1km": 19, "near_road_250m": 1, "near_settlement_1km": 0, "near_amenity_1km": 1 }, "geometry": { "type": "Point", "coordinates": [ 88.628389, 27.340917 ] } },
{ "type": "Feature", "properties": { "record_id": 26529, "landslide_id": "SKM/ES/78A11/2015/412", "state": "Sikkim", "district": "East Sikkim", "location": "Changhu_Nathula Road", "latitude": 27.341444, "longitude": 88.626194, "movement_type": "Debris Slide", "history": null, "event_date": null, "road_distance_m": 3.1580266559892549, "settlement_distance_m": 1825.2002009430689, "amenity_distance_m": 328.47709431170381, "road_density_500m_km_per_km2": 34.139852987230384, "settlements_within_1km": 0, "amenities_within_1km": 22, "near_road_250m": 1, "near_settlement_1km": 0, "near_amenity_1km": 1 }, "geometry": { "type": "Point", "coordinates": [ 88.626194, 27.341444 ] } },
{ "type": "Feature", "properties": { "record_id": 26530, "landslide_id": "SKM/NS/78A03/2017/51", "state": "Sikkim", "district": "West Sikkim", "location": "13th Mile SH", "latitude": 27.342, "longitude": 88.223722, "movement_type": "Rock Slide", "history": null, "event_date": null, "road_distance_m": 1.3654451651609685, "settlement_distance_m": 3062.2984743614893, "amenity_distance_m": 1506.338794396544, "road_density_500m_km_per_km2": 12.697372513357861, "settlements_within_1km": 0, "amenities_within_1km": 0, "near_road_250m": 1, "near_settlement_1km": 0, "near_amenity_1km": 0 }, "geometry": { "type": "Point", "coordinates": [ 88.223722, 27.342 ] } },
{ "type": "Feature", "properties": { "record_id": 26531, "landslide_id": "SKM/NS/78A03/2017/60", "state": "Sikkim", "district": "West Sikkim", "location": "SH", "latitude": 27.345028, "longitude": 88.246639, "movement_type": "Debris Slide", "history": null, "event_date": null, "road_distance_m": 0.038923574003113137, "settlement_distance_m": 1054.7053697758822, "amenity_distance_m": 822.98613437563256, "road_density_500m_km_per_km2": 24.028248221354282, "settlements_within_1km": 0, "amenities_within_1km": 1, "near_road_250m": 1, "near_settlement_1km": 0, "near_amenity_1km": 1 }, "geometry": { "type": "Point", "coordinates": [ 88.246639, 27.345028 ] } },
{ "type": "Feature", "properties": { "record_id": 26532, "landslide_id": "SKM/NS/78A03/2017/55", "state": "Sikkim", "district": "West Sikkim", "location": "SH", "latitude": 27.347278, "longitude": 88.196833, "movement_type": "Debris Slide", "history": null, "event_date": null, "road_distance_m": 55.991956470998737, "settlement_distance_m": 3241.5050711616432, "amenity_distance_m": 515.46029148797606, "road_density_500m_km_per_km2": 12.765645422493819, "settlements_within_1km": 0, "amenities_within_1km": 5, "near_road_250m": 1, "near_settlement_1km": 0, "near_amenity_1km": 1 }, "geometry": { "type": "Point", "coordinates": [ 88.196833, 27.347278 ] } },
{ "type": "Feature", "properties": { "record_id": 26533, "landslide_id": "SKM/ES/78A11/2015/46", "state": "Sikkim", "district": "East Sikkim", "location": "Sichey Ranka Road", "latitude": 27.348722, "longitude": 88.600556, "movement_type": "Debris Slide", "history": null, "event_date": null, "road_distance_m": 9.8435459053378782, "settlement_distance_m": 1485.5071680308415, "amenity_distance_m": 304.18057680398044, "road_density_500m_km_per_km2": 21.099322319333695, "settlements_within_1km": 0, "amenities_within_1km": 4, "near_road_250m": 1, "near_settlement_1km": 0, "near_amenity_1km": 1 }, "geometry": { "type": "Point", "coordinates": [ 88.600556, 27.348722 ] } },
{ "type": "Feature", "properties": { "record_id": 26534, "landslide_id": "SKM/SS/78A07/2015/53", "state": "Sikkim", "district": "South Sikkim", "location": "Chongrang Road", "latitude": 27.351194, "longitude": 88.272417, "movement_type": "Rock Fall", "history": null, "event_date": null, "road_distance_m": 0.90454739335289258, "settlement_distance_m": 1646.7890287799898, "amenity_distance_m": 1868.4894540293844, "road_density_500m_km_per_km2": 28.137779783081541, "settlements_within_1km": 0, "amenities_within_1km": 0, "near_road_250m": 1, "near_settlement_1km": 0, "near_amenity_1km": 0 }, "geometry": { "type": "Point", "coordinates": [ 88.272417, 27.351194 ] } },
{ "type": "Feature", "properties": { "record_id": 26535, "landslide_id": "SKM/WS/78A07/2015/381", "state": "Sikkim", "district": "West Sikkim", "location": "Chongrang Road", "latitude": 27.3515, "longitude": 88.273028, "movement_type": "Debris Slide", "history": null, "event_date": null, "road_distance_m": 2.7576221765004245, "settlement_distance_m": 1715.8812815813524, "amenity_distance_m": 1925.7996731244423, "road_density_500m_km_per_km2": 26.795188097060837, "settlements_within_1km": 0, "amenities_within_1km": 0, "near_road_250m": 1, "near_settlement_1km": 0, "near_amenity_1km": 0 }, "geometry": { "type": "Point", "coordinates": [ 88.273028, 27.3515 ] } },
{ "type": "Feature", "properties": { "record_id": 26536, "landslide_id": "SKM/NS/78A15/2017/155", "state": "Sikkim", "district": "East Sikkim", "location": "SH", "latitude": 27.358583, "longitude": 88.840194, "movement_type": "Debris Slide", "history": null, "event_date": null, "road_distance_m": 5.5835568379509457, "settlement_distance_m": 880.58823482216064, "amenity_distance_m": 3193.0276295039125, "road_density_500m_km_per_km2": 10.071567269413082, "settlements_within_1km": 1, "amenities_within_1km": 0, "near_road_250m": 1, "near_settlement_1km": 1, "near_amenity_1km": 0 }, "geometry": { "type": "Point", "coordinates": [ 88.840194, 27.358583 ] } },
{ "type": "Feature", "properties": { "record_id": 26537, "landslide_id": "SKM/NS/78A15/2017/154", "state": "Sikkim", "district": "East Sikkim", "location": "SH", "latitude": 27.361583, "longitude": 88.839306, "movement_type": "Debris Slide", "history": null, "event_date": null, "road_distance_m": 2.2585749514399174, "settlement_distance_m": 1212.0200376470389, "amenity_distance_m": 2850.5367870806467, "road_density_500m_km_per_km2": 17.969939343422201, "settlements_within_1km": 0, "amenities_within_1km": 0, "near_road_250m": 1, "near_settlement_1km": 0, "near_amenity_1km": 0 }, "geometry": { "type": "Point", "coordinates": [ 88.839306, 27.361583 ] } },
{ "type": "Feature", "properties": { "record_id": 26538, "landslide_id": "SKM/NS/78A15/2017/148", "state": "Sikkim", "district": "East Sikkim", "location": "Yakla SH", "latitude": 27.364583, "longitude": 88.787333, "movement_type": "Debris Slide", "history": null, "event_date": null, "road_distance_m": 2.8921947793267244, "settlement_distance_m": 1159.3387642324576, "amenity_distance_m": 1107.8692373771614, "road_density_500m_km_per_km2": 28.044482675137328, "settlements_within_1km": 0, "amenities_within_1km": 0, "near_road_250m": 1, "near_settlement_1km": 0, "near_amenity_1km": 0 }, "geometry": { "type": "Point", "coordinates": [ 88.787333, 27.364583 ] } },
{ "type": "Feature", "properties": { "record_id": 26539, "landslide_id": "SKM/NS/78A15/2017/153", "state": "Sikkim", "district": "East Sikkim", "location": "Naya Baba Mandir SH", "latitude": 27.364722, "longitude": 88.834917, "movement_type": "Debris Slide", "history": null, "event_date": null, "road_distance_m": 3.1334704361714718, "settlement_distance_m": 1628.6663982668081, "amenity_distance_m": 2391.5664962301516, "road_density_500m_km_per_km2": 20.574779062000626, "settlements_within_1km": 0, "amenities_within_1km": 0, "near_road_250m": 1, "near_settlement_1km": 0, "near_amenity_1km": 0 }, "geometry": { "type": "Point", "coordinates": [ 88.834917, 27.364722 ] } },
{ "type": "Feature", "properties": { "record_id": 26540, "landslide_id": "SKM/ES/78A11/2015/410", "state": "Sikkim", "district": "East Sikkim", "location": "Changhu_Nathula Road", "latitude": 27.365056, "longitude": 88.655167, "movement_type": "Debris Slide", "history": null, "event_date": null, "road_distance_m": 2.4333497980680825, "settlement_distance_m": 2168.1360531453865, "amenity_distance_m": 2471.1084662002072, "road_density_500m_km_per_km2": 17.49903888916332, "settlements_within_1km": 0, "amenities_within_1km": 0, "near_road_250m": 1, "near_settlement_1km": 0, "near_amenity_1km": 0 }, "geometry": { "type": "Point", "coordinates": [ 88.655167, 27.365056 ] } },
{ "type": "Feature", "properties": { "record_id": 26541, "landslide_id": "SKM/SS/78A07/2015/342", "state": "Sikkim", "district": "South Sikkim", "location": "Lingmo village Road", "latitude": 27.366944, "longitude": 88.449806, "movement_type": "Debris Slide", "history": null, "event_date": null, "road_distance_m": 2.2782330365611512, "settlement_distance_m": 3778.1674061853787, "amenity_distance_m": 4430.8673577061363, "road_density_500m_km_per_km2": 11.494410661240636, "settlements_within_1km": 0, "amenities_within_1km": 0, "near_road_250m": 1, "near_settlement_1km": 0, "near_amenity_1km": 0 }, "geometry": { "type": "Point", "coordinates": [ 88.449806, 27.366944 ] } },
{ "type": "Feature", "properties": { "record_id": 26542, "landslide_id": "SKM/NS/78A15/2017/146", "state": "Sikkim", "district": "East Sikkim", "location": "Thengu SH", "latitude": 27.367111, "longitude": 88.776028, "movement_type": "Rock Slide", "history": null, "event_date": null, "road_distance_m": 13.13163294928818, "settlement_distance_m": 1296.2487251579173, "amenity_distance_m": 1393.0430628267281, "road_density_500m_km_per_km2": 28.044482675137328, "settlements_within_1km": 0, "amenities_within_1km": 0, "near_road_250m": 1, "near_settlement_1km": 0, "near_amenity_1km": 0 }, "geometry": { "type": "Point", "coordinates": [ 88.776028, 27.367111 ] } },
{ "type": "Feature", "properties": { "record_id": 26543, "landslide_id": "SKM/ES/78A11/2015/161", "state": "Sikkim", "district": "East Sikkim", "location": null, "latitude": 27.368194, "longitude": 88.711167, "movement_type": "Rock Fall", "history": null, "event_date": null, "road_distance_m": 3.2279850690108884, "settlement_distance_m": 246.89421968520858, "amenity_distance_m": 158.85314378532411, "road_density_500m_km_per_km2": 26.204566852733112, "settlements_within_1km": 1, "amenities_within_1km": 3, "near_road_250m": 1, "near_settlement_1km": 1, "near_amenity_1km": 1 }, "geometry": { "type": "Point", "coordinates": [ 88.711167, 27.368194 ] } },
{ "type": "Feature", "properties": { "record_id": 26544, "landslide_id": "SKM/ES/78A11/2015/398", "state": "Sikkim", "district": "East Sikkim", "location": "Changhu_Nathula Road", "latitude": 27.368278, "longitude": 88.711278, "movement_type": "Debris Slide", "history": null, "event_date": null, "road_distance_m": 7.6974040148472556, "settlement_distance_m": 243.45123545119563, "amenity_distance_m": 169.83145621038886, "road_density_500m_km_per_km2": 26.204566852733112, "settlements_within_1km": 1, "amenities_within_1km": 3, "near_road_250m": 1, "near_settlement_1km": 1, "near_amenity_1km": 1 }, "geometry": { "type": "Point", "coordinates": [ 88.711278, 27.368278 ] } },
{ "type": "Feature", "properties": { "record_id": 26545, "landslide_id": "SKM/NS/78A15/2017/149", "state": "Sikkim", "district": "East Sikkim", "location": "SH", "latitude": 27.368917, "longitude": 88.794611, "movement_type": "Debris Slide", "history": null, "event_date": null, "road_distance_m": 6.3915994424298797, "settlement_distance_m": 982.23434302818475, "amenity_distance_m": 953.55553985522045, "road_density_500m_km_per_km2": 28.044482675137328, "settlements_within_1km": 1, "amenities_within_1km": 1, "near_road_250m": 1, "near_settlement_1km": 1, "near_amenity_1km": 1 }, "geometry": { "type": "Point", "coordinates": [ 88.794611, 27.368917 ] } },
{ "type": "Feature", "properties": { "record_id": 26546, "landslide_id": "SKM/ES/78A11/2015/405", "state": "Sikkim", "district": "East Sikkim", "location": "Changhu_Nathula Road", "latitude": 27.369306, "longitude": 88.691583, "movement_type": "Debris Slide", "history": null, "event_date": null, "road_distance_m": 3.6220054383707008, "settlement_distance_m": 2157.4106097153744, "amenity_distance_m": 607.09165632226575, "road_density_500m_km_per_km2": 7.9408997925967633, "settlements_within_1km": 0, "amenities_within_1km": 1, "near_road_250m": 1, "near_settlement_1km": 0, "near_amenity_1km": 1 }, "geometry": { "type": "Point", "coordinates": [ 88.691583, 27.369306 ] } },
{ "type": "Feature", "properties": { "record_id": 26547, "landslide_id": "SKM/ES/78A11/2015/160", "state": "Sikkim", "district": "East Sikkim", "location": null, "latitude": 27.369333, "longitude": 88.714917, "movement_type": "Rock Fall", "history": null, "event_date": null, "road_distance_m": 2.0362243348919664, "settlement_distance_m": 313.30212813137678, "amenity_distance_m": 150.80092002435893, "road_density_500m_km_per_km2": 26.262282954826475, "settlements_within_1km": 1, "amenities_within_1km": 3, "near_road_250m": 1, "near_settlement_1km": 1, "near_amenity_1km": 1 }, "geometry": { "type": "Point", "coordinates": [ 88.714917, 27.369333 ] } },
{ "type": "Feature", "properties": { "record_id": 26548, "landslide_id": "SKM/SS/78A07/2015/341", "state": "Sikkim", "district": "South Sikkim", "location": "Lingmo village Road", "latitude": 27.369778, "longitude": 88.456833, "movement_type": "Debris Slide", "history": null, "event_date": null, "road_distance_m": 3.6884154310217818, "settlement_distance_m": 3732.2968460907891, "amenity_distance_m": 3671.2535945562686, "road_density_500m_km_per_km2": 10.250941352666416, "settlements_within_1km": 0, "amenities_within_1km": 0, "near_road_250m": 1, "near_settlement_1km": 0, "near_amenity_1km": 0 }, "geometry": { "type": "Point", "coordinates": [ 88.456833, 27.369778 ] } },
{ "type": "Feature", "properties": { "record_id": 26549, "landslide_id": "SKM/ES/78A11/2015/415", "state": "Sikkim", "district": "East Sikkim", "location": "Changhu_Nathula Road", "latitude": 27.370083, "longitude": 88.67925, "movement_type": "Debris Slide", "history": null, "event_date": null, "road_distance_m": 4.5196362694084629, "settlement_distance_m": 3215.3054590725633, "amenity_distance_m": 1035.5872037677107, "road_density_500m_km_per_km2": 8.6953138089115445, "settlements_within_1km": 0, "amenities_within_1km": 0, "near_road_250m": 1, "near_settlement_1km": 0, "near_amenity_1km": 0 }, "geometry": { "type": "Point", "coordinates": [ 88.67925, 27.370083 ] } },
{ "type": "Feature", "properties": { "record_id": 26550, "landslide_id": "SKM/ES/78A11/2015/406", "state": "Sikkim", "district": "East Sikkim", "location": "Changhu_Nathula Road", "latitude": 27.370472, "longitude": 88.686417, "movement_type": "Debris Slide", "history": null, "event_date": null, "road_distance_m": 18.533753158502879, "settlement_distance_m": 2681.167336333378, "amenity_distance_m": 463.70401752388756, "road_density_500m_km_per_km2": 12.288305716188107, "settlements_within_1km": 0, "amenities_within_1km": 3, "near_road_250m": 1, "near_settlement_1km": 0, "near_amenity_1km": 1 }, "geometry": { "type": "Point", "coordinates": [ 88.686417, 27.370472 ] } },
{ "type": "Feature", "properties": { "record_id": 26551, "landslide_id": "SKM/ES/78A11/2015/408", "state": "Sikkim", "district": "East Sikkim", "location": "Changhu_Nathula Road", "latitude": 27.37075, "longitude": 88.679444, "movement_type": "Debris Slide", "history": null, "event_date": null, "road_distance_m": 1.7018597474734281, "settlement_distance_m": 3289.7873484680058, "amenity_distance_m": 987.96972106884857, "road_density_500m_km_per_km2": 8.6953138089115445, "settlements_within_1km": 0, "amenities_within_1km": 1, "near_road_250m": 1, "near_settlement_1km": 0, "near_amenity_1km": 1 }, "geometry": { "type": "Point", "coordinates": [ 88.679444, 27.37075 ] } },
{ "type": "Feature", "properties": { "record_id": 26552, "landslide_id": "SKM/ES/78A11/2015/407", "state": "Sikkim", "district": "East Sikkim", "location": "Changhu_Nathula Road", "latitude": 27.370861, "longitude": 88.683167, "movement_type": "Debris Slide", "history": null, "event_date": null, "road_distance_m": 25.113238092675502, "settlement_distance_m": 3005.5145687555955, "amenity_distance_m": 655.30359967979393, "road_density_500m_km_per_km2": 11.786673194951163, "settlements_within_1km": 0, "amenities_within_1km": 3, "near_road_250m": 1, "near_settlement_1km": 0, "near_amenity_1km": 1 }, "geometry": { "type": "Point", "coordinates": [ 88.683167, 27.370861 ] } },
{ "type": "Feature", "properties": { "record_id": 26553, "landslide_id": "SKM/ES/78A07/2015/166", "state": "Sikkim", "district": "East Sikkim", "location": "Namchi-Namthang Road", "latitude": 27.370972, "longitude": 88.710111, "movement_type": "Rock Fall", "history": null, "event_date": null, "road_distance_m": 10.082961654703306, "settlement_distance_m": 542.95198912648414, "amenity_distance_m": 472.55878300586585, "road_density_500m_km_per_km2": 23.155864844842704, "settlements_within_1km": 1, "amenities_within_1km": 5, "near_road_250m": 1, "near_settlement_1km": 1, "near_amenity_1km": 1 }, "geometry": { "type": "Point", "coordinates": [ 88.710111, 27.370972 ] } },
{ "type": "Feature", "properties": { "record_id": 26554, "landslide_id": "SKM/ES/78A11/2015/399", "state": "Sikkim", "district": "East Sikkim", "location": "Changhu_Nathula Road", "latitude": 27.371472, "longitude": 88.709722, "movement_type": "Debris Slide", "history": null, "event_date": null, "road_distance_m": 25.523370331324863, "settlement_distance_m": 610.40665031673404, "amenity_distance_m": 534.60059913435896, "road_density_500m_km_per_km2": 14.34670491028133, "settlements_within_1km": 1, "amenities_within_1km": 5, "near_road_250m": 1, "near_settlement_1km": 1, "near_amenity_1km": 1 }, "geometry": { "type": "Point", "coordinates": [ 88.709722, 27.371472 ] } },
{ "type": "Feature", "properties": { "record_id": 26555, "landslide_id": "SKM/ES/78A11/2015/409", "state": "Sikkim", "district": "East Sikkim", "location": "Changhu_Nathula Road", "latitude": 27.371806, "longitude": 88.677167, "movement_type": "Debris Slide", "history": null, "event_date": null, "road_distance_m": 1.8821240163474087, "settlement_distance_m": 3300.9779940753542, "amenity_distance_m": 1168.1019042035257, "road_density_500m_km_per_km2": 8.9204965058991394, "settlements_within_1km": 0, "amenities_within_1km": 0, "near_road_250m": 1, "near_settlement_1km": 0, "near_amenity_1km": 0 }, "geometry": { "type": "Point", "coordinates": [ 88.677167, 27.371806 ] } },
{ "type": "Feature", "properties": { "record_id": 26556, "landslide_id": "SKM/ES/78A11/2015/404", "state": "Sikkim", "district": "East Sikkim", "location": "Changhu_Nathula Road", "latitude": 27.372278, "longitude": 88.688944, "movement_type": "Debris Slide", "history": null, "event_date": null, "road_distance_m": 73.932279253105051, "settlement_distance_m": 2474.1890364355459, "amenity_distance_m": 207.37623040419487, "road_density_500m_km_per_km2": 22.556090442556258, "settlements_within_1km": 0, "amenities_within_1km": 4, "near_road_250m": 1, "near_settlement_1km": 0, "near_amenity_1km": 1 }, "geometry": { "type": "Point", "coordinates": [ 88.688944, 27.372278 ] } },
{ "type": "Feature", "properties": { "record_id": 26557, "landslide_id": "SKM/ES/78A11/2015/57", "state": "Sikkim", "district": "East Sikkim", "location": "North Sikkim Highway", "latitude": 27.372333, "longitude": 88.617556, "movement_type": "Rock Fall", "history": null, "event_date": null, "road_distance_m": 1.22625206825141, "settlement_distance_m": 1495.3322359485428, "amenity_distance_m": 519.64600157815551, "road_density_500m_km_per_km2": 42.855581396918446, "settlements_within_1km": 0, "amenities_within_1km": 8, "near_road_250m": 1, "near_settlement_1km": 0, "near_amenity_1km": 1 }, "geometry": { "type": "Point", "coordinates": [ 88.617556, 27.372333 ] } },
{ "type": "Feature", "properties": { "record_id": 26558, "landslide_id": "SKM/ES/78A11/2015/136", "state": "Sikkim", "district": "East Sikkim", "location": "Changhu_Nathula Road", "latitude": 27.372806, "longitude": 88.739139, "movement_type": "Debris Slide", "history": null, "event_date": null, "road_distance_m": 13.838764068757097, "settlement_distance_m": 1759.4911113729204, "amenity_distance_m": 1400.8435847965357, "road_density_500m_km_per_km2": 29.108194982601518, "settlements_within_1km": 0, "amenities_within_1km": 0, "near_road_250m": 1, "near_settlement_1km": 0, "near_amenity_1km": 0 }, "geometry": { "type": "Point", "coordinates": [ 88.739139, 27.372806 ] } },
{ "type": "Feature", "properties": { "record_id": 26559, "landslide_id": "SKM/ES/78A11/2015/140", "state": "Sikkim", "district": "East Sikkim", "location": "Changhu_Nathula Road", "latitude": 27.373083, "longitude": 88.720028, "movement_type": "Debris Slide", "history": null, "event_date": null, "road_distance_m": 12.057756042636848, "settlement_distance_m": 956.8422060232657, "amenity_distance_m": 363.13012751443347, "road_density_500m_km_per_km2": 3.0566194562647273, "settlements_within_1km": 1, "amenities_within_1km": 3, "near_road_250m": 1, "near_settlement_1km": 1, "near_amenity_1km": 1 }, "geometry": { "type": "Point", "coordinates": [ 88.720028, 27.373083 ] } },
{ "type": "Feature", "properties": { "record_id": 26560, "landslide_id": "SKM/ES/78A11/2015/397", "state": "Sikkim", "district": "East Sikkim", "location": "Changhu_Nathula Road", "latitude": 27.373472, "longitude": 88.721944, "movement_type": "Debris Slide", "history": null, "event_date": null, "road_distance_m": 4.7586275557596993, "settlement_distance_m": 1125.5786080066225, "amenity_distance_m": 352.35381137187505, "road_density_500m_km_per_km2": 4.0283638476503043, "settlements_within_1km": 0, "amenities_within_1km": 3, "near_road_250m": 1, "near_settlement_1km": 0, "near_amenity_1km": 1 }, "geometry": { "type": "Point", "coordinates": [ 88.721944, 27.373472 ] } },
{ "type": "Feature", "properties": { "record_id": 26561, "landslide_id": "SKM/ES/78A11/2015/137", "state": "Sikkim", "district": "East Sikkim", "location": "Changhu_Nathula Road", "latitude": 27.373472, "longitude": 88.731722, "movement_type": "Debris Slide", "history": null, "event_date": null, "road_distance_m": 1.2896836676700798, "settlement_distance_m": 1967.2767008350991, "amenity_distance_m": 678.11311083447845, "road_density_500m_km_per_km2": 30.171048701404015, "settlements_within_1km": 0, "amenities_within_1km": 1, "near_road_250m": 1, "near_settlement_1km": 0, "near_amenity_1km": 1 }, "geometry": { "type": "Point", "coordinates": [ 88.731722, 27.373472 ] } },
{ "type": "Feature", "properties": { "record_id": 26562, "landslide_id": "SKM/NS/78A11/2015/78", "state": "Sikkim", "district": "North Sikkim", "location": "Gangtok-Chungthang Road", "latitude": 27.374583, "longitude": 88.542444, "movement_type": "Rock Fall", "history": null, "event_date": null, "road_distance_m": 34.266605912855198, "settlement_distance_m": 2457.3223741780012, "amenity_distance_m": 2308.4156570633559, "road_density_500m_km_per_km2": 32.250871587436031, "settlements_within_1km": 0, "amenities_within_1km": 0, "near_road_250m": 1, "near_settlement_1km": 0, "near_amenity_1km": 0 }, "geometry": { "type": "Point", "coordinates": [ 88.542444, 27.374583 ] } },
{ "type": "Feature", "properties": { "record_id": 26563, "landslide_id": "SKM/NS/78A11/2015/02", "state": "Sikkim", "district": "North Sikkim", "location": "North Sikkim Highway", "latitude": 27.374583, "longitude": 88.542333, "movement_type": "Debris Slide", "history": null, "event_date": null, "road_distance_m": 23.318663446309152, "settlement_distance_m": 2467.4532760130628, "amenity_distance_m": 2310.6297893926376, "road_density_500m_km_per_km2": 32.250871587436031, "settlements_within_1km": 0, "amenities_within_1km": 0, "near_road_250m": 1, "near_settlement_1km": 0, "near_amenity_1km": 0 }, "geometry": { "type": "Point", "coordinates": [ 88.542333, 27.374583 ] } },
{ "type": "Feature", "properties": { "record_id": 26564, "landslide_id": "SKM/NS/78A15/2017/147", "state": "Sikkim", "district": "East Sikkim", "location": "Thengu SH", "latitude": 27.37475, "longitude": 88.782889, "movement_type": "Rock Slide", "history": null, "event_date": null, "road_distance_m": 7.9376422824331456, "settlement_distance_m": 451.07546500722134, "amenity_distance_m": 442.10424641470314, "road_density_500m_km_per_km2": 28.044482675137328, "settlements_within_1km": 1, "amenities_within_1km": 1, "near_road_250m": 1, "near_settlement_1km": 1, "near_amenity_1km": 1 }, "geometry": { "type": "Point", "coordinates": [ 88.782889, 27.37475 ] } },
{ "type": "Feature", "properties": { "record_id": 26565, "landslide_id": "SKM/ES/78A11/2015/138", "state": "Sikkim", "district": "East Sikkim", "location": "Changhu_Nathula Road", "latitude": 27.375028, "longitude": 88.728278, "movement_type": "Debris Slide", "history": null, "event_date": null, "road_distance_m": 3.394960993708835, "settlement_distance_m": 1737.543881131839, "amenity_distance_m": 316.50451255477719, "road_density_500m_km_per_km2": 6.1430678521194544, "settlements_within_1km": 0, "amenities_within_1km": 1, "near_road_250m": 1, "near_settlement_1km": 0, "near_amenity_1km": 1 }, "geometry": { "type": "Point", "coordinates": [ 88.728278, 27.375028 ] } },
{ "type": "Feature", "properties": { "record_id": 26566, "landslide_id": "SKM/NS/78A11/2015/79", "state": "Sikkim", "district": "North Sikkim", "location": "Gangtok-Chungthang Road", "latitude": 27.375139, "longitude": 88.542833, "movement_type": "Rock Fall", "history": null, "event_date": null, "road_distance_m": 30.133128614409259, "settlement_distance_m": 2446.676106720151, "amenity_distance_m": 2361.6394241297489, "road_density_500m_km_per_km2": 32.250871587436031, "settlements_within_1km": 0, "amenities_within_1km": 0, "near_road_250m": 1, "near_settlement_1km": 0, "near_amenity_1km": 0 }, "geometry": { "type": "Point", "coordinates": [ 88.542833, 27.375139 ] } },
{ "type": "Feature", "properties": { "record_id": 26567, "landslide_id": "SKM/ES/78A11/2015/400", "state": "Sikkim", "district": "East Sikkim", "location": "Changhu_Nathula Road", "latitude": 27.375139, "longitude": 88.708028, "movement_type": "Debris Slide", "history": null, "event_date": null, "road_distance_m": 14.146443235556857, "settlement_distance_m": 1044.1025617309981, "amenity_distance_m": 428.80985239802328, "road_density_500m_km_per_km2": 14.133759987304822, "settlements_within_1km": 0, "amenities_within_1km": 3, "near_road_250m": 1, "near_settlement_1km": 0, "near_amenity_1km": 1 }, "geometry": { "type": "Point", "coordinates": [ 88.708028, 27.375139 ] } },
{ "type": "Feature", "properties": { "record_id": 26568, "landslide_id": "SKM/NS/78A11/2015/01", "state": "Sikkim", "district": "North Sikkim", "location": "North Sikkim Highway", "latitude": 27.375194, "longitude": 88.54275, "movement_type": "Rock Fall", "history": null, "event_date": null, "road_distance_m": 19.91376285848747, "settlement_distance_m": 2456.670915229658, "amenity_distance_m": 2369.1117970526011, "road_density_500m_km_per_km2": 32.250871587436031, "settlements_within_1km": 0, "amenities_within_1km": 0, "near_road_250m": 1, "near_settlement_1km": 0, "near_amenity_1km": 0 }, "geometry": { "type": "Point", "coordinates": [ 88.54275, 27.375194 ] } },
{ "type": "Feature", "properties": { "record_id": 26569, "landslide_id": "SKM/ES/78A11/2015/58", "state": "Sikkim", "district": "East Sikkim", "location": "North Sikkim Highway", "latitude": 27.375806, "longitude": 88.625278, "movement_type": "Rock Fall", "history": null, "event_date": null, "road_distance_m": 0.11615080759175361, "settlement_distance_m": 2288.3297533697382, "amenity_distance_m": 1078.924983939793, "road_density_500m_km_per_km2": 13.531452859597504, "settlements_within_1km": 0, "amenities_within_1km": 0, "near_road_250m": 1, "near_settlement_1km": 0, "near_amenity_1km": 0 }, "geometry": { "type": "Point", "coordinates": [ 88.625278, 27.375806 ] } },
{ "type": "Feature", "properties": { "record_id": 26570, "landslide_id": "SKM/ES/78A11/2015/139", "state": "Sikkim", "district": "East Sikkim", "location": "Changhu_Nathula Road", "latitude": 27.375833, "longitude": 88.726722, "movement_type": "Rock Slide", "history": null, "event_date": null, "road_distance_m": 5.5424851404908271, "settlement_distance_m": 1659.0084070930695, "amenity_distance_m": 187.91514370337487, "road_density_500m_km_per_km2": 6.1430678521194544, "settlements_within_1km": 0, "amenities_within_1km": 1, "near_road_250m": 1, "near_settlement_1km": 0, "near_amenity_1km": 1 }, "geometry": { "type": "Point", "coordinates": [ 88.726722, 27.375833 ] } },
{ "type": "Feature", "properties": { "record_id": 26571, "landslide_id": "SKM/NS/78A15/2017/150", "state": "Sikkim", "district": "East Sikkim", "location": "Yakla SH", "latitude": 27.376222, "longitude": 88.799667, "movement_type": "Debris Slide", "history": null, "event_date": null, "road_distance_m": 13.477707284621749, "settlement_distance_m": 1216.830849765412, "amenity_distance_m": 1231.5037871212219, "road_density_500m_km_per_km2": 31.282044949724888, "settlements_within_1km": 0, "amenities_within_1km": 0, "near_road_250m": 1, "near_settlement_1km": 0, "near_amenity_1km": 0 }, "geometry": { "type": "Point", "coordinates": [ 88.799667, 27.376222 ] } },
{ "type": "Feature", "properties": { "record_id": 26572, "landslide_id": "SKM/ES/78A11/2015/59", "state": "Sikkim", "district": "East Sikkim", "location": "North Sikkim Highway", "latitude": 27.376306, "longitude": 88.629583, "movement_type": "Rock Fall", "history": null, "event_date": null, "road_distance_m": 2.3453142916098373, "settlement_distance_m": 2717.5748681838545, "amenity_distance_m": 1167.3818938959666, "road_density_500m_km_per_km2": 19.392631404431611, "settlements_within_1km": 0, "amenities_within_1km": 0, "near_road_250m": 1, "near_settlement_1km": 0, "near_amenity_1km": 0 }, "geometry": { "type": "Point", "coordinates": [ 88.629583, 27.376306 ] } },
{ "type": "Feature", "properties": { "record_id": 26573, "landslide_id": "SKM/NS/78A15/2017/144", "state": "Sikkim", "district": "East Sikkim", "location": "Changu SH", "latitude": 27.376861, "longitude": 88.766167, "movement_type": "Debris Slide", "history": null, "event_date": null, "road_distance_m": 6.8375943887045212, "settlement_distance_m": 483.76769840639929, "amenity_distance_m": 539.56193729972961, "road_density_500m_km_per_km2": 28.044482675137328, "settlements_within_1km": 3, "amenities_within_1km": 6, "near_road_250m": 1, "near_settlement_1km": 1, "near_amenity_1km": 1 }, "geometry": { "type": "Point", "coordinates": [ 88.766167, 27.376861 ] } },
{ "type": "Feature", "properties": { "record_id": 26574, "landslide_id": "SKM/NS/78A15/2017/145", "state": "Sikkim", "district": "East Sikkim", "location": "Thengu SH", "latitude": 27.378306, "longitude": 88.770083, "movement_type": "Debris Slide", "history": null, "event_date": null, "road_distance_m": 8.479085997837835, "settlement_distance_m": 95.182732729660117, "amenity_distance_m": 948.99552975187066, "road_density_500m_km_per_km2": 56.601804875385525, "settlements_within_1km": 2, "amenities_within_1km": 1, "near_road_250m": 1, "near_settlement_1km": 1, "near_amenity_1km": 1 }, "geometry": { "type": "Point", "coordinates": [ 88.770083, 27.378306 ] } },
{ "type": "Feature", "properties": { "record_id": 26575, "landslide_id": "SKM/ES/78A11/2015/402", "state": "Sikkim", "district": "East Sikkim", "location": "Changhu_Nathula Road", "latitude": 27.378417, "longitude": 88.697222, "movement_type": "Debris Slide", "history": null, "event_date": null, "road_distance_m": 2.3326510549713828, "settlement_distance_m": 2030.9506822401218, "amenity_distance_m": 651.17864365926278, "road_density_500m_km_per_km2": 7.8250658638517256, "settlements_within_1km": 0, "amenities_within_1km": 7, "near_road_250m": 1, "near_settlement_1km": 0, "near_amenity_1km": 1 }, "geometry": { "type": "Point", "coordinates": [ 88.697222, 27.378417 ] } },
{ "type": "Feature", "properties": { "record_id": 26576, "landslide_id": "SKM/NS/78A11/2015/80", "state": "Sikkim", "district": "North Sikkim", "location": "Gangtok-Chungthang Road", "latitude": 27.378444, "longitude": 88.541667, "movement_type": "Rock Fall", "history": null, "event_date": null, "road_distance_m": 28.406397251238023, "settlement_distance_m": 2718.0497391262052, "amenity_distance_m": 2742.9549498204033, "road_density_500m_km_per_km2": 32.250871587436031, "settlements_within_1km": 0, "amenities_within_1km": 0, "near_road_250m": 1, "near_settlement_1km": 0, "near_amenity_1km": 0 }, "geometry": { "type": "Point", "coordinates": [ 88.541667, 27.378444 ] } },
{ "type": "Feature", "properties": { "record_id": 26577, "landslide_id": "SKM/ES/78A11/2015/60", "state": "Sikkim", "district": "East Sikkim", "location": "North Sikkim Highway", "latitude": 27.378611, "longitude": 88.631083, "movement_type": "Rock Fall", "history": null, "event_date": null, "road_distance_m": 1.0547249336232907, "settlement_distance_m": 2912.6994786866262, "amenity_distance_m": 1454.5846963084789, "road_density_500m_km_per_km2": 13.531452859597504, "settlements_within_1km": 0, "amenities_within_1km": 0, "near_road_250m": 1, "near_settlement_1km": 0, "near_amenity_1km": 0 }, "geometry": { "type": "Point", "coordinates": [ 88.631083, 27.378611 ] } },
{ "type": "Feature", "properties": { "record_id": 26578, "landslide_id": "SKM/ES/78A11/2015/414", "state": "Sikkim", "district": "East Sikkim", "location": "Changhu_Nathula Road", "latitude": 27.378667, "longitude": 88.699611, "movement_type": "Rock Topple", "history": null, "event_date": null, "road_distance_m": 8.3740063543735292, "settlement_distance_m": 1871.733982675152, "amenity_distance_m": 606.40221647856015, "road_density_500m_km_per_km2": 7.8250658638517256, "settlements_within_1km": 0, "amenities_within_1km": 3, "near_road_250m": 1, "near_settlement_1km": 0, "near_amenity_1km": 1 }, "geometry": { "type": "Point", "coordinates": [ 88.699611, 27.378667 ] } },
{ "type": "Feature", "properties": { "record_id": 26579, "landslide_id": "SKM/WS/78A07/2015/357", "state": "Sikkim", "district": "West Sikkim", "location": "Dhupidara Road", "latitude": 27.379639, "longitude": 88.315361, "movement_type": "Debris Slide", "history": null, "event_date": null, "road_distance_m": 3.1248013065536351, "settlement_distance_m": 6909.0941711393498, "amenity_distance_m": 2415.1802214201789, "road_density_500m_km_per_km2": 11.444207245231599, "settlements_within_1km": 0, "amenities_within_1km": 0, "near_road_250m": 1, "near_settlement_1km": 0, "near_amenity_1km": 0 }, "geometry": { "type": "Point", "coordinates": [ 88.315361, 27.379639 ] } },
{ "type": "Feature", "properties": { "record_id": 26580, "landslide_id": "SKM/ES/78A11/2015/413", "state": "Sikkim", "district": "East Sikkim", "location": "Changhu_Nathula Road", "latitude": 27.380806, "longitude": 88.726, "movement_type": "Debris Slide", "history": null, "event_date": null, "road_distance_m": 350.79504616814717, "settlement_distance_m": 1989.0407730432096, "amenity_distance_m": 651.72993407716342, "road_density_500m_km_per_km2": 1.5272839470731809, "settlements_within_1km": 0, "amenities_within_1km": 1, "near_road_250m": 0, "near_settlement_1km": 0, "near_amenity_1km": 1 }, "geometry": { "type": "Point", "coordinates": [ 88.726, 27.380806 ] } },
{ "type": "Feature", "properties": { "record_id": 26581, "landslide_id": "SKM/NS/78A15/2017/152", "state": "Sikkim", "district": "East Sikkim", "location": "SH", "latitude": 27.380861, "longitude": 88.812361, "movement_type": "Debris Slide", "history": null, "event_date": null, "road_distance_m": 11.394044574090673, "settlement_distance_m": 286.66541461598251, "amenity_distance_m": 1765.9503027681487, "road_density_500m_km_per_km2": 28.044482675137328, "settlements_within_1km": 1, "amenities_within_1km": 0, "near_road_250m": 1, "near_settlement_1km": 1, "near_amenity_1km": 0 }, "geometry": { "type": "Point", "coordinates": [ 88.812361, 27.380861 ] } },
{ "type": "Feature", "properties": { "record_id": 26582, "landslide_id": "SKM/ES/78A11/2015/61", "state": "Sikkim", "district": "East Sikkim", "location": "North Sikkim Highway", "latitude": 27.381278, "longitude": 88.632611, "movement_type": "Rock Fall", "history": null, "event_date": null, "road_distance_m": 2.6486625092260447, "settlement_distance_m": 3026.0477590754681, "amenity_distance_m": 1783.1662088314415, "road_density_500m_km_per_km2": 11.091249419650289, "settlements_within_1km": 0, "amenities_within_1km": 0, "near_road_250m": 1, "near_settlement_1km": 0, "near_amenity_1km": 0 }, "geometry": { "type": "Point", "coordinates": [ 88.632611, 27.381278 ] } },
{ "type": "Feature", "properties": { "record_id": 26583, "landslide_id": "SKM/ES/78A11/2015/411", "state": "Sikkim", "district": "East Sikkim", "location": "Changhu_Nathula Road", "latitude": 27.381306, "longitude": 88.690444, "movement_type": "Debris Slide", "history": null, "event_date": null, "road_distance_m": 18.211128823812984, "settlement_distance_m": 2759.3949669551685, "amenity_distance_m": 135.75876754517805, "road_density_500m_km_per_km2": 17.22360185415404, "settlements_within_1km": 0, "amenities_within_1km": 5, "near_road_250m": 1, "near_settlement_1km": 0, "near_amenity_1km": 1 }, "geometry": { "type": "Point", "coordinates": [ 88.690444, 27.381306 ] } },
{ "type": "Feature", "properties": { "record_id": 26584, "landslide_id": "SKM/ES/78A11/2015/403", "state": "Sikkim", "district": "East Sikkim", "location": "Changhu_Nathula Road", "latitude": 27.381556, "longitude": 88.691806, "movement_type": "Debris Slide", "history": null, "event_date": null, "road_distance_m": 14.924665125717727, "settlement_distance_m": 2667.2110708153373, "amenity_distance_m": 15.230245873875106, "road_density_500m_km_per_km2": 9.844737976661726, "settlements_within_1km": 0, "amenities_within_1km": 5, "near_road_250m": 1, "near_settlement_1km": 0, "near_amenity_1km": 1 }, "geometry": { "type": "Point", "coordinates": [ 88.691806, 27.381556 ] } },
{ "type": "Feature", "properties": { "record_id": 26585, "landslide_id": "SKM/ES/78A11/2015/63", "state": "Sikkim", "district": "East Sikkim", "location": "North Sikkim Highway", "latitude": 27.381917, "longitude": 88.640333, "movement_type": "Rock Fall", "history": null, "event_date": null, "road_distance_m": 21.532108565200936, "settlement_distance_m": 3582.4648768272236, "amenity_distance_m": 2219.568586415377, "road_density_500m_km_per_km2": 11.091249419650289, "settlements_within_1km": 0, "amenities_within_1km": 0, "near_road_250m": 1, "near_settlement_1km": 0, "near_amenity_1km": 0 }, "geometry": { "type": "Point", "coordinates": [ 88.640333, 27.381917 ] } },
{ "type": "Feature", "properties": { "record_id": 26586, "landslide_id": "SKM/ES/78A11/2015/401", "state": "Sikkim", "district": "East Sikkim", "location": "Changhu_Nathula Road", "latitude": 27.383361, "longitude": 88.702611, "movement_type": "Debris Slide", "history": null, "event_date": null, "road_distance_m": 22.777029064405088, "settlement_distance_m": 2100.9547926343917, "amenity_distance_m": 621.02927609609822, "road_density_500m_km_per_km2": 7.8250658638517256, "settlements_within_1km": 0, "amenities_within_1km": 2, "near_road_250m": 1, "near_settlement_1km": 0, "near_amenity_1km": 1 }, "geometry": { "type": "Point", "coordinates": [ 88.702611, 27.383361 ] } },
{ "type": "Feature", "properties": { "record_id": 26587, "landslide_id": "SKM/WS/78A07/2015/356", "state": "Sikkim", "district": "West Sikkim", "location": "Dhupidara Road", "latitude": 27.383611, "longitude": 88.305806, "movement_type": "Rock Topple", "history": null, "event_date": null, "road_distance_m": 39.354636249342661, "settlement_distance_m": 6430.0774768378815, "amenity_distance_m": 3388.5026626972522, "road_density_500m_km_per_km2": 25.004840955043552, "settlements_within_1km": 0, "amenities_within_1km": 0, "near_road_250m": 1, "near_settlement_1km": 0, "near_amenity_1km": 0 }, "geometry": { "type": "Point", "coordinates": [ 88.305806, 27.383611 ] } },
{ "type": "Feature", "properties": { "record_id": 26588, "landslide_id": "SKM/NS/78A15/2017/151", "state": "Sikkim", "district": "East Sikkim", "location": "Sherethang SH", "latitude": 27.38375, "longitude": 88.808694, "movement_type": "Debris Slide", "history": null, "event_date": null, "road_distance_m": 13.324818615541945, "settlement_distance_m": 744.02421643820287, "amenity_distance_m": 2056.0213887493305, "road_density_500m_km_per_km2": 31.676246043666524, "settlements_within_1km": 1, "amenities_within_1km": 0, "near_road_250m": 1, "near_settlement_1km": 1, "near_amenity_1km": 0 }, "geometry": { "type": "Point", "coordinates": [ 88.808694, 27.38375 ] } },
{ "type": "Feature", "properties": { "record_id": 26589, "landslide_id": "SKM/ES/78A11/2015/62", "state": "Sikkim", "district": "East Sikkim", "location": "North Sikkim Highway", "latitude": 27.383806, "longitude": 88.633083, "movement_type": "Rock Fall", "history": null, "event_date": null, "road_distance_m": 11.851260099652269, "settlement_distance_m": 2878.9334035901534, "amenity_distance_m": 2063.1886238828019, "road_density_500m_km_per_km2": 18.043284958283095, "settlements_within_1km": 0, "amenities_within_1km": 0, "near_road_250m": 1, "near_settlement_1km": 0, "near_amenity_1km": 0 }, "geometry": { "type": "Point", "coordinates": [ 88.633083, 27.383806 ] } },
{ "type": "Feature", "properties": { "record_id": 26590, "landslide_id": "SKM/ES/78A11/2015/64", "state": "Sikkim", "district": "East Sikkim", "location": "North Sikkim Highway", "latitude": 27.384444, "longitude": 88.639611, "movement_type": "Rock Slide", "history": null, "event_date": null, "road_distance_m": 13.946216910824541, "settlement_distance_m": 3372.8885655303484, "amenity_distance_m": 2407.113111124977, "road_density_500m_km_per_km2": 11.091249419650289, "settlements_within_1km": 0, "amenities_within_1km": 0, "near_road_250m": 1, "near_settlement_1km": 0, "near_amenity_1km": 0 }, "geometry": { "type": "Point", "coordinates": [ 88.639611, 27.384444 ] } },
{ "type": "Feature", "properties": { "record_id": 26591, "landslide_id": "SKM/WS/78A07/2015/355", "state": "Sikkim", "district": "West Sikkim", "location": "Dhupidara Road", "latitude": 27.389222, "longitude": 88.310972, "movement_type": "Rock Fall", "history": null, "event_date": null, "road_distance_m": 10.424094591723078, "settlement_distance_m": 7226.177725001271, "amenity_distance_m": 3039.7005569409762, "road_density_500m_km_per_km2": 16.347059426146366, "settlements_within_1km": 0, "amenities_within_1km": 0, "near_road_250m": 1, "near_settlement_1km": 0, "near_amenity_1km": 0 }, "geometry": { "type": "Point", "coordinates": [ 88.310972, 27.389222 ] } },
{ "type": "Feature", "properties": { "record_id": 26592, "landslide_id": "SKM/WS/78A07/2015/354", "state": "Sikkim", "district": "West Sikkim", "location": "Dhupidara Road", "latitude": 27.393139, "longitude": 88.310139, "movement_type": "Debris Slide", "history": null, "event_date": null, "road_distance_m": 6.9365767709046686, "settlement_distance_m": 7469.4000526984282, "amenity_distance_m": 3289.9005767479193, "road_density_500m_km_per_km2": 16.728575402843216, "settlements_within_1km": 0, "amenities_within_1km": 0, "near_road_250m": 1, "near_settlement_1km": 0, "near_amenity_1km": 0 }, "geometry": { "type": "Point", "coordinates": [ 88.310139, 27.393139 ] } },
{ "type": "Feature", "properties": { "record_id": 26593, "landslide_id": "SKM/ES/78A11/2015/65", "state": "Sikkim", "district": "East Sikkim", "location": "North Sikkim Highway", "latitude": 27.394, "longitude": 88.62525, "movement_type": "Rock Slide", "history": null, "event_date": null, "road_distance_m": 4.4204396992379538, "settlement_distance_m": 1622.9003382089265, "amenity_distance_m": 1584.8970837067259, "road_density_500m_km_per_km2": 15.303902135733091, "settlements_within_1km": 0, "amenities_within_1km": 0, "near_road_250m": 1, "near_settlement_1km": 0, "near_amenity_1km": 0 }, "geometry": { "type": "Point", "coordinates": [ 88.62525, 27.394 ] } },
{ "type": "Feature", "properties": { "record_id": 26594, "landslide_id": "SKM/WS/78A07/2015/353", "state": "Sikkim", "district": "West Sikkim", "location": "Dhupidara Road", "latitude": 27.395028, "longitude": 88.307389, "movement_type": "Rock Fall", "history": null, "event_date": null, "road_distance_m": 7.8308271946195349, "settlement_distance_m": 7436.3834712039043, "amenity_distance_m": 3627.7468085838163, "road_density_500m_km_per_km2": 33.453556126577965, "settlements_within_1km": 0, "amenities_within_1km": 0, "near_road_250m": 1, "near_settlement_1km": 0, "near_amenity_1km": 0 }, "geometry": { "type": "Point", "coordinates": [ 88.307389, 27.395028 ] } },
{ "type": "Feature", "properties": { "record_id": 26595, "landslide_id": "SKM/ES/78A11/2015/66", "state": "Sikkim", "district": "East Sikkim", "location": "North Sikkim Highway", "latitude": 27.395444, "longitude": 88.623583, "movement_type": "Rock Slide", "history": null, "event_date": null, "road_distance_m": 1.2922613309841187, "settlement_distance_m": 1409.8245206459171, "amenity_distance_m": 1382.0546510089182, "road_density_500m_km_per_km2": 15.303902135733091, "settlements_within_1km": 0, "amenities_within_1km": 0, "near_road_250m": 1, "near_settlement_1km": 0, "near_amenity_1km": 0 }, "geometry": { "type": "Point", "coordinates": [ 88.623583, 27.395444 ] } },
{ "type": "Feature", "properties": { "record_id": 26596, "landslide_id": "SKM/NS/78A11/2015/04", "state": "Sikkim", "district": "North Sikkim", "location": "Kabi North Sikkim Highway", "latitude": 27.3955, "longitude": 88.623556, "movement_type": "Debris Slide", "history": null, "event_date": null, "road_distance_m": 2.8657376343278966, "settlement_distance_m": 1405.1586356843, "amenity_distance_m": 1377.9749779427066, "road_density_500m_km_per_km2": 15.303902135733091, "settlements_within_1km": 0, "amenities_within_1km": 0, "near_road_250m": 1, "near_settlement_1km": 0, "near_amenity_1km": 0 }, "geometry": { "type": "Point", "coordinates": [ 88.623556, 27.3955 ] } },
{ "type": "Feature", "properties": { "record_id": 26597, "landslide_id": "SKM/WS/78A07/2015/352", "state": "Sikkim", "district": "West Sikkim", "location": "Dhupidara Road", "latitude": 27.3955, "longitude": 88.306889, "movement_type": "Debris Slide", "history": null, "event_date": null, "road_distance_m": 13.992211214412968, "settlement_distance_m": 7442.7719124155565, "amenity_distance_m": 3696.0168543311715, "road_density_500m_km_per_km2": 33.453556126577965, "settlements_within_1km": 0, "amenities_within_1km": 0, "near_road_250m": 1, "near_settlement_1km": 0, "near_amenity_1km": 0 }, "geometry": { "type": "Point", "coordinates": [ 88.306889, 27.3955 ] } },
{ "type": "Feature", "properties": { "record_id": 26598, "landslide_id": "SKM/NS/78A11/2015/82", "state": "Sikkim", "district": "North Sikkim", "location": "Dikchu-Mangshila Road", "latitude": 27.395556, "longitude": 88.517528, "movement_type": "Rock Slide", "history": null, "event_date": null, "road_distance_m": 6.1831070205502581, "settlement_distance_m": 883.2004947441269, "amenity_distance_m": 2198.7162486901925, "road_density_500m_km_per_km2": 26.698671507895231, "settlements_within_1km": 1, "amenities_within_1km": 0, "near_road_250m": 1, "near_settlement_1km": 1, "near_amenity_1km": 0 }, "geometry": { "type": "Point", "coordinates": [ 88.517528, 27.395556 ] } },
{ "type": "Feature", "properties": { "record_id": 26599, "landslide_id": "SKM/ES/78A11/2015/67", "state": "Sikkim", "district": "East Sikkim", "location": "North Sikkim Highway", "latitude": 27.395639, "longitude": 88.621667, "movement_type": "Debris Slide", "history": null, "event_date": null, "road_distance_m": 1.824132425241815, "settlement_distance_m": 1225.6411301551088, "amenity_distance_m": 1193.2186479600762, "road_density_500m_km_per_km2": 15.303902135733091, "settlements_within_1km": 0, "amenities_within_1km": 0, "near_road_250m": 1, "near_settlement_1km": 0, "near_amenity_1km": 0 }, "geometry": { "type": "Point", "coordinates": [ 88.621667, 27.395639 ] } },
{ "type": "Feature", "properties": { "record_id": 26600, "landslide_id": "SKM/NS/78A11/2015/81", "state": "Sikkim", "district": "North Sikkim", "location": "Dikchu-Mangshila Road", "latitude": 27.397083, "longitude": 88.519167, "movement_type": "Debris Slide", "history": null, "event_date": null, "road_distance_m": 7.9112408724835968, "settlement_distance_m": 654.25379948266254, "amenity_distance_m": 2429.2241321794536, "road_density_500m_km_per_km2": 27.674187041471814, "settlements_within_1km": 1, "amenities_within_1km": 0, "near_road_250m": 1, "near_settlement_1km": 1, "near_amenity_1km": 0 }, "geometry": { "type": "Point", "coordinates": [ 88.519167, 27.397083 ] } },
{ "type": "Feature", "properties": { "record_id": 26601, "landslide_id": "SKM/WS/78A07/2015/375", "state": "Sikkim", "district": "West Sikkim", "location": "Narkhola Road", "latitude": 27.397389, "longitude": 88.356139, "movement_type": "Rock Fall", "history": null, "event_date": null, "road_distance_m": 304.50199224768602, "settlement_distance_m": 9284.9734306237824, "amenity_distance_m": 2544.5852631378257, "road_density_500m_km_per_km2": 19.32677493941636, "settlements_within_1km": 0, "amenities_within_1km": 0, "near_road_250m": 0, "near_settlement_1km": 0, "near_amenity_1km": 0 }, "geometry": { "type": "Point", "coordinates": [ 88.356139, 27.397389 ] } },
{ "type": "Feature", "properties": { "record_id": 26602, "landslide_id": "SKM/ES/78A11/2015/68", "state": "Sikkim", "district": "East Sikkim", "location": "North Sikkim Highway", "latitude": 27.398083, "longitude": 88.614583, "movement_type": "Debris Slide", "history": null, "event_date": null, "road_distance_m": 0.0087060241784242334, "settlement_distance_m": 475.23460728679703, "amenity_distance_m": 452.96424076992554, "road_density_500m_km_per_km2": 18.686145048945285, "settlements_within_1km": 1, "amenities_within_1km": 2, "near_road_250m": 1, "near_settlement_1km": 1, "near_amenity_1km": 1 }, "geometry": { "type": "Point", "coordinates": [ 88.614583, 27.398083 ] } },
{ "type": "Feature", "properties": { "record_id": 26603, "landslide_id": "SKM/WS/78A07/2015/377", "state": "Sikkim", "district": "West Sikkim", "location": "Narkhola Road", "latitude": 27.399806, "longitude": 88.329139, "movement_type": "Debris Slide", "history": null, "event_date": null, "road_distance_m": 8.5142942952982832, "settlement_distance_m": 9348.422424306711, "amenity_distance_m": 2467.6351006718978, "road_density_500m_km_per_km2": 20.824566234231099, "settlements_within_1km": 0, "amenities_within_1km": 0, "near_road_250m": 1, "near_settlement_1km": 0, "near_amenity_1km": 0 }, "geometry": { "type": "Point", "coordinates": [ 88.329139, 27.399806 ] } },
{ "type": "Feature", "properties": { "record_id": 26604, "landslide_id": "SKM/WS/78A07/2015/376", "state": "Sikkim", "district": "West Sikkim", "location": "Narkhola Road", "latitude": 27.400278, "longitude": 88.356861, "movement_type": "Debris Slide", "history": null, "event_date": null, "road_distance_m": 534.95371924480025, "settlement_distance_m": 9487.1100273940156, "amenity_distance_m": 2840.9072999612772, "road_density_500m_km_per_km2": 0.0, "settlements_within_1km": 0, "amenities_within_1km": 0, "near_road_250m": 0, "near_settlement_1km": 0, "near_amenity_1km": 0 }, "geometry": { "type": "Point", "coordinates": [ 88.356861, 27.400278 ] } },
{ "type": "Feature", "properties": { "record_id": 26605, "landslide_id": "SKM/NS/78A11/2015/76", "state": "Sikkim", "district": "North Sikkim", "location": "North Sikkim Highway", "latitude": 27.40825, "longitude": 88.571167, "movement_type": "Rock Slide", "history": null, "event_date": null, "road_distance_m": 3.3406015840666572, "settlement_distance_m": 298.7230003983347, "amenity_distance_m": 1324.3760290106986, "road_density_500m_km_per_km2": 15.963923592341555, "settlements_within_1km": 1, "amenities_within_1km": 0, "near_road_250m": 1, "near_settlement_1km": 1, "near_amenity_1km": 0 }, "geometry": { "type": "Point", "coordinates": [ 88.571167, 27.40825 ] } },
{ "type": "Feature", "properties": { "record_id": 26606, "landslide_id": "SKM/NS/78A11/2015/77", "state": "Sikkim", "district": "North Sikkim", "location": "North Sikkim Highway", "latitude": 27.409667, "longitude": 88.543722, "movement_type": "Rock Fall", "history": null, "event_date": null, "road_distance_m": 14.150490434199115, "settlement_distance_m": 2261.8158474626539, "amenity_distance_m": 3578.1422826956796, "road_density_500m_km_per_km2": 19.684371543447682, "settlements_within_1km": 0, "amenities_within_1km": 0, "near_road_250m": 1, "near_settlement_1km": 0, "near_amenity_1km": 0 }, "geometry": { "type": "Point", "coordinates": [ 88.543722, 27.409667 ] } },
{ "type": "Feature", "properties": { "record_id": 26607, "landslide_id": "SKM/NOR/78A11/2014/007", "state": "Sikkim", "district": "North Sikkim", "location": "Tanek Rockslide Tanek (On North-Sikkim High", "latitude": 27.4097, "longitude": 88.54371, "movement_type": "Rock Fall", "history": "24 June 2014", "event_date": "2014-06-24T00:00:00", "road_distance_m": 10.453203727867356, "settlement_distance_m": 2262.0471516732068, "amenity_distance_m": 3578.2945723904072, "road_density_500m_km_per_km2": 19.684371543447682, "settlements_within_1km": 0, "amenities_within_1km": 0, "near_road_250m": 1, "near_settlement_1km": 0, "near_amenity_1km": 0 }, "geometry": { "type": "Point", "coordinates": [ 88.54371, 27.4097 ] } },
{ "type": "Feature", "properties": { "record_id": 26608, "landslide_id": "SKM/NS/78A11/2015/09", "state": "Sikkim", "district": "North Sikkim", "location": "North Sikkim Highway", "latitude": 27.409861, "longitude": 88.543722, "movement_type": "Rock Fall", "history": null, "event_date": null, "road_distance_m": 7.3298378954248697, "settlement_distance_m": 2269.7403196805662, "amenity_distance_m": 3572.3712754710559, "road_density_500m_km_per_km2": 19.684371543447682, "settlements_within_1km": 0, "amenities_within_1km": 0, "near_road_250m": 1, "near_settlement_1km": 0, "near_amenity_1km": 0 }, "geometry": { "type": "Point", "coordinates": [ 88.543722, 27.409861 ] } },
{ "type": "Feature", "properties": { "record_id": 26609, "landslide_id": "SKM/NS/78A11/2015/83", "state": "Sikkim", "district": "North Sikkim", "location": "Dikchu-Mangshila Road", "latitude": 27.411306, "longitude": 88.516611, "movement_type": "Rock Slide", "history": null, "event_date": null, "road_distance_m": 8.5840843448184909, "settlement_distance_m": 1158.9247567467462, "amenity_distance_m": 1822.4536899987579, "road_density_500m_km_per_km2": 11.005195503529801, "settlements_within_1km": 0, "amenities_within_1km": 0, "near_road_250m": 1, "near_settlement_1km": 0, "near_amenity_1km": 0 }, "geometry": { "type": "Point", "coordinates": [ 88.516611, 27.411306 ] } },
{ "type": "Feature", "properties": { "record_id": 26610, "landslide_id": "SKM/NS/78A11/2015/69", "state": "Sikkim", "district": "North Sikkim", "location": "North Sikkim Highway", "latitude": 27.412111, "longitude": 88.627083, "movement_type": "Debris Slide", "history": null, "event_date": null, "road_distance_m": 19.536420973387319, "settlement_distance_m": 2146.6191382685461, "amenity_distance_m": 1890.4099475151941, "road_density_500m_km_per_km2": 3.4482278045029999, "settlements_within_1km": 0, "amenities_within_1km": 0, "near_road_250m": 1, "near_settlement_1km": 0, "near_amenity_1km": 0 }, "geometry": { "type": "Point", "coordinates": [ 88.627083, 27.412111 ] } },
{ "type": "Feature", "properties": { "record_id": 26611, "landslide_id": "SKM/NS/78A11/2015/03", "state": "Sikkim", "district": "North Sikkim", "location": "Kabi North Sikkim Highway", "latitude": 27.412111, "longitude": 88.626944, "movement_type": "Debris Slide", "history": null, "event_date": null, "road_distance_m": 6.6913720759851003, "settlement_distance_m": 2135.96525664623, "amenity_distance_m": 1878.5049860433446, "road_density_500m_km_per_km2": 3.4482278045029999, "settlements_within_1km": 0, "amenities_within_1km": 0, "near_road_250m": 1, "near_settlement_1km": 0, "near_amenity_1km": 0 }, "geometry": { "type": "Point", "coordinates": [ 88.626944, 27.412111 ] } },
{ "type": "Feature", "properties": { "record_id": 26612, "landslide_id": "SKM/NS/78A11/2015/24", "state": "Sikkim", "district": "North Sikkim", "location": "North Sikkim Highway", "latitude": 27.417306, "longitude": 88.622361, "movement_type": "Debris Slide", "history": null, "event_date": null, "road_distance_m": 2.9255859464125713, "settlement_distance_m": 1561.6345460313137, "amenity_distance_m": 1228.0628691616466, "road_density_500m_km_per_km2": 2.5210924410121307, "settlements_within_1km": 0, "amenities_within_1km": 0, "near_road_250m": 1, "near_settlement_1km": 0, "near_amenity_1km": 0 }, "geometry": { "type": "Point", "coordinates": [ 88.622361, 27.417306 ] } },
{ "type": "Feature", "properties": { "record_id": 26613, "landslide_id": "SKM/NS/78A11/2015/71", "state": "Sikkim", "district": "North Sikkim", "location": "North Sikkim Highway", "latitude": 27.417389, "longitude": 88.621222, "movement_type": "Debris Slide", "history": null, "event_date": null, "road_distance_m": 5.3687673333153558, "settlement_distance_m": 1461.4702257700956, "amenity_distance_m": 1118.0964789288789, "road_density_500m_km_per_km2": 2.5210924410121307, "settlements_within_1km": 0, "amenities_within_1km": 0, "near_road_250m": 1, "near_settlement_1km": 0, "near_amenity_1km": 0 }, "geometry": { "type": "Point", "coordinates": [ 88.621222, 27.417389 ] } },
{ "type": "Feature", "properties": { "record_id": 26614, "landslide_id": "SKM/NS/78A11/2015/23", "state": "Sikkim", "district": "North Sikkim", "location": "North Sikkim Highway", "latitude": 27.417444, "longitude": 88.621083, "movement_type": "Debris Slide", "history": null, "event_date": null, "road_distance_m": 1.7937936702562682, "settlement_distance_m": 1446.6369392063839, "amenity_distance_m": 1103.1270675690639, "road_density_500m_km_per_km2": 2.5210924410121307, "settlements_within_1km": 0, "amenities_within_1km": 0, "near_road_250m": 1, "near_settlement_1km": 0, "near_amenity_1km": 0 }, "geometry": { "type": "Point", "coordinates": [ 88.621083, 27.417444 ] } },
{ "type": "Feature", "properties": { "record_id": 26615, "landslide_id": "SKM/NS/78A11/2015/25", "state": "Sikkim", "district": "North Sikkim", "location": "North Sikkim Highway", "latitude": 27.417778, "longitude": 88.623389, "movement_type": "Rock Fall", "history": null, "event_date": null, "road_distance_m": 3.928103509004671, "settlement_distance_m": 1624.3037549986029, "amenity_distance_m": 1311.9478868904573, "road_density_500m_km_per_km2": 2.5210924410121307, "settlements_within_1km": 0, "amenities_within_1km": 0, "near_road_250m": 1, "near_settlement_1km": 0, "near_amenity_1km": 0 }, "geometry": { "type": "Point", "coordinates": [ 88.623389, 27.417778 ] } },
{ "type": "Feature", "properties": { "record_id": 26616, "landslide_id": "SKM/NS/78A11/2015/26", "state": "Sikkim", "district": "North Sikkim", "location": "North Sikkim Highway", "latitude": 27.417972, "longitude": 88.623361, "movement_type": "Rock Fall", "history": null, "event_date": null, "road_distance_m": 3.6055691395330953, "settlement_distance_m": 1611.9192131953798, "amenity_distance_m": 1304.2738348591315, "road_density_500m_km_per_km2": 2.5210924410121307, "settlements_within_1km": 0, "amenities_within_1km": 0, "near_road_250m": 1, "near_settlement_1km": 0, "near_amenity_1km": 0 }, "geometry": { "type": "Point", "coordinates": [ 88.623361, 27.417972 ] } },
{ "type": "Feature", "properties": { "record_id": 26617, "landslide_id": "SKM/NS/78A11/2015/70", "state": "Sikkim", "district": "North Sikkim", "location": "North Sikkim Highway", "latitude": 27.418, "longitude": 88.623333, "movement_type": "Debris Slide", "history": null, "event_date": null, "road_distance_m": 6.1073422555039087, "settlement_distance_m": 1608.0395157041878, "amenity_distance_m": 1300.8825020785052, "road_density_500m_km_per_km2": 2.5210924410121307, "settlements_within_1km": 0, "amenities_within_1km": 0, "near_road_250m": 1, "near_settlement_1km": 0, "near_amenity_1km": 0 }, "geometry": { "type": "Point", "coordinates": [ 88.623333, 27.418 ] } },
{ "type": "Feature", "properties": { "record_id": 26618, "landslide_id": "SKM/NS/78A11/2015/05", "state": "Sikkim", "district": "North Sikkim", "location": "North Sikkim Highway", "latitude": 27.418472, "longitude": 88.616083, "movement_type": "Debris Slide", "history": null, "event_date": null, "road_distance_m": 27.382912765833801, "settlement_distance_m": 986.94797120389444, "amenity_distance_m": 600.2088860384888, "road_density_500m_km_per_km2": 4.881170188856637, "settlements_within_1km": 1, "amenities_within_1km": 2, "near_road_250m": 1, "near_settlement_1km": 1, "near_amenity_1km": 1 }, "geometry": { "type": "Point", "coordinates": [ 88.616083, 27.418472 ] } },
{ "type": "Feature", "properties": { "record_id": 26619, "landslide_id": "SKM/NS/78A11/2015/06", "state": "Sikkim", "district": "North Sikkim", "location": "North Sikkim Highway", "latitude": 27.418667, "longitude": 88.616778, "movement_type": "Debris Slide", "history": null, "event_date": null, "road_distance_m": 3.00225238007036, "settlement_distance_m": 1023.7034127332249, "amenity_distance_m": 656.5024172643524, "road_density_500m_km_per_km2": 4.881170188856637, "settlements_within_1km": 0, "amenities_within_1km": 2, "near_road_250m": 1, "near_settlement_1km": 0, "near_amenity_1km": 1 }, "geometry": { "type": "Point", "coordinates": [ 88.616778, 27.418667 ] } },
{ "type": "Feature", "properties": { "record_id": 26620, "landslide_id": "SKM/NS/78A11/2015/84", "state": "Sikkim", "district": "North Sikkim", "location": "Dikchu-Mangshila Road", "latitude": 27.420028, "longitude": 88.515944, "movement_type": "Rock Fall", "history": null, "event_date": null, "road_distance_m": 3.5334544584743819, "settlement_distance_m": 2074.1564481299056, "amenity_distance_m": 1605.2711513955794, "road_density_500m_km_per_km2": 21.943524321136554, "settlements_within_1km": 0, "amenities_within_1km": 0, "near_road_250m": 1, "near_settlement_1km": 0, "near_amenity_1km": 0 }, "geometry": { "type": "Point", "coordinates": [ 88.515944, 27.420028 ] } },
{ "type": "Feature", "properties": { "record_id": 26621, "landslide_id": "SKM/NS/78A11/2015/85", "state": "Sikkim", "district": "North Sikkim", "location": "Dikchu-Mangshila Road", "latitude": 27.426, "longitude": 88.514, "movement_type": "Debris Slide", "history": null, "event_date": null, "road_distance_m": 2.9209036173055622, "settlement_distance_m": 2456.7261432281489, "amenity_distance_m": 1648.1104592207703, "road_density_500m_km_per_km2": 17.362402388998994, "settlements_within_1km": 0, "amenities_within_1km": 0, "near_road_250m": 1, "near_settlement_1km": 0, "near_amenity_1km": 0 }, "geometry": { "type": "Point", "coordinates": [ 88.514, 27.426 ] } },
{ "type": "Feature", "properties": { "record_id": 26622, "landslide_id": "SKM/NS/78A11/2015/74", "state": "Sikkim", "district": "North Sikkim", "location": "North Sikkim Highway", "latitude": 27.426361, "longitude": 88.583028, "movement_type": "Debris Slide", "history": null, "event_date": null, "road_distance_m": 10.272662126659133, "settlement_distance_m": 762.9844697064749, "amenity_distance_m": 767.72088882600008, "road_density_500m_km_per_km2": 2.8369232952488059, "settlements_within_1km": 1, "amenities_within_1km": 5, "near_road_250m": 1, "near_settlement_1km": 1, "near_amenity_1km": 1 }, "geometry": { "type": "Point", "coordinates": [ 88.583028, 27.426361 ] } },
{ "type": "Feature", "properties": { "record_id": 26623, "landslide_id": "SKM/NS/78A11/2015/75", "state": "Sikkim", "district": "North Sikkim", "location": "North Sikkim Highway", "latitude": 27.426361, "longitude": 88.583028, "movement_type": "Debris Slide", "history": null, "event_date": null, "road_distance_m": 10.272662126659133, "settlement_distance_m": 762.9844697064749, "amenity_distance_m": 767.72088882600008, "road_density_500m_km_per_km2": 2.8369232952488059, "settlements_within_1km": 1, "amenities_within_1km": 5, "near_road_250m": 1, "near_settlement_1km": 1, "near_amenity_1km": 1 }, "geometry": { "type": "Point", "coordinates": [ 88.583028, 27.426361 ] } },
{ "type": "Feature", "properties": { "record_id": 26624, "landslide_id": "SKM/NS/78A11/2015/72", "state": "Sikkim", "district": "North Sikkim", "location": "North Sikkim Highway", "latitude": 27.429556, "longitude": 88.611667, "movement_type": "Debris Slide", "history": null, "event_date": null, "road_distance_m": 1.439046629797931, "settlement_distance_m": 613.29607083283122, "amenity_distance_m": 997.84137388093427, "road_density_500m_km_per_km2": 10.825436916204211, "settlements_within_1km": 1, "amenities_within_1km": 1, "near_road_250m": 1, "near_settlement_1km": 1, "near_amenity_1km": 1 }, "geometry": { "type": "Point", "coordinates": [ 88.611667, 27.429556 ] } },
{ "type": "Feature", "properties": { "record_id": 26625, "landslide_id": "SKM/NS/78A11/2015/86", "state": "Sikkim", "district": "North Sikkim", "location": "Dikchu-Mangshila Road", "latitude": 27.433083, "longitude": 88.514528, "movement_type": "Debris Slide", "history": null, "event_date": null, "road_distance_m": 4.9386516301448165, "settlement_distance_m": 1765.0497013873387, "amenity_distance_m": 1649.6824179158923, "road_density_500m_km_per_km2": 12.527241510998161, "settlements_within_1km": 0, "amenities_within_1km": 0, "near_road_250m": 1, "near_settlement_1km": 0, "near_amenity_1km": 0 }, "geometry": { "type": "Point", "coordinates": [ 88.514528, 27.433083 ] } },
{ "type": "Feature", "properties": { "record_id": 26626, "landslide_id": "SKM/NS/78A11/2015/87", "state": "Sikkim", "district": "North Sikkim", "location": "Dikchu-Mangshila Road", "latitude": 27.435944, "longitude": 88.515167, "movement_type": "Rock Slide", "history": null, "event_date": null, "road_distance_m": 12.840769393725587, "settlement_distance_m": 1537.8466319626123, "amenity_distance_m": 1435.7211070014218, "road_density_500m_km_per_km2": 13.065869283919668, "settlements_within_1km": 0, "amenities_within_1km": 0, "near_road_250m": 1, "near_settlement_1km": 0, "near_amenity_1km": 0 }, "geometry": { "type": "Point", "coordinates": [ 88.515167, 27.435944 ] } },
{ "type": "Feature", "properties": { "record_id": 26627, "landslide_id": "SKM/NS/78A11/2015/10", "state": "Sikkim", "district": "North Sikkim", "location": "Sheyam North Sikkim Highway", "latitude": 27.436556, "longitude": 88.526639, "movement_type": "Debris Slide", "history": null, "event_date": null, "road_distance_m": 11.8764027555175, "settlement_distance_m": 2376.7710162204189, "amenity_distance_m": 2320.355803958872, "road_density_500m_km_per_km2": 26.104825485526497, "settlements_within_1km": 0, "amenities_within_1km": 0, "near_road_250m": 1, "near_settlement_1km": 0, "near_amenity_1km": 0 }, "geometry": { "type": "Point", "coordinates": [ 88.526639, 27.436556 ] } },
{ "type": "Feature", "properties": { "record_id": 26628, "landslide_id": "SKM/NS/78A11/2015/73", "state": "Sikkim", "district": "North Sikkim", "location": "North Sikkim Highway", "latitude": 27.437444, "longitude": 88.613972, "movement_type": "Debris Slide", "history": null, "event_date": null, "road_distance_m": 3.4376925010041508, "settlement_distance_m": 1508.1140437938222, "amenity_distance_m": 602.34547808033813, "road_density_500m_km_per_km2": 9.8794179850083506, "settlements_within_1km": 0, "amenities_within_1km": 2, "near_road_250m": 1, "near_settlement_1km": 0, "near_amenity_1km": 1 }, "geometry": { "type": "Point", "coordinates": [ 88.613972, 27.437444 ] } },
{ "type": "Feature", "properties": { "record_id": 26629, "landslide_id": "SKM/NS/78A11/2015/07", "state": "Sikkim", "district": "North Sikkim", "location": "Chawang North Sikkim Highway", "latitude": 27.437889, "longitude": 88.601694, "movement_type": "Debris Slide", "history": null, "event_date": null, "road_distance_m": 3.7368544811362598, "settlement_distance_m": 1632.0055982610911, "amenity_distance_m": 917.62303543219218, "road_density_500m_km_per_km2": 7.9058926123172002, "settlements_within_1km": 0, "amenities_within_1km": 2, "near_road_250m": 1, "near_settlement_1km": 0, "near_amenity_1km": 1 }, "geometry": { "type": "Point", "coordinates": [ 88.601694, 27.437889 ] } },
{ "type": "Feature", "properties": { "record_id": 26630, "landslide_id": "SKM/NS/78A11/2015/08", "state": "Sikkim", "district": "North Sikkim", "location": "North Sikkim Highway", "latitude": 27.437889, "longitude": 88.601694, "movement_type": "Debris Slide", "history": null, "event_date": null, "road_distance_m": 3.7368544811362598, "settlement_distance_m": 1632.0055982610911, "amenity_distance_m": 917.62303543219218, "road_density_500m_km_per_km2": 7.9058926123172002, "settlements_within_1km": 0, "amenities_within_1km": 2, "near_road_250m": 1, "near_settlement_1km": 0, "near_amenity_1km": 1 }, "geometry": { "type": "Point", "coordinates": [ 88.601694, 27.437889 ] } },
{ "type": "Feature", "properties": { "record_id": 26631, "landslide_id": "SKM/NS/78A11/2015/11", "state": "Sikkim", "district": "North Sikkim", "location": "North Sikkim Highway", "latitude": 27.438139, "longitude": 88.527028, "movement_type": "Debris Slide", "history": null, "event_date": null, "road_distance_m": 13.901159943375141, "settlement_distance_m": 2332.6983932592439, "amenity_distance_m": 2286.154245751015, "road_density_500m_km_per_km2": 34.852111471888719, "settlements_within_1km": 0, "amenities_within_1km": 0, "near_road_250m": 1, "near_settlement_1km": 0, "near_amenity_1km": 0 }, "geometry": { "type": "Point", "coordinates": [ 88.527028, 27.438139 ] } },
{ "type": "Feature", "properties": { "record_id": 26632, "landslide_id": "SKM/NS/78A11/2015/88", "state": "Sikkim", "district": "North Sikkim", "location": "Dikchu-Mangshila Road", "latitude": 27.438389, "longitude": 88.514389, "movement_type": "Debris Slide", "history": null, "event_date": null, "road_distance_m": 6.0528147070341438, "settlement_distance_m": 1281.8907481781384, "amenity_distance_m": 1189.306723952079, "road_density_500m_km_per_km2": 9.1371133103182807, "settlements_within_1km": 0, "amenities_within_1km": 0, "near_road_250m": 1, "near_settlement_1km": 0, "near_amenity_1km": 0 }, "geometry": { "type": "Point", "coordinates": [ 88.514389, 27.438389 ] } },
{ "type": "Feature", "properties": { "record_id": 26633, "landslide_id": "SKM/NS/78A11/2015/12", "state": "Sikkim", "district": "North Sikkim", "location": "North Sikkim Highway", "latitude": 27.438778, "longitude": 88.527444, "movement_type": "Debris Slide", "history": null, "event_date": null, "road_distance_m": 56.789665505801949, "settlement_distance_m": 2342.2520840390739, "amenity_distance_m": 2300.3899950594182, "road_density_500m_km_per_km2": 34.852111471888719, "settlements_within_1km": 0, "amenities_within_1km": 0, "near_road_250m": 1, "near_settlement_1km": 0, "near_amenity_1km": 0 }, "geometry": { "type": "Point", "coordinates": [ 88.527444, 27.438778 ] } },
{ "type": "Feature", "properties": { "record_id": 26634, "landslide_id": "SKM/NS/78A11/2015/89", "state": "Sikkim", "district": "North Sikkim", "location": "Dikchu-Mangshila Road", "latitude": 27.441056, "longitude": 88.513694, "movement_type": "Rock Slide", "history": null, "event_date": null, "road_distance_m": 0.8729532871913086, "settlement_distance_m": 1030.0891286058256, "amenity_distance_m": 956.15679478086656, "road_density_500m_km_per_km2": 11.155622971461389, "settlements_within_1km": 0, "amenities_within_1km": 2, "near_road_250m": 1, "near_settlement_1km": 0, "near_amenity_1km": 1 }, "geometry": { "type": "Point", "coordinates": [ 88.513694, 27.441056 ] } },
{ "type": "Feature", "properties": { "record_id": 26635, "landslide_id": "SKM/NS/78A11/2015/90", "state": "Sikkim", "district": "North Sikkim", "location": "Dikchu-Mangshila Road", "latitude": 27.448306, "longitude": 88.519667, "movement_type": "Debris Slide", "history": null, "event_date": null, "road_distance_m": 7.3136926787968726, "settlement_distance_m": 1405.2161366463422, "amenity_distance_m": 1436.6551841516302, "road_density_500m_km_per_km2": 8.26992246686976, "settlements_within_1km": 0, "amenities_within_1km": 0, "near_road_250m": 1, "near_settlement_1km": 0, "near_amenity_1km": 0 }, "geometry": { "type": "Point", "coordinates": [ 88.519667, 27.448306 ] } },
{ "type": "Feature", "properties": { "record_id": 26636, "landslide_id": "SKM/NS/78A11/2015/91", "state": "Sikkim", "district": "North Sikkim", "location": "Dikchu-Mangshila Road", "latitude": 27.461694, "longitude": 88.523472, "movement_type": "Debris Slide", "history": null, "event_date": null, "road_distance_m": 0.23743735728182433, "settlement_distance_m": 1716.6077858728509, "amenity_distance_m": 342.56561509707456, "road_density_500m_km_per_km2": 28.798934654654325, "settlements_within_1km": 0, "amenities_within_1km": 4, "near_road_250m": 1, "near_settlement_1km": 0, "near_amenity_1km": 1 }, "geometry": { "type": "Point", "coordinates": [ 88.523472, 27.461694 ] } },
{ "type": "Feature", "properties": { "record_id": 26637, "landslide_id": "SKM/NS/78A11/2015/92", "state": "Sikkim", "district": "North Sikkim", "location": "North Sikkim Highway", "latitude": 27.4795, "longitude": 88.528472, "movement_type": "Rock Slide", "history": null, "event_date": null, "road_distance_m": 6.822037411629827, "settlement_distance_m": 727.48846494867541, "amenity_distance_m": 1304.7882519681727, "road_density_500m_km_per_km2": 27.882132301038233, "settlements_within_1km": 1, "amenities_within_1km": 0, "near_road_250m": 1, "near_settlement_1km": 1, "near_amenity_1km": 0 }, "geometry": { "type": "Point", "coordinates": [ 88.528472, 27.4795 ] } },
{ "type": "Feature", "properties": { "record_id": 26638, "landslide_id": "SKM/NS/78A11/2015/95", "state": "Sikkim", "district": "North Sikkim", "location": "North Sikkim Highway", "latitude": 27.480472, "longitude": 88.531194, "movement_type": "Rock Slide", "history": null, "event_date": null, "road_distance_m": 6.7160120832409698, "settlement_distance_m": 1016.6004276525229, "amenity_distance_m": 1154.9396221948243, "road_density_500m_km_per_km2": 7.864631957162743, "settlements_within_1km": 0, "amenities_within_1km": 0, "near_road_250m": 1, "near_settlement_1km": 0, "near_amenity_1km": 0 }, "geometry": { "type": "Point", "coordinates": [ 88.531194, 27.480472 ] } },
{ "type": "Feature", "properties": { "record_id": 26639, "landslide_id": "SKM/NS/78A11/2015/96", "state": "Sikkim", "district": "North Sikkim", "location": "North Sikkim Highway", "latitude": 27.481083, "longitude": 88.530667, "movement_type": "Debris Slide", "history": null, "event_date": null, "road_distance_m": 7.3136887425738788, "settlement_distance_m": 992.1634028717616, "amenity_distance_m": 1091.8345795545781, "road_density_500m_km_per_km2": 7.864631957162743, "settlements_within_1km": 1, "amenities_within_1km": 0, "near_road_250m": 1, "near_settlement_1km": 1, "near_amenity_1km": 0 }, "geometry": { "type": "Point", "coordinates": [ 88.530667, 27.481083 ] } },
{ "type": "Feature", "properties": { "record_id": 26640, "landslide_id": "SKM/NS/78A11/2015/93", "state": "Sikkim", "district": "North Sikkim", "location": "North Sikkim Highway", "latitude": 27.482583, "longitude": 88.52875, "movement_type": "Rock Slide", "history": null, "event_date": null, "road_distance_m": 4.1280251101755914, "settlement_distance_m": 912.71874669016324, "amenity_distance_m": 969.62030502454161, "road_density_500m_km_per_km2": 7.6555330955464722, "settlements_within_1km": 1, "amenities_within_1km": 1, "near_road_250m": 1, "near_settlement_1km": 1, "near_amenity_1km": 1 }, "geometry": { "type": "Point", "coordinates": [ 88.52875, 27.482583 ] } },
{ "type": "Feature", "properties": { "record_id": 26641, "landslide_id": "SKM/NS/78A11/2015/94", "state": "Sikkim", "district": "North Sikkim", "location": "North Sikkim Highway", "latitude": 27.482583, "longitude": 88.529528, "movement_type": "Debris Slide", "history": null, "event_date": null, "road_distance_m": 0.66021516545954795, "settlement_distance_m": 974.6572124118926, "amenity_distance_m": 947.92746098350221, "road_density_500m_km_per_km2": 7.6555330955464722, "settlements_within_1km": 1, "amenities_within_1km": 1, "near_road_250m": 1, "near_settlement_1km": 1, "near_amenity_1km": 1 }, "geometry": { "type": "Point", "coordinates": [ 88.529528, 27.482583 ] } },
{ "type": "Feature", "properties": { "record_id": 26642, "landslide_id": "SKM/NOR/78A11/2014/006", "state": "Sikkim", "district": "North Sikkim", "location": "Ambithang Landslide Ambithang (On Rangrang-", "latitude": 27.48603, "longitude": 88.53269, "movement_type": "Debris Slide", "history": "8 July 2014", "event_date": "2014-07-08T00:00:00", "road_distance_m": 2.7836299961424356, "settlement_distance_m": 1455.7538972906364, "amenity_distance_m": 543.12389902575285, "road_density_500m_km_per_km2": 13.569454446573612, "settlements_within_1km": 0, "amenities_within_1km": 2, "near_road_250m": 1, "near_settlement_1km": 0, "near_amenity_1km": 1 }, "geometry": { "type": "Point", "coordinates": [ 88.53269, 27.48603 ] } },
{ "type": "Feature", "properties": { "record_id": 26643, "landslide_id": "SKM/NS/78A10/2017/166", "state": "Sikkim", "district": "North Sikkim", "location": "Mangan NH", "latitude": 27.502, "longitude": 88.5375, "movement_type": "Debris Slide", "history": null, "event_date": null, "road_distance_m": 16.601969598780489, "settlement_distance_m": 216.0454644708322, "amenity_distance_m": 1351.749864109076, "road_density_500m_km_per_km2": 16.282687477277932, "settlements_within_1km": 2, "amenities_within_1km": 0, "near_road_250m": 1, "near_settlement_1km": 1, "near_amenity_1km": 0 }, "geometry": { "type": "Point", "coordinates": [ 88.5375, 27.502 ] } },
{ "type": "Feature", "properties": { "record_id": 26644, "landslide_id": "SKM/NOR/78A10/2014/004", "state": "Sikkim", "district": "North Sikkim", "location": "Pakshek Landslide Pakshek ( Mangan-Chungthang", "latitude": 27.5091, "longitude": 88.53848, "movement_type": "Rock Slide", "history": "1 July 2014", "event_date": "2014-07-01T00:00:00", "road_distance_m": 8.1202524692987499, "settlement_distance_m": 927.96407828411179, "amenity_distance_m": 2110.3011798548091, "road_density_500m_km_per_km2": 11.037910879124324, "settlements_within_1km": 2, "amenities_within_1km": 0, "near_road_250m": 1, "near_settlement_1km": 1, "near_amenity_1km": 0 }, "geometry": { "type": "Point", "coordinates": [ 88.53848, 27.5091 ] } },
{ "type": "Feature", "properties": { "record_id": 26645, "landslide_id": "SKM/NS/78A10/2017/169", "state": "Sikkim", "district": "North Sikkim", "location": "Lanthey Khola NH", "latitude": 27.514972, "longitude": 88.565472, "movement_type": "Debris Slide", "history": null, "event_date": null, "road_distance_m": 4.6680153747253827, "settlement_distance_m": 1633.4068936968713, "amenity_distance_m": 4259.5080819342229, "road_density_500m_km_per_km2": 4.0792921071274924, "settlements_within_1km": 0, "amenities_within_1km": 0, "near_road_250m": 1, "near_settlement_1km": 0, "near_amenity_1km": 0 }, "geometry": { "type": "Point", "coordinates": [ 88.565472, 27.514972 ] } },
{ "type": "Feature", "properties": { "record_id": 26646, "landslide_id": "SKM/NOR/78A10/2014/005", "state": "Sikkim", "district": "North Sikkim", "location": "Lanthakhola Lanthakhola (On Mangan to", "latitude": 27.5152, "longitude": 88.56456, "movement_type": "Debris Slide", "history": "8 July 2014", "event_date": "2014-07-08T00:00:00", "road_distance_m": 0.84492151828902229, "settlement_distance_m": 1540.6171154007598, "amenity_distance_m": 4205.8152176227231, "road_density_500m_km_per_km2": 4.0792921071274924, "settlements_within_1km": 0, "amenities_within_1km": 0, "near_road_250m": 1, "near_settlement_1km": 0, "near_amenity_1km": 0 }, "geometry": { "type": "Point", "coordinates": [ 88.56456, 27.5152 ] } },
{ "type": "Feature", "properties": { "record_id": 26647, "landslide_id": "SKM/NS/78A10/2017/170", "state": "Sikkim", "district": "North Sikkim", "location": "NH", "latitude": 27.516444, "longitude": 88.587361, "movement_type": "Debris Slide", "history": null, "event_date": null, "road_distance_m": 4.2701829467275632, "settlement_distance_m": 3778.7218236596354, "amenity_distance_m": 6170.3736910478601, "road_density_500m_km_per_km2": 5.6500326785043171, "settlements_within_1km": 0, "amenities_within_1km": 0, "near_road_250m": 1, "near_settlement_1km": 0, "near_amenity_1km": 0 }, "geometry": { "type": "Point", "coordinates": [ 88.587361, 27.516444 ] } },
{ "type": "Feature", "properties": { "record_id": 26648, "landslide_id": "SKM/NS/78A10/2017/167", "state": "Sikkim", "district": "North Sikkim", "location": "NH", "latitude": 27.517278, "longitude": 88.539667, "movement_type": "Debris Slide", "history": null, "event_date": null, "road_distance_m": 6.8741556604302421, "settlement_distance_m": 933.7215201149246, "amenity_distance_m": 2981.1013290665474, "road_density_500m_km_per_km2": 6.7069359020729307, "settlements_within_1km": 1, "amenities_within_1km": 0, "near_road_250m": 1, "near_settlement_1km": 1, "near_amenity_1km": 0 }, "geometry": { "type": "Point", "coordinates": [ 88.539667, 27.517278 ] } },
{ "type": "Feature", "properties": { "record_id": 26649, "landslide_id": "SKM/NS/78A10/2017/168", "state": "Sikkim", "district": "North Sikkim", "location": "NH", "latitude": 27.517306, "longitude": 88.542889, "movement_type": "Rock Slide", "history": null, "event_date": null, "road_distance_m": 16.293446105223907, "settlement_distance_m": 615.57854240868539, "amenity_distance_m": 3117.628714142274, "road_density_500m_km_per_km2": 19.348249887563686, "settlements_within_1km": 1, "amenities_within_1km": 0, "near_road_250m": 1, "near_settlement_1km": 1, "near_amenity_1km": 0 }, "geometry": { "type": "Point", "coordinates": [ 88.542889, 27.517306 ] } },
{ "type": "Feature", "properties": { "record_id": 26650, "landslide_id": "SKM/NS/78A10/2017/175", "state": "Sikkim", "district": "North Sikkim", "location": "NH", "latitude": 27.527194, "longitude": 88.603222, "movement_type": "Debris Slide", "history": null, "event_date": null, "road_distance_m": 0.12451773665214294, "settlement_distance_m": 2401.6283765587959, "amenity_distance_m": 5966.2433588087215, "road_density_500m_km_per_km2": 12.657949786501794, "settlements_within_1km": 0, "amenities_within_1km": 0, "near_road_250m": 1, "near_settlement_1km": 0, "near_amenity_1km": 0 }, "geometry": { "type": "Point", "coordinates": [ 88.603222, 27.527194 ] } },
{ "type": "Feature", "properties": { "record_id": 26651, "landslide_id": "SKM/NS/78A10/2017/171", "state": "Sikkim", "district": "North Sikkim", "location": "NH", "latitude": 27.527333, "longitude": 88.590778, "movement_type": "Debris Slide", "history": null, "event_date": null, "road_distance_m": 5.9191720975604429, "settlement_distance_m": 3435.4977252579979, "amenity_distance_m": 7024.8714051511979, "road_density_500m_km_per_km2": 4.1759210096359238, "settlements_within_1km": 0, "amenities_within_1km": 0, "near_road_250m": 1, "near_settlement_1km": 0, "near_amenity_1km": 0 }, "geometry": { "type": "Point", "coordinates": [ 88.590778, 27.527333 ] } },
{ "type": "Feature", "properties": { "record_id": 26652, "landslide_id": "SKM/NS/78A10/2017/176", "state": "Sikkim", "district": "North Sikkim", "location": "NH", "latitude": 27.527722, "longitude": 88.607972, "movement_type": "Debris Slide", "history": null, "event_date": null, "road_distance_m": 82.215348408749932, "settlement_distance_m": 2017.1294692034921, "amenity_distance_m": 5543.6024487838349, "road_density_500m_km_per_km2": 10.55039014763325, "settlements_within_1km": 0, "amenities_within_1km": 0, "near_road_250m": 1, "near_settlement_1km": 0, "near_amenity_1km": 0 }, "geometry": { "type": "Point", "coordinates": [ 88.607972, 27.527722 ] } },
{ "type": "Feature", "properties": { "record_id": 26653, "landslide_id": "SKM/NS/78A10/2017/174", "state": "Sikkim", "district": "North Sikkim", "location": "NH", "latitude": 27.527917, "longitude": 88.60225, "movement_type": "Debris Slide", "history": null, "event_date": null, "road_distance_m": 1.4465625658979893, "settlement_distance_m": 2428.3519083278397, "amenity_distance_m": 6004.9227551021113, "road_density_500m_km_per_km2": 12.657949786501794, "settlements_within_1km": 0, "amenities_within_1km": 0, "near_road_250m": 1, "near_settlement_1km": 0, "near_amenity_1km": 0 }, "geometry": { "type": "Point", "coordinates": [ 88.60225, 27.527917 ] } },
{ "type": "Feature", "properties": { "record_id": 26654, "landslide_id": "SKM/NS/78A10/2017/173", "state": "Sikkim", "district": "North Sikkim", "location": "NH", "latitude": 27.528722, "longitude": 88.600833, "movement_type": "Debris Slide", "history": null, "event_date": null, "road_distance_m": 4.7409724909509956, "settlement_distance_m": 2492.9616423105658, "amenity_distance_m": 6079.3030447730207, "road_density_500m_km_per_km2": 6.2834806485044687, "settlements_within_1km": 0, "amenities_within_1km": 0, "near_road_250m": 1, "near_settlement_1km": 0, "near_amenity_1km": 0 }, "geometry": { "type": "Point", "coordinates": [ 88.600833, 27.528722 ] } },
{ "type": "Feature", "properties": { "record_id": 26655, "landslide_id": "SKM/NS/78A10/2017/172", "state": "Sikkim", "district": "North Sikkim", "location": "NH", "latitude": 27.529639, "longitude": 88.598139, "movement_type": "Debris Slide", "history": null, "event_date": null, "road_distance_m": 3.3342205477820004, "settlement_distance_m": 2671.4250908232461, "amenity_distance_m": 6262.2297409696102, "road_density_500m_km_per_km2": 6.2834806485044687, "settlements_within_1km": 0, "amenities_within_1km": 0, "near_road_250m": 1, "near_settlement_1km": 0, "near_amenity_1km": 0 }, "geometry": { "type": "Point", "coordinates": [ 88.598139, 27.529639 ] } },
{ "type": "Feature", "properties": { "record_id": 26656, "landslide_id": "SKM/NS/78A10/2017/177", "state": "Sikkim", "district": "North Sikkim", "location": "Naga NH", "latitude": 27.531667, "longitude": 88.606333, "movement_type": "Debris Slide", "history": null, "event_date": null, "road_distance_m": 4.8467262117192327, "settlement_distance_m": 1859.6558096123447, "amenity_distance_m": 5445.6409868430374, "road_density_500m_km_per_km2": 11.221108662257135, "settlements_within_1km": 0, "amenities_within_1km": 0, "near_road_250m": 1, "near_settlement_1km": 0, "near_amenity_1km": 0 }, "geometry": { "type": "Point", "coordinates": [ 88.606333, 27.531667 ] } },
{ "type": "Feature", "properties": { "record_id": 26657, "landslide_id": "SKM/NS/78A10/2017/178", "state": "Sikkim", "district": "North Sikkim", "location": "NH", "latitude": 27.533722, "longitude": 88.609278, "movement_type": "Rock Slide", "history": null, "event_date": null, "road_distance_m": 4.1820554066195701, "settlement_distance_m": 1491.743615165095, "amenity_distance_m": 5080.0726644640454, "road_density_500m_km_per_km2": 6.9130431351640134, "settlements_within_1km": 0, "amenities_within_1km": 0, "near_road_250m": 1, "near_settlement_1km": 0, "near_amenity_1km": 0 }, "geometry": { "type": "Point", "coordinates": [ 88.609278, 27.533722 ] } },
{ "type": "Feature", "properties": { "record_id": 26658, "landslide_id": "SKM/NS/78A10/2017/179", "state": "Sikkim", "district": "North Sikkim", "location": "NH", "latitude": 27.535056, "longitude": 88.610194, "movement_type": "Debris Slide", "history": null, "event_date": null, "road_distance_m": 2.7512826437325688, "settlement_distance_m": 1338.4961894951068, "amenity_distance_m": 4929.2778629949462, "road_density_500m_km_per_km2": 6.9130431351640134, "settlements_within_1km": 0, "amenities_within_1km": 0, "near_road_250m": 1, "near_settlement_1km": 0, "near_amenity_1km": 0 }, "geometry": { "type": "Point", "coordinates": [ 88.610194, 27.535056 ] } },
{ "type": "Feature", "properties": { "record_id": 26659, "landslide_id": "SK/ED/78A6/2016/01", "state": "Sikkim", "district": "North Sikkim", "location": "Dzongu landslide Left bank slope of Talong Chu", "latitude": 27.535333, "longitude": 88.497972, "movement_type": "Rock Slide/Avalanch", "history": "13 August 2016 at 13:30 hrs.", "event_date": "2016-08-13T00:00:00", "road_distance_m": 7.1987150312619557, "settlement_distance_m": 1417.8675265363515, "amenity_distance_m": 1819.7276376177551, "road_density_500m_km_per_km2": 5.044367737797403, "settlements_within_1km": 0, "amenities_within_1km": 0, "near_road_250m": 1, "near_settlement_1km": 0, "near_amenity_1km": 0 }, "geometry": { "type": "Point", "coordinates": [ 88.497972, 27.535333 ] } },
{ "type": "Feature", "properties": { "record_id": 26660, "landslide_id": "SKM/NS/78A10/2017/180", "state": "Sikkim", "district": "North Sikkim", "location": "NH", "latitude": 27.5435, "longitude": 88.628306, "movement_type": "Debris Slide", "history": null, "event_date": null, "road_distance_m": 4.0414708984251648, "settlement_distance_m": 681.47083590682655, "amenity_distance_m": 2910.8981294481218, "road_density_500m_km_per_km2": 11.690430084450655, "settlements_within_1km": 1, "amenities_within_1km": 0, "near_road_250m": 1, "near_settlement_1km": 1, "near_amenity_1km": 0 }, "geometry": { "type": "Point", "coordinates": [ 88.628306, 27.5435 ] } },
{ "type": "Feature", "properties": { "record_id": 26661, "landslide_id": "SKM/NS/78A10/2017/196", "state": "Sikkim", "district": "North Sikkim", "location": "NH", "latitude": 27.54375, "longitude": 88.58475, "movement_type": "Debris Slide", "history": null, "event_date": null, "road_distance_m": 15.868964525315437, "settlement_distance_m": 3696.9600446145882, "amenity_distance_m": 6984.058709172522, "road_density_500m_km_per_km2": 36.258930723704729, "settlements_within_1km": 0, "amenities_within_1km": 0, "near_road_250m": 1, "near_settlement_1km": 0, "near_amenity_1km": 0 }, "geometry": { "type": "Point", "coordinates": [ 88.58475, 27.54375 ] } },
{ "type": "Feature", "properties": { "record_id": 26662, "landslide_id": "SKM/NS/78A10/2017/181", "state": "Sikkim", "district": "North Sikkim", "location": "NH", "latitude": 27.545694, "longitude": 88.636, "movement_type": "Debris Slide", "history": null, "event_date": null, "road_distance_m": 5.2726417678059265, "settlement_distance_m": 1476.4589294776297, "amenity_distance_m": 2134.5598157816248, "road_density_500m_km_per_km2": 16.906356229696819, "settlements_within_1km": 0, "amenities_within_1km": 0, "near_road_250m": 1, "near_settlement_1km": 0, "near_amenity_1km": 0 }, "geometry": { "type": "Point", "coordinates": [ 88.636, 27.545694 ] } },
{ "type": "Feature", "properties": { "record_id": 26663, "landslide_id": "SKM/NS/78A10/2017/195", "state": "Sikkim", "district": "North Sikkim", "location": "NH", "latitude": 27.545861, "longitude": 88.585194, "movement_type": "Debris Slide", "history": null, "event_date": null, "road_distance_m": 17.156629946789444, "settlement_distance_m": 3680.7446510829336, "amenity_distance_m": 6898.0404062180924, "road_density_500m_km_per_km2": 36.258930723704729, "settlements_within_1km": 0, "amenities_within_1km": 0, "near_road_250m": 1, "near_settlement_1km": 0, "near_amenity_1km": 0 }, "geometry": { "type": "Point", "coordinates": [ 88.585194, 27.545861 ] } },
{ "type": "Feature", "properties": { "record_id": 26664, "landslide_id": "SKM/NS/78A10/2017/194", "state": "Sikkim", "district": "North Sikkim", "location": "NH", "latitude": 27.546333, "longitude": 88.586472, "movement_type": "Debris Slide", "history": null, "event_date": null, "road_distance_m": 14.991838305580096, "settlement_distance_m": 3564.4124951721196, "amenity_distance_m": 6764.9097100971812, "road_density_500m_km_per_km2": 36.258930723704729, "settlements_within_1km": 0, "amenities_within_1km": 0, "near_road_250m": 1, "near_settlement_1km": 0, "near_amenity_1km": 0 }, "geometry": { "type": "Point", "coordinates": [ 88.586472, 27.546333 ] } },
{ "type": "Feature", "properties": { "record_id": 26665, "landslide_id": "SKM/NS/78A10/2017/190", "state": "Sikkim", "district": "North Sikkim", "location": "NH", "latitude": 27.547111, "longitude": 88.602667, "movement_type": "Debris Slide", "history": null, "event_date": null, "road_distance_m": 21.926857577923997, "settlement_distance_m": 2033.4456363559941, "amenity_distance_m": 5175.8341847494112, "road_density_500m_km_per_km2": 14.573628474494475, "settlements_within_1km": 0, "amenities_within_1km": 0, "near_road_250m": 1, "near_settlement_1km": 0, "near_amenity_1km": 0 }, "geometry": { "type": "Point", "coordinates": [ 88.602667, 27.547111 ] } },
{ "type": "Feature", "properties": { "record_id": 26666, "landslide_id": "SKM/NS/78A10/2017/182", "state": "Sikkim", "district": "North Sikkim", "location": "NH", "latitude": 27.548417, "longitude": 88.641944, "movement_type": "Debris Slide", "history": null, "event_date": null, "road_distance_m": 10.911170660239664, "settlement_distance_m": 2133.8480362343257, "amenity_distance_m": 1479.9957562194843, "road_density_500m_km_per_km2": 8.8281778646097511, "settlements_within_1km": 0, "amenities_within_1km": 0, "near_road_250m": 1, "near_settlement_1km": 0, "near_amenity_1km": 0 }, "geometry": { "type": "Point", "coordinates": [ 88.641944, 27.548417 ] } },
{ "type": "Feature", "properties": { "record_id": 26667, "landslide_id": "SKM/NS/78A10/2017/191", "state": "Sikkim", "district": "North Sikkim", "location": "NH", "latitude": 27.549194, "longitude": 88.583556, "movement_type": "Debris Slide", "history": null, "event_date": null, "road_distance_m": 13.83766388531167, "settlement_distance_m": 3910.5693773927701, "amenity_distance_m": 7006.5236679437512, "road_density_500m_km_per_km2": 32.791924212676783, "settlements_within_1km": 0, "amenities_within_1km": 0, "near_road_250m": 1, "near_settlement_1km": 0, "near_amenity_1km": 0 }, "geometry": { "type": "Point", "coordinates": [ 88.583556, 27.549194 ] } },
{ "type": "Feature", "properties": { "record_id": 26668, "landslide_id": "SKM/NS/78A10/2017/183", "state": "Sikkim", "district": "North Sikkim", "location": "Tung NH", "latitude": 27.549306, "longitude": 88.644889, "movement_type": "Debris Slide", "history": null, "event_date": null, "road_distance_m": 4.3996932534402244, "settlement_distance_m": 2440.2002810456552, "amenity_distance_m": 1190.4529462424762, "road_density_500m_km_per_km2": 5.9755814695761851, "settlements_within_1km": 0, "amenities_within_1km": 0, "near_road_250m": 1, "near_settlement_1km": 0, "near_amenity_1km": 0 }, "geometry": { "type": "Point", "coordinates": [ 88.644889, 27.549306 ] } },
{ "type": "Feature", "properties": { "record_id": 26669, "landslide_id": "SKM/NS/78A10/2017/184", "state": "Sikkim", "district": "North Sikkim", "location": "NH", "latitude": 27.550917, "longitude": 88.646056, "movement_type": "Debris Slide", "history": null, "event_date": null, "road_distance_m": 8.0472004849127305, "settlement_distance_m": 2617.5760761742713, "amenity_distance_m": 988.76788289332023, "road_density_500m_km_per_km2": 17.070710407246501, "settlements_within_1km": 0, "amenities_within_1km": 1, "near_road_250m": 1, "near_settlement_1km": 0, "near_amenity_1km": 1 }, "geometry": { "type": "Point", "coordinates": [ 88.646056, 27.550917 ] } },
{ "type": "Feature", "properties": { "record_id": 26670, "landslide_id": "SKM/NS/78A10/2017/185", "state": "Sikkim", "district": "North Sikkim", "location": "NH", "latitude": 27.552528, "longitude": 88.653528, "movement_type": "Rock Slide", "history": null, "event_date": null, "road_distance_m": 11.508761275638552, "settlement_distance_m": 3365.0567662555368, "amenity_distance_m": 419.26185834049278, "road_density_500m_km_per_km2": 14.945753696809472, "settlements_within_1km": 0, "amenities_within_1km": 1, "near_road_250m": 1, "near_settlement_1km": 0, "near_amenity_1km": 1 }, "geometry": { "type": "Point", "coordinates": [ 88.653528, 27.552528 ] } },
{ "type": "Feature", "properties": { "record_id": 26671, "landslide_id": "SKM/NS/78A10/2017/189", "state": "Sikkim", "district": "North Sikkim", "location": "NH", "latitude": 27.552861, "longitude": 88.622306, "movement_type": "Debris Slide", "history": null, "event_date": null, "road_distance_m": 5.8813359351204051, "settlement_distance_m": 1324.1111995333013, "amenity_distance_m": 3158.3496032494581, "road_density_500m_km_per_km2": 23.407328228189808, "settlements_within_1km": 0, "amenities_within_1km": 0, "near_road_250m": 1, "near_settlement_1km": 0, "near_amenity_1km": 0 }, "geometry": { "type": "Point", "coordinates": [ 88.622306, 27.552861 ] } },
{ "type": "Feature", "properties": { "record_id": 26672, "landslide_id": "SKM/NS/78A10/2017/192", "state": "Sikkim", "district": "North Sikkim", "location": "NH", "latitude": 27.553556, "longitude": 88.581222, "movement_type": "Debris Slide", "history": null, "event_date": null, "road_distance_m": 8.1415674556762632, "settlement_distance_m": 4268.266716093066, "amenity_distance_m": 7199.0565664300693, "road_density_500m_km_per_km2": 27.880124182730217, "settlements_within_1km": 0, "amenities_within_1km": 0, "near_road_250m": 1, "near_settlement_1km": 0, "near_amenity_1km": 0 }, "geometry": { "type": "Point", "coordinates": [ 88.581222, 27.553556 ] } },
{ "type": "Feature", "properties": { "record_id": 26673, "landslide_id": "SKM/NS/78A10/2017/193", "state": "Sikkim", "district": "North Sikkim", "location": "NH", "latitude": 27.553583, "longitude": 88.577194, "movement_type": "Debris Slide", "history": null, "event_date": null, "road_distance_m": 1.4046986427954524, "settlement_distance_m": 4646.7736278554585, "amenity_distance_m": 7596.3829977209507, "road_density_500m_km_per_km2": 27.880124182730217, "settlements_within_1km": 0, "amenities_within_1km": 0, "near_road_250m": 1, "near_settlement_1km": 0, "near_amenity_1km": 0 }, "geometry": { "type": "Point", "coordinates": [ 88.577194, 27.553583 ] } },
{ "type": "Feature", "properties": { "record_id": 26674, "landslide_id": "SKM/NS/78A10/2017/186", "state": "Sikkim", "district": "North Sikkim", "location": "NH", "latitude": 27.554889, "longitude": 88.654444, "movement_type": "Debris Slide", "history": null, "event_date": null, "road_distance_m": 2.6191764782019127, "settlement_distance_m": 3554.7071021213155, "amenity_distance_m": 159.0738673265482, "road_density_500m_km_per_km2": 14.592476443846039, "settlements_within_1km": 0, "amenities_within_1km": 1, "near_road_250m": 1, "near_settlement_1km": 0, "near_amenity_1km": 1 }, "geometry": { "type": "Point", "coordinates": [ 88.654444, 27.554889 ] } },
{ "type": "Feature", "properties": { "record_id": 26675, "landslide_id": "SKM/NS/78A10/2017/188", "state": "Sikkim", "district": "North Sikkim", "location": "NH", "latitude": 27.55525, "longitude": 88.647556, "movement_type": "Debris Slide", "history": null, "event_date": null, "road_distance_m": 12.645943333805974, "settlement_distance_m": 2978.4021913605725, "amenity_distance_m": 652.04147840235635, "road_density_500m_km_per_km2": 13.754621586748128, "settlements_within_1km": 0, "amenities_within_1km": 1, "near_road_250m": 1, "near_settlement_1km": 0, "near_amenity_1km": 1 }, "geometry": { "type": "Point", "coordinates": [ 88.647556, 27.55525 ] } },
{ "type": "Feature", "properties": { "record_id": 26676, "landslide_id": "SKM/NS/78A10/2017/187", "state": "Sikkim", "district": "North Sikkim", "location": "NH", "latitude": 27.575444, "longitude": 88.651417, "movement_type": "Debris Slide", "history": null, "event_date": null, "road_distance_m": 0.71474565526090161, "settlement_distance_m": 1554.3918519734318, "amenity_distance_m": 1438.2654226059801, "road_density_500m_km_per_km2": 15.352462124253561, "settlements_within_1km": 0, "amenities_within_1km": 0, "near_road_250m": 1, "near_settlement_1km": 0, "near_amenity_1km": 0 }, "geometry": { "type": "Point", "coordinates": [ 88.651417, 27.575444 ] } },
{ "type": "Feature", "properties": { "record_id": 26677, "landslide_id": "SKM/NS/78A10/2017/197", "state": "Sikkim", "district": "North Sikkim", "location": "Chungthang NH", "latitude": 27.609056, "longitude": 88.652028, "movement_type": "Debris Slide", "history": null, "event_date": null, "road_distance_m": 14.432876908872313, "settlement_distance_m": 762.15862449999793, "amenity_distance_m": 819.25304410595027, "road_density_500m_km_per_km2": 13.955356322098256, "settlements_within_1km": 1, "amenities_within_1km": 3, "near_road_250m": 1, "near_settlement_1km": 1, "near_amenity_1km": 1 }, "geometry": { "type": "Point", "coordinates": [ 88.652028, 27.609056 ] } },
{ "type": "Feature", "properties": { "record_id": 26678, "landslide_id": "SKM/NS/78A10/2017/198", "state": "Sikkim", "district": "North Sikkim", "location": "NH", "latitude": 27.611333, "longitude": 88.655222, "movement_type": "Debris Slide", "history": null, "event_date": null, "road_distance_m": 7.3349471862738485, "settlement_distance_m": 1164.5957496650872, "amenity_distance_m": 1221.7074612659592, "road_density_500m_km_per_km2": 13.848765108872525, "settlements_within_1km": 0, "amenities_within_1km": 0, "near_road_250m": 1, "near_settlement_1km": 0, "near_amenity_1km": 0 }, "geometry": { "type": "Point", "coordinates": [ 88.655222, 27.611333 ] } },
{ "type": "Feature", "properties": { "record_id": 26679, "landslide_id": "SKM/NS/78A10/2017/199", "state": "Sikkim", "district": "North Sikkim", "location": "NH", "latitude": 27.613444, "longitude": 88.656528, "movement_type": "Debris Slide", "history": null, "event_date": null, "road_distance_m": 2.0069268845574775, "settlement_distance_m": 1420.1962673632763, "amenity_distance_m": 1454.746892069845, "road_density_500m_km_per_km2": 13.158427401937315, "settlements_within_1km": 0, "amenities_within_1km": 0, "near_road_250m": 1, "near_settlement_1km": 0, "near_amenity_1km": 0 }, "geometry": { "type": "Point", "coordinates": [ 88.656528, 27.613444 ] } },
{ "type": "Feature", "properties": { "record_id": 26680, "landslide_id": "SKM/NS/78A10/2017/230", "state": "Sikkim", "district": "North Sikkim", "location": "NH", "latitude": 27.61775, "longitude": 88.623639, "movement_type": "Debris Slide", "history": null, "event_date": null, "road_distance_m": 13.801075792730581, "settlement_distance_m": 2709.7516479448286, "amenity_distance_m": 2401.7182766963588, "road_density_500m_km_per_km2": 5.6740210127458877, "settlements_within_1km": 0, "amenities_within_1km": 0, "near_road_250m": 1, "near_settlement_1km": 0, "near_amenity_1km": 0 }, "geometry": { "type": "Point", "coordinates": [ 88.623639, 27.61775 ] } },
{ "type": "Feature", "properties": { "record_id": 26681, "landslide_id": "SKM/NS/78A10/2017/229", "state": "Sikkim", "district": "North Sikkim", "location": "NH", "latitude": 27.619722, "longitude": 88.618861, "movement_type": "Debris Slide", "history": null, "event_date": null, "road_distance_m": 1.5803480391112104, "settlement_distance_m": 3224.4943891067405, "amenity_distance_m": 2917.9764874191874, "road_density_500m_km_per_km2": 5.6740210127458877, "settlements_within_1km": 0, "amenities_within_1km": 0, "near_road_250m": 1, "near_settlement_1km": 0, "near_amenity_1km": 0 }, "geometry": { "type": "Point", "coordinates": [ 88.618861, 27.619722 ] } },
{ "type": "Feature", "properties": { "record_id": 26682, "landslide_id": "SKM/NS/78A10/2017/228", "state": "Sikkim", "district": "North Sikkim", "location": "NH", "latitude": 27.621806, "longitude": 88.618694, "movement_type": "Debris Slide", "history": null, "event_date": null, "road_distance_m": 5.5862560841066893, "settlement_distance_m": 3366.4942062296104, "amenity_distance_m": 3056.521707675804, "road_density_500m_km_per_km2": 5.1579492803765339, "settlements_within_1km": 0, "amenities_within_1km": 0, "near_road_250m": 1, "near_settlement_1km": 0, "near_amenity_1km": 0 }, "geometry": { "type": "Point", "coordinates": [ 88.618694, 27.621806 ] } },
{ "type": "Feature", "properties": { "record_id": 26683, "landslide_id": "SKM/NS/78A10/2017/200", "state": "Sikkim", "district": "North Sikkim", "location": "NH", "latitude": 27.628083, "longitude": 88.685306, "movement_type": "Debris Slide", "history": null, "event_date": null, "road_distance_m": 37.346972751832304, "settlement_distance_m": 4651.6618562333006, "amenity_distance_m": 1992.9238240324917, "road_density_500m_km_per_km2": 6.472345805818212, "settlements_within_1km": 0, "amenities_within_1km": 0, "near_road_250m": 1, "near_settlement_1km": 0, "near_amenity_1km": 0 }, "geometry": { "type": "Point", "coordinates": [ 88.685306, 27.628083 ] } },
{ "type": "Feature", "properties": { "record_id": 26684, "landslide_id": "SKM/NS/78A10/2017/202", "state": "Sikkim", "district": "North Sikkim", "location": "NH", "latitude": 27.629361, "longitude": 88.695194, "movement_type": "Debris Slide", "history": null, "event_date": null, "road_distance_m": 6.2910288670164825, "settlement_distance_m": 5552.5903196390091, "amenity_distance_m": 2419.6453171135245, "road_density_500m_km_per_km2": 8.7133388511575696, "settlements_within_1km": 0, "amenities_within_1km": 0, "near_road_250m": 1, "near_settlement_1km": 0, "near_amenity_1km": 0 }, "geometry": { "type": "Point", "coordinates": [ 88.695194, 27.629361 ] } },
{ "type": "Feature", "properties": { "record_id": 26685, "landslide_id": "SKM/NS/78A10/2017/201", "state": "Sikkim", "district": "North Sikkim", "location": "NH", "latitude": 27.6295, "longitude": 88.692778, "movement_type": "Debris Slide", "history": null, "event_date": null, "road_distance_m": 29.216896358885659, "settlement_distance_m": 5355.6337415236494, "amenity_distance_m": 2245.6776483957346, "road_density_500m_km_per_km2": 10.069590154635339, "settlements_within_1km": 0, "amenities_within_1km": 0, "near_road_250m": 1, "near_settlement_1km": 0, "near_amenity_1km": 0 }, "geometry": { "type": "Point", "coordinates": [ 88.692778, 27.6295 ] } },
{ "type": "Feature", "properties": { "record_id": 26686, "landslide_id": "SKM/NS/78A10/2017/227", "state": "Sikkim", "district": "North Sikkim", "location": "NH", "latitude": 27.629944, "longitude": 88.619833, "movement_type": "Debris Slide", "history": null, "event_date": null, "road_distance_m": 10.343719993785166, "settlement_distance_m": 3879.6938356960472, "amenity_distance_m": 3566.292550775705, "road_density_500m_km_per_km2": 10.90087325758183, "settlements_within_1km": 0, "amenities_within_1km": 0, "near_road_250m": 1, "near_settlement_1km": 0, "near_amenity_1km": 0 }, "geometry": { "type": "Point", "coordinates": [ 88.619833, 27.629944 ] } },
{ "type": "Feature", "properties": { "record_id": 26687, "landslide_id": "SKM/NS/78A10/2017/203", "state": "Sikkim", "district": "North Sikkim", "location": "NH", "latitude": 27.637167, "longitude": 88.712028, "movement_type": "Debris Slide", "history": null, "event_date": null, "road_distance_m": 3.9829550636794133, "settlement_distance_m": 6556.5930214329474, "amenity_distance_m": 1332.2258068322826, "road_density_500m_km_per_km2": 7.3821907227319477, "settlements_within_1km": 0, "amenities_within_1km": 0, "near_road_250m": 1, "near_settlement_1km": 0, "near_amenity_1km": 0 }, "geometry": { "type": "Point", "coordinates": [ 88.712028, 27.637167 ] } },
{ "type": "Feature", "properties": { "record_id": 26688, "landslide_id": "SKM/NS/78A10/2017/204", "state": "Sikkim", "district": "North Sikkim", "location": "NH", "latitude": 27.638694, "longitude": 88.711694, "movement_type": "Debris Slide", "history": null, "event_date": null, "road_distance_m": 9.2841878063211549, "settlement_distance_m": 6422.3749416504879, "amenity_distance_m": 1232.9202084512249, "road_density_500m_km_per_km2": 7.3821907227319477, "settlements_within_1km": 0, "amenities_within_1km": 0, "near_road_250m": 1, "near_settlement_1km": 0, "near_amenity_1km": 0 }, "geometry": { "type": "Point", "coordinates": [ 88.711694, 27.638694 ] } },
{ "type": "Feature", "properties": { "record_id": 26689, "landslide_id": "SKM/NS/78A10/2017/226", "state": "Sikkim", "district": "North Sikkim", "location": "Munshithang NH", "latitude": 27.641139, "longitude": 88.612, "movement_type": "Debris Slide", "history": null, "event_date": null, "road_distance_m": 2.0221721185753654, "settlement_distance_m": 5322.3062843154294, "amenity_distance_m": 5010.3049724719631, "road_density_500m_km_per_km2": 12.628646093920326, "settlements_within_1km": 0, "amenities_within_1km": 0, "near_road_250m": 1, "near_settlement_1km": 0, "near_amenity_1km": 0 }, "geometry": { "type": "Point", "coordinates": [ 88.612, 27.641139 ] } },
{ "type": "Feature", "properties": { "record_id": 26690, "landslide_id": "SKM/NS/78A10/2017/225", "state": "Sikkim", "district": "North Sikkim", "location": "NH", "latitude": 27.652861, "longitude": 88.607, "movement_type": "Debris Slide", "history": null, "event_date": null, "road_distance_m": 9.190866966687004, "settlement_distance_m": 6651.3341234554227, "amenity_distance_m": 6342.4810230214944, "road_density_500m_km_per_km2": 5.6351890878369604, "settlements_within_1km": 0, "amenities_within_1km": 0, "near_road_250m": 1, "near_settlement_1km": 0, "near_amenity_1km": 0 }, "geometry": { "type": "Point", "coordinates": [ 88.607, 27.652861 ] } },
{ "type": "Feature", "properties": { "record_id": 26691, "landslide_id": "SKM/NS/78A10/2017/224", "state": "Sikkim", "district": "North Sikkim", "location": "Rabom NH", "latitude": 27.662444, "longitude": 88.602556, "movement_type": "Debris Slide", "history": null, "event_date": null, "road_distance_m": 6.7226769119404013, "settlement_distance_m": 7280.2132415342621, "amenity_distance_m": 7466.3992398473438, "road_density_500m_km_per_km2": 15.965752326748436, "settlements_within_1km": 0, "amenities_within_1km": 0, "near_road_250m": 1, "near_settlement_1km": 0, "near_amenity_1km": 0 }, "geometry": { "type": "Point", "coordinates": [ 88.602556, 27.662444 ] } },
{ "type": "Feature", "properties": { "record_id": 26692, "landslide_id": "SKM/NS/78A10/2017/205", "state": "Sikkim", "district": "North Sikkim", "location": "NH", "latitude": 27.675778, "longitude": 88.733417, "movement_type": "Debris Slide", "history": null, "event_date": null, "road_distance_m": 2.4113291792225779, "settlement_distance_m": 1789.3010866579898, "amenity_distance_m": 421.21713011525276, "road_density_500m_km_per_km2": 9.0074459108909863, "settlements_within_1km": 0, "amenities_within_1km": 1, "near_road_250m": 1, "near_settlement_1km": 0, "near_amenity_1km": 1 }, "geometry": { "type": "Point", "coordinates": [ 88.733417, 27.675778 ] } },
{ "type": "Feature", "properties": { "record_id": 26693, "landslide_id": "SKM/NS/78A10/2017/223", "state": "Sikkim", "district": "North Sikkim", "location": "NH", "latitude": 27.676722, "longitude": 88.597194, "movement_type": "Debris Slide", "history": null, "event_date": null, "road_distance_m": 12.90100308982335, "settlement_distance_m": 5708.7432994140954, "amenity_distance_m": 7428.4609990860918, "road_density_500m_km_per_km2": 7.2668558409404653, "settlements_within_1km": 0, "amenities_within_1km": 0, "near_road_250m": 1, "near_settlement_1km": 0, "near_amenity_1km": 0 }, "geometry": { "type": "Point", "coordinates": [ 88.597194, 27.676722 ] } },
{ "type": "Feature", "properties": { "record_id": 26694, "landslide_id": "SKM/NS/78A10/2017/206", "state": "Sikkim", "district": "North Sikkim", "location": "NH", "latitude": 27.686389, "longitude": 88.73875, "movement_type": "Debris Slide", "history": null, "event_date": null, "road_distance_m": 2.729331265098681, "settlement_distance_m": 527.91477557054577, "amenity_distance_m": 296.89627693632713, "road_density_500m_km_per_km2": 14.98169982436673, "settlements_within_1km": 1, "amenities_within_1km": 5, "near_road_250m": 1, "near_settlement_1km": 1, "near_amenity_1km": 1 }, "geometry": { "type": "Point", "coordinates": [ 88.73875, 27.686389 ] } },
{ "type": "Feature", "properties": { "record_id": 26695, "landslide_id": "SKM/NS/78A10/2017/222", "state": "Sikkim", "district": "North Sikkim", "location": "Bansoi NH", "latitude": 27.697139, "longitude": 88.57025, "movement_type": "Debris Slide", "history": null, "event_date": null, "road_distance_m": 7.3366508862814204, "settlement_distance_m": 2323.2980080632001, "amenity_distance_m": 4072.117623462083, "road_density_500m_km_per_km2": 9.8300438585578966, "settlements_within_1km": 0, "amenities_within_1km": 0, "near_road_250m": 1, "near_settlement_1km": 0, "near_amenity_1km": 0 }, "geometry": { "type": "Point", "coordinates": [ 88.57025, 27.697139 ] } },
{ "type": "Feature", "properties": { "record_id": 26696, "landslide_id": "SKM/NS/78A10/2017/221", "state": "Sikkim", "district": "North Sikkim", "location": "NH", "latitude": 27.700444, "longitude": 88.566083, "movement_type": "Debris Slide", "history": null, "event_date": null, "road_distance_m": 5.6827148297113821, "settlement_distance_m": 1819.8207661989888, "amenity_distance_m": 3561.1509148025239, "road_density_500m_km_per_km2": 6.4866867831763679, "settlements_within_1km": 0, "amenities_within_1km": 0, "near_road_250m": 1, "near_settlement_1km": 0, "near_amenity_1km": 0 }, "geometry": { "type": "Point", "coordinates": [ 88.566083, 27.700444 ] } },
{ "type": "Feature", "properties": { "record_id": 26697, "landslide_id": "SKM/NS/78A10/2017/220", "state": "Sikkim", "district": "North Sikkim", "location": "NH", "latitude": 27.701333, "longitude": 88.565083, "movement_type": "Debris Slide", "history": null, "event_date": null, "road_distance_m": 1.6623046851107919, "settlement_distance_m": 1693.2940155970155, "amenity_distance_m": 3430.6403609695226, "road_density_500m_km_per_km2": 6.4866867831763679, "settlements_within_1km": 0, "amenities_within_1km": 0, "near_road_250m": 1, "near_settlement_1km": 0, "near_amenity_1km": 0 }, "geometry": { "type": "Point", "coordinates": [ 88.565083, 27.701333 ] } },
{ "type": "Feature", "properties": { "record_id": 26698, "landslide_id": "SKM/NS/78A10/2017/219", "state": "Sikkim", "district": "North Sikkim", "location": "NH", "latitude": 27.703917, "longitude": 88.562306, "movement_type": "Debris Slide", "history": null, "event_date": null, "road_distance_m": 7.7048984054679082, "settlement_distance_m": 1342.7454657685364, "amenity_distance_m": 3060.4264613047071, "road_density_500m_km_per_km2": 7.5116162105439752, "settlements_within_1km": 0, "amenities_within_1km": 0, "near_road_250m": 1, "near_settlement_1km": 0, "near_amenity_1km": 0 }, "geometry": { "type": "Point", "coordinates": [ 88.562306, 27.703917 ] } },
{ "type": "Feature", "properties": { "record_id": 26699, "landslide_id": "SKM/NS/78A10/2017/218", "state": "Sikkim", "district": "North Sikkim", "location": "NH", "latitude": 27.704028, "longitude": 88.56175, "movement_type": "Debris Slide", "history": null, "event_date": null, "road_distance_m": 4.9616926298831281, "settlement_distance_m": 1320.089089667629, "amenity_distance_m": 3029.1826382890717, "road_density_500m_km_per_km2": 7.5116162105439752, "settlements_within_1km": 0, "amenities_within_1km": 0, "near_road_250m": 1, "near_settlement_1km": 0, "near_amenity_1km": 0 }, "geometry": { "type": "Point", "coordinates": [ 88.56175, 27.704028 ] } },
{ "type": "Feature", "properties": { "record_id": 26700, "landslide_id": "SKM/NS/78A10/2017/217", "state": "Sikkim", "district": "North Sikkim", "location": "NH", "latitude": 27.704306, "longitude": 88.560694, "movement_type": "Debris Slide", "history": null, "event_date": null, "road_distance_m": 3.5259570856188538, "settlement_distance_m": 1275.3386832527635, "amenity_distance_m": 2964.8250607045406, "road_density_500m_km_per_km2": 7.5116162105439752, "settlements_within_1km": 0, "amenities_within_1km": 0, "near_road_250m": 1, "near_settlement_1km": 0, "near_amenity_1km": 0 }, "geometry": { "type": "Point", "coordinates": [ 88.560694, 27.704306 ] } },
{ "type": "Feature", "properties": { "record_id": 26701, "landslide_id": "SKM/NS/78A10/2017/216", "state": "Sikkim", "district": "North Sikkim", "location": "NH", "latitude": 27.713944, "longitude": 88.557361, "movement_type": "Debris Slide", "history": null, "event_date": null, "road_distance_m": 3.7146156770671888, "settlement_distance_m": 285.85333781084813, "amenity_distance_m": 1848.4760564385178, "road_density_500m_km_per_km2": 11.191662517925257, "settlements_within_1km": 1, "amenities_within_1km": 0, "near_road_250m": 1, "near_settlement_1km": 1, "near_amenity_1km": 0 }, "geometry": { "type": "Point", "coordinates": [ 88.557361, 27.713944 ] } },
{ "type": "Feature", "properties": { "record_id": 26702, "landslide_id": "SKM/NS/78A10/2017/215", "state": "Sikkim", "district": "North Sikkim", "location": "NH", "latitude": 27.723611, "longitude": 88.550472, "movement_type": "Debris Slide", "history": null, "event_date": null, "road_distance_m": 31.810813103194789, "settlement_distance_m": 781.79218794057726, "amenity_distance_m": 665.09890807275292, "road_density_500m_km_per_km2": 8.5500568217521753, "settlements_within_1km": 1, "amenities_within_1km": 2, "near_road_250m": 1, "near_settlement_1km": 1, "near_amenity_1km": 1 }, "geometry": { "type": "Point", "coordinates": [ 88.550472, 27.723611 ] } },
{ "type": "Feature", "properties": { "record_id": 26703, "landslide_id": "SKM/NS/78A10/2017/214", "state": "Sikkim", "district": "North Sikkim", "location": "NH", "latitude": 27.724222, "longitude": 88.552861, "movement_type": "Debris Slide", "history": null, "event_date": null, "road_distance_m": 4.2093834510162376, "settlement_distance_m": 781.86587807107276, "amenity_distance_m": 626.92144915989752, "road_density_500m_km_per_km2": 8.5500568217521753, "settlements_within_1km": 1, "amenities_within_1km": 2, "near_road_250m": 1, "near_settlement_1km": 1, "near_amenity_1km": 1 }, "geometry": { "type": "Point", "coordinates": [ 88.552861, 27.724222 ] } },
{ "type": "Feature", "properties": { "record_id": 26704, "landslide_id": "SKM/NS/78A10/2017/213", "state": "Sikkim", "district": "North Sikkim", "location": "Chaten NH", "latitude": 27.726083, "longitude": 88.54975, "movement_type": "Debris Slide", "history": null, "event_date": null, "road_distance_m": 6.4603630594879364, "settlement_distance_m": 502.60304577509407, "amenity_distance_m": 405.83896867630966, "road_density_500m_km_per_km2": 11.332552896291594, "settlements_within_1km": 1, "amenities_within_1km": 2, "near_road_250m": 1, "near_settlement_1km": 1, "near_amenity_1km": 1 }, "geometry": { "type": "Point", "coordinates": [ 88.54975, 27.726083 ] } },
{ "type": "Feature", "properties": { "record_id": 26705, "landslide_id": "SKM/NS/78A10/2017/212", "state": "Sikkim", "district": "North Sikkim", "location": "NH", "latitude": 27.728472, "longitude": 88.551667, "movement_type": "Debris Slide", "history": null, "event_date": null, "road_distance_m": 0.31886785245777965, "settlement_distance_m": 319.24913235283009, "amenity_distance_m": 146.66730382463783, "road_density_500m_km_per_km2": 8.8310010027582244, "settlements_within_1km": 1, "amenities_within_1km": 2, "near_road_250m": 1, "near_settlement_1km": 1, "near_amenity_1km": 1 }, "geometry": { "type": "Point", "coordinates": [ 88.551667, 27.728472 ] } },
{ "type": "Feature", "properties": { "record_id": 26706, "landslide_id": "SKM/NS/78A10/2017/211", "state": "Sikkim", "district": "North Sikkim", "location": "Lachen NH", "latitude": 27.735278, "longitude": 88.54925, "movement_type": "Debris Slide", "history": null, "event_date": null, "road_distance_m": 4.281334471812495, "settlement_distance_m": 517.41992681929764, "amenity_distance_m": 399.2519219417976, "road_density_500m_km_per_km2": 2.7824960745394201, "settlements_within_1km": 1, "amenities_within_1km": 3, "near_road_250m": 1, "near_settlement_1km": 1, "near_amenity_1km": 1 }, "geometry": { "type": "Point", "coordinates": [ 88.54925, 27.735278 ] } },
{ "type": "Feature", "properties": { "record_id": 26707, "landslide_id": "SKM/NS/78A10/2017/210", "state": "Sikkim", "district": "North Sikkim", "location": "NH", "latitude": 27.74075, "longitude": 88.54525, "movement_type": "Debris Slide", "history": null, "event_date": null, "road_distance_m": 0.34785121879336245, "settlement_distance_m": 1198.7848234634439, "amenity_distance_m": 334.62564163961918, "road_density_500m_km_per_km2": 5.5969450027855627, "settlements_within_1km": 0, "amenities_within_1km": 1, "near_road_250m": 1, "near_settlement_1km": 0, "near_amenity_1km": 1 }, "geometry": { "type": "Point", "coordinates": [ 88.54525, 27.74075 ] } },
{ "type": "Feature", "properties": { "record_id": 26708, "landslide_id": "SKM/NS/78A10/2017/209", "state": "Sikkim", "district": "North Sikkim", "location": "NH", "latitude": 27.740944, "longitude": 88.545361, "movement_type": "Debris Slide", "history": null, "event_date": null, "road_distance_m": 1.7872341037558181, "settlement_distance_m": 1215.2281330493909, "amenity_distance_m": 343.36098092329104, "road_density_500m_km_per_km2": 5.5969450027855627, "settlements_within_1km": 0, "amenities_within_1km": 1, "near_road_250m": 1, "near_settlement_1km": 0, "near_amenity_1km": 1 }, "geometry": { "type": "Point", "coordinates": [ 88.545361, 27.740944 ] } },
{ "type": "Feature", "properties": { "record_id": 26709, "landslide_id": "SKM/NS/78A10/2017/208", "state": "Sikkim", "district": "North Sikkim", "location": "NH", "latitude": 27.745194, "longitude": 88.544278, "movement_type": "Debris Slide", "history": null, "event_date": null, "road_distance_m": 13.484267775301602, "settlement_distance_m": 1695.6210762849867, "amenity_distance_m": 803.84870774486114, "road_density_500m_km_per_km2": 3.7140734437894363, "settlements_within_1km": 0, "amenities_within_1km": 1, "near_road_250m": 1, "near_settlement_1km": 0, "near_amenity_1km": 1 }, "geometry": { "type": "Point", "coordinates": [ 88.544278, 27.745194 ] } },
{ "type": "Feature", "properties": { "record_id": 26710, "landslide_id": "SKM/NS/78A10/2017/207", "state": "Sikkim", "district": "North Sikkim", "location": "NH", "latitude": 27.749111, "longitude": 88.542972, "movement_type": "Debris Slide", "history": null, "event_date": null, "road_distance_m": 9.5636445469835518, "settlement_distance_m": 2148.2550530622925, "amenity_distance_m": 1254.0868227948797, "road_density_500m_km_per_km2": 3.6785166329775798, "settlements_within_1km": 0, "amenities_within_1km": 0, "near_road_250m": 1, "near_settlement_1km": 0, "near_amenity_1km": 0 }, "geometry": { "type": "Point", "coordinates": [ 88.542972, 27.749111 ] } },
{ "type": "Feature", "properties": { "record_id": 26711, "landslide_id": "SKM/EAST/78A12/2015/001", "state": "Sikkim", "district": "East Sikkim", "location": "3rd Mile Subsidence Kumrek (On Rangpo-Kumrek", "latitude": 27.18822222, "longitude": 88.56238889, "movement_type": "Debris Subsidence July", "history": "2015", "event_date": null, "road_distance_m": 8.6178279214420446, "settlement_distance_m": 3523.7601905226693, "amenity_distance_m": 3561.9702495699498, "road_density_500m_km_per_km2": 13.982479869589477, "settlements_within_1km": 0, "amenities_within_1km": 0, "near_road_250m": 1, "near_settlement_1km": 0, "near_amenity_1km": 0 }, "geometry": { "type": "Point", "coordinates": [ 88.56238889, 27.18822222 ] } },
{ "type": "Feature", "properties": { "record_id": 26712, "landslide_id": "SKM/EAST/78A12/2015/002", "state": "Sikkim", "district": "East Sikkim", "location": "Kumrek landslide Kumrek (On Rangpo-Kumrek", "latitude": 27.179, "longitude": 88.53313889, "movement_type": "Rock Slide", "history": "8 July 2015", "event_date": "2015-07-08T00:00:00", "road_distance_m": 9.45349065352727, "settlement_distance_m": 576.69834092706742, "amenity_distance_m": 569.8608732075744, "road_density_500m_km_per_km2": 32.75371908022278, "settlements_within_1km": 1, "amenities_within_1km": 3, "near_road_250m": 1, "near_settlement_1km": 1, "near_amenity_1km": 1 }, "geometry": { "type": "Point", "coordinates": [ 88.53313889, 27.179 ] } },
{ "type": "Feature", "properties": { "record_id": 26713, "landslide_id": "SKM/NORTH/78A11/2015/003", "state": "Sikkim", "district": "North Sikkim", "location": "Rangrang Landslide Rangrang (On Mangan to", "latitude": 27.46166, "longitude": 88.52341, "movement_type": "Debris Slide", "history": "1 June 2015", "event_date": "2015-06-01T00:00:00", "road_distance_m": 5.827456768080757, "settlement_distance_m": 1713.4874263403469, "amenity_distance_m": 348.69392048737905, "road_density_500m_km_per_km2": 28.798934654654325, "settlements_within_1km": 0, "amenities_within_1km": 4, "near_road_250m": 1, "near_settlement_1km": 0, "near_amenity_1km": 1 }, "geometry": { "type": "Point", "coordinates": [ 88.52341, 27.46166 ] } },
{ "type": "Feature", "properties": { "record_id": 26714, "landslide_id": "SKM/EAST/78A11/2015/004", "state": "Sikkim", "district": "East Sikkim", "location": "Tumin Landslide Tumin", "latitude": 27.33208, "longitude": 88.50902, "movement_type": "Debris Slide", "history": "11 July 2015", "event_date": "2015-07-11T00:00:00", "road_distance_m": 114.29583650997479, "settlement_distance_m": 2709.032185690271, "amenity_distance_m": 2698.1796766806278, "road_density_500m_km_per_km2": 26.35580399985184, "settlements_within_1km": 0, "amenities_within_1km": 0, "near_road_250m": 1, "near_settlement_1km": 0, "near_amenity_1km": 0 }, "geometry": { "type": "Point", "coordinates": [ 88.50902, 27.33208 ] } },
{ "type": "Feature", "properties": { "record_id": 26724, "landslide_id": "SK/NS/78A11/", "state": "Sikkim", "district": "East Sikkim", "location": "(Near Kaabi) Kaabi II NH 31A, Near B2 Bridge.", "latitude": 27.38107778, "longitude": 88.64063333, "movement_type": "Rock Rock Slide", "history": null, "event_date": null, "road_distance_m": 45.400011507023258, "settlement_distance_m": 3659.3815541115009, "amenity_distance_m": 2166.0905146463779, "road_density_500m_km_per_km2": 11.091249419650289, "settlements_within_1km": 0, "amenities_within_1km": 0, "near_road_250m": 1, "near_settlement_1km": 0, "near_amenity_1km": 0 }, "geometry": { "type": "Point", "coordinates": [ 88.640633330000014, 27.38107778 ] } },
{ "type": "Feature", "properties": { "record_id": 26729, "landslide_id": "Sikkim/NK/78A11/2022/SP1", "state": "Sikkim", "district": "North Sikkim", "location": "Salim Pakel village Village road", "latitude": 27.5401, "longitude": 88.56929167, "movement_type": "Rock cum debris Slide", "history": "2019", "event_date": null, "road_distance_m": 17.32990458132462, "settlement_distance_m": 3231.1697457964819, "amenity_distance_m": 6588.2275755023593, "road_density_500m_km_per_km2": 27.880124182730217, "settlements_within_1km": 0, "amenities_within_1km": 0, "near_road_250m": 1, "near_settlement_1km": 0, "near_amenity_1km": 0 }, "geometry": { "type": "Point", "coordinates": [ 88.56929167, 27.5401 ] } },
{ "type": "Feature", "properties": { "record_id": 26730, "landslide_id": "Sikkim/NK/78A10/2022/II", "state": "Sikkim", "district": "North Sikkim", "location": "Shipgyre slide right bank of Teesta State road", "latitude": 27.55314167, "longitude": 88.62179722, "movement_type": "Debris Slide", "history": "2012", "event_date": null, "road_distance_m": 12.712174768275629, "settlement_distance_m": 1355.1846384324067, "amenity_distance_m": 3204.706520387434, "road_density_500m_km_per_km2": 23.407328228189808, "settlements_within_1km": 0, "amenities_within_1km": 0, "near_road_250m": 1, "near_settlement_1km": 0, "near_amenity_1km": 0 }, "geometry": { "type": "Point", "coordinates": [ 88.62179722, 27.55314167 ] } },
{ "type": "Feature", "properties": { "record_id": 26732, "landslide_id": "Sikkim/NK/78A10/2022/III", "state": "Sikkim", "district": "North Sikkim", "location": "Shipgyer slide right bank of Teesta State road", "latitude": 27.54810833, "longitude": 88.60807778, "movement_type": "Debris Slide", "history": "2012", "event_date": null, "road_distance_m": 29.48707700979157, "settlement_distance_m": 1593.3722725442233, "amenity_distance_m": 4630.1665337123159, "road_density_500m_km_per_km2": 17.113682707847147, "settlements_within_1km": 0, "amenities_within_1km": 0, "near_road_250m": 1, "near_settlement_1km": 0, "near_amenity_1km": 0 }, "geometry": { "type": "Point", "coordinates": [ 88.60807778, 27.54810833 ] } },
{ "type": "Feature", "properties": { "record_id": 26733, "landslide_id": "Sikkim/NK/78A10/2022/IV", "state": "Sikkim", "district": "North Sikkim", "location": "West of Shipgyer State road", "latitude": 27.55236944, "longitude": 88.58208333, "movement_type": "Debris Slide", "history": "2019", "event_date": null, "road_distance_m": 9.7341971760724615, "settlement_distance_m": 4145.9018121511936, "amenity_distance_m": 7120.9059625224854, "road_density_500m_km_per_km2": 27.880124182730217, "settlements_within_1km": 0, "amenities_within_1km": 0, "near_road_250m": 1, "near_settlement_1km": 0, "near_amenity_1km": 0 }, "geometry": { "type": "Point", "coordinates": [ 88.58208333, 27.55236944 ] } },
{ "type": "Feature", "properties": { "record_id": 26766, "landslide_id": "SK/ES/78A11/2021/1", "state": "Sikkim", "district": "East Sikkim", "location": "Shotak slide Along Burtuk Kabi Road, East of", "latitude": 27.38155556, "longitude": 88.63883333, "movement_type": "Debris Slide September", "history": "2021.", "event_date": null, "road_distance_m": 12.997199301629896, "settlement_distance_m": 3483.4045850774528, "amenity_distance_m": 2098.7095811264985, "road_density_500m_km_per_km2": 11.091249419650289, "settlements_within_1km": 0, "amenities_within_1km": 0, "near_road_250m": 1, "near_settlement_1km": 0, "near_amenity_1km": 0 }, "geometry": { "type": "Point", "coordinates": [ 88.63883333, 27.38155556 ] } },
{ "type": "Feature", "properties": { "record_id": 26816, "landslide_id": "SKM-01/2012-13", "state": "Sikkim", "district": "East Sikkim", "location": "Saketang Rongli-Rolep road", "latitude": 27.26063889, "longitude": 88.71438889, "movement_type": "Debris Slide", "history": "7 June 2012 at 4:50 hrs.", "event_date": "2012-06-07T00:00:00", "road_distance_m": 71.146650938773405, "settlement_distance_m": 1284.0843852808612, "amenity_distance_m": 5404.3396851910511, "road_density_500m_km_per_km2": 9.7414108655902503, "settlements_within_1km": 0, "amenities_within_1km": 0, "near_road_250m": 1, "near_settlement_1km": 0, "near_amenity_1km": 0 }, "geometry": { "type": "Point", "coordinates": [ 88.71438889, 27.26063889 ] } },
{ "type": "Feature", "properties": { "record_id": 26817, "landslide_id": "SKM-02/2012-13", "state": "Sikkim", "district": "East Sikkim", "location": "Chopse Slide Rongli-Rolep road", "latitude": 27.26616667, "longitude": 88.72697222, "movement_type": "Debris Slide", "history": "7 June 2012 at 4:30 hrs.", "event_date": "2012-06-07T00:00:00", "road_distance_m": 1210.8417215216705, "settlement_distance_m": 2010.4887629897798, "amenity_distance_m": 4748.7008056550176, "road_density_500m_km_per_km2": 0.0, "settlements_within_1km": 0, "amenities_within_1km": 0, "near_road_250m": 0, "near_settlement_1km": 0, "near_amenity_1km": 0 }, "geometry": { "type": "Point", "coordinates": [ 88.72697222, 27.26616667 ] } },
{ "type": "Feature", "properties": { "record_id": 26818, "landslide_id": "SKM-03/2012-13", "state": "Sikkim", "district": "East Sikkim", "location": "Dharakham Slide Rongli-Rolep road", "latitude": 27.26544444, "longitude": 88.72252778, "movement_type": "Debris Slide", "history": "7 June 2012 at 4:50 hrs.", "event_date": "2012-06-07T00:00:00", "road_distance_m": 767.49135343461489, "settlement_distance_m": 1819.4999512170277, "amenity_distance_m": 5029.9157362677588, "road_density_500m_km_per_km2": 0.0, "settlements_within_1km": 0, "amenities_within_1km": 0, "near_road_250m": 0, "near_settlement_1km": 0, "near_amenity_1km": 0 }, "geometry": { "type": "Point", "coordinates": [ 88.72252778, 27.26544444 ] } },
{ "type": "Feature", "properties": { "record_id": 26819, "landslide_id": "SKM-04/2012-13", "state": "Sikkim", "district": "East Sikkim", "location": "Rockse Slide 1 Panthang to Dikchu road", "latitude": 27.37441667, "longitude": 88.54505556, "movement_type": "Rock", "history": "13 July 2012", "event_date": "2012-07-13T00:00:00", "road_distance_m": 193.11078347347294, "settlement_distance_m": 2213.483501452039, "amenity_distance_m": 2252.7101934823759, "road_density_500m_km_per_km2": 32.250871587436031, "settlements_within_1km": 0, "amenities_within_1km": 0, "near_road_250m": 1, "near_settlement_1km": 0, "near_amenity_1km": 0 }, "geometry": { "type": "Point", "coordinates": [ 88.54505556, 27.37441667 ] } },
{ "type": "Feature", "properties": { "record_id": 26820, "landslide_id": "SKM-05/2012-13", "state": "Sikkim", "district": "East Sikkim", "location": "Rockse Slide 2 Panthang to Dikchu road", "latitude": 27.36977778, "longitude": 88.54466667, "movement_type": "Rock", "history": "13 July 2012", "event_date": "2012-07-13T00:00:00", "road_distance_m": 189.97384360979942, "settlement_distance_m": 2088.7553978264905, "amenity_distance_m": 1746.2907729282349, "road_density_500m_km_per_km2": 32.250871587436031, "settlements_within_1km": 0, "amenities_within_1km": 0, "near_road_250m": 1, "near_settlement_1km": 0, "near_amenity_1km": 0 }, "geometry": { "type": "Point", "coordinates": [ 88.54466667, 27.36977778 ] } },
{ "type": "Feature", "properties": { "record_id": 26821, "landslide_id": "SKM-06/2012-13", "state": "Sikkim", "district": "North Sikkim", "location": "Pegong Slide Mangan-Chungthang road", "latitude": 27.59027778, "longitude": 88.65394444, "movement_type": "Debris Slide", "history": "26 June 2012", "event_date": "2012-06-26T00:00:00", "road_distance_m": 163.8016503975897, "settlement_distance_m": 395.09297824428978, "amenity_distance_m": 338.43870169360241, "road_density_500m_km_per_km2": 6.5155381228077518, "settlements_within_1km": 1, "amenities_within_1km": 2, "near_road_250m": 1, "near_settlement_1km": 1, "near_amenity_1km": 1 }, "geometry": { "type": "Point", "coordinates": [ 88.65394444, 27.59027778 ] } },
{ "type": "Feature", "properties": { "record_id": 26822, "landslide_id": "SKM-07/2012-13", "state": "Sikkim", "district": "North Sikkim", "location": "Theng Slide On Mangan-Chungthang road", "latitude": 27.57502778, "longitude": 88.65402778000001, "movement_type": "Debris Slide", "history": "22 June 2012", "event_date": "2012-06-22T00:00:00", "road_distance_m": 261.37872465929087, "settlement_distance_m": 1642.1383286510265, "amenity_distance_m": 1509.9067310477085, "road_density_500m_km_per_km2": 4.2573331865832449, "settlements_within_1km": 0, "amenities_within_1km": 0, "near_road_250m": 0, "near_settlement_1km": 0, "near_amenity_1km": 0 }, "geometry": { "type": "Point", "coordinates": [ 88.65402778, 27.57502778 ] } },
{ "type": "Feature", "properties": { "record_id": 26823, "landslide_id": "SKM-08/2012-13", "state": "Sikkim", "district": "North Sikkim", "location": "Tung Slide On Mangan-Chungthang road", "latitude": 27.56111111, "longitude": 88.65452778, "movement_type": "Debris Slide", "history": "22 June 2012", "event_date": "2012-06-22T00:00:00", "road_distance_m": 212.88402409945022, "settlement_distance_m": 3167.6259916795352, "amenity_distance_m": 537.0658429856129, "road_density_500m_km_per_km2": 13.347554585103882, "settlements_within_1km": 0, "amenities_within_1km": 1, "near_road_250m": 1, "near_settlement_1km": 0, "near_amenity_1km": 1 }, "geometry": { "type": "Point", "coordinates": [ 88.65452778, 27.56111111 ] } },
{ "type": "Feature", "properties": { "record_id": 26824, "landslide_id": "SKM-09/2012-13", "state": "Sikkim", "district": "North Sikkim", "location": "Rubom Slide On Mangan-Chungthang", "latitude": 27.52838889, "longitude": 88.59972222, "movement_type": "Debris Slide", "history": "22 June 2012", "event_date": "2012-06-22T00:00:00", "road_distance_m": 60.056750079365536, "settlement_distance_m": 2605.3306569931551, "amenity_distance_m": 6192.7544886643, "road_density_500m_km_per_km2": 6.2834806485044687, "settlements_within_1km": 0, "amenities_within_1km": 0, "near_road_250m": 1, "near_settlement_1km": 0, "near_amenity_1km": 0 }, "geometry": { "type": "Point", "coordinates": [ 88.59972222, 27.52838889 ] } },
{ "type": "Feature", "properties": { "record_id": 26825, "landslide_id": "SKM-10/2012-13", "state": "Sikkim", "district": "North Sikkim", "location": "Singik Slide On Mangan-Chungthang road", "latitude": 27.56941667, "longitude": 88.65272222, "movement_type": "Debris Slide", "history": "22 June 2012", "event_date": "2012-06-22T00:00:00", "road_distance_m": 25.620138697603938, "settlement_distance_m": 2231.9949005761055, "amenity_distance_m": 1461.2865226936331, "road_density_500m_km_per_km2": 15.074805195315152, "settlements_within_1km": 0, "amenities_within_1km": 0, "near_road_250m": 1, "near_settlement_1km": 0, "near_amenity_1km": 0 }, "geometry": { "type": "Point", "coordinates": [ 88.65272222, 27.56941667 ] } },
{ "type": "Feature", "properties": { "record_id": 26826, "landslide_id": "SKM-11/2012-13", "state": "Sikkim", "district": "North Sikkim", "location": "Deodara Slide On Mangan-Chungthang", "latitude": 27.51491667, "longitude": 88.56313889, "movement_type": "Debris Slide", "history": "17 July 2012", "event_date": "2012-07-17T00:00:00", "road_distance_m": 68.26756065682973, "settlement_distance_m": 1406.9126405668123, "amenity_distance_m": 4078.4389594953695, "road_density_500m_km_per_km2": 5.7604331651211673, "settlements_within_1km": 0, "amenities_within_1km": 0, "near_road_250m": 1, "near_settlement_1km": 0, "near_amenity_1km": 0 }, "geometry": { "type": "Point", "coordinates": [ 88.56313889, 27.51491667 ] } },
{ "type": "Feature", "properties": { "record_id": 26827, "landslide_id": "SKM/78A11/2009", "state": "Sikkim", "district": "North Sikkim", "location": "Chandera village/Singhik Village", "latitude": 27.51444444, "longitude": 88.56777778, "movement_type": "Debris Slide", "history": "9 May 2009 at 14.00 hrs.", "event_date": "2009-05-09T00:00:00", "road_distance_m": 147.6944785873084, "settlement_distance_m": 1867.4770315457279, "amenity_distance_m": 4404.4245589697193, "road_density_500m_km_per_km2": 2.86993301792864, "settlements_within_1km": 0, "amenities_within_1km": 0, "near_road_250m": 1, "near_settlement_1km": 0, "near_amenity_1km": 0 }, "geometry": { "type": "Point", "coordinates": [ 88.56777778, 27.51444444 ] } },
{ "type": "Feature", "properties": { "record_id": 26828, "landslide_id": "7253", "state": "Sikkim", "district": "South Sikkim", "location": "NHPC TEESTA V POWER HOUSE", "latitude": 27.25102, "longitude": 88.460004, "movement_type": "Rock Slide", "history": "2024", "event_date": null, "road_distance_m": 99.417535963569108, "settlement_distance_m": 1204.195101460143, "amenity_distance_m": 3017.5104557062377, "road_density_500m_km_per_km2": 44.662944472495383, "settlements_within_1km": 0, "amenities_within_1km": 0, "near_road_250m": 1, "near_settlement_1km": 0, "near_amenity_1km": 0 }, "geometry": { "type": "Point", "coordinates": [ 88.460004, 27.25102 ] } }
]
}
