cell_id,label,susceptibility_probability,trigger_score,soil_wetness_score,exposure_score,uncertainty_score,confidence_score,risk_score,risk_category
3_1656,0,0.010009893603217855,14.898347510189614,10.109649122807019,11.840426961964926,2.0019787206435713,97.99802127935642,6.4701386342015805,LOW
4_988,0,0.01695086948509603,14.898347510189614,10.109649122807019,16.22482808135644,3.390173897019211,96.60982610298079,7.290332419644031,LOW
5_1571,0,0.014170283213607467,14.898347510189614,10.109649122807019,25.250616908010066,2.834056642721494,97.16594335727851,8.039979057377522,LOW
10_680,0,0.028521037330115004,14.898347510189614,10.109649122807019,20.755701022806043,5.7042074660230035,94.295792533977,8.379778945265034,LOW
12_491,0,0.0007432595523372276,14.898347510189614,10.109649122807019,19.711539881427463,0.14865191046744552,99.85134808953255,6.7475850533493995,LOW
13_1255,0,0.001271798365122616,14.898347510189614,10.109649122807019,7.028012201856597,0.2543596730245179,99.74564032697548,5.5083019200955095,LOW
15_652,0,0.26465318015318023,14.898347510189614,10.109649122807019,58.54102658625838,52.930636030636045,47.069363969363955,25.145579356878855,MODERATE
15_1456,0,0.005293226936551187,14.898347510189614,10.109649122807019,11.1895795141341,1.058645387310242,98.94135461268976,6.145637222751831,LOW
16_317,0,0.022000930017783683,14.898347510189614,10.109649122807019,31.36013250448603,4.400186003556739,95.59981399644326,9.081616191254811,LOW
17_355,0,0.12125802139037431,14.898347510189614,10.109649122807019,43.07930227757947,24.25160427807487,75.74839572192514,15.712673194056642,LOW
20_1290,0,2.1798365122615804e-05,14.898347510189614,10.109649122807019,9.53127341489193,0.004359673024523225,99.99564032697548,5.689878041399042,LOW
20_1453,0,0.0030122024055266564,14.898347510189614,10.109649122807019,11.530316612178892,0.6024404811053263,99.39755951889467,6.054254583349961,LOW
23_244,0,0.15265384060384066,14.898347510189614,10.109649122807019,62.442681942602064,30.530768120768137,69.46923187923187,19.37578121729955,LOW
27_1200,0,0.009902353920678173,14.898347510189614,10.109649122807019,5.645973750454671,1.980470784135635,98.01952921586437,5.844778630510872,LOW
29_729,0,0.021154835149163456,14.898347510189614,10.109649122807019,39.27005973641868,4.230967029832689,95.76903297016732,9.826073696673964,LOW
31_874,0,0.019150136366990034,14.898347510189614,10.109649122807019,24.145430157699817,3.8300272733980067,96.169972726602,8.20335230578254,LOW
31_1025,0,0.002457848943546076,14.898347510189614,10.109649122807019,14.943324105434662,0.49156978870921186,99.50843021129079,6.365065892266607,LOW
32_1418,0,6.220240552665621e-05,14.898347510189614,10.109649122807019,10.356779694283638,0.012440481105335799,99.98755951889467,5.7746508915604355,LOW
33_13,0,0.42607817259645286,14.898347510189614,10.109649122807019,55.3857825093428,85.21563451929057,14.784365480709425,33.70842953356729,MODERATE
33_708,0,0.002305535738859989,14.898347510189614,10.109649122807019,24.58896831691842,0.4611071477719997,99.538892852228,7.321253087157247,LOW
39_194,0,0.13008316128316136,14.898347510189614,10.109649122807019,56.574594175871994,26.016632256632267,73.98336774336774,17.547585077989183,LOW
40_15,0,0.09287720998807955,14.898347510189614,10.109649122807019,50.04646272606777,18.575441997615915,81.42455800238409,14.848444611779259,LOW
41_966,0,0.04489665963051989,14.898347510189614,10.109649122807019,42.418751608355116,8.979331926103985,91.02066807389602,11.44674323034221,LOW
44_642,0,0.041961585799910044,14.898347510189614,10.109649122807019,50.84818209709573,8.39231715998201,91.60768284001799,12.128257218532731,LOW
44_777,0,0.015493630976955228,14.898347510189614,10.109649122807019,21.782574920084475,3.098726195391044,96.90127380460896,7.765958985569091,LOW
44_843,0,0.002386849295926971,14.898347510189614,10.109649122807019,30.040956159679183,0.47736985918539476,99.5226301408146,7.870924117072008,LOW
44_1523,0,0.09867409812409812,14.898347510189614,10.109649122807019,60.97881350644736,19.73481962481962,80.26518037518038,16.26050853729824,LOW
47_1039,0,7.659288567056101e-05,14.898347510189614,10.109649122807019,22.94723528822786,0.015318577134115774,99.98468142286589,7.034487927362772,LOW
51_586,0,0.006375402409480087,14.898347510189614,10.109649122807019,22.556675817969865,1.2750804818960182,98.72491951810399,7.3418665041464966,LOW
51_1520,0,0.014060125738232598,14.898347510189614,10.109649122807019,46.58486490756214,2.812025147646524,97.18797485235348,10.167345196187114,LOW
52_235,0,0.3170483753834817,14.898347510189614,10.109649122807019,61.41097215698944,63.40967507669634,36.59032492330366,28.314309651618544,MODERATE
53_566,0,0.35867724022354464,14.898347510189614,10.109649122807019,61.041918591162236,71.73544804470893,28.26455195529107,30.566991861239284,MODERATE
53_801,0,0.0006665180522151843,14.898347510189614,10.109649122807019,19.05311354657014,0.1333036104430363,99.86669638955696,6.677521637356954,LOW
59_1544,0,0.012348902334599466,14.898347510189614,10.109649122807019,43.24533721188701,2.469780466919891,97.53021953308011,9.739275139419778,LOW
61_1203,0,6.220240552665621e-05,14.898347510189614,10.109649122807019,6.376739235376712,0.012440481105335799,99.98755951889467,5.376646845669743,LOW
62_218,0,0.753279902042402,14.898347510189614,10.109649122807019,59.68088267715756,49.3440195915196,50.6559804084804,52.13403466987597,HIGH
62_993,0,0.12600526695526706,14.898347510189614,10.109649122807019,57.3136246952761,25.201053391053406,74.7989466089466,17.397203941895405,LOW
62_1076,0,0.005881354790432465,14.898347510189614,10.109649122807019,24.088618004085134,1.1762709580864894,98.82372904191351,7.467888103710405,LOW
67_1132,0,2.1798365122615804e-05,14.898347510189614,10.109649122807019,10.13954271068752,0.004359673024523225,99.99564032697548,5.750704970978601,LOW
69_27,0,0.4316771766880461,14.898347510189614,10.109649122807019,64.19711926489717,86.33543533760923,13.664564662390774,34.89750843416036,MODERATE
70_593,0,0.0077376713809956315,14.898347510189614,10.109649122807019,23.859929676990923,1.547534276199125,98.45246572380087,7.547116683481958,LOW
80_1256,0,0.001853869072193323,14.898347510189614,10.109649122807019,12.078549107958953,0.370773814438663,99.62922618556134,6.045369499594633,LOW
83_532,0,0.09999597500547575,14.898347510189614,10.109649122807019,51.73896706328416,19.99919500109515,80.00080499890485,15.40922712145769,LOW
84_1435,0,0.027937445887445886,14.898347510189614,10.109649122807019,43.26568363714304,5.58748917748918,94.41251082251082,10.598679677351933,LOW
85_1002,0,0.020893154786479042,14.898347510189614,10.109649122807019,25.416942416774525,4.178630957295804,95.82136904270419,8.426369544761906,LOW
87_1024,0,0.19513067946546214,14.898347510189614,10.109649122807019,58.620896856695715,39.02613589309243,60.97386410690757,21.329828846098096,LOW
92_891,0,0.00014438949584005253,14.898347510189614,10.109649122807019,18.96191745871454,0.028877899168011645,99.97112210083199,6.639684957970763,LOW
93_93,0,0.6908721354125281,14.898347510189614,10.109649122807019,66.25214717520944,61.82557291749438,38.17442708250562,49.3587339550381,MODERATE
93_428,0,0.0016535159625936378,14.898347510189614,10.109649122807019,32.146378531474994,0.33070319251872204,99.66929680748127,8.041133020918256,LOW
94_580,0,0.023897506122760263,14.898347510189614,10.109649122807019,33.17824312194645,4.779501224552051,95.22049877544795,9.367738938774565,LOW
96_631,0,0.006606030115107789,14.898347510189614,10.109649122807019,24.282851768608708,1.3212060230215594,98.67879397697844,7.5271686230199055,LOW
97_1012,0,0.08180393981969322,14.898347510189614,10.109649122807019,59.08184653159976,16.360787963938648,83.63921203606135,15.14295313307121,LOW
101_401,0,0.11356095758461489,14.898347510189614,10.109649122807019,45.71697560755793,22.712191516922974,77.28780848307703,15.553102017737718,LOW
102_554,0,0.01243859793809866,14.898347510189614,10.109649122807019,45.01627325595051,2.48771958761973,97.51228041238026,9.921302002018583,LOW
102_1442,0,0.0015932269365511874,14.898347510189614,10.109649122807019,17.424717838037182,0.3186453873102346,99.68135461268976,6.565651055142139,LOW
104_1297,0,0.01255351596259364,14.898347510189614,10.109649122807019,41.90886212316647,2.510703192518726,97.48929680748127,9.616881380087403,LOW
105_74,0,0.20383347338935567,14.898347510189614,10.109649122807019,55.42902097943696,40.76669467787113,59.23330532212887,21.489294924186368,LOW
107_1391,0,2.1798365122615804e-05,14.898347510189614,10.109649122807019,10.842842910710315,0.004359673024523225,99.99564032697548,5.8210349909808805,LOW
110_97,0,0.27213311688311703,14.898347510189614,10.109649122807019,77.36630387216645,54.426623376623404,45.573376623376596,27.43950360561619,MODERATE
110_951,0,2.1798365122615804e-05,14.898347510189614,10.109649122807019,11.44381183167434,0.004359673024523225,99.99564032697548,5.881131883077283,LOW
111_1425,0,6.220240552665621e-05,14.898347510189614,10.109649122807019,13.097279087588992,0.012440481105335799,99.98755951889467,6.04870083089097,LOW
112_1345,0,0.004664980183304434,14.898347510189614,10.109649122807019,10.399972789949882,0.9329960366608825,99.06700396333912,6.032122978904838,LOW
114_1106,0,0.011193259552337229,14.898347510189614,10.109649122807019,21.39055978820647,2.2386519104674485,97.76134808953255,7.4902370440273,LOW
118_1383,0,2.1798365122615804e-05,14.898347510189614,10.109649122807019,9.206148786469862,0.004359673024523225,99.99564032697548,5.657365578556835,LOW
122_433,0,0.359889707756012,14.898347510189614,10.109649122807019,59.45378623935016,71.97794155120239,28.02205844879761,30.474864340343782,MODERATE
125_958,0,0.002221798365122616,14.898347510189614,10.109649122807019,10.600124737317461,0.4443596730245192,99.55564032697548,5.917763173641596,LOW
126_1544,0,0.019135301528625782,14.898347510189614,10.109649122807019,32.015586948506005,3.8270603057251606,96.17293969427485,8.989552068753124,LOW
130_1126,0,0.01425870312702738,14.898347510189614,10.109649122807019,20.13197733619104,2.8517406254054745,97.14825937459453,7.532978195433715,LOW
132_516,0,0.07538644482976906,14.898347510189614,10.109649122807019,41.6776552040262,15.077288965953816,84.92271103404619,13.049571775868024,LOW
134_1295,0,0.000576592885670561,14.898347510189614,10.109649122807019,28.10515802180872,0.11531857713411586,99.88468142286588,7.5777802007208575,LOW
138_675,0,0.06296703646036071,14.898347510189614,10.109649122807019,37.42780741875339,12.593407292072145,87.40659270792786,11.941519537023284,LOW
140_27,0,0.02994229372489464,14.898347510189614,10.109649122807019,33.85205683600217,5.988458744978931,94.01154125502107,9.767583628297528,LOW
141_1564,0,7.659288567056101e-05,14.898347510189614,10.109649122807019,21.193816800520995,0.015318577134115774,99.98468142286589,6.859146078592086,LOW
142_942,0,0.004199118784815916,14.898347510189614,10.109649122807019,12.193093288755206,0.8398237569631872,99.16017624303682,6.185812651868502,LOW
149_687,0,0.11743242107574532,14.898347510189614,10.109649122807019,46.403750999552464,23.486484215149062,76.51351578485094,15.834710048949345,LOW
150_686,0,0.1580890755323997,14.898347510189614,10.109649122807019,50.728811317769306,31.61781510647994,68.38218489352006,18.503332075887023,LOW
150_1110,0,0.011683217334667893,14.898347510189614,10.109649122807019,29.660753152742654,2.3366434669335745,97.66335653306642,8.344204058509106,LOW
154_105,0,0.1493187978687979,14.898347510189614,10.109649122807019,81.10313349910784,29.863759573759573,70.13624042624042,21.058399022522774,LOW
156_103,0,0.33376986882848986,14.898347510189614,10.109649122807019,75.11092475950682,66.75397376569798,33.24602623430202,30.60398705134573,MODERATE
156_878,0,0.0158654207244984,14.898347510189614,10.109649122807019,36.26025282138368,3.173084144899685,96.82691585510031,9.234175211813886,LOW
158_1490,0,0.0028645833579076085,14.898347510189614,10.109649122807019,21.601089936600157,0.5729166715815248,99.42708332841848,7.0532128681730395,LOW
159_757,0,0.0028991187848159163,14.898347510189614,10.109649122807019,11.49590136984678,0.5798237569631826,99.42017624303682,6.0445934599776585,LOW
160_1535,0,6.220240552665621e-05,14.898347510189614,10.109649122807019,19.082152997454603,0.012440481105335799,99.98755951889467,6.647188221877532,LOW
162_836,0,0.003471798365122616,14.898347510189614,10.109649122807019,12.53744384501676,0.694359673024525,99.30564032697548,6.180245084411525,LOW
163_823,0,2.1798365122615804e-05,14.898347510189614,10.109649122807019,10.61335199098583,0.004359673024523225,99.99564032697548,5.7980858990084325,LOW
165_1205,0,0.0028955357388599895,14.898347510189614,10.109649122807019,8.090297203447383,0.5791071477719956,99.42089285222801,5.703835975810144,LOW
167_997,0,6.220240552665621e-05,14.898347510189614,10.109649122807019,9.333873135289041,0.012440481105335799,99.98755951889467,5.6723602356609755,LOW
169_250,0,0.09116066319301615,14.898347510189614,10.109649122807019,58.132472141717216,18.232132638603225,81.76786736139678,15.562635479615714,LOW
171_726,0,0.0028099262190038944,14.898347510189614,10.109649122807019,21.528837845246997,0.5619852438007777,99.43801475619922,7.042981516398019,LOW
173_1302,0,2.1798365122615804e-05,14.898347510189614,10.109649122807019,12.933236697008288,0.004359673024523225,99.99564032697548,6.030074369610678,LOW
175_1422,0,2.1798365122615804e-05,14.898347510189614,10.109649122807019,9.517148810090678,0.004359673024523225,99.99564032697548,5.688465580918917,LOW
176_65,0,0.15607438672438675,14.898347510189614,10.109649122807019,56.29288112116069,31.214877344877358,68.78512265512265,18.948931171785446,LOW
177_441,0,0.0070864431803034636,14.898347510189614,10.109649122807019,39.48981530576543,1.4172886360606873,98.58271136393931,9.074287695321338,LOW
179_140,0,0.12491923463010422,14.898347510189614,10.109649122807019,51.798255993490294,24.983846926020846,75.01615307397915,16.78593529383287,LOW
179_393,0,0.03125253264639294,14.898347510189614,10.109649122807019,46.077365502728995,6.250506529278588,93.74949347072142,11.062177635652617,LOW
181_409,0,0.06724578826411252,14.898347510189614,10.109649122807019,56.894650513488486,13.449157652822507,86.5508423471775,14.123535195703143,LOW
182_1213,0,0.01701544915877341,14.898347510189614,10.109649122807019,8.287367266365512,3.40308983175468,96.59691016824532,6.5001382201971944,LOW
183_57,0,0.0520562092440987,14.898347510189614,10.109649122807019,49.62677097225469,10.411241848819742,89.58875815118026,12.561320395479004,LOW
183_521,1,0.6647050316350318,14.898347510189614,10.109649122807019,73.71483110397273,67.05899367299364,32.94100632700636,48.66581164015212,MODERATE
185_39,0,0.7379189114806763,14.898347510189614,10.109649122807019,76.27733386462998,52.41621770386473,47.58378229613527,52.948825307728306,HIGH
186_549,1,0.8318299940064042,14.898347510189614,10.109649122807019,59.373071337815674,33.634001198719155,66.36599880128085,56.4235085939619,HIGH
186_772,0,0.0005217983651226158,14.898347510189614,10.109649122807019,14.016083453420425,0.10435967302452331,99.89564032697548,6.165859045251892,LOW
188_63,0,0.716601564818437,14.898347510189614,10.109649122807019,72.2345876184574,56.67968703631261,43.32031296368739,51.37209661668788,HIGH
189_1397,0,0.0012217983651226158,14.898347510189614,10.109649122807019,8.308061420763211,0.244359673024519,99.75564032697548,5.633556841986171,LOW
190_534,1,0.719805439055364,14.898347510189614,10.109649122807019,59.17369308901117,56.038912188927206,43.961087811072794,50.24222024677424,HIGH
190_544,1,0.9086839068025796,14.898347510189614,10.109649122807019,59.1182996469169,18.26321863948408,81.73678136051592,60.62499662866168,HIGH
191_528,1,0.8439483245313933,14.898347510189614,10.109649122807019,65.69709789414394,31.21033509372133,68.78966490627867,57.72241942846913,HIGH
191_1609,0,0.01715286404416839,14.898347510189614,10.109649122807019,44.04811870874434,3.430572808833676,96.56942719116633,10.083771183131802,LOW
193_412,1,0.9118066859066866,14.898347510189614,10.109649122807019,71.7079941023442,17.638662818662688,82.36133718133732,62.05571892493029,HIGH
194_1163,0,0.0006884650317892824,14.898347510189614,10.109649122807019,9.946794521318283,0.13769300635785298,99.86230699364215,5.768096818708345,LOW
196_414,1,0.9583068586443587,14.898347510189614,10.109649122807019,65.87106335866983,8.338628271128258,91.66137172887174,64.02953535113481,HIGH
197_397,1,0.9303940767409482,14.898347510189614,10.109649122807019,69.82239535585722,13.921184651810359,86.07881534818964,62.88946554616598,HIGH
197_413,1,0.9292019255370325,14.898347510189614,10.109649122807019,67.71694137249429,14.159614892593497,85.8403851074065,62.613351831614324,HIGH
198_373,0,0.10334901780651744,14.898347510189614,10.109649122807019,45.81937156028759,20.66980356130349,79.3301964386965,15.001684925215326,LOW
198_399,1,0.9959666666666667,14.898347510189614,10.109649122807019,69.75758451939203,0.8066666666666666,99.19333333333333,66.48947690843397,HIGH
199_37,0,0.05813587583354789,14.898347510189614,10.109649122807019,53.32476829751675,11.62717516670958,88.37282483329042,13.265501790424915,LOW
199_399,1,0.9347888774739839,14.898347510189614,10.109649122807019,69.3530821617543,13.042224505203226,86.95777549479678,63.084248267072645,HIGH
199_400,1,0.9955194444444445,14.898347510189614,10.109649122807019,69.29644208320282,0.8961111111110975,99.1038888888889,66.41876544259283,HIGH
199_415,1,0.8926431938431935,14.898347510189614,10.109649122807019,67.05564581820072,21.471361231361307,78.5286387686387,60.53649203302382,HIGH
199_995,0,2.1798365122615804e-05,14.898347510189614,10.109649122807019,7.18913736201975,0.004359673024523225,99.99564032697548,5.4556644361118245,LOW
200_397,1,0.9216723889749325,14.898347510189614,10.109649122807019,66.20460136330041,15.665522205013493,84.33447779498651,62.04799331977944,HIGH
200_550,1,0.8970103923888394,14.898347510189614,10.109649122807019,59.02002341026504,20.59792152223212,79.40207847776787,59.97312571224078,HIGH
201_401,1,0.9608365176567081,14.898347510189614,10.109649122807019,65.99845320894174,7.832696468658384,92.16730353134162,64.18140558184122,HIGH
202_1166,0,0.0006884650317892824,14.898347510189614,10.109649122807019,9.561457388684504,0.13769300635785298,99.86230699364215,5.729563105444966,LOW
202_1269,0,0.0018122024055266563,14.898347510189614,10.109649122807019,10.069735821745866,0.36244048110533056,99.63755951889468,5.842196504306658,LOW
203_393,1,0.9721830135627629,14.898347510189614,10.109649122807019,61.145195065770196,5.563397287447414,94.43660271255258,64.32013704235709,HIGH
204_389,1,0.9751711698509192,14.898347510189614,10.109649122807019,62.871626305202625,4.965766029816154,95.03423397018385,64.65712876214893,HIGH
204_786,0,0.00771638710971136,14.898347510189614,10.109649122807019,36.15373832297981,1.5432774219422685,98.45672257805774,8.775326913160212,LOW
206_941,0,0.0012217983651226158,14.898347510189614,10.109649122807019,9.334941726366097,0.244359673024519,99.75564032697548,5.736244872546459,LOW
206_1313,0,0.0006884650317892824,14.898347510189614,10.109649122807019,8.113666044413598,0.13769300635785298,99.86230699364215,5.584783971017876,LOW
207_398,1,0.9300326902636821,14.898347510189614,10.109649122807019,63.8007077953011,13.993461947263587,86.00653805273642,62.26742053386073,HIGH
207_551,1,0.9497190121862925,14.898347510189614,10.109649122807019,57.049026849860454,10.056197562741499,89.9438024372585,62.67500014506024,HIGH
208_541,1,0.9723897574682051,14.898347510189614,10.109649122807019,57.27697381464336,5.522048506358979,94.47795149364102,63.94468583204372,HIGH
208_542,1,0.9752540431824903,14.898347510189614,10.109649122807019,58.65292219717105,4.949191363501937,95.05080863649806,64.23981638458218,HIGH
208_550,1,0.9671664480202271,14.898347510189614,10.109649122807019,56.8598868769009,6.566710395954578,93.43328960404543,63.61569511863068,HIGH
209_1184,0,2.1798365122615804e-05,14.898347510189614,10.109649122807019,7.745951265277894,0.004359673024523225,99.99564032697548,5.511345826437639,LOW
209_1258,0,2.1798365122615804e-05,14.898347510189614,10.109649122807019,8.929035682418315,0.004359673024523225,99.99564032697548,5.629654268151681,LOW
209_1337,0,6.220240552665621e-05,14.898347510189614,10.109649122807019,6.945766250909635,0.012440481105335799,99.98755951889467,5.433549547223035,LOW
212_536,1,0.8797771307981845,14.898347510189614,10.109649122807019,55.82160038508862,24.044573840363093,75.95542615963691,58.70545402223711,HIGH
212_538,1,0.9818262654047125,14.898347510189614,10.109649122807019,58.7915670825835,3.6347469190574966,96.36525308094251,64.61515309534565,HIGH
213_922,0,0.0012217983651226158,14.898347510189614,10.109649122807019,10.005083330653994,0.244359673024519,99.75564032697548,5.803259032975249,LOW
214_536,1,0.8519708522067994,14.898347510189614,10.109649122807019,54.39452242900741,29.605829558640128,70.39417044135988,57.03340090410281,HIGH
214_923,0,6.220240552665621e-05,14.898347510189614,10.109649122807019,9.822591460399071,0.012440481105335799,99.98755951889467,5.721232068171979,LOW
216_668,0,0.015555131698455953,14.898347510189614,10.109649122807019,16.78568385039008,3.111026339691192,96.8889736603088,7.269652418282191,LOW
218_793,0,0.0008201826292603046,14.898347510189614,10.109649122807019,30.387630742458892,0.16403652585206263,99.83596347414793,7.819424908683311,LOW
221_1601,0,7.659288567056101e-05,14.898347510189614,10.109649122807019,16.91844420578423,0.015318577134115774,99.98468142286589,6.431608819118409,LOW
222_1036,0,0.003562202405526656,14.898347510189614,10.109649122807019,10.514428001483928,0.7124404811053364,99.28755951889467,5.982915722280464,LOW
223_498,1,0.9461307780371888,14.898347510189614,10.109649122807019,65.29380562679813,10.773844392562237,89.22615560743776,63.302125144553294,HIGH
223_591,0,0.011548021457099131,14.898347510189614,10.109649122807019,21.870314170425825,2.309604291419831,97.69039570858017,7.55772438701114,LOW
224_1401,0,6.220240552665621e-05,14.898347510189614,10.109649122807019,10.023470427781529,0.012440481105335799,99.98755951889467,5.7413199649102244,LOW
225_41,0,0.15550206688736098,14.898347510189614,10.109649122807019,52.85710614452136,31.1004133774722,68.8995866225278,18.573876083085096,LOW
225_934,0,0.001021798365122616,14.898347510189614,10.109649122807019,8.418922838754202,0.2043596730245234,99.79564032697547,5.63364298378527,LOW
226_699,0,7.659288567056101e-05,14.898347510189614,10.109649122807019,18.025250462344253,0.015318577134115774,99.98468142286589,6.542289444774411,LOW
227_1644,0,0.011013140356464609,14.898347510189614,10.109649122807019,28.980824478321747,2.2026280712929225,97.79737192870708,8.239356957265834,LOW
228_721,0,0.0011443894958400526,14.898347510189614,10.109649122807019,18.178453151950396,0.22887789916801182,99.77112210083199,6.6163385272943485,LOW
231_1310,0,6.220240552665621e-05,14.898347510189614,10.109649122807019,6.7536971962579875,0.012440481105335799,99.98755951889467,5.41434264175787,LOW
234_382,1,0.9387124098124099,14.898347510189614,10.109649122807019,63.1591921627614,12.257518037518022,87.74248196248197,62.6806535457868,HIGH
236_1344,0,0.0008789412222654729,14.898347510189614,10.109649122807019,6.724432142554859,0.17578824445309005,99.82421175554691,5.456336771308192,LOW
237_46,0,0.04199396071887981,14.898347510189614,10.109649122807019,41.04436987745339,8.398792143775957,91.60120785622405,11.149656617111834,LOW
240_1004,0,0.0019733135166377673,14.898347510189614,10.109649122807019,6.990999773973855,0.39466270332755293,99.60533729667245,5.5431840106405685,LOW
243_522,1,0.932701219598091,14.898347510189614,10.109649122807019,65.11146239221155,13.45975608038179,86.5402439196182,62.545265106944264,HIGH
244_467,0,0.0008217983651226158,14.898347510189614,10.109649122807019,18.223697818981883,0.1643596730245278,99.83564032697547,6.603120481808038,LOW
244_1007,0,0.0030983135166377674,14.898347510189614,10.109649122807019,7.075801820110163,0.6196627033275504,99.38033729667245,5.613539215254199,LOW
244_1230,0,2.1798365122615804e-05,14.898347510189614,10.109649122807019,6.078549035835132,0.004359673024523225,99.99564032697548,5.3446056034933624,LOW
245_766,0,0.12135202020202025,14.898347510189614,10.109649122807019,52.673233389137486,24.27040404040405,75.72959595959595,16.67723623985297,LOW
246_43,0,0.07344607777843074,14.898347510189614,10.109649122807019,47.58908498352671,14.689215555686141,85.31078444431385,13.533994565994467,LOW
246_358,1,0.9733938285091674,14.898347510189614,10.109649122807019,63.76301197682768,5.321234298166511,94.67876570183348,64.64851355551508,HIGH
246_1003,0,0.0031733135166377665,14.898347510189614,10.109649122807019,6.789704054309246,0.6346627033275487,99.36533729667245,5.589054438674108,LOW
247_358,1,0.996582622139765,14.898347510189614,10.109649122807019,61.80909117222948,0.6834755720469987,99.316524427953,65.72850512473813,HIGH
247_361,1,0.9612636739737804,14.898347510189614,10.109649122807019,61.44602888239532,7.747265205243914,92.25273479475608,63.74965674662556,HIGH
247_523,1,0.9877476190476191,14.898347510189614,10.109649122807019,68.67216944782558,2.4504761904761807,97.54952380952382,65.92888778222972,HIGH
248_366,1,0.9815365079365079,14.898347510189614,10.109649122807019,61.97163854145138,3.692698412698414,96.30730158730158,64.91722358048118,HIGH
248_398,1,0.9888934704184702,14.898347510189614,10.109649122807019,60.0124655995326,2.22130591630596,97.77869408369403,65.12593922279723,HIGH
248_404,1,0.896082554602955,14.898347510189614,10.109649122807019,58.90642815661734,20.78348907940899,79.216510920591,59.91073510865237,HIGH
249_358,1,0.9840799603174603,14.898347510189614,10.109649122807019,59.12513527091047,3.1840079365079488,96.81599206349205,64.77246313437946,HIGH
250_362,1,0.9595857426303852,14.898347510189614,10.109649122807019,59.86681225645081,8.082851473922958,91.91714852607704,63.49944886014437,HIGH
250_404,1,0.9541158966033967,14.898347510189614,10.109649122807019,56.038424545103794,9.176820679320663,90.82317932067934,62.8157685575253,HIGH
250_522,1,0.993112925170068,14.898347510189614,10.109649122807019,67.3603154466097,1.377414965986401,98.6225850340136,66.09279421884281,HIGH
250_1510,0,2.1798365122615804e-05,14.898347510189614,10.109649122807019,28.16243544635382,0.004359673024523225,99.99564032697548,7.552994244545231,LOW
251_407,1,0.9608540239953282,14.898347510189614,10.109649122807019,56.9021852342582,7.829195200934369,92.17080479906564,63.272741632996976,HIGH
251_505,1,0.9215285226705202,14.898347510189614,10.109649122807019,69.47752461032842,15.694295465895959,84.30570453410404,62.36737299773956,HIGH
251_510,1,0.9169410245364703,14.898347510189614,10.109649122807019,72.98699021515614,16.61179509270594,83.38820490729407,62.46600716084959,HIGH
252_358,1,0.9877928571428571,14.898347510189614,10.109649122807019,60.11108495309777,2.441428571428572,97.55857142857143,65.07526742799502,HIGH
252_509,1,0.9532034547152193,14.898347510189614,10.109649122807019,69.68726762020388,9.359309056956144,90.64069094304385,64.13046856118555,HIGH
252_875,0,0.0017432595523372276,14.898347510189614,10.109649122807019,13.716638756353595,0.3486519104674457,99.65134808953255,6.203094940842012,LOW
254_507,1,0.966933257157106,14.898347510189614,10.109649122807019,67.28767341122204,6.613348568578803,93.3866514314212,64.64564827459114,HIGH
256_365,1,0.9961,14.898347510189614,10.109649122807019,62.0042486577411,0.7800000000000029,99.22,65.7214766556022,HIGH
256_1265,0,2.1798365122615804e-05,14.898347510189614,10.109649122807019,5.953297455021684,0.004359673024523225,99.99564032697548,5.332080445412018,LOW
258_206,0,0.09441808191808193,14.898347510189614,10.109649122807019,54.67339271373084,18.883616383616385,81.11638361638362,15.395885566695696,LOW
258_678,0,0.0007288690721933229,14.898347510189614,10.109649122807019,12.957679852673182,0.14577381443866555,99.85422618556133,6.071407574066057,LOW
258_1217,0,0.0013955357388599895,14.898347510189614,10.109649122807019,5.770086694623838,0.2791071477719953,99.720892852228,5.389314924927788,LOW
260_357,1,0.9772920230877203,14.898347510189614,10.109649122807019,61.06466863794087,4.541595382455932,95.45840461754406,64.59307992344681,HIGH
260_358,1,0.9519036811887875,14.898347510189614,10.109649122807019,61.45028563337729,9.619263762242491,90.3807362377575,63.23528281854915,HIGH
262_507,1,0.9847492346938778,14.898347510189614,10.109649122807019,63.337926325284755,3.0501530612244476,96.94984693877555,65.23055233051986,HIGH
262_1643,0,2.1798365122615804e-05,14.898347510189614,10.109649122807019,14.260788613985085,0.004359673024523225,99.99564032697548,6.1628295613083575,LOW
263_1026,0,0.0010622024055266562,14.898347510189614,10.109649122807019,7.537057974652331,0.21244048110533598,99.78755951889467,5.547678719597305,LOW
264_864,0,0.005243259552337227,14.898347510189614,10.109649122807019,18.868360446476608,1.0486519104674463,98.95134808953256,6.910767109854314,LOW
264_1413,0,6.220240552665621e-05,14.898347510189614,10.109649122807019,9.417198673657355,0.012440481105335799,99.98755951889467,5.680692789497807,LOW
266_413,1,0.9517215449675211,14.898347510189614,10.109649122807019,58.457552148284265,9.65569100649577,90.34430899350423,62.92599197787019,HIGH
266_545,0,0.023876488119812377,14.898347510189614,10.109649122807019,37.29887271605825,4.775297623962471,95.22470237603753,9.778645908023611,LOW
267_413,1,0.9645329430982822,14.898347510189614,10.109649122807019,59.15249771821001,7.093411380343562,92.90658861965643,63.70011343205463,HIGH
267_576,1,0.0599114430682456,14.898347510189614,10.109649122807019,47.917781423917624,11.982288613649118,88.01771138635088,12.822459300973374,LOW
268_406,1,0.9199433507479473,14.898347510189614,10.109649122807019,58.20088389026547,16.01132985041054,83.98867014958947,61.15252446999175,HIGH
270_329,0,0.12124064622504521,14.898347510189614,10.109649122807019,43.163643694298415,24.248129245009043,75.75187075499096,15.720151701635436,LOW
271_508,1,0.9948079365079364,14.898347510189614,10.109649122807019,67.05877655518286,1.0384126984127162,98.96158730158729,66.1558659532829,HIGH
272_1254,0,0.004409893603217854,14.898347510189614,10.109649122807019,5.74706583855559,0.8819787206435725,99.11802127935643,5.552802521860647,LOW
273_523,1,0.9599417564347799,14.898347510189614,10.109649122807019,71.80720211292297,8.011648713044028,91.98835128695598,64.7130686050333,HIGH
273_611,0,0.19560666420954345,14.898347510189614,10.109649122807019,50.60857493870658,39.12133284190868,60.87866715809132,20.554775815223657,LOW
274_964,0,6.220240552665621e-05,14.898347510189614,10.109649122807019,6.575086264747361,0.012440481105335799,99.98755951889467,5.396481548606808,LOW
275_1336,0,2.1798365122615804e-05,14.898347510189614,10.109649122807019,9.876775097033637,0.004359673024523225,99.99564032697548,5.724428209613213,LOW
277_511,1,0.9300575536193189,14.898347510189614,10.109649122807019,73.23048324919115,13.988489276136228,86.01151072386378,63.211765563809756,HIGH
278_398,1,0.9927492485366239,14.898347510189614,10.109649122807019,60.62640967393139,1.450150292675212,98.54984970732478,65.39940142673557,HIGH
278_421,0,0.6625715520152793,14.898347510189614,10.109649122807019,58.928056369528505,67.48568959694414,32.51431040305586,47.06979278762132,MODERATE
279_381,1,0.913585364950578,14.898347510189614,10.109649122807019,68.34791191707983,17.282927009884407,82.7170729901156,61.81753805381788,HIGH
279_1125,0,0.0020217983651226157,14.898347510189614,10.109649122807019,8.543288464324474,0.4043596730245236,99.59564032697547,5.701079546342297,LOW
280_522,1,0.921705042016807,14.898347510189614,10.109649122807019,82.2892776473018,15.658991596638593,84.3410084033614,63.65825686548267,HIGH
282_49,0,0.13800208810797052,14.898347510189614,10.109649122807019,50.35848921730495,27.600417621594108,72.3995823784059,17.36151555749698,LOW
282_503,1,0.9742312352818682,14.898347510189614,10.109649122807019,70.15412865022557,5.153752943626366,94.84624705637363,65.33368259535341,HIGH
282_578,1,0.8911859082210146,14.898347510189614,10.109649122807019,71.96590595792924,21.762818355797076,78.23718164420292,60.94736733777683,HIGH
282_1317,0,0.001021798365122616,14.898347510189614,10.109649122807019,10.759362011600969,0.2043596730245234,99.79564032697547,5.867686901069947,LOW
283_447,0,0.0058312937403714165,14.898347510189614,10.109649122807019,26.221339592248754,1.166258748074278,98.83374125192572,7.678406904773409,LOW
283_522,1,0.9684201213818863,14.898347510189614,10.109649122807019,81.38685537427729,6.3159757236227465,93.68402427637726,66.13734400325957,HIGH
283_560,1,0.9145758816550161,14.898347510189614,10.109649122807019,70.86028523563662,17.084823668996773,82.91517633100322,62.12325380441765,HIGH
283_573,1,0.9735652736770385,14.898347510189614,10.109649122807019,75.2614483798833,5.286945264592302,94.7130547354077,65.80778668005355,HIGH
283_574,1,0.951297466259231,14.898347510189614,10.109649122807019,73.39537267744774,9.740506748153809,90.2594932518462,64.39644970183059,HIGH
283_575,1,0.8030531437235294,14.898347510189614,10.109649122807019,71.06569808964508,39.389371255294115,60.610628744705885,56.010044503586734,HIGH
283_1089,0,6.220240552665621e-05,14.898347510189614,10.109649122807019,8.690350841511988,0.012440481105335799,99.98755951889467,5.608008006283271,LOW
283_1342,0,2.1798365122615804e-05,14.898347510189614,10.109649122807019,11.198750545931583,0.004359673024523225,99.99564032697548,5.856625754503007,LOW
286_916,0,0.0048467983651226156,14.898347510189614,10.109649122807019,11.063127128536799,0.969359673024528,99.03064032697547,6.10843841276353,LOW
287_381,1,0.9674745086577061,14.898347510189614,10.109649122807019,64.27551378418734,6.5050982684587755,93.49490173154122,64.37420114442068,HIGH
287_575,1,0.9095131464231007,14.898347510189614,10.109649122807019,76.63824302911229,18.097370715379867,81.90262928462013,62.42259914600987,HIGH
287_915,0,0.0026706078889321395,14.898347510189614,10.109649122807019,11.239403198994683,0.5341215777864283,99.46587842221358,6.006375543618841,LOW
288_502,1,0.9855614854215919,14.898347510189614,10.109649122807019,68.17827032486299,2.8877029156816114,97.11229708431839,65.75926052050195,HIGH
289_1159,0,2.1798365122615804e-05,14.898347510189614,10.109649122807019,6.589973078257066,0.004359673024523225,99.99564032697548,5.3957480077355555,LOW
290_389,1,0.9730592025352572,14.898347510189614,10.109649122807019,63.376397619920844,5.388159492948552,94.61184050705145,64.59144769125935,HIGH
290_496,1,0.9772243381372612,14.898347510189614,10.109649122807019,60.962935209406346,4.5551323725477655,95.44486762745224,64.5791839083181,HIGH
290_497,1,0.9958462585034015,14.898347510189614,10.109649122807019,64.73318163953232,0.8307482993197057,99.16925170068029,65.98041417146842,HIGH
292_192,0,0.16308371260737003,14.898347510189614,10.109649122807019,49.21889427968946,32.61674252147401,67.38325747852599,18.627045411202403,LOW
292_534,1,0.9846765124918515,14.898347510189614,10.109649122807019,66.47040481781453,3.0646975016296985,96.9353024983703,65.5398004586614,HIGH
293_535,1,0.9538859821888214,14.898347510189614,10.109649122807019,60.830145233718014,9.222803562235725,90.77719643776427,63.282295333585076,HIGH
294_537,1,0.9929699633699635,14.898347510189614,10.109649122807019,63.197814709952226,1.406007326007308,98.59399267399269,65.66868124617132,HIGH
294_571,1,0.8960453905571558,14.898347510189614,10.109649122807019,79.69818468128265,20.790921888568835,79.20907811143117,61.98786673859994,HIGH
295_538,1,0.9911380952380953,14.898347510189614,10.109649122807019,64.8608207281881,1.7723809523809475,98.22761904761906,65.73422910074216,HIGH
295_704,0,0.002940845984170235,14.898347510189614,10.109649122807019,28.42022806839361,0.588169196834043,99.41183080316596,7.739321125796829,LOW
296_126,0,0.18722411710991832,14.898347510189614,10.109649122807019,51.9698646273429,37.44482342198366,62.55517657801634,20.229864693607905,LOW
296_534,1,0.6895419358419356,14.898347510189614,10.109649122807019,54.71777438565367,62.091612831612885,37.908387168387115,48.13213569969993,MODERATE
296_640,0,0.009239980183304434,14.898347510189614,10.109649122807019,26.884957721141767,1.8479960366608816,98.15200396333911,7.932246472024026,LOW
297_393,1,0.8930097497652418,14.898347510189614,10.109649122807019,68.24545760178795,21.39805004695163,78.60194995304838,60.675633787095194,HIGH
297_422,1,0.9683542483660131,14.898347510189614,10.109649122807019,77.46413663537253,6.3291503267973725,93.67084967320262,65.74144911349607,HIGH
297_537,1,0.9691501504447935,14.898347510189614,10.109649122807019,60.80681147927155,6.169969911041306,93.8300300889587,64.1194912122189,HIGH
298_424,1,0.965708938120703,14.898347510189614,10.109649122807019,79.01613440995014,6.858212375859396,93.1417876241406,65.75115682746178,HIGH
300_218,0,0.6347898050315699,14.898347510189614,10.109649122807019,74.82376684207925,73.04203899368602,26.95796100631398,47.13136775077238,MODERATE
300_539,1,0.9731989865561294,14.898347510189614,10.109649122807019,63.70259107482785,5.360202688774129,94.63979731122588,64.63175515789801,HIGH
301_14,0,0.016410469404228436,14.898347510189614,10.109649122807019,36.5776876037516,3.2820938808456823,96.71790611915432,9.29589636743583,LOW
301_608,1,0.9589627340682574,14.898347510189614,10.109649122807019,66.2155193218904,8.207453186348523,91.79254681365148,64.1000540957713,HIGH
301_865,0,0.021879233578311248,14.898347510189614,10.109649122807019,32.58868916703,4.375846715662246,95.62415328433775,9.197778553338225,LOW
302_513,1,0.9404491280038774,14.898347510189614,10.109649122807019,62.47709016482297,11.910174399224527,88.08982560077547,62.70796284652365,HIGH
302_539,1,0.9712682783754214,14.898347510189614,10.109649122807019,64.52485228584277,5.74634432491572,94.25365567508427,64.60779232906056,HIGH
302_874,0,0.024893043102120774,14.898347510189614,10.109649122807019,27.660035673599616,4.978608620424152,95.02139137957585,8.87067272780471,LOW
302_1466,0,6.220240552665621e-05,14.898347510189614,10.109649122807019,11.942950492507503,0.012440481105335799,99.98755951889467,5.933267971382822,LOW
304_429,1,0.8360817541935189,14.898347510189614,10.109649122807019,78.92972421628515,32.78364916129621,67.21635083870379,58.61302069210016,HIGH
304_563,1,0.9842318877204423,14.898347510189614,10.109649122807019,68.66544232902307,3.153622455911531,96.84637754408847,65.73484984735475,HIGH
305_463,1,0.9583711603429252,14.898347510189614,10.109649122807019,70.5776002273793,8.325767931414951,91.67423206858504,64.50372563142693,HIGH
306_907,0,0.0010217983651226157,14.898347510189614,10.109649122807019,12.103460691492826,0.2043596730245234,99.79564032697547,6.002096769059133,LOW
308_510,1,0.995377435064935,14.898347510189614,10.109649122807019,60.27760474551837,0.9245129870129931,99.07548701298701,65.50907119295137,HIGH
311_430,1,0.9055127287744934,14.898347510189614,10.109649122807019,76.45635784400481,18.89745424510132,81.10254575489869,62.18438765682573,HIGH
311_595,1,0.9450576460056476,14.898347510189614,10.109649122807019,60.9885506673203,10.988470798870487,89.01152920112952,62.81257738687075,HIGH
312_430,1,0.9585106446626419,14.898347510189614,10.109649122807019,75.03279882915697,8.297871067471618,91.70212893252838,64.95691712918911,HIGH
312_903,0,0.0009250777341554095,14.898347510189614,10.109649122807019,12.282604294055673,0.1850155468310799,99.81498445316892,6.0146914946122205,LOW
313_1582,0,0.0030448468539245295,14.898347510189614,10.109649122807019,23.322754596127496,0.6089693707849064,99.3910306292151,7.235293826406704,LOW
314_442,1,0.9882483268983269,14.898347510189614,10.109649122807019,65.87976541278195,2.3503346203346265,97.64966537966538,65.67718631051427,HIGH
314_1575,0,0.002889125482449733,14.898347510189614,10.109649122807019,29.51548309699091,0.5778250964899478,99.42217490351005,7.846002001061932,LOW
315_269,0,0.5998713565366959,14.898347510189614,10.109649122807019,53.902353514154434,80.02572869266082,19.97427130733918,43.11871175076182,MODERATE
315_467,1,0.906276990068755,14.898347510189614,10.109649122807019,73.28623953348516,18.74460198624901,81.25539801375099,61.90941019695815,HIGH
315_505,1,0.9940257936507938,14.898347510189614,10.109649122807019,62.196080357948894,1.1948412698412403,98.80515873015877,65.62657847641665,HIGH
315_1482,0,0.0004622024055266562,14.898347510189614,10.109649122807019,18.818601138719156,0.09244048110532699,99.90755951889467,6.642833036003988,LOW
316_50,0,0.5113534633188022,14.898347510189614,10.109649122807019,58.64411483275437,97.72930733623957,2.2706926637604283,38.72440375563766,MODERATE
316_298,0,0.528459966236175,14.898347510189614,10.109649122807019,61.34695388878516,94.30800675276501,5.69199324723499,39.93554532169624,MODERATE
317_380,1,0.9251392544492547,14.898347510189614,10.109649122807019,74.48320509325515,14.972149110149058,85.02785088985094,63.06653129386264,HIGH
317_593,1,0.9103067787639222,14.898347510189614,10.109649122807019,61.95113993309741,17.938644247215564,82.06135575278444,60.99753861515357,HIGH
318_526,0,0.8061313212930865,14.898347510189614,10.109649122807019,75.54658294665558,38.773735741382694,61.226264258617306,56.62743275561342,HIGH
318_584,1,0.9722904761904761,14.898347510189614,10.109649122807019,61.99205931649831,5.54190476190477,94.45809523809523,64.41073391195413,HIGH
318_593,1,0.9038558551018308,14.898347510189614,10.109649122807019,60.22701738438442,19.22882897963385,80.77117102036615,60.47032555886724,HIGH
320_406,1,0.9989642857142857,14.898347510189614,10.109649122807019,69.3032890374556,0.2071428571428502,99.79285714285714,66.60891640785937,HIGH
320_590,1,0.9929029761904761,14.898347510189614,10.109649122807019,58.32824707706862,1.4194047619047856,98.58059523809521,65.17804018801115,HIGH
321_1016,0,6.220240552665621e-05,14.898347510189614,10.109649122807019,6.737887828010377,0.012440481105335799,99.98755951889467,5.412761704933109,LOW
323_558,1,0.9872716265646498,14.898347510189614,10.109649122807019,71.53358107919419,2.545674687070032,97.45432531292997,66.18884935880327,HIGH
323_585,1,0.9961333333333333,14.898347510189614,10.109649122807019,60.79857480946045,0.773333333333337,99.22666666666666,65.60274260410748,HIGH
324_579,1,0.9897261904761905,14.898347510189614,10.109649122807019,61.88635504664837,2.0547619047619037,97.9452380952381,65.35912777068341,HIGH
325_476,1,0.9517067039631147,14.898347510189614,10.109649122807019,63.58491881615331,9.658659207377053,90.34134079262294,63.43791238941475,HIGH
328_603,1,0.9131435193054438,14.898347510189614,10.109649122807019,60.10032838402828,17.37129613891124,82.62870386108875,60.96847819003034,HIGH
328_1011,0,0.007559893603217853,14.898347510189614,10.109649122807019,6.567190756518249,1.5119787206435698,98.48802127935643,5.808065013656913,LOW
330_410,1,0.6611975117905353,14.898347510189614,10.109649122807019,57.170163269559325,67.76049764189294,32.23950235810706,46.81843126526348,MODERATE
330_497,1,0.9918833333333332,14.898347510189614,10.109649122807019,60.098860388298235,1.6233333333333544,98.37666666666665,65.29902116199126,HIGH
331_361,1,0.9970557823129251,14.898347510189614,10.109649122807019,64.54885629086786,0.5888435374149736,99.41115646258503,66.02850544612578,HIGH
331_600,1,0.9120028266134598,14.898347510189614,10.109649122807019,64.98490591573342,17.599434677308047,82.40056532269196,61.39419784514174,HIGH
331_1374,0,0.04756046176046176,14.898347510189614,10.109649122807019,42.48020945099731,9.512092352092349,90.48790764790765,11.599398131753233,LOW
332_495,1,0.8469123967083725,14.898347510189614,10.109649122807019,59.87678587534041,30.617520658325503,69.3824793416745,57.30341219632263,HIGH
332_535,1,0.8859106060606061,14.898347510189614,10.109649122807019,79.95154500100318,22.817878787878776,77.18212121212122,61.455789623261765,HIGH
333_646,0,0.050401919370779646,14.898347510189614,10.109649122807019,44.4832485891642,10.08038387415593,89.91961612584407,11.955982214137407,LOW
334_359,1,0.9868896222318714,14.898347510189614,10.109649122807019,63.237770208680764,2.6220755536257245,97.37792444637428,65.3382580334491,HIGH
334_406,1,0.9578325863678805,14.898347510189614,10.109649122807019,69.72075031556591,8.433482726423902,91.5665172735761,64.38841907161812,HIGH
334_536,1,0.9778497831303066,14.898347510189614,10.109649122807019,72.4257861624059,4.430043373938686,95.56995662606131,65.75986847823555,HIGH
334_764,0,0.002155131698455949,14.898347510189614,10.109649122807019,20.572276495338045,0.4310263396911873,99.56897366030881,6.911311682776987,LOW
335_896,0,0.0032932269365511875,14.898347510189614,10.109649122807019,10.200515923203648,0.6586453873102416,99.34135461268976,5.936730863658785,LOW
336_399,1,0.8654599343185548,14.898347510189614,10.109649122807019,70.77862017513333,26.908013136289032,73.09198686371097,59.41371019486195,HIGH
337_398,1,0.9214503603308836,14.898347510189614,10.109649122807019,67.45579477640632,15.709927933823288,84.29007206617672,62.16090108566734,HIGH
337_820,0,0.0010622024055266562,14.898347510189614,10.109649122807019,11.950620412817287,0.21244048110533598,99.78755951889467,5.9890349634138005,LOW
338_294,0,0.616845311013591,14.898347510189614,10.109649122807019,62.22437958920389,76.6309377972818,23.369062202718197,44.884481854495995,MODERATE
338_466,1,0.9398256235827664,14.898347510189614,10.109649122807019,59.29528191196677,12.034875283446711,87.96512471655329,62.35548927807693,HIGH
338_513,1,0.8762137821988886,14.898347510189614,10.109649122807019,62.813632535344425,24.757243560222285,75.24275643977771,59.20867306430142,HIGH
338_924,0,0.0027995761429003927,14.898347510189614,10.109649122807019,7.76049454755677,0.5599152285800768,99.44008477141992,5.665577932443304,LOW
338_1072,0,0.003913465031789283,14.898347510189614,10.109649122807019,11.532711610893264,0.7826930063578597,99.21730699364214,6.104063527665842,LOW
338_1406,0,0.27796417748917757,14.898347510189614,10.109649122807019,57.243628871178075,55.592835497835516,44.407164502164484,25.74794443885068,MODERATE
338_1654,0,0.01424374308706734,14.898347510189614,10.109649122807019,41.80261903514755,2.8487486174134657,97.15125138258654,9.699219563131564,LOW
339_465,1,0.9652554252625681,14.898347510189614,10.109649122807019,61.763048131027496,6.948914947486373,93.05108505251363,64.0009049923721,HIGH
339_466,1,0.9797985673057102,14.898347510189614,10.109649122807019,61.70152744389712,4.040286538857951,95.95971346114204,64.79462573603188,HIGH
339_467,1,0.9925952380952381,14.898347510189614,10.109649122807019,60.994815551409786,1.4809523809523828,98.51904761904761,65.42777144020718,HIGH
339_490,1,0.976298446113785,14.898347510189614,10.109649122807019,58.93191807204116,4.740310777242995,95.259689222757,64.3251581332904,HIGH
339_491,1,0.9865330447330446,14.898347510189614,10.109649122807019,60.725283245052985,2.693391053391081,97.30660894660892,65.06739757465085,HIGH
340_465,1,0.9350853397924822,14.898347510189614,10.109649122807019,62.06449709515203,12.98293204150356,87.01706795849644,62.37169518792984,HIGH
341_486,1,0.992222619047619,14.898347510189614,10.109649122807019,60.35767986493963,1.5554761904762016,98.4445238095238,65.34356382394111,HIGH
342_465,1,0.8126013139200411,14.898347510189614,10.109649122807019,57.47642798797929,37.47973721599178,62.52026278400822,55.17626685422829,HIGH
342_468,1,0.9432338399189463,14.898347510189614,10.109649122807019,59.1431532285274,11.353232016210747,88.64676798378926,62.52772830822289,HIGH
343_359,1,0.9144244439290868,14.898347510189614,10.109649122807019,61.42773698440907,17.115111214182633,82.88488878581737,61.17166990436879,HIGH
345_474,1,0.9655630472701899,14.898347510189614,10.109649122807019,60.31846459956337,6.887390545962013,93.112609454038,63.873365849644884,HIGH
346_836,0,0.0006884650317892824,14.898347510189614,10.109649122807019,9.963004211868535,0.13769300635785298,99.86230699364215,5.769717787763369,LOW
348_1302,0,0.0005622024055266562,14.898347510189614,10.109649122807019,8.107477351316826,0.11244048110533589,99.88755951889466,5.577220657263754,LOW
350_510,1,0.9357853517276015,14.898347510189614,10.109649122807019,61.28042320094635,12.842929654479708,87.1570703455203,62.33178845494082,HIGH
350_606,1,0.99317934662237,14.898347510189614,10.109649122807019,73.36876893016293,1.3641306755260096,98.63586932447399,66.69729274707474,HIGH
351_413,1,0.9899768398268397,14.898347510189614,10.109649122807019,65.12934184488675,2.004632034632059,97.99536796536795,65.69721216479297,HIGH
351_482,1,0.9374376847902283,14.898347510189614,10.109649122807019,61.97308877430024,12.512463041954348,87.48753695804565,62.491933330720684,HIGH
351_510,1,0.9705715324672299,14.898347510189614,10.109649122807019,60.27106718822098,5.885693506554013,94.11430649344598,64.14409279434786,HIGH
353_512,1,0.9536694160651139,14.898347510189614,10.109649122807019,62.46665533978813,9.266116786977218,90.73388321302278,63.43403520738818,HIGH
355_106,0,0.037802051204071103,14.898347510189614,10.109649122807019,42.55723961386572,7.560410240814219,92.43958975918578,11.070388567438588,LOW
355_852,0,0.001021798365122616,14.898347510189614,10.109649122807019,8.954135685560535,0.2043596730245234,99.79564032697547,5.687164268465903,LOW
356_608,0,0.4653155844155846,14.898347510189614,10.109649122807019,75.42330264619795,93.06311688311692,6.936883116883081,37.870239197305054,MODERATE
358_530,1,0.9262548853486127,14.898347510189614,10.109649122807019,67.37736989032398,14.749022930277466,85.25097706972254,62.4173074730342,HIGH
358_1363,0,0.004244284729981863,14.898347510189614,10.109649122807019,24.772180065035222,0.848856945996368,99.15114305400363,7.44620545648063,LOW
360_264,0,0.5113533686619894,14.898347510189614,10.109649122807019,72.76521091542342,97.72932626760212,2.2706737323978814,40.136508157779865,MODERATE
360_519,0,0.8926428142779207,14.898347510189614,10.109649122807019,59.65399072051532,21.471437144415862,78.52856285558414,59.796305647165276,HIGH
360_1070,0,0.022280312073636323,14.898347510189614,10.109649122807019,30.36769940834588,4.456062414727269,95.54393758527273,8.997738894712692,LOW
363_189,0,0.15742800214855154,14.898347510189614,10.109649122807019,47.80641394648033,31.485600429710313,68.51439957028968,18.174733302646477,LOW
363_966,0,0.002221798365122616,14.898347510189614,10.109649122807019,5.560405379772816,0.4443596730245192,99.55564032697548,5.413791237887131,LOW
364_545,0,0.7484782188399836,14.898347510189614,10.109649122807019,85.75323846997473,50.304356232003286,49.695643767996714,54.47717767302467,HIGH
367_468,1,0.06726950727867645,14.898347510189614,10.109649122807019,47.88463956877659,13.453901455735284,86.54609854426471,13.22383864703297,LOW
368_367,1,0.9950622222222223,14.898347510189614,10.109649122807019,72.07325179602101,0.9875555555555415,99.01244444444445,66.67129919165242,HIGH
368_829,0,6.220240552665621e-05,14.898347510189614,10.109649122807019,7.834069946093367,0.012440481105335799,99.98755951889467,5.522379916741408,LOW
369_539,1,0.9612759655377305,14.898347510189614,10.109649122807019,75.32086404557666,7.744806892453893,92.2551931075461,65.13781629896094,HIGH
370_476,0,0.157538771470018,14.898347510189614,10.109649122807019,45.15187528236431,31.507754294003597,68.4922457059964,17.91537174891553,LOW
372_119,0,0.03464437153214485,14.898347510189614,10.109649122807019,40.131178188146414,6.928874306428967,93.07112569357103,10.654110042910713,LOW
372_368,1,0.9786853535353536,14.898347510189614,10.109649122807019,76.4872615519484,4.262929292929285,95.73707070707071,66.21197238946739,HIGH
373_448,1,0.8864971058971061,14.898347510189614,10.109649122807019,59.12705743659603,22.700578820578787,77.29942117942122,59.40559835782854,HIGH
373_717,0,0.0026884650317892823,14.898347510189614,10.109649122807019,9.697385198347039,0.5376930063578533,99.46230699364214,5.85315588641122,LOW
376_613,1,0.9450858044733045,14.898347510189614,10.109649122807019,64.06720540361948,10.982839105339103,89.01716089466089,63.1219915762218,HIGH
376_614,1,0.983265003052503,14.898347510189614,10.109649122807019,63.66548178713233,3.3469993894994055,96.6530006105006,65.181675136429,HIGH
377_494,1,0.8505763748183722,14.898347510189614,10.109649122807019,81.44055542833473,29.884725036325555,70.11527496367444,59.66130794767204,HIGH
377_504,1,0.9399769094544529,14.898347510189614,10.109649122807019,67.54313680885248,12.004618109109423,87.99538189089057,63.18859549070826,HIGH
379_464,1,0.9913277777777778,14.898347510189614,10.109649122807019,65.75435239115427,1.7344444444444385,98.26555555555557,65.83401480672131,HIGH
381_395,1,0.938739660024766,14.898347510189614,10.109649122807019,69.24228378769021,12.25206799504679,87.74793200495321,63.29046146995926,HIGH
381_468,1,0.9963905982905983,14.898347510189614,10.109649122807019,66.52558276902202,0.7218803418803432,99.27811965811966,66.18959297271321,HIGH
382_638,0,0.006472356542303785,14.898347510189614,10.109649122807019,31.734201079354875,1.294471308460754,98.70552869153924,8.264951507590302,LOW
383_922,0,2.1798365122615804e-05,14.898347510189614,10.109649122807019,5.867891656433961,0.004359673024523225,99.99564032697548,5.323539865553245,LOW
384_469,1,0.9475346335697401,14.898347510189614,10.109649122807019,64.3852549716275,10.49307328605198,89.50692671394802,63.28848213332655,HIGH
384_549,0,0.07452494531889713,14.898347510189614,10.109649122807019,45.319843375568816,14.904989063779428,85.09501093622058,13.36640811992433,LOW
384_1393,0,0.015066666666666667,14.898347510189614,10.109649122807019,43.31604226156268,3.0133333333333345,96.98666666666666,9.89582268265104,LOW
386_469,1,0.9940729933580997,14.898347510189614,10.109649122807019,66.03869864284768,1.1854013283800535,98.81459867161995,66.01343628880835,HIGH
386_471,1,0.9947126126126126,14.898347510189614,10.109649122807019,65.64448986636124,1.0574774774774864,98.94252252252251,66.00919447015792,HIGH
386_685,0,0.003288465031789282,14.898347510189614,10.109649122807019,17.12642559677924,0.6576930063578512,99.34230699364215,6.62905992625444,LOW
388_927,0,0.0012134650317892825,14.898347510189614,10.109649122807019,5.624577312668519,0.24269300635785251,99.75730699364215,5.364750097843368,LOW
391_315,0,0.14040238095238092,14.898347510189614,10.109649122807019,50.588471061690484,28.080476190476176,71.91952380952382,17.516529848378106,LOW
391_522,1,0.9644786172161176,14.898347510189614,10.109649122807019,67.4489216559282,7.104276556776479,92.89572344322352,64.5267679023074,HIGH
393_437,1,0.9842256235827663,14.898347510189614,10.109649122807019,60.687419619640934,3.154875283446734,96.84512471655327,64.93670304884435,HIGH
394_671,0,0.035897076681577406,14.898347510189614,10.109649122807019,32.10374801412368,7.179415336315476,92.82058466368453,9.920265808727232,LOW
394_1262,0,0.00707656026988452,14.898347510189614,10.109649122807019,8.187088924929798,1.4153120539769026,98.5846879460231,5.943471497164734,LOW
394_1503,0,0.028038888888888884,14.898347510189614,10.109649122807019,48.745189819372875,5.607777777777779,94.39222222222222,11.152209660654282,LOW
395_1491,0,6.220240552665621e-05,14.898347510189614,10.109649122807019,22.66472537317418,0.012440481105335799,99.98755951889467,7.00544545944949,LOW
396_198,0,0.021693198502276172,14.898347510189614,10.109649122807019,40.11005551988798,4.3386397004552375,95.66136029954477,9.939683259442093,LOW
396_1282,0,0.003055131698455949,14.898347510189614,10.109649122807019,8.664031011343138,0.6110263396911897,99.3889736603088,5.769987134377496,LOW
396_1560,0,0.033227209620533875,14.898347510189614,10.109649122807019,55.60355514071035,6.645441924106777,93.35455807589322,12.123403833028505,LOW
397_969,0,0.0018134650317892826,14.898347510189614,10.109649122807019,5.387667592224489,0.3626930063578615,99.63730699364214,5.374059125798965,LOW
398_366,1,0.9696499815430049,14.898347510189614,10.109649122807019,74.48780318352125,6.0700036913990285,93.92999630860098,65.5150810930455,HIGH
398_393,0,0.5222474451904688,14.898347510189614,10.109649122807019,63.72463774787005,95.55051096190623,4.449489038093773,39.8316250500909,MODERATE
398_514,1,0.9746569902319903,14.898347510189614,10.109649122807019,61.94614942253551,5.068601953601948,94.93139804639806,64.53630119484112,HIGH
398_612,0,0.1291596808420338,14.898347510189614,10.109649122807019,52.090500765915195,25.831936168406756,74.16806383159324,17.048384312731486,LOW
398_636,0,0.1797190570299267,14.898347510189614,10.109649122807019,49.88395099191349,35.943811405985336,64.05618859401466,19.608495025665423,LOW
398_724,0,0.0027884650317892825,14.898347510189614,10.109649122807019,9.593906865333777,0.5576930063578511,99.44230699364215,5.848308053109894,LOW
399_176,0,0.19781314404549685,14.898347510189614,10.109649122807019,59.152337592651726,39.56262880909938,60.43737119090062,21.530508471595606,LOW
399_549,1,0.9145399267399272,14.898347510189614,10.109649122807019,65.98334620095174,17.092014652014555,82.90798534798544,61.63358238061927,HIGH
400_148,0,0.6996757908757913,14.898347510189614,10.109649122807019,61.141064045421004,60.06484182484173,39.93515817515827,49.331826692538726,MODERATE
404_506,1,0.8026797389406084,14.898347510189614,10.109649122807019,64.82202641587314,39.46405221187832,60.53594778812168,55.36514007314888,HIGH
405_401,1,0.8950329541259777,14.898347510189614,10.109649122807019,67.17024092012875,20.993409174804455,79.00659082519554,60.67938835876976,HIGH
406_394,0,0.6975130686916434,14.898347510189614,10.109649122807019,65.3403550382616,60.497386261671316,39.502613738328684,49.63280607169465,MODERATE
406_456,0,0.9268661811887878,14.898347510189614,10.109649122807019,66.52784154137636,14.626763762242433,85.37323623775757,62.365975909349075,HIGH
406_513,1,0.9804149350649355,14.898347510189614,10.109649122807019,62.74163981312753,3.9170129870129022,96.0829870129871,64.9325371997123,HIGH
407_527,1,0.989468253968254,14.898347510189614,10.109649122807019,69.00066947129224,2.1063492063492006,97.8936507936508,66.0563727052113,HIGH
407_1330,0,6.220240552665621e-05,14.898347510189614,10.109649122807019,9.040433682343599,0.012440481105335799,99.98755951889467,5.643016290366432,LOW
408_650,1,0.7694379055230121,14.898347510189614,10.109649122807019,52.394253278994285,46.11241889539759,53.88758110460241,52.294061921493196,HIGH
409_488,1,0.9823366337796573,14.898347510189614,10.109649122807019,69.96832400593411,3.5326732440685404,96.46732675593145,65.76089904830268,HIGH
409_509,1,0.9644715284715286,14.898347510189614,10.109649122807019,62.666796610681445,7.105694305694277,92.89430569430573,64.04816551683032,HIGH
409_663,1,0.9178297313797312,14.898347510189614,10.109649122807019,56.94391515144609,16.434053724053754,83.56594627594625,60.910578530857926,HIGH
410_480,1,0.9186420550038201,14.898347510189614,10.109649122807019,72.89061994269314,16.271588999235973,83.72841100076403,62.54992680930752,HIGH
410_491,1,0.9351501438806678,14.898347510189614,10.109649122807019,66.08582357537215,12.96997122386645,87.03002877613355,62.77739206080204,HIGH
410_662,1,0.9098061660561663,14.898347510189614,10.109649122807019,57.769055834457696,18.038766788766747,81.96123321123325,60.55179650636301,HIGH
410_712,0,0.0025217983651226157,14.898347510189614,10.109649122807019,12.048320793498632,0.5043596730245237,99.49564032697548,6.079082779259712,LOW
411_386,1,0.939573860817588,14.898347510189614,10.109649122807019,62.51547522067803,12.085227836482403,87.9147721635176,62.66366165686325,HIGH
412_399,1,0.941414677757958,14.898347510189614,10.109649122807019,64.53482768608427,11.71706444840841,88.28293555159159,62.96684183512423,HIGH
412_530,1,0.6059922448352686,14.898347510189614,10.109649122807019,63.77188405487642,78.80155103294628,21.19844896705372,44.44231366125552,MODERATE
412_660,1,0.7799751083404473,14.898347510189614,10.109649122807019,55.93799664835103,44.00497833191055,55.99502166808945,53.22798241338781,HIGH
413_231,0,0.03449648358328609,14.898347510189614,10.109649122807019,51.13062178516253,6.899296716657222,93.10070328334278,11.745920565425095,LOW
413_476,1,0.90737091503268,14.898347510189614,10.109649122807019,79.08381564405057,18.525816993464005,81.474183006536,62.54933368103056,HIGH
413_656,1,0.8911963980463978,14.898347510189614,10.109649122807019,58.15033416499262,21.760720390720433,78.23927960927956,59.56638709887925,HIGH
413_847,0,6.220240552665621e-05,14.898347510189614,10.109649122807019,6.690753851436856,0.012440481105335799,99.98755951889467,5.408048307275758,LOW
414_365,1,0.9627665109567437,14.898347510189614,10.109649122807019,66.13045218874039,7.446697808651259,92.55330219134873,64.30075511132304,HIGH
414_425,1,0.9853988095238096,14.898347510189614,10.109649122807019,63.64410334287501,2.92023809523807,97.07976190476192,65.29689664792514,HIGH
415_392,1,0.9864543425644489,14.898347510189614,10.109649122807019,66.28202824686427,2.709131487110228,97.29086851288977,65.61874345555923,HIGH
416_384,1,0.9596771250842677,14.898347510189614,10.109649122807019,62.60987590700064,8.064574983146455,91.93542501685354,63.77878126016289,HIGH
418_645,1,0.8449511599511602,14.898347510189614,10.109649122807019,59.333992175202454,31.009768009767956,68.99023199023205,57.141264804662164,HIGH
419_394,1,0.9764887605042016,14.898347510189614,10.109649122807019,66.0025752189387,4.702247899159673,95.29775210084033,65.04269113945305,HIGH
419_1157,0,0.003740052333376584,14.898347510189614,10.109649122807019,9.048302316103591,0.7480104666753196,99.25198953332468,5.846084899774176,LOW
420_476,0,0.06222532125874672,14.898347510189614,10.109649122807019,48.570835907368945,12.445064251749338,87.55493574825066,13.01502804979607,LOW
422_365,1,0.9797979974160207,14.898347510189614,10.109649122807019,66.89747909524213,4.040400516795861,95.95959948320414,65.31418955723345,HIGH
424_174,0,0.7264452494411777,14.898347510189614,10.109649122807019,64.69669536335329,54.710950111764454,45.289049888235546,51.15971004542821,HIGH
424_402,1,0.9548932314533378,14.898347510189614,10.109649122807019,73.37518377225291,9.021353709332436,90.97864629066757,64.59219789698697,HIGH
425_362,1,0.8973909003464239,14.898347510189614,10.109649122807019,68.32180452973715,20.521819930715225,79.47818006928478,60.92423176185513,HIGH
425_396,1,0.5739506882006883,14.898347510189614,10.109649122807019,74.91636430554635,85.20986235986234,14.790137640137658,43.7944760714206,MODERATE
425_431,1,0.9297824899574902,14.898347510189614,10.109649122807019,62.227648012339486,14.043502008501951,85.95649799149805,62.09635353872402,HIGH
426_225,0,0.04041683641885633,14.898347510189614,10.109649122807019,36.476154758947764,8.08336728377127,91.91663271622873,10.606093268759981,LOW
426_461,1,0.9787394159900491,14.898347510189614,10.109649122807019,67.85033807119846,4.25211680199018,95.74788319800982,65.35125347640066,HIGH
426_780,0,0.005621798365122615,14.898347510189614,10.109649122807019,6.38981000031405,1.124359673024522,98.87564032697547,5.683731699941255,LOW
427_810,0,0.0013955357388599895,14.898347510189614,10.109649122807019,6.82977820768462,0.2791071477719953,99.720892852228,5.495284076233867,LOW
427_1149,0,6.220240552665621e-05,14.898347510189614,10.109649122807019,8.343117708294985,0.012440481105335799,99.98755951889467,5.57328469296157,LOW
428_451,1,0.988978013993353,14.898347510189614,10.109649122807019,62.72984413210646,2.204397201329411,97.79560279867059,65.40232697267317,HIGH
428_454,1,0.9358014942952212,14.898347510189614,10.109649122807019,62.058915290007064,12.83970114095576,87.16029885904425,62.410525505065976,HIGH
429_1090,0,2.1798365122615804e-05,14.898347510189614,10.109649122807019,15.936554684543305,0.004359673024523225,99.99564032697548,6.3304061683641795,LOW
430_437,1,0.860498456944433,14.898347510189614,10.109649122807019,60.60868149679752,27.90030861111339,72.09969138888661,58.12383507145168,HIGH
431_493,1,0.9674848458734008,14.898347510189614,10.109649122807019,64.62738297402406,6.503030825319844,93.49696917468016,64.40995661026756,HIGH
431_668,1,0.6687956685450929,14.898347510189614,10.109649122807019,57.02450807036339,66.24086629098143,33.75913370901857,47.22176436684455,MODERATE
435_1590,0,0.11688333333333335,14.898347510189614,10.109649122807019,57.92859269946836,23.37666666666667,76.62333333333333,16.956994393108275,LOW
437_491,1,0.9716939984399746,14.898347510189614,10.109649122807019,62.727802928259614,5.661200312005077,94.33879968799492,64.45150199685267,HIGH
441_401,0,0.6312118665648082,14.898347510189614,10.109649122807019,74.34136101247766,73.75762668703835,26.242373312961647,46.886340552140325,MODERATE
443_1108,0,2.1798365122615804e-05,14.898347510189614,10.109649122807019,9.107974027405161,0.004359673024523225,99.99564032697548,5.647548102650365,LOW
445_369,1,0.9793624999999999,14.898347510189614,10.109649122807019,63.10358857617031,4.127500000000017,95.87249999999999,64.91084814744512,HIGH
445_447,1,0.9080366385092449,14.898347510189614,10.109649122807019,55.974260874346825,18.392672298151027,81.60732770184897,60.274992995271255,HIGH
446_347,1,0.8587774170274173,14.898347510189614,10.109649122807019,65.12082702202319,28.244516594516544,71.75548340548346,58.48039242853837,HIGH
446_365,1,0.9490832806672522,14.898347510189614,10.109649122807019,63.508925162883735,10.183343866549555,89.81665613345045,63.28602474281536,HIGH
447_1052,0,0.004105131698455949,14.898347510189614,10.109649122807019,11.296688501314014,0.8210263396911888,99.17897366030881,6.091002883374584,LOW
448_373,1,0.9487420409771478,14.898347510189614,10.109649122807019,64.15349991166244,10.251591804570449,89.74840819542955,63.33171403473748,HIGH
448_377,1,0.9812937743966134,14.898347510189614,10.109649122807019,62.696646869708836,3.741245120677328,96.25875487932267,64.97637406861273,HIGH
448_400,1,0.9637218614718619,14.898347510189614,10.109649122807019,76.6185337538131,7.255627705627621,92.74437229437238,65.40210754616182,HIGH
449_361,1,0.9441066389222688,14.898347510189614,10.109649122807019,63.128109700214175,11.178672215546248,88.82132778445376,62.9742279005743,HIGH
449_400,1,0.9575456709956713,14.898347510189614,10.109649122807019,76.08126587419875,8.490865800865732,91.50913419913427,65.0086902820099,HIGH
449_1054,0,0.0013955357388599895,14.898347510189614,10.109649122807019,11.877691943378867,0.2791071477719953,99.720892852228,6.000075449803291,LOW
450_489,1,0.8378530943890174,14.898347510189614,10.109649122807019,55.93526920211348,32.42938112219651,67.5706188778035,56.41099890143541,HIGH
450_532,0,0.0313834960876899,14.898347510189614,10.109649122807019,44.75950890205408,6.276699217537985,93.72330078246202,10.937594964856459,LOW
450_1086,0,0.0006884650317892824,14.898347510189614,10.109649122807019,20.40182156670754,0.13769300635785298,99.86230699364215,6.8135995232472695,LOW
451_746,0,0.0024884650317892826,14.898347510189614,10.109649122807019,7.8420321579142165,0.49769300635785774,99.50230699364214,5.656620582367938,LOW
452_484,1,0.9657817515817516,14.898347510189614,10.109649122807019,57.94142924143515,6.843649683649677,93.15635031635033,63.64769105096796,HIGH
452_495,1,0.9613717948717949,14.898347510189614,10.109649122807019,57.348655220691604,7.725641025641017,92.27435897435899,63.34586602984599,HIGH
452_529,0,0.017371458125651936,14.898347510189614,10.109649122807019,36.40685015453047,3.474291625130388,96.52570837486961,9.33166700219201,LOW
452_784,0,2.1798365122615804e-05,14.898347510189614,10.109649122807019,7.934689603689386,0.004359673024523225,99.99564032697548,5.530219660278788,LOW
453_391,1,0.9735053927984161,14.898347510189614,10.109649122807019,68.70339416091824,5.298921440316784,94.70107855968321,65.14868780983281,HIGH
453_400,1,0.9000757730717377,14.898347510189614,10.109649122807019,70.81676266944548,19.984845385652463,80.01515461434754,61.32139557571823,HIGH
453_407,1,0.882109595540119,14.898347510189614,10.109649122807019,67.113335947026,23.578080891976192,76.42191910802381,59.96291313923726,HIGH
453_408,1,0.9719458874458877,14.898347510189614,10.109649122807019,72.67510827779662,5.610822510822455,94.38917748917754,65.4600864271316,HIGH
453_411,1,0.9736316017316019,14.898347510189614,10.109649122807019,70.94494855437135,5.273679653679619,94.72632034632038,65.37978474050335,HIGH
453_1353,0,0.0026884650317892827,14.898347510189614,10.109649122807019,8.214615424838858,0.5376930063578533,99.46230699364214,5.704878909060402,LOW
454_496,1,0.947336784049284,14.898347510189614,10.109649122807019,56.33675321972858,10.532643190143197,89.4673568098568,62.47275023451159,HIGH
455_445,1,0.9407807944307945,14.898347510189614,10.109649122807019,60.50645921224641,11.84384111384109,88.1561588861589,62.52914140474644,HIGH
456_342,0,0.8560244201397593,14.898347510189614,10.109649122807019,66.91572267633336,28.795115972048137,71.20488402795186,58.508467165148204,HIGH
457_503,0,0.11615972663314245,14.898347510189614,10.109649122807019,39.90031241500676,23.23194532662849,76.76805467337151,15.114367996151618,LOW
457_1000,0,2.1798365122615804e-05,14.898347510189614,10.109649122807019,6.554441151404723,0.004359673024523225,99.99564032697548,5.392194815050321,LOW
458_197,0,0.126801781495004,14.898347510189614,10.109649122807019,53.02536860553595,25.3603562990008,74.6396437009992,17.012186632606923,LOW
458_494,1,0.9505420283038281,14.898347510189614,10.109649122807019,59.489024662638144,9.891594339234388,90.10840566076561,62.96426581280246,HIGH
458_665,1,0.15541977769319357,14.898347510189614,10.109649122807019,39.72960720602047,31.08395553863872,68.91604446136128,17.2566002835558,LOW
459_415,1,0.9454656561461798,14.898347510189614,10.109649122807019,71.51359898792252,10.906868770764033,89.09313122923596,63.88752277666025,HIGH
459_447,1,0.9558816738816739,14.898347510189614,10.109649122807019,60.19040118790889,8.823665223665223,91.17633477633478,63.32808397211106,HIGH
459_669,1,0.07602205917847804,14.898347510189614,10.109649122807019,33.593184492996045,15.204411835695609,84.79558816430439,12.276083493944004,LOW
459_1218,0,0.0025749119182361694,14.898347510189614,10.109649122807019,25.954785997623542,0.5149823836472334,99.48501761635276,7.472650545093449,LOW
460_1285,0,6.220240552665621e-05,14.898347510189614,10.109649122807019,9.976024023910156,0.012440481105335799,99.98755951889467,5.736575324523088,LOW
463_1201,0,0.010050369793694046,14.898347510189614,10.109649122807019,30.404280965608542,2.0100739587388117,97.98992604126119,8.328750225042132,LOW
464_214,0,0.4776560837005739,14.898347510189614,10.109649122807019,60.63658938589456,95.53121674011477,4.468783259885228,37.070295331949126,MODERATE
464_647,0,0.7796880634731701,14.898347510189614,10.109649122807019,57.331264787085104,44.06238730536598,55.93761269463402,53.351521759560974,HIGH
466_1167,0,0.0006884650317892824,14.898347510189614,10.109649122807019,11.434603518017212,0.13769300635785298,99.86230699364215,5.916877718378237,LOW
467_337,1,0.8523422159539807,14.898347510189614,10.109649122807019,84.60879612177864,29.531556809203853,70.46844319079615,60.07525327947491,HIGH
468_344,1,0.8399647420067392,14.898347510189614,10.109649122807019,78.28919309089237,32.00705159865216,67.99294840134783,58.762531909288,HIGH
468_413,1,0.7883281169810582,14.898347510189614,10.109649122807019,85.52129848133514,42.33437660378836,57.66562339621164,56.64572807191982,HIGH
471_565,1,0.8450619129236778,14.898347510189614,10.109649122807019,84.85075876412567,30.987617415264435,69.01238258473556,59.699032877042946,HIGH
472_104,0,0.07229730483852832,14.898347510189614,10.109649122807019,35.70859284056019,14.459460967705661,85.54053903229433,12.282762840003183,LOW
472_500,0,0.06069023199023198,14.898347510189614,10.109649122807019,49.822922314250086,12.138046398046399,87.8619536019536,13.055806780715873,LOW
472_543,1,0.9678438613517619,14.898347510189614,10.109649122807019,64.87216950828129,6.431227729647615,93.56877227035238,64.45418111500314,HIGH
472_912,0,0.017682411992609864,14.898347510189614,10.109649122807019,9.831737528703341,3.5364823985219784,96.46351760147802,6.691258202291982,LOW
473_380,1,0.9843313568538388,14.898347510189614,10.109649122807019,62.81710905746554,3.1337286292322464,96.86627137076775,65.15548732253579,HIGH
473_381,1,0.9914848603271096,14.898347510189614,10.109649122807019,62.508212773135675,1.703027934578083,98.29697206542191,65.5180403851327,HIGH
473_540,1,0.9783780094380093,14.898347510189614,10.109649122807019,65.89550302017952,4.324398112398131,95.67560188760187,65.13589261093658,HIGH
474_421,1,0.7476859344789579,14.898347510189614,10.109649122807019,67.29582279478012,50.462813104208415,49.537186895791585,52.5878604656488,HIGH
474_471,1,0.9906702620553686,14.898347510189614,10.109649122807019,67.03339599101827,1.8659475889262866,98.13405241107371,65.9257558019752,HIGH
475_374,1,0.9773327664399093,14.898347510189614,10.109649122807019,60.80556667877761,4.533446712018141,95.46655328798185,64.56941061190088,HIGH
475_386,1,0.9962795918367346,14.898347510189614,10.109649122807019,62.80703481895642,0.7440816326530708,99.25591836734694,65.81163282274414,HIGH
475_1305,0,0.0006884650317892824,14.898347510189614,10.109649122807019,7.1372466953536104,0.13769300635785298,99.86230699364215,5.4871420361118775,LOW
476_163,0,0.030256493506493502,14.898347510189614,10.109649122807019,42.928478652698296,6.051298701298702,93.9487012987013,10.69250679795508,LOW
476_416,1,0.6688483793983796,14.898347510189614,10.109649122807019,73.79878422987434,66.23032412032408,33.769675879675916,48.90209107972642,MODERATE
476_474,1,0.9922063492063492,14.898347510189614,10.109649122807019,68.53759183102979,1.5587301587301594,98.44126984126984,66.16066017928028,HIGH
477_475,1,0.9873301587301588,14.898347510189614,10.109649122807019,68.07297804563214,2.533968253968233,97.46603174603177,65.84600832455006,HIGH
477_561,1,0.8936904981960219,14.898347510189614,10.109649122807019,70.92245856856445,21.26190036079563,78.73809963920436,60.98077504746575,HIGH
477_1226,0,2.1798365122615804e-05,14.898347510189614,10.109649122807019,16.556925701933764,0.004359673024523225,99.99564032697548,6.392443270103225,LOW
478_384,1,0.9725665859925159,14.898347510189614,10.109649122807019,60.5904123712731,5.486682801496823,94.51331719850317,64.28575525654378,HIGH
478_565,1,0.9820071428571431,14.898347510189614,10.109649122807019,74.27885822352745,3.5985714285713843,96.40142857142861,66.17383046932372,HIGH
480_471,1,0.9928498015873016,14.898347510189614,10.109649122807019,65.6009039703738,1.4300396825396744,98.56996031746033,65.90238127416707,HIGH
480_517,1,0.9484731547867097,14.898347510189614,10.109649122807019,59.35629904482853,10.305369042658064,89.69463095734193,62.837205207579984,HIGH
480_1139,0,2.1798365122615804e-05,14.898347510189614,10.109649122807019,6.96445785166696,0.004359673024523225,99.99564032697548,5.433196485076545,LOW
482_479,1,0.8974921922521921,14.898347510189614,10.109649122807019,76.11036744003489,20.501561549561576,79.49843845043843,61.70865910770216,HIGH
482_483,1,0.6246043493973733,14.898347510189614,10.109649122807019,68.35597267443619,75.07913012052533,24.920869879474665,45.92438827412725,MODERATE
483_365,1,0.9962682823129252,14.898347510189614,10.109649122807019,64.44075019279705,0.7463435374149618,99.25365646258504,65.9743823363187,HIGH
483_403,1,0.9520106256332319,14.898347510189614,10.109649122807019,66.71086671634224,9.597874873353618,90.40212512664638,63.76722287129009,HIGH
484_334,1,0.8618685036660038,14.898347510189614,10.109649122807019,64.51087280204104,27.626299266799247,72.37370073320075,58.58940677166242,HIGH
486_416,1,0.9480674603174607,14.898347510189614,10.109649122807019,72.08797813846603,10.386507936507861,89.61349206349215,64.08805992113506,HIGH
488_406,1,0.9777339285714289,14.898347510189614,10.109649122807019,65.76535655594348,4.453214285714213,95.54678571428579,65.08745351685104,HIGH
488_504,1,0.9781271525975529,14.898347510189614,10.109649122807019,64.04533057085919,4.374569480489421,95.62543051951057,64.93707823977942,HIGH
489_364,1,0.9270922077922077,14.898347510189614,10.109649122807019,67.5917123147667,14.581558441558462,85.41844155844154,62.4847944498762,HIGH
489_371,1,0.9583993369064797,14.898347510189614,10.109649122807019,64.3003764971234,8.320132618704058,91.67986738129594,63.87755296939683,HIGH
489_412,1,0.963666700082039,14.898347510189614,10.109649122807019,66.75267243324751,7.266659983592194,92.73334001640781,64.412487537665,HIGH
489_418,1,0.967023592654116,14.898347510189614,10.109649122807019,65.8495797537939,6.595281469176806,93.40471853082319,64.50680736118387,HIGH
489_419,1,0.9010617364117366,14.898347510189614,10.109649122807019,70.20969945028541,19.787652717652684,80.21234728234731,61.31491723750216,HIGH
489_470,1,0.959012578810079,14.898347510189614,10.109649122807019,70.46871352599511,8.19748423798421,91.80251576201579,64.52811497698195,HIGH
491_371,1,0.9966794871794873,14.898347510189614,10.109649122807019,63.68166774588051,0.6641025641025422,99.33589743589746,65.92109035928796,HIGH
491_416,1,0.970576676695464,14.898347510189614,10.109649122807019,66.99386936502627,5.884664660907202,94.1153353390928,64.81665594458124,HIGH
491_442,1,0.9630881669686904,14.898347510189614,10.109649122807019,65.94404283602849,7.382366606261925,92.61763339373807,64.29980525670892,HIGH
491_456,1,0.9658139160356443,14.898347510189614,10.109649122807019,65.8520800859095,6.837216792871148,93.16278320712885,64.44052518037948,HIGH
491_555,1,0.9689166441517506,14.898347510189614,10.109649122807019,65.0030897661204,6.216671169649879,93.78332883035011,64.52627619478642,HIGH
491_1386,0,0.0018217983651226159,14.898347510189614,10.109649122807019,13.34644035483315,0.364359673024528,99.63564032697548,6.170394735393164,LOW
492_301,0,0.7140058062002969,14.898347510189614,10.109649122807019,57.832114341853,57.19883875994063,42.80116124005937,49.78908256502973,MODERATE
492_508,1,0.9812729933581,14.898347510189614,10.109649122807019,64.01337723809193,3.7454013283799936,96.25459867162,65.1069041483328,HIGH
492_528,1,0.9978095238095237,14.898347510189614,10.109649122807019,60.98186033275367,0.43809523809525963,99.56190476190474,65.71326163262728,HIGH
492_909,0,0.016691162449314286,14.898347510189614,10.109649122807019,11.832257954529533,3.338232489862858,96.66176751013714,6.836791519993345,LOW
493_355,0,0.10117512095747389,14.898347510189614,10.109649122807019,59.58692781119572,20.235024191494777,79.76497580850523,16.25887622360874,LOW
493_441,1,0.8892918618848854,14.898347510189614,10.109649122807019,68.95299241290466,22.14162762302292,77.85837237697709,60.54190343478727,HIGH
494_471,1,0.8739502801120449,14.898347510189614,10.109649122807019,75.56350361417952,25.20994397759102,74.79005602240898,60.35916755740853,HIGH
494_508,1,0.9747697608022357,14.898347510189614,10.109649122807019,63.00726826766566,5.04604783955287,94.95395216044713,64.64861546071764,HIGH
495_374,1,0.9653256416202844,14.898347510189614,10.109649122807019,59.8204764931582,6.934871675943111,93.06512832405689,63.810509728259575,HIGH
495_395,1,0.9960367346938777,14.898347510189614,10.109649122807019,60.669256362866776,0.7926530612244687,99.20734693877553,65.58449783427805,HIGH
495_397,1,0.991386475231118,14.898347510189614,10.109649122807019,59.75396406621619,1.7227049537763994,98.2772950462236,65.23720433416122,HIGH
495_435,1,0.9706817460317463,14.898347510189614,10.109649122807019,67.95906078507203,5.863650793650743,94.13634920634925,64.91895390008136,HIGH
495_450,1,0.9635898282863,14.898347510189614,10.109649122807019,66.57164094663817,7.282034342739996,92.71796565726001,64.39015644023841,HIGH
495_461,1,0.9974444444444445,14.898347510189614,10.109649122807019,65.23864551196958,0.5111111111111066,99.4888888888889,66.11886078546951,HIGH
495_469,1,0.9777906090808416,14.898347510189614,10.109649122807019,72.93640545005977,4.441878183831682,95.55812181616832,65.80767583428037,HIGH
495_1418,0,2.1798365122615804e-05,14.898347510189614,10.109649122807019,16.2709984495415,0.004359673024523225,99.99564032697548,6.3638505448639995,LOW
496_376,1,0.9839113875964941,14.898347510189614,10.109649122807019,62.251016336075104,3.2177224807011795,96.78227751929882,65.0757797412428,HIGH
496_463,1,0.9868125112312983,14.898347510189614,10.109649122807019,68.0090244552126,2.6374977537403366,97.36250224625967,65.81114235307078,HIGH
496_465,1,0.9934241269841271,14.898347510189614,10.109649122807019,69.55427414270864,1.3151746031745848,98.68482539682542,66.32930618822596,HIGH
496_1659,0,0.03570352449482885,14.898347510189614,10.109649122807019,47.131729700511,7.140704898965766,92.85929510103423,11.412418607094793,LOW
497_464,1,0.9593900725588598,14.898347510189614,10.109649122807019,68.1062899151823,8.121985488228045,91.87801451177195,64.31263477208363,HIGH
497_527,1,0.9663494243345306,14.898347510189614,10.109649122807019,61.772650549669095,6.730115133093872,93.26988486690612,64.0620351831942,HIGH
497_916,0,0.0024384650317892825,14.898347510189614,10.109649122807019,11.403310732539529,0.48769300635785884,99.51230699364214,6.009998439830468,LOW
499_373,1,0.9346277203223629,14.898347510189614,10.109649122807019,59.303531311123194,13.074455935527428,86.92554406447258,62.07042953867038,HIGH
499_1383,0,2.1798365122615804e-05,14.898347510189614,10.109649122807019,18.163599542741235,0.004359673024523225,99.99564032697548,6.553110654183973,LOW
500_338,1,0.9874196969696969,14.898347510189614,10.109649122807019,67.18289046108484,2.5160606060606217,97.48393939393938,65.76192416926992,HIGH
500_339,1,0.9787393536695861,14.898347510189614,10.109649122807019,66.75013743090858,4.2521292660827825,95.74787073391721,65.2412299847462,HIGH
500_427,1,0.9718918466223702,14.898347510189614,10.109649122807019,63.36079277104627,5.621630675525968,94.37836932447404,64.5256826311631,HIGH
500_508,1,0.980224396089735,14.898347510189614,10.109649122807019,65.75899994315205,3.955120782053001,96.044879217947,65.22379356907872,HIGH
501_470,1,0.9888028205128208,14.898347510189614,10.109649122807019,69.2292962228284,2.2394358974358486,97.76056410256415,66.04263654031608,HIGH
501_529,1,0.98093444746468,14.898347510189614,10.109649122807019,64.14630069568406,3.8131105070640103,96.18688949293599,65.10157646995391,HIGH
501_531,1,0.9817434523809525,14.898347510189614,10.109649122807019,58.75474049795937,3.6513095238094984,96.3486904761905,64.60691572057644,HIGH
503_461,1,0.9899611111111113,14.898347510189614,10.109649122807019,66.0853907312577,2.0077777777777417,97.99222222222225,65.791951974065,HIGH
505_335,1,0.9127878081729146,14.898347510189614,10.109649122807019,65.22074762548789,17.44243836541708,82.55756163458292,61.4609560018872,HIGH
505_338,1,0.8442871290738796,14.898347510189614,10.109649122807019,66.17535966976891,31.14257418522408,68.85742581477592,57.78887985586837,HIGH
505_410,1,0.7915765021709925,14.898347510189614,10.109649122807019,61.08853968537894,41.684699565801495,58.315300434198505,54.38111337777058,HIGH
505_647,0,0.0015622024055266563,14.898347510189614,10.109649122807019,15.51413400398253,0.31244048110533607,99.68755951889466,6.3728863225303245,LOW
506_339,1,0.9609193362193363,14.898347510189614,10.109649122807019,69.24397914022471,7.816132756132732,92.18386724386727,64.51051319591409,HIGH
506_378,1,0.9953367346938775,14.898347510189614,10.109649122807019,62.03873384770009,0.9326530612244976,99.0673469387755,65.68294558276138,HIGH
506_420,1,0.9216906533711767,14.898347510189614,10.109649122807019,64.0264128098405,15.661869325764656,84.33813067423534,61.831179006226876,HIGH
506_422,1,0.9753880767811001,14.898347510189614,10.109649122807019,66.16444577829587,4.922384643779987,95.07761535622001,64.9983405906182,HIGH
506_464,1,0.9651863850749398,14.898347510189614,10.109649122807019,65.09161818201495,6.962722985012038,93.03727701498796,64.3299647871513,HIGH
507_422,1,0.9434850645155877,14.898347510189614,10.109649122807019,63.880325595297194,11.302987096882466,88.69701290311754,63.01526289771514,HIGH
508_338,1,0.9208585132890368,14.898347510189614,10.109649122807019,64.63147490368843,15.828297342192643,84.17170265780736,61.84591751109397,HIGH
508_340,1,0.9479601005906241,14.898347510189614,10.109649122807019,66.58974084458332,10.407979881875185,89.59202011812482,63.532331406770766,HIGH
508_349,0,0.9561103896103897,14.898347510189614,10.109649122807019,71.32019415510776,8.777922077922051,91.22207792207794,64.4536426339103,HIGH
508_1254,0,2.1798365122615804e-05,14.898347510189614,10.109649122807019,16.118742472183598,0.004359673024523225,99.99564032697548,6.348624947128209,LOW
509_340,1,0.9367069259874494,14.898347510189614,10.109649122807019,66.76390414250763,12.658614802510115,87.34138519748988,62.93082313338858,HIGH
509_374,1,0.9851379251700682,14.898347510189614,10.109649122807019,61.66268089623442,2.9724149659863697,97.02758503401363,65.0844057638053,HIGH
509_731,0,6.220240552665621e-05,14.898347510189614,10.109649122807019,9.018211779164112,0.012440481105335799,99.98755951889467,5.640794100048483,LOW
510_407,1,0.7828883458828361,14.898347510189614,10.109649122807019,60.56507899141316,43.42233082343279,56.57766917656721,53.850918712525406,HIGH
512_326,1,0.7061318650793652,14.898347510189614,10.109649122807019,60.351154495983714,58.773626984126956,41.226373015873044,49.607919818791565,MODERATE
512_511,0,0.7091497128461844,14.898347510189614,10.109649122807019,71.67001458455216,58.17005743076311,41.82994256923689,50.90578745482347,HIGH
515_405,1,0.9953333333333334,14.898347510189614,10.109649122807019,62.926002696733875,0.9333333333333194,99.06666666666668,65.77148539283483,HIGH
516_395,1,0.999,14.898347510189614,10.109649122807019,60.79816537304906,0.20000000000000018,99.8,65.76036832713301,HIGH
517_370,1,0.9418056941563273,14.898347510189614,10.109649122807019,61.952297898358644,11.638861168734538,88.36113883126546,62.73009475826197,HIGH
517_406,1,0.9983461538461538,14.898347510189614,10.109649122807019,62.47689954610976,0.3307692307692456,99.66923076923075,65.89228020597754,HIGH
518_325,1,0.5426971500721501,14.898347510189614,10.109649122807019,61.279088450774125,91.46056998556998,8.539430014430025,40.71180388887378,MODERATE
518_538,1,0.9777140873015873,14.898347510189614,10.109649122807019,66.4777727025286,4.457182539682547,95.54281746031745,65.15760386166826,HIGH
519_403,1,0.9559086987109479,14.898347510189614,10.109649122807019,61.95603972615296,8.81826025781043,91.18173974218956,63.506134191545534,HIGH
520_446,0,0.22325579975579984,14.898347510189614,10.109649122807019,52.95091001064268,44.65115995115997,55.34884004884003,22.309711777461366,LOW
520_574,1,0.8917697482634758,14.898347510189614,10.109649122807019,67.94523960458628,21.646050347304847,78.35394965269515,60.5774119047779,HIGH
521_323,1,0.7557944836116264,14.898347510189614,10.109649122807019,63.9423837560144,48.841103277674726,51.158896722325274,52.698486764068996,HIGH
521_410,1,0.9689688539245483,14.898347510189614,10.109649122807019,63.43049398406394,6.206229215090331,93.79377078490967,64.37188815408466,HIGH
521_571,1,0.944052356902357,14.898347510189614,10.109649122807019,71.50525222347956,11.189528619528598,88.8104713804714,63.80895664180569,HIGH
521_736,0,0.004832909476233727,14.898347510189614,10.109649122807019,9.844240811145474,0.9665818952467431,99.03341810475325,5.9857858921355085,LOW
522_511,1,0.9881912513842749,14.898347510189614,10.109649122807019,66.65350154889566,2.3617497231450235,97.63825027685498,65.75142077085279,HIGH
522_558,1,0.9206399626517275,14.898347510189614,10.109649122807019,80.17614301891608,15.872007469654491,84.12799253034551,63.38836403756473,HIGH
523_1106,0,6.220240552665621e-05,14.898347510189614,10.109649122807019,10.904936113793957,0.012440481105335799,99.98755951889467,5.829466533511467,LOW
524_401,1,0.9909636577708005,14.898347510189614,10.109649122807019,64.39499945240738,1.8072684458398935,98.1927315541601,65.67805291246286,HIGH
524_1025,0,2.1798365122615804e-05,14.898347510189614,10.109649122807019,9.480288161948282,0.004359673024523225,99.99564032697548,5.684779516104677,LOW
526_513,1,0.9843047619047619,14.898347510189614,10.109649122807019,65.13459313953763,3.139047619047619,96.86095238095238,65.38577300854378,HIGH
527_361,0,0.2856982905415129,14.898347510189614,10.109649122807019,58.04925683745829,57.139658108302584,42.860341891697416,26.253883453357147,MODERATE
527_403,1,0.9957863095238094,14.898347510189614,10.109649122807019,62.48399824617269,0.8427380952381158,99.15726190476188,65.7521986382549,HIGH
527_479,0,0.6253707374325019,14.898347510189614,10.109649122807019,77.06892742616249,74.92585251349962,25.07414748650038,46.83783509123196,MODERATE
527_1427,0,0.02151587301587302,14.898347510189614,10.109649122807019,37.128946808053485,4.303174603174609,95.69682539682539,9.63181948650647,LOW
531_260,0,0.2407370257193788,14.898347510189614,10.109649122807019,55.35461395975987,48.147405143875766,51.852594856124234,23.511549600369925,LOW
531_402,1,0.995665306122449,14.898347510189614,10.109649122807019,67.01040669133221,0.8669387755102065,99.1330612244898,66.19818429569602,HIGH
533_95,0,0.016392064372680624,14.898347510189614,10.109649122807019,17.010466039456094,3.2784128745361296,96.72158712546387,7.33816193427115,LOW
533_421,1,0.9886202844774273,14.898347510189614,10.109649122807019,62.69984222312651,2.275943104514533,97.72405689548546,65.37965165839925,HIGH
533_516,1,0.9691196087202418,14.898347510189614,10.109649122807019,64.98429566637908,6.176078255951634,93.82392174404836,64.53555983607932,HIGH
533_525,1,0.9812802328623758,14.898347510189614,10.109649122807019,60.03363191767739,3.7439534275248487,96.25604657247516,64.7093277890265,HIGH
533_527,1,0.9956333333333335,14.898347510189614,10.109649122807019,61.696841755981694,0.8733333333333038,99.1266666666667,65.6650692987596,HIGH
534_423,1,0.6969173944483862,14.898347510189614,10.109649122807019,56.45357021998487,60.616521110322765,39.383478889677235,48.71136550648783,MODERATE
535_207,0,0.03133903872762534,14.898347510189614,10.109649122807019,30.161898533380793,6.267807745525067,93.73219225447494,9.475388773185578,LOW
535_399,1,0.9615661531279178,14.898347510189614,10.109649122807019,72.13676284128931,7.686769374416436,92.31323062558357,64.83536649599252,HIGH
535_562,1,0.978956188806822,14.898347510189614,10.109649122807019,66.82029564522225,4.208762238635599,95.7912377613644,65.26017173872555,HIGH
535_1002,0,2.1798365122615804e-05,14.898347510189614,10.109649122807019,9.436952176463832,0.004359673024523225,99.99564032697548,5.6804459175562325,LOW
535_1337,0,2.1798365122615804e-05,14.898347510189614,10.109649122807019,16.81714419605273,0.004359673024523225,99.99564032697548,6.4184651195151226,LOW
536_487,1,0.9633488936988938,14.898347510189614,10.109649122807019,74.42924072816598,7.330221260221248,92.66977873977875,65.16266501608386,HIGH
536_1256,0,0.006702750746074996,14.898347510189614,10.109649122807019,22.319563838318327,1.340550149215003,98.659449850785,7.336159464694063,LOW
538_333,1,0.9740619047619049,14.898347510189614,10.109649122807019,63.12677732343476,5.187619047619019,94.81238095238098,64.62163428407635,HIGH
538_344,1,0.8790947828034034,14.898347510189614,10.109649122807019,59.59775411758336,24.18104343931933,75.81895656068068,59.04554025577363,HIGH
539_87,0,0.012765310196269697,14.898347510189614,10.109649122807019,17.611856492842765,2.5530620392539394,97.44693796074606,7.198829499907215,LOW
539_536,1,0.977144662429769,14.898347510189614,10.109649122807019,61.16607774844397,4.57106751404619,95.42893248595381,64.59511599830981,HIGH
539_999,0,0.001421798365122616,14.898347510189614,10.109649122807019,9.99618008929137,0.2843596730245257,99.71564032697547,5.813368708838986,LOW
540_318,1,0.9304626799557033,14.898347510189614,10.109649122807019,72.82071932673368,13.907464008859339,86.09253599114066,63.193071120065156,HIGH
540_410,1,0.9793034920634921,14.898347510189614,10.109649122807019,66.85019314915746,4.13930158730158,95.86069841269843,65.28226316823591,HIGH
540_1507,0,6.220240552665621e-05,14.898347510189614,10.109649122807019,10.214743187644707,0.012440481105335799,99.98755951889467,5.760447240896543,LOW
542_393,1,0.9159811048428699,14.898347510189614,10.109649122807019,74.45837600091176,16.803779031426025,83.19622096857398,62.560350156277124,HIGH
542_1302,0,0.002348721442045693,14.898347510189614,10.109649122807019,23.137612343536652,0.4697442884091352,99.53025571159087,7.178492703494284,LOW
542_1519,0,2.1798365122615804e-05,14.898347510189614,10.109649122807019,11.030381601860473,0.004359673024523225,99.99564032697548,5.839788860095896,LOW
544_1333,0,0.004090784934109185,14.898347510189614,10.109649122807019,24.52734740191608,0.8181569868218386,99.18184301317817,7.4132797013957195,LOW
545_453,1,0.9957666666666667,14.898347510189614,10.109649122807019,61.50933148414256,0.8466666666666622,99.15333333333334,65.65365160490903,HIGH
546_369,1,0.7174367715617714,14.898347510189614,10.109649122807019,64.86653280041502,56.512645687645715,43.487354312354285,50.68122750576703,HIGH
546_455,1,0.9987727272727273,14.898347510189614,10.109649122807019,61.97349882500178,0.2454545454545487,99.75454545454545,65.86540167232829,HIGH
547_369,1,0.9768973595848597,14.898347510189614,10.109649122807019,61.10648318134787,4.620528083028064,95.37947191697194,64.57555488513017,HIGH
547_397,1,0.9466581308198958,14.898347510189614,10.109649122807019,71.16777938209931,10.668373836020839,89.33162616397917,63.918526923132305,HIGH
548_402,1,0.9689189309056957,14.898347510189614,10.109649122807019,67.99515207518685,6.216213818860861,93.78378618113913,64.82560819716005,HIGH
548_409,1,0.9950749999999999,14.898347510189614,10.109649122807019,65.39090690252837,0.9850000000000136,99.01499999999999,66.00376748008094,HIGH
548_1170,0,0.0013551316984559492,14.898347510189614,10.109649122807019,17.972853314607068,0.27102633969119383,99.72897366030881,6.607369364703889,LOW
549_320,1,0.9317069259874492,14.898347510189614,10.109649122807019,69.84756042531995,13.658614802510161,86.34138519748984,62.96418876166982,HIGH
549_343,1,0.9493563687789749,14.898347510189614,10.109649122807019,61.45334157725229,10.128726244205023,89.87127375579497,63.09548623039696,HIGH
549_364,1,0.8931956626706635,14.898347510189614,10.109649122807019,60.58155617575463,21.360867465867294,78.6391325341327,59.91946885429006,HIGH
549_640,0,0.025041476958043648,14.898347510189614,10.109649122807019,33.72286151422029,5.00829539160873,94.99170460839127,9.485119173942536,LOW
550_455,1,0.9304028022012495,14.898347510189614,10.109649122807019,60.0456594866214,13.919439559750103,86.0805604402499,61.91227185955896,HIGH
551_319,1,0.7121449490754724,14.898347510189614,10.109649122807019,69.17663665685842,57.57101018490551,42.42898981509449,50.82118765466493,HIGH
551_633,1,0.9729055934672367,14.898347510189614,10.109649122807019,59.574682123119175,5.418881306552659,94.58111869344734,64.20282764283805,HIGH
552_593,1,0.9872401891252954,14.898347510189614,10.109649122807019,63.032561655050486,2.551962174940914,97.44803782505909,65.33701835722441,HIGH
553_61,0,0.002399662800187518,14.898347510189614,10.109649122807019,30.63473627056653,0.4799325600374993,99.5200674399625,7.931006870895072,LOW
554_344,1,0.9671465383316447,14.898347510189614,10.109649122807019,64.06580245652694,6.570692333671069,93.42930766632892,64.33519164372125,HIGH
556_419,1,0.929896492322903,14.898347510189614,10.109649122807019,61.17935868031862,14.02070153541941,85.9792984645806,61.99779473561963,HIGH
558_636,1,0.9754558870303114,14.898347510189614,10.109649122807019,59.87903824860879,4.908822593937723,95.09117740606227,64.37352940135611,HIGH
558_1664,0,0.009314655507979759,14.898347510189614,10.109649122807019,20.521879328205095,1.8629311015959549,98.13706889840404,7.300045775587502,LOW
559_21,0,0.039040476190476195,14.898347510189614,10.109649122807019,47.15977512953173,7.808095238095236,92.19190476190477,11.59875549325747,LOW
559_258,0,0.051910413299192666,14.898347510189614,10.109649122807019,43.366722475740985,10.382082659838531,89.61791734016147,11.9272967688578,LOW
559_826,0,0.15074982140899074,14.898347510189614,10.109649122807019,47.66922008823924,30.149964281798148,69.85003571820185,17.79371397614652,LOW
561_186,0,0.13916082005369934,14.898347510189614,10.109649122807019,42.711472795556304,27.832164010739866,72.16783598926014,16.6605441723372,LOW
562_330,1,0.7947068624186272,14.898347510189614,10.109649122807019,83.31559695671532,41.05862751627456,58.94137248372544,56.775988918524135,HIGH
562_407,1,0.9665256235827664,14.898347510189614,10.109649122807019,61.87879986956977,6.694875283446722,93.30512471655328,64.08234107383724,HIGH
562_504,1,0.8606751381048874,14.898347510189614,10.109649122807019,62.81174695283013,27.864972379022525,72.13502762097747,58.35385908087992,HIGH
563_339,1,0.9557217505870894,14.898347510189614,10.109649122807019,69.25254002496145,8.855649882582117,91.14435011741789,64.22550207461417,HIGH
564_748,0,0.013407353161203728,14.898347510189614,10.109649122807019,18.485629064540156,2.6814706322407456,97.31852936775925,7.321519120148327,LOW
566_408,1,0.9603194099045165,14.898347510189614,10.109649122807019,60.32764030686497,7.936118019096705,92.06388198090329,63.585883365263015,HIGH
566_414,1,0.9815152691056083,14.898347510189614,10.109649122807019,61.14338314370114,3.6969461788783464,96.30305382112165,64.83322990500668,HIGH
566_970,0,0.009629999015696148,14.898347510189614,10.109649122807019,17.91105506703451,1.9259998031392334,98.07400019686077,7.056307242394844,LOW
568_890,0,0.014805059548383799,14.898347510189614,10.109649122807019,26.18216323226853,2.9610119096767584,97.03898809032324,8.168046388216068,LOW
570_402,1,0.983587031217264,14.898347510189614,10.109649122807019,61.43640257779589,3.282593756547203,96.7174062434528,64.97647876455721,HIGH
577_896,0,0.008362202405526658,14.898347510189614,10.109649122807019,19.941036816602153,1.6724404811053306,98.32755951889467,7.189576603792287,LOW
583_493,1,0.9753179570429571,14.898347510189614,10.109649122807019,67.38318644844253,4.936408591408581,95.06359140859142,65.116358072035,HIGH
587_470,0,0.2291925548925549,14.898347510189614,10.109649122807019,65.04909453342849,45.83851097851098,54.16148902148902,23.846051762261474,LOW
587_492,1,0.5738384863221071,14.898347510189614,10.109649122807019,64.42237279194902,85.23230273557859,14.767697264421415,42.73890581673891,MODERATE
588_407,1,0.9829015647866711,14.898347510189614,10.109649122807019,62.61844611242084,3.4196870426657755,96.58031295733423,65.05698246433711,HIGH
589_492,1,0.9844045565545566,14.898347510189614,10.109649122807019,69.814970906502,3.119088689088678,96.88091131091132,65.85929949097891,HIGH
589_493,1,0.9751315476190477,14.898347510189614,10.109649122807019,66.24537192895845,4.973690476190451,95.02630952380954,64.99232410177159,HIGH
589_500,0,0.20252674155909445,14.898347510189614,10.109649122807019,54.80555114807319,40.50534831181889,59.49465168818111,21.35507769038562,LOW
590_414,1,0.9716615079365081,14.898347510189614,10.109649122807019,62.50323690110885,5.667698412698385,94.33230158730161,64.42725841644693,HIGH
590_952,0,0.03100747544370861,14.898347510189614,10.109649122807019,22.72215569472895,6.201495088741726,93.79850491125828,8.713178508704974,LOW
590_1117,0,0.003321798365122616,14.898347510189614,10.109649122807019,14.91608414615668,0.6643596730245283,99.33564032697547,6.409859114525518,LOW
592_410,1,0.9673425547996978,14.898347510189614,10.109649122807019,64.6012227254414,6.531489040060445,93.46851095993955,64.39951457635561,HIGH
592_748,0,0.03791186391032465,14.898347510189614,10.109649122807019,37.413235411202734,7.582372782064928,92.41762721793508,10.562027846016235,LOW
593_445,1,0.9393874654600719,14.898347510189614,10.109649122807019,65.52702219187323,12.12250690798562,87.87749309201438,62.954564609319384,HIGH
593_593,1,0.9732230492883882,14.898347510189614,10.109649122807019,66.79904775820827,5.355390142322358,94.64460985767764,64.94272427651029,HIGH
593_607,0,0.6401917261337232,14.898347510189614,10.109649122807019,75.05751865488574,71.96165477325536,28.03834522674464,47.45184859267146,MODERATE
594_452,0,0.04491316786518778,14.898347510189614,10.109649122807019,46.50134757442883,8.982633573037557,91.01736642696244,11.855910779856316,LOW
594_475,1,0.7161852207967832,14.898347510189614,10.109649122807019,75.78716412173696,56.76295584064337,43.23704415935663,51.704455345824876,HIGH
594_1271,0,2.1798365122615804e-05,14.898347510189614,10.109649122807019,17.376955261590297,0.004359673024523225,99.99564032697548,6.474446226068879,LOW
595_402,1,0.993071511028654,14.898347510189614,10.109649122807019,61.28712089273092,1.3856977942692028,98.6143022057308,65.48319698567717,HIGH
595_406,1,0.978933882106364,14.898347510189614,10.109649122807019,61.476239694139544,4.213223578727199,95.7867764212728,64.72453927509208,HIGH
596_477,1,0.8731157923775571,14.898347510189614,10.109649122807019,80.8034659192888,25.37684152448858,74.62315847551142,60.83726696252263,HIGH
596_480,1,0.7504183600713018,14.898347510189614,10.109649122807019,83.88610459106819,49.91632798573964,50.08367201426036,54.397172052856526,HIGH
596_820,1,0.9655960317460319,14.898347510189614,10.109649122807019,66.99344630916671,6.880793650793615,93.11920634920638,64.54267816677653,HIGH
597_398,1,0.9771214569160994,14.898347510189614,10.109649122807019,57.381220526172584,4.575708616780116,95.42429138321988,64.21535397283084,HIGH
597_790,0,0.026345258278249007,14.898347510189614,10.109649122807019,38.11549998644706,5.269051655649804,94.7309483443502,9.996090993776507,LOW
597_841,0,0.07560748959481844,14.898347510189614,10.109649122807019,49.996886631315824,15.121497918963689,84.87850208103632,13.893652380674702,LOW
598_397,1,0.9623926784481911,14.898347510189614,10.109649122807019,57.96244780555367,7.521464310361781,92.47853568963822,63.46339388503399,HIGH
600_410,1,0.2910662069585807,14.898347510189614,10.109649122807019,39.467807813016094,58.21324139171614,41.78675860828386,24.690973953851653,LOW
600_634,0,0.48436951085313174,14.898347510189614,10.109649122807019,68.10732841649114,96.87390217062635,3.1260978293736486,38.186607728399466,MODERATE
601_1438,0,6.220240552665621e-05,14.898347510189614,10.109649122807019,13.604748245738103,0.012440481105335799,99.98755951889467,6.099447746705882,LOW
601_1652,0,0.0023201826292603045,14.898347510189614,10.109649122807019,35.89810839619807,0.4640365258520629,99.53596347414793,8.452972674057229,LOW
603_1213,0,0.023109821453145704,14.898347510189614,10.109649122807019,35.646023592956084,4.621964290629144,95.37803570937086,9.571194329046728,LOW
604_398,1,0.9739877525252523,14.898347510189614,10.109649122807019,57.22996828379975,5.202449494949546,94.79755050505045,64.02787500709695,HIGH
604_436,1,0.7909692640692646,14.898347510189614,10.109649122807019,83.94331698986326,41.80614718614708,58.19385281385292,56.633193012623984,HIGH
604_485,1,0.8334987649605301,14.898347510189614,10.109649122807019,87.98571695509858,33.30024700789398,66.69975299210603,59.37655555816712,HIGH
604_932,0,0.016118726627953172,14.898347510189614,10.109649122807019,15.61941832538642,3.2237453255906323,96.77625467440937,7.184023586904171,LOW
607_142,0,0.4598745658596721,14.898347510189614,10.109649122807019,53.91326569804325,91.97491317193442,8.025086828065582,35.419979481914396,MODERATE
607_576,1,0.9470204127710458,14.898347510189614,10.109649122807019,60.10796353575264,10.595917445790848,89.40408255420915,62.83247084581089,HIGH
608_488,1,0.9175057923775572,14.898347510189614,10.109649122807019,75.76022419478605,16.49884152448855,83.50115847551145,62.77439279007236,HIGH
609_405,1,0.9804147922998985,14.898347510189614,10.109649122807019,62.70422227023822,3.917041540020305,96.0829584599797,64.92878759334634,HIGH
609_488,1,0.9799658545588779,14.898347510189614,10.109649122807019,74.92105162067267,4.006829088224428,95.99317091177556,66.12577895263365,HIGH
610_488,1,0.9474640688445922,14.898347510189614,10.109649122807019,72.5156647095204,10.507186231081555,89.49281376891844,64.09764204723271,HIGH
610_595,1,0.5664906870906874,14.898347510189614,10.109649122807019,53.43112810463669,86.70186258186251,13.298137418137486,41.23565239027958,MODERATE
610_1049,0,0.005429890273214525,14.898347510189614,10.109649122807019,19.35812756462717,1.0859780546428999,98.9140219453571,6.970008511317621,LOW
611_429,1,0.827450865800866,14.898347510189614,10.109649122807019,81.38840187099817,34.50982683982679,65.49017316017321,58.384189595975556,HIGH
611_489,1,0.9684450212255448,14.898347510189614,10.109649122807019,70.71674637273986,6.310995754891047,93.68900424510895,65.07170259450706,HIGH
611_737,0,0.05904232035520981,14.898347510189614,10.109649122807019,53.22115665376352,11.808464071041957,88.19153592895805,13.304995074740997,LOW
612_489,1,0.9792467395967395,14.898347510189614,10.109649122807019,72.85509846449692,4.150652080652106,95.84934791934789,65.87963231409847,HIGH
613_406,1,0.9778244803130349,14.898347510189614,10.109649122807019,63.638929908369214,4.435103937393015,95.56489606260699,64.87979119788194,HIGH
613_427,1,0.913651319073084,14.898347510189614,10.109649122807019,81.50019708440101,17.26973618538321,82.73026381461679,63.13639404728782,HIGH
613_715,1,0.9763453823953824,14.898347510189614,10.109649122807019,73.29338111768023,4.7309235209235245,95.26907647907647,65.76388593334215,HIGH
614_407,1,0.9405693187052457,14.898347510189614,10.109649122807019,63.20894410530771,11.886136258950852,88.11386374104914,62.78775872914739,HIGH
614_699,1,0.9651080601108989,14.898347510189614,10.109649122807019,62.03063327334291,6.978387977820222,93.02161202217978,64.01955842326184,HIGH
614_707,1,0.9765585858585858,14.898347510189614,10.109649122807019,67.20873452730585,4.6882828282828415,95.31171717171716,65.1671474647809,HIGH
614_713,1,0.9521776146464018,14.898347510189614,10.109649122807019,70.21278383918772,9.564477070719635,90.43552292928037,64.12659897929898,HIGH
614_1649,0,0.07944528828659266,14.898347510189614,10.109649122807019,52.82604574541189,15.889057657318528,84.11094234268147,14.38764722013189,LOW
615_710,1,0.9477360028860032,14.898347510189614,10.109649122807019,67.15287903768285,10.452799422799352,89.54720057720064,63.57631985232657,HIGH
616_401,1,0.9806580670652099,14.898347510189614,10.109649122807019,63.77529727299823,3.868386586958028,96.13161341304198,65.04927520571447,HIGH
616_402,1,0.9807750223321654,14.898347510189614,10.109649122807019,63.28200719663162,3.8449955335669195,96.15500446643308,65.00637873776036,HIGH
616_405,1,0.9503166441517508,14.898347510189614,10.109649122807019,65.53527834111996,9.936671169649847,90.06332883035016,63.556495052286394,HIGH
616_406,1,0.9912455209961542,14.898347510189614,10.109649122807019,63.90646523778531,1.75089580076917,98.24910419923083,65.64470196839513,HIGH
616_490,1,0.9860894524394526,14.898347510189614,10.109649122807019,67.93048516398275,2.7821095121094874,97.21789048789051,65.76352019039628,HIGH
616_683,1,0.9033517316017319,14.898347510189614,10.109649122807019,70.40660878393534,19.329653679653624,80.67034632034637,61.46055790631689,HIGH
616_692,1,0.9850037254412255,14.898347510189614,10.109649122807019,63.44440084559029,2.9992549117549006,97.0007450882451,65.25519677365453,HIGH
617_665,1,0.9384502801120448,14.898347510189614,10.109649122807019,69.04169525522549,12.309943977591043,87.69005602240895,63.25448672151312,HIGH
617_1559,0,0.010013039772117446,14.898347510189614,10.109649122807019,38.246662305997745,2.0026079544234854,97.99739204557652,9.11093520789434,LOW
618_403,1,0.9815068405139832,14.898347510189614,10.109649122807019,64.99353251349454,3.698631897203364,96.30136810279663,65.21778126944665,HIGH
619_667,1,0.9463145047762697,14.898347510189614,10.109649122807019,71.67472125248258,10.737099044746067,89.26290095525394,63.95032167777119,HIGH
619_724,1,0.9710644634298023,14.898347510189614,10.109649122807019,70.3265501421916,5.78710731403953,94.21289268596047,65.1767522926864,HIGH
620_413,0,0.7214203740703746,14.898347510189614,10.109649122807019,68.56700028511918,55.71592518592507,44.28407481407493,51.270372392210625,HIGH
621_427,1,0.9557007751937984,14.898347510189614,10.109649122807019,71.8012704759281,8.859844961240327,91.14015503875967,64.47922147307982,HIGH
622_738,1,0.9378175320480553,14.898347510189614,10.109649122807019,71.36016838876932,12.436493590388942,87.56350640961105,63.45153289134807,HIGH
623_426,1,0.9747418466223701,14.898347510189614,10.109649122807019,73.96421186516798,5.0516306755259865,94.94836932447402,65.74277454057525,HIGH
623_1379,0,6.220240552665621e-05,14.898347510189614,10.109649122807019,13.026467414845719,0.012440481105335799,99.98755951889467,6.041619663616643,LOW
624_377,0,0.05866361762003646,14.898347510189614,10.109649122807019,34.691818557012326,11.732723524007294,88.2672764759927,11.431232614631345,LOW
625_402,1,0.9937089743589745,14.898347510189614,10.109649122807019,66.7196978453496,1.2582051282050921,98.74179487179491,66.06151516410667,HIGH
626_401,1,0.988340521978022,14.898347510189614,10.109649122807019,63.80179037997562,2.331895604395595,97.6681043956044,65.47445953661688,HIGH
626_498,1,0.9894666666666665,14.898347510189614,10.109649122807019,67.58285759108766,2.106666666666701,97.8933333333333,65.91450421560353,HIGH
626_499,1,0.9847445680474072,14.898347510189614,10.109649122807019,64.39562450132192,3.051086390518565,96.94891360948144,65.33606548256769,HIGH
626_533,0,0.07086819029301784,14.898347510189614,10.109649122807019,57.55632315285636,14.173638058603565,85.82636194139644,14.388934571229724,LOW
626_711,1,0.9878729351988654,14.898347510189614,10.109649122807019,62.51468888909406,2.4254129602269137,97.57458703977309,65.32003211467512,HIGH
626_712,1,0.9890547298200465,14.898347510189614,10.109649122807019,64.82885371909795,2.1890540359907007,97.8109459640093,65.61644730184045,HIGH
627_713,1,0.7078641462866283,14.898347510189614,10.109649122807019,57.565724264419224,58.42717074267434,41.57282925732566,49.42465226203458,MODERATE
627_758,1,0.8794931168885624,14.898347510189614,10.109649122807019,75.35102011866735,24.10137662228753,75.89862337771247,60.64277523056577,HIGH
627_762,1,0.9181663173315304,14.898347510189614,10.109649122807019,72.92515708152278,16.366736533693917,83.63326346630609,62.52721495121455,HIGH
627_1306,0,0.0006884650317892824,14.898347510189614,10.109649122807019,9.658474372332462,0.13769300635785298,99.86230699364215,5.739264803809762,LOW
628_762,1,0.8986259599764671,14.898347510189614,10.109649122807019,74.059189548762,20.27480800470658,79.72519199529341,61.56589854340999,HIGH
628_1374,0,0.0004622024055266562,14.898347510189614,10.109649122807019,12.229824312814575,0.09244048110532699,99.90755951889467,5.9839553534135295,LOW
629_760,1,0.9789605542823189,14.898347510189614,10.109649122807019,73.018998726844,4.207889143536225,95.79211085646378,65.88028214804004,HIGH
629_1017,0,0.007060842654166905,14.898347510189614,10.109649122807019,25.3403034225258,1.4121685308333798,98.58783146916662,7.6579284780598655,LOW
630_759,1,0.9441003038103041,14.898347510189614,10.109649122807019,72.42040921162508,11.179939237939184,88.82006076206082,63.90310942055734,HIGH
631_766,1,0.8311498556998559,14.898347510189614,10.109649122807019,73.20036836261153,33.77002886002882,66.22997113997118,57.76883068958133,HIGH
633_506,1,0.9025320859258129,14.898347510189614,10.109649122807019,66.4326612568183,19.493582814837417,80.50641718516258,61.01808264142965,HIGH
634_1356,0,0.0010467983651226158,14.898347510189614,10.109649122807019,11.431915044532028,0.20935967302452285,99.79064032697548,5.936317204363052,LOW
635_505,1,0.9807557823129253,14.898347510189614,10.109649122807019,64.44752012054964,3.8488435374149477,96.15115646258505,65.12187182909396,HIGH
636_425,1,0.9562709150326801,14.898347510189614,10.109649122807019,79.44167725798647,8.745816993463972,91.25418300653602,65.27461984242416,HIGH
636_522,1,0.9696307029478458,14.898347510189614,10.109649122807019,63.88841627878502,6.073859410430837,93.92614058956916,64.45408207983813,HIGH
636_783,1,0.7971090269207917,14.898347510189614,10.109649122807019,82.599059532181,40.57819461584167,59.42180538415833,56.83645422368975,HIGH
637_791,1,0.8846607655733473,14.898347510189614,10.109649122807019,68.73324746161333,23.067846885330546,76.93215311466946,60.265218642523536,HIGH
638_800,1,0.9580521598112931,14.898347510189614,10.109649122807019,67.7837825696379,8.38956803774138,91.61043196225862,64.20679883641301,HIGH
638_1057,1,0.8778471861471859,14.898347510189614,10.109649122807019,68.39342697230224,24.430562770562815,75.56943722943718,59.85648972515356,HIGH
638_1523,0,0.0004622024055266562,14.898347510189614,10.109649122807019,14.82471831196079,0.09244048110532699,99.90755951889467,6.243444753328151,LOW
639_392,0,0.23609486036838992,14.898347510189614,10.109649122807019,59.2679754495973,47.218972073677975,52.781027926322025,23.647566655049282,LOW
639_1053,1,0.8579909128882806,14.898347510189614,10.109649122807019,70.2160446450679,28.40181742234389,71.5981825776561,58.94665646319032,HIGH
639_1151,0,0.10022119016249449,14.898347510189614,10.109649122807019,46.93193916561299,20.044238032498896,79.9557619675011,14.940911165326602,LOW
640_1048,1,0.8392068336021273,14.898347510189614,10.109649122807019,77.28173519130499,32.15863327957453,67.84136672042547,58.62010115707561,HIGH
641_800,1,0.965615651874785,14.898347510189614,10.109649122807019,70.73480504080015,6.876869625042992,93.12313037495701,64.9178931470213,HIGH
641_823,0,0.7146956537941016,14.898347510189614,10.109649122807019,58.74798433526161,57.06086924117968,42.93913075882032,49.91861118202985,MODERATE
642_642,1,0.9913317460317461,14.898347510189614,10.109649122807019,64.39624403151734,1.7336507936507761,98.26634920634922,65.69842222472587,HIGH
642_646,1,0.952777915882665,14.898347510189614,10.109649122807019,57.332929539536515,9.444416823466995,90.555583176533,62.87163011732833,HIGH
643_643,1,0.9817180555555558,14.898347510189614,10.109649122807019,61.24482182986014,3.6563888888888396,96.34361111111116,64.85452702836969,HIGH
643_681,1,0.995712925170068,14.898347510189614,10.109649122807019,61.47894987556162,0.8574149659863917,99.1425850340136,65.64765766173801,HIGH
644_509,1,0.9817396825396826,14.898347510189614,10.109649122807019,61.607116062075676,3.6520634920634842,96.34793650793651,64.89194593571821,HIGH
644_1042,1,0.8276129870129866,14.898347510189614,10.109649122807019,83.19683925639953,34.47740259740269,65.52259740259731,58.573950001182325,HIGH
645_138,0,0.006129485237637075,14.898347510189614,10.109649122807019,29.14411871684721,1.2258970475274134,98.77410295247259,7.987085349582866,LOW
645_173,0,0.07176328502415458,14.898347510189614,10.109649122807019,43.63734794876452,14.352657004830915,85.64734299516908,13.046267261033059,LOW
645_510,1,0.9816955555555555,14.898347510189614,10.109649122807019,63.53171857865212,3.6608888888888913,96.33911111111111,65.08197920324888,HIGH
645_637,1,0.5876225971654765,14.898347510189614,10.109649122807019,51.47197074214057,82.47548056690471,17.524519433095293,42.20199170814337,MODERATE
645_642,1,0.6106157459086251,14.898347510189614,10.109649122807019,51.3404659085707,77.87685081827497,22.123149181725026,43.45346440565955,MODERATE
645_1029,1,0.8623609328579911,14.898347510189614,10.109649122807019,77.67634205271708,27.52781342840178,72.47218657159821,59.93303730228932,HIGH
645_1032,1,0.8685547534165182,14.898347510189614,10.109649122807019,84.62822531704133,26.289049316696357,73.71095068330365,60.968885759440745,HIGH
647_542,1,0.9833016688170079,14.898347510189614,10.109649122807019,67.55955052119657,3.3396662365984264,96.66033376340157,65.5730986268832,HIGH
647_1034,1,0.7497029663147308,14.898347510189614,10.109649122807019,83.45291459876863,50.05940673705385,49.94059326294615,54.31450639701516,HIGH
648_1030,1,0.8705778881249464,14.898347510189614,10.109649122807019,78.15803515290398,25.88442237501072,74.11557762498929,60.43313915199055,HIGH
649_1368,0,0.0004217983651226158,14.898347510189614,10.109649122807019,16.760573236118198,0.08435967302452552,99.91564032697548,6.434808023521669,LOW
650_513,1,0.99425,14.898347510189614,10.109649122807019,62.1065887340436,1.1500000000000066,98.85,65.62996066323245,HIGH
650_1051,0,0.05504287975026943,14.898347510189614,10.109649122807019,39.50054346316652,11.008575950053888,88.99142404994612,11.712964522409578,LOW
651_1624,0,2.1798365122615804e-05,14.898347510189614,10.109649122807019,16.870075426413738,0.004359673024523225,99.99564032697548,6.423758242551223,LOW
652_418,0,0.28223502362790287,14.898347510189614,10.109649122807019,51.75409890037833,56.44700472558058,43.55299527441942,25.4338879794006,MODERATE
652_515,1,0.9935583333333333,14.898347510189614,10.109649122807019,62.75118720180192,1.2883333333333358,98.71166666666666,65.65637884334163,HIGH
652_1018,1,0.8569548422166069,14.898347510189614,10.109649122807019,77.51478454363469,28.609031556678623,71.39096844332138,59.61954656610495,HIGH
654_952,0,0.0006884650317892824,14.898347510189614,10.109649122807019,12.112136639428222,0.13769300635785298,99.86230699364215,5.984631030519338,LOW
655_512,1,0.9824889019710447,14.898347510189614,10.109649122807019,60.20966604029317,3.502219605791068,96.49778039420893,64.79340800226487,HIGH
655_1178,0,0.006170283213607464,14.898347510189614,10.109649122807019,27.9119127976147,1.2340566427214927,98.7659433572785,7.866108646337986,LOW
656_324,0,0.4112890735741796,14.898347510189614,10.109649122807019,59.62630736261417,82.25781471483592,17.742185285164084,33.319081572669404,MODERATE
656_1008,1,0.916316883116883,14.898347510189614,10.109649122807019,67.53930726172061,16.736623376623406,83.26337662337659,61.88691108742873,HIGH
657_85,0,0.04537171717171717,14.898347510189614,10.109649122807019,73.52775046211312,9.074343434343435,90.92565656565657,14.583771280483862,LOW
657_1007,1,0.8912031926406926,14.898347510189614,10.109649122807019,64.01466320453447,21.75936147186148,78.24063852813852,60.15319370551964,HIGH
658_575,1,0.9418474488632663,14.898347510189614,10.109649122807019,64.94008588955043,11.630510227346736,88.36948977265327,63.0311700662628,HIGH
659_576,1,0.7803795952132161,14.898347510189614,10.109649122807019,66.86590453365119,43.92408095735678,56.07591904264322,54.34301997992011,HIGH
659_1047,0,0.02169002389910157,14.898347510189614,10.109649122807019,30.369565865801274,4.338004779820315,95.66199522017969,8.96545969085882,LOW
660_520,1,0.5832368934705146,14.898347510189614,10.109649122807019,59.077288813564635,83.35262130589709,16.647378694102912,42.72130981206286,MODERATE
660_577,1,0.9700613756613758,14.898347510189614,10.109649122807019,71.1407280266228,5.987724867724831,94.01227513227516,65.20300025386607,HIGH
660_681,0,0.06273123313325303,14.898347510189614,10.109649122807019,52.332270377784084,12.546246626650603,87.4537533733494,13.418996649935432,LOW
660_1004,1,0.8916674783549784,14.898347510189614,10.109649122807019,61.88258007169311,21.666504329004322,78.33349567099567,59.96552110652123,HIGH
661_579,1,0.9070363271418505,14.898347510189614,10.109649122807019,69.0835872654285,18.59273457162991,81.4072654283701,61.53090850917273,HIGH
661_798,1,0.9432456991115594,14.898347510189614,10.109649122807019,61.07134696577285,11.350860177688116,88.64913982231188,62.72119993754116,HIGH
661_1004,1,0.9296314589665655,14.898347510189614,10.109649122807019,64.54422473783134,14.073708206686897,85.9262917933131,62.31970450677234,HIGH
661_1267,0,0.004300236593560844,14.898347510189614,10.109649122807019,30.991363114519167,0.8600473187121649,99.13995268128784,8.071201113925868,LOW
662_496,0,0.01870945082199704,14.898347510189614,10.109649122807019,34.56042967678838,3.7418901643994085,96.25810983560059,9.220614552716782,LOW
662_798,1,0.9580248193960366,14.898347510189614,10.109649122807019,62.51520743595632,8.395036120792687,91.60496387920732,63.67843760020575,HIGH
663_192,0,0.19828924963924968,14.898347510189614,10.109649122807019,46.87806656830769,39.65784992784993,60.34215007215007,20.32926717681761,LOW
663_798,1,0.9033411912747452,14.898347510189614,10.109649122807019,64.108167131139,19.331761745050958,80.66823825494905,60.83013402305299,HIGH
664_436,1,0.9533429756751187,14.898347510189614,10.109649122807019,61.144081950468774,9.331404864976257,90.66859513502374,63.28382364700651,HIGH
664_518,1,0.8896079716038232,14.898347510189614,10.109649122807019,57.64383633094635,22.07840567923536,77.92159432076464,59.42837386113301,HIGH
664_552,0,0.5265509768009766,14.898347510189614,10.109649122807019,88.13187291965603,94.68980463980468,5.310195360195323,42.50904280584742,MODERATE
665_191,0,0.5461340191599953,14.898347510189614,10.109649122807019,56.787510041381914,90.77319616800095,9.22680383199905,40.45167384776604,MODERATE
665_436,1,0.8988075971934664,14.898347510189614,10.109649122807019,60.22248210158969,20.238480561306726,79.76151943869327,60.192217845627724,HIGH
665_797,1,0.4808568345834327,14.898347510189614,10.109649122807019,52.60559605981386,96.17136691668654,3.8286330833134627,36.44323729789829,MODERATE
665_1000,1,0.9571714339039088,14.898347510189614,10.109649122807019,60.042096972926885,8.56571321921824,91.43428678078176,63.38419035183578,HIGH
666_786,0,0.03519807303729341,14.898347510189614,10.109649122807019,27.889153192932213,7.039614607458677,92.96038539254133,9.460361126172465,LOW
666_1210,0,0.003320182629260304,14.898347510189614,10.109649122807019,30.801729580091468,0.6640365258520631,99.33596347414793,7.998334792446569,LOW
667_826,1,0.9873365828650301,14.898347510189614,10.109649122807019,58.317001248433165,2.5326834269939758,97.46731657300603,64.87076397224808,HIGH
668_1439,0,0.006757988841313093,14.898347510189614,10.109649122807019,30.71164654601184,1.3515977682626135,98.64840223173739,8.178405830701509,LOW
670_680,1,0.8415402781149381,14.898347510189614,10.109649122807019,80.21055289175736,31.69194437701237,68.30805562298764,59.041322375325436,HIGH
670_1073,0,8.959497529210732e-05,14.898347510189614,10.109649122807019,16.374934739264706,0.017918995058419096,99.98208100494158,6.377972987395642,LOW
674_841,1,0.8723540964590963,14.898347510189614,10.109649122807019,55.575267781743186,25.529180708180732,74.47081929181927,58.272553873252726,HIGH
675_428,0,0.0127558660172603,14.898347510189614,10.109649122807019,27.116596421175554,2.5511732034520618,97.44882679654793,8.148784062894979,LOW
675_1528,0,0.013504915248239501,14.898347510189614,10.109649122807019,37.61928949054638,2.700983049647898,97.2990169503521,9.240251077535916,LOW
676_677,0,0.1679576882182146,14.898347510189614,10.109649122807019,60.770546913417434,33.59153764364292,66.40846235635708,20.050279333171652,LOW
677_766,0,0.008594356880054013,14.898347510189614,10.109649122807019,18.66331034050868,1.7188713760107999,98.2811286239892,7.074572452281945,LOW
677_822,0,0.03794261031651557,14.898347510189614,10.109649122807019,28.20198473314563,7.588522063303116,92.41147793669688,9.642593830551025,LOW
678_841,1,0.9203550112114219,14.898347510189614,10.109649122807019,55.77593808000483,15.928997757715614,84.07100224228438,60.9326712144568,HIGH
678_1443,0,0.002624107167431418,14.898347510189614,10.109649122807019,29.497517126939403,0.5248214334862888,99.4751785665137,7.829629396730774,LOW
679_840,1,0.9618002866215909,14.898347510189614,10.109649122807019,57.16859199511085,7.639942675681821,92.36005732431818,63.351426753526695,HIGH
679_1526,0,0.007255792149116399,14.898347510189614,10.109649122807019,33.78663020118973,1.451158429823285,98.54884157017672,8.513283378148481,LOW
681_836,1,0.9280963849676894,14.898347510189614,10.109649122807019,58.62004178104312,14.380723006462116,85.61927699353788,61.64285714115534,HIGH
681_945,0,0.0019733135166377673,14.898347510189614,10.109649122807019,16.105678806480416,0.39466270332755293,99.60533729667245,6.454651913891224,LOW
681_1322,0,0.14916190476190483,14.898347510189614,10.109649122807019,51.930245967763746,29.832380952380966,70.16761904761904,18.13248114850925,LOW
682_700,1,0.7372021922521924,14.898347510189614,10.109649122807019,77.76797472294619,52.559561549561515,47.440438450438485,53.05846983599331,HIGH
682_830,1,0.8071810288445828,14.898347510189614,10.109649122807019,55.87577144901286,38.56379423108345,61.43620576891655,54.71808552118144,HIGH
682_832,1,0.8878673183883723,14.898347510189614,10.109649122807019,54.442409411151694,22.42653632232554,77.57346367767445,59.01249524230375,HIGH
682_889,0,0.0024801316984559493,14.898347510189614,10.109649122807019,12.5496653212262,0.49602633969119125,99.50397366030882,6.126925565365803,LOW
683_833,1,0.9746826146110619,14.898347510189614,10.109649122807019,58.47900040548044,5.063477077787626,94.93652292221238,64.19099563398454,HIGH
683_1168,0,0.0015432595523372278,14.898347510189614,10.109649122807019,15.3474707959809,0.3086519104674501,99.69134808953255,6.355178144804743,LOW
684_539,0,0.1376798828622358,14.898347510189614,10.109649122807019,56.469024895378304,27.53597657244715,72.46402342755285,17.954847836788904,LOW
685_800,1,0.8234409794782599,14.898347510189614,10.109649122807019,58.222679651714756,35.31180410434802,64.68819589565197,55.847073626303875,HIGH
685_1307,0,2.1798365122615804e-05,14.898347510189614,10.109649122807019,23.444198644189353,0.004359673024523225,99.99564032697548,7.081170564328785,LOW
686_1225,0,0.004537202405526656,14.898347510189614,10.109649122807019,15.805230621531962,0.907440481105326,99.09255951889467,6.5656209842852675,LOW
688_812,1,0.9013692080176553,14.898347510189614,10.109649122807019,58.400357878919316,19.72615839646894,80.27384160353105,60.150894018691076,HIGH
688_1274,0,0.007162307171384848,14.898347510189614,10.109649122807019,28.013163817998414,1.432461434276966,98.56753856572304,7.930795066054114,LOW
688_1556,0,0.02060015334347759,14.898347510189614,10.109649122807019,26.266529814089314,4.120030668695518,95.87996933130448,8.495213205128305,LOW
688_1616,0,0.0002717983651226158,14.898347510189614,10.109649122807019,12.535686828788819,0.05435967302451772,99.94564032697548,6.004069382788731,LOW
689_462,1,0.9713334569362958,14.898347510189614,10.109649122807019,60.005333175947015,5.7333086127408395,94.26669138725916,64.15942523891908,HIGH
690_463,1,0.9937587301587303,14.898347510189614,10.109649122807019,62.471332407683455,1.2482539682539429,98.75174603174605,65.63941518932661,HIGH
690_466,1,0.9297209569362955,14.898347510189614,10.109649122807019,62.78193774272493,14.055808612740893,85.94419138725911,62.148398195596855,HIGH
690_552,1,0.8112878869496519,14.898347510189614,10.109649122807019,92.47162065451958,37.74242261006962,62.25757738993038,58.60354763751092,HIGH
690_1038,0,0.0070451505308476645,14.898347510189614,10.109649122807019,15.563062084194037,1.4090301061695287,98.59096989383048,6.679341277444131,LOW
691_75,0,0.0650570818070818,14.898347510189614,10.109649122807019,68.3343065363492,13.011416361416362,86.98858363858363,15.147121942852525,LOW
691_421,0,0.016843935521652576,14.898347510189614,10.109649122807019,23.800959809194847,3.3687871043305173,96.63121289566948,8.042064224438482,LOW
691_453,1,0.9850132049983114,14.898347510189614,10.109649122807019,64.23705147649873,2.9973590003377293,97.00264099966228,65.33498321238511,HIGH
692_978,1,0.7835802856953923,14.898347510189614,10.109649122807019,55.719693259305046,43.28394286092154,56.71605713907846,53.404436829005185,HIGH
693_857,0,0.004303616546940797,14.898347510189614,10.109649122807019,18.717367835788423,0.8607233093881561,99.13927669061184,6.843987483488691,LOW
694_455,1,0.9947166666666668,14.898347510189614,10.109649122807019,61.89785946141395,1.056666666666639,98.94333333333336,65.63475440263618,HIGH
694_1647,0,6.220240552665621e-05,14.898347510189614,10.109649122807019,9.239273116707517,0.012440481105335799,99.98755951889467,5.662900233802823,LOW
695_815,1,0.9507397628006848,14.898347510189614,10.109649122807019,58.94388953574568,9.852047439863032,90.14795256013697,62.92062769744034,HIGH
697_813,1,0.9397469705329177,14.898347510189614,10.109649122807019,55.28354946160062,12.050605893416467,87.94939410658353,61.94999011529864,HIGH
698_299,0,0.4403008861203765,14.898347510189614,10.109649122807019,54.16398079454724,88.0601772240753,11.939822775924696,34.36849860590354,MODERATE
698_438,1,0.9900904761904762,14.898347510189614,10.109649122807019,63.30884664563127,1.9819047619047625,98.01809523809524,65.52141264486741,HIGH
698_814,1,0.9548657211870255,14.898347510189614,10.109649122807019,58.536003696420394,9.026855762594899,90.97314423740511,63.10676682475654,HIGH
698_962,1,0.740798393828394,14.898347510189614,10.109649122807019,54.49341697504695,51.84032123432121,48.15967876567879,50.928805147894465,HIGH
699_342,0,0.21365140415140402,14.898347510189614,10.109649122807019,55.18725462195518,42.73028083028081,57.26971916971919,22.005104480350848,LOW
699_439,1,0.9783671732522797,14.898347510189614,10.109649122807019,63.47892526396301,4.326565349544054,95.67343465045595,64.89363884509979,HIGH
699_780,0,0.0040288690721933225,14.898347510189614,10.109649122807019,16.12358049418895,0.8057738144386595,99.19422618556133,6.5694976382176336,LOW
699_813,1,0.9701322291235338,14.898347510189614,10.109649122807019,60.49405981824707,5.973554175293239,94.02644582470676,64.14223037344716,HIGH
699_834,1,0.9560564897751628,14.898347510189614,10.109649122807019,60.54230769330917,8.788702044967444,91.21129795503256,63.37288949679298,HIGH
700_491,1,0.9226949410067057,14.898347510189614,10.109649122807019,80.91396886829773,15.461011798658863,84.53898820134114,63.575170432026695,HIGH
700_541,1,0.8678361247947459,14.898347510189614,10.109649122807019,67.89311971567417,26.432775041050817,73.56722495894918,59.25585062510655,HIGH
700_614,1,0.9463494708994713,14.898347510189614,10.109649122807019,76.71190061404448,10.73010582010574,89.26989417989427,64.45596275070348,HIGH
700_713,1,0.9688256613756614,14.898347510189614,10.109649122807019,71.77404166906531,6.234867724867721,93.76513227513227,65.19836733239602,HIGH
700_812,1,0.9260507500470548,14.898347510189614,10.109649122807019,60.63972890819419,14.789849990589033,85.21015000941097,61.73231593323554,HIGH
702_453,1,0.996841690626797,14.898347510189614,10.109649122807019,67.38101094211125,0.63166187464061,99.36833812535939,66.29994586851306,HIGH
702_951,1,0.5877794827153525,14.898347510189614,10.109649122807019,53.38475122931862,82.4441034569295,17.555896543070503,42.40189846210435,MODERATE
702_1183,0,6.220240552665621e-05,14.898347510189614,10.109649122807019,13.976631883177152,0.012440481105335799,99.98755951889467,6.136636110449787,LOW
703_492,1,0.9252441473559122,14.898347510189614,10.109649122807019,80.50229383956804,14.95117052881756,85.04882947118244,63.67420927836008,HIGH
703_654,0,0.06864445794608803,14.898347510189614,10.109649122807019,42.753323017082046,13.728891589217607,86.27110841078239,12.786329278571152,LOW
703_817,1,0.9560443606428081,14.898347510189614,10.109649122807019,60.23657470040802,8.791127871438388,91.20887212856161,63.341649095223346,HIGH
703_1649,0,6.220240552665621e-05,14.898347510189614,10.109649122807019,9.29683836080523,0.012440481105335799,99.98755951889467,5.668656758212594,LOW
704_489,1,0.9764064850182496,14.898347510189614,10.109649122807019,75.41236985956115,4.718702996350088,95.28129700364991,65.97914545178794,HIGH
705_442,1,0.9516675239792888,14.898347510189614,10.109649122807019,70.30710211562685,9.666495204142244,90.33350479585775,64.10797582025168,HIGH
705_813,1,0.7097668659153132,14.898347510189614,10.109649122807019,56.088375897013435,58.046626816937355,41.953373183062645,49.38156700487168,MODERATE
705_835,1,0.9296915889700363,14.898347510189614,10.109649122807019,65.25633861573165,14.061682205992732,85.93831779400728,62.39422304475326,HIGH
706_75,0,0.026319496204278817,14.898347510189614,10.109649122807019,52.47362302929035,5.263899240855762,94.73610075914424,11.430486383992477,LOW
706_819,1,0.9212462148996625,14.898347510189614,10.109649122807019,64.75366983070808,15.750757020067496,84.2492429799325,61.87946059238035,HIGH
707_586,0,0.5560602675102678,14.898347510189614,10.109649122807019,78.00213461922388,88.78794649794644,11.212053502053564,43.11907996481523,MODERATE
707_821,1,0.9592545497681036,14.898347510189614,10.109649122807019,64.90398316345845,8.149090046379271,91.85090995362073,63.98495034341965,HIGH
707_938,1,0.5904843665288579,14.898347510189614,10.109649122807019,53.85339858415512,81.9031266942284,18.096873305771595,42.5975318073308,MODERATE
708_52,0,0.0409893214217761,14.898347510189614,10.109649122807019,46.294737507367486,8.197864284355216,91.80213571564478,11.61943821876254,LOW
708_495,1,0.8936522779226637,14.898347510189614,10.109649122807019,74.74321655563324,21.269544415467266,78.73045558453273,61.360748731137924,HIGH
709_331,0,0.058252189398412854,14.898347510189614,10.109649122807019,40.145033986065705,11.650437879682574,88.34956212031743,11.953925605347383,LOW
710_465,1,0.9738906659310049,14.898347510189614,10.109649122807019,64.54046072620895,5.221866813799014,94.77813318620099,64.75358448865427,HIGH
710_704,1,0.9148149987267635,14.898347510189614,10.109649122807019,77.97608048799182,17.037000254647296,82.9629997453527,62.84798476859929,HIGH
712_482,0,0.08821232924493018,14.898347510189614,10.109649122807019,38.75318889202528,17.642465848986035,82.35753415101397,13.462548787501794,LOW
712_713,1,0.9539064949529668,14.898347510189614,10.109649122807019,71.64902341656165,9.218701009406649,90.78129899059336,64.36531135389744,HIGH
713_669,1,0.8865268313385959,14.898347510189614,10.109649122807019,84.35777353326856,22.69463373228082,77.30536626771918,61.93030486677773,HIGH
713_1038,0,2.1798365122615804e-05,14.898347510189614,10.109649122807019,11.023689254381166,0.004359673024523225,99.99564032697548,5.839119625347966,LOW
714_190,0,0.03925700602602742,14.898347510189614,10.109649122807019,29.746551359868516,7.851401205205488,92.14859879479451,9.869342257246466,LOW
714_915,1,0.9356149267399266,14.898347510189614,10.109649122807019,60.0068622192852,12.877014652014672,87.12298534798532,62.19505898245259,HIGH
714_917,1,0.8986680375180377,14.898347510189614,10.109649122807019,60.07768349696625,20.26639249639246,79.73360750360754,60.170062203016805,HIGH
715_692,1,0.9249010426610432,14.898347510189614,10.109649122807019,76.9873253073509,15.019791467791354,84.98020853220865,63.303841666920576,HIGH
715_926,1,0.9795299783549785,14.898347510189614,10.109649122807019,59.17545717604321,4.094004329004308,95.9059956709957,64.52724631695624,HIGH
716_753,0,0.003637214022911155,14.898347510189614,10.109649122807019,15.86577069239486,0.7274428045822345,99.27255719541776,6.522175630327705,LOW
717_222,0,0.004934358558552374,14.898347510189614,10.109649122807019,34.760644349925684,0.9868717117104797,99.01312828828952,8.483005945541056,LOW
717_641,1,0.9649964646464649,14.898347510189614,10.109649122807019,74.57528870191956,7.000707070707013,92.99929292929299,65.26788621557563,HIGH
718_841,1,0.9961908472479902,14.898347510189614,10.109649122807019,67.06217797818032,0.761830550401954,99.23816944959805,66.2322661862856,HIGH
719_841,1,0.9876159013605444,14.898347510189614,10.109649122807019,63.80846909486223,2.476819727891111,97.52318027210889,65.43527327414427,HIGH
719_913,1,0.6727729685065894,14.898347510189614,10.109649122807019,60.16178597426804,65.44540629868212,34.554593701317884,47.75424365511732,MODERATE
719_1244,0,7.659288567056101e-05,14.898347510189614,10.109649122807019,18.42357076919271,0.015318577134115774,99.98468142286589,6.582121475459257,LOW
720_667,1,0.9697854272205336,14.898347510189614,10.109649122807019,71.86331505052988,6.042914555893275,93.95708544410672,65.26008179201044,HIGH
720_691,1,0.9063807203907205,14.898347510189614,10.109649122807019,68.61217373055722,18.723855921855904,81.2761440781441,61.447708784373454,HIGH
721_483,1,0.9810444727891158,14.898347510189614,10.109649122807019,60.8916669954713,3.7911054421768453,96.20889455782316,64.78216449277662,HIGH
721_602,1,0.6543338383838389,14.898347510189614,10.109649122807019,79.32247759281267,69.13323232323224,30.866767676767765,48.65616066022051,MODERATE
721_691,1,0.8626883726858731,14.898347510189614,10.109649122807019,66.03725493104871,27.462325462825387,72.53767453717461,58.787137780655996,HIGH
721_1282,0,7.659288567056101e-05,14.898347510189614,10.109649122807019,19.54479817718972,0.015318577134115774,99.98468142286589,6.694244216258958,LOW
722_666,1,0.9789713057098605,14.898347510189614,10.109649122807019,68.85673303984402,4.205738858027908,95.79426114197209,65.46464690785483,HIGH
722_691,1,0.8806165717420988,14.898347510189614,10.109649122807019,68.66366448437192,23.87668565158023,76.12331434841977,60.03582968408073,HIGH
723_1336,0,0.0051106872540115054,14.898347510189614,10.109649122807019,15.059160422852985,1.0221374508022962,98.97786254919771,6.522555631084037,LOW
724_645,1,0.9750873015873018,14.898347510189614,10.109649122807019,65.99045261551963,4.982539682539633,95.01746031746036,64.96439863868167,HIGH
724_665,1,0.9844404761904763,14.898347510189614,10.109649122807019,67.16738546424243,3.111904761904749,96.88809523809525,65.59651652672854,HIGH
725_685,1,0.8948047657251663,14.898347510189614,10.109649122807019,63.626254548914474,21.039046854966735,78.96095314503327,60.3124393596037,HIGH
725_830,1,0.9781328197945847,14.898347510189614,10.109649122807019,72.58113729162807,4.3734360410830675,95.62656395891693,65.79097060769307,HIGH
726_607,1,0.8346823228128463,14.898347510189614,10.109649122807019,70.61415845113547,33.063535437430744,66.93646456256926,57.7044953896482,HIGH
726_685,1,0.8424904814255881,14.898347510189614,10.109649122807019,65.55632951633305,31.501903714882374,68.49809628511763,57.62816121986876,HIGH
727_445,1,0.9835692307692308,14.898347510189614,10.109649122807019,68.99585468166936,3.2861538461538498,96.71384615384615,65.73144495030273,HIGH
727_501,1,0.946377244299726,14.898347510189614,10.109649122807019,60.796083469548414,10.724551140054794,89.2754488599452,62.86590857326788,HIGH
728_350,0,0.01830135479240582,14.898347510189614,10.109649122807019,30.908040342399563,3.66027095848116,96.33972904151884,8.832930337650383,LOW
728_606,1,0.8723670995670997,14.898347510189614,10.109649122807019,74.04960984619171,25.526580086580065,74.47341991341993,60.12070325063776,HIGH
729_645,1,0.9798339285714287,14.898347510189614,10.109649122807019,63.60127043490933,4.033214285714259,95.96678571428573,64.9865449047476,HIGH
730_648,1,0.9783845238095239,14.898347510189614,10.109649122807019,65.32837937257074,4.32309523809522,95.67690476190478,65.079538536609,HIGH
731_651,1,0.9753703601630928,14.898347510189614,10.109649122807019,60.44155198073655,4.925927967381449,95.07407203261855,64.42507679687186,HIGH
732_654,1,0.838173532023532,14.898347510189614,10.109649122807019,62.31890265210267,32.36529359529361,67.63470640470639,57.06698631633263,HIGH
732_689,0,0.0595620781946244,14.898347510189614,10.109649122807019,44.58072318769205,11.912415638924879,88.08758436107512,12.469538409301652,LOW
732_833,1,0.9844615540899142,14.898347510189614,10.109649122807019,66.9275749365997,3.1076891820171593,96.89231081798285,65.57369475843336,HIGH
733_1560,0,6.220240552665621e-05,14.898347510189614,10.109649122807019,16.17055840237738,0.012440481105335799,99.98755951889467,6.35602876236981,LOW
734_444,1,0.9226296152022222,14.898347510189614,10.109649122807019,64.3268898580918,15.47407695955556,84.52592304044444,61.91286961175951,HIGH
734_749,0,0.011368166403863537,14.898347510189614,10.109649122807019,16.177166057545964,2.273633280772702,97.7263667192273,6.978517547795197,LOW
736_445,1,0.9730666238017306,14.898347510189614,10.109649122807019,65.74723926098629,5.386675239653882,94.61332476034612,64.82894002502192,HIGH
736_487,1,0.9942666666666666,14.898347510189614,10.109649122807019,63.95419767967172,1.1466666666666736,98.85333333333332,65.81563822446195,HIGH
736_1158,0,0.010232452118149249,14.898347510189614,10.109649122807019,12.087136329930974,2.0464904236298542,97.95350957637015,6.5070502893194115,LOW
738_651,1,0.969984438009438,14.898347510189614,10.109649122807019,62.262822613293444,6.003112398112398,93.99688760188761,64.31097814167654,HIGH
738_654,1,0.9754762755380751,14.898347510189614,10.109649122807019,61.907653262645404,4.904744892384971,95.09525510761503,64.57751227068678,HIGH
738_836,1,0.9969333333333332,14.898347510189614,10.109649122807019,66.45621649570512,0.6133333333333546,99.38666666666664,66.21250677273194,HIGH
739_651,1,0.8057239767949529,14.898347510189614,10.109649122807019,62.402180274154304,38.85520464100942,61.14479535899058,55.29058854096594,HIGH
739_652,1,0.984557622139765,14.898347510189614,10.109649122807019,61.75950216810533,3.088475572046989,96.91152442795301,65.06217122432572,HIGH
739_864,0,0.035763338386546495,14.898347510189614,10.109649122807019,39.33777277893783,7.152667677309299,92.8473323226907,10.636312678981946,LOW
740_137,0,0.10996616161616166,14.898347510189614,10.109649122807019,63.293781001429295,21.993232323232338,78.00676767676767,17.113068778859926,LOW
740_449,1,0.959273056878837,14.898347510189614,10.109649122807019,63.4885389687999,8.145388624232597,91.8546113757674,63.84442381504414,HIGH
740_937,0,0.01643706574614342,14.898347510189614,10.109649122807019,23.058668768078924,3.2874131492286796,96.71258685077132,7.945457282673885,LOW
741_64,0,0.029676984126984114,14.898347510189614,10.109649122807019,55.5932851130008,5.935396825396822,94.06460317460318,11.927114428112311,LOW
741_276,0,0.01425073662493044,14.898347510189614,10.109649122807019,36.190384848316235,2.8501473249860854,97.14985267501392,9.138380789030904,LOW
741_837,1,0.936428992214099,14.898347510189614,10.109649122807019,66.89479421612899,12.714201557180193,87.28579844281981,62.92862578321645,HIGH
742_554,1,0.9221340301003343,14.898347510189614,10.109649122807019,57.86400555582667,15.57319397993313,84.42680602006686,61.23932400092916,HIGH
742_839,1,0.9825619047619049,14.898347510189614,10.109649122807019,67.59984211623828,3.4876190476190283,96.51238095238097,65.5364407633567,HIGH
743_450,1,0.9864667124542126,14.898347510189614,10.109649122807019,62.81810321847037,2.706657509157484,97.29334249084252,65.27303129665682,HIGH
744_844,1,0.9208126619181856,14.898347510189614,10.109649122807019,64.85836486231717,15.837467616362888,84.16253238363711,61.86608468156003,HIGH
745_561,0,0.05345709321723941,14.898347510189614,10.109649122807019,39.08569367968167,10.69141864344788,89.30858135655212,11.58426128474444,LOW
745_976,0,0.01096333234902948,14.898347510189614,10.109649122807019,12.122218470283192,2.192666469805893,97.80733353019411,6.5507569160530466,LOW
746_490,1,0.9152675886006577,14.898347510189614,10.109649122807019,67.88432336467616,16.94648227986846,83.05351772013154,61.86370149933189,HIGH
747_866,1,0.9978666666666667,14.898347510189614,10.109649122807019,69.27801284479558,0.4266666666666641,99.57333333333334,66.54601974097433,HIGH
747_903,1,0.916697899159664,14.898347510189614,10.109649122807019,77.53201575811089,16.66042016806719,83.33957983193281,62.90713781942072,HIGH
748_455,1,0.9891552328623758,14.898347510189614,10.109649122807019,63.22847836651944,2.1689534275248334,97.83104657247517,65.46193743391072,HIGH
748_594,1,0.8221322592440241,14.898347510189614,10.109649122807019,78.65355329764132,35.573548151195176,64.42645184880482,57.81818137801357,HIGH
749_593,1,0.8606704082182842,14.898347510189614,10.109649122807019,75.03842223393345,27.865918356343155,72.13408164365684,59.57626646522708,HIGH
749_859,1,0.8228622042708248,14.898347510189614,10.109649122807019,61.09955890471144,35.42755914583504,64.57244085416497,56.10292891519461,HIGH
749_883,1,0.641246253746254,14.898347510189614,10.109649122807019,77.25366486370915,71.75074925074921,28.24925074925079,47.72946223224299,MODERATE
750_433,0,0.05823398702187647,14.898347510189614,10.109649122807019,56.34679779419716,11.646797404375297,88.35320259562471,13.573100855451028,LOW
750_841,1,0.9822198228128461,14.898347510189614,10.109649122807019,69.63541606601574,3.556035437430771,96.44396456256923,65.72118365113622,HIGH
750_843,1,0.857193415886439,14.898347510189614,10.109649122807019,71.13659476706262,28.56131682271219,71.43868317728781,58.994849140288515,HIGH
750_850,1,0.555857954790308,14.898347510189614,10.109649122807019,58.380431640690155,88.8284090419384,11.1715909580616,41.14578246736406,MODERATE
750_866,1,0.2935126918194944,14.898347510189614,10.109649122807019,51.61238032528554,58.70253836389888,41.29746163610112,26.039987872428853,MODERATE
750_906,1,0.9966571428571428,14.898347510189614,10.109649122807019,70.99982152269618,0.6685714285714406,99.33142857142856,66.65167679924058,HIGH
751_60,0,0.05559466178189906,14.898347510189614,10.109649122807019,48.333068953410994,11.118932356379819,88.88106764362018,12.626565083173654,LOW
751_145,0,0.03605952380952381,14.898347510189614,10.109649122807019,58.40692134504475,7.211904761904764,92.78809523809524,12.559517733856392,LOW
752_443,1,0.9939125541125541,14.898347510189614,10.109649122807019,65.50279380725974,1.2174891774891838,98.78251082251082,65.95102164674455,HIGH
752_908,1,0.9980461538461538,14.898347510189614,10.109649122807019,70.34309085813315,0.390769230769239,99.60923076923076,66.66239933717988,HIGH
753_473,1,0.8528638319575588,14.898347510189614,10.109649122807019,63.00146272867906,29.427233608488244,70.57276639151175,57.94320882036175,HIGH
754_633,1,0.9775638409209838,14.898347510189614,10.109649122807019,64.89646648922194,4.487231815803239,95.51276818419676,64.9912096894044,HIGH
758_453,1,0.9856496773068204,14.898347510189614,10.109649122807019,67.4162914347711,2.870064538635919,97.12993546136408,65.68791318518034,HIGH
758_473,1,0.8890063187593875,14.898347510189614,10.109649122807019,68.96519769673695,22.198736248122497,77.8012637518775,60.527419091268115,HIGH
760_455,1,0.9550379006458013,14.898347510189614,10.109649122807019,63.6988032039399,8.99241987083974,91.00758012916026,63.63251664574116,HIGH
760_507,1,0.7598383398301051,14.898347510189614,10.109649122807019,71.45435057267748,48.03233203397899,51.96766796602101,53.67209553775163,HIGH
760_513,1,0.6394210702414554,14.898347510189614,10.109649122807019,76.10811528397079,72.11578595170892,27.884214048291085,47.514522181505235,MODERATE
760_1007,0,2.1798365122615804e-05,14.898347510189614,10.109649122807019,9.912406833433694,0.004359673024523225,99.99564032697548,5.727991383253219,LOW
761_541,0,0.07937094725544797,14.898347510189614,10.109649122807019,35.14245751584066,15.874189451089594,84.12581054891041,12.615199640461812,LOW
762_449,1,0.9960914965986395,14.898347510189614,10.109649122807019,65.21935426090478,0.7817006802721016,99.2182993197279,66.04251952884375,HIGH
765_413,0,0.06666248159493625,14.898347510189614,10.109649122807019,42.36746052950563,13.332496318987253,86.66750368101275,12.638734330500162,LOW
765_1047,0,6.220240552665621e-05,14.898347510189614,10.109649122807019,10.03265347210757,0.012440481105335799,99.98755951889467,5.742238269342828,LOW
766_129,0,0.020926190476190477,14.898347510189614,10.109649122807019,56.21561197435856,4.185238095238097,95.81476190476191,11.508053463454438,LOW
767_452,1,0.9827170031842527,14.898347510189614,10.109649122807019,64.7508825696376,3.4565993631494596,96.54340063685054,65.26007522192576,HIGH
768_452,1,0.9525858523906017,14.898347510189614,10.109649122807019,62.937045371697955,9.482829521879665,90.51717047812033,63.42147820848099,HIGH
770_182,0,0.0321047619047619,14.898347510189614,10.109649122807019,49.97804898925033,6.420952380952382,93.57904761904761,11.499118593515043,LOW
771_992,0,0.0042728561585532905,14.898347510189614,10.109649122807019,12.440215748131052,0.8545712317106546,99.14542876828935,6.214580453361642,LOW
772_208,0,0.010548308483083312,14.898347510189614,10.109649122807019,20.15269388166667,2.1096616966166604,97.89033830338334,7.330978144564355,LOW
774_458,1,0.9186470379370816,14.898347510189614,10.109649122807019,65.70669827230392,16.270592412583685,83.72940758741632,61.831808703597986,HIGH
776_641,1,0.8277443326828875,14.898347510189614,10.109649122807019,63.48739942702755,34.4511334634225,65.54886653657749,56.610230030089674,HIGH
777_459,1,0.9715950251622747,14.898347510189614,10.109649122807019,67.37302080792742,5.680994967545061,94.31900503245494,64.91058025454595,HIGH
778_639,1,0.9043510101010103,14.898347510189614,10.109649122807019,66.43233923137889,19.129797979797946,80.87020202020206,61.11809126852156,HIGH
778_640,1,0.8210683261183258,14.898347510189614,10.109649122807019,64.28848322192017,35.78633477633484,64.21366522366516,56.323158048528036,HIGH
780_730,0,0.010810008194508915,14.898347510189614,10.109649122807019,10.760442139356586,2.162001638901778,97.83799836109822,6.406146454461755,LOW
780_925,1,0.8750027472527473,14.898347510189614,10.109649122807019,58.06168365308826,24.999450549450543,75.00054945054946,58.666871254038035,HIGH
780_1405,0,0.14693571428571425,14.898347510189614,10.109649122807019,54.779335035538246,29.387142857142855,70.61285714285714,18.294949579096215,LOW
781_458,1,0.9429360682461752,14.898347510189614,10.109649122807019,68.72285951243123,11.41278635076497,88.58721364923503,63.46932149461086,HIGH
782_640,1,0.8956469696969696,14.898347510189614,10.109649122807019,68.26211659533658,20.87060606060609,79.1293939393939,60.82234678269509,HIGH
784_1110,0,0.037090904959011815,14.898347510189614,10.109649122807019,34.22819060164354,7.418180991802359,92.58181900819764,10.19837062273811,LOW
784_1298,0,0.006688465031789282,14.898347510189614,10.109649122807019,11.36289062788334,1.337693006357854,98.66230699364215,6.23970642936485,LOW
785_639,1,0.9096858585858585,14.898347510189614,10.109649122807019,69.30102816865265,18.062828282828303,81.9371717171717,61.69837682891559,HIGH
787_642,1,0.5125848540348547,14.898347510189614,10.109649122807019,68.01071663882044,97.48302919302907,2.5169708069709316,39.72879042562715,MODERATE
787_927,1,0.8244372349872352,14.898347510189614,10.109649122807019,55.05257962546144,35.11255300255296,64.88744699744704,55.584857676672186,HIGH
788_1433,0,0.006781322174646425,14.898347510189614,10.109649122807019,23.595479595115624,1.3562644349292885,98.64373556507071,7.468072468945222,LOW
789_652,1,0.840075468975469,14.898347510189614,10.109649122807019,75.47705978276255,31.984906204906196,68.0150937950938,58.48740856175515,HIGH
790_456,1,0.14741959706959704,14.898347510189614,10.109649122807019,59.120515064268496,29.483919413919413,70.51608058608059,18.755681135082792,LOW
790_638,1,0.9199472871572868,14.898347510189614,10.109649122807019,71.62676498582906,16.01054256854264,83.98945743145737,62.49532908206178,HIGH
790_652,1,0.8339953102453103,14.898347510189614,10.109649122807019,77.94422570957637,33.20093795093795,66.79906204906206,58.399716424277806,HIGH
790_926,1,0.8718863555363557,14.898347510189614,10.109649122807019,57.178253059204934,25.62272889272885,74.37727110727116,58.40712665024816,HIGH
792_684,0,0.005733703127027378,14.898347510189614,10.109649122807019,18.216132258449257,1.1467406254054735,98.85325937459453,6.872518687659538,LOW
792_1040,0,0.0032967983651226154,14.898347510189614,10.109649122807019,13.09589164714711,0.6593596730245177,99.34064032697549,6.22646486462456,LOW
794_509,1,0.7771534310038686,14.898347510189614,10.109649122807019,65.24201799000751,44.569313799226286,55.430686200773714,54.003192294041625,HIGH
795_648,1,0.8751764538239536,14.898347510189614,10.109649122807019,67.19574081030454,24.96470923520928,75.03529076479072,59.589830831176016,HIGH
797_514,1,0.7683808528726179,14.898347510189614,10.109649122807019,73.48425729428179,46.32382942547642,53.67617057452358,54.34492442725027,HIGH
798_514,1,0.7183318907236557,14.898347510189614,10.109649122807019,73.97137818340862,56.333621855268866,43.666378144731134,51.64094359797002,HIGH
798_649,1,0.9179774458874453,14.898347510189614,10.109649122807019,71.88257230015779,16.404510822510932,83.59548917748907,62.41256854365338,HIGH
798_1474,0,0.015916820010144262,14.898347510189614,10.109649122807019,34.674642909991995,3.1833640020288545,96.81663599797115,9.07844118138524,LOW
799_786,0,0.0005622024055266562,14.898347510189614,10.109649122807019,19.552441191207073,0.11244048110533589,99.88755951889466,6.721717041252779,LOW
800_474,1,0.08036040542295163,14.898347510189614,10.109649122807019,47.795102411513156,16.07208108459033,83.92791891540966,13.934884329241761,LOW
801_438,0,0.14184528623544584,14.898347510189614,10.109649122807019,35.37708034907669,28.36905724708917,71.63094275291083,16.074750567685296,LOW
801_654,1,0.9237790331890332,14.898347510189614,10.109649122807019,69.62304471242251,15.244193362193359,84.75580663780664,62.50570308646718,HIGH
802_101,0,0.05034761904761904,14.898347510189614,10.109649122807019,65.97343876696196,10.069523809523806,89.9304761904762,14.10201471414335,LOW
805_515,1,0.7093820982938631,14.898347510189614,10.109649122807019,71.60120575513702,58.123580341227374,41.876419658772626,50.911687771504276,HIGH
806_513,1,0.8193837721755372,14.898347510189614,10.109649122807019,72.25261066480519,36.12324556489257,63.87675443510743,57.02692032596317,HIGH
806_645,1,0.8707674603174607,14.898347510189614,10.109649122807019,76.02779418768134,25.84650793650787,74.15349206349214,60.23054152605658,HIGH
806_935,1,0.8442517956517962,14.898347510189614,10.109649122807019,62.05155750490182,31.14964086964076,68.85035913035924,57.37455630116708,HIGH
806_937,1,0.6752947495407261,14.898347510189614,10.109649122807019,62.67583273347188,64.94105009185478,35.05894990814522,48.144346287915226,MODERATE
807_217,0,0.3163547922998987,14.898347510189614,10.109649122807019,56.136609543495744,63.270958459979745,36.729041540020255,27.748726320672105,MODERATE
807_722,0,0.004355131698455949,14.898347510189614,10.109649122807019,10.415498081396937,0.8710263396911944,99.1289736603088,6.016633841382876,LOW
808_640,1,0.8671937144554795,14.898347510189614,10.109649122807019,80.39954021449866,26.56125710890409,73.43874289109591,60.47116010632934,HIGH
808_641,1,0.8920168746286395,14.898347510189614,10.109649122807019,80.2988254159186,21.59662507427209,78.40337492572792,61.826362435995144,HIGH
809_637,1,0.7619779302396952,14.898347510189614,10.109649122807019,87.59587894078018,47.604413952060966,52.395586047939034,55.403925847089354,HIGH
811_512,1,0.8923058585858588,14.898347510189614,10.109649122807019,65.40069757363615,21.53882828282825,78.46117171717175,60.35244376941396,HIGH
811_613,0,0.4401820096570098,14.898347510189614,10.109649122807019,63.11918118077844,88.03640193140197,11.963598068598031,35.25748043904149,MODERATE
812_517,1,0.8872351613021633,14.898347510189614,10.109649122807019,67.62109736615155,22.552967739567343,77.44703226043265,60.29559539806225,HIGH
813_639,1,0.7349575839193488,14.898347510189614,10.109649122807019,88.08906519694246,53.00848321613023,46.99151678386977,53.967125425086536,HIGH
813_1458,0,0.017183486676810928,14.898347510189614,10.109649122807019,33.44466293983838,3.436697335362182,96.56330266463782,9.025109851036545,LOW
813_1533,0,0.0020217983651226157,14.898347510189614,10.109649122807019,11.752264515980967,0.4043596730245236,99.59564032697547,6.021977151507946,LOW
814_518,1,0.8812896112255584,14.898347510189614,10.109649122807019,60.11021547301502,23.742077754888324,76.25792224511167,59.21750195453532,HIGH
814_1297,0,0.004388465031789282,14.898347510189614,10.109649122807019,14.702390857890215,0.8776930063578603,99.12230699364214,6.447156452365538,LOW
814_1408,0,0.0028987214420456925,14.898347510189614,10.109649122807019,28.29188770646576,0.5797442884091342,99.42025571159087,7.7241702397871945,LOW
815_14,0,0.06313405483405483,14.898347510189614,10.109649122807019,63.825571800149625,12.626810966810964,87.37318903318904,14.590481985716085,LOW
815_507,1,0.5207085886835138,14.898347510189614,10.109649122807019,60.07774485176435,95.85828226329724,4.141717736702759,39.3822986525978,MODERATE
816_878,0,2.1798365122615804e-05,14.898347510189614,10.109649122807019,10.842869811238995,0.004359673024523225,99.99564032697548,5.821037681033749,LOW
817_215,0,0.11125993354471612,14.898347510189614,10.109649122807019,55.008272627801645,22.251986708943228,77.74801329105676,16.35567539756766,LOW
818_643,1,0.7732903607503607,14.898347510189614,10.109649122807019,77.50213946150183,45.341927849927856,54.658072150072144,55.01673557724813,HIGH
820_643,1,0.8177918037518037,14.898347510189614,10.109649122807019,75.89930952548403,36.44163924963926,63.55836075036074,57.30403194872571,HIGH
820_1220,0,0.0003955357388599895,14.898347510189614,10.109649122807019,22.678389392253386,0.07910714777199512,99.92089285222801,7.025145194690744,LOW
821_178,0,0.015285867629191882,14.898347510189614,10.109649122807019,43.75029074549778,3.0571735258383748,96.94282647416162,9.951303583983439,LOW
822_524,1,0.3164946349848655,14.898347510189614,10.109649122807019,34.05344014337235,63.2989269969731,36.7010730030269,25.548100728332944,MODERATE
824_651,1,0.05326145247053012,14.898347510189614,10.109649122807019,53.595161634114206,10.65229049410602,89.34770950589397,13.024447839118682,LOW
825_466,0,0.26283038791274077,14.898347510189614,10.109649122807019,50.728216501678745,52.566077582548154,47.433922417451846,24.264044775196723,LOW
825_646,1,0.6715238816738818,14.898347510189614,10.109649122807019,75.91524581026647,65.69522366522365,34.30477633477635,49.26088986291825,MODERATE
826_645,1,0.8583438149972631,14.898347510189614,10.109649122807019,75.15179633222827,28.331237000547382,71.66876299945261,59.4596412479004,HIGH
826_1489,0,0.002462202405526656,14.898347510189614,10.109649122807019,18.780600036931844,0.49244048110532734,99.50755951889467,6.749032925825256,LOW
827_524,1,0.28422665172763567,14.898347510189614,10.109649122807019,27.54408885369017,56.84533034552713,43.15466965447287,23.122426520217086,LOW
827_978,1,0.8839013888888886,14.898347510189614,10.109649122807019,69.9046002642987,23.219722222222284,76.78027777777771,60.34058820514685,HIGH
828_97,0,0.07258644688644689,14.898347510189614,10.109649122807019,70.86537029582114,14.517289377289377,85.48271062271063,15.814343398164798,LOW
830_286,0,0.031966273534516906,14.898347510189614,10.109649122807019,20.01509668934108,6.3932547069033845,93.60674529309662,8.495206503160643,LOW
830_643,1,0.48055075757575766,14.898347510189614,10.109649122807019,68.61162641283039,96.11015151515153,3.8898484848484713,38.027006097777814,MODERATE
831_375,0,0.002466242809567061,14.898347510189614,10.109649122807019,11.153938959477443,0.4932485619134175,99.50675143808658,5.9865890403020385,LOW
832_990,1,0.9114270477888124,14.898347510189614,10.109649122807019,82.41159939250134,17.71459044223751,82.28540955776249,63.10519935746292,HIGH
837_643,1,0.9477310245310248,14.898347510189614,10.109649122807019,65.87197581138949,10.453795093795048,89.54620490620495,63.44795572017342,HIGH
840_198,0,0.007258955082860343,14.898347510189614,10.109649122807019,30.117723413953986,1.4517910165720682,98.54820898342793,8.146566660780824,LOW
842_1240,0,7.659288567056101e-05,14.898347510189614,10.109649122807019,15.702186069667876,0.015318577134115774,99.98468142286589,6.309983005506774,LOW
846_1668,0,0.003259893603217854,14.898347510189614,10.109649122807019,10.380087583907239,0.6519787206435756,99.34802127935643,5.9528546963958116,LOW
848_85,0,0.1630200577200577,14.898347510189614,10.109649122807019,86.26452096054436,32.604011544011534,67.39598845598846,22.328107060485713,LOW
851_953,0,0.003062202405526656,14.898347510189614,10.109649122807019,18.820818500489768,0.6124404811053363,99.38755951889466,6.786054772181048,LOW
854_110,0,0.06003809523809521,14.898347510189614,10.109649122807019,66.79560568602396,12.007619047619045,87.99238095238096,14.71720759652574,LOW
854_858,0,0.005685687254011505,14.898347510189614,10.109649122807019,11.815251011967806,1.1371374508023058,98.8628625491977,6.229789689995519,LOW
856_147,0,0.01082956673202142,14.898347510189614,10.109649122807019,46.08790739804049,2.16591334640428,97.83408665359572,9.939968699893333,LOW
856_1234,0,0.0028765602698845203,14.898347510189614,10.109649122807019,11.902117885444433,0.5753120539769063,99.4246879460231,6.083974393216198,LOW
856_1274,0,0.00697656026988452,14.898347510189614,10.109649122807019,19.95349936635808,1.3953120539769048,98.60468794602309,7.1146125413075625,LOW
857_241,0,0.015841501918649626,14.898347510189614,10.109649122807019,18.224760916329597,3.1683003837299273,96.83169961627007,7.429310486986795,LOW
858_291,0,0.07573702214517397,14.898347510189614,10.109649122807019,11.46668376734282,15.147404429034793,84.8525955709652,10.047756384546958,LOW
860_566,0,0.0010884650317892826,14.898347510189614,10.109649122807019,12.858820902677431,0.21769300635785527,99.78230699364215,6.08129945684426,LOW
860_711,0,0.0035217983651226158,14.898347510189614,10.109649122807019,20.520523778611693,0.7043596730245238,99.29564032697547,6.9813030777710186,LOW
860_1568,0,0.14217748164878602,14.898347510189614,10.109649122807019,60.596984892739925,28.435496329757203,71.5645036702428,18.61501176978533,LOW
864_648,1,0.7658296840414492,14.898347510189614,10.109649122807019,80.12179641474532,46.83406319171015,53.16593680828985,54.86836405358235,HIGH
867_649,1,0.7713347345464996,14.898347510189614,10.109649122807019,85.9990428024262,45.73305309070008,54.26694690929992,55.758866470128204,HIGH
869_1488,0,0.0028765602698845203,14.898347510189614,10.109649122807019,12.013499778001002,0.5753120539769063,99.4246879460231,6.095112582471854,LOW
870_1206,0,0.0002717983651226158,14.898347510189614,10.109649122807019,10.313418374738886,0.05435967302451772,99.94564032697548,5.781842537383738,LOW
870_1438,0,0.0028765602698845203,14.898347510189614,10.109649122807019,10.579041533635886,0.5753120539769063,99.4246879460231,5.951666758035342,LOW
871_353,0,0.0054376713809956324,14.898347510189614,10.109649122807019,16.227906491901837,1.0875342761991313,98.91246572380086,6.657414364973049,LOW
872_911,0,0.00682656026988452,14.898347510189614,10.109649122807019,21.41417087879472,1.3653120539769081,98.63468794602309,7.252429692551226,LOW
874_637,1,0.8551258897609961,14.898347510189614,10.109649122807019,69.08990692800757,28.974822047800775,71.02517795219923,58.676466419483646,HIGH
875_51,0,0.11320086580086583,14.898347510189614,10.109649122807019,59.42769047540677,22.64017316017317,77.35982683982684,16.904368456416407,LOW
875_463,0,0.005043361825816512,14.898347510189614,10.109649122807019,21.121216536658427,1.008672365163299,98.99132763483671,7.125058343913857,LOW
875_1630,0,0.15576378066378072,14.898347510189614,10.109649122807019,54.748459970989785,31.152756132756142,68.84724386724386,18.777405723435024,LOW
877_266,0,0.059669263162882485,14.898347510189614,10.109649122807019,17.93904247922478,11.933852632576492,88.06614736742351,9.811265511709122,LOW
877_1645,0,2.1798365122615804e-05,14.898347510189614,10.109649122807019,18.52346454792655,0.004359673024523225,99.99564032697548,6.589097154702504,LOW
878_1496,0,0.0026122024055266566,14.898347510189614,10.109649122807019,11.087445215767882,0.5224404811053351,99.47755951889467,5.98796744370886,LOW
880_646,1,0.7357035624506212,14.898347510189614,10.109649122807019,81.20172718502087,52.85928750987576,47.14071249012424,53.31942044311436,HIGH
882_411,0,0.036539781184862924,14.898347510189614,10.109649122807019,25.52682422344018,7.307956236972579,92.69204376302741,9.297922177339585,LOW
885_511,1,0.9070556192173842,14.898347510189614,10.109649122807019,68.73537903712712,18.58887615652316,81.41112384347684,61.49714875049695,HIGH
885_634,1,0.8725347943722948,14.898347510189614,10.109649122807019,69.51432279180482,25.493041125541048,74.50695887445895,59.67639775948479,HIGH
886_522,1,0.9703996495567923,14.898347510189614,10.109649122807019,65.14465001509137,5.920070088641549,94.07992991135845,64.62199751696082,HIGH
887_524,1,0.9334656705728136,14.898347510189614,10.109649122807019,64.14950984399637,13.30686588543728,86.69313411456272,62.49111465573249,HIGH
887_1019,0,0.007220283213607464,14.898347510189614,10.109649122807019,16.72328126969704,1.4440566427214918,98.55594335727851,6.804995493546221,LOW
888_520,1,0.976628220985364,14.898347510189614,10.109649122807019,64.02057837803994,4.67435580292721,95.32564419707279,64.8521617818271,HIGH
888_1672,0,0.01011703646036071,14.898347510189614,10.109649122807019,9.468818672567716,2.0234072920721435,97.97659270792785,6.238870662404716,LOW
889_524,1,0.9613836322407752,14.898347510189614,10.109649122807019,62.962561427104305,7.723273551844967,92.27672644815503,63.90790770578117,HIGH
890_1332,0,0.00487656026988452,14.898347510189614,10.109649122807019,15.412506989763191,0.9753120539769067,99.02468794602309,6.545013303648074,LOW
892_524,1,0.9359212004696477,14.898347510189614,10.109649122807019,61.83979502931971,12.815759906070468,87.18424009392953,62.3951973185907,HIGH
892_639,1,0.8704422799422799,14.898347510189614,10.109649122807019,73.335949829093,25.91154401154403,74.08845598845596,59.943472169562796,HIGH
894_251,0,0.08853439887762136,14.898347510189614,10.109649122807019,48.634434254742025,17.706879775524275,82.29312022447573,14.468387153571484,LOW
897_647,1,0.8736033910533907,14.898347510189614,10.109649122807019,70.38243439744282,25.279321789321862,74.72067821067813,59.82198173750888,HIGH
898_1638,0,0.002943010486334737,14.898347510189614,10.109649122807019,37.14712353758982,0.5886020972669437,99.41139790273306,8.612129720335497,LOW
899_269,0,0.0440421744807611,14.898347510189614,10.109649122807019,27.015888621811957,8.808434896152217,91.19156510384778,9.859460248451162,LOW
899_1425,0,2.1798365122615804e-05,14.898347510189614,10.109649122807019,9.781442215350356,0.004359673024523225,99.99564032697548,5.714894921444885,LOW
903_541,1,0.8473577981495628,14.898347510189614,10.109649122807019,72.52430329971185,30.528440370087438,69.47155962991256,58.59266101802525,HIGH
906_656,1,0.6743781163281161,14.898347510189614,10.109649122807019,69.07893065233178,65.12437673437678,34.87562326562322,48.73424125310767,MODERATE
909_653,1,0.7420000581118231,14.898347510189614,10.109649122807019,79.81305917179212,51.59998837763538,48.40001162236462,53.52686090315759,HIGH
909_849,0,0.01182696431028856,14.898347510189614,10.109649122807019,24.502386071885667,2.3653928620577136,97.63460713794228,7.8362734340825435,LOW
910_140,0,0.09887958152958157,14.898347510189614,10.109649122807019,69.6332947476244,19.775916305916308,80.22408369408369,17.137258248717533,LOW
911_877,0,0.0038955357388599896,14.898347510189614,10.109649122807019,29.81737220820953,0.7791071477719957,99.220892852228,7.931543476286358,LOW
912_1617,0,0.0071092442525685015,14.898347510189614,10.109649122807019,36.94368496228172,1.4218488505136961,98.5781511494863,8.820928719947545,LOW
913_280,0,0.04479814117311498,14.898347510189614,10.109649122807019,32.44583442336637,8.959628234622997,91.040371765377,10.444032996686067,LOW
914_551,1,0.6384732412032414,14.898347510189614,10.109649122807019,72.33127781930034,72.30535175935171,27.69464824064829,47.08470783793642,MODERATE
914_1536,0,2.1798365122615804e-05,14.898347510189614,10.109649122807019,22.557980819361124,0.004359673024523225,99.99564032697548,6.9925487818459615,LOW
915_1203,0,2.1798365122615804e-05,14.898347510189614,10.109649122807019,14.557825783287853,0.004359673024523225,99.99564032697548,6.192533278238635,LOW
917_1139,0,0.046412534295858544,14.898347510189614,10.109649122807019,28.868963238127726,9.282506859171713,90.71749314082828,10.175137499913099,LOW
918_987,0,0.08896671685802121,14.898347510189614,10.109649122807019,50.70344062086893,17.79334337160424,82.20665662839576,14.699065279106165,LOW
919_189,0,0.013743535411743522,14.898347510189614,10.109649122807019,37.06658074265301,2.7487070823487003,97.2512929176513,9.1981043117393,LOW
919_555,1,0.4598388336301378,14.898347510189614,10.109649122807019,67.39543479011552,91.96776672602755,8.032233273972452,36.76623111849724,MODERATE
919_1247,0,0.0005932269365511872,14.898347510189614,10.109649122807019,7.312084072542377,0.11864538731023444,99.88135461268976,5.499387678592659,LOW
919_1636,0,0.170597113997114,14.898347510189614,10.109649122807019,53.323402661929954,34.11942279942279,65.8805772005772,19.450733325862373,LOW
924_413,0,0.07085522837570811,14.898347510189614,10.109649122807019,47.49548462123185,14.171045675141624,85.82895432485837,13.382137812615237,LOW
925_376,0,0.4159475150580413,14.898347510189614,10.109649122807019,59.60681652871935,83.18950301160825,16.810496988391748,33.573346770892314,MODERATE
925_829,0,0.039541423184747446,14.898347510189614,10.109649122807019,42.06566322956858,7.908284636949492,92.09171536305051,11.116896387946074,LOW
927_907,0,0.12942592407592415,14.898347510189614,10.109649122807019,64.14850574066125,25.885184815184825,74.11481518481517,18.26882818807006,LOW
927_1239,0,2.1798365122615804e-05,14.898347510189614,10.109649122807019,7.777402496519484,0.004359673024523225,99.99564032697548,5.5144909495617975,LOW
931_659,0,0.3204783938283937,14.898347510189614,10.109649122807019,66.3566530523134,64.09567876567874,35.90432123432126,28.9975287556211,MODERATE
932_635,1,0.9226920498420499,14.898347510189614,10.109649122807019,64.70181909738282,15.461590031590022,84.53840996840998,61.95379644087913,HIGH
932_842,0,0.14473715728715736,14.898347510189614,10.109649122807019,60.53762549442264,28.94743145743147,71.05256854256854,18.749857990064026,LOW
934_580,1,0.7705519405232446,14.898347510189614,10.109649122807019,62.289024224857755,45.88961189535108,54.11038810464892,53.344810941092334,HIGH
936_632,1,0.9243631416202847,14.898347510189614,10.109649122807019,66.77313758056323,15.127371675943069,84.87262832405693,62.252838337000085,HIGH
937_490,0,0.04821581335396519,14.898347510189614,10.109649122807019,20.200085374566658,9.643162670793037,90.35683732920697,9.407430061752857,LOW
937_628,1,0.7505270562770563,14.898347510189614,10.109649122807019,67.80564510083073,49.894588744588745,50.105411255411255,52.795104395149274,HIGH
938_1524,0,6.220240552665621e-05,14.898347510189614,10.109649122807019,15.861719962620114,0.012440481105335799,99.98755951889467,6.325144918394083,LOW
938_1636,0,0.00013912548244973314,14.898347510189614,10.109649122807019,26.210769314646626,0.027825096489941803,99.97217490351005,7.364280622827504,LOW
939_320,0,0.026749146687298525,14.898347510189614,10.109649122807019,22.832185559482582,5.349829337459711,94.65017066254029,8.489973413577783,LOW
940_32,0,0.04094388596832373,14.898347510189614,10.109649122807019,40.56811314643349,8.188777193664743,91.81122280633525,11.04427683272926,LOW
940_1007,0,0.0018891254824497331,14.898347510189614,10.109649122807019,26.946604974107547,0.37782509648994766,99.62217490351006,7.534114188773596,LOW
942_891,0,0.010783313516637767,14.898347510189614,10.109649122807019,23.462259796444123,2.15666270332755,97.84333729667244,7.674860012887595,LOW
944_107,0,0.006572414530566368,14.898347510189614,10.109649122807019,32.961371000217746,1.314482906113279,98.68551709388672,8.393171689031032,LOW
945_33,0,0.06767919240378256,14.898347510189614,10.109649122807019,31.29622458997797,13.535838480756512,86.46416151924349,11.587529831033944,LOW
945_584,0,0.007005647848972099,14.898347510189614,10.109649122807019,39.61689588099544,1.4011295697944237,98.59887043020558,9.082552009621116,LOW
946_1451,0,2.1798365122615804e-05,14.898347510189614,10.109649122807019,22.217739165476885,0.004359673024523225,99.99564032697548,6.958524616457538,LOW
947_1256,0,0.0009217983651226158,14.898347510189614,10.109649122807019,6.4059335190336935,0.1843596730245256,99.81564032697547,5.426844051813219,LOW
948_1238,0,0.0011884650317892825,14.898347510189614,10.109649122807019,7.637508053631965,0.23769300635785306,99.76230699364214,5.564668171939712,LOW
949_926,0,0.011469926219003895,14.898347510189614,10.109649122807019,25.779238379804713,2.293985243800778,97.70601475619922,7.944321569853791,LOW
953_463,0,0.09456146949655121,14.898347510189614,10.109649122807019,37.671875163431835,18.91229389931024,81.08770610068976,13.703620128481607,LOW
954_842,0,0.013779450028527703,14.898347510189614,10.109649122807019,27.978100074342354,2.7558900057055413,97.24410999429446,8.291231548831366,LOW
955_518,0,0.0025066468499711004,14.898347510189614,10.109649122807019,18.500945702691183,0.501329369994219,99.49867063000578,6.723511936845634,LOW
957_127,0,0.023543113352339898,14.898347510189614,10.109649122807019,34.60814190130073,4.708622670467976,95.29137732953203,9.491237214336874,LOW
957_226,0,0.09280685425685431,14.898347510189614,10.109649122807019,56.3167422690058,18.56137085137086,81.43862914862913,15.471603000855673,LOW
958_779,0,0.010491241251720993,14.898347510189614,10.109649122807019,32.35973432048594,2.0982482503442035,97.9017517496558,8.548543490721354,LOW
964_258,0,0.1719723792547322,14.898347510189614,10.109649122807019,66.20755594356167,34.394475850946435,65.60552414905356,20.814788243194545,LOW
964_1058,0,0.010503075421399671,14.898347510189614,10.109649122807019,20.580431294348042,2.100615084279933,97.89938491572006,7.371264067439892,LOW
965_975,0,0.0007432595523372276,14.898347510189614,10.109649122807019,27.477974244888276,0.14865191046744552,99.85134808953255,7.524228489695481,LOW
966_677,0,0.2782183866168338,14.898347510189614,10.109649122807019,56.52222436260509,55.64367732336676,44.35632267663324,25.689785490014476,MODERATE
969_529,0,0.06587486849894614,14.898347510189614,10.109649122807019,33.59019556349486,13.174973699789227,86.82502630021077,11.71768911361963,LOW
970_131,0,0.006082575337983915,14.898347510189614,10.109649122807019,28.733079945285596,1.2165150675967795,98.78348493240323,7.943401427945781,LOW
974_800,0,0.03368364871843133,14.898347510189614,10.109649122807019,55.014221263451766,6.736729743686265,93.26327025631373,12.089574595687006,LOW
975_590,0,0.0511953823953824,14.898347510189614,10.109649122807019,46.708584971639155,10.23907647907648,89.76092352092351,12.222156318738053,LOW
980_1051,0,0.02151205810538236,14.898347510189614,10.109649122807019,37.10435372245774,4.302411621076474,95.69758837892353,9.62915035786991,LOW
982_1047,0,0.12581570675701115,14.898347510189614,10.109649122807019,50.51873757994105,25.16314135140223,74.83685864859777,16.707289419457823,LOW
987_224,0,0.1222182317682317,14.898347510189614,10.109649122807019,61.652767374339824,24.443646353646344,75.55635364635366,17.62283127451483,LOW
988_92,0,0.05540699317031741,14.898347510189614,10.109649122807019,51.49707401258497,11.081398634063477,88.91860136593652,12.93264381545406,LOW
991_998,0,0.49754185520361965,14.898347510189614,10.109649122807019,71.58775285716656,99.50837104072393,0.49162895927607053,39.25912911174384,MODERATE
992_1158,0,0.0012098325531568039,14.898347510189614,10.109649122807019,27.274480827058706,0.24196651063136398,99.75803348936864,7.529540662957601,LOW
993_19,0,0.016066891590796856,14.898347510189614,10.109649122807019,38.024787445716434,3.2133783181593767,96.78662168184063,9.421709571893576,LOW
993_1052,0,0.009876560269884522,14.898347510189614,10.109649122807019,25.79869954771134,1.9753120539769076,98.02468794602309,7.8586325594428885,LOW
997_899,0,0.01860390349776378,14.898347510189614,10.109649122807019,48.39766917686946,3.7207806995527504,96.27921930044725,10.598533399892059,LOW
999_1162,0,2.1798365122615804e-05,14.898347510189614,10.109649122807019,19.210514615201177,0.004359673024523225,99.99564032697548,6.6578021614299665,LOW
1001_1328,0,0.0008789412222654729,14.898347510189614,10.109649122807019,7.627258436913241,0.17578824445309005,99.82421175554691,5.546619400744031,LOW
1003_1062,0,0.001990052333376584,14.898347510189614,10.109649122807019,16.64086015484142,0.3980104666753137,99.60198953332468,6.50909068364796,LOW
1007_87,0,0.07683888888888889,14.898347510189614,10.109649122807019,67.17242854409591,15.36777777777778,84.63222222222223,15.678933533126585,LOW
1008_81,0,0.08498434343434344,14.898347510189614,10.109649122807019,61.25097458799762,16.996868686868694,83.0031313131313,15.534788137516756,LOW
1009_1179,0,2.1798365122615804e-05,14.898347510189614,10.109649122807019,13.820759879749184,0.004359673024523225,99.99564032697548,6.118826687884767,LOW
1010_457,0,0.045311209756291486,14.898347510189614,10.109649122807019,25.654414822003567,9.062241951258299,90.9377580487417,9.793109808624493,LOW
1011_1108,0,0.0002717983651226158,14.898347510189614,10.109649122807019,23.070522356101954,0.05435967302451772,99.94564032697548,7.057552935520045,LOW
1014_1107,0,0.0048455357388599895,14.898347510189614,10.109649122807019,25.56843408712981,0.969107147771997,99.030892852228,7.558899664178385,LOW
1016_443,0,0.013623862967187216,14.898347510189614,10.109649122807019,31.441198960981087,2.724772593437441,97.27522740656256,8.628984149121512,LOW
1016_619,0,0.0357825396825397,14.898347510189614,10.109649122807019,58.364319458070405,7.156507936507939,92.84349206349206,12.54002341817483,LOW
1016_1253,0,0.0034884650317892826,14.898347510189614,10.109649122807019,9.282864083910654,0.6976930063578579,99.30230699364215,5.855703774967582,LOW
1016_1530,0,6.220240552665621e-05,14.898347510189614,10.109649122807019,8.601628006480171,0.012440481105335799,99.98755951889467,5.599135722780089,LOW
1020_1076,0,6.220240552665621e-05,14.898347510189614,10.109649122807019,17.129302512571538,0.012440481105335799,99.98755951889467,6.451903173389225,LOW
1025_201,0,0.11667915972915976,14.898347510189614,10.109649122807019,65.75567480871304,23.335831945831952,76.66416805416804,17.7284730558032,LOW
1026_880,0,0.0018324236838742406,14.898347510189614,10.109649122807019,19.53213169874835,0.3664847367748525,99.63351526322515,6.789548262316024,LOW
1026_1098,0,0.007571737315061565,14.898347510189614,10.109649122807019,33.0197635079244,1.514347463012311,98.48565253698769,8.453973692948932,LOW
1026_1319,0,0.0008789412222654729,14.898347510189614,10.109649122807019,9.046267830766192,0.17578824445309005,99.82421175554691,5.688520340129325,LOW
1029_1610,0,0.0028384650317892822,14.898347510189614,10.109649122807019,18.596115160629655,0.5676930063578611,99.43230699364214,6.751278882639482,LOW
1032_360,0,0.011291547186917472,14.898347510189614,10.109649122807019,21.650729115105978,2.258309437383499,97.7416905626165,7.521659796619165,LOW
1034_1025,0,0.014351980938214106,14.898347510189614,10.109649122807019,25.638993249762688,2.870396187642821,97.12960381235717,8.08881006640615,LOW
1036_471,0,0.01793770399678167,14.898347510189614,10.109649122807019,24.861103476970918,3.587540799356337,96.41245920064367,8.208235857348189,LOW
1039_973,0,0.0635066468499711,14.898347510189614,10.109649122807019,54.28648667171978,12.70132936999422,87.29867063000577,13.657066033748496,LOW
1041_497,0,0.021795579454657127,14.898347510189614,10.109649122807019,44.97989218852694,4.359115890931431,95.64088410906857,10.432297878686942,LOW
1043_279,0,0.2600461593961595,14.898347510189614,10.109649122807019,74.76886998178566,52.0092318792319,47.9907681207681,26.514977554795443,MODERATE
1045_181,0,0.1765084138084139,14.898347510189614,10.109649122807019,61.229408558044774,35.30168276168277,64.69831723831723,20.566455405095347,LOW
1045_618,0,0.06163808652141078,14.898347510189614,10.109649122807019,36.0292614154873,12.327617304282157,87.67238269571784,11.728572690054428,LOW
1046_339,0,0.007329459274829562,14.898347510189614,10.109649122807019,16.308279181045858,1.4658918549659172,98.53410814503408,6.769499968048318,LOW
1046_1566,0,2.1798365122615804e-05,14.898347510189614,10.109649122807019,7.965067616419026,0.004359673024523225,99.99564032697548,5.533257461551751,LOW
1050_433,0,0.029317011617265767,14.898347510189614,10.109649122807019,23.11025646441506,5.8634023234531485,94.13659767654686,8.65901307521923,LOW
1050_1505,0,2.1798365122615804e-05,14.898347510189614,10.109649122807019,16.46085411795801,0.004359673024523225,99.99564032697548,6.38283611170565,LOW
1050_1612,0,2.1798365122615804e-05,14.898347510189614,10.109649122807019,12.939473950864572,0.004359673024523225,99.99564032697548,6.030698094996306,LOW
1051_1104,0,0.008216964310288562,14.898347510189614,10.109649122807019,26.520870658787572,1.6433928620577132,98.35660713794229,7.839571892772734,LOW
1052_1614,0,0.002490052333376584,14.898347510189614,10.109649122807019,13.684224060638625,0.4980104666753138,99.50198953332469,6.24092707422768,LOW
1057_120,0,0.01528809523809524,14.898347510189614,10.109649122807019,44.361958014156734,3.0576190476190535,96.94238095238094,10.012592829339017,LOW
1057_918,0,0.004455059548383799,14.898347510189614,10.109649122807019,19.957629976576502,0.8910119096767644,99.10898809032324,6.976343062646865,LOW
1058_278,0,0.3966679653679652,14.898347510189614,10.109649122807019,71.84336703422404,79.33359307359305,20.66640692640695,33.7366265884886,MODERATE
1059_152,0,0.021628471528471527,14.898347510189614,10.109649122807019,52.0878566585055,4.325694305694306,95.6743056943057,11.13390338974459,LOW
1066_289,0,0.0843831390831391,14.898347510189614,10.109649122807019,55.878177092620874,16.87662781662782,83.12337218337218,14.964442148662844,LOW
1068_486,0,0.009220719869797545,14.898347510189614,10.109649122807019,28.882735452779624,1.8441439739595111,98.15585602604048,8.130964927944934,LOW
1068_1321,0,0.0026122024055266566,14.898347510189614,10.109649122807019,16.08697335243133,0.5224404811053351,99.47755951889467,6.487920257375205,LOW
1074_637,0,0.8279510700315069,14.898347510189614,10.109649122807019,68.0823795594133,34.40978599369862,65.59021400630138,57.08109859750231,HIGH
1077_1335,0,0.00024325955233722764,14.898347510189614,10.109649122807019,24.404669469376714,0.048651910467445436,99.95134808953256,7.189398012144325,LOW
1078_1103,0,0.26182123432123433,14.898347510189614,10.109649122807019,77.08320789022824,52.364246864246866,47.635753135753134,26.84404046651882,MODERATE
1082_1562,0,0.0005622024055266562,14.898347510189614,10.109649122807019,10.332631249023931,0.11244048110533589,99.88755951889466,5.7997360470344645,LOW
1082_1567,0,6.220240552665621e-05,14.898347510189614,10.109649122807019,10.613791552677107,0.012440481105335799,99.98755951889467,5.800352077399783,LOW
1083_787,0,0.019644469172576028,14.898347510189614,10.109649122807019,47.33180508083743,3.9288938345152014,96.07110616548479,10.54917810240353,LOW
1083_1321,0,0.003722202405526656,14.898347510189614,10.109649122807019,23.831241777604866,0.7444404811053351,99.25555951889467,7.323397099892558,LOW
1086_1067,0,0.02396544703805412,14.898347510189614,10.109649122807019,27.722630859158603,4.793089407610829,95.20691059238916,8.825914462836943,LOW
1087_302,0,0.037941820010144255,14.898347510189614,10.109649122807019,42.391992039371495,7.588364002028847,92.41163599797116,11.061551094323189,LOW
1087_1067,0,0.025210685133292214,14.898347510189614,10.109649122807019,27.256795644771316,5.042137026658445,94.95786297334155,8.84781903663631,LOW
1088_1411,0,6.220240552665621e-05,14.898347510189614,10.109649122807019,8.278020581343613,0.012440481105335799,99.98755951889467,5.566774980266433,LOW
1091_321,0,0.5210005361305357,14.898347510189614,10.109649122807019,74.5364426772026,95.79989277389286,4.200107226107136,40.84422554472782,MODERATE
1092_1117,0,0.02453759923092348,14.898347510189614,10.109649122807019,45.42353748791906,4.907519846184694,95.0924801538153,10.627473496320803,LOW
1094_201,0,0.11661690951978877,14.898347510189614,10.109649122807019,48.69231126304836,23.323381903957753,76.67661809604225,16.018712939721325,LOW
1097_795,0,0.06118210678210677,14.898347510189614,10.109649122807019,55.864284395445566,12.236421356421356,87.76357864357864,13.686996102388536,LOW
1100_1252,0,0.11790822510822517,14.898347510189614,10.109649122807019,48.027900638899276,23.581645021645038,76.41835497835496,16.023294234670416,LOW
1101_1475,0,0.001976592885670561,14.898347510189614,10.109649122807019,14.278464668654427,0.39531857713410723,99.6046814228659,6.27211086540543,LOW
1103_337,0,0.05973960526410598,14.898347510189614,10.109649122807019,31.35107755183058,11.947921052821197,88.0520789471788,11.156337834536993,LOW
1104_399,0,0.00834553573885999,14.898347510189614,10.109649122807019,23.96927540299605,1.6691071477719976,98.330892852228,7.59148379576501,LOW
1107_88,0,0.007329792593116844,14.898347510189614,10.109649122807019,33.27068913489957,1.465958518623367,98.53404148137663,8.465759295939488,LOW
1107_435,0,0.003610107795804928,14.898347510189614,10.109649122807019,33.05374526481983,0.7220215591609902,99.27797844083901,8.23948224507936,LOW
1107_500,0,0.053583327187177746,14.898347510189614,10.109649122807019,35.63471004400907,10.716665437435546,89.28333456256445,11.246105789523789,LOW
1109_795,0,0.0767780885780886,14.898347510189614,10.109649122807019,59.83988945242078,15.35561771561772,84.64438228438227,14.942335606865058,LOW
1109_1267,0,0.049536877730201975,14.898347510189614,10.109649122807019,37.90721258575544,9.907375546040399,90.0926244539596,11.250801323564758,LOW
1110_199,0,0.629523656735421,14.898347510189614,10.109649122807019,70.60701500357537,74.0952686529158,25.904731347084194,46.420054410633796,MODERATE
1111_515,0,0.024922082875933442,14.898347510189614,10.109649122807019,33.80777032661292,4.98441657518669,95.01558342481331,9.487043380665737,LOW
1111_1100,0,0.010157106535213394,14.898347510189614,10.109649122807019,38.90349626124087,2.03142130704268,97.96857869295732,9.18454227538893,LOW
1121_1124,0,0.017689999015696147,14.898347510189614,10.109649122807019,25.44383827087978,3.5379998031392246,96.46200019686077,8.252885562779372,LOW
1123_788,0,0.015203515962593638,14.898347510189614,10.109649122807019,46.228958306020886,3.0407031925187233,96.95929680748128,10.194640998372844,LOW
1123_1591,0,0.0038192009625252128,14.898347510189614,10.109649122807019,38.5072667700548,0.7638401925050387,99.23615980749496,8.796334519772472,LOW
1124_781,0,0.6940805833836523,14.898347510189614,10.109649122807019,65.70061085332341,61.18388332326954,38.81611667673046,49.48004496126132,MODERATE
1135_1482,0,6.220240552665621e-05,14.898347510189614,10.109649122807019,12.097474310361427,0.012440481105335799,99.98755951889467,5.9487203531682145,LOW
1138_1485,0,6.220240552665621e-05,14.898347510189614,10.109649122807019,12.285631346813092,0.012440481105335799,99.98755951889467,5.967536056813381,LOW
1139_1010,0,0.47269277746408156,14.898347510189614,10.109649122807019,56.24371679611026,94.53855549281631,5.4614445071836855,36.35802622996362,MODERATE
1140_819,0,0.3162812076812078,14.898347510189614,10.109649122807019,68.55848907004929,63.25624153624156,36.74375846375844,28.98686711929947,MODERATE
1146_1185,0,2.1798365122615804e-05,14.898347510189614,10.109649122807019,13.981832714908077,0.004359673024523225,99.99564032697548,6.134933971400657,LOW
1148_459,0,0.015461555336535307,14.898347510189614,10.109649122807019,18.09476997563327,3.092311067307063,96.90768893269293,7.395414330900874,LOW
1151_1077,0,7.659288567056101e-05,14.898347510189614,10.109649122807019,18.841101470508477,0.015318577134115774,99.98468142286589,6.623874545590834,LOW
1152_1100,0,0.0230549152482395,14.898347510189614,10.109649122807019,43.01114663163829,4.610983049647899,95.3890169503521,10.304686791645107,LOW
1162_368,0,0.03169556317929761,14.898347510189614,10.109649122807019,27.301738788154072,6.339112635859523,93.66088736414048,9.208981643504881,LOW
1163_290,0,6.220240552665621e-05,14.898347510189614,10.109649122807019,11.316065527915633,0.012440481105335799,99.98755951889467,5.870579474923635,LOW
1165_587,0,0.0032551316984559485,14.898347510189614,10.109649122807019,10.707450961788211,0.6510263396911853,99.34897366030881,5.985329129422004,LOW
1166_1096,0,0.05570993475123908,14.898347510189614,10.109649122807019,51.18063776559062,11.141986950247817,88.85801304975219,12.917661977705317,LOW
1166_1256,0,0.020294444444444445,14.898347510189614,10.109649122807019,40.49241585152005,4.058888888888889,95.94111111111111,9.900987819424556,LOW
1167_1345,0,0.0018891254824497331,14.898347510189614,10.109649122807019,25.080542506338986,0.37782509648994766,99.62217490351006,7.3475079419967395,LOW
1167_1471,0,2.1798365122615804e-05,14.898347510189614,10.109649122807019,20.839743582714824,0.004359673024523225,99.99564032697548,6.820725058181331,LOW
1169_1408,0,0.0014724588157830664,14.898347510189614,10.109649122807019,26.96430008699781,0.2944917631566124,99.70550823684339,7.512967033395956,LOW
1170_1438,0,0.13063492063492066,14.898347510189614,10.109649122807019,39.8285685643814,26.126984126984134,73.87301587301587,15.903329281186883,LOW
1172_572,0,2.1798365122615804e-05,14.898347510189614,10.109649122807019,9.92396011497407,0.004359673024523225,99.99564032697548,5.729146711407256,LOW
1177_1024,0,0.12958398268398275,14.898347510189614,10.109649122807019,50.93404626468152,25.91679653679655,74.08320346320345,16.956075463915308,LOW
1180_41,0,0.008671928235252485,14.898347510189614,10.109649122807019,31.887983246791556,1.734385647050496,98.2656143529495,8.401306167446148,LOW
1181_470,0,0.006721830980908656,14.898347510189614,10.109649122807019,15.893703297332934,1.3443661961817344,98.65563380381826,6.694622823511375,LOW
1182_108,0,0.025556682409673126,14.898347510189614,10.109649122807019,50.57733256349166,5.111336481934625,94.88866351806537,11.198902578709294,LOW
1192_259,0,0.032080919244243486,14.898347510189614,10.109649122807019,10.875819803359517,6.4161838488487,93.5838161511513,7.58758432859745,LOW
1193_167,0,0.024426627367299895,14.898347510189614,10.109649122807019,41.76185508829971,4.885325473459979,95.11467452654003,10.25520180385957,LOW
1196_88,0,0.046346825396825386,14.898347510189614,10.109649122807019,55.420825391233166,9.269365079365077,90.73063492063493,12.82670972577682,LOW
1200_189,0,0.021253220922242324,14.898347510189614,10.109649122807019,24.73094410413991,4.2506441844484595,95.74935581555154,8.377573350965424,LOW
